wavelength_nm,m11,m12,m13,m14,m21,m22,m23,m24,m31,m32,m33,m34,m41,m42,m43,m44,M00_transmission
400.24814,1.0,0.043162092445592756,0.07090739765602229,0.024982544567552858,-0.008717168243179117,0.06018358493087285,0.6796785830430964,-0.7239441703146791,0.016484771029358105,0.6597865204797619,0.6331445866213131,0.6392610807865088,0.057313907207987,0.8001208402759437,-0.6818929448661332,-0.520501958585976,0.7579192962905371
400.74606,1.0,-0.0003356970530824297,0.08266403706352846,0.021904636746813484,0.037687659010524774,-0.012832763863875381,0.6498596925575673,-0.7643537522408065,0.0373995501876539,0.5550422756114652,0.7978850448121765,0.5655909498689542,-0.00570123076417236,0.8037987343567901,-0.5328732728042225,-0.5341328480449297,0.7513317770245813
401.2439,1.0,-0.03612713666404483,0.09248790392308077,0.02636092872354019,0.039086773952739816,0.024188324768444108,0.7747267060280767,-0.683120322126218,0.002785410235720155,0.5980279409211532,0.6905706400239383,0.5786704552056107,0.06116325459863098,0.7471808167652648,-0.5500155955959937,-0.5229798737183069,0.7604428539306529
401.74161,1.0,0.0010106409316943954,0.030164422878929863,0.016371512155390223,-0.028002264762259997,-0.018035475872248286,0.7519913316102109,-0.7153160501441472,0.003948475180176744,0.6691588839283154,0.6341514505390352,0.477282111747237,0.010267717993671282,0.8379657461146789,-0.575806420130156,-0.5106994830653343,0.7799545421208292
402.23923,1.0,-0.02436471200191125,-0.003459364297435201,0.020635264065248817,0.019204615887977117,-0.008640353872039042,0.6119214524123473,-0.6737614439425138,0.0934769557179507,0.7576355228224464,0.6486752795983579,0.4427285441213271,0.0033254654470955595,0.9759932831097028,-0.6362259037773322,-0.3980613026481911,0.7830200244317095
402.73676,1.0,-0.02885732562155415,0.028817456766792864,-0.010249990629196896,-0.01847539697338275,0.049398632448847436,0.679208908322381,-0.7388556096130869,0.07349120621566789,0.7467518944367014,0.6722325992717476,0.49026152407292806,0.010502556918605995,0.9152334046833409,-0.7062299275758969,-0.4553264458042709,0.7558286023542024
403.23416,1.0,-0.018209375892976165,0.007629934562347575,0.0014435426307741273,-0.09469294679938856,0.17452001659381194,0.6082639436397228,-0.7389636131779346,0.01586367313423339,0.7236518746603575,0.7050447326379072,0.5323917344285906,0.02307057141405131,0.9377419303190101,-0.4521182062739356,-0.3569159207670137,0.775062170037554
403.73148,1.0,0.0015181789773513934,0.024737412359504014,-0.05747421099230753,-0.07324243245558698,0.07241900410498922,0.6435393264722262,-0.9245133326526471,0.045559717856887186,0.8185441192436987,0.47776705995110125,0.636522910274904,0.0011007823113352538,0.8704794456595879,-0.4702624770576183,-0.21723067059301282,0.7775043755222938
404.22867,1.0,-0.03497665853529207,0.0016267932769659654,0.05084681050586292,0.009633840383187054,0.005313697025523942,0.7659357866660268,-0.887147687878954,-0.019958682180053255,0.7156070615991671,0.4979318488647507,0.47997495393571754,0.011120575732658481,0.8099453385312688,-0.45321052481740676,-0.2423151103806746,0.7780213239524723
404.72577,1.0,-0.019480686968016348,0.011189954269730115,0.0683161634912526,-0.005071218085775699,0.08728193828442832,0.7110034957827656,-0.8269660727432527,-0.04065599943198329,0.7943163721966148,0.4371846002358891,0.4491073297291871,0.02739366832439052,0.8431526472478806,-0.4518495894754671,-0.22574419204576596,0.768638158623828
405.22278,1.0,-0.02450467163009022,0.017208389867276318,0.04456151368854378,-0.0213423278310381,0.07574882940921249,0.7098497638197445,-0.9103230520743854,0.0030952375374106735,0.8087272079087606,0.4133984984709876,0.5703979018909355,0.033184576007153986,0.7453788695819205,-0.3957290571538101,-0.30517150618018934,0.7698984283201756
405.71967,1.0,-0.007586315319248922,0.050343955438594275,0.014350846094732887,-0.0037113531665403264,0.05741783819918716,0.7315866442214508,-0.8035435999611055,0.010357440273495085,0.7442036553773956,0.5664626507565891,0.4455020480622794,-0.012882922486605481,0.7159509087559508,-0.40576255900644886,-0.48120633363867144,0.7759603300489373
406.21643,1.0,-0.0393087411688837,0.028165053065659473,-0.021096075324214498,-6.833154403308501e-06,0.05224640483765916,0.7180121564291123,-0.7844217269718572,-0.027738448940342803,0.6952518149527173,0.6439214402345125,0.42959335071483906,-0.04883627907775724,0.7947772330172626,-0.46924622442349867,-0.3699913977692909,0.777203213192211
406.71313,1.0,-0.021356585009135773,-0.01095324707979804,0.013107195654569762,-0.05254832015500277,0.08792203541947292,0.7615720687472807,-0.7180083658893766,-0.00979270811704629,0.6329892719685684,0.6490248015170971,0.45439755308024127,0.028747624038926452,0.7423668484026688,-0.610780528184348,-0.405648244013417,0.7912476052694516
407.20972,1.0,0.0032620468316168928,-0.02915723373328462,0.013209726827840758,-0.05112515654762435,0.05576279892149437,0.6873791122319973,-0.6966028972789171,0.018584859940399302,0.6878495290698421,0.5910603696093323,0.5150278665014799,0.06802124087920446,0.6870535212600725,-0.625457689778501,-0.4631228857561131,0.7848530549200534
407.70618,1.0,-0.006930824348551158,-0.044860909257009834,0.06510431350178628,-0.0464426454019542,0.02393991257927627,0.7743683101209609,-0.784599721754094,-0.04061969011539728,0.772495974910228,0.6829343199336401,0.5315199510881057,0.057149979759676284,0.8114646136592355,-0.5546238319788882,-0.4585068070474528,0.8021934968015161
408.20255,1.0,-0.01222790143441485,0.0029774826272150026,0.046878951546746914,-0.016251569219076185,0.022143510802877863,0.6799196253141077,-0.6471096640328772,-0.020508002987081296,0.7854126540369891,0.6882139212011946,0.5815382687873926,0.032348234406307956,0.8220315422630268,-0.36244293476220146,-0.5119234869015454,0.7776603035168036
408.69882,1.0,0.005576164495836134,-0.006652819290561042,0.005975290915142503,-0.00872947832945247,0.04509635170186298,0.7137160297043145,-0.6960596429047989,-0.0029010069551208524,0.698462264958384,0.6507174519556496,0.5020848741510738,0.005426161537473163,0.8313471149907319,-0.43046164588776925,-0.4144902033299488,0.7846074398503301
409.19498,1.0,-0.025316881228567432,0.03110484475373566,-0.026318313650232704,-0.045674390002044166,0.0675190891879906,0.7233904028190103,-0.680734321807646,-0.0010384097846313307,0.6168738944033072,0.622049620087896,0.5523455367578839,0.04088307331657049,0.7970933922012493,-0.43585882754085636,-0.4368778712715821,0.7902821676329422
409.69104,1.0,-0.004330017193087062,0.018017098674333654,-0.016660283702391847,0.009249953257849951,0.017643518360299384,0.7409814842762424,-0.6826783163591504,-0.033473313598204144,0.5893231905336144,0.6526890071573149,0.526393819057778,0.022611059005979612,0.8243903944661066,-0.44211465082894025,-0.41944605374268273,0.7911649662974511
410.18698,1.0,-0.014209237439601183,-0.015219477591017397,-2.3665749014233914e-05,0.028199527514505805,-0.08270700778271681,0.7802629140780619,-0.7411758380005928,0.019919169499038054,0.6599060202046317,0.6556389251724554,0.46745555480961315,-0.016210405049959912,0.8782372657482246,-0.4595650953073584,-0.39462611300318223,0.8018446856980088
410.68283,1.0,-0.027856935340502206,-0.0015094020745087399,-0.00794542736855635,-0.009523768834230732,-0.03229885221885595,0.7179096050400103,-0.7189737314051089,0.049001709412373015,0.6775953750897084,0.5987713831388952,0.5147858195024296,-0.005412610709639038,0.7860776745659874,-0.5264084744156897,-0.4061877329366749,0.8103633575687197
411.17859,1.0,-0.02575766742648725,-0.0011098835214678963,0.008881855613038135,0.008056092272579547,-0.0230232618242989,0.6383863733154727,-0.8122319289253089,0.0279416767273614,0.7355015358226731,0.5914047765777544,0.48096684322834754,0.0003705950289373309,0.8071340039909969,-0.4876200539544011,-0.5187900535451687,0.8005527728031318
411.67422,1.0,-0.015497973968953116,0.05115018151460092,0.042694281712087875,-0.006609917040682953,0.014244601599160783,0.7271191574220389,-0.8061988676191335,-0.004640471639864358,0.6744471346620479,0.5654578558620803,0.4061683615274043,0.010273313954312665,0.818631779763451,-0.5423458417640008,-0.3880205738660245,0.8150421265109477
412.16977,1.0,0.015530289563534696,0.017204967908619005,0.015999233759314026,-0.0008251100229821656,-0.0607258856143912,0.7595688333168312,-0.7188882400911253,0.009642592351533507,0.5999880010574201,0.6174371480040427,0.4154175735844933,-0.0017431608757704168,0.8502653504359697,-0.5583555898236177,-0.4316298491225371,0.8198223923783062
412.66519,1.0,0.006295627771275173,0.031064669919047234,0.012938551740300381,0.01555260196434949,-0.04157268623701421,0.667025193331601,-0.7063089746209082,-0.00392559617014129,0.6244167518964806,0.5822937186283995,0.437370210320435,-0.0012833645565628166,0.7820702059384318,-0.5212636423213826,-0.4882006718597946,0.812014667909166
413.16052,1.0,0.000543428426508133,0.012080524300118495,-0.002571907018265054,0.00399854050857069,-0.06115031316501837,0.6545380196043841,-0.7391155455587681,-0.028496059709539338,0.705745119849248,0.6114925029484399,0.5290859032620915,0.02387668104281423,0.8254534609037882,-0.5041576252559331,-0.4137936933644724,0.8108828507138002
413.65573,1.0,0.002296490868016271,0.017792069350425935,-0.016303058152494533,0.0015182526022630442,-0.013431109008241066,0.7356358259847441,-0.750637150341475,-0.002971471074591007,0.62023546884925,0.6558846329283068,0.4947496240526478,0.002101655115716742,0.8861796500284503,-0.5473252512123283,-0.3210800294204379,0.8040211076084558
414.15088,1.0,0.00492798027337604,0.034260780480312496,0.02536175934447366,0.013455617047190687,0.028052277531661174,0.6935119814302148,-0.7750792896065378,-0.02229421719627706,0.6553417579741319,0.6769965758109854,0.5624273260957001,0.0024976327248856446,0.8973462388024384,-0.5600814605645468,-0.4116814136648623,0.7954693393537077
414.64587,1.0,0.0033706588650113025,0.012838965393344351,0.023456458579217476,-0.015516221247878338,0.011457037814180502,0.714159715386394,-0.758662307850191,-0.0039809197872521795,0.6645325632436646,0.6427332603854506,0.486467900340596,-0.01158853556651107,0.8755506090197088,-0.5294502070669469,-0.32938808699201705,0.8039289103486095
415.14078,1.0,-0.012580352955432328,0.009646703392286378,0.02573236556460415,0.003734845474509865,0.03729643940088958,0.6156256546079479,-0.7778719963163148,0.007223097919992492,0.7013952739193702,0.623118008893131,0.5389913773883074,-0.006389546192426366,0.7753036894064249,-0.4998223003919603,-0.31531501614032875,0.804192403701818
415.63559,1.0,-0.026169711021737062,-0.01914150086793085,0.017542375277884638,0.0170814334890834,0.01954048228040039,0.5857647378483165,-0.8473506935970606,0.02230065334162926,0.6857153905828152,0.6624682903697379,0.4874903208129691,0.013152031638593019,0.8222452813816262,-0.5268669206257224,-0.3694390163423691,0.8214066288502545
416.13031,1.0,-0.011066918602725703,0.008652664889510695,0.00028528627153942896,0.03521136286786229,-0.031043403872960246,0.5615947354622058,-0.853967389287433,0.021886909498208575,0.7296622274319422,0.6663759254923065,0.5093836593992697,-0.010868841667730382,0.9370385651296227,-0.5664244043937012,-0.392618996391742,0.814681001282344
416.62491,1.0,-0.01829586839207359,0.039894810228020036,-0.0053755705108344005,0.009839299030432784,0.024993041449444284,0.6511249159473361,-0.8620457350853498,0.011955683438742358,0.6736345692292368,0.6662539525831481,0.5362195971355822,-0.011000282774015623,0.8299139928829271,-0.5463164151725438,-0.3910874567828352,0.8108004120446188
417.11938,1.0,-0.019987447219588648,0.03882597079755411,0.00041541912202046517,-0.010412752806500543,0.020512672767449294,0.7147002833632194,-0.8522145931551522,0.010654444685263373,0.6358419246446082,0.6452968175322923,0.5113361834038727,0.01571741046983085,0.774272335517337,-0.627284314288913,-0.49501256628131163,0.8238356561668237
417.6138,1.0,-0.00834434612180457,-0.01815568116783224,-0.0044561926068385,-0.013059683615888556,0.010847336193938547,0.6847756692482191,-0.8965196965495281,0.015418717018652443,0.6629579054876471,0.6763561097228553,0.5703967387995187,-0.005333284241068065,0.803093130311237,-0.5573917742213824,-0.5622642647300204,0.8265380030100988
418.10806,1.0,-0.0348801031223593,-0.013588040068628446,-0.0035436951207687404,-0.016799409297126283,0.0782046099621602,0.646683447442206,-0.9004304768304863,0.018680686861837253,0.6964148605507329,0.6938278022152465,0.566369812502145,0.016113892928302113,0.8444944681875954,-0.5288794433174675,-0.4786887394587126,0.820983256680336
418.60226,1.0,0.0003245879772377153,0.015073207754510806,0.017549734853452337,-0.008254708137183125,0.07045156737646513,0.628326272346873,-0.8546103491029692,0.011275091871779967,0.6777401582410795,0.6288569274188504,0.48679131476296705,0.01707431460885492,0.8040343971707863,-0.5466018763941702,-0.4228836469419867,0.8238248464193072
419.09634,1.0,0.005210650237230815,0.0039165823508840346,0.01647723375149671,-0.00823878653387974,-0.006934993627791318,0.6580238828234605,-0.8242733857174762,0.010063506953402494,0.7242183252101047,0.557714956706144,0.49472580048516945,0.022214331961844472,0.7349458835264285,-0.5197863330369104,-0.3793195843881649,0.8374879697986225
419.5903,1.0,-0.005888713312724333,-0.0006632906974438086,0.009146919565176341,-0.01488771268738833,0.02528323726643984,0.6656566925379078,-0.7929629385936292,-0.015469014563799425,0.7487472109548602,0.5640607127024025,0.4891915373297675,0.016804586811696668,0.7242269217123525,-0.4630938808150914,-0.44423317402964785,0.8385486312217751
420.0842,1.0,-0.007352053621172649,0.010789056961905233,0.006333542216788105,0.00019760807230184357,0.011062610933122323,0.629393956949952,-0.7826352788394658,-0.008094022332565962,0.7183763545636438,0.6284855565425149,0.5259940606772576,0.006323733706271937,0.7956594678971359,-0.46596265293303724,-0.4376964013704831,0.8300804122480053
420.57794,1.0,0.0010994049887047357,0.019245864876935647,0.0075430165193378996,0.005867927858848365,0.07811070058883822,0.668390814120245,-0.8030156050258672,-0.004000540980912308,0.6756041644242616,0.6213469307309505,0.5104146851839179,-0.007777993367511609,0.7988652319011036,-0.5032119815840576,-0.410365497778873,0.8291166728188293
421.07162,1.0,0.011885181341371604,0.013793429927736457,0.011255018890740785,-0.008002999688466926,0.030329833264028497,0.6578309782596339,-0.8014758278004237,-0.026535567770316404,0.7112905284604765,0.6025951658321159,0.5310598947053654,-0.003196975462109427,0.7506002650452083,-0.49631085365596717,-0.3935267864166702,0.8313914678654174
421.56516,1.0,0.0059261531797096855,0.002427312859720968,0.0021809238694197593,-0.0035661074812855568,0.0007661319908202625,0.6896962495334502,-0.7796585468442767,-0.026975893416881665,0.6816474440070855,0.6221590239715755,0.5262630492285183,0.0036267740078889657,0.7562506722223507,-0.513043825330208,-0.3802054790427122,0.8337141694933913
422.05862,1.0,0.02136792202829076,-0.014730521753312185,-0.015092091375865197,0.002693819785866562,0.03530699498133814,0.6951767422287859,-0.7820550999427146,0.00030434101725100094,0.6781815503527456,0.6644649235093459,0.5683621769085881,-0.015753464103589444,0.8053923599423861,-0.547774991360708,-0.3117190322821956,0.8416484887799903
422.55197,1.0,0.008958103924645624,-0.0006344550720870424,-0.031259376471734934,0.03421642120491558,0.06076604422164356,0.6369531895109609,-0.8095746097718115,-0.0005118340128270333,0.7189318566216669,0.639436715277851,0.595591060721548,-0.02233677013772939,0.806444577676649,-0.5484749293032125,-0.36344991183910097,0.839244172761607
423.04523,1.0,-0.010147144592248176,0.008352262133705584,-0.011847336748721562,0.011534473430798177,0.04589717515337143,0.6831638268149591,-0.8625607439403564,0.0011439106923461298,0.7273168081009712,0.5838051810265747,0.5564334093602323,-0.022120177307901782,0.8224182665607622,-0.5487551600020124,-0.3642887401069881,0.837542533999333
423.53836,1.0,-0.02555525381953646,0.011900788737922094,0.008263688546885452,0.020787443051133003,0.04740315685680669,0.684522440225459,-0.8548290368009525,-0.014651003714968448,0.7194907232401965,0.573741996765825,0.5843101770230598,-0.007023879407196942,0.8265383508093496,-0.5432098588472538,-0.37037582221240717,0.839390972954379
424.0314,1.0,-0.024418297962434322,-0.010816316310942617,0.02141099024547806,0.0029617913421177288,0.06814606983788406,0.6699778470620782,-0.8637119575818332,-0.007684263728819393,0.6380366463475884,0.6511723297075593,0.5809849215553698,-0.0027641069501295463,0.7744707261447101,-0.5170482840472232,-0.39345500406433215,0.840139477202963
424.52432,1.0,-0.013463535654417975,-0.01327735712629818,0.018383173033097996,-0.015557071581711466,0.07385492211779325,0.7056244066500139,-0.7767918858860604,0.020131679208989204,0.6372910346015077,0.6246896635503976,0.4894104380689715,0.002666024279271919,0.7716538127925675,-0.47093722709897423,-0.394660872230568,0.8441377036463168
425.01715,1.0,-0.022258282651277057,-0.0023980881424267636,-0.0005929330414988827,-0.009484522345468122,0.10381567634239924,0.6843030351868842,-0.7751092555544192,0.022778011959326758,0.5955727485337318,0.6414330304174852,0.5419825575155627,0.021076845456361168,0.7887806017225459,-0.49683939427928575,-0.4125265359228924,0.8549128213554666
425.50989,1.0,-0.020166733384866384,0.015667671615530024,-0.005971969729977884,-0.010682733270068722,0.09490497643286794,0.6527264425825251,-0.7910989378776692,-0.007043218906360434,0.6192522005916348,0.6406534710151496,0.5071447033477968,0.013255507687686165,0.7981169518114465,-0.5150529605477959,-0.4445598423641763,0.8533963808641076
426.0025,1.0,-0.016763945587263383,0.014670295791168641,-0.013465618287626668,0.009914269080972964,0.04660868121140979,0.6666042068359054,-0.7779104303838933,-0.024441098748722287,0.6366808318410527,0.6181027280620701,0.5117205377188038,-0.00638856164348275,0.783680234567626,-0.5108088336046409,-0.4138246535194637,0.8554702362355825
426.49503,1.0,-0.020812226787776614,0.019105596067769733,0.010828238157686836,-0.004851113877476912,0.045750823514503214,0.6920191403839977,-0.7898234657290006,0.0056019849044667705,0.6182948066196355,0.6198300189961514,0.5144680660407839,-0.00018956685817619754,0.8117529570926172,-0.5311555516635437,-0.3994501579180349,0.856155401304515
426.98743,1.0,-0.005970880366864961,0.0190690886484802,0.01046751938914101,0.0030938917042550146,0.007567524013330184,0.64678439186636,-0.790397209386529,0.005749567023373309,0.5729041128939367,0.6752660094383477,0.5095692907718995,0.006409362734999015,0.8269099519574539,-0.5160967624038773,-0.43376148792820235,0.8548284636726905
427.47974,1.0,-0.013628247894580326,0.003128899387106751,0.0065082959303476825,-0.010035712812323598,0.07767208973074259,0.6888040070031097,-0.7978877148737475,0.014032842473709941,0.561350720223693,0.6267006960098382,0.5018686853175904,0.018698734668935884,0.7947184394303608,-0.5464815809576997,-0.37006437905628964,0.8646974600614508
427.97195,1.0,-0.0053379533729358795,0.0043729279546801435,-0.0024152601041262894,-0.005019820434834446,0.04542822072710701,0.6887814394034617,-0.8276746408985463,-0.001584286168315388,0.6105383358405393,0.6175763193079414,0.5115289558167877,0.011058243687587127,0.8310072138316742,-0.5476154339779374,-0.3796024335280231,0.8589548703502435
428.46405,1.0,-0.02475482873057509,0.015001871536969707,-0.01135560211173109,-0.007905726569452163,0.034076505592574115,0.6936853741690592,-0.8196865658405624,-0.0034905636481104563,0.653458905014684,0.6393921450960919,0.5737072986505415,0.0006196861449331808,0.8183453049323364,-0.5098452100972307,-0.4299528354882169,0.8563452221804173
428.95605,1.0,-0.016464208589535626,0.0074803029940130545,-0.003727305775343024,-0.018028744996771356,0.06014840455766895,0.6888224035673066,-0.7991377451469127,0.006150594040437462,0.6393529898998371,0.6336480386323178,0.5735031418772853,0.007403870502032045,0.7951903059536507,-0.5125439302640336,-0.43690373432746665,0.8621790744253617
429.44794,1.0,-0.005929980291765821,0.009814050338668516,-0.0029935617672750704,0.005785159486128306,0.06926573598369953,0.7106466656189155,-0.7711037565572467,0.00581207358972247,0.6268504865631581,0.6333458685064528,0.5511174903171274,0.00186433880159271,0.8116429538865427,-0.553452219794795,-0.3911232499085824,0.8571682279028804
429.93973,1.0,-0.00740505469463009,0.011560694828009263,0.004087149747904497,-0.02358046420856937,0.12942460742681822,0.6838862287941408,-0.8020094660184733,0.005377767047388672,0.6010889543617192,0.6242628122812707,0.5323406390706938,0.005981100216900577,0.8274574604354352,-0.5468331779474213,-0.37559095062731657,0.8556616200771063
430.4314,1.0,0.005450327699628401,-0.014434747670721114,0.022888993727995605,-0.01604262994928671,0.08681304413334316,0.6612385179911673,-0.8196960637327566,9.625283606836412e-05,0.6129757433566481,0.6580386670556636,0.5325359986006717,0.007529078857298147,0.7925596838453298,-0.46270628476060915,-0.34846360005056887,0.8632255288053161
430.92297,1.0,-0.0059555943331133215,0.005421754924314816,0.005706798642889406,-0.006840268483995055,0.06375812606370602,0.6160370797942565,-0.8322343528559459,0.00431960459999081,0.602996869724701,0.685433124949962,0.5550294172149027,0.017328560920915462,0.833961839483744,-0.4796207677546351,-0.31542029835127783,0.8588236796042662
431.41446,1.0,-0.012382657075948458,0.0030254601387219343,0.009130634865549924,-0.0032414921087333885,0.09518663946180135,0.6244989024861061,-0.8231199065730246,0.02504639611422749,0.6183621847261893,0.6556216865717385,0.5356516496802953,0.009229633698346269,0.8150181252110579,-0.4949900224375944,-0.3487275994471597,0.8628327030236579
431.90582,1.0,0.0031026921103539822,-0.006386265077081523,0.01915787893844771,0.005229062991664891,0.06278182198905138,0.6724262771129764,-0.7971265646535854,0.004186696156954509,0.6544660538277414,0.6175789404332082,0.4686058487548763,-0.0007292782369516409,0.8057029448171905,-0.4873137780478185,-0.3740890522167165,0.8625824319606618
432.39709,1.0,-0.0019196178026149575,-0.0022687004622608743,0.015424039575961316,-0.0030493969720853976,0.06669447917986895,0.6328319631412106,-0.7683066998816186,0.0014934129960697843,0.6172941811286169,0.6059813234139771,0.4744827075893978,-0.003917629987635494,0.7826885081982125,-0.49033307564591144,-0.3313529412573812,0.8773214305940372
432.88824,1.0,-0.0007715077599491598,0.0021016817620791804,0.010170288640109916,-0.0032426656436796934,0.06678660962632808,0.6656805153194416,-0.7378784487536881,0.007799940200205487,0.6013521289555832,0.60268594054738,0.46122939670723045,-0.0015187446165060771,0.7701734715972879,-0.5219519483333325,-0.39917537594643104,0.8815000593672853
433.3793,1.0,0.0012252649238050962,0.010992591746667479,0.005278627947009271,0.0018945361256130862,0.06588381641896154,0.6418061120737141,-0.7458869816777515,-0.001641273501643261,0.5941783983352432,0.6343916693203566,0.49928226255221625,0.0008305845934320217,0.7816297482737515,-0.5370712373092132,-0.4363357539593544,0.8845317577916796
433.87027,1.0,0.007734014478817277,0.005708353461405936,-0.010428249113264197,-0.004921266003711384,0.0703044297891399,0.6130104332888552,-0.7977522473357296,-0.020788888695143143,0.6461191807709258,0.6543350988196727,0.5281465130237825,0.016033365349084453,0.7771002283787374,-0.49073970267922196,-0.41231081073417175,0.8736799486577262
434.36111,1.0,-0.005094164681156276,0.01621314188284875,-0.01690966469651386,-0.00883497525540357,0.03863610474672085,0.6098290262311248,-0.8200705945853386,-0.010537337569021503,0.6715185244537437,0.62365454585939,0.5353982853552111,0.009840713627556069,0.7988431849361264,-0.4840412123591926,-0.3758463841606418,0.8741917096644622
434.85187,1.0,-0.015111334614268406,0.0019266043841887574,-0.011752735493696818,-0.004085353505391301,0.051673923495165384,0.6072080095194162,-0.7936683379982425,-0.01224488557243672,0.6695887187756219,0.6282707377352881,0.5332770577703231,0.008217094786336558,0.8219125122323822,-0.4910853516947265,-0.3345490840694785,0.8798530021683193
435.3425,1.0,-0.004458852611502469,-0.011594517530845973,-0.0055661567493514134,0.0024725797901987393,0.05901154661003047,0.605991345791465,-0.7767835391399401,-0.013406223340868627,0.6253784190761711,0.6294960861954365,0.5610441849459555,0.012563083164466537,0.8144812957923254,-0.5104345734747328,-0.3442089951429854,0.8836986765567809
435.83304,1.0,-0.019289605424259514,0.005575092836501514,-0.012520602075835413,0.0026001975534464374,0.06577050341168397,0.6123884788855082,-0.772184567877751,-0.014753090276658758,0.6612913296809526,0.617913099699163,0.5534539202460114,0.02067182666666208,0.8217524037318229,-0.46747739325412196,-0.29963010366431775,0.8869043743313799
436.32349,1.0,-0.012683584729851937,-0.0060489101741152875,-0.004918797059579392,0.010712123081285703,0.046462218051266976,0.6416840652029158,-0.8180372265197421,-0.0121792640955256,0.6290619112781424,0.6106163011700988,0.5213674318066339,0.0054097950384662035,0.845161289232967,-0.5288660104581442,-0.35131502203662124,0.883529335399195
436.81381,1.0,-0.002837836646487893,-6.904508718054996e-05,-0.006649631580752438,-0.01332143529138912,0.05807990115424611,0.626039231085515,-0.8099668028083675,-0.01820151228391582,0.6114442493187114,0.6265041775219651,0.4951918996421213,0.002758918107277823,0.826270913849925,-0.5447297010166136,-0.3817557514137055,0.8783442606554783
437.30405,1.0,-0.0044683697504697304,-0.0013318175418204378,0.001092117905169135,0.00152414881545102,0.031895198331377626,0.648221037238168,-0.8112173496149858,-0.007350944020929422,0.6308030006130195,0.6513474824754698,0.47469381949621425,0.0058083566586829855,0.8588085717175452,-0.5466649971261924,-0.39449539053140614,0.8791166580367185
437.79416,1.0,-0.01029080121977148,-0.008639347225047724,-0.00628581536878786,0.0037272628160832173,0.031887509956815704,0.6516585835054696,-0.7943079303911981,-0.005293243791383039,0.643167776514125,0.6658609809390521,0.47937210676306696,0.0074281524765905365,0.8093620042588834,-0.536665849275526,-0.3635162103849926,0.8847479200280327
438.28418,1.0,-0.005387153713049382,0.005383331826143456,-0.004102189010913343,0.002953459574932135,0.04570974172919507,0.6168156781691142,-0.7833753017436312,-0.003102138371607949,0.6703826886879601,0.6428671231705699,0.5355601221395305,0.008544654123194915,0.8206148985021842,-0.5185790249293822,-0.39764886086790374,0.8859234391982059
438.77408,1.0,-0.002402765094553698,0.020812775370383486,-0.0020365067998086147,-0.005941072913728135,0.08393869310051441,0.6333564289036131,-0.7835634510968181,-0.000588853551813178,0.6805549333605566,0.6388083357321108,0.5502909027391442,0.01987505645838116,0.8276592184197586,-0.5067518839602164,-0.3417127284953974,0.8873795366476874
439.26389,1.0,-0.002125591154875574,0.006031090842327809,-0.003177855800519361,0.0007490795048986141,0.07839389375445135,0.6286108083327566,-0.8106179709454783,-0.012123067943014288,0.6380828690260096,0.615517419980112,0.5283449251647553,0.007958461225199522,0.8446641951221567,-0.5354145595986182,-0.3284987590978731,0.8880377893720797
439.7536,1.0,0.006539324200188607,0.0017989823438330967,0.006617286522624419,-0.001351075107283923,0.06684764534039996,0.6528092505049834,-0.8046073566843466,-0.021104031580883982,0.6155132063928885,0.613575346791251,0.48416516390448594,0.01822547687660153,0.8131780946279609,-0.5603309505830778,-0.32813564353363706,0.8865899240679381
440.24319,1.0,-0.01663222688816951,0.010242072736075926,-0.008901293349706003,-0.011817594214466688,0.08211753820221865,0.6163991693210817,-0.796882781989147,-0.024362524706998553,0.6289084316387366,0.6291951454415586,0.5301350585792733,0.010973801854624909,0.7940036501847835,-0.5374799073706299,-0.32260681629296684,0.8858215931452769
440.7327,1.0,-0.006538575725603111,0.0017756120534016676,0.0017111385933319544,-0.004609379399340903,0.07227713444761648,0.6312243355911781,-0.7903725588462184,-0.007872640205726283,0.6459611756690775,0.6213239604733954,0.5226953098675724,0.010358078044793533,0.7873299253728973,-0.5206255418782513,-0.34385219397752903,0.8867547910307909
441.22208,1.0,0.0012172502753291046,0.0016645392538734095,0.007493775671171082,-0.007472453439210728,0.05598528733164036,0.6238380285513379,-0.8178133649811156,-0.002984951615549794,0.6531176418937851,0.6104314774730802,0.5207051042113575,0.018399882967794684,0.8140541973913307,-0.5261864124187035,-0.3385943325595729,0.8964281230233769
441.71136,1.0,0.0016101448895480767,-0.006843723981990365,-0.002448052571146027,-0.003094447538418449,0.060850435594465846,0.6215221593460151,-0.8188811145881114,-0.007421287000628713,0.6391677873173593,0.6160985477683021,0.5502070697262167,0.0284400266578565,0.826837412248462,-0.5394198431260407,-0.28936858308145313,0.8975257453615102
442.20056,1.0,-0.003267814090699497,0.007669030303391527,-0.010155726769797733,-0.0028217103521741924,0.08207172941504587,0.6190889856253394,-0.8119068180252741,-0.01842026854888705,0.6410848028384548,0.6131868009911954,0.5451582781855864,0.027870657570554947,0.8267490089785035,-0.5313357833808938,-0.3090292240251656,0.8962582881364806
442.68964,1.0,-0.0035209750154275195,-0.0054813640479509,-0.01604677728511513,0.009098202541072135,0.06573648966792939,0.633244658294575,-0.8177027199239288,-0.007769195212652917,0.6371212517337126,0.6239077145140991,0.5615658519196045,0.013405204780566778,0.8213086970336594,-0.5369151913089072,-0.33051069072812883,0.8954246353949931
443.17862,1.0,0.0016272199695611714,-0.00873499363960402,-0.003329655840483544,-0.002850379088397598,0.07357322535002654,0.6346630584577116,-0.8273663704891973,-0.006105109339674981,0.6215260761877482,0.636262917524408,0.5724872844119062,0.0033722974863073813,0.8122726265419578,-0.5427525444994415,-0.34893977574598156,0.896245848888803
443.66748,1.0,0.008517518945044784,-0.0010196720072209555,0.016395952127495506,-0.002814938801675149,0.0799958473633398,0.6414823710833609,-0.8003858583829752,-0.009947518499639504,0.6074684251279734,0.6491749577579186,0.5346879863417943,0.009091458932248133,0.8114602240472183,-0.5526437060027696,-0.3459904374643874,0.8977516331532209
444.15625,1.0,-0.005395536227569801,0.000866340048950464,0.00381772424077919,-0.013890596263030486,0.08519186223609514,0.6349869106042467,-0.7895186543485757,-0.0014625363791177172,0.603500214783766,0.6235430716048931,0.5294989908818293,0.006771351586752744,0.8358795018883838,-0.5398028904123152,-0.3138810242032403,0.9011947011196281
444.64493,1.0,-0.00551252351796964,0.005486209919738708,-0.009552086079524328,-0.012066951105367893,0.1006300243605427,0.6312502342950304,-0.7839479813019358,-0.007423728295372137,0.6039068886030402,0.6283447985218595,0.5499586888926058,0.011711452893568938,0.8308767085081924,-0.5145423268640359,-0.3277660097225108,0.8980098675356403
445.13348,1.0,-0.00029068170169207303,0.005303417253689779,0.0036583241303551795,-0.005326631302374698,0.09109778681180197,0.6246290638059345,-0.8083990904332816,-0.01103384303061639,0.6263669618537032,0.6058673263733966,0.553044244517034,0.01451436031304248,0.8073252794504264,-0.5120771642425439,-0.35182832420728233,0.9014323653219688
445.62192,1.0,-0.0026275729593733263,-0.004196916535680521,-0.00026794453384107854,-0.002941988872959389,0.10449766072867776,0.6286229590203255,-0.8102617933543363,-0.008319775767326542,0.61342810139434,0.6124800112799181,0.5650617002706556,0.017486692154731625,0.8048253761859377,-0.5455834134460242,-0.3501749751681389,0.9010965872929526
446.11029,1.0,-0.012551814352194806,-0.003083028436889905,-0.0027767358759697098,0.0022915960007863214,0.09302944464365981,0.6342614480783423,-0.8224372064601546,-0.011048179774371265,0.592598998136897,0.6203539698621698,0.567727845062673,-0.004052132407808447,0.8250637517292925,-0.5377442238307831,-0.3505912596822315,0.9026026943066944
446.59851,1.0,-0.008233209628980876,0.008292482335839428,-0.010051788880549337,0.0018615418815042485,0.09081577078285448,0.6252654039993608,-0.8135732125689142,0.003502007809618997,0.5973627276331669,0.5835058870711383,0.5699834281656984,-0.009712565315875051,0.8121411688351793,-0.5221671001560424,-0.3151013069128363,0.9062041396211404
447.08667,1.0,-0.0036383965499058326,0.0007206960429860553,-0.008902050805699648,0.005584522340384087,0.07510458160256459,0.6296912686433589,-0.7807049984782548,-0.002417764952562872,0.5983294480652762,0.6036166663802626,0.5306273780908422,-0.00803667286686013,0.8501244076390813,-0.5374230527728107,-0.30384707472950034,0.9096822381397963
447.57471,1.0,0.003491961138849301,0.0018238820055819821,0.0029221538815953924,-0.0026806776134906847,0.08350416969192975,0.6379589968886851,-0.7916818548046297,-0.012610010554980275,0.6261001708015332,0.6085270243380021,0.5360626621277387,0.0038180751540193526,0.8304539963941365,-0.5299947538495595,-0.2866429053325932,0.905942821895845
448.06262,1.0,-0.012679844287418793,0.006986329582215339,0.008026490541318454,0.002755219610987803,0.08913674544396748,0.6254038415771701,-0.7968727431844519,-0.013476646528961082,0.6201139697270427,0.6016558698403944,0.5548715292058958,-0.00463506255582498,0.846931453820235,-0.5169509262756357,-0.2776928470028269,0.9087008868894076
448.55048,1.0,-0.007701250529675827,0.00605954509304158,0.0005385510805891472,0.0008141430138885107,0.10227758764716931,0.6375346064337152,-0.7898366714515247,-0.005660568995711995,0.5948473295875515,0.6134532597051292,0.5376226765918151,-3.037687639469302e-05,0.8196165924970633,-0.5305228095372612,-0.2794210809227617,0.9145174633931741
449.03818,1.0,7.937262524248865e-05,0.011066017110459778,0.0006690942524004842,0.00247567082315866,0.10254039860320739,0.6351636530515629,-0.7998717319374744,-0.0154993307788891,0.5786327059484329,0.6265644822726891,0.5441680414169306,-0.0020624540286045983,0.8104279327491952,-0.5315346967444103,-0.3162300987442098,0.9085006823414564
449.52582,1.0,0.0020539342492366984,0.015684060760503264,-0.0009680928382499529,0.0001259598098040356,0.0877367917553608,0.6341790057375324,-0.807619005684095,-0.009829080202354684,0.5908698223733221,0.6018621003883342,0.5567780227052188,-0.00040652758939182376,0.8312438712443088,-0.5074863672351133,-0.2996619499484214,0.9047144526394879
450.01334,1.0,-0.008256280752187085,0.013628065425202169,-0.016049761016663694,-0.013223065789753578,0.09136221185417956,0.6264863569402843,-0.8074297199613836,-0.003777619157158432,0.5840349529149077,0.6095732834884642,0.5679749822148675,0.0021270225870758876,0.8352800179636517,-0.5144432758498308,-0.3074582485538465,0.9064064416360275
450.50073,1.0,-0.0010036455776920568,0.013115335628603685,-0.012857110619972814,-0.00598308480129413,0.09627195312801222,0.6181346822001291,-0.813659178407877,-0.002373275614855128,0.6047831228984015,0.6196238212465273,0.5692715450374312,0.001802571682050031,0.8419866065793532,-0.5212776512797517,-0.2619392293388356,0.9092643534420898
450.98807,1.0,0.00020515800096272902,-0.008809037006558452,-0.011114927559232789,-0.0048250080088218785,0.09532088925995291,0.6254267547903654,-0.7938836319508512,-0.006441924467673542,0.5889829311698712,0.6374743709525795,0.5708117214422691,-1.2881706257262763e-05,0.8265550172332137,-0.5116850227138908,-0.299561580399819,0.91179363140036
451.47525,1.0,-0.00580955548090536,0.0014995610820470208,-0.007207774136850867,-0.013632053150743543,0.08471648521605166,0.6062154165655942,-0.7859718230477437,0.0009216693152977228,0.6010963537730769,0.6287347723530743,0.5622987487389064,0.004462661924005561,0.8345828683949175,-0.5014205994666718,-0.32727629281883197,0.9142268717596664
451.96237,1.0,-0.005455240207540928,0.002847051714201189,-0.002828394195610601,-0.004972137355944359,0.08984993229261252,0.6416959970307051,-0.8016992209848047,0.003427694697151748,0.5880808059491293,0.626010792660177,0.5524404921355874,0.010464204328721777,0.8404964149081842,-0.5147234663578407,-0.31319573931327777,0.9126964397676435
452.44934,1.0,0.006493790858699888,-0.0002697238345508973,-0.0008368846589912628,0.0014355281066440685,0.10259100097637758,0.6464601863272994,-0.8312112282009608,0.004450858799340673,0.5735728388387819,0.6355358969094729,0.5437425496617506,0.0033650536701610102,0.84896009050013,-0.5221850641785425,-0.2743282547918403,0.9167065332133325
452.93625,1.0,0.011382363638052676,-0.0016402276261934488,-0.002281711912648214,0.00911882215571452,0.08619598026322978,0.6196664202196296,-0.840702570448763,0.0026277072816109064,0.5712241843112628,0.6611811891080127,0.5410016381474491,-0.0006744947915352969,0.8416129674633496,-0.5204964058314774,-0.28036516055678057,0.9105836931889336
453.42303,1.0,0.004648108295532975,0.0042819361136521425,-0.004539486228824543,-0.0026519072891223678,0.09896683965432848,0.6080748306251765,-0.8092343474449368,0.007792142571589561,0.5719271911111365,0.6378311332905048,0.5168153304445755,0.007826387958455649,0.8206206878555828,-0.5180156599658425,-0.27984072812384064,0.9175381031727858
453.90973,1.0,-0.004656908109357121,0.0030058137803943086,0.003057676147471508,-0.008317233782865798,0.10482397708720252,0.606465845027099,-0.8087769330849504,0.00852666929550492,0.5681168991455418,0.6323171409160006,0.5162077623730555,0.005349599433646977,0.8256507874053283,-0.5142974856094387,-0.2861901349716941,0.9154420271437527
454.3963,1.0,-0.0024262615097675124,0.00896255486036497,0.0020107978989626954,-0.018472509782065445,0.11500265873876123,0.6093432235514502,-0.8137476061346749,0.005067037969862923,0.5468045772454758,0.6405715385750698,0.5099958245771922,0.008318568080723822,0.8470462390275952,-0.52487898963164,-0.27146447179219674,0.9172183913410944
454.88278,1.0,-0.007787576065025274,0.012334940657931186,0.0003784556253395545,-0.014078572380584286,0.10160373906818847,0.5962730977995668,-0.8061801783243109,-0.001241306556951984,0.5526556046018651,0.6429469983440603,0.5298524110015854,0.003596635327540192,0.8423727035072371,-0.5343365550140117,-0.2799317772978787,0.9201815755334862
455.36914,1.0,-0.006236579550992458,0.014208757339628994,-0.002398311033366132,-0.014874356775324686,0.08946861974273086,0.6035136920070618,-0.8093213887851508,-0.0012960339368513255,0.5717371240821509,0.6581484036025302,0.5295881141693113,0.004182960898617499,0.8341743693560454,-0.5400841492283909,-0.2959249097289071,0.9241566342947637
455.85541,1.0,-0.0011857348813224134,0.004478642585968661,-0.006296007392916328,-0.0038150558508936137,0.09417075199257736,0.5980785086249496,-0.8025873948473533,-0.00508709534664545,0.5770109651405153,0.6623192914391661,0.5270655733214396,0.0023010401627448396,0.8221052684227641,-0.5141025471751043,-0.28871153018590257,0.9267052516356526
456.34158,1.0,-0.003466068123023897,-0.005738122380205923,0.00534124977703089,-0.0012064309187544665,0.1015957639042547,0.6029390241850697,-0.8159894442370939,-0.002475958626239044,0.5617508608624869,0.6503961326150786,0.521986558483825,0.005697637457809249,0.8287249973207225,-0.5060295160708257,-0.28021778604533304,0.922312527205706
456.82764,1.0,-0.003500848242417,-0.004666565680705167,0.0005469787446472556,-0.004145595606380899,0.08201828389286979,0.5779838417618532,-0.8140651677661003,-0.0027827433875561147,0.5682096799989204,0.6443491647676419,0.5342287787689748,0.0014691134336293399,0.827969006100027,-0.5121080588344444,-0.2811079907191751,0.9266319807353222
457.3136,1.0,-0.007961488950102085,0.003750108660340096,-0.00564724156442868,-0.0075949389057745325,0.08585616179797188,0.5957865386034014,-0.8223443707313802,-0.002098176910764113,0.560936370428097,0.6387246535906973,0.5330242333275081,0.0031569493312672255,0.8415313217206801,-0.5363151448834537,-0.2803478922788132,0.9243215421443562
457.79944,1.0,-0.0028215993796574857,0.006785108771346033,0.004109815131028982,-0.006678012128127265,0.09639740404687684,0.6057050494451997,-0.8191085715396398,0.002636796500779755,0.5639715617054033,0.6423739938751429,0.5241995478651871,0.008851810205367365,0.8426452110582111,-0.5367785075449729,-0.2502013220289206,0.9223003245616406
458.28519,1.0,0.0010050648493313897,0.0053883110491752895,0.007460021932846763,0.001009315667415933,0.10290493788979459,0.5918341131127073,-0.821245473220131,0.004780693199712736,0.5620234623824917,0.6553045221218109,0.517431341818474,0.0013930662299636552,0.8572748877835223,-0.525453191115691,-0.24773765722227023,0.9201170855526846
458.77084,1.0,0.006510191592211851,0.010064245447763992,0.008484358021454705,0.008663259443102133,0.09340852497248782,0.5841192508379147,-0.8210177773107705,0.0014449470858243908,0.5787722533991954,0.6514214925588374,0.5147451326075748,0.011891609032045697,0.8402719991182228,-0.5244441761774782,-0.264651209060353,0.9241428933592897
459.25638,1.0,-0.0009497415145367205,-0.00028784209980236344,0.0023285890980292846,-0.0066707756426282,0.12179039212173604,0.592789136925666,-0.8355748419313604,-0.0044240404239096745,0.5827005960763605,0.6434864569606497,0.5246263481129363,0.006826764609330771,0.8310664676063141,-0.5221876412698562,-0.2510261917585499,0.9263145543548413
459.74179,1.0,0.00040045329597236494,-0.0015880432787498773,0.002026839917564827,-0.011807715299139302,0.1239843315774305,0.583223305849824,-0.8373516418448094,0.0004301212626767485,0.5771143414089552,0.6517760553188182,0.5260008100862769,0.0013706636238963337,0.8226971886908833,-0.5166833788275449,-0.2457101903573111,0.9304951818148353
460.22714,1.0,0.002937237161392636,0.009467872213586203,-0.0009945094670122583,0.003581328748117716,0.1104107226756868,0.5755588917827558,-0.8213846158282565,-0.0034755873439207543,0.581012360205524,0.6525687003303327,0.5116505686064782,-0.0020005176821466276,0.8144731966483207,-0.5114529523907635,-0.2521410344229815,0.9288962274109578
460.71237,1.0,0.001525879481076593,0.002219754136218172,-0.002309145075030915,0.005687602663397621,0.12022933455755623,0.5707746522277182,-0.8212062030167435,0.0006361129915889318,0.5818863231916718,0.6475902465118478,0.5219944519201358,0.00708989707384147,0.817919596469558,-0.5155970833665618,-0.2559462657334576,0.9265048889748501
461.19748,1.0,-9.171845680318132e-05,0.00046540532504107815,-0.0010234106500919544,0.002118250725306285,0.11801301703113305,0.6064310019919942,-0.8361114956700507,0.0060122364570831125,0.575568490672247,0.6459710602521935,0.5256693369999766,-0.0031814137526586053,0.8352568415311439,-0.5373359770288927,-0.2572757273200395,0.9240218075257401
461.6825,1.0,0.0029374794897581904,-0.0010034460729002057,-0.004475341148557021,0.00018125700658863016,0.12820670493601116,0.5951354870749211,-0.8263981739203101,0.00508335096690768,0.5921467894450658,0.6466697007187237,0.5295526657388467,0.0007762394519646627,0.826803359784561,-0.5294096600875329,-0.25490787257389824,0.9257317288967658
462.16742,1.0,0.004675075507262191,0.0036637875552522734,-0.005044806776071625,0.004134464270026759,0.11626209752212202,0.5745824271154386,-0.8216272803486089,0.005978973851534352,0.5801410848245088,0.6544148538012339,0.5224339602961305,-0.006607980996901781,0.8456090750470627,-0.5325759293440263,-0.24054754416327795,0.9269438716991915
462.65222,1.0,0.008039640087224709,0.0027464870215641855,-0.004223176944991699,0.00113313719601439,0.12208855593971266,0.5894690259457609,-0.8310683490114462,0.005293369466930623,0.5744055685398503,0.6469006790428057,0.5397850393359911,-0.004262841956053104,0.8403877746473939,-0.5142952091127826,-0.22461200818259067,0.9279003174544044
463.13693,1.0,-0.00760599976549972,0.002746221164519729,-0.00427944005379292,0.003332472101459762,0.1260484164418268,0.5878154435294632,-0.8237427803119615,0.0006808484757254579,0.5617115598592138,0.6372031247561316,0.5328518525441894,0.0005089340623399722,0.8283152665479933,-0.5252978687088937,-0.23762820350704905,0.9303996907792754
463.62152,1.0,-0.009167998395150503,0.007966063438780754,-0.005485524895523911,-0.00029724944544769796,0.14167412201977161,0.5948287914416727,-0.8271970350522045,-0.001078653419817381,0.5683196255301063,0.6256942217323678,0.534903022320669,0.005153409205141229,0.8356514378482308,-0.5366712361448869,-0.2328384275916493,0.9291907265592805
464.10602,1.0,-0.0077384487299523705,0.0010538365829750294,0.0007812784367725752,0.0011917062842507016,0.13518055767518833,0.577272034142476,-0.8338193670744237,0.002396446800827564,0.5781282094697581,0.6364374982493768,0.525353225404262,-0.006614778972315844,0.8252484331014973,-0.5372316038453867,-0.23868315703598497,0.930190104127433
464.59042,1.0,0.0005982619923880024,-0.0013882338671366537,0.005103360552248603,0.004496808036376259,0.12957375349335418,0.583420346719085,-0.8474616905251477,0.001970717393311252,0.5737021721842819,0.638035841540878,0.5263950644789493,-0.011514321079124595,0.81161324035348,-0.5289201155256743,-0.2400123132622755,0.9312345120365928
465.07471,1.0,-0.0033463719128113702,-0.00537009476545235,-0.0024275641698022796,0.002846801813919266,0.14434225939576215,0.5809882879178699,-0.8290717460229072,0.001691003810648781,0.571697511650526,0.6422517644591281,0.5207040415469979,0.003957868971351532,0.8092602051290327,-0.5342102969642737,-0.23115385446253744,0.9361490794441002
465.5589,1.0,-0.007975602150963221,-0.006005527369543227,0.0008389426719610909,0.006547708613064079,0.1433724799156613,0.5781460034817834,-0.8267564213079658,-0.006950609398416743,0.5710646528501622,0.65897146719575,0.5150454431461792,0.001373731059777895,0.8216900627571574,-0.5398061877028169,-0.2442820222387614,0.9359641388728233
466.04297,1.0,-0.00849186098910973,-0.0015430096703870097,-0.0023821334225354344,0.004234307686767458,0.13879987442679184,0.560578127587401,-0.8194877802704843,-0.0033881848443348037,0.5777327942568805,0.6464198294621782,0.5354660177116246,-0.005276819461660209,0.830137432020111,-0.5197487177099173,-0.2572965136551768,0.9410429141799367
466.52695,1.0,-0.007978183858320437,-0.0006598088443329318,-0.00041584613206831927,0.0034184938903872616,0.1443115184987231,0.5614097242654507,-0.8179401314994271,-0.004287281474260482,0.5828263528491461,0.6355538105900391,0.556505474776685,-0.003778801631766988,0.8289661119818161,-0.5189814736091398,-0.24658910961443944,0.9421222058714307
467.01083,1.0,-0.005818715649298879,-0.0013533592030646987,-0.005679780856370558,0.004674557340162438,0.1530920582789769,0.5656623449276094,-0.8111270060788025,-0.0025035870137927,0.5722988317120159,0.6332120482673909,0.5487652154854449,-0.0017140555155543045,0.8196015121466418,-0.5239448787406097,-0.2337958074678801,0.9369318421041329
467.4946,1.0,-0.0017679715067850882,0.0037396299827542954,-0.0015248403540446312,0.004855604096528135,0.14779081849656603,0.5750790384271156,-0.8216093978739272,-0.006542400660707504,0.5785374567175823,0.6375167352419709,0.5331121743014975,0.0011309604302501273,0.8307189386706632,-0.5273572668331237,-0.22764040828785537,0.9345101945328198
467.97824,1.0,0.0007838896140172639,0.003325246056405687,0.0013768413762664836,0.0009361365844400742,0.1569299842143491,0.5700347023995144,-0.814534806235401,-0.00016633824986721614,0.5613550494540595,0.6358982185724891,0.5409574065636827,0.0030434566134804808,0.8193893815456752,-0.5336758521936904,-0.23672687811693108,0.9399468377253414
468.46182,1.0,0.004696689008014642,0.0050135898810632,-0.00019345358798800424,0.0014904786939804221,0.1634997503629027,0.571106339506399,-0.8221495728376153,0.004440650762129142,0.5670935930257744,0.63257336981587,0.549106414178536,0.003531527849867086,0.8231966996688659,-0.5396221938302211,-0.22906629047120253,0.9395901057418437
468.94528,1.0,0.001953778259967866,0.009572317518168139,-0.0011410281376734563,0.0013830828781953657,0.15587673388685952,0.5643028712002424,-0.8248761191285849,0.005502491961624547,0.563530241188699,0.6432758515842112,0.5528761034911936,-0.004009321121076533,0.8392952929281339,-0.540378241313229,-0.24022416580500358,0.9385736251388863
469.42862,1.0,0.0025936452931379626,0.009196584703730663,-0.0006252833563114523,0.0015169989806756556,0.1541514026713731,0.5633420450754668,-0.8216405261400027,0.00587323987443725,0.5600479579365438,0.642848692950925,0.5492235206793845,-0.004678148851810369,0.8478683808568737,-0.5319238624389949,-0.23568969569626377,0.9384078271096499
469.91187,1.0,-0.0008741609629415333,0.004613305307494453,-0.005600134065728406,0.002308171748250289,0.14962192426784168,0.566531181658165,-0.8215091971574177,0.0025429599071972123,0.5461426981570274,0.6351928413183283,0.5317098267683247,-0.0008464391027739818,0.8325158836839772,-0.5404790932218847,-0.2438926875118924,0.9395756158553703
470.39502,1.0,-0.006390674506112861,0.004357199441898473,0.0012508523267867628,0.00677594174824051,0.14985310482971237,0.5724361129488141,-0.8208481528360225,0.0009950210248632556,0.5461980303786319,0.6343279490863335,0.5388173137617133,0.00037487972441689843,0.8306037528057976,-0.5378181135754455,-0.21945963893863457,0.9437298749986346
470.87805,1.0,0.0021180001577926337,0.008058611189060668,0.0003411638620172898,0.008934726784767278,0.15544471671447452,0.5750594247408446,-0.8053467556588488,-0.001968812255646979,0.5592696297381263,0.6253523139115297,0.5350453568893205,0.0007618908009035245,0.8228182751585423,-0.5313520160057483,-0.22378321381055263,0.9437932235292819
471.36099,1.0,0.001784408714466097,0.006618491460266514,0.0003338295356468781,0.002778544623681134,0.15617278908015006,0.5800973655266449,-0.793192945951539,0.00112288873331311,0.563952873720281,0.622570441099449,0.5516862368489737,-0.0010588996330163998,0.8293781976679092,-0.5349503478286358,-0.20798154199615587,0.947447583724466
471.84381,1.0,0.0004955668824173904,0.004506482240860121,-0.005943114588918661,0.00306685303487457,0.15944347869636358,0.5807711991452079,-0.7999616257521054,-0.0014037693274785113,0.5597116530323031,0.6360847129592012,0.5504104374268897,-0.0022647388904421797,0.8275769989774284,-0.5359657519439238,-0.21002752844466419,0.9494044266565271
472.32654,1.0,-0.00427703478698035,0.009867938032635616,-0.006473663036680149,0.005903553142417927,0.16392225772920485,0.5651854337057143,-0.8233453699260067,0.0012563324412167148,0.5405694183597204,0.6355556267536834,0.5538931263276041,-0.002540219324938183,0.8299074447960579,-0.5377204089027507,-0.20386236392402426,0.9487641704889528
472.80917,1.0,-0.005057184546557504,0.008711829937692716,0.0010283930479521252,-0.0032844705293878845,0.1714276619143342,0.5744951541714345,-0.818687653468449,0.0027064374598775595,0.5359318071535771,0.6349619518927458,0.5580479283965946,0.0017756103388880033,0.8355746479310519,-0.5382260369861288,-0.2124584102517012,0.9457217292211237
473.29169,1.0,-0.007915893910124273,0.00029672068452283554,0.0027273226110743143,-0.0026975152626838145,0.17532127103586687,0.5768631623621261,-0.8092559529782526,0.0013481663163291623,0.5415601984721377,0.6293209553238205,0.555641706750298,0.004197319050126275,0.8411102164638835,-0.5262747766488668,-0.18657498453329008,0.9479529010896988
473.77411,1.0,-0.011585030269734778,-9.076829217085279e-05,0.0021058318803814074,-0.003319415156332309,0.18063051291819057,0.5829969008161221,-0.8154522173611951,-0.0025330462268340513,0.5314546213757362,0.6311490220947014,0.5502022720703778,0.0038052425592374236,0.8307994552083707,-0.5274477785842119,-0.19104337983514502,0.9527357429241504
474.25641,1.0,-0.00676679665836817,0.0019629261801454296,-0.0006468044308067265,-0.0035687819750920007,0.173517492324808,0.582727202392418,-0.8159274978729998,-0.001313763158744548,0.5387012079593242,0.6344990437570476,0.5446884330164071,-0.00031809586072170486,0.8400872442323424,-0.5303412918134532,-0.20416539998675787,0.9535994767469733
474.73862,1.0,-0.004007902383402648,0.00561525936482245,-0.003351333121581219,-0.005381735371140404,0.16733315813842836,0.5800242394512809,-0.8113466301166704,0.0017029667963908888,0.5360735049221624,0.6415193111798765,0.5511424007166383,0.0031295042046103035,0.8443384669231572,-0.5269586892492653,-0.19334316601927384,0.9502111508791692
475.2207,1.0,-0.0037440280234289167,0.006889028866859455,0.0009540748100967959,-0.008873021948325984,0.16907459688105314,0.5805784861022534,-0.8108846253336477,0.007332136648850625,0.5340009141696919,0.6386515045744022,0.5439342274652794,0.005998455540869754,0.8384913041791802,-0.5263947327947465,-0.18737703621878601,0.9524978887836716
475.7027,1.0,-0.002768443895376614,0.004171063411462588,0.003007302879392114,-0.004777206313645297,0.1618946815048785,0.5746723850138146,-0.8198685889403096,0.0006936509590332726,0.5218617574684202,0.6451551321584137,0.5473701493190891,0.0034824560125109967,0.8362524266711003,-0.5248545874863884,-0.19631036804461968,0.9518605982849089
476.1846,1.0,-0.0029823121605942263,0.0023541969990817,0.0036436292014483144,0.001023991795340956,0.16055196431934476,0.5673982338118342,-0.8183978242640937,0.004253840945935076,0.5245784051246358,0.6448603578313747,0.5547619660934824,0.008345120089320469,0.8397465555542079,-0.5283717103482799,-0.19982505410555232,0.9494823958790916
476.66638,1.0,-7.273542728773127e-05,0.0021828014161306623,-0.0013768395425789034,-0.0010934739580747764,0.154597713500858,0.562070888291902,-0.8242888933746405,0.002138589809505286,0.5318899933578396,0.6452848431608454,0.5493089334968239,0.010402324736391003,0.8359954279041465,-0.5197931968193991,-0.19737166482395074,0.9517947690648373
477.14807,1.0,-0.0023434518172708984,-0.0010631683105886316,-0.0011194228704388195,0.004269923152598146,0.1561925459066039,0.5635690067475594,-0.8281911676011556,-0.00025605068941480434,0.5292942865417963,0.6560726905238072,0.5488250995158367,0.0024556563881075067,0.845242616173287,-0.5153660967632132,-0.19429104287567517,0.9564418622280878
477.62967,1.0,-0.007218857501175227,0.0019464328089522007,-0.0011090027883619378,0.0019843670808811636,0.16807637053880303,0.564783878934764,-0.8328767922978617,-0.0034674027893057467,0.5279346035425379,0.6532742815455903,0.5499165416744938,0.0009279860781329298,0.838009394203164,-0.5076205407914999,-0.18139971536375563,0.9582423150731216
478.11115,1.0,-0.0032567262616378006,0.003880716125015066,-0.004400779362765445,-0.0011299566441635846,0.17386627903636803,0.5613957905175165,-0.8218840395571424,-0.0028888883974075327,0.5259382794221337,0.649798515078648,0.555692007327627,0.0024582459808852237,0.8418145807759148,-0.514653295808293,-0.1744633752962878,0.9573509182530409
478.5925,1.0,-0.0037037065071167633,-0.0010343769526814795,-0.006043546710150609,0.00011799230168429876,0.16572379783378668,0.5608918305978243,-0.8192110262869001,-0.00246703886337599,0.5246568858371066,0.6489905448022241,0.5531739317295346,0.0021886612950390767,0.8488599811180776,-0.5208224549642069,-0.19225889993580333,0.9542909785481408
479.07376,1.0,-0.009359779328961875,0.004458980191353369,-0.004581699691158392,-0.00066664254677084,0.1656389009919976,0.5536840038550164,-0.8218401228920401,0.0003975940765026668,0.5197675996609832,0.651257612925567,0.5416373762555245,0.0034738215194004647,0.8420157630593468,-0.527916089645621,-0.1843505099655938,0.9560704127914965
479.55493,1.0,-0.006554519755365869,0.009957394386255555,-0.0011845429427056547,0.001722248612933145,0.16847398650437506,0.5495990487676169,-0.8193404139472457,0.002514374130215107,0.5190272231981963,0.654222594015429,0.5401341234578048,0.002991444266782762,0.8450866686134112,-0.5170861615572772,-0.18539741444672278,0.9554110683365834
480.03601,1.0,-0.0040727888437239465,0.004558251585683892,-0.0008617016501202201,-0.00671981451193872,0.1719323435562715,0.5561497123405281,-0.8266113837227492,0.0021334789575030233,0.5189281439443449,0.6530051153155741,0.5373409948491081,0.0036221588128751763,0.8405437237833668,-0.5211427277093427,-0.17727292318777985,0.9568561077996854
480.51697,1.0,-0.003988088650923714,0.0005711236949070402,-0.0025716124292798686,-0.007916053401358291,0.16982696490640883,0.5512482538097648,-0.8254272153838349,0.0017746567891856243,0.5257495497887975,0.6487786062566836,0.5293581702546833,0.0042518351588648655,0.8332781132583036,-0.5117892757686522,-0.18711231510018297,0.9620030421965032
480.9978,1.0,-0.0031704531862656498,0.002923625210171619,-0.005082077132906364,-0.0025313975624243327,0.1671859240624367,0.544651285891018,-0.8231950726208068,0.0024355769989872758,0.5212109649794566,0.656172869831196,0.5390585835315751,0.001953362285106581,0.8313357315635523,-0.5146916366626709,-0.19338191335235988,0.9624336611846459
481.47855,1.0,0.0005116542189605608,0.005287204690427922,-0.003724472217287866,0.0024552581461924584,0.16491998657160045,0.5428774456569019,-0.8295987791781242,-2.5176301588090304e-05,0.5162639821657746,0.6629212016075,0.5464242311045081,0.002702469148754906,0.8350961090363197,-0.5197246819660619,-0.18153945944327587,0.9615043245831743
481.9592,1.0,0.0011955052278529508,0.004049262981917338,-0.001742640596223244,-0.003870240339521083,0.16501363108792338,0.5450912093803878,-0.8403420328323373,-7.855039679904607e-05,0.5260587946025799,0.6630034308224984,0.550723697707984,0.0011689569646457828,0.8378018449740774,-0.518747115915518,-0.16721228851339262,0.9613671559677673
482.43973,1.0,2.215740924684019e-05,0.003489556714711115,-5.586795621092196e-05,-0.002300192336563714,0.1660403262112604,0.5442492207343465,-0.8346014939409178,0.0002806665919667914,0.5225986291144481,0.6577020163129053,0.5373668311828718,-0.0006165020950002667,0.837445663857539,-0.5164533162381844,-0.16839332819267208,0.9647242833576395
482.92017,1.0,-0.001904440742396557,0.0027022266780362667,-0.001780117661101085,-0.0004079771639599096,0.16341876526267637,0.5492236499676065,-0.8412762863566111,0.0021417073621046354,0.52018374928952,0.6561718520339237,0.5397497269945256,0.001335087026228197,0.842721925395274,-0.525369718290612,-0.17596573149052724,0.9604207680182822
483.40051,1.0,-0.0031788650772295204,0.004581526771676745,-0.0020099796454999346,-0.001934763167465859,0.17091098824462472,0.5426624970229332,-0.8337031002303716,-0.0022798414450512653,0.5232824470288308,0.659872786917752,0.5373453071292326,-0.0008529498734977719,0.8536722231261817,-0.5212098171227555,-0.1637346582126426,0.9599024048317457
483.88074,1.0,-0.00525103457501266,0.004816291869498157,-0.004754416854893647,-0.0026630263508956556,0.16970953017020077,0.5351603187667732,-0.8318911952587655,-0.004997387267945862,0.5238989996089917,0.6679518349525989,0.5337904252676369,0.0006122833796103241,0.854102144048163,-0.5222179170810209,-0.1638098704233802,0.9610776999842889
484.36084,1.0,-0.005576975148981397,0.0011908390222362287,-0.0039298290886309335,-0.0012940620044983365,0.16443044752733998,0.5374529502071945,-0.833977990830435,-0.005157621214175019,0.5230362269522039,0.6700246770110341,0.5332191760851221,0.000315822202305962,0.8527683673678221,-0.5260683599930767,-0.16070431903871793,0.9612854543353039
484.84088,1.0,-0.0017353794516330602,0.001274126224322702,-0.0017880821182193383,-0.00018425150780591954,0.16507309616510366,0.5446225204313279,-0.8277477549422583,-0.0009655046904831101,0.5192562733899249,0.6721102585905531,0.5246861806559205,0.001769154169268918,0.8447436879320016,-0.5316291909148987,-0.1614936275504196,0.9578735855503347
485.32077,1.0,-0.002564564030776956,0.001953953490712765,-0.004256787689237763,-0.003046487029423951,0.17598648480249943,0.5371157840560777,-0.8253712249440901,0.00019082362440302824,0.5198407874909844,0.6665271209360334,0.5261496398816178,0.0018125177753099463,0.8347509261314005,-0.5281608984717685,-0.16149235533022455,0.9606220003307996
485.8006,1.0,-0.006357517487941538,0.002573812514229846,-0.005687077648194069,-0.004203325333015512,0.17897511122027124,0.5301397360517807,-0.8275398474757188,0.0007285271709566767,0.5182231014898208,0.662312161074378,0.5281463495961073,-0.002684039111411612,0.8404271675884012,-0.5238248897825105,-0.15900441912730448,0.9664618750499608
486.2803,1.0,-0.005154033589692336,0.005202279693934145,-0.0035890825081581505,-0.0018992487835676115,0.17571912958747518,0.5238950192811901,-0.8352677186049721,0.001918957474619635,0.5119718690076682,0.6611133135285253,0.5318212184441086,-0.002463722075147482,0.8430956741568119,-0.5251608491533414,-0.15347231006958298,0.9696374176899382
486.75989,1.0,-0.00607372616136435,0.0011354309594396152,-0.0008062919601282639,0.0003962198986045748,0.1784967492037524,0.5258461490414088,-0.8333260012859786,0.00454943135435053,0.5127392992471745,0.660377521441739,0.5373432100614558,-0.002088672911351669,0.8379813659184064,-0.5242839158931295,-0.15433504205144102,0.9684982132234503
487.23941,1.0,-0.005483938000653852,0.001514159382759881,-0.0002857189234393683,0.002077528927870057,0.1778495986293473,0.5259668977687565,-0.8343858432141076,0.0037018160403746404,0.5152359472840016,0.66259162438977,0.5403250625338639,0.0006955243747759702,0.8327468551203111,-0.5302189479491791,-0.1604108607595404,0.9632959892410399
487.71878,1.0,-0.0022145403092485236,0.0017440713451510777,0.0027846864914413505,0.002573408529830423,0.17696929354096108,0.5259085277560396,-0.8372598964223983,0.003435735660511812,0.5157375622448211,0.6635296259026806,0.5368043517257601,0.0017609858924660846,0.8340152094311544,-0.5337816315222017,-0.15003128154659387,0.9642197300316071
488.19809,1.0,-0.0010645351986834327,-0.0006188167713560077,0.0019875057874651604,0.003368532522280761,0.1865475645856382,0.5313466857378756,-0.8224374294146911,0.0009652286438788612,0.51633817170805,0.6639652999111515,0.5264086100043832,-0.0011298644186650349,0.8405786453233495,-0.5388219291650842,-0.15191504834969846,0.9677167070633342
488.67728,1.0,-0.0028982733454258306,-0.0013364876283070654,-0.0005428593955990237,-0.0011407438700953478,0.18714014315618913,0.5301502139179644,-0.8217903493891824,0.0003040638262428051,0.5098729963913732,0.6659780603280427,0.5273346505010001,0.001098602269492349,0.8400101060472195,-0.5420531281932306,-0.15277904473554013,0.9674220990302245
489.15634,1.0,-0.005927667675608617,0.003061504662628623,-0.002687988892168382,0.0008280002145356364,0.1922343852201413,0.5327149157156442,-0.8284185441885443,0.0010113283840718123,0.5142845023642896,0.6614473546813247,0.5268986714341192,-0.0011650436266407377,0.8350105663831213,-0.5384838257110995,-0.1478144595534014,0.9654432246490462
489.63531,1.0,-0.0036471355236875613,0.0010100602216886162,-0.00496779078623713,0.0023453635980774266,0.19445490088866776,0.5322010369722124,-0.8384226146336682,-0.0009202620488270547,0.5160624353641131,0.6612300069084323,0.5376892879122346,-0.0016322779892111753,0.8338126489020613,-0.5303276514644065,-0.14466375465354314,0.9681085738082936
490.1142,1.0,-0.004111764013266081,0.0001235714426144927,-0.005906419336308985,0.0016679131440823381,0.19211769813962373,0.527399489696394,-0.8361918366137422,-0.0027466654051771246,0.5184966493997335,0.6604827036540207,0.5436191503317349,0.0003601541136718302,0.8365418855806984,-0.5320100713292132,-0.1435162473881317,0.9706931123137149
490.59296,1.0,-0.004871979652674879,0.0014495001555430167,-0.004855638057692352,0.0004554117789090766,0.19732315716383508,0.5309303498580455,-0.8409348087692353,-0.002912693690137093,0.5167603578732154,0.654354187258569,0.540444727648131,0.0011070729414310646,0.8322336801005461,-0.5394412676496927,-0.14341349944586654,0.9704627842164826
491.07162,1.0,-0.006353239575619693,0.003976014306062139,-0.004039815326196804,0.0006633538433807275,0.20533147442813354,0.5259749223207222,-0.8408319288342402,-0.001970997907535265,0.5226079208975319,0.6586227611309259,0.5411305542190249,0.00036374992722732337,0.8340299156248825,-0.545328275113711,-0.13512725578950002,0.9680044587408086
491.5502,1.0,-0.006881996153228836,0.003238944267535058,-0.001192789486585908,0.0008398715845744963,0.20700016215462982,0.5261650582333663,-0.8370097013487874,-0.0036761894002860294,0.5227867590747657,0.6584789170731289,0.5364307562490249,-0.00022716375639511783,0.8328275063504398,-0.551815533679998,-0.12964076693822757,0.9680271070444093
492.02866,1.0,-0.006223785609727256,0.0026970928392381723,-0.0007021393885013828,-3.708245486648619e-05,0.20744777884173604,0.5188167060016787,-0.8350048154669555,-7.826673279510258e-05,0.5232174873053177,0.6576876447397649,0.5409993464191154,0.0017991232883068293,0.8324124550727664,-0.5428442498350997,-0.13358609102361077,0.9681919205685766
492.50699,1.0,-0.006690655514584925,0.003738304847544874,-0.0019162221026339556,-0.0008339351483056497,0.2074038199955465,0.5194860319430137,-0.8241966295848366,-0.0014256950578004335,0.5239063511600075,0.6599133917086619,0.5370627520708977,0.000373710523084875,0.8343041805114926,-0.5448342115732168,-0.1334620472349539,0.9691761948707218
492.98526,1.0,-0.002574157612665675,0.005831829995495182,-0.0005237475282016894,0.0012887277864062443,0.20406433959418188,0.5219963427849398,-0.8328233776417466,-0.002311547612063571,0.5183187950188706,0.6574838953022552,0.5345906583615223,0.0008078713133960519,0.8322968564534383,-0.5464397589812565,-0.12940441871567612,0.9734589605412933
493.46338,1.0,-0.0037972992456417483,0.002735096501388632,-0.00252955369252591,-0.0014948789786473314,0.20434444749423147,0.52592863075108,-0.8307795936799008,-0.0013383540001968633,0.513589160244014,0.6574888411534988,0.5368886887966351,0.0011172317295892386,0.8311772962101639,-0.5457530022204427,-0.13309147284571446,0.9769451388668378
493.94144,1.0,-0.002599007991936986,0.001520338766508409,0.0006782272151908443,-0.00397747414626951,0.2107760727739228,0.5237877798193888,-0.834337195541406,-0.0005471859161216267,0.5129744786674055,0.6565953200777387,0.5339730766657959,0.003046974216056022,0.8321153990524917,-0.5439533391644549,-0.1270485473247922,0.977177482372711
494.41937,1.0,-0.0021560995069144686,0.0029603248039215516,0.004262426864930386,-0.0002497210087185681,0.2101277458417922,0.5194487243718537,-0.8345455193480136,0.00027866313073063656,0.5119589869936101,0.6556241009425742,0.5392669777371947,0.0004407349566467705,0.837521171266592,-0.5362415250571398,-0.130605157129543,0.9716270523379692
494.89719,1.0,-0.0021179176629225424,-0.0008959781950019157,0.0008977773997841049,0.0012248199908917001,0.2099818487760732,0.5198919090687593,-0.8254999326225059,-0.0030961790552989678,0.5088811208546815,0.6581791268928436,0.5424159571082611,0.0005164398000149168,0.8464175388019213,-0.5373096033924154,-0.1326365918570881,0.9700949879081012
495.37494,1.0,0.00019537617973024963,-0.0017077404448136086,3.1460364365287725e-05,-0.0009096463500816243,0.2131230931700838,0.5237980945056111,-0.8212797904261281,-0.0025971938908765434,0.5138014638141208,0.6557659225968654,0.5515822358029995,0.003498727229696152,0.8365107725121426,-0.5412615490920326,-0.12864071646954603,0.9705902331086932
495.85254,1.0,-0.0021696340653031814,-0.0018019101446001978,0.0013933181550947022,-0.0009295713828828784,0.2195003740179496,0.5239359648500176,-0.8201895663578218,-0.0020646661579474305,0.5146441445065285,0.6557742635165317,0.5519154365956743,0.0016157041762694525,0.8323089174578625,-0.542343991556376,-0.1231501775904832,0.9711971467265986
496.33008,1.0,-0.003650901413855024,0.0008564042545516674,0.0003346701210725742,-0.0013317209351217448,0.22157521847624015,0.5231592285653449,-0.8230814571342696,-0.0016810793387925826,0.5086637474441528,0.6596881361088913,0.5507778891495734,0.0015025273012549312,0.8299149112968361,-0.5406919325929302,-0.1196157629904486,0.970472980647965
496.8075,1.0,-0.005200021035495757,0.002742107598279182,-0.0021977049825398225,-0.0010995440059126018,0.22218613621544583,0.5229960295178226,-0.8240449914582783,-0.0011252776629600266,0.5092625236635454,0.6579103298090008,0.5495806623050161,0.0008386782051413952,0.8311401567419942,-0.541523639588974,-0.12090358024311494,0.9722878998867397
497.28479,1.0,-0.00693735775165834,0.002097837310135383,-0.001011707339526579,0.003019791207598812,0.22171576674217222,0.5232494364084738,-0.8282350678531649,-0.0010326646562118392,0.5034437421140973,0.6569964880003931,0.5534873620901759,-0.002718634760999147,0.8360935927843529,-0.5488623315991796,-0.11762605690432028,0.9734675110478654
497.76199,1.0,-0.0036488932818331005,0.0007750054426606226,0.002402315774798508,0.002607033994787045,0.22179350196217554,0.524442644685852,-0.8248580748364752,-0.0009218466320425184,0.4988821246740093,0.6531384540206224,0.5495408697501247,9.78409480546814e-05,0.839627532970465,-0.5487682478313862,-0.11276369361311206,0.9749921873306172
498.23911,1.0,-0.008328910697090044,0.001767869675840341,0.0008960936039981589,0.0024245007818678,0.22390742007328407,0.5243404749719114,-0.8265553989956231,-0.0017065160755117483,0.49655016684073217,0.6537874102349469,0.5541177655403225,0.0006448685146097651,0.8391430960990356,-0.5407798765309626,-0.11326772432821958,0.9759535061309893
498.71609,1.0,-0.005518592345053449,0.003919605694310069,-0.0010899054287787,0.0033879329382576523,0.22974064244023618,0.5213284848559828,-0.8294953297167716,-0.00020496617291373588,0.4937037392724653,0.6573766447487043,0.5572352723652906,0.0010863467836601543,0.8340617539903012,-0.5395633513677088,-0.11169079615256418,0.9763338058127086
499.19299,1.0,-0.003702413045594602,0.002636018175115441,-0.00229487620552237,0.0008801604768313966,0.2277956112587888,0.5203642066923291,-0.8259359197950155,-0.0030464453745892217,0.49639524976610067,0.6599910314204495,0.556169962865609,0.002000349933240127,0.8331871884396987,-0.5404309400359507,-0.10742758074748143,0.9793531795026342
499.66977,1.0,-0.003021520844579493,0.0023596897110379697,-0.003440224537561842,-0.0004404264175764161,0.22877876999851243,0.5208328547200187,-0.8191981783237431,-0.002408146394793015,0.4954371206424281,0.6562216325032622,0.5514669705446605,0.004930895265170535,0.8363024851158146,-0.5392277264270967,-0.1079976563120634,0.9765139068147761
500.14645,1.0,-0.003344087391660759,0.0018086682962246275,-0.0028176651568507416,0.00022396477903291042,0.2283431835872317,0.5176619277866379,-0.8165526652932245,-0.0005420773314118182,0.49938794481786297,0.6615583859262509,0.5508332644803832,0.002366921880922781,0.8411104135396738,-0.5364337653967735,-0.10555544251090906,0.971918687100069
500.62305,1.0,-0.006340003531401712,0.0019310212080858198,-0.0009772433042308636,0.0006065356201107105,0.23299527269751477,0.5198714564364072,-0.820331993144637,0.0003161383745603958,0.4951003088605114,0.6647843140722842,0.5529579071265769,0.0002246411114775509,0.8344946124008946,-0.5370974376778402,-0.09858505108434523,0.9736705614822141
501.09952,1.0,-0.004400019666532898,0.0036461198322553508,0.000704423909196064,0.000565943660968923,0.23158500571692575,0.5184784725417678,-0.8165499492134187,-0.0011028355729457292,0.49132890325662953,0.6642974415969997,0.5571860897146657,0.0007684775984718261,0.8362810747227335,-0.5335990298546298,-0.10227063822669973,0.9760510795832009
501.5759,1.0,-0.004467243418566376,0.0052383123816016845,0.0011753773642558727,-0.0001713319427214912,0.23714959431834376,0.514906213551565,-0.8176391529397218,0.0023826281654507763,0.49000687784065666,0.6653445299613179,0.5538356091328048,-0.0008069808272650593,0.8437229742341769,-0.5329239045176357,-0.1065490519313858,0.9782376566179246
502.05219,1.0,-0.004208218044786376,0.003957700711327058,0.0005495841786070893,-0.0008532152889363481,0.23815433064310385,0.5164529399568863,-0.8166743481783,0.0022122976018746506,0.4883601616310778,0.6617495420726255,0.5518567902432978,-0.00011084071706844548,0.8442926823121389,-0.5275868302911928,-0.10354038252318783,0.9797653159931055
502.52832,1.0,-0.0034192219916888587,0.0023734400478944108,0.0002386710292090135,0.000266978349797059,0.23403818208331945,0.5214194146736625,-0.8196936753400428,0.0019999229026123333,0.48641328076917517,0.6607034703796645,0.5543450998531784,0.001913408552098089,0.8472051529264711,-0.5279294685136612,-0.0996399307433514,0.9772402165222699
503.00439,1.0,-0.0032806366185044785,0.0011831872150536368,0.00030729220575464127,0.0007808331487762155,0.22959426433106778,0.5236894410661063,-0.8204686784119547,-0.0013438332254109848,0.48174691041484097,0.6592629512191577,0.5529291680272995,0.0020155642118485887,0.8453451239601486,-0.5262198305794242,-0.10230283053065511,0.9762476143410999
503.48035,1.0,-0.0033729197581228686,0.0017569547090205257,-0.0015761868127921405,0.0010778144315652146,0.230956390284511,0.5198622799002409,-0.8244728965506549,-0.0019958331442309586,0.4813686565679339,0.6609622771538763,0.5596277631323241,0.003627771508703284,0.8433423540581569,-0.5229780200403901,-0.09472317782765842,0.9767254610608733
503.95621,1.0,-0.0041138203593047325,0.0021066556649365596,-0.0045652762188686715,0.0017318314812106576,0.23055956379642042,0.5220017717630637,-0.8179922557691239,-0.0007009316464472779,0.48201332322452567,0.6577732002661058,0.5528942195365276,0.0035637949148481646,0.8437248253948221,-0.5236329756775284,-0.09082091448657988,0.9793620499891015
504.43195,1.0,-0.0025594902659659474,7.61899518732168e-05,-0.005155399856870023,0.002218151030558539,0.2307277968166436,0.5247413811852947,-0.8167409851600221,-0.0008854666952363724,0.4783435881363187,0.6664717349296839,0.5533968898890413,0.004353939645565739,0.8448902364929972,-0.5261431927768951,-0.09136668046141051,0.9776794759357346
504.90759,1.0,-0.002921988457049759,0.001535537899125766,-0.004273060955696739,0.000604045102224327,0.23476178576332912,0.5187380240914972,-0.8171660643445965,-0.00042681334172346307,0.4802175141160521,0.6732444391649306,0.5507602580500925,0.001900780944090527,0.8432879122700494,-0.5246749581701122,-0.08998191819720942,0.9762926836838101
505.38315,1.0,-0.005022612175306594,0.0014716938178113237,-0.0016234580561227678,0.0019125527193988598,0.23686482872549522,0.522699041319816,-0.8179077270496331,0.00030221943400432423,0.47987908064238877,0.6729142263888208,0.5500491930577781,-0.0005212184893411406,0.8417442961828109,-0.524739065299856,-0.09073882972689241,0.976314839170512
505.85858,1.0,-0.003611644250014172,0.002875472444595741,0.0024625412413195958,0.000932699915845645,0.23944191579564073,0.5201693228282099,-0.8232983678276885,0.0006212490166262801,0.4750598780130372,0.6733333897909649,0.5491830754858317,-0.0023374086726875346,0.8428920279451326,-0.5211603438740312,-0.08570158393329044,0.9783134727080447
506.33389,1.0,-0.003763908547749204,0.006364829928064192,-0.0003969971302970325,-9.00982697860336e-05,0.23751204523700248,0.5140246821965336,-0.8195811479989908,-0.001633092639223307,0.4756110304526521,0.6772104758439135,0.5510797746396757,0.00028917330607056754,0.8480369240659499,-0.5184595090046709,-0.08245973952605107,0.9789442188952225
506.80914,1.0,-0.002705271528694605,0.0075029896551296014,-0.0006121717024317008,-1.7732814147104607e-05,0.235737351828527,0.5156137347937384,-0.8232643903280018,0.0001248943345958056,0.4685120368167075,0.6782754899171907,0.5501420821861052,0.0033278983456539,0.8461306513090144,-0.5206092585474044,-0.07870856211352437,0.9796494617243515
507.28424,1.0,-0.0031206061418532225,0.004827090609719319,0.0003343229795028563,-0.0016121413480617033,0.2350804929221345,0.5157039326080379,-0.8274382691457485,-2.3178326866060173e-07,0.46897031499914343,0.6788228500932881,0.5499982606666839,0.0032869359334427857,0.8488877177826469,-0.5240522760399058,-0.08071847588753912,0.9813825105786785
507.75928,1.0,-0.005729837948959885,0.001830561685992529,-0.0016659847670571035,0.00011546477539316994,0.2376428325161555,0.5140250059499714,-0.8283929127419253,-0.0037822532019014736,0.47523357844548986,0.6786717722265335,0.5542529187584689,0.002637107412501288,0.8473420301208541,-0.5226747594163672,-0.08271729745030294,0.9834312607679477
508.23419,1.0,-0.008001273406094439,0.0005421431243811495,-0.00254712984553917,0.0002661086296519756,0.23959898228171592,0.5138924865257043,-0.8317612738865133,-0.0017425648964904529,0.47136183682390204,0.6781198435285704,0.549697125925267,0.002706918880253804,0.8429826673675191,-0.5185010217972696,-0.07853467865063805,0.985404804763859
508.70901,1.0,-0.00851817437489562,0.0004042828840280647,-3.418560250994052e-05,0.00035150720333320713,0.23633185918490277,0.5099290044018654,-0.8322372539834081,-0.0011806602022380842,0.4720623079818731,0.6749307157706527,0.5484709915209617,0.00046360613742099785,0.8435592500939476,-0.5170292763937776,-0.08213776256515168,0.985423378295834
509.18372,1.0,-0.00784879939251813,0.0018231502367807462,-0.0008045563035563044,0.002787127589320603,0.23549777636522562,0.5117013677612653,-0.8324386164222018,-0.0015018618942327492,0.4717345061483854,0.6790354492936144,0.5470712023595314,0.0004927083350920927,0.8434381434253443,-0.5200992707266164,-0.07968498764803984,0.986671794315221
509.65833,1.0,-0.004264072869408516,0.00034458788961140433,-0.000981017594355926,0.0031101303934279777,0.23105295458088987,0.5110039619001107,-0.8338619100641057,-0.0025441749134295184,0.4676747918706273,0.6810703360900692,0.5443046788270891,0.0012090670364121737,0.8432377583295472,-0.5198883509013905,-0.0764437021159746,0.9846512771379148
510.13281,1.0,-0.0034894545650763853,-0.0024138226107585353,-0.0012761022075634411,0.000566521960196453,0.2307557799755084,0.5078780691221146,-0.8322961806124042,0.0008877244469953295,0.46554866546111284,0.6795162085667632,0.5417769964710686,0.002556607649997321,0.845559610253503,-0.5221784779991149,-0.07224688037686333,0.984872905018341
510.60721,1.0,-0.0068488086990392575,0.0004952628790011777,-0.0017460936035994005,-0.00027073252165654894,0.23677112190855779,0.5058027278447981,-0.836348601582521,0.0008463016641091137,0.46822306674469877,0.6784439481756553,0.5440572774763184,0.0013679578900998252,0.8512155608931959,-0.523405833231633,-0.07392997626414671,0.9842974505610468
511.08148,1.0,-0.008368898493910723,0.003294503940545249,-0.0009459540432569503,0.0023335981794485898,0.23998035516221672,0.5022489801607044,-0.8384555348639157,-0.0006827323228044151,0.4672084223215347,0.6786153495360447,0.5436067465661162,-0.00024724136652909276,0.8507790090268442,-0.520402654504166,-0.06983567663514711,0.984017253895443
511.55569,1.0,-0.006437333156041064,0.0027530593160253764,-0.0017444526213134099,0.0016284284557595598,0.2383787203047001,0.5044786821179292,-0.8386322017941952,0.0003496720664298172,0.4625100279515303,0.6812364252856599,0.541618653821327,-0.0007074601947449152,0.8458654786267182,-0.5213056331187856,-0.06514220078908635,0.9816074943338299
512.02979,1.0,-0.004865913045631727,0.0015400335649227949,-0.002172545496963138,6.125105966448727e-05,0.23887575101763853,0.5016140446839721,-0.8363506800297222,0.00017498450633543315,0.46662050381068754,0.6823229275693118,0.5420689782253799,-0.0005443816384997485,0.8431777063999212,-0.5209117499538324,-0.06140725496079237,0.9812512417896034
512.50372,1.0,-0.004869362726991943,0.0003477299718300769,-0.001654152881583206,0.0003952533471455305,0.24011134225340316,0.4968361777046128,-0.833705523006292,-0.00020192775199185327,0.46719138515145153,0.6833767164689508,0.536578759899476,-0.00023367804121085902,0.8454750316279587,-0.5187506990504639,-0.06548820621808611,0.9819296566493463
512.9776,1.0,-0.005876426707187294,0.00038932409676968556,0.00034054304043918337,-0.0005486791692595,0.2401951863176962,0.49492499502809345,-0.8404145743177945,-0.0008539515244723829,0.4595326701655494,0.6845349398530725,0.5334769716586168,0.0006339151340004037,0.8499056931985799,-0.5210959124754821,-0.067768504426034,0.9809385993433115
513.45135,1.0,-0.008119852201283929,0.0024686672034538353,0.0028289209056893564,-0.0023482046360747293,0.24496274948573574,0.4901699045822229,-0.8394025086380718,-0.001133354010700682,0.4608927121360879,0.6874382595612691,0.5324730856873745,0.0016143503883090723,0.8497062624010495,-0.5233886541194627,-0.06757615711627335,0.9774180632761772
513.92505,1.0,-0.006022535358387502,0.0053280854920171265,0.004291065874966801,-0.0012165953467230374,0.24655155540510232,0.48587099143333906,-0.8344393163458349,-0.0008667911218367021,0.46129910352444964,0.6896575737405809,0.5311428855121509,0.0017265526620372444,0.8468052840436625,-0.5258684471455365,-0.06303859147192013,0.978840040939606
514.39862,1.0,-0.003763821825738846,0.0019712085418873426,0.0015125239520892687,-0.0002058790129872843,0.2497740255366783,0.4866062073891404,-0.8345482258700215,-0.0010463285218071951,0.4611947631404231,0.6903127050382418,0.5305818149666841,0.0015744221079184093,0.8444797957352733,-0.5241620030394826,-0.0592655448242008,0.9821992805366547
514.87207,1.0,-0.006213286562672129,-0.001369794010256333,-0.0005094852673402516,-0.0005923347089289015,0.24974801117877907,0.48989741906555234,-0.8384051436567388,-0.0031309013314624783,0.4650044354578302,0.6926109763977621,0.5351915618574365,0.0013422496570212536,0.8426277604312724,-0.525486007267844,-0.05748268466760641,0.9873997018430456
515.3454,1.0,-0.0071420497491945616,-0.0007954712522485856,-7.674145552712674e-06,-0.00015539108171257201,0.24704858108340927,0.4881199527287999,-0.8411843556991009,-0.0037341346051946557,0.4682074725115698,0.6912379465249806,0.533376319128619,0.0015418626901268202,0.8475305780166023,-0.5283087433478888,-0.05757651141766212,0.9882787487759154
515.81866,1.0,-0.007117043147989225,0.0009339848187369725,-0.00198744307112918,-0.0011005771720924934,0.24822792317867584,0.4824869526111273,-0.8362913785938011,-0.0022603019160545835,0.4669008496355081,0.6879863511309835,0.5325522363343438,0.002141047691871092,0.844264870483019,-0.5283260672930274,-0.05475306384428062,0.9849641393728089
516.29181,1.0,-0.008030904900995272,0.00026039300069193516,-0.0012004735938917488,-0.0025413740062396072,0.2510128498836821,0.48147616486105443,-0.8387352607674303,-0.0012067623837796902,0.46488531179256976,0.6877180068447294,0.5316419494729678,0.004226942386677362,0.8424751090881019,-0.5291842670752578,-0.04780393164531098,0.9839129029758629
516.76483,1.0,-0.008042688012572125,-0.0011544634805026421,0.0012219808912776868,-0.001432214716509807,0.2505341852089758,0.482565876087664,-0.8397197316539059,0.000165970623645481,0.4635343641116786,0.6893906214439602,0.5303053971481925,0.002099582946261932,0.8387755449922075,-0.5279999630577793,-0.04720504153423744,0.9819414885120008
517.23779,1.0,-0.007539769552342417,7.077426783442422e-05,0.0024108181288232788,0.0006241733989707137,0.25287966482541513,0.4821400614956775,-0.8407383839700148,0.000915913979964083,0.46792256366552454,0.6894463831587767,0.5284206412756134,0.0012812953005892497,0.8358010267825586,-0.5272997437636333,-0.0492690928023024,0.9805042761561544
517.71063,1.0,-0.006883397589710961,-0.00022140629761139725,-0.0011186543512575597,0.0021130715216543566,0.25520218884657553,0.48179698288039413,-0.844413614352355,3.8349225964785554e-05,0.46907630201955847,0.6917399821458226,0.5290207523439089,0.0013967729995622462,0.8390217996526156,-0.5328923074625551,-0.049319573330075445,0.9820063014813865
518.18335,1.0,-0.006676811742282205,0.0003789049369939351,-0.0007971621200417342,0.0017326613782816488,0.2603057606172395,0.4801934522351126,-0.8437492595598619,-0.001101942887165133,0.4663017452658808,0.6915622404889928,0.5273180097563113,9.417621453445352e-05,0.8398404189393608,-0.5354581527417767,-0.04206399735095221,0.9847140198725777
518.65594,1.0,-0.0065192126340459355,-0.0006190158708359884,-0.0008357331732562502,2.8613332381204898e-05,0.25987369500002677,0.47821632074976933,-0.8413263149681401,-0.0023505293578203806,0.4642841314971475,0.6923740914288282,0.5263459635495034,0.002124358936794476,0.8419056978707297,-0.5367931258316007,-0.04222421422977998,0.9875862257776816
519.12848,1.0,-0.006583304841559057,-0.00032022226215973587,-0.0011871392595315415,0.0010165660641601683,0.2593978717448519,0.4762420307442244,-0.8383781794328017,-0.003180049605578655,0.46511338136117664,0.6864347139737357,0.5263546929557745,0.001621562751254421,0.8416606717984848,-0.5388795650545062,-0.038324159875509314,0.9873472707331021
519.60089,1.0,-0.004394251834796121,0.0004510605037541532,-0.0022114749355373058,0.00021071815013021844,0.2621737785564214,0.47582515342435544,-0.8375858522586236,-0.0016415222678313856,0.469718749613651,0.6831679090684557,0.530310004274485,0.002354070204907623,0.8390387322827065,-0.5394416451442403,-0.03798200753855011,0.9864845402794419
520.07324,1.0,-0.005793480933847544,0.0007165146580617644,-0.0020995426708286242,-0.000717244666000611,0.2639263920386272,0.47643396626915463,-0.8369334807594405,0.0004741665827249636,0.47067966956345375,0.6856447841417471,0.5330219502039577,0.002007111531892521,0.8422582281870962,-0.5409326289959226,-0.04103158493684849,0.9851606406387515
520.54541,1.0,-0.0051663441062893885,0.0010587747269855674,-0.0007002175880851954,-0.0006327753357146215,0.26600910095355645,0.47608496123022453,-0.8383078311180694,0.002080615341659854,0.4678990646891553,0.6883547839690782,0.5325193698748992,0.003509891598593933,0.8373635835685409,-0.5399677782105189,-0.04004443642692958,0.9877052385997989
521.01752,1.0,-0.004988283833633909,-0.00025348243966964273,0.0008778887248204453,0.00035970211198732316,0.26322078111585684,0.47408594054092185,-0.8384895459950902,0.0016676700740946846,0.4637162399496758,0.6870395996337896,0.5318259603149817,0.0037499346493203582,0.8340064505582269,-0.5411031965480627,-0.039598725351410326,0.9884258691223907
521.4895,1.0,-0.0059907302943634265,-0.00017632393409623665,0.0015607482149361653,-0.0004923182812866536,0.2687839387467976,0.47379842126597677,-0.8374368338868051,-0.00046761619954838434,0.46366032738811264,0.6846028228817826,0.5338239711498379,0.001910665707759151,0.8333570606118019,-0.5425620374167354,-0.03724410903258395,0.984577922319449
521.96143,1.0,-0.0057208877596591715,-0.0003637902381717085,0.0004406686331740083,0.0006368183370522675,0.27312858494566367,0.47506272429355606,-0.8426086427643514,-0.001434841495015677,0.46443362166043206,0.6864813357856592,0.5327744952382111,0.0019054592082096162,0.8305066567196577,-0.5434907521059325,-0.03174161095559785,0.9828322545288606
522.43323,1.0,-0.0040346615066561235,-0.0005098707088533077,-0.001582859841475442,0.0015643381601279152,0.27756379606470905,0.47543863426760147,-0.8419800097247235,0.0006777458934743416,0.4658675900140005,0.6870014282300227,0.531421912118424,0.0018814008093863742,0.832574937100572,-0.5444232042447933,-0.028376254367892522,0.9848199625022085
522.90491,1.0,-0.004293145364519777,0.000490444955103602,-0.0012771739293752783,0.002426261111925218,0.27850591623059173,0.4734910150768798,-0.8402519622689403,0.0008204636929292596,0.46539284840618134,0.6845505233714752,0.533468234212475,0.002056385098214711,0.8359697763467216,-0.5443966952271132,-0.027444152317642776,0.9868413425031117
523.37646,1.0,-0.004959022907860049,0.002231882997543069,-0.0019713071555645476,0.0013604425103716483,0.27994287954526625,0.4705823572040337,-0.8333324571504312,-0.0005702240171463458,0.4667028707829925,0.6846136455295565,0.5317892051037364,0.002230666202802271,0.8353489797852981,-0.5441076355072654,-0.025807010034148755,0.9887806947659952
523.84796,1.0,-0.006154741779491976,0.0003864096696361584,-0.0013309904643597067,-0.00025533034073289455,0.2781437549336985,0.47496067715697715,-0.8358056340564333,0.0006149547700025383,0.4631521761704876,0.6837113483644335,0.5320707206213365,0.0019846600203821414,0.8371043040500984,-0.5442139125906861,-0.024057953970466374,0.9897639820824405
524.31934,1.0,-0.007498741419146415,0.0003714479622790431,-0.0009294174941996429,-0.0005451020275414627,0.28155175400921817,0.47652755195584734,-0.8390616944320357,0.0020306905472356326,0.4610371338521078,0.6809766456764696,0.5360651596157434,0.0005691769957873152,0.8358957835446907,-0.5439218953551721,-0.021591136798735297,0.9876975313825451
524.79059,1.0,-0.007725358036585281,0.0011011431981604203,-0.0010854270703398112,-0.0009631046051451541,0.28539216743961116,0.4752304848118643,-0.838201396552829,0.00041237214841652765,0.4610488021708133,0.6819132608405546,0.539317472610462,-0.00044837751310475613,0.8354712687250555,-0.5444078022962638,-0.02175927115541604,0.9859026976701136
525.26178,1.0,-0.007766847954182628,-0.00011026177033032166,-0.0014032536193062872,-0.00045764384038213837,0.28857957251239363,0.47355452536784226,-0.8346371168426735,-0.0013985992843527882,0.4617450869185705,0.6862550338244652,0.5404825696758134,0.0002104061105905046,0.8370204386446936,-0.5432886932235204,-0.02177852033954999,0.9838461645361121
525.73285,1.0,-0.007477653001883286,-1.5836782158344686e-05,-0.0004327634061815683,-0.0008957710071248314,0.2899351256776511,0.4725332473730755,-0.8361508205456887,1.3778343874113176e-06,0.4600780816417531,0.686325216824518,0.5402001255818689,0.001736620873331528,0.8348830940258216,-0.5410531790328116,-0.02142333566880203,0.9852628466263946
526.2038,1.0,-0.007936056345358211,-0.0006932562167248328,-0.0003409202228639743,-0.001575134890685344,0.29333124093784757,0.470641437071452,-0.8334180778718574,0.0004905012881470727,0.45853202091700335,0.6837075664390518,0.5413067913948946,0.0019307612750074626,0.8337111467358843,-0.5428192114799114,-0.019899003630297885,0.986696801081458
526.67462,1.0,-0.00887215419079844,0.0013529636383127126,-0.0005438745973670423,-0.0019085073177728443,0.2969896817986639,0.4721691786662204,-0.8318705509332558,-0.0002448374940049531,0.45922065438919657,0.6800237529297665,0.5460579820766448,9.287762492398627e-06,0.8339441810999404,-0.5427428400064227,-0.015745495125607436,0.9867498393821192
527.14539,1.0,-0.00764186004499926,0.0011466058229960435,0.00042344133583643726,-0.001372981931072533,0.2957929544427028,0.47318557730554905,-0.8336994943673864,0.0003632653024596624,0.45733796131072874,0.6808225442472324,0.5482266596676126,0.0016108485812141,0.8329635544972062,-0.5437790967636154,-0.01543672816677889,0.9887931229019699
527.61603,1.0,-0.006282354219758076,-0.0002168546207797381,0.0010498934585095431,-0.0010651562005787641,0.2943083855519837,0.47433027869886685,-0.8328429750027736,-0.00014762444532164667,0.457016860210055,0.68459963257775,0.5470808727912505,0.0023543910813586025,0.8318385130205657,-0.5449539034018712,-0.009859828320522856,0.9888118925032574
528.08655,1.0,-0.006167489887389783,-0.0005868611972078784,0.0005420536647813624,-0.0005792582112666157,0.29623979946248846,0.4747736119913481,-0.830480680359782,0.0007055008702837081,0.45751663178841234,0.6826302399573806,0.5481404200170951,0.002765655704541244,0.8302360584996615,-0.5431817945383565,-0.00811693730238498,0.990773288057205
528.55701,1.0,-0.0061313551921701875,0.0005901564601313764,-0.0009179178578097428,0.0006663023732499636,0.2981834149578374,0.4736366633432433,-0.8331447207865897,-0.0002735494039162834,0.45445740793340916,0.6825212882811361,0.55125387225311,0.002301529088222166,0.8308694650871477,-0.5435728963589799,-0.007904366631391161,0.9915184189528381
529.02734,1.0,-0.0050810979267643065,0.0009022756943345544,-0.00034525577455705016,0.0007325261165419273,0.3004384754588505,0.4721120266675816,-0.8335323436113544,-0.00036356053615328786,0.45082935486774617,0.6821978186252391,0.5508520867733366,0.0023390398879712835,0.8322842223576215,-0.5459219255317902,-0.009725629878644238,0.9893876452573712
529.49756,1.0,-0.005808193377651467,0.0011991744899824584,0.0006154444113523534,3.6851524783858184e-05,0.30121709476755676,0.47224409966061776,-0.8285501745133779,-0.00012317869508656677,0.45001793476028124,0.6835311409748436,0.5474996932841996,0.001302807431110629,0.8355565904715762,-0.5451991486296253,-0.007962266330443401,0.9894916930912437
529.96771,1.0,-0.006317973142058632,0.000412621049656507,4.439461499619406e-05,0.0003214845361208881,0.3034227613344457,0.4708211274512496,-0.8275410841098524,-1.371889500308755e-05,0.4475038712288145,0.682721171861278,0.5509947925786164,0.00014318464790515645,0.8384782957727364,-0.5437481278204044,-0.006035877283063074,0.9888790212544399
530.43774,1.0,-0.006673528037601562,0.0012292311494015004,0.0015170566594660364,0.0008348025077559756,0.30341404673031935,0.4718008001338326,-0.826652121177645,0.0008513093718131288,0.4451432437588754,0.6827177686386809,0.5520612378641733,0.00042411046429224197,0.8376895333425354,-0.5421836836754881,-0.0036435829586056274,0.9883411141412688
530.90765,1.0,-0.007201657120453107,0.0008750951857443859,0.0013764968394178244,-0.0018848299786275039,0.3053607659238236,0.4726762139156349,-0.8237250658947675,0.0005420856428239843,0.4454212755926599,0.683488929643832,0.5492992224881683,0.0004642030645270165,0.839608687146129,-0.5410170484238895,-0.0030233238945533442,0.9867547905916565
531.37744,1.0,-0.0076727429866020195,-0.0004974764827442963,0.0009452120719617102,-0.00102001513047914,0.30504399829662115,0.476675028568308,-0.8259643896035019,5.340364336865936e-05,0.4457860148706497,0.6852373002465747,0.55087214392456,0.0007106687132617096,0.8370857049739364,-0.5386854524945656,-0.002341501376514934,0.9854316655139961
531.84717,1.0,-0.006876090126335239,-0.0014264212053303404,-0.0012031392482725867,7.597965880389414e-05,0.30814554467592775,0.4772743731216966,-0.8260919246453863,-0.000568842837996852,0.4446201643580671,0.6833335964885779,0.552985655972636,0.0011576004264784035,0.8378398009338038,-0.5354105354757679,0.00012586789229078208,0.986611767918515
532.31677,1.0,-0.0065734865695120034,-0.00024053214054674547,0.0005121300457614092,-0.00012207885262694715,0.30831316553593774,0.4777824798699926,-0.8236247878080037,-0.0008946535062457927,0.44027350113609715,0.6835664887822267,0.5515504347624627,0.001479940870218389,0.8378064069559366,-0.5359923410137529,0.0015873224888198903,0.9878073562099884
532.78625,1.0,-0.006088522862082833,0.001447255925334893,-0.00019223165877685906,-0.00034344709713387894,0.3090011483552285,0.4799611655105252,-0.8226165824080452,-0.0005873130685852693,0.43885252601422214,0.6869992635909503,0.5518307253576182,0.0005694271843809201,0.8399428279436107,-0.5378654242587736,0.002418758748577652,0.9875238039525638
533.25568,1.0,-0.0070069210828345415,0.002902685183194897,-0.0009468727790724083,0.0006978161714581745,0.30942690025567504,0.4774530077930366,-0.8253778792345563,-0.0004932828223393347,0.4352392812664612,0.6870176702441362,0.5529512213613572,0.0011879940390481332,0.8402254882432382,-0.5379160532494741,0.007623310723404323,0.986384204210443
533.72491,1.0,-0.005778467364689636,0.0026270792437846436,0.0002817089936873521,0.0012491056047156414,0.31092187586597214,0.47861317948081383,-0.8254656760292518,-0.0007022790381496806,0.4319734575458751,0.6866226791126245,0.5521423842099801,0.003138946164138195,0.842366408076893,-0.5351367156451753,0.008000587465726622,0.9840135770096334
534.19415,1.0,-0.005966755243536246,0.0014559031336989648,0.000514021603808872,0.0008440323192748752,0.3103292942581386,0.478730225877194,-0.8275737821116161,-0.0010987979584571835,0.43022891857906925,0.6890765659366819,0.552157029059548,0.0013704359219669036,0.8433690195405484,-0.5321416486380863,0.007809467922967322,0.9881130043410168
534.66321,1.0,-0.005825796231757566,-0.0005657077089995707,0.0006315816065936388,0.0004807885107869462,0.3085305260034559,0.47707765598049934,-0.8287825740592524,-0.0011677118719473905,0.4322864967228364,0.6902590789942236,0.5553218803740946,0.0018290337956415631,0.8404291688637526,-0.5346283187662896,0.008993627924334485,0.9915475329438528
535.1322,1.0,-0.007441963249345753,0.0005376299544680652,-0.0013478573178291478,0.0007907115808383831,0.30957011038610194,0.477661103505445,-0.8250870784024671,0.00021157573013473631,0.43164741851932037,0.6898008601827634,0.552234225106303,0.0018622496068276555,0.8419357492861561,-0.5350798404361297,0.009776741874919495,0.9904329526480332
535.60107,1.0,-0.008384183375713445,0.001902335153663457,0.0001475802813233691,0.0007744564863787409,0.31260960217261446,0.4742152974735978,-0.8242275972518831,0.001572422379196113,0.42805553833279414,0.6904902369193541,0.550243004583518,0.001554883238999936,0.8407165080936984,-0.5350030085514734,0.011561160579940466,0.9908772133253019
536.06982,1.0,-0.007883918922145319,0.001577466874794049,-0.0007819533152240988,-0.00013579787596359046,0.3128190921553484,0.4730534789671842,-0.8239153589064414,0.00018064568455249276,0.42733600202938016,0.6926546607128355,0.5476798710854575,0.0013743500265180778,0.8423371932811934,-0.5316104691636226,0.010676538004249128,0.9914175769776458
536.53851,1.0,-0.005350693373211553,0.0018313899403708588,-0.0019259476303087652,-0.00031210899331664504,0.30875341690720054,0.4743278790884064,-0.8226036028642835,-0.0011438334878086898,0.4249350034927601,0.693889379384149,0.5487619492063563,0.0009926418818318565,0.8437222603077956,-0.5304762661991317,0.011730797388090453,0.9910575883160376
537.00708,1.0,-0.006548260395654632,0.002427067455772219,-0.0015483268379964726,-0.00037235783510536493,0.30991593173506327,0.4721602301543584,-0.8234667291388368,0.0001864308255861726,0.42568152560195766,0.6934113849267404,0.5505012907939254,0.0009838905815597295,0.8441551496773384,-0.5305269367784211,0.017830094637821776,0.9906544500187535
537.47552,1.0,-0.006376281664557378,0.001850399932849009,-0.0011973649408356273,0.0002883212982181344,0.31000712949626025,0.4695987364206443,-0.8240156685574174,0.002594138734398552,0.4232475803691813,0.6955064640035831,0.5535842930803119,0.00034246557527997933,0.8437149729872494,-0.5271657066138387,0.019972613355093642,0.9890605419505565
537.94385,1.0,-0.005952101162747731,-0.001583955979698508,-0.0003023929918902937,-7.783531990095824e-05,0.30999762771161515,0.4705713544615219,-0.825511416433982,-0.0003651883059779747,0.4208787741398864,0.6973310849488988,0.5535990194400292,0.0010693732183486675,0.8453954515301623,-0.5275534447172856,0.019824336058664363,0.9874209323824955
538.41211,1.0,-0.006928282480475666,-0.0016903840708820742,-0.0007565461534505011,0.0009641210552489455,0.30971787396796957,0.4723233225106696,-0.8283067278420353,-0.0003225546087300646,0.4174744093729798,0.6970551368650764,0.5531603691264896,0.0016971685085556522,0.8422585900835684,-0.5271908827143806,0.01896402950540763,0.9885885295549719
538.88025,1.0,-0.007651273945187,0.0007450476029325333,0.00020463181116387664,0.0006045853519914188,0.3133800699643961,0.4708728808026034,-0.8275934749884193,0.0014878766934909972,0.4154563357058505,0.699209465914412,0.552176983541617,0.00320825827352439,0.8401071202580449,-0.5228391516162092,0.02120076087580277,0.9888641271753703
539.34833,1.0,-0.006913014762154978,0.0019962156766672365,0.00046853454401429525,0.0008705458128236426,0.3147144638057703,0.46765170801900663,-0.8272053808927177,0.0015650483203375185,0.41841155250832684,0.6986810047888944,0.5495927785849618,0.00425593803054553,0.8416245382674378,-0.5224946668429804,0.021663738874179952,0.988778528038127
539.81622,1.0,-0.0067054644984211815,0.0011112091519960136,0.002212441434953367,0.0005545275880942772,0.31453095325802266,0.47000910124276235,-0.825886788520645,0.0014746982524835763,0.416868886799758,0.6989487800946074,0.5487485465506386,0.005474130065763631,0.8420293957366812,-0.5262980279153402,0.023953017404470336,0.9882820890681359
540.28406,1.0,-0.006885230546133887,-0.0007395496814708764,0.0006394001475794436,-0.0010055613811621534,0.31343602730930303,0.47045922611866414,-0.8225667917160835,0.0016790029634733534,0.4153474447682587,0.7024746778952589,0.5501828534586491,0.004480861429344335,0.8439573623360416,-0.5264139991413278,0.028876927032267,0.989123216917898
540.75183,1.0,-0.006975766430400298,-0.00015735183308121536,4.584444864400698e-05,-0.001154406526723969,0.3133718523986637,0.4665681836739271,-0.8228021007756888,0.00023156261092734104,0.41433863095788653,0.7033391522888511,0.5485307766805785,0.0040253075669637066,0.8437508864850362,-0.5221668449501579,0.03141715457695013,0.9896410085554145
541.21942,1.0,-0.007369511678817771,-0.0007786475001110993,0.0013650587729736687,-0.002213453743451939,0.3149737707620789,0.46472656663265927,-0.8261283017854018,0.0006024221236972856,0.41334759060902465,0.7034523679679379,0.5465982853272106,0.0028524624585377907,0.8463486485290378,-0.5213486051455954,0.03283372758474197,0.9900348660580518
541.68695,1.0,-0.0069213696495477595,0.0012941787740508737,0.0015604668806952803,-0.000838775773881682,0.3152175463298012,0.4639337132860281,-0.8275974407485924,0.00018075739554915615,0.4132273369826452,0.7075602259513226,0.5458869366417994,0.002231108631991783,0.8486732801963763,-0.5254198454491804,0.03498580590109198,0.9888267100061593
542.15436,1.0,-0.008086863650271513,-0.0003921800315595079,0.002123193545833543,-0.0012421180411215237,0.31431786288603375,0.46475897156033114,-0.829809056342472,-0.0005781123528228342,0.4121862748930874,0.7090321678799083,0.5434135782467209,0.0031894140865431422,0.8436832793605584,-0.5247697073889002,0.03364946457838767,0.9861853036973958
542.6217,1.0,-0.006986901660280172,0.00024205594066875537,0.0010612565030647006,-0.0006352873706916519,0.31417104599514767,0.46351648699690606,-0.8286446363638945,0.00045918596986532095,0.4102459644579429,0.70907218736177,0.5405650279387534,0.0009853303645655505,0.8466381205744905,-0.5242524571663891,0.03476265285187762,0.9867617987876286
543.08887,1.0,-0.007069832122640209,0.0009098995906181243,-0.0002962999031353397,0.0004217787856012067,0.3141972407804643,0.4579351884761573,-0.8269144795272417,-0.0010618499365744295,0.4109116431343861,0.7100364074117357,0.5438285843171493,0.00011044475245824495,0.8497568338755077,-0.5214662444025323,0.03270769348163459,0.9887052920270298
543.55597,1.0,-0.00719856672855671,0.0011290440405843309,-0.0016542473109883793,0.00040474004188961705,0.31639287347131556,0.4574612272254548,-0.8274177077675187,-0.0013430389575244865,0.41362467757969434,0.7137512567901088,0.5429559787531912,0.0011479939842580836,0.8483338861311561,-0.5209202514964381,0.033589943172015836,0.9892141317239005
544.02301,1.0,-0.0056472871998589766,0.0013047533628892936,-0.001920285688406537,-0.00039143319141238676,0.31738019721385563,0.45491327446124874,-0.8284666429868255,-0.00010067063521732191,0.4102026989556539,0.7128081186983747,0.5399746730081608,0.0016646538536077944,0.8464646110343148,-0.5200641669423385,0.03591566100149116,0.9901322640159894
544.48987,1.0,-0.006520661220898348,0.002004592063293713,-0.00044049565387069506,-0.0008782204528485338,0.31737914991648586,0.45259129641839974,-0.832644274901952,0.0008280956741288193,0.40969672510026467,0.7126563894832324,0.5418903659997701,0.001490923743263971,0.8473111280510982,-0.5185258715530305,0.03662261569127399,0.9902391417350429
544.95667,1.0,-0.008083535963121218,0.0028799078906443865,-0.0002784511326590489,-0.0004077683118880522,0.31801652102622363,0.45257292711960556,-0.8328339249051965,0.0008228513219333623,0.410403221935907,0.71339471092947,0.5402125721003851,0.0006028492063740054,0.8471476785467794,-0.518160918509157,0.03896049460156062,0.9884268186963265
545.4234,1.0,-0.005283717661697913,0.0017697389030310374,0.00011966317953569722,0.00032352617135242214,0.3168108710709725,0.45094296907179016,-0.8300037818961316,0.0012970685614686675,0.4130182167559374,0.715489774933656,0.5356473413786269,0.0012915285369550825,0.8492935401076576,-0.5215557529165552,0.042563886094861676,0.9875936624561386
545.88995,1.0,-0.003692929674099094,0.0005762010009628424,0.0017186957123956135,0.0011890407035469687,0.31897183107023763,0.4507102410501861,-0.8327225513632549,0.001968297146781315,0.40988482362567114,0.7160056523466028,0.5337190991526162,0.0025777064049577066,0.8453524722154641,-0.5229904542569811,0.04608352090747687,0.9891114387473742
546.35645,1.0,-0.004843209640891586,0.0011107584870002876,0.0003026640641679823,-0.00019503365176615727,0.3185749620685865,0.45003064242493673,-0.8338533433893391,0.0009558422781054792,0.40969009367947495,0.7141508630154021,0.534571257906641,0.0027034974238468986,0.8444551266373498,-0.5225527627831635,0.04650323955786013,0.9889622299104276
546.82281,1.0,-0.006521832202954895,0.0012302067752273998,-0.0015461610880333559,-0.00017788635155331143,0.3180649044658927,0.4515794246208193,-0.8368385333865895,-0.0007176859588905088,0.40900142830560143,0.7161961947372192,0.5383798044953448,0.002587866273614486,0.8419910490713463,-0.5212466078727342,0.046942482064244104,0.9868011658766619
547.28906,1.0,-0.008201577938741442,0.0007393707597377694,-0.0004956548274509811,0.0006454365161842397,0.3173982701941554,0.44869324210803857,-0.8361830181939612,-0.0012523647477294167,0.40984844966584777,0.718926018164269,0.5364722780875107,0.001587394947724007,0.8405531779068751,-0.5204170966138649,0.04751912164903249,0.9863220875090019
547.75525,1.0,-0.007959884506035598,-0.0009128167529606386,-0.001097255327494763,4.815349183913595e-05,0.3188911359105617,0.4450755582639275,-0.8346760125049631,-0.0013621672174004675,0.40871418274502924,0.7172221705807775,0.5335850129550341,0.0014292435750473337,0.8388007654301135,-0.5227333933324879,0.05072617570201956,0.9890434022577016
548.22131,1.0,-0.006580481285220545,-0.0007754348599823757,0.001718879610265725,-0.0007663023136825939,0.3216827117300267,0.44427200081239987,-0.837151730877966,3.349771418405177e-05,0.40931663715114974,0.7200592845182678,0.5304735206562152,0.0015397914985080627,0.8411252145898163,-0.5254592122479257,0.05005741061689083,0.9880833974801401
548.68726,1.0,-0.005790485381693737,0.001589147452568779,0.002004841015343113,-0.0006062099266193575,0.3241253125273501,0.4418112622251113,-0.8362441214302978,0.0003016326456300018,0.4126197783298194,0.7215790234591271,0.5291513312762871,0.0030779239713792992,0.8396110058057749,-0.5244923450750079,0.05129682921119477,0.9847733914737874
549.15314,1.0,-0.005737108370720133,0.0009439035103774798,0.002154803280579252,-0.0006276286589808126,0.32427685617512464,0.43964000172111073,-0.8332956707184225,0.0006424775581405964,0.41297390498224457,0.7194179245722668,0.52769882117425,0.002029975233658092,0.8394832569575773,-0.5258665525823942,0.052525724919362866,0.9829072159934995
549.6189,1.0,-0.006627542791352589,0.0005531525910535672,0.0007751904343951288,-0.0008457509580971367,0.32688330203212795,0.4380485880783633,-0.8328330926164608,-0.00018446753259944887,0.41213897858616216,0.7173320202833465,0.5279557038045863,0.0006832938709662829,0.8410014288151759,-0.527304684004856,0.05125111537849694,0.9845703895686273
550.08453,1.0,-0.00798163613513953,0.001642653008127788,-0.0016230195744353798,0.0007381656186831471,0.3272123775083526,0.43654332393946604,-0.8328072282447467,-0.0002698459086142939,0.41165980903194294,0.7184041091715322,0.5308385875229,0.0007744942792328322,0.8398420449429729,-0.5238104751020338,0.05500167103375876,0.9837603984250519
550.55005,1.0,-0.008005147698690047,0.00241492598782148,0.0001819745831516715,-0.0003217839756329464,0.32665730873678783,0.43150625213786514,-0.8340293465253725,-0.00027249717156246195,0.4130346910515575,0.7216263951314099,0.5289746795151734,0.0007971302355520044,0.8402509071068669,-0.5217610951058983,0.05807861257609819,0.9833772387370173
551.0155,1.0,-0.00701030050593556,0.0018022644634375783,0.0010315202304147669,0.0003728596865436783,0.32843323896988846,0.43226372324557094,-0.838243619595926,9.739900834528919e-05,0.413815155741631,0.7213588573439326,0.525444197795386,0.001285287010591276,0.8413480554232846,-0.5268476895585839,0.05694822715029927,0.9871234960824362
551.48083,1.0,-0.007293574018689345,0.0013861731575642942,0.0002748176454970709,-0.0005255109785039887,0.33219815026333077,0.43263967372996975,-0.8384654015633192,-9.220378140773661e-05,0.4151273283419357,0.7220365510711461,0.5270878429530168,0.002001958827106367,0.8412573089785907,-0.5271141736698478,0.05706241915616994,0.9902204733691622
551.94604,1.0,-0.007170894667043372,0.0035021920223878814,0.0005028709684007956,1.9126529944584163e-05,0.33450367210205784,0.43049952287933,-0.8415629411154812,0.00011014491349978597,0.4136160608919865,0.7213640580430629,0.5272864703754837,0.0030707273014962066,0.8360198403011261,-0.5277172001568677,0.060660889494055854,0.986765141344542
552.41119,1.0,-0.00734349972802901,0.003540882446889823,0.00017063416299080612,0.0002562866916613563,0.3351861981720549,0.4276464505468383,-0.8381203451372428,-1.1131118265701632e-05,0.41396529496057766,0.7207679473306431,0.5277465430666015,0.003273613852109685,0.8328580741234765,-0.527834039561015,0.06257472885491065,0.98437619020249
552.87622,1.0,-0.007364692325866871,0.000870618819478146,-0.0011528534467590014,0.00018775670755286837,0.3347859116545771,0.42811250939695666,-0.8350938309722507,-0.00022163648087802774,0.41252276797432885,0.7202170035940456,0.5267761239914026,0.002848407640817463,0.8334834838978391,-0.529468024982771,0.06382585507713617,0.9848998593333274
553.34113,1.0,-0.005724166901762729,0.0001298462949080287,-0.0022143342921316475,-0.0007240564546926217,0.3351930105779814,0.4265562708089096,-0.8322833211731074,-0.0006685602755143645,0.4127037884275843,0.7214223649410134,0.5265759032838815,0.0029323114087531727,0.836134258756972,-0.5307958094337336,0.06792007427583367,0.9863572738289078
553.80591,1.0,-0.005368258691185813,0.0008949379919850469,-0.0010570586761292442,-0.0009417896389749431,0.3349194574439543,0.42662615028469875,-0.8344776705947035,-0.0005205245155346528,0.4137759438062157,0.7214172982962705,0.525404142172214,0.003365540162353805,0.8387520708414862,-0.5322843767445625,0.07069912920070315,0.9868096483826008
554.27063,1.0,-0.006189846365893674,0.00045358181642009455,0.0005150120007201136,-0.0009495970771872809,0.3366788956759963,0.4250709521183803,-0.8347949753538296,0.00025757512566025435,0.41646896010228773,0.7226753655259752,0.524831179561482,0.0034334061549199098,0.8363227799855161,-0.5334910536391054,0.07017400764162099,0.9862215932410423
554.73523,1.0,-0.006302698036436728,0.0004546204792784849,0.0007536253970376461,-0.0003945855514206481,0.33923079245278287,0.4256402711834918,-0.8338728962651486,0.0013189814387260456,0.41718217276766484,0.7218514151263316,0.5245017105630526,0.003070208129493969,0.8373570613465127,-0.5359832535064402,0.06958021141297575,0.9860011764027752
555.19977,1.0,-0.006107714663399132,-0.00019478636510498226,0.0009825813796664003,-0.00033684951468047317,0.34175551184384256,0.42416233130395087,-0.8332829731069552,-1.6503100707006005e-05,0.4166998234381758,0.7166832126172099,0.5246636124231161,0.003876415554106968,0.8373721058982452,-0.5360683358483416,0.0670461617772104,0.9829802557137481
555.66412,1.0,-0.0063529344687843345,0.00020320436715494706,0.002007969523677235,-0.0005184252570886113,0.3436088553220103,0.4229233144233722,-0.8342666748205032,0.0005880682552220804,0.4147074912039167,0.7175666345313018,0.5259547820465046,0.004295608566948905,0.8347065910401855,-0.5360515532575767,0.07290850263055786,0.9796474359600543
556.12842,1.0,-0.006098067811365169,0.0015043044718908163,0.0013604034924883867,-4.020078909579508e-05,0.3436208723204461,0.42342936614016435,-0.8343736738773241,0.0002453966842018662,0.4152325799179266,0.7206128031628991,0.5256284398100235,0.0017962717586851792,0.8325450789842427,-0.5341999591624833,0.07346839009027009,0.9779126520744442
556.59259,1.0,-0.005678972271187643,0.0009067034627790764,4.470740002481962e-05,0.0010813979187084659,0.34534095757335764,0.4224714571030338,-0.8328588706905499,-0.00024557050471196365,0.4153145540174947,0.7200365930076454,0.5264677253710603,0.000286418394202657,0.8310097203777523,-0.5355151032056864,0.07351515139576976,0.9784193228521186
557.0567,1.0,-0.004887866606244314,-0.0006272133080983723,-0.00048720407016943724,-7.532361426208964e-05,0.34717966794093474,0.4240276177141287,-0.8318347760744333,-0.00011720790745307929,0.4145611219942066,0.7210825668733631,0.5281080541685774,0.0017037518403275127,0.8297252864768183,-0.5351884396643001,0.07596154141825032,0.9795913723446299
557.52069,1.0,-0.0061603787526246165,0.000127135874724896,0.0004019387725718186,-0.0019048380769182184,0.3495154745907188,0.4256066506479076,-0.832087399128123,0.00016454119836262167,0.41296095952086254,0.7174806123252554,0.5305265722783827,0.0019060308779470837,0.8278562022639088,-0.538194185689,0.07837983184058898,0.9820472270646391
557.98456,1.0,-0.006980942868440698,0.0005168417974140471,-0.00017851574676810262,-0.0005638216803751717,0.34857166543129375,0.4219878985878932,-0.8304614438265017,0.0006942409939765652,0.41115723591568853,0.7155955776449464,0.5290147591235138,0.002196176074842712,0.8282531078718873,-0.5406333526821091,0.07935790334065083,0.983012631925397
558.4483,1.0,-0.006006826471907524,6.381069017779309e-05,-0.0011205362656896906,0.001150032238104492,0.3504421025195613,0.4222093989913265,-0.8299943630455,0.0010709651791058243,0.41219616714215807,0.7146281232751397,0.5276078447795302,0.0037986874936068336,0.8279361199414854,-0.5420336115739568,0.08150269324156724,0.9824051559059108
558.91199,1.0,-0.0064025563693189316,-0.0001136894602051862,0.0001037745706195079,0.0013675822957979066,0.35205553353686797,0.42167152166850164,-0.8315273793216069,4.316054924510414e-05,0.4142801031821656,0.7150200703084506,0.5301934357601488,0.004983063212430031,0.8263825081516035,-0.5417542691205137,0.08218395620982714,0.9807149336102301
559.37555,1.0,-0.00716942038224223,0.0013691334066027372,-0.00016779780983936532,0.0004942366946721457,0.3546090976984102,0.4203727487839776,-0.8276566289273312,-0.0003189318138995186,0.41579728755150075,0.7147572827772982,0.5326582624929214,0.0018225136414281304,0.8285219354527119,-0.5418218568365755,0.08619622115294309,0.9827757136365419
559.83899,1.0,-0.006237505731986165,0.0014853355434607872,-0.0017503136733157708,0.0010302729601769246,0.3557528973939872,0.42160471821494705,-0.8256223270564271,-0.0003073206712276171,0.4158474780438095,0.7142924668019821,0.5332976288652933,0.001942908477584059,0.8257046901245597,-0.5428021585037183,0.08771601395082505,0.9869464323455408
560.30237,1.0,-0.005617178117936686,0.0010166276521269817,-0.0007274067985797391,0.0007414851209448719,0.35720000472082447,0.4224970609516372,-0.8261424086819921,0.0006377202554310055,0.4134198513254759,0.7161243139568553,0.5323194131792678,0.0027789086637683125,0.8237213275019187,-0.542829541012126,0.08802219629269921,0.9862304368672519
560.76563,1.0,-0.0064153901292215605,0.0013578895174878904,0.001079794210173517,0.0001468835641887483,0.36123048053517776,0.4219644968779699,-0.8261313093378009,0.0012413626854880385,0.4119915910086995,0.7166001869132097,0.5346935915058281,0.0035029924800100603,0.8244998179895628,-0.5432565864756781,0.08966373128491371,0.9843413138627541
561.22876,1.0,-0.00626635258965074,0.0016941233943773765,0.0006083094223530868,-0.00039206851701793175,0.36335600430594406,0.4197640883948022,-0.8268043210941769,0.0006888536282808797,0.41058971955497103,0.7160386134268101,0.5363809064725844,0.0033490423426600076,0.8253691780597688,-0.5438000527762993,0.09146783450278625,0.9813767644646141
561.69183,1.0,-0.005726800606689857,0.0016338811180086658,0.0001698992960038767,0.00026704913047696696,0.3635768769150863,0.4209001208773418,-0.8276860113117193,-0.00011078006067323188,0.40968159587716524,0.7156973101975475,0.5362025996544033,0.0026875035742752237,0.8236173800707273,-0.5439363573743313,0.09168923783366388,0.9843644282363297
562.15472,1.0,-0.006872076907140272,0.0016166106130369394,-0.0007975555517059322,-7.236502135905332e-05,0.36620590548865084,0.4218037956073727,-0.8279030108065268,0.0004913962208020767,0.4083343190320465,0.7151060675748795,0.5350981171232845,0.0012640040097918943,0.8230193417464319,-0.5444267436609111,0.09222533838721622,0.9914147372410884
562.61755,1.0,-0.006609228949807079,0.0025918704757330567,-0.0005191978867327605,-4.103219594812204e-05,0.36762250057003026,0.42250655902630124,-0.8275364759408345,0.0004754571672656174,0.40768160357088495,0.7139636545486511,0.5351592220754466,-0.00019341792285132523,0.8239042851981403,-0.5444764850118674,0.09563402726861144,0.9906705535734917
563.08032,1.0,-0.0053279757008574185,0.0012318537220330059,0.0003502024249265096,-1.1016648980096489e-05,0.3672342394153347,0.4237593392963824,-0.8270639703326711,0.00048683084940121494,0.4069926928372709,0.7143744019053254,0.536033006312881,0.0008286753531971557,0.8247913799978083,-0.5393481762420596,0.09611171683348894,0.9863758906524407
563.54291,1.0,-0.005642440544940009,0.00023195225932275652,-0.00032654772452642784,-0.0005823118431720239,0.3691783688714734,0.4231008570143886,-0.8257740681856537,0.000164542644674695,0.40547223707190727,0.716819543932466,0.5351791389681138,0.002126690134319002,0.8240994009490277,-0.5396593772077551,0.09653551795538863,0.9847704836671106
564.00543,1.0,-0.0072357751598675505,0.0017021398831688198,-0.0006523983092709011,-0.00034165949301904813,0.3708816150904208,0.42236912149322525,-0.8270957258532513,0.00057447487931012,0.4038538316456569,0.7153874312121161,0.537647442818141,0.001325850157744659,0.8248989882661952,-0.5416114450719283,0.09679015840019296,0.984168034001489
564.4679,1.0,-0.007542998649367296,0.0011997684127940014,0.0010577152872424625,-0.00021180869775318874,0.37117703171758903,0.42528350682156163,-0.8258678614357884,0.00039142664173388137,0.4041169456367936,0.7132125087392538,0.5402055692968334,0.00205663773923258,0.822669877887685,-0.5426355997000487,0.09606011203549056,0.981128538390876
564.93018,1.0,-0.00634021582263302,0.000309945769418444,0.0011636497940451785,0.0004882466995098292,0.3722730106889683,0.42562276537883487,-0.8230715818741174,-5.6363537446692824e-05,0.40388412088171327,0.7148728035442486,0.5428114404348791,0.003590125754622416,0.8231485402491135,-0.541769178409856,0.0988473540051149,0.9761715863311067
565.3924,1.0,-0.005063137084783069,-0.0011450328777125882,0.001628990863638379,-0.0006856038267407675,0.37211251174764626,0.42434427310353373,-0.8208937259219992,-6.846517609695684e-05,0.4026926787279258,0.7148280288479913,0.5438768262016052,0.0030398156169397068,0.8245333199626056,-0.5399097589798084,0.1007033098900416,0.977566583916656
565.85449,1.0,-0.006182188743963794,0.00027534057275312835,0.0007032733898805298,-0.0005642786012483434,0.37468881005646376,0.42235316457474636,-0.8219475419290382,-0.0001690029033196317,0.40207114861151383,0.7139232057619977,0.5459343015690006,0.0021245857925087206,0.8236019551603094,-0.5382668095768386,0.09958120846260483,0.9807032720151285
566.31653,1.0,-0.004953035047242162,0.0009900795934298188,-0.0009916195280196324,0.00022776812420943396,0.3759542832240043,0.42229438201786695,-0.8244573647748205,-0.00029037147506599977,0.3999437533824323,0.7153949317304434,0.5454920049834855,0.0015067809202856145,0.8237640811058936,-0.5388805933948891,0.10208365563175062,0.9784782412783563
566.77838,1.0,-0.004733128015249193,0.0015698609595069131,-0.0010494100266458823,0.0005973473337332969,0.37767608428195054,0.42285838524493014,-0.8230338869964997,2.6608762594621138e-05,0.3953415815659167,0.7175395915988362,0.5445199144178644,0.0009271455104811744,0.8262475589572471,-0.5403471165410997,0.10721319727746369,0.9777344906063248
567.24017,1.0,-0.005313906109783893,0.001013360340039906,-0.0014446919621758933,-0.00035171781317714284,0.3794854457045624,0.42212652526402406,-0.8210923522218284,0.001206237070162636,0.3940004088876764,0.7176759288681146,0.5446443735490459,0.0026053596664062308,0.825707905284922,-0.5396434525288545,0.1063909928072275,0.9787765339003746
567.7019,1.0,-0.005670109604692287,0.0001127447256133273,0.0001759074521226684,-0.0013499082280536358,0.37870872059435035,0.4222156863475269,-0.8172588206246483,0.0003328065965407284,0.39391722501810955,0.7185400803063394,0.5455988448286049,0.0025440838507223822,0.826851957445177,-0.539033053569507,0.10419587158952101,0.9765593794593667
568.16345,1.0,-0.006317143053190711,-0.0004575146500764595,-1.6180219534334302e-05,-0.0021544274522588996,0.3782925148147176,0.4245687661700252,-0.8168052985724968,-0.000584850009582546,0.3925602870984889,0.7161916379058745,0.5446731719172222,0.00231859286604651,0.8262134156447074,-0.5391315989328436,0.1060538436230366,0.9760061429955696
568.62494,1.0,-0.006627566774818007,0.00013290912413263338,-0.0003880309109099002,-0.0005818401349539504,0.37966971094920865,0.4242535715434785,-0.8159788134399054,-0.001211239873256117,0.39286563066203617,0.7156846754603615,0.547865771642084,0.001873320558320009,0.82731295034956,-0.5382276942896556,0.10903153013874292,0.9779346384021468
569.0863,1.0,-0.005819090299573819,3.353190584624186e-05,0.0004447749385802781,-5.232515537779647e-06,0.3804808088900328,0.42405826969220095,-0.8152842475633889,-0.0002874298841266044,0.3923773437905334,0.714865822339687,0.5494659180284256,0.002321489855479414,0.8282476504701471,-0.5367594704184265,0.10919155283772762,0.9807033168932309
569.54761,1.0,-0.006090199350354936,0.0004530046084837867,9.718673791116933e-05,0.0007317307756190502,0.3823920957030533,0.42264749165774945,-0.8165417920455803,-0.0005894320478733298,0.3922402587854893,0.7181429691697592,0.5480846814043668,0.002272093613700482,0.8272315305366077,-0.5341963764482769,0.11140776757452729,0.9816418699494056
570.00873,1.0,-0.006214688992715031,0.001976927332614312,-0.0001956438467503265,0.001741140850965699,0.3810330435407785,0.42235459582214296,-0.817101008118861,-0.00013739465902233133,0.38972182886510687,0.7200050126414579,0.5479737027943022,0.001310321144457239,0.8277078176498727,-0.5350551670412131,0.11386505235261062,0.9813840238600177
570.46985,1.0,-0.007547417790392075,0.002402016651338673,-0.0005428889757032675,-0.0007995912100571277,0.3839140186044914,0.42223997315134926,-0.8179501976394297,-0.001000629199238371,0.3875410129791067,0.7189333573000816,0.5453479674685678,0.0011590347437141094,0.8254438047515475,-0.5356116848242756,0.11621281341807642,0.9787447728646713
570.93079,1.0,-0.00654316683567554,0.0011225511194854893,-0.00103265980378223,-0.0019019429946571598,0.38574244173021066,0.4221974960961261,-0.8144800470314224,-8.516609517636267e-05,0.3875331403288148,0.7200643097230394,0.5454916020260718,0.0009461613397396245,0.8275300812532145,-0.5359395002312061,0.11768222612666811,0.9783899155827209
571.39166,1.0,-0.005928124941768114,0.001767070799501374,6.139542180836827e-05,7.63676809410513e-05,0.3858439099060304,0.4231448567108666,-0.8133939872643025,0.00015461326200924886,0.3851428208328444,0.7222280820959972,0.5469619893678094,-0.0002068963556685251,0.8298091674468208,-0.5343314819643868,0.12102130502105549,0.9828658660896253
571.85236,1.0,-0.007703444125858424,0.002856461407338864,0.0009287343597389235,0.0011766832992954098,0.38685670654501825,0.4258646585944471,-0.8141715471114037,0.000716366609943864,0.3815645223425945,0.7229438264734264,0.5491414430098988,0.00010823246146240648,0.8289521237567672,-0.5337810024104247,0.12183173950917375,0.9798100595647782
572.31305,1.0,-0.006866928667343623,0.003644544875161475,0.0007719635084736891,0.0004627416864387592,0.38742240445759857,0.427208613180651,-0.8144037957796202,0.0012102522425948494,0.3818002361310669,0.7229111193697358,0.5492588516065823,0.0007434368390882818,0.8268125744010396,-0.5318300264712692,0.12063463014984671,0.9785230906428806
572.77356,1.0,-0.006797220621719044,0.0034322938625892395,0.0008970327152122539,-0.0007635995658372228,0.3889712709373044,0.42590287657824105,-0.815876040002392,0.0002752423987285159,0.3828478421636196,0.7215932990429011,0.5492774388192693,0.0018560446756645211,0.8278999426123296,-0.5295411094408299,0.12061352190648185,0.9800212649088016
573.23401,1.0,-0.007343833066238559,0.004183162293685575,0.0005780833669642649,-0.001450559095886203,0.3895888295620467,0.42490895617321345,-0.8139413650183669,-0.0002817662048200797,0.38226001075268146,0.7230525742780918,0.5498947491732253,0.0018317906313073918,0.8268851250966902,-0.528882981250866,0.12203219869744357,0.9769993779188111
573.69434,1.0,-0.0070251398500445735,0.0031161477575045136,-0.0002770781146144182,-0.0006060301191957772,0.38714581961744987,0.42416694306262376,-0.8152076862140437,-0.0010986964058866688,0.3788858477679693,0.7225174854751439,0.5484804227316362,0.002347305064057483,0.8266985637857986,-0.5281595734962216,0.12455650214459846,0.9730374328827078
574.1546,1.0,-0.00683410374099202,0.0014549664833783942,-0.0007069461175428448,6.318262140825978e-05,0.38681554461576423,0.4219886835008102,-0.8144871843466396,-0.0013351847942937398,0.3770774716002177,0.725396885288639,0.5454100935088823,0.0032844517414459067,0.827656687100013,-0.526004941952551,0.12487911795887245,0.9733580054398653
574.61469,1.0,-0.006414458312448871,0.0007030354007535444,-0.0006886178130632706,0.00023847335542856,0.3880043160999783,0.42227843943857873,-0.811930855455044,-0.0009847554938925162,0.3760527493536713,0.7263037654149725,0.544971374577233,0.002511658692108628,0.8310182875188665,-0.5248148873525791,0.12359430964071084,0.9743821065912337
575.07471,1.0,-0.0069560851111443965,0.000965945100688203,-0.0005501953608279404,0.0003826092960722037,0.38988950006412415,0.4233722880481035,-0.8139867505105381,-0.00030721203864796765,0.37453812163597106,0.7261663062778003,0.5456447347113935,0.001439021659364696,0.831888707113729,-0.5262569711951556,0.12629244788922422,0.9734151758293773
575.53467,1.0,-0.006333408493453975,0.001928277225696913,0.00035233942613988777,0.0012004360075019177,0.3887339136566511,0.4232286083602355,-0.817482286681242,0.00013375824704491847,0.37066256933298225,0.7283503184030722,0.5464083978187579,0.0016276916721831018,0.8314117156496456,-0.524344828919255,0.12709017220708124,0.9757565717382818
575.99445,1.0,-0.006192767018160246,0.00139475716998582,-0.0005516555094499458,0.001142874890641609,0.3885702867957254,0.4229124378657957,-0.8151246994948219,-0.0003413444251238889,0.36792294254406266,0.7301225839252679,0.547234149630071,0.002043284941630815,0.8332277951374483,-0.5231867896980538,0.12891292337804558,0.9785614358747623
576.45416,1.0,-0.006491478322657471,-0.000642141022760968,-0.0009520291052370407,0.0015731140540632966,0.38820884848135867,0.4218036199866336,-0.8127217188750571,-0.0005743325083555758,0.3682753040499462,0.7317359747670181,0.5446948430495374,0.0025071619305663683,0.8345344672747597,-0.5237735877992649,0.1308627396921588,0.9806722450066735
576.91376,1.0,-0.007092649371699602,-0.00016874478237899552,0.00026750769472081766,0.000528839751011069,0.38857348412885634,0.4216340697880871,-0.8131418082192575,0.0012908939921735553,0.36766547350973633,0.728932942908369,0.5428322048097626,0.0024145449736101346,0.8346587126262156,-0.5210568966806055,0.13291147906300613,0.9801388436867373
577.37329,1.0,-0.0060211563583904715,0.0006972226422832435,0.0006762856487592308,0.00027422885562208973,0.3871327397098647,0.42229599161171333,-0.8147622521468479,0.0015344398877879617,0.3690848713219337,0.7289936356954393,0.5432246798559992,0.0014683794897585702,0.8338969031858967,-0.5221812595123836,0.13469200817929866,0.9800094745344838
577.83264,1.0,-0.006102172786796351,0.0022993594148875336,0.00040523189444653375,7.267331806073415e-05,0.3894307661668795,0.42016264969620526,-0.8154979443384636,0.001342987360160274,0.3683662111874773,0.7319605350928848,0.5440471508792053,0.0020853163700007586,0.8332992643304448,-0.5213968856517215,0.13475522573507134,0.9777145287068907
578.29193,1.0,-0.0059997359488969315,0.0015082718179400645,0.0004891306505275959,-0.0015646219756609715,0.39146154045659004,0.4180469072918858,-0.8138999415844185,-0.0005137566710629994,0.3680597217000209,0.7332194913761554,0.5429356970389146,0.002650724639840977,0.8339491137403034,-0.5199739987483727,0.13630918850435153,0.978418766150871
578.75116,1.0,-0.005509449229122022,0.0005490758752041022,0.0008213485259340961,-6.837812856159448e-05,0.3890521086695027,0.41750427338197676,-0.8149282973758576,-0.0014165019672795268,0.36845223549491046,0.7358215035788581,0.5415296501909002,0.0026999443082497297,0.8345392045557682,-0.5210168227968782,0.13746044706357138,0.9810737083427195
579.21021,1.0,-0.005991859241154908,0.0015509580562412732,0.00015102054107851942,0.00042365232860691685,0.38909500950717746,0.4178935541269827,-0.8174718718121006,0.00033982220397629027,0.3651126467026671,0.7354740134492362,0.5443870122325437,0.000943212904915266,0.8348646590986617,-0.5186792362607272,0.13699874562121603,0.9781385186218805
579.66919,1.0,-0.006656484364746731,0.00297323226942685,8.847621730367641e-05,0.0002742144183728212,0.3904590675488664,0.41660961851727324,-0.8178710367684703,-0.00018968344170730746,0.36499017306662573,0.7364682682565173,0.544893904491145,1.7379118370073173e-06,0.8347408680355646,-0.5180720623925419,0.13674893916603917,0.9720073347907968
580.12811,1.0,-0.006487552104595618,0.0028865471926271145,-0.0003467245440819907,0.0009099836854370603,0.39089624865036,0.41507089430561883,-0.8183023561626354,0.0003991651130573764,0.36390784043916746,0.7375487699263668,0.5437786853178347,0.0007991257214171138,0.8325772863765161,-0.5179830504629076,0.14057741688916606,0.9677000704237896
580.58685,1.0,-0.005705597989108464,0.0011616449655263558,-0.0002667448122913691,-4.663707315602809e-05,0.39344205743628524,0.41431727758825465,-0.8169826887238435,0.00030899919666806103,0.3632763925262,0.7377331323902608,0.5400341800871394,0.0017021480683920415,0.8338875594735915,-0.5165291184686327,0.14263927816196226,0.9697785831186226
581.04553,1.0,-0.005125266137197452,-3.2987030791194573e-05,3.6996132954266414e-05,0.0001854977153184437,0.3929359508530744,0.413655628016296,-0.8184702305831612,0.00013963336369909827,0.36535575114670543,0.7398398975718947,0.5381600401184131,0.002066734674548069,0.8340532043072181,-0.5153947815918297,0.1433690745037567,0.9739729472944304
581.50409,1.0,-0.006111134998249812,0.00028478892020930194,-0.0005949761847064522,0.0006008553653950411,0.3924975408223107,0.4133872107726621,-0.8180552536714643,0.0008264019761983553,0.36288323822313384,0.7392696912538804,0.5366978852637291,0.001772815829139595,0.8347853066093011,-0.5153799723845024,0.14332577201728616,0.9746522838522698
581.96252,1.0,-0.004762026289268133,0.00015209816138702677,-0.0011955325245859346,0.0010527148820254253,0.39250301614932087,0.41075934881411613,-0.8163852317720827,0.0002893254003630716,0.3616658023510712,0.7395004612782963,0.5354577147024548,0.0030852922327827418,0.8346815205029479,-0.5161402252310984,0.14653767845304497,0.9717351478184066
582.4209,1.0,-0.004815366408287213,0.00041256141977686966,-0.0002744621577769258,-0.00011945792753188758,0.3938254257974071,0.40810884590064345,-0.816436725062662,0.00045241787319271593,0.3604083647954125,0.740998835403191,0.5341018102188614,0.0038928005638403183,0.8333774529676926,-0.5169765908105532,0.14882011770770323,0.9706197725947365
582.87915,1.0,-0.006059625315185296,0.000924041165313461,-0.0004668221965300999,0.0005170137277501173,0.3922468718602186,0.40709151543708216,-0.8186907072531799,0.00028637207726601446,0.36111812890678013,0.7433602309111144,0.533027147866465,0.003371592382190793,0.8344616034514972,-0.5174978027138953,0.1503004197254288,0.9712659528201643
583.33728,1.0,-0.006811595018041728,0.0008425768723024191,-0.00028405720072555347,2.7654400253673958e-05,0.3926673169706648,0.40796523991148737,-0.8205123156159911,0.00019974874023707034,0.3612752250955874,0.7436622267276745,0.5311784831936013,0.0029743146198172336,0.8329312352506506,-0.5164805839941129,0.15216160779056173,0.9735097798456658
583.79535,1.0,-0.006436973127368976,0.0012947236506006489,-0.00044632764836737395,-0.0001866455850691065,0.3942583115667475,0.4056372454417792,-0.8200005754293287,0.0006881985088674634,0.36055577883260986,0.7441770522785042,0.5303565974447534,0.002711599893173854,0.836227615811769,-0.5143054023385017,0.15198268163017598,0.9724139899983866
584.2533,1.0,-0.006562717213348985,0.002594713474428057,-0.00017326190890658974,0.000672516723841321,0.3945677255447115,0.4043322154022874,-0.8215062249836139,0.0016712152049925086,0.3599967238367375,0.7464937814200213,0.5312402615843421,0.0021303471098885556,0.8353915393109428,-0.5135723689624111,0.15268816702851637,0.9704940578547958
584.71112,1.0,-0.006460989027437897,0.0023769609428016558,-0.00018348731853836886,0.0009133053486677097,0.39476996343849025,0.4035469625291352,-0.821177246327564,0.0009870337027512487,0.3591523641003028,0.7467040869416655,0.5327388801113129,0.0024948194226762426,0.8336115576866652,-0.5127349359437035,0.15382277421947652,0.9714953622227751
585.16882,1.0,-0.00609956613174925,0.001952418148205684,0.0001767555251754856,-0.0006697993790995909,0.39691572079687937,0.40365572270739014,-0.8197968858528797,0.0016513531535121198,0.35766308283239645,0.746097819629272,0.5316442308583623,0.0022543857381759325,0.8325710149032115,-0.5131232658432091,0.15529620666190844,0.9713521593587869
585.62646,1.0,-0.005814253992875451,0.0029830401776394376,0.0007881569388299046,-0.0017679055639789817,0.39696210075661076,0.3989014709530022,-0.8194585691776376,0.0012106635357300149,0.3587654974530402,0.7462460994605769,0.5290216501775948,0.001402925152243108,0.8332300080906357,-0.5136186303153226,0.1543348618752782,0.9701719265723685
586.08398,1.0,-0.00659622171577324,0.002607652217441569,0.00035400120764928996,-0.0010096048656650716,0.3967807325537935,0.3970348048227754,-0.820798727810591,8.670007636318099e-05,0.35859955549103856,0.7467299685897865,0.5278869445206319,0.0018526860949595143,0.8325872312657077,-0.5132951020088291,0.15394702750727232,0.9703208640660608
586.54144,1.0,-0.006029501564403605,0.001263280444033161,6.816345189062666e-05,-0.000588775136682067,0.3971744288189358,0.39617529159270065,-0.8240645281790535,0.0002445292793913552,0.3566311634133884,0.7485133696547673,0.5258948185004035,0.0015196259170931745,0.8324170106091338,-0.5134962773442321,0.15560578562745336,0.9715716117402899
586.99872,1.0,-0.0054631223925170475,-0.0006953255735445901,-0.0008747165355981314,-0.0005315763544250534,0.39821037790563796,0.397239993478298,-0.8248467985138721,-0.0003527019324488464,0.357064122578985,0.7499468507428096,0.5252586632446516,0.0032052278709863487,0.8339933934651431,-0.513190106720824,0.15560031148514977,0.9702306068916615
587.45593,1.0,-0.006382530127241562,-0.0002650649623843061,-0.0008526298182600958,-0.0008322308814259205,0.4002699470570239,0.39697560957404343,-0.8250674115364182,-0.000851490825289889,0.358451750891011,0.7503938992855721,0.5235924021893525,0.003116830459814869,0.8333580893438565,-0.5138011425557759,0.15627155187466205,0.9699793788757715
587.91302,1.0,-0.007000605670910916,0.0008981375138384351,-0.0007877302864309413,-0.0005150258012468773,0.40024642024354967,0.3945929053483914,-0.8247413963433786,-0.000656070808844881,0.36044179487806727,0.7514102698915645,0.5225507437273815,0.0012471484638831654,0.8339798544651917,-0.515393051827581,0.15820761357223767,0.9739813326159167
588.37006,1.0,-0.006062016012390723,0.0009700662592781555,-0.0010165252130491028,0.0005051369584983048,0.398999656315294,0.39288028274406744,-0.8226001215964971,-0.0006921867150219925,0.3621668224991779,0.752943621349127,0.5240911223629208,0.0008523039383721022,0.8318192996456667,-0.5155737873232741,0.1612270070282063,0.9751258910072513
588.82697,1.0,-0.0057599723248350585,0.00108806249696804,-0.0004394832673722703,-5.997828554503692e-05,0.40070057822858757,0.39186259817909,-0.8217236686645466,-0.0008792723252474996,0.3617511920655976,0.752902664530134,0.5219314467262487,0.0016678969525067257,0.8300488796556023,-0.51424091844994,0.1629175626897846,0.9711760793677962
589.28375,1.0,-0.005533100308451253,0.0016201986604032887,-0.0005685420318186681,-8.758040190244356e-05,0.4019069814811392,0.38971481414337766,-0.8211987454803216,-0.0011620939666133678,0.36241547865633433,0.7512060557976876,0.5213360526705066,0.0020351788338933588,0.8310022878592953,-0.5147788079725344,0.16282781247394476,0.9685984024125668
589.74042,1.0,-0.005523254268644906,0.0005268505331892827,-0.0005975405740051591,-1.9058344957484306e-05,0.40286394025169436,0.38835003071539204,-0.8245776283026559,0.0010350815262800768,0.3609830295452106,0.7506192800595813,0.5208013193981934,0.0020553939767530977,0.8303048946483317,-0.5150217571304038,0.16295753720658332,0.9662231248761628
590.19702,1.0,-0.0058194777657476875,0.0008495520419344294,-0.0010283808332317349,-0.0014850990894948366,0.40416798708462864,0.3869297311211785,-0.825758876467123,0.000536599849446626,0.3600176584293232,0.7504446574192664,0.5205249809076398,0.002238043762487385,0.8298188537300302,-0.5158601800591444,0.16469318534342867,0.9660702800814897
590.6535,1.0,-0.005656797735232183,0.002139270322268059,-0.001676977105952922,0.00012103392359814767,0.40507709167803463,0.38612316283664666,-0.8257046267416558,-0.0010979973256710672,0.36152370347785684,0.7512438561484674,0.5199520666831955,0.0010354101604992585,0.8311921567395376,-0.5162219050656464,0.1690709043549084,0.9671582992113985
591.10986,1.0,-0.004477103652549619,0.0033534292114803976,-0.0003368578447245939,0.0003329552185476625,0.40506481714191783,0.3840409353371837,-0.8249412914007785,-1.0074186484613285e-05,0.3606514772877769,0.7512532100259742,0.5198664577061053,0.0007750454983891946,0.829671064061896,-0.516847856675522,0.17028304735213648,0.9654426009642513
591.56616,1.0,-0.005001601722825343,0.0023108184805584,0.00018374396258349815,-8.701061019309169e-05,0.4051991236552146,0.38101099647129083,-0.8229716294942252,-0.0004145560266160715,0.36175203894684727,0.7535693341547003,0.5188480963377834,0.0022719592404865704,0.827456314402687,-0.5175913251073972,0.17073580691376655,0.9639704748699016
592.02234,1.0,-0.005806864889246796,0.0015466668947107945,-8.787706413370812e-05,0.00031781424706155375,0.4080483590411005,0.381132457064746,-0.8225695537065839,-0.0005612152532032714,0.36261538027809825,0.7552531845834124,0.5194342598942244,0.0022284191013396907,0.826445493030524,-0.5184661797253185,0.17074769758962097,0.9645872286334817
592.47839,1.0,-0.006493839127332929,0.0015740636871747246,0.0005317174239882476,0.00016895022232506947,0.41047982197738675,0.3830482670722174,-0.8226284674878755,-0.0013583911058463606,0.36240660721195467,0.7547496692493442,0.5195515639621437,0.0021449066284044724,0.8247203632097717,-0.5191443144815092,0.17011151276653957,0.9668900011311832
592.93433,1.0,-0.005834824174437012,0.00029068436521700755,0.0002738732990293955,-0.0008599913287884172,0.410118824072855,0.38144209477383034,-0.8224473407197617,-0.00030588681036433093,0.3644567135863705,0.7536139195492044,0.5196974258873945,0.002449551990527128,0.8250283774360129,-0.5193037412818922,0.172158020729204,0.9715250380061842
593.3902,1.0,-0.006489832198038591,-2.1397882298349644e-05,-0.0006403545990646037,0.00010752625591862963,0.4100437233526709,0.37938199280797075,-0.8198858118029405,0.0013608930042714636,0.3657788610195379,0.7534068276508256,0.5204405261244252,0.0013055927310437223,0.8262212129431084,-0.5190440824940611,0.174599221493925,0.9713885081708061
593.84595,1.0,-0.006884804025999112,0.00039796103786609346,-0.00010428732152570757,-0.0005729646328364387,0.4133814444355463,0.37881184719611877,-0.821492508929468,0.0007888359686616831,0.3643426169540492,0.7545580389227526,0.5199766581819899,0.002444140207354332,0.8247368371854991,-0.5193246692566375,0.1800582353471019,0.9710605279760279
594.30157,1.0,-0.005332007885465183,0.0001584209962118583,-0.00011707235915976704,-0.0012188333542784997,0.41333292910328384,0.37942325193421433,-0.8228898768742283,0.00028132052026752833,0.3640187495733471,0.7533664057411104,0.5194004808014565,0.0035110207019313127,0.8238622930931736,-0.5194772543001951,0.18035672619893306,0.9724261589486984
594.75714,1.0,-0.006050032469691961,-7.782425259390904e-05,0.00029115851423957054,-0.0013603107096075203,0.4146280437951918,0.3778660654992832,-0.8238787218231148,-0.0002480679797305775,0.3667844960535619,0.753552285414224,0.5177943539557345,0.002108171548804617,0.8233312479156988,-0.5220173788429698,0.1786787907784207,0.9737403196942384
595.21259,1.0,-0.006125831894379039,0.001600295406022694,0.0009633489682280061,-0.0006568024749214818,0.41614469619998035,0.37566187836297915,-0.8249881502608809,1.9913984888459613e-05,0.3665564289706564,0.7523837995160865,0.5189504554728499,0.00237845438863762,0.823626026489608,-0.525364219846788,0.17913956475458226,0.9707907132035295
595.66791,1.0,-0.005675937626951029,0.0028614895171627805,0.0005403871520279277,0.0005043060271867822,0.4149537578133559,0.37500444835308794,-0.8232574605952676,-7.670487008458121e-05,0.36731990651564733,0.754763992521705,0.5197691196337312,0.0023566819562120546,0.8216608146449098,-0.5248692631300179,0.1796065592236005,0.9693450000983286
596.12311,1.0,-0.005511161213734407,0.001296622480662013,-0.0004927870155505537,0.00026934617057040844,0.4147616270052142,0.3747081280585779,-0.8207062409221549,-0.0007872246855469296,0.368361280404369,0.7544790209744132,0.5185779348002166,0.0023226828570261844,0.821185373488542,-0.5242742550292572,0.17987735750868086,0.9715280205423175
596.57825,1.0,-0.004963646356606168,0.0007627467933660253,-8.936437941473807e-05,0.0002891491768280756,0.4196190483373301,0.37316889832093736,-0.8218058479207209,-0.0008356495680773283,0.36687940038912614,0.755124894006516,0.5180779934715045,0.002882243669615689,0.822633399837465,-0.5256922877582669,0.18203357425487976,0.973763222768204
597.03326,1.0,-0.005689870585871652,0.0008219673534497596,0.0005256381835977067,0.00028817798710529624,0.4220586853045706,0.3727821541271859,-0.8206668649709661,-0.0019462221029437944,0.36545295645174103,0.7561920305658142,0.5178749023529504,0.003150096144726388,0.8210624639506621,-0.5270308921740822,0.18464102924457193,0.9741496118553679
597.48822,1.0,-0.006897559162144215,0.0006826109768220852,0.00010228399236194019,0.00051566914625873,0.42375857651058313,0.3726231476257411,-0.8216877154290421,-0.0020885952818304574,0.3643846659694256,0.7554257708059869,0.5191706472915673,0.002241207396278133,0.8175059095540312,-0.5253635535228189,0.18674487359623587,0.9739254191156953
597.94299,1.0,-0.006984020587371993,0.0006469865102220909,0.0005557315479547724,-0.0005032744119884417,0.42487855368682004,0.3735597474846888,-0.8224126752263058,-0.001371544542546448,0.36509048503110825,0.7534887521142593,0.5188097356670461,0.002232439862924775,0.8171292963339439,-0.5272107510167926,0.1885169264241105,0.9729995118048315
598.39771,1.0,-0.005916257010623689,0.0004378291094065901,0.0010642614749981913,-0.0007371957287130743,0.42469579238810307,0.3722683724980538,-0.8196521406614206,0.0008807450049006531,0.36612964801945014,0.7532495046007731,0.5192510432213397,0.002567706108546122,0.8171091666133096,-0.5284268737752505,0.19053536412779284,0.9709673918932629
598.85236,1.0,-0.005268675909724871,0.0002287448577460089,0.000543295085830665,0.0006663622836698226,0.42396121714536694,0.37166272948005025,-0.818940460098081,0.0013178975187391373,0.3662986613984047,0.7529236529739807,0.5207150206821625,0.002570404630984975,0.8159751463350717,-0.5292806652368658,0.19286736389360232,0.9668905286443432
599.30682,1.0,-0.005417620091061489,0.0006990605409658082,-0.0002861103789207229,2.614244923848426e-05,0.42514249025614487,0.3702919771922216,-0.8197325855835965,0.0004930683778487476,0.36718934160043304,0.7516021559861656,0.5202885345170646,0.0025902255145507807,0.8149115143513591,-0.5293661344169053,0.19292274481323518,0.9667008887908275
599.76123,1.0,-0.006632497769909453,0.0012779634520900284,-0.0007709604617566202,5.3330357305308183e-05,0.42636927425284815,0.36962604619372114,-0.8206034462044567,-0.0008231670998697729,0.3665316507908884,0.7530367317564303,0.5197100245875637,0.0018560533837012475,0.8129770963425168,-0.5291511401832504,0.1917080095675745,0.9693220459630736
600.21552,1.0,-0.006266469214643096,0.002183299413564564,-0.0007044761384481392,0.0006813184862926365,0.42868912403534487,0.36859170716290135,-0.820729471083819,-0.0010164403617127732,0.3671076616693128,0.7538118382698058,0.5216301990700345,0.00192350669929635,0.8131861065311217,-0.5302660501869151,0.19177523636977678,0.9714953439987799
600.66974,1.0,-0.0054661732871372866,0.0017557136047538675,0.0005345489620140198,0.0005267203546463265,0.4289704778269939,0.3684033410358797,-0.8218673210919205,8.698109429511871e-05,0.3666825487608741,0.7524270811766605,0.523291970932942,0.0026048246845491218,0.8113474905504056,-0.5299181985170549,0.19432495740411304,0.9681096010885495
601.12378,1.0,-0.005232449063701891,0.0006579631911916111,0.000981532177942887,0.0008473892065662176,0.4318959524614531,0.3705033270100216,-0.8193432411183647,-0.0006007682530788838,0.3671237569388054,0.7518514149089123,0.5239614073581996,0.003381961014655422,0.8103080831862752,-0.528743943413937,0.1951523888977688,0.961973439138816
601.57776,1.0,-0.005525495479494113,0.0007184318969885109,0.0012614940749641152,0.0007862772839847292,0.4332997526639815,0.3711033751037922,-0.8179388360912934,-0.0003049397561585253,0.36510340747276604,0.7497502283956978,0.525312977723222,0.0036290203031164193,0.8125136063314273,-0.5311504065901895,0.19754420655570185,0.960512590660049
602.03168,1.0,-0.005926438036803355,0.0005524331698982296,-0.0004505336689129578,0.0013569520284273078,0.43403489396435924,0.3691930113826768,-0.8165624685743446,-0.00017043241321916801,0.363067545949937,0.7490188122543437,0.525846453697625,0.0036494671021337277,0.8124793978636959,-0.5323728809078861,0.19721678885603527,0.9616823789973047
602.48541,1.0,-0.005777247813192003,-0.00015173836152270964,-0.0012152772831220643,0.001202346986574621,0.4359682843585705,0.3689725265050657,-0.8131492796060622,-0.00028021706228752245,0.3627353000374737,0.7506806342310877,0.5224036848109166,0.002480760237671346,0.8135901542225126,-0.533405086518642,0.19648660382083122,0.9613783116431008
602.93909,1.0,-0.005623630900354081,-0.0009776846480494023,-0.0007993248984508182,-5.9051564854175865e-05,0.4375521486683098,0.3710441993876801,-0.8116011933779531,0.0013608080423073569,0.36326929475023817,0.7513336304691878,0.5221458748609793,0.002002108359917961,0.8136100585244035,-0.5319989358441979,0.1977872009238494,0.964033832010729
603.39264,1.0,-0.005500177749270622,0.00012169965537780433,-0.0009656795723495827,0.0004589378152539631,0.4392246612666782,0.3693237080418603,-0.8127747756207018,0.0020575916844150473,0.36269225244185616,0.7503520184163106,0.525119290924047,0.0014376706081117528,0.8134885447397991,-0.5314955757797923,0.19843200447754078,0.9661020021195529
603.84613,1.0,-0.005460090026412367,0.0009355802543766345,-0.0011142413367168414,0.001374467160207161,0.4382913672285759,0.36814847900455006,-0.8129771796263052,0.0008078727152533913,0.3604848006211289,0.7506192851061294,0.5264179254678193,0.0016300729628325988,0.81222365841944,-0.5325667028633738,0.2010566642794195,0.9623952676519292
604.2995,1.0,-0.005187911472718678,0.00023555191060706905,-0.0005551065546466043,0.0011209354986448249,0.4382767000027237,0.36714384236323555,-0.8130318167292,0.0009435885033849154,0.35962239657958206,0.7513826663626954,0.5258026842578442,0.002067190103654168,0.8112518392280693,-0.5315625810127182,0.20291229023177246,0.9603837221622246
604.75275,1.0,-0.0050939709920554375,8.806280036997761e-05,-0.0007039300269196452,0.0006387986522506167,0.43965577708406567,0.36904803123319657,-0.8134677661383082,0.0015739288191585915,0.3591094645420123,0.7506052299669882,0.5278490868398087,0.0017902413571582894,0.8111048122623012,-0.5317281787167981,0.20061771165374517,0.9625856077477163
605.20587,1.0,-0.0056138561443602655,0.0012222487830976366,-0.0013545452075975847,0.0012778886094652615,0.4411757032079241,0.3696258661949167,-0.812857016153542,0.00139922119928527,0.35727790576843027,0.7507653765727292,0.5283288579399545,0.0023059604768366155,0.8101402919621707,-0.5327038559968257,0.20225372302530534,0.9616716705311462
605.65894,1.0,-0.005519380438206667,0.0017677574113046301,-0.001122512595296157,0.0013183618805440835,0.4424260905677529,0.36976681695175195,-0.8112406850462003,0.0001805443532069485,0.357956792760547,0.7524360884154601,0.5280043052758041,0.001988704455245415,0.8086588845277237,-0.5328377774664322,0.20480091529558417,0.9586408822043107
606.11188,1.0,-0.005954620961795117,0.0005586266870787846,-0.0010018318243230095,0.000980317938174816,0.4445615259284165,0.3702353368216132,-0.8099822378673822,-0.0009322544317419871,0.35835885378972726,0.7517833333777285,0.5261036531867532,0.0014002372115879999,0.8068704881837876,-0.5334435410576157,0.20694202868793488,0.9576314939856132
606.5647,1.0,-0.006171506936996454,7.930196110152812e-05,5.1572949084013826e-05,0.001057082833148384,0.44698179912068997,0.3703441381300299,-0.8099606878854777,-0.001087412014627923,0.3571008610072223,0.7494717131287236,0.529508103786558,0.0015705159152678584,0.8083890028481775,-0.5345773089527213,0.20749288602961444,0.9588424075021557
607.01746,1.0,-0.006684660814280258,0.0004165553347851018,8.432894684193787e-05,0.0009948136933709203,0.4483258146788542,0.36987555054079724,-0.8114707493668812,-0.0006218771706821526,0.3559048246466771,0.7486683267029877,0.5316427397712399,0.0017688593236060482,0.8080304863361112,-0.5348485033317335,0.20804391771248545,0.9615677096711769
607.47003,1.0,-0.007350573029275772,0.000782167989756422,0.00043520231543466915,0.00014266941193002083,0.448755988030276,0.3696663075933821,-0.8101504550303246,-0.0002837002156550017,0.35517663599994836,0.7485668520989425,0.5319463646644336,0.001298148575552799,0.8076238788298362,-0.5330278985367377,0.2076896405271094,0.9597496390149407
607.92261,1.0,-0.006707409819788147,0.0020986521765815024,0.0001743450709320569,-0.00012338182069897985,0.44932022699027,0.3694643078705356,-0.8067865828011005,0.0007806068061734797,0.3550987090407221,0.7495420180360071,0.530174493476461,0.001140067166824408,0.8075019095995144,-0.533444327356462,0.2081679330825627,0.9524029618921032
608.375,1.0,-0.005830511059357668,0.0018536882520435766,-0.00026955690804768913,0.0002970044880946894,0.45139197283536875,0.3697847514148301,-0.8055466820827698,0.0007148328231587587,0.35330124449993483,0.7488650779737237,0.5320173705633938,0.0016755257622321003,0.8073244631588429,-0.5336946844126436,0.21031615766231035,0.9483846074527682
608.82733,1.0,-0.006223381171112338,0.0023798400384649416,-0.00041666903038058096,0.00019562281818966,0.4526074799154056,0.3702580389434213,-0.8047916370823012,-0.0006911943105614521,0.3541609727609734,0.7475292624958016,0.5331166055316215,0.002051846003267224,0.8096415392909752,-0.5318959454954091,0.21288287715871657,0.9525369384478061
609.27954,1.0,-0.005403016674336229,0.002274303594932927,8.618457078977913e-05,0.0004093561288900857,0.45329149909838323,0.3715461326275714,-0.8052811099737703,-0.0005760528997050662,0.35350715076905087,0.7485613910227117,0.5331888921239218,0.0018639849288623741,0.8089701696367418,-0.5318798156534125,0.2132648756176237,0.9555686665646405
609.73163,1.0,-0.004178763720362058,0.0007155540145934743,0.0003437890418159177,-0.00018145330441790734,0.45340250991762643,0.37103620812756744,-0.8049224130785101,-0.00022745857005363344,0.3502629934586831,0.7500600552768768,0.5344960215449873,0.002900481918676767,0.8079901034348496,-0.5322060530802404,0.21119573973925237,0.9596387838026544
610.18365,1.0,-0.004691481701586029,0.0010291534339805612,0.0008164299206577505,-0.0005213633897166664,0.45393783126191267,0.37176027320240307,-0.8049115044514902,-0.0003727779104041809,0.34867669111298133,0.7508154237317636,0.5356392163817788,0.002662464809976034,0.8078549385803369,-0.5301816364262993,0.21183446784059742,0.9660359512616611
610.63556,1.0,-0.004285990550685674,0.00023247279671564317,3.840365253823911e-05,0.0005533065907443555,0.45622224877153533,0.3727311088155299,-0.8051264549664416,-0.0010085420624639883,0.3501426591953036,0.7528009659456307,0.5357394542447859,0.0024775291697319434,0.8087246896646749,-0.5302195456036616,0.21527732018573967,0.9664393535486185
611.08734,1.0,-0.003779308192516311,-0.0002563058997949169,-0.0015453352989966483,0.0011792864808751694,0.45667246938452705,0.37254196349153057,-0.8037543848834402,-0.0006922607845862115,0.3473637054286162,0.754889233167627,0.5360850350520304,0.002426449693971949,0.8075928493023217,-0.5308280214052988,0.21809766444017054,0.9610137251892553
611.539,1.0,-0.004913588834111877,-0.0003010741134458762,-0.0016893209016949514,0.0006334030308302817,0.45586700170946726,0.3718751191160009,-0.8034404556840541,-0.0006111734120665313,0.34436922413869947,0.7536389261088621,0.5359734935940335,0.0024084836221135823,0.8072411841090458,-0.5285757464408627,0.21912163224625839,0.9554264275872008
611.9906,1.0,-0.004736701464910925,0.0006371564525949413,-0.001362395848647638,0.0012178793937556315,0.458112087411701,0.37205144484614394,-0.8019427279058522,-0.00031658761611720344,0.3441352112279307,0.7525481632011853,0.5359599533605304,0.0033019226386932876,0.8068036468897836,-0.5274994645810726,0.2191844421543486,0.9539212173265705
612.44208,1.0,-0.005209405628215472,0.0004799778464327818,-0.00196721528971605,0.0013297677439321248,0.45878900408122464,0.3722165459701955,-0.7994043033183731,7.282353067887058e-06,0.343973398873944,0.7512115148458051,0.5358373779915622,0.0025567133538393605,0.8082639963873957,-0.5283804184929015,0.22118731803103078,0.9537147860846027
612.89343,1.0,-0.005265242877409515,4.529454742597434e-05,-0.001269210997561895,0.0008225765686376966,0.45971962528284094,0.373388098251068,-0.7996846027820086,0.00011715002589381585,0.343221650001663,0.751899235728638,0.5362111334199356,0.0009213615690520749,0.8082093154184068,-0.5282010623442377,0.22341396005517536,0.9551268975539333
613.34473,1.0,-0.004885981895691372,0.0007558201472576434,0.0004369796325489567,0.0008471010532191275,0.4596463638566956,0.3734227892839266,-0.7993973667478036,-0.0002837061424095673,0.3417960424125948,0.7519136356751757,0.5351853198966222,0.0015864362865490244,0.8080054581923375,-0.526896105906017,0.22400898137041875,0.9562740159162032
613.7959,1.0,-0.0043448489900002095,-1.5860729334052184e-05,-0.0002842465838394426,0.0005134027494973846,0.46083242026091503,0.3747031963244741,-0.7991129779094815,-0.0010058717299276023,0.3404081383901842,0.7530014600079044,0.5346458203218271,0.0016316218035008836,0.8091373867239501,-0.5246821966780545,0.22335740914660232,0.9564984941874943
614.24695,1.0,-0.003986427814431807,-0.0005625578907144281,-0.00047050548804505003,0.0007114649067574983,0.4613507752365748,0.3748972674912749,-0.7988036767724038,-0.0007847850168876501,0.33952204052970536,0.7539152008188057,0.5351470385573237,0.0037058212202962736,0.8093861718726982,-0.5249004596538791,0.2236366020099431,0.9573942985364028
614.69794,1.0,-0.004768166606656173,-0.0007475572770428109,0.0001906173513791958,-0.0007999234107595563,0.461136312400994,0.37541270675583926,-0.7986006234984,-0.00018338562294608994,0.3372365078461421,0.7552359758487133,0.5352057163458231,0.003582792229770771,0.8094546182315902,-0.5253285284844298,0.2278517032411964,0.9568210817974298
615.1488,1.0,-0.0057992967229207005,-0.00019467230995263922,0.0012390228450710479,-0.001089769279623051,0.464169804437701,0.3769096467981438,-0.7998812276582816,0.0005982342035010096,0.33373014990840105,0.7557533361619005,0.5370505287530364,0.0029724880713569144,0.8090623423924518,-0.5260831406275126,0.23030338830960914,0.9549887939258088
615.59955,1.0,-0.005289987585597205,0.001428716657860696,0.0011703607032897516,-0.0008754311951051718,0.4643373923493336,0.376124229102533,-0.799185851970395,0.0003000858043890309,0.33451042088472294,0.7559108344593279,0.5375903823798708,0.003131563176198037,0.8083557415254853,-0.5248383405999208,0.22865119309237383,0.9575344098159501
616.05017,1.0,-0.005411222500804769,0.0016073595946908689,-0.00021014249004142047,-0.0007285299091528129,0.46378538541320774,0.3739699317481905,-0.7971829278004191,-0.00028135737613454217,0.33608274568583024,0.7569001469753966,0.5390044808222656,0.003315234042937603,0.8095126361031261,-0.5231247747402904,0.2294731932821987,0.9622884823374745
616.50073,1.0,-0.006170360081598516,0.0008218648712193158,-0.0011180075528327762,-0.000677374333762451,0.4640317551338534,0.37463551846923854,-0.7964249353946456,7.466936523206643e-05,0.33365126026803377,0.7567651331954198,0.5377251214124261,0.002662008927488037,0.8088398092916854,-0.522382062395362,0.22991217035950148,0.9617078732787236
616.95117,1.0,-0.006470632351347284,0.0010901953050265628,-0.00040448665313945166,-0.00044263710686479567,0.4635822144114034,0.37519735077961397,-0.7959029542167482,2.692128523328599e-05,0.33017561223170244,0.7552124832610045,0.5387240857476131,0.00204721567202122,0.8091018973930576,-0.5215399155120498,0.22897507230417316,0.9610750546311916
617.40149,1.0,-0.00694873100369158,0.001348236939152371,1.5433541878373823e-05,-0.0008746936076699564,0.46363945231895687,0.37529516726082585,-0.7988101667483597,-0.0003518724774727624,0.3283716331910717,0.7554662032722816,0.5387805339977715,0.0018852458535624779,0.8074458981923109,-0.5195928132710759,0.2314051421615095,0.961554938506864
617.85175,1.0,-0.0054778537294826795,0.0009870425882132126,0.000330807363855971,-0.00042484336634473845,0.4649617224346758,0.37612166882081116,-0.7989396067554505,-0.00020103306165592487,0.3273289232884884,0.7563367764342932,0.5368357226531761,0.0018417893703623594,0.8072045623039644,-0.517585300394913,0.2333949174813803,0.957803210518696
618.30188,1.0,-0.004732097801077984,0.0011283259284952261,3.362361702851063e-05,-0.0010804002091111754,0.46458862824527386,0.37493017829045294,-0.7940283852402736,-0.0002053520431347726,0.3273308681571902,0.7576259066970459,0.5374201648463707,0.002785952776064053,0.8085074627015097,-0.5181583998267868,0.23344074603910386,0.9529372929412148
618.75189,1.0,-0.005464773094721942,0.0002478430705702107,0.00020562204331521763,-0.0004569653883366585,0.4659325558833752,0.3728462263840951,-0.7928501143314818,-0.0007130132963100237,0.32497018753668055,0.7582183573124136,0.5365526361026132,0.001982748654199563,0.8102086571745932,-0.5173657758822254,0.23426510424129127,0.9486137983940433
619.20178,1.0,-0.0053816260293308655,0.0007772563322992378,0.0013663102263204224,0.0012166645840189017,0.4677565174513161,0.3723319760979848,-0.7953788551708291,0.0005932392944901469,0.32285584327578376,0.7590545344189786,0.53555636502621,0.0014954753295685441,0.8113108371411591,-0.518299828130138,0.23516019980668895,0.9491430402293214
619.65161,1.0,-0.005970504295338588,0.0007828610318813732,0.0007572531936922205,0.0017319472771453474,0.4668202246714654,0.373416245615459,-0.7974356519235618,0.001229906213052913,0.32225035745273756,0.7604869494279635,0.5356017713756854,0.0018992559419042994,0.8114422850480597,-0.5203842041715042,0.23808506838658186,0.9556827297023228
620.10132,1.0,-0.005784464121347102,0.0006215024578742472,0.0002635484611380218,0.0021340956225506615,0.4639895759517163,0.3742326404791663,-0.7962432077652482,0.0007784977641783275,0.32318132458585247,0.7632305472282349,0.536155610880973,0.0016762248033976373,0.8142758671802176,-0.5199760444232665,0.23893423289427482,0.9582257706976242
620.55096,1.0,-0.005600087087348236,0.0004942850894068335,0.0002483878907827679,0.0014618793008015002,0.4650669084036288,0.37554235176665224,-0.7960317450183404,0.00032214046916991836,0.3229204892672355,0.7611929295040538,0.5367694300756717,0.0022765903466087345,0.8142327886996447,-0.5172867706393758,0.23903207438662058,0.9518656018750685
621.00043,1.0,-0.005632545127002589,0.00021447291450628952,0.0004516151055587832,0.0009809634164168876,0.46693290793178016,0.3746890696290064,-0.7961358583996646,-0.0009887669940661624,0.3216125333353772,0.7620162929551816,0.5371807496774016,0.0018830875485669933,0.8137008564025533,-0.5147777475958301,0.23986599809867004,0.9487451798348713
621.44983,1.0,-0.0056171319728975525,-6.5991654540901e-05,0.0005081050149627035,0.001368732596829826,0.46721871751582383,0.37518751730405947,-0.7947533908613895,-0.0013903489695698045,0.32142089461375445,0.762555867045184,0.5363371997411056,0.0027428359069337853,0.8116882698670936,-0.5124287267771878,0.23938648214649158,0.9495027403353014
621.89911,1.0,-0.005495623953652439,6.479636776241147e-05,6.320097927135437e-05,0.002143538444397937,0.4680580779467123,0.37220164148493967,-0.7949626996786163,-0.00011766491839592397,0.32043505478203393,0.7621935412165359,0.534982240135463,0.0012880115112605306,0.8142197685653628,-0.5119648078436342,0.24089418587395672,0.9479008151582875
622.34833,1.0,-0.0058298118786193655,0.0003837567331557725,0.001005474896200149,0.0009633783442518834,0.4699031313879828,0.37035883104767214,-0.796345224282892,0.0007536014903777071,0.3176616357665553,0.7616297220372998,0.5328776676817832,0.0014381044390935453,0.8135175996333721,-0.5102952047246708,0.2412363826170574,0.9451050621573187
622.79742,1.0,-0.00555138798362188,0.0007791228143853902,0.0016897182256592628,0.0001127952608927331,0.4699274115213923,0.37018292600077707,-0.7960200503347941,0.0018566095468643428,0.3181816549894361,0.763070077214245,0.5330191116200883,0.0023791312268943137,0.8135583660048403,-0.5098555776231312,0.24235535584834905,0.9485472001756984
623.2464,1.0,-0.004899070400048154,0.0019989083470960665,0.0016690362631502863,-0.000611676541030824,0.4691701408016757,0.37015468781350575,-0.7976551656269494,0.0014906504438278406,0.31730144463054577,0.7649553256578165,0.532512789467967,0.003354316967580263,0.8137171468198939,-0.5075416477791164,0.24391061455967172,0.9523143436715648
623.69525,1.0,-0.005157782046074032,0.0031140103777782943,0.0009161915979922685,0.0005873894296067187,0.46708128215783623,0.36911076367347895,-0.7975825981828236,0.0009308855565009939,0.315477582365849,0.764701098472907,0.5305584193611568,0.0016212487202073747,0.813227023860354,-0.5066531727141617,0.24525166447857066,0.9545199800858536
624.14404,1.0,-0.005052896819520191,0.0037583905673585698,0.00037320389824558697,0.0018600210215211543,0.46598857513423964,0.36806068114516594,-0.7966664514747499,-0.00018547288628536685,0.31814734461103106,0.7674603323096173,0.5301523928502504,0.002346482025416723,0.8116886750469648,-0.5069446562209325,0.24675479523163166,0.9539077295296685
624.59271,1.0,-0.0053341933903672464,0.002053531814590942,-0.0003414251359821915,0.0013806268973288137,0.4673910375251426,0.3684092535164517,-0.7964146423633752,-5.159022175829271e-05,0.31759385719086125,0.7688532221753772,0.5290501674898536,0.0020725975540934263,0.8116551315068369,-0.5087087504082185,0.24637441106068345,0.9509257471014563
625.04126,1.0,-0.004393164664229417,0.0016150920675650502,0.00039917627942042094,7.260373463133029e-05,0.4697202443952889,0.3675267376239976,-0.7971537803160406,0.0005345455814102875,0.31608542758837815,0.7698217612976197,0.5288126153686453,0.0013244556149921633,0.812169747481831,-0.5082136065039285,0.24754584534059393,0.9502269723906673
625.48975,1.0,-0.005507319678051454,0.00029774958054114124,0.0007692828975641001,-0.00018385684942234676,0.4703362551260202,0.36581440371141927,-0.7972304976356859,0.00033509823273988686,0.31376471071061673,0.7690105722407743,0.5283211799000573,0.001209012312384633,0.8126185036567962,-0.5061904967897766,0.2477769393387024,0.9534682820215277
625.93811,1.0,-0.006397430995877081,0.0012547013470209675,2.919237656745389e-05,0.0010838127205135123,0.470654657606152,0.36498698051847706,-0.7985602327458318,-0.0005933504741739327,0.312654547507495,0.7711857764842669,0.5272227550027242,0.0013301705644231574,0.8147146079700817,-0.5058012749983823,0.24880995999783376,0.9528670491806244
626.38635,1.0,-0.005678737806449535,0.001130645939349159,-0.000504526274248889,0.0016228540065040809,0.471080263034645,0.36547161155054153,-0.799019080150293,0.0004591812509706834,0.3128354312713263,0.7735322719409324,0.5264728815136521,0.001512707233871365,0.8145860426405447,-0.5054706385600709,0.25179687657252986,0.9497680704614612
626.83447,1.0,-0.0056814379296104165,0.0003995594774838354,0.00033905943025917064,0.0016613458576344887,0.4701174915289784,0.3668853709243323,-0.7985552361466193,0.00038338462618388324,0.3126438548887017,0.7721831565663422,0.5249056827617046,0.000927382087399464,0.812953009978506,-0.5038223197502407,0.25148759303780227,0.9480052101453088
627.28253,1.0,-0.005090198576314461,-0.0001156622243212545,0.0012182063451691692,0.001826680154184647,0.4690538785710845,0.3676595309149074,-0.7979335839609105,-0.00011465280235503487,0.3120510956359368,0.771951006690352,0.5237745533206556,0.0018133911494761308,0.8127055357502816,-0.5039421301435287,0.25345664429129316,0.9477343615234939
627.73047,1.0,-0.005849244324203224,-0.0010529066279214366,0.0012912699095998868,0.0008456275378793772,0.47143955453418623,0.3647740160107285,-0.7981899144929491,-0.0005409305849065474,0.30979585875676924,0.7735104730880186,0.5230053706919101,0.001423748313046898,0.8139630956654007,-0.5026383540823917,0.2554228028693412,0.9445825579892332
628.17828,1.0,-0.006652595396370372,-0.0003415390329515333,0.0007265316036856804,-0.0004969972525416674,0.4734305728056177,0.3609681788737761,-0.7986560294711951,-3.462140236194997e-05,0.30868883646469153,0.7748767733516222,0.5238949742124606,0.001411003448662982,0.8138340218812123,-0.5020642555471947,0.25576761238007667,0.9421676936424763
628.62604,1.0,-0.005557565421506014,-0.00010837207635067574,0.0007441855165695901,-0.0005313665414302641,0.4741685015774176,0.36088486036137657,-0.7999656377285622,0.0017768439836463288,0.30890916603269813,0.7739659102653041,0.5242892148609463,0.002426582409541719,0.8146491219515501,-0.5022560611175088,0.25652516032706796,0.9410949681910276
629.07367,1.0,-0.004958526427797203,0.00040844760298603343,0.001741389871877464,-6.183403941396714e-05,0.47199649031871244,0.3614002904475739,-0.8012977020291419,0.0015428066736372923,0.30988320879407555,0.7738928162338548,0.5217118270147542,0.002929746253567056,0.8144095800672642,-0.5023812889699818,0.25535359857470047,0.9414930140271669
629.52118,1.0,-0.004545293938941705,0.0005864418450881909,-0.0005243313133190219,0.001261936109890664,0.4691169941812886,0.360048495724969,-0.7986177759033368,-0.0001638331311738462,0.31235260074315074,0.7763592674004521,0.5218203451272281,0.0024763122389711506,0.8159768525648643,-0.5027690021866125,0.2572712080135027,0.9386142936811711
629.96863,1.0,-0.005346663418604504,0.0009707982998055232,-0.00022575368205599358,0.001251123631737255,0.4699863584481871,0.3567145247640916,-0.8001558860999637,-0.0012365509094235182,0.3122521649663866,0.776428410707337,0.5214245843215116,0.0017896380258427668,0.814595870011774,-0.5008604750876082,0.25713952028048886,0.9373473920635756
630.41595,1.0,-0.0058480100892498435,0.0008185328055458009,-0.0006150074802420131,0.0007815808044427122,0.4701039818704501,0.3557892345774553,-0.7999276887248918,-0.000825481159463576,0.31145402026172075,0.7754735722819633,0.5215877401772766,0.00113608519013018,0.8142506112850955,-0.501116793205967,0.25931972158437677,0.9401825206257681
630.86316,1.0,-0.006380261834258029,0.0005015418481967547,-0.0005714919198245613,0.0006232734107725141,0.4705328692642196,0.35605013250259454,-0.8014392268043904,0.0006250160171505333,0.309985338171016,0.7761117831309623,0.5209196397179165,0.0020969003208724537,0.8120531675480931,-0.5023855346362828,0.2623179697263676,0.946524082155541
631.31024,1.0,-0.005892904372929611,0.0007964041179368036,-0.0005897130357025285,0.002036389558467101,0.47263471048185823,0.3549750163023136,-0.8031634304916158,0.0009385713004644589,0.3096995026772035,0.7785432464544045,0.5193743583285445,0.002371082742714357,0.8087837698751525,-0.5016200827732554,0.2633672763493933,0.9465219518777819
631.75726,1.0,-0.005573156470245539,0.0014401620147252,0.0006992352384699994,0.001881614280646758,0.4730063992382032,0.35388407348034645,-0.8043155474805556,0.0009653396700847625,0.30978192578755936,0.7796105756988911,0.5167250048171854,0.002563983868047531,0.8110160368890174,-0.5010480328308868,0.26277627361708605,0.9407541741389911
632.20416,1.0,-0.004907705949070471,0.0017229259154696627,0.0018055991628568996,-0.00012907921536675583,0.47365335075416887,0.3530242585924612,-0.8038596153655295,0.0012875655450490574,0.3090662879578687,0.7814612702964633,0.5160135869039035,0.0027792401488657623,0.8125538997532064,-0.4989997757787205,0.2626980770467049,0.937131082523346
632.65094,1.0,-0.004737674552251672,7.4585316055385e-05,0.001842340931084005,8.136707218861629e-05,0.47416335099934015,0.35234205121036316,-0.8012423695373503,-0.00048981045722656,0.3093480933518991,0.7805191083825899,0.5162830010174616,0.002861606914507186,0.8120986806338533,-0.4988143349176112,0.26276210352283713,0.9410415445577436
633.09766,1.0,-0.004069890383439698,-0.00031120569017000204,0.0011709334627238513,0.00035517109095824147,0.47639498915320555,0.3519908204842501,-0.8016020819368338,-0.0004337099933074476,0.307905920656303,0.7821210419056851,0.5156005030430441,0.003630439384359713,0.8132796029337326,-0.4980888536774512,0.26539117030305165,0.9456932712225699
633.54425,1.0,-0.0034893879363470186,0.00047378346709085165,0.0006541530211672555,0.0005145396446802208,0.4773064016249593,0.3502000805344258,-0.8014646740493422,0.0005989140251913258,0.3082684288537609,0.7831159076619542,0.5146401622493207,0.0035917193969129033,0.8153488588247735,-0.497454522697977,0.2662882811788053,0.9458776560314608
633.99072,1.0,-0.0041813711263889485,-2.1192888921904187e-05,0.00024226128030766582,0.00030014244226102347,0.47744916891427075,0.348786496306736,-0.8022849671755319,6.08131646277916e-05,0.30727994039369144,0.7828338336307126,0.5137001610217418,0.0022885001399815218,0.8115595110391293,-0.49844111672608926,0.2668691210349768,0.9438189435707653
634.43707,1.0,-0.0036733716297407772,0.0001250267225657699,0.0013669292561683806,0.0002914686197790808,0.47685959878086664,0.3469428015334382,-0.801135460557035,0.0007466351789362453,0.3077593531639768,0.7829814721635313,0.512838277923485,0.0015803848380304894,0.8098193102609043,-0.4989252050653911,0.26852096705499845,0.944978417300066
634.88336,1.0,-0.004542544595172219,0.0015088069963730168,0.001719817126585236,-0.000561109210656073,0.4770709576159005,0.3444244857849404,-0.7997915959846975,0.0006516311272832983,0.30880019597014846,0.7838763302319652,0.5114304360315649,0.002341904815725115,0.810642780476205,-0.4991892445143181,0.27169462871048755,0.947622392242091
635.32953,1.0,-0.005267144151477593,0.0009340173708707572,0.0021310362829639407,-0.0010168506382799603,0.47812021389086734,0.3435298405423952,-0.8020041991187685,-0.0001950924622444356,0.3083514485347133,0.7827080790361656,0.5105624220495169,0.0031930664143658125,0.8092680665840059,-0.4997032793704353,0.2722152601476609,0.947026516592995
635.77557,1.0,-0.005360229212922797,0.0006897482138808898,0.002494132517941544,-0.0014580355898415904,0.4782007192856247,0.3431118915523057,-0.802439225415709,6.898725304074574e-05,0.309131537600443,0.782058082207741,0.5097550219182556,0.002910498097012236,0.8077961669892465,-0.5008978002430489,0.27302412362353856,0.9450326786398673
636.22156,1.0,-0.006950159943303165,0.0010529269298356107,0.002062881163231369,5.904055502966632e-05,0.47865056290405517,0.3431976888169371,-0.8043970637206825,0.0005650424739458279,0.309471423912173,0.7827790195185476,0.5110895827253469,0.0019239463444166668,0.8078416979959163,-0.4993032056332164,0.27197415351967263,0.9440365724498104
636.66742,1.0,-0.006538556241057535,0.0013369917877875707,0.001102943337202333,-0.0006533041938731342,0.4800816836481288,0.3416920176413621,-0.8010858293457848,7.953356375562602e-05,0.31082235884112286,0.783286585980799,0.5113808439937679,0.001986571857730246,0.8086910877447976,-0.5014451772839363,0.2729244755655258,0.9442829394737219
637.11316,1.0,-0.004642457358792139,0.001010335163569284,-0.0002232414774146388,-0.0006928825166553265,0.481227323684288,0.34114705271411433,-0.7993859086821332,-0.00017899586612548222,0.3116160630793689,0.7846589230958909,0.5098552368594198,0.0018753193306877258,0.8097891719722451,-0.5009398465794601,0.27500553532558475,0.9417555622390886
637.55884,1.0,-0.003877944203136922,0.00036558048807452,-0.0009564521937753483,0.0006716904993868004,0.47942521174523495,0.33958898301818424,-0.8006075827249767,-0.00026967868418004723,0.3132602315743551,0.7848070394129063,0.5094561346685372,0.0022094905003987135,0.809453294216231,-0.5008165729907926,0.2763653894357352,0.9387853726473171
638.00433,1.0,-0.00432831583957163,0.0018042062027026195,-0.0006001672190685379,0.00036055085826866605,0.4806803775311188,0.33767909494982984,-0.8033187661365638,-0.00020407613253548994,0.3120595994897405,0.7854946600345007,0.507803881539188,0.0013201115938195462,0.8071394053970468,-0.5030385242110932,0.27681223164559365,0.9384383017912477
638.44983,1.0,-0.0042271748312507716,0.002693454730765306,0.0004498829301684038,0.001100871312661652,0.4809554859848365,0.33687665545751344,-0.8047167536140908,0.0009577589767995898,0.3095136282618983,0.7857126089175118,0.5081794463256532,0.0019173600388127483,0.8058237158438252,-0.5042745134619049,0.2759228720611827,0.9395067966973933
638.89514,1.0,-0.0045101737821363,0.00235256357977375,0.0003850590565749611,0.0009686223263264733,0.48120750055610845,0.3367780515668229,-0.8037426940139655,0.0009894805959813023,0.310548534627735,0.784329505536213,0.5075514083970023,0.003812791660323174,0.8058375108339018,-0.5050191840403404,0.27461874172103146,0.93869307911006
639.34039,1.0,-0.004234527513111784,0.0008994692133822073,0.000497433314871748,0.001122315788289497,0.48208087783178305,0.3358511593700214,-0.8031377134421712,0.00023555896615235118,0.31176869688259884,0.784705314375327,0.5066709467202041,0.0038194471788774885,0.8053929709640945,-0.5055012107565997,0.2759599366694893,0.9371318931283857
639.78552,1.0,-0.003416508197767041,0.0006347735287646249,0.002152964487072577,0.00035302812175816916,0.48476562185810934,0.3354305108951149,-0.8041994179693178,0.0003539067005226631,0.3114694385410312,0.7861484009482601,0.5051398270224918,0.0029509791241740485,0.8056558788059831,-0.5049924560386746,0.27838856276502905,0.9353399702519645
640.23053,1.0,-0.004021233287281205,0.0008088553710175457,0.0020085476473731875,0.000155764339469378,0.4863289308582626,0.3351839371299181,-0.804077998626614,0.00047445326573838703,0.3127077426396982,0.7864160466460801,0.5050510644062114,0.0025957431520661173,0.8052550924107466,-0.503563413983525,0.279708538060874,0.9381609278999258
640.67542,1.0,-0.005938907390140884,0.0012584886701127048,0.0006712997414155033,3.443271376880855e-05,0.48750939455738823,0.3345339093334212,-0.8012606901658565,-0.00034979593292620224,0.31273173613329264,0.785671022552453,0.5061938101453785,0.0025455121995725267,0.8035298800131773,-0.5037600068302531,0.279469245349564,0.9442532460201379
641.12024,1.0,-0.006545835057262878,0.0016887174330883284,0.0008510804183558192,-0.0003701752623672737,0.48652425767392155,0.33305241040944006,-0.8007607648839841,-0.0002709703800058203,0.31349589677016,0.7853964607482935,0.5063312658533388,0.0015228923109121375,0.8042020691609828,-0.5048862564100453,0.28061780254140356,0.9434536180945058
641.56494,1.0,-0.005638064452780312,0.0010398657854723311,-0.0005430471018858468,-0.0005140360460284549,0.4871242921843515,0.33323782590601486,-0.7981173986582416,-0.00044041926301618717,0.3141805286938577,0.7849022228267287,0.5051381253392007,0.002193272444957086,0.801801103662177,-0.5053221215404684,0.2833241611130644,0.9382080107656204
642.00958,1.0,-0.004481405405610329,0.0015260929817323661,-0.0008770191513131062,3.4107727933803774e-05,0.4882277974675457,0.3310929848068268,-0.7975461162193601,-0.0009815769010499912,0.3144926354380533,0.7851944810766472,0.5041412369543132,0.0025091887722813633,0.80202857527231,-0.5065665646338027,0.28586786925144114,0.938285459416557
642.4541,1.0,-0.003330670249045729,-9.377792115661922e-05,1.731079066859606e-05,0.00014927840378806183,0.4886720259717761,0.3312874566626392,-0.799928823942999,-0.0011187259419270772,0.3140897220735387,0.7853245257931593,0.5025764961208843,0.002709152255129031,0.7997524697550232,-0.5078007602296086,0.287896671496133,0.941522975401602
642.8985,1.0,-0.004555622794010246,0.00037188660115172354,0.0003614184139840612,0.000965578609316904,0.4920409797787682,0.33099735510852896,-0.8004058266204263,-0.00028679888269720103,0.3133466016509777,0.78550503554558,0.5047880044021956,0.0035486894993716394,0.7980971310831081,-0.5070641435195026,0.2889300774816834,0.9461233210576929
643.34277,1.0,-0.004588984253448412,0.0006668705864709047,0.00025240745536565936,0.001374498578648361,0.4912991434421193,0.32975012590806674,-0.8003459027823746,-0.0003876462776488982,0.3132320015970759,0.7868662200036024,0.5053964019319497,0.0021187557217127347,0.8011579085263295,-0.5069806113370672,0.2874297896512242,0.9432950199757427
643.78699,1.0,-0.00528394941738346,0.0017577486620283566,0.0005292118953882958,0.0010586909425656815,0.49134812690646634,0.32706147333085217,-0.8020977728661554,5.290711001077582e-05,0.3116506831887093,0.7868168786507228,0.5037748931577671,0.0018292184133046022,0.8005935494282778,-0.5091151902956427,0.28881482569056516,0.9396503575276115
644.23108,1.0,-0.0050160620807902945,0.002612775108668373,0.00022700095729449667,0.0013467733275959164,0.4930723313119665,0.3267870007116287,-0.8024415471036795,0.0005250312243940097,0.3119676735327063,0.7866158844549463,0.502964659159985,0.0013293013899068399,0.7995400671959298,-0.5114801066218322,0.2902163232433115,0.9400990203448365
644.67505,1.0,-0.0034659564453237424,2.2525434036097504e-05,-0.000328285981792036,0.0017436275384363645,0.4937440081911702,0.3263405055307526,-0.8015899699155526,0.000827056708598755,0.3141223089069135,0.7877356985207726,0.5027840685241933,0.0016110369213081315,0.7999630961396788,-0.5093090108282938,0.2895839854525489,0.9419966875960908
645.1189,1.0,-0.0037672526156474753,-7.250375368941368e-05,-0.000524644665354529,0.001951575150165102,0.49333388330028655,0.3266841489433845,-0.8000225574391535,0.00011580881226015532,0.316309815070961,0.7862429949910126,0.502855253950574,0.001844651220092955,0.7978887464828631,-0.5081541152354512,0.2897466655643681,0.9407911338358346
645.56268,1.0,-0.003790827725767604,0.0008603777004893916,-0.0001188652482797399,0.0008988174653498164,0.4946072523800131,0.32705084599153167,-0.7984368818360017,0.00025901616277656923,0.31528881719279966,0.785463701427255,0.5035765129796952,0.0023180250971072272,0.7968486815849153,-0.5099094340461225,0.29261680161378645,0.9357574108508193
646.00635,1.0,-0.004116647932574079,0.0009377110661966917,0.0007548461406068602,0.0006083617302093972,0.4935940259620535,0.3259243287996113,-0.7986516269061071,-1.215527949070959e-05,0.31564941347406983,0.7872606583236903,0.5053050393645451,0.0022892048743023193,0.7943701880608203,-0.510228471595834,0.2938339748232853,0.9338955581515002
646.44995,1.0,-0.0040217906448826645,0.0009367361990548409,0.0012748752938169154,0.0005735015696990084,0.4958105390424696,0.3248650680584938,-0.7977801093279463,0.0006259241777140381,0.3151008966737534,0.7881112572833596,0.504710667097593,0.001697248652163594,0.7935983066456711,-0.5126026591622357,0.29637801201677844,0.9384084229055011
646.89337,1.0,-0.004290032616617116,0.0014749516772948404,0.0016983273155640492,-0.00048678152614884426,0.49790886530316186,0.3231966895174713,-0.798831859372504,0.00019904060994479995,0.31548735191743277,0.7869293046847428,0.5047134209846783,0.001482608642807841,0.7950118481451337,-0.5129478705488235,0.29424054162485613,0.9415678919691106
647.33673,1.0,-0.004287394440405928,0.0017792415946100777,0.0014195930291571424,0.0007870923831522299,0.4978841165643847,0.32357278220800556,-0.8010967932189396,-0.00018236661222138196,0.31561288561304124,0.7873699504947222,0.5041770552130228,0.0032066637453023535,0.7928072636455114,-0.5133718112647532,0.29556112667001044,0.9391229781085968
647.77997,1.0,-0.002202459088057235,0.0009771095528153045,0.000369664815701767,0.0018870787590020428,0.49946645586244964,0.32423407002332055,-0.7982884744197047,-0.000501010056845586,0.31563750877653185,0.787168515741822,0.5024864781968351,0.003788881130841286,0.7925488334607517,-0.5137256699197809,0.29657400618416163,0.9350102310792168
648.22314,1.0,-0.002464643593235297,0.0002537368817505538,0.0012764975441577388,0.0003599405141514581,0.5011650614060134,0.32180759146997756,-0.7982025902008525,-0.001200298186402212,0.3164163424895754,0.786883693591708,0.5030232720072697,0.002870198496134883,0.793462238135991,-0.5140226096915516,0.2945833311603007,0.935317102989772
648.6662,1.0,-0.004469303934435712,-0.0008995370192094159,0.00139422123685189,-0.0005433822982535302,0.5044286351065914,0.32293177548931085,-0.7982679579991823,-0.0019385996730660747,0.3182583865877723,0.7851887399232012,0.5036065995016233,0.0020269908431873314,0.7905821177581029,-0.5133837872425718,0.2926067299307955,0.9391003733231351
649.10913,1.0,-0.004875014576235039,-0.0007019612105619654,0.0003465931180478051,-5.597826184885476e-05,0.5041789825694544,0.32186966422058094,-0.7961228299672093,-0.001250552287525814,0.3166703036613943,0.7852311235940819,0.5046334585160583,0.0023610685026652345,0.7934133866723098,-0.5133465964000358,0.29549574048843885,0.9397400850783941
649.55194,1.0,-0.00447936614209074,-0.00026071171402347804,0.0006919838585703489,-0.00029056706430077546,0.5033248290677943,0.32029819133553505,-0.7954526427368891,-0.001474502207649718,0.3166938089332655,0.7833113957683118,0.5048999575345432,0.0013235294582758259,0.7926262255772921,-0.5153365007270442,0.29590972813175814,0.935677817235734
649.99469,1.0,-0.005346255604088195,0.0001621995810915019,-0.000368054614360004,-0.0013244018513107907,0.5033630232129717,0.32054644340911775,-0.7927199512950411,-0.0010533545030120806,0.3174809205824055,0.7818448235273769,0.5050146795915273,0.0011516535073422852,0.7903993401829088,-0.516253405328765,0.29666861550897766,0.9347885679510596
650.43732,1.0,-0.0051247135254731185,0.0007378073067294531,-0.0008564705120524126,-0.0020627493837954217,0.5063569101614707,0.3215847977448713,-0.7915976455525641,-0.0005772856285445164,0.31610157142631695,0.7832572098480892,0.5056481665520297,0.002190371478110565,0.7899657102191274,-0.5166646654134054,0.2980836357764128,0.936050385194005
650.87988,1.0,-0.004907705756856245,0.00016377551061889348,0.0002796596615185865,-0.0022830008785772625,0.5090612409115371,0.32371035675590065,-0.7901484300902935,-0.00044723546023782223,0.31299827780220596,0.7827634176305678,0.5075016056369918,0.002375313469633721,0.788801488255478,-0.5167753682242029,0.3008448807555661,0.9363423108075186
651.32227,1.0,-0.005797393348600788,0.0003909165439032096,0.0005586562465227372,-0.002145951720080352,0.5099105867643291,0.3223453327328152,-0.7898160900050902,-0.0004110365642344134,0.3115811654420375,0.7836986988039725,0.5059981804316437,0.0023213625330721346,0.7884839100734454,-0.5165520636029478,0.30356161441194623,0.9341558592463379
651.76459,1.0,-0.006452929292527411,0.0018826664653645816,0.0003583578329860997,-0.001219499092503077,0.5092782341632115,0.31754827284931114,-0.7916391343253806,-0.00048151597190037866,0.3140923779658464,0.7841131090043202,0.507521634192406,0.0008038524476582932,0.7904160728908984,-0.5164581024483534,0.30355209599327904,0.9335947105475131
652.20679,1.0,-0.005789706276517288,0.001576954183971609,-6.793662832138758e-06,0.0002668961556939349,0.5108187024288339,0.315791764985795,-0.7889931306071833,-0.000180615507119646,0.31512154311771323,0.7839530443809853,0.5071830021361583,0.000606495231172981,0.7912607719915165,-0.5173156323288363,0.30287915109841024,0.9334548068980598
652.64893,1.0,-0.004422445110007319,0.0007975493826614643,0.000635264934058674,0.0010255558403368288,0.5127082054016853,0.3169262496023178,-0.7881924109780626,-0.0009017856867746609,0.31291703829972173,0.7850232471970803,0.5067838299989117,0.0017361623893682031,0.7907311378443991,-0.5171265350254524,0.3040896211164305,0.9326235582941743
653.09094,1.0,-0.004489605343067328,0.00010471430209846956,0.0006157774070753721,0.0002548891657692927,0.513679168717208,0.3178743399483107,-0.7900671223232568,-0.00019447362896001603,0.3123371319583826,0.7863927350401959,0.5096178211722405,0.002164137493730051,0.7879333459931747,-0.5154867327233251,0.30604885450871705,0.9332974077053692
653.53284,1.0,-0.005248797629984798,0.0012714176389232012,0.0017087971587711284,-0.0009361650524732281,0.5139446248557579,0.3194325738317646,-0.7911412034783671,0.0003228788966686825,0.3122963362895075,0.7853832483782347,0.5080952011950159,0.0015221704582109512,0.7869949725531302,-0.5176153228635583,0.3056490202380543,0.9301035148755443
653.97461,1.0,-0.005436276309690953,0.000558374635810172,0.0020091071100166516,2.0418483123752931e-07,0.5142135688534069,0.32066452205712265,-0.7904102063970964,-0.0010612571460273232,0.31168776605836074,0.7864227164883199,0.5081264533684033,0.0016016337371216392,0.7851957271856534,-0.5167988839051372,0.306897479533434,0.9238286990232474
654.41632,1.0,-0.00563369187521015,0.00023886086296882344,0.0009607306691924388,0.0010066325775319742,0.5143168841617521,0.32070643642272517,-0.7861190466560561,-0.0012692611901186362,0.3116791742402858,0.785995905557752,0.5092492900910005,0.0016567209666653562,0.7856793473192261,-0.5159436241153772,0.3092742471078233,0.9250122469652733
654.85791,1.0,-0.005572455326003236,0.0005846640348900993,0.00033125071793416324,0.0006505569028293938,0.5155675218910252,0.3197735846287043,-0.784633209058392,-0.0008827814033866188,0.31124332597959087,0.7832587205637587,0.5116865206534394,0.0014831141787467587,0.7842103760549024,-0.5161458045602256,0.30853496761233495,0.931256042755125
655.29938,1.0,-0.005819493294481404,0.0019299821707896804,-0.0005995012274112273,-0.00030035058154933235,0.5182613507719356,0.31756424075683704,-0.7851187522821792,-0.0002712537990062009,0.3100143988546089,0.7808799426035328,0.5136908723356235,0.0012575071120139885,0.7840785119391452,-0.5169457649240898,0.3097258544882818,0.9336378437036444
655.74072,1.0,-0.0055345349761396975,0.001273998101625956,-0.0007860624666590102,-0.0003201209413237067,0.5184320230241419,0.31826356349510043,-0.7853836986689404,-0.0003446663892679124,0.30885142114511294,0.7827122702881752,0.512070505281054,0.0015148315382832581,0.7828058178755997,-0.5186352708783223,0.3114595783806925,0.9327985321329568
656.18201,1.0,-0.00533878404354511,-0.0002249273805450635,-0.0016021212134610168,0.0003913869792507863,0.518340532479268,0.3195446873048965,-0.784887526941591,-0.0017534580006479897,0.3090950635513223,0.7823478271643137,0.5122157424181332,0.0013726500695628791,0.7825921364314222,-0.5200081226437807,0.31084233280254425,0.9297469099464842
656.62317,1.0,-0.004778589416595283,-0.0003504271509576532,-0.000803730904195151,0.00016502305490783745,0.5205822134455237,0.3198778540558168,-0.7846622871238503,-0.0026888040243812574,0.3103318521779734,0.7827326566428582,0.5102578857443081,0.0004576904136842901,0.7824485063340155,-0.5192774807460355,0.3111015313551262,0.9294326721913826
657.06427,1.0,-0.004279558588685542,0.0004207101491566124,-0.0007221597432846326,0.0007343286271281477,0.5200695480042447,0.31990715375261247,-0.7850237704284801,-0.0019260182524705426,0.3088948534936725,0.7829011553388774,0.5120441999529599,0.0008490367366503353,0.7843000681579808,-0.5190422117180977,0.3104707773744368,0.9355482427561438
657.50525,1.0,-0.004742880292419477,0.000329630723569884,-0.0005208653519761488,0.00042442734772734286,0.5202380064267298,0.3213411014210308,-0.7802757527333112,-0.0023375854884462636,0.30736502537518356,0.7852659649616888,0.5119824165698276,0.0010714991055131957,0.7855739377064272,-0.5181718507036277,0.31435256735160794,0.9396237926268944
657.94611,1.0,-0.0035203103894554206,-0.0003908798440467573,-7.253506220054766e-05,0.0003584544386362668,0.5202231071754614,0.3245872230699253,-0.7829313956100314,-0.0019033741466704347,0.3088950523587121,0.7844921025891693,0.5123570097740808,0.0019961534872730787,0.7831845811938967,-0.5201929004884217,0.31725677841263383,0.9364665538870084
658.38684,1.0,-0.004066951831319688,-0.0005627698883468496,0.0012069214642106232,0.0007663663442618547,0.5226042343960497,0.3233074530252927,-0.7843351334708868,-0.0010251139539061858,0.30876775313825977,0.7834416738256532,0.5133321032093087,0.0030345011819045836,0.781404912575972,-0.5174971537199171,0.3172534503136368,0.9287736031489932
658.82745,1.0,-0.004780281407414151,-0.0014699381619772435,0.001256000519967358,-0.00010825651220373235,0.523586369211965,0.32205159735355615,-0.7832039951129083,-0.000323390911515667,0.30721160690340427,0.7819642744802993,0.5161219005486465,0.0035598756897863367,0.7808867881063511,-0.5179584087208456,0.31807902140220534,0.9241444881395894
659.26801,1.0,-0.0047694512193169865,0.0010916146489256243,0.0005463183500087827,-0.0006800228774412419,0.5264293748911312,0.318706361264801,-0.7809058844087488,0.0001532926788125733,0.3049868015845123,0.7831702834534229,0.5158864263644773,0.002044552525936612,0.7810822560082832,-0.5177559632959762,0.3195395016998472,0.9247961497167975
659.7085,1.0,-0.00453045184662558,0.0031741146080957318,-0.0014694902912022832,-7.071666521698915e-05,0.5276470910947664,0.31714794217192654,-0.7796983578399826,-0.000303932218714781,0.3039391704193802,0.7846794689793478,0.5160435117814316,0.0008420072500423227,0.7826014189051099,-0.5168683169956905,0.3208583289597988,0.9260549438847969
660.1488,1.0,-0.005044910990264402,0.0029378567862521367,-0.0013174241455554882,-0.0012332704888021995,0.5267374540945078,0.3199441016893314,-0.7803424580994641,-0.0008625311311749237,0.30359265212868725,0.7837200176501299,0.51658639747191,0.0018759704995049374,0.7814879457291507,-0.5169682059473533,0.32070261667142835,0.9263807141797895
660.58905,1.0,-0.0052783546903461724,0.0012746014877723796,-0.0004481024027897809,-0.0006703291934025506,0.5258228648280733,0.3223922258533039,-0.784115535690193,-0.00042283792545333654,0.3037918539727862,0.7838709816091712,0.5162117762926418,0.0022484128202159663,0.7803843904645313,-0.5183555728802843,0.32132536101757664,0.9273213402569173
661.02917,1.0,-0.004865807151986829,7.59436582515541e-05,0.00031614446311818153,0.0003296371211037451,0.5271906212571296,0.32468483455429736,-0.782886809230987,-0.0001950236661206078,0.30457126407026236,0.78391518444344,0.5155757104978052,0.0022641495494063963,0.77869710213834,-0.5167868772419386,0.32309621619575113,0.9287376681131316
661.46918,1.0,-0.004551917924277964,0.0006361987823822313,0.0007933852134590291,0.0008964457590021777,0.5277600391508578,0.3237661448323101,-0.777839663740599,0.00029338665909928456,0.3020581067471134,0.7839088342303343,0.5158903971000233,0.002702247352101054,0.778438479147139,-0.5168712721487296,0.32469430854342596,0.9291699896481795
661.90912,1.0,-0.004704593619150366,0.001553370149635855,7.233305809714125e-06,0.002447724952739668,0.5282229653847003,0.3229043561745627,-0.7788172386367487,0.0005114092728214298,0.2993537301854894,0.78281843130261,0.517409831511782,0.0027555847023827697,0.7763292092990851,-0.5161976658110798,0.3248637869127503,0.9259249157141551
662.34894,1.0,-0.00627073852343518,0.002236896483020226,-5.1653237578009025e-05,0.001806269803361752,0.5309521826755619,0.32174755778914965,-0.7762286023683423,-0.0006472051947413808,0.29721977607367484,0.7828868877591906,0.5179997786013418,0.0017389873927985654,0.776167264795388,-0.5141874854833725,0.3271909615399157,0.9203299221834487
662.78864,1.0,-0.006674708984270248,0.0005711907387569544,-0.0002591293835123202,0.00028683809946781,0.5322266846868594,0.3208888852363632,-0.7705135054701548,-0.001608258099422994,0.2969607264362583,0.7849548063190165,0.5187225599310809,0.0012420399932816066,0.7800782319382328,-0.5133903036990471,0.3266564132175089,0.9161042736688082
663.22827,1.0,-0.006790910385976555,-1.0363819750766695e-05,0.0007202621689014909,-0.00014565057423159147,0.5320968007784665,0.32069285867368674,-0.7714423897499048,-0.0010300792096166295,0.29747764958040923,0.7856787462872522,0.5200931774425369,0.0008899734012295039,0.7803624280796737,-0.5136448274159153,0.32666888423954754,0.921050691316667
663.66779,1.0,-0.006282937965893327,0.0006963169327657272,0.0014929718550751407,-0.0011656668624849857,0.5341536620866103,0.3221311021828929,-0.7746844918248239,0.0004466470606380103,0.29685356727979534,0.7855385172977004,0.5182934614958108,0.0012779501893968614,0.778644376592053,-0.5128578521504835,0.3276855006894701,0.9249696491592065
664.10718,1.0,-0.004912534139907974,0.001964026026228829,0.0016024210142002897,-0.0003195361022254344,0.5358696377178613,0.32452995705407245,-0.7736336294163964,-8.412321041623795e-05,0.29587936380993146,0.7856192215329173,0.5159843566298421,0.0019667028984866933,0.7786745324455558,-0.5109038926381145,0.3298537213822647,0.9236214137152843
664.54645,1.0,-0.004827547433073572,0.002296366105237234,0.001090912633965297,0.001885349965980914,0.5357191193974843,0.32475590081211286,-0.7732631755840208,-0.0007796489972946791,0.29369827861863773,0.7858017790176636,0.5162747528700928,0.0024301774858299535,0.7788339498347553,-0.5111566701940589,0.32911275399004486,0.9235393687421244
664.98566,1.0,-0.004682019358771022,0.0018856565907030439,-0.00019276564815963888,0.0018495237393871924,0.5349068904565434,0.3234939366495078,-0.7730258528950272,-0.0008903562779481059,0.29416086069563696,0.7860743780772149,0.5190664082868798,0.0021051867379259497,0.7770273803578235,-0.511778185349024,0.33033501633502393,0.9257343023081772
665.42474,1.0,-0.005494817502188609,0.0008842730261876317,-0.00015378494266331767,0.0015060758336605375,0.5347166924167517,0.3225978776579298,-0.773062659620596,-0.0008410671582357596,0.2937551277276615,0.7850415069021506,0.5182464246795496,0.0014675010010609716,0.776995979635846,-0.51103636707568,0.33104045897136464,0.9269820032395175
665.86371,1.0,-0.004309362857668938,0.00020503167069298774,-0.0004201630626000379,0.0009238323930033388,0.5354183984129799,0.3240712810626939,-0.7718351428967309,0.000728097060255802,0.29086553845302177,0.7862695089303263,0.5175624484899832,0.001504997556957294,0.7792616380774463,-0.5098360960129925,0.3320051864838421,0.9241259236335305
666.30261,1.0,-0.004585196882072528,-0.0007463206278932517,0.000349468559475486,0.001116610023908388,0.5369151592129286,0.32525427961633757,-0.7716021484177592,0.0002914072256341156,0.2901864493656334,0.7850375300958987,0.5166206346282671,0.0018687733091056502,0.7794815011567928,-0.508850747266362,0.332224827087493,0.920608474531481
666.74139,1.0,-0.0055231268308001905,0.0009241369773462237,-0.00028025526668776403,0.0015564306379138198,0.5362373806217964,0.32479682544791666,-0.772501999829043,-0.0003589198612527191,0.2899866207778587,0.785052903775675,0.5174419670723075,0.002105793622242506,0.7780826608192681,-0.5077474580246288,0.33054018710426686,0.9211935741198479
667.18005,1.0,-0.00556223772785402,0.0008119656609335333,-0.0009582586087117308,0.0015065316310184686,0.5383367232744012,0.32632758131104816,-0.7720037509652881,4.4770990808540465e-05,0.28876524505543744,0.7824607575247668,0.5179827751452045,0.002678605721518069,0.7775285530611264,-0.5105476334876743,0.3321701896675223,0.9236042539692461
667.61859,1.0,-0.005902100691992436,0.0011624800908368407,-0.0008959776164243216,0.0008999252595331773,0.5393305728346978,0.32641368175862745,-0.7704631645662701,-0.0006810861473458117,0.28993846056784767,0.7830138149242262,0.5207806218871679,0.002759096135243535,0.7753684319167324,-0.5108258850039695,0.3332710049036742,0.9238655832626197
668.05707,1.0,-0.0058336002633658825,0.0008048882622930706,-0.0008080587761071156,0.001204037654367773,0.5397829787196081,0.3249397895367486,-0.7698692129020962,-6.147754287368354e-05,0.2877320496738611,0.7850370301128688,0.5193813563898462,0.0013022566714156294,0.774408112386743,-0.5093416245226879,0.332932683495178,0.9236189534962183
668.49542,1.0,-0.004945738373617168,0.0003029345417224702,0.0006143179507035191,0.0006564593792440088,0.5403067768946327,0.324047525391429,-0.7703716598905263,-0.00016588193185694457,0.28757781475253025,0.78632513664176,0.5179447532629025,0.0013120631558005127,0.7795816609213808,-0.5091863066151424,0.3322355359190056,0.9238016558070758
668.93365,1.0,-0.00476932249440776,0.00046033635004240857,0.0012127253541091639,5.142956698528306e-05,0.5410111719568982,0.32487001944302046,-0.7705629232184601,-0.0008276901238162984,0.2864835884626809,0.7886733232551706,0.5173046583288008,0.0025202385584943174,0.7803279689396595,-0.5088918267895944,0.33518679125757295,0.9262956598368484
669.37183,1.0,-0.005368991297295842,0.0007144463809250709,0.0017314109403948259,-0.00010669318165029014,0.5410650008496827,0.3225981635668543,-0.7716230129903584,-0.00019548678168533756,0.28427085864114787,0.7880330230749772,0.520867829331766,0.002915634883475671,0.7772121504871441,-0.5050458066329007,0.33559286452515863,0.9279529663024837
669.80988,1.0,-0.005460520193457041,0.0008526253837373881,0.0007934438948457944,-0.0004576335297789788,0.5413585590212577,0.32214308151880494,-0.7703075801535645,-7.988659122505269e-06,0.28518257608512626,0.7884628809425804,0.5201235754204419,0.0013312634544539025,0.7800891440578345,-0.5050025645151308,0.33676027899708166,0.9259787614718389
670.2478,1.0,-0.0053422874778814135,0.0019204304249182834,0.0007164796394423966,-0.0007948800645166446,0.5417771503832348,0.32364568578528957,-0.7672105072720371,-6.876435141956031e-06,0.28437307112217197,0.7894856936033858,0.5184207401117535,0.0007773840011117083,0.7809001653115912,-0.5069870243065855,0.33897136987037335,0.9227087434947616
670.68567,1.0,-0.005640748923501817,0.001722683417280427,0.0009226444653945422,-0.0018191915511971185,0.5423376690876557,0.3226051725260663,-0.7660198790854271,-0.00036421362601696456,0.2830168042233404,0.7908677796028387,0.5175303507339706,0.00099129134946377,0.7821949042230907,-0.505999085538604,0.3415131787077712,0.9203044696344509
671.12341,1.0,-0.004652462117496781,0.0020480200771124603,-0.0004307840285854016,-0.0007386884578840564,0.5413217543610186,0.3232358834282372,-0.7640473767850489,-0.000641413697078112,0.2822565168026393,0.7914579475552902,0.5172149636019978,0.0019109244688992743,0.7798432446051833,-0.5053754069485247,0.3435697415411754,0.920319947774099
671.56104,1.0,-0.003164769425220366,0.0002459637362502527,-0.001694448101135007,0.0017300070053025923,0.5397613877149553,0.3251575569013635,-0.7653440848406875,-0.0010440636236189907,0.28077342516758985,0.7920319203989479,0.5170954568083795,0.0027048249821583895,0.7765206376845856,-0.5027717797982496,0.34270804212552103,0.9236369671684821
671.99854,1.0,-0.0022331013452469447,-0.001132787205633945,-0.0005678838622868292,0.0022149173497418993,0.5388520159109252,0.3271405229339614,-0.7674569970894058,-0.0019295959827005642,0.279393757952063,0.7933071969024954,0.5168674433925762,0.0027374112323279506,0.7787521685352745,-0.501970731186974,0.3431713370640503,0.9299025554621891
672.43597,1.0,-0.0037385088457619984,0.00010359258496562368,6.473461360828512e-05,0.0012081644252977107,0.5406372332200094,0.32530175408114453,-0.767679700559125,-0.0022395653979396728,0.2791713126172345,0.7934580228423086,0.5156101145713509,0.002081999474725282,0.7794241170372532,-0.5011989641318193,0.34357253442994784,0.9310956070236039
672.87329,1.0,-0.0044472217630034065,0.001976863470069238,0.00012939779455560985,0.0011225042483791507,0.5406670121769503,0.32377520665226167,-0.7680169856044159,-0.0007678851705714884,0.2766996940600889,0.7939922983275673,0.5161295793213774,0.00165180600666916,0.779182676072561,-0.5005103313500489,0.3447346129808369,0.9268347768252941
673.31049,1.0,-0.0038988757885354466,0.0016160797152429624,-0.000324782113261012,0.0017628251557022735,0.5420006154344998,0.3243294595890394,-0.7660059748730962,-0.0003747466473060427,0.2740043976316053,0.7951011245035879,0.5171472775896513,0.0017132519260078128,0.7796543377136307,-0.4994079168964163,0.3455524903501979,0.9223003407197843
673.74762,1.0,-0.003684689384660167,0.002290099438301033,-0.0008085588950344619,0.0011283830238392098,0.5422729755158405,0.3242360361605221,-0.7662918296107274,0.0010793338152786974,0.2726446823631222,0.7945996701033677,0.5172792467657029,0.002263039701835377,0.779307831523523,-0.4979568979573686,0.3441207809642181,0.9238342286273574
674.18463,1.0,-0.004099931327881935,0.0027851255415568717,-1.6376496378098242e-05,0.001771382820013522,0.5429341735382022,0.3258322029033868,-0.7690030546100305,0.0009077212279998712,0.2719512632130708,0.7943314704149481,0.5170219435382537,0.002862425692333577,0.7794973209424155,-0.49766011563551726,0.34363628815348063,0.9284307268692322
674.62152,1.0,-0.0031769343641768998,0.0025323971183267135,0.00016408539092786404,0.0018415773981697253,0.5429597931509138,0.3248327129158109,-0.7683997099591131,0.0009045917057167161,0.27460170209437856,0.7964615352984538,0.5157402160898183,0.0024066863398987635,0.7809904564174548,-0.4963067656950502,0.345476640283217,0.9304816521849545
675.05829,1.0,-0.0034624012842538496,0.0019529763510787665,-0.0004392068282275976,0.002559347400525561,0.5429563862740832,0.32565264792002835,-0.7696594490124081,0.0017448913374088233,0.27474195892945885,0.7976238266464405,0.5159878008612883,0.002531325376245089,0.779271133634553,-0.4974017628022526,0.3458080509559887,0.9281535135296606
675.495,1.0,-0.004323538683157113,0.0014770429494305097,-0.0005960237977307137,0.0019676856947542848,0.5441470658707527,0.3250882581046478,-0.7677218765443986,0.0018390678178763198,0.27423880855134497,0.7964830493162904,0.5153088642278474,0.002631958606645103,0.7806561597535918,-0.4974292930288147,0.3469969307887769,0.9233371610849456
675.93158,1.0,-0.0049397857257399685,0.0008187007090465587,0.00023046808017017432,0.0005792032830216253,0.5422432108355955,0.32544479603564225,-0.7660976538728342,0.0012059519596457028,0.27293894055522583,0.7946296755828358,0.5150853060733404,0.00175631296399907,0.7817031728416906,-0.4979518807753993,0.3464169071930844,0.9243101895378275
676.36804,1.0,-0.0045780936407889515,0.0008918597298065722,0.001917511118158638,0.0009884186485584346,0.5412584573795912,0.3267758665378746,-0.7685097678983048,0.00046589546291383386,0.2719877087358364,0.7945107752272923,0.5139338009197938,0.0020415247786316703,0.7812755238645984,-0.49444320802764163,0.34712824253722174,0.9264271309065948
676.80444,1.0,-0.004151532409886904,0.0017831037960337128,0.00028703958148210997,0.000897317756710242,0.5428988909450609,0.325218212470145,-0.7694298827729537,-0.0001117672533340923,0.2706907574026836,0.7953572610622501,0.5140878366711615,0.0019955170390859246,0.7814855130911738,-0.4931156438861786,0.34985871036212574,0.9239336826413155
677.24072,1.0,-0.004128075908946772,0.0014434576751685083,0.0003748139521738952,0.00010776547382344301,0.5435827576966774,0.32302142656733307,-0.7701730808631574,3.8690485428644354e-05,0.26902321069706625,0.7966229289400069,0.5145686417287073,0.0030914161261283214,0.78222224738001,-0.49336984462076194,0.352043194390839,0.9206121814889833
677.67688,1.0,-0.00362331541689733,0.0005299246456047763,0.0003391987654225582,0.0008328563290806305,0.5422133459602232,0.32480395473948476,-0.7687201981963223,0.000380373977569908,0.26880598734479105,0.7986339652245056,0.514971218535303,0.0035797568485175335,0.7817818743068964,-0.4930668371796639,0.3506162946696439,0.9177477751725294
678.11298,1.0,-0.004077582230835037,0.0001278376724634777,-0.0002251770733707534,0.0010215329906391386,0.5429108963802071,0.3251454738071564,-0.7681080920602091,0.0006396133060308321,0.2690403473371854,0.7968901027651032,0.512732389143231,0.003179398470898625,0.7812036501094377,-0.4924358283059416,0.3499808652586068,0.9186302272606972
678.54895,1.0,-0.004092483128159003,0.0008133577839099903,4.186321157142845e-05,1.059865358199333e-05,0.5442804096405638,0.3225893846400311,-0.7686176317143469,0.0004539777535458421,0.268892702189291,0.7977152905843891,0.5121322379947658,0.003265258887826978,0.7815928237943682,-0.4934780735481727,0.35301997664004886,0.9257660655840086
678.9848,1.0,-0.0030457553318412904,7.309992092826474e-05,-1.4570036435338358e-05,-0.00016338826777153359,0.5441639005376725,0.3197080881495039,-0.7681770983209117,0.0005715684623915922,0.2684731778070088,0.7992579582485901,0.5120775382545266,0.0039659079996847545,0.7806869349373406,-0.4914435035201471,0.353766934867489,0.9267821084753368
679.42053,1.0,-0.0024906036561071075,0.0018612775822451372,0.00028467993833627,0.0010301103639683731,0.5458472336974202,0.31858218949236883,-0.7686503161549946,0.0008579861629540526,0.2670920155887803,0.800996015301005,0.511013960316089,0.0036420372900694145,0.7813626575504513,-0.488071391139756,0.3537239114329601,0.9205637917323044
679.8562,1.0,-0.0025113215970729843,0.0008773133361295133,7.487207705886349e-05,0.0020682242793742204,0.5433330792927987,0.31819325099013707,-0.7686886070251068,0.0014392705779996122,0.2649813180493873,0.8017495618073331,0.5109833334261714,0.0029783493382575894,0.7817343745489876,-0.48757502539553527,0.3537372100511247,0.9162669227554585
680.29175,1.0,-0.0030376846371687584,9.279106012651386e-05,0.0004606112090143525,0.0014822859325936424,0.5415661724529494,0.3208069244282974,-0.7696578256161973,0.0004938861788768366,0.2655675254325216,0.8019823378362158,0.5097687347575456,0.0030949778078136086,0.7817978843224446,-0.48762888939002347,0.35469153594400005,0.9161024970846441
680.72717,1.0,-0.004137838210756527,0.0006719520475490662,0.0011281735955572772,0.0013213746605111574,0.5432084006225596,0.32110948286801927,-0.7696547960864278,0.0013326084860798622,0.26444725331654756,0.8026502933250645,0.5074033227180639,0.0028535977102353348,0.7800815267467696,-0.48649257041896105,0.3565252829905769,0.9170125794284459
681.16254,1.0,-0.003929194372720618,0.0006826617258921055,0.0015616157630183563,0.0012619410274686805,0.546010815804984,0.31855125741385665,-0.7685028324824226,0.0014463106693366483,0.2652219988918158,0.8046493862883107,0.5081829529532129,0.0022316769169168403,0.7828350879175984,-0.48721745977598474,0.35814920723806853,0.9152376799074946
681.59778,1.0,-0.0031345112928947948,0.0006610308209574349,0.0016253206437619528,0.0003673826169206182,0.5456777478643752,0.31846620300863826,-0.7673719528683289,0.0012301579267059181,0.2606292028779225,0.8060315441929372,0.5092939255422011,0.0024055224758028114,0.7855873374734424,-0.48834854404402245,0.3586411233742291,0.9115802466702211
682.0329,1.0,-0.003538474662742413,-3.2048042866953255e-05,0.00042013928540651487,0.00019633240406163462,0.5453610959552628,0.3187080799931893,-0.7673649249326105,0.002048812657882527,0.2598928402759889,0.8047050994712368,0.5079169520240139,0.0009793496357240476,0.7837621768734591,-0.4871485965585104,0.3600909366727051,0.9121187284255629
682.4679,1.0,-0.004060121036528645,0.0009230388723229067,0.0018821025908011015,0.0004131195768472942,0.5456591115156809,0.31793475873393845,-0.7674255275282265,0.0008736133756939248,0.25976512123794515,0.8041026855827375,0.5072552247143252,0.0014036084027791,0.7824798919929817,-0.4855253409369626,0.36183439268734113,0.9163689374185566
682.90283,1.0,-0.004599532319354253,0.001096886531369974,0.0016286481290417848,0.0008889405136087802,0.5465547852479624,0.31565949683581357,-0.7694206944800228,-0.0005016569304628301,0.2614527446367443,0.8040520808943062,0.5047526126214261,0.002467322564632855,0.7807207671807761,-0.4858878881411561,0.3611467030730565,0.9189970973883734
683.33765,1.0,-0.00467305085650926,0.0004370003477389894,0.0007822081831268411,0.0004965598678597499,0.5464946540303011,0.31447888747613634,-0.7709121841570878,-0.0008190947964706786,0.26115007612401475,0.8042270424699051,0.5036550867884587,0.0011925616798758169,0.7818146055488392,-0.4849993356273679,0.3607978953292702,0.9201463545352334
683.77234,1.0,-0.004016508733029124,-0.0009027094286977493,0.0012696811673061272,-0.0007343922303470727,0.5474027096058334,0.3145063979203637,-0.768916084044561,-0.0013364053725907939,0.26198480476355573,0.805139280515276,0.5040467403468962,0.0016657384637132572,0.782527483715863,-0.48453317520866845,0.36195666398836773,0.9194323860038395
684.20697,1.0,-0.005157956576880422,-0.0013962943448283702,0.0009302948086230004,-0.0002470325244132583,0.5456253188278244,0.3143724930862049,-0.7689186102868409,-0.0012934585293249952,0.26247010284537836,0.8077850475737077,0.5032233106753888,0.0009725422685094256,0.7799909883655617,-0.4847467995200723,0.3618902686354708,0.9183652434886589
684.64148,1.0,-0.005980417893340129,8.542971382992526e-05,0.0006116769396418419,-4.2995793701123025e-05,0.5471176289734029,0.31313302395815484,-0.768219226423297,-0.00047985038137321587,0.26128086979373416,0.8094243847117206,0.49829949332342066,0.0006657605792530996,0.7820174687010015,-0.48441478956594547,0.36216278840708904,0.9157456348541686
685.07587,1.0,-0.007173034344571422,0.00023899889415012705,0.0006539404280091648,-0.0005139610201487969,0.5483998796350631,0.3118178091183418,-0.769078625916106,-0.0018502234147883656,0.25826967635774556,0.8097104648462004,0.497823075722978,0.0009738233584540801,0.7807004222332353,-0.4847197248808461,0.36607758233743953,0.9136322116243093
685.51019,1.0,-0.006571801543138486,-0.0004456956118074724,0.0005124205882371164,-0.0006026950493143122,0.5482494579828674,0.31126845583430846,-0.768215513051144,-0.0017341879042270438,0.2579000652803204,0.8100364543345633,0.499491769021783,0.0011714792685994528,0.7810591851279846,-0.4837099282379434,0.3670820825342898,0.9118998233991188
685.94434,1.0,-0.0038130931080482596,-0.0006621500016429243,0.000164038285372778,-0.0005527038673670168,0.5467804382735572,0.3100083150387523,-0.7687610620822577,-0.0008210923237083768,0.25925466406986075,0.8112580492625038,0.499925561863235,0.002450862472142733,0.7822134808337483,-0.481022534231658,0.36728658682773174,0.9091023705239207
686.37848,1.0,-0.003400730540608368,-0.00048603070658206085,-5.655880612592514e-05,9.930226452391115e-05,0.5464337846859544,0.30899096371719703,-0.7689749914233888,-0.0025069302138244743,0.2608587294767018,0.8132765931546667,0.5006525063056682,0.0025512712304443606,0.7813791137384303,-0.47908170347538115,0.3687617686098604,0.9023802306753721
686.81244,1.0,-0.003921324616176675,-0.00158194074446388,0.0007703386671141368,8.222843939431577e-05,0.5448634208733613,0.3091547058250995,-0.7688645413185199,-0.0033850308601639854,0.26208569043580154,0.8145017143380142,0.4987427488730704,0.0026001547774025372,0.781252989870832,-0.47825405221827044,0.3669115531432446,0.8976660070328595
687.24634,1.0,-0.005138347069616818,-0.0003774653506321241,0.0010182203747011328,0.00020461551685167068,0.5454596134843083,0.30829307189012756,-0.7695271558231196,-0.001992603323106636,0.2623699352172813,0.812590260101844,0.4970753647844246,0.002814687877216208,0.7792032515674517,-0.4795856593412177,0.3673433811022706,0.900988062421338
687.68011,1.0,-0.004429765860703654,-0.00013026423526992802,0.0020125781794149266,0.0005606808801815955,0.5479698555663705,0.30861941642828605,-0.769773626472854,-0.00030447129279956005,0.26190578752060373,0.8110422946786515,0.496177715604637,0.0025787730213855933,0.7813191076094552,-0.4827193170108716,0.3682434403159891,0.9073830621634094
688.11377,1.0,-0.0038460372653057583,-7.66995206834579e-05,0.001149476542540787,0.0008091113371629604,0.5496178463699178,0.30824101630226547,-0.7696179785774725,0.0006604030052432104,0.2593935021775319,0.8088248875943365,0.49723939936366734,0.00220006675833885,0.7848889164720518,-0.4828922666138345,0.3703008606175483,0.9082502804850858
688.5473,1.0,-0.003835058856095096,0.0010545999493407241,-8.324602703519773e-05,0.0016904881486701035,0.5489940170581928,0.3054690655222394,-0.7685722259800525,0.0016751502030450144,0.26081767893491997,0.8115925637420658,0.49607733772165874,0.0012561107156609194,0.7820061535696043,-0.4816380358696714,0.3715331914124739,0.902861814708015
688.98077,1.0,-0.003144467564271398,0.0012977528612172994,-0.000393201089628834,0.000542459291795255,0.5482268479401344,0.30687897589415425,-0.7676462881227714,0.0003563910616888745,0.2614585343182347,0.8126665806733572,0.49460661703985626,0.002076711385975244,0.7795343401573249,-0.4819147665988035,0.3737271822751848,0.9019945567325629
689.41418,1.0,-0.004466023603821394,0.0023748683042339016,-0.0003475244981808266,-0.00031211156842893945,0.549452341891824,0.3068747610091187,-0.7686242085091763,0.0007315233345748434,0.26026820662186756,0.8129315003916605,0.49616201732236365,0.0031634356447061865,0.7767144473293225,-0.47999472663991216,0.37418246574350816,0.9072814151423607
689.84741,1.0,-0.004348451724373637,0.0006699555186567293,0.001116404403909225,0.0004893335464749371,0.5500828859198996,0.30575665031259486,-0.7720518554752203,0.000499971552935402,0.26038092554641096,0.8144129166516136,0.495743318290142,0.0008873742548550934,0.7764037462387702,-0.48153106905456267,0.37406757637978294,0.9115093441984937
690.28058,1.0,-0.004114927431561494,0.0008343673419695198,0.0014553318017165103,0.0003191803364661888,0.5513039277065944,0.3040293106814492,-0.7729303223862914,0.0006514788957335717,0.2581818725550354,0.8120910567989562,0.49302321878159655,0.000885351895582651,0.7752235764734371,-0.4836102482589102,0.37186989081699334,0.9138165484430802
690.71362,1.0,-0.0036231404508888015,0.0011931634513240982,-0.00019740622879790872,0.0012147252676685183,0.5525495243410615,0.30511047981809736,-0.7717470726983395,-0.000686006082753966,0.25812163488240136,0.8117040130739919,0.49159355384231873,0.00212982425637919,0.7734699156394191,-0.48190423632422713,0.37393059220528435,0.9123042216264492
691.14655,1.0,-0.002879913193768513,0.0012597906174230367,0.0006871417918085322,0.0014275591095100249,0.5516054839014138,0.30155164562589015,-0.7704986042096474,-0.001267420610922009,0.2588085839811459,0.812593379441439,0.4888580381970087,0.003283899469628402,0.7748003541633808,-0.480257006822654,0.37537840761637015,0.9113410042097249
691.57941,1.0,-0.0025862150871281842,0.0010022444057802267,0.0010411655558482205,0.0017780082900535545,0.5509751101484889,0.2985390274877818,-0.769048502376539,-0.00048327488379181844,0.2610577039628285,0.8149114940175104,0.4886393367533872,0.0020497218241734005,0.775207709788091,-0.4796001976353125,0.37702319870297263,0.909715178834058
692.01215,1.0,-0.0028653126704745887,-6.533311033616758e-05,0.0010933473056299638,0.0005675283208694288,0.5523664643092255,0.2993040125693606,-0.7704677476007902,-0.0006821327188610302,0.26001571551402625,0.8180932316239232,0.4890115397477164,0.0021726650963672742,0.7742616011437732,-0.4810728595032004,0.37744051977006843,0.9120570843121715
692.44476,1.0,-0.003061327220015825,7.621102451652242e-05,0.0012933498405222038,-1.644894810663675e-05,0.5539374932765929,0.29718219668254076,-0.7700896293352113,0.0007604131750698249,0.2581648995201853,0.8179762796825623,0.48883143823921055,0.0024164097043022355,0.7731952092288558,-0.48038836248042316,0.37597382480777664,0.9142922294785373
692.87726,1.0,-0.003233275056840072,0.0012731074221755702,0.0010760111078330266,0.0017462468015373577,0.5533580994630141,0.2961224373896805,-0.7693134646079984,0.00154014501507962,0.2605189305379054,0.81869771736405,0.4877834941407903,0.0013892218846818238,0.774228704614852,-0.47513841884073826,0.37939011843607445,0.9131560761065675
693.30969,1.0,-0.0037053730997266983,0.0021785636713252334,0.0010197534340972687,0.001523416718555058,0.5531374196896074,0.29710674249622415,-0.7673238861612452,0.0014824024436884587,0.26216396945936987,0.8164919956198164,0.48646099940692483,0.0026286087658491013,0.7714055271589962,-0.47401324647590354,0.38142777528906124,0.9104717340811013
693.742,1.0,-0.0038084985685009017,0.0014216026438031537,0.0013760839502442836,0.0005138942103030762,0.5535039474087021,0.29628081837667963,-0.7654391468717441,0.0012652754258682078,0.2609834334688498,0.8166392185052396,0.48477640833913926,0.002050100865537848,0.7709426408137868,-0.4751963762865985,0.38102052904195544,0.9071094547557588
694.17426,1.0,-0.0041227694195747336,0.0008199424662720007,0.0016735705009949145,-0.0013775004388151566,0.5525408371082043,0.2950590166193126,-0.7658945946948981,0.0005614400784464615,0.2618050866461358,0.816979384766452,0.4861636712878478,0.003396194292919976,0.7708538373372509,-0.4777029387005055,0.38227169494345764,0.9042715849189373
694.60632,1.0,-0.004246574467871362,0.0006747607542608911,0.0018126897893414756,0.0001894743718757333,0.551469331191329,0.29200220766981916,-0.7669040141178282,0.00014972892065967929,0.26176350617271005,0.8153331359289557,0.4864640633955338,0.0028429028283096253,0.7705111623808881,-0.4778188277403913,0.3818450443914842,0.9038719129351039
695.03833,1.0,-0.003800781861043504,0.000847471208465169,0.0010652259771929118,0.0005949004798265123,0.5526588174807248,0.2925543867140526,-0.7699158512019225,-0.00024072443508650233,0.2613222341347748,0.8148664366472494,0.4835839784033428,0.003086777728207673,0.7691241758972729,-0.4788596525216722,0.3821211208608493,0.9041890846700736
695.47028,1.0,-0.004579354848378492,0.0004563226646863608,0.0006590314336895984,-0.00046613104385922105,0.5533037855955564,0.2924120351172092,-0.7704396006389047,-0.0006947897872264493,0.26287349435541607,0.8154886139381977,0.4832482529712231,0.001928505148032748,0.7709525384948996,-0.4808633139400126,0.3810968357669705,0.9045455060681284
695.90204,1.0,-0.004214003534037565,-0.00023816685305456307,4.208136053649285e-06,-0.0002433104580477784,0.5550176459573439,0.2907301688084123,-0.7688028547323772,-0.00021345529462383695,0.264042938011856,0.8191041272337495,0.48375033852670823,0.0017482244171467501,0.7730677746989105,-0.479996774530085,0.3828500982123511,0.9036431939944232
696.33374,1.0,-0.0038899414665647626,-0.0004806900424007058,-0.001230263309349373,-0.00022827592587761503,0.5578428039943328,0.2886089030465214,-0.7679098019727688,-0.00033361386144650665,0.2634080280828307,0.8172975721112994,0.4853523191202339,0.002883197100981212,0.7725731884813465,-0.48264156870317176,0.38289327974752724,0.908264814965259
696.76532,1.0,-0.00442936134586587,-0.0002699020134050237,-0.0020569416534665643,-0.00010611899808515106,0.557057418512254,0.2882692888664962,-0.7680240949744135,-0.0014269291831937848,0.26203514873978206,0.8177918526085662,0.48469552161649243,0.0037182211911297356,0.7721734886945367,-0.48362414647603524,0.38468613450637495,0.9158143900137667
697.19684,1.0,-0.006291737086576966,0.002143478121154318,-0.0013662655140114486,0.0007203279275188348,0.5590275840894464,0.2873212075310869,-0.7686492245187552,-0.0008688097809635242,0.26375048936253337,0.8184196861789887,0.4842148474744482,0.001730663330403828,0.772693414035932,-0.482681159129575,0.3841947050058679,0.9177433923127243
697.62817,1.0,-0.0071382717087641896,0.0016659447671100117,0.0012596673340129266,0.00040915865474431705,0.5590712703390402,0.28825350573002356,-0.7711163741177758,-0.00029933801333445617,0.26309136558670787,0.8172820415795348,0.48408644385756916,0.0023078486756592715,0.7724115475711771,-0.48182776501368707,0.38487345016197666,0.9114799897949434
698.05945,1.0,-0.006376874354427459,0.0008466590133428808,0.0018617299002144758,5.7746110485544005e-05,0.5590327437860415,0.28918813342120725,-0.7697315939091438,0.0001305016416217432,0.2637098159203089,0.8161285899474255,0.4827568043896521,0.0013750998452232944,0.7709430331596214,-0.4824737850704796,0.38642306030600737,0.9049749399944902
698.49066,1.0,-0.004616045033074181,0.0002919709764285823,0.0028997954954458685,0.0006515950435125994,0.5612525692575704,0.28795826302663674,-0.7701741318489678,-0.0004968369687010875,0.2657356846841239,0.8175022366310182,0.4827630814962316,0.0008404686320537357,0.7721305274142015,-0.48358956240321255,0.3855191009720851,0.9029381222495151
698.92169,1.0,-0.003824602922465525,0.00028261037133338904,0.0018533279954399372,0.0007892163394720266,0.5604017730709906,0.2855955786592998,-0.7690668705204212,-0.0006825350951632289,0.2652249202105165,0.8190493637707225,0.4854657116296366,0.002049626207579899,0.773213794210444,-0.4839561536498616,0.38585173308255144,0.903125812576763
699.35266,1.0,-0.0046855822535289,0.0016829124946364127,0.0013509823298150283,6.836199690192332e-05,0.5605315503421232,0.28549291467658083,-0.7668302391985813,-6.602428790178133e-05,0.266620032490257,0.8205410808566653,0.4856012380866403,0.0015846528522032218,0.7708874549048764,-0.4834546181928305,0.38768202406234026,0.9082444443491823
699.78351,1.0,-0.004116571286140057,0.0005908672353323937,0.0006569467571229122,-0.0008539865930374906,0.5628568999582496,0.2842014427317902,-0.7682263822649875,-0.0024666258859759103,0.2668602506015165,0.8188168645367546,0.4834963594141499,0.0017272859549353173,0.7687467361476209,-0.48286276019965313,0.3909749907821223,0.910015327524645
700.21429,1.0,-0.0037323168933777154,-0.0016098732397959818,-3.753438837768291e-05,-0.0012998966176309375,0.5629543335909258,0.284025898501864,-0.7698921639845179,-0.002288489831906702,0.2651611494538211,0.8179899543164991,0.48282549700800603,0.0031603509173049487,0.764584534288778,-0.48381436882328255,0.39220630331736744,0.9096895815142005
700.64496,1.0,-0.005243206608896246,-0.0025397770321101626,0.0009518424410983062,-0.0009688836328120738,0.56466726181494,0.28222316841256506,-0.76989307561623,-0.0017376356980471916,0.26581850352922853,0.8208190351903888,0.48163186998742596,0.001994271964601911,0.7660818629975411,-0.4826103407288028,0.39333030335525027,0.9074049000525378
701.0755,1.0,-0.006677328799700171,-0.0007718528473397202,0.0013373223420633327,-0.00019028382506501996,0.5655204027419333,0.28101552942863567,-0.768372580026184,-0.000967035271096119,0.26678920980501936,0.8193986858786207,0.48249105613005533,0.0018279944588462692,0.7664041003244806,-0.48516916367519614,0.39261570700745707,0.9037048228491952
701.50592,1.0,-0.0063265611558645535,0.0001222721318096546,0.002214891618134013,0.000476162437567243,0.5660809542282128,0.28079087129355135,-0.7659875113490597,-0.0002767975502513807,0.2681707849205817,0.8175176200010095,0.4835579095183812,0.0013507990963603411,0.7653782999238581,-0.48480073328790835,0.3933460633861304,0.902455517613799
701.93628,1.0,-0.006539293455465815,0.00016955305404615275,0.001683320292091899,0.0001972743129388637,0.5664773734213431,0.27941335425597397,-0.7667982346868597,-0.0011541756415843693,0.26833325973792754,0.8172140781869671,0.48343760829823723,0.0009374974445632667,0.7639734266845035,-0.48338810265561216,0.39435367347013,0.9035801983265844
702.36652,1.0,-0.00600037562139989,-0.0002455495425253087,0.0007554929620075672,0.00018514842062691882,0.5672065596769593,0.28007744597740203,-0.7664391741599037,-0.0013069285891522903,0.2677362236106516,0.8199059551977094,0.4823153222482377,0.0008034252435365685,0.7657049037732748,-0.48149245724460776,0.3945041578770075,0.9023160181432975
702.79663,1.0,-0.006021805091291761,-0.0018636933929404333,-0.00018481645468022064,0.0004074339351346588,0.5677589414095934,0.2813734463409211,-0.7656660710922,-0.0012834701928144763,0.26734736859607855,0.8209537016143347,0.4793467213069868,0.0018887805680603577,0.7626726589561156,-0.4835013805245367,0.3939985651529369,0.9004712422098253
703.22668,1.0,-0.00612335566749161,-0.0005305514575964489,0.0004346892717593385,0.00045281254807691255,0.568001949162328,0.28069197109043326,-0.7659909501074819,-0.00020242527379364796,0.26770836328920605,0.8193732929236265,0.4795442157698427,0.002672443676133304,0.7606427035507393,-0.48610201185836877,0.3960344489590546,0.8997119700949415
703.65656,1.0,-0.00559852450700411,0.0016884823485311738,0.0007590101925452012,0.0003077761989982321,0.5704067668373487,0.27825387745360197,-0.7673563272588027,-0.00027654806532178037,0.2659893776778185,0.8189457448731079,0.48179483126258627,0.001964799135191469,0.761974925224417,-0.48450555573176396,0.3962782443179528,0.9000719328605749
704.08643,1.0,-0.00468072815699413,0.0012160429692258284,-0.0015087067330385381,0.0002361785955731918,0.5706154179070542,0.2779255639835253,-0.7647657314119247,-0.0018154314482387737,0.26678748173346684,0.8187641952153996,0.4816889340939924,0.0028444857309500643,0.7617952484290473,-0.4847666986560191,0.3957801050276234,0.8989148545629165
704.51611,1.0,-0.005041048593563775,0.0016268040235914625,-0.0017879079728712359,0.0003493993312832873,0.5715487877161198,0.27867599311470603,-0.7629993603639784,-0.0015550263231987635,0.2669971295803553,0.8190058291840103,0.4816593477753534,0.002562662004037679,0.761925794931844,-0.48581054665454426,0.39632735276296777,0.8956211833384706
704.94574,1.0,-0.0038361063438214823,0.0026577371100904345,-0.001240227312223753,0.000379112312784966,0.5712857110493555,0.27761197775578217,-0.7628640777973965,-0.0001491951617640136,0.2688643842514191,0.8181830203934479,0.48188244731714147,0.0026064097401493074,0.7620744535845999,-0.4889137503505712,0.40002105973544666,0.8953512958099556
705.37524,1.0,-0.003040539758796837,0.002122976877059238,-0.0001729706238917985,0.001556244409617554,0.5708374601841191,0.2777740423426161,-0.7639143037235905,0.0008241828624393726,0.2692368174167056,0.8166685073506088,0.48179864751054624,0.002524674474525096,0.7603346785786071,-0.4911479781641551,0.39939003615985536,0.8985090994403876
705.80463,1.0,-0.0034866798012417417,0.0025879289535587578,0.0007053178412845484,0.002925759966889967,0.5709701981217923,0.27446019922544934,-0.7636590730742657,0.001550186596749941,0.2664871034449073,0.8181333127825934,0.480883709935022,0.002560862704187373,0.7606420713276077,-0.49177064660601455,0.3983721353981645,0.9033601391793605
706.23395,1.0,-0.003728263752612841,0.00318827346039813,0.0011971163033895602,0.0030483411637495807,0.5715205816634684,0.2729723930725831,-0.7637062544951377,0.0020338048143766748,0.26792219876834455,0.8191611481045675,0.480876851539639,0.0018122570061069117,0.7624639219061256,-0.4905097064897428,0.3982903072065176,0.9080900115057631
706.66315,1.0,-0.005169856745868882,0.002263896221237919,-0.0011011173179892799,0.002040884930342476,0.5725005654447651,0.2742094565839407,-0.7654164043453324,0.0016725203565824648,0.2678001109855559,0.8182714434691091,0.4826650760781737,0.0012132137021690467,0.761134699775726,-0.48833446589710894,0.39863348692907996,0.9083282598769699
707.09222,1.0,-0.0045924331460190475,0.0010356576963571514,-0.0013667325575249679,0.000436408698276702,0.574150802486267,0.27759556387285583,-0.7649125219132368,0.0024536020771394685,0.2666415514136559,0.8199008563287502,0.4817520478361865,0.0027691160863905864,0.7586951468543583,-0.48811183534755287,0.40021725286282717,0.9021266897594591
707.52118,1.0,-0.0033144549768467603,0.00029743395593667107,0.0004043530486732877,8.774148729003025e-05,0.5732762468960599,0.27869047212362075,-0.7621481881514627,0.0001735869247200129,0.26656450796642334,0.8200735818874224,0.48255588827017337,0.003453984381214364,0.7556621571127902,-0.489824522691857,0.3990645107482256,0.8957911814083863
707.95007,1.0,-0.004836724578854837,0.0003811480137190637,0.0025372276785708635,-0.0006327757039167921,0.571825597103216,0.275492414772496,-0.7637371294473356,-0.0013070945154064486,0.26722679724589626,0.8165924434870956,0.484938368768705,0.003929424278581632,0.7562227167397122,-0.49023600666844697,0.39922114859030655,0.8942560476980402
708.37885,1.0,-0.004911548816256722,0.0007510356875721965,0.0020975287613113867,-0.0011635124900635269,0.571504639133441,0.2750142378234775,-0.7630929032807335,-0.0013729388751640356,0.2682770880104569,0.8161418186441824,0.4849520611160249,0.0037462057644478534,0.7553929789756065,-0.4916740855191884,0.40027151668962446,0.8982081237907628
708.80756,1.0,-0.004100951373236964,0.0025431569506069985,0.0013490173911037788,-0.00016254007047815397,0.575641833597427,0.27610931491441215,-0.76171029667009,0.0013908354815166516,0.2679397554525592,0.8173931043015765,0.484935066067124,0.001260249325324893,0.7564774716373867,-0.49146498332866184,0.40175769070444967,0.9041429695562374
709.23608,1.0,-0.0038102025252402384,0.0015319464294380504,4.877993677617967e-05,0.001193272777719754,0.5767160273050714,0.2756898735804255,-0.7616793245463535,0.0012969585211041364,0.2684051863009721,0.8187626602882112,0.48434994666682935,0.001042624250015171,0.7561702092912593,-0.4876077436369444,0.4023783530324055,0.9052530981509654
709.66455,1.0,-0.005059977626253206,0.0009221473807220626,0.00039205165925348403,0.0007181766211478987,0.5759555454148271,0.2761077782114314,-0.7621655138234491,-0.00012936997482669433,0.26977130865856647,0.8170221262720667,0.4854009509795901,0.0018117132456387693,0.7557296340463762,-0.4906482056624634,0.40052606199813007,0.9037736731765911
710.0929,1.0,-0.005705831362715046,0.0020413842654857634,0.000591563084086626,0.0022673490693248225,0.5754699747729014,0.2750669044505918,-0.7625879181632862,0.0006424063316225581,0.266816238486075,0.8127253876740583,0.48667627978402905,0.0012520484436834033,0.7557459697150499,-0.4913683202391401,0.4009377893732195,0.8997729409174645
710.52118,1.0,-0.00560644836883121,0.0015989316313168107,-0.0008328257773007832,0.0032089379200101863,0.5779072127279735,0.27186259277356156,-0.7606442952156929,0.0005913144585970812,0.2678344778049757,0.8148545947579139,0.4861100793486145,0.0009974990787646738,0.7550756718138604,-0.4920949609219739,0.4038773627983626,0.8955723996275587
710.94934,1.0,-0.0041926848193480915,0.0017657716945473387,-0.0002752931068409455,0.00045676956757766774,0.5796367940400718,0.27084207339128225,-0.7564280704759727,0.001314608329169852,0.26968039399656424,0.8153662517340398,0.4852867682008962,0.0012525790460696073,0.7548607402064714,-0.49324601660526707,0.4042509323187331,0.8944975340475144
711.37738,1.0,-0.004540053463619773,0.002001635522631943,0.0005609720623109625,-8.759892517676363e-05,0.5816948386489469,0.2732017537899374,-0.7598189740538125,0.000872029396481224,0.26805543580005703,0.8166921861660692,0.48421639685311235,0.002479333700199916,0.7521745322070823,-0.4948984160404443,0.40459840610282805,0.8979217950961975
711.8053,1.0,-0.004524988487212065,0.0019657251122104733,-0.00019957342031261214,0.0005184209961282812,0.5818721040624455,0.2744459297999939,-0.7595056025803982,-0.00046869611816655917,0.26698932193239194,0.8174093787252142,0.48146875965467506,0.0008084608211753016,0.7528874346292289,-0.4943034138481508,0.40546065427968353,0.9025876878878443
712.23315,1.0,-0.004889380208653726,0.000339905523360222,0.0016222233405048937,0.0008719466007729394,0.5816095949423709,0.27405411689312287,-0.7607487319253095,-0.0010250159531610366,0.26657650912812497,0.8165980826000668,0.4837638114026792,0.001622077796276937,0.751423398906228,-0.4935079609711874,0.40561563939743767,0.901416620977743
712.66089,1.0,-0.005706201965834461,0.0015097149085297617,0.0023336607001229435,0.0008629186673670132,0.5841331309894013,0.27362916194884235,-0.7553713291296231,0.0014706522657563443,0.2655787155402689,0.816791794274423,0.48533375289448194,0.002862596877696343,0.7523762190523641,-0.4918053481492473,0.4060453063047743,0.8967420295306345
713.0885,1.0,-0.005855505726269706,0.00032141711608017943,0.0013783405511791581,0.000635052261829852,0.5840899950736693,0.27203387243964006,-0.7557002461255063,0.0006567904511462733,0.265747125821476,0.8145872141236586,0.4862775526235255,0.0021837728853053486,0.7524096579109878,-0.4930352081486258,0.4087784640262519,0.8934500514131335
713.51605,1.0,-0.004945370277174204,1.406197715731388e-05,0.0016920715924221637,-0.0008684443341205808,0.5832900671442129,0.2737523603286725,-0.7570775895139221,0.0013501950133080615,0.2647506701226306,0.8119700083893319,0.4858800327349633,0.0018644245160158402,0.7518636591856073,-0.49399188387762927,0.4084907525568264,0.897762448136495
713.94348,1.0,-0.004693323686110449,-0.0004561739280467137,0.0021590083173977097,-0.0007605482559869638,0.5851234152844322,0.27527445531590317,-0.756241834715334,0.0021270143253062142,0.2636144993209745,0.8144084342943663,0.4858211667044688,0.0027251967839062945,0.7516495983204586,-0.492335036658882,0.40888412846499705,0.9030904875210761
714.37079,1.0,-0.005070362849327877,0.0011804565722764167,0.0008839339923096864,-1.539637705119894e-05,0.587911937808288,0.27251059518966386,-0.7552574111191533,0.0018780457116249715,0.2650967703664279,0.8171847708397363,0.4862394091153644,0.0016758994158211687,0.7513265445342051,-0.4916047753370947,0.41171093676200654,0.9042560834002833
714.79803,1.0,-0.005123330896687294,0.0017176443062280786,0.0008782068141320717,-0.0007310150006393035,0.5871022397264254,0.2704841794433748,-0.753981522102914,0.0018808123405964652,0.2634113751792728,0.8164217627891794,0.48860849739572076,0.0013196474580971225,0.7482831233808902,-0.4927470578303024,0.41038103237800405,0.9029298615564008
715.2251,1.0,-0.0051642920525264025,0.0013419593510071498,0.001993016861918022,0.001193987662582524,0.586853869376119,0.27152653953647776,-0.7538178885921876,0.0016174671450191714,0.2638897468602952,0.8157527556551435,0.4899102236980022,0.0007050742198312512,0.7504038631074258,-0.49149806468517276,0.4113773836216246,0.896697072135432
715.6521,1.0,-0.006458426179471449,-0.0010665271542714008,0.0031966240166519037,0.0007307861163070166,0.5894940465287362,0.27261783051639654,-0.7516100532541263,0.00011846395332011041,0.26377307003229666,0.8159576346286427,0.48744350922965457,0.000961018256592357,0.7531738341324773,-0.4914935699049806,0.41440486249544034,0.8919986588927407
716.07904,1.0,-0.006220992415704391,-0.0017114480244254905,0.003479919232438145,5.334538685536533e-05,0.5920746381935076,0.274073331849724,-0.7537450533848286,-0.0009206893431628897,0.2619165368203336,0.8145836941993049,0.4876689579680803,0.0009048496287832607,0.7512561881041326,-0.4949482133809995,0.4144824402157372,0.8932703551877054
716.5058,1.0,-0.004987942934129099,-0.0006224665644568269,0.0027484931289379535,0.0004813970434694124,0.5901852377253523,0.2747295409228791,-0.753675701934746,-0.00014301526235105115,0.26138912051874374,0.812347253159883,0.48876201113583784,0.00045957241627679,0.7484749809056377,-0.49453971019413906,0.4149611900303006,0.8997599254198644
716.9325,1.0,-0.005100447064590961,-0.0016800025348461102,0.0014797262569861103,-0.0005979750877206476,0.5909203976848668,0.27351399788447633,-0.7528315853663835,-0.0006442162213498965,0.2617986092145488,0.8133171525338188,0.4880938119307333,0.001725755597147306,0.7465140537904639,-0.4927504563151368,0.41562315885431445,0.9025795776527212
717.35913,1.0,-0.006019640521984867,-0.001625783160446207,0.0012905558631545599,-0.0001611752839587592,0.5913579484298936,0.2724876609936923,-0.7504468719296334,-0.00074182296203024,0.2620843478931624,0.8129536338613155,0.4872972220885345,0.002151267287526811,0.7467275080179265,-0.49551808892111054,0.41490344435679366,0.899686536617613
717.78558,1.0,-0.005840553644440465,-0.001159796455789437,0.0018237178371955018,-0.001562534342170507,0.5925201932880182,0.27146986456506284,-0.7499761172677467,-0.00028550303324507173,0.25904627198671915,0.8144330738479513,0.4871540453856355,0.0012337897331330318,0.7449124114909572,-0.49482828940398954,0.41431582634860104,0.8962642506765496
718.21198,1.0,-0.005642573804551232,0.0006772430903369455,0.0004888365790044208,-0.0003803480560807861,0.5940002024236475,0.26997330245970524,-0.7512966526144,-0.0009318436682027338,0.2580523573159462,0.8160970615840337,0.4875147718400743,-0.0004416985606982469,0.7463568972498152,-0.4956970685320781,0.4138111598290002,0.895657105600764
718.63824,1.0,-0.00492710391864632,-0.0005340483044189759,0.0008370134596757795,-0.0003199804307009126,0.5949945368866562,0.27123628871037736,-0.7520576372128535,-0.0018841504664079164,0.2586627831893683,0.8180984453130218,0.4898225947815987,-0.0010256378161308472,0.749032174441944,-0.49750111344024267,0.41229961393796877,0.8987560549202253
719.06445,1.0,-0.005927685740903825,8.906116050263525e-05,2.306618126273792e-05,5.9074389010533534e-05,0.5952793079279999,0.27141368450124326,-0.7523403993884838,-0.0019264945608116755,0.2578345693473322,0.8182825022039765,0.4911314476536761,0.00033417488069739366,0.7475403311788188,-0.4962357882358008,0.41841025344071786,0.903697099589599
719.49048,1.0,-0.007218288806845141,0.00025079207473791714,-0.0001944275535234371,-0.00028757480998875274,0.5944396336966896,0.27187889616217437,-0.749401773493368,-0.000946719124080391,0.25769610187957087,0.8159803704252421,0.48963292307660766,0.0005262212465174803,0.7466782021623419,-0.49423022926349214,0.4212641926122078,0.9024061839174893
719.91644,1.0,-0.006416505287039073,0.0006705564999346082,-0.0003121871128617057,-0.0010614204453174767,0.5959699228468897,0.2731303524249212,-0.7451047656138504,0.000493492633808787,0.2584695600868419,0.8153489182553593,0.48983442466797933,0.0007423046529873092,0.747839791533278,-0.49602718037864796,0.4212418693420033,0.8985778824393128
720.34235,1.0,-0.005323202636549805,-0.0009576675281157526,-0.00027126673674164825,0.0005206194529645021,0.5972244466849408,0.27614223325576454,-0.7460868179436125,-0.0004092476906206179,0.26046460719780623,0.8158211187410614,0.49010967421123386,0.0006877735972542838,0.7439761693018642,-0.4945501075442207,0.4191198526322648,0.8953979481017198
720.76807,1.0,-0.005256545870359129,0.00015563886527182645,0.001566665423452469,0.0001695110363396957,0.5984508143525429,0.2750105032728281,-0.7493980229390174,-0.0008606005177789144,0.25770303984248516,0.8146019690516,0.4897780722213928,0.002341061463908083,0.7425830799395712,-0.4940652086273355,0.41785354702169347,0.8947014675678254
721.19373,1.0,-0.004918470025371285,0.0008321469243729901,0.001938807291084844,0.0001339593929665715,0.5977784500405318,0.2731673616966849,-0.7499591877520415,-0.0015097877289467036,0.2551964644767243,0.8168371152663927,0.48901532944981607,0.0012810084176948545,0.743091402816789,-0.4947272489168559,0.4182484586839905,0.8979860904019471
721.61926,1.0,-0.00452556521734925,0.0013000430291769869,0.0004267915294614489,8.6311212419851e-05,0.5978626619147257,0.2718758663770229,-0.7454884531908383,-0.0002683481244406416,0.2559929363741651,0.8151101975391513,0.4917558764522359,0.0007300670418480094,0.7437558694828823,-0.49240640693992976,0.420767751329154,0.9021503712158165
722.04474,1.0,-0.0040563220715212015,0.0008357884261481745,0.0015256661267608678,0.0007675573774448491,0.5995579691047264,0.2718749074970125,-0.7430037977492499,0.0007388137973914178,0.25534737489166776,0.8139365300942055,0.4950955791715781,0.0012192205266328066,0.7442398987263634,-0.49245186439738536,0.4235990316327436,0.9015343603949216
722.47003,1.0,-0.002430744210491396,0.0011192150898885946,0.0007555725520058105,0.0021664490119466515,0.6009713078977289,0.2723832886080365,-0.7410535648432452,0.0010801403425412229,0.2553899946701298,0.8135828153036392,0.49371497063035763,0.001655327251749764,0.7444135471417285,-0.49331516489043237,0.42581100560368573,0.8934728124537027
722.89526,1.0,-0.003582079392340441,0.001268785388017088,-0.0006477744964817127,0.0032174137156046746,0.6012628241301794,0.2721670371138806,-0.7406445635707628,0.0014439053088457904,0.25520821890371137,0.8105452895243156,0.4917207057607752,0.0016411904068330716,0.7435517186892853,-0.49262916163037906,0.4247062018911814,0.8858849008640435
723.32043,1.0,-0.00447989986682059,0.002154518297923963,-0.0005959474500087804,0.0008916238210455134,0.6030884355351992,0.27306727894347715,-0.7422461397664566,0.00235038170206818,0.25456386922191,0.8105850947872743,0.49391732920572134,0.0019522740390459713,0.7415769887206094,-0.49028234923488323,0.4239336614682564,0.8851028670097687
723.74542,1.0,-0.0048616618886552325,0.002617070869740812,0.0014517334674761632,-0.00041917528735811407,0.6038618330593297,0.27306981770805755,-0.7411834860919027,0.0018940875327758603,0.25294710899427747,0.8109284430075838,0.49373155210347636,0.0019701896424631285,0.7403162047009751,-0.4888349978452205,0.42456884960943403,0.8873029706969366
724.17035,1.0,-0.004240963465938862,0.0023345556812816573,0.0009512741273858235,0.0005554588580633431,0.6029146911417961,0.2752439624704607,-0.7374196155353718,0.0007908107937324804,0.2533315650053333,0.8129207153027272,0.49230428028942064,0.002266592429185033,0.7418013313843489,-0.48839917935179256,0.4275704282815896,0.892017679120519
724.59521,1.0,-0.00397126692524799,0.0013581857799033984,0.0003623139521023895,0.0012569337539619404,0.6023511644121543,0.2760429184809968,-0.7376520193567138,0.00014024719671897905,0.25227574929448887,0.8159980295254762,0.49108252769647753,0.0011118550773960988,0.7426411743554565,-0.4892263516590674,0.4270809733823424,0.8955568625048419
725.0199,1.0,-0.0037761267813472355,0.001153571764931842,0.0008847254551882062,0.0010571741866727514,0.6056062545214019,0.27673472603517213,-0.7392788816285943,-0.0002951491108272739,0.25188959062143235,0.8155489050482502,0.4884558141721289,0.00040216867428872344,0.7403576881444527,-0.4879570729142799,0.42702324054760554,0.8973051847953913
725.44452,1.0,-0.002937522326173398,0.0003987940600741457,0.0017364835779575644,-0.0005787129083824473,0.608186770409838,0.2755417477468892,-0.7356853232358112,0.00013470914990401848,0.25085402827067543,0.8169649949299155,0.48871000959687255,0.0005465565465387364,0.7352953883015474,-0.4876933634299907,0.4293842369471105,0.8949467207247359
725.86902,1.0,-0.004658418755053443,-0.0004885086075136652,0.002971909486601796,-0.0008120703466630104,0.6087904439157789,0.27552994048754387,-0.7311110474233106,0.001192187837118107,0.24603108975109145,0.8176562996416085,0.49145396703157307,0.0015695281918403088,0.7356510726340494,-0.4879182322145052,0.429875607523216,0.8912066000077331
726.29346,1.0,-0.0042904295172347005,-5.3143986568319744e-05,0.0031935318220539456,-0.0009047574357703146,0.6083322824623651,0.27559281982217465,-0.7344784906213327,0.0006878323540385841,0.24474374262664667,0.8160422394320543,0.49202922600562043,0.00202508106355487,0.735360199046622,-0.4872901526252707,0.43240972103322484,0.891273305526199
726.71771,1.0,-0.004625797236330781,0.0011892502676645934,0.00108859339523837,-0.00048415536971589077,0.6073654624157123,0.27423483827249096,-0.7333588734484092,8.821284492034745e-05,0.245612818419468,0.817013698776697,0.4913151253260962,0.002867796216950356,0.7364512405746775,-0.48678748309547926,0.4318935514075616,0.8933954736144314
727.14191,1.0,-0.004738424392398811,0.0009274421752279573,-0.0015414952000094748,0.001454086037036353,0.608981064812105,0.27334883058497744,-0.7326485845218557,-0.0010374612186418413,0.24836848395354322,0.8183022995884998,0.49092218297767287,0.0024178115076617813,0.7381972466969567,-0.487252076733469,0.43268845448878135,0.8942394538741333
727.56604,1.0,-0.0047477270627706205,0.00043227587734499877,-0.0015551662360967482,0.0019410713499686731,0.6084425048881903,0.2699770382129937,-0.730928268685958,-0.0009734316933037319,0.2484125497346938,0.8177510755779479,0.4908230251876285,0.0031004074134019497,0.7378423142422869,-0.4870154619077419,0.4347457425504588,0.8947069723829894
727.98999,1.0,-0.00430574866603401,0.0013108803765822558,-1.7563721857434143e-05,0.0002789095252946522,0.6063322516138907,0.27033317491956577,-0.7302514451282235,-0.00020893222282595015,0.24591526087047297,0.8167110542598411,0.49191046760107326,0.0036352778382658163,0.7364274156189652,-0.48774994020214896,0.4343259412753108,0.8900535756012808
728.41388,1.0,-0.003951836658373214,-2.2219103624100073e-05,0.0014810977216172375,0.0004598388970784961,0.6064433140632494,0.27249092521077417,-0.7302715758211439,0.0007454428068864274,0.24251762859620357,0.8157200859991258,0.49365272797298054,0.0038216855458943046,0.7355905234853549,-0.48715699334453455,0.43502529097618664,0.8855213452270415
728.83765,1.0,-0.0025946767275060014,-0.00040598211475486847,0.0028916614073414473,9.520646631292672e-05,0.6071806956877651,0.2751405884551712,-0.7330788151679098,0.00021844357512689586,0.24405137275297792,0.8152761435955331,0.49377805702945815,0.005170335964431291,0.7351646287974989,-0.484358409862717,0.4356038446858897,0.887064701049215
729.26135,1.0,-0.0032520167096531734,-0.0010018951270095076,0.0017419615354023587,0.0005161804356067038,0.607727795019437,0.27888628896770756,-0.7371001148061413,0.0007982816882721777,0.2433664991241186,0.8145291581310524,0.49473695207848767,0.0029203716225205826,0.7348807124631654,-0.48596871225932836,0.43403128816104575,0.8921597459761771
729.68488,1.0,-0.0043344751840835695,-0.00010871964321322632,0.0015296190636546463,0.0014693984017500193,0.6083557346640982,0.27825703150673226,-0.7372994299813244,-0.0003064181659850661,0.24244671365849355,0.8170818312599717,0.495945288046607,0.0025353166330627022,0.7371157277051799,-0.48606755360441356,0.4365170586884134,0.8956832301697919
730.10834,1.0,-0.003979762985341071,-0.001768842336334059,0.0012740915746673378,0.0011356127780955962,0.6083783794001071,0.277558855854679,-0.7335818120293149,0.00030940920248855985,0.23994653844543512,0.8179150040917328,0.4942873468037999,0.0033507698397313526,0.7376507755218488,-0.4867595232578935,0.43804218871490147,0.8915945189864114
730.53174,1.0,-0.0052185499429176245,-0.0016335484945076788,0.0009704509909333469,-0.0005552246404196319,0.6091049053409079,0.27838381610609536,-0.7333303196089941,-0.0003597342603772726,0.2420524720028616,0.8163429580961505,0.49459030633636014,0.004140433676052015,0.7386474554923927,-0.4847716335921613,0.43982271417083585,0.8829144080085286
730.95496,1.0,-0.004746116466991593,-0.0018108335157289686,0.0020061958433197314,-0.0013450310276004426,0.6069113142476112,0.2811639544441696,-0.7337686258771513,-0.001470179886799625,0.24101514415258643,0.817232380986808,0.49469387149240895,0.0029059265785162025,0.7374103824694367,-0.48351477579325125,0.43947685517100205,0.877514885474636
731.37811,1.0,-0.005462825894105764,-0.00015746634816301154,0.0010064829912203863,-0.00179457133346149,0.6114537661457019,0.27920205787111,-0.7340061614958108,0.00028413333476694685,0.24059271699397852,0.8189975201794939,0.4940499417764717,0.0006560475260786875,0.7370047334328657,-0.4872290850078335,0.43744975923612583,0.8804681600124605
731.80121,1.0,-0.004507358715176027,4.2254804864656144e-05,-0.0002851928740895276,-3.1426654656460697e-06,0.6112442437668453,0.2770724435460904,-0.7326144507153954,0.00025100195064278226,0.23890985220366956,0.8197500958495363,0.4911572336988754,0.0019700498521031734,0.7375924063507332,-0.4858677987207343,0.43881531387702405,0.8852532730800591
732.22412,1.0,-0.004089487192720587,-4.360334284381228e-05,-0.0011624025410179235,0.0007125880701938423,0.6112027998874062,0.2769737155243098,-0.7330972790605272,-0.0014604279624563568,0.23993780788579894,0.819063040877746,0.49208844590615847,0.0023672016430254547,0.7356464282563746,-0.48512374313858775,0.43940308175140536,0.8884034223185167
732.64697,1.0,-0.006051595688069504,-5.105144973749446e-05,-0.0002749549963945447,0.001293696984719374,0.6128938476478805,0.2764652580869571,-0.7329653319466555,-0.0008390164056348261,0.238980202964947,0.8169305094218093,0.49215736632678725,0.002776535008455261,0.7375415820404262,-0.48558161180738135,0.44160412129514803,0.8879914815833981
733.0697,1.0,-0.0063592627446486805,0.00011060251045800312,0.0007797367473958452,-1.8780538758115608e-05,0.608887981999526,0.2790192890433163,-0.7353471941573326,-0.0012984868166460027,0.23677827745821478,0.8154436665838177,0.49145996825589744,0.002186922945113177,0.7381087234230896,-0.48665641231976325,0.4405886135645278,0.8853497057177464
733.49231,1.0,-0.004814712947848115,0.0005129371249898699,0.002300263148058725,0.000568184932068545,0.6088075133733875,0.2785269212747713,-0.7368773745248107,-0.0005365927693150968,0.23587005480553455,0.8194222801383321,0.4918947358739482,0.002707250029714415,0.7395810222551052,-0.4846768661624786,0.4391321059842489,0.8854609282185031
733.91486,1.0,-0.005006021169664855,-0.000991142019669291,0.0008089384034082846,0.0020850504994440536,0.6119239239183142,0.27906507610776865,-0.7361168615326168,-0.0005747564048980146,0.23767968198853737,0.8224767758424184,0.4954309754624069,0.0033165682164835457,0.7409819898313671,-0.48392414352122354,0.44184344191481134,0.8877972399479148
734.33728,1.0,-0.006184689809396696,-0.0006637522316644569,-0.00012440497202029078,0.0013667910470035035,0.6133999447346558,0.2776818568871724,-0.7349085425396473,-0.001048914902949756,0.23617234164968706,0.8198868724937033,0.4968772226329895,0.0018640238055880572,0.7417874310358563,-0.4828509865931175,0.4402680014097154,0.8950034711974051
734.75958,1.0,-0.005667853310778933,-0.0002628368342292661,0.0005168952263009109,-6.990037846206897e-05,0.6141459491058074,0.2785567258860931,-0.7298632881859118,-0.0016267865770640383,0.23299634138695613,0.821020070438668,0.49412966435366024,0.0013762550781494293,0.7409301625819945,-0.4836017939394728,0.44024047941589595,0.8965470755426163
735.18182,1.0,-0.004147815506789242,-0.0004165061826574512,0.0009781160099813608,-0.0010424728524608886,0.614668658064796,0.2786515832339165,-0.7295111488816206,-0.0019005954068309662,0.23303334455606758,0.8240009315281899,0.49060032432588996,0.0018482767397819165,0.7385265999152745,-0.48156081664592043,0.4418446152750114,0.8907789680076909
735.60394,1.0,-0.004594993164929923,-0.0005331856151148292,0.0015559743829111558,-0.0003684943288425427,0.6121547632806283,0.27570136478540364,-0.7280310124476238,-0.0021585575895116207,0.23401165771313037,0.8241248450353008,0.4873339363515843,0.0009472757908916746,0.7372727080583676,-0.4799126737481585,0.4398421269906543,0.8870873531176191
736.02594,1.0,-0.004701600242534274,-0.0007214568671132818,0.0002776685460600934,0.001231311521447028,0.6124359799566927,0.27668334927285243,-0.728111898883011,-0.002282126240271664,0.23359888381282698,0.8238082536952731,0.491534351134059,-0.00013238338679412076,0.734911570900416,-0.47770512145201227,0.4395025738949712,0.8857153995165131
736.44781,1.0,-0.004952127398948503,-1.1813803551178224e-05,0.001077591291159826,0.0005997128247628939,0.6117628773591849,0.2763612529212332,-0.7286435475442165,-0.0020107340831107138,0.22967299107080405,0.8231278182372305,0.49433438314242095,0.0010673286866755831,0.7349251746948293,-0.47882547761725425,0.44179877895198605,0.8873606090192036
736.86963,1.0,-0.005098180585465769,-0.0011591040519307993,0.00025602510347690733,0.00027706983292766175,0.6125402996628151,0.27632317238022913,-0.7275447259465704,-0.001687622926820659,0.22838142253563842,0.8217710768597474,0.49481223149170184,0.001350012965355153,0.7358086913018729,-0.47843867601257867,0.44450361955541007,0.891636674564714
737.29132,1.0,-0.0058550682342201074,0.0007531816633878259,0.0003848483821695748,0.00014837371654107011,0.6133379776206792,0.2755700536852064,-0.7261015033028252,-0.0021042478781057973,0.23341735245589676,0.8201389965577364,0.4930471969030623,0.0012885485838770798,0.7393993832772621,-0.477217028282833,0.4443354708205107,0.8905086589037202
737.71295,1.0,-0.006758908214256795,0.0030337878538115805,0.0004396326330945789,0.00019769945350198653,0.6129897783164129,0.27517262212609106,-0.7251369286432953,-0.0017582106661986107,0.23292473812058512,0.8212053366055788,0.4903263322711039,0.00035281652136019,0.7402100419996543,-0.478004703401124,0.44287006874103363,0.8849262267643874
738.1344,1.0,-0.006006832235447816,0.00319911542430134,9.275441026654319e-05,0.001240054752235079,0.6130571119321563,0.2779145050258758,-0.7246696194932248,-0.001059815890411194,0.2309363641273052,0.8225529098007952,0.4889548005937382,0.0001463123111890545,0.7383805729776665,-0.4761880342103249,0.44319396294209673,0.8793404724150697
738.55579,1.0,-0.0040522454863733395,0.002122139629479828,8.741069190279755e-05,0.00018365050560825794,0.6154542933953774,0.27692849246309703,-0.7273003837797931,-0.0016064428492847983,0.2306767088063112,0.8222036327370894,0.49019807321219183,0.0013907661820936142,0.7365680668302665,-0.47414241884612723,0.4440940643778648,0.8784790167469158
738.97705,1.0,-0.0030550502099380952,0.0011337727912357292,0.0003955292060078321,-0.0007261721984263876,0.6159118608321468,0.2771806120309878,-0.7282194155577393,-0.0004596323103612222,0.22696711021557903,0.8239773769597777,0.4899738821129731,0.0022256815817242284,0.7358176176808877,-0.4721027403831987,0.4478914024771401,0.8795535954755097
739.39825,1.0,-0.002066494014153714,0.0008207695515297607,-0.0007887806003954917,0.0013715407366967783,0.614869313124451,0.27938874054833707,-0.7302037902460463,-0.000708131962162355,0.226319776252536,0.8259064349847616,0.4899592884878545,0.0005556468247300743,0.7359250645890419,-0.4736081810595484,0.44743747280967217,0.8796572633207672
739.81934,1.0,-0.002987647068455837,-0.001627815806175338,-0.0012758602299591994,0.0008388074574345062,0.6142613641840007,0.28203292937584273,-0.7330300792271184,-0.0001678615045040247,0.22755370225840094,0.8272568999722586,0.491224054154621,0.002128069949119939,0.7359195950700295,-0.473489686698351,0.4483450138689486,0.8821975981431909
740.2403,1.0,-0.0037970029078122905,-0.0014198221087056674,0.0006228868559231131,0.000753024138888584,0.616759058222265,0.28216200529811364,-0.7311990950097116,-0.0002686113556353337,0.22474775531779279,0.8281099662593076,0.4886126794968934,0.0029604794909531946,0.7378662420049028,-0.4711499822016939,0.4499825228496194,0.8848855852316123
740.66113,1.0,-0.0030937065983065704,0.0016471511195465013,0.0019370902104158118,0.001967712012226021,0.6143659056515536,0.279339282289019,-0.7278722349904253,0.0014136078452665428,0.22595572781986822,0.8276266843070914,0.4884115824050206,0.0016548611625447423,0.7424084790922771,-0.47099943651072684,0.44660996709058787,0.8851764830068877
741.08191,1.0,-0.004077121340953033,0.0023309560870973804,0.001954408391015139,0.0011827296904056343,0.6136102692144556,0.2800096487436867,-0.7275705277438472,0.001919385080469694,0.22484823617031294,0.8270903611223717,0.4919156856605701,0.0009280682946121254,0.7428292010214139,-0.4736916820435229,0.44891302721543613,0.8839652856005791
741.50256,1.0,-0.004262606990007608,0.0024732917724178197,0.0012880021349469578,0.0005280544770834299,0.6126862738782174,0.28022888717284317,-0.7264222509415309,0.000984827387844524,0.22309993828225685,0.8270989271297023,0.4926847678135403,0.0007783108937173219,0.7395500779805579,-0.4709209895940633,0.45277734054922947,0.8836075085420325
741.9231,1.0,-0.002475272301528659,0.002497433001271693,0.000532175790196826,0.0018626745884889391,0.6127230016089007,0.2799566685788376,-0.7276026351371468,0.0018851765767883472,0.21880261386917993,0.828173241120998,0.49299770031717,0.001412929069450781,0.7406383074292759,-0.4686933157720348,0.452621285590617,0.8875102742045659
742.34357,1.0,-0.002758259315006908,0.001188488853265305,0.000520489317026783,0.0020684913389754983,0.6132870665130894,0.2786712372154427,-0.7280163452220009,0.0020801516319847815,0.21934937854609968,0.8295271016644534,0.4904486681804408,0.0005888374538703311,0.7420075290628697,-0.47217226911708365,0.45214449260748985,0.8937727230054296
742.76385,1.0,-0.0035047999370288203,0.0006210669258474815,0.00150514863825946,0.00273387732484239,0.612785241248963,0.2800693910045824,-0.7302921651892382,0.0014649887613026216,0.22076237397691245,0.8267277238138909,0.49050953511033313,0.0022171894169640866,0.7392403559761973,-0.47144284122359,0.4508939966082368,0.8953143605329439
743.18414,1.0,-0.002151189570147335,0.0011312553192977847,0.0016167157205804763,0.0018454799381418757,0.6106864475140042,0.28036796722612684,-0.7315713257023151,0.0031188132106401965,0.22038161024886904,0.8281619640835685,0.4881573285365953,0.0026527600065083794,0.7417643954486866,-0.47211187712166425,0.44895816382221354,0.8939201689628936
743.60425,1.0,-0.0012454118594085026,-0.0008286742217338731,0.00023594196383745406,0.001551212950477327,0.6135304630639751,0.28098636264727095,-0.7312195338319106,0.001703391512575727,0.2196735184169283,0.8282954884703725,0.48737427092746793,0.002699023904872003,0.7420057821249588,-0.47045277901722155,0.4514448772967041,0.8891770029301518
744.02429,1.0,-0.000740036765604283,0.0005655653943494453,0.0004941137722325516,0.003209559698457744,0.6091859684031323,0.2811502218386877,-0.7338490342335906,0.0005928230228709146,0.22124218407014068,0.8274177631534615,0.4877135839373677,0.002167149465380485,0.7409047981802246,-0.4709197283563896,0.45332622001829637,0.8813428598803075
744.44421,1.0,-0.003814836999822205,0.00032528000651845223,0.0008835483251587829,0.0022364906870309437,0.6088329961162731,0.2782383848731007,-0.7334672341526596,0.0009456182132296876,0.22191110745298237,0.8261059556920777,0.48822872466975586,0.0011787908177877508,0.7406355825457898,-0.47144558780623164,0.4510028088182244,0.8767570410222587
744.86401,1.0,-0.004751660366707387,-7.60165671600525e-05,0.0021005549371277896,0.0018424532033851344,0.6088213814574877,0.27950678098335335,-0.7304403123895005,0.0011595721897481464,0.2221983136894124,0.8285870524646032,0.4855116043377761,0.001483379253257251,0.7411749249536435,-0.47056902266676,0.4520244818652288,0.8805384169731648
745.28375,1.0,-0.0020842728762114075,-0.0002687242560649804,0.00265939556080156,0.00036188400825297673,0.6109306290825294,0.2775935929860215,-0.7283472098416067,0.0021574457345650624,0.21962642218859252,0.8313177358872466,0.4839017799480273,0.002760079760648426,0.7428997676523862,-0.4669387375342075,0.45064643735268406,0.8872832258572996
745.70337,1.0,-0.0029451734095536845,0.0005305146829153076,0.0012190533899398641,-4.8855869059171244e-05,0.6142188267739085,0.2742084216630842,-0.728540461336775,0.001273913899474197,0.21763549892192144,0.8314477410481406,0.48197999191235613,0.0012341054713196225,0.7455570876347222,-0.46607383877280073,0.4528747438299644,0.8888834585691863
746.12286,1.0,-0.004544001866423202,0.000692928941184303,0.0028744410293908254,-0.0003964972925089855,0.6156375521300136,0.2735357799909738,-0.7306557558835679,-0.00032070636448488105,0.21727604430053318,0.8286332624127514,0.48265015932424,0.0006172912946679549,0.7473885514642221,-0.46484736716789754,0.4533518722668475,0.882799213014294
746.54224,1.0,-0.005469314288894904,0.00168895874441427,0.0010958331419751908,-0.0004551736916475886,0.6176794302867151,0.2746538553213161,-0.7305873808430332,3.2837223286207236e-05,0.21966779235345915,0.8282025460460023,0.4823634947318953,0.0009600621337930534,0.746142791423718,-0.464542736083136,0.45250337832648,0.8785077829185244
746.96155,1.0,-0.004994546287417632,0.001710841849077501,0.0009789930521878862,0.0005718190030698815,0.6178302242784898,0.27561041964384064,-0.731375667051884,5.4599910305549456e-05,0.22142111723682445,0.8296179817671683,0.4834668609177798,0.002067558502282442,0.7442320560071278,-0.463159842688148,0.4530418696364178,0.8801023943647533
747.38074,1.0,-0.003292719339280634,0.0005177036988656298,0.0004956940869688205,0.0010612036202783768,0.6173796962823707,0.2764944779114296,-0.7311586218697465,-0.0014096535389531925,0.22085986489580334,0.8318616469186393,0.485098753694881,0.002192599868180201,0.7413680219464668,-0.4648167798864602,0.45819004131455743,0.8841158322355571
747.79987,1.0,-0.0035591993763318926,-0.0007312435122519467,-0.00034046126032394905,0.0006423199602723496,0.617198546018416,0.27692709852885333,-0.7321857242224359,-0.001929476510817939,0.2192692737855825,0.8291982813716111,0.483028838471379,0.0024037597250616775,0.7421514702116814,-0.4615532741297654,0.4593981342166353,0.8902529495700304
748.21881,1.0,-0.0025536942411509386,0.0005549926349047527,0.0004607795303297748,0.0003497067729664736,0.6171470437668417,0.27775481546235986,-0.7326203514926519,-0.001170786200830515,0.21913837876327474,0.8297676202166546,0.48245501676943725,0.0020933527457317703,0.7434673344232765,-0.4623396611643783,0.45672928061976936,0.8911821566637402
748.6377,1.0,-0.0018134672673222581,0.0012700298802774612,0.0005241330891640294,0.0011017244792226634,0.6185814241427858,0.27871868935906163,-0.7284597445211853,0.0010055389895034825,0.21631852802575147,0.8347013098315597,0.47968783970005385,0.002494253263807423,0.743395611839304,-0.46384477377170036,0.4583058992257098,0.8872074144284183
749.05652,1.0,-0.004320540486261277,0.0014026168522972293,4.257400247965635e-05,-0.00015686517189836374,0.6178850961078144,0.2752002244694061,-0.7276107098049551,0.0007638466003401679,0.21730589942251105,0.8351394856628727,0.4753431132011652,0.0012963932013071707,0.7439022218599115,-0.46412411014344657,0.4605399824414907,0.8802088552303623
749.47516,1.0,-0.0052687364089993105,-0.001144757456811859,0.0006856451962089923,-0.001007383944683987,0.6181066524197812,0.2731033895633052,-0.730837359240257,-0.0006778460611639016,0.21679572474359124,0.8339904858510829,0.475806040466408,0.0021776231849298805,0.7431987981721027,-0.46334000990980173,0.462442596332453,0.8726150675305037
749.89374,1.0,-0.005722814420026636,-0.0006083458963329557,0.0023041351361191295,-0.00025152961820703505,0.6204742727078076,0.27139955131134924,-0.7305718607461149,0.00015187944062556352,0.21597536475942955,0.8355287960336425,0.47745944445684224,0.0020456073800406748,0.7416292863310948,-0.4612788275399189,0.4642661319813415,0.8730460407177257
750.31219,1.0,-0.0044295481046397085,0.0016420853419523403,0.0009899308662706578,0.0005799146511084504,0.6208799948466801,0.27003551205714,-0.7315930374428841,0.00035779396037807597,0.2161990984268026,0.8368717934659435,0.4771560230812477,0.0021912412025197068,0.7399198970338604,-0.4641878937548923,0.46372854794042967,0.8830045886183585
750.73059,1.0,-0.005239105636463611,0.0002283735913774955,7.423163357023366e-05,-0.000507056289563302,0.6215003053574526,0.26970032159601115,-0.7320617414101029,-0.0011171255343394903,0.21636225250868998,0.8351207772193161,0.4725447189473384,0.0024258634672514085,0.7425176599197811,-0.46389038418058093,0.46266874002086994,0.8901381609179977
751.1488,1.0,-0.00540212339721843,-0.0015566202947014018,0.0018310137615979926,-0.0004595442418406288,0.617728913631339,0.26956906218559185,-0.7329812473595706,-0.0022200858055953492,0.21569292845178173,0.8348188234098962,0.4753270421071113,0.002411315984097183,0.7407102646071047,-0.46114059909986105,0.46278291669235777,0.8837723073481727
751.56696,1.0,-0.004638210575214258,-0.003193736775867602,0.0020754357547139654,-0.0012471548855315375,0.6180752376284112,0.2710165403121712,-0.7303889343096113,-0.002199139891464007,0.21377347363804092,0.8338125836858854,0.474973984848046,0.0020871460867098674,0.7383515985410859,-0.45883572243428317,0.4665273539573816,0.876038429535738
751.98505,1.0,-0.00467853591240863,-0.0018792506978725977,0.0011282712073908718,-0.0016574354866180504,0.6204578153091029,0.27093530518760855,-0.7286208485973094,-0.0011930123605662331,0.21456534838726915,0.8340892994620333,0.4734365576255099,0.0005634381854796825,0.7398138318842602,-0.45500176405908627,0.46438759025438237,0.8706937840493186
752.40295,1.0,-0.00641564428603382,0.0013291584657078577,9.637771695439175e-05,-0.0023502445845112814,0.6207493949688371,0.26857792245472734,-0.7275779994949004,-0.0014756649791179718,0.21613411905366833,0.8363838135771005,0.4747081604121445,0.00027567892488094165,0.7399625910220436,-0.45621006459095637,0.4648690556593582,0.86811018560838
752.8208,1.0,-0.005624650375713092,-0.0011513138136020826,-0.0002569091728950301,-0.0036305602311386305,0.6212870900296867,0.26810886413671564,-0.7304408798560054,-0.001685405077025969,0.2175204887834498,0.839431049849195,0.47538593020785325,-0.0002113981734465221,0.7407235131571716,-0.4573635475053302,0.4658778338000312,0.8708901120573231
753.23853,1.0,-0.0037272516865815178,-0.004070355911058324,-0.00046207918347652527,-0.002788498811170715,0.6210700275427602,0.2651746191723272,-0.7289304298336182,-9.122443670610771e-05,0.21640438541770812,0.837669342555673,0.4744872986214859,0.000912756340116718,0.741612746197924,-0.4589251218618955,0.4658050282348177,0.8747853000106002
753.65619,1.0,-0.004188305098800403,-0.0029080014542646306,-0.00023245325939881946,-0.0012273497486528589,0.6196492650262586,0.2642744611162711,-0.728751907698351,-0.0017652453362674433,0.21730994717839405,0.8369535445691149,0.47362230597567445,0.0016365559024796052,0.7417264916591607,-0.46106616163753517,0.46659613663494137,0.8807673142864446
754.07373,1.0,-0.005633403629306878,-0.00027005892786594884,-0.0006722491989232164,-0.00038671665835238834,0.6178418202713566,0.26361514595705426,-0.7288474281615682,-0.002868568183446607,0.21506772478627137,0.8388163485423116,0.4724183223264971,0.0014177870722434718,0.7357387829579569,-0.46092735896606735,0.4656380175462441,0.8827044204697256
754.49115,1.0,-0.006881956677308145,-0.0008958105287514963,0.0002316546864231713,-0.0009324424529774015,0.6201438502324351,0.26322692530817465,-0.7303671669913174,-0.002350478967644464,0.2127662493652508,0.8395837912050037,0.4721836526411087,0.0010212207120771832,0.7358995789648581,-0.4578020807610466,0.4639429776075706,0.8801337199315631
754.90845,1.0,-0.005187021203219547,-0.0009626068918272539,-0.00013955055048498006,-0.0005733521799843204,0.6209964137310986,0.26399141464706605,-0.7312861221050132,-0.001798943607008841,0.21330293913325826,0.8417384249622653,0.4713329159220373,0.0009074654683629527,0.7387500351860625,-0.4562613585228136,0.46762740986006984,0.872965350105316
755.32568,1.0,-0.00524155182678967,0.00043641074263851316,0.0004582930688312977,-0.0005249536199408685,0.6186128125610372,0.2632913076648747,-0.7329018681942705,-0.004116578243874944,0.2136743608215809,0.8428156825073082,0.471039043174835,0.001620989373991393,0.7378086737634241,-0.4573633010232493,0.4664116504404784,0.8699774501770297
755.7428,1.0,-0.004518859028661589,-0.0007371294296734806,0.0012665859560112348,-2.5056638816260244e-06,0.6185635691344582,0.2645301700371585,-0.7337707686133407,-0.002872986891375596,0.21224700259880416,0.8426264183719331,0.47242924363769717,0.0021019718305493895,0.7400350607930083,-0.45694320933944343,0.4660162643506965,0.8770892683147514
756.15979,1.0,-0.005095686863607183,-0.001469253385838845,0.001990480994061156,-6.187365315763279e-05,0.620687655741092,0.26594368087629,-0.7339987908043111,-0.0012651368956322483,0.2122753063889219,0.8399148672848884,0.47157953144866,0.0014327489441553468,0.7358050356861212,-0.45629589993298186,0.4675230817823332,0.885730294917963
756.57672,1.0,-0.00475288419273352,-0.00043873290694832845,0.0014813386908712214,0.00020382483661169492,0.6225363710966118,0.266288267425399,-0.7309731717270024,0.0008946827574912575,0.21396634832797723,0.839870380473937,0.47006309530596196,0.0008125106029077332,0.7384386027211338,-0.4528719186416805,0.46873135526801,0.8870628149560299
756.99347,1.0,-0.003344708861930811,0.0005053782883996617,0.0017970470831619565,-0.0010471690015285493,0.6242403773998323,0.26373120356012364,-0.7320677968846836,0.0020785489790590256,0.21298165243695327,0.8393600648256732,0.46796564574723865,0.00012317166910294123,0.7379509181869983,-0.452359202084912,0.47012942617297987,0.8786829990195099
757.41022,1.0,-0.0036352720477339567,0.00015978156275788202,-0.00019122231257732988,0.0011674484458137676,0.6240221323429029,0.2612799549970138,-0.7295865059850366,0.001771875373873972,0.21481696858611957,0.8415051880532576,0.46868975945213914,4.47661050848017e-05,0.7375016111688526,-0.45346078169272697,0.46992531430216355,0.8702895502993894
757.82678,1.0,-0.0018085150061900458,0.0006088275956550636,-0.0006364036776660228,0.002499657826425524,0.6261655146318365,0.26113468409239454,-0.7312513931659048,0.00281369869530729,0.21553147033375744,0.8428067721034862,0.472283853116797,0.0015232654371529167,0.7366330610797618,-0.45267722526681553,0.47275822432017994,0.8692870725408758
758.24329,1.0,-0.0003281170618136594,0.0016225750747295002,-0.00013856912682525945,0.002174993135988688,0.6228473769267464,0.2600522783703808,-0.7320893469843417,0.0007623504131554517,0.21799479628267665,0.8426826306908247,0.47045461298044033,0.0035599757980696338,0.7364995166222126,-0.4502911028276528,0.47500956510172315,0.8759355624292359
758.65967,1.0,-0.0009463074238697583,0.001227943761692002,0.001027837721110529,0.0006406425026771838,0.6229975395961844,0.25490116594001827,-0.7327199365935083,0.001347266850442314,0.21640766875375408,0.843386882478364,0.46843549927827266,0.0031178686228481296,0.734781395437257,-0.4530980256732789,0.4740724713781483,0.8828230408999278
759.07593,1.0,-0.0013614342876048721,0.0002961373989513829,0.0006126248678422025,-0.00032075871079612376,0.6223773905473658,0.2527736823141451,-0.7315319760614022,0.0006103489753971351,0.21778840531961008,0.844606402816761,0.4669670536631781,0.002416612266788396,0.7353570694090713,-0.45168473908174483,0.4733863042300039,0.8844446646067676
759.49213,1.0,-0.0020781257039404165,0.000518115687352758,0.0002991030961772462,0.0010181976182675142,0.6229520751141463,0.250580474964216,-0.7279095055136783,0.0013273220460237308,0.21647713892033427,0.8484418762042621,0.46499743668450155,0.0009222504322083006,0.7380017535387992,-0.44922479564943407,0.475363481265144,0.8806249527517104
759.90814,1.0,-0.002302534297308347,0.001542110316986181,0.0009514319060032368,0.0018182821709171175,0.6214296824676596,0.2526229288399762,-0.7259606038016597,0.003004557538743025,0.21568959546769775,0.8456678306809485,0.4617642859379286,0.0015159232032389957,0.7376174333231368,-0.4494876706155494,0.47779445594260783,0.8749321434516951
760.32416,1.0,-0.0026413917068316864,0.0016837084113408894,0.0012805960738689962,0.0017872887514344394,0.6234971900058874,0.2549579800151698,-0.7268177964999976,0.002321979078143065,0.21552698499743322,0.8448438114694906,0.46028173529790656,0.0018636882818879534,0.7330793660680982,-0.4495473216648635,0.4770689221579557,0.8715094158094613
760.73999,1.0,-0.0022427919308621604,0.002334215303584664,-0.000745846583538485,0.0027721539130318783,0.6242568509537432,0.255121162459663,-0.7277150149201637,0.001171501837359352,0.21668882808066547,0.8460357282285641,0.46046246138754326,0.0017707292888719801,0.7305048484011498,-0.44869084852268937,0.47858070126795504,0.871246912533313
761.15576,1.0,-0.002433114582194247,0.0033096852079969,-0.0013101444045194887,0.003920473128184483,0.6241680636820669,0.25442638635710796,-0.726728436871147,0.0009768243372462473,0.21827695092093244,0.8457571045087036,0.45921197295009625,0.0005067130952861265,0.7329393068055191,-0.45082332473459114,0.477235646332901,0.8759278337650407
761.57141,1.0,-0.001795598493423747,0.0025937324653904194,-0.0012350850086705562,0.004483370563447554,0.6245517096813372,0.25306975919909613,-0.7250268143447117,0.0022539220909827714,0.21685439185625244,0.8441510345137616,0.459656322102118,0.001333139738454429,0.7316658545521553,-0.4532235133133054,0.48018281130524426,0.885288911622184
761.98694,1.0,-0.0019446380561342895,0.00015542074705948843,0.0008719119442597942,0.0034248229100494725,0.6233214613308053,0.25301157692346155,-0.7243287682520001,-0.00026916150972964534,0.21595349395860017,0.8468097355709566,0.45929823778963497,0.0013806880539534484,0.7309640026123471,-0.4522277929711789,0.48117510332015845,0.8900104363350735
762.4024,1.0,-0.005774258021441542,-0.0009832940888717997,0.0009689797163340189,0.0007743724630594095,0.6261379856455686,0.25393601514671443,-0.7234093168191992,-0.0004673367950801085,0.21403607134265284,0.8435594008674011,0.4584348511311609,0.000602377388597273,0.7304035826293516,-0.4476357788887359,0.4811189044199947,0.8848032042178746
762.81775,1.0,-0.0058511186268246545,-0.0011010528914128159,0.0008394744198812476,4.36107188084853e-05,0.6278134341171245,0.2544215775732483,-0.7253808035604614,0.0019629792891261858,0.21100916010493942,0.8465259471166362,0.4567065539103644,-0.0003016256324862299,0.7291555187116855,-0.4469952041515391,0.4822109588132153,0.8760422505316453
763.23297,1.0,-0.0042367722252193134,-4.0814996080326015e-05,0.0021339849133494905,7.867862558438008e-07,0.626728657493334,0.2510417685725414,-0.7233308393075375,0.0022286728883855896,0.21306718041708564,0.8479847052761893,0.45523781161106036,-0.0010976348969079749,0.7300360299140166,-0.44989621120239615,0.48324652487285297,0.8706233077558343
763.64813,1.0,-0.004530491305570301,0.0002384560819168814,0.0022290578117328016,0.0009410450819839404,0.6267226969956924,0.24770875318502014,-0.7209566367169854,0.0005628134472361216,0.2151584521335727,0.845849023788184,0.4507816103746006,0.0017795316981096257,0.7262808292880141,-0.44684917421080234,0.4840803491877013,0.8675609070291089
764.06317,1.0,-0.005241387136729987,-0.0009135654976435234,0.003335600793019899,7.005440584983737e-05,0.6258407741272158,0.2479755824025954,-0.7237447229215693,0.001495821655515151,0.2123015560410574,0.847574185888841,0.45355927228440496,0.0031790106090442086,0.7219257428022042,-0.4468076087963797,0.4838808530924336,0.8709709625737017
764.47809,1.0,-0.0052055514009854325,-0.0005644579397771282,0.0010929235887495177,8.664551177954362e-05,0.6273492122607096,0.24788757745995402,-0.7277090739056663,0.0008843800006845249,0.21255360212697091,0.8479884550502568,0.45898127748001055,0.0004312823591350611,0.7266102309877523,-0.45053817256346146,0.4821370086556835,0.8839504538476525
764.89288,1.0,-0.004838092940211716,-0.0007564124547818037,0.0027539821276207645,-0.0005559393002533868,0.632598715966088,0.24773758665619589,-0.7287442711403272,0.0017419750937480976,0.2162328741396117,0.8499783180184223,0.4616187715800062,0.0014359167086109435,0.7284640721758663,-0.4462031947541557,0.4810219212136549,0.8941181274559492
765.30762,1.0,-0.00367545898079087,-8.550050738665062e-05,0.002879335954144479,-0.0007401845171611834,0.631629458729665,0.24497870498459967,-0.7265984682030076,0.0028745553524741874,0.21888647228307775,0.8487079908730067,0.45882413380000314,-2.643758832359616e-05,0.7302017545747558,-0.44798231378710124,0.47933015183206096,0.8932929314437007
765.72223,1.0,-0.0036231093025043634,0.0007434632826551343,0.001843382358887682,-0.0011597882046417269,0.628865396319255,0.24339228112315553,-0.7253436500043153,0.0024067581229690687,0.21961824940832292,0.8498246760966718,0.4594212809057622,-0.0018227197700390093,0.7310425303329252,-0.45136516339982585,0.482412843024872,0.8846299701203459
766.13672,1.0,-0.0029953633813171203,0.0022210329757375814,0.0011216784254294327,-0.0001931905325683742,0.6285505164024187,0.24346097499725117,-0.7253783499697847,0.0015089828588108684,0.22105335514944086,0.8504748614804452,0.460627995052856,0.0009329966834806817,0.7300589172218365,-0.45181012040494795,0.48838591640770734,0.8742704035463066
766.55115,1.0,-0.0036676047170720537,0.0032634044664060133,0.0014264033552510663,-0.00011308665110961148,0.6321428442586824,0.244699723393704,-0.7281940479913352,0.001917699510249297,0.22151493190366073,0.847742763807939,0.45417864384695983,0.001823921555613805,0.726954043205107,-0.4493873408794541,0.488975773657101,0.8679191936415284
766.96545,1.0,-0.003975547160415648,0.0010714544812827792,0.0016265619512797463,0.0003873953485520631,0.6343052433632691,0.24552521586144158,-0.7350766365827444,0.0007037223900619609,0.218535311776948,0.8494158201723607,0.4567889025808545,0.003029793628558944,0.7249224638479727,-0.4477456855929371,0.4893986486824565,0.8736591087975929
767.37964,1.0,-0.003973007136872895,0.000338117561244971,0.0015266565155542503,0.000526687228366114,0.6355568639517061,0.24490640870528504,-0.733754952099992,0.00042995216691860626,0.21681734719907994,0.850519414400751,0.4573455780302587,0.0024624052132171,0.7265094191292645,-0.44790126279610937,0.48472493937135613,0.8808527400216027
767.7937,1.0,-0.004997366838330896,4.2679654401298784e-05,0.0008695035058002886,0.0005837682973530197,0.6332613892600821,0.24389955468268193,-0.7303076382967078,0.0005930998524459783,0.21768007009860355,0.8493277675364781,0.4563714917847722,0.001745090304654874,0.7262631022760704,-0.4506449527170831,0.4856552929910774,0.8775005137648315
768.2077,1.0,-0.00312360619943572,0.0022330921607069125,0.002616386543345423,0.0014304766463139808,0.6294984273572276,0.24137844699503672,-0.7323928508132016,0.0003217876918539882,0.21831269421608418,0.8475747817118516,0.45499150656525333,0.002266038759023524,0.7292457160768071,-0.45215047399802616,0.48432350629545917,0.8684304601411117
768.62158,1.0,-0.002871380041682468,0.0018672644375862283,0.004445003854803692,0.0005571583087227553,0.6335128282209065,0.23986856039630244,-0.7313749766845308,4.083414646691796e-05,0.2214148161775672,0.8491887723481267,0.45468797607680445,0.0004699047110318479,0.7308294753052158,-0.4545989223692894,0.4848817009899541,0.8647689769861524
769.0354,1.0,-0.002253645294888893,-0.0005233054735966533,0.001997541588965223,0.00011847086283038667,0.6322432781529055,0.24024590507815127,-0.7287422574723739,0.0010972371989791338,0.2206071118250845,0.850285716580633,0.4536091900863906,8.498742404624186e-05,0.7311960718923913,-0.4562940285815763,0.4844061283031274,0.8614090596575614
769.44904,1.0,-0.0028801854015825176,-0.001195563389855243,0.000696700317251993,-0.0012618393106476212,0.6345288314837431,0.240624539270882,-0.7269359298645178,0.0002507697365824235,0.2182240159412344,0.850126991993412,0.45455625372545355,0.0010697073954650867,0.7290944723479831,-0.45562155122348613,0.48964801520931367,0.8618497770847461
769.86261,1.0,-0.0024127122940948197,-0.0003708063554312664,0.0009800201915239222,-0.0015496282511591169,0.6347260618477732,0.23992724511975777,-0.7271132966842864,0.00042829535305657056,0.2179789462187065,0.8477292497516665,0.4547826590435673,0.004025014670377429,0.7268054027401019,-0.45536503023795344,0.49321744612960183,0.8692053951720744
770.27606,1.0,-0.004198160853256569,0.00023257166263136202,0.00023015332426509495,-3.8945872276397e-05,0.6329275004226539,0.24254590679556953,-0.7273556884148891,0.0007085899676567093,0.21841312643594518,0.8472348501722885,0.4557059646009811,0.004205596455233291,0.7252596401339533,-0.4580037903878856,0.490732602546835,0.8783775466936667
770.68945,1.0,-0.0035333963089963847,-0.00015961330208856,-0.00023111397617071774,0.0013143729248646352,0.6342277842393105,0.2419899213698012,-0.7278552625005436,-0.0004807926969060582,0.21913014048687315,0.8497562615905995,0.4561003064453474,0.0015906189997027139,0.7252935152737933,-0.45827819820335713,0.49092363428722247,0.8811918885831265
771.10272,1.0,-0.003044233518288815,-1.012021506892882e-05,-0.0004947573125409709,-0.0008154900610002072,0.6360967371269288,0.2388591180278735,-0.7250880745739078,-1.6708883570369342e-05,0.2177846305732696,0.848431050823942,0.4552299223149724,0.0008767730054055276,0.7262039797664083,-0.4566322287637287,0.49325016299835334,0.8705329823710517
771.51587,1.0,-0.003953365573086561,-0.001625439704247278,0.000790173726759518,-0.001700248146770541,0.6336733499277541,0.2337832563157485,-0.725148317131454,-0.0027965688016923238,0.22142884423688014,0.8467983468608121,0.4558702694476884,0.0008709953414883759,0.7278769752408745,-0.4551199770406256,0.49467266232295837,0.8586745720219195
771.92889,1.0,-0.004308103152538616,-0.00246033699553186,0.0008792093455625335,-0.002091352335362307,0.6349200797946876,0.23534127046833744,-0.72459796788005,-0.005581545977759694,0.2213686456143321,0.8477618962055318,0.4565960613395073,-0.000641267200510781,0.7286558171960368,-0.45282524501987426,0.4905087628293633,0.8551321631867606
772.34186,1.0,-0.0032380161721498766,-0.004292817699287089,0.00165117647366843,-0.0006202711818424747,0.6335827081892715,0.2355676658297127,-0.7231688276766687,-0.0063177663804771635,0.22096409721053514,0.8522765190217996,0.4547659029783962,0.000805877106855898,0.7281521278205598,-0.4526722054460291,0.49287431067826637,0.860408952586258
772.7547,1.0,-0.004290213477034975,-0.0032477972169166953,0.0012677015076001088,-0.000146563463599713,0.6367319305304171,0.237296410046711,-0.7232188856980636,-0.004068862112550232,0.2209321347156165,0.8533865798690056,0.4518999585860099,0.00019662423692476313,0.7274011843714958,-0.45316637903626567,0.49285897223650915,0.8702434296529882
773.16742,1.0,-0.003363530456993521,-0.0017540837323519313,0.0007028219690532827,-0.0005308083866029596,0.6412946168744721,0.23725873568577963,-0.7252267724027966,-0.002704109516745711,0.22046319835961514,0.8491350513496682,0.45385257915588145,0.0011029526620289735,0.7270601593346716,-0.45358260707543396,0.4958616532275381,0.8770025611735297
773.58008,1.0,-0.0023604810081681127,-0.00020484138303687236,-0.00014617774256273818,0.0007167916955330004,0.6397722559868243,0.23351045731636672,-0.72321078183133,-0.0011600697786844586,0.2227755229980767,0.8476890184762771,0.4558658386418461,0.0012382902536924284,0.7254731255713839,-0.4574946614785529,0.4965844921147953,0.8824260175779272
773.99261,1.0,-0.0034697548356860015,-0.0013916933958782463,-0.0010900918528850276,0.001184277230918015,0.6370385695930845,0.23280787776482884,-0.7202436250995046,-0.002674014811717632,0.220956954346987,0.8471484434468176,0.4559397028829442,4.995952162619604e-05,0.7205587830715665,-0.4558455264047841,0.49468348001262197,0.882650028946288
774.40503,1.0,-0.002970120869999551,-0.000701773077261977,-0.0002328853774636789,0.0004459334760048266,0.640702223819018,0.23355696393664163,-0.7192379603469119,-0.0023993015039521217,0.22220934744771392,0.847432546029207,0.45628215985926823,0.0020440007637828944,0.7186992799290342,-0.45648463270762274,0.49688202972529444,0.8740004846063119
774.81732,1.0,-0.0036411985675946527,-0.001372352601852395,-4.878118701546162e-05,-0.00152314012990549,0.6422169372854268,0.23636794576532846,-0.714910666498155,-0.001861786529865028,0.2194286668011546,0.8493877361570009,0.4514108295223809,0.0023615353176962275,0.7179410808897158,-0.45678379585621665,0.49884372371978913,0.8637610063582437
775.22955,1.0,-0.006134591069279211,-0.0009584068483376251,-0.001157730373450409,-0.001908725418920792,0.6411983745489961,0.2369080618219178,-0.7147881800463338,-0.002729636340196696,0.2202788171778571,0.8487150289121819,0.45160811548542457,0.0009725580074016899,0.7209349778156073,-0.45969396567960236,0.4970354036646276,0.8587283846923737
775.64166,1.0,-0.005955451378845285,0.0007644169747458268,0.00012134073903246551,-0.0022328339928747287,0.6427454760876133,0.23323669015780307,-0.7159342639098908,-0.0018950471514055831,0.21895905524657833,0.8487242701937212,0.45365440436416843,0.001069354064299863,0.7200787028390999,-0.4583092551204264,0.494998439438426,0.8642623675005519
776.05365,1.0,-0.005164541856260636,0.001319056103651217,-0.00022822286856870867,-0.0016682108495471297,0.6442462531989331,0.2322916137394543,-0.7185222246920862,-0.0010117729094844543,0.2165856877792223,0.848233392678337,0.45475429302521403,0.0020258046156684355,0.7202735220244235,-0.45600644918130606,0.49600439476217106,0.8732840851812017
776.46558,1.0,-0.0012823777671028614,0.001524676690471437,-0.0013980007330433202,-0.00036097338232145987,0.6421185578716102,0.23252106478918672,-0.7186216968304213,-5.7002447467611e-05,0.21984463931241827,0.8448347453199799,0.4524194810565274,0.002916482787045448,0.7211678532656226,-0.4560726873322407,0.4977263626068089,0.8719394546529665
776.87738,1.0,0.0002073060101798706,0.0014268837877118143,-0.0006407260726766288,0.0015956307727678237,0.6444484027363201,0.2319104906030624,-0.7189409101303716,-3.906112068926816e-05,0.2214309497213344,0.8448826786926491,0.4494228206015421,0.003239127298837106,0.7198390029049369,-0.45778917766283134,0.5021160748614575,0.8633146067924252
777.28906,1.0,-0.00083377265364457,0.0021563915974241034,-1.222062315818392e-05,0.001001256336725938,0.6459493129904967,0.22979263118359755,-0.7209157793668285,0.0011040919317634188,0.21942329263888782,0.8482185452050403,0.4515273954272297,0.001904976406931566,0.7179159591441735,-0.455702552429423,0.5029394232527788,0.8548042481521119
777.70068,1.0,-0.001309660092280104,0.002519780827687495,-0.000641105951422717,0.0009100542551456278,0.6446659302312768,0.22971601941406336,-0.7187017434935848,-4.3472607705039766e-05,0.22077251434165077,0.8536164729609889,0.45430563408344876,0.0021657559190936355,0.7175887284388557,-0.4588513672063487,0.4981070736617847,0.8484194061813396
778.11218,1.0,-0.0017762459644705803,0.002508817277235303,0.0010280741443563723,0.002026549954402103,0.644657453888319,0.2296628837762997,-0.7210332700455712,-0.002587150101389451,0.22241223266981872,0.8520641719999099,0.4543859961465986,0.0018642081724354752,0.7170046651119262,-0.4599983396753178,0.4990407084868707,0.8521941322485193
778.52356,1.0,-0.002732378780282363,0.0021663594403187984,0.0020304837678957275,0.0019090859699512346,0.6449285038923458,0.23261811874588623,-0.7236554946774897,0.000705414060548234,0.22060655308846144,0.8512076224656043,0.45719379762567625,-0.0006443768747990508,0.720985426181053,-0.46198917738606765,0.4983132320010188,0.8622964958806612
778.93481,1.0,0.0031193014252364976,0.0005395522571908482,-0.00711037128731194,0.0017907616458340417,0.6430004439095852,0.23233582339258316,-0.7252067047979472,0.001491122840571495,0.21477594343101403,0.8485538382474708,0.46025508326328346,-0.0011112401087777606,0.7225195106714515,-0.4572124164312408,0.4965221562202692,0.8734463876252636
779.34601,1.0,0.0014746229265743913,-5.759637634321429e-05,-0.004626482853399291,0.0016629908608028002,0.6426836824107295,0.23052968238445173,-0.729604724455952,0.0014779808683095972,0.21723855489714483,0.8480864628884066,0.4556737791232507,-0.00016089899233883177,0.7203290398909383,-0.4564613005722207,0.49774392535013723,0.875034201540194
779.75708,1.0,-0.002225435364563837,0.0016495345798033542,-0.0003621181382997471,0.0017045983191734844,0.6452486525766515,0.22748352408750325,-0.7248835088832092,0.0018452273760097499,0.21994355287214687,0.8447763280093741,0.45473951085252434,0.001139691412898179,0.7156315438524637,-0.46063223081275256,0.49859648247176563,0.8728215365738191
780.16803,1.0,-0.0006515879684874731,3.825170159541342e-05,0.00010930579766970798,0.003944219613763638,0.6459799416984521,0.2296348991138441,-0.7232436499212025,0.0014782850282655407,0.22517228582836404,0.8465068887594963,0.45681980578861553,0.0020180815754550843,0.7181296633946361,-0.46365743465728987,0.49808044570138654,0.866510562111004
780.57892,1.0,0.0009016351247287077,0.0012267508765019816,0.0009330630325452233,0.005115874321675642,0.6424868042459183,0.22923526712465325,-0.7247048228850309,0.0029369224379124483,0.22323255415932947,0.8509237305126591,0.453543006122735,0.001691021298846394,0.715397595742311,-0.4622050526485128,0.4972959433113607,0.8580237462183905
780.98969,1.0,-0.0006461789476038086,-0.0004175548531510913,0.0008650780815504366,0.004005200572296893,0.6429441928356424,0.23082084125521693,-0.718601958433772,0.0010999290230753747,0.22487606844708147,0.8507100512392365,0.45296941176118133,0.0012248911606018457,0.718178135299313,-0.46308589080384943,0.49966648409335646,0.8569592647837034
781.40033,1.0,-0.0026866404878391815,-0.00022493255445642165,-0.0004401319593121922,0.0015503623464553187,0.644283615553522,0.23265054778127683,-0.7179793139602538,-0.0008787216255202579,0.23030886087705282,0.846299076258008,0.45571880781324114,0.002298082288644801,0.7170947580705799,-0.46565688408233896,0.5002040082130824,0.8644001976670076
781.81085,1.0,-0.0020757869672786843,0.00011969849365605674,0.00020261534133071387,0.001471656529723894,0.6481818770020394,0.23075272955372333,-0.7220880533362357,-0.0007934570856365786,0.2289113015914751,0.8447533556062855,0.458844459062858,0.0015084639256712521,0.7142878595654961,-0.46369384871339137,0.5038614134841949,0.8719295941368309
782.22131,1.0,-0.002958764590261194,0.0006606147585314393,0.0011304504434527048,-7.385814485349119e-05,0.6488478645847366,0.23072390983819546,-0.7223682334220098,0.00017570637728107604,0.22456630004009406,0.845934605707539,0.4572195739361929,0.0022376201739654615,0.7152160240399525,-0.46465743153405165,0.5031310882284101,0.8794568871363219
782.63165,1.0,-0.0035294665570589157,0.0015495648889733188,0.0007001060470175167,0.00024719263987692323,0.6480690748125618,0.22958798838310399,-0.7230225767554057,0.00029552551306770197,0.22266525451800917,0.8473118969740182,0.45734181353541964,0.002713484660094527,0.7139559875617991,-0.46583228666589405,0.5022892335163337,0.8840224563472953
783.04187,1.0,-0.0032434865153805905,0.0032848846261324754,0.0005211346458682155,0.0018825904493842951,0.6441428371679165,0.2296148440618832,-0.7239612516142315,-0.0003684135011602955,0.22495793836780056,0.8514092156881727,0.4592796438041051,0.0028356891617638174,0.7144063015381823,-0.46139811812892306,0.5021496215291409,0.879040373616696
783.45203,1.0,-0.003965909055247622,0.001891782672352344,0.0016720980896971496,1.9553864793260034e-05,0.6454005712115946,0.22971221117222382,-0.7202742310281053,-9.820066298010353e-05,0.2255795906709792,0.8474697669114327,0.460846984727327,-0.00010443094426094265,0.7156901093274094,-0.46369959221822926,0.5001503693191721,0.8685847461294662
783.86206,1.0,-0.0033452575951853996,0.000776905145753009,0.0012622948020164693,0.0006852265929962479,0.6470678736570136,0.22854419407009513,-0.7215566398200003,-0.0001861141494810658,0.2306241660175012,0.8477623954263371,0.4566663870567535,-0.00038816308409775807,0.7144035222872335,-0.4625964872654006,0.49832275662052133,0.8614671432444185
784.27197,1.0,-0.0052540987239895,0.0018585890743551474,2.3710441485406267e-06,-0.0002453277103231679,0.6503845031274353,0.22692740231915973,-0.7243894162723504,-0.0018016854245781115,0.22943519512906935,0.8467529656558288,0.4550101574522062,6.314040483368046e-05,0.7142370168749942,-0.4621506576235754,0.4992702019269574,0.8636268898256733
784.68182,1.0,-0.0029183663898261444,0.00013873564467861924,-0.0009319398897088558,0.0020215333808421597,0.6516895571987104,0.23059396196362877,-0.719980659818599,-0.0026657800035133536,0.22654020259925067,0.8472781908796799,0.45678367569524286,0.0005259472857958477,0.713517919265264,-0.4665972000791106,0.5023115039134497,0.8729044541311287
785.09149,1.0,-0.00197617187601997,0.0005018013899962924,0.001607823141298343,0.0023668923382029416,0.6505932688761764,0.23070476079294197,-0.7192413754260747,-0.0016655147656923712,0.22380270937851565,0.8473843060552104,0.45918964069774987,0.0004196348713845277,0.7134181212030912,-0.4673074807125699,0.5005641380333807,0.883032356000713
785.50116,1.0,-0.0033795800021245515,0.001111226543885415,0.0017836656517554693,0.00025851306412360143,0.6522053964844545,0.22884115013635872,-0.7180979303117533,0.0005417632525870163,0.22219919774793787,0.8468394590763434,0.46065695495338665,6.332651591133186e-06,0.715820816145872,-0.46809896471964146,0.49919090777316094,0.8828115351668755
785.91064,1.0,-0.0026096706796657626,0.0035307082558300464,0.0003721422631219739,0.0006919382084661869,0.6534596097125386,0.22724358258702437,-0.7161602633893067,0.0018335893117202714,0.2231025729656026,0.8471504845999445,0.45840273496796285,0.0010053121842445447,0.7136406325323459,-0.46638946756751987,0.5000632173684737,0.8701421066579771
786.32007,1.0,-0.001821454209480569,0.005592340762168513,0.0018090216396847475,-0.00010062418149126264,0.6544647162432863,0.22616477375003544,-0.7149402976160575,0.0027357579692178485,0.22371530399736284,0.8467572037414509,0.45914841032369164,0.0013239327112182062,0.7104252965070729,-0.46665430887342235,0.5030150014399548,0.8556441166442348
786.72937,1.0,-0.0017700657162876283,0.0036024979168837058,0.001173057854179181,0.0009549176847604516,0.6554845909724403,0.22760621272769482,-0.7134245110551146,0.000797114702272774,0.22456747996474644,0.8471738594867412,0.458796924915752,0.0017493947224750696,0.7094936581922662,-0.4687523095743852,0.5072094416272437,0.8450956351704112
787.13855,1.0,-0.0022155293807073935,0.0006175584975642954,0.002340762700978721,0.000461297974560991,0.6600459870131387,0.2294014565475618,-0.7178431015488244,0.002238267341476755,0.2220744876572782,0.8459120398883424,0.4573006068814555,0.00192672560909205,0.7087172667364605,-0.4698456173408627,0.5103765718432719,0.8462304836500771
787.54761,1.0,-0.0014208325665265688,0.0003338498202958097,0.001973280250043725,-0.001098797970572245,0.6579259382122963,0.22710780414052728,-0.7175262608702095,0.0018550187723811314,0.22245341772827065,0.8475238283557763,0.45754747240459387,0.0017515584240831315,0.708997867619825,-0.47032061743775766,0.5097234529878315,0.8553448244811171
787.9566,1.0,-0.0024541603593294533,-0.0002754247301037139,0.000809061324687052,-0.000555890496566234,0.6550961617128415,0.22682759553996334,-0.7145119894090627,0.0003188766064538631,0.22262107056157834,0.8488428683784262,0.4564520844179443,0.0017743146508130583,0.7086027547704623,-0.4693467726384492,0.5121545492419131,0.8641074373604207
788.36548,1.0,-0.004880298844453508,-0.001061716790649872,0.00026569243658085176,0.0012328966472736369,0.6567558388959043,0.2272454616611836,-0.7116944963300943,-0.0005092267031301822,0.22265109239181222,0.8505367899944245,0.4545865109403576,0.002434974601588728,0.7085488742439718,-0.46741005891092163,0.5135684094657775,0.8712384242483411
788.77429,1.0,-0.004049889624710352,-0.0004473361210262871,0.0008633101603197674,0.0018090287969336734,0.6580908536006326,0.22714649521450592,-0.7124097324900701,-0.00026396056171419717,0.22151722839976504,0.8517400022517849,0.4586347775019016,0.002943250092942758,0.7111721246135091,-0.46985990762510416,0.5124877389694299,0.8714177919783413
789.18298,1.0,-0.0014915834813240784,0.0009329002424684794,0.0026306421297059585,-0.0005617643404952308,0.6574330047945263,0.22741657621119338,-0.7134865180872674,0.0008707693956657216,0.21701538618657054,0.85087372316805,0.4594777951083116,0.003119477708796064,0.7095499387772379,-0.4683342468972979,0.5112418238008393,0.8633644793502774
789.59155,1.0,-0.001466556864448703,-0.0012012441830354552,0.003912009800923378,-0.0015507498089543615,0.6590310851221559,0.22534074683622107,-0.7144399758938599,0.0007643240391906991,0.21529438653789187,0.850734508560278,0.46094791976530064,0.002549015503693219,0.7070539128255404,-0.4666248888197825,0.5144439287690685,0.8559817238312054
790.0,1.0,-0.003934591802697714,-0.003733576048950124,0.003205836867471955,-0.0006741689012090621,0.6598440998907873,0.22730901789299893,-0.7130146649649826,0.0001323373175662975,0.21756362468363546,0.8475043545401071,0.46004937401400564,0.002313805795848697,0.7052409505956516,-0.46659352224629896,0.5157518849977539,0.856283121796675
790.40839,1.0,-0.0038380924234605565,-0.0019579073227326536,0.0006805759757611683,-0.0016191231168668561,0.6624707479428362,0.22653739886502344,-0.7081608386196996,-0.000539072188396408,0.218865996164892,0.8463219496741494,0.4578103026968105,0.0006793412083561876,0.7045155447399528,-0.4675121065122811,0.5142947760596246,0.8637665391791823
790.81665,1.0,-0.0030143432283907903,0.00030601175267424755,0.001136597156410922,0.001237508903486858,0.6627314118733161,0.22488481565631585,-0.7059969168215052,-0.0011778589809088855,0.22146770322115605,0.8467720659944238,0.45939426027423425,-0.0006058218941590272,0.7045309265172685,-0.46755500712227577,0.5162104761670994,0.8739582187803526
791.22479,1.0,-0.001997374473955287,-0.0014324158365170737,-9.435278905420839e-05,0.0011514957996729145,0.6610861990350093,0.226909031236955,-0.7062592243489004,0.000743529274003587,0.21944796602585023,0.8454851016531889,0.46221780108730537,0.0006281593530465938,0.7016363283551804,-0.46428795896363023,0.5184762048246427,0.8798561177144204
791.63281,1.0,-0.003925939160767773,-0.0017452560659684587,-0.0006271362767340275,0.0010939570896337555,0.6610961501851705,0.22503288706734748,-0.703473808055313,-0.0013207310354537687,0.22011903262807367,0.846954658606927,0.4609101345864004,0.00015640369458346475,0.7036450293540243,-0.4657494367648019,0.517948403082767,0.8746067168856947
792.04077,1.0,-0.002366560782799153,-0.0013956085415554854,0.0025469588014853765,0.000566385436641597,0.6627297699971413,0.2243613706002396,-0.7037683568543225,-0.0003285575446309683,0.2197160678083459,0.8496291393726999,0.4630596755947438,0.00014384892214038838,0.7053287849551237,-0.4668049084964054,0.5156933059922006,0.858517948262388
792.44861,1.0,-0.004976539510708973,-0.0010243171073121725,0.0034187808579810813,-0.0009892417746434094,0.6613834992831374,0.22160583343623397,-0.7040205017914679,-0.0020524580987976494,0.21882562006748918,0.8479906023014041,0.4614041783893538,2.1083900691956305e-05,0.7023712976901446,-0.4680267377150292,0.519155665472933,0.8439952155973885
792.85638,1.0,-0.006880142969065088,-0.0016497238137524184,0.001382780335180438,-0.0004878814165009892,0.6629909895318117,0.22102262804929834,-0.7048454882613052,-0.0048399013134631744,0.2193762989807862,0.8447107535665387,0.463631993346486,-0.0004507057250749233,0.7039383398995744,-0.4661265769460548,0.5203653754055139,0.8413504993361478
793.26398,1.0,-0.00472157952340746,-0.0018008446254535375,-0.0005793823699819444,-0.0016698043384297868,0.6630915697199121,0.21940718177486992,-0.7057672080151458,-0.002970118378883743,0.221783145360515,0.8504038668792046,0.4648001180918638,0.0012339493011531925,0.7047121362591129,-0.46795676375888084,0.5146523954201142,0.8482372263390707
793.67151,1.0,-0.006096592338233776,-0.002050452439455489,0.0010285047792093936,-0.0034579702050853965,0.662924215137122,0.2224598506449249,-0.7050690148764753,-0.0031926014185983944,0.22165787228527176,0.8477952451227833,0.462233783964512,0.0026875664394251032,0.7010861427364309,-0.46643670469220994,0.5126306644300235,0.8627839086083728
794.07892,1.0,-0.005289399793103557,-0.001972368705522468,0.0018690588395354033,-0.0017036199255801544,0.6594820038411647,0.22754426167077788,-0.7049883991613346,-0.0031616201809072297,0.21908322928064228,0.850199036710016,0.4607066862446013,0.0012912029679078149,0.699884433175684,-0.4691979080427353,0.5185511403400797,0.87924754783244
794.48627,1.0,-0.004951443809073752,-3.849628578795713e-05,7.010622825130948e-05,-0.00033680408617315803,0.6608198343003053,0.22635584359188696,-0.6986129751092457,-0.0019546683055158306,0.2195762534214766,0.8502948758499697,0.4618080091308361,-0.00025904055789739006,0.7054575538307258,-0.4672610382575743,0.5191728640984256,0.8817592975804155
794.89349,1.0,-0.005984162190388634,0.0001747064037868773,0.0003475154082302662,-0.0003826624915768384,0.66334156403493,0.2255999555938744,-0.7037399903524529,-0.0004821811522823013,0.21755535661082748,0.8461508721882407,0.46429737116679737,0.00017675711133708385,0.705548640018267,-0.4665533763996506,0.5185961763287323,0.868861443817654
795.3006,1.0,-0.0054064191073216195,-0.00048314288282240534,0.0010578497353276018,-0.00020705766835964093,0.6638308678248643,0.22630873293241913,-0.7083724366218064,0.0002496437418953702,0.21485391826874206,0.8483072091235295,0.46457791874378573,0.00016357774817606479,0.7046287093925071,-0.4671987605200276,0.5169763486509661,0.8536944213905537
795.70758,1.0,-0.003946763817815085,-0.0005070850578841331,0.0025622908211106418,0.0002426055595691343,0.6639787726159049,0.22602285935357194,-0.7112114124550084,0.0011639318359898771,0.21667039189614773,0.8466304294897501,0.46667339706966593,0.0008733216920424865,0.7037658217963234,-0.4668796494341001,0.519399336213273,0.8446946424394199
796.1145,1.0,-0.003330952764915298,-0.0008263632700869734,0.0012807204239687535,-0.0006463120781246351,0.6651276693983789,0.22524639610931838,-0.7045852079321523,-0.0010415802700424533,0.21417346926069863,0.8446313442189948,0.4657438723043296,0.002403760167127912,0.6979759115197751,-0.46937545088509247,0.5190825007354075,0.8459983669498897
796.5213,1.0,-0.004038254976496496,0.0008466309797165623,0.0005946370523403542,-0.0016700901566722558,0.6681436025473204,0.22326143850971392,-0.705635253622864,-0.0010978773403120246,0.21498418714335138,0.845717373064329,0.46374998869375683,-0.0002723704662566687,0.6980567657543677,-0.4696145605520217,0.5233561651451178,0.8536689273503147
796.92804,1.0,-0.0026039578910895954,0.0003334710406967045,0.001538295136351149,0.0009368344281939976,0.667004065295574,0.2273621051144866,-0.7055175441948291,-0.0005835598181776978,0.2158185938089932,0.8475658709513646,0.46286896389402876,0.0006836708028925731,0.6968840148522554,-0.4694720453301165,0.5260738951778283,0.8633883245966602
797.33459,1.0,-0.0001742145564274219,-0.0011298223085469176,0.0014628976945027375,0.0010000265365858413,0.6672412107961861,0.22984489948557707,-0.7050853882680936,-0.0007116519884276983,0.21180606340029545,0.8451133019446497,0.46459058097037464,0.0012755122693177833,0.6971565438927734,-0.46835704894691327,0.5240963558581169,0.8676467645802527
797.74109,1.0,-0.0017020138812223048,-0.0013502094709095943,0.0029093940454319443,0.0020739443489834392,0.668704541204641,0.2284418949460907,-0.70348428359065,0.0002411024573808538,0.20850119509516885,0.8460689410385029,0.4622483510930235,0.0025727949365236175,0.7002641150684576,-0.46978981191368085,0.5295543974369499,0.8658044155161907
798.14746,1.0,-0.004190628103783532,0.0005187035212242378,0.0033982207203207427,0.0023556687726633834,0.6717490323632873,0.23055311477101156,-0.7022323881741847,-0.0001495543414466742,0.21117874074970436,0.8469119327777802,0.4624682959650664,0.00198379667657243,0.707007446586749,-0.4635178516106394,0.5263452454947046,0.8532428532676359
798.55377,1.0,-0.002576809485987178,0.0024384765046807006,0.001649779367911798,0.003332523807677747,0.6734467718668761,0.2294614745138517,-0.7036958515862406,0.0017638752213576217,0.21254899229923213,0.8492389349813922,0.45886264582670794,0.001091770856377085,0.7034621861935357,-0.46443992903906345,0.5216378623110408,0.8365834588670029
798.95996,1.0,-0.00123261118904283,0.004000979720111632,0.001078772455943977,0.004046516053861522,0.6731162993991661,0.22917008051910065,-0.7022426911494379,0.004419082016706984,0.21449147560621254,0.8487623678973376,0.45720056929388964,0.00035278697848414815,0.704369369201249,-0.46820700460230064,0.5195458204078699,0.8315820570112915
799.36603,1.0,0.0006481351146366291,0.004076107541151436,0.00109046698299738,0.0027328868779161164,0.6694205980159392,0.228592831513383,-0.6980742520355668,0.003365903389269763,0.2133214066834501,0.8493238227666019,0.4611292383290039,-1.4657727629667524e-05,0.7043729220037965,-0.4651922565597683,0.5219759936179492,0.8412002544184688
799.77197,1.0,-0.0005401293799973366,0.0028889799991475887,-1.8120235429286918e-05,-0.0008384145023516637,0.6720805284344917,0.2293494003291219,-0.6937089150318956,0.0036597636311997413,0.21228284833591685,0.8463706959658072,0.4648631411377802,-8.83301946086116e-05,0.7004607586518176,-0.46154519860251947,0.5239385489686506,0.855913039965151
800.17786,1.0,-0.002089815484971287,0.0037490608935874504,-0.0009623666535648406,-0.0007696039524474273,0.6760171442732564,0.22435170215592415,-0.6922843368018189,0.002640538895569525,0.21098490468209646,0.8452810674024405,0.46767408520085185,-0.0022558643904399683,0.6964990520397631,-0.4623682473167827,0.5280603767855359,0.8696201363517987
800.58362,1.0,-0.0006705965823905944,0.0011263085771957778,-0.0018632030757842024,-0.00016184853452320242,0.671619931752035,0.22366031806883352,-0.6874001369761182,0.0009071762493924159,0.2098576780383248,0.8475673539468438,0.46455348148165976,-0.00036347233209734414,0.6984855636835282,-0.46467436803525464,0.5273134728427902,0.8769200077771436
800.98926,1.0,-0.00044127814769007444,0.0011509989601478311,-0.00013717654897001447,-0.000589339498227323,0.671653482560307,0.2253704286722447,-0.6903343065070947,-0.0003471188932853834,0.21229604538934185,0.8480149747287561,0.46223155745027744,0.0006535280612877203,0.6960276157790701,-0.46393630812657694,0.5274210237592767,0.873816435783685
801.39478,1.0,-0.0013097151598840612,0.0011075379071602796,0.00024113707415662948,8.384394829758753e-06,0.6712600675414581,0.22785294591178673,-0.6883033228945946,0.0009197296043758003,0.21070053603504454,0.8475474144955786,0.4608624203331407,0.0008330735040584265,0.691322637387092,-0.46562599834409135,0.5264000950054286,0.8646460452752853
801.80023,1.0,-0.0012243323628827307,0.0012894496677816644,-0.0006434249579916021,-0.0007123703210779989,0.67155797293807,0.22719505940857246,-0.6838595108729726,0.0009003598584809067,0.21167620763427253,0.8475015033318066,0.46107437398241513,0.0033955477830449714,0.6914878723378838,-0.46566932649570353,0.5279408856789349,0.8528449225226505
802.20557,1.0,-0.001685011575797811,0.002110643919306031,0.0008937811713855869,-0.0012307296116829776,0.6733870107559443,0.2261089424616888,-0.6826635122255826,1.1582110798965423e-05,0.21098093603872356,0.8485415530597143,0.45970954248876494,0.0037803146288460823,0.6903998638130716,-0.460412293409288,0.5320899775814811,0.8466346426065663
802.61084,1.0,-0.0035346788578879546,0.002775593795395879,0.001507502324872667,0.0007312741592951767,0.6725885658825339,0.22671528788909237,-0.6812848157429945,0.0011280920280892835,0.20678311504241584,0.8461437146071804,0.45792489173455797,0.0004142791245833488,0.6847672449669865,-0.4576191166606576,0.5274598084625868,0.8550000660614288
803.01599,1.0,-0.0024497827281839877,0.00012278197094348694,0.00015781333631029236,0.0010548131241738664,0.6692661787359535,0.22789351535113583,-0.6834206872137315,0.0020793113320691503,0.20603669583622083,0.8464696446551639,0.46141372538809305,0.002201321970345276,0.6878128119531488,-0.46126287440360825,0.5313292651296786,0.8729302309326267
803.42102,1.0,-0.0013538533418153,-0.0029216182960351287,-0.0031606354750751404,0.0007915483844160743,0.6723945337859926,0.23243494729858674,-0.6831573117043419,-0.0005441543181956785,0.2047461947235876,0.8472898878291723,0.46212034436608374,0.0024920157472276905,0.6903932533693081,-0.46108864724050663,0.5326431461300406,0.8766454879583299
803.82593,1.0,-0.003239821288541014,0.0007188079713729785,-0.0019217637222295695,0.0002601682177307304,0.6728699893830441,0.2346482517196282,-0.6854312607861253,-0.0010870509082086797,0.20634714465011397,0.8462559679534907,0.46439734346240524,0.0009009368906109732,0.6902772136753988,-0.45918093683087347,0.5373985961817593,0.8665127703245875
804.23077,1.0,-0.004036613544709902,0.0018290157308381236,-0.0011873965834991028,-0.0008100720295235739,0.672741402868703,0.23375226709200195,-0.6852849507215568,-0.0018788956926875011,0.20357010357898092,0.8458280387641434,0.4637710526620443,0.0005793693207142528,0.6889118578521035,-0.45464180588104164,0.5349983196186024,0.8551662120525334
804.63544,1.0,-0.002166215891900757,0.0009834280682992007,-0.0022853950016316535,7.5487712483898075e-06,0.673287071295317,0.22758903328791008,-0.6803022377646751,-0.0035036139049718033,0.20317559584264008,0.8492556998469573,0.4597636010831591,0.0009435990029363473,0.6852673952284832,-0.4548847594935392,0.5350012596458553,0.8440985942988473
805.0401,1.0,-0.0026698794989067458,0.0003176142306237767,-0.0020807643320488014,-0.0011206087438107252,0.6761896090596642,0.2234226280388569,-0.6762953984368334,0.00034345060793335554,0.20181348551348435,0.8477620741750593,0.4569890067523197,0.0019174226653808349,0.6853227060512801,-0.4520377606830891,0.5306667472654589,0.8391316130684504
805.44458,1.0,-0.0014110495374963098,0.0019079405944203301,-0.0026476917867815047,-0.000617979364130252,0.6782157737068374,0.2292772199552733,-0.6778616191762713,0.0017146373048184773,0.20098223387187594,0.846200936441878,0.45996811885382344,0.002580342720907973,0.69067476300855,-0.450689863040021,0.5286547781872059,0.8403024656278187
805.849,1.0,-0.0028067658642399484,0.0008702348149587631,-0.0010985169712639743,0.0003518184632021451,0.6779889237369737,0.2338598380710456,-0.6819155705700829,0.002726667948503846,0.1986321517056204,0.8470840073348538,0.4563175451823219,0.0034229365588176503,0.6904981540630317,-0.45209713337919394,0.5314397709226544,0.8483959465374227
806.2533,1.0,-0.0028260297251995426,0.0004333820576632851,-0.000674611372425782,0.002341493688549345,0.6768517157433537,0.23625062450006132,-0.6862770674018037,0.0002529776321461981,0.1991868084299038,0.849146705073118,0.464191834374357,0.0038381813121372474,0.6890567914620177,-0.4543181206673862,0.534236327027131,0.8563985793624759
806.65747,1.0,-0.0004532166623624352,0.0013238964939058827,0.0014932476878799512,0.004832554337199754,0.6776019138981199,0.23576251692577693,-0.6905183142390601,-1.497912787297815e-05,0.20314371439428497,0.8505039642094919,0.46600423211962233,0.002865867281877528,0.6908668687037517,-0.45853937396851946,0.5368868894963558,0.856166616545908
807.06158,1.0,-0.0003284787163790777,0.0025259027697628576,-0.00039966841091043767,0.004816675687861036,0.6786447520327075,0.23572060246076282,-0.6883115549001659,0.0027495179537342846,0.19846407204279357,0.8514313333551646,0.4682406018167179,0.0021076832290341987,0.6925070879065178,-0.4524312291563958,0.5311862664135855,0.8470928282954784
807.46558,1.0,-0.0018458779099045615,0.0016914180440959043,0.001702932926291991,0.0034623312916565625,0.677951522565334,0.23595017763845966,-0.6886113660678379,0.0019462825496766808,0.19915522344854414,0.8508996153516475,0.4679590555898608,0.002461837431715577,0.6920885928707496,-0.45234317539114427,0.5290563577798745,0.8356309655168965
807.86945,1.0,-0.0016552549987149288,0.001577641405973763,0.0024125648068545136,0.0023828615264150418,0.6811819311920494,0.2329864959702652,-0.6828640076846785,4.7162395997517695e-05,0.19999239586032738,0.8540233944026623,0.4656376619294892,0.0031023698757117655,0.6923243665541134,-0.45409527207372125,0.531030273951586,0.8261068202294616
808.27325,1.0,-0.0012565100032620792,0.0010594762073987802,0.0019370121798548126,0.0029622812584993033,0.6802879646233158,0.2315851944439007,-0.6833875400988166,-0.0005630404942601565,0.1987776754781768,0.8544376658828138,0.46449751666996736,0.0021946289361803708,0.6935219139031257,-0.4563573982809297,0.531903219686645,0.8254122389496182
808.67694,1.0,-0.0006113427732634004,0.002418173210148035,0.0021006763038893075,0.0005434617267601783,0.6781683586160263,0.22905089504996412,-0.686573146641932,-0.0003714722024374686,0.197587067669217,0.8538336861521915,0.46223804935175034,0.0014467154893335892,0.692328419241496,-0.45914063024564233,0.5342583697738655,0.8359616456061302
809.08051,1.0,-5.496562231142433e-05,0.0014880355942798083,0.0014825042618445638,0.0032369773759879116,0.6785677567768938,0.2322596964838976,-0.6888749276234051,0.0004950064449091763,0.20099336244696436,0.85770888214983,0.46773314730976656,0.0009049734107950133,0.6905651934043269,-0.4591766967286965,0.5382281652036643,0.8504712790369449
809.48395,1.0,-0.001509721191047017,0.0007339733714745263,-0.0007332443748711376,0.0027443411174664194,0.6796111466592092,0.2357563619507413,-0.6936865103021933,0.0002376253415944267,0.20128525272908698,0.8575114052394471,0.46660605146755113,0.003121501687861063,0.6972106548517462,-0.4597643348741027,0.5351997967508932,0.8640080005791132
809.88733,1.0,-0.003111034590210624,-0.000208280218785451,-0.0015169169392141022,0.0017161680554136998,0.6815752774751737,0.23815435706761312,-0.6944939938581809,-0.00023419936943594422,0.1968067338344853,0.8526290897881803,0.46762585137735796,0.0015324679864775852,0.6995107682865318,-0.4589159208700864,0.534967940805094,0.8714069039302592
810.29059,1.0,-0.0023034341228074687,0.0002316221549385731,-0.0022360378829476045,0.004976198248766298,0.6793567149168311,0.23655735941077738,-0.6880692280971938,0.0008218401822955309,0.19360222145847059,0.850825505449896,0.46551498785733614,0.0013774022702200805,0.7003800497742905,-0.4576386612315331,0.5323286511960269,0.8703955227456815
810.69373,1.0,-0.002952556728410861,-0.0006559175960104452,-0.00036563984561771654,0.0030438582057606364,0.6800163087973244,0.23900113595932698,-0.6870374965199385,0.0009752985815142686,0.19481685138292867,0.8467323022247845,0.4686422291597436,0.003587782266242154,0.6950090732589927,-0.45711469305101277,0.5314847607429314,0.8617273081154614
811.0968,1.0,-0.0032023134654405325,0.000434464799974681,0.00034041592014333647,-0.0007365090328001343,0.6827009243616319,0.23534236149746543,-0.6826195474539145,-0.0009972251329863446,0.19418539213871885,0.8448468642689684,0.46568515721071146,0.002254482977150034,0.6937220253755455,-0.45567910703528225,0.5341732727813042,0.8514088039636619
811.49976,1.0,-0.0019916216024711015,0.0008431973764309003,0.0011194290950725099,-0.0009180290027316422,0.6773704927336877,0.2317971914477309,-0.688958640066949,-0.0014831455693452705,0.19265079244729522,0.8453303072165533,0.46695064757184584,0.0011718625090184984,0.6956897551104106,-0.45644611967818305,0.539464608675458,0.8436787197859656
811.90259,1.0,-0.004318722785743398,-0.002022200787706414,-1.3422243882857876e-06,-0.00035094137156909636,0.6761905997562857,0.23404941697594028,-0.6908272566469845,-0.0007284115714310124,0.192511792959706,0.8523956835741774,0.46907429523851474,0.0008551247545488452,0.6956632692776626,-0.4584678095669141,0.5434491420767354,0.846360088442998
812.3053,1.0,-0.003038324531365832,-0.002756300516022083,0.0018624819384292566,-0.0010978681788006367,0.6799550690884519,0.23024343364066382,-0.6881710786408538,-0.0016885025256453696,0.19108379771372677,0.8532900049624008,0.4677628468257328,0.0028260016062906447,0.6959134877118824,-0.45850421060229796,0.543213549135414,0.8568485228194622
812.70795,1.0,-0.002032951081351513,-0.001556295765904786,5.8294024571825885e-05,-0.0006047866432945136,0.6833950819905064,0.2343533428875228,-0.6908498175894583,0.001038460329649859,0.18813550522638298,0.8524154267265195,0.4678471283406979,0.004079818754677109,0.6939494157512013,-0.4562379054798021,0.5423694905121924,0.8675755634364624
813.11047,1.0,-0.004362236065105997,0.000147809772440725,0.0019749281343506035,-0.00040208692758676517,0.6819533372508164,0.236049673081383,-0.6888426600850464,-0.0020607133861600363,0.18932428022349168,0.8493462815100324,0.46694448544671346,0.002125228760349963,0.6956508418097589,-0.45360768889634434,0.5356476975266345,0.8741776343822537
813.51294,1.0,-0.005469097104486033,-0.0030840879972596383,-0.0006201028822091191,-0.002106391703631322,0.6800762860149296,0.23903871781393815,-0.6856449965650631,-0.002794738970581151,0.18995336506253793,0.8454400217569282,0.46786511872996,0.00020366035548792446,0.6971768927573183,-0.4542147664628099,0.5355519811977594,0.8684425140387367
813.91522,1.0,-0.006085972726814187,-0.0041374513081942794,-0.0011514053296504945,-0.0019328891711734182,0.6813430851789258,0.23945857164902587,-0.6851079343218978,-0.0045299063122566305,0.18840708620857335,0.8472099604170978,0.464418061964031,0.0013641430490201293,0.6931022781031062,-0.45326756031558907,0.5368523786107965,0.8454541066644333
814.31744,1.0,-0.006435118478908191,-0.004690236091503667,-0.000657963956892109,0.00015771755497779715,0.6786546963454522,0.23878039200013748,-0.682620344509872,-0.006683330089527108,0.18954064607025015,0.8520671275042123,0.462198046001593,0.0022680679723937696,0.6929860337140171,-0.45003457402064123,0.5433306410573278,0.8227328597784036
814.71954,1.0,-0.007793704794480743,-0.005012680619743967,8.175756005117397e-05,-0.0012154926497852465,0.675665039994101,0.23893808023723742,-0.683482365793766,-0.0055467077627374605,0.189343020549836,0.8554030968314921,0.4607092454993728,0.0025408718468685567,0.6876896815285864,-0.4508460297620725,0.5426934047084038,0.8188120793945985
815.12158,1.0,-0.00844243290584087,-0.002745244256135458,-0.0008446380253913049,-0.0017727764453266232,0.6797868188353203,0.2367287554665874,-0.681509097448363,-0.0061394588296636845,0.18967099211900265,0.851992368118478,0.4589815576806323,0.001498705039209333,0.6874875523624568,-0.4495425977920691,0.5460418892104836,0.8310910087624539
815.5235,1.0,-0.006148009149997154,-0.002988270595422157,0.00035257667247194966,0.00013058790534404343,0.6802093474119268,0.238001999867138,-0.6839255399883357,-0.007577658363277249,0.19317988544794396,0.8506861871889975,0.46290422143630044,0.0007359271256116468,0.6909956158046456,-0.45402613046271306,0.5459793887061687,0.8504097945369029
815.92529,1.0,-0.004588958312565098,-0.0030973640032707543,-0.0016173116865528057,0.0007919399309748714,0.6800134664348375,0.23521667907835497,-0.6828548480116282,-0.004237817907681083,0.18950054130787736,0.8545339815534697,0.4655348125135106,0.0003789214170175972,0.6934625709918703,-0.4501028741929829,0.5454901632015211,0.8722454499806845
816.32697,1.0,-0.002038050705128265,-0.0014669227986051367,0.0002930829096946335,-0.0014441765241321974,0.6821721723770903,0.23505247437938245,-0.6841005101497085,-0.002204271490756126,0.1859301658739865,0.8569591549865302,0.45956910413616664,-0.00036371263969480145,0.6942360104608843,-0.4526321627094186,0.5506921262497477,0.8815748836029964
816.72858,1.0,-0.0032718416030832315,-5.9944228371979206e-05,-9.021053000096327e-05,-0.0020289957065674526,0.6853811956024998,0.23847134068741785,-0.6840177905227247,-0.0008520440853361998,0.18833273738872985,0.8570776734356376,0.4637525979570001,-0.0005222243856788836,0.6951404272013303,-0.4486907166724089,0.5506516293963667,0.8704067327125943
817.13007,1.0,-0.006008105612631086,0.0008880792927551019,-0.002494708200981265,-0.0015370986320969982,0.6841513288555142,0.2334009319596878,-0.6794673437228176,0.000482153772574475,0.1868629673599436,0.8545651651405624,0.46637907786637123,-0.0002344350642744812,0.6912990675269711,-0.4455906307853035,0.5492318083609645,0.8508595151521653
817.53143,1.0,-0.005678261600231233,0.0020070539105114557,-0.001198146209340653,-7.467081991695478e-05,0.6842323317711504,0.23407700573282317,-0.6786242950704725,-0.0003812480810612051,0.183248966792051,0.8535310001779832,0.46307338885161586,-0.0029806531458109018,0.6910986765732425,-0.4500151439006771,0.5429856418110387,0.8335084018000674
817.93274,1.0,-0.004460542289525997,0.0032236367864630217,-0.0010465783915915034,4.3448477676619554e-05,0.6847767754825814,0.23467023072782114,-0.6760689643868709,-0.0008339958302959079,0.1801664459307729,0.8510433151444345,0.4574484186986948,-0.0003165302807063574,0.690931104066496,-0.4484567761270129,0.5420675573006564,0.8267759762885215
818.33392,1.0,-0.003108678238961698,0.001154918406596134,0.0002963622083830709,0.0018375282653852905,0.6821303239921187,0.23300797372716928,-0.6791605051691216,-0.002327969762709856,0.18118965844013163,0.8552351724715822,0.4617351358365569,0.002481294392214749,0.6900385319950885,-0.4466625042515952,0.543820535167749,0.8313034651461287
818.73499,1.0,-0.002795112005403836,-0.0006166540682369922,-8.827442929524099e-05,0.0027419357739398133,0.6841770837135676,0.23758518029043307,-0.6828338882288315,-0.002196009356306682,0.18046192958025584,0.8578026418084824,0.4626676510724813,0.0007783440020105421,0.6881616007326299,-0.44709177770190534,0.5414217677867746,0.8449435696859516
819.13593,1.0,-0.003093485794347167,0.00036147950136277064,-0.0014016269320228432,0.0008923223379927493,0.6862380234670796,0.23496612446225376,-0.6772846556152105,-0.002834265034975754,0.18745945288859014,0.8596014490026381,0.4659895321071298,-7.033543740504823e-05,0.6937791711423603,-0.44491475211616005,0.5418036667094415,0.8633573590456606
819.5368,1.0,-0.002340686695830615,0.0015318529544398323,-0.0005776352309330487,-0.0013860848940806575,0.6851587679602968,0.23103781159201286,-0.6797468018168433,-0.001301444562476932,0.18855998247686945,0.8560094100199939,0.46629569247883573,0.002079293458665738,0.6950687300925252,-0.4453825552263959,0.5492276100820748,0.8735910070324079
819.93756,1.0,-0.0015392062944702492,0.002354674087524908,-0.0013852290757993414,0.00030170394833024285,0.6822688271751008,0.23272261832873833,-0.6823734925156035,-0.0006713635415976418,0.18689379176748044,0.8571925078309666,0.46317952617795516,0.0007668837700413911,0.6950168348373659,-0.4460587738326599,0.5512752718596411,0.8686654964449817
820.33826,1.0,-0.0007625986700775123,0.005276586311231362,-0.0015269684423310154,0.0022542167054393717,0.6820965463789527,0.2360281910390108,-0.6784302352161165,0.0029219487308147006,0.18075845705584226,0.8577237953845087,0.4586177103378592,0.0001900911350952143,0.6962069190990393,-0.446825960386117,0.5514769392467737,0.8580206111765308
820.73877,1.0,0.00064625953438696,0.005515695405771293,-0.0018818633734336775,0.002556074344813918,0.6821765066858653,0.2365522980578621,-0.6817831370614912,0.0026561222238885877,0.181840686394382,0.8605281036574822,0.45711476771064563,0.00040412567664423,0.6960289986943381,-0.4437287120899151,0.5538935729255815,0.8448683076007139
821.13922,1.0,0.0017660510162276475,0.005948111972833691,-0.0010457539163369258,0.0055400510351902525,0.6808982866137693,0.23537618971461124,-0.679100416420859,0.003124647657188957,0.18460408232407655,0.8598853800467053,0.458175182324481,-0.0007080864185299796,0.7045702854821976,-0.4419207688946692,0.5527841876218396,0.8383655729540983
821.53955,1.0,-0.0004160160667497286,0.005739799945059711,0.0015088495801583771,0.002800271848052554,0.6841182995188868,0.23287943544808842,-0.6827848430072041,0.004817748822577591,0.17827436613890582,0.8597400612502685,0.45964090570324356,0.0017214960292824852,0.7025131008184339,-0.43885790468967123,0.5497968386363453,0.8440347442266528
821.93982,1.0,-0.0002645822864843553,0.0049473248625340575,0.0028725276335368286,0.0024306299197706326,0.6859771190424194,0.22952224327799328,-0.6848287642709261,0.0034568033472053895,0.1816406550504084,0.8623939158662847,0.45868830532322197,0.0031157281688738705,0.6967427812467487,-0.4422104570000611,0.547079657709147,0.852586313780029
822.33997,1.0,-0.0015483496800428296,0.0032763162723708312,0.0016624327559684353,-0.0010528440763512173,0.6867579898810403,0.23056415680003012,-0.6861420255557841,0.0038003697394062507,0.18252549106097735,0.8652648986058468,0.45921387524508106,0.00020529772992930633,0.6950293390061423,-0.44560683064531464,0.5527600046745563,0.8636876778985603
822.73999,1.0,-0.0016580499254028542,0.0012922709471840357,-0.000560243092554285,0.00043975563202745593,0.6836762745577325,0.23613643878459456,-0.6854282909165966,-0.00016407387093377804,0.18883313540514432,0.8636091183243753,0.4612471239979464,0.0013399341408333496,0.6970724448116801,-0.4429561467914478,0.549819784919194,0.8715425404610367
823.13989,1.0,0.0003726095776618096,0.0001386180388428487,-0.002400552597972319,0.002812138202298349,0.6826164177966056,0.24068437256113911,-0.6834223871177126,-0.0019547458314156767,0.18818987963909048,0.8644594308011138,0.46309878412595995,0.0031771667803116126,0.698014373498384,-0.4420549644130097,0.5486769589322185,0.8658120728474638
823.53973,1.0,0.0029334962663515817,0.00010461620130225029,-0.002794402640613074,0.0044921115729296465,0.6821237251383424,0.23937435986744504,-0.6836716814027233,-0.00022965522322179852,0.18667308546500305,0.8629268877459559,0.46341489926597096,0.0038106080681058908,0.6950185616685798,-0.44032416832159493,0.5414158794453681,0.8508859154286152
823.93945,1.0,0.0025870400476985353,0.0007460247398097747,-0.0015732219278585158,0.0022339459439197538,0.6804380267669939,0.23517270859335979,-0.6796316154390916,0.00228113132937555,0.18202026074132574,0.8589378853927202,0.4624761349634997,0.002639739335915332,0.7006251227213822,-0.4371763834300853,0.5400493282733058,0.838439646344358
824.33905,1.0,8.863240930379309e-05,0.0017014275643675097,0.0005106130027008246,0.0011740889841092884,0.6817925389158025,0.23688063780469057,-0.6840684458262815,0.0022879568793681324,0.1797056357780399,0.8582639429854783,0.4631154266198937,0.0035134432482886047,0.7010512795039371,-0.4461066685938722,0.5456566467675537,0.8331683803267216
824.73859,1.0,-0.00041636717624071425,0.004032633318058985,0.0009410444780955294,2.1199619924430916e-05,0.6812931182485097,0.2393177352936221,-0.6865513520050007,-0.0006432447261541439,0.1792272587119119,0.8610799321306903,0.4587138489552039,0.003683397112737629,0.6990727958683626,-0.4463074367873743,0.5445395142921179,0.8382442986827977
825.138,1.0,-0.0012846032603715642,0.005712136343017598,0.0010323979731849267,-0.0015819840382762776,0.6844441099060478,0.23917152469035718,-0.6896692411093065,-0.0007217405133698736,0.18429309878720976,0.8608000956362512,0.4555947561684065,0.0009671540026937272,0.7000583712147853,-0.4416951286127819,0.5444401654178556,0.8539934982754914
825.53729,1.0,-0.0012411160684240746,0.0012019392710829531,0.0005814744942374305,-0.00013832583132751558,0.6846375087210146,0.23751222781678483,-0.6912663605917495,0.0002445481663382001,0.1856463033028482,0.8616398199978661,0.4594959603325856,0.0012922568273297788,0.6995635348617087,-0.4426038240455185,0.5479723082683209,0.869485746509315
825.93646,1.0,-0.002482784811332854,-0.001052080324277367,0.0005967450673963351,0.00021123211250181963,0.6843600104871506,0.2397878095230423,-0.689420482917899,0.0003376985555642619,0.17981559413803255,0.8614676711430932,0.46145763370341725,0.0004232182042558128,0.7018704962328184,-0.4427720959138972,0.5480191370623615,0.8775454320555444
826.33557,1.0,-0.0037993937321695354,-0.0008533633398440546,0.001059810973498711,0.0005635838858164889,0.6842572844555822,0.23727274645817778,-0.6881291881737774,-0.0009307736697527691,0.17783572828660704,0.8647468116450051,0.4594824272159882,0.0006912710939556118,0.6988810181810181,-0.4413724110797344,0.5456501230063842,0.8711769323515589
826.73456,1.0,-0.0033146567920915694,-0.0011411004099613061,-0.001011485807481763,0.0013047308861039281,0.6878718461772537,0.23760146276214947,-0.6879387593967535,0.00032537140210311174,0.17511794383276957,0.8592130664171385,0.46041920633526146,0.0007713289113237006,0.698580835174292,-0.4433709109430877,0.5415263612286421,0.8558725017541802
827.13342,1.0,-0.002874535245036801,0.000637484922729445,0.000632997248973193,-0.0002442471399038512,0.6821404493586604,0.23819585467695464,-0.6862118167324206,0.0013647565037164533,0.1770942047508149,0.8609278369968154,0.45957853113523706,-0.0011421463115060817,0.6980206081345769,-0.4433276643719272,0.5420228380526884,0.8453090386686283
827.53223,1.0,-0.002950752017563085,-0.00037927635410972034,0.0009274075606071131,-0.004013139736170303,0.6849183699413977,0.23567990869574243,-0.6828048078624183,0.0016493178941780296,0.18014282761820938,0.861966710706269,0.45807426513942,0.0018872839850500019,0.6979883219641219,-0.4438161682062932,0.5477192929675381,0.837453425808206
827.93091,1.0,-0.0022373823857242897,-0.0018776314726640091,0.0004924330638705832,-0.003731455636622237,0.6881311347061062,0.23958853830828628,-0.681650431133868,0.0007728279813746977,0.17833139307253149,0.8581399252310326,0.4605626885559856,0.003420314816247899,0.7019104472848287,-0.44075676002428565,0.5496741018207852,0.8359195773767762
828.32947,1.0,-0.0014442354938708003,-0.001837335094215592,0.00065848229050447,-0.0022331614857745235,0.6841595149064215,0.24204955076434023,-0.6863955989816758,-0.0005927263313920511,0.1732775203239341,0.8568734974801837,0.4593734806538384,0.002601411327441555,0.7012917020943068,-0.43765284570473123,0.5511658137600899,0.8434813812503634
828.72797,1.0,-0.001583660615736935,9.017979337859449e-05,0.00018639385784121324,-0.0009515257330242447,0.6858393391175482,0.23561932093515273,-0.6855478772314368,-0.0016822362000341235,0.17549601550904112,0.8596389143430048,0.45578833260450813,0.0034270075384591294,0.6984861903498805,-0.43488769817932355,0.5495680436001643,0.854969262621693
829.12634,1.0,-0.0019687383181284947,-0.00044121858235147,0.002863405300259122,0.0010785892858769014,0.6890349339230546,0.2322019231273788,-0.6846715139724593,0.0015077647873148819,0.17001913241587122,0.861802252276934,0.4542027492629304,0.0006897557369382858,0.6934825731087185,-0.43524990963873433,0.5508572562268634,0.8658162927993704
829.5246,1.0,0.0003938405705671062,-0.002618168735600042,0.0015808304811280828,-0.0007741571649007318,0.6898664448779431,0.2328391915041593,-0.6849749842294661,0.003917770217248565,0.17565247873526368,0.866960945571323,0.4539369198950558,0.00021877234834442283,0.6955877210207614,-0.43636144297836355,0.5557739888555502,0.8726491446215575
829.92273,1.0,-0.0010891404481115452,0.0006372009962699172,0.0020451626459524995,-0.0017070989281636093,0.6907276951324516,0.23245665311032152,-0.6847729888656542,0.0002933160512426762,0.17759023222858017,0.8648924514928857,0.4510847314167342,0.00010481675371506208,0.6939200774138718,-0.4357439619018319,0.5560922843083774,0.8693640644260098
830.3208,1.0,-0.0030775507857089203,0.0005055022184801709,0.0006288976462027185,0.0008077146341942519,0.6874115251820734,0.23272665334834505,-0.6827690524616367,-0.0008162358187644225,0.17551971110395673,0.8643070493206856,0.4501026472523906,0.001991726121231644,0.6950557062078077,-0.4339976863120358,0.5578527526179597,0.8532669781158913
830.71875,1.0,-0.003302241881489109,0.001578356117990358,0.00023494858727175305,0.0010293496024405626,0.6889547911788574,0.2295541992160131,-0.6827908494584845,0.0021327483935167073,0.17551831832002332,0.865487703571547,0.4493308502714152,0.0009685904179222929,0.6964042810990061,-0.4331082637551167,0.5549948347848966,0.8345989544270431
831.11658,1.0,-0.005729763071438936,0.002760458940873794,-0.0013420792280316837,0.0015193195508763206,0.6896373858361713,0.23098825824318692,-0.6792610464905753,0.0032036267146784603,0.17103028013034866,0.8603936357792706,0.45322615777696734,0.0022245810033295252,0.6958597069736067,-0.4337173768749562,0.5579663461095904,0.823980179859981
831.51434,1.0,-0.005831374325619203,0.004964954053046511,-0.0030102098066741335,0.0017887211429700308,0.6884131905746984,0.23112893632919385,-0.6813695004441558,0.0023481067794563137,0.17191359272647033,0.8621198672243278,0.45197770846896285,0.001137685210476228,0.6956515407748604,-0.4340979845409735,0.5539427447004297,0.8263409341629174
831.91193,1.0,-0.0041874086816288784,0.0037724342594751634,-0.0038873053106150387,0.0014954360816362643,0.6880438655933111,0.22952057992723238,-0.6807330066215705,-0.00014554512151723816,0.17367410907481054,0.8663650540400912,0.4517589537956265,0.002320446592013873,0.6976717911682555,-0.43548674009562627,0.5576273866342034,0.8464826022554154
832.30951,1.0,-0.004085826124620205,0.00031815736339922224,-8.110112095808972e-05,0.0012396175217773097,0.6849659759370318,0.22724520505423107,-0.6835461593417137,-0.0017714475691510123,0.17594954294973125,0.8650144348591897,0.4521413728627785,0.0022791131748249446,0.6972624892231426,-0.43457518387996985,0.5597118362115735,0.8708906618328164
832.70691,1.0,-0.00490563112032285,0.0017341711988476012,0.0012788107811257331,0.002211986478953705,0.6869807012076533,0.2263064662451258,-0.6845415794802022,-0.0006226535576847221,0.17151036666091415,0.8663408216560483,0.4507670738671632,0.00047950546112332515,0.6935173633081168,-0.4290919458432324,0.557096341368292,0.885380947366381
833.10425,1.0,-0.004064331045437363,0.004609442424331532,-0.0008725426639756285,0.0025382821441014185,0.6896994462818762,0.22021413821556912,-0.6821553391712631,0.0005239611975946761,0.17500476122240446,0.8702351615290459,0.4420140235252523,-0.0004339947171926034,0.6969330140427292,-0.42843000763894734,0.5575603956967525,0.8837837850325145
833.50146,1.0,-0.002868970702700093,1.1603259717804972e-06,-0.0036562811619573208,-4.685036851461546e-05,0.6900201194503266,0.2245055690189914,-0.6794197509560522,-0.0021465645121302016,0.17382669646962504,0.8712988411681558,0.4422948479879149,0.0019798859792813203,0.6936344671197753,-0.43103762799455386,0.5594238336778756,0.8672376953467505
833.89856,1.0,-0.004203857758556945,1.3632587273981972e-06,-0.0011324241260395336,-0.0036751109853004407,0.6892001521837446,0.22658679602363474,-0.6816701803793589,0.0006319084869701105,0.17542501905032543,0.871376464964581,0.4470721303172488,0.0028096983138092436,0.6931415120081535,-0.4304351429295029,0.5600198267011306,0.843838202743646
834.29559,1.0,-0.002225847033645314,0.0010851943608058154,0.001031015996532851,-0.0009114708132150378,0.6876584648024664,0.225750050220625,-0.6806218482432882,0.00240435998370447,0.1744726013316286,0.8686350929848545,0.44576536686190077,0.0031509830859635453,0.6920165805242321,-0.427958109409003,0.5615154043647897,0.8308807972040967
834.6925,1.0,-0.003070352167739333,0.0010747490486661554,-0.0007149909911159717,-0.001207573758597589,0.6867435309632921,0.22729534924742206,-0.6769602314770803,7.935782453299027e-05,0.17556419992781935,0.8675262054653003,0.44547289795637834,0.002792445586074568,0.6938088803241194,-0.43042467705942045,0.562274837856789,0.8297238220489958
835.08929,1.0,-0.0043028353491820675,-0.0017516076342515652,0.0019558967880093855,-0.001575183167509772,0.6924301126008793,0.22671090515042477,-0.6797603637369928,-0.004397795080270443,0.17276144575941435,0.8679719784301464,0.4436789060617927,0.0007538852229762837,0.6932021901470099,-0.4337773482660527,0.5625945595455876,0.8387838587924737
835.48596,1.0,-0.004322253335801783,-0.003418550543004495,0.002122172198715195,-0.00026620295854909963,0.6974393867222076,0.22795266534133432,-0.6863027144279688,-0.004476529801952261,0.17298910697013398,0.8709388200428941,0.4464574656692589,0.0010375477224960458,0.694913969823883,-0.42937548793281854,0.5625269833557648,0.8588882045016615
835.88257,1.0,-0.0038258312566052228,-0.0012826027260238488,-0.0009104665025035262,0.001679643389582373,0.6972487210194447,0.22886627757751313,-0.6862004665486612,-0.004824493952564591,0.17193898773265678,0.8721881368604388,0.44956498173713166,0.0015800299338810872,0.6980363056991998,-0.42400987349666003,0.5629173670309431,0.8761509345555453
836.27905,1.0,-0.003931495233828723,-0.00011882665112619325,-0.0010687791275367379,0.0013118530726101477,0.6948423072039848,0.22679792183845743,-0.6872059013677786,-0.0012596217845999337,0.17254106527089158,0.8686304047957794,0.44598462897227276,0.0017911384683928465,0.6962780591548783,-0.4273959349912253,0.5628472310686662,0.8799525999190908
836.67548,1.0,-0.003193562127152851,0.00027145218447489916,-0.0004001491928801341,0.0001431397027889633,0.691269699458163,0.22547884067432608,-0.6910011952709396,-0.0025299445895619298,0.17364860813126998,0.8739818718023586,0.44543312619278586,0.00011571206644337904,0.6977275363312245,-0.4290305813900958,0.5622096765918758,0.8683065569270809
837.07172,1.0,-0.004623515386299542,-0.001033447928521046,0.0026605116206514156,-0.0008175815294684928,0.6904167386144321,0.22646369942947697,-0.6896393361142494,-0.0038692295324544014,0.17316982967133876,0.8758531106956763,0.44346496786672596,0.0026371890993877453,0.6906080324962246,-0.4237062663011752,0.564922439746392,0.8513957152977076
837.4679,1.0,-0.004939219216336914,-0.004104022021065839,0.0036676200533665086,-0.0020491084489862375,0.6885248166946899,0.22641922946724094,-0.6884834136793991,-0.0038479356326966445,0.1750447576897221,0.8756817330653566,0.4389237579404837,0.0038337813113637964,0.6890636236020419,-0.42423534401169266,0.5644761901306643,0.8371948924573088
837.86401,1.0,-0.003856294641503253,-0.0036390193580719122,0.0006380030177318502,-0.0054804339388189105,0.6889488786784339,0.22199440157580602,-0.6820726480040075,-0.0043636890126555715,0.17576604513175303,0.8739571420276078,0.43786836437548116,0.001786167606885376,0.695085158675541,-0.42886747837331096,0.5602494215775738,0.8328760459655772
838.25995,1.0,-0.004431431040234458,-0.0015527117661982008,-0.0020827044085107303,-0.002207601813969344,0.6872970695856521,0.21373628419878965,-0.6782544805581595,-0.0065073567739331335,0.1751668079404063,0.8734705399184107,0.4393960408139834,-0.0005383018159120283,0.6984619576215813,-0.42882209334833116,0.5610519075380647,0.8403232783173918
838.65582,1.0,-0.006380223834404999,-0.001511819212122098,-0.001551949840958934,-0.001432622754133046,0.68728294869297,0.21739201187787366,-0.6799106129026738,-0.0018892316367231123,0.17210538121396562,0.8754268371523434,0.442976143789301,-0.0011779864713448117,0.6954712590543259,-0.42778126493721086,0.5595727276332085,0.8568564583402063
839.05157,1.0,-0.0038217920555765773,-0.0007603274285954683,-0.003100524461558855,0.0028457254195415923,0.687299084983086,0.22056265382391718,-0.6835969860927124,-0.00017586028010066915,0.170763925610088,0.8762183419237385,0.44469095141668613,0.0007602764532985822,0.6992072976106266,-0.4278416737114634,0.5637067872991001,0.8730658641288872
839.44727,1.0,-0.002850495179259394,-0.003042309616670486,0.0013891242518110354,0.0011607196163747385,0.6891795589274335,0.2213407804251979,-0.6890628646906576,3.615784887171342e-05,0.16899621457768513,0.8743202707787855,0.4443864233456481,0.0028396548221642343,0.6951844084685601,-0.42799849954974917,0.5662505350746915,0.883620117108361
839.84277,1.0,-0.003509586147329148,-0.0009769495153345732,0.0030008061636941723,-0.0005077453599893646,0.6923781835830515,0.2207481479004476,-0.6874196543633352,0.0004652315718881772,0.17182983682147956,0.8714795596198465,0.4428021768823112,0.0032851090467383853,0.6901769198218582,-0.428022807740563,0.5656043935330093,0.8796830932568405
840.23822,1.0,-0.00396324814153095,0.0001999159351171544,0.0011836223106888016,4.587642167367115e-05,0.6907274936298045,0.2233064770838509,-0.6908008895576848,0.0007041962669222783,0.17539848992432336,0.8701362020577224,0.4407337718705418,0.0029419257709917368,0.6921766923966478,-0.4297609022081974,0.5661633511579375,0.8626878892885592
840.63361,1.0,-0.0021495679241401613,-0.0013293622658114214,0.0036336633465373133,0.00015196736897454612,0.6895959748236488,0.22525321442311722,-0.6898468881003513,0.0006845801247952911,0.17153545204798767,0.8728789623290841,0.4384579969131614,-9.890053374300527e-05,0.6946173122654541,-0.42959867611925584,0.5693623777742132,0.843470571531962
841.02881,1.0,-0.0003884361882591852,-0.0013679042232876417,0.0012208648811733041,0.0005944814055019948,0.685087580680467,0.2257721124205786,-0.6839118260266932,0.001778608669230198,0.17227439730636862,0.8736920359970515,0.4375726836340756,0.0001002240975652049,0.6963567744026655,-0.43068244297975494,0.5649431164780077,0.8243366036343374
841.42395,1.0,9.407533945986913e-05,-0.001165122966249039,0.0014915540430830098,0.002299969081382201,0.6793981753993001,0.22441295606488146,-0.6894022985739499,-0.0011084018774638745,0.1739717104733494,0.8741306586688976,0.4407892659040124,-0.0021976835073956426,0.6963465504654163,-0.4310752147721077,0.5634577133856892,0.8191460316593788
841.81897,1.0,-0.0005869284454546769,-9.267209176897326e-05,0.0013839691099814244,0.0024527173567759227,0.6830717993639812,0.21803680638794198,-0.6869029549525139,-0.0012767414932978358,0.17280959787579575,0.8736394654894258,0.43859219582531916,-0.003462392901440945,0.6969893039989232,-0.43283229648391514,0.5658319222630342,0.8284089895729267
842.21393,1.0,-0.0025172661059894913,0.0014790687479184967,-0.0001884450894356765,-0.0002346055103125142,0.6881746169469527,0.22304978640483394,-0.6871525490186747,-0.0012738945194311778,0.17280943990058303,0.8696677083445365,0.4339663419776769,-0.0036375589730297557,0.692659721921003,-0.42894718358425576,0.5617387810986434,0.8493008134851551
842.60876,1.0,-0.0035839746957316613,0.002252207694212745,-0.0019111174429010962,-0.00011090822517934138,0.690398557200088,0.2209632374059935,-0.6853720053843543,0.0021645077199732273,0.17067215117806006,0.8729174851919066,0.43512230669987717,-0.0034012839171546553,0.6903304160505821,-0.4234960944779809,0.5639971859809042,0.8692849162807978
843.00348,1.0,-0.004100893742101537,0.0021788640636000536,0.001588983079916172,4.537204218440049e-05,0.6903553168222314,0.21732765194980838,-0.6854649881297741,0.0037529671803335895,0.17096789492391037,0.8741158167078058,0.433295387422598,0.0013575165445587982,0.6897303592069466,-0.4211744470740755,0.5674071350123109,0.8768438500903749
843.39807,1.0,-0.0030403138858270348,0.004280919307544047,0.0004344209429728833,-0.0012803141139418315,0.693330323925398,0.21501800027818277,-0.6834613295851314,0.004694179290272772,0.17622562573868508,0.8740516472750798,0.4316480972541279,0.0006889275532864109,0.6942516272997032,-0.426520604093728,0.5689343628325758,0.8677728524072355
843.7926,1.0,-0.0009152986517559007,0.006557824986535582,0.0011040547284360239,-0.0018269166896681876,0.6969259163666567,0.21345612936557332,-0.6801198492414134,0.005166471466413415,0.1765062088871261,0.8775110584255945,0.434847302546547,-4.6618774755990394e-05,0.6920688484914462,-0.4260017158899089,0.5681929020614997,0.8500736443475206
844.18701,1.0,0.00033687112205450483,0.006106216218298709,0.0023866157975395413,0.0003510739354451145,0.6930008449141356,0.21202662574133455,-0.680545814573652,0.0023483717197821524,0.17213366641682956,0.872472442388079,0.43645837769035184,0.0021405650867490746,0.6884104605447499,-0.4211140788836811,0.5695570458502007,0.8290372528256491
844.5813,1.0,0.003314941557256781,0.0051181030444348,0.00020681127302412975,0.003927157697780745,0.6945741050653361,0.21535871249715463,-0.6801099056012982,0.00294681939786452,0.166432688359245,0.8782150811039714,0.4334973589772289,-0.0006266257549908667,0.6851845046233116,-0.41506067142687575,0.5688937303662543,0.8144907964084372
844.97552,1.0,0.0034643235484614196,0.004648689538989648,-0.0004181835844022212,0.0037737202771108837,0.6952206410064633,0.21471911172315755,-0.6773998387708747,0.0019696816215621334,0.17211990482912673,0.88113475861291,0.4321111898981633,-0.002810656515977463,0.6881963532169982,-0.41897117373156845,0.5752480746206262,0.8170004975981228
845.36963,1.0,0.00021273444406342767,0.0008219048800999351,-0.000868590454131665,0.0020460376888854948,0.6967388682448116,0.2126148910843251,-0.6751907796183876,6.342125020228038e-05,0.17110711853347865,0.8767124422208131,0.430864011440862,-0.003380196774954531,0.687960120358963,-0.4163167199563065,0.5724483043429845,0.8348648689748435
845.76361,1.0,-0.0020074923638962305,0.0026109441825027946,-0.00026513100890314997,0.0007193487124187207,0.6978248597186224,0.2170432824039081,-0.677939546324865,0.0016179600443786432,0.16486073235579443,0.8798490800163014,0.43189594691597444,-0.0015580049265928396,0.6874116861435074,-0.4128533441472081,0.57384390285643,0.8523178572978273
846.15747,1.0,-0.0003595762241433471,0.00029524403206500344,0.0024242722192475393,0.0008042558693495721,0.6971287855881388,0.2170785617706193,-0.6801772185072786,0.004537982369628407,0.16436489629074982,0.879578853655937,0.43563941915026516,0.0007300071008286663,0.6896641313375161,-0.4205911570397263,0.5743500864881446,0.8695230430785537
846.55127,1.0,-6.171721438695603e-05,-0.0005927581206887162,0.0017947641323762557,0.0013102426172277681,0.6977679844879341,0.21355184647717493,-0.6807610133863086,0.0033570615141029106,0.16872077538455493,0.8792104452264123,0.42734217809350195,0.000800948939581177,0.6891260132726226,-0.4245880018365833,0.5804097512051106,0.8770999145282532
846.94495,1.0,-0.0021468724594295575,0.001014023683871898,-0.00016326940650200828,0.0013706003267228426,0.6980373367865711,0.20804833512791618,-0.6724533991906715,0.0004360136229491968,0.1709420367326738,0.8812101313950901,0.42588739979519785,-0.001297505339344879,0.6905027695757467,-0.4211556967891234,0.5773967895458948,0.8713437338081305
847.3385,1.0,-0.0006665769100978262,0.0034467553517403466,-0.0009360220128646933,0.002556242918527336,0.6988818017189737,0.20877173148415834,-0.6675094026684898,0.0012602955399942059,0.17456509872745088,0.8833810258108545,0.42418354606098074,0.0011691810292377336,0.6799380989109739,-0.41270710157806656,0.5766820836401807,0.8527049237407437
847.73199,1.0,8.219917894292084e-05,0.001485566750397153,0.001354037256258187,0.0024918308224816366,0.7008464848944512,0.21160128526214445,-0.6640994951532645,-0.00013302616343592865,0.17947351531640637,0.8764281046045559,0.41751141155550886,0.0021602024282237724,0.676875101154985,-0.4088920463834796,0.5758542244679462,0.8380948968321282
848.12537,1.0,-0.0012967820969685788,0.0021048678000110677,0.00040042136378365075,0.0010500994915938063,0.7002789508375917,0.209787528829877,-0.6655420511658605,0.0005562637392484803,0.17487921374531354,0.8750883788469593,0.41566764919954324,0.0043481561710501816,0.6686216655571577,-0.41006698072933645,0.5723528383489673,0.8333612480633122
848.51862,1.0,-0.004122866731680096,0.0004126130379328417,-0.00161858180142789,-0.0016062675173258074,0.6943790817321288,0.21413665002329998,-0.66786858797741,-0.0012818473976545577,0.17115113373754373,0.8777260217097541,0.418447019587736,0.0008465541094066236,0.6731692094790314,-0.4164745695027531,0.5753187122890127,0.837727063905908
848.91174,1.0,-0.002665308081884096,-0.0004901610832432037,0.0006854795812259368,-0.0017944847543343594,0.6955690439241725,0.210713322034755,-0.6689745830254257,0.0027904941600840824,0.16874803723547763,0.8808073601300971,0.42259873007016846,0.00025204409754960955,0.6748834996602685,-0.4141037612164297,0.5729561617685744,0.8504218902266453
849.30481,1.0,-0.00011559379704676731,-0.0023497525567622557,0.0014526434024693515,0.0013507995253986453,0.6966067079060965,0.21093857899201868,-0.6690684574462935,0.004936574906353368,0.17008224439735095,0.8808061415250293,0.4239301073917777,-0.00030965045271561843,0.6757881419405284,-0.41494802237096035,0.580616442577223,0.8681511657805484
849.69775,1.0,-0.0006104878891397266,-0.0002497117443997038,0.0023011310464719236,0.0009993855836836103,0.6962937099777896,0.20783979861689403,-0.67638116883343,0.002009461832968422,0.17468036710665608,0.8814583667375792,0.4211490896676107,-0.0029073415014737023,0.6807348745939559,-0.41919071292262644,0.5803229592922302,0.8819298358298501
850.09064,1.0,-0.00257718915080937,-0.0013241744257627354,0.005021997310376121,-0.0011553237757720245,0.6971138418207891,0.2060390365484852,-0.6748294686899493,0.00019776121474776983,0.1753497894221267,0.8778265122521587,0.416987507256041,-0.001984386506725332,0.6851340837952565,-0.4208530695252151,0.5777570562352763,0.8837514097271892
850.48334,1.0,-0.0016284575228626458,-0.0035879393554575675,0.005054412593089447,-0.002924899254109248,0.6963963011434462,0.2090072182174132,-0.6727066552550948,-0.00019239716291699616,0.1771950775498829,0.8769645417220947,0.42096155903937327,0.0017153966805423665,0.6840298932526776,-0.42422844885412503,0.5771560763335273,0.870619183947342
850.87598,1.0,-0.0021495650907431634,-0.0028498526706067814,0.0017910692944981313,-0.0031212093019383673,0.6967112756624095,0.21212080591612628,-0.6753298162773799,-0.0015359423369099403,0.17643949777303128,0.8808845689533279,0.42068260676727887,0.0023853228079484664,0.676624204337626,-0.4159968528756668,0.5743068854169835,0.8461052763947933
851.26855,1.0,-0.0030470155243556684,-0.00012519913567438638,0.0006410858969715724,-0.003205285958512072,0.6966342572972661,0.21019026176175976,-0.6685931848706927,-0.0006781350298444288,0.1714293334537966,0.8811257489099338,0.41782148046040724,-0.0011586232645750764,0.6699658864637268,-0.4082581162641849,0.5727679353335684,0.8246419045294094
851.66095,1.0,-0.0038499401563082195,-0.0012116054690630232,7.172477220060659e-05,-0.0017141283295973603,0.6999915309475562,0.20892359059223548,-0.6594149889187594,0.0005953957816371473,0.1715477566764745,0.8747150826239601,0.41350376560039137,-0.0017933249077953031,0.6733302452807085,-0.40304201231355674,0.5746409567134906,0.8117497034766994
852.05328,1.0,-0.0023393535240665525,-0.001969493085253281,0.002135320349598512,-0.0001671863821562481,0.6956216135809553,0.20884591742485883,-0.6649918796922316,2.1081623955629345e-05,0.17891512281008073,0.8775046861229889,0.4140254938232011,0.0020752794259993614,0.672968146804145,-0.4051283995608969,0.5799714387921208,0.8192675085033825
852.4455,1.0,-0.004115191473818131,-3.7962689537712424e-05,0.0011497851957307601,0.00393956074777596,0.6941843335926933,0.20965275352077534,-0.672899256196044,-0.0013510466663239774,0.18014538883470396,0.8807011538051238,0.41715466495829884,0.0028227865250734442,0.6764262761985085,-0.4136295669658177,0.5855426575303782,0.8421307089209022
852.83759,1.0,-0.0031777936274699887,-0.0013170481412165252,0.0015020762550939086,0.0044549202312614365,0.6938416968161416,0.20919071540079656,-0.6776754387786313,0.0018070268968919734,0.17974033034921577,0.8833627406546722,0.4260788850169126,0.0035057916387822258,0.6790482473734989,-0.4181201924039554,0.5816404702205181,0.8637133710074529
853.22961,1.0,0.0018711456351746183,-0.00040399700925279033,-0.0009659648358953242,0.0036311328369693493,0.6929998622752083,0.2037551659788182,-0.6731302873690833,0.0029874061618990516,0.18065313765400484,0.8846920660797766,0.4290205298124432,0.002855952310665668,0.6848436072000513,-0.4230394195694502,0.5766276311016518,0.8785523412266069
853.62152,1.0,0.0022931206395095357,-3.974332160874671e-05,-0.0014649237377354568,0.001612411766126687,0.6954946509360378,0.20293184156278507,-0.671137777336697,0.0003951864104573006,0.1782716562993454,0.8753002700585857,0.42730727055191997,0.002339127538328061,0.6852172540605053,-0.4179834401027928,0.5810159215131863,0.8824534807553478
854.01331,1.0,0.0006951837367375753,-0.0008992897545466928,0.002369224020828759,0.0024038920145672566,0.6914220125488538,0.19778409746664688,-0.6717800904065849,0.00012357731813502615,0.17893443583296442,0.8737553590826672,0.42953079849207393,-8.619938043319578e-05,0.6877056757265447,-0.42186661316981394,0.5806508126306613,0.8684519366945878
854.40503,1.0,0.0004910108137398284,0.0028396423887939067,0.0015285775360989013,0.0007557474900842185,0.6931577140365889,0.19330734875127562,-0.6764289021330334,-8.963902688581657e-05,0.1781238424689799,0.8764594523242745,0.4275286535766604,-4.4491543520495854e-05,0.6855410949432386,-0.4241275284025291,0.5782999628879538,0.8446334164878744
854.79663,1.0,0.0011187500522302218,0.004116430404514588,0.0014354452052707685,-0.00141386183371233,0.697424976456961,0.19611710805845006,-0.6811532325938995,0.002402470136005163,0.17944963368808806,0.8862295597948255,0.4235960615176798,-0.0010065480033226608,0.6881576605400508,-0.4255568950645227,0.580597358476978,0.8233947198019993
855.18811,1.0,0.0008556335121662789,0.004335318203405665,-0.0017867117144191942,-0.0018578804606238521,0.6989488971317347,0.19504224571789433,-0.6815839245850136,0.0025051201536903955,0.17900158808263905,0.8869273935369647,0.4264557963591817,-0.0020518684403646767,0.686937193548397,-0.42055722127443157,0.5847002369881724,0.8135739994167378
855.57953,1.0,-0.0017499789862008817,0.005894067134400689,0.0024963098754935725,-0.00014850334483748672,0.7005906188139313,0.19349640009431088,-0.675884555832152,0.0032169271311612664,0.1799744051855509,0.8848356660596767,0.4265197580675925,-0.0005036033083322694,0.6832250170685433,-0.4197540359683798,0.5858193511974242,0.8187246067107782
855.97076,1.0,-0.0038165202344888453,0.0019525018580536604,0.003170100264863285,0.00020456355906095573,0.7030829334607366,0.1979750236537289,-0.6696173392392641,0.004189887321748277,0.178483658939535,0.8811737009364581,0.4276218699232082,-0.00019958710964410395,0.6836793141763671,-0.42047349912280013,0.5847550543138388,0.8351660489069921
856.362,1.0,-0.004539678939846159,0.0018837579500396771,0.0002350443805313755,0.0008511098047004512,0.7051605329966035,0.19796924152129694,-0.6715082238287491,0.0014687685835284951,0.179518377650241,0.8835026667386887,0.42811908625635264,0.0007646776463698208,0.6865318077345994,-0.4173620452840363,0.5821627533113903,0.8522940477326997
856.75305,1.0,-0.004682035050656197,0.0025518854034313693,-0.001454262188798321,4.567634854066942e-05,0.706461463810514,0.1957730090928733,-0.6748604550953875,-0.00030481158313643215,0.17939272895687297,0.8808983123844457,0.4254957607272646,0.0016553105811186232,0.6866391322366788,-0.4270332414709541,0.5828090370120759,0.8613364587116665
857.14404,1.0,-0.004739955822999324,0.0011471151838774434,0.0002778965539434383,-0.0012315574883517194,0.700239196821369,0.19402445043805153,-0.6790428505089641,-0.0008212371015594429,0.17643643701115802,0.8829819868972943,0.4250382362722486,0.002566600334182562,0.6812291549505529,-0.42947742460532756,0.5919586197681276,0.8568303488030303
857.53485,1.0,-0.004133891106407396,-0.0005472613061943396,0.0009502201499422147,0.00012090590682013051,0.7030987066319481,0.19685235755682412,-0.6780031274378883,-0.0006949632524064077,0.17683610797083238,0.8854873553707133,0.42253988813275556,0.0016767369698859752,0.6765398016627725,-0.4265716117869736,0.5887190066063483,0.8465233103144866
857.92566,1.0,-0.0020572561599705654,0.00026239393029848173,0.0016484593188661255,0.0011073019143834771,0.7018203620971476,0.19455635741138047,-0.6812872162160228,-0.0032991540544001293,0.1810226811482915,0.8808963327301661,0.42256158285096,0.0024324964937003364,0.6818322723546635,-0.42845172540591525,0.5888214410517724,0.8355259662157791
858.31628,1.0,-0.0039700887479356736,0.000271895963940363,0.004916114430775101,-0.0029933930612816417,0.7056540754373801,0.1947507250957344,-0.6789767734581681,-0.0016643466951728767,0.17964424471361368,0.8763468028667456,0.42551621774852055,0.0023743830595968525,0.6818466738506955,-0.4244619923006755,0.5890422073709245,0.8255799119607569
858.70685,1.0,-0.003726467285876225,-0.0014850487478873966,0.00254417088759105,-0.004522801106951746,0.7094768662181333,0.19968505157346858,-0.6773281652357822,-0.0007583972974105339,0.181265565851181,0.8855807638539842,0.4259418005556268,0.004502931964996431,0.6804608854339197,-0.4217742040739809,0.5907369063028087,0.8192010759888132
859.09729,1.0,-0.003560452895614761,0.0008758091107568678,-0.0006737106918041034,-0.0033228571493691982,0.7116542038716209,0.19515861211953933,-0.676212356597065,-0.0027625904715780926,0.1798084636680089,0.8885379966790148,0.42598590152101234,0.0002846001977071739,0.6872354194206746,-0.4234401019007134,0.5896199194454612,0.8224304185059962
859.48767,1.0,-0.005825414504551875,-0.00093269506264182,0.00013271676989288619,-0.0029829669657828197,0.7107841812663548,0.19566656541645874,-0.6755505694704866,-0.007018641300406894,0.17652869314459682,0.8804414284536135,0.4269863479030527,-0.0009865479455220072,0.6858917407984126,-0.41833275495143873,0.5909749756761284,0.8366289098352884
859.87787,1.0,-0.006256134151312012,-0.0007592259388485686,-0.0002512345827628812,-0.0003746371730202096,0.7080391770539991,0.19703588724812637,-0.676502375715071,-0.005811063781715494,0.17927811917148653,0.8799819078252722,0.42466762192033414,0.0014477652048784165,0.683619311554277,-0.4241440350694175,0.5879929697800714,0.856748849037319
860.26801,1.0,-0.0036617359274277723,-0.001665316218675778,0.003143260573523573,-0.001574173376658494,0.706184631372295,0.19329734855348474,-0.675583029108307,-0.002455794709100354,0.17780351278531883,0.882960706619672,0.42065748747045895,0.0016453026049137553,0.6785331878277834,-0.42577569512011915,0.5880950950347581,0.8665182700478343
860.65808,1.0,-0.004711282128498976,-0.003218495816715437,0.0032646405026364495,-0.0003838554420310652,0.7065197238140122,0.1904461535654883,-0.6754261019200998,-0.003022994183508373,0.17985868738727298,0.8794937287690534,0.4205453049792731,-0.000536895747536635,0.6835817263204713,-0.42593092859426673,0.5872256021220189,0.8617800870827121
861.04797,1.0,-0.00448286263273913,-0.0019517428506887597,0.002894205426609138,-0.0017528262961309716,0.7033612648167146,0.1954020193129735,-0.6775186365988999,-0.003475421574363133,0.18123606328468575,0.8819959930165916,0.42319483680638004,-0.0012592667304906489,0.6745651831889546,-0.4270307185787298,0.5862866349567158,0.8525086996206986
861.43781,1.0,-0.004350803005018526,-0.003939906673267284,0.004254522083134845,-0.003672648425426847,0.6994729099919432,0.19467753283566422,-0.67270418527369,-0.002615918914572823,0.17730835308507445,0.8798989732272928,0.4235283944756194,0.0014221091884003534,0.6686781151928818,-0.42624854909548376,0.5860558297759325,0.8350890942661523
861.82751,1.0,-0.006699106538763335,-0.005808399887880553,0.0029619402145333426,-0.0038906358469474795,0.7069673187697217,0.19280832209010926,-0.6715906918378335,-0.0047639042291971285,0.17958318874849954,0.8761137454869597,0.4225536833912005,0.0041554249499640575,0.6687166224111164,-0.42637811378451157,0.5909508779229373,0.8144661259508431
862.21716,1.0,-0.007548165491416654,-0.006293654353694075,0.0015481844284472132,-0.005388889460848634,0.7086611392768459,0.19520647854576034,-0.6729736482015801,-0.007647071044904596,0.18286070883145394,0.8758448546909502,0.4202333814816644,0.003999596955989017,0.6654359424892635,-0.42480623147477115,0.5934889415887848,0.8062667712371702
862.60669,1.0,-0.005882849442953866,-0.006598462917130561,0.0007233489296794989,-0.0020252591108676646,0.7031767380324316,0.19467576388900906,-0.6722511283422312,-0.007427812091199836,0.1822447434539491,0.8778955070166399,0.42197693486273224,0.0023397385051624783,0.666459012228782,-0.4253664246374403,0.5903874433845842,0.8127247573839688
862.99609,1.0,-0.003393316677322427,-0.00409393488211331,0.0007899949772241314,-0.00044313242498690054,0.704111128879768,0.18917100342009074,-0.6644925941322379,-0.004807937251934381,0.18455168195603436,0.8792009627983819,0.42136318091697417,0.0005806796851245937,0.6691436577075593,-0.4129723339072848,0.5843994064107567,0.829372748177828
863.38538,1.0,-0.004159839546710989,-0.0013034967675467116,-0.00034628634658557324,-0.0002458373301805461,0.7053416239991032,0.18459982788137272,-0.6689349390763026,-0.0037783099639937803,0.18897590503857967,0.8807105647495992,0.4230278776698531,0.0006769665232841002,0.6745764975283414,-0.41513099055308694,0.5831081072110328,0.849327877272163
863.7746,1.0,-0.0014691205716076423,-0.0014914559523217833,-0.0016267110734552916,0.003399603386315865,0.6990775821753704,0.18505942707172265,-0.6708522143793306,-0.0025368615662882945,0.18450548255089974,0.8773465846146448,0.42761228050956535,0.0020944935110461297,0.6794334142853035,-0.4228088797311403,0.5892948893411519,0.8612660725878492
864.1637,1.0,-0.002845782074774016,-0.00436821162808947,-0.0005309862587823426,0.0014236679609618476,0.7060299794347921,0.18431663409487428,-0.6667564349741243,-0.0016482629867090508,0.18429344494277874,0.8810580309455759,0.42345182730081715,0.0027100334956989096,0.6813344702537372,-0.42593538764683064,0.5946271371222824,0.8620644959224973
864.55267,1.0,-0.0043178872166313555,-0.0032840479305041577,0.0020822316361668357,-0.0006681018967114254,0.7058171113234922,0.1862609043232317,-0.675781334243253,-0.0016103696893650982,0.18463523129160275,0.8813933134079281,0.4262565604940978,-0.00047149958084451236,0.6725274120970346,-0.4293011738705532,0.597357988958205,0.8481720524057292
864.94153,1.0,-0.0034307776741780162,0.0016820623678498025,0.004629878796506714,-0.0014536771539300202,0.7100689526306772,0.18337223301250904,-0.6709974252822457,-0.001546804073421701,0.17910306729322195,0.8827550913504425,0.42046413461180343,0.0016986262613040556,0.66595530057305,-0.43329300920110175,0.5970017255088463,0.8260693037186624
865.33032,1.0,-0.005692270183479163,8.782578659521723e-05,0.006805816873263651,-0.0007365730678149039,0.7139343424849935,0.18394431202819095,-0.6699663482689534,-0.0007771406945278883,0.17431601299859356,0.8824535223405188,0.416137585362082,0.0006586477294568577,0.6651297080889972,-0.42540704082378594,0.5862027643277795,0.8041204552150688
865.71899,1.0,-0.004412132532537904,0.0007001085028733632,0.004148729947318466,-0.0023130238754863587,0.7059364260233439,0.18836410976158832,-0.6746814651139046,0.0029368186342247637,0.17693263102528606,0.8824284388696516,0.4210115491356039,-0.0010713226490480403,0.6691521341875021,-0.42674445596302263,0.58817981225212,0.7912213956091491
866.1076,1.0,-0.0037481626485853323,0.00132461116390761,0.0010230606969161486,-0.0004912216209833486,0.7103306238178838,0.1922547244056362,-0.6710532051013618,0.001686205898446457,0.18074622905153645,0.8812506396703951,0.4237145414903918,1.7829846212067003e-05,0.6663882383354683,-0.4248354647058662,0.59372900912631,0.7926985204393651
866.49603,1.0,-0.0008021836289344373,0.0031020813538742307,0.0005668177942037724,0.002142639902073281,0.7135801116460189,0.18967470662198185,-0.6676970019319469,0.002718485387882634,0.18184669167168185,0.8788462689493597,0.4242615997210354,0.0012498586373793227,0.6700277547710077,-0.42322772884998017,0.5949472399133596,0.8051037360670187
866.8844,1.0,0.0010417399984975928,0.0015746226735852986,-0.0006934035126909688,0.001574382096240998,0.7121819882413739,0.18226377155290213,-0.6668384427507276,0.0010050984533304195,0.18195507489824117,0.8829467373231443,0.4243809632744115,0.0014260055812450204,0.6684721656326896,-0.4254781251375979,0.5994432119510112,0.8228073448750887
867.27271,1.0,-0.0019854699630645857,0.00233663753149944,0.0007066076748619198,0.002580732924483762,0.7084232434050132,0.184521053901391,-0.6669070545712926,0.0008680751366952952,0.185013271406712,0.8868764312475824,0.4258061372110317,0.0005500933960563405,0.6701884089219577,-0.42772745550365393,0.6010884579291962,0.8387104764424883
867.66083,1.0,-0.001312630152609156,-0.00011933321446482897,0.0016220936099400698,0.0023859430466429024,0.7097988415798316,0.19203208185832943,-0.6790486246527946,-0.0006806792115954826,0.18083331032180872,0.8899071937260579,0.4316730592212737,0.0028956034035279095,0.6698178599154305,-0.42012145159221254,0.5995727784795305,0.8464942119942571
868.04889,1.0,0.0005529224938673636,0.0009373972157354799,0.000601899261868517,0.004817544264268287,0.7085979560519489,0.1914210533136906,-0.6817723118609507,0.00012813133023358613,0.18130905424419086,0.8856907623538546,0.4329494985515673,0.0008180064823200525,0.6686600394992868,-0.41710855510908373,0.5974213131577788,0.8448469590805631
868.43683,1.0,0.000598687162753317,0.000699689940509352,-0.0015486644900771327,0.005615296935541236,0.7095637205993769,0.18618412781626972,-0.674670504331874,0.0029779533645449656,0.1848009291054517,0.8800236291606391,0.4292913226537839,-0.001822212755175065,0.6743844714390799,-0.4213216539993822,0.595424702157555,0.8356415121831084
868.82471,1.0,0.00016992139570063783,0.0033346643935788945,0.0005370441094586226,0.004746766786258236,0.7104069433001248,0.186378234585732,-0.6761877270294151,0.004341437494774288,0.18504773719020776,0.8789249670009921,0.4279526072195932,-0.0024588082470998742,0.6756234236026728,-0.43533582712507507,0.5944882388381088,0.824599359437566
869.2124,1.0,0.0011473523966206048,0.0034824268229546834,0.0010130451538951357,0.003228003834073917,0.7028643977968045,0.18366102049092778,-0.6747730626636524,0.005468845507426936,0.1838562113382856,0.8815554448529701,0.428464372347579,-0.002141611933493796,0.6753147587941577,-0.43239190981646053,0.5957742165663841,0.8170764654960755
869.6001,1.0,0.0005450140095571751,0.00603411504282293,-0.0016660150624121428,0.0012176136092173625,0.6997936342785404,0.18159944116083265,-0.6736754427395539,0.0050844087774337314,0.18446903147072766,0.877269422726698,0.4331758544834294,0.0026465618566188136,0.6726699694014808,-0.4319689733623035,0.5961844186930544,0.8109351326822519
869.98761,1.0,0.00037757168219951676,0.003411291552104758,-0.00326964236255237,0.0014287362051142326,0.7111084649591876,0.18492890928637098,-0.6704108393442844,0.004552286355389322,0.1858133768466871,0.8822524148635167,0.4242981443800549,0.005670793980787962,0.673743255519051,-0.43322524484713887,0.5941473016200277,0.8131645954524955
870.37506,1.0,-0.00021990951225645658,0.001332110915652651,-0.0008064567785972848,-0.0006068259316549596,0.7140317429470602,0.1767406002814127,-0.672259693311675,0.002876885304869756,0.18146325032509744,0.8834129385877906,0.4223917503840909,0.003820080261955258,0.671619112068089,-0.4266494672987929,0.5908425630575967,0.8281480294133104
870.76233,1.0,-3.897469294250004e-05,0.0017700375756464438,0.0035221404807446624,-0.0003253373679408469,0.7115147985067022,0.1767182273349421,-0.6769696429211035,0.0022533399560527904,0.18426550140232972,0.8873510571810455,0.422512918881595,0.005323166469787589,0.6694346207151238,-0.4234016817081822,0.5976086154485725,0.8429563293344481
871.1496,1.0,-0.002626214626693356,0.004375038849989901,0.00173965509532222,-0.0001325713809120689,0.7202951097901982,0.18364584067011447,-0.6747284098447557,0.005055022613042047,0.18387119925041095,0.8870381702721369,0.42614850504771895,0.005334431142957792,0.6653985006952343,-0.42859735264648313,0.5989437545985296,0.8543993759159084
871.53668,1.0,-0.0008390278480769538,0.003236824244655214,0.002248812864209685,0.0026656413745975937,0.7174474876374427,0.187768896900855,-0.6798383478839953,0.006409853588828283,0.1821412849219425,0.891852255882303,0.42841469344079197,0.0035760354712765867,0.6642079274466959,-0.43206629465626883,0.5975969894810937,0.866382316394983
871.92371,1.0,0.00012994687300181646,0.0033748539414653472,-0.00017338579658297926,0.0017783507093695973,0.7125097817171018,0.18534180370617964,-0.6783922257666845,0.0027409511274686916,0.18220289198611922,0.8873309877586224,0.43166377524945476,0.0021161394265941697,0.6656534133969205,-0.4272951165134919,0.5935324684308512,0.8693311227425542
872.31061,1.0,-0.0005103336969612321,0.0007148496429225583,-0.0018518721574726396,0.00214861755280894,0.7135976805520209,0.18957652735779118,-0.6745992325792367,0.002607804071189689,0.18413510437256253,0.8842324053529397,0.4318752122925185,0.0029835492957947067,0.6668767576365422,-0.42731044183141054,0.5959501803259063,0.8566968466671028
872.69745,1.0,0.0024505040454223617,0.0020057288574037335,0.001787219807229693,0.003053451738561951,0.7146148669451428,0.18595851710056366,-0.6773229396716578,0.001271896147797124,0.18330409407708573,0.8831975359564086,0.4301398738938185,0.001811815739418115,0.6746502850315627,-0.4323040002502125,0.5927684411474491,0.8375879927030992
873.08411,1.0,0.002125498045566927,0.004397668570651362,9.112886754617605e-05,0.004171822473373641,0.7082316761956007,0.18392716019812122,-0.6728814060670938,0.0008672961330388528,0.18326420824325415,0.8859558477147745,0.4311549526120925,0.0019273716075175317,0.6747512976848798,-0.44166303321734135,0.5937049072156234,0.8280035026980245
873.4707,1.0,-0.0010260968582318664,0.0033468779306860016,0.0014672452574051203,-3.941908182778823e-06,0.7105157432027936,0.18492903008871603,-0.674574205726681,-0.0023123290138310675,0.1902607000069715,0.876348684723803,0.42925856548836805,-0.0010497391737921006,0.6717724857399188,-0.4318951988290182,0.5960332208025094,0.8273383182484317
873.85718,1.0,-0.0008257782876064982,0.0005155018267603826,0.0009979877379695339,-0.001325284590266047,0.7064622370404455,0.18641671024210713,-0.6660462023917868,-0.0007760087525732489,0.1900807021586013,0.8809654909902404,0.4320249963696955,0.000322715339912631,0.6773984804179821,-0.43101216734082665,0.591037421052702,0.8330743003709974
874.24359,1.0,0.0025018707645118906,-0.0005217350599961957,-0.0010815533412372525,0.003248619312487079,0.7117121514329545,0.18940631010356732,-0.6725463188704401,-0.0004036217600506849,0.1933274285685892,0.8817981768050516,0.43613444376952765,0.002543304201858353,0.671332201998002,-0.43702735194109993,0.5928983949789165,0.8430344718163562
874.62988,1.0,0.0011627983640984173,-0.002235932638153526,0.0018419728038003586,0.0007213591695009202,0.7140794348228934,0.19018510051313237,-0.6783305526747344,-9.507143725637194e-05,0.18993960200958265,0.8760362153830493,0.43051612943366835,0.003316899242714497,0.6655918696816802,-0.4313475380439444,0.5919653817478066,0.8571834136913463
875.01605,1.0,-0.0018824702395280662,0.002319914229110317,0.00012324162242437697,-0.0028165322358000796,0.7182536391961605,0.18832656713689214,-0.6718511419122299,0.0020702628795113177,0.18807436882542988,0.8724954964908838,0.4271419770822031,0.004607033672951231,0.6541269651652403,-0.4305482321563685,0.5929418023510128,0.8656507278974903
875.40216,1.0,-0.0009996499481018403,0.0017744498309596117,0.0018249885791899294,-0.0008880171049748767,0.7255723238469866,0.18843374530844248,-0.6660798760862465,0.0032016201697068858,0.18480695381865556,0.8795897912200087,0.4265118981065732,0.001859656001674276,0.6612020937321326,-0.4335427549736926,0.5976005753461101,0.8574822615116647
875.78809,1.0,-0.0018481845379145728,0.0033675775269130614,0.0036719771819131762,-0.002371193633309489,0.7225252208136387,0.18639008858197706,-0.6633970901192627,0.003515108369860407,0.18374414472174863,0.8795706081825896,0.4248135537060776,0.0021711869399749706,0.6720081210872165,-0.42831260964678725,0.5979710304813699,0.8444910217806404
876.17395,1.0,-0.001671524207573434,0.0036630251922521568,-0.0007814262457077891,0.0024255602715193185,0.719827167501078,0.18159125309614638,-0.6649498761833573,0.0038538987481662283,0.18230659655820766,0.8813030707806867,0.4293737136839025,-0.0010026771162060515,0.6707907978713512,-0.43413303268993464,0.5978460609963001,0.8303304222011467
876.55975,1.0,-0.0040457955991810785,0.001704883118566366,-0.0006282503463497065,0.002171933979574492,0.7134352898750256,0.17886076788482655,-0.6673154192878767,0.0006881940633357705,0.18950321703547424,0.8798426131795551,0.4354888139224315,0.0007669317560414829,0.6667952061403254,-0.4390033692621437,0.5974611014542137,0.818866679253164
876.94537,1.0,-0.001353698570183728,0.0004533670199939057,-0.0012374551386527845,0.0021351468222030458,0.7130178377096611,0.18099002081412727,-0.666007404302212,-0.0009466701439766082,0.18902443302726274,0.8840499335069049,0.4294673687104118,-0.0013915221595706896,0.6727738887732178,-0.4389116709061359,0.5947569042834033,0.8072371813976448
877.33093,1.0,-0.0001264102961403329,0.0011941863899209049,-0.0030684536442627496,-0.00041623542414105663,0.7126721385978064,0.1901787601517272,-0.6636053406009873,-0.0003697402086664334,0.1869493976538009,0.8829110222459899,0.4317402052343178,0.0019103045230044607,0.6711706429256025,-0.4362812858333506,0.5976746977156884,0.8063690076428931
877.71637,1.0,0.001630062604087328,0.0006711103555345911,-0.001350304258897327,-0.0008631584978793898,0.7194123369125953,0.1874519078524109,-0.6646663776814816,0.001960877490065247,0.1858155557207591,0.8827643586222899,0.4310856954820099,0.001138165064281625,0.6654777721494642,-0.4362955880288733,0.5984933282670092,0.8163747726604927
878.10175,1.0,0.0013793253863714004,-0.00032882879917438,-0.0026795175841348487,-7.710407280737487e-05,0.7177954166356786,0.18336966721765063,-0.6657841758675823,0.0030687972532624733,0.19055658374027368,0.8851261687377334,0.4286625139632536,0.00028523047978137525,0.6647665193380408,-0.4351108787850289,0.5964691802340368,0.8360855035483715
878.487,1.0,0.0002544124552260809,-0.0012290240313407395,-0.002776057266022578,0.003616185289357317,0.7196868076199548,0.1842630071148331,-0.6648463641823676,0.0019550295461861584,0.19063564649202752,0.8860149549670636,0.4307836717027277,0.0033501174556385366,0.6649301093434731,-0.4347245606762371,0.6000426849823722,0.855074657420454
878.87213,1.0,-0.0034183110953164694,-0.0033548045127699895,-0.0014709806493835487,0.005179991899412235,0.7192643270384234,0.1798296058165124,-0.6675685022918993,-0.0005049847127258065,0.1848516433324892,0.8918180493243537,0.4296596257796579,7.851461795565449e-05,0.6613735833070409,-0.4332731203167914,0.6042037974640148,0.8638294156501132
879.25714,1.0,-0.002440168131768169,0.0008449162312989606,-0.001415961075561333,-0.00018816357380040862,0.7203998930380574,0.17819174952862743,-0.6596723564922442,-0.0009041207463544316,0.18243097937071984,0.8873457209640483,0.43550792802502325,0.004917187240057888,0.6632960275234234,-0.43060798419980684,0.6011622409039575,0.8586626550222861
879.64209,1.0,0.0014834003431815747,0.005575259430774604,-0.0012704795467401455,-0.0022048692518811534,0.7193707905133634,0.1769919221470976,-0.6595688929579792,0.0010170326712252793,0.18703555934063992,0.8772653919227444,0.43144601108006425,0.003938095635126844,0.6691389980751163,-0.43457436700954005,0.6006501278264202,0.8494737209269378
880.02692,1.0,0.001840882145992017,0.0052815462706841685,-0.005614277600412431,0.0012305427642758417,0.7210390305379322,0.18200680348247836,-0.6622696520724761,0.002389080297760919,0.18216734134281143,0.8755539300000023,0.4309738271663003,-0.000217342107880383,0.6641966045589973,-0.4356253199252801,0.5988947322701488,0.8374444248982652
880.41162,1.0,0.002957420852676906,0.0021416773899596495,-0.00571740955105332,0.0032515228472499874,0.7268702973757545,0.18216202103866094,-0.6548241874827716,0.0027973960803527355,0.18456139185964082,0.8760672317076309,0.4300139291016786,-0.00047269562514244115,0.6641942471441136,-0.42685847071564237,0.5993904450664794,0.8263990974188276
880.79626,1.0,0.00024913232431309304,0.003435724509547992,-0.0031271738019998086,0.0063496852596690665,0.7293441151600771,0.1851283324164753,-0.6672805945832042,0.004640974301583151,0.17565990726041464,0.8855878563314078,0.43142259391192667,-0.001755534681954652,0.6609437163280945,-0.4348690759244382,0.5922870904448833,0.8180286183456487
881.18079,1.0,-0.0038671453484977816,0.004901413946323743,-0.005873905304061642,0.005210694851545237,0.7258020463393382,0.17772921062315977,-0.6678260294699672,0.005793982879518631,0.17480343288130165,0.8827153297406987,0.4303169189607217,-0.0025538012915162045,0.6665814547636248,-0.4373500290854314,0.6106337432111846,0.8173099893865945
881.56519,1.0,-0.004154761491565966,0.002212661362857541,-0.0025554588025033785,0.0029952073042287678,0.732731308635783,0.17536132893699186,-0.6633891585201273,0.003410829560276428,0.1766411272039095,0.8845696878613544,0.4313319953865079,-0.0023795545726101428,0.6587850141869853,-0.42815856413819087,0.6062649875114869,0.829685905833815
881.94946,1.0,-0.0016001099515084761,-0.0010490158329939721,0.00044193321145669074,0.0025834208372026188,0.7281512618346364,0.17439756353460384,-0.6613022224061449,-0.002270177591574468,0.17671084842387838,0.881980442091748,0.43406969123991646,-0.004159756205500099,0.6576702082954159,-0.43120555018384077,0.6068913008869471,0.85324344222833
882.33368,1.0,0.00042208188164591636,-0.0026321812603133806,-0.0008743934839342291,0.0046171780673093694,0.7288335401674627,0.17941610000463465,-0.6619788622433623,-0.0027428222507534204,0.18201813500478947,0.8846029552886908,0.4330240825863192,-0.0035334776514678156,0.6623318083961537,-0.43966571225023465,0.6093654242350419,0.872319314354139
882.71777,1.0,0.0030127200583327488,0.001436853425472024,-0.0028031173285028702,0.0041135975812586255,0.7235490070873155,0.1870365755773793,-0.6580321605446819,-0.0046136944872217575,0.18238487266762626,0.8858200653334085,0.4364400639772805,-0.0004089627453399549,0.659978708289923,-0.4418156800301991,0.6113480459580937,0.8789474892380922
883.10175,1.0,3.656594082883271e-05,0.0019085794862599783,0.000368485897948649,0.004196351359501101,0.7219685730171757,0.18305771228284357,-0.6553242573967296,-0.00018239247749212415,0.1797147463255399,0.8815536433406181,0.4329105226246597,0.0014440587093043301,0.6521093194803619,-0.4469654968016333,0.6124647887439499,0.8658267074578317
883.48566,1.0,-0.0019904911822985804,-0.001147966495721692,0.0017883036266309025,0.000491025511674392,0.7293679965034752,0.17649579395376733,-0.6624245923199777,0.005726164872793621,0.17872892464407292,0.8759988024341993,0.42908997764683443,-0.001509789701717456,0.6510025041216976,-0.4426731241723292,0.6108654328192988,0.8403962336237671
883.86945,1.0,-0.0012712635243929179,-0.0007312283967284441,0.002101616134599859,-0.0008799278574512965,0.7244935689647252,0.17161086115230761,-0.6599490213236696,0.005494250982917437,0.17154429763975165,0.8782802844320692,0.43106582535114546,-0.00584895197529327,0.6568746929565715,-0.4328749135716013,0.6120927550742531,0.8189594606998156
884.25311,1.0,-0.005180008930979951,-0.006889191468668481,-0.0006417791201976734,-0.0024987291872209517,0.7287509438590888,0.180970066808332,-0.6564220040386158,8.996228139585198e-05,0.17392516828254714,0.8767619270631525,0.43673272016663356,0.0002006447796983488,0.6529395522894467,-0.43506749984188775,0.6105758012262366,0.8027078657293445
884.63672,1.0,-0.005167445294115561,-0.004701108094030505,-0.0016124191275673618,-0.0015928280630940583,0.7287616031331504,0.1913565742941457,-0.6513017046331223,-0.005014704971764751,0.18644248288782211,0.8822705080052374,0.4326311348364629,-0.0005046540418612975,0.6558655166075202,-0.43535466813428425,0.6173845940053112,0.799507016914694
885.02014,1.0,-0.005232267602601108,-0.009352889763843108,0.0007589911151281711,-0.00039746030464226446,0.7337404290737883,0.1829191788200693,-0.6463923035922688,-0.006448413529994146,0.1892089607140782,0.8876167605990397,0.42730373564030055,0.00066603584985859,0.6528484921441104,-0.4342175393126822,0.6143150271272272,0.8091731920627692
885.4035,1.0,-0.0037107127910559895,-0.007016914471739234,0.0037003416369669737,-0.0025499023481020695,0.7326882775281904,0.18035898507836468,-0.6509523060067691,-0.0035553881121594346,0.18277702947106397,0.8866804521380567,0.4343513931566082,0.0027493747684623243,0.6520036233499836,-0.4378985761694335,0.6097444836668534,0.8279457597316349
885.7868,1.0,-0.0047969262603495474,-0.0044548245510032235,0.0022735505946167994,-0.0026808157397954294,0.7314908349983269,0.18054967111418477,-0.6624107296377848,-0.0012539243250671223,0.18060106199683837,0.8856864741588781,0.4329092442202697,0.002210693284620242,0.6528384815469602,-0.4428055953438533,0.6069360659788725,0.8504396594016066
886.16998,1.0,-0.002923043133797328,-0.0030505050602685235,-0.00028630978275706007,-0.002446431700319112,0.7286792338396997,0.18420385949528403,-0.6625977593472803,0.004290363499293285,0.17571330575824473,0.8858458164728911,0.42329758619940167,0.0034167069952930904,0.6520133464553488,-0.4423751708726105,0.6121290288666604,0.8658340100748543
886.55298,1.0,-0.005151123251422303,0.0005897379472637165,-0.0014426897149081952,-0.0038275477112378877,0.7385962344962133,0.18360972335882264,-0.6592057503493685,0.004377824719517819,0.17739266326993686,0.8827298019587283,0.4272605634687732,2.0610641649887466e-05,0.6525990581165141,-0.4439284160168746,0.6165657508789965,0.8634793730362119
886.93597,1.0,-0.005119703366557565,0.0029952367056727755,0.0008885705072188114,-0.0038285304370465952,0.7369041891583574,0.18726959861116477,-0.6605122591653186,0.0017772652105291216,0.17393178482301527,0.8825530194238889,0.42368932025295447,0.002443758665794423,0.6519540697719873,-0.44349801901165536,0.6094914176501918,0.848750863926911
887.31879,1.0,-0.009214835914710359,-0.0025840290659999462,-0.0026404048270187116,-0.0024023057460499423,0.7314057325179484,0.18986645552307974,-0.6512031761943307,-9.783820600312652e-05,0.17404521940562775,0.8800174345154351,0.42523848109110735,0.003914683327444886,0.6533266725351191,-0.43970798972257363,0.6111825903629199,0.8314942547827757
887.70154,1.0,-0.011080019106412235,-0.005713651816593017,-0.002974377914177935,-0.005091960063352348,0.7269701056462196,0.18471508844307097,-0.655564030484833,-0.003818123180694493,0.17444620811749778,0.8805873431313932,0.4277635167535277,0.0006239261324510685,0.6518634202147928,-0.4369358279133532,0.6029590787784462,0.8118921198742254
888.08417,1.0,-0.008792367047267761,-0.007735258285414778,-0.0027774649226779396,-0.0014485568885774895,0.7278117107149972,0.18622071998383022,-0.6575975087274759,-0.003715216600858055,0.1683444186102522,0.8835921066901684,0.4286244419544448,0.000737677712403973,0.6590088733705056,-0.4343676654089439,0.6038480194026129,0.7996100069144708
888.46674,1.0,-0.005129401013381809,-0.010685636103671521,-0.000633224879568715,-0.0013728799988905961,0.7238220859998522,0.18491413202771223,-0.6586848155707682,-0.005374249261369527,0.173963855111512,0.8870089648079961,0.4254783596611349,0.0011632827269904378,0.6569679557707365,-0.4287673566430984,0.610257413378841,0.7991862916413999
888.84912,1.0,-0.005624208136222734,-0.00834745943220328,0.0015298527744607735,-0.0022300627822537185,0.7340226528189447,0.18387105751273886,-0.6635295622467243,-0.00492510356235698,0.17802022054819538,0.8829827014417659,0.42449200077781873,0.003245582464748119,0.6557087796922377,-0.432531218721499,0.6076303476009743,0.8077228616696827
889.23145,1.0,-0.002745834027296374,-0.0032094446260972167,-0.000879555653827565,-0.0009587836110291144,0.7364842004636445,0.18539425720815264,-0.6593216716799474,-0.005593095711661602,0.17658616516296188,0.8835052162664194,0.43448195806850515,-0.0010840522710699428,0.6545164302728828,-0.4382990862741923,0.6076519927086704,0.8245415302373742
889.61371,1.0,-0.004868363593592776,-0.004702838993093712,-0.0035789114923705603,-0.0015130289577030952,0.743060246495325,0.18809764307131924,-0.6556920440332075,-0.005982576153893714,0.18109766064130506,0.8849037372780622,0.4454840287443408,0.0018904100030142981,0.6559289036985503,-0.4366115295349561,0.6193937158007354,0.8434347743453172
889.99579,1.0,-0.004954817174311349,0.0019721844469446264,-0.004153572884799631,0.0013287686598423192,0.7410914611130205,0.1866645536393655,-0.6554740434806975,-0.006382763834069172,0.18197194815933176,0.8848356519889801,0.4430468603382807,-0.0009277395476562181,0.6571726744288618,-0.43114101657731185,0.6132791441110479,0.8482014332722216
890.37781,1.0,-0.002563793849425706,0.002449771616383141,-0.0035277011503993673,0.0030126509864473474,0.7322997739461466,0.18489695574022727,-0.6509829584879833,-0.0024538185051915453,0.17581734527565457,0.8829786602978023,0.4372511089422431,-0.002314894133558025,0.6584204285355134,-0.43722122861927076,0.6152953357577406,0.8457544135547422
890.75977,1.0,-0.0026071900340622115,0.0012529722158416733,-0.0017080943745399115,-0.0005163304847924664,0.728104187211006,0.1878631533033889,-0.6513951540176782,-0.002215501850297873,0.17778768948465237,0.8807274816886186,0.4385315045501906,-0.005862612808688613,0.6586058997794471,-0.4409734029104959,0.6160875513714005,0.8392565974954436
891.14154,1.0,-0.006211347329818893,-0.0019814612348160636,-0.0023967602939932247,5.019126253499578e-05,0.7325441064121794,0.18439961425485102,-0.6519212084057445,-4.81747300977371e-05,0.18354556671427316,0.8838464665479387,0.44128256319732784,-0.0020739759775225213,0.6615020719747069,-0.43989928288302005,0.6151523502379285,0.8278353321037847
891.52325,1.0,-0.002772143043124671,-0.0006414702664623927,0.000307650770526602,0.003387614258982039,0.7391408482240776,0.18337982636252925,-0.652977617026776,0.0012679098388182247,0.17984677516541608,0.8848922912402917,0.4452957684301478,0.0015196657639597914,0.6504231115419491,-0.4436240720396403,0.6096123455918386,0.8092081985598258
891.90485,1.0,-0.002875079947506613,-0.0010831633407972928,0.0024381436704920905,0.004343765802420564,0.7303746332491639,0.18517977210341854,-0.6590310253332156,0.0005795958310564521,0.1799532303228057,0.8863089827863854,0.4412204344726563,0.006575440581313937,0.646771951244008,-0.4389791428390977,0.6095341631474053,0.7958887442789158
892.28632,1.0,0.003080052135513981,-0.0018650358387070605,0.0008243853770979489,0.004887959597189815,0.7227481029861108,0.18932269166263982,-0.649224287943775,0.001093272909763941,0.1706254707142079,0.8915826542374873,0.43778426120162445,0.009517409699870286,0.6481415733694036,-0.4325297668272948,0.6097084057281335,0.7927799086024649
892.66772,1.0,0.0004144207612379924,0.002293393236643446,-0.0038325810979995415,-0.0016421617322551136,0.7293015840131528,0.18945376358585653,-0.6387344299751797,0.0014417228516742633,0.1713634023533626,0.8820987198499709,0.438328173510869,0.002969763921361812,0.6553891178415662,-0.4356274149251762,0.6194528778428898,0.7985293127839886
893.04901,1.0,-0.002607002438775054,0.0018087159150519518,-0.0013066438643874378,0.002708686602735559,0.7336988939481117,0.1848914967030145,-0.6436963722426271,-0.0003110146963059425,0.17674252042933727,0.8771851656964904,0.4434088891889958,-0.00205320794638183,0.6530716644700375,-0.4361427014145463,0.6202129346413405,0.8187608705712909
893.43018,1.0,0.0021912148586573903,0.004213002554550035,0.0005840734665716423,0.0017951463524874538,0.7404434761245103,0.17706996213158843,-0.6471179907715674,0.003587596693846942,0.16881690604733837,0.8808344331738827,0.43696397803402426,-0.0023265691107209325,0.6558751851374635,-0.43174792012220525,0.6160165723101889,0.8375414641049269
893.81128,1.0,0.0031388673146442083,0.00497542699361117,-0.004975514489523692,0.005661385661058344,0.740399832941513,0.1810146220590088,-0.6473415994358405,0.0033799408516893737,0.16507489644041212,0.8901672447429172,0.4370681556200895,-0.003858629138379726,0.6524535377865125,-0.4316896614965003,0.6224109684173149,0.85198443303526
894.19226,1.0,-0.0011144522724547202,0.005465482863110639,0.0037439496736543735,0.0063088275569709185,0.7425883601220501,0.17901681439033967,-0.6465424916255682,0.005249174893145028,0.16840141216489476,0.8923837027493268,0.4354877291493148,-0.0026354748924752964,0.6552338773130669,-0.4353984056083658,0.6185106388330254,0.858194966487166
894.57312,1.0,-0.001282784293373223,0.00685206851065266,0.004111900098653872,0.004560399856934372,0.7392130194446275,0.18406610499913573,-0.6503001494906329,0.0046796420456170305,0.17023692694373152,0.889922328767305,0.43396317231065656,0.0009173390956960572,0.6562924390569717,-0.43472998943731556,0.6039803662731342,0.8522544499340988
894.95386,1.0,0.0001732896512884915,-0.0018979371680398942,0.002120506133078908,0.002619596997179816,0.7362206240847063,0.18723975490539627,-0.6523959029932291,0.0031607739761423566,0.16900806520370323,0.8864191664293994,0.4434791009410739,0.0023426251642857773,0.6462241663675539,-0.43867711804353865,0.6112612120002966,0.8365850247575591
895.33453,1.0,0.001448050148702883,0.0021664028352303007,-0.00015584935682043768,0.0019732031645060674,0.7320837049152601,0.19001953925730536,-0.6532265117311716,0.004018359540367944,0.1680742343316553,0.8868076922566346,0.4415640011283279,0.006458285068092619,0.6412764548727453,-0.4322166987804272,0.6202509194304586,0.8211593735698227
895.71509,1.0,0.0019303977780348353,0.005033011238872129,0.000882352515985326,0.006966650119086725,0.7307596708154965,0.18760567912313805,-0.6390193520245341,0.003523435286890535,0.17111694430685187,0.8843940512735488,0.43497787498209434,0.006942481737134788,0.6410267762644176,-0.4344871998841361,0.620689170982385,0.8047421810933608
896.09552,1.0,0.0032723249848484073,0.0028687120223802993,0.0013657800052624758,0.007469530791377359,0.7291177289567505,0.18375496776646108,-0.632754107290313,0.003041960850531975,0.17027981880719917,0.8812407186729813,0.42370393920507465,0.005647132026696998,0.6406058173804031,-0.43106956215937386,0.6235715486500695,0.7990822048297149
896.47589,1.0,0.0040607317405975535,0.004458391592553492,8.545753887586341e-05,0.0071613633916744615,0.7321013163796988,0.18981262556629186,-0.6294302541300495,0.005884911477267116,0.16591063313698687,0.8829135272103048,0.4212588550229178,-0.0015997073602696794,0.6330523137726849,-0.42147520559964036,0.6189610522366641,0.804834402929537
896.85614,1.0,0.0032807742598665746,0.008492679643031102,-0.0007060067423991025,0.0031163999844453357,0.7446512622271811,0.1845042515164317,-0.6323497735954557,0.007322528749022958,0.1732150165455532,0.8805283282620834,0.4307278641562186,-0.0008917461324428418,0.6363931406751241,-0.4268800056910723,0.6203121862883556,0.8200037826026437
897.23627,1.0,-0.001268929872611124,0.009601301069634161,-0.0014469942381378628,-0.0005237845023887809,0.7522234780584987,0.181962249558858,-0.643823309209306,0.004543808257517738,0.17030334587682316,0.8736075415306812,0.4264303825024443,-0.0007251932097825094,0.639640835928169,-0.42949371823676474,0.6198845289345055,0.8368913693191826
897.61627,1.0,0.0005054223354919664,0.011421306439782035,0.00024789677088313006,0.0010101752833279905,0.745044873776589,0.1816246301544764,-0.6476135047042861,0.0015883715578194995,0.16846775974379796,0.8819353217005189,0.4307724958999118,0.0016702810457871898,0.6422234906408062,-0.43373534792217194,0.6259574856498328,0.8508535888637964
897.99622,1.0,0.002938376134136121,0.008133347396248167,0.0014538897954230645,1.5636041138201438e-05,0.7412777699609503,0.1929582504643855,-0.6556852589215939,-0.00021556565567033774,0.16361124272903255,0.8813002842323462,0.4337122605151078,0.0014599942160024929,0.6363901438298035,-0.4315648928746896,0.631589749443632,0.8609730016508633
898.37604,1.0,-0.0035751711581421307,0.0021402052111166923,-0.000373368244293068,0.0007174734216207382,0.7416884336506413,0.1985173190941725,-0.636764148053405,0.0037740563080444407,0.16701824227257717,0.8843194000454152,0.43207254048824356,0.0032775974233193116,0.6369476723391596,-0.4202943562537427,0.6251910433865316,0.8600555375721498
898.7558,1.0,-0.0030097758060566118,0.0022025077325734527,0.0012329688189577713,-0.0037433602933562467,0.7402954986632392,0.19184036719319733,-0.6331828301074826,0.005558780563055542,0.16543437354621315,0.8870350599333311,0.4296492659502615,0.00329495282625495,0.6368801098791108,-0.42722743729587037,0.6299563481478679,0.8457349251049945
899.13538,1.0,-4.2255974004865586e-05,0.0025386603107516266,0.003952054636404812,-0.002539357960953105,0.7391510885249007,0.18941654680506495,-0.6288253056014173,0.0070371538785606565,0.16586457653785522,0.8816416969238484,0.4258689725002745,0.0034509520949746876,0.629830650489109,-0.41675739801555006,0.6310287984918866,0.8305892890728004
899.51489,1.0,0.0027739887108447813,0.0014072274721300777,0.0021442369313680867,0.003261352840569071,0.7370747877579439,0.1876501789718805,-0.6218138317929712,0.002447072639967905,0.1707678878999648,0.8835352119180723,0.41444778249975744,0.0031258757490697908,0.6142083132104863,-0.41670104111609624,0.6338365087111082,0.8192997318038496
899.89429,1.0,0.001752877432830865,-0.0063062390374662766,-0.001096570709389871,0.008818956984761137,0.7285200681667175,0.1862372365531606,-0.6195409705734689,1.5910261773162837e-05,0.17842094085105722,0.8849446324727926,0.417921981566568,0.005855218430908868,0.6212460550124758,-0.42129062231864667,0.6383633621975373,0.8119879295738882
900.27362,1.0,-0.0033822985655107326,-0.003937765525442209,-0.0023201758949508663,0.00741890429088397,0.736440034269863,0.18242432698648955,-0.6223359741453645,-0.0009679522502671489,0.17542816597746905,0.8893619230329266,0.4204118727595933,0.00031774431306215564,0.6278623149823497,-0.4192563999544035,0.6210356510807555,0.815108389328849
900.65283,1.0,-0.002924180885949887,-0.0016932107406323203,-0.0051430017321791015,0.006149240817265472,0.7438626482541159,0.18673127650768004,-0.6303811866198604,0.0035973066432595123,0.1674342192407765,0.8892073090892705,0.42144014413056896,-0.005387510607973624,0.631684583608978,-0.4176278180301736,0.6115707333903534,0.8257520259718684
901.03192,1.0,-0.004417286375254066,0.0019499243864368949,-0.00042958018000213824,0.005019159275121104,0.7349777042398382,0.18534661904377556,-0.6351049333887406,0.004233717495871128,0.1635268492099982,0.8877464978222384,0.4252764018110604,0.0011199128970794025,0.631315134174014,-0.4207914036829917,0.6173508916173096,0.8378922871398692
901.41089,1.0,-0.0034982759888850337,0.0028665616548696573,-0.0004625392662716629,0.0024154798662949207,0.7339429556781077,0.18620017468803915,-0.6361428100326539,0.004057486504717847,0.15613241230712527,0.8846927637710195,0.42920606194359445,0.006474977462259298,0.6295906229051973,-0.422967116316287,0.6217320786249485,0.8496377576490639
901.78979,1.0,-0.005030575010318242,0.0023834830896228517,-0.00030450910914029745,0.0008412862534286797,0.7427948414280573,0.17860845243732615,-0.6327356891571237,0.0010608607334336786,0.1569044092455624,0.8776714572004076,0.4244548110270475,0.005510308603712472,0.6370418075826622,-0.41946110389729974,0.6185802598143684,0.8587446663221279
902.16858,1.0,0.0008922758915801584,2.261753155816115e-05,0.00080898794737946,0.002856056765568753,0.7439197745077513,0.18217963436338006,-0.6305153350319356,0.0061789494294316565,0.16035025386580887,0.8804959377583405,0.43020532280389906,0.004391472324336678,0.6418934519367584,-0.42508580495573844,0.6285421133262955,0.854855018012564
902.54724,1.0,0.0007973624523924168,0.0008173123944946271,0.0024499105732444745,0.0034675247470761917,0.7454860370996892,0.18968957184317153,-0.6311640682537578,0.0036593890183058077,0.16604270183833333,0.886125705974101,0.43091685975693145,0.0007518801949245247,0.6413219471664232,-0.42212137205537786,0.6300329529554585,0.8418474602633468
902.92584,1.0,-0.0015891275423910553,-0.002774481633433637,-7.894959220237882e-05,0.0014015267733118056,0.7496200485581519,0.19342122779655993,-0.6401224502552268,0.0002596800527809248,0.16803867047172727,0.8802676052942081,0.437697379309076,0.0003451698971954457,0.6326356738231331,-0.4186371320228631,0.626657023527618,0.8221625750098775
903.30432,1.0,-0.002969065413464024,-0.003380337580936524,-0.00313073050640374,0.0020750439953026185,0.740021465523179,0.19140358704146856,-0.6235928730147007,0.0002824257479235292,0.15892471436177996,0.8853502274648346,0.4310174859792349,-0.0032580103435705062,0.6282299864859244,-0.4171449776359777,0.6217883460590643,0.8019110149181972
903.68268,1.0,0.0006744735280863342,0.0022198197338893035,-0.0004416667754220655,0.00043868795700582956,0.7466302280124812,0.19216594376091944,-0.6149767810535206,0.00011591854907769566,0.1539415782185106,0.8868208126810904,0.43204619016972673,-0.002290786802113065,0.6292192963047643,-0.41574240897266124,0.6143473646970496,0.7827090559223325
904.06097,1.0,0.0025100275076171403,0.0025279152035225503,0.00226539326404738,0.004025914619796991,0.7507523028434037,0.19491886873522,-0.6291745659367485,0.002472391836720902,0.15371842099739058,0.8867085941765723,0.4330981807114963,5.85428268704546e-05,0.6281960727829129,-0.4240915684436581,0.624698437460226,0.7742096843353579
904.43909,1.0,0.005239868969508181,0.004451839510237438,-0.005523762216975743,0.003174009741925445,0.7452015276833363,0.1871457984118532,-0.6325713321568113,-0.0009433364956651881,0.1546116392371634,0.8851152435132051,0.43406764641713413,0.001197923717723816,0.6354161006042277,-0.4196344463336796,0.6152587736692523,0.7847644129480775
904.81714,1.0,-0.0025020744609113004,0.0015006210608144565,-0.0010914394547154155,-0.0005679409621105969,0.7531971544497438,0.18891003478958526,-0.6360923641724487,0.0010007881394950631,0.15589813871644076,0.8869319153540461,0.428966965595025,0.004290257510812908,0.6368922660600884,-0.42195611478765643,0.6136076025574341,0.8067072423121585
905.19513,1.0,-0.003557424396989627,-0.001892185008529835,-0.0016210791809918297,-0.0023189206988817133,0.7532027575207026,0.1959586381215665,-0.6361302181721172,-0.0026249116495051447,0.158861269186216,0.8827382290128092,0.4273763672316757,0.0010352361562715766,0.6409866791153352,-0.42870583584184363,0.6235991115581665,0.8312774976019253
905.57294,1.0,-0.0014636873547597344,-0.0013039069878254986,-0.0010509798772662502,0.0033494154164947893,0.7462700585066464,0.19019841076057037,-0.6342035983461161,-0.0014072722709186586,0.1626771958372613,0.8772860694001818,0.4316802024711264,0.00021375705403178563,0.6437974582476622,-0.42367596789855244,0.6214767790629812,0.851737388192355
905.95068,1.0,-0.003490279397215188,0.0007553529382858112,-0.0023303744597893998,0.0017422360284485839,0.7442571654064136,0.19220472224935206,-0.6263232126897496,0.0025908754939138003,0.16639752273711833,0.8797780600239169,0.43026918098865485,0.0005990039769576555,0.6450731665177886,-0.4291910063635804,0.6192186036037673,0.8583872355246353
906.32837,1.0,0.0026176998658089174,0.004510086885500575,-0.009598762476035836,0.001839003528579016,0.7466514747544039,0.19713767017881892,-0.6250998738534289,0.004990996096193006,0.16499006279809497,0.8894300433585494,0.43278359793829435,0.0025286233547671946,0.6500709981187351,-0.4311391102738227,0.6322959367667866,0.849399696612261
906.70587,1.0,0.0005485862884708688,0.0003834233950938022,-0.009885942126589381,-0.0023073670297276846,0.7466387010071525,0.19805007132005018,-0.624047553990544,0.006864521344933037,0.15403690164093076,0.8936436581764164,0.43217913587456924,0.0043329403036869475,0.6473826999702431,-0.4299087914624182,0.6366904313765236,0.8321498365724658
907.08331,1.0,-0.001363762869707895,0.0002270949235554541,-0.010008697667170732,-0.0043850473788963895,0.7396716777188944,0.19617090292912867,-0.634001425954923,0.009310751800134687,0.15466971270702057,0.8851826757838035,0.4375964107210278,-0.00019095906036543892,0.6475172615141308,-0.4259385984203012,0.6336256476487127,0.811704497988075
907.46063,1.0,-0.006229797760432105,0.0008740806910593846,-0.0056615282617280185,-0.0038132073097773204,0.7477738960653474,0.19155730073299027,-0.6387560151373178,0.012642469751113999,0.1502600855633114,0.8882822926734398,0.4373196092828995,0.00043793578364871143,0.6476849127457015,-0.4309163102525202,0.6371192309357557,0.7898389527502355
907.83783,1.0,-0.007360487718160679,0.0031201983373764135,-0.001956644669355431,-0.0002381410007946626,0.7544251735065765,0.19728712376413612,-0.6327750150049485,0.01170140392924386,0.15234677285420106,0.9011735522174077,0.4323907365123965,0.0005809455302849735,0.6422280291702654,-0.4316440494584012,0.6285398209369432,0.781193361139144
908.21497,1.0,-0.0046556688024013805,0.005681890889390067,-0.0031197066999541522,0.007355867813519573,0.7436274396954751,0.19207994580603902,-0.6272725380934576,0.004194484735839662,0.1662931862712989,0.8911746690955952,0.43015881294638775,-0.0032945636663646275,0.6499102266017995,-0.43022796955840154,0.6242898825660189,0.7828790359542412
908.59198,1.0,-0.0021301021452814796,0.001964812649360192,0.0011016485390757309,0.004173744693166231,0.7387713758953012,0.1897958346984919,-0.6321392858204062,-0.0003115045599456534,0.15960671017938857,0.897222579208559,0.43533093931570943,0.0015709924064837603,0.637584080277478,-0.43042820019837325,0.6272655720157293,0.7979064382483417
908.96887,1.0,-0.0009079229161481587,0.0006399395697456788,0.0004974585232805192,0.00477017713342415,0.7415219127724001,0.19835219228305825,-0.6413637363930776,-0.0005384652759487295,0.1544548708974406,0.9019664489344805,0.4411540572652268,0.00338173313497223,0.6408854058798031,-0.43271156198870053,0.6292527257810974,0.8215808428254987
909.3457,1.0,0.0011714139771016045,-0.0012498737020496754,0.0016911665869917037,0.0023284361737064448,0.7568120129770468,0.19446817305377054,-0.6399745767555299,0.003306186794753891,0.14398037810613484,0.9030037955707024,0.43535889598802663,0.0014522929479886498,0.6488459863495714,-0.42868187266711527,0.6459757814823369,0.840512470621282
909.72241,1.0,0.004807604024204945,0.0037952935836967783,-0.000967551160837187,-0.004831426626218395,0.7646766204728704,0.19816579630943307,-0.6341809831755462,0.005469929269945505,0.1444144302755412,0.8956850134488975,0.43771252168868646,0.007600149716262708,0.647571326574386,-0.42697245470453316,0.6578621534478521,0.8480902978727404
910.099,1.0,0.004659606705080176,0.0016825921001016768,-0.0015004837614153632,-0.003808038723044333,0.7666200658768298,0.20162961220867354,-0.6417515862862905,-0.0022518740073274204,0.1532774577467481,0.8944575896637195,0.4329096103331409,0.005180781835070756,0.6553303564787142,-0.41863421671849843,0.6384118287419931,0.8437597051198125
910.47552,1.0,-0.000541516191467388,0.0036578840421747786,-0.0005182776501867473,-0.0033975064186914316,0.7619803918414332,0.18398386379578838,-0.6265964675123589,-0.0036561851256787974,0.15848376010529508,0.885728632938811,0.434019509160466,-0.0027990434507966506,0.6638813345806152,-0.4215684033798449,0.637759255545718,0.8392954190299936
910.85187,1.0,-0.001981455944907935,-0.004339900847988545,-0.0019742986770375135,0.0037520788545859097,0.75479853607292,0.18805507975379493,-0.6342600866730046,0.0003387922119493444,0.15444206646120004,0.8793428727042454,0.43149054421563005,-0.00255728021859318,0.6556774237811486,-0.4238267981250198,0.6388494732542855,0.8277022122144173
911.22815,1.0,-0.008116434928797772,-0.004575447284022827,-0.002523064702175874,0.0015024302066919905,0.7480365018562813,0.1816639641998941,-0.6297136575720447,-0.003507850070283739,0.15820176275152073,0.8884152358037598,0.4281191547228233,0.0021496597503684353,0.6484518979481645,-0.42176839986528863,0.6377056355151067,0.8141219043223258
911.60437,1.0,-0.004812971633656162,-0.003488347763170279,0.0034508153397167195,-0.0059706820285945345,0.7485735277161485,0.19228003228981574,-0.6363151663471165,-0.0029283099762174264,0.15569481562010487,0.8818808520251998,0.4312247610678213,0.0026468030376417023,0.6524421458124986,-0.42402304331057883,0.6361864780467388,0.8042626815295529
911.98041,1.0,-0.004466799227503696,-0.0006058098011232299,0.0076514944249632955,-0.003938816805373345,0.7537449882278402,0.1861419740659702,-0.6426602617690578,0.00078890466459247,0.14915310793198527,0.8797750473061255,0.4341618269567833,0.008345542208235997,0.6498020000794664,-0.4297431847506481,0.6332748390485086,0.7997879769146022
912.35638,1.0,-0.004721968782541585,0.0026810845921651856,0.0066682952790594295,-0.0012029938132083853,0.7586816822508146,0.1938280083234116,-0.6375874908067732,-0.0037395707768743706,0.15359531915106417,0.8922846054770563,0.4381009460847472,0.0003268197955233766,0.6447336603143966,-0.4311900166669029,0.628906112571995,0.8049116254858083
912.73224,1.0,-0.003204339858153256,-0.0014980373762652197,0.005258213793839884,-0.0023244967235773704,0.7531962009166577,0.2003129950193255,-0.6302216033496246,-0.002401150326032316,0.1485978905002713,0.895944208901183,0.4292980939282474,0.002171619838696394,0.6480166057055542,-0.4301146072063971,0.6345899753731006,0.8180280732963091
913.10803,1.0,-0.0035196596833291407,-0.00104896794583648,0.005933015414039973,0.002118692117518607,0.7473736632508321,0.1999579368743235,-0.6331338187106139,-0.004687876129775507,0.1530269016707856,0.8931075221810562,0.43086057807784567,0.0028948145247092495,0.6532674229094189,-0.4235642187547211,0.637244020223347,0.8344467629346756
913.4837,1.0,-0.0016284272614216797,-0.00043352404423786854,0.003554563713382036,0.001844403084569856,0.7474740143186763,0.1952059884747053,-0.6362375996898466,-0.0044948901875221095,0.14404897785728205,0.9039659248638078,0.4295229609280756,0.0042556932190536256,0.6495315607795791,-0.4227221136292061,0.6384479387508613,0.848534964773501
913.85925,1.0,0.00014372345480353655,-0.0006693444051893862,0.004725230410233203,0.0005949422635366816,0.7550333581886182,0.2013420852739731,-0.6397834341818881,0.0030251274016507316,0.1412631155487943,0.9013487427727099,0.4388382864355412,0.0036030659298059427,0.6534728662733128,-0.42318956972783855,0.6501874631245689,0.8521200671338715
914.23468,1.0,-0.0008256229161370436,-0.0011044185851843355,0.006979660913545698,-0.0007209016685608883,0.7572896874581834,0.1949151746180613,-0.6305564021811586,-0.00046390045888593115,0.14159232705153021,0.8871283848999273,0.43607309218626966,0.006304812744037894,0.6481474295873535,-0.425767005203597,0.650667107372237,0.850233904436527
914.61005,1.0,-0.005968180559162609,-0.0005789530616962191,-0.0008605164816211564,-0.003494430804906481,0.7586678223160521,0.1961584651571444,-0.6272685647475992,-0.0063484994941248795,0.14755641373787215,0.8821775243735541,0.4327481258699016,-0.00023261612129055887,0.641592904263737,-0.4320419442319353,0.6470225457778295,0.8430922570042777
914.98529,1.0,-0.002461608578161704,-0.004490504275449557,-0.0023798358596152825,-0.008164386592188615,0.7609348951521222,0.19330606143617168,-0.6299454094098734,-0.006964896738486261,0.15323547450543393,0.8858467170585708,0.42010454798416275,-8.506623779962106e-05,0.636964687879325,-0.4201127948853217,0.6443561520474315,0.8274560424681842
915.36041,1.0,-0.0072623443092127505,-0.005973548098904129,-0.0024976973716624535,-0.010323846961386789,0.7575114309185121,0.19363048376621236,-0.6261717611203393,-0.003474026452177067,0.15930900351472016,0.8913633060202205,0.4228691031655155,-0.0008539133256530975,0.6381253905534954,-0.40916089132471334,0.6421995490797796,0.8055593016023704
915.73547,1.0,-0.0029782063018518657,-0.00829025471846506,0.0009468400770661819,-0.005138390412278838,0.7457759629137654,0.2101390704765208,-0.6310348306683424,-0.009751570401788128,0.16430117762523416,0.893663364635882,0.4213620292533061,-0.0011274914170553985,0.6394461224029063,-0.4114039561276192,0.6435966068441639,0.7869280413654541
916.11041,1.0,-0.000628186545787453,-0.006522400848136103,0.000440538392764301,-0.0015508441534425326,0.7494418118765085,0.200351591529101,-0.6318036628360997,-0.010330768621173212,0.16117650580020132,0.8937225448334024,0.4228998485737277,-0.000496632018627129,0.6419120228736251,-0.4097291981129246,0.629477638410082,0.7817539396285553
916.48523,1.0,-0.0031089376600398648,-0.006740248329841081,-0.002181342145704196,0.0029118373757457583,0.7529956684106199,0.19253474097614215,-0.6258203332009352,-0.008545607452463385,0.15368774782030234,0.8887882016309837,0.43190215058442827,-0.00046781813773652184,0.6441858496798989,-0.41322776929180377,0.6229998739124063,0.7865942379931045
916.85992,1.0,-0.0026268701748629105,-0.004252973927142819,-0.0063706613337880065,-0.00048161912342902164,0.7480695949160642,0.2003913359226533,-0.6343169025852885,-0.003562741532965025,0.15240128719250923,0.8949013228424374,0.430634679917442,0.00025593306618460014,0.6405700331978822,-0.4261238554419055,0.6351737614166248,0.8000433556027012
917.23456,1.0,-0.002779274702535517,-0.001083083361521311,-0.009507230187119999,0.00032828089086849266,0.7501589056304052,0.19703149721563343,-0.6248556205161344,-0.0016451485446230983,0.1499871858507019,0.9036882950343706,0.43558428067826926,0.0037771877711571477,0.6322710330478428,-0.41925898396092964,0.637434245547412,0.8203542593332069
917.60907,1.0,-0.005395726517706156,-0.006566485357094013,-0.005749574644369822,0.0019617332762634546,0.7475442125293122,0.19500224507130892,-0.6333127524024103,-0.005263963413662759,0.14894244044951804,0.8910476828516342,0.44813465952754394,-0.0002601182877610575,0.643062346215705,-0.41480369298421216,0.6433930527906332,0.8393839692586117
917.98352,1.0,-0.0029267498297823723,-0.005208353216848084,-0.0034522231545651865,-0.0009429627267327071,0.747335920629654,0.1888205334737427,-0.641029629459487,-0.006432792731595243,0.1534134335410111,0.887408705369894,0.4416427324039565,-0.0006367454978212604,0.6543774926164431,-0.4184477945590829,0.6416454721936871,0.8514882531203936
918.35779,1.0,0.0024476282779109554,-0.003812910098406565,0.0044232376325529085,-0.001864419904621829,0.7529239887696348,0.20228015992261167,-0.6394368923467235,0.0006585152965200922,0.15318241946374084,0.8878698655003243,0.4364241314024066,-0.00225782347696588,0.6590444724060507,-0.41375245236037067,0.638266253732122,0.8487930828876303
918.73199,1.0,-0.0005471868775503737,0.0027471456333666424,-6.326991638779863e-05,-0.0017142500199130006,0.7596332870689241,0.20107753653065483,-0.628961721678948,0.0029818832872419133,0.14485287835916652,0.8936388351936086,0.43947554715550985,-0.0009353663619471771,0.6426038978693892,-0.409771143388387,0.6407380511815097,0.8345704311571336
919.10608,1.0,-0.0006132542229054693,-0.004552673711602888,0.0018629352144199436,-0.0062064147279028035,0.7665888555406399,0.19900967367859004,-0.6264285906120889,0.0028603341586606107,0.14177181664082264,0.9044780104946888,0.43421620767967967,0.0031598965464953574,0.6323203470091675,-0.4040953827262918,0.6327199356219098,0.8155405427261295
919.4801,1.0,0.004602864079965032,0.0002193602289134429,0.003473770010026788,0.0009648548710925915,0.7619906011756208,0.1943557157591612,-0.6335082441941715,0.010108764018890088,0.13917991065438592,0.8922066551574719,0.42114935642486634,-0.0011924933227892638,0.6422675816410237,-0.4127777505678558,0.6296751256204636,0.7974471480094597
919.854,1.0,0.0017434518688686648,-9.281360584205223e-05,-0.00046676770891083914,-0.0005803669176801525,0.7613636593749975,0.19205490036931694,-0.6240017644503822,0.006503219671228222,0.1530311326229986,0.8877126113829934,0.4245124723054936,0.0017997858693885817,0.6306786869635816,-0.41570579210861874,0.6428511173805871,0.7842712074284769
920.22778,1.0,0.0032145420183204115,0.0007208164089103972,-0.0037898176300507863,-0.0014660675648123316,0.7608832861055455,0.19472421980619561,-0.6261883069832924,0.006076907562293786,0.1513586053356515,0.890474304370034,0.43494776442981614,0.005041545615262472,0.6345768481244414,-0.41537736367319883,0.64919187331282,0.7793867028294051
920.60144,1.0,-0.00020263455326225243,0.005536285397195303,-0.0003930243061495284,-0.0005592683708524423,0.7521443096310836,0.1919279655714796,-0.6370394189318603,0.010710428821181825,0.14490558469036363,0.8877671660678194,0.43788508221738914,0.004373617532923112,0.6458123879864504,-0.41167425773019667,0.6427723434407479,0.7900533956805297
920.97504,1.0,-0.002004837623585873,0.007705827877661305,-0.0030048287940332035,-0.00628220474370016,0.7525351589854743,0.19940908671085367,-0.6343640948673767,0.012241444392202499,0.14316413578040765,0.8737803099964196,0.4391297819324742,-0.0033482038104904618,0.646223362871804,-0.41076234119342586,0.6407354829135172,0.8081280845268073
921.34851,1.0,0.0005549805558376722,0.0032724902048424575,-0.0035355679071249852,-1.0380728910082853e-05,0.7568809780854543,0.19525670271553822,-0.6375414984195437,0.006403332318399791,0.139381881335672,0.8816559246955433,0.43651855695048186,-0.0012984264998059849,0.6471005466002391,-0.40829776434369613,0.6427062249812969,0.825312916836681
921.72186,1.0,0.0020249167704142596,-0.004214760225208547,-0.003266422041438859,-0.0024102007214918232,0.7500402260904362,0.19279862548688487,-0.6430946200162235,-0.0037996154301826257,0.14476148472823655,0.8963475491528795,0.43611885202549,0.005606818777711331,0.6359533340631004,-0.40444821136236186,0.6439524047384175,0.8440491036322608
922.09515,1.0,0.000594095575716743,-0.0020054760731517754,0.0006264336347884467,-0.001705722293581284,0.7515263827260356,0.19699340190454917,-0.6420164731172395,-0.001496316343654742,0.14601562727199682,0.898534086094333,0.42982592679054277,0.0032289004106860995,0.633323993830106,-0.4121494755908616,0.6395819743161778,0.857260331248468
922.46832,1.0,0.001491958571003477,0.005207573285628639,0.0013239610283655918,0.0008911508060524995,0.7538135044061967,0.1969400934007384,-0.6452748359906447,-0.0013236501848637493,0.14854992193702093,0.898024768384995,0.4372285805478435,0.0019790465080249797,0.6532085486184295,-0.4172825522540297,0.6372478970239855,0.8515464332233214
922.84137,1.0,0.006060584088482801,0.005368836649145075,0.0013413074059879639,0.0034572566881140407,0.7537714064791495,0.19169546262648252,-0.6375552868313581,0.0006781065521608155,0.14833295098938742,0.8993015919544003,0.43359161544884484,0.003447198732354641,0.6539848584575741,-0.42523309931878284,0.6460146515777798,0.8324272772016643
923.21429,1.0,0.0049347765518184105,0.003963514311481485,0.004792445443299748,0.001982031362747857,0.7551538955464387,0.1840722350403559,-0.6317004020579038,0.0026327972483057016,0.14713314506706868,0.8877181608825322,0.42849952991748075,-0.0027863346056066266,0.6504636139999135,-0.4161480972333338,0.6374549733094491,0.8150110227631114
923.58716,1.0,0.005059637811621765,-5.518974046656745e-05,-0.00332337489422078,0.0023180568874310316,0.7525062847717283,0.18959887575154247,-0.6212671239792547,-2.6103847513881595e-05,0.14286593403652,0.8933895743178015,0.4275136625630882,-0.002436521218275166,0.6472282947462032,-0.4134944973217575,0.6457926418358375,0.7974223494777811
923.9599,1.0,0.00741989381766067,-0.0005185127801816623,-0.0033855413950602373,0.007842370508262121,0.7552863695832406,0.18651087588648865,-0.6235772224788992,-0.0034852609239749395,0.1463314009934007,0.9053670449254372,0.4367952766193377,-0.00407621808053745,0.6546456405018867,-0.41719542258802106,0.6535333022642421,0.7857791592524134
924.33252,1.0,0.010135661194305944,0.0020733384657393448,0.0016985396421637282,0.005838513309215904,0.7551564554027812,0.19649541714041477,-0.6341772920198125,0.00027882850375873276,0.13658418976761671,0.9105482771171749,0.42352351604027844,0.0019448837905028263,0.6487399709148741,-0.4178528167083854,0.6380009790301153,0.7809425394576451
924.70508,1.0,0.008166300946432595,0.01061729559048892,0.0024146608529341607,0.007996369682788862,0.7595124208186316,0.18725885251043545,-0.6389634569628817,0.00607535301774804,0.1365890965908534,0.9088806430555986,0.4322174309437389,0.0014326160418988531,0.649764525036178,-0.4087096164438452,0.6276090212421926,0.7809378319385888
925.07751,1.0,0.0021625199113436363,0.006068270959403494,-0.001033392581885141,0.008352240096442724,0.7543240786565941,0.19875103814597364,-0.6353816203951734,0.00828847680552128,0.13150502997974203,0.8995496619304231,0.4227180247483343,-0.0011065222098884128,0.6504733213361011,-0.4092117644519862,0.627635019952607,0.7955872893063721
925.44983,1.0,-0.0007372281178722169,0.002111693919368825,-0.00330513317140533,0.003736984815924833,0.7540403268849556,0.20437026905484418,-0.633312371538118,0.00309804356824074,0.14008180966891023,0.892792458984153,0.42567030994830096,0.002813589500682095,0.6477079232556301,-0.41452893089080506,0.636707089737902,0.819322364774187
925.82202,1.0,0.006055232549879663,0.0017250101289675768,-0.003114232588864759,0.002495369314285428,0.7578188980349351,0.1989653307474476,-0.6316853742406716,0.001251612345459803,0.15111628996405063,0.8961008333174906,0.4226491879965242,-0.0018015990310984939,0.6460518810820217,-0.4127898788755488,0.6561705565682563,0.8398654903274301
926.19415,1.0,0.002609516736849528,0.0015489771014687045,-0.0023094615813050554,0.0028028429781094604,0.7542029036035454,0.20044051342010094,-0.6222761984242139,-0.001062418956808893,0.1471128114776416,0.8987620307463214,0.43183169557518397,0.0016386445612900707,0.6593490358668782,-0.410516184719354,0.6544159911657279,0.8459089294329772
926.56616,1.0,0.002766113116345085,-0.0009991203064163689,0.0033449052189101908,0.004714026806170228,0.7595051980432687,0.20127957822407921,-0.6308679844226007,0.0023196095767526507,0.1410136178718843,0.8883071431544729,0.4375369114361561,0.0020684630072189776,0.6580689182567792,-0.4092677588141944,0.6496962400461691,0.8393294460338778
926.93811,1.0,0.004850083188592717,0.0035031100402706243,-0.002014844829972301,-0.004039726244935326,0.772638839911061,0.20260814534266225,-0.6461095731895676,0.0016094378814533305,0.1368887969671583,0.8959071590084876,0.42857379073826174,0.0006142658264035902,0.6475675386603081,-0.42366888119856266,0.6446282271522839,0.8280871472767803
927.30988,1.0,0.002239063204259849,0.0023373049776225507,-0.009548175512219498,0.004009160403452649,0.7632093100389682,0.19772852997507825,-0.637365301965916,0.0007975625736484765,0.1343504027285617,0.9123983027035684,0.44010939604519683,0.003247253201245308,0.6586579740992767,-0.41398119521279825,0.6400506020660343,0.8128822814517316
927.68158,1.0,-0.0016052544897093939,-0.005589867465706285,-0.007968484584018736,0.00295390665819951,0.7606562817137908,0.18716681491661727,-0.636904625336866,-0.0004171962177134324,0.14216557665088164,0.9057323186939745,0.44009901718233635,-0.003399223510509157,0.6587212351768265,-0.4060543087643142,0.648096152724954,0.8006006861649865
928.05322,1.0,-0.004781249748470924,-0.0007181379770429959,-0.006584358049799675,0.0001988666034021005,0.7612339592625842,0.1964314764874837,-0.6365383536591925,0.0002589443193433537,0.13393413702221066,0.8984329493616752,0.43636232058751334,-0.003993356008557934,0.6602955255408932,-0.4068974050269767,0.638817281721389,0.7940120383531877
928.42468,1.0,-0.00245899369351828,0.004493132456048095,-0.006155767998484351,-0.0021747584235726333,0.7468712765597897,0.19892857135803996,-0.631674580761979,-0.0002977783088285993,0.13091385225450106,0.8853578619787067,0.4301644217458856,-0.0090624741850508,0.6523710872131094,-0.4054358434851011,0.6288794039969421,0.7965842902733918
928.79608,1.0,0.003097588962172489,0.0001877832438192094,-0.0014619479193248971,0.0008824400379374497,0.7366673997554775,0.20862922627119165,-0.6346503680790287,-0.0025747837289505854,0.1359544518073709,0.8944525072762315,0.42680038245967816,-0.000951666182005931,0.6472487478571749,-0.4023241150417154,0.6400227427965124,0.8064173028900504
929.16736,1.0,0.003601233492480093,0.0025136397916921682,-0.004287216469793285,0.0017376267738731948,0.747090430593667,0.2047534928562072,-0.6366386368246383,0.001915318645479208,0.14016259169233436,0.8927238434259281,0.4188048699116506,-0.004090959932068828,0.6480957912042948,-0.40955319081167957,0.6418304904575715,0.8235440618167323
929.53857,1.0,0.002473384198255577,0.0021900528876252563,-0.0024236417635783076,8.099675691331915e-05,0.7540868127536978,0.20051999085241826,-0.6320166551153586,-0.0008287691319417187,0.13634360508104876,0.8902457263176206,0.414465530994331,0.0012027639779032043,0.6477114986217721,-0.40913283102885284,0.6484660185529139,0.8361995897194856
929.90961,1.0,0.003798808153440248,0.006619384400021338,0.0015816320208544537,0.003843068716628231,0.7471612895969794,0.19847475658386005,-0.6409884152232483,-0.0019068278318586204,0.13149878953708746,0.8944305745858574,0.42515445130382085,0.0013968921015901524,0.6463494451910681,-0.4099740451938841,0.6427148448121802,0.8471342138301851
930.28058,1.0,0.006657244170124952,0.009775923753778922,-0.00018641513579406504,0.004622224217867957,0.7390307994945851,0.19866044525392712,-0.6438573354335939,-0.0012407745937177634,0.13542171574638615,0.9021029218158791,0.43200620311472326,0.0038715416410638613,0.6472003086748843,-0.41097582326050547,0.6498078963900286,0.8621030915180039
930.65149,1.0,0.006888698826397582,0.007567233870161579,-0.0022967476166580168,0.005473239325740391,0.7537524479671102,0.191746159521283,-0.6434510961467697,-0.00045899489940193477,0.1320430223019117,0.9020427067366819,0.4349964730509587,0.0018343729926051692,0.6489342882011315,-0.4179980150316394,0.6401622997819282,0.8679259462493818
931.02222,1.0,0.0009309121702896599,0.013248155851258632,-0.001563878618701125,0.0009330433726013243,0.7529590992379159,0.19616858825018985,-0.6461281420211497,-0.00311270895664412,0.14468028292934337,0.9057328336565362,0.44788579738297735,0.006120820726115066,0.6426170902710863,-0.4105408224991818,0.6492462549734166,0.8579307001246483
931.39288,1.0,0.003417522981249003,0.0053313630356295345,-0.003056937694821556,-0.000983873075104067,0.7535737285510519,0.203046653261833,-0.6441585815024884,0.003621666938932881,0.13727667510437594,0.9169612570110527,0.4421396616595458,0.0035079137798004157,0.645859093828013,-0.40681417930947633,0.6458243904126455,0.8359309727369866
931.76343,1.0,-0.0004051577236403929,0.004817605501837471,-0.0019789477125795115,0.002429795072071875,0.7492395105847064,0.1984108217213227,-0.6372821147848095,-0.0003046451443930213,0.13288440722968403,0.9090926967252705,0.4240229742648617,0.0003813703549850106,0.6308942933203313,-0.40515995708903435,0.6522566674951077,0.8145878707211635
932.13391,1.0,-0.0027045234158866384,0.00722546172590948,0.00027162218245646217,0.0016050748771840129,0.7522277910171027,0.1858505224967404,-0.6349535510785832,0.0025092844451305757,0.14474755231208017,0.9049512872841604,0.426119989316793,-0.0027592122280284404,0.6444861620899309,-0.3973555167181292,0.6511626976500844,0.7987887291067973
932.50427,1.0,-0.008697239065176745,0.004873218534047984,-0.001069255277588148,0.006505246944152403,0.7565354646263258,0.18282392123850835,-0.630100990116208,-0.0009489142853294191,0.14885794797358842,0.9064372211446534,0.4233707892093579,0.00030968399460781125,0.6432930654959449,-0.39083162041337616,0.646455147666977,0.788036130836574
932.87451,1.0,-0.00473647016242879,0.003449308529305977,-0.005499168760420737,0.0056765060936856074,0.7589112901536905,0.195792540656609,-0.6345291346629824,-0.001511044639015104,0.14837249631509292,0.9040796903106849,0.4148268053902462,-4.690651949947024e-05,0.6446515911086218,-0.3924803070158234,0.6473389000472577,0.7887107042314566
933.24463,1.0,-0.008308143559494075,0.0074961061759013055,-0.004910915631687323,0.001359940174167893,0.763271708435182,0.2029487666004075,-0.6300558617198734,0.007530082264982224,0.13444071553436002,0.9109187732832679,0.412527201879107,0.003166910554309895,0.6362008181048244,-0.39814693823581426,0.650748057873427,0.8023145128206061
933.61469,1.0,-0.005716109089810552,0.0012026980901648598,-0.004494728235744597,0.005690589117086156,0.7555151627052346,0.20274949303417125,-0.6182723766410644,0.010973496939503287,0.13351474787286696,0.9084566758646447,0.425242320139612,0.00038778835153749407,0.6515511151332817,-0.40132923785290114,0.6444910790486973,0.8209566392925775
933.98462,1.0,-0.0032936854183892306,0.006859857091064516,-0.0032403768486717836,0.0030977853012744893,0.7551441973160951,0.1951696497208044,-0.6316321273309192,-0.001127922185208003,0.13257089982995446,0.9020429810802275,0.4304280960484579,0.00474133681415066,0.6428225000927787,-0.41662448600494706,0.6481743788401131,0.8362115455436833
934.35443,1.0,0.0019329622963181053,0.006610887151165527,-0.009035081566497304,0.0034062964711066845,0.7590803211783,0.1879137490072167,-0.6313046706455455,-0.004380906131109534,0.13608953596710593,0.9125695771209996,0.4298188352886094,0.00018403355340309408,0.6388996871041325,-0.41802249123198837,0.6489905926937748,0.8439896146053525
934.72418,1.0,-0.002931410766797753,0.004631583295000719,-0.0041761695364317475,-0.0009899708098584379,0.7619611037857031,0.18864370386511153,-0.6446256502417581,0.004407457117261828,0.13587134358818637,0.9127937427639988,0.4234105798025029,-0.0020843435807240576,0.6579250534659219,-0.40863112234122295,0.6594006921888311,0.8461158837017074
935.09381,1.0,0.0014426125169415271,0.004317026040054935,0.0005281344667669025,-0.0023192534121585073,0.7613638913056592,0.18779490455188871,-0.6447359658327807,0.005957827860251941,0.1366309270419319,0.9040892862172331,0.4261161760518647,0.00422079378456157,0.6482876945935111,-0.39475875831426416,0.6574685951421129,0.8413159357091131
935.46332,1.0,0.0010499733840125065,0.003182668511521004,0.0069392816953049875,0.003512522057808754,0.743047248510194,0.19450494738702767,-0.6486952840829288,0.001877302051900814,0.14175106987692976,0.900749186381924,0.4255974370782771,0.002045962648505715,0.6480217135829514,-0.40439784942971857,0.6532286165561803,0.8292092411608595
935.8327,1.0,-0.0069161076758082534,0.003730367554633339,0.0029976118825743056,0.009111954080499429,0.7542179550661496,0.1937365656214819,-0.6476545267825331,0.0030759208377364564,0.1245588507503943,0.9064178612733521,0.415664972853143,-0.0024757371347706074,0.6653351506983235,-0.41470100634860757,0.6501546240305381,0.8131710468768609
936.20203,1.0,-0.004108365617657886,-0.004120340958877029,-0.0042599023477497685,0.003421734364218718,0.7628789615055757,0.20431195471770103,-0.6458189503198537,0.001368397988468132,0.12420910994056783,0.8891038528454975,0.4263615012527263,-0.00038701655066438796,0.652937173843069,-0.39893254496739516,0.6521641715588217,0.7953272663703688
936.57123,1.0,0.0015525590461437752,-0.0026124510387541653,0.0020623912763786537,-0.004301015757452026,0.7661506847760321,0.19816210592692016,-0.6320871413215399,-0.0015588060966273008,0.1308715375303401,0.8895505672611744,0.4270306025930911,0.0035945111118609583,0.6486853953694407,-0.4012149441721688,0.6503403665003973,0.7852551691158304
936.94031,1.0,0.006586372936977852,-0.003281770790892587,0.0005160679647726717,0.00014155271726195757,0.7651607943763854,0.18654991922082154,-0.6403395442322084,-0.004716691486828264,0.12804318986438612,0.9076484021447833,0.415499975698728,0.003978403713377276,0.6413805635073108,-0.40562009929791404,0.6526118407146481,0.7810927194340963
937.30933,1.0,0.0019230037412390547,-0.0005300282886287191,0.0041475068021435075,0.004963120729231405,0.7729682901302386,0.18285205709038635,-0.6395338301241701,8.659769671761415e-05,0.12114393936924689,0.9051139386183301,0.4133377754732853,0.007590367166768774,0.6428215127606557,-0.4064609642840209,0.6481408914285256,0.7900801459200487
937.67822,1.0,0.00032772995392717403,0.007517224434257266,-0.001984265884266061,0.0021318096630648957,0.7645276225342295,0.1732725558904508,-0.6379751314294726,0.007047059342768736,0.1252169102262674,0.911843742604509,0.41816458381758154,0.0013610251080993614,0.6490749445417173,-0.40430383675673215,0.6449173671268082,0.8013886255856087
938.047,1.0,-0.00295936819536187,0.005728592889718846,0.003861160484234221,0.0024038503072928014,0.7688275198336453,0.18750151565628875,-0.6448308350649843,0.009621573745729004,0.13107700351845197,0.9076121144342263,0.41737581575726634,-0.000803321122137145,0.6544930008266382,-0.39524556174545805,0.6445532373880892,0.8198734199393957
938.41565,1.0,-0.0007255785395081527,0.0019035320186151566,0.007110615464549347,0.010634502270874804,0.7534249064334058,0.18525135166574982,-0.6401113758708243,0.0022756799473335723,0.13313314081036823,0.9049063429612813,0.4192689932209397,-0.006031187563835697,0.6506610516778837,-0.39729290771000225,0.6534986315681067,0.8355067896717387
938.78424,1.0,-0.004044109771999896,0.004820942729208459,0.008047140688164764,0.004709702520686304,0.7411526549047751,0.18392870105340955,-0.6352156856895188,-0.00018174589467249454,0.13501043584800748,0.911236869124066,0.42231731311925536,-0.0024590016733498634,0.6511016684314292,-0.4104326643372917,0.6680592151885566,0.8453153533795791
939.15271,1.0,-0.0033954928485434997,-0.0018636985702891874,0.008184810282258887,0.002742759341862503,0.756310475633972,0.18509383259898415,-0.6328843495117109,-0.0049455789701324,0.13425897530969574,0.9192805501505628,0.42350922533141616,0.003337950975020495,0.6500362295161644,-0.3979126626026607,0.672473153847909,0.8393118717740806
939.52112,1.0,-0.001172500320397128,-0.0045778694323202794,0.008023329110045727,0.0002158966781273127,0.7602600622191398,0.1900960042937868,-0.6339735772195503,-0.008756277990780117,0.13119244524842127,0.9247192418863159,0.43239375821186854,0.0021822984969995306,0.6511153206657798,-0.3911947307829752,0.6568582800468252,0.8275710573076414
939.88934,1.0,-0.007428392124182804,-0.004586282924785837,0.010870070327742254,-0.00010853927278942204,0.7582897564087647,0.18776664522634878,-0.6215073219183973,-0.005204869013190232,0.13974527254450053,0.9152294099562056,0.4105243963935097,0.005671088605710423,0.6519280106481392,-0.3945776247619037,0.6558273799614102,0.8118489684017599
940.25751,1.0,-0.00721067228926552,0.0010042347548295995,0.00013331673009947873,-0.004216054876825669,0.7635408410130532,0.18230069285711425,-0.6289344242642498,-0.00583396522319802,0.14598191105277308,0.9107934772904225,0.4081114918659398,0.007651001901452864,0.6504667437098164,-0.3818941540625202,0.6485114922496509,0.7987358742833449
940.62555,1.0,-0.0013830280200169075,0.0014525303576760672,0.0009711495968064982,-0.008959874821395966,0.7654290765888783,0.17779919449726084,-0.6370573507066887,-0.00453713419812285,0.13823719659170985,0.9087406632972697,0.40787364689660643,0.005157948196343163,0.6505564712611267,-0.3746893084787848,0.6581768563921451,0.7925171772733485
940.99353,1.0,-0.005849479096956013,-0.0011328480975889507,-0.0012255604790912978,-0.007231678293412246,0.7622929303441013,0.1747636016962805,-0.6451671025300425,-0.008516163267736115,0.14246067528165815,0.8956897124897372,0.41353383153609863,-0.0031244364763922837,0.6463018063347168,-0.39821661999195535,0.670037990054773,0.7940482912036704
941.36139,1.0,-0.004094395344928391,0.0010235458804162963,-0.002894525643247396,-0.01253484715771924,0.7647297482470113,0.17344741616065226,-0.6408383682625912,-0.004403349437554413,0.13858031782786553,0.9130553364468037,0.4014032890525442,-0.012063674932168025,0.6592652040688098,-0.4023656859828798,0.6639522295134102,0.7964329653908256
941.72913,1.0,-0.0013710785236869282,-0.0045628288239984265,0.001477267852711001,-0.00747955252441225,0.7639118284035299,0.19556090338505636,-0.6556960755607637,-0.008358324289445771,0.1451835673406114,0.924142389013941,0.4134085826653994,-0.00862715411640249,0.6579027871970352,-0.39816996025414286,0.6591717426776555,0.8060796731412965
942.09674,1.0,-0.006144515364431247,0.001120699187439075,0.006573894923356683,-0.00634443763096997,0.7590339884017465,0.19430255648550226,-0.654612651315478,-0.007672497578298456,0.1446491504051977,0.9168697695317575,0.41816863386073144,0.0035687525886699024,0.6497034287585245,-0.39006000648020805,0.6577893113717037,0.815580067795039
942.46429,1.0,-0.010645193582083648,-0.0036562376004856782,0.0024674903425523182,-0.0009604568160704216,0.751585335756756,0.19133380476655346,-0.6473145755481879,-0.007113931475289908,0.135215560171606,0.9135067211447722,0.422337285778821,0.005002104693396764,0.6441837504665638,-0.390560841280558,0.6502155010821511,0.8288724978517299
942.83173,1.0,-0.009729866462037301,-0.0063555717822938555,0.0004143636927438292,-0.0018043774746346799,0.7424633577989188,0.185707559423841,-0.6288200635696685,-0.0013744536931560294,0.13001876934664006,0.9043586068627258,0.4219397164773433,0.0026940302047277504,0.6475035845407209,-0.3877751728859164,0.6618423458468652,0.8423697352395756
943.19904,1.0,-0.00148416290762887,-0.0037128991691721086,-0.004647912169847958,0.0021348583497629255,0.7645504926144235,0.18167465656248613,-0.6295572316011321,-0.0030762960829020846,0.1348896431529228,0.9106151018853396,0.41385433287192075,-0.0017023767540004847,0.6492181001494887,-0.4046657437096747,0.6681162994433185,0.8430342941438337
943.56628,1.0,0.005111370843514144,-0.0005689252883445035,-0.0034601738282686915,-0.0013471840965246216,0.7701850031721768,0.1877364516006306,-0.6347487122338856,-0.005492448993860572,0.13224107237530683,0.9101763755467366,0.41333375616855705,0.005185370404066292,0.6538187627127232,-0.411405496749991,0.6762674785315562,0.8344617119378838
943.93341,1.0,0.0012467064718987304,0.007531950015680134,-0.00010206942164907284,-0.0014475042807324905,0.7673058406398061,0.17705358121118736,-0.6530751615397792,-0.0003137900260716405,0.1265032837329099,0.9348749471994611,0.4191745879723269,0.008899466152619677,0.6485210977522778,-0.41552301729200625,0.677999710748787,0.818846757993587
944.30042,1.0,0.0014053636868520173,-0.006064779883131651,-0.0012548800437680613,-0.0017580430761025218,0.7775758709879672,0.16995246604643333,-0.647224667576698,0.0026910860296609895,0.11659195847776836,0.9449750295888228,0.407274671998731,0.009555398725426318,0.6455559845157807,-0.407691158583987,0.6789823827977219,0.7993370400891592
944.66736,1.0,0.001782724982131769,-0.007133503973310737,0.0001524229020709961,-0.0013893594003014705,0.767385823648671,0.18182664814227378,-0.6528412657817968,-0.0036287366599909695,0.1219613560174356,0.9356307529756346,0.4166316575460858,0.004002616111946877,0.6470066417790561,-0.39512433025085025,0.6712222615017476,0.789823281365106
945.03412,1.0,-0.00497440966910769,-0.009401751494745739,0.006704361410070397,-0.006119564370251672,0.7554998248968232,0.2046353584527654,-0.6502448328314129,-0.0021552567321643404,0.12728084058417932,0.9111224333458341,0.41546727681823437,0.004122276394512757,0.6502671792015594,-0.39911693416942023,0.6590376066302313,0.7826355434778902
945.40082,1.0,-0.010318906003094841,0.0033399006578970075,0.009248101465811736,-0.0011531641190613362,0.7565773205720989,0.1854148113380249,-0.6382150697472044,0.003571751787974471,0.1296407264035089,0.9078573303162384,0.41715827047034193,0.0006485767840396202,0.6498665816794621,-0.39529207138592876,0.6438613190734778,0.7846693495733782
945.76746,1.0,-0.01175792357407963,0.001240722717355946,0.011754599461886825,-0.0023360943596563623,0.7641218269542354,0.18212175570724842,-0.6430058212368197,-0.0012792376198270017,0.13401340369833997,0.9089615187785801,0.42070688690439867,0.00019139336052639947,0.6472414091295269,-0.3979229458350299,0.6434779489261933,0.7926372803935066
946.13391,1.0,-0.004487712816704962,-0.005819096226711255,0.004397721647026692,-0.0010471107188958794,0.7612704418802709,0.18906540095676172,-0.6450640977421991,-0.001816280127991974,0.12775807765723166,0.9030205690147077,0.42184947235211845,0.006148450642782616,0.6445243980198527,-0.4057162926886448,0.6569116904744476,0.8044632537935239
946.50031,1.0,-0.008020800009462073,-0.004681031700649526,6.36844498566981e-05,0.014126314878588099,0.7679982281517735,0.19464837363716833,-0.6443308352033296,-0.004639125685868773,0.13621571754083764,0.9222709614213421,0.4370061164650779,0.004642158100082564,0.6309485049934309,-0.4051444112305321,0.6733120156841338,0.8174340277361198
946.86664,1.0,-0.0001301930635299546,-0.00025671785809567807,0.0038188240543027725,0.009237470148529712,0.7624543881549252,0.17695170324606344,-0.6389533126963645,-0.012168581161455772,0.13885789451066047,0.9235452136246671,0.4219441033657166,0.007984072149110049,0.6275594381994093,-0.4105068479980442,0.6738812400183489,0.830518498960782
947.23279,1.0,-0.0014787157118081944,-0.0008390864843562446,-0.00731102281737533,0.0016088173645084996,0.7505634199747867,0.17236652608720107,-0.6331565847982088,-0.007023543013222651,0.14737030079712177,0.9127803274013598,0.4230394332872154,0.0037646891360269834,0.6188826395485651,-0.4107353832138093,0.6625298056069356,0.8463027225072717
947.59888,1.0,-0.005305230219241133,-0.0014941725717977953,-0.0033857883153461076,0.0011346958231419648,0.7604466736113914,0.168350548455532,-0.630247640595248,-0.0023092898732725987,0.13837683733998715,0.9230631303358081,0.39874388312683806,-0.001893185247999744,0.630315961745534,-0.406407046519552,0.6667776327604233,0.8517014206205633
947.96484,1.0,-0.009285472657046113,-0.005477752188594607,-0.004517397604553937,-0.003973688297411476,0.7640491171543253,0.17436540453261923,-0.6325510119875104,-0.0009880010942282986,0.1343986815502595,0.9289016747884837,0.3903671544610349,0.0013414778509494077,0.6453131563291081,-0.3833469189479919,0.6734013262010382,0.8517267400115376
948.33075,1.0,-0.002203175395021609,-0.0014713188743423478,0.003762192462309647,-0.0038990574913668296,0.7704472381685551,0.18188488051501528,-0.6492234155264985,0.0022020358585814917,0.12626728168548482,0.9267667622665837,0.40337667513773134,-0.0015820139534275582,0.651356434659488,-0.4016236907908944,0.6811891421633778,0.8400883454413354
948.69647,1.0,0.00773433547455161,0.0056971046599733404,0.0057064000439441785,-0.0037233018615881646,0.7718126091779112,0.1792617629726157,-0.6496511999514936,0.0004766305371562611,0.12377699742959901,0.9177428811587269,0.4032486922914715,0.0035127850268097723,0.6463697345785921,-0.4084079692609711,0.6604366184201995,0.8239161382806865
949.06213,1.0,0.007011505459460535,0.01402262650373061,-0.003478038731101957,0.0013747859363796987,0.7652347268503565,0.16679511937728628,-0.6325711819812423,0.0012330723598140349,0.12700083771959242,0.9162295298713866,0.4066296395253527,0.006251670159001028,0.6694444942160107,-0.4138323694454305,0.6712847748416135,0.8022853481727876
949.42773,1.0,0.009370922635754222,0.022319013400303345,-0.008809625488492056,-0.0017904188673549973,0.7839725153926927,0.1614056371783881,-0.6442314085930645,0.00571668076521435,0.12546788666520375,0.9228085620672378,0.4215908249493742,0.007212999638681823,0.6550385975703577,-0.3987761213220871,0.6804771634663414,0.788555499651073
949.79315,1.0,0.00586858989389953,0.011383569774898157,-0.000917365004616722,-0.0010319761986807468,0.7904823913607181,0.17712240199963167,-0.6271759631522551,0.00128830810657173,0.137127155837218,0.9262661431753096,0.41337666192255623,0.004942399437503599,0.6561176071055012,-0.3930211671830593,0.6653152771311123,0.7869867274308838
950.15851,1.0,0.00072635896279421,0.009181137629630024,0.001912129646780377,-0.004879466076685622,0.7835283807886501,0.17609172909801063,-0.6061099072590905,0.003365191543496302,0.13905750863294708,0.921141614781852,0.39909392205052746,0.003984230874543567,0.6527036522859083,-0.3854786554344314,0.6540763530714983,0.7910831646102331
950.52374,1.0,-0.0020992947233844693,-0.002438329815995894,-0.0009033602979093419,-0.007196382895041673,0.7848026703320617,0.18460404055947108,-0.6118411965085889,0.0066303228922308,0.14114451866095382,0.9300382259650173,0.38720656493707206,-0.002267501858710196,0.6577021042428757,-0.3876374471973728,0.664856551596272,0.7994435042929262
950.88892,1.0,-0.006308098921788329,0.0020377110687785182,-0.001534415432747157,-0.01355554677875824,0.7999889596522387,0.18802808748834726,-0.6339815299504221,0.00011738805807127211,0.12264176716865605,0.927309513398861,0.3920098764675356,-0.003970499425088586,0.6704402564099327,-0.4212398192708391,0.677342396139453,0.8146503955266656
951.25391,1.0,-0.0016481152207440738,0.0030687421497267394,-0.0020559415919865014,-0.007083316654654807,0.7781400175733433,0.1833473005210079,-0.6247460364989326,0.004922018105217802,0.13590195084466314,0.9035721030048391,0.4078413636552988,0.0004729572914932355,0.6718862198303972,-0.40376549989002863,0.6850257831999668,0.832944538720386
951.61884,1.0,-0.005352307432420409,0.0005070763495044736,0.004857569961032239,-0.00491916023790044,0.7906226725009026,0.15679094426041737,-0.6216791669800795,0.010199684934863349,0.1264433817552485,0.9150282335005108,0.40711131560634806,0.006070798309190688,0.6563150020454005,-0.3793260531294755,0.6775818439967011,0.8462642267915754
951.9837,1.0,0.0016256506338009906,0.00023983712174908172,0.0025740701599910607,-0.006686597583746755,0.7737040865527381,0.1710161507986958,-0.6108109227501426,0.010819440639313088,0.12004077134908865,0.9186735208486123,0.4129953950494211,0.0006887262734454161,0.6366195009566324,-0.3678024757251201,0.6549810804351781,0.8522279818909312
952.34839,1.0,0.006537749301525154,-0.0057982980350556965,0.004205669192875901,0.005112648164763686,0.7661706561098444,0.17895191298824917,-0.6130553191620829,0.00792142919526891,0.13154818073220242,0.9263769001464319,0.4075049343596741,-0.009253317971420576,0.6539833306467533,-0.3930797783972718,0.6694971213301831,0.8449791218060801
952.71301,1.0,-0.008103342337138442,0.002423926633590386,0.01833029303697004,-0.002971399883974647,0.7835247542814089,0.17246646786695247,-0.6495663806439127,0.00767503846353386,0.12437782078713272,0.9099831579732494,0.4013802247217929,-0.0006586040068969201,0.6481677892341072,-0.3986440411992008,0.6619071507138904,0.8333080168542376
953.07758,1.0,-0.008152367873010128,0.007219156502243719,0.010796082420442117,-0.004909083870656811,0.7919371926180937,0.17450897054069273,-0.6351138304046215,0.00931698407073772,0.13927230057340084,0.9154885864747329,0.41559824535101053,0.00014328885717329772,0.6461542190712659,-0.4064457847475405,0.655825107881899,0.817061135198534
953.44196,1.0,-0.002621818093117382,0.009999699222685671,0.005149265698990014,-0.001741783242117791,0.7892463232416299,0.17093683965042705,-0.6302002726476157,-0.004143751347933333,0.15054457198252952,0.928521117408874,0.3898857647557409,-0.00621574544652378,0.6429095813161154,-0.3924783748164971,0.6798498131714917,0.8075653807340043
953.80627,1.0,0.004196418773701779,-0.0023834419398227292,0.0015264841948907943,0.006537427320238385,0.7551501948111594,0.16968878020083383,-0.6403744675544003,-0.008259604745891675,0.1518848723558811,0.9177491265437716,0.3815048025125478,-0.005860891407834684,0.6293287865091013,-0.39301994027497517,0.6656320492416896,0.7999905083495186
954.17047,1.0,0.003371165458171035,0.007695749564394003,-0.007477833030804545,0.009963467125108063,0.7625316800266532,0.1803996521841477,-0.633201352948977,0.006764539015450846,0.14010355993897014,0.9236530842969988,0.381369870656553,-0.0037165606938178845,0.6347820126774552,-0.4024817875618502,0.6554815435322164,0.799081933994851
954.53455,1.0,-0.0030524786042962298,0.014315689059115422,-0.00991129835005423,0.0144942124634076,0.7863573130259983,0.1654545908290412,-0.6170513992939928,-8.598812789579274e-05,0.14286909268534498,0.9101992168856475,0.3740140599405807,0.004736414405808252,0.608241161752107,-0.3824551022750423,0.6709794804144066,0.8047066288545414
954.89856,1.0,0.003794068442180236,-0.00037053735773349294,-0.002363303283228692,0.012186456625379084,0.7622377353883046,0.17486396721623546,-0.6017672183598403,0.003896578526725979,0.15949300957956203,0.919084638926029,0.3808644229225248,-0.005938444567149643,0.6369149560014782,-0.4022731683050815,0.6873341554817072,0.8119411830865343
955.26245,1.0,0.014698065871221288,0.002175263976386627,-0.007814855849943358,0.013949088765498788,0.7738290763621395,0.16177780687985202,-0.6083225289619433,-0.001965126401400517,0.15203499330591322,0.9281779784026011,0.38651068378344394,-0.012263321302348916,0.6464350087871515,-0.40368855628169675,0.6961493746257472,0.8216452074915538
955.62622,1.0,0.007194532131113465,-4.221716160442506e-05,-0.0063414079898207396,-0.002233490326385948,0.7850688231075482,0.1702415646266857,-0.605800611642142,0.0012620231019959292,0.14100674386360698,0.9257962451574246,0.3771593121097177,0.002021434022673666,0.6387010129202891,-0.3889123924197563,0.6843538256030856,0.838398079792637
955.98993,1.0,0.005236236762704491,-0.0019299445913603152,0.007377322768815386,-0.000961724278482268,0.7755268252208931,0.17423571815752295,-0.6188361927045528,-0.007622015892834376,0.13916131814719898,0.9329868010827461,0.3821394639807413,0.0009999060770810983,0.652240091968644,-0.36730366982280294,0.6832131376284083,0.8497960538888664
956.35352,1.0,-0.0006785455369649439,0.0006750697440947029,0.005000572371161159,0.001880778468820393,0.7522210464687954,0.1898759102749552,-0.6362747188056737,-0.002822098396184664,0.13881756558315625,0.9322906879321502,0.3922726937285264,-0.004219229560711795,0.6241477699304182,-0.36891678162986374,0.6865139919713285,0.8596712834338395
956.71698,1.0,0.002530652127095656,0.003882361876198867,-0.0048605180107756645,-0.006123875914749451,0.7705335210969942,0.1736633052132726,-0.6075035140177238,0.006832529818293748,0.13788888696487867,0.9285256568966327,0.40141526075804856,-0.002095998059555508,0.6244439304257263,-0.3910098923017151,0.6859791664167026,0.858610254450948
957.08038,1.0,0.006616888477135099,0.0030942125404339552,-0.008426735600720138,0.0028728083109542187,0.7757748317609604,0.16603501513050056,-0.5980186244866269,0.009616208977009554,0.13066804222542225,0.9141895708124166,0.39735020164878243,0.0030900811593857452,0.6145023770146066,-0.3925988025656817,0.6837323089484537,0.8480275342093645
957.4436,1.0,0.011411554574435746,0.008953303344004246,-0.005900854246138814,0.0064654408815534485,0.7742467472178691,0.17185344476490247,-0.5948233125507849,0.0017994615960930439,0.14673264260070978,0.9262475294143531,0.38942983497841493,0.0003580930361395738,0.6302902426636835,-0.39352626810508967,0.6842337809081758,0.8294952906961
957.80676,1.0,0.009923571656032405,0.004035265908286419,-0.0009604068286741826,0.0008896422780548632,0.7720713772715212,0.16282287822283045,-0.6047032914432321,-0.003125285517989082,0.1576613788928856,0.9211346252010307,0.395573461609253,-0.0010820572505627613,0.6371648521493728,-0.36859629464829374,0.658571867593389,0.8219892480023295
958.16986,1.0,0.01272131643170245,-0.0006196511009116425,0.009971766366783298,0.0008066810765854869,0.7587049963451394,0.15626890516689604,-0.6223828884624713,-0.005995675873814885,0.14668487041086878,0.9132283572331246,0.40020696205129885,0.0028346624864797054,0.6239601701894525,-0.36601068215324845,0.6731623745451378,0.8053015999231994
958.53278,1.0,0.009665470440973573,0.00415406693266414,0.009674130311620403,-0.005295783773310882,0.76558514045366,0.16543419937738357,-0.6217304430877397,-0.005238997512443613,0.15589025153645628,0.939577197999106,0.3840458815823739,-0.0003933649731798706,0.6116134362850054,-0.3564536189716655,0.6710223479303907,0.7945497468082415
958.89563,1.0,0.0061759893053244435,-0.00032026488306951504,-0.003739184057366813,-0.0034817663476360344,0.771438928287957,0.16098053017843011,-0.6085130711332911,-0.012274364955391758,0.14309541177885401,0.9386593802144746,0.3746114274068565,0.0029772514328522373,0.6087397362627757,-0.3585993656759221,0.6747069603684257,0.7920515346099744
959.25842,1.0,0.008573772820759428,0.0038503977966555737,-0.005108632738709083,0.0011379456434250483,0.7715731831528272,0.16474609145764021,-0.6231081175299863,9.854576415715095e-05,0.14194013658613105,0.925490746004412,0.3810056969457804,-0.006800514324822175,0.6355593576329167,-0.3557445902792821,0.6906725835621341,0.8001991088599479
959.62103,1.0,0.004635267089439326,-0.0009090793589027149,-0.007019530513448502,0.0028320015335551933,0.7771732950457647,0.176833592871304,-0.6322419574483933,0.005204824171297032,0.1392542702287598,0.927942007594732,0.3971065058295017,-0.008670127359306876,0.6512277878672293,-0.3821474809546722,0.6725150586207556,0.8109432561469531
959.98358,1.0,0.013410058685541798,0.006925229687659795,-0.006972695098919206,0.018021899803510908,0.762969272628583,0.17259741022562766,-0.6286918399583445,0.0016292961050614467,0.13519158880379104,0.9287435314840327,0.3881829560319328,-0.0069603684346546445,0.6509306775742439,-0.3957791717066681,0.665358649425048,0.8303560798273577
960.34601,1.0,0.010838880986910082,0.005836865776924958,0.0012211354809476686,0.006630603370409445,0.7629306374851355,0.16054810681637385,-0.6085664851671043,-0.0021140589697418713,0.15799504220809157,0.9265815777737093,0.39393664560499636,-0.011829738000613309,0.6431010788012734,-0.40920628807297327,0.6634053837721378,0.848623923823492
960.70831,1.0,0.007896926192578386,0.004369190793487147,-0.0013003904788071443,-0.0004500990201428406,0.7782144168154381,0.16810488947599908,-0.6304234143194869,0.000989722799966077,0.16364531230962484,0.9226143454111022,0.4072462774000087,-0.009350786001341324,0.6479646562708593,-0.3924598057345695,0.6577644715702431,0.8533882609569414
961.07056,1.0,-0.0020509459614265354,0.018515116449310275,-0.004575483541535923,-0.00019486096076097234,0.7948779253228209,0.14946999182386828,-0.6213710469448409,-0.004533994463765438,0.1491673121305949,0.9055485953202833,0.4086986345462641,-0.006162258596794858,0.6459033283748222,-0.3727858055686771,0.6640926734015287,0.8408331792017195
961.43268,1.0,0.001401440645973612,0.01034815514523884,-0.010359326229617051,-0.00545801592584238,0.7624469173421562,0.14821815876112457,-0.6323610213968945,-0.0028954030670507776,0.1520313636915971,0.9111923056509823,0.39882204183339875,-0.0002938514373128288,0.621719075811071,-0.36465177831095025,0.6750739183809136,0.8308777733759499
961.79468,1.0,0.0059403800626411955,0.01220041420037197,-0.011904734258303979,0.0010202068274502904,0.7700708188400706,0.1503294179588453,-0.6090721912219497,-0.004417907271980451,0.13367462912669542,0.9259246762734598,0.401413651048284,-0.0036671818842509783,0.6410238420585177,-0.38416508114465503,0.6736507250173401,0.8223873555889083
962.15662,1.0,-0.002567477626397736,0.008934047237648358,-0.006944835375215648,0.0025321016943514905,0.7740536928162525,0.13624498978721558,-0.631660249173498,0.0011643146983478358,0.1290831635110492,0.9080104695138549,0.39476722596799835,-0.014244982693815656,0.620200428928305,-0.367298430680016,0.6840813749277556,0.8169453307117737
962.51843,1.0,-0.007172092522371714,0.007544396060275998,-0.006535415644971559,0.0066585415065222595,0.7748846548972809,0.1578055357054191,-0.6353324073917376,-0.003669528978907761,0.14797998265458231,0.9182164764804429,0.3801602238839506,-0.0076992715925636454,0.624394180466271,-0.3575017811139646,0.6812184055709648,0.797157309881687
962.88013,1.0,0.0013574845598058793,0.005013775042923014,-0.0003683921510069233,0.007006878401417706,0.78412440256853,0.15198179510163687,-0.6145423455252057,0.00549254176932412,0.150282902024012,0.9330132548815122,0.37824716246434115,0.00043678474133920005,0.6347016054332608,-0.36764314894604083,0.684315287410217,0.782092477682637
963.2417,1.0,0.007118815854406586,0.008507715343993315,0.0010720879059054824,0.0069396429824472305,0.7661374719395031,0.15574888871602344,-0.6299573385321132,-0.004352224629520029,0.1632691712107438,0.93385283658194,0.3733542414521108,0.00847016287179843,0.6356317698899313,-0.3818224705797222,0.6745693964910695,0.7843234068853581
963.60321,1.0,5.4643440921775746e-05,0.00958041088784642,-0.0011139411820199501,-0.00036278491278906894,0.7478767745265219,0.16043514836385214,-0.5991651389137518,0.0013855079377166932,0.1481527255562912,0.9287252178117597,0.3767955757793849,0.00027187734938168814,0.6366035625784717,-0.3861642526854042,0.6501807436108678,0.8032166993431583
963.9646,1.0,-0.0011663974352040544,0.01858999985570649,-0.00865537145633851,0.00010446612057265959,0.7602944659261609,0.15268066561891652,-0.6000498961862756,-0.008195965805638245,0.14321943856657926,0.9443309798207601,0.3934333268744506,-0.009609066160953127,0.6206641071595798,-0.39575412318543385,0.6749762821141272,0.8126219371494967
964.32587,1.0,-0.0026233788628385484,0.017137212380369332,0.0006611053513646623,0.01569760496380158,0.7606848307070502,0.1544438862009137,-0.6232158727639773,-0.01704856193843379,0.15471011053728187,0.9161774699984355,0.3999397775672998,-0.0029997278548359006,0.6416815386466862,-0.4107203303950832,0.6777637500817194,0.82890421030109
964.68707,1.0,-0.00462470266471815,0.0055301144200838774,0.00995013670373642,0.013124776255009723,0.7592827040240354,0.14679359661965247,-0.6273559170948338,-0.009103892814836742,0.1293813199501942,0.9141676551619992,0.40631761102832803,0.00050624824992132,0.6493601449092734,-0.38961877159538816,0.6942712293464072,0.8400601563737505
965.04816,1.0,0.001777148805494103,0.02096620270981991,0.008131706783927875,0.013678522679537996,0.7539925748332855,0.1423028896696374,-0.6420065586937662,0.015696886849832583,0.12808531578432766,0.9273389906638027,0.41035213464124876,-0.007257651033874234,0.6415366648612876,-0.3895171547039822,0.7090263012447635,0.8436698351534104
965.40912,1.0,0.004283710350860496,0.010222510920875514,-0.00809716857741875,0.004436968478960493,0.7608553631517595,0.1369665566642356,-0.6272214799901282,0.010095927480829306,0.1516174555743536,0.9340076664498004,0.40064043604809346,-0.006057539701044448,0.6217081559316677,-0.3752692560449995,0.6836059867369936,0.834350753530036
965.77002,1.0,-0.005905451707726191,0.007153334245140311,-0.005745239489224833,0.003714294040019995,0.7677948968330308,0.16134422663664705,-0.6265323551150093,0.0022584904401040523,0.15531334955246504,0.925005852845858,0.39854840511434714,0.00450420045912326,0.6316051643116349,-0.37684208144752024,0.660110761819251,0.8244742629166085
966.1308,1.0,0.008427564142728602,0.001367678423349111,0.0016721950334397568,0.010332974876279597,0.7615695631571386,0.17848642064894998,-0.6498781983401615,-0.009325433334372626,0.1701176436197014,0.9383671446690812,0.4086845521073537,0.016671566703336096,0.6503137068609882,-0.3616985596860741,0.6698543235198147,0.8047572979890615
966.49146,1.0,0.006427893544677295,-0.010633498440425814,-0.0012098699299246194,0.00430710903461834,0.7801037757880606,0.15410858266768504,-0.6402507256216365,-0.0018433936768058657,0.1725080539507911,0.933566380437226,0.41668977933522394,0.006587314462006426,0.6490809608459958,-0.3794295087514236,0.6931267360919438,0.7882683244366101
966.85199,1.0,0.0066583780462973596,0.001085114603457238,0.0061330035657025566,-0.005512802019907317,0.8002217907875021,0.1789500290735929,-0.6589219185827331,0.0028723028260045163,0.15483817831847171,0.9146047181954357,0.410733758809928,0.0009631993915478082,0.6461517330321824,-0.3947756860550424,0.6738251646932663,0.7658468495084058
967.21246,1.0,0.011551514913886106,-0.0006136188197926159,0.01030294529558214,-0.005190486826984186,0.7977546416495529,0.18665776061026215,-0.6559041822082367,0.005003086776015519,0.1438640544388578,0.9121335412544952,0.41069300127846275,0.007141381039705679,0.6363738967147182,-0.3927273378529675,0.6918551858283575,0.7533664831532736
967.57281,1.0,0.003575425915578297,0.0008681628709061207,0.011718009274133466,-0.0016624988833271606,0.7855005250031826,0.17452335857608944,-0.6625966099226223,0.011702182310652275,0.1509084068627942,0.9274753835102122,0.3969490121224625,0.005265887374748368,0.6316654179683485,-0.3870057094252524,0.7143034923740597,0.7447366156540807
967.93304,1.0,0.0036585519228784576,0.010173270326338642,0.005115582740924593,0.008175084573427477,0.7689477137295747,0.14671239543652556,-0.6444551254930132,0.007178943980886909,0.13933160480092113,0.9119670152087227,0.3983583388985885,0.005954315366118093,0.6367523141369655,-0.3900045463984096,0.7196625131391342,0.7503527442900597
968.29321,1.0,-0.002057815039567826,0.004410435741694233,-0.006700464994378389,-0.00020121722282851777,0.7698310935368254,0.14992091619861708,-0.6384638869591189,0.0010961602652894262,0.1574017373350533,0.9108041325501828,0.3999657623067686,-0.015085064401655784,0.6590822023474835,-0.40410994735570105,0.6901332888995017,0.763300183780789
968.6532,1.0,-0.008890254378352145,-0.007700900813273082,-0.011575394381311742,0.0009718484260651087,0.7716346996622082,0.17203453340910999,-0.6303182136798745,0.012291985788027985,0.14882998795909724,0.9253526191022043,0.393549248522854,-0.0012750469476761463,0.6374813984567316,-0.38122761039214764,0.6718952416059563,0.7799184411707129
969.01318,1.0,-0.002862362752235883,-0.002829229908918568,-0.0029979714093452815,0.01069810523276433,0.7934291092621011,0.15351041933005477,-0.6405271039146818,0.002580289680642006,0.15750993787115436,0.9387270636004581,0.38944769248824673,0.013359194332670531,0.6465870479598731,-0.40411118878617064,0.6815229758587105,0.798076695829703
969.37299,1.0,0.002115507996466185,-0.004469089424448645,-0.00026004520181305155,0.011245666093705597,0.7761291125819776,0.15260681463301934,-0.6571110479276869,-0.006346029660926354,0.14617362209687268,0.931643421015884,0.40335366471602746,-0.0038610693842422157,0.6424950114373039,-0.38015408103289416,0.6773391259317271,0.8176266388924756
969.73273,1.0,0.0038575128548637497,0.008203865923199207,0.0001421237223525023,0.0023180636837046805,0.7834328716450294,0.16047591509154513,-0.655630410875328,0.00036795388996141085,0.1645259127676412,0.9135398856153952,0.3914609641809131,0.005952376415954155,0.6537360692472316,-0.3804506747587479,0.6830276120052349,0.8260240176055529
970.09235,1.0,0.003283432702179379,0.005976523657428095,-0.0028342052556789895,-0.005576822642410447,0.8053141268374867,0.1558999917148153,-0.636446531597551,-0.006877195117773612,0.1625561501504057,0.9190107633484019,0.37145947298515675,0.010057237358272453,0.6414051712851134,-0.3971889134205843,0.6774098542646004,0.8295223094987968
970.45184,1.0,-0.0010416566065417087,-0.0018574241621021903,0.0008227987509112577,-0.006555568121622005,0.7904144387187078,0.15846626273179687,-0.6439465716130132,-0.006528483985468898,0.16403458487154404,0.9147475435931993,0.37885656991444694,0.013627710381823465,0.6195584542078498,-0.3988872711827091,0.6822112171959568,0.8241938864997482
970.81128,1.0,0.0021584615909201305,-0.004518540459353732,0.0003593232305702488,-0.008611346842197078,0.8002704783596214,0.15402117305953944,-0.6391312779245071,-0.00021214969646929667,0.16493422013067488,0.9218858945003295,0.3901124252479638,-0.0009565847855788819,0.6332032316850468,-0.39558785134340113,0.6811500370369269,0.8055144249514455
971.17059,1.0,0.0070334640719819045,-0.002269210404513748,0.003494240456215303,-0.0022097746507729185,0.7881278622999962,0.14481397040091584,-0.620586468875824,-0.006610335946689231,0.16028438067337233,0.9227893912924428,0.4116440051193379,-0.0019550733833086807,0.6329436496133103,-0.4103166511960399,0.687266112191862,0.7867856781124444
971.52979,1.0,0.002933572582498947,-0.006947582719196541,0.005813016734665,-0.008035638851681539,0.8135798753760315,0.15833058016928522,-0.5908444746706357,-0.009784670783957774,0.1537473212595209,0.9225880175762731,0.40244744711189956,-0.0021625225837694213,0.6245052238378271,-0.39999960411041746,0.7113518381404909,0.7727777106977823
971.88885,1.0,-0.015504470696413766,-0.007088261608800339,0.0024216088339005367,-0.0009164279507701557,0.804846188498893,0.1544319356051166,-0.5907096982698445,-0.0073347434932652875,0.15527960306438948,0.9299027840451372,0.3910741873670718,0.00014618989496865983,0.6267393647760472,-0.3980856106623051,0.6743311819255492,0.7671752715381223
972.24786,1.0,-0.004426773692724721,-0.006732989490767404,-0.012216304775262317,0.005272887282941862,0.7894157883459034,0.14707036710822433,-0.6212937885897761,-0.019293183622584257,0.1598507663137691,0.9229289470543749,0.412866557148367,-0.003998240963912559,0.6203198402083528,-0.40727099156797897,0.7082533545969847,0.7590792683905775
972.60675,1.0,0.004927700266905793,0.001651659032896951,-0.011439017141378807,0.013537401358539035,0.7826667759718443,0.1494672296032129,-0.6492315307673415,-0.014573115762741777,0.12848806636290727,0.936380793294324,0.45343441114150607,-0.007218325577367695,0.6273116913639518,-0.3959454208374182,0.6956816305287139,0.7578106530317906
972.96558,1.0,-6.423697572765765e-05,-0.007031890631805532,-0.0009044571746255817,-0.0005443376129480266,0.7915898030036186,0.13794159603149514,-0.6186586679478353,-0.02382008180249713,0.14800574237352077,0.9424223947293173,0.4288111494375565,-0.010108613415054464,0.6453688257534085,-0.3921984937632246,0.6895491557469532,0.7757366032323794
973.32422,1.0,-0.005108949022072474,-0.013204540501324254,0.008912708904941419,-0.011946684816500167,0.8102236934574897,0.15151247374816776,-0.6187688591278735,-0.033443488211806496,0.1617163488789903,0.9419385881443958,0.40772910623935,0.0029574475567449993,0.6394953039013751,-0.4160476378417406,0.6733518498517689,0.7980430184362265
973.6828,1.0,0.008939502815120548,-0.011431787835317904,0.003634715229823016,0.004518130651470002,0.7948386305228836,0.16944978586020967,-0.6085413726496273,-0.02000875561540272,0.15700817647728837,0.9474945283458177,0.3899178556803506,0.0057919894567457705,0.625794190759811,-0.41684263738065924,0.6901339362964712,0.8176106996442385
974.04126,1.0,0.0138981205123714,-0.01708079952277831,-0.00660968415258606,0.00816916680078698,0.7704543321594733,0.15383060925791736,-0.6060133356330731,-0.008600460289516075,0.16127905200424714,0.9653468241668797,0.3881706562355989,0.0017515854019681998,0.6293353885281024,-0.3913103660428602,0.6996021001590867,0.8243830753094934
974.39966,1.0,0.004666429375577765,-0.00934983638444209,-0.006104038384030732,-0.008594809411972663,0.7834338233357447,0.1540579787607796,-0.6190219060232193,0.0008289849852192422,0.1511091204343837,0.9492525210234237,0.42610747327469795,0.00198956625609587,0.6179887497803975,-0.3850913750026555,0.723097128909382,0.8236720828274445
974.75793,1.0,0.003119327859565284,-0.0017399876568252916,-0.0117716593023605,-0.0030508446380891245,0.7712988994725258,0.166268573359555,-0.6115186704250447,0.015480466531549065,0.13728487809012443,0.9343153379852852,0.43369314531370423,0.006155256366178995,0.6308369457629109,-0.3891150006732658,0.7088295834364036,0.8164452927429833
975.11609,1.0,-0.008256851380516171,0.0020550785985412982,-0.0019460145349133177,-0.005977919240672143,0.7857196722458517,0.14710026925797207,-0.5888769494996277,0.0008348895885359923,0.13524837750087765,0.933488908614505,0.4335835846022508,0.0021179010609751344,0.6161641928161824,-0.36888916529683186,0.6963253900893389,0.8092240545761914
975.47412,1.0,-0.005999327689755716,0.004156641168503699,0.005421988821319101,-0.0026936913793525275,0.7920083689535697,0.13915146738087542,-0.6226785793146277,-0.011035721211102642,0.13205841195529322,0.9537751075167614,0.4129524733475711,0.009179265990833593,0.627572571022241,-0.38568480335965305,0.6975890179988479,0.7981683861405704
975.83209,1.0,-0.005802607532134154,-0.008145293291277446,0.001867881261672362,-0.009676717994828037,0.7769102936062581,0.15169377908488899,-0.6370365565720494,-0.006281223106784418,0.11434710337503108,0.9442817507669233,0.4059793255759503,0.004761064401753619,0.6010753151424147,-0.3841997068818568,0.6946740137662346,0.7885009224298646
976.18994,1.0,-0.01249993954859575,-0.011721488995781447,-0.009727755883714724,-0.005742382912684453,0.784763639207406,0.1403918711032966,-0.6357911141005707,-0.0031525168079171557,0.10973596660737733,0.9539709678859003,0.4065194506992084,-0.0037820995389040934,0.6132550757905026,-0.3752817216396981,0.7122308462270779,0.7802276841233957
976.54773,1.0,-0.00994120842693132,-0.024326136953358734,-0.017805324925586615,0.0053519796043760256,0.7757210244615826,0.1374992938518603,-0.6134888650783744,-0.010869445725899532,0.11683801807852116,0.9269809978980503,0.3831547426020717,-0.004742559265013468,0.6247508468390142,-0.3763942083825244,0.672926826830626,0.7758714381044679
976.90533,1.0,0.014340096115265308,-0.00290926252707162,-0.006078467743218943,0.011430308837827158,0.792130072786756,0.12942596902558812,-0.6253370797326122,-0.0053983364847123,0.14700375362665363,0.944251253611439,0.41664035472285793,-0.013428216057104906,0.6337797761579611,-0.3816134849806066,0.6707812417292095,0.7705887781483544
977.26288,1.0,0.01113176055199638,0.015071354416531743,0.012473306835711495,0.004297589738098872,0.7738610341106534,0.1513844328919624,-0.6450293695696426,-0.013059528853309297,0.17017605444204661,0.9437375653865849,0.39691576851961713,-0.011403334422440417,0.61431320973486,-0.36792145826339223,0.7023244202968594,0.7806321102400965
977.6203,1.0,0.006455898973445049,0.01776450306215512,0.0006278873630332809,-0.009932512002521264,0.775423441076565,0.13880576919826917,-0.6508668167244172,-0.0088677999459029,0.1546244639849139,0.9442167475761959,0.38258046448854255,-0.006536291366706017,0.6074283823157272,-0.37994979544138596,0.7158596138800839,0.7929895530635552
977.97766,1.0,0.008374977880658161,0.014607353672201348,0.00559284790547071,-0.01244998386818157,0.7659967238163339,0.1554938035323244,-0.6452786771908199,0.0016149171516413607,0.17610861777226988,0.90601346328849,0.4087913631242643,-0.0023828441008162823,0.6326284451004929,-0.3998011479817549,0.6863368139671356,0.8074927507901952
978.33484,1.0,-0.00018543509735400424,0.02039756737008895,-0.0013933731277019179,-0.0015031505930331618,0.7833979571331927,0.15147149008335414,-0.6262261684889509,0.0014402838715750373,0.15443948853699827,0.9149675394828691,0.41692025114114684,0.00037767832498542404,0.6511900971559235,-0.41868287625273387,0.7000233864881229,0.8235291162452334
978.69202,1.0,-0.002404563532087491,-0.003990361803335479,0.010781097916300155,0.009792261924967105,0.7549647680304064,0.18795911112550123,-0.6357888461539887,0.008985935172963266,0.14906435407379826,0.937383966780894,0.4148990017591504,-0.00993910340386892,0.6639237304104858,-0.41486494137538427,0.7093026293365255,0.8405549584358929
979.04901,1.0,-0.0019222897582844554,-0.00039976290900909934,0.02568083538746711,0.01654400389903404,0.7596225742734738,0.16739692843625145,-0.6490261210068544,0.006672802733537104,0.1520746449817199,0.9343736973501613,0.40387313489236343,-0.018192753453664032,0.6633270798272517,-0.383083467174014,0.7164722445450074,0.8305932631982658
979.40594,1.0,-0.0018474589803886348,0.005532858307176254,0.018590560008802808,0.0035713198283772256,0.7787701485462872,0.14899134406709194,-0.6441890058778846,0.0034066414696958093,0.1573373105877486,0.9453434453667245,0.4037162590147119,-0.00704079823805451,0.6664079957037626,-0.3749726813614696,0.7076326502722518,0.8148385044871296
979.76276,1.0,0.008079049508388749,-0.00479828515005604,6.35168523282281e-05,0.004793711681464619,0.7473570541231587,0.16175466983502584,-0.6581948766006351,0.01036916711588321,0.16682492703012283,0.9858917420694198,0.3883548433895581,0.005927654212288931,0.6306398617913432,-0.37349902764291293,0.716808545871102,0.8052072985365213
980.11945,1.0,0.008733284574273751,0.004298892550089536,0.00022694258175300557,0.022274145848414334,0.7469608320855383,0.15756100345785942,-0.6297419394653697,0.0034369188825130654,0.15488967283059546,0.9816911755037158,0.3752554017909073,0.00042550350404455087,0.6479451402994126,-0.3894614428963036,0.7001401108043473,0.7915801796450385
980.47601,1.0,-0.0012672300742840158,0.004155236145098849,-0.00109358485582726,0.018634255188928715,0.7858652046001923,0.15451194003026944,-0.6101764899516438,-0.00035948955135263727,0.16054207294991144,0.9467237004167126,0.38949090627447647,-0.0037829809177123276,0.62893320078382,-0.39500532572696495,0.6915361904373337,0.7802123478192546
980.83252,1.0,-0.0047323676710135515,-0.0026433428898519,-0.017435435364936244,0.01818507091313329,0.7847172370549182,0.14529206269738726,-0.6019735130509719,0.0025487772359483987,0.15676736515754508,0.931323322197193,0.39116929560336217,0.0020454070755249448,0.6218894446917014,-0.42101998102035815,0.6672368305542952,0.7699283597200594
981.1889,1.0,-0.004463537737612029,0.0033726414263928694,-0.01131980734764275,-0.003917256056166204,0.8241023953085523,0.15802043437770588,-0.6158106544722314,0.006285393186897632,0.16446502759064396,0.9196907914562469,0.4070967476115054,0.000622325280215383,0.649831093029464,-0.39797561318842234,0.7002548984682068,0.7607036395525915
981.54523,1.0,-0.01122081021330678,0.0036652554022738723,-0.009215096802044851,-0.0001622135486593916,0.8102472280181281,0.15443906336259633,-0.5899008051253446,0.007130420028680779,0.16956335324354294,0.900499941823119,0.38444887897646984,-0.0075619769979459505,0.6727582013399945,-0.39265447159601535,0.6758834637739002,0.7687733504917511
981.90137,1.0,-0.01171621341305623,0.011366581996571416,-0.0003453610360258025,0.010411966246382508,0.8001074589299554,0.14426932891656677,-0.6190047840521581,0.00435810362684467,0.14884174123608107,0.9006983880874219,0.37946873747527304,-0.0067967393687140935,0.6495201807480165,-0.40260520182425713,0.6798807589664342,0.7801343480696522
982.25751,1.0,0.00976512418144966,6.6834277094102814e-06,0.013263307086633995,0.02114259575361284,0.7651162348532151,0.14965553708046095,-0.6433418860394031,0.01075928718654317,0.1369368379917004,0.932710176402658,0.3786099254598314,-0.005572199845548897,0.6408432318216518,-0.3969022771657384,0.6834431569787617,0.7827344000345862
982.61346,1.0,0.007681319840250902,-0.0007028405880859742,-0.0007579428439808258,0.009671544539152267,0.7680733394683752,0.15329575347554722,-0.5970361366057011,0.00830910610672985,0.14591485573970334,0.9432904919819931,0.37944740319932524,-0.005844171878372734,0.6329486573017276,-0.40947498303698593,0.6912083560098419,0.8013566562857156
982.9693,1.0,0.0046851069323806255,0.006003764520114137,0.003393566039216878,0.00881753416081209,0.7675417484565838,0.16209484285070622,-0.6017177730033789,0.0017255624392140338,0.15007359472355777,0.9593318750176356,0.37814212801701336,-0.010115962897623329,0.6405836097418092,-0.4216564580358926,0.7178050487632773,0.8030191299140144
983.32507,1.0,-0.007423898715102843,-0.0006377809389821862,0.0027775516121398168,0.0064828525031310705,0.796951383655848,0.16553735248842313,-0.6383608538810472,0.000646798879897272,0.15281655966087895,0.9491745121743377,0.3877203402371838,0.005283647592804984,0.6339846026094583,-0.40961662785622704,0.7193320042007733,0.8141605221751042
983.68079,1.0,-8.762094023513425e-05,-0.004216143907332287,-0.0015123375564851933,-0.004631625855465778,0.7937822875817833,0.15794605428184633,-0.6361665000921943,-0.0061200068178131825,0.18471653255548726,0.9620969818012467,0.39431071881432883,0.01508715194611633,0.6441008099371286,-0.4236416195775281,0.7013408263306541,0.8233272544668557
984.03632,1.0,0.01294410611146039,-0.0016743336022145337,-0.00835601681436148,-0.0012675185331852922,0.8023943283961571,0.15063378514783973,-0.6190913260333217,-0.013894928367271148,0.18332444818529825,0.9528950751304005,0.39591094164666346,0.014422111892097638,0.6597315457727796,-0.4160058535185554,0.7236014339940713,0.8219127914294548
984.39178,1.0,-0.0034116102398852534,0.01610202806848952,-0.018962367421127266,-0.0021196784810203133,0.8017806076015266,0.15716422614096884,-0.5988905372089539,-0.01151920579808669,0.16210030680337106,0.9381963399963403,0.3928545257278054,-0.0015794704962187318,0.6781107297848162,-0.4199283169100773,0.7237299016937587,0.8244100328158249
984.74713,1.0,0.00433989389259054,0.019856179101403706,-0.016733849447850006,0.005753714852075867,0.8098044835283768,0.18570725344075464,-0.5980445373559452,-8.464401221422618e-05,0.15379945202710735,0.942826232724028,0.38903239071762924,-0.014431127641860669,0.642698766252658,-0.4355510292725539,0.7300560625429384,0.8124489758275214
985.10236,1.0,0.01020124534942884,0.01803246865564765,-0.0005455991079705668,0.003655052841523194,0.7988366850617389,0.16750110740073867,-0.6365997554278294,0.007009511662463644,0.1777226500571119,0.948937736083546,0.3889674828971813,0.002736427350811161,0.6207685920354564,-0.4381956077914586,0.7677785897958678,0.7967901195251212
985.45752,1.0,0.011372416494190352,-0.009090985240389421,0.01325588078705665,0.015846816756203634,0.7812794201622201,0.1578363287029368,-0.653571687183268,-0.0028190187349232685,0.17789819281311642,0.9252385617049625,0.3883225699645197,0.008835598295086474,0.6274100103566195,-0.42698592803953667,0.7315603032270066,0.7862883075293533
985.81256,1.0,0.009242598331560358,0.0016300210259220613,-0.00593560169853609,-0.005279597551669402,0.7914069313297293,0.1886742980991315,-0.621045203876228,0.0066875986290533,0.15431710737349108,0.9114569165905668,0.4134266319772046,0.007802816701270494,0.6561157995918224,-0.42023822965156044,0.7314621940014846,0.7763556054454726
986.16748,1.0,-0.00430948391373458,0.0071699544387570195,0.0032833609230244506,0.0049823024626518605,0.7546391248750756,0.155541534885284,-0.6579791951379257,0.014921563148078807,0.136360462306669,0.9337457159372274,0.39396096139645764,-0.003942015757832281,0.6780181086328702,-0.42923671302815525,0.7347153955041024,0.7744365997419055
986.52234,1.0,0.0011344261122027625,0.0004379655305803403,0.010884903246655189,-0.00011739783395114649,0.7295985778601883,0.14518848136644397,-0.6531521361955582,0.004020359925633002,0.13782718582311795,0.9368985636823675,0.3795516520008777,0.0002613698004713935,0.6401363824231875,-0.4479843812566241,0.6804380978802869,0.7758036894427522
986.87701,1.0,0.012605837895261459,0.0016877633026636837,-0.004542764960300091,0.028778078811234068,0.7353945519447516,0.13946421029877076,-0.6749069623556491,0.010625437987827615,0.12837788971160385,0.9457953185688361,0.3868128045926963,-0.0068858824464954485,0.6255213306916921,-0.4396915301129365,0.6816089863188511,0.7762858883349151
987.23169,1.0,-0.007879498654503804,0.006829698815470049,-0.009839471346554218,0.008697049936169031,0.7957238831296577,0.15332152791155051,-0.6460256141615329,-0.009370616496990636,0.15820373639121826,0.937591047774327,0.40155025040793907,0.01364922676727789,0.6357390801960265,-0.42387990695672306,0.6982956776267872,0.7890909874645502
987.58618,1.0,-0.002486765953324511,0.003076645137547326,-0.009576891973883703,-0.010852100377449015,0.8006838587905801,0.14643063182990193,-0.6037351549026939,-0.02410234526396359,0.1904072800964189,0.9181769208054839,0.41045068957267095,0.01197482762938053,0.6325501078366335,-0.41608827097680845,0.7196828307230086,0.8090946764192779
987.94061,1.0,-0.013755528674105271,-0.005001658302441805,-0.007261621782594922,-0.026042256038227504,0.801696140359536,0.1307617659985029,-0.607640080748874,-0.021927443307359993,0.2078821028439103,0.9361785454305395,0.4201942427515898,0.00988896782071227,0.6422664694389527,-0.42414321804998406,0.7223481566055955,0.8338356143655339
988.29492,1.0,-0.01052260988558415,-0.018546316977226526,0.0007419765880615113,0.005400819681882858,0.8216154168721815,0.14344610017745793,-0.6321973982546034,-0.017080494900767088,0.16411003787544787,0.9528029001602409,0.4000189335304424,0.009403004117605857,0.6372143503001826,-0.42832850808258705,0.7166835500005752,0.8283478300933361
988.64911,1.0,-0.008937683957761745,-0.011815223041951248,0.019097282493024344,0.01673908535361178,0.8119196546021444,0.12376446154318413,-0.6714398738157854,0.006227193030183166,0.14371096929126526,0.9614593303498264,0.40613049212079694,-0.003729554612935382,0.6279545894266466,-0.4139421449723382,0.7155495053452837,0.81631533413308
989.00323,1.0,0.010928553800993902,-0.011191646591927291,0.019768849044888195,0.001964518763132779,0.7821959776629249,0.13517094073099026,-0.6683569348426568,-0.00039732448130851275,0.1536721134300168,0.9409800336911951,0.3896985712012845,-0.0035367968582052834,0.6246127675452564,-0.40365548913450516,0.6886174184699304,0.8071121984605165
989.35718,1.0,0.005148798304331184,-0.012761692604581014,0.008714433031307992,0.018842004539388436,0.7729142954597896,0.16233652676290655,-0.6293953015074736,-0.007387083837554101,0.15490501076989638,0.942757642343793,0.4021383848001042,0.015389259728379645,0.6585219090767738,-0.38497301396787625,0.7059963805518624,0.7939767689898896
989.71112,1.0,0.0027991850609742695,-0.015983012313615024,0.006612672028540306,0.017095843156462776,0.7988468253944813,0.1692327438452686,-0.6626307462717863,-0.007036061979926713,0.16215910989665208,0.9559291031446578,0.37948201327120346,-0.017166183268181374,0.6225499649325108,-0.4077951536393983,0.6545436937609785,0.7900232665832854
990.06488,1.0,0.011235016515411317,-0.004473292556208093,-0.006718218311314504,0.002781934116270088,0.7893547313060341,0.15739235630469053,-0.6354104925924816,-0.009010368817605908,0.17115422324491283,0.9470067506936874,0.3727833079212726,-0.005622232025407306,0.6150313439863341,-0.3716598217992593,0.6888074118547322,0.7849196378601747
990.41858,1.0,0.02056393582360028,-0.006972510049583259,-0.014457359957255668,0.0013323806469766673,0.7844941897863025,0.16361510251296058,-0.6080061938871437,-0.0012060252294358509,0.19187014506977,0.9571078179258639,0.3965423617601887,0.019006732665280957,0.6333802842442965,-0.38007284740769154,0.7277143590954532,0.7731366494499597
990.77216,1.0,0.011655413914481477,-0.009387635058843446,-0.011411530342346427,-0.007108757653761552,0.7685656004088095,0.16408950432845862,-0.6340652703899206,-0.017204566808800222,0.1799813645656139,0.9510620391468019,0.4118408970925307,0.01726302594686387,0.6196961849608269,-0.3927936236795889,0.7012849966930373,0.782182564567433
991.12561,1.0,-0.004564535128424361,0.002812995742702455,-0.014087919696516344,-0.01684500091619024,0.8057231499658274,0.12577193539526968,-0.6288425353687288,-0.005421403483874027,0.15913546148751728,0.9624123312507089,0.39882414008397143,0.0007246950602549705,0.6220036073676632,-0.42033930223909866,0.708903988809647,0.7804526890683788
991.479,1.0,-0.0003639178526029042,0.018497270523520456,-0.015957004984399063,-0.02597783619259519,0.8123439894901591,0.13529701291724583,-0.6033224103525842,0.010305630272763266,0.1586571734951145,0.9321280339145329,0.36720894137052634,-0.0030739041785925103,0.6551996789277363,-0.4278944143987303,0.6803129008129969,0.7826855486890709
991.83228,1.0,0.006410384086820375,0.01068960161896479,-0.015787966290549963,0.0007901172905386155,0.7675940111161254,0.16032551697821237,-0.6356928918822184,0.0010411967321261562,0.16094368082952473,0.9271614750342871,0.3656184438899136,0.002345700815338797,0.6422348625162602,-0.40988647905775394,0.7093753278723626,0.7827582795734592
992.18542,1.0,-0.0064101956349195185,-0.007593727831605771,-0.008324979881229766,0.002591704806953005,0.7898559548358641,0.17818593026638407,-0.5910743862872851,0.008168735522366207,0.13935289516790386,0.9221183016547133,0.3452180321839422,0.005349654292234956,0.625974326273341,-0.41311338408801074,0.7435246147859458,0.7922550955612636
992.53851,1.0,0.0011135106357224912,-0.00590343848773108,0.01583666573198475,0.0017590245257576018,0.8084824165695145,0.16454842547247328,-0.6296226624212011,0.014194664229415297,0.17651828367904598,0.9254993225365366,0.3844846191638739,0.020989717931722274,0.6458562161384713,-0.4451767707242618,0.7279097197666814,0.7993428935087207
992.89142,1.0,-0.004049039253831325,-0.0003751219145505965,0.034166091585627514,-0.002845509687331788,0.7720747693899178,0.13156794149185713,-0.6261110444428568,0.013433927243140976,0.18844509362516285,0.9670918641077206,0.39607502603144934,0.02796923256309454,0.6250668241300527,-0.40105455002156687,0.6684916062919563,0.8074767467174403
993.24432,1.0,-0.005492420894985901,-0.01939770618816921,0.01595532291621796,-0.014676566875981015,0.8179941402262992,0.14340405711031234,-0.6158011663583451,-0.0011281425867056473,0.1470627410670631,0.9423497548317269,0.40581815902239954,0.030394338292025393,0.6132428949176396,-0.3836122037578671,0.7056575273566126,0.8120619178592496
993.59705,1.0,0.008085792595412257,-0.0077408912377729235,0.0059221191319362215,-0.01691151929296998,0.8023194259261949,0.16032289683379872,-0.6303531676985419,-0.005864229359431749,0.1429995210553671,0.9458266317023416,0.42301870434266076,0.012802282425368534,0.6254749186831086,-0.38761788788677093,0.687776865538855,0.8070633106409957
993.94971,1.0,-0.0010064390908144853,0.0038191029537076385,0.009325320605939108,0.0020375894571222465,0.8013530875152851,0.17152044773270952,-0.6667044455868286,-0.009143981402341355,0.16966457595186207,0.9570659956207116,0.42012886685529355,0.009694897498623383,0.6257106779068157,-0.4031317017621226,0.7313910535148856,0.803242939374545
994.30225,1.0,-0.002662881432939708,-0.0025750304966827716,-0.008441798345862013,-0.01126444694117327,0.8078145032031363,0.16579359870831917,-0.6748683629410873,-0.017078902940172575,0.16829771197319682,0.9462966476209049,0.40470210753629376,0.007055770168300733,0.624400934386988,-0.4220052762299737,0.7477662173509754,0.778057772122769
994.65466,1.0,-0.014706944694931556,-0.001635007294524509,-0.012537700963159306,-0.019764264646493106,0.8186213093034865,0.17964373931494887,-0.6045683537539704,0.006508746888700538,0.1466538079088165,0.921862517692255,0.46172845642495747,0.007072834230748087,0.5932606175097692,-0.4247971301007778,0.7344829681025796,0.7673205240971867
995.00702,1.0,-0.02288113419577325,0.03128360438733051,0.01796548938057372,0.004428385727520469,0.8250307459020372,0.15571725735352804,-0.6105691023949116,0.00477921734525979,0.15747427366567462,0.9483580793719186,0.4545592955824261,0.006138644704557177,0.6367322106228507,-0.4627604255668574,0.7550740210479148,0.7579365582170501
995.35919,1.0,-0.026793955243071398,0.016432543837498613,0.0005732544878080452,-0.008929353476501856,0.8617781299334197,0.15707725060550828,-0.6262449033754227,0.0012916370129805422,0.16765146392493074,0.9053990268528803,0.43674142779383146,0.004438173429444107,0.6716931793662922,-0.4317177166965497,0.7292110516681304,0.7470443783844234
995.71136,1.0,-0.03488544439688875,0.007444439607183233,0.019988474934696257,0.004096285785663434,0.8292566240675422,0.17286427436721474,-0.6399654605692308,0.0011321014823808349,0.1628949899118865,0.9219815066227279,0.4444872120176728,-0.0006090214647728703,0.6490284476355108,-0.36732277027046717,0.7085462547858706,0.7418762053400428
996.06335,1.0,-0.024338947466314268,0.0006254102178352731,0.006677209261900075,0.021156665555385062,0.8120611540224919,0.12345671518554041,-0.6157917913294296,0.013060694372740241,0.16976045505019174,0.9347476303511059,0.4072977485435166,0.014247499319189892,0.6470777383124914,-0.3869983267050163,0.6537500336539656,0.7510869388117692
996.41528,1.0,-0.016647023828161328,0.004775136579830647,-0.008643351919470393,0.005429808352615352,0.8128227559937875,0.116714441553686,-0.619087083367979,0.008705869524535774,0.16723689818548823,0.9579562166133144,0.4169051774406453,0.018161695272905228,0.6615586682700557,-0.409201508076793,0.7436445285818448,0.7598037307696301
996.76709,1.0,-0.007069454822288608,0.0065855907661501335,-0.023819490986847987,0.020923437448004734,0.7846890089550347,0.11676381788729935,-0.603827613314009,-0.008816430267404385,0.14648249228492888,0.9523290660437471,0.4255863535952376,0.016814582366372725,0.6436703608838199,-0.3880903677315543,0.7299419140514984,0.7852335869456876
997.11877,1.0,-0.01522164435038822,-3.460844595425738e-06,-0.018116807446367195,0.010155321645959527,0.7794119421923547,0.11807440480999379,-0.5787583011440114,-0.012151832942312568,0.13713317601236388,0.927217319990703,0.3939718631021078,0.0015316026253043935,0.6034133951120872,-0.39584626899668596,0.7620905600807995,0.8057277629622513
997.4704,1.0,0.001132934099444809,-0.0036866604689561634,-0.00010995235771839697,0.021374948470306947,0.8182354776625276,0.1534162401082828,-0.6482260889360673,0.004982564170232863,0.13362637116345288,0.9400906513586097,0.41897390257797457,0.0038001442082529003,0.6327165710770369,-0.3979170795358689,0.7766039368086969,0.8063482792015741
997.8219,1.0,-0.005737433706085402,-0.0002530872987788765,-0.0070777760035174424,0.03246246249190019,0.8024891554129006,0.1302825629511683,-0.6395422437220517,-0.0072598660495015056,0.14044547425262144,0.9672855276131177,0.3819280891923679,-0.011784224535112913,0.6581676466875185,-0.3768891346967606,0.7506546544706529,0.8180668401797275
998.17328,1.0,-0.022720750987867536,0.016097368392513953,-0.002371215595239111,0.02573123906805105,0.7938407809707299,0.11377100937168794,-0.5987911165834513,-0.01709837937696292,0.15680987930282533,0.974436599470598,0.45201513293193374,-0.016128661215523987,0.6362810776662294,-0.3861045483851945,0.6915616608382782,0.8260774022535033
998.5246,1.0,-0.013927396329995971,0.015630301749789986,-0.009931525811867516,0.0014005021281659708,0.7968458945735062,0.14483413960157968,-0.599700648301095,-0.03159335875741649,0.1872812261300286,0.9358343994551518,0.41999762379579597,0.01769025416295443,0.6151235816667604,-0.41038048321207665,0.6987488455644721,0.8155767806052524
998.87573,1.0,-0.016649883690395027,-0.013456566332147169,-0.005448122311036396,0.01556776359849514,0.8153225886886619,0.16149796266924774,-0.5876288324698885,-0.012205269090907694,0.15022878918567534,0.9276238953494065,0.3765138254987738,0.0160051178626661,0.6002305527747352,-0.4156871563273777,0.7122516575667283,0.7988031547406161
999.22681,1.0,-0.014975926149704893,-0.012150414941050998,-0.003502155065219602,0.007736057297305474,0.8308161868938686,0.15687255159802996,-0.5769372291401507,0.005437881052542289,0.1324851899524775,0.9622408019135603,0.39929760859161906,0.007400101958095479,0.636221184073444,-0.454909456136592,0.721951043360829,0.7790137221170857
999.57782,1.0,-0.007726480929728551,-0.021580113481013238,0.009586379791733315,0.012400971436232217,0.8392973299260331,0.1531721751918051,-0.5861642246330028,0.014396937765213768,0.13945085673624247,1.0077593346070506,0.4221818010015905,-0.014284890827882164,0.6723397876033052,-0.4146273551576667,0.7133039165764082,0.7611020139481444
999.92871,1.0,-0.011653595836918832,-0.01981197329183873,0.011639779592667036,0.0037144850005867485,0.8009368360143739,0.1894664767456314,-0.6271195374621139,0.020002357518950853,0.16919529038320635,0.9837565880731868,0.46460910459975013,-0.01461239913750403,0.6339375553801325,-0.41773091664618445,0.6781579667664421,0.7507817083026761
