400.248140	33.327910	165.607061	32.772902	164.808631	32.194501	163.957849	31.591428	163.048806	30.962346	162.074596	30.305856	161.027129	29.620515	159.896806	28.904859	158.672215	28.157442	157.339720	27.376889	155.882848	26.561990	154.281569	25.711819	152.511373	24.825926	150.542021	23.904617	148.335885	22.949352	145.845915	21.963363	143.012855	20.952530	139.762026	19.926677	135.999411	18.901457	131.608117	17.900977	126.446726	16.961294	120.353945
400.746060	33.292178	165.638400	32.735464	164.841155	32.155281	163.991559	31.550357	163.083670	30.919346	162.110595	30.260847	161.064190	29.573412	159.934837	28.855576	158.711106	28.105891	157.379295	27.322979	155.922854	26.505630	154.321681	25.652919	152.551128	24.764403	150.580777	23.840399	148.372794	22.882387	145.879775	21.893637	143.042024	20.880080	139.784237	19.851636	136.011564	18.824100	131.605985	17.821811	126.424685	16.881170	120.304869
401.243900	33.256939	165.669347	32.698541	164.873275	32.116604	164.024844	31.509853	163.118103	30.876940	162.146141	30.216459	161.100786	29.526960	159.972401	28.806977	158.749518	28.055054	157.418378	27.269818	155.962364	26.450053	154.361295	25.594839	152.590384	24.703739	150.619048	23.777081	148.409223	22.816364	145.913175	21.824894	143.070762	20.808658	139.806058	19.777666	136.023378	18.747859	131.603581	17.743804	126.402451	16.802246	120.255693
401.741610	33.222199	165.699905	32.662137	164.904997	32.078474	164.057711	31.469921	163.152110	30.835133	162.181240	30.172698	161.136927	29.481167	160.009508	28.759067	158.787459	28.004940	157.456980	27.217411	156.001393	26.395267	154.400424	25.537587	152.629155	24.643943	150.656851	23.714669	148.445188	22.751291	145.946134	21.757142	143.099091	20.738270	139.827518	19.704774	136.034885	18.672739	131.600941	17.666961	126.380070	16.724525	120.206472
402.239230	33.187832	165.730129	32.626127	164.936366	32.040755	164.090218	31.430421	163.185742	30.793778	162.215957	30.129414	161.172673	29.435873	160.046204	28.711679	158.824983	27.955373	157.495156	27.165579	156.039989	26.341084	154.439107	25.480967	152.667482	24.584807	150.694203	23.652951	148.480705	22.686944	145.978654	21.690153	143.126991	20.668680	139.848565	19.632716	136.045999	18.598494	131.597915	17.591031	126.357322	16.647758	120.156901
402.736760	33.153789	165.760042	32.590457	164.967409	32.003390	164.122392	31.391294	163.219025	30.752816	162.250319	30.086541	161.208052	29.391009	160.082516	28.664742	158.862116	27.906281	157.532935	27.114245	156.078177	26.287423	154.477370	25.424897	152.705389	24.526248	150.731121	23.591838	148.515794	22.623230	146.010744	21.623829	143.154464	20.599787	139.869189	19.561392	136.056693	18.525016	131.594460	17.515907	126.334133	16.571837	120.106876
403.234160	33.120098	165.789634	32.555156	164.998124	31.966413	164.154228	31.352573	163.251957	30.712281	162.284315	30.044115	161.243057	29.346614	160.118447	28.618297	158.898855	27.857704	157.570312	27.063452	156.115957	26.234329	154.515223	25.369420	152.742881	24.468312	150.767621	23.531378	148.550471	22.560202	146.042420	21.558222	143.181537	20.531647	139.889425	19.490853	136.067005	18.452361	131.590650	17.441642	126.310597	16.496815	120.056517
403.731480	33.086756	165.818916	32.520223	165.028525	31.929822	164.185737	31.314256	163.284552	30.672168	162.317955	30.002131	161.277700	29.302683	160.154009	28.572340	158.935214	27.809637	157.607301	27.013193	156.153341	26.181795	154.552685	25.314531	152.779970	24.410993	150.803724	23.471564	148.584754	22.497853	146.073704	21.493324	143.208231	20.464250	139.909290	19.421092	136.076959	18.380518	131.586508	17.368225	126.286741	16.422679	120.005851
404.228670	33.053736	165.847914	32.485625	165.058622	31.893584	164.216932	31.276311	163.316819	30.632443	162.351265	29.960555	161.312002	29.259180	160.189214	28.526831	158.971209	27.762042	157.643918	26.963427	156.190344	26.129779	154.589760	25.260185	152.816665	24.354242	150.839440	23.412347	148.618642	22.436128	146.104606	21.429082	143.234543	20.397540	139.928776	19.352052	136.086550	18.309428	131.582002	17.295597	126.262527	16.349369	119.954816
404.725770	33.021004	165.876643	32.451331	165.088434	31.857664	164.247830	31.238699	163.348778	30.593068	162.384266	29.919346	161.345982	29.216063	160.224081	28.481726	159.006857	27.714870	157.680182	26.914108	156.226987	26.078230	154.626464	25.206328	152.852982	24.298005	150.874780	23.353670	148.652145	22.374969	146.135132	21.365434	143.260472	20.331453	139.947879	19.283666	136.095763	18.239026	131.577101	17.223692	126.237906	16.276815	119.903342
405.222780	32.988538	165.905105	32.417315	165.117977	31.822036	164.278442	31.201394	163.380448	30.554015	162.416963	29.878475	161.379644	29.173298	160.258625	28.436992	159.042171	27.668087	157.716103	26.865197	156.263283	26.027110	154.662809	25.152922	152.888937	24.242243	150.909747	23.295491	148.685278	22.314333	146.165274	21.302335	143.286014	20.265943	139.966594	19.215886	136.104580	18.169262	131.571785	17.152457	126.212835	16.204970	119.851380
405.719670	32.956400	165.933274	32.383643	165.147225	31.786769	164.308743	31.164465	163.411806	30.515359	162.449329	29.838020	161.412964	29.130969	160.292826	28.392714	159.077130	27.621783	157.751662	26.816788	156.299213	25.976516	154.698782	25.100068	152.924522	24.187059	150.944336	23.237918	148.718046	22.254331	146.195047	21.239902	143.311203	20.201129	139.984973	19.148833	136.113069	18.100258	131.566164	17.082015	126.187471	16.133952	119.799146
406.216430	32.924742	165.961099	32.350475	165.176114	31.752028	164.338681	31.128089	163.442786	30.477281	162.481302	29.798169	161.445890	29.089274	160.326626	28.349100	159.111682	27.576172	157.786803	26.769104	156.334724	25.926682	154.734348	25.048008	152.959707	24.132705	150.978540	23.181211	148.750446	22.195234	146.224490	21.178412	143.336107	20.137297	140.003128	19.082800	136.121405	18.032310	131.560495	17.012664	126.162181	16.064056	119.747138
406.713130	32.893525	165.988602	32.317769	165.204662	31.717773	164.368277	31.092221	163.473405	30.439735	162.512906	29.758876	161.478444	29.048163	160.360045	28.306098	159.145844	27.531203	157.821548	26.722091	156.369835	25.877549	154.769522	24.996681	152.994506	24.079116	151.012373	23.125305	148.782484	22.136974	146.253609	21.117796	143.360724	20.074374	140.021045	19.017712	136.129564	17.965343	131.554733	16.944327	126.136904	15.995202	119.695263
407.209720	32.862501	166.015876	32.285267	165.232974	31.683731	164.397625	31.056577	163.503763	30.402424	162.544247	29.719830	161.510719	29.007313	160.393173	28.263370	159.179706	27.486522	157.855993	26.675380	156.404633	25.828734	154.804370	24.945690	153.028966	24.025881	151.045852	23.069771	148.814163	22.079106	146.282358	21.057593	143.384948	20.011889	140.038554	18.953088	136.137289	17.898866	131.548489	16.876511	126.111079	15.926905	119.642754
407.706180	32.831600	166.042949	32.252894	165.261078	31.649825	164.426751	31.021076	163.533891	30.365265	162.575353	29.680945	161.542742	28.966631	160.426037	28.220818	159.213297	27.442027	157.890162	26.628867	156.439143	25.780128	154.838909	24.894921	153.063102	23.972881	151.078986	23.014487	148.845486	22.021503	146.310724	20.997671	143.408755	19.949704	140.055609	18.888786	136.144511	17.832737	131.541657	16.809073	126.084555	15.859022	119.589404
408.202550	32.800979	166.069757	32.220814	165.288907	31.616228	164.455596	30.985899	163.563726	30.328445	162.606158	29.642415	161.574454	28.926321	160.458582	28.178656	159.246567	27.397943	157.923995	26.582785	156.473311	25.731973	154.873101	24.844624	153.096889	23.920378	151.111770	22.959723	148.876458	21.964446	146.338739	20.938322	143.432226	19.888119	140.072323	18.825113	136.151406	17.767265	131.534504	16.742322	126.057711	15.791861	119.535730
408.698820	32.770710	166.096275	32.189101	165.316432	31.583015	164.484131	30.951126	163.593245	30.292047	162.636633	29.604327	161.605831	28.886475	160.490786	28.136981	159.279492	27.354367	157.957464	26.537236	156.507115	25.684377	154.906929	24.794911	153.130316	23.868485	151.144205	22.905600	148.907084	21.908059	146.366418	20.879672	143.455395	19.827265	140.088751	18.762201	136.158053	17.702586	131.527152	16.676395	126.030719	15.725553	119.481971
409.194980	32.740725	166.122537	32.157688	165.343692	31.550116	164.512384	30.916683	163.622482	30.255995	162.666811	29.566601	161.636901	28.847009	160.522675	28.095705	159.312088	27.311209	157.990600	26.492124	156.540579	25.637241	154.940411	24.745680	153.163397	23.817097	151.176301	22.852005	148.937369	21.852226	146.393764	20.821604	143.478232	19.767019	140.104865	18.699925	136.164393	17.638572	131.519504	16.611163	126.003442	15.659970	119.427938
409.691040	32.710962	166.148568	32.126511	165.370716	31.517464	164.540384	30.882496	163.651462	30.220214	162.696722	29.529161	161.667691	28.807842	160.554277	28.054742	159.344378	27.268379	158.023430	26.447357	156.573727	25.590466	154.973567	24.696830	153.196148	23.766110	151.208062	22.798830	148.967316	21.796835	146.420767	20.764000	143.500711	19.707262	140.120627	18.638162	136.170365	17.575099	131.511465	16.546501	125.975744	15.594988	119.373444
410.186980	32.681378	166.174379	32.095519	165.397513	31.485009	164.568153	30.848517	163.680191	30.184650	162.726377	29.491948	161.698217	28.768914	160.585601	28.014031	159.376386	27.225815	158.055965	26.402869	156.606572	25.543986	155.006413	24.648290	153.228573	23.715450	151.239483	22.745999	148.996911	21.741807	146.447411	20.706779	143.522816	19.647909	140.135996	18.576827	136.175915	17.512079	131.502963	16.482322	125.947522	15.530522	119.318341
410.682830	32.652016	166.199955	32.064758	165.424067	31.452796	164.595677	30.814794	163.708653	30.149355	162.755764	29.455016	161.728467	28.730280	160.616638	27.973629	159.408107	27.183576	158.088198	26.358722	156.639108	25.497864	155.038949	24.600127	153.260674	23.665185	151.270567	22.693584	149.026168	21.687215	146.473712	20.650017	143.544578	19.589037	140.151014	18.515999	136.181106	17.449592	131.494087	16.418703	125.918900	15.466650	119.262798
411.178590	32.623037	166.225247	32.034400	165.450325	31.421004	164.622896	30.781511	163.736802	30.114520	162.784830	29.418568	161.758388	28.692153	160.647343	27.933758	159.439483	27.141892	158.120091	26.315156	156.671300	25.452349	155.071143	24.552597	153.292441	23.615583	151.301328	22.641863	149.055123	21.633347	146.499732	20.594009	143.566092	19.530951	140.165830	18.455987	136.186158	17.387951	131.485148	16.355957	125.890310	15.403675	119.207408
411.674220	32.594466	166.250248	32.004473	165.476280	31.389662	164.649796	30.748700	163.764634	30.080178	162.813565	29.382637	161.787970	28.654567	160.677707	27.894453	159.470504	27.100800	158.151637	26.272212	156.703142	25.407481	155.102987	24.505745	153.323871	23.566687	151.331770	22.590880	149.083784	21.580249	146.525483	20.538804	143.587375	19.473701	140.180470	18.396842	136.191111	17.327206	131.476201	16.294135	125.861831	15.341644	119.152280
412.169770	32.566118	166.275022	31.974778	165.501999	31.358564	164.676453	30.716143	163.792217	30.046105	162.842033	29.346987	161.817283	28.617277	160.707787	27.855458	159.501241	27.060033	158.182887	26.229608	156.734682	25.362972	155.134519	24.459268	153.354986	23.518188	151.361892	22.540311	149.112115	21.527587	146.550905	20.484056	143.608334	19.416930	140.194783	18.338200	136.195728	17.266991	131.466912	16.232869	125.832989	15.280201	119.096763
412.665190	32.537890	166.299602	31.945207	165.527518	31.327599	164.702903	30.683727	163.819585	30.012179	162.870268	29.311491	161.846360	28.580151	160.737613	27.816634	159.531728	27.019448	158.213867	26.187194	156.765942	25.318666	155.165759	24.413006	153.385795	23.469916	151.391690	22.489983	149.140099	21.475180	146.575965	20.429579	143.628915	19.360448	140.208684	18.279869	136.199879	17.207108	131.457100	16.171963	125.803529	15.219150	119.040508
413.160520	32.509823	166.323978	31.915805	165.552823	31.296810	164.729132	30.651495	163.846719	29.978449	162.898270	29.276201	161.875190	28.543239	160.767185	27.778037	159.561949	26.979101	158.244569	26.145031	156.796918	25.274625	155.196703	24.367022	153.416301	23.421937	151.421173	22.439964	149.167759	21.423099	146.600690	20.375446	143.649142	19.304331	140.222211	18.221923	136.203631	17.147633	131.446846	16.111493	125.773571	15.158567	118.983674
413.655730	32.481960	166.348138	31.886618	165.577900	31.266247	164.755125	30.619501	163.873604	29.944966	162.926027	29.241172	161.903756	28.506601	160.796494	27.739727	159.591887	26.939056	158.274983	26.103185	156.827599	25.230915	155.227346	24.321390	153.446500	23.374324	151.450343	22.390333	149.195109	21.371423	146.625100	20.321740	143.669040	19.248661	140.235407	18.164446	136.207046	17.088652	131.436237	16.051544	125.743239	15.098532	118.926430
414.150880	32.454322	166.372079	31.857667	165.602748	31.235932	164.780878	30.587767	163.900242	29.911757	162.953527	29.206429	161.932059	28.470262	160.825529	27.701733	159.621539	26.899341	158.305108	26.061686	156.857981	25.187569	155.257688	24.276138	153.476393	23.327112	151.479208	22.341120	149.222151	21.320188	146.649204	20.268497	143.688632	19.193475	140.248297	18.107478	136.210165	17.030205	131.425327	15.992152	125.712595	15.039083	118.868867
414.645870	32.426953	166.395786	31.828998	165.627354	31.205913	164.806378	30.556342	163.926619	29.878873	162.980752	29.172025	161.960087	28.434281	160.854274	27.664112	159.650895	26.860017	158.334935	26.020597	156.888057	25.144653	155.287725	24.231335	153.505976	23.280372	151.507769	22.292400	149.248889	21.269469	146.673015	20.215792	143.707949	19.138854	140.260927	18.051099	136.213049	16.972372	131.414206	15.933400	125.681765	14.980299	118.811159
415.140780	32.399909	166.419246	31.800671	165.651707	31.176251	164.831615	30.525294	163.952726	29.846382	163.007697	29.138033	161.987825	28.398732	160.882729	27.626943	159.679961	26.821166	158.364464	25.980002	156.917834	25.102254	155.317468	24.187073	153.535264	23.234196	151.536046	22.244270	149.275357	21.219367	146.696575	20.163730	143.727048	19.084902	140.273382	17.995415	136.215803	16.915260	131.403025	15.875391	125.650955	14.922278	118.753574
415.635590	32.373190	166.442460	31.772687	165.675807	31.146948	164.856592	30.494621	163.978566	29.814285	163.034369	29.104454	162.015277	28.363613	160.910900	27.590224	159.708746	26.782788	158.393703	25.939901	156.947323	25.060371	155.346923	24.143351	153.564265	23.188584	151.564045	22.196730	149.301566	21.169879	146.719895	20.112309	143.745936	19.031617	140.285674	17.940424	136.218440	16.858864	131.391799	15.818123	125.620187	14.865017	118.696137
416.130310	32.346679	166.465471	31.744919	165.699694	31.117872	164.881350	30.464187	164.004179	29.782436	163.060808	29.071138	162.042485	28.328770	160.938820	27.553794	159.737272	26.744713	158.422679	25.900119	156.976545	25.018822	155.376097	24.099980	153.592990	23.143339	151.591761	22.149576	149.327496	21.120796	146.742931	20.061313	143.764545	18.978777	140.297686	17.885899	136.220800	16.802957	131.380288	15.761366	125.589130	14.808294	118.638399
416.624910	32.320289	166.488306	31.717276	165.723397	31.088928	164.905915	30.433891	164.029592	29.750733	163.087038	29.037975	162.069479	28.294088	160.966510	27.517535	159.765555	26.706816	158.451410	25.860526	157.005512	24.977473	155.404997	24.056819	153.621442	23.098317	151.619188	22.102658	149.353125	21.071964	146.765650	20.010582	143.782818	18.926218	140.309326	17.831674	136.222761	16.747371	131.368316	15.704955	125.557537	14.751946	118.580028
417.119380	32.294007	166.510962	31.689746	165.746920	31.060104	164.930291	30.403721	164.054807	29.719164	163.113060	29.004952	162.096260	28.259553	160.993978	27.481432	159.793600	26.669083	158.479892	25.821106	157.034221	24.936307	155.433634	24.013851	153.649614	23.053502	151.646328	22.055957	149.378445	21.023362	146.788048	19.960095	143.800745	18.873920	140.320587	17.777728	136.224302	16.692084	131.355869	15.648868	125.525379	14.695953	118.520983
417.613800	32.267867	166.533433	31.662369	165.770255	31.031438	164.954472	30.373716	164.079819	29.687771	163.138865	28.972112	162.122822	28.225212	161.021221	27.445531	159.821409	26.631564	158.508123	25.781909	157.062672	24.895377	155.462017	23.971133	153.677513	23.008949	151.673193	22.009532	149.403471	20.975051	146.810152	19.909917	143.818359	18.821948	140.331522	17.724125	136.225488	16.637162	131.343040	15.593170	125.492781	14.640375	118.461427
418.108060	32.242001	166.555689	31.635279	165.793361	31.003074	164.978421	30.344028	164.104592	29.656708	163.164426	28.939619	162.149132	28.191234	161.048205	27.410010	159.848958	26.594442	158.536092	25.743130	157.090857	24.854881	155.490134	23.928871	153.705148	22.964872	151.699795	21.963604	149.428252	20.927260	146.832020	19.860282	143.835763	18.770541	140.342280	17.671110	136.226529	16.582851	131.330111	15.538103	125.460143	14.585448	118.401900
418.602260	32.216452	166.577729	31.608517	165.816232	30.975054	165.002132	30.314701	164.129120	29.626021	163.189741	28.907521	162.175188	28.157670	161.074927	27.374923	159.876247	26.557775	158.563807	25.704825	157.118785	24.814882	155.517987	23.887127	153.732536	22.921335	151.726151	21.918242	149.452816	20.880057	146.853682	19.811259	143.853002	18.719771	140.352924	17.618757	136.227509	16.529223	131.317186	15.483739	125.427608	14.531241	118.342592
419.096340	32.191075	166.599587	31.581937	165.838914	30.947226	165.025644	30.285575	164.153440	29.595544	163.214841	28.875645	162.201021	28.124337	161.101418	27.340079	159.903299	26.521363	158.591276	25.666788	157.146461	24.775165	155.545584	23.845678	153.759665	22.878108	151.752244	21.873205	149.477111	20.833196	146.875073	19.762595	143.869964	18.669379	140.363289	17.566801	136.228206	16.476012	131.303961	15.429814	125.394751	14.477498	118.282931
419.590300	32.165790	166.621285	31.555455	165.861433	30.919501	165.048981	30.256558	164.177578	29.565184	163.239748	28.843888	162.226655	28.091130	161.127701	27.305369	159.930134	26.485093	158.618512	25.628901	157.173893	24.735608	155.572934	23.804397	153.786534	22.835061	151.778072	21.828358	149.501114	20.786538	146.896162	19.714144	143.886596	18.619216	140.373292	17.515089	136.228502	16.423065	131.290278	15.376178	125.361342	14.424071	118.222610
420.084200	32.140711	166.642798	31.529192	165.883767	30.892004	165.072122	30.227780	164.201515	29.535076	163.264450	28.812395	162.252075	28.058200	161.153765	27.270947	159.956745	26.449125	158.645518	25.591330	157.201093	24.696382	155.600051	23.763465	153.813164	22.792379	151.803664	21.783894	149.524882	20.740279	146.917029	19.666113	143.903012	18.569489	140.383087	17.463833	136.228607	16.370593	131.276417	15.323036	125.327765	14.371161	118.162138
420.577940	32.115940	166.664102	31.503250	165.905886	30.864844	165.095041	30.199354	164.225229	29.505335	163.288926	28.781288	162.277261	28.025675	161.179592	27.236947	159.983117	26.413597	158.672290	25.554221	157.228059	24.657637	155.626934	23.723035	153.839563	22.750221	151.829035	21.739977	149.548455	20.694591	146.937726	19.618675	143.919300	18.520378	140.392795	17.413217	136.228687	16.318781	131.262607	15.270571	125.294337	14.318940	118.101941
421.071620	32.091438	166.685210	31.477590	165.927805	30.837978	165.117754	30.171237	164.248727	29.475917	163.313183	28.750520	162.302223	27.993504	161.205192	27.203320	160.009256	26.378458	158.698827	25.517519	157.254796	24.619317	155.653586	23.683049	153.865737	22.708527	151.854191	21.696543	149.571829	20.649408	146.958240	19.571764	143.935435	18.471815	140.402382	17.363168	136.228692	16.267557	131.248782	15.218712	125.260964	14.267341	118.041886
421.565160	32.067147	166.706138	31.452148	165.949536	30.811342	165.140277	30.143360	164.272020	29.446751	163.337225	28.720016	162.326968	27.961609	161.230573	27.169983	160.035165	26.343625	158.725131	25.481135	157.281299	24.581331	155.680003	23.643413	153.891681	22.667199	151.879123	21.653492	149.594980	20.604625	146.978533	19.525273	143.951360	18.423690	140.411779	17.313575	136.228522	16.216807	131.234805	15.167347	125.227462	14.216254	117.981725
422.058620	32.042963	166.726919	31.426818	165.971107	30.784825	165.162637	30.115608	164.295143	29.417718	163.361088	28.689649	162.351527	27.929859	161.255760	27.136799	160.060876	26.308952	158.751229	25.444921	157.307586	24.543525	155.706194	23.603966	153.917395	22.626070	151.903814	21.610652	149.617879	20.560065	146.998566	19.479016	143.967006	18.375814	140.420877	17.264247	136.228022	16.166340	131.220450	15.116285	125.193520	14.165496	117.921040
422.551970	32.018846	166.747565	31.401561	165.992531	30.758386	165.184845	30.087937	164.318114	29.388769	163.384789	28.659374	162.375915	27.898206	161.280768	27.103715	160.086405	26.274385	158.777136	25.408820	157.333667	24.505838	155.732168	23.564647	153.942880	22.585076	151.928258	21.567957	149.640520	20.515659	147.018326	19.432924	143.982349	18.328116	140.429641	17.215112	136.227142	16.116082	131.205640	15.065454	125.159027	14.114997	117.859684
423.045230	31.994939	166.768044	31.376525	166.013782	30.732177	165.206877	30.060509	164.340902	29.360075	163.408306	28.629364	162.400114	27.866830	161.305581	27.070921	160.111735	26.240123	158.802839	25.373038	157.359542	24.468484	155.757940	23.525676	153.968162	22.544448	151.952503	21.525644	149.662972	20.471653	147.037909	19.387248	143.997530	18.280852	140.438259	17.166429	136.226138	16.066293	131.190733	15.015110	125.124469	14.065000	117.798299
423.538360	31.971347	166.788330	31.351818	166.034842	30.706311	165.228710	30.033441	164.363481	29.331757	163.431618	28.599748	162.424105	27.835867	161.330184	27.038560	160.136851	26.206313	158.828325	25.337726	157.385208	24.431623	155.783518	23.487218	153.993256	22.504355	151.976581	21.483889	149.685281	20.428226	147.057378	19.342174	144.012643	18.234211	140.446865	17.118389	136.225195	16.017167	131.175992	14.965441	125.090198	14.015688	117.737358
424.031400	31.947953	166.808452	31.327319	166.055740	30.680663	165.250368	30.006601	164.385882	29.303677	163.454746	28.570381	162.447907	27.805165	161.354592	27.006472	160.161769	26.172790	158.853610	25.302716	157.410674	24.395077	155.808891	23.449090	154.018150	22.464607	152.000461	21.442493	149.707395	20.385175	147.076660	19.297494	144.027586	18.187980	140.455318	17.070776	136.224119	15.968485	131.161137	14.916233	125.055836	13.966854	117.676351
424.524320	31.924652	166.828438	31.302917	166.076497	30.655117	165.271870	29.979868	164.408133	29.275712	163.477707	28.541135	162.471531	27.774590	161.378820	26.974518	160.186502	26.139405	158.878705	25.267852	157.435945	24.358687	155.834050	23.411126	154.042831	22.425032	152.024119	21.401281	149.729270	20.342318	147.095690	19.253020	144.042262	18.141968	140.463488	17.023396	136.222732	15.920052	131.145920	14.867295	125.021041	13.918313	117.614825
425.017150	31.901500	166.848283	31.278672	166.097104	30.629738	165.293220	29.953309	164.430225	29.247927	163.500500	28.512079	162.494984	27.744214	161.402873	26.942772	160.211057	26.106240	158.903620	25.233219	157.461029	24.322537	155.859020	23.373415	154.067316	22.385723	152.047582	21.360347	149.750950	20.299753	147.114529	19.208852	144.056746	18.096277	140.471467	16.976352	136.221151	15.871970	131.130505	14.818726	124.986033	13.870160	117.553066
425.509890	31.878570	166.867980	31.254661	166.117548	30.604601	165.314415	29.927005	164.452144	29.220410	163.523121	28.483304	162.518266	27.714131	161.426752	26.911334	160.235434	26.073396	158.928357	25.198921	157.485931	24.286738	155.883823	23.336071	154.091626	22.346796	152.070882	21.319811	149.772482	20.257604	147.133243	19.165117	144.071124	18.051036	140.479364	16.929775	136.219519	15.824371	131.115094	14.770653	124.951078	13.822516	117.491428
426.002500	31.855865	166.887520	31.230885	166.137829	30.579712	165.335448	29.900959	164.473895	29.193164	163.545570	28.454812	162.541377	27.684346	161.450453	26.880206	160.259628	26.040878	158.952913	25.164962	157.510654	24.251293	155.908450	23.299097	154.115768	22.308256	152.094020	21.279679	149.793870	20.215876	147.151827	19.121819	144.085399	18.006251	140.487192	16.883669	136.217856	15.777259	131.099699	14.723081	124.916197	13.775385	117.429940
426.495030	31.833359	166.906905	31.207316	166.157959	30.555041	165.356322	29.875142	164.495489	29.166158	163.567857	28.426569	162.564323	27.654821	161.473980	26.849351	160.283645	26.008646	158.977293	25.131305	157.535202	24.216162	155.932893	23.262451	154.139747	22.270059	152.116992	21.239906	149.815107	20.174523	147.170261	19.078911	144.099551	17.961870	140.494927	16.837983	136.216133	15.730583	131.084261	14.675959	124.881314	13.728718	117.368497
426.987430	31.810989	166.926161	31.183889	166.177958	30.530519	165.377051	29.849481	164.516941	29.139316	163.589997	28.398498	162.587112	27.625477	161.497345	26.818686	160.307498	25.976612	159.001505	25.097856	157.559576	24.181250	155.957162	23.226035	154.163549	22.232103	152.139786	21.200386	149.836165	20.133434	147.188517	19.036280	144.113522	17.917779	140.502480	16.792601	136.214224	15.684226	131.068625	14.629172	124.846215	13.682404	117.306810
427.479740	31.788707	166.945310	31.160556	166.197840	30.506094	165.397655	29.823923	164.538262	29.112581	163.612005	28.370542	162.609752	27.596252	161.520565	26.788147	160.331206	25.944711	159.025561	25.064545	157.583781	24.146485	155.981269	23.189773	154.187169	22.194309	152.162403	21.161037	149.857031	20.092526	147.206581	18.993842	144.127276	17.873892	140.509790	16.747436	136.212045	15.638100	131.052688	14.582634	124.810751	13.636360	117.244673
427.971950	31.766596	166.964329	31.137403	166.217584	30.481857	165.418119	29.798562	164.559436	29.086052	163.633860	28.342802	162.632237	27.567254	161.543628	26.757845	160.354757	25.913057	159.049455	25.031493	157.607826	24.111991	156.005217	23.153794	154.210627	22.156812	152.184866	21.121999	149.877745	20.051942	147.224506	18.951741	144.140903	17.830356	140.516985	16.702638	136.209769	15.592354	131.036675	14.536491	124.775227	13.590724	117.182496
428.464050	31.744742	166.983191	31.114518	166.237168	30.457902	165.438427	29.773497	164.580445	29.059832	163.655547	28.315384	162.654561	27.538594	161.566524	26.727896	160.378137	25.881773	159.073180	24.998827	157.631720	24.077899	156.029007	23.118235	154.233945	22.119752	152.207198	21.083414	149.898349	20.011831	147.242347	18.910131	144.154494	17.787330	140.524200	16.658364	136.207578	15.547146	131.020823	14.490895	124.739964	13.545641	117.120710
428.956050	31.723087	167.001918	31.091842	166.256615	30.434167	165.458593	29.748661	164.601307	29.033851	163.677083	28.288218	162.676736	27.510197	161.589268	26.698222	160.401359	25.850775	159.096747	24.966461	157.655464	24.044121	156.052645	23.083005	154.257122	22.083034	152.229393	21.045187	149.918831	19.972092	147.260080	18.868908	144.168005	17.744705	140.531365	16.614505	136.205374	15.502367	131.004993	14.445742	124.704774	13.501011	117.059060
429.447940	31.701542	167.020543	31.069280	166.275955	30.410551	165.478635	29.723949	164.622049	29.008003	163.698496	28.261189	162.698782	27.481943	161.611879	26.668699	160.424440	25.819937	159.120175	24.934262	157.679056	24.010518	156.076132	23.047959	154.280152	22.046510	152.251437	21.007165	149.939161	19.932567	147.277663	18.827909	144.181354	17.702315	140.538358	16.570894	136.202988	15.457849	130.988958	14.400863	124.669347	13.456674	116.997127
429.939730	31.680056	167.039072	31.046782	166.295195	30.387001	165.498570	29.699306	164.642681	28.982229	163.719794	28.234238	162.720709	27.453770	161.634367	26.639262	160.447390	25.789190	159.143471	24.902160	157.702504	23.977017	156.099474	23.013020	154.303025	22.010101	152.273316	20.969264	149.959319	19.893171	147.295062	18.787049	144.194496	17.660072	140.545118	16.527441	136.200330	15.413503	130.972598	14.356173	124.633509	13.412548	116.934677
430.431400	31.658628	167.057497	31.024344	166.314328	30.363514	165.518406	29.674731	164.663204	28.956525	163.740978	28.207361	162.742519	27.425678	161.656732	26.609908	160.470216	25.758531	159.166634	24.870151	157.725813	23.943616	156.122673	22.978186	154.325739	21.973803	152.295029	20.931480	149.979301	19.853899	147.312268	18.746321	144.207429	17.617973	140.551650	16.484143	136.197396	15.369325	130.955909	14.311667	124.597251	13.368627	116.871697
430.922970	31.637430	167.075791	31.002148	166.333326	30.340279	165.538110	29.650420	164.683588	28.931097	163.762022	28.180774	162.764184	27.397889	161.678952	26.580871	160.492903	25.728202	159.189658	24.838487	157.748989	23.910573	156.145747	22.943727	154.348334	21.937896	152.316640	20.894103	149.999200	19.815050	147.329414	18.706032	144.220343	17.576328	140.558211	16.441313	136.194545	15.325625	130.939377	14.267650	124.561241	13.325199	116.809073
431.414460	31.616641	167.093927	30.980379	166.352160	30.317494	165.557647	29.626579	164.703807	28.906158	163.782902	28.154698	162.785674	27.370633	161.701005	26.552391	160.515437	25.698455	159.212535	24.807427	157.772036	23.878161	156.168711	22.909924	154.370854	21.902669	152.338215	20.857431	150.019113	19.776932	147.346642	18.666497	144.233434	17.535456	140.565066	16.399273	136.192149	15.282727	130.923507	14.224435	124.526168	13.282563	116.747725
431.905820	31.596069	167.111942	30.958838	166.370872	30.294947	165.577054	29.602986	164.723895	28.881480	163.803650	28.128894	162.807027	27.343661	161.722922	26.524208	160.537833	25.669018	159.235277	24.776692	157.794953	23.846086	156.191547	22.876473	154.393260	21.867809	152.359689	20.821141	150.038946	19.739212	147.363815	18.627374	144.246504	17.495011	140.571935	16.357672	136.189825	15.240280	130.907773	14.181681	124.491314	13.240393	116.686695
432.397090	31.575420	167.129895	30.937217	166.389524	30.272318	165.596391	29.579308	164.743911	28.856714	163.824315	28.102999	162.828304	27.316595	161.744750	26.495928	160.560125	25.639480	159.257910	24.745856	157.817744	23.813908	156.214236	22.842915	154.415500	21.832842	152.380970	20.784744	150.058561	19.701384	147.380729	18.588147	144.259257	17.454465	140.578403	16.315978	136.186996	15.197752	130.891382	14.138868	124.455587	13.198195	116.624527
432.888240	31.554778	167.147772	30.915603	166.408098	30.249694	165.615645	29.555639	164.763838	28.831958	163.844884	28.077115	162.849489	27.289540	161.766480	26.467661	160.582309	25.609956	159.280430	24.715036	157.840410	23.781749	156.236794	22.809379	154.437597	21.797899	152.402095	20.748377	150.078000	19.663590	147.397448	18.548958	144.271782	17.413965	140.584602	16.274340	136.183835	15.155292	130.874572	14.096138	124.419309	13.156105	116.561645
433.379300	31.534362	167.165534	30.894225	166.426546	30.227318	165.634775	29.532228	164.783637	28.807471	163.865325	28.051513	162.870548	27.262781	161.788084	26.439702	160.604373	25.580757	159.302829	24.684552	157.862958	23.749941	156.259255	22.776210	154.459606	21.763337	152.423152	20.712405	150.097381	19.626207	147.414140	18.510194	144.284318	17.373905	140.590869	16.233153	136.180799	15.113295	130.857960	14.053877	124.383324	13.114487	116.499173
433.870270	31.514210	167.183176	30.873125	166.444868	30.205231	165.653780	29.509119	164.803307	28.783300	163.885641	28.026242	162.891477	27.236368	161.809561	26.412104	160.626316	25.551934	159.325109	24.654459	157.885398	23.718541	156.281626	22.743467	154.481538	21.729218	152.444154	20.676892	150.116733	19.589300	147.430844	18.471923	144.296914	17.334352	140.597266	16.192487	136.177981	15.071827	130.841669	14.012151	124.347801	13.073402	116.437331
434.361110	31.494273	167.200711	30.852248	166.463084	30.183381	165.672674	29.486257	164.822869	28.759388	163.905848	28.001240	162.912288	27.210235	161.830917	26.384801	160.648140	25.523417	159.347274	24.624687	157.907739	23.687476	156.303895	22.711071	154.503382	21.695463	152.465079	20.641756	150.136043	19.552783	147.447531	18.434056	144.309524	17.295216	140.603720	16.152250	136.175289	15.030799	130.825574	13.970871	124.312572	13.032766	116.375896
434.851870	31.474486	167.218154	30.831530	166.481209	30.161696	165.691471	29.463568	164.842333	28.735658	163.925956	27.976427	162.932993	27.184301	161.852169	26.357706	160.669856	25.495117	159.369336	24.595143	157.929982	23.656648	156.326061	22.678922	154.525131	21.661966	152.485916	20.606890	150.155284	19.516547	147.464161	18.396481	144.322091	17.256382	140.610152	16.112326	136.172600	14.990092	130.809512	13.929923	124.277405	12.992469	116.314555
435.342500	31.454791	167.235517	30.810907	166.499249	30.140111	165.710178	29.440983	164.861703	28.712036	163.945965	27.951730	162.953601	27.158487	161.873330	26.330736	160.691475	25.466950	159.391302	24.565737	157.952119	23.625965	156.348124	22.646926	154.546776	21.628627	152.506655	20.572192	150.174415	19.480487	147.480683	18.359091	144.334555	17.217743	140.616479	16.072604	136.169784	14.949599	130.793315	13.889199	124.242060	12.952412	116.252993
435.833040	31.435168	167.252802	30.790360	166.517207	30.118605	165.728802	29.418483	164.880983	28.688503	163.965881	27.927126	162.974116	27.132772	161.894400	26.303868	160.713000	25.438889	159.413172	24.536445	157.974152	23.595402	156.370083	22.615056	154.568315	21.595420	152.527288	20.537631	150.193429	19.444573	147.497084	18.321853	144.346898	17.179265	140.622676	16.033053	136.166812	14.909287	130.776932	13.848668	124.206473	12.912564	116.191120
436.323490	31.415632	167.270004	30.769905	166.535078	30.097196	165.747345	29.396083	164.900178	28.665076	163.985712	27.902632	162.994540	27.107174	161.915370	26.277122	160.734430	25.410957	159.434939	24.507287	157.996081	23.564978	156.391934	22.583333	154.589750	21.562369	152.547809	20.503233	150.212333	19.408828	147.513374	18.284794	144.359134	17.140974	140.628753	15.993698	136.163723	14.869180	130.760396	13.808356	124.170705	12.872947	116.129014
436.813810	31.396232	167.287118	30.749592	166.552857	30.075937	165.765798	29.373841	164.919283	28.641813	164.005452	27.878310	163.014871	27.081754	161.936237	26.250565	160.755762	25.383222	159.456607	24.478333	158.017914	23.534769	156.413692	22.551834	154.611097	21.529552	152.568242	20.469079	150.231166	19.373338	147.529603	18.247999	144.371324	17.102956	140.634799	15.954628	136.160629	14.829366	130.743866	13.768346	124.134964	12.833639	116.066954
437.304050	31.377029	167.304142	30.729486	166.570547	30.054893	165.784153	29.351823	164.938294	28.618786	164.025095	27.854234	163.035110	27.056591	161.957013	26.224277	160.777004	25.355766	159.478189	24.449673	158.039668	23.504865	156.435381	22.520652	154.632380	21.497064	152.588633	20.435267	150.249983	19.338203	147.545844	18.211571	144.383554	17.065318	140.640938	15.915946	136.157674	14.789951	130.727560	13.728738	124.099523	12.794736	116.005302
437.794160	31.357998	167.321079	30.709560	166.588149	30.034037	165.802413	29.330003	164.957213	28.595965	164.044641	27.830374	163.055255	27.031653	161.977698	26.198224	160.798153	25.328558	159.499683	24.421270	158.061342	23.475230	156.456996	22.489749	154.653593	21.464866	152.608973	20.401757	150.268765	19.303383	147.562072	18.175468	144.395792	17.028016	140.647128	15.877610	136.154806	14.750890	130.711403	13.689490	124.064286	12.756197	115.943926
438.284180	31.339053	167.337943	30.689724	166.605675	30.013276	165.820596	29.308281	164.976047	28.573247	164.064104	27.806623	163.075311	27.006830	161.998291	26.172290	160.819204	25.301474	159.521078	24.392998	158.082925	23.445732	156.478519	22.458992	154.674712	21.432821	152.629226	20.368406	150.287447	19.268729	147.578201	18.139540	144.407935	16.990897	140.653216	15.839465	136.151840	14.712028	130.695119	13.650452	124.028896	12.717880	115.882350
438.774080	31.320199	167.354737	30.669984	166.623126	29.992615	165.838706	29.286664	164.994797	28.550640	164.083483	27.782988	163.095280	26.982128	162.018797	26.146482	160.840165	25.274523	159.542383	24.364865	158.104417	23.416379	156.499951	22.428387	154.695746	21.400936	152.649393	20.335224	150.306040	19.234249	147.594243	18.103796	144.419999	16.953968	140.659219	15.801520	136.148795	14.673375	130.678735	13.611634	123.993388	12.679794	115.820618
439.263890	31.301511	167.371454	30.650417	166.640500	29.972135	165.856733	29.265238	165.013466	28.528231	164.102775	27.759560	163.115167	26.957644	162.039227	26.120902	160.861055	25.247808	159.563620	24.336978	158.125834	23.387283	156.521314	22.398049	154.716731	21.369329	152.669511	20.302330	150.324615	19.200069	147.610290	18.068362	144.432095	16.917361	140.665291	15.763903	136.145850	14.635058	130.662510	13.573157	123.958092	12.642053	115.759173
439.753600	31.282998	167.388094	30.631033	166.657796	29.951847	165.874679	29.244013	165.032056	28.506031	164.121983	27.736350	163.134975	26.933387	162.059582	26.095560	160.881873	25.221343	159.584790	24.309351	158.147181	23.358458	156.542617	22.367993	154.737671	21.338016	152.689591	20.269741	150.343182	19.166206	147.626356	18.033254	144.444240	16.881089	140.671455	15.726632	136.143035	14.597094	130.646484	13.535037	123.923059	12.604670	115.698081
440.243190	31.264609	167.404657	30.611779	166.675020	29.931696	165.892551	29.222931	165.050570	28.483981	164.141121	27.713297	163.154704	26.909295	162.079853	26.070390	160.902608	25.195056	159.605877	24.281911	158.168459	23.329828	156.563856	22.338141	154.758541	21.306914	152.709619	20.237373	150.361698	19.132572	147.642385	17.998385	144.456363	16.845064	140.677616	15.689617	136.140240	14.559394	130.630497	13.497188	123.888087	12.567564	115.637064
440.732700	31.246319	167.421150	30.592629	166.692172	29.911653	165.910352	29.201961	165.069014	28.462051	164.160193	27.690369	163.174357	26.885332	162.100043	26.045356	160.923260	25.168912	159.626881	24.254621	158.189668	23.301355	156.585027	22.308453	154.779336	21.275983	152.729586	20.205183	150.380146	19.099124	147.658354	17.963710	144.468433	16.809240	140.683732	15.652812	136.137416	14.521910	130.614474	13.459564	123.853073	12.530692	115.575984
441.222080	31.228135	167.437578	30.573590	166.709248	29.891727	165.928080	29.181113	165.087384	28.440248	164.179189	27.667574	163.193935	26.861509	162.120158	26.020468	160.943841	25.142921	159.647811	24.227490	158.210797	23.273048	156.606122	22.278939	154.800065	21.245233	152.749485	20.173183	150.398539	19.065874	147.674271	17.929240	144.480460	16.773631	140.689816	15.616227	136.134573	14.484656	130.598434	13.422177	123.818040	12.494066	115.514879
441.711360	31.210075	167.453941	30.554681	166.726251	29.871936	165.945734	29.160407	165.105680	28.418594	164.198104	27.644935	163.213440	26.837850	162.140201	25.995750	160.964356	25.117109	159.668675	24.200544	158.231853	23.244937	156.627148	22.249627	154.820740	21.214695	152.769328	20.141403	150.416896	19.032853	147.690161	17.895008	144.492479	16.738269	140.695910	15.579896	136.131763	14.447662	130.582448	13.385057	123.783078	12.457713	115.453871
442.200560	31.192173	167.470233	30.535936	166.743188	29.852317	165.963316	29.139881	165.123901	28.397126	164.216944	27.622492	163.232875	26.814394	162.160173	25.971246	160.984795	25.091520	159.689473	24.173832	158.252849	23.217068	156.648117	22.220568	154.841368	21.184420	152.789143	20.109896	150.435239	19.000114	147.706061	17.861068	144.504543	16.703207	140.702083	15.543874	136.129073	14.410984	130.566634	13.348257	123.748347	12.421682	115.393167
442.689640	31.174423	167.486454	30.517350	166.760061	29.832865	165.980829	29.119531	165.142048	28.375842	164.235712	27.600241	163.252240	26.791139	162.180075	25.946950	161.005159	25.066148	159.710203	24.147347	158.273790	23.189434	156.669034	22.191755	154.861950	21.154400	152.808935	20.078655	150.453567	18.967650	147.721972	17.827412	144.516650	16.668438	140.708332	15.508153	136.126497	14.374613	130.550985	13.311769	123.713840	12.385962	115.332754
443.178620	31.156768	167.502618	30.498865	166.776870	29.813519	165.998283	29.099291	165.160135	28.354674	164.254414	27.578110	163.271538	26.768010	162.199914	25.922788	161.025462	25.040914	159.730871	24.121006	158.294667	23.161953	156.689896	22.163100	154.882478	21.124546	152.828677	20.047586	150.471852	18.935366	147.737849	17.793943	144.528727	16.633863	140.714565	15.472633	136.123908	14.338450	130.535331	13.275496	123.679322	12.350466	115.272316
443.667480	31.139173	167.518732	30.480444	166.793616	29.794239	166.015680	29.079120	165.178166	28.333579	164.273057	27.556057	163.290770	26.744963	162.219691	25.898710	161.045709	25.015770	159.751477	24.094759	158.315473	23.134570	156.710697	22.134547	154.902943	21.094800	152.848351	20.016630	150.490072	18.903203	147.753659	17.760600	144.540726	16.599419	140.720720	15.437251	136.121224	14.302432	130.519555	13.239376	123.644639	12.315135	115.211648
444.156250	31.121634	167.534790	30.462081	166.810308	29.775021	166.033016	29.059013	165.196138	28.312552	164.291641	27.534074	163.309940	26.721990	162.239404	25.874709	161.065893	24.990707	159.772016	24.068598	158.336213	23.107276	156.731428	22.106089	154.923335	21.065154	152.867953	19.985778	150.508220	18.871148	147.769397	17.727371	144.552645	16.565096	140.726782	15.401996	136.118437	14.266550	130.503639	13.203402	123.609763	12.279963	115.150720
444.644930	31.104171	167.550789	30.443797	166.826948	29.755886	166.050290	29.038995	165.214046	28.291616	164.310168	27.512188	163.329047	26.699116	162.259048	25.850814	161.086009	24.965754	159.792487	24.042552	158.356892	23.080102	156.752090	22.077758	154.943660	21.035640	152.887492	19.955064	150.526310	18.839237	147.785082	17.694293	144.564512	16.530930	140.732789	15.366906	136.115600	14.230839	130.487653	13.167606	123.574789	12.244979	115.089658
445.133480	31.086841	167.566727	30.425653	166.843530	29.736896	166.067502	29.019129	165.231889	28.270840	164.328632	27.490468	163.348095	26.676417	162.278629	25.827100	161.106058	24.940990	159.812899	24.016705	158.377519	23.053135	156.772704	22.049643	154.963946	21.006350	152.907002	19.924584	150.544383	18.807567	147.800767	17.661464	144.576410	16.497022	140.738851	15.332080	136.112852	14.195398	130.471797	13.132086	123.539982	12.210272	115.028810
445.621920	31.069684	167.582603	30.407689	166.860047	29.718095	166.084654	28.999459	165.249666	28.250269	164.347028	27.468962	163.367080	26.653942	162.298149	25.803621	161.126046	24.916472	159.833259	23.991113	158.398100	23.026435	156.793282	22.021804	154.984215	20.977346	152.926508	19.894401	150.562472	18.776205	147.816496	17.628954	144.588394	16.463440	140.745046	15.297586	136.110291	14.160294	130.456212	13.096904	123.505531	12.175901	114.968422
446.110290	31.052702	167.598414	30.389909	166.876495	29.699486	166.101736	28.979989	165.267376	28.229908	164.365353	27.447674	163.385994	26.631695	162.317605	25.780380	161.145975	24.892201	159.853565	23.965779	158.418634	23.000003	156.813826	21.994243	155.004464	20.948631	152.946009	19.864518	150.580585	18.745154	147.832272	17.596764	144.600467	16.430187	140.751382	15.263429	136.107927	14.125531	130.440902	13.062064	123.471455	12.141868	114.908519
446.598510	31.035877	167.614156	30.372294	166.892871	29.681049	166.118743	28.960700	165.285017	28.209734	164.383604	27.426584	163.404833	26.609655	162.336996	25.757354	161.165842	24.868155	159.873814	23.940676	158.439113	22.973813	156.834326	21.966934	155.024681	20.920180	152.965492	19.834907	150.598705	18.714385	147.848079	17.564864	144.612599	16.397233	140.757828	15.229578	136.105720	14.091079	130.425807	13.027538	123.437676	12.108147	114.849002
447.086670	31.019145	167.629841	30.354776	166.909190	29.662715	166.135697	28.941519	165.302603	28.189673	164.401804	27.405611	163.423621	26.587737	162.356335	25.734456	161.185659	24.844242	159.894009	23.915713	158.459540	22.947769	156.854778	21.939778	155.044853	20.891888	152.984940	19.805461	150.616793	18.683788	147.863869	17.533143	144.624723	16.364464	140.764279	15.195918	136.103535	14.056824	130.410740	12.993214	123.403924	12.074634	114.789509
447.574710	31.002462	167.645478	30.337307	166.925461	29.644433	166.152609	28.922391	165.320140	28.169670	164.419961	27.384699	163.442367	26.565882	162.375626	25.711625	161.205427	24.820399	159.914149	23.890826	158.479910	22.921804	156.875171	21.912705	155.064964	20.863681	153.004331	19.776106	150.634815	18.653286	147.879598	17.501521	144.636782	16.331799	140.770654	15.162369	136.101265	14.022686	130.395556	12.959015	123.369993	12.041259	114.729765
448.062620	30.985822	167.661073	30.319883	166.941686	29.626198	166.169475	28.903314	165.337630	28.149719	164.438065	27.363842	163.461060	26.544085	162.394860	25.688855	161.225136	24.796621	159.934230	23.866006	158.500224	22.895909	156.895506	21.885707	155.085013	20.835553	153.023656	19.746834	150.652768	18.622871	147.895256	17.469991	144.648766	16.299231	140.776940	15.128923	136.098885	13.988659	130.380226	12.924935	123.335855	12.008015	114.669740
448.550480	30.969241	167.676630	30.302523	166.957869	29.608030	166.186292	28.884307	165.355073	28.129842	164.456110	27.343062	163.479692	26.522368	162.414036	25.666169	161.244787	24.772932	159.954257	23.841278	158.520489	22.870112	156.915790	21.858809	155.105009	20.807531	153.042924	19.717674	150.670673	18.592572	147.910861	17.438584	144.660699	16.266792	140.783173	15.095610	136.096437	13.954770	130.364807	12.891003	123.301594	11.974928	114.609547
449.038180	30.952796	167.692129	30.285305	166.973993	29.590009	166.203045	28.865456	165.372452	28.110126	164.474093	27.322452	163.498263	26.500828	162.433151	25.643667	161.264380	24.749435	159.974235	23.816750	158.540705	22.844523	156.936032	21.832128	155.124976	20.779735	153.062177	19.688747	150.688584	18.562515	147.926488	17.407428	144.672681	16.234611	140.789487	15.062560	136.094111	13.921150	130.349558	12.857341	123.267563	11.942111	114.549646
449.525820	30.936523	167.707560	30.268267	166.990057	29.572178	166.219735	28.846800	165.389766	28.090616	164.492024	27.302055	163.516783	26.479513	162.452213	25.621398	161.283925	24.726180	159.994174	23.792477	158.560883	22.819196	156.956245	21.805722	155.144933	20.752223	153.081448	19.660114	150.706536	18.532762	147.942186	17.376584	144.684773	16.202749	140.795964	15.029837	136.092020	13.887860	130.334627	12.824009	123.233954	11.909618	114.490285
450.013340	30.920341	167.722939	30.251326	167.006068	29.554447	166.236371	28.828251	165.407027	28.071216	164.509904	27.281773	163.535249	26.458319	162.471223	25.599255	161.303420	24.703058	160.014062	23.768341	158.581010	22.794014	156.976412	21.779466	155.164851	20.724868	153.100684	19.631645	150.724458	18.503179	147.957871	17.345915	144.696863	16.171068	140.802453	14.997301	136.089953	13.854763	130.319735	12.790875	123.200387	11.877328	114.430965
450.500730	30.904185	167.738282	30.234411	167.022036	29.536744	166.252964	28.809730	165.424246	28.051848	164.527732	27.261525	163.553657	26.437159	162.490180	25.577150	161.322862	24.679974	160.033891	23.744246	158.601080	22.768877	156.996523	21.753256	155.184708	20.697562	153.119847	19.603228	150.742297	18.473653	147.973473	17.315307	144.708857	16.139453	140.808830	14.964836	136.087737	13.821744	130.304650	12.757828	123.166546	11.845139	114.371277
450.988070	30.888128	167.753578	30.217599	167.037956	29.519149	166.269509	28.791322	165.441413	28.032598	164.545509	27.241401	163.572015	26.416127	162.509090	25.555181	161.342254	24.657032	160.053669	23.720298	158.621107	22.743892	157.016599	21.727206	155.204532	20.670423	153.138981	19.574985	150.760122	18.444307	147.989073	17.284884	144.720866	16.108030	140.815240	14.932569	136.085576	13.788926	130.289639	12.724988	123.132794	11.813160	114.311694
451.475250	30.872250	167.768814	30.200975	167.053817	29.501749	166.285993	28.773119	165.458515	28.013561	164.563229	27.221500	163.590320	26.395327	162.527946	25.533453	161.361591	24.634340	160.073399	23.696613	158.641096	22.719180	157.036652	21.701440	155.224343	20.643577	153.158130	19.547046	150.777994	18.415274	148.004745	17.254785	144.732995	16.076939	140.821827	14.900638	136.083672	13.756448	130.274976	12.692485	123.099504	11.781511	114.252709
451.962370	30.856480	167.784000	30.184463	167.069627	29.484468	166.302428	28.755040	165.475567	27.994654	164.580897	27.201734	163.608577	26.374671	162.546752	25.511873	161.380882	24.611804	160.093085	23.673089	158.661043	22.694637	157.056668	21.675848	155.244125	20.616914	153.177265	19.519296	150.795863	18.386437	148.020428	17.224888	144.745157	16.046055	140.828469	14.868921	136.081855	13.724188	130.260423	12.660204	123.066358	11.750085	114.193901
452.449340	30.840739	167.799147	30.167982	167.085393	29.467221	166.318818	28.736997	165.492580	27.975783	164.598513	27.182007	163.626780	26.354056	162.565505	25.490336	161.400124	24.589314	160.112721	23.649613	158.680937	22.670145	157.076623	21.650311	155.263847	20.590308	153.196340	19.491606	150.813658	18.357664	148.036041	17.195060	144.757238	16.015245	140.835014	14.837281	136.079917	13.692013	130.245701	12.628015	123.032980	11.718765	114.134774
452.936250	30.825063	167.814249	30.151569	167.101111	29.450045	166.335160	28.719027	165.509548	27.956990	164.616081	27.162360	163.644934	26.333526	162.584209	25.468888	161.419319	24.566917	160.132310	23.626234	158.700787	22.645754	157.096532	21.624879	155.283527	20.563813	153.215374	19.464032	150.831415	18.329011	148.051623	17.165357	144.769292	15.984565	140.841533	14.805778	136.077948	13.659978	130.230941	12.595973	122.999542	11.687600	114.075554
453.423030	30.809515	167.829295	30.135291	167.116772	29.433008	166.351445	28.701204	165.526452	27.938351	164.633597	27.142873	163.663038	26.313161	162.602863	25.447614	161.438463	24.544703	160.151851	23.603046	158.720601	22.621561	157.116408	21.599653	155.303182	20.537530	153.234392	19.436678	150.849181	18.300588	148.067233	17.135890	144.781403	15.954127	140.848143	14.774523	136.076108	13.628196	130.216365	12.564185	122.966347	11.656687	114.016642
453.909730	30.794084	167.844286	30.119135	167.132380	29.416097	166.367676	28.683513	165.543298	27.919851	164.651063	27.123532	163.681090	26.292948	162.621464	25.426499	161.457554	24.522652	160.171346	23.580030	158.740372	22.597546	157.136248	21.574613	155.322810	20.511441	153.253391	19.409526	150.866947	18.272373	148.082857	17.106638	144.793553	15.923911	140.854823	14.743494	136.074370	13.596644	130.201936	12.532630	122.933339	11.626006	113.957966
454.396300	30.778732	167.859227	30.103063	167.147937	29.399276	166.383860	28.665916	165.560095	27.901448	164.668476	27.104293	163.699088	26.272842	162.640006	25.405495	161.476593	24.500718	160.190793	23.557135	158.760088	22.573659	157.156037	21.549706	155.342396	20.485490	153.272354	19.382518	150.884677	18.244307	148.098457	17.077542	144.805688	15.893855	140.861502	14.712631	136.072644	13.565262	130.187527	12.501250	122.900349	11.595506	113.899308
454.882780	30.763431	167.874129	30.087043	167.163456	29.382510	166.400001	28.648376	165.576854	27.883106	164.685840	27.085117	163.717039	26.252803	162.658498	25.384560	161.495583	24.478856	160.210192	23.534316	158.779753	22.549852	157.175777	21.524883	155.361936	20.459629	153.291271	19.355602	150.902361	18.216339	148.114012	17.048547	144.817776	15.863906	140.868133	14.681879	136.070863	13.533996	130.173038	12.469994	122.867240	11.565138	113.840482
455.369140	30.748163	167.889001	30.071056	167.178945	29.365780	166.416101	28.630873	165.593577	27.864802	164.703159	27.065983	163.734950	26.232808	162.676954	25.363672	161.514530	24.457044	160.229540	23.511547	158.799372	22.526100	157.195472	21.500117	155.381429	20.433827	153.310135	19.328750	150.920001	18.188436	148.129514	17.019621	144.829801	15.834030	140.874692	14.651205	136.068987	13.502815	130.158412	12.438829	122.833935	11.534874	113.781382
455.855410	30.732976	167.903834	30.055155	167.194393	29.349139	166.432155	28.613463	165.610256	27.846594	164.720429	27.046950	163.752816	26.212918	162.695369	25.342895	161.533434	24.435347	160.248844	23.488900	158.818952	22.502473	157.215135	21.475483	155.400891	20.408162	153.328974	19.302039	150.937626	18.160681	148.145010	16.990848	144.841833	15.804313	140.881272	14.620693	136.067145	13.471801	130.143828	12.407836	122.800676	11.504784	113.722324
456.341580	30.717941	167.918608	30.039414	167.209778	29.332666	166.448158	28.596229	165.626871	27.828571	164.737647	27.028109	163.770624	26.193227	162.713733	25.322326	161.552292	24.413867	160.268113	23.466479	158.838495	22.479080	157.234777	21.451091	155.420344	20.382750	153.347828	19.275591	150.955273	18.133197	148.160563	16.962354	144.853964	15.774880	140.888004	14.590473	136.065521	13.441081	130.129541	12.377133	122.767818	11.474979	113.663778
456.827640	30.703022	167.933328	30.023794	167.225104	29.316319	166.464110	28.579127	165.643430	27.810687	164.754816	27.009411	163.788377	26.173688	162.732044	25.301913	161.571101	24.392552	160.287339	23.444229	158.857995	22.455865	157.254383	21.426885	155.439767	20.357530	153.366670	19.249343	150.972914	18.105920	148.176134	16.934073	144.866138	15.745666	140.894809	14.560477	136.064008	13.410588	130.115412	12.346660	122.735163	11.445402	113.605491
457.313600	30.688124	167.948007	30.008196	167.240392	29.299994	166.480019	28.562049	165.659948	27.792827	164.771945	26.990741	163.806085	26.154177	162.750303	25.281531	161.589857	24.371268	160.306506	23.422012	158.877444	22.432687	157.273925	21.402718	155.459122	20.332350	153.385440	19.223137	150.990488	18.078689	148.191630	16.905843	144.878222	15.716507	140.901505	14.530539	136.062354	13.380159	130.101096	12.316262	122.702245	11.415913	113.546852
457.799440	30.673271	167.962645	29.992645	167.255637	29.283719	166.495879	28.545023	165.676425	27.775022	164.789028	26.972130	163.823747	26.134727	162.768512	25.261213	161.608562	24.350051	160.325617	23.399866	158.896846	22.409583	157.293414	21.378629	155.478424	20.307252	153.404154	19.197017	151.008017	18.051547	148.207079	16.877706	144.890256	15.687446	140.908144	14.500704	136.060630	13.349839	130.086691	12.285978	122.669196	11.386548	113.488036
458.285190	30.658563	167.977231	29.977246	167.270830	29.267603	166.511682	28.528164	165.692846	27.757391	164.806057	26.953698	163.841358	26.115466	162.786674	25.241091	161.627225	24.329038	160.344691	23.377933	158.916216	22.386700	157.312883	21.354769	155.497720	20.282392	153.422876	19.171143	151.025572	18.024660	148.222585	16.849831	144.902390	15.658653	140.914927	14.471142	136.059113	13.319793	130.072568	12.255967	122.636523	11.357450	113.429703
458.770840	30.643985	167.991766	29.961984	167.285973	29.251631	166.527431	28.511454	165.709211	27.739916	164.823030	26.935428	163.858918	26.096374	162.804790	25.221147	161.645846	24.308211	160.363728	23.356193	158.935549	22.364018	157.332331	21.331117	155.517006	20.257749	153.441602	19.145495	151.043144	17.998005	148.238132	16.822194	144.914603	15.630105	140.921826	14.441829	136.057769	13.289999	130.058677	12.226208	122.604160	11.328599	113.371765
459.256380	30.629439	168.006259	29.946755	167.301079	29.235692	166.543145	28.494780	165.725534	27.722479	164.839957	26.917199	163.876430	26.077324	162.822861	25.201246	161.664416	24.287431	160.382717	23.334502	158.954829	22.341387	157.351725	21.307519	155.536242	20.233164	153.460275	19.119906	151.060664	17.971414	148.253618	16.794625	144.926745	15.601628	140.928646	14.412592	136.056327	13.260287	130.044655	12.196537	122.571604	11.299848	113.313558
459.741790	30.614924	168.020711	29.931558	167.316147	29.219787	166.558821	28.478141	165.741816	27.705079	164.856838	26.899009	163.893895	26.058315	162.840883	25.181389	161.682933	24.266697	160.401655	23.312860	158.974055	22.318807	157.371060	21.283976	155.555421	20.208634	153.478890	19.094378	151.078129	17.944886	148.269040	16.767123	144.938813	15.573221	140.935382	14.383430	136.054781	13.230656	130.030498	12.166956	122.538852	11.271197	113.255082
460.227140	30.600528	168.035117	29.916486	167.331161	29.204014	166.574442	28.461639	165.758048	27.687822	164.873670	26.880969	163.911315	26.039463	162.858852	25.161695	161.701402	24.246131	160.420552	23.291393	158.993246	22.296411	157.390363	21.260623	155.574577	20.184304	153.497490	19.069054	151.095595	17.918570	148.284493	16.739840	144.950943	15.545039	140.942214	14.354497	136.053372	13.201256	130.016532	12.137606	122.506356	11.242775	113.196938
460.712370	30.586268	168.049475	29.901555	167.346118	29.188390	166.590006	28.445293	165.774227	27.670728	164.890449	26.863099	163.928688	26.020788	162.876770	25.142185	161.719826	24.225757	160.439405	23.270126	159.012405	22.274224	157.409638	21.237487	155.593713	20.160198	153.516086	19.043964	151.113073	17.892493	148.299991	16.712803	144.963157	15.517111	140.949173	14.325822	136.052148	13.172117	130.002818	12.108516	122.474203	11.214605	113.139241
461.197480	30.572073	168.063792	29.886694	167.361033	29.172837	166.605528	28.429022	165.790362	27.653712	164.907182	26.845312	163.946012	26.002199	162.894650	25.122766	161.738206	24.205477	160.458213	23.248958	159.031518	22.252139	157.428880	21.214458	155.612811	20.136204	153.534656	19.018990	151.130530	17.866539	148.315469	16.685892	144.975356	15.489313	140.956134	14.297281	136.050931	13.143116	129.989109	12.079568	122.442052	11.186583	113.081533
461.682500	30.557901	168.078073	29.871857	167.375913	29.157309	166.621015	28.412778	165.806457	27.636723	164.923876	26.827552	163.963291	25.983642	162.912494	25.103381	161.756543	24.185234	160.476973	23.227827	159.050580	22.230092	157.448078	21.191471	155.631859	20.112254	153.553181	18.994062	151.147939	17.840634	148.330885	16.659035	144.987481	15.461571	140.963015	14.268802	136.049609	13.114181	129.975254	12.050693	122.409688	11.158646	113.023529
462.167420	30.543753	168.092314	29.857045	167.390755	29.141806	166.636463	28.396561	165.822507	27.619764	164.940530	26.809824	163.980524	25.965115	162.930285	25.084028	161.774834	24.165026	160.495680	23.206734	159.069593	22.208086	157.467218	21.168526	155.650855	20.088347	153.571643	18.969181	151.165282	17.814779	148.346234	16.632231	144.999528	15.433886	140.969799	14.240384	136.048162	13.085313	129.961238	12.021894	122.377095	11.130797	112.965213
462.652220	30.529654	168.106511	29.842283	167.405552	29.126357	166.651866	28.380400	165.838508	27.602865	164.957140	26.792157	163.997710	25.946654	162.948018	25.064743	161.793077	24.144889	160.514336	23.185717	159.088559	22.186158	157.486300	21.145664	155.669803	20.064528	153.590048	18.944391	151.182573	17.789019	148.361539	16.605525	145.011534	15.406305	140.976530	14.212072	136.046656	13.056558	129.947154	11.993213	122.344399	11.103073	112.906757
463.136930	30.515661	168.120662	29.827633	167.420299	29.111025	166.667221	28.364361	165.854463	27.586093	164.973696	26.774624	164.014846	25.928331	162.965700	25.045603	161.811273	24.124902	160.532950	23.164856	159.107485	22.164394	157.505349	21.122971	155.688724	20.040885	153.608438	18.919784	151.199866	17.763447	148.376863	16.579015	145.023587	15.378923	140.983339	14.183966	136.045270	13.028010	129.933229	11.964740	122.311916	11.075555	112.848574
463.621520	30.501797	168.134765	29.813118	167.434994	29.095835	166.682523	28.348470	165.870373	27.569475	164.990195	26.757251	164.031928	25.910176	162.983337	25.026639	161.829422	24.105099	160.551526	23.144184	159.126373	22.142827	157.524377	21.100485	155.707623	20.017455	153.626833	18.895398	151.217182	17.738104	148.392230	16.552739	145.035720	15.351781	140.990279	14.156103	136.044073	12.999707	129.919556	11.936512	122.279774	11.048276	112.790831
464.106020	30.488014	168.148826	29.798689	167.449645	29.080734	166.697777	28.332672	165.886233	27.552954	165.006650	26.739981	164.048968	25.892128	163.000933	25.007786	161.847525	24.085412	160.570063	23.123633	159.145218	22.121387	157.543367	21.078129	155.726492	19.994162	153.645208	18.871153	151.234480	17.712908	148.407596	16.526615	145.047868	15.324796	140.997251	14.128402	136.042928	12.971569	129.905956	11.908450	122.247725	11.021165	112.733197
464.590420	30.474281	168.162845	29.784310	167.464255	29.065687	166.712986	28.316930	165.902042	27.536493	165.023065	26.722773	164.065967	25.874145	163.018488	24.989001	161.865582	24.065796	160.588555	23.103159	159.164020	22.100025	157.562307	21.055854	155.745322	19.970954	153.663543	18.846998	151.251731	17.687806	148.422925	16.500588	145.059980	15.297913	141.004186	14.100806	136.041737	12.943541	129.892304	11.880504	122.215598	10.994176	112.675450
465.074710	30.460611	168.176820	29.769997	167.478823	29.050709	166.728152	28.301261	165.917804	27.520107	165.039433	26.705644	164.082919	25.856246	163.035992	24.970303	161.883589	24.046271	160.606998	23.082780	159.182777	22.078762	157.581206	21.033683	155.764111	19.947854	153.681835	18.822955	151.268952	17.662820	148.438227	16.474683	145.072071	15.271155	141.011109	14.073340	136.040544	12.915647	129.878649	11.852696	122.183461	10.967331	112.617688
465.558900	30.447014	168.190747	29.755761	167.493348	29.035812	166.743277	28.285676	165.933526	27.503808	165.055747	26.688607	164.099818	25.838442	163.053443	24.951705	161.901543	24.026850	160.625388	23.062509	159.201492	22.057613	157.600069	21.011632	155.782862	19.924879	153.700088	18.799041	151.286154	17.637968	148.453511	16.448917	145.084155	15.244541	141.018040	14.046022	136.039384	12.887904	129.865031	11.825042	122.151373	10.940642	112.559987
466.042970	30.433480	168.204631	29.741591	167.507830	29.020983	166.758356	28.270163	165.949205	27.487585	165.072014	26.671648	164.116667	25.820722	163.070849	24.933194	161.919450	24.007520	160.643732	23.042333	159.220161	22.036564	157.618887	20.989684	155.801570	19.902011	153.718306	18.775240	151.303327	17.613233	148.468776	16.423273	145.096225	15.218053	141.024967	14.018833	136.038226	12.860295	129.851422	11.797525	122.119289	10.914095	112.502283
466.526950	30.419997	168.218478	29.727477	167.522270	29.006210	166.773387	28.254710	165.964842	27.471426	165.088242	26.654756	164.133470	25.803069	163.088214	24.914754	161.937316	23.988265	160.662035	23.022235	159.238783	22.015596	157.637654	20.967821	155.820234	19.879231	153.736496	18.751531	151.320461	17.588594	148.484017	16.397727	145.108274	15.191669	141.031875	13.991752	136.037042	12.832798	129.837791	11.770125	122.087158	10.887671	112.444501
467.010830	30.406566	168.232288	29.713416	167.536668	28.991494	166.788375	28.239316	165.980436	27.455328	165.104427	26.637928	164.150232	25.785484	163.105535	24.896385	161.955141	23.969084	160.680294	23.002214	159.257358	21.994709	157.656379	20.946042	155.838856	19.856541	153.754648	18.727915	151.337555	17.564052	148.499226	16.372282	145.120295	15.165389	141.038759	13.964779	136.035831	12.805413	129.824126	11.742842	122.054974	10.861370	112.386636
467.494600	30.393198	168.246056	29.699421	167.551021	28.976849	166.803323	28.223995	165.995985	27.439307	165.120566	26.621181	164.166953	25.767984	163.122805	24.878104	161.972923	23.949995	160.698504	22.982289	159.275889	21.973923	157.675068	20.924369	155.857444	19.833961	153.772760	18.704414	151.354621	17.539628	148.514407	16.346960	145.132299	15.139236	141.045642	13.937938	136.034626	12.778163	129.810467	11.715697	122.022799	10.835210	112.328777
467.978240	30.379948	168.259775	29.685549	167.565322	28.962332	166.818224	28.208809	166.011481	27.423426	165.136652	26.604580	164.183623	25.750637	163.140020	24.859983	161.990658	23.931073	160.716668	22.962538	159.294381	21.953317	157.693726	20.902883	155.876011	19.811575	153.790857	18.681113	151.371698	17.515413	148.529618	16.321853	145.144367	15.113302	141.052629	13.911320	136.033580	12.751137	129.797028	11.688777	121.990924	10.809270	112.271314
468.461820	30.366847	168.273440	29.671832	167.579569	28.947977	166.833072	28.193791	166.026919	27.407722	165.152687	26.588164	164.200236	25.733481	163.157184	24.842062	162.008343	23.912359	160.734793	22.943004	159.312838	21.932937	157.712356	20.881631	155.894566	19.789431	153.808961	18.658062	151.388813	17.491456	148.544897	16.297011	145.156550	15.087638	141.059785	13.884976	136.032781	12.724387	129.783935	11.662127	121.959518	10.783589	112.214474
468.945280	30.353786	168.287064	29.658157	167.593776	28.933666	166.847875	28.178820	166.042311	27.392066	165.168678	26.571797	164.216801	25.716378	163.174303	24.824196	162.025976	23.893703	160.752870	22.923530	159.331248	21.912621	157.730933	20.860446	155.913072	19.767356	153.827018	18.635084	151.405882	17.467575	148.560130	16.272249	145.168684	15.062059	141.066886	13.858720	136.031920	12.697729	129.770763	11.635575	121.927996	10.758014	112.157473
469.428620	30.340652	168.300664	29.644407	167.607959	28.919276	166.862642	28.163767	166.057676	27.376325	165.184635	26.555342	164.233331	25.699185	163.191388	24.806236	162.043562	23.874951	160.770893	22.903957	159.349601	21.892201	157.749440	20.839155	155.931491	19.745173	153.844977	18.611998	151.422819	17.443584	148.575199	16.247378	145.180603	15.036372	141.073709	13.832360	136.030679	12.670976	129.757078	11.608944	121.895764	10.732387	112.099515
469.911870	30.327553	168.314228	29.630694	167.622105	28.904924	166.877370	28.148755	166.073001	27.360627	165.200549	26.538933	164.249821	25.682039	163.208430	24.788326	162.061106	23.856250	160.788870	22.884438	159.367910	21.871837	157.767905	20.817924	155.949865	19.723053	153.862895	18.588978	151.439708	17.419662	148.590222	16.222579	145.192474	15.010761	141.080481	13.806080	136.029377	12.644308	129.743308	11.582402	121.863409	10.706857	112.041385
470.395020	30.314643	168.327736	29.617178	167.636197	28.890780	166.892050	28.133959	166.088265	27.345155	165.216404	26.522759	164.266257	25.665138	163.225419	24.770671	162.078609	23.837815	160.806811	22.865195	159.386190	21.851761	157.786361	20.796991	155.968249	19.701242	153.880843	18.566275	151.456669	17.396068	148.605360	16.198114	145.204529	14.985491	141.087519	13.780143	136.028457	12.617980	129.730062	11.556194	121.831768	10.681643	111.984198
470.878050	30.301856	168.341196	29.603792	167.650238	28.876771	166.906682	28.119304	166.103479	27.329829	165.232207	26.506739	164.282643	25.648397	163.242358	24.753183	162.096065	23.819553	160.824711	22.846134	159.404430	21.831873	157.804789	20.776254	155.986614	19.679635	153.898786	18.543782	151.473647	17.372690	148.620540	16.173871	145.216664	14.960448	141.094679	13.754439	136.027723	12.591885	129.717074	11.530217	121.800476	10.656651	111.927474
471.360990	30.289050	168.354625	29.590384	167.664245	28.862740	166.921272	28.104627	166.118662	27.314481	165.247974	26.490696	164.298988	25.631632	163.259255	24.735670	162.113468	23.801267	160.842565	22.827048	159.422611	21.811961	157.823153	20.755491	156.004906	19.658003	153.916647	18.521266	151.490528	17.349289	148.635608	16.149609	145.228660	14.935388	141.101662	13.728720	136.026760	12.565784	129.703777	11.504244	121.768754	10.631681	111.870174
471.843810	30.276237	168.368021	29.576970	167.678214	28.848703	166.935822	28.089944	166.133811	27.299127	165.263704	26.474646	164.315292	25.614861	163.276111	24.718152	162.130822	23.782975	160.860369	22.807958	159.440738	21.792044	157.841454	20.734725	156.023132	19.636368	153.934436	18.498749	151.507326	17.325888	148.650583	16.125348	145.240541	14.910332	141.108502	13.703010	136.025606	12.539698	129.690228	11.478294	121.736678	10.606750	111.812397
472.326540	30.263506	168.381370	29.563641	167.692138	28.834756	166.950333	28.075353	166.148910	27.283870	165.279389	26.458698	164.331550	25.598196	163.292922	24.700744	162.148141	23.764799	160.878125	22.788987	159.458829	21.772252	157.859718	20.714089	156.041333	19.614867	153.952208	18.476372	151.524116	17.302632	148.665568	16.101237	145.252449	14.885431	141.115392	13.677458	136.024525	12.513772	129.676783	11.452506	121.704741	10.581980	111.754794
472.809170	30.250891	168.394670	29.550435	167.706013	28.820936	166.964799	28.060894	166.163955	27.268752	165.295024	26.442895	164.347760	25.581683	163.309684	24.683495	162.165421	23.746787	160.895837	22.770185	159.476891	21.752639	157.877956	20.693638	156.059522	19.593557	153.969979	18.454193	151.540925	17.279582	148.680599	16.077337	145.264435	14.860745	141.122406	13.652124	136.023621	12.488065	129.663583	11.426934	121.673139	10.557420	111.697629
473.291690	30.238392	168.407928	29.537348	167.719840	28.807241	166.979211	28.046568	166.178952	27.253771	165.310607	26.427235	164.363917	25.565319	163.326395	24.666402	162.182650	23.728938	160.913515	22.751553	159.494917	21.733201	157.896170	20.673369	156.077693	19.572437	153.987742	18.432209	151.557748	17.256733	148.695666	16.053644	145.276490	14.836270	141.129536	13.627005	136.022894	12.462574	129.650620	11.401576	121.641862	10.533067	111.640897
473.774110	30.225959	168.421145	29.524331	167.733624	28.793618	166.993575	28.032318	166.193906	27.238870	165.326143	26.411656	164.380027	25.549042	163.343057	24.649399	162.199827	23.711183	160.931151	22.733021	159.512899	21.713866	157.914345	20.653208	156.095825	19.551429	154.005470	18.410341	151.574544	17.234004	148.710714	16.030076	145.288539	14.811925	141.136675	13.602018	136.022195	12.437217	129.637695	11.376356	121.610638	10.508854	111.584233
474.256410	30.213513	168.434324	29.511301	167.747374	28.779982	167.007907	28.018054	166.208823	27.223954	165.341640	26.396064	164.396099	25.532750	163.359675	24.632381	162.216956	23.693414	160.948731	22.714475	159.530823	21.694516	157.932457	20.633032	156.113887	19.530409	154.023121	18.388461	151.591251	17.211265	148.725654	16.006499	145.300463	14.787573	141.143649	13.577031	136.021282	12.411866	129.624493	11.351152	121.579025	10.484672	111.527043
474.738620	30.201067	168.447467	29.498271	167.761090	28.766348	167.022206	28.003791	166.223702	27.209039	165.357100	26.380475	164.412135	25.516460	163.376253	24.615366	162.234042	23.675648	160.966256	22.695934	159.548693	21.675172	157.950509	20.612863	156.131886	19.509396	154.040705	18.366590	151.607883	17.188537	148.740508	15.982936	145.312288	14.763239	141.150497	13.552063	136.020200	12.386542	129.611073	11.325983	121.547102	10.460539	111.469436
475.220700	30.188719	168.460569	29.485346	167.774763	28.752821	167.036453	27.989640	166.238535	27.194243	165.372514	26.365009	164.428117	25.500299	163.392788	24.598485	162.251083	23.658021	160.983739	22.677537	159.566527	21.655980	157.968528	20.592852	156.149860	19.488547	154.058281	18.344889	151.624521	17.165984	148.755388	15.959552	145.324159	14.739088	141.157438	13.527282	136.019253	12.361406	129.597834	11.301000	121.515429	10.436588	111.412159
475.702700	30.176485	168.473633	29.472539	167.788393	28.739418	167.050648	27.975619	166.253321	27.179581	165.387880	26.349684	164.444049	25.484284	163.409282	24.581757	162.268083	23.640554	161.001188	22.659304	159.584330	21.636960	157.986523	20.573020	156.167820	19.467882	154.075859	18.323380	151.641181	17.143627	148.770316	15.936371	145.336104	14.715143	141.164507	13.502711	136.018490	12.336480	129.584842	11.276225	121.484093	10.412838	111.355327
476.184600	30.164285	168.486661	29.459768	167.801987	28.726052	167.064809	27.961639	166.268065	27.164962	165.403205	26.334403	164.459942	25.468316	163.425730	24.565078	162.285041	23.623138	161.018595	22.641126	159.602087	21.617996	158.004475	20.553247	156.185736	19.447279	154.093396	18.301935	151.657801	17.121339	148.785202	15.913261	145.348009	14.691273	141.171527	13.478218	136.017670	12.311635	129.571784	11.251536	121.452655	10.389181	111.298349
476.666380	30.152103	168.499651	29.447015	167.815544	28.712706	167.078938	27.947679	166.282767	27.150364	165.418488	26.319144	164.475800	25.452372	163.442130	24.548423	162.301955	23.605749	161.035957	22.622978	159.619793	21.599061	158.022380	20.533503	156.203601	19.426710	154.110879	18.280525	151.674362	17.099089	148.800023	15.890193	145.359846	14.667447	141.178452	13.453774	136.016735	12.286843	129.558583	11.226907	121.421013	10.365593	111.241089
477.148070	30.140005	168.512595	29.434349	167.829051	28.699452	167.093024	27.933816	166.297423	27.135867	165.433726	26.303990	164.491609	25.436538	163.458483	24.531884	162.318825	23.588481	161.053279	22.604954	159.637463	21.580257	158.040251	20.513896	156.221441	19.406281	154.128337	18.259261	151.690911	17.076991	148.814851	15.867280	145.371715	14.643781	141.185435	13.429491	136.015892	12.262215	129.545511	11.202443	121.389546	10.342169	111.184063
477.629670	30.128010	168.525491	29.421790	167.842505	28.686311	167.107060	27.920070	166.312033	27.121494	165.448917	26.288964	164.507365	25.420838	163.474791	24.515485	162.335649	23.571356	161.070560	22.587081	159.655097	21.561610	158.058091	20.494453	156.239261	19.386022	154.145781	18.238173	151.707460	17.055073	148.829705	15.844552	145.383641	14.620305	141.192514	13.405402	136.015196	12.237783	129.532636	11.178171	121.358353	10.318932	111.127404
478.111150	30.116042	168.538351	29.409260	167.855925	28.673200	167.121056	27.906354	166.326602	27.107153	165.464065	26.273974	164.523080	25.405173	163.491057	24.499123	162.352426	23.554271	161.087790	22.569249	159.672678	21.543007	158.075878	20.475058	156.257024	19.365813	154.163173	18.217137	151.723955	17.033210	148.844501	15.821882	145.395502	14.596890	141.199525	13.381377	136.014419	12.213419	129.519650	11.153975	121.327008	10.295779	111.070538
478.592500	30.104069	168.551180	29.396725	167.869319	28.660083	167.135017	27.892632	166.341135	27.092804	165.479172	26.258977	164.538761	25.389504	163.507279	24.482756	162.369155	23.537182	161.104967	22.551411	159.690199	21.524400	158.093603	20.455657	156.274718	19.345600	154.180500	18.196100	151.740373	17.011346	148.859205	15.799214	145.407250	14.573480	141.206396	13.357360	136.013460	12.189069	129.506424	11.129801	121.295327	10.272662	111.013215
479.073760	30.092159	168.563969	29.384257	167.882674	28.647035	167.148935	27.878984	166.355628	27.078532	165.494233	26.244061	164.554395	25.373918	163.523458	24.466477	162.385841	23.520184	161.122099	22.533671	159.707679	21.505893	158.111292	20.436360	156.292380	19.325495	154.197795	18.175175	151.756772	16.989598	148.873898	15.776666	145.418997	14.550193	141.213283	13.333471	136.012535	12.164848	129.493254	11.105760	121.263718	10.249677	110.955989
479.554930	30.080356	168.576713	29.371902	167.895978	28.634105	167.162804	27.865459	166.370077	27.064390	165.509248	26.229277	164.569975	25.358471	163.539589	24.450341	162.402485	23.503338	161.139192	22.516089	159.725131	21.487550	158.128958	20.417234	156.310030	19.305565	154.215078	18.154431	151.773181	16.968038	148.888632	15.754312	145.430814	14.527104	141.220283	13.309782	136.011776	12.140829	129.480318	11.081915	121.232428	10.226884	110.899195
480.036010	30.068599	168.589420	29.359594	167.909241	28.621225	167.176632	27.851986	166.384485	27.050302	165.524222	26.214552	164.585513	25.343084	163.555677	24.434269	162.419089	23.486558	161.156243	22.498575	159.742543	21.469278	158.146581	20.398183	156.327640	19.285715	154.232322	18.133768	151.789553	16.946565	148.903334	15.732046	145.442606	14.504107	141.227264	13.286187	136.010999	12.116907	129.467360	11.058172	121.201105	10.204197	110.842348
480.516970	30.056847	168.602098	29.347291	167.922468	28.608350	167.190424	27.838520	166.398852	27.036222	165.539160	26.199834	164.601016	25.327706	163.571722	24.418206	162.435649	23.469786	161.173248	22.481070	159.759907	21.451017	158.164147	20.379144	156.345190	19.265880	154.249511	18.113122	151.805857	16.925109	148.917957	15.709800	145.454312	14.481132	141.234142	13.262619	136.010087	12.093017	129.454212	11.034469	121.169520	10.181561	110.785140
480.997800	30.045179	168.614734	29.335076	167.935655	28.595568	167.204176	27.825150	166.413174	27.022243	165.554055	26.185222	164.616476	25.312437	163.587726	24.402259	162.452165	23.453134	161.190214	22.463691	159.777234	21.432886	158.181683	20.360241	156.362713	19.246186	154.266690	18.092622	151.822160	16.903803	148.932596	15.687708	145.466056	14.458316	141.241087	13.239212	136.009280	12.069289	129.441220	11.010928	121.138142	10.159083	110.728202
481.478550	30.033657	168.627319	29.323013	167.948797	28.582947	167.217884	27.811947	166.427447	27.008436	165.568901	26.170791	164.631890	25.297358	163.603688	24.386509	162.468633	23.436687	161.207146	22.446525	159.794533	21.414977	158.199209	20.341566	156.380237	19.226726	154.283895	18.072367	151.838518	16.882748	148.947325	15.665875	145.477938	14.435762	141.248231	13.216070	136.008767	12.045824	129.428650	10.987642	121.107330	10.136845	110.672020
481.959200	30.022177	168.639866	29.310996	167.961902	28.570373	167.231553	27.798792	166.441679	26.994680	165.583706	26.156412	164.647257	25.282334	163.619607	24.370816	162.485058	23.420302	161.224033	22.429423	159.811786	21.397136	158.216690	20.322960	156.397720	19.207340	154.301053	18.052187	151.854837	16.861772	148.962017	15.644124	145.489787	14.413294	141.255344	13.193017	136.008225	12.022452	129.416041	10.964452	121.076465	10.114708	110.615770
482.439730	30.010634	168.652388	29.298912	167.974976	28.557726	167.245186	27.785564	166.455875	26.980849	165.598475	26.141956	164.662583	25.267230	163.635478	24.355040	162.501440	23.403830	161.240863	22.412231	159.828977	21.379202	158.234086	20.304262	156.415115	19.187859	154.318097	18.031911	151.871021	16.840699	148.976544	15.622276	145.501429	14.390731	141.262191	13.169873	136.007324	11.998998	129.402926	10.941196	121.044913	10.092531	110.558604
482.920170	29.999122	168.664876	29.286860	167.988012	28.545114	167.258778	27.772373	166.470033	26.967056	165.613203	26.127540	164.677869	25.252168	163.651305	24.339307	162.517781	23.387405	161.257650	22.395088	159.846122	21.361318	158.251435	20.285617	156.432465	19.168433	154.335094	18.011692	151.887159	16.819688	148.991024	15.600492	145.513027	14.368235	141.268991	13.146800	136.006370	11.975617	129.389737	10.918018	121.013259	10.070440	110.501298
483.400510	29.987772	168.677311	29.274978	168.000997	28.532680	167.272320	27.759366	166.484148	26.953456	165.627882	26.113324	164.693113	25.237314	163.667089	24.323792	162.534080	23.371206	161.274409	22.378181	159.863244	21.343680	158.268784	20.267226	156.449827	19.149269	154.352131	17.991745	151.903370	16.798954	149.005616	15.578992	145.524800	14.346027	141.276038	13.124016	136.005770	11.952523	129.377061	10.895117	120.982295	10.048606	110.444904
483.880740	29.976512	168.689706	29.263190	168.013941	28.520345	167.285820	27.746463	166.498220	26.939965	165.642519	26.099221	164.708313	25.222577	163.682832	24.308399	162.550336	23.355134	161.291128	22.361407	159.880331	21.326179	158.286111	20.248978	156.467169	19.130254	154.369165	17.971951	151.919587	16.778379	149.020235	15.557655	145.536622	14.323987	141.283168	13.101403	136.005297	11.929600	129.364573	10.872385	120.951584	10.026934	110.388843
484.360840	29.965206	168.702077	29.251355	168.026856	28.507960	167.299293	27.733509	166.512253	26.926420	165.657123	26.085063	164.723470	25.207785	163.698539	24.292949	162.566549	23.339002	161.307792	22.344571	159.897363	21.308616	158.303370	20.230665	156.484432	19.111175	154.386104	17.952092	151.935685	16.757739	149.034718	15.536254	145.548264	14.301884	141.290076	13.078731	136.004520	11.906627	129.351666	10.849616	120.920302	10.005247	110.332022
484.840880	29.953880	168.714422	29.239499	168.039743	28.495554	167.312736	27.720533	166.526251	26.912853	165.671694	26.070883	164.738587	25.192970	163.714207	24.277476	162.582722	23.322846	161.324409	22.327710	159.914346	21.291027	158.320569	20.212328	156.501630	19.092071	154.402968	17.932208	151.951695	16.737075	149.049097	15.514831	145.559777	14.279762	141.296826	13.056043	136.003532	11.883644	129.338463	10.826848	120.888614	9.983578	110.274658
485.320770	29.942641	168.726724	29.227734	168.052586	28.483243	167.326137	27.707656	166.540212	26.899389	165.686216	26.056810	164.753667	25.178267	163.729827	24.262119	162.598851	23.306812	161.340991	22.310976	159.931293	21.273571	158.337736	20.194127	156.518802	19.073109	154.419819	17.912472	151.967712	16.716564	149.063496	15.493565	145.571344	14.257800	141.303654	13.033518	136.002673	11.860824	129.325436	10.804242	120.857163	9.962066	110.217607
485.800600	29.931516	168.738982	29.216086	168.065387	28.471056	167.339494	27.694907	166.554133	26.886059	165.700692	26.042877	164.768710	25.163708	163.745402	24.246913	162.614939	23.290936	161.357543	22.294406	159.948211	21.256285	158.354882	20.176103	156.535964	19.054331	154.436676	17.892925	151.983761	16.696247	149.077951	15.472498	145.583010	14.236041	141.310625	13.011198	136.002026	11.838209	129.312706	10.781835	120.826111	9.940743	110.161086
486.280300	29.920482	168.751196	29.204535	168.078143	28.458968	167.352803	27.682263	166.568007	26.872838	165.715126	26.029058	164.783704	25.149269	163.760932	24.231832	162.630983	23.275191	161.374051	22.277972	159.965089	21.239140	158.371997	20.158226	156.553104	19.035703	154.453522	17.873533	151.999810	16.676093	149.092435	15.451597	145.594721	14.214452	141.317690	12.989051	136.001511	11.815766	129.300175	10.759599	120.795331	9.919585	110.104927
486.759890	29.909511	168.763372	29.193051	168.090859	28.446951	167.366068	27.669692	166.581836	26.859693	165.729519	26.015320	164.798652	25.134914	163.776422	24.216839	162.646985	23.259536	161.390515	22.261632	159.981926	21.222093	158.389077	20.140453	156.570213	19.017183	154.470340	17.854253	152.015837	16.656054	149.106915	15.430815	145.606435	14.192985	141.324783	12.967028	136.001040	11.793450	129.287717	10.737489	120.764655	9.898553	110.048907
487.239410	29.898573	168.775513	29.181600	168.103543	28.434968	167.379298	27.657159	166.595626	26.846588	165.743870	26.001623	164.813563	25.120602	163.791875	24.201891	162.662951	23.243927	161.406937	22.245341	159.998722	21.205097	158.406116	20.122734	156.587284	18.998718	154.487114	17.835034	152.031827	16.636076	149.121350	15.410097	145.618114	14.171585	141.331834	12.945075	136.000527	11.771208	129.275200	10.715458	120.733899	9.877605	109.992775
487.718780	29.887656	168.787620	29.170171	168.116192	28.423008	167.392495	27.644650	166.609380	26.833510	165.758177	25.987953	164.828435	25.106319	163.807289	24.186972	162.678878	23.228350	161.423316	22.229085	160.015474	21.188137	158.423110	20.105050	156.604306	18.980293	154.503835	17.815856	152.047767	16.616141	149.135723	15.389426	145.629739	14.150235	141.338811	12.923174	135.999935	11.749021	129.262574	10.693489	120.702992	9.856726	109.936439
488.198090	29.876763	168.799694	29.158768	168.128804	28.411076	167.405660	27.632168	166.623097	26.820461	165.772452	25.974313	164.843268	25.092069	163.822665	24.172087	162.694761	23.212809	161.439655	22.212866	160.032187	21.171218	158.440060	20.087408	156.621285	18.961912	154.520515	17.796724	152.063662	16.596255	149.150053	15.368806	145.641314	14.128938	141.345738	12.901331	135.999280	11.726896	129.249867	10.671584	120.671962	9.835920	109.879934
488.677280	29.865901	168.811733	29.147398	168.141377	28.399179	167.418790	27.619723	166.636774	26.807448	165.786694	25.960713	164.858058	25.077859	163.837996	24.157244	162.710596	23.197314	161.455951	22.196695	160.048858	21.154349	158.456963	20.069818	156.638217	18.943585	154.537155	17.777648	152.079511	16.576428	149.164345	15.348249	145.652841	14.107707	141.352624	12.879556	135.998575	11.704842	129.237101	10.649756	120.640841	9.815196	109.823308
489.156340	29.855073	168.823739	29.136064	168.153915	28.387320	167.431879	27.607318	166.650413	26.794478	165.800895	25.947157	164.872804	25.063695	163.853280	24.142452	162.726386	23.181870	161.472203	22.180577	160.065477	21.137536	158.473819	20.052287	156.655104	18.925320	154.553752	17.758636	152.095319	16.556669	149.178597	15.327762	145.664329	14.086549	141.359469	12.857857	135.997830	11.682868	129.224280	10.628011	120.609648	9.794560	109.766591
489.635310	29.844292	168.835711	29.124778	168.166420	28.375511	167.444926	27.594966	166.664014	26.781564	165.815053	25.933659	164.887510	25.049592	163.868517	24.127724	162.742135	23.166492	161.488414	22.164528	160.082050	21.120793	158.490634	20.034833	156.671954	18.907135	154.570315	17.739706	152.111097	16.536995	149.192823	15.307363	145.675802	14.065482	141.366300	12.836252	135.997084	11.660991	129.211456	10.606365	120.578458	9.774026	109.709882
490.114200	29.833581	168.847645	29.113566	168.178889	28.363778	167.457933	27.582695	166.677579	26.768733	165.829168	25.920248	164.902176	25.035581	163.883719	24.113090	162.757850	23.151213	161.504585	22.148583	160.098594	21.104159	158.507419	20.017490	156.688780	18.889065	154.586862	17.720897	152.126870	16.517446	149.207056	15.287091	145.687302	14.044546	141.373187	12.814781	135.996421	11.639248	129.198756	10.584854	120.547436	9.753623	109.653391
490.592960	29.822949	168.859539	29.102435	168.191318	28.352131	167.470902	27.570514	166.691106	26.755996	165.843240	25.906934	164.916804	25.021671	163.898888	24.098561	162.773531	23.136045	161.520719	22.132753	160.115116	21.087644	158.524180	20.000271	156.705585	18.871123	154.603397	17.702222	152.142644	16.498034	149.221307	15.266961	145.698841	14.023754	141.380151	12.793455	135.995866	11.617650	129.186222	10.563487	120.516633	9.733360	109.597188
491.071620	29.812363	168.871403	29.091353	168.203712	28.340534	167.483836	27.558385	166.704591	26.743313	165.857278	25.893679	164.931395	25.007822	163.914019	24.084096	162.789173	23.120944	161.536815	22.116991	160.131598	21.071202	158.540906	19.983126	156.722356	18.853260	154.619898	17.683628	152.158389	16.478707	149.235541	15.246919	145.710372	14.003053	141.387117	12.772224	135.995322	11.596148	129.173704	10.542217	120.485849	9.713196	109.541006
491.550200	29.801803	168.883240	29.080299	168.216073	28.328967	167.496739	27.546286	166.718034	26.730663	165.871283	25.880458	164.945950	24.994008	163.929107	24.069669	162.804772	23.105881	161.552872	22.101269	160.148029	21.054802	158.557592	19.966028	156.739082	18.835445	154.636352	17.665084	152.174089	16.459432	149.249735	15.226932	145.721866	13.982410	141.394036	12.751053	135.994727	11.574711	129.161112	10.521016	120.454959	9.693108	109.484683
492.028660	29.791294	168.895038	29.069299	168.228398	28.317457	167.509605	27.534247	166.731439	26.718074	165.885250	25.867302	164.960463	24.980262	163.944153	24.055313	162.820328	23.090892	161.568891	22.085625	160.164418	21.038482	158.574238	19.949013	156.755775	18.817716	154.652778	17.646630	152.189767	16.440251	149.263911	15.207042	145.733355	13.961867	141.400959	12.729984	135.994154	11.553379	129.148559	10.499921	120.424122	9.673127	109.428430
492.506990	29.780854	168.906789	29.058369	168.240683	28.306020	167.522431	27.522285	166.744811	26.705567	165.899173	25.854230	164.974933	24.966605	163.959161	24.041048	162.835840	23.075998	161.584871	22.070082	160.180776	21.022268	158.590845	19.932106	156.772442	18.800100	154.669188	17.628291	152.205441	16.421191	149.278088	15.187275	145.744858	13.941451	141.407922	12.709043	135.993652	11.532177	129.136120	10.478956	120.393441	9.653272	109.372388
492.985260	29.770447	168.918508	29.047474	168.252934	28.294621	167.535220	27.510362	166.758149	26.693101	165.913056	25.841200	164.989363	24.952991	163.974133	24.026830	162.851315	23.061153	161.600812	22.054590	160.197099	21.006108	158.607415	19.915255	156.789069	18.782542	154.685562	17.610014	152.221077	16.402193	149.292229	15.167575	145.756331	13.921103	141.414858	12.688175	135.993121	11.511049	129.123647	10.458068	120.362706	9.633501	109.316272
493.463380	29.760048	168.930205	29.036588	168.265151	28.283231	167.547972	27.498448	166.771448	26.680645	165.926900	25.828182	165.003755	24.939390	163.989067	24.012624	162.866750	23.046323	161.616709	22.039112	160.213374	20.989962	158.623943	19.898421	156.805641	18.765003	154.701877	17.591757	152.236643	16.383217	149.306302	15.147898	145.767729	13.900781	141.421705	12.667336	135.992477	11.489955	129.111014	10.437222	120.331748	9.613780	109.259856
493.941440	29.749693	168.941872	29.025749	168.277334	28.271889	167.560686	27.486585	166.784709	26.668242	165.940709	25.815218	165.018111	24.925846	164.003961	23.998479	162.882149	23.031556	161.632566	22.023700	160.229611	20.973885	158.640437	19.881658	156.822178	18.747539	154.718160	17.573579	152.252184	16.364322	149.320359	15.128306	145.779119	13.880546	141.428553	12.646586	135.991844	11.468951	129.098395	10.416468	120.300807	9.594153	109.203462
494.419370	29.739429	168.953492	29.015004	168.289478	28.260646	167.573360	27.474825	166.797933	26.655947	165.954478	25.802367	165.032428	24.912419	164.018812	23.984457	162.897509	23.016916	161.648383	22.008420	160.245814	20.957945	158.656902	19.865039	156.838700	18.730222	154.734437	17.555554	152.267745	16.345584	149.334452	15.108875	145.790569	13.860477	141.435501	12.626004	135.991369	11.448115	129.086000	10.395877	120.270178	9.574682	109.147489
494.897190	29.729235	168.965072	29.004334	168.301584	28.249481	167.585999	27.463147	166.811118	26.643736	165.968210	25.789605	165.046707	24.899086	164.033622	23.970531	162.912830	23.002376	161.664165	21.993246	160.261983	20.942114	158.673334	19.848533	156.855202	18.713022	154.750700	17.537650	152.283307	16.326973	149.348560	15.089574	145.802051	13.840539	141.442509	12.605555	135.990989	11.427412	129.073743	10.375418	120.239742	9.555339	109.091772
495.374940	29.719072	168.976623	28.993695	168.313656	28.238349	167.598611	27.451504	166.824263	26.631563	165.981910	25.776882	165.060947	24.885792	164.048395	23.956646	162.928114	22.987880	161.679917	21.978118	160.278114	20.926332	158.689729	19.832079	156.871672	18.695876	154.766930	17.519801	152.298830	16.308419	149.362634	15.070332	145.813504	13.820664	141.449493	12.585172	135.990576	11.406778	129.061450	10.355032	120.209248	9.536072	109.035970
495.852540	29.708925	168.988146	28.983073	168.325695	28.227234	167.611190	27.439879	166.837373	26.619409	165.995574	25.764180	165.075150	24.872521	164.063130	23.942784	162.943359	22.973409	161.695628	21.963015	160.294204	20.910577	158.706081	19.815652	156.888097	18.678760	154.783113	17.501983	152.314296	16.289899	149.376651	15.051126	145.824896	13.800827	141.456409	12.564829	135.990075	11.386189	129.049041	10.334695	120.178591	9.516864	108.979947
496.330080	29.698787	168.999642	28.972461	168.337707	28.216130	167.623731	27.428265	166.850456	26.607267	166.009203	25.751490	165.089321	24.859263	164.077829	23.928939	162.958567	22.958953	161.711291	21.947929	160.310255	20.894841	158.722389	19.799244	156.904471	18.661665	154.799250	17.484188	152.329712	16.271403	149.390606	15.031947	145.836222	13.781019	141.463241	12.544518	135.989474	11.365635	129.036496	10.314401	120.147737	9.497707	108.923663
496.807500	29.688688	169.011105	28.961890	168.349687	28.205069	167.636234	27.416695	166.863507	26.595171	166.022792	25.738848	165.103457	24.846055	164.092488	23.915147	162.973736	22.944553	161.726910	21.932901	160.326269	20.879164	158.738657	19.782900	156.920803	18.644636	154.815351	17.466463	152.345098	16.252978	149.404534	15.012843	145.847527	13.761289	141.470055	12.524287	135.988862	11.345164	129.023939	10.294191	120.116869	9.478637	108.867366
497.284790	29.678671	169.022528	28.951404	168.361627	28.194097	167.648702	27.405219	166.876515	26.583173	166.036335	25.726307	165.117550	24.832954	164.107108	23.901463	162.988868	22.930267	161.742500	21.917992	160.342251	20.863612	158.754895	19.766684	156.937115	18.627740	154.831434	17.448875	152.360488	16.234697	149.418487	14.993884	145.858881	13.741707	141.476958	12.504206	135.988380	11.324843	129.011570	10.274128	120.086267	9.459708	108.811426
497.761990	29.668723	169.033913	28.940989	168.373530	28.183200	167.661138	27.393822	166.889481	26.571256	166.049839	25.713852	165.131602	24.819942	164.121690	23.887872	163.003962	22.916078	161.758061	21.903185	160.358197	20.848164	158.771103	19.750578	156.953405	18.610957	154.847499	17.431405	152.375872	16.216538	149.432455	14.975049	145.870267	13.722252	141.483923	12.484255	135.987991	11.304651	128.999336	10.254194	120.055856	9.440904	108.755740
498.239110	29.658791	169.045269	28.930594	168.385404	28.172322	167.673537	27.382445	166.902412	26.559361	166.063315	25.701420	165.145614	24.806953	164.136241	23.874306	163.019012	22.901916	161.773580	21.888406	160.374098	20.832746	158.787276	19.734503	156.969655	18.594208	154.863526	17.413969	152.391209	16.198414	149.446374	14.956254	145.881601	13.702838	141.490827	12.464347	135.987530	11.284507	128.987008	10.234312	120.025301	9.422159	108.699862
498.716090	29.648878	169.056596	28.920218	168.397248	28.161465	167.685896	27.371091	166.915310	26.547489	166.076761	25.689013	165.159589	24.793990	164.150756	23.860769	163.034019	22.887782	161.789053	21.873655	160.389956	20.817359	158.803412	19.718461	156.985863	18.577494	154.879514	17.396570	152.406501	16.180327	149.460244	14.937499	145.892883	13.683468	141.497671	12.444485	135.987000	11.264412	128.974591	10.214485	119.994611	9.403474	108.643805
499.192990	29.639035	169.067891	28.909914	168.409056	28.150684	167.698221	27.359814	166.928177	26.535699	166.090166	25.676691	165.173531	24.781117	164.165230	23.847325	163.048997	22.873745	161.804493	21.859006	160.405790	20.802078	158.819519	19.702528	157.002047	18.560893	154.895486	17.379288	152.421798	16.162362	149.474133	14.918869	145.904202	13.664225	141.504582	12.424752	135.986576	11.244446	128.962320	10.194784	119.964125	9.384912	108.588016
499.669770	29.629272	169.079150	28.899693	168.420824	28.139991	167.710512	27.348629	166.941008	26.524005	166.103526	25.664470	165.187439	24.768348	164.179661	23.833988	163.063946	22.859822	161.819899	21.844475	160.421599	20.786920	158.835594	19.686722	157.018210	18.544422	154.911446	17.362142	152.437106	16.144538	149.488052	14.900383	145.915575	13.645129	141.511585	12.405168	135.986291	11.224629	128.950247	10.175227	119.933921	9.366488	108.532602
500.146450	29.619547	169.090374	28.889512	168.432556	28.129339	167.722773	27.337486	166.953801	26.512357	166.116855	25.652295	165.201310	24.755629	164.194055	23.820703	163.078856	22.845953	161.835269	21.830001	160.437364	20.771820	158.851634	19.670977	157.034340	18.528016	154.927375	17.345062	152.452380	16.126784	149.501942	14.881968	145.926929	13.626107	141.518572	12.385660	135.986000	11.204890	128.938173	10.155752	119.903709	9.348147	108.477179
500.623050	29.609831	169.101564	28.879343	168.444255	28.118697	167.735006	27.326356	166.966556	26.500720	166.130157	25.640133	165.215142	24.742922	164.208418	23.807433	163.093721	22.832099	161.850599	21.815543	160.453079	20.756738	158.867634	19.655251	157.050428	18.511631	154.943260	17.328005	152.467596	16.109053	149.515770	14.863579	145.938220	13.607113	141.525478	12.366182	135.985610	11.185186	128.925972	10.136317	119.873308	9.329856	108.421509
501.099520	29.600131	169.112727	28.869190	168.455927	28.108074	167.747204	27.315245	166.979279	26.489103	166.143424	25.627992	165.228938	24.730238	164.222748	23.794186	163.108547	22.818270	161.865893	21.801111	160.468758	20.741683	158.883595	19.639554	157.066474	18.495277	154.959100	17.310980	152.482765	16.091356	149.529546	14.845226	145.949457	13.588157	141.532326	12.346746	135.985143	11.165525	128.913668	10.116931	119.842762	9.311621	108.365645
501.575900	29.590458	169.123866	28.859065	168.467574	28.097480	167.759368	27.304165	166.991975	26.477519	166.156649	25.615885	165.242701	24.717591	164.237045	23.780978	163.123343	22.804480	161.881153	21.786720	160.484411	20.726672	158.899518	19.623903	157.082482	18.478969	154.974903	17.294005	152.497904	16.073711	149.543293	14.826928	145.960662	13.569258	141.539153	12.327369	135.984642	11.145927	128.901315	10.097611	119.812153	9.293455	108.309689
502.052190	29.580832	169.134975	28.848989	168.479193	28.086937	167.771500	27.293139	167.004636	26.465991	166.169840	25.603837	165.256432	24.705006	164.251301	23.767833	163.138106	22.790757	161.896381	21.772399	160.500032	20.711733	158.915405	19.608327	157.098460	18.462740	154.990681	17.277111	152.513024	16.056150	149.557033	14.808717	145.971872	13.550448	141.545994	12.308083	135.984175	11.126421	128.889006	10.078383	119.781610	9.275383	108.253821
502.528320	29.571272	169.146047	28.838982	168.490775	28.076467	167.783597	27.282189	167.017256	26.454543	166.182997	25.591873	165.270127	24.692506	164.265511	23.754778	163.152833	22.777129	161.911573	21.758176	160.515613	20.696895	158.931259	19.592857	157.114411	18.446621	155.006447	17.260331	152.528137	16.038706	149.570788	14.790625	145.983116	13.531761	141.552886	12.288922	135.983802	11.107041	128.876836	10.059280	119.751262	9.257430	108.198215
503.004390	29.561789	169.157084	28.829056	168.502319	28.066080	167.795658	27.271325	167.029840	26.443185	166.196120	25.580003	165.283787	24.680104	164.279687	23.741826	163.167524	22.763607	161.926730	21.744064	160.531164	20.682173	158.947091	19.577507	157.130350	18.430626	155.022209	17.243679	152.543261	16.021394	149.584569	14.772670	145.994412	13.513213	141.559864	12.269901	135.983565	11.087799	128.864866	10.040312	119.721182	9.239605	108.142970
503.480350	29.552380	169.168085	28.819207	168.513824	28.055775	167.807679	27.260547	167.042391	26.431915	166.209202	25.568225	165.297408	24.667798	164.293836	23.728976	163.182176	22.750189	161.941846	21.730062	160.546690	20.667564	158.962906	19.562275	157.146275	18.414752	155.037963	17.227153	152.558395	16.004212	149.598369	14.754848	146.005752	13.494799	141.566928	12.251017	135.983452	11.068695	128.853090	10.021477	119.691359	9.221907	108.088070
503.956210	29.542991	169.179060	28.809380	168.525297	28.045492	167.819668	27.249791	167.054910	26.420670	166.222251	25.556472	165.310992	24.655520	164.307953	23.716154	163.196791	22.736801	161.956927	21.716090	160.562176	20.652989	158.978684	19.547077	157.162161	18.398914	155.053673	17.210665	152.573490	15.987071	149.612127	14.737068	146.017048	13.476431	141.573947	12.232180	135.983287	11.049640	128.841240	10.002697	119.661429	9.204269	108.033025
504.431950	29.533574	169.190015	28.799521	168.536746	28.035177	167.831633	27.239003	167.067400	26.409392	166.235270	25.544685	165.324543	24.643206	164.322029	23.703293	163.211375	22.723375	161.971974	21.702078	160.577610	20.638374	158.994404	19.531839	157.177982	18.383037	155.069307	17.194137	152.588496	15.969889	149.625784	14.719248	146.028220	13.458025	141.580800	12.213308	135.982902	11.030557	128.829068	9.983899	119.631054	9.186631	107.977389
504.907590	29.524163	169.200944	28.789669	168.548169	28.024871	167.843570	27.228224	167.079858	26.398123	166.248258	25.532908	165.338060	24.630903	164.336067	23.690444	163.225923	22.709962	161.986987	21.688079	160.593005	20.623772	159.010080	19.516616	157.193760	18.367176	155.084894	17.177626	152.603449	15.952726	149.639386	14.701449	146.039329	13.439643	141.587577	12.194462	135.982417	11.011503	128.816757	9.965136	119.600489	9.169037	107.921499
505.383150	29.514818	169.211840	28.779887	168.559563	28.014636	167.855474	27.217521	167.092283	26.386933	166.261213	25.521214	165.351544	24.618684	164.350073	23.677684	163.240431	22.696642	162.001960	21.674178	160.608377	20.609271	159.025732	19.501496	157.209523	18.351423	155.100476	17.161226	152.618406	15.935679	149.653002	14.683768	146.050470	13.421381	141.594418	12.175738	135.982026	10.992571	128.804598	9.946493	119.570131	9.151558	107.865886
505.858580	29.505545	169.222698	28.770181	168.570923	28.004480	167.867341	27.206900	167.104674	26.375828	166.274132	25.509609	165.364993	24.606559	164.364045	23.665022	163.254901	22.683423	162.016895	21.660383	160.623723	20.594880	159.041360	19.486490	157.225270	18.335787	155.116052	17.144949	152.633368	15.918757	149.666640	14.666217	146.061655	13.403250	141.601340	12.157148	135.981754	10.973772	128.792620	9.927980	119.540023	9.134202	107.810609
506.333890	29.496328	169.233521	28.760533	168.582243	27.994384	167.879174	27.196341	167.117029	26.364789	166.287017	25.498072	165.378408	24.594505	164.377982	23.652434	163.269344	22.670281	162.031799	21.646669	160.639030	20.580574	159.056962	19.471573	157.240988	18.320243	155.131606	17.128765	152.648315	15.901932	149.680287	14.648765	146.072860	13.385221	141.608303	12.138661	135.981557	10.955077	128.780738	9.909570	119.510052	9.116947	107.755513
506.809140	29.487153	169.244314	28.750930	168.593528	27.984336	167.890975	27.185831	167.129352	26.353800	166.299870	25.486588	165.391791	24.582509	164.391886	23.639906	163.283758	22.657200	162.046675	21.633019	160.654304	20.566334	159.072535	19.456725	157.256677	18.304770	155.147135	17.112656	152.663244	15.885184	149.693928	14.631393	146.084073	13.367274	141.615284	12.120257	135.981399	10.936467	128.768905	9.891245	119.480144	9.099777	107.700499
507.284240	29.478016	169.255081	28.741366	168.604785	27.974329	167.902744	27.175364	167.141644	26.342858	166.312687	25.475152	165.405137	24.570562	164.405754	23.627428	163.298129	22.644174	162.061523	21.619424	160.669549	20.552152	159.088074	19.441939	157.272336	18.289362	155.162640	17.096614	152.678153	15.868506	149.707546	14.614093	146.095282	13.349402	141.622261	12.101930	135.981248	10.917934	128.757095	9.872999	119.450259	9.082687	107.645516
507.759280	29.468904	169.265822	28.731827	168.616020	27.964350	167.914486	27.164926	167.153907	26.331947	166.325472	25.463747	165.418451	24.558648	164.419590	23.614986	163.312464	22.631186	162.076338	21.605868	160.684764	20.538011	159.103577	19.427194	157.287964	18.273996	155.178116	17.080619	152.693036	15.851875	149.721130	14.596844	146.106462	13.331582	141.629208	12.083656	135.981063	10.899459	128.745252	9.854813	119.420317	9.065661	107.590458
508.234190	29.459805	169.276533	28.722304	168.627229	27.954386	167.926197	27.154505	167.166136	26.321052	166.338226	25.452362	165.431731	24.546754	164.433392	23.602564	163.326768	22.618217	162.091112	21.592335	160.699935	20.523893	159.119041	19.412474	157.303547	18.258658	155.193548	17.064651	152.707872	15.835275	149.734666	14.579626	146.117579	13.313796	141.636090	12.065421	135.980801	10.881023	128.733303	9.836673	119.390230	9.048687	107.535210
508.709010	29.450725	169.287214	28.712800	168.638410	27.944442	167.937878	27.144105	167.178331	26.310178	166.350951	25.440999	165.444977	24.534884	164.447160	23.590166	163.341045	22.605275	162.105843	21.578829	160.715063	20.509805	159.134467	19.397785	157.319088	18.243353	155.208937	17.048717	152.722665	15.818711	149.748161	14.562446	146.128643	13.296050	141.642921	12.047227	135.980478	10.862633	128.721268	9.818581	119.360025	9.031768	107.479811
509.183720	29.441684	169.297868	28.703337	168.649559	27.934540	167.949529	27.133750	167.190496	26.299352	166.363642	25.429686	165.458188	24.523065	164.460893	23.577823	163.355283	22.592389	162.120536	21.565382	160.730159	20.495778	159.149860	19.383160	157.334598	18.228115	155.224294	17.032852	152.737436	15.802218	149.761641	14.545340	146.139708	13.278380	141.649764	12.029112	135.980177	10.844322	128.709261	9.800570	119.329862	9.014930	107.424467
509.658330	29.432690	169.308496	28.693922	168.660672	27.924691	167.961149	27.123449	167.202631	26.288584	166.376299	25.418432	165.471366	24.511307	164.474592	23.565544	163.369481	22.579571	162.135197	21.552006	160.745228	20.481823	159.165225	19.368610	157.350085	18.212955	155.239629	17.017070	152.752192	15.785810	149.775114	14.528321	146.150793	13.260799	141.656641	12.011086	135.979927	10.826103	128.697328	9.782650	119.299797	8.998182	107.369253
510.132810	29.423733	169.319096	28.684547	168.671754	27.914881	167.972740	27.113190	167.214733	26.277858	166.388921	25.407223	165.484512	24.499597	164.488259	23.553315	163.383647	22.566805	162.149831	21.538683	160.760263	20.467925	159.180560	19.354120	157.365546	18.197856	155.254939	17.001352	152.766922	15.769468	149.788569	14.511370	146.161864	13.243289	141.663511	11.993134	135.979681	10.807958	128.685415	9.764805	119.269756	8.981511	107.314071
510.607210	29.414811	169.329666	28.675209	168.682808	27.905110	167.984301	27.102972	167.226801	26.267174	166.401509	25.396058	165.497630	24.487933	164.501898	23.541135	163.397786	22.554089	162.164440	21.525413	160.775267	20.454084	159.195869	19.339688	157.380983	18.182817	155.270228	16.985695	152.781628	15.753191	149.802011	14.494486	146.172918	13.225848	141.670374	11.975252	135.979440	10.789886	128.673522	9.747035	119.239737	8.964915	107.258918
511.081480	29.405950	169.340201	28.665933	168.693832	27.895404	167.995829	27.092821	167.238837	26.256562	166.414067	25.384967	165.510715	24.476347	164.515503	23.529035	163.411891	22.541458	162.179016	21.512231	160.790247	20.440333	159.211151	19.325350	157.396401	18.167877	155.285508	16.970139	152.796336	15.737018	149.815472	14.477710	146.184008	13.208517	141.677300	11.957481	135.979295	10.771924	128.661769	9.729372	119.209908	8.948422	107.204021
511.555690	29.397156	169.350702	28.656726	168.704825	27.885774	168.007324	27.082747	167.250845	26.246032	166.426597	25.373962	165.523765	24.464849	164.529075	23.517028	163.425961	22.528922	162.193555	21.499147	160.805209	20.426685	159.226407	19.311119	157.411802	18.153047	155.300785	16.954698	152.811060	15.720963	149.828965	14.461055	146.195160	13.191308	141.684322	11.939834	135.979287	10.754085	128.650202	9.711829	119.180334	8.932041	107.149466
512.029790	29.388402	169.361177	28.647563	168.715791	27.876187	168.018785	27.072720	167.262822	26.235550	166.439093	25.363007	165.536782	24.453405	164.542613	23.505077	163.439998	22.516444	162.208064	21.486125	160.820136	20.413099	159.241633	19.296953	157.427173	18.138285	155.316036	16.939327	152.825767	15.704981	149.842445	14.444475	146.206311	13.174177	141.691359	11.922265	135.979309	10.736325	128.638678	9.694367	119.150822	8.915741	107.094992
512.503720	29.379663	169.371629	28.638415	168.726731	27.866616	168.030216	27.062710	167.274766	26.225085	166.451552	25.352072	165.549769	24.441980	164.556114	23.493145	163.454006	22.503987	162.222543	21.473125	160.835014	20.399538	159.256822	19.282813	157.442499	18.123550	155.331243	16.923986	152.840426	15.689029	149.855869	14.427927	146.217405	13.157080	141.698329	11.904734	135.979260	10.718606	128.627061	9.676949	119.121182	8.899492	107.040347
512.977600	29.370931	169.382061	28.629275	168.737644	27.857052	168.041621	27.052710	167.286684	26.214628	166.463982	25.341144	165.562727	24.430564	164.569585	23.481222	163.467983	22.491541	162.236989	21.460138	160.849854	20.385989	159.271975	19.268686	157.457789	18.108829	155.346406	16.908660	152.855038	15.673095	149.869242	14.411398	146.228438	13.140004	141.705227	11.887226	135.979120	10.700913	128.615319	9.659563	119.091365	8.883282	106.985464
513.451350	29.362210	169.392464	28.620148	168.748525	27.847502	168.053000	27.042723	167.298577	26.204187	166.476387	25.330233	165.575655	24.419165	164.583025	23.469318	163.481924	22.479115	162.251393	21.447170	160.864665	20.372463	159.287088	19.254584	157.473046	18.094132	155.361530	16.893360	152.869609	15.657188	149.882577	14.394898	146.239422	13.122959	141.712068	11.869751	135.978909	10.683256	128.603481	9.642217	119.061405	8.867120	106.930400
513.925050	29.353532	169.402841	28.611065	168.759378	27.837999	168.064353	27.032784	167.310443	26.193797	166.488767	25.319373	165.588553	24.407821	164.596437	23.457472	163.495834	22.466748	162.265764	21.434265	160.879452	20.359001	159.302178	19.240548	157.488282	18.079506	155.376637	16.878133	152.884170	15.641356	149.895913	14.378474	146.250421	13.105992	141.718936	11.852357	135.978742	10.665681	128.591704	9.624952	119.031527	8.851038	106.875444
514.398620	29.344927	169.413187	28.602057	168.770206	27.828575	168.075675	27.022926	167.322272	26.183493	166.501116	25.308605	165.601417	24.396571	164.609819	23.445724	163.509714	22.454484	162.280111	21.421466	160.894215	20.345648	159.317255	19.226626	157.503504	18.064998	155.391747	16.863028	152.898745	15.625649	149.909279	14.362180	146.261486	13.089156	141.725907	11.835094	135.978730	10.648235	128.580144	9.607813	119.001954	8.835073	106.820893
514.872070	29.336367	169.423502	28.593097	168.781006	27.819200	168.086966	27.013121	167.334068	26.173243	166.513432	25.297893	165.614245	24.385382	164.623168	23.434039	163.523562	22.442285	162.294430	21.408734	160.908945	20.332366	159.332306	19.212776	157.518698	18.050566	155.406835	16.848001	152.913309	15.610023	149.922638	14.345969	146.272562	13.072406	141.732908	11.817917	135.978767	10.630877	128.568660	9.590761	118.972486	8.819192	106.766483
515.345400	29.327809	169.433788	28.584141	168.791777	27.809828	168.098225	27.003320	167.345833	26.162997	166.525713	25.287186	165.627038	24.374197	164.636483	23.422358	163.537373	22.430090	162.308712	21.396009	160.923630	20.319091	159.347307	19.198934	157.533847	18.036143	155.421868	16.832983	152.927816	15.594408	149.935936	14.329771	146.283557	13.055670	141.739821	11.800758	135.978685	10.613540	128.557027	9.573736	118.942805	8.803348	106.711796
515.818660	29.319270	169.444045	28.575204	168.802517	27.800478	168.109457	26.993541	167.357571	26.152774	166.537962	25.276502	165.639800	24.363035	164.649764	23.410702	163.551153	22.417922	162.322961	21.383312	160.938283	20.305847	159.362268	19.185123	157.548962	18.021752	155.436865	16.818000	152.942285	15.578830	149.949198	14.313611	146.294512	13.038975	141.746693	11.783641	135.978554	10.596249	128.545335	9.556760	118.913034	8.787557	106.656993
516.291810	29.310797	169.454274	28.566334	168.813227	27.791198	168.120663	26.983837	167.369278	26.142628	166.550181	25.265899	165.652536	24.351959	164.663015	23.399135	163.564907	22.405845	162.337185	21.370709	160.952919	20.292701	159.377211	19.171415	157.564061	18.007467	155.451866	16.803126	152.956760	15.563365	149.962487	14.297566	146.305524	13.022397	141.753649	11.766643	135.978554	10.579074	128.533831	9.539896	118.883522	8.771873	106.602530
516.764830	29.302389	169.464478	28.557531	168.823907	27.781989	168.131842	26.974206	167.380954	26.132559	166.562370	25.255376	165.665246	24.340966	164.676236	23.387655	163.578635	22.393859	162.351381	21.358200	160.967536	20.279653	159.392138	19.157809	157.579146	17.993288	155.466869	16.788362	152.971243	15.548012	149.975803	14.281635	146.316594	13.005935	141.760689	11.749761	135.978687	10.562014	128.522511	9.523145	118.854264	8.756293	106.548403
517.237790	29.294007	169.474660	28.548758	168.834561	27.772811	168.142992	26.964606	167.392601	26.122523	166.574530	25.244889	165.677927	24.330009	164.689430	23.376213	163.592331	22.381915	162.365547	21.345734	160.982118	20.266648	159.407040	19.144248	157.594208	17.979155	155.481841	16.773646	152.985708	15.532709	149.989107	14.265758	146.327652	12.989528	141.767720	11.732936	135.978819	10.545013	128.511185	9.506453	118.824999	8.740775	106.494268
517.710630	29.285634	169.484821	28.539994	168.845190	27.763641	168.154111	26.955016	167.404219	26.112497	166.586658	25.234413	165.690576	24.319064	164.702592	23.364783	163.605991	22.369984	162.379676	21.333283	160.996657	20.253657	159.421906	19.130703	157.609233	17.965039	155.496763	16.758949	153.000135	15.517427	150.002366	14.249902	146.338653	12.973145	141.774687	11.716137	135.978870	10.528042	128.499747	9.489795	118.795578	8.725299	106.439928
518.183350	29.277264	169.494956	28.531235	168.855797	27.754475	168.165204	26.945431	167.415808	26.102477	166.598762	25.223942	165.703194	24.308126	164.715719	23.353359	163.619614	22.358059	162.393767	21.320839	161.011162	20.240675	159.436728	19.117168	157.624213	17.950934	155.511641	16.744263	153.014513	15.502156	150.015563	14.234061	146.349583	12.956777	141.781579	11.699356	135.978817	10.511092	128.488167	9.473164	118.765960	8.709858	106.385330
518.655940	29.268914	169.505064	28.522494	168.866380	27.745330	168.176271	26.935867	167.427372	26.092479	166.610840	25.213493	165.715782	24.297212	164.728811	23.341962	163.633202	22.346160	162.407824	21.308423	161.025638	20.227724	159.451512	19.103664	157.639155	17.936862	155.526486	16.729611	153.028852	15.486922	150.028715	14.218257	146.360472	12.940449	141.788432	11.682617	135.978715	10.494185	128.476528	9.456582	118.736254	8.694470	106.330618
519.128480	29.260619	169.515142	28.513812	168.876936	27.736247	168.187309	26.926368	167.438911	26.082548	166.622885	25.203115	165.728342	24.286371	164.741877	23.330640	163.646769	22.334340	162.421860	21.296088	161.040090	20.214857	159.466280	19.090248	157.654083	17.922881	155.541329	16.715055	153.043193	15.471785	150.041887	14.202552	146.371405	12.924224	141.795350	11.665981	135.978720	10.477381	128.465045	9.440099	118.706752	8.679175	106.276179
519.600890	29.252392	169.525189	28.505203	168.887460	27.727238	168.198316	26.916946	167.450423	26.072699	166.634893	25.192823	165.740871	24.275619	164.754918	23.319412	163.660315	22.322618	162.435875	21.283855	161.054516	20.202095	159.481038	19.076940	157.669005	17.909012	155.556173	16.700614	153.057545	15.456768	150.055100	14.186970	146.382405	12.908122	141.802365	11.649469	135.978880	10.460700	128.453785	9.423733	118.677552	8.663989	106.222142
520.073240	29.244193	169.535214	28.496621	168.897958	27.718260	168.209297	26.907556	167.461908	26.062883	166.646877	25.182564	165.753370	24.264901	164.767931	23.308221	163.673831	22.310934	162.449859	21.271661	161.068911	20.189375	159.495764	19.063676	157.683903	17.895190	155.570989	16.686220	153.071875	15.441799	150.068297	14.171439	146.393392	12.892073	141.809370	11.633011	135.979036	10.444075	128.442517	9.407425	118.648341	8.648862	106.168090
520.545410	29.235999	169.545218	28.488044	168.908431	27.709287	168.220252	26.898171	167.473360	26.053071	166.658840	25.172311	165.765839	24.254190	164.780909	23.297036	163.687307	22.299259	162.463802	21.259477	161.083271	20.176664	159.510441	19.050423	157.698760	17.881379	155.585758	16.671840	153.086157	15.426845	150.081438	14.155924	146.404311	12.876040	141.816304	11.616573	135.979092	10.427472	128.431108	9.391145	118.618946	8.633773	106.113797
521.017520	29.227842	169.555195	28.479504	168.918875	27.700354	168.231179	26.888829	167.484783	26.043304	166.670776	25.162104	165.778278	24.243527	164.793861	23.285900	163.700755	22.287635	162.477719	21.247346	161.097608	20.164010	159.525095	19.037228	157.713593	17.867629	155.600507	16.657522	153.100429	15.411955	150.094574	14.140476	146.415231	12.860077	141.823258	11.600205	135.979178	10.410941	128.419748	9.374936	118.589614	8.618753	106.059587
521.489500	29.219750	169.565138	28.471034	168.929287	27.691492	168.242074	26.879560	167.496176	26.033615	166.682674	25.151978	165.790685	24.232949	164.806789	23.274853	163.714178	22.276103	162.491618	21.235311	161.111925	20.151454	159.539740	19.024135	157.728411	17.853984	155.615257	16.643312	153.114716	15.397179	150.107741	14.125142	146.426208	12.844230	141.830304	11.583954	135.979402	10.394526	128.408597	9.358840	118.560559	8.603838	106.005747
521.961430	29.211697	169.575057	28.462604	168.939673	27.682672	168.252943	26.870336	167.507541	26.023973	166.694542	25.141902	165.803066	24.222422	164.819687	23.263860	163.727575	22.264626	162.505490	21.223333	161.126214	20.138959	159.554363	19.011106	157.743207	17.840405	155.629992	16.629172	153.128992	15.382473	150.120905	14.109881	146.437198	12.828458	141.837376	11.567779	135.979671	10.378187	128.397515	9.342819	118.531593	8.588996	105.952028
522.433230	29.203653	169.584959	28.454185	168.950038	27.673863	168.263790	26.861124	167.518880	26.014343	166.706384	25.131838	165.815422	24.211910	164.832548	23.252881	163.740935	22.253165	162.519319	21.211371	161.140461	20.126481	159.568944	18.998094	157.757968	17.826844	155.644690	16.615052	153.143218	15.367788	150.134017	14.094643	146.448143	12.812710	141.844386	11.551630	135.979868	10.361877	128.386330	9.326831	118.502487	8.574195	105.898128
522.904910	29.195612	169.594842	28.445769	168.960381	27.665057	168.274614	26.851917	167.530193	26.004717	166.718201	25.121778	165.827749	24.201402	164.845377	23.241909	163.754260	22.241710	162.533112	21.199417	161.154671	20.114011	159.583484	18.985091	157.772687	17.813293	155.659343	16.600942	153.157395	15.353115	150.147076	14.079418	146.459025	12.796977	141.851318	11.535498	135.979970	10.345588	128.375009	9.310869	118.473197	8.559428	105.843983
523.376460	29.187579	169.604699	28.437363	168.970697	27.656262	168.285413	26.842719	167.541479	25.995102	166.729992	25.111731	165.840045	24.190906	164.858181	23.230948	163.767553	22.230268	162.546876	21.187478	161.168851	20.101557	159.597989	18.972105	157.787364	17.799760	155.673952	16.586850	153.171535	15.338461	150.160096	14.064215	146.469851	12.781268	141.858187	11.519392	135.979999	10.329327	128.363583	9.294940	118.443761	8.544700	105.789644
523.847960	29.179582	169.614528	28.428993	168.980986	27.647506	168.296185	26.833562	167.552740	25.985529	166.741756	25.101727	165.852312	24.180455	164.870961	23.220035	163.780821	22.218875	162.560620	21.175591	161.183012	20.089156	159.612473	18.959175	157.802020	17.786286	155.688545	16.572819	153.185669	15.323871	150.173115	14.049076	146.480683	12.765625	141.865079	11.503355	135.980065	10.313134	128.352208	9.279081	118.414391	8.530040	105.735391
524.319340	29.171655	169.624324	28.420696	168.991248	27.638826	168.306924	26.824483	167.563975	25.976039	166.753490	25.091810	165.864552	24.170095	164.883709	23.209216	163.794067	22.207581	162.574343	21.163806	161.197159	20.076861	159.626946	18.946354	157.816680	17.772924	155.703151	16.558905	153.199824	15.309400	150.186176	14.034059	146.491596	12.750106	141.872093	11.487440	135.980297	10.297063	128.341078	9.263336	118.385357	8.515485	105.681583
524.790590	29.163783	169.634093	28.412454	169.001484	27.630204	168.317635	26.815466	167.575182	25.966613	166.765193	25.081960	165.876766	24.159805	164.896426	23.198469	163.807289	22.196362	162.588039	21.152097	161.211281	20.064646	159.641399	18.933616	157.831331	17.759649	155.717752	16.545081	153.213981	15.295021	150.199251	14.019137	146.502549	12.734684	141.879177	11.471623	135.980629	10.281088	128.330098	9.247685	118.356524	8.501019	105.628048
525.261780	29.155916	169.643844	28.404220	169.011701	27.621589	168.328325	26.806457	167.586361	25.957195	166.776871	25.072117	165.888957	24.149524	164.909118	23.187732	163.820482	22.185154	162.601703	21.140399	161.225363	20.052444	159.655817	18.920892	157.845940	17.746388	155.732306	16.531272	153.228094	15.280659	150.212275	14.004233	146.513439	12.719280	141.886191	11.455828	135.980880	10.265138	128.319010	9.232063	118.327528	8.486589	105.574302
525.732850	29.148058	169.653577	28.395995	169.021895	27.612984	168.338994	26.797458	167.597510	25.947787	166.788522	25.062286	165.901120	24.139255	164.921784	23.177009	163.833642	22.173960	162.615330	21.128716	161.239405	20.040256	159.670198	18.908184	157.860506	17.733144	155.746812	16.517481	153.242161	15.266316	150.225253	13.989351	146.524271	12.703899	141.893137	11.440058	135.981056	10.249216	128.307820	9.216473	118.298385	8.472198	105.520366
526.203800	29.140249	169.663286	28.387821	169.032058	27.604432	168.349632	26.788515	167.608630	25.938438	166.800148	25.052516	165.913251	24.129049	164.934419	23.166351	163.846776	22.162833	162.628929	21.117105	161.253428	20.028144	159.684558	18.895554	157.875055	17.719981	155.761312	16.503772	153.256226	15.252059	150.238251	13.974556	146.535140	12.688607	141.900139	11.424378	135.981321	10.233384	128.296751	9.200971	118.269418	8.457889	105.466666
526.674620	29.132495	169.672967	28.379707	169.042189	27.595942	168.360238	26.779636	167.619725	25.929155	166.811748	25.042817	165.925352	24.118916	164.947023	23.155768	163.859884	22.151786	162.642503	21.105577	161.267435	20.016116	159.698902	18.883012	157.889594	17.706909	155.775815	16.490160	153.270298	15.237899	150.251278	13.959860	146.546064	12.673417	141.907221	11.408799	135.981703	10.217652	128.285845	9.185566	118.240688	8.443671	105.413279
527.145390	29.124763	169.682621	28.371614	169.052301	27.587475	168.370820	26.770781	167.630798	25.919897	166.823318	25.033143	165.937428	24.108810	164.959601	23.145215	163.872963	22.140769	162.656053	21.094080	161.281413	20.004122	159.713219	18.870505	157.904106	17.693874	155.790296	16.476584	153.284350	15.223779	150.264277	13.945205	146.556963	12.658270	141.914281	11.393263	135.982065	10.201965	128.274916	9.170209	118.211920	8.429503	105.359843
527.616030	29.117037	169.692248	28.363527	169.062396	27.579014	168.381381	26.761933	167.641849	25.910648	166.834857	25.023477	165.949479	24.098712	164.972153	23.134671	163.886010	22.129762	162.669576	21.082593	161.295350	19.992139	159.727502	18.858009	157.918582	17.680851	155.804736	16.463022	153.298366	15.209674	150.277220	13.930566	146.567800	12.643141	141.921274	11.377749	135.982342	10.186302	128.263882	9.154880	118.182994	8.415370	105.306200
528.086550	29.109334	169.701855	28.355465	169.072469	27.570579	168.391922	26.753112	167.652874	25.901427	166.846371	25.013841	165.961499	24.088646	164.984678	23.124159	163.899030	22.118789	162.683067	21.071141	161.309259	19.980192	159.741756	18.845552	157.933031	17.667868	155.819148	16.449501	153.312357	15.195613	150.290144	13.915973	146.578622	12.628058	141.928258	11.362283	135.982612	10.170689	128.252842	9.139602	118.154052	8.401291	105.252533
528.557010	29.101665	169.711446	28.347439	169.082514	27.562182	168.402441	26.744331	167.663874	25.892248	166.857865	25.004249	165.973488	24.078625	164.997178	23.113694	163.912027	22.107864	162.696529	21.059741	161.323151	19.968300	159.755987	18.833150	157.947461	17.654943	155.833541	16.436042	153.326334	15.181613	150.303077	13.901445	146.589464	12.613041	141.935272	11.346883	135.982926	10.155143	128.241863	9.124390	118.125187	8.387277	105.198966
529.027340	29.094025	169.721015	28.339443	169.092531	27.553816	168.412932	26.735582	167.674847	25.883102	166.869334	24.994692	165.985451	24.068641	165.009650	23.103269	163.924993	22.096980	162.709963	21.048383	161.337017	19.956452	159.770188	18.820795	157.961866	17.642065	155.847911	16.422631	153.340289	15.167664	150.315997	13.886970	146.600299	12.598079	141.942286	11.331540	135.983249	10.139654	128.230899	9.109236	118.096344	8.373322	105.145431
529.497560	29.086410	169.730556	28.331471	169.102521	27.545477	168.423391	26.726861	167.685793	25.873986	166.880776	24.985164	165.997393	24.058690	165.022097	23.092877	163.937925	22.086132	162.723377	21.037061	161.350855	19.944642	159.784358	18.808479	157.976242	17.629230	155.862256	16.409264	153.354220	15.153761	150.328894	13.872540	146.611114	12.583165	141.949286	11.316247	135.983562	10.124216	128.219924	9.094135	118.067492	8.359421	105.091890
529.967710	29.078838	169.740070	28.323544	169.112490	27.537184	168.433824	26.718189	167.696715	25.864920	166.892192	24.975690	166.009314	24.048794	165.034518	23.082544	163.950835	22.075344	162.736767	21.025802	161.364668	19.932896	159.798512	18.796231	157.990605	17.616464	155.876594	16.395969	153.368152	15.139933	150.341795	13.858187	146.621950	12.568329	141.956331	11.301032	135.983946	10.108856	128.209052	9.079111	118.038781	8.345592	105.038540
530.437740	29.071326	169.749558	28.315682	169.122438	27.528959	168.444235	26.709586	167.707610	25.855926	166.903581	24.966292	166.021208	24.038976	165.046912	23.072291	163.963728	22.064641	162.750130	21.014632	161.378458	19.921242	159.812658	18.784078	158.004966	17.603797	155.890936	16.382776	153.382102	15.126208	150.354725	13.843941	146.632842	12.553600	141.963474	11.285925	135.984475	10.093603	128.198388	9.064189	118.010351	8.331857	104.985563
530.907650	29.063856	169.759022	28.307866	169.132361	27.520781	168.454625	26.701032	167.718479	25.846984	166.914945	24.956949	166.033072	24.029215	165.059279	23.062097	163.976599	22.053998	162.763465	21.003526	161.392225	19.909654	159.826785	18.771994	158.019310	17.591201	155.905267	16.369657	153.396050	15.112559	150.367667	13.829773	146.643760	12.538951	141.970664	11.270898	135.985081	10.078430	128.187835	9.049344	117.982069	8.318196	104.932784
531.377440	29.056405	169.768468	28.300067	169.142255	27.512621	168.464993	26.692499	167.729320	25.838064	166.926282	24.947628	166.044904	24.019477	165.071619	23.051927	163.989440	22.043381	162.776774	20.992446	161.405966	19.898095	159.840882	18.759939	158.033616	17.578636	155.919568	16.356569	153.409965	15.098943	150.380587	13.815639	146.654657	12.524339	141.977823	11.255909	135.985659	10.063296	128.177248	9.034541	117.953732	8.304581	104.879938
531.847170	29.048958	169.777896	28.292272	169.152126	27.504466	168.475338	26.683971	167.740137	25.829149	166.937594	24.938312	166.056710	24.009745	165.083934	23.041763	164.002248	22.032770	162.790057	20.981373	161.419678	19.886544	159.854944	18.747892	158.047885	17.566080	155.933830	16.343491	153.423840	15.085340	150.393466	13.801519	146.665505	12.509742	141.984920	11.240938	135.986158	10.048181	128.166551	9.019762	117.925238	8.290996	104.826883
532.316770	29.041512	169.787303	28.284479	169.161980	27.496313	168.485656	26.675445	167.750932	25.820236	166.948878	24.928997	166.068493	24.000015	165.096222	23.031603	164.015023	22.022164	162.803311	20.970304	161.433356	19.874997	159.868971	18.735851	158.062122	17.553531	155.948047	16.330421	153.437671	15.071745	150.406286	13.787409	146.676292	12.495156	141.991946	11.225979	135.986558	10.033083	128.155719	9.005005	117.896558	8.277442	104.773581
532.786250	29.034090	169.796686	28.276711	169.171815	27.488187	168.495947	26.666946	167.761705	25.811352	166.960137	24.919712	166.080254	23.990318	165.108484	23.021476	164.027770	22.011593	162.816539	20.959271	161.447006	19.863487	159.882972	18.723850	158.076339	17.541023	155.962240	16.317394	153.451484	15.058195	150.419086	13.773344	146.687064	12.480617	141.998970	11.211068	135.986957	10.018036	128.144885	8.990299	117.867877	8.263939	104.720277
533.255680	29.026729	169.806041	28.269006	169.181624	27.480127	168.506218	26.658516	167.772452	25.802540	166.971374	24.910503	166.091994	23.980698	165.120721	23.011431	164.040503	22.001106	162.829748	20.948327	161.460645	19.852068	159.896963	18.711942	158.090548	17.528611	155.976443	16.304467	153.465318	15.044747	150.431934	13.759384	146.697899	12.466183	142.006095	11.196264	135.987511	10.003092	128.134270	8.975692	117.839496	8.250526	104.667374
533.724910	29.019423	169.815370	28.261359	169.191404	27.472126	168.516465	26.650150	167.783170	25.793792	166.982588	24.901364	166.103709	23.971149	165.132930	23.001459	164.053215	21.990696	162.842931	20.937463	161.474267	19.840734	159.910936	18.700122	158.104743	17.516289	155.990647	16.291633	153.479159	15.031394	150.444813	13.745521	146.708781	12.451849	142.013297	11.181559	135.988192	9.988245	128.123836	8.961177	117.811365	8.237198	104.614811
534.194150	29.012124	169.824683	28.253718	169.201164	27.464132	168.526688	26.641791	167.793869	25.785053	166.993778	24.892233	166.115398	23.961610	165.145115	22.991497	164.065896	21.980297	162.856086	20.926610	161.487857	19.829412	159.924875	18.688312	158.118909	17.503979	156.004820	16.278812	153.492963	15.018056	150.457647	13.731673	146.719626	12.437532	142.020446	11.166874	135.988806	9.973420	128.113308	8.946689	117.783096	8.223902	104.562064
534.663210	29.004824	169.833978	28.246077	169.210902	27.456138	168.536882	26.633432	167.804544	25.776315	167.004940	24.883101	166.127053	23.952071	165.157271	22.981536	164.078537	21.969898	162.869208	20.915757	161.501408	19.818092	159.938775	18.676507	158.133038	17.491674	156.018948	16.265996	153.506716	15.004723	150.470416	13.717833	146.730410	12.423225	142.027515	11.152200	135.989312	9.958611	128.102638	8.932221	117.754628	8.210636	104.509057
535.132200	28.997562	169.843247	28.238476	169.220615	27.448185	168.547054	26.625115	167.815194	25.767622	167.016076	24.874016	166.138681	23.942581	165.169402	22.971626	164.091157	21.959552	162.882307	20.904960	161.514936	19.806828	159.952660	18.664760	158.147150	17.479430	156.033062	16.253243	153.520464	14.991456	150.483189	13.704061	146.741209	12.408986	142.034622	11.137594	135.989873	9.943870	128.092055	8.917822	117.726276	8.197434	104.456203
535.601070	28.990355	169.852487	28.230934	169.230300	27.440293	168.557205	26.616862	167.825816	25.758994	167.027185	24.865001	166.150283	23.933162	165.181506	22.961791	164.103762	21.949285	162.895384	20.894244	161.528449	19.795647	159.966539	18.653101	158.161250	17.467277	156.047176	16.240584	153.534226	14.978285	150.495997	13.690387	146.752056	12.394845	142.041820	11.123088	135.990563	9.929227	128.081664	8.903514	117.698187	8.184317	104.403703
536.069820	28.983179	169.861709	28.223423	169.239963	27.432435	168.567333	26.608644	167.836417	25.750403	167.038271	24.856023	166.161865	23.923784	165.193586	22.951997	164.116343	21.939060	162.908437	20.883574	161.541940	19.784514	159.980395	18.641491	158.175328	17.455174	156.061272	16.227976	153.547975	14.965167	150.508803	13.676768	146.762906	12.380761	142.049029	11.108640	135.991285	9.914641	128.071315	8.889266	117.670158	8.171257	104.351284
536.538510	28.976009	169.870922	28.215919	169.249610	27.424585	168.577440	26.600436	167.847003	25.741821	167.049335	24.847054	166.173432	23.914417	165.205646	22.942214	164.128898	21.928847	162.921463	20.872916	161.555404	19.773395	159.994216	18.629894	158.189379	17.443087	156.075337	16.215384	153.561690	14.952067	150.521576	13.663167	146.773721	12.366697	142.056185	11.094213	135.991954	9.900080	128.060880	8.875044	117.642009	8.158229	104.298705
537.007080	28.968848	169.880113	28.208423	169.259239	27.416744	168.587524	26.592236	167.857566	25.733250	167.060378	24.838097	166.184973	23.905060	165.217681	22.932442	164.141424	21.918646	162.934461	20.862270	161.568837	19.762289	160.008005	18.618311	158.203398	17.431014	156.089369	16.202809	153.575372	14.938984	150.534311	13.649585	146.784494	12.352653	142.063294	11.079809	135.992563	9.885543	128.050363	8.860851	117.613738	8.145236	104.245967
537.475520	28.961700	169.889273	28.200942	169.268851	27.408917	168.597585	26.584051	167.868102	25.724695	167.071398	24.829156	166.196481	23.895720	165.229687	22.922691	164.153923	21.908465	162.947432	20.851646	161.582236	19.751205	160.021769	18.606753	158.217386	17.418965	156.103372	16.190260	153.589028	14.925929	150.547015	13.636031	146.795234	12.338639	142.070380	11.065435	135.993132	9.871039	128.039801	8.846693	117.585390	8.132284	104.193129
537.943850	28.954583	169.898411	28.193492	169.278439	27.401123	168.607624	26.575898	167.878610	25.716175	167.082393	24.820253	166.207960	23.886419	165.241668	22.912979	164.166398	21.898326	162.960378	20.841065	161.595611	19.740165	160.035509	18.595242	158.231357	17.406965	156.117357	16.177762	153.602673	14.912926	150.559711	13.622532	146.805976	12.324681	142.077484	11.051118	135.993728	9.856592	128.029283	8.832593	117.557100	8.119388	104.140368
538.412110	28.947510	169.907535	28.186090	169.288001	27.393379	168.617641	26.567799	167.889091	25.707709	167.093362	24.811406	166.219419	23.877177	165.253629	22.903327	164.178852	21.888250	162.973302	20.830550	161.608973	19.729196	160.049228	18.583802	158.245323	17.395040	156.131340	16.165340	153.616320	14.900002	150.572425	13.609112	146.816760	12.310805	142.084645	11.036883	135.994422	9.842226	128.018901	8.818570	117.529002	8.106563	104.087860
538.880250	28.940487	169.916637	28.178739	169.297537	27.385689	168.627635	26.559757	167.899549	25.699301	167.104305	24.802621	166.230857	23.868000	165.265566	22.893742	164.191282	21.878245	162.986204	20.820108	161.622320	19.718302	160.062932	18.572439	158.259280	17.383196	156.145319	16.153001	153.629974	14.887162	150.585162	13.595781	146.827590	12.297018	142.091874	11.022737	135.995229	9.827948	128.008678	8.804631	117.501130	8.093815	104.035654
539.348330	28.933508	169.925709	28.171435	169.307051	27.378047	168.637608	26.551766	167.909992	25.690946	167.115227	24.793890	166.242275	23.858879	165.277478	22.884217	164.203687	21.868301	162.999088	20.809730	161.635651	19.707474	160.076630	18.561145	158.273221	17.371423	156.159294	16.140736	153.643636	14.874399	150.597921	13.582528	146.838456	12.283309	142.099165	11.008671	135.996131	9.813748	127.998592	8.790768	117.473443	8.081137	103.983701
539.816220	28.926540	169.934757	28.164142	169.316543	27.370417	168.647557	26.543788	167.920413	25.682605	167.126126	24.785174	166.253666	23.849773	165.289360	22.874708	164.216063	21.858375	163.011942	20.799370	161.648948	19.696664	160.090300	18.549872	158.287125	17.359671	156.173236	16.128493	153.657265	14.861660	150.610644	13.569299	146.849281	12.269626	142.106417	10.994632	135.996980	9.799579	127.988440	8.776937	117.445659	8.068497	103.931627
540.284060	28.919536	169.943799	28.156811	169.326018	27.362748	168.657484	26.535767	167.930808	25.674222	167.137005	24.776414	166.265030	23.840623	165.301221	22.865152	164.228412	21.848399	163.024763	20.788959	161.662201	19.685803	160.103921	18.538546	158.300974	17.347865	156.187115	16.116196	153.670814	14.848866	150.623265	13.556016	146.859975	12.255891	142.113497	10.980545	135.997587	9.785367	127.977947	8.763076	117.417392	8.055845	103.878912
540.751830	28.912529	169.952830	28.149477	169.335475	27.355075	168.667390	26.527743	167.941177	25.665835	167.147861	24.767651	166.276370	23.831470	165.313062	22.855594	164.240737	21.838422	163.037557	20.778547	161.675421	19.674941	160.117504	18.527218	158.314791	17.336058	156.200958	16.103899	153.684318	14.836072	150.635835	13.542734	146.870610	12.242160	142.120503	10.966462	135.998094	9.771162	127.967314	8.749227	117.388926	8.043213	103.825931
541.219420	28.905611	169.961829	28.142236	169.344909	27.347500	168.677273	26.519821	167.951526	25.657553	167.158687	24.758997	166.287689	23.822431	165.324879	22.846153	164.253041	21.828567	163.050341	20.768262	161.688638	19.664212	160.131087	18.516027	158.328626	17.324392	156.214830	16.091746	153.697868	14.823426	150.648487	13.529603	146.881376	12.228579	142.127695	10.952529	135.998885	9.757103	127.957085	8.735512	117.361020	8.030697	103.773695
541.686950	28.898781	169.970796	28.135087	169.354321	27.340022	168.687135	26.512000	167.961859	25.649377	167.169489	24.750451	166.298993	23.813504	165.336674	22.836832	164.265329	21.818835	163.063116	20.758104	161.701856	19.653614	160.144677	18.504974	158.342484	17.312867	156.228733	16.079737	153.711473	14.810928	150.661229	13.516622	146.892277	12.215149	142.135081	10.938746	135.999968	9.743187	127.947268	8.721932	117.333685	8.018295	103.722215
542.154360	28.891949	169.979746	28.127936	169.363709	27.332541	168.696973	26.504176	167.972166	25.641198	167.180272	24.741904	166.310271	23.804575	165.348443	22.827508	164.277591	21.809100	163.075858	20.747944	161.715043	19.643014	160.158236	18.493918	158.356302	17.301342	156.242589	16.067728	153.725035	14.798431	150.673914	13.503643	146.903109	12.201723	142.142387	10.924967	136.000942	9.729281	127.937302	8.708364	117.306142	8.005915	103.670460
542.621700	28.885080	169.988686	28.120747	169.373076	27.325020	168.706789	26.496312	167.982446	25.632977	167.191039	24.733315	166.321521	23.795601	165.360185	22.818138	164.289825	21.799317	163.088561	20.737735	161.728190	19.632362	160.171751	18.482811	158.370058	17.289763	156.256377	16.055666	153.738522	14.785881	150.686497	13.490611	146.913803	12.188247	142.149524	10.911142	136.001671	9.715333	127.926992	8.694767	117.278121	7.993525	103.618071
543.088870	28.878247	169.997606	28.113596	169.382423	27.317537	168.716584	26.488487	167.992703	25.624798	167.201779	24.724769	166.332746	23.786674	165.371902	22.808816	164.302034	21.789585	163.101243	20.727579	161.741310	19.621765	160.185245	18.471759	158.383794	17.278242	156.270156	16.043665	153.752003	14.773394	150.699088	13.477643	146.924518	12.174835	142.156697	10.897383	136.002459	9.701451	127.916769	8.681234	117.250216	7.981194	103.565845
543.555970	28.871485	170.006500	28.106520	169.391752	27.310134	168.726362	26.480745	168.002945	25.616704	167.212491	24.716310	166.343951	23.777838	165.383598	22.799588	164.314222	21.779953	163.113917	20.717525	161.754419	19.611276	160.198732	18.460818	158.397536	17.266836	156.283964	16.031781	153.765520	14.761025	150.711750	13.464798	146.935342	12.161545	142.164023	10.883745	136.003473	9.687687	127.906864	8.667810	117.222742	7.968959	103.514198
544.023010	28.864739	170.015375	28.099459	169.401062	27.302747	168.736121	26.473021	168.013168	25.608629	167.223182	24.707871	166.355135	23.769024	165.395274	22.790382	164.326389	21.770343	163.126568	20.707496	161.767505	19.600811	160.212195	18.449902	158.411258	17.255456	156.297751	16.019925	153.779014	14.748686	150.724391	13.451983	146.946148	12.148288	142.171332	10.870141	136.004469	9.673957	127.896934	8.654423	117.195229	7.956763	103.462497
544.489870	28.857969	170.024232	28.092373	169.410349	27.295334	168.745857	26.465269	168.023366	25.600526	167.233856	24.699403	166.366294	23.760178	165.406925	22.781145	164.338532	21.760699	163.139181	20.697433	161.780556	19.590313	160.225618	18.438953	158.424937	17.244042	156.311473	16.008034	153.792439	14.736313	150.736937	13.439133	146.956836	12.134998	142.178495	10.856506	136.005265	9.660202	127.886725	8.641021	117.167328	7.944567	103.410281
544.956670	28.851223	170.033071	28.085312	169.419612	27.287948	168.755570	26.457546	168.033541	25.592452	167.244511	24.690966	166.377431	23.751364	165.418554	22.771942	164.350652	21.751091	163.151771	20.687405	161.793590	19.579851	160.239021	18.428043	158.438597	17.232669	156.325174	15.996186	153.805851	14.723983	150.749474	13.426329	146.967523	12.121755	142.185666	10.842920	136.006078	9.646496	127.876546	8.627667	117.139465	7.932420	103.358114
545.423400	28.844558	170.041886	28.078335	169.428853	27.280648	168.765260	26.449911	168.043696	25.584472	167.255144	24.682627	166.388547	23.742653	165.430159	22.762845	164.362749	21.741593	163.164351	20.677493	161.806620	19.569509	160.252424	18.417256	158.452260	17.221421	156.338900	15.984467	153.819309	14.711787	150.762087	13.413660	146.978331	12.108648	142.193011	10.829469	136.007144	9.632920	127.866731	8.614433	117.112105	7.920375	103.306617
545.889950	28.837942	170.050679	28.071411	169.438074	27.273404	168.774928	26.442334	168.053826	25.576551	167.265751	24.674351	166.399639	23.734007	165.441743	22.753815	164.374824	21.732167	163.176912	20.667653	161.819629	19.559243	160.265813	18.406547	158.465914	17.210255	156.352629	15.972833	153.832780	14.699676	150.774732	13.401080	146.989190	12.095631	142.200435	10.816107	136.008334	9.619432	127.857098	8.601283	117.084996	7.908405	103.255462
546.356450	28.831323	170.059454	28.064483	169.447282	27.266156	168.784580	26.434755	168.063935	25.568628	167.276337	24.666071	166.410709	23.725357	165.453311	22.744782	164.386883	21.722736	163.189444	20.657810	161.832604	19.548973	160.279170	18.395835	158.479541	17.199088	156.366331	15.961197	153.846213	14.687565	150.787333	13.388500	146.999989	12.082614	142.207786	10.802748	136.009429	9.605950	127.847332	8.588144	117.057696	7.896454	103.204052
546.822810	28.824708	170.068210	28.057559	169.456474	27.258913	168.794213	26.427182	168.074022	25.560710	167.286901	24.657797	166.421757	23.716714	165.464857	22.735757	164.398920	21.713312	163.201949	20.647976	161.845549	19.538711	160.292500	18.385133	158.493142	17.187930	156.380002	15.949572	153.859611	14.675465	150.799897	13.375932	147.010741	12.069612	142.215083	10.789404	136.010459	9.592485	127.837474	8.575026	117.030264	7.884532	103.152469
547.289060	28.818129	170.076948	28.050674	169.465642	27.251710	168.803822	26.419648	168.084091	25.552835	167.297442	24.649568	166.432782	23.708117	165.476377	22.726779	164.410932	21.703940	163.214437	20.638194	161.858482	19.528504	160.305819	18.374487	158.506728	17.176832	156.393659	15.938007	153.873005	14.663428	150.812469	13.363428	147.021522	12.056674	142.222427	10.776125	136.011561	9.579086	127.827719	8.561971	117.002972	7.872667	103.101075
547.755250	28.811579	170.085669	28.043819	169.474789	27.244538	168.813409	26.412147	168.094142	25.544995	167.307962	24.641375	166.443785	23.699558	165.487870	22.717841	164.422917	21.694610	163.226908	20.628456	161.871402	19.518343	160.319124	18.363888	158.520295	17.165780	156.407297	15.926491	153.886390	14.651441	150.825039	13.350977	147.032317	12.043790	142.229798	10.762901	136.012707	9.565740	127.818026	8.548969	116.975759	7.860854	103.049786
548.221310	28.805026	170.094370	28.036961	169.483917	27.237362	168.822978	26.404644	168.104171	25.537151	167.318459	24.633179	166.454765	23.690997	165.499341	22.708900	164.434873	21.685276	163.239346	20.618714	161.884289	19.508178	160.332390	18.353287	158.533825	17.154727	156.420897	15.914974	153.899730	14.639455	150.837552	13.338526	147.043049	12.030908	142.237092	10.749681	136.013750	9.552402	127.808190	8.535980	116.948345	7.849062	102.998231
548.687260	28.798473	170.103052	28.030103	169.493027	27.230188	168.832529	26.397141	168.114176	25.529308	167.328932	24.624984	166.465723	23.682436	165.510790	22.699961	164.446803	21.675942	163.251753	20.608974	161.897143	19.498016	160.345618	18.342689	158.547324	17.143677	156.434466	15.903462	153.913034	14.627475	150.850018	13.326081	147.053726	12.018034	142.244322	10.736472	136.014705	9.539076	127.798237	8.523008	116.920763	7.837295	102.946455
549.153140	28.791963	170.111717	28.023290	169.502115	27.223060	168.842057	26.389688	168.124159	25.521516	167.339388	24.616841	166.476662	23.673932	165.522217	22.691079	164.458719	21.666670	163.264143	20.599296	161.909982	19.487920	160.358838	18.332157	158.560818	17.132697	156.448036	15.892022	153.926348	14.615568	150.862513	13.313712	147.064449	12.005237	142.251623	10.723338	136.015769	9.525825	127.788437	8.510107	116.893392	7.825592	102.894960
549.618900	28.785511	170.120364	28.016536	169.511179	27.215994	168.851562	26.382298	168.134121	25.513793	167.349826	24.608769	166.487584	23.665500	165.533620	22.682273	164.470623	21.657478	163.276522	20.589701	161.922808	19.477909	160.372057	18.321714	158.574314	17.121808	156.461615	15.880676	153.939685	14.603756	150.875056	13.301441	147.075245	11.992538	142.259035	10.710302	136.017001	9.512670	127.778874	8.497294	116.866349	7.813967	102.843907
550.084530	28.779079	170.128991	28.009803	169.520227	27.208951	168.861051	26.374932	168.144061	25.506094	167.360242	24.600723	166.498483	23.657095	165.545003	22.673495	164.482501	21.648315	163.288877	20.580136	161.935611	19.467930	160.385250	18.311304	158.587785	17.110954	156.475176	15.869365	153.953008	14.591981	150.887586	13.289209	147.086029	11.979879	142.266446	10.697307	136.018238	9.499557	127.769320	8.484524	116.839314	7.802385	102.792868
550.550050	28.772644	170.137600	28.003068	169.529262	27.201905	168.870528	26.367565	168.153984	25.498392	167.370635	24.592675	166.509359	23.648686	165.556369	22.664715	164.494350	21.639148	163.301201	20.570569	161.948383	19.457948	160.398406	18.300892	158.601216	17.100100	156.488701	15.858055	153.966291	14.580207	150.900064	13.276977	147.096748	11.967221	142.273786	10.684316	136.019381	9.486450	127.759633	8.471767	116.812086	7.790823	102.741576
551.015500	28.766226	170.146191	27.996351	169.538279	27.194879	168.879983	26.360218	168.163889	25.490710	167.381006	24.584648	166.520213	23.640300	165.567715	22.655959	164.506177	21.630006	163.313504	20.561029	161.961133	19.447993	160.411539	18.290509	158.614629	17.089274	156.502205	15.846774	153.979553	14.568466	150.912524	13.264779	147.107458	11.954599	142.281114	10.671361	136.020516	9.473380	127.749938	8.459047	116.784846	7.779301	102.690265
551.480830	28.759844	170.154763	27.989671	169.547271	27.187891	168.889409	26.352910	168.173775	25.483071	167.391354	24.576665	166.531045	23.631962	165.579037	22.647251	164.517987	21.620915	163.325791	20.551541	161.973867	19.438093	160.424662	18.280182	158.628036	17.078506	156.515697	15.835554	153.992809	14.556786	150.924997	13.252644	147.118203	11.942040	142.288482	10.658470	136.021720	9.460373	127.740347	8.446389	116.757755	7.767835	102.639151
551.946040	28.753484	170.163316	27.983015	169.556242	27.180926	168.898812	26.345626	168.183641	25.475458	167.401681	24.568709	166.541854	23.623651	165.590335	22.638572	164.529777	21.611854	163.338057	20.542085	161.986579	19.428226	160.437767	18.269889	158.641424	17.067774	156.529170	15.824370	154.006050	14.545144	150.937460	13.240549	147.128945	11.929524	142.295854	10.645621	136.022934	9.447410	127.730775	8.433774	116.730686	7.756413	102.588072
552.411190	28.747130	170.171851	27.976364	169.565196	27.173968	168.908205	26.338350	168.193484	25.467851	167.411990	24.560761	166.552641	23.615349	165.601611	22.629902	164.541544	21.602802	163.350298	20.532638	161.999267	19.418369	160.450844	18.259608	158.654778	17.057055	156.542618	15.813200	154.019267	14.533517	150.949893	13.228468	147.139642	11.917023	142.303191	10.632790	136.024092	9.434464	127.721128	8.421181	116.703500	7.745019	102.536846
552.876220	28.740799	170.180368	27.969738	169.574132	27.167037	168.917581	26.331102	168.203306	25.460275	167.422281	24.552845	166.563406	23.607078	165.612867	22.621266	164.553289	21.593785	163.362517	20.523227	162.011935	19.408551	160.463902	18.249367	158.668111	17.046377	156.556053	15.802072	154.032477	14.521933	150.962323	13.216433	147.150340	11.904568	142.310544	10.620005	136.025281	9.421567	127.711525	8.408636	116.676368	7.733671	102.485696
553.341130	28.734520	170.188866	27.963167	169.583049	27.160162	168.926935	26.323912	168.213108	25.452758	167.432555	24.544991	166.574152	23.598874	165.624104	22.612697	164.565015	21.584840	163.374723	20.513890	162.024592	19.398808	160.476954	18.239205	158.681448	17.035781	156.569496	15.791029	154.045700	14.510436	150.974789	13.204486	147.161106	11.892202	142.317988	10.607310	136.026620	9.408756	127.702132	8.396171	116.649532	7.722393	102.434935
553.805910	28.728285	170.197346	27.956641	169.591946	27.153335	168.936264	26.316772	168.222893	25.445294	167.442807	24.537191	166.584880	23.590727	165.635321	22.604186	164.576721	21.575957	163.386913	20.504616	162.037236	19.389131	160.489996	18.229111	158.694783	17.025254	156.582938	15.780059	154.058930	14.499012	150.987279	13.192616	147.171921	11.879913	142.325503	10.594692	136.028074	9.396020	127.692902	8.383777	116.622925	7.711179	102.384472
554.270630	28.722067	170.205807	27.950133	169.600826	27.146526	168.945576	26.309651	168.232660	25.437850	167.453038	24.529412	166.595591	23.582601	165.646516	22.595700	164.588407	21.567098	163.399082	20.495369	162.049860	19.379481	160.503019	18.219044	158.708100	17.014756	156.596361	15.769118	154.072147	14.487621	150.999753	13.180778	147.182722	11.867658	142.333015	10.582107	136.029526	9.383320	127.683674	8.371419	116.596314	7.700002	102.334003
554.735230	28.715852	170.214249	27.943628	169.609688	27.139720	168.954870	26.302536	168.242408	25.430412	167.463246	24.521638	166.606282	23.574479	165.657688	22.587220	164.600069	21.558243	163.411226	20.486129	162.062458	19.369838	160.516013	18.208985	158.721385	17.004266	156.609753	15.758186	154.085334	14.476239	151.012189	13.168950	147.193477	11.855414	142.340482	10.569536	136.030911	9.370635	127.674356	8.359080	116.569570	7.688851	102.283363
555.199770	28.709635	170.222679	27.937121	169.618532	27.132913	168.964146	26.295417	168.252135	25.422971	167.473435	24.513861	166.616951	23.566355	165.668842	22.578738	164.611707	21.549387	163.423347	20.476887	162.075028	19.360194	160.528980	18.198924	158.734639	16.993775	156.623112	15.747253	154.098485	14.464858	151.024582	13.157124	147.204184	11.843173	142.347888	10.556969	136.032209	9.357956	127.664915	8.346753	116.542640	7.677719	102.232484
555.664120	28.703429	170.231093	27.930627	169.627356	27.126119	168.973402	26.288311	168.261838	25.415544	167.483605	24.506101	166.627595	23.558248	165.679977	22.570271	164.623322	21.540548	163.435444	20.467661	162.087570	19.350569	160.541919	18.188884	158.747866	16.983306	156.636444	15.736344	154.111609	14.453500	151.036950	13.145322	147.214870	11.830958	142.355265	10.544429	136.033476	9.345307	127.655430	8.334457	116.515647	7.666620	102.181530
556.128420	28.697266	170.239486	27.924177	169.636162	27.119371	168.982641	26.281254	168.271522	25.408167	167.493759	24.498392	166.638222	23.550197	165.691091	22.561862	164.634921	21.531769	163.447522	20.458497	162.100099	19.341007	160.554845	18.178911	158.761089	16.972906	156.649777	15.725505	154.124746	14.442215	151.049350	13.133593	147.225603	11.818817	142.362714	10.531963	136.034855	9.332730	127.646109	8.322229	116.488883	7.655583	102.130877
556.592590	28.691158	170.247855	27.917783	169.644950	27.112682	168.991860	26.274260	168.281188	25.400854	167.503893	24.490751	166.648831	23.542214	165.702180	22.553525	164.646507	21.523065	163.459582	20.449412	162.112619	19.331527	160.567760	18.169020	158.774311	16.962592	156.663118	15.714754	154.137904	14.431020	151.061792	13.121958	147.236401	11.806770	142.370266	10.519591	136.036393	9.320244	127.637021	8.310084	116.462450	7.644618	102.080660
557.056700	28.685070	170.256208	27.911410	169.653719	27.106016	169.001062	26.267289	168.290836	25.393567	167.514006	24.483135	166.659419	23.534259	165.713251	22.545217	164.658074	21.514390	163.471624	20.440359	162.125122	19.322079	160.580661	18.159164	158.787516	16.952313	156.676447	15.704040	154.151049	14.419863	151.074224	13.110361	147.247196	11.794762	142.377828	10.507260	136.037952	9.307798	127.627961	8.297981	116.436050	7.633694	102.030487
557.520690	28.678982	170.264548	27.905040	169.662469	27.099351	169.010246	26.260319	168.300465	25.386280	167.524096	24.475520	166.669982	23.526303	165.724302	22.536910	164.669617	21.505717	163.483645	20.431306	162.137598	19.312633	160.593540	18.149309	158.800690	16.942038	156.689749	15.693329	154.164157	14.408710	151.086608	13.098770	147.257942	11.782762	142.385336	10.494936	136.039438	9.295363	127.618792	8.285893	116.409490	7.622793	101.980105
557.984560	28.672913	170.272871	27.898689	169.671203	27.092706	169.019409	26.253370	168.310074	25.379016	167.534165	24.467930	166.680527	23.518373	165.735336	22.528630	164.681136	21.497071	163.495649	20.422281	162.150053	19.303216	160.606399	18.139486	158.813847	16.931794	156.703034	15.682652	154.177253	14.397592	151.098984	13.087216	147.268685	11.770799	142.392846	10.482651	136.040934	9.282966	127.609639	8.273844	116.382946	7.611930	101.929750
558.448300	28.666882	170.281174	27.892376	169.679924	27.086101	169.028553	26.246464	168.319666	25.371797	167.544216	24.460387	166.691060	23.510492	165.746350	22.520399	164.692632	21.488479	163.507635	20.413312	162.162490	19.293857	160.619241	18.129721	158.826998	16.921610	156.716313	15.672038	154.190359	14.386538	151.111385	13.075726	147.279465	11.758902	142.400412	10.470431	136.042517	9.270634	127.600619	8.261857	116.356587	7.601122	101.879645
558.911990	28.660870	170.289460	27.886083	169.688627	27.079518	169.037682	26.239579	168.329240	25.364600	167.554249	24.452867	166.701575	23.502635	165.757345	22.512193	164.704108	21.479913	163.519598	20.404371	162.174907	19.284526	160.632061	18.119987	158.840132	16.911458	156.729573	15.661457	154.203453	14.375518	151.123781	13.064271	147.290242	11.747040	142.407979	10.458248	136.044110	9.258339	127.591613	8.249907	116.330245	7.590353	101.829562
559.375550	28.654856	170.297732	27.879788	169.697307	27.072932	169.046797	26.232692	168.338794	25.357401	167.564264	24.445344	166.712060	23.494777	165.768317	22.503985	164.715563	21.471345	163.531531	20.395428	162.187297	19.275194	160.644852	18.110251	158.853230	16.901305	156.742795	15.650874	154.216498	14.364500	151.136126	13.052817	147.300960	11.735181	142.415481	10.446070	136.045615	9.246052	127.582479	8.237969	116.303724	7.579603	101.779241
559.838990	28.648858	170.305988	27.873510	169.705964	27.066364	169.055896	26.225823	168.348330	25.350221	167.574259	24.437840	166.722520	23.486940	165.779266	22.495801	164.727001	21.462800	163.543441	20.386509	162.199667	19.265887	160.657626	18.100543	158.866306	16.891180	156.756000	15.640321	154.229524	14.353511	151.148450	13.041395	147.311666	11.723354	142.422975	10.433925	136.047117	9.233798	127.573343	8.226065	116.277195	7.568889	101.728911
560.302370	28.642907	170.314227	27.867283	169.714608	27.059849	169.064972	26.219009	168.357848	25.343098	167.584238	24.430396	166.732968	23.479164	165.790197	22.487681	164.738427	21.454321	163.555344	20.377659	162.212033	19.256652	160.670400	18.090908	158.879387	16.881131	156.769218	15.629846	154.242579	14.342602	151.160815	13.030055	147.322440	11.711610	142.430565	10.421862	136.048763	9.221624	127.564423	8.214235	116.250955	7.558239	101.678966
560.765630	28.636992	170.322446	27.861090	169.723238	27.053372	169.074025	26.212236	168.367347	25.336016	167.594197	24.422996	166.743401	23.471433	165.801110	22.479607	164.749837	21.445890	163.567235	20.368860	162.224383	19.247470	160.683162	18.081327	158.892461	16.871139	156.782435	15.619430	154.255643	14.331752	151.173196	13.018776	147.333250	11.699928	142.438206	10.409861	136.050491	9.209511	127.555625	8.202463	116.224880	7.547642	101.629245
561.228760	28.631068	170.330650	27.854890	169.731855	27.046885	169.083058	26.205453	168.376828	25.328926	167.604133	24.415586	166.753811	23.463693	165.812004	22.471524	164.761218	21.437451	163.579098	20.360051	162.236700	19.238278	160.695884	18.071738	158.905495	16.861138	156.795606	15.609005	154.268657	14.320894	151.185521	13.007489	147.343991	11.688240	142.445763	10.397855	136.052104	9.197397	127.546663	8.190697	116.198574	7.537059	101.579222
561.691830	28.625136	170.338841	27.848681	169.740457	27.040390	169.092074	26.198660	168.386290	25.321826	167.614046	24.408168	166.764199	23.455943	165.822880	22.463431	164.772573	21.429003	163.590934	20.351231	162.248986	19.229076	160.708570	18.062139	158.918493	16.851128	156.808735	15.598570	154.281622	14.310029	151.197796	12.996195	147.354665	11.676545	142.453243	10.385845	136.053610	9.185282	127.537540	8.178934	116.172043	7.526490	101.528905
562.154720	28.619243	170.347014	27.842514	169.749034	27.033938	169.101075	26.191913	168.395732	25.314774	167.623943	24.400799	166.774568	23.448244	165.833736	22.455391	164.783909	21.420608	163.602749	20.342469	162.261259	19.219933	160.721250	18.052601	158.931483	16.841180	156.821867	15.588200	154.294594	14.299230	151.210098	12.984968	147.365378	11.664919	142.460792	10.373903	136.055219	9.173234	127.528567	8.167235	116.145721	7.515977	101.478865
562.617550	28.613405	170.355168	27.836403	169.757588	27.027546	169.110063	26.185228	168.405155	25.307785	167.633827	24.393496	166.784924	23.440615	165.844575	22.447422	164.795235	21.412288	163.614554	20.333786	162.273530	19.210870	160.733939	18.043145	158.944481	16.831317	156.835022	15.577919	154.307599	14.288520	151.222455	12.973833	147.376171	11.653385	142.468464	10.362053	136.057007	9.161273	127.519855	8.155617	116.119755	7.505533	101.429295
563.080320	28.607590	170.363304	27.830317	169.766130	27.021179	169.119033	26.178570	168.414566	25.300824	167.643694	24.386221	166.795266	23.433015	165.855392	22.439486	164.806542	21.404001	163.626343	20.325136	162.285787	19.201842	160.746613	18.033725	158.957467	16.821493	156.848165	15.567677	154.320598	14.277852	151.234807	12.962740	147.386973	11.641894	142.476154	10.350246	136.058829	9.149355	127.511193	8.144041	116.093852	7.495129	101.379810
563.542910	28.601775	170.371418	27.824231	169.774664	27.014812	169.127981	26.171912	168.423961	25.293863	167.653541	24.378947	166.805586	23.425417	165.866183	22.431551	164.817822	21.395716	163.638110	20.316488	162.298014	19.192818	160.759250	18.024310	158.970421	16.811673	156.861268	15.557439	154.333560	14.267189	151.247107	12.951653	147.397729	11.630411	142.483779	10.338448	136.060574	9.137449	127.502423	8.132480	116.067798	7.484747	101.330133
564.005430	28.595963	170.379520	27.818149	169.783181	27.008447	169.136915	26.165257	168.433338	25.286905	167.663369	24.371678	166.815886	23.417823	165.876957	22.423621	164.829081	21.387436	163.649857	20.307846	162.310217	19.183799	160.771861	18.014901	158.983352	16.801860	156.874344	15.547209	154.346496	14.256534	151.259376	12.940575	147.408451	11.618937	142.491361	10.326661	136.062261	9.125556	127.493571	8.120937	116.041623	7.474388	101.280298
564.467900	28.590161	170.387614	27.812077	169.791674	27.002095	169.145837	26.158614	168.442691	25.279962	167.673180	24.364422	166.826164	23.410243	165.887721	22.415705	164.840324	21.379172	163.661582	20.299219	162.322399	19.174797	160.784452	18.005509	158.996267	16.792064	156.887405	15.536998	154.359416	14.245899	151.271634	12.929519	147.419158	11.607486	142.498930	10.314897	136.063926	9.113688	127.484689	8.109419	116.015400	7.464056	101.230400
564.930180	28.584379	170.395693	27.806025	169.800144	26.995764	169.154739	26.151993	168.452022	25.273042	167.682971	24.357190	166.836420	23.402688	165.898464	22.407815	164.851547	21.370935	163.673283	20.290622	162.334559	19.165825	160.797023	17.996149	159.009162	16.782301	156.900451	15.526821	154.372320	14.235299	151.283885	12.918499	147.429857	11.596071	142.506500	10.303172	136.065601	9.101858	127.475829	8.097939	115.989203	7.453763	101.180542
565.392400	28.578623	170.403754	27.800000	169.808601	26.989461	169.163618	26.145401	168.461341	25.266152	167.692744	24.349989	166.846657	23.395166	165.909184	22.399960	164.862752	21.362734	163.684965	20.282061	162.346706	19.156891	160.809577	17.986829	159.022039	16.772580	156.913485	15.516686	154.385215	14.224744	151.296139	12.907524	147.440560	11.584703	142.514091	10.291494	136.067321	9.090075	127.467035	8.086505	115.963093	7.443513	101.130799
565.854490	28.572900	170.411794	27.794011	169.817045	26.983195	169.172476	26.138847	168.470645	25.259302	167.702498	24.342830	166.856876	23.387688	165.919882	22.392151	164.873937	21.354580	163.696630	20.273551	162.358838	19.148009	160.822117	17.977563	159.034905	16.762915	156.926514	15.506609	154.398111	14.214247	151.308404	12.896609	147.451291	11.573396	142.521732	10.279876	136.069125	9.078351	127.458363	8.075127	115.937152	7.433315	101.081282
566.316530	28.567217	170.419816	27.788062	169.825477	26.976971	169.181320	26.132340	168.479932	25.252498	167.712234	24.335721	166.867083	23.380262	165.930568	22.384393	164.885109	21.346482	163.708288	20.265096	162.370956	19.139186	160.834652	17.968357	159.047770	16.753313	156.939547	15.496597	154.411025	14.203817	151.320692	12.885762	147.462076	11.562157	142.529458	10.268326	136.071048	9.066692	127.449858	8.063811	115.911446	7.423170	101.032070
566.778380	28.561564	170.427820	27.782145	169.833890	26.970781	169.190149	26.125867	168.489197	25.245731	167.721950	24.328650	166.877272	23.372875	165.941237	22.376677	164.896264	21.338426	163.719930	20.256687	162.383055	19.130410	160.847176	17.959199	159.060626	16.743760	156.952572	15.486637	154.423939	14.193439	151.332987	12.874970	147.472889	11.550974	142.537230	10.256832	136.073040	9.055089	127.441450	8.052547	115.885880	7.413072	100.983046
567.240170	28.555919	170.435809	27.776238	169.842285	26.964601	169.198965	26.119405	168.498444	25.238975	167.731653	24.321590	166.887444	23.365499	165.951884	22.368974	164.907402	21.330382	163.731551	20.248290	162.395136	19.121648	160.859682	17.950056	159.073458	16.734223	156.965579	15.476693	154.436831	14.183079	151.345263	12.864194	147.483680	11.539809	142.544977	10.245357	136.075001	9.043506	127.433002	8.041306	115.860244	7.403001	100.933938
567.701900	28.550279	170.443785	27.770335	169.850662	26.958425	169.207766	26.112946	168.507674	25.232224	167.741341	24.314533	166.897597	23.358128	165.962508	22.361276	164.918521	21.322345	163.743148	20.239901	162.407198	19.112892	160.872168	17.940921	159.086266	16.724695	156.978564	15.466758	154.449696	14.172729	151.357513	12.853429	147.494436	11.528655	142.552681	10.233894	136.076910	9.031938	127.424481	8.030083	115.834496	7.392952	100.884687
568.163450	28.544654	170.451748	27.764449	169.859024	26.952266	169.216548	26.106505	168.516888	25.225491	167.751012	24.307497	166.907731	23.350778	165.973115	22.353601	164.929617	21.314330	163.754724	20.231536	162.419242	19.104161	160.884630	17.931811	159.099057	16.715192	156.991527	15.456850	154.462541	14.162407	151.369751	12.842694	147.505177	11.517532	142.560373	10.222463	136.078819	9.020403	127.415963	8.018892	115.808751	7.382937	100.835442
568.624940	28.539044	170.459702	27.758577	169.867372	26.946124	169.225312	26.100081	168.526088	25.218775	167.760665	24.300481	166.917849	23.343447	165.983710	22.345945	164.940691	21.306337	163.766284	20.223192	162.431269	19.095453	160.897072	17.922724	159.111838	16.705714	157.004470	15.446968	154.475371	14.152112	151.381977	12.831987	147.515911	11.506438	142.568062	10.211062	136.080734	9.008897	127.407450	8.007732	115.783011	7.372954	100.786199
569.086300	28.533435	170.467640	27.752706	169.875703	26.939982	169.234056	26.093658	168.535270	25.212061	167.770293	24.293466	166.927942	23.336118	165.994287	22.338292	164.951743	21.298348	163.777821	20.214851	162.443267	19.086748	160.909486	17.913642	159.124591	16.696240	157.017382	15.437092	154.488170	14.141823	151.394168	12.821288	147.526609	11.495353	142.575704	10.199671	136.082582	8.997403	127.398846	7.996587	115.757135	7.362992	100.736781
569.547610	28.527826	170.475559	27.746835	169.884015	26.933840	169.242784	26.087236	168.544435	25.205348	167.779899	24.286450	166.938013	23.328789	166.004845	22.330638	164.962777	21.290357	163.789335	20.206510	162.455237	19.078044	160.921877	17.904562	159.137313	16.686768	157.030268	15.427217	154.500941	14.131537	151.406321	12.810592	147.537273	11.484271	142.583299	10.188285	136.084359	8.985917	127.390141	7.985455	115.731108	7.353049	100.687168
570.008730	28.522251	170.483456	27.741000	169.892308	26.927736	169.251493	26.080853	168.553579	25.198675	167.789488	24.279477	166.948066	23.321505	166.015381	22.323031	164.973796	21.282414	163.800831	20.198220	162.467191	19.069392	160.934255	17.895536	159.150021	16.677353	157.043152	15.417399	154.513716	14.121309	151.418490	12.799956	147.547963	11.473250	142.590951	10.176959	136.086219	8.974491	127.381561	7.974379	115.705256	7.343155	100.637795
570.469850	28.516732	170.491336	27.735225	169.900589	26.921694	169.260189	26.074534	168.562706	25.192070	167.799072	24.272573	166.958113	23.314294	166.025903	22.315499	164.984808	21.274551	163.812320	20.190012	162.479149	19.060826	160.946636	17.886596	159.162737	16.668027	157.056062	15.407674	154.526529	14.111176	151.430720	12.789415	147.558735	11.462326	142.598742	10.165729	136.088284	8.963155	127.373274	7.963385	115.679815	7.333329	100.588964
570.930790	28.511251	170.499201	27.729488	169.908855	26.915693	169.268870	26.068257	168.571814	25.185509	167.808639	24.265716	166.968145	23.307131	166.036404	22.308018	164.995803	21.266740	163.823795	20.181857	162.491096	19.052315	160.959005	17.877713	159.175446	16.658762	157.068971	15.398011	154.539351	14.101106	151.442971	12.778938	147.569544	11.451468	142.606595	10.154564	136.090450	8.951882	127.365137	7.952451	115.654585	7.323555	100.540412
571.391660	28.505777	170.507058	27.723759	169.917107	26.909699	169.277537	26.061989	168.580909	25.178956	167.818182	24.258869	166.978159	23.299978	166.046885	22.300547	165.006774	21.258938	163.835249	20.173712	162.503024	19.043816	160.971353	17.868843	159.188137	16.649508	157.081857	15.388362	154.552152	14.091051	151.455196	12.768477	147.580340	11.440624	142.614416	10.143416	136.092586	8.940627	127.356955	7.941537	115.629285	7.313806	100.491764
571.852360	28.500310	170.514900	27.718037	169.925342	26.903712	169.286187	26.055729	168.589989	25.172411	167.827702	24.252031	166.988150	23.292833	166.057348	22.293085	165.017721	21.251146	163.846682	20.165578	162.514927	19.035327	160.983678	17.859985	159.200807	16.640267	157.094714	15.378726	154.564926	14.081010	151.467392	12.758032	147.591111	11.429797	142.622201	10.132286	136.094682	8.929392	127.348719	7.930644	115.603903	7.304081	100.443012
572.313050	28.494855	170.522724	27.712328	169.933566	26.897739	169.294820	26.049483	168.599056	25.165882	167.837209	24.245207	166.998121	23.285704	166.067801	22.285640	165.028650	21.243372	163.858099	20.157463	162.526811	19.026858	160.995990	17.851149	159.213464	16.631048	157.107555	15.369112	154.577683	14.070992	151.479578	12.747610	147.601864	11.418995	142.629984	10.121181	136.096773	8.918184	127.340478	7.919779	115.578505	7.294386	100.394246
572.773560	28.489410	170.530529	27.706627	169.941772	26.891777	169.303433	26.043248	168.608105	25.159364	167.846701	24.238395	167.008069	23.278588	166.078236	22.278207	165.039561	21.235613	163.869495	20.149364	162.538671	19.018404	161.008279	17.842329	159.226098	16.621847	157.120371	15.359515	154.590415	14.060993	151.491742	12.737208	147.612587	11.408214	142.637745	10.110099	136.098836	8.906999	127.332200	7.908939	115.553052	7.284718	100.345415
573.234010	28.483960	170.538324	27.700923	169.949960	26.885810	169.312031	26.037008	168.617137	25.152841	167.856180	24.231579	167.018002	23.271467	166.088647	22.270771	165.050459	21.227849	163.880871	20.141260	162.550509	19.009946	161.020541	17.833503	159.238702	16.612641	157.133158	15.349915	154.603114	14.050990	151.503869	12.726804	147.623266	11.397431	142.645446	10.099015	136.100819	8.895816	127.323801	7.898105	115.527424	7.275064	100.296349
573.694340	28.478522	170.546109	27.695233	169.958130	26.879857	169.320616	26.030783	168.626151	25.146333	167.865643	24.224779	167.027920	23.264364	166.099035	22.263352	165.061341	21.220104	163.892228	20.133176	162.562328	19.001508	161.032781	17.824698	159.251286	16.603457	157.145929	15.340338	154.615799	14.041012	151.515980	12.716425	147.633938	11.386674	142.653137	10.087958	136.102795	8.884659	127.315391	7.887300	115.501778	7.265440	100.247257
574.154600	28.473139	170.553877	27.689599	169.966284	26.873962	169.329187	26.024619	168.635146	25.139890	167.875089	24.218046	167.037826	23.257330	166.109412	22.256007	165.072205	21.212433	163.903577	20.125168	162.574144	18.993150	161.045023	17.815976	159.263875	16.594357	157.158720	15.330849	154.628514	14.031123	151.528143	12.706136	147.644697	11.376008	142.660960	10.076991	136.104962	8.873590	127.307260	7.876572	115.476522	7.255880	100.198684
574.614690	28.467815	170.561624	27.684026	169.974423	26.868132	169.337742	26.018521	168.644121	25.133516	167.884515	24.211384	167.047715	23.250370	166.119779	22.248738	165.083049	21.204842	163.914914	20.117243	162.585953	18.984879	161.057268	17.807344	159.276471	16.585350	157.171530	15.321455	154.641261	14.021331	151.540360	12.695945	147.655542	11.365442	142.668922	10.066122	136.107331	8.862614	127.299428	7.865930	115.451687	7.246389	100.150676
575.074710	28.462488	170.569355	27.678450	169.982552	26.862298	169.346279	26.012420	168.653081	25.127139	167.893922	24.204719	167.057586	23.243407	166.130127	22.241466	165.093874	21.197249	163.926229	20.109316	162.597736	18.976605	161.069486	17.798711	159.289041	16.576341	157.184306	15.312059	154.653977	14.011538	151.552540	12.685755	147.666342	11.354876	142.676822	10.055256	136.109623	8.851643	127.291485	7.855296	115.426689	7.236915	100.102456
575.534670	28.457126	170.577071	27.672837	169.990670	26.856426	169.354799	26.006279	168.662028	25.120720	167.903311	24.198011	167.067439	23.236399	166.140450	22.234149	165.104682	21.189609	163.937514	20.101339	162.609483	18.968281	161.081662	17.790026	159.301568	16.567280	157.197020	15.302610	154.666628	14.001693	151.564634	12.675512	147.677022	11.344258	142.684553	10.044341	136.111686	8.840629	127.283207	7.844632	115.401212	7.227429	100.053601
575.994450	28.451776	170.584776	27.667238	169.998773	26.850568	169.363300	26.000154	168.670958	25.114316	167.912683	24.191320	167.077274	23.229410	166.150755	22.226849	165.115471	21.181988	163.948778	20.093384	162.621211	18.959977	161.093817	17.781362	159.314073	16.558243	157.209716	15.293184	154.679260	13.991871	151.576713	12.665295	147.687691	11.333666	142.692274	10.033452	136.113744	8.829642	127.274924	7.833996	115.375725	7.217972	100.004737
576.454160	28.446483	170.592472	27.661698	170.006858	26.844773	169.371789	25.994094	168.679874	25.107980	167.922041	24.184700	167.087096	23.222493	166.161053	22.219624	165.126245	21.174444	163.960034	20.085509	162.632943	18.951757	161.105981	17.772785	159.326586	16.549294	157.222439	15.283851	154.691925	13.982142	151.588850	12.655172	147.698454	11.323170	142.700141	10.022658	136.116011	8.818745	127.266947	7.823439	115.350661	7.208580	99.956432
576.913760	28.441231	170.600154	27.656203	170.014923	26.839023	169.380262	25.988082	168.688776	25.101694	167.931384	24.178131	167.096902	23.215631	166.171337	22.212455	165.137005	21.166960	163.971280	20.077696	162.644668	18.943601	161.118142	17.764272	159.339099	16.540411	157.235175	15.274586	154.704606	13.972484	151.601019	12.645120	147.709273	11.312746	142.708100	10.011935	136.118412	8.807917	127.259168	7.812946	115.325873	7.199241	99.908494
577.373290	28.435993	170.607816	27.650722	170.022968	26.833287	169.388722	25.982084	168.697664	25.095424	167.940714	24.171579	167.106690	23.208786	166.181596	22.205306	165.147753	21.159494	163.982513	20.069903	162.656373	18.935466	161.130283	17.755781	159.351597	16.531552	157.247895	15.265345	154.717274	13.962852	151.613173	12.635095	147.720081	11.302349	142.716052	10.001239	136.120811	8.797116	127.251387	7.802482	115.301082	7.189931	99.860551
577.832640	28.430757	170.615459	27.645242	170.030997	26.827554	169.397165	25.976088	168.706535	25.089157	167.950026	24.165030	167.116456	23.201943	166.191831	22.198160	165.158481	21.152031	163.993724	20.062113	162.668052	18.927336	161.142397	17.747295	159.364069	16.522697	157.260583	15.256109	154.729914	13.953226	151.625293	12.625076	147.730845	11.291960	142.723956	9.990553	136.123147	8.786328	127.243519	7.792034	115.276167	7.180641	99.812451
578.291930	28.425517	170.623087	27.639757	170.039016	26.821817	169.405595	25.970087	168.715388	25.082884	167.959320	24.158475	167.126204	23.195095	166.202053	22.191008	165.169185	21.144564	164.004911	20.054317	162.679708	18.919200	161.154487	17.738804	159.376514	16.513839	157.273238	15.246870	154.742524	13.943597	151.637379	12.615055	147.741564	11.281569	142.731804	9.979866	136.125404	8.775541	127.235534	7.781591	115.251075	7.171366	99.764126
578.751160	28.420286	170.630704	27.634282	170.047026	26.816091	169.414011	25.964097	168.724223	25.076623	167.968597	24.151932	167.135936	23.188260	166.212262	22.183869	165.179869	21.137111	164.016078	20.046536	162.691346	18.911079	161.166558	17.730330	159.388942	16.504997	157.285875	15.237648	154.755119	13.933985	151.649453	12.605053	147.752269	11.271198	142.739641	9.969201	136.127649	8.764776	127.227530	7.771171	115.225946	7.162116	99.715758
579.210210	28.415093	170.638308	27.628846	170.055020	26.810404	169.422406	25.958151	168.733040	25.070406	167.977857	24.145435	167.145655	23.181473	166.222455	22.176781	165.190540	21.129710	164.027232	20.038809	162.702969	18.903013	161.178619	17.721912	159.401368	16.496215	157.298516	15.228488	154.767723	13.924436	151.661552	12.595115	147.763019	11.260891	142.747544	9.958600	136.130006	8.754073	127.219691	7.760808	115.201052	7.152916	99.667696
579.669190	28.409939	170.645901	27.623452	170.062999	26.804759	169.430782	25.952249	168.741845	25.064237	167.987102	24.138986	167.155364	23.174736	166.232633	22.169746	165.201202	21.122363	164.038377	20.031139	162.714582	18.895006	161.190675	17.713556	159.413796	16.487495	157.311168	15.219391	154.780340	13.914953	151.673680	12.585244	147.773824	11.250653	142.755527	9.948065	136.132488	8.743434	127.212036	7.750505	115.176417	7.143764	99.619969
580.128110	28.404801	170.653482	27.618075	170.070963	26.799133	169.439148	25.946366	168.750637	25.058086	167.996335	24.132558	167.165058	23.168021	166.242795	22.162732	165.211848	21.115039	164.049507	20.023493	162.726183	18.887024	161.202715	17.705225	159.426207	16.478802	157.323809	15.210322	154.792945	13.905498	151.685800	12.575402	147.784630	11.240444	142.763521	9.937561	136.134985	8.732827	127.204407	7.740233	115.151811	7.134644	99.572284
580.586850	28.399666	170.661046	27.612700	170.078912	26.793510	169.447504	25.940485	168.759413	25.051939	168.005552	24.126135	167.174730	23.161310	166.252936	22.155723	165.222472	21.107720	164.060614	20.015852	162.737765	18.879049	161.214732	17.696901	159.438586	16.470115	157.336422	15.201261	154.805521	13.896052	151.697887	12.565571	147.795401	11.230245	142.771479	9.927068	136.137429	8.722233	127.196708	7.729977	115.127101	7.125544	99.524472
581.045530	28.394537	170.668596	27.607331	170.086847	26.787895	169.455844	25.934611	168.768172	25.045799	168.014752	24.119720	167.184383	23.154608	166.263058	22.148722	165.233077	21.100410	164.071702	20.008221	162.749331	18.871084	161.226730	17.688589	159.450949	16.461441	157.349012	15.192213	154.818079	13.886619	151.709952	12.555752	147.806151	11.220061	142.779412	9.916591	136.139842	8.711656	127.188965	7.719740	115.102321	7.116467	99.476575
581.504090	28.389419	170.676131	27.601974	170.094767	26.782291	169.464163	25.928751	168.776910	25.039673	168.023933	24.113317	167.194018	23.147920	166.273160	22.141736	165.243663	21.093115	164.082771	20.000606	162.760879	18.863136	161.238710	17.680294	159.463300	16.452785	157.361580	15.183184	154.830626	13.877208	151.722003	12.545955	147.816886	11.209899	142.787326	9.906137	136.142244	8.701102	127.181205	7.709527	115.077515	7.107416	99.428646
581.962520	28.384310	170.683651	27.596626	170.102671	26.776696	169.472466	25.922900	168.785633	25.033558	168.033095	24.106925	167.203636	23.141243	166.283249	22.134763	165.254232	21.085834	164.093824	19.993005	162.772405	18.855201	161.250671	17.672014	159.475632	16.444145	157.374128	15.174171	154.843154	13.867813	151.734033	12.536176	147.827601	11.199757	142.795223	9.895703	136.144627	8.690569	127.173414	7.699336	115.052664	7.098390	99.380660
582.420900	28.379208	170.691158	27.591287	170.110562	26.771110	169.480762	25.917058	168.794349	25.027452	168.042245	24.100544	167.213241	23.134576	166.293329	22.127801	165.264788	21.078565	164.104863	19.985416	162.783910	18.847280	161.262615	17.663746	159.487941	16.435520	157.386661	15.165174	154.855659	13.858433	151.746046	12.526413	147.838297	11.189631	142.803110	9.885286	136.146993	8.680054	127.165593	7.689167	115.027765	7.089387	99.332607
582.879150	28.374131	170.698650	27.585975	170.118439	26.765551	169.489045	25.911246	168.803052	25.021375	168.051380	24.094195	167.222830	23.127943	166.303394	22.120873	165.275329	21.071331	164.115885	19.977864	162.795401	18.839397	161.274548	17.655519	159.500236	16.426936	157.399190	15.156219	154.868160	13.849097	151.758068	12.516695	147.849014	11.179551	142.811036	9.874915	136.149421	8.669584	127.157864	7.679040	115.002992	7.080422	99.284721
583.337280	28.369099	170.706125	27.580708	170.126301	26.760041	169.497306	25.905485	168.811734	25.015352	168.060501	24.087900	167.232404	23.121366	166.313439	22.114004	165.285855	21.064159	164.126892	19.970375	162.806886	18.831580	161.286478	17.647361	159.512533	16.418422	157.411728	15.147336	154.880682	13.839835	151.770135	12.507052	147.859802	11.169546	142.819055	9.864618	136.152001	8.659186	127.150363	7.668977	114.978533	7.071510	99.237257
583.795350	28.364101	170.713588	27.575476	170.134149	26.754568	169.505551	25.899762	168.820399	25.009368	168.069607	24.081646	167.241964	23.114833	166.323466	22.107180	165.296366	21.057032	164.137885	19.962934	162.818363	18.823813	161.298403	17.639254	159.524829	16.409961	157.424270	15.138508	154.893220	13.830630	151.782228	12.497467	147.870635	11.159599	142.827138	9.854380	136.154684	8.648844	127.143015	7.658965	114.954285	7.062642	99.190073
584.253300	28.359113	170.721040	27.570255	170.141980	26.749105	169.513786	25.894049	168.829047	25.003395	168.078692	24.075404	167.251509	23.108312	166.333479	22.100369	165.306856	21.049920	164.148863	19.955509	162.829821	18.816061	161.310309	17.631163	159.537110	16.401516	157.436798	15.129698	154.905743	13.821443	151.794302	12.487901	147.881450	11.149672	142.835211	9.844162	136.157352	8.638523	127.135642	7.648976	114.930003	7.053798	99.142846
584.711120	28.354127	170.728481	27.565035	170.149796	26.743644	169.522010	25.888337	168.837682	24.997425	168.087759	24.069166	167.261039	23.101794	166.343476	22.093561	165.317328	21.042811	164.159824	19.948087	162.841257	18.808314	161.322193	17.623076	159.549371	16.393077	157.449303	15.120892	154.918241	13.812262	151.806344	12.478341	147.892227	11.139752	142.843249	9.833952	136.159968	8.628212	127.128192	7.639001	114.905611	7.044973	99.095474
585.168820	28.349148	170.735908	27.559824	170.157603	26.738193	169.530215	25.882635	168.846302	24.991465	168.096814	24.062937	167.270550	23.095287	166.353456	22.086765	165.327785	21.035714	164.170767	19.940678	162.852674	18.800580	161.334053	17.615004	159.561610	16.384653	157.461786	15.112102	154.930716	13.803097	151.818369	12.468799	147.902983	11.129850	142.851269	9.823762	136.162563	8.617921	127.120717	7.629047	114.881176	7.036173	99.048050
585.626460	28.344177	170.743319	27.554623	170.165400	26.732752	169.538401	25.876945	168.854908	24.985516	168.105861	24.056720	167.280043	23.088792	166.363418	22.079983	165.338229	21.028632	164.181692	19.933284	162.864074	18.792861	161.345893	17.606947	159.573829	16.376245	157.474249	15.103331	154.943171	13.793950	151.830380	12.459276	147.913723	11.119969	142.859275	9.813591	136.165145	8.607651	127.113229	7.619116	114.856710	7.027396	99.000591
586.083980	28.339210	170.750716	27.549425	170.173179	26.727315	169.546574	25.871259	168.863499	24.979572	168.114891	24.050509	167.289520	23.082303	166.373359	22.073206	165.348653	21.021555	164.192599	19.925896	162.875454	18.785148	161.357714	17.598898	159.586023	16.367845	157.486688	15.094567	154.955604	13.784813	151.842360	12.449762	147.924433	11.110098	142.867243	9.803432	136.167682	8.597395	127.105678	7.609201	114.832152	7.018640	98.953014
586.541440	28.334249	170.758098	27.544232	170.180939	26.721881	169.554740	25.865579	168.872075	24.973634	168.123902	24.044303	167.298984	23.075819	166.383283	22.066434	165.359058	21.014484	164.203493	19.918514	162.886816	18.777442	161.369522	17.590857	159.598197	16.359452	157.499106	15.085813	154.968020	13.775685	151.854309	12.440258	147.935121	11.100238	142.875182	9.793286	136.170178	8.587152	127.098068	7.599301	114.807509	7.009903	98.905330
586.998720	28.329314	170.765467	27.539065	170.188683	26.716476	169.562889	25.859927	168.880637	24.967725	168.132894	24.038128	167.308430	23.069369	166.393191	22.059696	165.369447	21.007449	164.214371	19.911168	162.898161	18.769775	161.381315	17.582854	159.610363	16.351101	157.511516	15.077100	154.980434	13.766600	151.866268	12.430799	147.945832	11.090423	142.883157	9.783184	136.172738	8.576953	127.090551	7.589444	114.782996	7.001203	98.857821
587.455930	28.324417	170.772827	27.533940	170.196420	26.711114	169.571018	25.854319	168.889191	24.961863	168.141871	24.032001	167.317856	23.062969	166.403090	22.053011	165.379828	21.000467	164.225235	19.903880	162.909497	18.762167	161.393098	17.574912	159.622534	16.342813	157.523931	15.068452	154.992861	13.757581	151.878272	12.421407	147.956604	11.080675	142.891220	9.773149	136.175435	8.566818	127.083232	7.579643	114.758758	6.992551	98.810675
587.913020	28.319541	170.780173	27.528837	170.204144	26.705776	169.579130	25.848735	168.897730	24.956025	168.150837	24.025901	167.327266	23.056597	166.412976	22.046355	165.390195	20.993516	164.236082	19.896622	162.920821	18.754590	161.404866	17.567003	159.634697	16.334559	157.536337	15.059839	155.005283	13.748599	151.890281	12.412053	147.967389	11.070965	142.899312	9.763152	136.178180	8.556720	127.075981	7.569879	114.734611	6.983932	98.763650
588.370060	28.314662	170.787507	27.523731	170.211852	26.700435	169.587234	25.843148	168.906251	24.950185	168.159794	24.019799	167.336667	23.050221	166.422849	22.039696	165.400544	20.986562	164.246909	19.889363	162.932129	18.747013	161.416620	17.559093	159.646838	16.326305	157.548724	15.051225	155.017684	13.739616	151.902253	12.402698	147.978132	11.061257	142.907360	9.753157	136.180858	8.546626	127.068637	7.560123	114.710323	6.975327	98.716440
588.826970	28.309791	170.794824	27.518634	170.219546	26.695102	169.595327	25.837571	168.914753	24.944356	168.168737	24.013707	167.346056	23.043856	166.432704	22.033048	165.410873	20.979621	164.257719	19.882116	162.943421	18.739448	161.428358	17.551196	159.658957	16.318064	157.561095	15.042626	155.030069	13.730648	151.914202	12.393358	147.988853	11.051565	142.915390	9.743181	136.183516	8.536551	127.061263	7.550387	114.685991	6.966745	98.669176
589.283750	28.304950	170.802126	27.513567	170.227231	26.689800	169.603405	25.832027	168.923239	24.938561	168.177660	24.007651	167.355431	23.037529	166.442539	22.026439	165.421184	20.972720	164.268517	19.874911	162.954695	18.731926	161.440082	17.543345	159.671063	16.309869	157.573468	15.034075	155.042457	13.721730	151.926172	12.384070	147.999605	11.041924	142.923470	9.733255	136.186257	8.526526	127.054008	7.540696	114.661830	6.958202	98.622138
589.740420	28.300138	170.809414	27.508531	170.234904	26.684530	169.611466	25.826518	168.931712	24.932801	168.186565	24.001632	167.364790	23.031239	166.452356	22.019870	165.431482	20.965860	164.279304	19.867749	162.965955	18.724448	161.451796	17.535540	159.683160	16.301721	157.585839	15.025573	155.054848	13.712863	151.938163	12.374834	148.010391	11.032334	142.931604	9.723380	136.189085	8.516551	127.046879	7.531053	114.637847	6.949700	98.575338
590.197020	28.295343	170.816693	27.503511	170.242559	26.679278	169.619514	25.821026	168.940172	24.927058	168.195455	23.995631	167.374129	23.024970	166.462163	22.013322	165.441771	20.959022	164.290078	19.860609	162.977204	18.716995	161.463499	17.527759	159.695249	16.293599	157.598194	15.017098	155.067232	13.704023	151.950145	12.365626	148.021179	11.022774	142.939746	9.713535	136.191929	8.506606	127.039784	7.521438	114.613900	6.941226	98.528592
590.653500	28.290557	170.823960	27.498503	170.250194	26.674039	169.627547	25.815546	168.948616	24.921330	168.204331	23.989644	167.383450	23.018717	166.471959	22.006790	165.452049	20.952201	164.300835	19.853486	162.988443	18.709559	161.475190	17.519997	159.707329	16.285498	157.610529	15.008643	155.079602	13.695203	151.962108	12.356439	148.031958	11.013237	142.947883	9.703714	136.194769	8.496683	127.032693	7.511848	114.589948	6.932778	98.481845
591.109860	28.285790	170.831213	27.493514	170.257815	26.668819	169.635565	25.810087	168.957045	24.915622	168.213192	23.983679	167.392758	23.012485	166.481737	22.000282	165.462306	20.945406	164.311574	19.846389	162.999664	18.702151	161.486864	17.512263	159.719396	16.277426	157.622856	15.000218	155.091965	13.686416	151.974072	12.347285	148.042745	11.003733	142.956037	9.693925	136.197642	8.486793	127.025646	7.502289	114.566058	6.924359	98.435182
591.566160	28.281040	170.838450	27.488542	170.265428	26.663618	169.643569	25.804647	168.965459	24.909936	168.222039	23.977736	167.402059	23.006276	166.491497	21.993797	165.472538	20.938633	164.322294	19.839318	163.010866	18.694768	161.498519	17.504556	159.731448	16.269381	157.635180	14.991822	155.104325	13.677658	151.986043	12.338161	148.053541	10.994260	142.964211	9.684167	136.200551	8.476934	127.018639	7.492760	114.542227	6.915968	98.388593
592.022340	28.276292	170.845676	27.483572	170.273031	26.658419	169.651560	25.799211	168.973861	24.904252	168.230870	23.971797	167.411343	23.000070	166.501240	21.987315	165.482754	20.931864	164.332998	19.832252	163.022047	18.687390	161.510152	17.496855	159.743478	16.261342	157.647483	14.983433	155.116661	13.668907	151.997990	12.329045	148.064308	10.984794	142.972351	9.674418	136.203416	8.467087	127.011567	7.483245	114.518301	6.907595	98.341883
592.478390	28.271537	170.852891	27.478597	170.280622	26.653213	169.659540	25.793767	168.982253	24.898562	168.239687	23.965850	167.420605	22.993857	166.510968	21.980825	165.492962	20.925087	164.343686	19.825177	163.033208	18.680005	161.521765	17.489145	159.755482	16.253295	157.659752	14.975035	155.128965	13.660148	152.009896	12.319922	148.075021	10.975323	142.980426	9.664666	136.206187	8.457237	127.004368	7.473733	114.494184	6.899234	98.294929
592.934330	28.266792	170.860094	27.473631	170.288201	26.648018	169.667508	25.788334	168.990631	24.892883	168.248489	23.959915	167.429852	22.987657	166.520681	21.974349	165.503156	20.918324	164.354360	19.818116	163.044354	18.672635	161.533364	17.481452	159.767470	16.245265	157.672003	14.966656	155.141251	13.651408	152.021786	12.310818	148.085722	10.965872	142.988490	9.654934	136.208948	8.447409	126.997161	7.464244	114.470048	6.890896	98.247954
593.390200	28.262076	170.867281	27.468695	170.295764	26.642854	169.675463	25.782934	168.998995	24.887237	168.257277	23.954015	167.439090	22.981493	166.530380	21.967911	165.513330	20.911601	164.365019	19.811096	163.055490	18.665306	161.544957	17.473802	159.779451	16.237280	157.684252	14.958322	155.153538	13.642717	152.033690	12.301763	148.096454	10.956470	142.996607	9.645251	136.211792	8.437629	126.990082	7.454798	114.446086	6.882596	98.201209
593.845950	28.257387	170.874455	27.463787	170.303313	26.637719	169.683401	25.777564	169.007343	24.881623	168.266050	23.948149	167.448316	22.975364	166.540065	21.961509	165.523486	20.904916	164.375662	19.804115	163.066615	18.658018	161.556542	17.466194	159.791425	16.229338	157.696499	14.950034	155.165828	13.634071	152.045608	12.292755	148.107215	10.947115	143.004772	9.635614	136.214716	8.427893	126.983116	7.445394	114.422282	6.874332	98.154676
594.301570	28.252715	170.881616	27.458896	170.310847	26.632604	169.691323	25.772213	169.015676	24.876029	168.274806	23.942304	167.457523	22.969257	166.549733	21.955131	165.533632	20.898255	164.386290	19.797161	163.077729	18.650757	161.568111	17.458614	159.803387	16.221425	157.708737	14.941775	155.178118	13.625455	152.057524	12.283778	148.117981	10.937792	143.012956	9.626010	136.217675	8.418190	126.976196	7.436021	114.398540	6.866098	98.108229
594.757140	28.248054	170.888769	27.454017	170.318368	26.627500	169.699232	25.766876	169.023997	24.870450	168.283550	23.936473	167.466711	22.963164	166.559387	21.948767	165.543767	20.891611	164.396904	19.790224	163.088831	18.643514	161.579664	17.451053	159.815337	16.213532	157.720964	14.933537	155.190402	13.616859	152.069432	12.274823	148.128742	10.928491	143.021139	9.616429	136.220640	8.408509	126.969279	7.426671	114.374798	6.857887	98.061785
595.212590	28.243403	170.895911	27.449148	170.325874	26.622406	169.707132	25.761549	169.032302	24.864881	168.292284	23.930653	167.475882	22.957084	166.569027	21.942416	165.553883	20.884979	164.407502	19.783299	163.099912	18.636285	161.591195	17.443506	159.827269	16.205654	157.733177	14.925314	155.202668	13.608281	152.081323	12.265885	148.139493	10.919209	143.029308	9.606867	136.223586	8.398849	126.962344	7.417343	114.351030	6.849698	98.015310
595.667910	28.238763	170.903041	27.444292	170.333364	26.617325	169.715020	25.756235	169.040592	24.859326	168.301006	23.924848	167.485040	22.951019	166.578651	21.936081	165.563979	20.878363	164.418085	19.776391	163.110973	18.629073	161.602707	17.435977	159.839184	16.197794	157.745378	14.917112	155.214915	13.599724	152.093201	12.256969	148.150237	10.909950	143.037471	9.597328	136.226527	8.389212	126.955412	7.408039	114.327265	6.841534	97.968841
596.123110	28.234143	170.910157	27.439457	170.340843	26.612266	169.722890	25.750945	169.048868	24.853796	168.309710	23.919068	167.494187	22.944981	166.588261	21.929774	165.574061	20.871776	164.428655	19.769513	163.122022	18.621892	161.614210	17.428480	159.851089	16.189968	157.757569	14.908944	155.227157	13.591202	152.105083	12.248089	148.160992	10.900727	143.045662	9.587825	136.229514	8.379611	126.948548	7.398768	114.303594	6.833402	97.922497
596.578250	28.229546	170.917259	27.434645	170.348312	26.607232	169.730741	25.745681	169.057130	24.848293	168.318394	23.913317	167.503325	22.938972	166.597855	21.923499	165.584136	20.865221	164.439216	19.762669	163.133061	18.614747	161.625707	17.421019	159.862989	16.182181	157.769753	14.900815	155.239403	13.582720	152.116977	12.239250	148.171767	10.891545	143.053899	9.578364	136.232571	8.370050	126.941781	7.389535	114.280052	6.825303	97.876326
597.033260	28.224968	170.924346	27.429852	170.355770	26.602219	169.738580	25.740437	169.065376	24.842812	168.327065	23.907589	167.512446	22.932987	166.607435	21.917248	165.594195	20.858692	164.449760	19.755852	163.144085	18.607629	161.637192	17.413589	159.874877	16.174424	157.781925	14.892717	155.251642	13.574270	152.128876	12.230444	148.182552	10.882397	143.062158	9.568937	136.235670	8.360521	126.935072	7.380334	114.256587	6.817233	97.830260
597.488220	28.220400	170.931419	27.425072	170.363218	26.597217	169.746417	25.735206	169.073608	24.837343	168.335727	23.901873	167.521547	22.927016	166.617001	21.911011	165.604234	20.852179	164.460287	19.749051	163.155090	18.600529	161.648662	17.406176	159.886750	16.166684	157.794084	14.884637	155.263871	13.565840	152.140768	12.221658	148.193333	10.873270	143.070411	9.559530	136.238773	8.351015	126.928367	7.371155	114.233118	6.809185	97.784192
597.942990	28.215834	170.938478	27.420294	170.370651	26.592218	169.754240	25.729978	169.081825	24.831878	168.344376	23.896162	167.530631	22.921049	166.626551	21.904778	165.614254	20.845671	164.470792	19.742255	163.166074	18.593433	161.660111	17.398768	159.898601	16.158950	157.806219	14.876564	155.276075	13.557416	152.152630	12.212880	148.204084	10.864152	143.078625	9.550133	136.241826	8.341520	126.921596	7.361991	114.209555	6.801155	97.738007
598.397710	28.211263	170.945526	27.415511	170.378071	26.587214	169.762042	25.724745	169.090034	24.826407	168.353010	23.890445	167.539706	22.915076	166.636086	21.898539	165.624260	20.839156	164.481276	19.735453	163.177044	18.586331	161.671540	17.391355	159.910431	16.151211	157.818330	14.868486	155.288252	13.548989	152.164451	12.204098	148.214791	10.855030	143.086784	9.540735	136.244800	8.332026	126.914712	7.352831	114.185832	6.793137	97.691615
598.852360	28.206708	170.952565	27.410743	170.385476	26.582225	169.769828	25.719529	169.098232	24.820955	168.361630	23.884747	167.548771	22.909123	166.645608	21.892321	165.634254	20.832662	164.491748	19.728673	163.188002	18.579252	161.682955	17.383965	159.922248	16.143496	157.830433	14.860433	155.300425	13.540587	152.176269	12.195342	148.225500	10.845935	143.094954	9.531364	136.247794	8.322559	126.907861	7.343697	114.162150	6.785145	97.645281
599.306820	28.202193	170.959593	27.406018	170.392865	26.577282	169.777602	25.714359	169.106412	24.815550	168.370233	23.879099	167.557819	22.903222	166.655113	21.886157	165.644235	20.826225	164.502213	19.721951	163.198947	18.572234	161.694361	17.376637	159.934063	16.135846	157.842545	14.852447	155.312616	13.532254	152.188128	12.186656	148.236267	10.836910	143.103220	9.522062	136.250938	8.313157	126.901233	7.334621	114.138782	6.777200	97.599361
599.761230	28.197709	170.966610	27.401324	170.400242	26.572371	169.785368	25.709224	169.114578	24.810180	168.378823	23.873487	167.566853	22.897359	166.664604	21.880033	165.654205	20.819828	164.512670	19.715271	163.209881	18.565261	161.705760	17.369355	159.945872	16.128243	157.854663	14.844510	155.324819	13.523970	152.200015	12.178019	148.247076	10.827935	143.111552	9.512809	136.254184	8.303803	126.894753	7.325589	114.115615	6.769291	97.553704
600.215520	28.193224	170.973610	27.396630	170.407607	26.567460	169.793119	25.704087	169.122735	24.804810	168.387397	23.867874	167.575871	22.891495	166.674080	21.873908	165.664160	20.813432	164.523107	19.708592	163.220801	18.558287	161.717145	17.362073	159.957662	16.120641	157.866757	14.836573	155.336994	13.515687	152.211871	12.169385	148.257852	10.818963	143.119846	9.503561	136.257371	8.294455	126.888191	7.316567	114.092328	6.761396	97.507896
600.669740	28.188731	170.980596	27.391927	170.414961	26.562541	169.800855	25.698943	169.130881	24.799432	168.395957	23.862253	167.584875	22.885623	166.683542	21.867774	165.674100	20.807027	164.533525	19.701905	163.231705	18.551303	161.728514	17.354783	159.969431	16.113029	157.878823	14.828628	155.349135	13.507395	152.223684	12.160744	148.268581	10.809985	143.128079	9.494307	136.260468	8.285104	126.881499	7.307547	114.068853	6.753511	97.461846
601.123780	28.184253	170.987574	27.387240	170.422304	26.557637	169.808578	25.693815	169.139009	24.794071	168.404506	23.856651	167.593864	22.879770	166.692988	21.861659	165.684024	20.800643	164.543927	19.695238	163.242590	18.544342	161.739864	17.347516	159.981186	16.105442	157.890874	14.820708	155.361263	13.499130	152.235489	12.152129	148.279310	10.801033	143.136313	9.485081	136.263584	8.275780	126.874834	7.298554	114.045413	6.745653	97.415848
601.577760	28.179801	170.994548	27.382579	170.429637	26.552761	169.816292	25.688716	169.147118	24.788742	168.413045	23.851080	167.602840	22.873951	166.702419	21.855581	165.693936	20.794294	164.554321	19.688608	163.253462	18.537420	161.751199	17.340288	159.992936	16.097896	157.902921	14.812830	155.373398	13.490908	152.247311	12.143558	148.290068	10.792126	143.144590	9.475899	136.266785	8.266500	126.868290	7.289600	114.022136	6.737828	97.370067
602.031680	28.175371	171.001507	27.377942	170.436957	26.547910	169.823993	25.683643	169.155213	24.783439	168.421569	23.845538	167.611801	22.868160	166.711839	21.849532	165.703830	20.787976	164.564704	19.682010	163.264323	18.530532	161.762524	17.333096	160.004679	16.090387	157.914964	14.804989	155.385536	13.482725	152.259142	12.135027	148.300848	10.783259	143.152910	9.466757	136.270050	8.257258	126.861841	7.280682	113.998991	6.730034	97.324458
602.485410	28.170958	171.008443	27.373324	170.444260	26.543079	169.831677	25.678590	169.163297	24.778156	168.430071	23.840018	167.620746	22.862391	166.721248	21.843506	165.713703	20.781684	164.575070	19.675439	163.275172	18.523671	161.773838	17.325932	160.016409	16.082905	157.926996	14.797178	155.397667	13.474573	152.270967	12.126526	148.311629	10.774425	143.161253	9.457647	136.273344	8.248048	126.855441	7.271794	113.975919	6.722268	97.278948
602.939090	28.166552	171.015367	27.368712	170.451552	26.538255	169.839349	25.673545	169.171372	24.772881	168.438558	23.834505	167.629677	22.856631	166.730643	21.837489	165.723561	20.775401	164.585419	19.668878	163.286007	18.516820	161.785137	17.318779	160.028123	16.075435	157.939016	14.789379	155.409782	13.466433	152.282779	12.118039	148.322394	10.765604	143.169585	9.448551	136.276619	8.238853	126.849014	7.262923	113.952805	6.714521	97.233386
603.392640	28.162146	171.022286	27.364101	170.458833	26.533430	169.847010	25.668499	169.179435	24.767606	168.447034	23.828992	167.638592	22.850872	166.740017	21.831473	165.733408	20.769118	164.595746	19.662318	163.296819	18.509970	161.796411	17.311626	160.039813	16.067968	157.951016	14.781582	155.421869	13.458296	152.294566	12.109556	148.333126	10.756787	143.177871	9.439461	136.279839	8.229665	126.842506	7.254063	113.929570	6.706790	97.187678
603.846130	28.157751	171.029198	27.359501	170.466103	26.528616	169.854661	25.663465	169.187487	24.762344	168.455502	23.823493	167.647494	22.845126	166.749375	21.825473	165.743246	20.762850	164.606060	19.655773	163.307616	18.503136	161.807672	17.304490	160.051489	16.060519	157.963005	14.773804	155.433947	13.450178	152.306348	12.101093	148.343855	10.747991	143.186157	9.430392	136.283066	8.220499	126.836008	7.245224	113.906342	6.699081	97.141982
604.299500	28.153384	171.036094	27.354930	170.473358	26.523834	169.862296	25.658465	169.195524	24.757116	168.463961	23.818029	167.656386	22.839417	166.758722	21.819509	165.753073	20.756621	164.616367	19.649270	163.318408	18.496345	161.818932	17.297399	160.063162	16.053115	157.974990	14.766072	155.446041	13.442108	152.318146	12.092678	148.354623	10.739244	143.194502	9.421371	136.286387	8.211379	126.829657	7.236427	113.883316	6.691406	97.096548
604.752750	28.149042	171.042973	27.350385	170.480598	26.519080	169.869916	25.653492	169.203546	24.751917	168.472406	23.812596	167.665266	22.833739	166.768060	21.813579	165.762887	20.750428	164.626666	19.642802	163.329192	18.489592	161.830187	17.290347	160.074831	16.045751	157.986969	14.758383	155.458142	13.434080	152.329956	12.084307	148.365419	10.730541	143.202896	9.412393	136.289785	8.202300	126.823423	7.227667	113.860451	6.683764	97.051327
605.205870	28.144708	171.049842	27.345849	170.487826	26.514335	169.877525	25.648529	169.211552	24.746729	168.480830	23.807173	167.674131	22.828074	166.777382	21.807661	165.772682	20.744247	164.636946	19.636347	163.339956	18.482852	161.841418	17.283310	160.086485	16.038401	157.998934	14.750709	155.470221	13.426069	152.341751	12.075953	148.376203	10.721855	143.211277	9.403434	136.293176	8.193241	126.817174	7.218929	113.837564	6.676143	97.006084
605.658940	28.140376	171.056701	27.341315	170.495045	26.509590	169.885124	25.643567	169.219544	24.741542	168.489237	23.801753	167.682982	22.822412	166.786688	21.801746	165.782459	20.738069	164.647207	19.629896	163.350701	18.476115	161.852625	17.276275	160.098123	16.031056	158.010882	14.743039	155.482271	13.418063	152.353524	12.067604	148.386960	10.713176	143.219627	9.394483	136.296529	8.184190	126.810859	7.210202	113.814582	6.668538	96.960723
606.111880	28.136052	171.063550	27.336789	170.502252	26.504854	169.892713	25.638615	169.227526	24.736364	168.497634	23.796343	167.691817	22.816760	166.795980	21.795841	165.792220	20.731903	164.657451	19.623457	163.361429	18.469391	161.863817	17.269254	160.109742	16.023725	158.022813	14.735384	155.494305	13.410072	152.365286	12.059271	148.397704	10.704513	143.227967	9.385548	136.299867	8.175158	126.804529	7.201494	113.791574	6.660952	96.915333
606.564700	28.131738	171.070386	27.332273	170.509448	26.500131	169.900289	25.633675	169.235497	24.731200	168.506027	23.790945	167.700637	22.811121	166.805257	21.789950	165.801968	20.725751	164.667682	19.617033	163.372144	18.462682	161.875001	17.262249	160.121342	16.016410	158.034730	14.727746	155.506333	13.402099	152.377040	12.050958	148.408441	10.695869	143.236308	9.376633	136.303201	8.166146	126.798205	7.192806	113.768567	6.653388	96.869944
607.017460	28.127428	171.077213	27.327762	170.516634	26.495412	169.907853	25.628741	169.243456	24.726041	168.514407	23.785553	167.709446	22.805487	166.814520	21.784065	165.811700	20.719606	164.677899	19.610616	163.382843	18.455982	161.886173	17.255252	160.132923	16.009104	158.046632	14.720117	155.518346	13.394135	152.388773	12.042654	148.419160	10.687236	143.244628	9.367730	136.306508	8.157146	126.791844	7.184132	113.745499	6.645841	96.824477
607.470030	28.123122	171.084028	27.323256	170.523808	26.490698	169.915402	25.623811	169.251396	24.720888	168.522763	23.780167	167.718243	22.799859	166.823766	21.778188	165.821414	20.713468	164.688098	19.604205	163.393524	18.449289	161.897323	17.248264	160.144484	16.001807	158.058516	14.712498	155.530338	13.386182	152.400477	12.034361	148.429855	10.678616	143.252917	9.358840	136.309786	8.148160	126.785441	7.175474	113.722367	6.638313	96.778937
607.922610	28.118838	171.090833	27.318773	170.530972	26.486007	169.922938	25.618906	169.259326	24.715760	168.531106	23.774807	167.727030	22.794259	166.833001	21.772340	165.831120	20.707359	164.698286	19.597826	163.404196	18.442629	161.908465	17.241309	160.156043	15.994545	158.070400	14.704916	155.542334	13.378266	152.412192	12.026105	148.440574	10.670032	143.261246	9.349987	136.313133	8.139210	126.779132	7.166850	113.699367	6.630813	96.733570
608.375000	28.114595	171.097621	27.314332	170.538121	26.481361	169.930457	25.614046	169.267245	24.710680	168.539438	23.769499	167.735800	22.788712	166.842224	21.766546	165.840820	20.701307	164.708462	19.591507	163.414862	18.436030	161.919599	17.234418	160.167607	15.987347	158.082289	14.697399	155.554350	13.370418	152.423950	12.017919	148.451353	10.661518	143.269676	9.341201	136.316639	8.130324	126.773060	7.158282	113.676706	6.623358	96.688651
608.827330	28.110378	171.104395	27.309918	170.545255	26.476742	169.937963	25.609216	169.275153	24.705629	168.547761	23.764221	167.744555	22.783198	166.851437	21.760784	165.850509	20.695290	164.718627	19.585223	163.425518	18.429467	161.930724	17.227564	160.179169	15.980189	158.094176	14.689922	155.566370	13.362611	152.435726	12.009775	148.462159	10.653046	143.278157	9.332459	136.320223	8.121478	126.767105	7.149752	113.654210	6.615933	96.643949
609.279540	28.106158	171.111159	27.305501	170.552372	26.472121	169.945458	25.604383	169.283045	24.700576	168.556067	23.758941	167.753296	22.777682	166.860634	21.755021	165.860173	20.689270	164.728777	19.578937	163.436153	18.422902	161.941829	17.220709	160.190707	15.973029	158.106039	14.682445	155.578360	13.354804	152.447471	12.001631	148.472929	10.644576	143.286592	9.323718	136.323739	8.112638	126.761060	7.141229	113.631583	6.608523	96.599081
609.731630	28.101932	171.117913	27.301079	170.559476	26.467495	169.952943	25.599545	169.290922	24.695519	168.564358	23.753654	167.762023	22.772158	166.869815	21.749252	165.869814	20.683245	164.738910	19.572645	163.446768	18.416330	161.952914	17.213847	160.202218	15.965864	158.117874	14.674962	155.590318	13.346991	152.459180	11.993481	148.483657	10.636102	143.294972	9.314975	136.327174	8.103797	126.754902	7.132710	113.608788	6.601123	96.553999
610.183650	28.097714	171.124656	27.296664	170.566573	26.462878	169.960418	25.594716	169.298788	24.690471	168.572638	23.748377	167.770735	22.766645	166.878982	21.743494	165.879448	20.677231	164.749028	19.566364	163.457371	18.409772	161.963985	17.206998	160.213716	15.958712	158.129694	14.667493	155.602268	13.339193	152.470879	11.985348	148.494378	10.627644	143.303348	9.306249	136.330609	8.094973	126.748737	7.124209	113.585978	6.593742	96.508900
610.635560	28.093514	171.131388	27.292268	170.573665	26.458278	169.967882	25.589905	169.306645	24.685441	168.580909	23.743122	167.779431	22.761154	166.888136	21.737758	165.889078	20.671242	164.759132	19.560107	163.467965	18.403240	161.975047	17.200177	160.225206	15.951588	158.141506	14.660053	155.614218	13.331424	152.482580	11.977244	148.505111	10.619215	143.311749	9.297552	136.334090	8.086177	126.742632	7.115735	113.563250	6.586386	96.463911
611.087340	28.089332	171.138109	27.287891	170.580743	26.453698	169.975331	25.585116	169.314488	24.680434	168.589165	23.737889	167.788116	22.755687	166.897273	21.732047	165.898692	20.665277	164.769224	19.553878	163.478546	18.396735	161.986099	17.193384	160.236686	15.944492	158.153314	14.652643	155.626165	13.323687	152.494282	11.969173	148.515858	10.610819	143.320172	9.288887	136.337613	8.077414	126.736593	7.107292	113.540613	6.579057	96.419047
611.539000	28.085166	171.144818	27.283530	170.587805	26.449136	169.982765	25.580344	169.322315	24.675445	168.597406	23.732676	167.796791	22.750239	166.906395	21.726355	165.908283	20.659332	164.779305	19.547671	163.489111	18.390254	161.997139	17.186614	160.248153	15.937422	158.165120	14.645259	155.638102	13.315976	152.505978	11.961129	148.526611	10.602452	143.328603	9.280252	136.341161	8.068680	126.730597	7.098876	113.518034	6.571753	96.374268
611.990600	28.081004	171.151518	27.279174	170.594854	26.444578	169.990187	25.575577	169.330129	24.670463	168.605633	23.727468	167.805454	22.744797	166.915505	21.720670	165.917861	20.653395	164.789372	19.541471	163.499659	18.383779	162.008163	17.179853	160.259604	15.930361	158.176910	14.637885	155.650021	13.308275	152.517656	11.953095	148.537344	10.594095	143.337014	9.271628	136.344684	8.059958	126.724568	7.090474	113.495399	6.564466	96.329419
612.442080	28.076840	171.158206	27.274815	170.601893	26.440018	169.997597	25.570808	169.337934	24.665477	168.613845	23.722258	167.814100	22.739354	166.924606	21.714985	165.927429	20.647456	164.799417	19.535269	163.510185	18.377302	162.019166	17.173090	160.271033	15.923299	158.188671	14.630509	155.661916	13.300573	152.529307	11.945062	148.548038	10.585739	143.345388	9.263006	136.348150	8.051239	126.718455	7.082079	113.472635	6.557191	96.284407
612.893430	28.072685	171.164883	27.270466	170.608922	26.435468	170.004998	25.566050	169.345727	24.660503	168.622043	23.717060	167.822731	22.733923	166.933693	21.709312	165.936985	20.641532	164.809446	19.529082	163.520697	18.370841	162.030152	17.166343	160.282447	15.916253	158.200413	14.623150	155.673799	13.292889	152.540950	11.937046	148.558723	10.577402	143.353760	9.254403	136.351619	8.042540	126.712344	7.073705	113.449874	6.549937	96.239400
613.344730	28.068553	171.171549	27.266141	170.615940	26.430943	170.012389	25.561318	169.353505	24.655556	168.630233	23.711890	167.831354	22.728522	166.942767	21.703671	165.946528	20.635640	164.819467	19.522929	163.531204	18.364415	162.041130	17.159633	160.293856	15.909244	158.212156	14.615829	155.685685	13.285245	152.552609	11.929071	148.569435	10.569106	143.362179	9.245840	136.355165	8.033880	126.706344	7.065365	113.427270	6.542712	96.194599
613.795900	28.064441	171.178205	27.261838	170.622947	26.426441	170.019768	25.556610	169.361268	24.650634	168.638410	23.706745	167.839965	22.723148	166.951824	21.698056	165.956053	20.629776	164.829476	19.516806	163.541703	18.358019	162.052096	17.152954	160.305256	15.902268	158.223895	14.608542	155.697568	13.277636	152.564275	11.921130	148.580167	10.560845	143.370629	9.237312	136.358767	8.025254	126.700428	7.057057	113.404787	6.535515	96.149960
614.246950	28.060338	171.184850	27.257545	170.629944	26.421949	170.027132	25.551911	169.369020	24.645722	168.646572	23.701612	167.848562	22.717784	166.960866	21.692453	165.965563	20.623923	164.839469	19.510695	163.552185	18.351638	162.063048	17.146288	160.316643	15.895306	158.235619	14.601271	155.709440	13.270042	152.575927	11.913207	148.590892	10.552602	143.379070	9.228802	136.362362	8.016646	126.694508	7.048768	113.382289	6.528337	96.105314
614.697940	28.056244	171.191486	27.253259	170.636930	26.417466	170.034481	25.547222	169.376762	24.640820	168.654720	23.696489	167.857145	22.712430	166.969895	21.686861	165.975060	20.618082	164.849448	19.504595	163.562652	18.345269	162.073989	17.139636	160.328017	15.888358	158.247330	14.594014	155.721303	13.262463	152.587566	11.905300	148.601610	10.544374	143.387505	9.220310	136.365950	8.008055	126.688584	7.040497	113.359776	6.521179	96.060654
615.148800	28.052168	171.198107	27.248994	170.643901	26.413003	170.041819	25.542555	169.384494	24.635941	168.662856	23.691389	167.865711	22.707102	166.978912	21.681294	165.984544	20.612268	164.859413	19.498523	163.573105	18.338928	162.084922	17.133013	160.339383	15.881441	158.259037	14.586789	155.733163	13.254917	152.599213	11.897426	148.612339	10.536180	143.395975	9.211852	136.369587	7.999497	126.682737	7.032256	113.337375	6.514048	96.016139
615.599550	28.048116	171.204712	27.244753	170.650856	26.408565	170.049147	25.537915	169.392214	24.631090	168.670981	23.686318	167.874262	22.701803	166.987919	21.675760	165.994018	20.606489	164.869368	19.492485	163.583549	18.332623	162.095848	17.126428	160.350741	15.874562	158.270745	14.579603	155.745027	13.247411	152.610877	11.889593	148.623090	10.528028	143.404496	9.203433	136.373300	7.990979	126.677005	7.024051	113.315143	6.506946	95.971840
616.050170	28.044083	171.211304	27.240532	170.657801	26.404149	170.056463	25.533297	169.399920	24.626262	168.679095	23.681272	167.882801	22.696531	166.996912	21.670252	166.003479	20.600737	164.879310	19.486476	163.593980	18.326347	162.106759	17.119873	160.362088	15.867716	158.282445	14.572450	155.756890	13.239939	152.622545	11.881794	148.633860	10.519912	143.413047	9.195050	136.377070	7.982495	126.671356	7.015878	113.293027	6.499872	95.927701
616.500730	28.040062	171.217887	27.236322	170.664743	26.399745	170.063769	25.528691	169.407611	24.621447	168.687200	23.676239	167.891332	22.691273	167.005890	21.664759	166.012924	20.594999	164.889238	19.480484	163.604397	18.320089	162.117652	17.113337	160.373420	15.860888	158.294132	14.565316	155.768743	13.232487	152.634203	11.874016	148.644635	10.511815	143.421596	9.186688	136.380854	7.974032	126.665725	7.007727	113.270927	6.492818	95.883594
616.951170	28.036035	171.224462	27.232105	170.671673	26.395334	170.071064	25.524078	169.415290	24.616624	168.695291	23.671200	167.899849	22.686008	167.014852	21.659259	166.022355	20.589254	164.899150	19.474485	163.614795	18.313822	162.128523	17.106792	160.384731	15.854052	158.305791	14.558175	155.780566	13.225028	152.645823	11.866231	148.655366	10.503713	143.430086	9.178322	136.384557	7.965566	126.659977	6.999577	113.248651	6.485773	95.839266
617.401490	28.031988	171.231030	27.227871	170.678588	26.390904	170.078348	25.519446	169.422959	24.611781	168.703366	23.666139	167.908351	22.680720	167.023798	21.653735	166.031769	20.583484	164.909043	19.468461	163.625170	18.307530	162.139370	17.100222	160.396019	15.847189	158.317415	14.551006	155.792346	13.217541	152.657387	11.858419	148.666021	10.495586	143.438480	9.169932	136.388113	7.957081	126.654016	6.991416	113.226067	6.478729	95.794539
617.851750	28.027951	171.237589	27.223647	170.685489	26.386484	170.085621	25.514823	169.430617	24.606949	168.711428	23.661089	167.916839	22.675442	167.032734	21.648223	166.041172	20.577727	164.918926	19.462449	163.635534	18.301252	162.150208	17.093665	160.407297	15.840340	158.329028	14.543853	155.804117	13.210072	152.668944	11.850625	148.676669	10.487476	143.446873	9.161559	136.391673	7.948614	126.648061	6.983272	113.203485	6.471703	95.749814
618.301880	28.023960	171.244132	27.219470	170.692379	26.382114	170.092879	25.510253	169.438260	24.602171	168.719480	23.656096	167.925317	22.670225	167.041664	21.642773	166.050564	20.572034	164.928805	19.456503	163.645898	18.295042	162.161050	17.087180	160.418578	15.833565	158.340658	14.536775	155.815919	13.202679	152.680555	11.842907	148.687400	10.479443	143.455391	9.153262	136.395434	7.940218	126.642403	6.975189	113.181328	6.464723	95.705646
618.751890	28.020005	171.250660	27.215329	170.699260	26.377782	170.100122	25.505722	169.445888	24.597435	168.727521	23.651146	167.933783	22.665052	167.050584	21.637369	166.059943	20.566389	164.938674	19.450607	163.656255	18.288884	162.171888	17.080747	160.429856	15.826845	158.352295	14.529755	155.827738	13.195343	152.692199	11.835249	148.698184	10.471469	143.463993	9.145023	136.399333	7.931877	126.636952	6.967154	113.159462	6.457780	95.661863
619.201780	28.016044	171.257182	27.211182	170.706128	26.373444	170.107353	25.501184	169.453504	24.592690	168.735548	23.646187	167.942235	22.659871	167.059486	21.631956	166.069307	20.560736	164.948519	19.444703	163.666588	18.282718	162.182703	17.074307	160.441109	15.820118	158.363908	14.522726	155.839523	13.188000	152.703805	11.827583	148.708922	10.463488	143.472536	9.136779	136.403147	7.923533	126.631378	6.959122	113.137419	6.450846	95.617859
619.651610	28.012069	171.263699	27.207021	170.712986	26.369091	170.114575	25.496631	169.461110	24.587930	168.743560	23.641212	167.950671	22.654674	167.068369	21.626527	166.078657	20.555066	164.958341	19.438780	163.676897	18.276534	162.193492	17.067847	160.452337	15.813371	158.375492	14.515677	155.851269	13.180636	152.715363	11.819898	148.719596	10.455489	143.481001	9.128520	136.406838	7.915176	126.625628	6.951083	113.115121	6.443916	95.573527
620.101320	28.008113	171.270202	27.202881	170.719834	26.364760	170.121787	25.492101	169.468706	24.583194	168.751556	23.636262	167.959097	22.649502	167.077239	21.621124	166.087995	20.549423	164.968153	19.432887	163.687196	18.270379	162.204272	17.061419	160.463558	15.806655	158.387070	14.508661	155.863017	13.173307	152.726929	11.812248	148.730291	10.447525	143.489504	9.120294	136.410589	7.906852	126.619970	6.943075	113.092952	6.437012	95.529366
620.550960	28.004190	171.276688	27.198775	170.726673	26.360464	170.128989	25.487609	169.476292	24.578497	168.759538	23.631352	167.967512	22.644373	167.086102	21.615766	166.097325	20.543827	164.977962	19.427042	163.697493	18.264273	162.215051	17.055040	160.474782	15.799991	158.398653	14.501698	155.874785	13.166033	152.738528	11.804653	148.741040	10.439618	143.498092	9.112123	136.414475	7.898579	126.614511	6.935111	113.071062	6.430142	95.485568
621.000430	28.000269	171.283163	27.194671	170.733497	26.356170	170.136176	25.483120	169.483863	24.573802	168.767510	23.626446	167.975914	22.639247	167.094948	21.610411	166.106637	20.538234	164.987756	19.421200	163.707774	18.258171	162.225810	17.048666	160.485988	15.793333	158.410213	14.494740	155.886531	13.158764	152.750103	11.797064	148.751765	10.431716	143.506646	9.103959	136.418324	7.890316	126.608996	6.927159	113.049089	6.423288	95.441669
621.449830	27.996326	171.289635	27.190544	170.740305	26.351852	170.143347	25.478604	169.491420	24.569082	168.775478	23.621514	167.984301	22.634093	167.103774	21.605026	166.115929	20.532610	164.997529	19.415327	163.718031	18.252037	162.236539	17.042260	160.497163	15.786642	158.421736	14.487750	155.898226	13.151462	152.761615	11.789443	148.762410	10.423783	143.515082	9.095767	136.422009	7.882028	126.603232	6.919192	113.026756	6.416433	95.397312
621.899110	27.992393	171.296097	27.186429	170.747101	26.347546	170.150508	25.474101	169.498963	24.564376	168.783433	23.616595	167.992674	22.628953	167.112585	21.599657	166.125206	20.527002	165.007286	19.409470	163.728275	18.245921	162.247256	17.035872	160.508326	15.779970	158.433249	14.480780	155.909909	13.144180	152.773120	11.781843	148.773051	10.415871	143.523522	9.087595	136.425703	7.873762	126.597487	6.911246	113.004448	6.409597	95.352994
622.348330	27.988510	171.302543	27.182366	170.753894	26.343295	170.157663	25.469655	169.506497	24.559728	168.791368	23.611737	168.001038	22.623876	167.121392	21.594354	166.134479	20.521463	165.017038	19.403684	163.738521	18.239877	162.257985	17.029560	160.519499	15.773375	158.444786	14.473889	155.921631	13.136980	152.784688	11.774324	148.783785	10.408041	143.532114	9.079504	136.429617	7.865570	126.592078	6.903363	112.982621	6.402807	95.309301
622.797420	27.984662	171.308974	27.178337	170.760677	26.339080	170.164810	25.465247	169.514019	24.555120	168.799286	23.606920	168.009390	22.618843	167.130190	21.589096	166.143743	20.515970	165.026782	19.397946	163.748760	18.233885	162.268712	17.023299	160.530672	15.766832	158.456332	14.467052	155.933371	13.129835	152.796289	11.766862	148.794569	10.400268	143.540793	9.071467	136.433663	7.857431	126.586872	6.895526	112.961083	6.396051	95.265986
623.246400	27.980805	171.315401	27.174300	170.767445	26.334855	170.171942	25.460829	169.521531	24.550501	168.807198	23.602093	168.017727	22.613799	167.138973	21.583827	166.152994	20.510466	165.036511	19.392198	163.758974	18.227881	162.279411	17.017026	160.541820	15.760279	158.467848	14.460204	155.945081	13.122679	152.807851	11.759389	148.805303	10.392485	143.549402	9.063423	136.437623	7.849285	126.581533	6.887688	112.939347	6.389303	95.222420
623.695250	27.976936	171.321820	27.170249	170.774198	26.330617	170.179059	25.456398	169.529032	24.545867	168.815103	23.597250	168.026049	22.608740	167.147740	21.578542	166.162227	20.504945	165.046223	19.386432	163.769164	18.221858	162.290079	17.010736	160.552941	15.753707	158.479331	14.453338	155.956754	13.115504	152.819364	11.751899	148.815976	10.384685	143.557926	9.055363	136.441470	7.841127	126.576023	6.879844	112.917357	6.382560	95.178532
624.144040	27.973079	171.328226	27.166213	170.780942	26.326395	170.186163	25.451982	169.536522	24.541250	168.822997	23.592424	168.034359	22.603698	167.156497	21.573275	166.171445	20.499443	165.055924	19.380686	163.779345	18.215858	162.300741	17.004468	160.564052	15.747158	158.490805	14.446495	155.968423	13.108354	152.830878	11.744433	148.826662	10.376910	143.566473	9.047330	136.445349	7.832995	126.570562	6.872023	112.895432	6.375838	95.134735
624.592710	27.969248	171.334615	27.162204	170.787681	26.322202	170.193257	25.447595	169.544000	24.536665	168.830873	23.587631	168.042659	22.598689	167.165242	21.568042	166.180649	20.493978	165.065616	19.374977	163.789521	18.209895	162.311403	16.998240	160.575160	15.740651	158.502282	14.439694	155.980099	13.101248	152.842411	11.737012	148.837388	10.369180	143.575083	9.039340	136.449317	7.824904	126.565243	6.864240	112.873708	6.369145	95.091203
625.041260	27.965426	171.340995	27.158205	170.794412	26.318018	170.200344	25.443218	169.551468	24.532090	168.838736	23.582850	168.050948	22.593692	167.173975	21.562823	166.189840	20.488525	165.075291	19.369282	163.799686	18.203947	162.322054	16.992026	160.586256	15.734159	158.513749	14.432910	155.991764	13.094158	152.853934	11.729608	148.848106	10.361467	143.583691	9.031368	136.453290	7.816831	126.559933	6.856476	112.851993	6.362470	95.047687
625.489750	27.961602	171.347369	27.154201	170.801131	26.313829	170.207426	25.438838	169.558926	24.527510	168.846590	23.578063	168.059228	22.588691	167.182692	21.557598	166.199023	20.483069	165.084948	19.363583	163.809835	18.197994	162.332683	16.985808	160.597336	15.727662	158.525200	14.426121	156.003406	13.087063	152.865425	11.722199	148.858785	10.353752	143.592248	9.023393	136.457203	7.808759	126.554528	6.848715	112.830138	6.355805	95.003989
625.938110	27.957781	171.353736	27.150200	170.807837	26.309644	170.214495	25.434462	169.566371	24.522934	168.854433	23.573281	168.067494	22.583695	167.191395	21.552378	166.208192	20.477617	165.094587	19.357890	163.819967	18.192047	162.343293	16.979595	160.608398	15.721172	158.536631	14.419339	156.015028	13.079977	152.876896	11.714799	148.869440	10.346044	143.600780	9.015428	136.461087	7.800696	126.549082	6.840966	112.808223	6.349155	94.960218
626.386350	27.953972	171.360091	27.146215	170.814528	26.305474	170.221543	25.430101	169.573801	24.518375	168.862266	23.568516	168.075744	22.578716	167.200087	21.547177	166.217346	20.472185	165.104215	19.352216	163.830088	18.186120	162.353892	16.973405	160.619447	15.714704	158.548047	14.412580	156.026642	13.072914	152.888366	11.707424	148.880100	10.338362	143.609330	9.007488	136.464995	7.792659	126.543677	6.833241	112.786365	6.342528	94.916529
626.834470	27.950186	171.366433	27.142253	170.821205	26.301328	170.228575	25.425764	169.581217	24.513843	168.870086	23.563779	168.083981	22.573766	167.208770	21.542006	166.226485	20.466783	165.113834	19.346574	163.840200	18.180227	162.364482	16.967250	160.630488	15.708272	158.559457	14.405858	156.038261	13.065891	152.899850	11.700088	148.890786	10.330720	143.617929	8.999587	136.468975	7.784659	126.538386	6.825550	112.764673	6.335928	94.873062
627.282530	27.946430	171.372766	27.138322	170.827872	26.297215	170.235601	25.421462	169.588623	24.509345	168.877891	23.559078	168.092208	22.568855	167.217444	21.536875	166.235613	20.461423	165.123448	19.340974	163.850303	18.174378	162.375068	16.961139	160.641530	15.701887	158.570878	14.399184	156.049897	13.058916	152.911360	11.692801	148.901517	10.323127	143.626601	8.991736	136.473070	7.776705	126.533274	6.817899	112.743230	6.329359	94.829925
627.730470	27.942692	171.379089	27.134409	170.834528	26.293122	170.242621	25.417182	169.596018	24.504868	168.885683	23.554399	168.100424	22.563967	167.226105	21.531767	166.244732	20.456088	165.133052	19.335402	163.860392	18.168557	162.385643	16.955057	160.652565	15.695532	158.582297	14.392541	156.061536	13.051972	152.922877	11.685546	148.912265	10.315568	143.635303	8.983916	136.477221	7.768782	126.528246	6.810277	112.721906	6.322814	94.786949
628.178280	27.938948	171.385401	27.130491	170.841178	26.289022	170.249630	25.412895	169.603403	24.500385	168.893462	23.549714	168.108625	22.559072	167.234746	21.526653	166.253839	20.450745	165.142638	19.329823	163.870461	18.162729	162.396198	16.948968	160.663575	15.689169	158.593687	14.385891	156.073143	13.045020	152.934360	11.678285	148.922970	10.308002	143.643948	8.976092	136.481299	7.760856	126.523106	6.802657	112.700414	6.316278	94.743760
628.626040	27.935195	171.391702	27.126561	170.847820	26.284912	170.256628	25.408596	169.610778	24.495891	168.901232	23.545017	168.116813	22.554164	167.243369	21.521526	166.262935	20.445390	165.152205	19.324228	163.880513	18.156886	162.406734	16.942864	160.674561	15.682792	158.605048	14.379227	156.084715	13.038054	152.945807	11.671010	148.933627	10.300422	143.652525	8.968256	136.485286	7.752922	126.517822	6.795033	112.678707	6.309747	94.700295
629.073670	27.931454	171.397991	27.122647	170.854454	26.280816	170.263616	25.404313	169.618138	24.491414	168.908991	23.540337	168.124987	22.549274	167.251982	21.516418	166.272017	20.440053	165.161759	19.318654	163.890553	18.151065	162.417259	16.936782	160.685538	15.676437	158.616401	14.372586	156.096281	13.031113	152.957254	11.663760	148.944294	10.292868	143.661117	8.960446	136.489300	7.745013	126.512585	6.787433	112.657070	6.303238	94.656923
629.521180	27.927741	171.404269	27.118760	170.861077	26.276751	170.270593	25.400060	169.625482	24.486969	168.916738	23.535692	168.133150	22.544418	167.260590	21.511346	166.281084	20.434755	165.171303	19.313120	163.900589	18.145283	162.427780	16.930742	160.696515	15.670126	158.627761	14.365990	156.107857	13.024218	152.968722	11.656556	148.955003	10.285361	143.669774	8.952681	136.493413	7.737148	126.507505	6.779871	112.635661	6.296758	94.613851
629.968630	27.924040	171.410540	27.114886	170.867686	26.272697	170.277558	25.395820	169.632817	24.482536	168.924476	23.531060	168.141305	22.539577	167.269189	21.506289	166.290137	20.429472	165.180835	19.307602	163.910614	18.139518	162.438290	16.924719	160.707484	15.663832	158.639113	14.359412	156.119429	13.017342	152.980185	11.649373	148.965712	10.277874	143.678441	8.944937	136.497545	7.729303	126.502455	6.772329	112.614288	6.290297	94.570832
630.415950	27.920336	171.416806	27.111009	170.874279	26.268641	170.284506	25.391578	169.640146	24.478100	168.932203	23.526424	168.149449	22.534734	167.277770	21.501229	166.299175	20.424187	165.190350	19.302081	163.920621	18.133751	162.448780	16.918694	160.718431	15.657537	158.650441	14.352832	156.130975	13.010464	152.991619	11.642187	148.976378	10.270386	143.687065	8.937193	136.501624	7.721459	126.497319	6.764791	112.592782	6.283846	94.527651
630.863160	27.916643	171.423062	27.107142	170.880861	26.264595	170.291443	25.387347	169.647467	24.473677	168.939918	23.521801	168.157580	22.529904	167.286337	21.496183	166.308200	20.418917	165.199852	19.296576	163.930614	18.128001	162.459258	16.912686	160.729366	15.651259	158.661758	14.346269	156.142510	13.003604	153.003045	11.635021	148.987040	10.262917	143.695695	8.929469	136.505717	7.713636	126.492203	6.757274	112.571302	6.277414	94.484510
631.310240	27.912979	171.429301	27.103307	170.887437	26.260582	170.298373	25.383151	169.654771	24.469289	168.947617	23.517215	168.165695	22.525112	167.294892	21.491176	166.317212	20.413686	165.209349	19.291113	163.940597	18.122294	162.469730	16.906724	160.740300	15.645027	158.673079	14.339755	156.154055	12.996794	153.014496	11.627905	148.997749	10.255499	143.704399	8.921794	136.509918	7.705859	126.487264	6.749798	112.550081	6.271014	94.441703
631.757260	27.909333	171.435526	27.099492	170.894006	26.256589	170.305297	25.378976	169.662062	24.464924	168.955303	23.512652	168.173796	22.520344	167.303439	21.486194	166.326215	20.408482	165.218838	19.285677	163.950570	18.116615	162.480194	16.900790	160.751229	15.638826	158.684398	14.333273	156.165600	12.990016	153.025955	11.620822	149.008482	10.248114	143.713139	8.914153	136.514177	7.698114	126.482417	6.742350	112.528993	6.264637	94.399068
632.204160	27.905680	171.441744	27.095669	170.900560	26.252589	170.312207	25.374793	169.669340	24.460550	168.962979	23.508081	168.181888	22.515567	167.311971	21.481203	166.335207	20.403268	165.228308	19.280231	163.960522	18.110927	162.490639	16.894848	160.762135	15.632615	158.695690	14.326781	156.177116	12.983229	153.037377	11.613729	149.019171	10.240721	143.721816	8.906505	136.518356	7.690364	126.477446	6.734903	112.507719	6.258268	94.356207
632.650940	27.902016	171.447957	27.091834	170.907098	26.248578	170.319100	25.370598	169.676608	24.456164	168.970644	23.503497	168.189969	22.510778	167.320489	21.476199	166.344187	20.398042	165.237757	19.274771	163.970455	18.105224	162.501064	16.888891	160.773015	15.626390	158.706952	14.320274	156.188600	12.976427	153.048757	11.606624	149.029806	10.233316	143.730420	8.898845	136.522442	7.682606	126.472328	6.727452	112.486223	6.251905	94.313076
633.097660	27.898366	171.454160	27.088013	170.913628	26.244582	170.325982	25.366418	169.683867	24.451794	168.978295	23.498930	168.198036	22.506006	167.328990	21.471214	166.353155	20.392835	165.247195	19.269331	163.980380	18.099541	162.511477	16.882955	160.783885	15.620187	158.718204	14.313790	156.200083	12.969649	153.060139	11.599542	149.040446	10.225934	143.739044	8.891209	136.526559	7.674871	126.467259	6.720023	112.464796	6.245562	94.270036
633.544250	27.894742	171.460352	27.084220	170.920153	26.240613	170.332853	25.362268	169.691115	24.447455	168.985930	23.494395	168.206087	22.501267	167.337477	21.466265	166.362108	20.387663	165.256624	19.263929	163.990299	18.093898	162.521881	16.877058	160.794752	15.614025	158.729458	14.307349	156.211577	12.962915	153.071542	11.592504	149.051119	10.218597	143.747733	8.883616	136.530771	7.667177	126.462342	6.712631	112.443590	6.239247	94.227279
633.990720	27.891129	171.466532	27.080439	170.926669	26.236656	170.339716	25.358130	169.698352	24.443129	168.993555	23.489873	168.214127	22.496541	167.345954	21.461329	166.371045	20.382506	165.266039	19.258542	164.000206	18.088271	162.532270	16.871178	160.805607	15.607881	158.740702	14.300926	156.223059	12.956199	153.082939	11.585485	149.061791	10.211279	143.756427	8.876044	136.534993	7.659504	126.457447	6.705259	112.422416	6.232952	94.184567
634.437070	27.887514	171.472701	27.076654	170.933172	26.232697	170.346573	25.353989	169.705577	24.438800	169.001174	23.485349	168.222162	22.491813	167.354425	21.456389	166.379968	20.377347	165.275439	19.253153	164.010096	18.082641	162.542642	16.865297	160.816442	15.601734	158.751931	14.294500	156.234509	12.949481	153.094307	11.578465	149.072430	10.203961	143.765074	8.868473	136.539156	7.651834	126.452468	6.697893	112.401115	6.226666	94.141705
634.883360	27.883909	171.478861	27.072881	170.939665	26.228749	170.353421	25.349859	169.712792	24.434484	169.008786	23.480838	168.230189	22.487099	167.362887	21.451464	166.388878	20.372204	165.284825	19.247780	164.019972	18.077028	162.553003	16.859432	160.827265	15.595604	158.763150	14.288093	156.245953	12.942782	153.105669	11.571464	149.083072	10.196663	143.773728	8.860921	136.543338	7.644183	126.447519	6.690546	112.379850	6.220399	94.098895
635.329530	27.880333	171.485010	27.069138	170.946147	26.224832	170.360254	25.345763	169.719997	24.430201	169.016381	23.476361	168.238201	22.482421	167.371335	21.446577	166.397776	20.367099	165.294202	19.242448	164.029838	18.071457	162.563358	16.853611	160.838083	15.589520	158.774370	14.281732	156.257417	12.936131	153.117057	11.564513	149.093760	10.189413	143.782456	8.853417	136.547636	7.636576	126.442742	6.683237	112.358836	6.214161	94.056410
635.775570	27.876774	171.491147	27.065413	170.952619	26.220934	170.367073	25.341687	169.727190	24.425939	169.023961	23.471906	168.246196	22.477767	167.379766	21.441714	166.406664	20.362018	165.303566	19.237140	164.039693	18.065913	162.573703	16.847816	160.848892	15.583465	158.785580	14.275400	156.268884	12.929509	153.128450	11.557591	149.104463	10.182194	143.791218	8.845943	136.551988	7.628999	126.438047	6.675955	112.337937	6.207946	94.014080
636.221560	27.873206	171.497275	27.061678	170.959081	26.217028	170.373879	25.337602	169.734368	24.421667	169.031531	23.467441	168.254177	22.473101	167.388182	21.436840	166.415543	20.356926	165.312916	19.231821	164.049534	18.060356	162.584031	16.842011	160.859681	15.577397	158.796769	14.269056	156.280316	12.922876	153.139806	11.550658	149.115116	10.174964	143.799919	8.838461	136.556255	7.621415	126.433222	6.668672	112.316842	6.201737	93.971504
636.667420	27.869628	171.503391	27.057933	170.965531	26.213110	170.380676	25.333504	169.741532	24.417384	169.039091	23.462964	168.262143	22.468423	167.396584	21.431952	166.424409	20.351822	165.322250	19.226489	164.059359	18.054785	162.594338	16.836192	160.870450	15.571316	158.807933	14.262698	156.291708	12.916229	153.151122	11.543711	149.125714	10.167722	143.808548	8.830967	136.560422	7.613823	126.428252	6.661386	112.295529	6.195534	93.928660
637.113160	27.866061	171.509500	27.054199	170.971971	26.209205	170.387465	25.329419	169.748689	24.413114	169.046639	23.458501	168.270102	22.463760	167.404978	21.427080	166.433261	20.346732	165.331575	19.221172	164.069171	18.049231	162.604633	16.830390	160.881211	15.565252	158.819085	14.256359	156.303093	12.909601	153.162435	11.536784	149.136316	10.160500	143.817185	8.823493	136.564610	7.606251	126.423311	6.654119	112.274258	6.189349	93.885874
637.558840	27.862519	171.515603	27.050493	170.978400	26.205327	170.394249	25.325362	169.755840	24.408874	169.054177	23.454068	168.278056	22.459128	167.413366	21.422241	166.442098	20.341676	165.340896	19.215892	164.078974	18.043715	162.614923	16.824626	160.891970	15.559228	158.830237	14.250062	156.314493	12.903015	153.173772	11.529900	149.146961	10.153322	143.825882	8.816062	136.568895	7.598719	126.418520	6.646887	112.253202	6.183191	93.843365
638.004330	27.859003	171.521696	27.046812	170.984818	26.201476	170.401021	25.321334	169.762978	24.404662	169.061703	23.449666	168.285996	22.454528	167.421742	21.417435	166.450922	20.336655	165.350203	19.210648	164.088764	18.038237	162.625207	16.818901	160.902722	15.553244	158.841386	14.243805	156.325901	12.896472	153.185123	11.523060	149.157636	10.146186	143.834634	8.808672	136.573270	7.591227	126.413873	6.639690	112.232357	6.177061	93.801135
638.449830	27.855505	171.527779	27.043151	170.991228	26.197644	170.407779	25.317327	169.770101	24.400473	169.069221	23.445288	168.293923	22.449953	167.430105	21.412656	166.459739	20.331662	165.359497	19.205431	164.098546	18.032786	162.635487	16.813203	160.913466	15.547289	158.852536	14.237579	156.337311	12.889958	153.196481	11.516250	149.168328	10.139081	143.843426	8.801314	136.577703	7.583765	126.409327	6.632521	112.211650	6.170951	93.759084
638.895140	27.852010	171.533850	27.039493	170.997625	26.193816	170.414521	25.313324	169.777211	24.396287	169.076726	23.440914	168.301834	22.445383	167.438451	21.407881	166.468541	20.326674	165.368774	19.200220	164.108313	18.027341	162.645750	16.807513	160.924190	15.541341	158.863669	14.231359	156.348701	12.883453	153.207816	11.509448	149.178998	10.131985	143.852194	8.793966	136.582107	7.576314	126.404743	6.625364	112.190889	6.164857	93.716975
639.340390	27.848501	171.539911	27.035822	171.004011	26.189975	170.421252	25.309307	169.784317	24.392087	169.084216	23.436524	168.309737	22.440795	167.446782	21.403088	166.477328	20.321668	165.378036	19.194990	164.118065	18.021878	162.655987	16.801805	160.934891	15.535375	158.874775	14.225121	156.360059	12.876930	153.219112	11.502628	149.189615	10.124872	143.860885	8.786603	136.586405	7.568850	126.399990	6.618200	112.169878	6.158766	93.674551
639.785520	27.844992	171.545962	27.032150	171.010388	26.186133	170.427975	25.305290	169.791414	24.387887	169.091692	23.432134	168.317628	22.436207	167.455101	21.398294	166.486101	20.316661	165.387285	19.189760	164.127803	18.016416	162.666204	16.796097	160.945579	15.529409	158.885863	14.218884	156.371396	12.870408	153.230387	11.495810	149.200208	10.117761	143.869544	8.779242	136.590663	7.561391	126.395171	6.611043	112.148770	6.152686	93.632011
640.230530	27.841508	171.552001	27.028503	171.016757	26.182318	170.434692	25.301300	169.798498	24.383716	169.099157	23.427773	168.325505	22.431651	167.463409	21.393533	166.494867	20.311689	165.396524	19.184565	164.137530	18.010989	162.676420	16.790427	160.956268	15.523482	158.896950	14.212686	156.382742	12.863926	153.241680	11.489034	149.210835	10.110692	143.878263	8.771923	136.595017	7.553970	126.390499	6.603921	112.127872	6.146633	93.589745
640.675420	27.838052	171.558030	27.024884	171.023119	26.178532	170.441402	25.297341	169.805566	24.379576	169.106612	23.423446	168.333367	22.427130	167.471706	21.388809	166.503626	20.306753	165.405751	19.179409	164.147246	18.005600	162.686633	16.784798	160.966957	15.517597	158.908038	14.206533	156.394097	12.857489	153.252994	11.482303	149.221500	10.103669	143.887050	8.764648	136.599476	7.546591	126.385992	6.596835	112.107211	6.140607	93.547790
641.120240	27.834602	171.564051	27.021273	171.029473	26.174754	170.448097	25.293389	169.812621	24.375445	169.114057	23.419128	168.341217	22.422618	167.479992	21.384095	166.512373	20.301828	165.414965	19.174264	164.156948	18.000224	162.696832	16.779180	160.977629	15.511725	158.919114	14.200391	156.405436	12.851065	153.264300	11.475586	149.232156	10.096660	143.895833	8.757387	136.603937	7.539227	126.381486	6.589764	112.086549	6.134597	93.505840
641.564940	27.831149	171.570066	27.017659	171.035814	26.170973	170.454777	25.289434	169.819666	24.371309	169.121490	23.414807	168.349056	22.418101	167.488266	21.379377	166.521104	20.296898	165.424163	19.169114	164.166635	17.994845	162.707007	16.773558	160.988274	15.505848	158.930166	14.194246	156.416746	12.844638	153.275577	11.468865	149.242776	10.089647	143.904568	8.750125	136.608334	7.531864	126.376883	6.582697	112.065746	6.128597	93.463718
642.009580	27.827696	171.576072	27.014044	171.042143	26.167192	170.461448	25.285478	169.826705	24.367173	169.128914	23.410485	168.356889	22.413584	167.496531	21.374658	166.529821	20.291968	165.433349	19.163965	164.176310	17.989466	162.717168	16.767936	160.998901	15.499972	158.941202	14.188102	156.428038	12.838212	153.286833	11.462146	149.253371	10.082637	143.913273	8.742867	136.612689	7.524505	126.372221	6.575637	112.044852	6.122607	93.421483
642.454100	27.824248	171.582068	27.010435	171.048457	26.163416	170.468114	25.281529	169.833737	24.363045	169.136326	23.406170	168.364716	22.409075	167.504786	21.369948	166.538522	20.287047	165.442524	19.158825	164.185975	17.984096	162.727319	16.762325	161.009518	15.494108	158.952224	14.181970	156.439322	12.831798	153.298077	11.455440	149.263957	10.075641	143.921973	8.735621	136.617036	7.517160	126.367555	6.568591	112.023951	6.116632	93.379242
642.898500	27.820815	171.588052	27.006841	171.054760	26.159656	170.474770	25.277598	169.840759	24.358935	169.143727	23.401874	168.372531	22.404586	167.513027	21.365258	166.547211	20.282148	165.451689	19.153707	164.195627	17.978748	162.737461	16.756738	161.020129	15.488267	158.963242	14.175862	156.450607	12.825409	153.309320	11.448760	149.274554	10.068671	143.930695	8.728402	136.621424	7.509840	126.362956	6.561569	112.003143	6.110677	93.337126
643.342770	27.817403	171.594024	27.003270	171.061054	26.155919	170.481409	25.273690	169.847766	24.354851	169.151117	23.397604	168.380324	22.400124	167.521253	21.360597	166.555890	20.277279	165.460843	19.148619	164.205264	17.973433	162.747593	16.751183	161.030735	15.482461	158.974261	14.169790	156.461897	12.819057	153.320574	11.442116	149.285176	10.061738	143.939458	8.721219	136.625891	7.502555	126.358480	6.554578	111.982504	6.104746	93.295243
643.786990	27.814000	171.599987	26.999709	171.067343	26.152193	170.488036	25.269793	169.854759	24.350777	169.158497	23.393345	168.388103	22.395676	167.529466	21.355949	166.564558	20.272423	165.469985	19.143546	164.214887	17.968132	162.757712	16.745643	161.041329	15.476669	158.985270	14.163733	156.473178	12.812721	153.331821	11.435490	149.295796	10.054823	143.948223	8.714055	136.630372	7.495288	126.354025	6.547604	111.961891	6.098832	93.253400
644.231080	27.810589	171.605942	26.996139	171.073627	26.148458	170.494655	25.265886	169.861741	24.346692	169.165866	23.389076	168.395873	22.391215	167.537668	21.351288	166.573210	20.267553	165.479113	19.138459	164.224498	17.962818	162.767810	16.740091	161.051898	15.470865	158.996248	14.157664	156.484423	12.806372	153.343031	11.428851	149.306363	10.047895	143.956926	8.706880	136.634757	7.488013	126.349427	6.540627	111.941071	6.092924	93.211298
644.675050	27.807171	171.611891	26.992561	171.079902	26.144715	170.501268	25.261972	169.868713	24.342598	169.173224	23.384799	168.403638	22.386746	167.545859	21.346618	166.581847	20.262675	165.488225	19.133364	164.234098	17.957495	162.777889	16.734530	161.062444	15.465051	159.007198	14.151585	156.495637	12.800015	153.354209	11.422204	149.316887	10.040960	143.965576	8.699698	136.639062	7.480734	126.344711	6.533651	111.920082	6.087023	93.168981
645.118900	27.803770	171.617832	26.989001	171.086164	26.140990	170.507872	25.258077	169.875674	24.338526	169.180572	23.380543	168.411394	22.382298	167.554040	21.341971	166.590476	20.257821	165.497325	19.128294	164.243687	17.952198	162.787961	16.728995	161.072984	15.459266	159.018148	14.145535	156.506851	12.793686	153.365396	11.415586	149.327430	10.034055	143.974258	8.692546	136.643424	7.473483	126.340080	6.526700	111.899216	6.081144	93.126828
645.562680	27.800397	171.623762	26.985473	171.092410	26.137297	170.514464	25.254214	169.882624	24.334489	169.187910	23.376323	168.419138	22.377888	167.562210	21.337363	166.599100	20.253008	165.506416	19.123266	164.253265	17.946944	162.798033	16.723504	161.083528	15.453526	159.029112	14.139532	156.518084	12.787406	153.376613	11.409017	149.338025	10.027199	143.983018	8.685442	136.647916	7.466277	126.335647	6.519788	111.878631	6.075292	93.085038
646.006350	27.797046	171.629678	26.981966	171.098646	26.133628	170.521044	25.250376	169.889564	24.330477	169.195234	23.372129	168.426869	22.373505	167.570368	21.332785	166.607713	20.248225	165.515496	19.118269	164.262832	17.941722	162.808097	16.718046	161.094069	15.447820	159.040074	14.133564	156.529321	12.781162	153.387841	11.402486	149.348647	10.020380	143.991825	8.678374	136.652486	7.459106	126.331337	6.512907	111.858221	6.069464	93.043481
646.449950	27.793708	171.635578	26.978470	171.104877	26.129971	170.527615	25.246552	169.896495	24.326477	169.202543	23.367949	168.434585	22.369137	167.578511	21.328222	166.616311	20.243457	165.524565	19.113287	164.272389	17.936518	162.818148	16.712607	161.104601	15.442134	159.051020	14.127616	156.540548	12.774938	153.399062	11.395975	149.359272	10.013581	144.000647	8.671328	136.657077	7.451955	126.327065	6.506044	111.837866	6.063653	93.002003
646.893370	27.790377	171.641467	26.974982	171.111100	26.126323	170.534175	25.242736	169.903413	24.322486	169.209840	23.363778	168.442287	22.364778	167.586640	21.323669	166.624891	20.238699	165.533621	19.108316	164.281932	17.931325	162.828185	16.707179	161.115118	15.436460	159.061948	14.121681	156.551763	12.768728	153.410270	11.389478	149.369886	10.006798	144.009463	8.664297	136.661665	7.444820	126.322793	6.499198	111.817509	6.057859	92.960534
647.336730	27.787048	171.647355	26.971497	171.117312	26.122677	170.540725	25.238923	169.910320	24.318499	169.217132	23.359611	168.449980	22.360424	167.594758	21.319119	166.633459	20.233946	165.542664	19.103351	164.291462	17.926136	162.838210	16.701756	161.125620	15.430790	159.072867	14.115751	156.562970	12.762524	153.421466	11.382987	149.380486	10.000021	144.018260	8.657272	136.666232	7.437694	126.318487	6.492361	111.797097	6.052076	92.919000
647.779970	27.783716	171.653240	26.968010	171.123512	26.119029	170.547265	25.235107	169.917217	24.314510	169.224416	23.355442	168.457662	22.356067	167.602866	21.314566	166.642013	20.229191	165.551692	19.098383	164.300977	17.920945	162.848219	16.696331	161.136101	15.425118	159.083768	14.109819	156.574156	12.756317	153.432637	11.376494	149.391055	9.993244	144.027016	8.650248	136.670747	7.430568	126.314103	6.485529	111.776569	6.046303	92.877325
648.223140	27.780376	171.659115	26.964515	171.129703	26.115371	170.553792	25.231283	169.924108	24.310513	169.231685	23.351263	168.465334	22.351701	167.610964	21.310003	166.650555	20.224425	165.560703	19.093405	164.310475	17.915744	162.858206	16.690896	161.146559	15.419435	159.094646	14.103876	156.585307	12.750100	153.443774	11.369992	149.401579	9.986458	144.035714	8.643216	136.675178	7.423437	126.309596	6.478696	111.755862	6.040536	92.835423
648.666200	27.777040	171.664978	26.961023	171.135883	26.111717	170.560310	25.227463	169.930992	24.306519	169.238939	23.347088	168.472994	22.347339	167.619050	21.305446	166.659087	20.219664	165.569700	19.088431	164.319959	17.910549	162.868176	16.685466	161.157001	15.413760	159.105506	14.097941	156.596434	12.743891	153.454892	11.363497	149.412084	9.979680	144.044393	8.636194	136.679586	7.416316	126.305059	6.471874	111.735112	6.034783	92.793469
649.109130	27.773733	171.670829	26.957561	171.142052	26.108096	170.566820	25.223675	169.937864	24.302559	169.246185	23.342949	168.480644	22.343013	167.627126	21.300928	166.667612	20.214943	165.578693	19.083500	164.329439	17.905396	162.878144	16.680081	161.167446	15.408131	159.116372	14.092053	156.607578	12.737731	153.466039	11.357053	149.422637	9.972951	144.053150	8.629219	136.684119	7.409239	126.300718	6.465090	111.714642	6.029057	92.751887
649.551940	27.770463	171.676669	26.954140	171.148210	26.104516	170.573324	25.219930	169.944720	24.298643	169.253425	23.338857	168.488284	22.338736	167.635191	21.296459	166.676131	20.210274	165.587685	19.078621	164.338917	17.900298	162.888114	16.674753	161.177897	15.402560	159.127250	14.086224	156.618752	12.731630	153.477228	11.350669	149.433258	9.966282	144.062016	8.622303	136.688823	7.402218	126.296641	6.458353	111.694548	6.023363	92.710799
649.994690	27.767199	171.682501	26.950725	171.154360	26.100944	170.579817	25.216193	169.951563	24.294736	169.260655	23.334773	168.495911	22.334468	167.643244	21.292000	166.684636	20.205615	165.596663	19.073753	164.348382	17.895210	162.898074	16.669437	161.188336	15.397001	159.138115	14.080408	156.629917	12.725543	153.488407	11.344299	149.443873	9.959628	144.070878	8.615402	136.693532	7.395212	126.292569	6.451631	111.674460	6.017683	92.669723
650.437320	27.763919	171.688327	26.947291	171.160504	26.097352	170.586294	25.212436	169.958395	24.290808	169.267869	23.330668	168.503521	22.330179	167.651283	21.287517	166.693122	20.200932	165.605615	19.068861	164.357821	17.890098	162.908007	16.664095	161.198742	15.391415	159.148942	14.074565	156.641038	12.719429	153.499531	11.337903	149.454415	9.952949	144.079639	8.608478	136.698103	7.388187	126.288282	6.444897	111.654061	6.012005	92.628252
650.879880	27.760629	171.694146	26.943847	171.166640	26.093749	170.592759	25.208669	169.965220	24.286869	169.275070	23.326551	168.511122	22.325878	167.659308	21.283022	166.701591	20.196236	165.614550	19.063956	164.367242	17.884975	162.917920	16.658740	161.209127	15.385816	159.159744	14.068710	156.652128	12.713303	153.510618	11.331494	149.464911	9.946259	144.088338	8.601544	136.702583	7.381154	126.283858	6.438162	111.633459	6.006333	92.586527
651.322270	27.757348	171.699954	26.940412	171.172765	26.090156	170.599217	25.204911	169.972038	24.282940	169.282260	23.322444	168.518716	22.321587	167.667319	21.278539	166.710048	20.191553	165.623477	19.059064	164.376650	17.879864	162.927821	16.653398	161.219505	15.380231	159.170537	14.062869	156.663208	12.707191	153.521699	11.325101	149.475403	9.939584	144.097040	8.594627	136.707064	7.374138	126.279446	6.431442	111.612871	6.000676	92.544833
651.764590	27.754082	171.705751	26.936995	171.178879	26.086579	170.605669	25.201170	169.978848	24.279030	169.289441	23.318357	168.526302	22.317315	167.675323	21.274077	166.718497	20.186893	165.632400	19.054194	164.386050	17.874776	162.937714	16.648080	161.229879	15.374672	159.181329	14.057055	156.674291	12.701107	153.532789	11.318735	149.485913	9.932937	144.105776	8.587737	136.711594	7.367147	126.275117	6.424745	111.592398	5.995038	92.503295
652.206790	27.750837	171.711536	26.933598	171.184981	26.083024	170.612111	25.197452	169.985644	24.275143	169.296610	23.314294	168.533872	22.313070	167.683321	21.269642	166.726939	20.182260	165.641313	19.049353	164.395445	17.869718	162.947601	16.642793	161.240241	15.369145	159.192118	14.051273	156.685374	12.695056	153.543887	11.312403	149.496443	9.926324	144.114552	8.580879	136.716198	7.360189	126.270903	6.418077	111.572092	5.989422	92.461975
652.648930	27.747607	171.717312	26.930217	171.191074	26.079486	170.618542	25.193753	169.992426	24.271275	169.303768	23.310251	168.541429	22.308845	167.691312	21.265228	166.735374	20.177647	165.650213	19.044535	164.404831	17.864684	162.957480	16.637531	161.250591	15.363643	159.202901	14.045517	156.696455	12.689032	153.554989	11.306099	149.506984	9.919738	144.123356	8.574049	136.720855	7.353256	126.266771	6.411432	111.551904	5.983825	92.420807
653.090940	27.744381	171.723079	26.926841	171.197160	26.075954	170.624962	25.190059	169.999195	24.267413	169.310919	23.306214	168.548977	22.304626	167.699286	21.260821	166.743797	20.173042	165.659099	19.039724	164.414204	17.859656	162.967346	16.632277	161.260931	15.358149	159.213671	14.039770	156.707522	12.683017	153.566077	11.299805	149.517515	9.913163	144.132147	8.567230	136.725499	7.346335	126.262621	6.404800	111.531689	5.978242	92.379613
653.532840	27.741156	171.728841	26.923465	171.203240	26.072422	170.631372	25.186365	170.005954	24.263551	169.318064	23.302177	168.556520	22.300407	167.707239	21.256414	166.752204	20.168438	165.667970	19.034914	164.423561	17.854631	162.977194	16.627023	161.271263	15.352657	159.224428	14.034025	156.718572	12.677005	153.577147	11.293512	149.528029	9.906591	144.140916	8.560415	136.730106	7.339419	126.258416	6.398175	111.511392	5.972670	92.338322
653.974610	27.737943	171.734594	26.920102	171.209308	26.068904	170.637770	25.182685	170.012704	24.259703	169.325197	23.298156	168.564052	22.296206	167.715181	21.252023	166.760596	20.163852	165.676829	19.030122	164.432904	17.849624	162.987030	16.621790	161.281588	15.347184	159.235176	14.028300	156.729620	12.671014	153.588215	11.287242	149.538549	9.900042	144.149701	8.553622	136.734747	7.332524	126.254263	6.391570	111.491169	5.967116	92.297136
654.416320	27.734751	171.740335	26.916761	171.215359	26.065410	170.644160	25.179030	170.019449	24.255882	169.332316	23.294162	168.571568	22.292032	167.723119	21.247662	166.768974	20.159295	165.685679	19.025361	164.442239	17.844648	162.996857	16.616590	161.291903	15.341747	159.245921	14.022611	156.740675	12.665059	153.599296	11.281009	149.549091	9.893529	144.158538	8.546866	136.739475	7.325664	126.250244	6.384994	111.471140	5.961583	92.256203
654.857910	27.731567	171.746067	26.913429	171.221399	26.061923	170.650538	25.175384	170.026185	24.252070	169.339421	23.290178	168.579070	22.287868	167.731048	21.243311	166.777340	20.154749	165.694516	19.020610	164.451562	17.839685	163.006671	16.611404	161.302202	15.336322	159.256652	14.016935	156.751717	12.659117	153.610367	11.274790	149.559624	9.887031	144.167369	8.540124	136.744208	7.318819	126.246236	6.378433	111.451124	5.956065	92.215296
655.299380	27.728373	171.751792	26.910085	171.227439	26.058424	170.656904	25.171725	170.032911	24.248245	169.346515	23.286179	168.586561	22.283690	167.738961	21.238947	166.785693	20.150189	165.703339	19.015845	164.460869	17.834706	163.016471	16.606201	161.312475	15.330882	159.267358	14.011244	156.762724	12.653159	153.621399	11.268555	149.570107	9.880519	144.176125	8.533370	136.748835	7.311964	126.242077	6.371868	111.430880	5.950551	92.174106
655.740720	27.725173	171.757509	26.906736	171.233474	26.054920	170.663260	25.168060	170.039624	24.244413	169.353600	23.282175	168.594043	22.279505	167.746858	21.234575	166.794036	20.145621	165.712147	19.011074	164.470161	17.829721	163.026255	16.600989	161.322729	15.325434	159.278043	14.005545	156.773702	12.647196	153.632403	11.262315	149.580556	9.874002	144.184831	8.526612	136.753392	7.305107	126.237814	6.365306	111.410484	5.945046	92.132728
656.182010	27.721988	171.763217	26.903402	171.239497	26.051433	170.669611	25.164412	170.046328	24.240598	169.360675	23.278189	168.601515	22.275340	167.754750	21.230223	166.802373	20.141075	165.720943	19.006326	164.479444	17.824758	163.036028	16.595802	161.332979	15.320011	159.288722	13.999872	156.784681	12.641259	153.643415	11.256101	149.591021	9.867511	144.193571	8.519880	136.758004	7.298274	126.233630	6.358765	111.390199	5.939560	92.091499
656.623170	27.718826	171.768914	26.900092	171.245503	26.047970	170.675954	25.160790	170.053021	24.236811	169.367738	23.274231	168.608975	22.271204	167.762635	21.225901	166.810703	20.136561	165.729728	19.001609	164.488715	17.819829	163.045789	16.590650	161.343226	15.314624	159.299399	13.994235	156.795669	12.635359	153.654443	11.249925	149.601517	9.861058	144.202370	8.513186	136.762711	7.291477	126.229584	6.352255	111.370119	5.934096	92.050541
657.064270	27.715674	171.774601	26.896794	171.251500	26.044518	170.682288	25.157181	170.059704	24.233037	169.374791	23.270287	168.616426	22.267083	167.770509	21.221594	166.819021	20.132062	165.738507	18.996908	164.497977	17.814917	163.055544	16.585516	161.353465	15.309255	159.310072	13.988618	156.806654	12.629479	153.665470	11.243769	149.612018	9.854625	144.211183	8.506511	136.767442	7.284700	126.225582	6.345764	111.350101	5.928648	92.009667
657.505250	27.712526	171.780277	26.893500	171.257491	26.041072	170.688611	25.153577	170.066377	24.229269	169.381832	23.266348	168.623865	22.262967	167.778367	21.217293	166.827325	20.127568	165.747279	18.992215	164.507226	17.810012	163.065292	16.580390	161.363690	15.303894	159.320734	13.983009	156.817623	12.623607	153.676479	11.237623	149.622506	9.848203	144.219978	8.499847	136.772153	7.277934	126.221564	6.339284	111.330057	5.923213	91.968768
657.946110	27.709389	171.785944	26.890216	171.263475	26.037637	170.694923	25.149984	170.073039	24.225514	169.388866	23.262423	168.631294	22.258864	167.786212	21.213007	166.835612	20.123089	165.756041	18.987536	164.516464	17.805123	163.075029	16.575279	161.373905	15.298549	159.331385	13.977417	156.828586	12.617753	153.687483	11.231494	149.632994	9.841799	144.228780	8.493202	136.776884	7.271186	126.217583	6.332822	111.310061	5.917794	91.927939
658.386840	27.706269	171.791603	26.886949	171.269448	26.034219	170.701224	25.146409	170.079690	24.221777	169.395892	23.258516	168.638713	22.254782	167.794046	21.208741	166.843883	20.118633	165.764787	18.982879	164.525692	17.800257	163.084750	16.570193	161.384113	15.293230	159.342026	13.971851	156.839548	12.611926	153.698489	11.225394	149.643497	9.835423	144.237611	8.486584	136.781671	7.264465	126.213686	6.326384	111.290186	5.912394	91.887271
658.827450	27.703157	171.797257	26.883691	171.275408	26.030810	170.707515	25.142844	170.086330	24.218050	169.402910	23.254619	168.646120	22.250710	167.801870	21.204487	166.852143	20.114188	165.773517	18.978234	164.534908	17.795403	163.094454	16.565119	161.394311	15.287924	159.352654	13.966299	156.850499	12.606113	153.709489	11.219308	149.653993	9.829062	144.246443	8.479981	136.786467	7.257759	126.209803	6.319961	111.270328	5.907009	91.846635
659.268010	27.700040	171.802904	26.880428	171.281359	26.027396	170.713795	25.139274	170.092961	24.214317	169.409914	23.250717	168.653512	22.246634	167.809685	21.200228	166.860399	20.109737	165.782233	18.973584	164.544108	17.790544	163.104145	16.560040	161.404491	15.282612	159.363267	13.960742	156.861426	12.600295	153.720465	11.213218	149.664455	9.822696	144.255235	8.473375	136.791198	7.251052	126.205825	6.313540	111.250335	5.901631	91.805829
659.708500	27.696920	171.808543	26.877163	171.287300	26.023980	170.720066	25.135701	170.099582	24.210581	169.416904	23.246813	168.660892	22.242554	167.817490	21.195965	166.868647	20.105284	165.790938	18.968931	164.553296	17.785682	163.113823	16.554957	161.414653	15.277298	159.373866	13.955181	156.872333	12.594475	153.731418	11.207125	149.674888	9.816329	144.263993	8.466769	136.795876	7.244345	126.201770	6.307123	111.230229	5.896262	91.764885
660.148800	27.693810	171.814172	26.873908	171.293234	26.020574	170.726329	25.132139	170.106190	24.206856	169.423881	23.242921	168.668261	22.238486	167.825277	21.191716	166.876881	20.100845	165.799628	18.964293	164.562473	17.780836	163.123491	16.549892	161.424799	15.272001	159.384452	13.949639	156.883230	12.588673	153.742362	11.201051	149.685322	9.809981	144.272757	8.460182	136.800577	7.237658	126.197748	6.300724	111.210168	5.890910	91.724013
660.589050	27.690716	171.819791	26.870669	171.299162	26.017186	170.732586	25.128596	170.112788	24.203153	169.430848	23.239049	168.675626	22.234440	167.833052	21.187488	166.885099	20.096429	165.808308	18.959679	164.571646	17.776015	163.133153	16.544852	161.434936	15.266731	159.395033	13.944124	156.894132	12.582899	153.753314	11.195006	149.695781	9.803662	144.281558	8.453624	136.805346	7.230997	126.193829	6.294348	111.190246	5.885576	91.683327
661.029170	27.687642	171.825398	26.867451	171.305080	26.013819	170.738833	25.125074	170.119379	24.199472	169.437808	23.235201	168.682982	22.230418	167.840817	21.183285	166.893305	20.092039	165.816981	18.955092	164.580807	17.771221	163.142806	16.539842	161.445069	15.261491	159.405608	13.938640	156.905035	12.577157	153.764277	11.188992	149.706261	9.797376	144.290397	8.447097	136.810183	7.224366	126.190020	6.287999	111.170486	5.880262	91.642855
661.469180	27.684583	171.830995	26.864251	171.310985	26.010471	170.745069	25.121572	170.125964	24.195810	169.444763	23.231373	168.690328	22.226418	167.848576	21.179105	166.901500	20.087670	165.825648	18.950528	164.589952	17.766451	163.152447	16.534856	161.455198	15.256276	159.416176	13.933183	156.915933	12.571442	153.775249	11.183007	149.716752	9.791118	144.299265	8.440599	136.815067	7.217762	126.186295	6.281674	111.150856	5.874967	91.602550
661.909120	27.681527	171.836584	26.861054	171.316882	26.007124	170.751294	25.118072	170.132539	24.192150	169.451707	23.227548	168.697660	22.222421	167.856326	21.174929	166.909687	20.083306	165.834304	18.945968	164.599083	17.761686	163.162076	16.529874	161.465318	15.251066	159.426731	13.927730	156.926817	12.565733	153.786207	11.177029	149.727226	9.784866	144.308115	8.434107	136.819929	7.211167	126.182539	6.275358	111.131179	5.869683	91.562192
662.348940	27.678462	171.842167	26.857845	171.322774	26.003768	170.757509	25.114561	170.139098	24.188479	169.458635	23.223712	168.704977	22.218412	167.864059	21.170740	166.917862	20.078929	165.842939	18.941395	164.608197	17.756908	163.171689	16.524878	161.475418	15.245842	159.437264	13.922264	156.937673	12.560010	153.797128	11.171036	149.737657	9.778602	144.316905	8.427605	136.824702	7.204563	126.178644	6.269039	111.111293	5.864405	91.521581
662.788640	27.675395	171.847742	26.854635	171.328657	26.000409	170.763714	25.111048	170.145644	24.184806	169.465550	23.219874	168.712281	22.214401	167.871779	21.166549	166.926026	20.074552	165.851558	18.936821	164.617300	17.752129	163.181287	16.519882	161.485499	15.240617	159.447781	13.916798	156.948511	12.554287	153.808024	11.165044	149.748062	9.772339	144.325663	8.421103	136.829435	7.197962	126.174685	6.262725	111.091308	5.859136	91.480854
663.228270	27.672344	171.853306	26.851441	171.334530	25.997068	170.769908	25.107554	170.152183	24.181152	169.472459	23.216055	168.719579	22.210410	167.879494	21.162380	166.934179	20.070196	165.860169	18.932270	164.626397	17.747372	163.190875	16.514911	161.495568	15.235418	159.458294	13.911358	156.959348	12.548591	153.818927	11.159078	149.758480	9.766103	144.334449	8.414629	136.834225	7.191386	126.170816	6.256434	111.071449	5.853885	91.440292
663.667790	27.669312	171.858859	26.848267	171.340391	25.993748	170.776092	25.104082	170.158718	24.177522	169.479362	23.212259	168.726870	22.206444	167.887202	21.158237	166.942322	20.065867	165.868775	18.927747	164.635486	17.742644	163.200453	16.509970	161.505628	15.230249	159.468805	13.905948	156.970188	12.542926	153.829841	11.153145	149.768917	9.759899	144.343277	8.408187	136.839086	7.184841	126.167065	6.250170	111.051761	5.848654	91.399955
664.107180	27.666290	171.864404	26.845104	171.346246	25.990438	170.782268	25.100621	170.165241	24.173903	169.486252	23.208475	168.734151	22.202491	167.894896	21.154106	166.950454	20.061551	165.877371	18.923237	164.644562	17.737931	163.210020	16.505044	161.515681	15.225096	159.479306	13.900555	156.981019	12.537278	153.840748	11.147229	149.779356	9.753712	144.352115	8.401762	136.843960	7.178312	126.163343	6.243922	111.032115	5.843438	91.359678
664.546450	27.663269	171.869944	26.841942	171.352096	25.987130	170.788438	25.097162	170.171752	24.170287	169.493126	23.204696	168.741421	22.198542	167.902574	21.149978	166.958576	20.057239	165.885955	18.918732	164.653621	17.733222	163.219576	16.500122	161.525726	15.219948	159.489793	13.895167	156.991834	12.531636	153.851636	11.141320	149.789782	9.747533	144.360941	8.395345	136.848811	7.171792	126.159589	6.237683	111.012424	5.838233	91.319353
664.985660	27.660252	171.875476	26.838785	171.357934	25.983827	170.794599	25.093707	170.178255	24.166675	169.499990	23.200921	168.748680	22.194597	167.910242	21.145855	166.966684	20.052932	165.894526	18.914232	164.662669	17.728520	163.229120	16.495205	161.535760	15.214807	159.500268	13.889786	157.002638	12.526001	153.862514	11.135419	149.800197	9.741361	144.369753	8.388936	136.853648	7.165280	126.155816	6.231454	110.992702	5.833039	91.278997
665.424740	27.657243	171.880995	26.835635	171.363754	25.980531	170.800749	25.090259	170.184753	24.163070	169.506848	23.197154	168.755930	22.190660	167.917905	21.141743	166.974777	20.048635	165.903082	18.909741	164.671705	17.723829	163.238646	16.490299	161.545775	15.209676	159.510732	13.884416	157.013435	12.520378	153.873387	11.129530	149.810600	9.735203	144.378556	8.382541	136.858488	7.158783	126.152046	6.225239	110.972984	5.827859	91.238656
665.863710	27.654244	171.886505	26.832494	171.369564	25.977246	170.806888	25.086822	170.191241	24.159477	169.513698	23.193399	168.763167	22.186735	167.925559	21.137643	166.982859	20.044351	165.911625	18.905265	164.680732	17.719152	163.248161	16.485409	161.555779	15.204561	159.521185	13.879064	157.024224	12.514773	153.884259	11.123659	149.821002	9.729064	144.387366	8.376164	136.863350	7.152304	126.148310	6.219042	110.953316	5.822694	91.198386
666.302610	27.651256	171.892008	26.829367	171.375373	25.973974	170.813016	25.083400	170.197714	24.155900	169.520538	23.189659	168.770389	22.182827	167.933199	21.133561	166.990935	20.040084	165.920159	18.900807	164.689750	17.714493	163.257670	16.480538	161.565778	15.199467	159.531630	13.873732	157.035006	12.509189	153.895128	11.117810	149.831415	9.722947	144.396199	8.369809	136.868251	7.145846	126.144638	6.212863	110.933736	5.817546	91.158232
666.741390	27.648274	171.897505	26.826247	171.381179	25.970708	170.819135	25.079986	170.204173	24.152331	169.527366	23.185928	168.777599	22.178928	167.940824	21.129487	166.999004	20.035827	165.928682	18.896360	164.698755	17.709844	163.267171	16.475679	161.575769	15.194384	159.542062	13.868412	157.045773	12.503618	153.905983	11.111974	149.841823	9.716843	144.405031	8.363468	136.873156	7.139401	126.140975	6.206698	110.914166	5.812410	91.118101
667.180050	27.645288	171.902995	26.823122	171.386976	25.967439	170.825247	25.076568	170.210625	24.148756	169.534185	23.182192	168.784801	22.175024	167.948437	21.125407	167.007058	20.031565	165.937193	18.891907	164.707743	17.705190	163.276658	16.470815	161.585740	15.189296	159.552475	13.863088	157.056515	12.498041	153.916808	11.106133	149.852201	9.710734	144.413814	8.357124	136.878000	7.132955	126.137222	6.200535	110.894459	5.807283	91.077807
667.618590	27.642301	171.908477	26.819994	171.392759	25.964168	170.831352	25.073147	170.217071	24.145179	169.540993	23.178454	168.791996	22.171117	167.956040	21.121324	167.015096	20.027301	165.945693	18.887451	164.716717	17.700535	163.286129	16.465948	161.595690	15.184206	159.562873	13.857761	157.067238	12.492463	153.927609	11.100291	149.862552	9.704624	144.422558	8.350779	136.882795	7.126510	126.133395	6.194376	110.874643	5.802164	91.037385
668.057070	27.639330	171.913951	26.816884	171.398532	25.960914	170.837448	25.069744	170.223509	24.141621	169.547790	23.174735	168.799183	22.167230	167.963634	21.117264	167.023123	20.023059	165.954184	18.883018	164.725686	17.695902	163.295587	16.461105	161.605634	15.179141	159.573268	13.852461	157.077966	12.486912	153.938421	11.094476	149.872919	9.698542	144.431339	8.344462	136.887648	7.120091	126.129660	6.188240	110.854961	5.797063	90.997140
668.495420	27.636385	171.919414	26.813802	171.404296	25.957690	170.843531	25.066371	170.229935	24.138095	169.554575	23.171049	168.806358	22.163378	167.971217	21.113239	167.031140	20.018854	165.962664	18.878625	164.734653	17.691309	163.305035	16.456304	161.615577	15.174119	159.583667	13.847203	157.088710	12.481405	153.949262	11.088706	149.883324	9.692505	144.440199	8.338189	136.892616	7.113713	126.126112	6.182139	110.835558	5.791986	90.957254
668.933650	27.633453	171.924865	26.810735	171.410049	25.954479	170.849606	25.063013	170.236350	24.134584	169.561352	23.167378	168.813522	22.159543	167.978789	21.109232	167.039147	20.014666	165.971131	18.874250	164.743610	17.686736	163.314474	16.451522	161.625511	15.169117	159.594056	13.841967	157.099450	12.475920	153.960106	11.082958	149.893735	9.686491	144.449081	8.331938	136.897621	7.107358	126.122626	6.176058	110.816247	5.786925	90.917491
669.371830	27.630518	171.930307	26.807663	171.415792	25.951265	170.855675	25.059651	170.242754	24.131069	169.568125	23.163704	168.820676	22.155704	167.986352	21.105220	167.047145	20.010475	165.979583	18.869870	164.752548	17.682158	163.323909	16.446737	161.635428	15.164112	159.604424	13.836727	157.110167	12.470431	153.970925	11.077208	149.904118	9.680475	144.457927	8.325686	136.902578	7.101002	126.119064	6.169980	110.796820	5.781871	90.877587
669.809880	27.627582	171.935739	26.804590	171.421525	25.948050	170.861737	25.056289	170.249149	24.127553	169.574888	23.160030	168.827819	22.151866	167.993902	21.101209	167.055131	20.006283	165.988023	18.865490	164.761467	17.677581	163.333333	16.441952	161.645331	15.159107	159.614773	13.831488	157.120864	12.464944	153.981720	11.071458	149.914479	9.674461	144.466741	8.319437	136.907499	7.094650	126.115449	6.163907	110.777310	5.776826	90.837589
670.247800	27.624655	171.941164	26.801527	171.427250	25.944845	170.867788	25.052936	170.255537	24.124048	169.581637	23.156367	168.834952	22.148037	168.001443	21.097208	167.063105	20.002104	165.996455	18.861123	164.770375	17.673018	163.342736	16.437180	161.655228	15.154116	159.625114	13.826264	157.131552	12.459472	153.992509	11.065725	149.924840	9.668462	144.475557	8.313204	136.912434	7.088314	126.111859	6.157850	110.757833	5.771797	90.797647
670.685670	27.621738	171.946583	26.798474	171.432970	25.941651	170.873828	25.049595	170.261919	24.120556	169.588371	23.152717	168.842075	22.144221	168.008973	21.093221	167.071069	19.997938	166.004882	18.856770	164.779276	17.668469	163.352123	16.432424	161.665119	15.149141	159.635451	13.821057	157.142237	12.454018	154.003295	11.060010	149.935204	9.662482	144.484385	8.306988	136.917395	7.081995	126.108309	6.151809	110.738414	5.766781	90.757785
671.123410	27.618828	171.951995	26.795428	171.438683	25.938464	170.879858	25.046262	170.268290	24.117071	169.595097	23.149075	168.849187	22.140414	168.016493	21.089243	167.079024	19.993782	166.013296	18.852427	164.788165	17.663930	163.361499	16.427679	161.674992	15.144177	159.645779	13.815862	157.152910	12.448575	154.014068	11.054307	149.945561	9.656515	144.493210	8.300786	136.922357	7.075690	126.104766	6.145782	110.719006	5.761779	90.717944
671.561040	27.615923	171.957399	26.792386	171.444389	25.935282	170.885878	25.042935	170.274650	24.113592	169.601817	23.145437	168.856289	22.136614	168.024002	21.085272	167.086968	19.989633	166.021693	18.848092	164.797043	17.659399	163.370872	16.422942	161.684844	15.139222	159.656093	13.810675	157.163570	12.443142	154.024826	11.048613	149.955905	9.650557	144.502024	8.294596	136.927310	7.069397	126.101213	6.139765	110.699585	5.756788	90.678090
671.998540	27.613024	171.962796	26.789351	171.450085	25.932107	170.891887	25.039615	170.281000	24.110121	169.608529	23.141808	168.863379	22.132822	168.031500	21.081310	167.094899	19.985493	166.030078	18.843766	164.805909	17.654878	163.380233	16.418216	161.694684	15.134277	159.666394	13.805499	157.174219	12.437720	154.035578	11.042932	149.966243	9.644613	144.510835	8.288418	136.932264	7.063116	126.097668	6.133762	110.680172	5.751811	90.638256
672.435970	27.610131	171.968187	26.786324	171.455770	25.928940	170.897885	25.036302	170.287340	24.106657	169.615230	23.138188	168.870460	22.129039	168.038988	21.077358	167.102814	19.981363	166.038453	18.839451	164.814767	17.650369	163.389578	16.413501	161.704522	15.129345	159.676680	13.800336	157.184860	12.432311	154.046332	11.037264	149.976583	9.638682	144.519647	8.282252	136.937229	7.056848	126.094139	6.127772	110.660775	5.746845	90.598455
672.873290	27.607242	171.973570	26.783301	171.461445	25.925777	170.903875	25.032993	170.293670	24.103198	169.621919	23.134572	168.877531	22.125261	168.046465	21.073410	167.110718	19.977239	166.046818	18.835142	164.823612	17.645865	163.398909	16.408792	161.714349	15.124419	159.686952	13.795179	157.195487	12.426909	154.057073	11.031604	149.986911	9.632759	144.528446	8.276096	136.942177	7.050589	126.090592	6.121793	110.641348	5.741892	90.558626
673.310490	27.604353	171.978942	26.780277	171.467115	25.922613	170.909857	25.029684	170.299988	24.099739	169.628599	23.130956	168.884591	22.121482	168.053932	21.069462	167.118616	19.973115	166.055172	18.830832	164.832440	17.641361	163.408229	16.404083	161.724159	15.119494	159.697210	13.790023	157.206094	12.421509	154.067786	11.025946	149.997212	9.626839	144.537216	8.269942	136.947085	7.044334	126.086992	6.115819	110.621842	5.736948	90.518701
673.747620	27.601470	171.984304	26.777258	171.472778	25.919456	170.915833	25.026382	170.306297	24.096287	169.635268	23.127348	168.891640	22.117712	168.061388	21.065523	167.126507	19.968999	166.063516	18.826531	164.841256	17.636867	163.417540	16.399384	161.733955	15.114579	159.707460	13.784879	157.216690	12.416120	154.078486	11.020300	150.007505	9.620930	144.545986	8.263801	136.951996	7.038093	126.083400	6.109858	110.602348	5.732017	90.478796
674.184630	27.598606	171.989656	26.774261	171.478431	25.916319	170.921802	25.023103	170.312599	24.092858	169.641926	23.123764	168.898678	22.113966	168.068834	21.061609	167.134384	19.964909	166.071848	18.822258	164.850065	17.632400	163.426843	16.394715	161.743746	15.109695	159.717710	13.779765	157.227287	12.410764	154.089203	11.014686	150.017821	9.615054	144.554807	8.257693	136.956989	7.031881	126.079930	6.103923	110.583036	5.727104	90.439131
674.621520	27.595764	171.994997	26.771285	171.484073	25.913205	170.927764	25.019846	170.318894	24.089452	169.648573	23.120205	168.905706	22.110247	168.076269	21.057722	167.142245	19.960848	166.080170	18.818013	164.858868	17.627963	163.436137	16.390076	161.753535	15.104842	159.727959	13.774685	157.237889	12.405440	154.099941	11.009105	150.028164	9.609211	144.563680	8.251617	136.962070	7.025701	126.076591	6.098015	110.563916	5.722210	90.399723
675.058290	27.592927	172.000330	26.768316	171.489704	25.910098	170.933716	25.016597	170.325179	24.086054	169.655213	23.116654	168.912726	22.106535	168.083693	21.053843	167.150096	19.956795	166.088481	18.813779	164.867658	17.623537	163.445422	16.385448	161.763313	15.100001	159.738197	13.769615	157.248483	12.400128	154.110668	11.003537	150.038504	9.603382	144.572546	8.245555	136.967151	7.019533	126.073259	6.092119	110.544806	5.717328	90.360336
675.495000	27.590087	172.005657	26.765343	171.495325	25.906988	170.939658	25.013344	170.331455	24.082653	169.661849	23.113099	168.919741	22.102820	168.091107	21.049962	167.157941	19.952738	166.096783	18.809541	164.876433	17.619108	163.454697	16.380817	161.773075	15.095156	159.748419	13.764542	157.259065	12.394813	154.121362	10.997966	150.048819	9.597551	144.581367	8.239491	136.972175	7.013365	126.069851	6.086226	110.525579	5.712454	90.320811
675.931580	27.587249	172.010977	26.762373	171.500937	25.903881	170.945589	25.010094	170.337718	24.079256	169.668473	23.109548	168.926745	22.099109	168.098511	21.046086	167.165779	19.948687	166.105071	18.805308	164.885194	17.614683	163.463958	16.376191	161.782821	15.090316	159.758624	13.759476	157.269631	12.389505	154.132040	10.992402	150.059117	9.591727	144.590172	8.233435	136.977180	7.007206	126.066422	6.080343	110.506319	5.707592	90.281250
676.368040	27.584421	172.016289	26.759413	171.506542	25.900784	170.951511	25.006856	170.343971	24.075870	169.675081	23.106008	168.933732	22.095410	168.105903	21.042222	167.173607	19.944650	166.113343	18.801090	164.893943	17.610274	163.473203	16.371581	161.792557	15.085493	159.768819	13.754426	157.280185	12.384213	154.142718	10.986856	150.069409	9.585921	144.598995	8.227397	136.982212	7.001065	126.063036	6.074477	110.487121	5.702744	90.241775
676.804440	27.581603	172.021596	26.756465	171.512141	25.897698	170.957422	25.003629	170.350216	24.072497	169.681677	23.102481	168.940708	22.091724	168.113287	21.038371	167.181422	19.940628	166.121605	18.796885	164.902685	17.605879	163.482437	16.366986	161.802284	15.080684	159.779006	13.749393	157.290731	12.378939	154.153401	10.981327	150.079704	9.580133	144.607836	8.221376	136.987274	6.994941	126.059695	6.068626	110.467985	5.697909	90.202384
677.240720	27.578794	172.026895	26.753524	171.517733	25.894621	170.963321	25.000411	170.356453	24.069133	169.688267	23.098964	168.947677	22.088049	168.120658	21.034529	167.189224	19.936615	166.129860	18.792691	164.911421	17.601497	163.491660	16.362404	161.812001	15.075890	159.789183	13.744374	157.301271	12.373679	154.164079	10.975813	150.090004	9.574358	144.616680	8.215371	136.992348	6.988831	126.056372	6.062790	110.448877	5.693087	90.163038
677.676880	27.575989	172.032187	26.750587	171.523319	25.891549	170.969211	24.997197	170.362683	24.065773	169.694850	23.095453	168.954640	22.084380	168.128019	21.030694	167.197012	19.932607	166.138108	18.788504	164.920149	17.597122	163.500873	16.357829	161.821706	15.071103	159.799348	13.739362	157.311802	12.368427	154.174744	10.970307	150.100298	9.568594	144.625510	8.209375	136.997412	6.982732	126.053034	6.056963	110.429748	5.688277	90.123678
678.112980	27.573183	172.037469	26.747650	171.528895	25.888477	170.975097	24.993983	170.368905	24.062413	169.701424	23.091942	168.961594	22.080710	168.135374	21.026859	167.204788	19.928599	166.146343	18.784317	164.928860	17.592746	163.510072	16.353253	161.831397	15.066317	159.809498	13.734350	157.322317	12.363176	154.185386	10.964803	150.110567	9.562831	144.634310	8.203382	137.002443	6.976636	126.049644	6.051142	110.410540	5.683476	90.084226
678.548950	27.570376	172.042740	26.744713	171.534459	25.885404	170.980982	24.990770	170.375116	24.059052	169.707985	23.088430	168.968536	22.077040	168.142722	21.023025	167.212553	19.924593	166.154561	18.780129	164.937551	17.588370	163.519255	16.348678	161.841073	15.061531	159.819631	13.729340	157.332811	12.357927	154.196003	10.959300	150.120803	9.557070	144.643081	8.197391	137.007439	6.970543	126.046202	6.045328	110.391252	5.678684	90.044686
678.984800	27.567577	172.048004	26.741784	171.540013	25.882340	170.986856	24.987565	170.381315	24.055701	169.714539	23.084927	168.975466	22.073379	168.150058	21.019201	167.220311	19.920597	166.162769	18.775953	164.946230	17.584005	163.528428	16.344115	161.850737	15.056757	159.829756	13.724342	157.343293	12.352691	154.206615	10.953811	150.131036	9.551324	144.651854	8.191415	137.012444	6.964466	126.042782	6.039528	110.371993	5.673904	90.005190
679.420530	27.564793	172.053261	26.738869	171.545561	25.879290	170.992714	24.984375	170.387503	24.052366	169.721087	23.081441	168.982387	22.069737	168.157380	21.015395	167.228063	19.916621	166.170972	18.771799	164.954905	17.579662	163.537594	16.339574	161.860394	15.052006	159.839879	13.719368	157.353770	12.347479	154.217237	10.948347	150.141291	9.545602	144.660661	8.185463	137.017496	6.958411	126.039446	6.033748	110.352855	5.669141	89.965854
679.856200	27.562021	172.058511	26.735968	171.551104	25.876254	170.998560	24.981200	170.393682	24.049046	169.727626	23.077971	168.989298	22.066111	168.164689	21.011605	167.235805	19.912662	166.179168	18.767662	164.963572	17.575338	163.546753	16.335052	161.870046	15.047275	159.849996	13.714415	157.364248	12.342287	154.227863	10.942904	150.151562	9.539903	144.669492	8.179533	137.022590	6.952377	126.036179	6.027986	110.333816	5.664392	89.926650
680.291750	27.559258	172.063750	26.733076	171.556642	25.873228	171.004399	24.978036	170.399856	24.045738	169.734151	23.074513	168.996199	22.062497	168.171986	21.007828	167.243532	19.908716	166.187347	18.763539	164.972227	17.571029	163.555899	16.330545	161.879689	15.042560	159.860099	13.709477	157.374723	12.337113	154.238479	10.937478	150.161831	9.534220	144.678329	8.173620	137.027706	6.946360	126.032949	6.022240	110.314834	5.659657	89.887526
680.727170	27.556504	172.068978	26.730193	171.562170	25.870212	171.010232	24.974883	170.406023	24.042440	169.740661	23.071066	169.003089	22.058895	168.179274	21.004065	167.251244	19.904783	166.195511	18.759429	164.980869	17.566733	163.565034	16.326053	161.889322	15.037861	159.870189	13.704555	157.385194	12.331955	154.249087	10.932070	150.172095	9.528554	144.687171	8.167724	137.032841	6.940359	126.029751	6.016510	110.295903	5.654935	89.848476
681.162540	27.553760	172.074199	26.727321	171.567685	25.867207	171.016060	24.971740	170.412179	24.039155	169.747163	23.067632	169.009968	22.055306	168.186556	21.000314	167.258949	19.900864	166.203668	18.755334	164.989507	17.562453	163.574163	16.321577	161.898948	15.033177	159.880278	13.699650	157.395661	12.326814	154.259701	10.926678	150.182362	9.522907	144.696028	8.161847	137.038003	6.934376	126.026601	6.010795	110.277039	5.650227	89.809518
681.597780	27.551027	172.079414	26.724459	171.573184	25.864213	171.021880	24.968607	170.418324	24.035881	169.753659	23.064210	169.016837	22.051729	168.193832	20.996577	167.266648	19.896958	166.211820	18.751252	164.998139	17.558186	163.583284	16.317116	161.908561	15.028508	159.890363	13.694761	157.406117	12.321689	154.270317	10.921304	150.192631	9.517276	144.704896	8.155986	137.043185	6.928410	126.023492	6.005096	110.258233	5.645531	89.770639
682.032900	27.548298	172.084623	26.721603	171.578677	25.861224	171.027691	24.965481	170.424460	24.032613	169.760150	23.060794	169.023697	22.048159	168.201095	20.992846	167.274339	19.893059	166.219960	18.747178	165.006755	17.553927	163.592393	16.312663	161.918160	15.023848	159.900434	13.689881	157.416560	12.316573	154.280922	10.915940	150.202894	9.511656	144.713759	8.150136	137.048365	6.922455	126.020378	5.999408	110.239421	5.640847	89.731761
682.467900	27.545569	172.089825	26.718748	171.584169	25.858237	171.033491	24.962357	170.430590	24.029346	169.766633	23.057379	169.030550	22.044591	168.208342	20.989118	167.282019	19.889163	166.228084	18.743107	165.015349	17.549672	163.601488	16.308213	161.927744	15.019191	159.910483	13.685005	157.426988	12.311462	154.291504	10.910579	150.213144	9.506041	144.722601	8.144291	137.053526	6.916505	126.017229	5.993727	110.220555	5.636174	89.692825
682.902830	27.542843	172.095017	26.715895	171.589656	25.855252	171.039281	24.959235	170.436713	24.026081	169.773107	23.053967	169.037396	22.041024	168.215578	20.985392	167.289686	19.885270	166.236196	18.739039	165.023931	17.545420	163.610568	16.303766	161.937316	15.014539	159.920519	13.680133	157.437403	12.306355	154.302069	10.905224	150.223378	9.500431	144.731427	8.138452	137.058667	6.910562	126.014049	5.988054	110.201641	5.631510	89.653840
683.337650	27.540120	172.100198	26.713045	171.595132	25.852271	171.045060	24.956117	170.442826	24.022821	169.779565	23.050559	169.044233	22.037463	168.222808	20.981671	167.297339	19.881382	166.244297	18.734976	165.032508	17.541172	163.619634	16.299324	161.946878	15.009892	159.930547	13.675267	157.447804	12.301255	154.312623	10.899875	150.233591	9.494828	144.740242	8.132620	137.063792	6.904627	126.010852	5.982391	110.182698	5.626856	89.614834
683.772340	27.537400	172.105370	26.710196	171.600596	25.849292	171.050829	24.953000	170.448927	24.019564	169.786010	23.047154	169.051057	22.033904	168.230030	20.977952	167.304978	19.877497	166.252388	18.730915	165.041079	17.536927	163.628686	16.294887	161.956429	15.005249	159.940563	13.670405	157.458190	12.296160	154.323162	10.894532	150.243784	9.489231	144.749037	8.126795	137.068891	6.898700	126.007624	5.976736	110.163709	5.622213	89.575783
684.206970	27.534679	172.110540	26.707347	171.606054	25.846311	171.056591	24.949884	170.455017	24.016305	169.792449	23.043747	169.057867	22.030345	168.237244	20.974232	167.312607	19.873611	166.260469	18.726854	165.049636	17.532683	163.637727	16.290448	161.965966	15.000606	159.950558	13.665543	157.468558	12.291065	154.333679	10.889189	150.253958	9.483635	144.757801	8.120972	137.073955	6.892775	126.004344	5.971086	110.144641	5.617578	89.536632
684.641480	27.531959	172.115707	26.704502	171.611505	25.843334	171.062347	24.946771	170.461097	24.013049	169.798882	23.040345	169.064663	22.026790	168.244445	20.970517	167.320226	19.869729	166.268538	18.722798	165.058177	17.528445	163.646758	16.286016	161.975487	14.995969	159.960534	13.660687	157.478913	12.285976	154.344177	10.883853	150.264124	9.478047	144.766549	8.115156	137.079005	6.886858	126.001045	5.965445	110.125546	5.612953	89.497451
685.075870	27.529253	172.120865	26.701671	171.616947	25.840371	171.068097	24.943672	170.467170	24.009810	169.805305	23.036958	169.071453	22.023253	168.251636	20.966820	167.327837	19.865866	166.276600	18.718762	165.066705	17.524226	163.655781	16.281605	161.984998	14.991353	159.970508	13.655854	157.489266	12.280910	154.354680	10.878540	150.274301	9.472481	144.775325	8.109364	137.084102	6.880963	125.997822	5.959824	110.106561	5.608344	89.458419
685.510190	27.526566	172.126011	26.698859	171.622378	25.837429	171.073840	24.940595	170.473238	24.006592	169.811716	23.033595	169.078243	22.019738	168.258818	20.963148	167.335441	19.862029	166.284657	18.714752	165.075223	17.520034	163.664798	16.277222	161.994503	14.986766	159.980490	13.651051	157.499625	12.275875	154.365201	10.873259	150.284502	9.466947	144.784154	8.103602	137.089279	6.875097	125.994725	5.954226	110.087758	5.603752	89.419631
685.944340	27.523892	172.131147	26.696060	171.627799	25.834501	171.079573	24.937532	170.479296	24.003391	169.818118	23.030249	169.085024	22.016241	168.265988	20.959494	167.343036	19.858210	166.292702	18.710762	165.083733	17.515861	163.673803	16.272860	162.004001	14.982201	159.990467	13.646269	157.509980	12.270862	154.375726	10.868000	150.294712	9.461436	144.793009	8.097864	137.094499	6.869253	125.991704	5.948648	110.069067	5.599174	89.380995
686.378480	27.521224	172.136279	26.693267	171.633215	25.831578	171.085296	24.934475	170.485345	24.000195	169.824518	23.026910	169.091790	22.012750	168.273149	20.955846	167.350623	19.854399	166.300733	18.706778	165.092239	17.511697	163.682795	16.268505	162.013496	14.977643	160.000429	13.641496	157.520326	12.265858	154.386245	10.862751	150.304920	9.455934	144.801859	8.092135	137.099722	6.863419	125.988689	5.943080	110.050385	5.594606	89.342372
686.812440	27.518557	172.141404	26.690476	171.638625	25.828658	171.091008	24.931420	170.491382	23.997001	169.830907	23.023571	169.098541	22.009260	168.280299	20.952200	167.358196	19.850590	166.308748	18.702797	165.100733	17.507537	163.691772	16.264152	162.022977	14.973089	160.010372	13.636727	157.530653	12.260858	154.396744	10.857506	150.315109	9.450438	144.810682	8.086411	137.104916	6.857591	125.985635	5.937520	110.031648	5.590048	89.303688
687.246340	27.515886	172.146518	26.687680	171.644028	25.825733	171.096714	24.928362	170.497408	23.993803	169.837281	23.020229	169.105282	22.005767	168.287439	20.948550	167.365755	19.846776	166.316755	18.698812	165.109214	17.503372	163.700737	16.259797	162.032437	14.968532	160.020298	13.631954	157.540958	12.255855	154.407221	10.852258	150.325268	9.444938	144.819466	8.080686	137.110062	6.851763	125.982502	5.931962	110.012794	5.585498	89.264868
687.680110	27.513218	172.151621	26.684888	171.649424	25.822812	171.102414	24.925307	170.503425	23.990609	169.843640	23.016889	169.112013	22.002278	168.294568	20.944903	167.373300	19.842966	166.324752	18.694831	165.117679	17.499211	163.709692	16.255446	162.041880	14.963980	160.030211	13.627186	157.551248	12.250858	154.417682	10.847016	150.335408	9.439446	144.828232	8.074968	137.115188	6.845943	125.979342	5.926414	109.993900	5.580959	89.226011
688.113770	27.510565	172.156716	26.682111	171.654809	25.819907	171.108105	24.922268	170.509434	23.987433	169.849996	23.013568	169.118738	21.998808	168.301686	20.941278	167.380837	19.839177	166.332737	18.690872	165.126135	17.495072	163.718640	16.251119	162.051321	14.959451	160.040121	13.622443	157.561539	12.245886	154.428147	10.841800	150.345564	9.433979	144.837032	8.069275	137.120373	6.840146	125.976278	5.920886	109.975144	5.576435	89.187339
688.547300	27.507933	172.161805	26.679356	171.660183	25.817024	171.113785	24.919252	170.515436	23.984280	169.856350	23.010273	169.125456	21.995363	168.308793	20.937679	167.388368	19.835416	166.340710	18.686941	165.134585	17.490963	163.727580	16.246821	162.060765	14.954954	160.050033	13.617732	157.571840	12.240946	154.438626	10.836617	150.355749	9.428547	144.845884	8.063615	137.125645	6.834381	125.973358	5.915384	109.956597	5.571928	89.148942
688.980770	27.505310	172.166889	26.676611	171.665549	25.814151	171.119454	24.916248	170.521432	23.981138	169.862695	23.006990	169.132165	21.991931	168.315893	20.934094	167.395891	19.831669	166.348677	18.683024	165.143028	17.486869	163.736512	16.242538	162.070200	14.950473	160.059940	13.613037	157.582139	12.236023	154.449105	10.831452	150.365942	9.423132	144.854755	8.057972	137.130945	6.828632	125.970488	5.909897	109.938122	5.567433	89.110640
689.414180	27.502688	172.171965	26.673865	171.670909	25.811279	171.125111	24.913245	170.527422	23.977997	169.869024	23.003707	169.138862	21.988500	168.322988	20.930509	167.403404	19.827922	166.356638	18.679108	165.151461	17.482776	163.745434	16.238257	162.079614	14.945993	160.069836	13.608344	157.592426	12.231102	154.459571	10.826289	150.376119	9.417719	144.863606	8.052333	137.136216	6.822887	125.967575	5.904416	109.919588	5.562947	89.072265
689.847410	27.500066	172.177034	26.671120	171.676262	25.808407	171.130761	24.910242	170.533402	23.974857	169.875340	23.000424	169.145549	21.985070	168.330073	20.926924	167.410904	19.824176	166.364588	18.675193	165.159880	17.478684	163.754342	16.233978	162.089009	14.941514	160.079715	13.603653	157.602695	12.226184	154.470018	10.821129	150.386274	9.412309	144.872431	8.046698	137.141455	6.817147	125.964613	5.898941	109.900984	5.558471	89.033815
690.280580	27.497444	172.182097	26.668376	171.681609	25.805537	171.136411	24.907239	170.539374	23.971718	169.881650	22.997143	169.152231	21.981641	168.337143	20.923340	167.418395	19.820432	166.372526	18.671281	165.168285	17.474594	163.763237	16.229701	162.098395	14.937038	160.089578	13.598965	157.612948	12.221269	154.480448	10.815972	150.396412	9.406903	144.881235	8.041067	137.146675	6.811412	125.961621	5.893473	109.882326	5.554003	88.995308
690.713620	27.494825	172.187152	26.665635	171.686948	25.802669	171.142055	24.904240	170.545335	23.968583	169.887955	22.993865	169.158907	21.978215	168.344199	20.919762	167.425875	19.816693	166.380448	18.667373	165.176676	17.470509	163.772118	16.225429	162.107772	14.932568	160.099423	13.594282	157.623183	12.216360	154.490862	10.810822	150.406534	9.401505	144.890022	8.035443	137.151882	6.805685	125.958611	5.888014	109.863633	5.549545	88.956773
691.146550	27.492210	172.192198	26.662898	171.692278	25.799805	171.147686	24.901245	170.551284	23.965452	169.894249	22.990592	169.165568	21.974795	168.351248	20.916188	167.433344	19.812958	166.388358	18.663471	165.185055	17.466430	163.780985	16.221164	162.117137	14.928104	160.109253	13.589607	157.633402	12.211459	154.501261	10.805679	150.416644	9.396114	144.898799	8.029828	137.157077	6.799967	125.955588	5.882564	109.844922	5.545098	88.918223
691.579410	27.489601	172.197233	26.660168	171.697597	25.796949	171.153302	24.898258	170.557223	23.962328	169.900533	22.987328	169.172215	21.971383	168.358291	20.912623	167.440804	19.809233	166.396259	18.659578	165.193425	17.462360	163.789843	16.216908	162.126490	14.923650	160.119074	13.584943	157.643610	12.206569	154.511653	10.800548	150.426751	9.390736	144.907579	8.024226	137.162277	6.794261	125.952580	5.877127	109.826237	5.540662	88.879708
692.012150	27.487005	172.202259	26.657452	171.702908	25.794106	171.158909	24.895286	170.563154	23.959220	169.906807	22.984080	169.178851	21.967989	168.365325	20.909075	167.448253	19.805526	166.404153	18.655705	165.201788	17.458311	163.798696	16.212672	162.135836	14.919218	160.128892	13.580301	157.653821	12.201701	154.522051	10.795440	150.436868	9.385380	144.916386	8.018646	137.167522	6.788577	125.949649	5.871708	109.807670	5.536240	88.841348
692.444760	27.484427	172.207279	26.654752	171.708212	25.791282	171.164516	24.892333	170.569080	23.956132	169.913076	22.980853	169.185481	21.964616	168.372349	20.905549	167.455691	19.801843	166.412040	18.651854	165.210144	17.454286	163.807546	16.208462	162.145181	14.914812	160.138710	13.575685	157.664042	12.196860	154.532462	10.790360	150.447005	9.380053	144.925232	8.013093	137.172836	6.782918	125.946831	5.866311	109.789271	5.531833	88.803210
692.877260	27.481858	172.212293	26.652062	171.713509	25.788468	171.170119	24.889389	170.574997	23.953054	169.919337	22.977636	169.192106	21.961254	168.379360	20.902036	167.463119	19.798172	166.419917	18.648017	165.218490	17.450275	163.816387	16.204267	162.154518	14.910422	160.148523	13.571085	157.674259	12.192035	154.542871	10.785296	150.457146	9.374742	144.934089	8.007556	137.178176	6.777275	125.944054	5.860928	109.770931	5.527439	88.765159
693.309690	27.479288	172.217300	26.649372	171.718801	25.785654	171.175711	24.886445	170.580904	23.949977	169.925588	22.974418	169.198725	21.957892	168.386361	20.898523	167.470536	19.794501	166.427780	18.644181	165.226822	17.446264	163.825210	16.200073	162.163841	14.906031	160.158322	13.566486	157.684452	12.187211	154.553261	10.780234	150.467272	9.369433	144.942922	8.002023	137.183488	6.771637	125.941232	5.855551	109.752519	5.523052	88.727025
693.742000	27.476717	172.222300	26.646681	171.724085	25.782838	171.181291	24.883499	170.586801	23.946898	169.931828	22.971199	169.205335	21.954529	168.393352	20.895009	167.477943	19.790828	166.435629	18.640344	165.235138	17.442253	163.834014	16.195878	162.173148	14.901639	160.168103	13.561885	157.694621	12.182388	154.563628	10.775171	150.477376	9.364124	144.951725	7.996491	137.188761	6.766000	125.938351	5.850179	109.734016	5.518675	88.688789
694.174260	27.474146	172.227293	26.643991	171.729359	25.780024	171.186860	24.880556	170.592691	23.943821	169.938057	22.967981	169.211932	21.951167	168.400338	20.891496	167.485345	19.787158	166.443467	18.636508	165.243444	17.438243	163.842809	16.191685	162.182441	14.897250	160.177872	13.557288	157.704778	12.177567	154.573981	10.770112	150.487462	9.358819	144.960511	7.990963	137.194008	6.760369	125.935439	5.844814	109.715463	5.514306	88.650500
694.606320	27.471580	172.232278	26.641306	171.734621	25.777214	171.192417	24.877618	170.598574	23.940749	169.944275	22.964770	169.218513	21.947810	168.407317	20.887990	167.492738	19.783494	166.451293	18.632678	165.251739	17.434240	163.851593	16.187498	162.191719	14.892870	160.187625	13.552699	157.714926	12.172755	154.584320	10.765062	150.497531	9.353524	144.969286	7.985445	137.199242	6.754747	125.932516	5.839459	109.696899	5.509948	88.612213
695.038330	27.469019	172.237258	26.638625	171.739876	25.774409	171.197972	24.874685	170.604449	23.937682	169.950487	22.961565	169.225086	21.944460	168.414284	20.884490	167.500120	19.779837	166.459114	18.628855	165.260028	17.430245	163.860367	16.183319	162.200987	14.888497	160.197367	13.548119	157.725066	12.167952	154.594651	10.760021	150.507592	9.348238	144.978058	7.979937	137.204475	6.749136	125.929596	5.834114	109.678339	5.505600	88.573937
695.470280	27.466465	172.242232	26.635952	171.745125	25.771612	171.203526	24.871759	170.610313	23.934623	169.956693	22.958368	169.231654	21.941119	168.421236	20.880999	167.507487	19.776188	166.466929	18.625042	165.268312	17.426259	163.869130	16.179151	162.210244	14.884135	160.207098	13.543550	157.735199	12.163161	154.604977	10.754993	150.517651	9.342965	144.986835	7.974441	137.209720	6.743536	125.926697	5.828781	109.659807	5.501262	88.535700
695.902040	27.463921	172.247197	26.633289	171.750367	25.768826	171.209071	24.868844	170.616166	23.931576	169.962889	22.955184	169.238213	21.937791	168.428175	20.877521	167.514842	19.772554	166.474732	18.621245	165.276583	17.422289	163.877883	16.175000	162.219491	14.879789	160.216820	13.538998	157.745323	12.158387	154.615301	10.749983	150.527714	9.337710	144.995623	7.968964	137.214998	6.737955	125.923847	5.823463	109.641350	5.496938	88.497570
696.333740	27.461388	172.252151	26.630639	171.755604	25.766053	171.214600	24.865945	170.622013	23.928544	169.969075	22.952015	169.244763	21.934479	168.435110	20.874059	167.522193	19.768937	166.482521	18.617465	165.284839	17.418338	163.886630	16.170867	162.228732	14.875463	160.226539	13.534466	157.755446	12.153633	154.625633	10.744993	150.537791	9.332477	145.004432	7.963507	137.220325	6.732393	125.921068	5.818163	109.622998	5.492627	88.459580
696.765320	27.458864	172.257096	26.627997	171.760833	25.763289	171.220116	24.863055	170.627853	23.925522	169.975251	22.948856	169.251301	21.931177	168.442038	20.870608	167.529536	19.765333	166.490297	18.613699	165.293082	17.414400	163.895369	16.166747	162.237964	14.871152	160.236252	13.529948	157.765561	12.148895	154.635961	10.740019	150.547870	9.327259	145.013247	7.958066	137.225674	6.726847	125.918328	5.812877	109.604702	5.488327	88.421672
697.196840	27.456343	172.262032	26.625358	171.766051	25.760527	171.225629	24.860167	170.633688	23.922502	169.981421	22.945700	169.257828	21.927880	168.448955	20.867162	167.536865	19.761731	166.498065	18.609935	165.301319	17.410465	163.904094	16.162632	162.247187	14.866844	160.245956	13.525434	157.775663	12.144161	154.646271	10.735050	150.557933	9.322046	145.022048	7.952631	137.231003	6.721307	125.915566	5.807599	109.586370	5.484037	88.383727
697.628170	27.453824	172.266962	26.622720	171.771259	25.757768	171.231141	24.857281	170.639514	23.919485	169.987583	22.942546	169.264345	21.924584	168.455859	20.863719	167.544177	19.758132	166.505827	18.606174	165.309549	17.406532	163.912802	16.158520	162.256396	14.862539	160.255646	13.520925	157.785746	12.139432	154.656557	10.730086	150.567974	9.316838	145.030831	7.947202	137.236301	6.715773	125.912775	5.802328	109.567993	5.479756	88.345737
698.059450	27.451310	172.271889	26.620089	171.776458	25.755015	171.236644	24.854401	170.645333	23.916475	169.993737	22.939400	169.270855	21.921296	168.462758	20.860283	167.551483	19.754541	166.513580	18.602421	165.317767	17.402609	163.921502	16.154417	162.265596	14.858245	160.265326	13.516427	157.795823	12.134713	154.666839	10.725133	150.578015	9.311642	145.039618	7.941784	137.241609	6.710251	125.909998	5.797068	109.549635	5.475486	88.307776
698.490660	27.448804	172.276815	26.617467	171.781653	25.752273	171.242135	24.851532	170.651141	23.913475	169.999881	22.936264	169.277360	21.918019	168.469652	20.856858	167.558790	19.750962	166.521323	18.598682	165.325969	17.398700	163.930197	16.150328	162.274785	14.853965	160.274995	13.511943	157.805899	12.130010	154.677124	10.720195	150.588062	9.306462	145.048421	7.936382	137.246947	6.704744	125.907264	5.791822	109.531341	5.471227	88.269901
698.921690	27.446306	172.281731	26.614853	171.786839	25.749538	171.247616	24.848671	170.656938	23.910484	170.006013	22.933138	169.283855	21.914751	168.476534	20.853443	167.566088	19.747394	166.529053	18.594952	165.334160	17.394802	163.938883	16.146250	162.283963	14.849698	160.284653	13.507471	157.815967	12.125320	154.687403	10.715270	150.598106	9.301295	145.057224	7.930993	137.252294	6.699250	125.904547	5.786589	109.513078	5.466980	88.232077
699.352660	27.443811	172.286632	26.612241	171.792019	25.746805	171.253092	24.845814	170.662724	23.907496	170.012135	22.930015	169.290339	21.911488	168.483401	20.850033	167.573373	19.743831	166.536774	18.591228	165.342347	17.390908	163.947560	16.142178	162.293130	14.845436	160.294302	13.503004	157.826024	12.120635	154.697672	10.710352	150.608138	9.296135	145.066017	7.925612	137.257629	6.693765	125.901818	5.781364	109.494794	5.462742	88.194240
699.783510	27.441319	172.291521	26.609633	171.797192	25.744076	171.258562	24.842960	170.668502	23.904512	170.018248	22.926896	169.296813	21.908229	168.490256	20.846628	167.580642	19.740273	166.544484	18.587509	165.350526	17.387021	163.956223	16.138111	162.302286	14.841179	160.303939	13.498544	157.836068	12.115957	154.707926	10.705442	150.618155	9.290983	145.074798	7.920239	137.262951	6.688287	125.899076	5.776149	109.476492	5.458514	88.156394
700.214290	27.438832	172.296406	26.607030	171.802358	25.741352	171.264021	24.840112	170.674272	23.901534	170.024354	22.923783	169.303281	21.904976	168.497105	20.843229	167.587899	19.736721	166.552185	18.583796	165.358688	17.383139	163.964871	16.134051	162.311436	14.836930	160.313563	13.494093	157.846098	12.111288	154.718168	10.700540	150.628161	9.285840	145.083573	7.914875	137.268273	6.682819	125.896334	5.770942	109.458189	5.454296	88.118552
700.644960	27.436353	172.301289	26.604434	171.807518	25.738637	171.269470	24.837272	170.680036	23.898566	170.030453	22.920679	169.309742	21.901732	168.503948	20.839838	167.595148	19.733179	166.559875	18.580094	165.366836	17.379269	163.973505	16.130004	162.320578	14.832694	160.323177	13.489654	157.856118	12.106632	154.728403	10.695651	150.638165	9.280710	145.092354	7.909525	137.273612	6.677365	125.893623	5.765749	109.439929	5.450088	88.080771
701.075500	27.433885	172.306168	26.601851	171.812671	25.735935	171.274910	24.834446	170.685793	23.895611	170.036545	22.917591	169.316194	21.898504	168.510780	20.836465	167.602390	19.729653	166.567554	18.576410	165.374978	17.375417	163.982135	16.125975	162.329711	14.828476	160.332785	13.485236	157.866137	12.101997	154.738644	10.690783	150.648181	9.275602	145.101155	7.904196	137.278994	6.671931	125.890986	5.760573	109.421777	5.445893	88.043134
701.505920	27.431431	172.311039	26.599281	171.817817	25.733247	171.280343	24.831634	170.691544	23.892671	170.042630	22.914517	169.322634	21.895293	168.517600	20.833110	167.609626	19.726146	166.575223	18.572745	165.383121	17.371585	163.990763	16.121967	162.338832	14.824279	160.342391	13.480839	157.876158	12.097383	154.748895	10.685938	150.658215	9.270516	145.109979	7.898890	137.284423	6.666517	125.888432	5.755415	109.403745	5.441713	88.005657
701.936280	27.428980	172.315901	26.596716	171.822955	25.730563	171.285772	24.828827	170.697286	23.889736	170.048707	22.911450	169.329065	21.892086	168.524413	20.829760	167.616851	19.722645	166.582882	18.569086	165.391253	17.367760	163.999382	16.117966	162.347941	14.820090	160.351989	13.476448	157.886169	12.092776	154.759137	10.681101	150.668242	9.265439	145.118799	7.893592	137.289849	6.661112	125.885875	5.750266	109.385706	5.437541	87.968183
702.366520	27.426526	172.320751	26.594148	171.828082	25.727876	171.291194	24.826016	170.703016	23.886797	170.054774	22.908378	169.335487	21.888876	168.531220	20.826406	167.624061	19.719140	166.590530	18.565422	165.399365	17.363929	164.007978	16.113959	162.357035	14.815897	160.361571	13.472054	157.896158	12.088167	154.769350	10.676261	150.678237	9.260358	145.127585	7.888291	137.295225	6.655707	125.883237	5.745120	109.367550	5.433377	87.930577
702.796630	27.424073	172.325592	26.591581	171.833200	25.725190	171.296607	24.823207	170.708738	23.883861	170.060830	22.905308	169.341898	21.885667	168.538018	20.823052	167.631258	19.715637	166.598168	18.561760	165.407460	17.360101	164.016559	16.109954	162.366115	14.811706	160.371137	13.467662	157.906129	12.083560	154.779543	10.671424	150.688213	9.255282	145.136353	7.882995	137.300577	6.650307	125.880563	5.739980	109.349342	5.429221	87.892918
703.226680	27.421629	172.330432	26.589024	171.838310	25.722514	171.302011	24.820409	170.714453	23.880934	170.066875	22.902249	169.348297	21.882470	168.544804	20.819711	167.638449	19.712146	166.605795	18.558111	165.415548	17.356287	164.025137	16.105965	162.375190	14.807530	160.380691	13.463286	157.916097	12.078970	154.789738	10.666602	150.698197	9.250221	145.145136	7.877716	137.305961	6.644922	125.877938	5.734854	109.331210	5.425076	87.855359
703.656560	27.419197	172.335268	26.586478	171.843414	25.719850	171.307404	24.817623	170.720161	23.878021	170.072911	22.899204	169.354685	21.879288	168.551573	20.816387	167.645633	19.708671	166.613411	18.554480	165.423631	17.352490	164.033712	16.101994	162.384256	14.803372	160.390236	13.458930	157.926063	12.074399	154.799934	10.661801	150.708190	9.245181	145.153934	7.872456	137.311383	6.639557	125.875379	5.729746	109.313178	5.420944	87.817932
704.086430	27.416769	172.340097	26.583937	171.848513	25.717192	171.312790	24.814842	170.725861	23.875114	170.078940	22.896165	169.361071	21.876113	168.558335	20.813069	167.652809	19.705203	166.621022	18.550856	165.431707	17.348701	164.042279	16.098030	162.393316	14.799222	160.399776	13.454582	157.936023	12.069836	154.810122	10.657009	150.718178	9.240151	145.162733	7.867206	137.316810	6.634200	125.872830	5.724646	109.295155	5.416822	87.780523
704.516110	27.414343	172.344913	26.581398	171.853605	25.714535	171.318168	24.812063	170.731549	23.872209	170.084962	22.893129	169.367455	21.872940	168.565090	20.809753	167.659971	19.701737	166.628626	18.547235	165.439769	17.344915	164.050828	16.094070	162.402363	14.795076	160.409309	13.450237	157.945970	12.065277	154.820291	10.652222	150.728145	9.235125	145.171513	7.861961	137.322210	6.628850	125.870252	5.719554	109.277084	5.412708	87.743071
704.945740	27.411918	172.349720	26.578860	171.858688	25.711879	171.323541	24.809286	170.737229	23.869305	170.090977	22.890094	169.373830	21.869769	168.571841	20.806438	167.667127	19.698273	166.636219	18.543615	165.447821	17.341130	164.059363	16.090111	162.411397	14.790932	160.418828	13.445894	157.955900	12.060721	154.830444	10.647437	150.738094	9.230103	145.180276	7.856721	137.327585	6.623505	125.867642	5.714468	109.258961	5.408603	87.705562
705.375240	27.409495	172.354521	26.576322	171.863759	25.709226	171.328906	24.806511	170.742901	23.866403	170.096980	22.887061	169.380189	21.866599	168.578585	20.803125	167.674276	19.694812	166.643796	18.539997	165.455863	17.337348	164.067883	16.086155	162.420415	14.786792	160.428326	13.441555	157.965810	12.056170	154.840585	10.642657	150.748025	9.225086	145.189020	7.851485	137.332936	6.618166	125.865004	5.709389	109.240798	5.404506	87.668015
705.804630	27.407076	172.359316	26.573789	171.868821	25.706577	171.334264	24.803741	170.748568	23.863507	170.102973	22.884033	169.386535	21.863435	168.585319	20.799818	167.681417	19.691358	166.651360	18.536386	165.463894	17.333574	164.076392	16.082207	162.429421	14.782659	160.437809	13.437225	157.975706	12.051626	154.850720	10.637886	150.757949	9.220078	145.197758	7.846259	137.338286	6.612836	125.862367	5.704319	109.222636	5.400419	87.630479
706.233950	27.404664	172.364105	26.571265	171.873882	25.703936	171.339616	24.800979	170.754228	23.860620	170.108959	22.881015	169.392875	21.860281	168.592040	20.796522	167.688544	19.687914	166.658919	18.532786	165.471914	17.329811	164.084893	16.078271	162.438420	14.778538	160.447289	13.432907	157.985602	12.047096	154.860854	10.633129	150.767878	9.215083	145.206503	7.841047	137.343665	6.607520	125.859764	5.699262	109.204525	5.396343	87.593015
706.663150	27.402261	172.368886	26.568751	171.878940	25.701306	171.344962	24.798228	170.759881	23.857743	170.114939	22.878009	169.399209	21.857138	168.598746	20.793238	167.695656	19.684483	166.666471	18.529200	165.479923	17.326062	164.093388	16.074350	162.447413	14.774433	160.456767	13.428606	157.995499	12.042582	154.870987	10.628388	150.777814	9.210105	145.215258	7.835851	137.349075	6.602220	125.857207	5.694219	109.186481	5.392278	87.555647
707.092220	27.399867	172.373661	26.566246	171.883988	25.698684	171.350298	24.795485	170.765525	23.854877	170.120912	22.875013	169.405533	21.854007	168.605443	20.789965	167.702759	19.681063	166.674014	18.525627	165.487926	17.322326	164.101876	16.070441	162.456399	14.770340	160.466238	13.424317	158.005390	12.038082	154.881113	10.623661	150.787749	9.205142	145.224021	7.830671	137.354500	6.596934	125.854686	5.689190	109.168493	5.388225	87.518357
707.521180	27.397481	172.378428	26.563748	171.889025	25.696070	171.355622	24.792751	170.771159	23.852018	170.126879	22.872024	169.411846	21.850884	168.612134	20.786703	167.709857	19.677652	166.681546	18.522063	165.495922	17.318599	164.110357	16.066542	162.465378	14.766260	160.475700	13.420040	158.015272	12.033594	154.891227	10.618947	150.797680	9.200192	145.232792	7.825503	137.359929	6.591661	125.852190	5.684173	109.150545	5.384181	87.481124
707.950070	27.395100	172.383189	26.561255	171.894053	25.693462	171.360938	24.790024	170.776781	23.849167	170.132837	22.869043	169.418150	21.847768	168.618820	20.783449	167.716948	19.674251	166.689066	18.518507	165.503908	17.314881	164.118827	16.062653	162.474345	14.762189	160.485152	13.415773	158.025143	12.029118	154.901335	10.614244	150.807606	9.195253	145.241563	7.820346	137.365364	6.586399	125.849708	5.679166	109.132618	5.380148	87.443927
708.378850	27.392724	172.387943	26.558768	171.899075	25.690860	171.366250	24.787303	170.782392	23.846321	170.138785	22.866069	169.424449	21.844660	168.625500	20.780200	167.724028	19.670857	166.696575	18.514958	165.511878	17.311172	164.127281	16.058773	162.483296	14.758127	160.494593	13.411516	158.035001	12.024650	154.911439	10.609551	150.817530	9.190325	145.250331	7.815200	137.370808	6.581148	125.847233	5.674170	109.114702	5.376125	87.406758
708.807560	27.390354	172.392692	26.556287	171.904092	25.688264	171.371554	24.784589	170.787997	23.843482	170.144723	22.863103	169.430741	21.841561	168.632171	20.776960	167.731098	19.667471	166.704077	18.511419	165.519836	17.307472	164.135723	16.054903	162.492235	14.754075	160.504024	13.407269	158.044851	12.020194	154.921538	10.604868	150.827453	9.185409	145.259103	7.810066	137.376266	6.575908	125.844779	5.669184	109.096813	5.372111	87.369633
709.236080	27.387992	172.397432	26.553815	171.909100	25.685677	171.376846	24.781884	170.793598	23.840654	170.150649	22.860147	169.437022	21.838471	168.638827	20.773732	167.738155	19.664097	166.711572	18.507893	165.527787	17.303785	164.144158	16.051046	162.501166	14.750037	160.513443	13.403037	158.054693	12.015753	154.931631	10.600202	150.837376	9.180507	145.267888	7.804948	137.381742	6.570683	125.842364	5.664212	109.078983	5.368109	87.332591
709.664550	27.385635	172.402166	26.551348	171.914102	25.683096	171.382128	24.779184	170.799196	23.837832	170.156566	22.857197	169.443293	21.835387	168.645469	20.770510	167.745203	19.660730	166.719060	18.504374	165.535733	17.300106	164.152588	16.047197	162.510093	14.746007	160.522853	13.398814	158.064528	12.011321	154.941715	10.595545	150.847293	9.175616	145.276676	7.799839	137.387222	6.565468	125.839964	5.659251	109.061170	5.364116	87.295577
710.092900	27.383277	172.406894	26.548882	171.919098	25.680516	171.387406	24.776485	170.804785	23.835011	170.162475	22.854247	169.449553	21.832304	168.652104	20.767289	167.752244	19.657363	166.726535	18.500855	165.543665	17.296428	164.161004	16.043349	162.519007	14.741979	160.532249	13.394592	158.074349	12.006889	154.951782	10.590890	150.857185	9.170726	145.285435	7.794733	137.392674	6.560256	125.837521	5.654294	109.043293	5.360131	87.258493
710.521180	27.380918	172.411616	26.546412	171.924088	25.677933	171.392682	24.773784	170.810362	23.832185	170.168379	22.851295	169.455804	21.829218	168.658734	20.764064	167.759279	19.653994	166.733995	18.497334	165.551583	17.292746	164.169405	16.039498	162.527906	14.737947	160.541630	13.390366	158.084155	12.002455	154.961830	10.586232	150.867048	9.165835	145.294155	7.789626	137.398087	6.555045	125.835011	5.649340	109.025316	5.356152	87.221294
710.949340	27.378562	172.416328	26.543946	171.929068	25.675354	171.397952	24.771086	170.815930	23.829364	170.174276	22.848346	169.462046	21.826137	168.665355	20.760844	167.766305	19.650629	166.741444	18.493817	165.559490	17.289069	164.177795	16.035652	162.536791	14.733921	160.551001	13.386146	158.093949	11.998027	154.971866	10.581581	150.876901	9.160950	145.302863	7.784526	137.403489	6.549841	125.832487	5.644394	109.007322	5.352183	87.184086
711.377380	27.376215	172.421029	26.541490	171.934037	25.672783	171.403210	24.768397	170.821494	23.826554	170.180166	22.845408	169.468281	21.823067	168.671964	20.757636	167.773321	19.647277	166.748887	18.490314	165.567391	17.285405	164.186179	16.031820	162.545665	14.729909	160.560364	13.381942	158.103738	11.993614	154.981898	10.576945	150.886762	9.156081	145.311587	7.779441	137.408910	6.544652	125.830007	5.639462	108.989394	5.348225	87.146971
711.805300	27.373878	172.425722	26.539042	171.938998	25.670223	171.408457	24.765719	170.827050	23.823754	170.186048	22.842481	169.474509	21.820008	168.678563	20.754440	167.780324	19.643936	166.756324	18.486824	165.575284	17.281755	164.194556	16.028002	162.554530	14.725911	160.569720	13.377752	158.113518	11.989218	154.991927	10.572325	150.896632	9.151229	145.320329	7.774373	137.414355	6.539480	125.827573	5.634544	108.971535	5.344278	87.109954
712.233150	27.371546	172.430411	26.536602	171.943956	25.667670	171.413699	24.763049	170.832596	23.820963	170.191919	22.839563	169.480731	21.816959	168.685156	20.751253	167.787318	19.640607	166.763751	18.483343	165.583167	17.278117	164.202922	16.024195	162.563392	14.721925	160.579068	13.373575	158.123289	11.984833	155.001954	10.567718	150.906501	9.146389	145.329079	7.769318	137.419822	6.534319	125.825172	5.629637	108.953722	5.340341	87.073001
712.660890	27.369222	172.435098	26.534170	171.948911	25.665126	171.418935	24.760389	170.838131	23.818180	170.197780	22.836654	169.486945	21.813920	168.691743	20.748076	167.794302	19.637288	166.771167	18.479873	165.591038	17.274490	164.211276	16.020400	162.572250	14.717952	160.588407	13.369410	158.133052	11.980462	155.011979	10.563125	150.916368	9.141564	145.337835	7.764277	137.425313	6.529172	125.822808	5.624743	108.935960	5.336413	87.036121
713.088500	27.366908	172.439781	26.531748	171.953858	25.662591	171.424161	24.757738	170.843657	23.815408	170.203634	22.833758	169.493151	21.810892	168.698320	20.744911	167.801279	19.633982	166.778571	18.476417	165.598902	17.270877	164.219623	16.016620	162.581100	14.713994	160.597742	13.365261	158.142814	11.976107	155.022003	10.558548	150.926237	9.136755	145.346605	7.759253	137.430833	6.524041	125.820495	5.619863	108.918275	5.332497	86.999349
713.516050	27.364603	172.444456	26.529335	171.958793	25.660066	171.429375	24.755097	170.849179	23.812647	170.209483	22.830872	169.499346	21.807876	168.704887	20.741759	167.808251	19.630687	166.785964	18.472974	165.606761	17.267276	164.227965	16.012853	162.589939	14.710051	160.607076	13.361127	158.152577	11.971768	155.032026	10.553987	150.936111	9.131962	145.355388	7.754244	137.436379	6.518926	125.818232	5.614997	108.900663	5.328592	86.962679
713.943480	27.362302	172.449122	26.526927	171.963720	25.657546	171.434583	24.752461	170.854694	23.809892	170.215323	22.827993	169.505531	21.804866	168.711444	20.738615	167.815212	19.627400	166.793351	18.469538	165.614609	17.263683	164.236295	16.009095	162.598764	14.706115	160.616398	13.357001	158.162331	11.967437	155.042041	10.549436	150.945977	9.127178	145.364166	7.749246	137.441925	6.513820	125.815975	5.610141	108.883061	5.324697	86.926031
714.370790	27.360002	172.453775	26.524520	171.968640	25.655028	171.439790	24.749827	170.860203	23.807138	170.221152	22.825114	169.511705	21.801857	168.717995	20.735471	167.822158	19.624113	166.800731	18.466104	165.622442	17.260092	164.244611	16.005338	162.607573	14.702182	160.625701	13.352878	158.172065	11.963109	155.052042	10.544887	150.955826	9.122398	145.372924	7.744251	137.447447	6.508719	125.813681	5.605290	108.865406	5.320809	86.889325
714.798030	27.357702	172.458421	26.522113	171.973555	25.652510	171.444993	24.747193	170.865704	23.804384	170.226972	22.822235	169.517870	21.798849	168.724540	20.732328	167.829092	19.620828	166.808103	18.462670	165.630262	17.256503	164.252914	16.001582	162.616371	14.698250	160.634988	13.348755	158.181782	11.958782	155.062027	10.540340	150.965660	9.117621	145.381661	7.739259	137.452944	6.503621	125.811351	5.600444	108.847695	5.316928	86.852560
715.225100	27.355405	172.463064	26.519708	171.978462	25.649995	171.450184	24.744563	170.871192	23.801634	170.232784	22.819360	169.524027	21.795845	168.731074	20.729189	167.836017	19.617547	166.815460	18.459241	165.638074	17.252918	164.261205	15.997831	162.625163	14.694323	160.644261	13.344639	158.191484	11.954461	155.071994	10.535799	150.975482	9.112850	145.390385	7.734273	137.458422	6.498531	125.809003	5.595606	108.829959	5.313056	86.815779
715.652100	27.353112	172.467705	26.517307	171.983362	25.647483	171.455364	24.741936	170.876672	23.798888	170.238592	22.816489	169.530178	21.792844	168.737597	20.726054	167.842937	19.614272	166.822803	18.455818	165.645881	17.249339	164.269487	15.994086	162.633948	14.690401	160.653527	13.340529	158.201179	11.950147	155.081949	10.531264	150.985295	9.108085	145.399103	7.729294	137.463892	6.493448	125.806649	5.590776	108.812211	5.309193	86.778996
716.079040	27.350822	172.472338	26.514911	171.988256	25.644975	171.460536	24.739314	170.882148	23.796147	170.244390	22.813624	169.536324	21.789849	168.744110	20.722924	167.849852	19.611002	166.830139	18.452400	165.653680	17.245765	164.277762	15.990347	162.642721	14.686487	160.662786	13.336426	158.210870	11.945840	155.091899	10.526738	150.995101	9.103329	145.407817	7.724325	137.469368	6.488373	125.804299	5.585955	108.794468	5.305338	86.742224
716.505800	27.348539	172.476957	26.512521	171.993142	25.642474	171.465703	24.736699	170.887622	23.793413	170.250175	22.810765	169.542462	21.786863	168.750612	20.719802	167.856758	19.607740	166.837468	18.448990	165.661466	17.242199	164.286028	15.986618	162.651476	14.682582	160.672034	13.332333	158.220557	11.941543	155.101844	10.522223	151.004899	9.098584	145.416531	7.719367	137.474859	6.483310	125.801967	5.581145	108.776754	5.301493	86.705495
716.932500	27.346262	172.481570	26.510140	171.998023	25.639982	171.470864	24.734092	170.893088	23.790687	170.255953	22.807917	169.548592	21.783887	168.757106	20.716691	167.863656	19.604488	166.844790	18.445591	165.669242	17.238646	164.294287	15.982902	162.660222	14.678690	160.681277	13.328253	158.230236	11.937260	155.111786	10.517722	151.014700	9.093854	145.425255	7.714423	137.480372	6.478260	125.799674	5.576347	108.759096	5.297659	86.668843
717.359130	27.343996	172.486183	26.507768	172.002899	25.637501	171.476018	24.731497	170.898538	23.787973	170.261724	22.805080	169.554712	21.780922	168.763595	20.713593	167.870544	19.601250	166.852100	18.442207	165.677008	17.235107	164.302537	15.979200	162.668968	14.674814	160.690515	13.324189	158.239903	11.932994	155.121722	10.513237	151.024509	9.089140	145.433992	7.709495	137.485910	6.473227	125.797435	5.571563	108.741520	5.293835	86.632306
717.785580	27.341738	172.490790	26.505403	172.007765	25.635028	171.481163	24.728909	170.903975	23.785268	170.267489	22.802253	169.560821	21.777967	168.770076	20.710505	167.877421	19.598022	166.859400	18.438834	165.684764	17.231581	164.310774	15.975510	162.677708	14.670949	160.699741	13.320138	158.249557	11.928741	155.131651	10.508765	151.034318	9.084441	145.442734	7.704582	137.491459	6.468206	125.795226	5.566791	108.723991	5.290021	86.595844
718.211980	27.339481	172.495386	26.503041	172.012621	25.632556	171.486304	24.726325	170.909410	23.782566	170.273249	22.799429	169.566920	21.775014	168.776547	20.707421	167.884288	19.594799	166.866694	18.435465	165.692510	17.228058	164.318997	15.971824	162.686435	14.667089	160.708954	13.316092	158.259207	11.924494	155.141576	10.504299	151.044114	9.079747	145.451469	7.699675	137.497000	6.463193	125.793005	5.562027	108.706442	5.286216	86.559365
718.638240	27.337226	172.499971	26.500680	172.017467	25.630086	171.491438	24.723743	170.914843	23.779866	170.279000	22.796605	169.573009	21.772064	168.783006	20.704338	167.891145	19.591578	166.873981	18.432098	165.700245	17.224537	164.327206	15.968140	162.695146	14.663232	160.718152	13.312048	158.268849	11.920249	155.151492	10.499838	151.053892	9.075056	145.460187	7.694772	137.502525	6.458185	125.790754	5.557270	108.688850	5.282418	86.522843
719.064450	27.334971	172.504553	26.498321	172.022308	25.627618	171.496563	24.721162	170.920269	23.777167	170.284743	22.793784	169.579090	21.769116	168.789458	20.701257	167.897992	19.588359	166.881256	18.428732	165.707970	17.221018	164.335407	15.964459	162.703845	14.659378	160.727341	13.308008	158.278478	11.916008	155.161393	10.495380	151.063656	9.070370	145.468890	7.689874	137.508034	6.453182	125.788481	5.552518	108.671221	5.278628	86.486283
719.490480	27.332721	172.509133	26.495966	172.027146	25.625154	171.501676	24.718584	170.925681	23.774473	170.290474	22.790968	169.585164	21.766174	168.795904	20.698182	167.904827	19.585145	166.888516	18.425373	165.715683	17.217506	164.343601	15.960785	162.712533	14.655531	160.736523	13.303975	158.288089	11.911774	155.171275	10.490929	151.073410	9.065692	145.477581	7.684983	137.513534	6.448187	125.786203	5.547775	108.653586	5.274848	86.449729
719.916440	27.330479	172.513707	26.493619	172.031980	25.622699	171.506781	24.716015	170.931085	23.771788	170.296196	22.788162	169.591232	21.763241	168.802342	20.695117	167.911655	19.581941	166.895765	18.422025	165.723388	17.214005	164.351788	15.957123	162.721214	14.651696	160.745699	13.299955	158.297692	11.907553	155.181152	10.486491	151.083167	9.061028	145.486281	7.680106	137.519054	6.443205	125.783962	5.543043	108.636005	5.271078	86.413253
720.342350	27.328248	172.518269	26.491284	172.036809	25.620256	171.511881	24.713460	170.936482	23.769117	170.301912	22.785370	169.597295	21.760322	168.808771	20.692066	167.918478	19.578753	166.903008	18.418693	165.731088	17.210521	164.359969	15.953477	162.729889	14.647879	160.754867	13.295953	158.307297	11.903351	155.191035	10.482073	151.092937	9.056383	145.495009	7.675249	137.524619	6.438242	125.781797	5.538327	108.618536	5.267317	86.376925
720.768070	27.326026	172.522820	26.488959	172.041628	25.617823	171.516973	24.710916	170.941874	23.766456	170.307622	22.782589	169.603349	21.757416	168.815188	20.689028	167.925292	19.575579	166.910244	18.415375	165.738779	17.207051	164.368140	15.949847	162.738554	14.644078	160.764025	13.291967	158.316899	11.899166	155.200917	10.477673	151.102710	9.051755	145.503751	7.670410	137.530213	6.433295	125.779686	5.533626	108.601153	5.263567	86.340716
721.193730	27.323809	172.527370	26.486638	172.046437	25.615394	171.522058	24.708376	170.947260	23.763800	170.313325	22.779813	169.609394	21.754515	168.821595	20.685997	167.932097	19.572411	166.917476	18.412063	165.746461	17.203588	164.376303	15.946223	162.747209	14.640283	160.773176	13.287989	158.326494	11.894988	155.210792	10.473280	151.112475	9.047136	145.512489	7.665579	137.535810	6.428356	125.777582	5.528933	108.583779	5.259826	86.304522
721.619260	27.321593	172.531917	26.484318	172.051236	25.612966	171.527136	24.705838	170.952638	23.761146	170.319022	22.777038	169.615428	21.751616	168.827992	20.682967	167.938891	19.569244	166.924698	18.408754	165.754131	17.200128	164.384455	15.942603	162.755853	14.636492	160.782315	13.284013	158.336074	11.890813	155.220651	10.468892	151.122225	9.042521	145.521208	7.660751	137.541388	6.423422	125.775451	5.524246	108.566364	5.256094	86.268286
722.044740	27.319376	172.536457	26.481997	172.056031	25.610539	171.532211	24.703299	170.958007	23.758491	170.324710	22.774263	169.621452	21.748715	168.834382	20.679937	167.945675	19.566077	166.931910	18.405444	165.761791	17.196667	164.392594	15.938981	162.764487	14.632699	160.791441	13.280037	158.345640	11.886638	155.230497	10.464502	151.131959	9.037906	145.529906	7.655924	137.546938	6.418489	125.773274	5.519564	108.548877	5.252367	86.231971
722.470030	27.317158	172.540983	26.479677	172.060824	25.608112	171.537284	24.700761	170.963363	23.755837	170.330385	22.771489	169.627463	21.745815	168.840763	20.676907	167.952447	19.562911	166.939105	18.402134	165.769439	17.193206	164.400716	15.935361	162.773109	14.628908	160.800548	13.276063	158.355189	11.882466	155.240327	10.460116	151.141676	9.033294	145.538586	7.651102	137.552463	6.413562	125.771059	5.514887	108.531333	5.248649	86.195606
722.895260	27.314949	172.545503	26.477366	172.065610	25.605694	171.542349	24.698232	170.968714	23.753193	170.336053	22.768725	169.633470	21.742925	168.847139	20.673888	167.959211	19.559757	166.946290	18.398836	165.777079	17.189757	164.408830	15.931753	162.781723	14.625130	160.809648	13.272102	158.364730	11.878308	155.250156	10.455742	151.151396	9.028696	145.547277	7.646293	137.558010	6.408648	125.768883	5.510221	108.513848	5.244940	86.159325
723.320430	27.312756	172.550022	26.475070	172.070387	25.603293	171.547398	24.695719	170.974064	23.750567	170.341714	22.765980	169.639475	21.740056	168.853511	20.670889	167.965969	19.556623	166.953470	18.395560	165.784716	17.186332	164.416942	15.928169	162.790331	14.621376	160.818751	13.268166	158.374274	11.874174	155.259996	10.451396	151.161134	9.024124	145.556005	7.641510	137.563628	6.403757	125.766827	5.505575	108.496545	5.241243	86.123275
723.745420	27.310576	172.554536	26.472787	172.075151	25.600904	171.552434	24.693220	170.979409	23.747954	170.347369	22.763248	169.645475	21.737202	168.859873	20.667907	167.972719	19.553506	166.960642	18.392302	165.792343	17.182924	164.425049	15.924604	162.798930	14.617642	160.827851	13.264251	158.383814	11.870061	155.269837	10.447070	151.170878	9.019573	145.564754	7.636747	137.569290	6.398886	125.764851	5.500946	108.479367	5.237557	86.087389
724.170350	27.308397	172.559040	26.470505	172.079910	25.598516	171.557468	24.690724	170.984740	23.745344	170.353018	22.760520	169.651461	21.734352	168.866221	20.664927	167.979465	19.550391	166.967805	18.389046	165.799956	17.179520	164.433145	15.921041	162.807519	14.613911	160.836940	13.260338	158.393346	11.865951	155.279663	10.442748	151.180612	9.015027	145.573492	7.631989	137.574937	6.394020	125.762856	5.496323	108.462158	5.233879	86.051474
724.595210	27.306214	172.563534	26.468221	172.084664	25.596126	171.562502	24.688224	170.990057	23.742730	170.358661	22.757788	169.657432	21.731497	168.872556	20.661943	167.986204	19.547273	166.974958	18.385788	165.807556	17.176112	164.441225	15.917476	162.816098	14.610177	160.846013	13.256422	158.402866	11.861840	155.289467	10.438423	151.190327	9.010478	145.582202	7.627230	137.580542	6.389155	125.760799	5.491702	108.444852	5.230207	86.015450
725.019900	27.304032	172.568020	26.465938	172.089410	25.593737	171.567526	24.685726	170.995366	23.740118	170.364293	22.755058	169.663395	21.728643	168.878882	20.658960	167.992930	19.544156	166.982101	18.382530	165.815145	17.172705	164.449292	15.913912	162.824666	14.606444	160.855069	13.252508	158.412371	11.857731	155.299257	10.434101	151.200024	9.005932	145.590892	7.622474	137.586122	6.384293	125.758706	5.487087	108.427493	5.226543	85.979373
725.444520	27.301853	172.572506	26.463657	172.094149	25.591351	171.572538	24.683231	171.000673	23.737509	170.369915	22.752331	169.669359	21.725793	168.885208	20.655982	167.999642	19.541043	166.989238	18.379277	165.822729	17.169304	164.457349	15.910352	162.833226	14.602716	160.864113	13.248599	158.421863	11.853626	155.309039	10.429785	151.209710	9.001392	145.599572	7.617724	137.591693	6.379438	125.756600	5.482479	108.410116	5.222888	85.943282
725.869020	27.299677	172.576987	26.461378	172.098882	25.588969	171.577542	24.680739	171.005978	23.734904	170.375527	22.749608	169.675318	21.722947	168.891529	20.653007	168.006342	19.537935	166.996368	18.376027	165.830306	17.165908	164.465398	15.906797	162.841772	14.598994	160.873145	13.244697	158.431342	11.849528	155.318810	10.425475	151.219383	8.996859	145.608242	7.612981	137.597255	6.374590	125.754485	5.477878	108.392724	5.219240	85.907184
726.293460	27.297503	172.581462	26.459103	172.103613	25.586588	171.582545	24.678249	171.011277	23.732300	170.381134	22.746887	169.681267	21.720103	168.897841	20.650036	168.013036	19.534829	167.003488	18.372781	165.837873	17.162514	164.473440	15.903246	162.850303	14.595276	160.882171	13.240798	158.440810	11.845434	155.328569	10.421169	151.229046	8.992331	145.616904	7.608244	137.602808	6.369747	125.752359	5.473284	108.375310	5.215600	85.871072
726.717710	27.295333	172.585929	26.456834	172.108340	25.584212	171.587544	24.675764	171.016566	23.729703	170.386734	22.744172	169.687203	21.717266	168.904139	20.647072	168.019723	19.531732	167.010595	18.369543	165.845428	17.159128	164.481474	15.899703	162.858821	14.591567	160.891188	13.236907	158.450267	11.841349	155.338317	10.416873	151.238703	8.987814	145.625564	7.603518	137.608364	6.364915	125.750246	5.468700	108.357915	5.211968	85.834999
727.141910	27.293172	172.590390	26.454573	172.113058	25.581846	171.592534	24.673289	171.021846	23.727116	170.392328	22.741468	169.693128	21.714440	168.910428	20.644118	168.026405	19.528645	167.017694	18.366317	165.852972	17.155754	164.489500	15.896174	162.867336	14.587870	160.900200	13.233031	158.459720	11.837278	155.348064	10.412592	151.248366	8.983310	145.634235	7.598805	137.613949	6.360097	125.748179	5.464128	108.340590	5.208346	85.799021
727.566040	27.291020	172.594844	26.452321	172.117765	25.579490	171.597513	24.670825	171.027116	23.724540	170.397916	22.738774	169.699045	21.711625	168.916707	20.641177	168.033080	19.525571	167.024783	18.363104	165.860507	17.152394	164.497515	15.892659	162.875850	14.584188	160.909205	13.229170	158.469170	11.833223	155.357812	10.408327	151.258038	8.978823	145.642921	7.594108	137.619565	6.355294	125.746165	5.459569	108.323347	5.204734	85.763151
727.989990	27.288875	172.599291	26.450075	172.122463	25.577140	171.602483	24.668368	171.032377	23.721971	170.403493	22.736088	169.704954	21.708818	168.922978	20.638243	168.039745	19.522504	167.031861	18.359899	165.868032	17.149043	164.505518	15.889153	162.884351	14.580515	160.918199	13.225319	158.478613	11.829177	155.367553	10.404072	151.267701	8.974346	145.651605	7.589423	137.625187	6.350502	125.744165	5.455021	108.306132	5.201131	85.727325
728.413880	27.286731	172.603732	26.447831	172.127155	25.574793	171.607447	24.665912	171.037632	23.719404	170.409061	22.733405	169.710856	21.706014	168.929244	20.635312	168.046400	19.519442	167.038929	18.356698	165.875553	17.145695	164.513512	15.885649	162.892836	14.576846	160.927181	13.221472	158.488049	11.825137	155.377284	10.399822	151.277347	8.969874	145.660279	7.584742	137.630799	6.345715	125.742149	5.450479	108.288892	5.197535	85.691476
728.837650	27.284591	172.608166	26.445591	172.131842	25.572450	171.612406	24.663462	171.042881	23.716841	170.414620	22.730728	169.716751	21.703215	168.935502	20.632387	168.053045	19.516385	167.045988	18.353503	165.883065	17.142354	164.521495	15.882153	162.901310	14.573185	160.936154	13.217633	158.497474	11.821105	155.387007	10.395581	151.286985	8.965411	145.668949	7.580070	137.636410	6.340937	125.740140	5.445946	108.271663	5.193948	85.655651
729.261350	27.282459	172.612594	26.443359	172.136523	25.570115	171.617358	24.661020	171.048124	23.714288	170.420172	22.728059	169.722642	21.700426	168.941749	20.629473	168.059679	19.513339	167.053041	18.350319	165.890568	17.139025	164.529467	15.878668	162.909782	14.569536	160.945120	13.213806	158.506890	11.817086	155.396728	10.391353	151.296633	8.960961	145.677626	7.575413	137.642041	6.336173	125.738174	5.441424	108.254494	5.190370	85.619912
729.684880	27.280334	172.617014	26.441135	172.141196	25.567788	171.622302	24.658587	171.053359	23.711743	170.425717	22.725398	169.728524	21.697646	168.947985	20.626568	168.066303	19.510303	167.060086	18.347145	165.898058	17.135706	164.537429	15.875196	162.918250	14.565899	160.954078	13.209992	158.516293	11.813080	155.406443	10.387138	151.306285	8.956526	145.686307	7.570769	137.647687	6.331421	125.736242	5.436915	108.237375	5.186802	85.584251
730.108340	27.278212	172.621429	26.438914	172.145862	25.565465	171.627240	24.656156	171.058589	23.709202	170.431257	22.722741	169.734397	21.694870	168.954214	20.623667	168.072921	19.507271	167.067122	18.343975	165.905538	17.132392	164.545385	15.871729	162.926707	14.562267	160.963028	13.206183	158.525688	11.809078	155.416148	10.382928	151.315925	8.952096	145.694983	7.566131	137.653328	6.326676	125.734303	5.432412	108.220245	5.183242	85.548586
730.531740	27.276091	172.625837	26.436693	172.150521	25.563141	171.632171	24.653726	171.063812	23.706661	170.436791	22.720086	169.740259	21.692095	168.960438	20.620766	168.079533	19.504240	167.074147	18.340806	165.913009	17.129078	164.553337	15.868262	162.935149	14.558636	160.971969	13.202375	158.535073	11.805078	155.425837	10.378721	151.325544	8.947668	145.703647	7.561495	137.658950	6.321935	125.732328	5.427915	108.203063	5.179688	85.512868
730.954960	27.273971	172.630239	26.434474	172.155175	25.560819	171.637095	24.651297	171.069026	23.704122	170.442315	22.717432	169.746112	21.689321	168.966655	20.617867	168.086136	19.501211	167.081163	18.337640	165.920471	17.125766	164.561275	15.864798	162.943577	14.555008	160.980893	13.198570	158.544444	11.801081	155.435510	10.374516	151.335145	8.943245	145.712292	7.556864	137.664551	6.317198	125.730325	5.423423	108.185841	5.176142	85.477113
731.378110	27.271851	172.634634	26.432256	172.159827	25.558498	171.642013	24.648871	171.074228	23.701585	170.447828	22.714781	169.751959	21.686549	168.972865	20.614971	168.092728	19.498185	167.088173	18.334477	165.927927	17.122458	164.569198	15.861336	162.951994	14.551383	160.989802	13.194769	158.553804	11.797089	155.445172	10.370316	151.344737	8.938825	145.720920	7.552237	137.670136	6.312467	125.728304	5.418937	108.168591	5.172603	85.441332
731.801210	27.269737	172.639023	26.430044	172.164475	25.556183	171.646925	24.646451	171.079423	23.699055	170.453333	22.712136	169.757801	21.683784	168.979067	20.612082	168.099311	19.495166	167.095177	18.331322	165.935376	17.119159	164.577110	15.857883	162.960405	14.547766	160.998702	13.190977	158.563156	11.793106	155.454828	10.366125	151.354331	8.934416	145.729550	7.547621	137.675732	6.307745	125.726306	5.414461	108.151371	5.169073	85.405597
732.224120	27.267634	172.643403	26.427843	172.169112	25.553880	171.651829	24.644043	171.084614	23.696537	170.458830	22.709504	169.763635	21.681033	168.985259	20.609208	168.105886	19.492162	167.102170	18.328182	165.942813	17.115875	164.585016	15.854447	162.968807	14.544167	161.007601	13.187202	158.572507	11.789141	155.464484	10.361954	151.363930	8.930026	145.738201	7.543024	137.681370	6.303041	125.724376	5.409999	108.134257	5.165553	85.370005
732.646970	27.265543	172.647778	26.425653	172.173739	25.551590	171.656727	24.641646	171.089804	23.694031	170.464322	22.706884	169.769464	21.678296	168.991442	20.606348	168.112455	19.489172	167.109152	18.325056	165.950241	17.112606	164.592922	15.851028	162.977203	14.540585	161.016501	13.183445	158.581857	11.785194	155.474143	10.357801	151.373537	8.925653	145.746879	7.538444	137.687053	6.298354	125.722519	5.405552	108.117253	5.162043	85.334556
733.069700	27.263459	172.652149	26.423471	172.178358	25.549307	171.661618	24.639259	171.094985	23.691535	170.469807	22.704274	169.775282	21.675569	168.997614	20.603499	168.119016	19.486192	167.116124	18.321941	165.957658	17.109350	164.600820	15.847620	162.985589	14.537015	161.025391	13.179700	158.591201	11.781260	155.483800	10.353661	151.383145	8.921295	145.755568	7.533878	137.692759	6.293680	125.720703	5.401116	108.100313	5.158541	85.299196
733.492310	27.261377	172.656518	26.421293	172.182972	25.547028	171.666502	24.636875	171.100154	23.689043	170.475284	22.701670	169.781088	21.672847	169.003776	20.600653	168.125567	19.483219	167.123085	18.318833	165.965066	17.106099	164.608706	15.844218	162.993965	14.533452	161.034264	13.175963	158.600533	11.777333	155.493449	10.349529	151.392743	8.916944	145.764250	7.529320	137.698461	6.289014	125.718889	5.396689	108.083377	5.155048	85.263852
733.914860	27.259293	172.660880	26.419113	172.187579	25.544747	171.671380	24.634489	171.105315	23.686550	170.480755	22.699064	169.786887	21.670123	169.009930	20.597806	168.132107	19.480243	167.130038	18.315724	165.972464	17.102846	164.616579	15.840814	163.002329	14.529886	161.043123	13.172224	158.609850	11.773405	155.503082	10.345396	151.402324	8.912593	145.772904	7.524762	137.704127	6.284350	125.717024	5.392265	108.066359	5.151560	85.228420
734.337280	27.257206	172.665231	26.416928	172.192179	25.542461	171.676253	24.632099	171.110469	23.684051	170.486220	22.696452	169.792679	21.667392	169.016077	20.594952	168.138634	19.477262	167.136986	18.312607	165.979849	17.099587	164.624436	15.837403	163.010681	14.526314	161.051970	13.168478	158.619148	11.769471	155.512689	10.341256	151.411877	8.908235	145.781514	7.520199	137.709732	6.279681	125.715069	5.387840	108.049202	5.148079	85.192833
734.759580	27.255122	172.669572	26.414746	172.196773	25.540179	171.681119	24.629712	171.115618	23.681554	170.491678	22.693843	169.798466	21.664666	169.022217	20.592103	168.145154	19.474285	167.143925	18.309495	165.987226	17.096333	164.632283	15.833998	163.019024	14.522748	161.060810	13.164738	158.628437	11.765542	155.522286	10.337122	151.421422	8.903885	145.790114	7.515642	137.715332	6.275020	125.713108	5.383424	108.032038	5.144606	85.157251
735.181820	27.253054	172.673912	26.412582	172.201364	25.537915	171.685973	24.627344	171.120759	23.679078	170.497125	22.691254	169.804247	21.661960	169.028352	20.589276	168.151672	19.471331	167.150856	18.306406	165.994601	17.093103	164.640127	15.830618	163.027365	14.519208	161.069648	13.161024	158.637732	11.761640	155.531899	10.333015	151.430990	8.899562	145.798762	7.511113	137.721013	6.270383	125.711280	5.379026	108.015080	5.141144	85.121926
735.603940	27.251003	172.678249	26.410435	172.205952	25.535669	171.690816	24.624994	171.125894	23.676621	170.502562	22.688685	169.810020	21.659276	169.034480	20.586471	168.158186	19.468400	167.157776	18.303341	166.001972	17.089898	164.647969	15.827264	163.035703	14.515694	161.078481	13.157337	158.647029	11.757765	155.541527	10.328936	151.440580	8.895266	145.807460	7.506611	137.726778	6.265771	125.709588	5.374649	107.998335	5.137692	85.086868
736.025940	27.248953	172.682578	26.408290	172.210532	25.533424	171.695655	24.622646	171.131022	23.674167	170.507994	22.686119	169.815784	21.656594	169.040598	20.583668	168.164690	19.465471	167.164685	18.300278	166.009333	17.086696	164.655800	15.823913	163.044029	14.512183	161.087303	13.153654	158.656316	11.753895	155.551142	10.324862	151.450158	8.890975	145.816145	7.502113	137.732529	6.261165	125.707876	5.370278	107.981560	5.134248	85.051784
736.447810	27.246895	172.686894	26.406136	172.215101	25.531169	171.700494	24.620289	171.136145	23.671701	170.513423	22.683543	169.821537	21.653902	169.046705	20.580854	168.171179	19.462529	167.171584	18.297204	166.016678	17.083480	164.663614	15.820548	163.052339	14.508658	161.096108	13.149958	158.665581	11.750011	155.560724	10.320776	151.459700	8.886672	145.824776	7.497605	137.738197	6.256550	125.706037	5.365903	107.964587	5.130809	85.016469
736.869630	27.244835	172.691203	26.403980	172.219661	25.528913	171.705326	24.617930	171.141259	23.669235	170.518848	22.680965	169.827281	21.651208	169.052804	20.578037	168.177656	19.459585	167.178474	18.294129	166.024011	17.080263	164.671417	15.817182	163.060638	14.505132	161.104903	13.146260	158.674831	11.746127	155.570287	10.316688	151.469224	8.882368	145.833382	7.493096	137.743830	6.251936	125.704150	5.361531	107.947534	5.127376	84.981070
737.291320	27.242784	172.695511	26.401834	172.224213	25.526668	171.710147	24.615582	171.146362	23.666780	170.524263	22.678399	169.833020	21.648526	169.058896	20.575234	168.184127	19.456655	167.185358	18.291066	166.031334	17.077061	164.679214	15.813831	163.068930	14.501622	161.113690	13.142578	158.684074	11.742259	155.579846	10.312617	151.478752	8.878082	145.842004	7.488604	137.749494	6.247338	125.702323	5.357173	107.930575	5.123953	84.945799
737.712950	27.240743	172.699816	26.399698	172.228761	25.524434	171.714957	24.613245	171.151455	23.664337	170.529667	22.675845	169.838753	21.645856	169.064981	20.572445	168.190592	19.453741	167.192235	18.288018	166.038648	17.073874	164.687006	15.810495	163.077217	14.498128	161.122473	13.138913	158.693312	11.738407	155.589407	10.308563	151.488288	8.873813	145.850648	7.484129	137.755199	6.242756	125.700566	5.352829	107.913724	5.120539	84.910672
738.134400	27.238708	172.704114	26.397568	172.233306	25.522207	171.719764	24.610915	171.156545	23.661901	170.535058	22.673298	169.844474	21.643195	169.071060	20.569665	168.197051	19.450834	167.199105	18.284979	166.045954	17.070696	164.694788	15.807169	163.085494	14.494644	161.131244	13.135258	158.702543	11.734567	155.598965	10.304520	151.497820	8.869555	145.859294	7.479666	137.760918	6.238185	125.698835	5.348494	107.896913	5.117134	84.875603
738.555790	27.236676	172.708403	26.395441	172.237849	25.519980	171.724570	24.608587	171.161634	23.659467	170.540441	22.670754	169.850185	21.640536	169.077133	20.566886	168.203504	19.447930	167.205969	18.281944	166.053254	17.067521	164.702558	15.803846	163.093761	14.491164	161.140006	13.131607	158.711767	11.730730	155.608518	10.300482	151.507343	8.865301	145.867929	7.475208	137.766631	6.233619	125.697090	5.344166	107.880078	5.113735	84.840512
738.977050	27.234644	172.712688	26.393314	172.242383	25.517754	171.729369	24.606260	171.166715	23.657033	170.545819	22.668211	169.855890	21.637878	169.083197	20.564108	168.209946	19.445026	167.212823	18.278909	166.060547	17.064348	164.710317	15.800525	163.102014	14.487685	161.148755	13.127958	158.720979	11.726896	155.618057	10.296446	151.516848	8.861050	145.876545	7.470753	137.772320	6.229057	125.695311	5.339842	107.863196	5.110344	84.805375
739.398250	27.232611	172.716972	26.391187	172.246906	25.515529	171.734155	24.603932	171.171785	23.654599	170.551195	22.665667	169.861595	21.635219	169.089252	20.561330	168.216378	19.442123	167.219668	18.275874	166.067833	17.061174	164.718064	15.797204	163.110251	14.484206	161.157492	13.124309	158.730182	11.723062	155.627579	10.292410	151.526333	8.856800	145.885142	7.466299	137.777979	6.224497	125.693493	5.335523	107.846255	5.106959	84.770180
739.819340	27.230584	172.721250	26.389065	172.251421	25.513309	171.738933	24.601609	171.176845	23.652172	170.556566	22.663130	169.867294	21.632567	169.095295	20.558558	168.222801	19.439227	167.226502	18.272846	166.075111	17.058008	164.725805	15.793891	163.118479	14.480736	161.166222	13.120668	158.739374	11.719237	155.637092	10.288384	151.535814	8.852559	145.893736	7.461855	137.783643	6.219947	125.691687	5.331213	107.829334	5.103581	84.735022
740.240300	27.228567	172.725518	26.386953	172.255932	25.511101	171.743708	24.599299	171.181904	23.649757	170.561927	22.660606	169.872981	21.629929	169.101327	20.555801	168.229217	19.436345	167.233325	18.269834	166.082381	17.054858	164.733544	15.790594	163.126705	14.477282	161.174951	13.117045	158.748560	11.715430	155.646606	10.284375	151.545309	8.848337	145.902352	7.457429	137.789355	6.215413	125.689959	5.326917	107.812529	5.100214	84.700018
740.661130	27.226560	172.729775	26.384851	172.260441	25.508903	171.748481	24.597000	171.186959	23.647353	170.567276	22.658091	169.878657	21.627302	169.107350	20.553055	168.235627	19.433475	167.240138	18.266835	166.089638	17.051720	164.741279	15.787311	163.134927	14.473841	161.183674	13.113437	158.757738	11.711637	155.656120	10.280382	151.554812	8.844131	145.910982	7.453018	137.795102	6.210895	125.688287	5.322634	107.795809	5.096855	84.665127
741.081910	27.224552	172.734028	26.382748	172.264945	25.506703	171.753246	24.594700	171.192007	23.644947	170.572619	22.655577	169.884328	21.624675	169.113370	20.550309	168.242030	19.430605	167.246946	18.263836	166.096883	17.048583	164.748999	15.784027	163.143138	14.470402	161.192383	13.109829	158.766904	11.707845	155.665621	10.276390	151.564298	8.839926	145.919597	7.448609	137.800822	6.206379	125.686581	5.318354	107.779034	5.093502	84.630177
741.502560	27.222539	172.738280	26.380643	172.269441	25.504499	171.757998	24.592395	171.197043	23.642537	170.577955	22.653059	169.889993	21.622043	169.119388	20.547559	168.248421	19.427730	167.253746	18.260830	166.104113	17.045440	164.756699	15.780739	163.151333	14.466957	161.201071	13.106215	158.776056	11.704048	155.675100	10.272394	151.573752	8.835716	145.928179	7.444196	137.806483	6.201860	125.684790	5.314075	107.762137	5.090155	84.595089
741.923100	27.220527	172.742526	26.378538	172.273930	25.502296	171.762743	24.590091	171.202069	23.640128	170.583285	22.650542	169.895650	21.619412	169.125398	20.544810	168.254800	19.424857	167.260539	18.257826	166.111335	17.042299	164.764387	15.777452	163.159515	14.463515	161.209747	13.102604	158.785195	11.700253	155.684565	10.268400	151.583189	8.831509	145.936743	7.439786	137.812123	6.197346	125.682970	5.309802	107.745198	5.086815	84.559962
742.343570	27.218522	172.746760	26.376438	172.278413	25.500100	171.767488	24.587794	171.207090	23.637727	170.588609	22.648032	169.901296	21.616788	169.131392	20.542069	168.261169	19.421992	167.267322	18.254831	166.118556	17.039168	164.772075	15.774176	163.167692	14.460082	161.218424	13.099003	158.794325	11.696470	155.694026	10.264417	151.592630	8.827314	145.945311	7.435389	137.817787	6.192842	125.681186	5.305538	107.728310	5.083484	84.524908
742.763850	27.216526	172.750985	26.374348	172.282889	25.497915	171.772228	24.585509	171.212105	23.635338	170.593925	22.645534	169.906931	21.614177	169.137373	20.539341	168.267530	19.419141	167.274092	18.251850	166.125771	17.036051	164.779758	15.770914	163.175861	14.456665	161.227095	13.095418	158.803449	11.692703	155.703484	10.260451	151.602077	8.823137	145.953892	7.431008	137.823486	6.188355	125.679464	5.301288	107.711517	5.080162	84.489985
743.184140	27.214539	172.755207	26.372268	172.287356	25.495739	171.776958	24.583235	171.217114	23.632960	170.599235	22.643047	169.912561	21.611578	169.143352	20.536625	168.273890	19.416303	167.280855	18.248883	166.132978	17.032948	164.787435	15.767666	163.184027	14.453262	161.235759	13.091848	158.812579	11.688951	155.712948	10.256500	151.611538	8.818974	145.962499	7.426643	137.829224	6.183882	125.677814	5.297050	107.694826	5.076848	84.455195
743.604250	27.212560	172.759426	26.370197	172.291811	25.493571	171.781677	24.580969	171.222116	23.630590	170.604537	22.640569	169.918184	21.608989	169.149329	20.533919	168.280245	19.413475	167.287607	18.245926	166.140173	17.029856	164.795099	15.764430	163.192185	14.449872	161.244408	13.088291	158.821706	11.685213	155.722407	10.252564	151.620999	8.814826	145.971117	7.422291	137.834979	6.179422	125.676204	5.292824	107.678200	5.073543	84.420496
744.024290	27.210580	172.763640	26.368126	172.296262	25.491404	171.786391	24.578702	171.227111	23.628220	170.609834	22.638092	169.923802	21.606400	169.155298	20.531213	168.286591	19.410646	167.294351	18.242970	166.147357	17.026764	164.802749	15.761194	163.200331	14.446483	161.253047	13.084735	158.830818	11.681475	155.731854	10.248628	151.630443	8.810678	145.979714	7.417941	137.840708	6.174965	125.674554	5.288602	107.661514	5.070243	84.385734
744.444210	27.208597	172.767846	26.366050	172.300712	25.489232	171.791103	24.576429	171.232099	23.625844	170.615125	22.635609	169.929412	21.603805	169.161255	20.528501	168.292920	19.407812	167.301088	18.240008	166.154533	17.023666	164.810384	15.757951	163.208462	14.443087	161.261677	13.081173	158.839905	11.677731	155.741279	10.244686	151.639857	8.806525	145.988269	7.413586	137.846385	6.170505	125.672816	5.284380	107.644698	5.066950	84.350825
744.864010	27.206614	172.772047	26.363975	172.305157	25.487061	171.795810	24.574157	171.237080	23.623470	170.620407	22.633128	169.935015	21.601211	169.167202	20.525790	168.299238	19.404980	167.307819	18.237047	166.161698	17.020570	164.818010	15.754711	163.216580	14.439692	161.270296	13.077612	158.848975	11.673990	155.750690	10.240747	151.649254	8.802376	145.996805	7.409235	137.852045	6.166049	125.671050	5.280164	107.627841	5.063664	84.315878
745.283750	27.204638	172.776246	26.361908	172.309594	25.484898	171.800506	24.571895	171.242056	23.621105	170.625678	22.630656	169.940613	21.598627	169.173145	20.523090	168.305556	19.402158	167.314543	18.234098	166.168852	17.017485	164.825634	15.751484	163.224690	14.436311	161.278908	13.074065	158.858045	11.670262	155.760099	10.236821	151.658654	8.798240	146.005357	7.404898	137.857731	6.161606	125.669337	5.275959	107.611060	5.060386	84.281035
745.703370	27.202674	172.780440	26.359852	172.314024	25.482747	171.805192	24.569647	171.247024	23.618754	170.630941	22.628198	169.946203	21.596059	169.179081	20.520406	168.311870	19.399353	167.321260	18.231164	166.175997	17.014418	164.833255	15.748274	163.232795	14.432947	161.287512	13.070535	158.867118	11.666553	155.769510	10.232915	151.668065	8.794123	146.013937	7.400580	137.863466	6.157181	125.667712	5.271768	107.594411	5.057117	84.246365
746.122860	27.200722	172.784626	26.357809	172.318451	25.480609	171.809873	24.567413	171.251987	23.616417	170.636199	22.625755	169.951783	21.593506	169.185008	20.517737	168.318176	19.396564	167.327968	18.228249	166.183138	17.011367	164.840866	15.745082	163.240898	14.429602	161.296113	13.067026	158.876194	11.662864	155.778929	10.229030	151.677491	8.790028	146.022544	7.396282	137.869256	6.152774	125.666178	5.267593	107.577907	5.053857	84.211881
746.542240	27.198779	172.788800	26.355775	172.322875	25.478482	171.814554	24.565187	171.256943	23.614091	170.641455	22.623323	169.957353	21.590965	169.190923	20.515080	168.324470	19.393788	167.334665	18.225346	166.190276	17.008331	164.848466	15.741904	163.248998	14.426273	161.304712	13.063532	158.885269	11.659190	155.788350	10.225161	151.686926	8.785948	146.031168	7.392000	137.875083	6.148382	125.664703	5.263429	107.561495	5.050606	84.177518
746.961550	27.196836	172.792968	26.353741	172.327293	25.476354	171.819228	24.562961	171.261891	23.611763	170.646705	22.620891	169.962915	21.588422	169.196831	20.512422	168.330753	19.391010	167.341352	18.222443	166.197406	17.005293	164.856055	15.738724	163.257087	14.422942	161.313300	13.060037	158.894328	11.655516	155.797754	10.221291	151.696343	8.781869	146.039771	7.387718	137.880881	6.143992	125.663185	5.259270	107.545016	5.047361	84.143084
747.380740	27.194884	172.797134	26.351698	172.331701	25.474216	171.823890	24.560725	171.266827	23.609425	170.651944	22.618447	169.968471	21.585868	169.202732	20.509754	168.337027	19.388221	167.348029	18.219527	166.204520	17.002245	164.863633	15.735533	163.265156	14.419599	161.321868	13.056530	158.903357	11.651829	155.807124	10.217409	151.705721	8.777777	146.048324	7.383426	137.886597	6.139594	125.661543	5.255107	107.528342	5.044121	84.108428
747.799870	27.192928	172.801298	26.349651	172.336098	25.472075	171.828544	24.558485	171.271757	23.607083	170.657173	22.615999	169.974021	21.583310	169.208628	20.507082	168.343293	19.385428	167.354698	18.216606	166.211623	16.999192	164.871204	15.732337	163.273211	14.416252	161.330422	13.053018	158.912369	11.648139	155.816474	10.213523	151.715076	8.773682	146.056845	7.379130	137.892265	6.135193	125.659831	5.250945	107.511560	5.040886	84.073653
748.218810	27.190979	172.805454	26.347611	172.340488	25.469940	171.833193	24.556252	171.276681	23.604750	170.662394	22.613559	169.979563	21.580760	169.214515	20.504418	168.349551	19.382643	167.361358	18.213696	166.218717	16.996148	164.878767	15.729152	163.281255	14.412915	161.338965	13.049518	158.921379	11.644459	155.825822	10.209648	151.724432	8.769599	146.065365	7.374847	137.897947	6.130805	125.658150	5.246794	107.494832	5.037660	84.038955
748.637700	27.189040	172.809603	26.345581	172.344873	25.467816	171.837841	24.554032	171.281603	23.602429	170.667611	22.611132	169.985099	21.578224	169.220396	20.501768	168.355802	19.379873	167.368012	18.210800	166.225806	16.993119	164.886323	15.725982	163.289295	14.409594	161.347504	13.046034	158.930393	11.640797	155.835180	10.205792	151.733801	8.765534	146.073906	7.370581	137.903673	6.126432	125.656543	5.242656	107.478222	5.034442	84.004409
749.056520	27.187110	172.813746	26.343562	172.349254	25.465703	171.842484	24.551823	171.286521	23.600119	170.672822	22.608718	169.990629	21.575700	169.226272	20.499130	168.362049	19.377116	167.374661	18.207919	166.232890	16.990105	164.893871	15.722828	163.297334	14.406289	161.356041	13.042566	158.939402	11.637151	155.844540	10.201952	151.743179	8.761486	146.082472	7.366332	137.909442	6.122075	125.655009	5.238531	107.461722	5.031232	83.970005
749.475160	27.185190	172.817882	26.341552	172.353632	25.463601	171.847121	24.549624	171.291432	23.597820	170.678026	22.606315	169.996153	21.573188	169.232140	20.496504	168.368288	19.374372	167.381302	18.205051	166.239965	16.987105	164.901406	15.719688	163.305368	14.402999	161.364572	13.039113	158.948399	11.633521	155.853894	10.198128	151.752555	8.757454	146.091059	7.362099	137.915246	6.117733	125.653535	5.234419	107.445314	5.028032	83.935727
749.893740	27.183276	172.822012	26.339549	172.358006	25.461505	171.851748	24.547433	171.296334	23.595527	170.683222	22.603919	170.001668	21.570684	169.238001	20.493887	168.374519	19.371637	167.387936	18.202191	166.247032	16.984114	164.908933	15.716558	163.313394	14.399718	161.373096	13.035670	158.957389	11.629901	155.863243	10.194314	151.761932	8.753432	146.099655	7.357877	137.921067	6.113402	125.652092	5.230316	107.428950	5.024839	83.901513
750.312190	27.181366	172.826134	26.337549	172.362374	25.459413	171.856364	24.545245	171.301225	23.593239	170.688407	22.601528	170.007172	21.568185	169.243850	20.491275	168.380738	19.368907	167.394557	18.199336	166.254089	16.981129	164.916453	15.713433	163.321405	14.396443	161.381610	13.032233	158.966376	11.626288	155.872585	10.190507	151.771306	8.749417	146.108242	7.353661	137.926888	6.109077	125.650648	5.226220	107.412588	5.021652	83.867315
750.730590	27.179457	172.830251	26.335551	172.366735	25.457323	171.860972	24.543058	171.306107	23.590952	170.693584	22.599139	170.012668	21.565688	169.249690	20.488665	168.386949	19.366179	167.401171	18.196484	166.261137	16.978146	164.923967	15.710310	163.329402	14.393171	161.390113	13.028799	158.975360	11.622679	155.881919	10.186704	151.780673	8.745407	146.116816	7.349450	137.932698	6.104758	125.649193	5.222130	107.396206	5.018472	83.833102
751.148800	27.177550	172.834365	26.333555	172.371083	25.455235	171.865575	24.540874	171.310986	23.588669	170.698755	22.596752	170.018159	21.563194	169.255523	20.486059	168.393152	19.363455	167.407776	18.193636	166.268173	16.975167	164.931471	15.707191	163.337391	14.389904	161.398604	13.025370	158.984330	11.619074	155.891238	10.182906	151.790021	8.741401	146.125374	7.345245	137.938491	6.100445	125.647722	5.218047	107.379803	5.015300	83.798877
751.566960	27.175644	172.838477	26.331560	172.375422	25.453148	171.870177	24.538691	171.315864	23.586387	170.703924	22.594366	170.023648	21.560701	169.261352	20.483453	168.399350	19.360732	167.414376	18.190789	166.275200	16.972190	164.938965	15.704075	163.345376	14.386639	161.407087	13.021944	158.993286	11.615471	155.900545	10.179111	151.799351	8.737399	146.133920	7.341044	137.944268	6.096135	125.646234	5.213968	107.363372	5.012134	83.764628
751.985050	27.173740	172.842581	26.329567	172.379758	25.451064	171.874775	24.536510	171.320734	23.584107	170.709089	22.591983	170.029131	21.558210	169.267172	20.480850	168.405541	19.358011	167.420968	18.187945	166.282220	16.969215	164.946449	15.700961	163.353353	14.383377	161.415560	13.018521	159.002228	11.611873	155.909840	10.175319	151.808673	8.733402	146.142456	7.336847	137.950035	6.091831	125.644730	5.209896	107.346918	5.008975	83.730360
752.402950	27.171838	172.846672	26.327577	172.384096	25.448982	171.879364	24.534332	171.325592	23.581831	170.714247	22.589603	170.034601	21.555723	169.272979	20.478250	168.411719	19.355294	167.427549	18.185104	166.289233	16.966245	164.953920	15.697853	163.361318	14.380119	161.424022	13.015103	159.011156	11.608278	155.919123	10.171534	151.817989	8.729410	146.150982	7.332656	137.955793	6.087533	125.643212	5.205829	107.330450	5.005822	83.696086
752.820800	27.169938	172.850757	26.325589	172.388432	25.446901	171.883946	24.532156	171.330441	23.579556	170.719397	22.587225	170.040063	21.553238	169.278778	20.475653	168.417888	19.352580	167.434120	18.182266	166.296238	16.963276	164.961384	15.694747	163.369272	14.376863	161.432474	13.011688	159.020073	11.604687	155.928398	10.167751	151.827296	8.725422	146.159498	7.328469	137.961543	6.083239	125.641678	5.201768	107.313955	5.002676	83.661790
753.238530	27.168039	172.854842	26.323601	172.392758	25.444822	171.888522	24.529981	171.335287	23.577283	170.724537	22.584848	170.045519	21.550754	169.284575	20.473057	168.424050	19.349867	167.440679	18.179430	166.303233	16.960311	164.968842	15.691643	163.377216	14.373611	161.440914	13.008276	159.028981	11.601100	155.937662	10.163972	151.836587	8.721437	146.168001	7.324286	137.967279	6.078951	125.640127	5.197713	107.297430	4.999536	83.627473
753.656190	27.166144	172.858929	26.321618	172.397073	25.442746	171.893093	24.527810	171.340131	23.575014	170.729668	22.582476	170.050969	21.548275	169.290369	20.470468	168.430207	19.347160	167.447230	18.176600	166.310218	16.957351	164.976294	15.688545	163.385150	14.370366	161.449345	13.004870	159.037883	11.597520	155.946920	10.160201	151.845868	8.717461	146.176503	7.320111	137.973018	6.074669	125.638588	5.193665	107.280918	4.996404	83.593185
754.073730	27.164259	172.863009	26.319644	172.401380	25.440680	171.897656	24.525651	171.344970	23.572755	170.734791	22.580116	170.056410	21.545807	169.296156	20.467890	168.436358	19.344465	167.453777	18.173784	166.317196	16.954405	164.983735	15.685462	163.393078	14.367136	161.457772	13.001480	159.046784	11.593956	155.956180	10.156445	151.855158	8.713500	146.185024	7.315952	137.978791	6.070403	125.637114	5.189629	107.264508	4.993280	83.559030
754.491150	27.162385	172.867077	26.317682	172.405681	25.438628	171.902213	24.523505	171.349802	23.570511	170.739907	22.577770	170.061839	21.543355	169.301932	20.465327	168.442501	19.341786	167.460321	18.170984	166.324167	16.951475	164.991165	15.682395	163.400998	14.363923	161.466196	12.998108	159.055685	11.590410	155.965444	10.152709	151.864465	8.709558	146.193574	7.311811	137.984610	6.066154	125.635724	5.185608	107.248235	4.990164	83.525048
754.908450	27.160515	172.871135	26.315725	172.409977	25.436581	171.906763	24.521365	171.354625	23.568272	170.745019	22.575430	170.067262	21.540910	169.307697	20.462771	168.448636	19.339114	167.466859	18.168191	166.331130	16.948553	164.998586	15.679337	163.408910	14.360718	161.474611	12.994745	159.064578	11.586874	155.974701	10.148983	151.873770	8.705626	146.202123	7.307680	137.990438	6.061914	125.634353	5.181595	107.231995	4.987055	83.491117
755.325680	27.158644	172.875188	26.313767	172.414270	25.434533	171.911308	24.519222	171.359438	23.566032	170.750128	22.573089	170.072683	21.538463	169.313451	20.460213	168.454767	19.336441	167.473387	18.165396	166.338084	16.945630	165.006003	15.676277	163.416812	14.357512	161.483012	12.991380	159.073458	11.583336	155.983939	10.145255	151.883054	8.701693	146.210641	7.303550	137.996237	6.057675	125.632936	5.177585	107.215679	4.983953	83.457108
755.742800	27.156771	172.879235	26.311808	172.418560	25.432483	171.915845	24.517077	171.364242	23.563790	170.755233	22.570745	170.078099	21.536014	169.319197	20.457654	168.460889	19.333766	167.479903	18.162599	166.345028	16.942705	165.013412	15.673216	163.424703	14.354305	161.491399	12.988015	159.082323	11.579797	155.993159	10.141525	151.892318	8.697760	146.219132	7.299419	138.002004	6.053438	125.631469	5.173579	107.199288	4.980856	83.423021
756.159790	27.154900	172.883278	26.309850	172.422845	25.430434	171.920375	24.514934	171.369043	23.561550	170.760328	22.568403	170.083507	21.533567	169.324940	20.455096	168.467003	19.331093	167.486409	18.159805	166.351959	16.939784	165.020807	15.670158	163.432584	14.351101	161.499777	12.984652	159.091175	11.576262	156.002369	10.137800	151.901571	8.693831	146.227617	7.295294	138.007759	6.049206	125.629985	5.169577	107.182872	4.977767	83.388916
756.576720	27.153034	172.887318	26.307896	172.427124	25.428389	171.924899	24.512796	171.373842	23.559315	170.765413	22.566067	170.088904	21.531124	169.330680	20.452544	168.473107	19.328427	167.492906	18.157018	166.358881	16.936868	165.028187	15.667106	163.440456	14.347903	161.508150	12.981296	159.100019	11.572733	156.011575	10.134082	151.910821	8.689910	146.236108	7.291175	138.013516	6.044980	125.628509	5.165583	107.166470	4.974683	83.354838
756.993470	27.151173	172.891355	26.305948	172.431391	25.426351	171.929418	24.510665	171.378633	23.557088	170.770490	22.563738	170.094292	21.528690	169.336412	20.450001	168.479199	19.325769	167.499394	18.154239	166.365798	16.933961	165.035559	15.664065	163.448318	14.344715	161.516516	12.977950	159.108856	11.569215	156.020776	10.130376	151.920067	8.686000	146.244603	7.287067	138.019288	6.040766	125.627067	5.161599	107.150120	4.971607	83.320837
757.410220	27.149319	172.895391	26.304008	172.435648	25.424321	171.933937	24.508542	171.383413	23.554868	170.775561	22.561418	170.099675	21.526265	169.342135	20.447466	168.485281	19.323120	167.505879	18.151470	166.372714	16.931065	165.042932	15.661033	163.456174	14.341537	161.524877	12.974616	159.117691	11.565708	156.029974	10.126681	151.929313	8.682102	146.253104	7.282972	138.025086	6.036563	125.625672	5.157625	107.133835	4.968538	83.286922
757.826780	27.147470	172.899420	26.302074	172.439898	25.422298	171.938449	24.506426	171.388184	23.552654	170.780625	22.559105	170.105051	21.523848	169.347847	20.444940	168.491356	19.320479	167.512355	18.148709	166.379623	16.928177	165.050299	15.658010	163.464023	14.338370	161.533227	12.971292	159.126519	11.562212	156.039164	10.122997	151.938555	8.678215	146.261604	7.278887	138.030894	6.032371	125.624303	5.153660	107.117594	4.965477	83.253072
758.243290	27.145624	172.903439	26.300142	172.444151	25.420277	171.942951	24.504313	171.392952	23.550444	170.785684	22.556795	170.110421	21.521434	169.353552	20.442416	168.497428	19.317842	167.518821	18.145952	166.386518	16.925293	165.057656	15.654991	163.471866	14.335207	161.541568	12.967972	159.135338	11.558721	156.048348	10.119317	151.947795	8.674333	146.270098	7.274808	138.036700	6.028184	125.622930	5.149701	107.101348	4.962422	83.219224
758.659670	27.143781	172.907448	26.298213	172.448403	25.418258	171.947442	24.502202	171.397718	23.548237	170.790736	22.554488	170.115784	21.519024	169.359252	20.439897	168.503497	19.315208	167.525276	18.143198	166.393399	16.922414	165.065002	15.651977	163.479701	14.332049	161.549898	12.964657	159.144144	11.555236	156.057524	10.115643	151.957028	8.670457	146.278585	7.270734	138.042499	6.024003	125.621548	5.145749	107.085092	4.959375	83.185377
759.075930	27.141942	172.911451	26.296287	172.452647	25.416244	171.951930	24.500095	171.402479	23.546035	170.795781	22.552185	170.121140	21.516617	169.364945	20.437382	168.509558	19.312580	167.531724	18.140450	166.400270	16.919541	165.072336	15.648969	163.487526	14.328897	161.558220	12.961349	159.152941	11.551757	156.066689	10.111977	151.966251	8.666588	146.287070	7.266669	138.048300	6.019830	125.620172	5.141804	107.068846	4.956334	83.151555
759.492130	27.140107	172.915454	26.294366	172.456879	25.414235	171.956417	24.497994	171.407234	23.543837	170.800820	22.549889	170.126489	21.514217	169.370632	20.434873	168.515609	19.309957	167.538166	18.137710	166.407137	16.916675	165.079662	15.645968	163.495340	14.325752	161.566536	12.958049	159.161732	11.548286	156.075847	10.108319	151.975464	8.662727	146.295556	7.262613	138.054109	6.015666	125.618816	5.137867	107.052624	4.953300	83.117778
759.908140	27.138278	172.919452	26.292452	172.461103	25.412232	171.960896	24.495900	171.411979	23.541647	170.805851	22.547600	170.131832	21.511824	169.376310	20.432373	168.521648	19.307344	167.544601	18.134979	166.413998	16.913817	165.086978	15.642977	163.503145	14.322617	161.574842	12.954759	159.170516	11.544826	156.085000	10.104672	151.984675	8.658878	146.304047	7.258568	138.059930	6.011513	125.617491	5.133940	107.036453	4.950273	83.084077
760.324160	27.136455	172.923444	26.290543	172.465328	25.410236	171.965365	24.493812	171.416714	23.539463	170.810877	22.545319	170.137170	21.509439	169.381980	20.429881	168.527678	19.304739	167.551031	18.132255	166.420853	16.910967	165.094290	15.639995	163.510947	14.319491	161.583141	12.951478	159.179298	11.541375	156.094155	10.101034	151.993895	8.655040	146.312547	7.254532	138.065768	6.007369	125.616198	5.130021	107.020333	4.947253	83.050442
760.739990	27.134634	172.927428	26.288637	172.469548	25.408242	171.969824	24.491726	171.421440	23.537283	170.815895	22.543039	170.142500	21.507057	169.387639	20.427391	168.533699	19.302137	167.557451	18.129534	166.427699	16.908121	165.101593	15.637016	163.518739	14.316370	161.591427	12.948201	159.188067	11.537928	156.103301	10.097401	152.003105	8.651206	146.321034	7.250502	138.071593	6.003231	125.614889	5.126109	107.004196	4.944240	83.016799
761.155760	27.132808	172.931405	26.286726	172.473759	25.406242	171.974279	24.489634	171.426162	23.535097	170.820909	22.540753	170.147820	21.504668	169.393291	20.424894	168.539712	19.299528	167.563863	18.126806	166.434536	16.905268	165.108886	15.634030	163.526517	14.313241	161.599702	12.944917	159.196817	11.534475	156.112423	10.093761	152.012284	8.647365	146.329483	7.246466	138.077366	5.999088	125.613492	5.122196	106.987922	4.941231	82.983002
761.571410	27.130977	172.935376	26.284811	172.477960	25.404238	171.978733	24.487538	171.430882	23.532907	170.825916	22.538464	170.153129	21.502274	169.398936	20.422393	168.545718	19.296914	167.570264	18.124073	166.441362	16.902411	165.116167	15.631039	163.534281	14.310107	161.607967	12.941628	159.205549	11.531017	156.121522	10.090117	152.021435	8.643520	146.337900	7.242426	138.083097	5.994944	125.612024	5.118284	106.971539	4.938228	82.949089
761.986940	27.129156	172.939343	26.282906	172.482153	25.402244	171.983182	24.485453	171.435597	23.530727	170.830913	22.536185	170.158433	21.499893	169.404578	20.419905	168.551721	19.294312	167.576658	18.121354	166.448181	16.899568	165.123443	15.628063	163.542038	14.306989	161.616226	12.938355	159.214279	11.527576	156.130619	10.086490	152.030595	8.639692	146.346337	7.238403	138.088867	5.990814	125.610629	5.114384	106.955265	4.935233	82.915317
762.402400	27.127354	172.943308	26.281020	172.486344	25.400272	171.987625	24.483390	171.440305	23.528569	170.835900	22.533930	170.163736	21.497537	169.410218	20.417441	168.557724	19.291738	167.583046	18.118662	166.454994	16.896752	165.130719	15.625115	163.549796	14.303899	161.624485	12.935112	159.223023	11.524164	156.139733	10.082893	152.039796	8.635894	146.354836	7.234410	138.094734	5.986712	125.609408	5.110504	106.939258	4.932247	82.881872
762.817750	27.125561	172.947269	26.279143	172.490533	25.398309	171.992059	24.481336	171.445006	23.526422	170.840879	22.531685	170.169034	21.495191	169.415852	20.414989	168.563718	19.289176	167.589427	18.115982	166.461799	16.893949	165.137988	15.622180	163.557547	14.300823	161.632736	12.931883	159.231765	11.520767	156.148850	10.079311	152.049007	8.632112	146.363353	7.230432	138.100634	5.982624	125.608250	5.106636	106.923351	4.929268	82.848558
763.232970	27.123763	172.951223	26.277260	172.494720	25.396339	171.996486	24.479277	171.449700	23.524268	170.845855	22.529434	170.174321	21.492838	169.421471	20.412531	168.569698	19.286606	167.595797	18.113296	166.468594	16.891138	165.145243	15.619238	163.565282	14.297740	161.640972	12.928647	159.240485	11.517362	156.157950	10.075722	152.058183	8.628323	146.371829	7.226447	138.106477	5.978531	125.606996	5.102768	106.907302	4.926295	82.815085
763.648130	27.121957	172.955170	26.275370	172.498902	25.394361	172.000908	24.477208	171.454389	23.522106	170.850829	22.527174	170.179599	21.490475	169.427077	20.410062	168.575665	19.284026	167.602158	18.110599	166.475379	16.888316	165.152485	15.616286	163.573003	14.294646	161.649193	12.925399	159.249182	11.513947	156.167028	10.072122	152.067321	8.624524	146.380256	7.222453	138.112254	5.974431	125.605630	5.098896	106.891080	4.923326	82.781418
764.063170	27.120154	172.959110	26.273482	172.503076	25.392385	172.005326	24.475142	171.459071	23.519947	170.855798	22.524916	170.184869	21.488116	169.432676	20.407597	168.581626	19.281449	167.608511	18.107906	166.482156	16.885499	165.159715	15.613337	163.580718	14.291556	161.657409	12.922156	159.257868	11.510536	156.176092	10.068527	152.076448	8.620729	146.388672	7.218465	138.118022	5.970337	125.604257	5.095031	106.874846	4.920364	82.747752
764.478090	27.118360	172.963044	26.271604	172.507238	25.390420	172.009743	24.473087	171.463747	23.517799	170.860758	22.522670	170.190133	21.485769	169.438274	20.405145	168.587587	19.278886	167.614857	18.105225	166.488927	16.882696	165.166934	15.610402	163.588432	14.288481	161.665623	12.918928	159.266554	11.507141	156.185151	10.064947	152.085584	8.616951	146.397107	7.214493	138.123826	5.966257	125.602956	5.091178	106.858717	4.917408	82.714226
764.892880	27.116574	172.966973	26.269734	172.511393	25.388466	172.014152	24.471043	171.468415	23.515661	170.865711	22.520435	170.195390	21.483434	169.443869	20.402704	168.593542	19.276334	167.621197	18.102557	166.495691	16.879906	165.174147	15.607481	163.596140	14.285420	161.673831	12.915715	159.275239	11.503761	156.194208	10.061383	152.094729	8.613189	146.405559	7.210536	138.129666	5.962192	125.601721	5.087337	106.842688	4.914461	82.680834
765.307620	27.114795	172.970899	26.267873	172.515547	25.386518	172.018551	24.469006	171.473078	23.513531	170.870658	22.518208	170.200641	21.481107	169.449458	20.400272	168.599486	19.273793	167.627530	18.099899	166.502449	16.877126	165.181359	15.604572	163.603837	14.282370	161.682028	12.912513	159.283920	11.500393	156.203270	10.057832	152.103879	8.609438	146.414027	7.206591	138.135538	5.958138	125.600532	5.083505	106.826735	4.911521	82.647536
765.722230	27.113021	172.974822	26.266017	172.519698	25.384577	172.022940	24.466975	171.477734	23.511407	170.875598	22.515989	170.205886	21.478788	169.455037	20.397847	168.605418	19.271259	167.633856	18.097250	166.509200	16.874355	165.188566	15.601671	163.611523	14.279329	161.690213	12.909321	159.292593	11.497034	156.212331	10.054290	152.113029	8.605698	146.422500	7.202656	138.141425	5.954094	125.599369	5.079682	106.810829	4.908587	82.614303
766.136720	27.111252	172.978739	26.264165	172.523843	25.382639	172.027325	24.464948	171.482383	23.509288	170.880533	22.513775	170.211123	21.476473	169.460607	20.395427	168.611345	19.268730	167.640176	18.094606	166.515941	16.871589	165.195763	15.598775	163.619202	14.276294	161.698391	12.906136	159.301258	11.493682	156.221384	10.050755	152.122171	8.601965	146.430970	7.198728	138.147310	5.950057	125.598213	5.075866	106.794935	4.905660	82.581094
766.551150	27.109484	172.982649	26.262314	172.527981	25.380702	172.031709	24.462923	171.487026	23.507171	170.885463	22.511562	170.216355	21.474159	169.466168	20.393009	168.617266	19.266202	167.646489	18.091965	166.522672	16.868825	165.202950	15.595882	163.626876	14.273262	161.706565	12.902952	159.309913	11.490333	156.230426	10.047223	152.131302	8.598235	146.439427	7.194804	138.153177	5.946024	125.597040	5.072055	106.779011	4.902739	82.547863
766.965450	27.107715	172.986552	26.260462	172.532111	25.378765	172.036088	24.460897	171.491664	23.505052	170.890383	22.509348	170.221580	21.471844	169.471720	20.390590	168.623179	19.263673	167.652795	18.089323	166.529393	16.866060	165.210126	15.592988	163.634539	14.270228	161.714728	12.899768	159.318555	11.486984	156.239452	10.043691	152.140415	8.594505	146.447861	7.190880	138.159015	5.941993	125.595822	5.068248	106.763019	4.899823	82.514568
767.379640	27.105943	172.990448	26.258607	172.536234	25.376824	172.040462	24.458868	171.496295	23.502930	170.895292	22.507130	170.226798	21.469527	169.477266	20.388168	168.629081	19.261142	167.659090	18.086676	166.536104	16.863292	165.217292	15.590090	163.642188	14.267192	161.722877	12.896580	159.327182	11.483631	156.248461	10.040156	152.149506	8.590773	146.456264	7.186955	138.164816	5.937962	125.594543	5.064441	106.746933	4.896913	82.481178
767.793700	27.104171	172.994339	26.256753	172.540352	25.374884	172.044826	24.456840	171.500919	23.500809	170.900193	22.504912	170.232009	21.467210	169.482806	20.385747	168.634974	19.258612	167.665375	18.084029	166.542806	16.860525	165.224448	15.587193	163.649823	14.264156	161.731012	12.893394	159.335798	11.480280	156.257454	10.036623	152.158582	8.587043	146.464649	7.183033	138.170596	5.933933	125.593233	5.060640	106.730803	4.894010	82.447748
768.207700	27.102403	172.998228	26.254904	172.544470	25.372949	172.049180	24.454815	171.505535	23.498693	170.905091	22.502700	170.237215	21.464898	169.488342	20.383331	168.640864	19.256087	167.671650	18.081389	166.549501	16.857764	165.231598	15.584303	163.657451	14.261128	161.739138	12.890215	159.344407	11.476936	156.266439	10.033098	152.167651	8.583321	146.473034	7.179118	138.176382	5.929912	125.591938	5.056846	106.714700	4.891112	82.414355
768.621580	27.100643	173.002112	26.253063	172.548584	25.371022	172.053524	24.452800	171.510146	23.496588	170.909987	22.500499	170.242414	21.462597	169.493870	20.380927	168.646752	19.253573	167.677915	18.078761	166.556188	16.855015	165.238742	15.581427	163.665074	14.258113	161.747258	12.887050	159.353013	11.473606	156.275422	10.029587	152.176726	8.579613	146.481436	7.175218	138.182200	5.925905	125.590707	5.053063	106.698696	4.888222	82.381088
769.035400	27.098896	173.005993	26.251234	172.552689	25.369109	172.057867	24.450800	171.514753	23.494497	170.914877	22.498313	170.247606	21.460311	169.499389	20.378538	168.652633	19.251076	167.684176	18.076152	166.562874	16.852285	165.245881	15.578568	163.672695	14.255117	161.755379	12.883904	159.361623	11.470297	156.284416	10.026096	152.185822	8.575927	146.489875	7.171338	138.188083	5.921916	125.589586	5.049294	106.682857	4.885339	82.348027
769.449040	27.097162	173.009866	26.249420	172.556780	25.367211	172.062211	24.448815	171.519358	23.492420	170.919759	22.496142	170.252790	21.458043	169.504895	20.376168	168.658501	19.248598	167.690433	18.073560	166.569557	16.849575	165.253012	15.575730	163.680313	14.252141	161.763502	12.880780	159.370233	11.467009	156.293424	10.022628	152.194940	8.572262	146.498351	7.167479	138.194032	5.917946	125.588578	5.045541	106.667191	4.882464	82.315187
769.862610	27.095430	173.013732	26.247607	172.560867	25.365314	172.066553	24.446831	171.523956	23.490345	170.924635	22.493973	170.257969	21.455777	169.510395	20.373799	168.664360	19.246121	167.696685	18.070971	166.576232	16.846867	165.260134	15.572893	163.687921	14.249169	161.771616	12.877658	159.378832	11.463724	156.302422	10.019162	152.204046	8.568600	146.506814	7.163624	138.199968	5.913981	125.587553	5.041792	106.651495	4.879595	82.282326
770.276060	27.093686	173.017591	26.245782	172.564956	25.363404	172.070884	24.444833	171.528544	23.488257	170.929506	22.491791	170.263143	21.453496	169.515894	20.371415	168.670214	19.243631	167.702928	18.068367	166.582886	16.844142	165.267241	15.570041	163.695509	14.246180	161.779706	12.874521	159.387403	11.460422	156.311384	10.015681	152.213103	8.564923	146.515210	7.159754	138.205800	5.910004	125.586367	5.038037	106.635559	4.876731	82.249194
770.689450	27.091934	173.021445	26.243949	172.569045	25.361487	172.075204	24.442827	171.533122	23.486160	170.934370	22.489599	170.268310	21.451206	169.521389	20.369022	168.676062	19.241130	167.709161	18.065752	166.589526	16.841407	165.274336	15.567179	163.703083	14.243180	161.787778	12.871372	159.395953	11.457110	156.320317	10.012188	152.222121	8.561236	146.523555	7.155876	138.211558	5.906019	125.585064	5.034281	106.619448	4.873871	82.215863
771.102720	27.090190	173.025295	26.242123	172.573126	25.359577	172.079516	24.440829	171.537697	23.484072	170.939225	22.487416	170.273467	21.448925	169.526875	20.366637	168.681900	19.238638	167.715382	18.063147	166.596163	16.838682	165.281425	15.564327	163.710653	14.240191	161.795845	12.868234	159.404499	11.453810	156.329247	10.008708	152.231142	8.557561	146.531913	7.152009	138.217343	5.902047	125.583806	5.030534	106.603408	4.871017	82.182628
771.515870	27.088461	173.029142	26.240312	172.577195	25.357682	172.083823	24.438849	171.542271	23.482001	170.944068	22.485251	170.278612	21.446661	169.532349	20.364272	168.687727	19.236166	167.721594	18.060563	166.602804	16.835979	165.288512	15.561498	163.718226	14.237225	161.803915	12.865120	159.413053	11.450533	156.338191	10.005252	152.240188	8.553909	146.540318	7.148166	138.223211	5.898096	125.582685	5.026804	106.587576	4.868172	82.149650
771.928890	27.086742	173.032985	26.238512	172.581256	25.355800	172.088126	24.436881	171.546838	23.479942	170.948905	22.483099	170.283752	21.444412	169.537816	20.361921	168.693548	19.233708	167.727799	18.057994	166.609439	16.833292	165.295595	15.558684	163.725795	14.234275	161.811982	12.862022	159.421607	11.447273	156.347139	10.001814	152.249248	8.550276	146.548749	7.144340	138.229127	5.894161	125.581649	5.023085	106.571874	4.865333	82.116840
772.341860	27.085028	173.036821	26.236717	172.585316	25.353922	172.092427	24.434917	171.551394	23.477888	170.953741	22.480952	170.288891	21.442168	169.543282	20.359576	168.699367	19.231257	167.734002	18.055430	166.616059	16.830611	165.302672	15.555876	163.733354	14.231332	161.820039	12.858933	159.430156	11.444021	156.356079	9.998383	152.258310	8.546650	146.557180	7.140522	138.235051	5.890233	125.580632	5.019374	106.556200	4.862501	82.084074
772.754700	27.083312	173.040651	26.234921	172.589373	25.352043	172.096723	24.432952	171.555940	23.475834	170.958572	22.478806	170.294026	21.439925	169.548745	20.357231	168.705182	19.228805	167.740201	18.052868	166.622665	16.827930	165.309740	15.553069	163.740900	14.228390	161.828082	12.855844	159.438692	11.440770	156.365004	9.994953	152.267357	8.543026	146.565590	7.136706	138.240949	5.886307	125.579580	5.015667	106.540475	4.859674	82.051261
773.167420	27.081593	173.044473	26.233121	172.593425	25.350160	172.101014	24.430982	171.560483	23.473775	170.963398	22.476654	170.299150	21.437676	169.554197	20.354880	168.710987	19.226348	167.746391	18.050299	166.629263	16.825243	165.316794	15.550256	163.748430	14.225442	161.836110	12.852748	159.447209	11.437514	156.373911	9.991517	152.276374	8.539397	146.573964	7.132885	138.246795	5.882379	125.578446	5.011960	106.524628	4.856853	82.018313
773.580080	27.079869	173.048290	26.231317	172.597469	25.348273	172.105297	24.429009	171.565024	23.471712	170.968216	22.474497	170.304264	21.435422	169.559639	20.352525	168.716781	19.223887	167.752571	18.047726	166.635857	16.822551	165.323836	15.547439	163.755949	14.222489	161.844127	12.849647	159.455710	11.434253	156.382802	9.988078	152.285364	8.535763	146.582309	7.129062	138.252598	5.878449	125.577242	5.008254	106.508673	4.854037	81.985247
773.992610	27.078150	173.052102	26.229518	172.601506	25.346391	172.109573	24.427041	171.569560	23.469655	170.973028	22.472345	170.309372	21.433174	169.565073	20.350176	168.722568	19.221432	167.758740	18.045159	166.642445	16.819865	165.330868	15.544628	163.763461	14.219543	161.852137	12.846554	159.464203	11.430999	156.391687	9.984646	152.294349	8.532138	146.590655	7.125246	138.258409	5.874527	125.576056	5.004556	106.492746	4.851227	81.952227
774.405030	27.076441	173.055910	26.227731	172.605537	25.344520	172.113843	24.425084	171.574089	23.467608	170.977833	22.470207	170.314479	21.430939	169.570502	20.347840	168.728350	19.218991	167.764897	18.042607	166.649027	16.817195	165.337894	15.541833	163.770973	14.216612	161.860145	12.843478	159.472695	11.427761	156.400574	9.981231	152.303345	8.528529	146.599027	7.121447	138.264269	5.870621	125.574954	5.000870	106.476946	4.848424	81.919374
774.817320	27.074738	173.059715	26.225950	172.609562	25.342657	172.118106	24.423134	171.578611	23.465569	170.982631	22.468077	170.319581	21.428711	169.575923	20.345513	168.734124	19.216558	167.771048	18.040063	166.655599	16.814534	165.344913	15.539047	163.778477	14.213692	161.868146	12.840413	159.481182	11.424535	156.409458	9.977827	152.312344	8.524933	146.607406	7.117660	138.270149	5.866725	125.573893	4.997194	106.461211	4.845628	81.886611
775.229550	27.073036	173.063519	26.224169	172.613580	25.340793	172.122368	24.421184	171.583125	23.463531	170.987424	22.465947	170.324672	21.426485	169.581335	20.343186	168.739887	19.214126	167.777197	18.037521	166.662161	16.811875	165.351927	15.536262	163.785969	14.210774	161.876137	12.837349	159.489658	11.421310	156.418330	9.974426	152.321335	8.521338	146.615769	7.113875	138.276011	5.862832	125.572806	4.993521	106.445438	4.842838	81.853810
775.641660	27.071334	173.067320	26.222387	172.617592	25.338929	172.126626	24.419236	171.587634	23.461494	170.992210	22.463817	170.329752	21.424259	169.586737	20.340859	168.745641	19.211695	167.783343	18.034979	166.668713	16.809217	165.358934	15.533480	163.793445	14.207858	161.884117	12.834287	159.498122	11.418088	156.427189	9.971026	152.330313	8.517746	146.624115	7.110093	138.281851	5.858943	125.571692	4.989853	106.429629	4.840053	81.820976
776.053650	27.069639	173.071111	26.220611	172.621600	25.337072	172.130878	24.417295	171.592140	23.459464	170.996990	22.461695	170.334828	21.422041	169.592134	20.338541	168.751390	19.209272	167.789480	18.032445	166.675261	16.806567	165.365932	15.530705	163.800915	14.204950	161.892090	12.831233	159.506579	11.414875	156.436044	9.967637	152.339289	8.514164	146.632467	7.106322	138.287707	5.855064	125.570610	4.986193	106.413869	4.837275	81.788214
776.465580	27.067951	173.074892	26.218844	172.625604	25.335223	172.135125	24.415362	171.596643	23.457443	171.001765	22.459583	170.339903	21.419833	169.597528	20.336234	168.757137	19.206861	167.795605	18.029923	166.681808	16.803929	165.372919	15.527944	163.808383	14.202055	161.900063	12.828194	159.515034	11.411676	156.444901	9.964262	152.348271	8.510597	146.640841	7.102564	138.293600	5.851197	125.569595	4.982544	106.398208	4.834502	81.755581
776.877380	27.066269	173.078665	26.217084	172.629606	25.333382	172.139364	24.413436	171.601141	23.455429	171.006532	22.457478	170.344973	21.417633	169.602919	20.333936	168.762879	19.204458	167.801722	18.027410	166.688347	16.801300	165.379896	15.525191	163.815847	14.199169	161.908029	12.825164	159.523485	11.408487	156.453754	9.960897	152.357251	8.507039	146.649223	7.098816	138.299510	5.847340	125.568613	4.978903	106.382600	4.831737	81.723026
777.289060	27.064589	173.082435	26.215326	172.633607	25.331543	172.143596	24.411512	171.605627	23.453418	171.011291	22.455376	170.350032	21.415436	169.608303	20.331640	168.768610	19.202058	167.807834	18.024901	166.694871	16.798675	165.386867	15.522442	163.823305	14.196288	161.915985	12.822138	159.531930	11.405302	156.462601	9.957536	152.366224	8.503487	146.657596	7.095073	138.305414	5.843489	125.567624	4.975268	106.366987	4.828977	81.690472
777.700680	27.062910	173.086204	26.213569	172.637602	25.329705	172.147823	24.409590	171.610104	23.451408	171.016045	22.453274	170.355082	21.413240	169.613680	20.329344	168.774331	19.199658	167.813940	18.022394	166.701383	16.796051	165.393832	15.519695	163.830755	14.193409	161.923930	12.819114	159.540366	11.402120	156.471438	9.954178	152.375187	8.499937	146.665955	7.091334	138.311305	5.839640	125.566615	4.971638	106.351344	4.826223	81.657892
778.112180	27.061232	173.089969	26.211814	172.641589	25.327868	172.152044	24.407668	171.614577	23.449400	171.020796	22.451174	170.360123	21.411046	169.619046	20.327050	168.780045	19.197261	167.820036	18.019888	166.707890	16.793430	165.400792	15.516951	163.838192	14.190532	161.931865	12.816093	159.548789	11.398941	156.480264	9.950823	152.384138	8.496392	146.674303	7.087598	138.317184	5.835796	125.565592	4.968012	106.335677	4.823474	81.625299
778.523560	27.059555	173.093731	26.210060	172.645564	25.326033	172.156259	24.405749	171.619048	23.447393	171.025544	22.449076	170.365158	21.408853	169.624402	20.324759	168.785753	19.194865	167.826119	18.017383	166.714397	16.790811	165.407746	15.514209	163.845615	14.187658	161.939790	12.813074	159.557197	11.395764	156.489076	9.947472	152.393075	8.492850	146.682638	7.083866	138.323053	5.831957	125.564556	4.964391	106.319986	4.820731	81.592693
778.934810	27.057880	173.097488	26.208307	172.649533	25.324199	172.160467	24.403830	171.623514	23.445388	171.030285	22.446980	170.370190	21.406662	169.629752	20.322470	168.791455	19.192472	167.832197	18.014881	166.720895	16.788194	165.414688	15.511469	163.853027	14.184785	161.947705	12.810059	159.565594	11.392591	156.497874	9.944124	152.401998	8.489311	146.690958	7.080138	138.328907	5.828123	125.563501	4.960776	106.304268	4.817994	81.560068
779.346010	27.056207	173.101239	26.206554	172.653501	25.322365	172.164668	24.401912	171.627976	23.443383	171.035017	22.444885	170.375219	21.404473	169.635101	20.320182	168.797150	19.190081	167.838273	18.012380	166.727378	16.785578	165.421615	15.508731	163.860435	14.181915	161.955611	12.807045	159.573986	11.389420	156.506660	9.940778	152.410913	8.485774	146.699264	7.076413	138.334749	5.824291	125.562426	4.957164	106.288521	4.815263	81.527416
779.757080	27.054537	173.104983	26.204805	172.657465	25.320536	172.168863	24.399999	171.632429	23.441383	171.039739	22.442794	170.380243	21.402288	169.640445	20.317898	168.802838	19.187695	167.844346	18.009885	166.733849	16.782967	165.428531	15.505999	163.867836	14.179051	161.963507	12.804038	159.582371	11.386255	156.515440	9.937439	152.419825	8.482245	146.707566	7.072695	138.340591	5.820467	125.561360	4.953560	106.272795	4.812537	81.494801
780.168030	27.052874	173.108720	26.203064	172.661422	25.318714	172.173055	24.398095	171.636871	23.439392	171.044453	22.440713	170.385258	21.400113	169.645780	20.315625	168.808521	19.185319	167.850409	18.007401	166.740315	16.780368	165.435444	15.503278	163.875231	14.176198	161.971395	12.801043	159.590753	11.383103	156.524222	9.934113	152.428743	8.478729	146.715882	7.068991	138.346458	5.816655	125.560348	4.949965	106.257151	4.809818	81.462297
780.578920	27.051217	173.112451	26.201331	172.665373	25.316901	172.177245	24.396199	171.641303	23.437409	171.049162	22.438642	170.390264	21.397947	169.651105	20.313361	168.814198	19.182953	167.856463	18.004927	166.746782	16.777780	165.442355	15.500568	163.882619	14.173358	161.979277	12.798060	159.599132	11.379963	156.533009	9.930798	152.437668	8.475225	146.724216	7.065299	138.352352	5.812853	125.559391	4.946380	106.241591	4.807105	81.429905
780.989690	27.049563	173.116178	26.199601	172.669319	25.315091	172.181429	24.394307	171.645733	23.435431	171.053868	22.436574	170.395261	21.395785	169.656422	20.311102	168.819865	19.180591	167.862504	18.002458	166.753241	16.775198	165.449259	15.497864	163.889997	14.170523	161.987152	12.795084	159.607502	11.376830	156.541787	9.927491	152.446584	8.471728	146.732549	7.061613	138.358250	5.809059	125.558442	4.942802	106.226046	4.804399	81.397542
781.400330	27.047912	173.119903	26.197873	172.673263	25.313283	172.185606	24.392415	171.650164	23.433453	171.058571	22.434506	170.400250	21.393624	169.661732	20.308843	168.825521	19.178231	167.868536	17.999990	166.759688	16.772616	165.456149	15.495161	163.897363	14.167690	161.995020	12.792108	159.615860	11.373697	156.550546	9.924186	152.455481	8.468233	146.740867	7.057930	138.364133	5.805268	125.557465	4.939228	106.210461	4.801698	81.365141
781.810850	27.046263	173.123624	26.196147	172.677202	25.311477	172.189776	24.390525	171.654593	23.431477	171.063269	22.432440	170.405235	21.391466	169.667037	20.306587	168.831169	19.175873	167.874560	17.997525	166.766125	16.770038	165.463031	15.492461	163.904722	14.164860	162.002880	12.789136	159.624208	11.370570	156.559294	9.920885	152.464366	8.464743	146.749176	7.054252	138.370013	5.801483	125.556482	4.935659	106.194870	4.799002	81.332743
782.221310	27.044618	173.127337	26.194425	172.681136	25.309676	172.193941	24.388641	171.659013	23.429508	171.067956	22.430381	170.410219	21.389315	169.672335	20.304339	168.836815	19.173523	167.880582	17.995067	166.772556	16.767467	165.469912	15.489770	163.912079	14.162039	162.010734	12.786173	159.632549	11.367451	156.568041	9.917594	152.473253	8.461263	146.757490	7.050583	138.375907	5.797706	125.555530	4.932098	106.179324	4.796313	81.300412
782.631650	27.042979	173.131044	26.192709	172.685063	25.307881	172.198100	24.386765	171.663422	23.427545	171.072633	22.428330	170.415198	21.387171	169.677626	20.302098	168.842459	19.171181	167.886601	17.992618	166.778980	16.764906	165.476790	15.487088	163.919432	14.159227	162.018580	12.783220	159.640884	11.364342	156.576790	9.914312	152.482144	8.457792	146.765812	7.046925	138.381817	5.793939	125.554615	4.928546	106.163837	4.793629	81.268164
783.041870	27.041343	173.134747	26.190997	172.688983	25.306090	172.202251	24.384893	171.667823	23.425587	171.077305	22.426284	170.420169	21.385032	169.682913	20.299863	168.848094	19.168845	167.892611	17.990176	166.785399	16.762350	165.483656	15.484412	163.926774	14.156422	162.026420	12.780275	159.649211	11.361241	156.585533	9.911039	152.491035	8.454330	146.774135	7.043276	138.387735	5.790181	125.553719	4.925000	106.148378	4.790952	81.235964
783.452030	27.039711	173.138448	26.189289	172.692897	25.304303	172.206397	24.383024	171.672218	23.423633	171.081975	22.424242	170.425128	21.382897	169.688198	20.297632	168.853718	19.166513	167.898611	17.987737	166.791812	16.759799	165.490507	15.481741	163.934100	14.153621	162.034255	12.777333	159.657531	11.358145	156.594268	9.907771	152.499922	8.450873	146.782455	7.039632	138.393653	5.786427	125.552824	4.921461	106.132922	4.788280	81.203776
783.862060	27.038081	173.142144	26.187583	172.696805	25.302518	172.210537	24.381157	171.676608	23.421682	171.086642	22.422202	170.430081	21.380766	169.693477	20.295404	168.859333	19.164184	167.904602	17.985303	166.798216	16.757251	165.497348	15.479074	163.941417	14.150825	162.042079	12.774396	159.665844	11.355053	156.602993	9.904507	152.508797	8.447421	146.790769	7.035992	138.399563	5.782679	125.551924	4.917927	106.117463	4.785614	81.171595
784.271970	27.036453	173.145835	26.185880	172.700711	25.300735	172.214674	24.379292	171.680996	23.419733	171.091302	22.420165	170.435032	21.378637	169.698746	20.293179	168.864942	19.161858	167.910586	17.982871	166.804610	16.754707	165.504188	15.476410	163.948732	14.148032	162.049888	12.771463	159.674152	11.351966	156.611709	9.901248	152.517657	8.443974	146.799072	7.032358	138.405463	5.778936	125.551017	4.914398	106.101994	4.782953	81.139414
784.681820	27.034828	173.149518	26.184179	172.704615	25.298955	172.218809	24.377429	171.685381	23.417786	171.095955	22.418129	170.439981	21.376510	169.704005	20.290955	168.870546	19.159533	167.916566	17.980441	166.810995	16.752165	165.511025	15.473749	163.956045	14.145242	162.057685	12.768533	159.682452	11.348881	156.620415	9.897992	152.526505	8.440531	146.807365	7.028727	138.411354	5.775197	125.550098	4.910874	106.086508	4.780297	81.107224
785.091490	27.033203	173.153195	26.182478	172.708512	25.297176	172.222936	24.375569	171.689759	23.415841	171.100601	22.416096	170.444919	21.374384	169.709256	20.288734	168.876142	19.157212	167.922537	17.978014	166.817372	16.749626	165.517850	15.471090	163.963345	14.142456	162.065476	12.765607	159.690738	11.345800	156.629107	9.894740	152.535345	8.437092	146.815646	7.025100	138.417238	5.771463	125.549168	4.907356	106.071007	4.777648	81.075031
785.501160	27.031580	173.156866	26.180779	172.712403	25.295399	172.227057	24.373711	171.694132	23.413897	171.105242	22.414064	170.449847	21.372261	169.714503	20.286516	168.881734	19.154893	167.928502	17.975590	166.823744	16.747090	165.524660	15.468435	163.970630	14.139672	162.073267	12.762683	159.699011	11.342722	156.637790	9.891492	152.544185	8.433656	146.823920	7.021478	138.423122	5.767734	125.548233	4.903842	106.055493	4.775003	81.042833
785.910640	27.029961	173.160531	26.179084	172.716286	25.293626	172.231173	24.371858	171.698496	23.411959	171.109876	22.412037	170.454767	21.370143	169.719743	20.284303	168.887317	19.152581	167.934460	17.973172	166.830109	16.744560	165.531460	15.465786	163.977905	14.136895	162.081050	12.759766	159.707273	11.339653	156.646467	9.888252	152.553019	8.430229	146.832193	7.017864	138.429011	5.764012	125.547315	4.900335	106.040009	4.772364	81.010684
786.320070	27.028347	173.164194	26.177396	172.720163	25.291860	172.235287	24.370010	171.702854	23.410028	171.114503	22.410018	170.459687	21.368033	169.724978	20.282097	168.892894	19.150275	167.940414	17.970761	166.836467	16.742039	165.538260	15.463146	163.985179	14.134127	162.088825	12.756859	159.715533	11.336593	156.655148	9.885021	152.561850	8.426811	146.840475	7.014261	138.434914	5.760300	125.546432	4.896837	106.024580	4.769731	80.978609
786.729370	27.026739	173.167854	26.175713	172.724035	25.290098	172.239398	24.368168	171.707206	23.408102	171.119124	22.408006	170.464604	21.365929	169.730206	20.279898	168.898464	19.147976	167.946360	17.968357	166.842818	16.739524	165.545055	15.460514	163.992449	14.131367	162.096587	12.753961	159.723790	11.333541	156.663825	9.881799	152.570674	8.423402	146.848758	7.010666	138.440824	5.756596	125.545573	4.893346	106.009191	4.767105	80.946594
787.138550	27.025133	173.171511	26.174032	172.727903	25.288340	172.243498	24.366328	171.711556	23.406179	171.123739	22.405997	170.469510	21.363829	169.735424	20.277703	168.904029	19.145681	167.952296	17.965958	166.849163	16.737014	165.551842	15.457885	163.999711	14.128611	162.104339	12.751067	159.732041	11.330495	156.672487	9.878582	152.579495	8.419999	146.857034	7.007077	138.446733	5.752898	125.544713	4.889861	105.993802	4.764484	80.914592
787.547610	27.023529	173.175164	26.172353	172.731768	25.286583	172.247589	24.364491	171.715903	23.404259	171.128348	22.403989	170.474405	21.361730	169.740631	20.275510	168.909588	19.143389	167.958221	17.963561	166.855501	16.734507	165.558616	15.455259	164.006960	14.125859	162.112080	12.748177	159.740284	11.327451	156.681133	9.875368	152.588310	8.416600	146.865298	7.003491	138.452638	5.749205	125.543843	4.886381	105.978397	4.761869	80.882587
787.956600	27.021927	173.178812	26.170676	172.735629	25.284829	172.251673	24.362657	171.720243	23.402341	171.132950	22.401984	170.479294	21.359635	169.745832	20.273320	168.915138	19.141101	167.964139	17.961169	166.861832	16.732004	165.565383	15.452638	164.014201	14.123111	162.119815	12.745291	159.748517	11.324412	156.689772	9.872160	152.597119	8.413207	146.873558	6.999911	138.458540	5.745518	125.542976	4.882907	105.962998	4.759259	80.850599
788.365480	27.020329	173.182454	26.169003	172.739482	25.283080	172.255754	24.360828	171.724572	23.400428	171.137545	22.399985	170.484181	21.357545	169.751031	20.271136	168.920676	19.138818	167.970052	17.958782	166.868152	16.729508	165.572145	15.450023	164.021435	14.120370	162.127548	12.742412	159.756738	11.321381	156.698413	9.868960	152.605917	8.409821	146.881820	6.996340	138.464446	5.741838	125.542127	4.879440	105.947630	4.756654	80.818656
788.774290	27.018735	173.186090	26.167335	172.743330	25.281336	172.259833	24.359003	171.728893	23.398520	171.142136	22.397990	170.489065	21.355461	169.756227	20.268957	168.926207	19.136541	167.975959	17.956402	166.874463	16.727017	165.578900	15.447416	164.028665	14.117637	162.135277	12.739540	159.764951	11.318357	156.707054	9.865768	152.614711	8.406443	146.890086	6.992776	138.470361	5.738165	125.541300	4.875981	105.932300	4.754055	80.786766
789.182980	27.017146	173.189719	26.165672	172.747174	25.279597	172.263910	24.357184	171.733210	23.396618	171.146722	22.396001	170.493944	21.353383	169.761417	20.266785	168.931735	19.134270	167.981859	17.954028	166.880767	16.724534	165.585644	15.444816	164.035887	14.114910	162.142999	12.736676	159.773161	11.315342	156.715687	9.862584	152.623508	8.403073	146.898357	6.989221	138.476290	5.734501	125.540500	4.872528	105.917009	4.751462	80.754935
789.591550	27.015562	173.193341	26.164014	172.751015	25.277861	172.267984	24.355370	171.737526	23.394720	171.151306	22.394018	170.498815	21.351310	169.766599	20.264619	168.937261	19.132005	167.987752	17.951661	166.887064	16.722057	165.592377	15.442222	164.043102	14.112190	162.150713	12.733819	159.781368	11.312334	156.724309	9.859408	152.632307	8.399712	146.906632	6.985674	138.482233	5.730845	125.539718	4.869081	105.901746	4.748874	80.723152
790.000000	27.013981	173.196960	26.162359	172.754852	25.276129	172.272049	24.353558	171.741837	23.392826	171.155884	22.392038	170.503677	21.349241	169.771774	20.262457	168.942780	19.129745	167.993637	17.949297	166.893356	16.719584	165.599106	15.439633	164.050308	14.109476	162.158417	12.730968	159.789566	11.309332	156.732925	9.856237	152.641098	8.396356	146.914902	6.982133	138.488174	5.727195	125.538940	4.865641	105.886490	4.746292	80.691391
790.408390	27.012400	173.200577	26.160705	172.758682	25.274399	172.276104	24.351748	171.746141	23.390934	171.160457	22.390060	170.508529	21.347174	169.776944	20.260297	168.948288	19.127487	167.999517	17.946935	166.899642	16.717114	165.605834	15.437047	164.057505	14.106765	162.166112	12.728119	159.797753	11.306333	156.741537	9.853069	152.649874	8.393004	146.923162	6.978596	138.494104	5.723549	125.538150	4.862205	105.871218	4.743715	80.659621
790.816650	27.010821	173.204190	26.159052	172.762506	25.272669	172.280151	24.349939	171.750437	23.389044	171.165021	22.388084	170.513374	21.345108	169.782107	20.258139	168.953786	19.125231	168.005390	17.944575	166.905920	16.714645	165.612555	15.434462	164.064692	14.104056	162.173797	12.725273	159.805930	11.303336	156.750139	9.849905	152.658635	8.389655	146.931407	6.975062	138.500019	5.719907	125.537342	4.858775	105.855920	4.741143	80.627835
791.224790	27.009241	173.207796	26.157400	172.766322	25.270941	172.284194	24.348132	171.754727	23.387154	171.169575	22.386109	170.518215	21.343044	169.787263	20.255982	168.959277	19.122976	168.011257	17.942217	166.912188	16.712178	165.619262	15.431880	164.071869	14.101347	162.181472	12.722428	159.814101	11.300340	156.758725	9.846742	152.667387	8.386308	146.939633	6.971530	138.505917	5.716268	125.536514	4.855348	105.840588	4.738577	80.596022
791.632810	27.007664	173.211394	26.155750	172.770133	25.269214	172.288234	24.346327	171.759010	23.385267	171.174120	22.384136	170.523054	21.340982	169.792413	20.253826	168.964763	19.120723	168.017118	17.939863	166.918446	16.709714	165.625954	15.429300	164.079035	14.098642	162.189137	12.719587	159.822265	11.297349	156.767297	9.843584	152.676134	8.382966	146.947847	6.968004	138.511809	5.712633	125.535679	4.851927	105.825244	4.736016	80.564208
792.040770	27.006091	173.214989	26.154104	172.773940	25.267492	172.292274	24.344526	171.763291	23.383384	171.178661	22.382168	170.527888	21.338925	169.797557	20.251675	168.970243	19.118476	168.022969	17.937514	166.924696	16.707257	165.632641	15.426726	164.086195	14.095943	162.196795	12.716753	159.830419	11.294364	156.775866	9.840432	152.684880	8.379631	146.956068	6.964485	138.517711	5.709006	125.534863	4.848512	105.809935	4.733461	80.532443
792.448610	27.004525	173.218582	26.152463	172.777745	25.265776	172.296310	24.342732	171.767568	23.381508	171.183200	22.380207	170.532714	21.336876	169.802695	20.249534	168.975717	19.116237	168.028810	17.935172	166.930941	16.704808	165.639328	15.424162	164.093349	14.093254	162.204446	12.713929	159.838562	11.291390	156.784437	9.837291	152.693625	8.376307	146.964304	6.960976	138.523634	5.705389	125.534085	4.845105	105.794693	4.730911	80.500766
792.856380	27.002964	173.222171	26.150828	172.781546	25.264066	172.300341	24.340942	171.771842	23.379637	171.187735	22.378252	170.537534	21.334833	169.807826	20.247398	168.981185	19.114005	168.034644	17.932837	166.937180	16.702367	165.646010	15.421604	164.100496	14.090574	162.212091	12.711113	159.846698	11.288424	156.793005	9.834159	152.702366	8.372990	146.972547	6.957476	138.529570	5.701781	125.533334	4.841706	105.779495	4.728366	80.469151
793.263980	27.001405	173.225753	26.149197	172.785338	25.262359	172.304360	24.339157	171.776108	23.377771	171.192262	22.376302	170.542346	21.332794	169.812945	20.245267	168.986644	19.111778	168.040470	17.930508	166.943413	16.699930	165.652680	15.419053	164.107635	14.087899	162.219729	12.708303	159.854832	11.285465	156.801561	9.831034	152.711099	8.369682	146.980780	6.953984	138.535507	5.698179	125.532595	4.838313	105.764316	4.725827	80.437572
793.671510	26.999847	173.229328	26.147568	172.789125	25.260655	172.308371	24.337375	171.780368	23.375907	171.196782	22.374354	170.547154	21.330758	169.818057	20.243139	168.992098	19.109552	168.046291	17.928182	166.949639	16.697496	165.659339	15.416505	164.114768	14.085227	162.227360	12.705496	159.862962	11.282510	156.810105	9.827912	152.719825	8.366377	146.989002	6.950495	138.541437	5.694581	125.531852	4.834926	105.749123	4.723294	80.405991
794.078920	26.998290	173.232900	26.145939	172.792908	25.258951	172.312376	24.335593	171.784622	23.374044	171.201299	22.372407	170.551955	21.328722	169.823163	20.241011	168.997545	19.107328	168.052106	17.925858	166.955854	16.695063	165.665991	15.413959	164.121894	14.082557	162.234981	12.702691	159.871078	11.279556	156.818639	9.824793	152.728540	8.363074	146.997210	6.947009	138.547347	5.690987	125.531083	4.831542	105.733892	4.720766	80.374381
794.486270	26.996735	173.236470	26.144311	172.796689	25.257247	172.316379	24.333811	171.788870	23.372181	171.205815	22.370459	170.556750	21.326687	169.828268	20.238884	169.002986	19.105105	168.057914	17.923533	166.962059	16.692630	165.672638	15.411412	164.129015	14.079887	162.242592	12.699886	159.879179	11.276603	156.827166	9.821674	152.737247	8.359774	147.005411	6.943524	138.553242	5.687395	125.530290	4.828161	105.718627	4.718242	80.342741
794.893490	26.995185	173.240035	26.142686	172.800466	25.255547	172.320380	24.332033	171.793112	23.370324	171.210324	22.368517	170.561539	21.324656	169.833369	20.236763	169.008421	19.102888	168.063715	17.921215	166.968258	16.690205	165.679279	15.408872	164.136126	14.077225	162.250194	12.697090	159.887272	11.273657	156.835691	9.818563	152.745952	8.356481	147.013614	6.940048	138.559148	5.683811	125.529519	4.824787	105.703399	4.715725	80.311159
795.300600	26.993641	173.243594	26.141071	172.804235	25.253857	172.324379	24.330266	171.797346	23.368475	171.214822	22.366584	170.566319	21.322637	169.838462	20.234653	169.013850	19.100683	168.069509	17.918909	166.974455	16.687793	165.685913	15.406345	164.143228	14.074575	162.257790	12.694306	159.895367	11.270726	156.844216	9.815466	152.754662	8.353202	147.021832	6.936586	138.565094	5.680239	125.528815	4.821424	105.688277	4.713213	80.279708
795.707580	26.992103	173.247145	26.139463	172.807997	25.252173	172.328373	24.328506	171.801574	23.366634	171.219311	22.364660	170.571094	21.320626	169.843547	20.232552	169.019271	19.098486	168.075297	17.916612	166.980647	16.685389	165.692539	15.403828	164.150319	14.071935	162.265378	12.691533	159.903461	11.267805	156.852738	9.812380	152.763371	8.349935	147.030058	6.933134	138.571063	5.676678	125.528156	4.818069	105.673228	4.710706	80.248354
796.114500	26.990567	173.250693	26.137855	172.811757	25.250492	172.332358	24.326747	171.805800	23.364795	171.223796	22.362738	170.575867	21.318617	169.848627	20.230452	169.024686	19.096291	168.081079	17.914317	166.986831	16.682988	165.699157	15.401313	164.157404	14.069298	162.272961	12.688762	159.911544	11.264887	156.861250	9.809297	152.772069	8.346670	147.038276	6.929687	138.577021	5.673121	125.527486	4.814720	105.658160	4.708205	80.216990
796.521300	26.989029	173.254238	26.136246	172.815514	25.248808	172.336333	24.324987	171.810022	23.362955	171.228279	22.360814	170.580637	21.316607	169.853701	20.228350	169.030094	19.094095	168.086854	17.912020	166.993003	16.680586	165.705766	15.398798	164.164482	14.066660	162.280538	12.685991	159.919611	11.261968	156.869746	9.806214	152.780751	8.343406	147.046475	6.926240	138.582948	5.669565	125.526775	4.811372	105.643031	4.705708	80.185569
796.928040	26.987493	173.257781	26.134637	172.819267	25.247126	172.340301	24.323227	171.814241	23.361115	171.232759	22.358891	170.585401	21.314596	169.858769	20.226249	169.035497	19.091899	168.092623	17.909723	166.999169	16.678184	165.712364	15.396283	164.171555	14.064023	162.288106	12.683221	159.927667	11.259050	156.878230	9.803133	152.789421	8.340143	147.054660	6.922794	138.588859	5.666012	125.526040	4.808028	105.627867	4.703216	80.154117
797.334590	26.985958	173.261320	26.133030	172.823014	25.245446	172.344266	24.321470	171.818453	23.359278	171.237231	22.356971	170.590153	21.312589	169.863830	20.224152	169.040894	19.089707	168.098385	17.907431	167.005328	16.675785	165.718952	15.393772	164.178620	14.061390	162.295662	12.680455	159.935716	11.256137	156.886702	9.800056	152.798084	8.336885	147.062833	6.919354	138.594770	5.662465	125.525302	4.804690	105.612705	4.700730	80.122681
797.741090	26.984427	173.264856	26.131427	172.826753	25.243769	172.348230	24.319716	171.822658	23.357444	171.241696	22.355054	170.594896	21.310586	169.868884	20.222058	169.046284	19.087518	168.104141	17.905143	167.011481	16.673390	165.725532	15.391264	164.185678	14.058761	162.303210	12.677694	159.943761	11.253229	156.895168	9.796984	152.806743	8.333632	147.071001	6.915919	138.600682	5.658922	125.524567	4.801357	105.597546	4.698249	80.091260
798.147460	26.982897	173.268385	26.129826	172.830486	25.242095	172.352191	24.317965	171.826855	23.355613	171.246154	22.353140	170.599636	21.308586	169.873932	20.219968	169.051664	19.085333	168.109887	17.902859	167.017624	16.671000	165.732107	15.388761	164.192727	14.056137	162.310749	12.674937	159.951799	11.250326	156.903628	9.793918	152.815395	8.330385	147.079165	6.912490	138.606589	5.655385	125.523836	4.798029	105.582392	4.695773	80.059857
798.553770	26.981371	173.271909	26.128229	172.834213	25.240424	172.356148	24.316216	171.831047	23.353786	171.250608	22.351229	170.604375	21.306590	169.878974	20.217881	169.057034	19.083153	168.115623	17.900579	167.023756	16.668615	165.738680	15.386264	164.199766	14.053519	162.318284	12.672185	159.959829	11.247428	156.912084	9.790857	152.824043	8.327144	147.087331	6.909067	138.612496	5.651854	125.523117	4.794707	105.567250	4.693302	80.028481
798.959960	26.979850	173.275426	26.126637	172.837936	25.238758	172.360100	24.314473	171.835235	23.351965	171.255055	22.349325	170.609107	21.304601	169.884010	20.215802	169.062398	19.080979	168.121353	17.898307	167.029883	16.666238	165.745248	15.383774	164.206796	14.050908	162.325811	12.669442	159.967852	11.244539	156.920538	9.787804	152.832690	8.323912	147.095506	6.905653	138.618418	5.648332	125.522428	4.791393	105.552158	4.690837	79.997176
799.366030	26.978334	173.278936	26.125051	172.841657	25.237099	172.364045	24.312738	171.839421	23.350151	171.259495	22.347429	170.613828	21.302619	169.889040	20.213731	169.067760	19.078813	168.127082	17.896042	167.036008	16.663869	165.751809	15.381294	164.213820	14.048306	162.333331	12.666709	159.975868	11.241661	156.928988	9.784763	152.841336	8.320691	147.103693	6.902250	138.624366	5.644820	125.521780	4.788087	105.537138	4.688377	79.965966
799.771970	26.976822	173.282441	26.123469	172.845373	25.235443	172.367983	24.311008	171.843602	23.348340	171.263928	22.345539	170.618539	21.300642	169.894063	20.211665	169.073118	19.076654	168.132805	17.893783	167.042128	16.661506	165.758362	15.378819	164.220837	14.045711	162.340844	12.663983	159.983877	11.238789	156.937430	9.781729	152.849978	8.317476	147.111879	6.898854	138.630325	5.641315	125.521150	4.784788	105.522149	4.685922	79.934805
800.177860	26.975311	173.285944	26.121888	172.849083	25.233789	172.371916	24.309278	171.847774	23.346531	171.268360	22.343648	170.623249	21.298666	169.899077	20.209600	169.078471	19.074495	168.138520	17.891525	167.048240	16.659144	165.764905	15.376346	164.227849	14.043117	162.348351	12.661259	159.991879	11.235919	156.945863	9.778696	152.858609	8.314265	147.120046	6.895461	138.636268	5.637812	125.520501	4.781492	105.507129	4.683472	79.903615
800.583620	26.973801	173.289443	26.120308	172.852786	25.232134	172.375843	24.307549	171.851935	23.344723	171.272788	22.341758	170.627956	21.296690	169.904080	20.207534	169.083817	19.072337	168.144224	17.889269	167.054340	16.656784	165.771438	15.373874	164.234854	14.040525	162.355852	12.658535	159.999873	11.233050	156.954284	9.775665	152.867227	8.311055	147.128191	6.892069	138.642191	5.634312	125.519827	4.778200	105.492070	4.681027	79.872391
800.989260	26.972294	173.292938	26.118731	172.856485	25.230484	172.379764	24.305823	171.856091	23.342919	171.277211	22.339871	170.632658	21.294718	169.909078	20.205472	169.089153	19.070183	168.149919	17.887017	167.060432	16.654428	165.777964	15.371406	164.241850	14.037937	162.363343	12.655817	160.007861	11.230187	156.962698	9.772640	152.875840	8.307851	147.136335	6.888684	138.648113	5.630818	125.519159	4.774914	105.477022	4.678588	79.841195
801.394780	26.970791	173.296424	26.117158	172.860182	25.228839	172.383678	24.304101	171.860244	23.341120	171.281627	22.337990	170.637352	21.292752	169.914072	20.203419	169.094478	19.068036	168.155609	17.884772	167.066518	16.652079	165.784485	15.368946	164.248835	14.035358	162.370823	12.653107	160.015841	11.227332	156.971109	9.769624	152.884453	8.304656	147.144492	6.885307	138.654051	5.627334	125.518523	4.771635	105.462025	4.676153	79.810075
801.800230	26.969293	173.299906	26.115589	172.863874	25.227198	172.387586	24.302385	171.864395	23.339325	171.286037	22.336115	170.642040	21.290792	169.919064	20.201371	169.099797	19.065894	168.161294	17.882534	167.072598	16.649735	165.790999	15.366493	164.255812	14.032786	162.378294	12.650404	160.023815	11.224484	156.979517	9.766615	152.893066	8.301468	147.152656	6.881939	138.660000	5.623856	125.517909	4.768362	105.447065	4.673724	79.779010
802.205570	26.967796	173.303384	26.114023	172.867561	25.225561	172.391491	24.300672	171.868543	23.337534	171.290441	22.334243	170.646722	21.288835	169.924055	20.199326	169.105113	19.063756	168.166972	17.880299	167.078672	16.647396	165.797501	15.364044	164.262781	14.030218	162.385758	12.647706	160.031777	11.221642	156.987918	9.763611	152.901672	8.298286	147.160812	6.878576	138.665950	5.620385	125.517299	4.765096	105.432114	4.671300	79.747965
802.610840	26.966302	173.306860	26.112460	172.871240	25.223925	172.395393	24.298962	171.872688	23.335746	171.294839	22.332373	170.651399	21.286881	169.929041	20.197284	169.110427	19.061622	168.172643	17.878066	167.084739	16.645061	165.803994	15.361599	164.269745	14.027653	162.393216	12.645011	160.039730	11.218804	156.996311	9.760611	152.910269	8.295108	147.168957	6.875218	138.671894	5.616918	125.516684	4.761834	105.417157	4.668880	79.716922
803.015990	26.964810	173.310333	26.110898	172.874916	25.222291	172.399293	24.297254	171.876826	23.333960	171.299230	22.330506	170.656068	21.284930	169.934019	20.195244	169.115733	19.059490	168.178309	17.875837	167.090800	16.642730	165.810482	15.359157	164.276703	14.025092	162.400669	12.642320	160.047677	11.215969	157.004695	9.757616	152.918857	8.291935	147.177094	6.871864	138.677831	5.613455	125.516066	4.758578	105.402195	4.666466	79.685886
803.421020	26.963320	173.313803	26.109338	172.878590	25.220659	172.403189	24.295547	171.880958	23.332176	171.303616	22.328642	170.660730	21.282981	169.938987	20.193206	169.121027	19.057361	168.183968	17.873611	167.096855	16.640402	165.816970	15.356717	164.283654	14.022534	162.408116	12.639633	160.055618	11.213138	157.013068	9.754624	152.927435	8.288766	147.185227	6.868514	138.683760	5.609997	125.515441	4.755325	105.387225	4.664056	79.654857
803.825930	26.961831	173.317268	26.107779	172.882259	25.219028	172.407081	24.293841	171.885084	23.330393	171.307994	22.326778	170.665387	21.281034	169.943945	20.191171	169.126314	19.055234	168.189620	17.871386	167.102902	16.638075	165.823451	15.354280	164.290597	14.019979	162.415553	12.636947	160.063550	11.210310	157.021431	9.751636	152.936002	8.285599	147.193350	6.865167	138.689676	5.606543	125.514801	4.752077	105.372233	4.661652	79.623815
804.230770	26.960342	173.320727	26.106220	172.885922	25.217398	172.410966	24.292136	171.889204	23.328610	171.312367	22.324915	170.670043	21.279087	169.948898	20.189136	169.131599	19.053106	168.195262	17.869162	167.108940	16.635747	165.829917	15.351843	164.297530	14.017423	162.422977	12.634262	160.071467	11.207482	157.029785	9.748648	152.944557	8.282434	147.201457	6.861822	138.695577	5.603090	125.514137	4.748833	105.357203	4.659253	79.592738
804.635440	26.958855	173.324179	26.104663	172.889577	25.215769	172.414845	24.290433	171.893317	23.326828	171.316732	22.323054	170.674694	21.277142	169.953845	20.187103	169.136880	19.050980	168.200893	17.866940	167.114968	16.633422	165.836369	15.349409	164.304453	14.014871	162.430386	12.631580	160.079370	11.204657	157.038127	9.745664	152.953102	8.279272	147.209550	6.858482	138.701470	5.599642	125.513461	4.745593	105.342160	4.656858	79.561658
805.040100	26.957371	173.327628	26.103110	172.893230	25.214145	172.418719	24.288734	171.897425	23.325052	171.321095	22.321197	170.679339	21.275201	169.958788	20.185075	169.142154	19.048860	168.206521	17.864724	167.120988	16.631103	165.842817	15.346981	164.311369	14.012325	162.437791	12.628905	160.087270	11.201839	157.046465	9.742686	152.961647	8.276118	147.217646	6.855148	138.707373	5.596201	125.512808	4.742360	105.327152	4.654468	79.530628
805.444580	26.955894	173.331074	26.101565	172.896880	25.212528	172.422586	24.287043	171.901525	23.323284	171.325455	22.319349	170.683971	21.273269	169.963723	20.183056	169.147416	19.046750	168.212145	17.862516	167.127001	16.628794	165.849262	15.344563	164.318279	14.009790	162.445193	12.626242	160.095171	11.199033	157.054797	9.739721	152.970194	8.272976	147.225749	6.851826	138.713297	5.592772	125.512202	4.739135	105.312221	4.652084	79.499704
805.849000	26.954422	173.334516	26.100025	172.900526	25.210917	172.426447	24.285357	171.905621	23.321523	171.329811	22.317506	170.688596	21.271343	169.968651	20.181044	169.152671	19.044647	168.217766	17.860317	167.133011	16.626494	165.855705	15.342154	164.325183	14.007263	162.452592	12.623587	160.103070	11.196235	157.063127	9.736764	152.978742	8.269843	147.233862	6.848514	138.719242	5.589351	125.511634	4.735917	105.297351	4.649704	79.468861
806.253300	26.952954	173.337951	26.098489	172.904165	25.209310	172.430301	24.283677	171.909714	23.319766	171.334160	22.315670	170.693219	21.269424	169.973573	20.179038	169.157924	19.042550	168.223381	17.858124	167.139017	16.624200	165.862140	15.339751	164.332079	14.004743	162.459982	12.620940	160.110960	11.193446	157.071457	9.733815	152.987287	8.266718	147.241980	6.845210	138.725201	5.585937	125.511092	4.732706	105.282522	4.647330	79.438077
806.657470	26.951490	173.341380	26.096958	172.907797	25.207707	172.434149	24.282001	171.913804	23.318013	171.338503	22.313839	170.697839	21.267510	169.978488	20.177037	169.163174	19.040459	168.228989	17.855939	167.145019	16.621911	165.868566	15.337355	164.338969	14.002230	162.467364	12.618298	160.118841	11.190664	157.079783	9.730874	152.995827	8.263600	147.250102	6.841913	138.731171	5.582531	125.510571	4.729502	105.267726	4.644960	79.407343
807.061580	26.950031	173.344806	26.095430	172.911426	25.206109	172.437994	24.280330	171.917889	23.316266	171.342838	22.312012	170.702455	21.265601	169.983399	20.175042	169.168416	19.038374	168.234586	17.853758	167.151014	16.619629	165.874986	15.334965	164.345852	13.999723	162.474742	12.615664	160.126720	11.187888	157.088106	9.727940	153.004369	8.260489	147.258228	6.838623	138.737148	5.579131	125.510073	4.726304	105.252964	4.642596	79.376659
807.465580	26.948576	173.348230	26.093907	172.915053	25.204515	172.441836	24.278663	171.921967	23.314524	171.347168	22.310190	170.707063	21.263697	169.988308	20.173053	169.173646	19.036293	168.240174	17.851582	167.156998	16.617352	165.881401	15.332581	164.352727	13.997223	162.482119	12.613037	160.134596	11.185119	157.096420	9.725013	153.012911	8.257386	147.266354	6.835340	138.743129	5.575739	125.509593	4.723113	105.238230	4.640237	79.346023
807.869450	26.947123	173.351649	26.092386	172.918676	25.202924	172.445675	24.276999	171.926038	23.312784	171.351493	22.308371	170.711664	21.261795	169.993213	20.171066	169.178869	19.034216	168.245755	17.849409	167.162972	16.615080	165.887808	15.330201	164.359597	13.994727	162.489487	12.610414	160.142463	11.182354	157.104724	9.722091	153.021444	8.254288	147.274476	6.832063	138.749107	5.572352	125.509115	4.719926	105.223501	4.637882	79.315405
808.273250	26.945670	173.355062	26.090865	172.922292	25.201333	172.449511	24.275335	171.930103	23.311045	171.355815	22.306553	170.716259	21.259895	169.998112	20.169080	169.184091	19.032140	168.251335	17.847238	167.168940	16.612809	165.894205	15.327822	164.366460	13.992232	162.496843	12.607792	160.150317	11.179591	157.113019	9.719171	153.029963	8.251192	147.282588	6.828788	138.755078	5.568968	125.508619	4.716744	105.208747	4.635532	79.284768
808.676940	26.944217	173.358468	26.089346	172.925901	25.199743	172.453343	24.273672	171.934161	23.309307	171.360133	22.304736	170.720849	21.257997	170.003003	20.167095	169.189310	19.030065	168.256911	17.845068	167.174903	16.610540	165.900593	15.325446	164.373317	13.989739	162.504185	12.605172	160.158158	11.176831	157.121304	9.716252	153.038468	8.248099	147.290689	6.825516	138.761041	5.565587	125.508106	4.713565	105.193970	4.633187	79.254116
809.080510	26.942767	173.361869	26.087828	172.929506	25.198154	172.457169	24.272012	171.938217	23.307571	171.364446	22.302922	170.725432	21.256101	170.007885	20.165113	169.194519	19.027993	168.262478	17.842902	167.180860	16.608273	165.906973	15.323072	164.380165	13.987250	162.511519	12.602555	160.165991	11.174074	157.129581	9.713338	153.046969	8.245010	147.298778	6.822249	138.766995	5.562211	125.507587	4.710391	105.179188	4.630846	79.223471
809.483950	26.941320	173.365269	26.086312	172.933110	25.196569	172.460989	24.270354	171.942270	23.305837	171.368752	22.301111	170.730009	21.254207	170.012757	20.163133	169.199718	19.025924	168.268034	17.840740	167.186810	16.606009	165.913347	15.320702	164.387002	13.984764	162.518846	12.599944	160.173819	11.171323	157.137851	9.710429	153.055469	8.241927	147.306858	6.818986	138.772939	5.558840	125.507068	4.707223	105.164411	4.628511	79.192845
809.887330	26.939874	173.368665	26.084798	172.936710	25.194986	172.464802	24.268698	171.946319	23.304105	171.373052	22.299301	170.734579	21.252315	170.017623	20.161156	169.204910	19.023858	168.273582	17.838579	167.192753	16.603748	165.919716	15.318334	164.393831	13.982280	162.526169	12.597335	160.181640	11.168574	157.146115	9.707522	153.063961	8.238846	147.314930	6.815728	138.778876	5.555473	125.506542	4.704058	105.149621	4.626180	79.162215
810.290590	26.938428	173.372060	26.083285	172.940302	25.193403	172.468608	24.267043	171.950360	23.302374	171.377346	22.297493	170.739143	21.250425	170.022486	20.159180	169.210100	19.021793	168.279125	17.836420	167.198687	16.601490	165.926078	15.315968	164.400650	13.979799	162.533487	12.594727	160.189450	11.165827	157.154369	9.704618	153.072434	8.235768	147.322994	6.812472	138.784805	5.552109	125.506002	4.700898	105.134805	4.623854	79.131569
810.693730	26.936983	173.375449	26.081774	172.943887	25.191821	172.472410	24.265389	171.954395	23.300645	171.381634	22.295685	170.743701	21.248535	170.027346	20.157205	169.215287	19.019731	168.284661	17.834262	167.204610	16.599233	165.932433	15.313604	164.407459	13.977320	162.540796	12.592122	160.197250	11.163081	157.162613	9.701716	153.080891	8.232691	147.331047	6.809219	138.790724	5.548748	125.505445	4.697741	105.119963	4.621533	79.100906
811.096800	26.935539	173.378833	26.080263	172.947469	25.190241	172.476208	24.263736	171.958426	23.298917	171.385916	22.293878	170.748256	21.246648	170.032201	20.155232	169.220466	19.017669	168.290192	17.832105	167.210526	16.596977	165.938779	15.311242	164.414261	13.974843	162.548092	12.589518	160.205042	11.160339	157.170845	9.698817	153.089340	8.229618	147.339088	6.805969	138.796629	5.545391	125.504875	4.694588	105.105103	4.619216	79.070231
811.499760	26.934098	173.382210	26.078755	172.951050	25.188663	172.480004	24.262085	171.962455	23.297191	171.390191	22.292074	170.752807	21.244763	170.037049	20.153262	169.225633	19.015610	168.295715	17.829953	167.216436	16.594724	165.945116	15.308883	164.421057	13.972369	162.555373	12.586918	160.212827	11.157600	157.179066	9.695922	153.097786	8.226550	147.347121	6.802723	138.802523	5.542038	125.504303	4.691440	105.090243	4.616904	79.039569
811.902590	26.932661	173.385583	26.077250	172.954626	25.187090	172.483795	24.260439	171.966480	23.295470	171.394461	22.290275	170.757354	21.242884	170.041890	20.151298	169.230793	19.013556	168.301233	17.827806	167.222342	16.592476	165.951443	15.306530	164.427847	13.969901	162.562648	12.584326	160.220607	11.154868	157.187282	9.693035	153.106232	8.223490	147.355156	6.799485	138.808428	5.538693	125.503752	4.688299	105.075421	4.614596	79.008962
812.305300	26.931229	173.388953	26.075751	172.958195	25.185522	172.487579	24.258800	171.970499	23.293756	171.398728	22.288483	170.761894	21.241011	170.046725	20.149342	169.235950	19.011510	168.306748	17.825667	167.228245	16.590238	165.957763	15.304186	164.434634	13.967443	162.569923	12.581743	160.228383	11.152146	157.195502	9.690157	153.114684	8.220439	147.363205	6.796257	138.814362	5.535357	125.503243	4.685165	105.060669	4.612294	78.978448
812.707950	26.929803	173.392321	26.074258	172.961757	25.183961	172.491357	24.257168	171.974511	23.292050	171.402992	22.286699	170.766428	21.239146	170.051554	20.147393	169.241106	19.009472	168.312260	17.823536	167.234145	16.588009	165.964078	15.301851	164.441417	13.964994	162.577199	12.579169	160.236156	11.149434	157.203724	9.687290	153.123139	8.217398	147.371268	6.793039	138.820325	5.532030	125.502778	4.682039	105.045986	4.609997	78.948025
813.110470	26.928382	173.395682	26.072771	172.965317	25.182404	172.495131	24.255541	171.978515	23.290349	171.407250	22.284921	170.770956	21.237287	170.056377	20.145450	169.246256	19.007441	168.317763	17.821413	167.240034	16.585788	165.970390	15.299524	164.448194	13.962554	162.584469	12.576605	160.243922	11.146731	157.211940	9.684431	153.131592	8.214367	147.379335	6.789830	138.826302	5.528712	125.502349	4.678920	105.031360	4.607704	78.917681
813.512940	26.926965	173.399037	26.071289	172.968875	25.180852	172.498903	24.253918	171.982514	23.288652	171.411502	22.283148	170.775479	21.235434	170.061195	20.143513	169.251400	19.005416	168.323256	17.819295	167.245914	16.583573	165.976700	15.297203	164.454965	13.960120	162.591731	12.574047	160.251682	11.144035	157.220149	9.681580	153.140039	8.211342	147.387402	6.786629	138.832285	5.525401	125.501943	4.675807	105.016768	4.605416	78.887388
813.915220	26.925551	173.402386	26.069810	172.972427	25.179304	172.502671	24.252298	171.986508	23.286959	171.415747	22.281379	170.779994	21.233584	170.066004	20.141579	169.256533	19.003396	168.328740	17.817181	167.251784	16.581362	165.983002	15.294888	164.461726	13.957692	162.598983	12.571494	160.259431	11.141345	157.228346	9.678734	153.148476	8.208324	147.395459	6.783434	138.838264	5.522096	125.501542	4.672700	105.002189	4.603134	78.857125
814.317440	26.924137	173.405732	26.068331	172.975973	25.177757	172.506432	24.250680	171.990501	23.285267	171.419987	22.279610	170.784503	21.231735	170.070807	20.139647	169.261657	19.001376	168.334219	17.815069	167.257650	16.579152	165.989294	15.292574	164.468478	13.955265	162.606226	12.568943	160.267170	11.138656	157.236533	9.675891	153.156903	8.205308	147.403506	6.780242	138.844235	5.518795	125.501131	4.669597	104.987594	4.600855	78.826853
814.719540	26.922725	173.409076	26.066853	172.979512	25.176212	172.510187	24.249063	171.994489	23.283576	171.424220	22.277843	170.789005	21.229888	170.075604	20.137717	169.266773	18.999358	168.339692	17.812959	167.263509	16.576944	165.995575	15.290263	164.475221	13.952839	162.613459	12.566394	160.274900	11.135970	157.244711	9.673051	153.165320	8.202296	147.411542	6.777053	138.850198	5.515497	125.500707	4.666498	104.972980	4.598582	78.796572
815.121580	26.921315	173.412417	26.065377	172.983048	25.174668	172.513935	24.247448	171.998473	23.281888	171.428448	22.276077	170.793506	21.228043	170.080399	20.135789	169.271886	18.997343	168.345159	17.810852	167.269363	16.574738	166.001852	15.287953	164.481955	13.950417	162.620684	12.563847	160.282625	11.133286	157.252883	9.670213	153.173731	8.199286	147.419573	6.773867	138.856156	5.512202	125.500271	4.663403	104.958350	4.596312	78.766284
815.523500	26.919906	173.415756	26.063901	172.986581	25.173125	172.517676	24.245834	172.002449	23.280201	171.432668	22.274313	170.798004	21.226200	170.085192	20.133863	169.276997	18.995329	168.350619	17.808747	167.275209	16.572536	166.008123	15.285644	164.488679	13.947996	162.627898	12.561304	160.290343	11.130605	157.261049	9.667379	153.182137	8.196280	147.427599	6.770684	138.862106	5.508912	125.499826	4.660313	104.943707	4.594047	78.735993
815.925290	26.918498	173.419089	26.062427	172.990112	25.171582	172.521414	24.244221	172.006419	23.278516	171.436884	22.272551	170.802495	21.224358	170.089977	20.131938	169.282102	18.993317	168.356072	17.806643	167.281049	16.570334	166.014385	15.283338	164.495395	13.945578	162.635105	12.558763	160.298052	11.127927	157.269205	9.664547	153.190533	8.193276	147.435614	6.767504	138.868040	5.505624	125.499363	4.657226	104.929039	4.591787	78.705688
816.326970	26.917089	173.422415	26.060953	172.993639	25.170039	172.525155	24.242609	172.010382	23.276829	171.441098	22.270789	170.806975	21.222517	170.094752	20.130013	169.287201	18.991306	168.361520	17.804540	167.286884	16.568133	166.020638	15.281033	164.502103	13.943160	162.642305	12.556222	160.305749	11.125250	157.277350	9.661716	153.198917	8.190275	147.443616	6.764327	138.873952	5.502339	125.498882	4.654142	104.914342	4.589531	78.675363
816.728580	26.915682	173.425736	26.059481	172.997163	25.168499	172.528895	24.240999	172.014340	23.275145	171.445308	22.269029	170.811448	21.220679	170.099518	20.128091	169.292292	18.989297	168.366961	17.802438	167.292712	16.565935	166.026881	15.278732	164.508807	13.940747	162.649499	12.553685	160.313438	11.122576	157.285487	9.658888	153.207292	8.187277	147.451611	6.761154	138.879861	5.499058	125.498401	4.651063	104.899647	4.587280	78.645050
817.130070	26.914281	173.429053	26.058014	173.000681	25.166965	172.532625	24.239395	172.018295	23.273467	171.449512	22.267276	170.815915	21.218846	170.104280	20.126175	169.297378	18.987294	168.372396	17.800345	167.298530	16.563744	166.033117	15.276438	164.515506	13.938341	162.656686	12.551156	160.321124	11.119911	157.293619	9.656070	153.215664	8.184288	147.459608	6.757990	138.885790	5.495786	125.497953	4.647992	104.885004	4.585034	78.614808
817.531430	26.912886	173.432367	26.056554	173.004193	25.165437	172.536345	24.237797	172.022247	23.271797	171.453708	22.265528	170.820380	21.217020	170.109040	20.124268	169.302458	18.985300	168.377824	17.798260	167.304337	16.561563	166.039346	15.274152	164.522203	13.935944	162.663865	12.548637	160.328807	11.117255	157.301748	9.653262	153.224036	8.181308	147.467610	6.754836	138.891747	5.492523	125.497546	4.644928	104.870429	4.582792	78.584657
817.932740	26.911494	173.435679	26.055097	173.007699	25.163913	172.540058	24.236202	172.026194	23.270131	171.457901	22.263786	170.824844	21.215198	170.113797	20.122365	169.307531	18.983310	168.383247	17.796180	167.310139	16.559387	166.045573	15.271873	164.528893	13.933552	162.671039	12.546124	160.336483	11.114607	157.309873	9.650461	153.232407	8.178336	147.475617	6.751688	138.897713	5.489266	125.497158	4.641869	104.855885	4.580555	78.554552
818.333920	26.910104	173.438988	26.053642	173.011198	25.162391	172.543769	24.234609	172.030134	23.268467	171.462090	22.262046	170.829305	21.213379	170.118547	20.120464	169.312593	18.981323	168.388663	17.794103	167.315938	16.557214	166.051796	15.269597	164.535574	13.931165	162.678207	12.543615	160.344148	11.111961	157.317989	9.647664	153.240775	8.175368	147.483622	6.748545	138.903666	5.486015	125.496767	4.638815	104.841337	4.578322	78.524459
818.734990	26.908715	173.442292	26.052188	173.014691	25.160870	172.547477	24.233018	172.034069	23.266803	171.466276	22.260309	170.833760	21.211562	170.123289	20.118565	169.317647	18.979338	168.394072	17.792028	167.321734	16.555042	166.058014	15.267323	164.542244	13.928779	162.685368	12.541108	160.351803	11.109319	157.326097	9.644869	153.249136	8.172403	147.491621	6.745404	138.909606	5.482767	125.496365	4.635765	104.826776	4.576094	78.494364
819.135930	26.907327	173.445591	26.050736	173.018181	25.159351	172.551183	24.231429	172.038000	23.265142	171.470457	22.258572	170.838206	21.209748	170.128024	20.116668	169.322695	18.977355	168.399475	17.789954	167.327525	16.552873	166.064223	15.265051	164.548903	13.926396	162.692516	12.538603	160.359449	11.106679	157.334196	9.642077	153.257482	8.169441	147.499609	6.742268	138.915540	5.479522	125.495953	4.632720	104.812204	4.573871	78.464267
819.536800	26.905941	173.448884	26.049285	173.021668	25.157834	172.554885	24.229843	172.041928	23.263483	171.474630	22.256838	170.842643	21.207937	170.132754	20.114774	169.327742	18.975376	168.404872	17.787884	167.333308	16.550707	166.070422	15.262782	164.555553	13.924017	162.699655	12.536102	160.367090	11.104044	157.342288	9.639289	153.265817	8.166484	147.507588	6.739137	138.921478	5.476282	125.495541	4.629679	104.797634	4.571651	78.434182
819.937560	26.904560	173.452171	26.047840	173.025153	25.156321	172.558582	24.228262	172.045852	23.261829	171.478797	22.255110	170.847073	21.206132	170.137478	20.112886	169.332786	18.973404	168.410263	17.785821	167.339082	16.548548	166.076612	15.260520	164.562197	13.921645	162.706789	12.533608	160.374726	11.101416	157.350378	9.636509	153.274152	8.163535	147.515570	6.736013	138.927431	5.473050	125.495157	4.626645	104.783109	4.569437	78.404160
820.338260	26.903184	173.455450	26.046400	173.028635	25.154815	172.562274	24.226686	172.049769	23.260182	171.482959	22.253389	170.851501	21.204332	170.142197	20.111006	169.337829	18.971439	168.415648	17.783765	167.344847	16.546397	166.082797	15.258267	164.568839	13.919282	162.713927	12.531124	160.382360	11.098797	157.358470	9.633739	153.282498	8.160595	147.523565	6.732899	138.933404	5.469826	125.494824	4.623618	104.768660	4.567226	78.374233
820.738770	26.901813	173.458725	26.044965	173.032113	25.153313	172.565959	24.225116	172.053680	23.258541	171.487114	22.251674	170.855926	21.202538	170.146909	20.109132	169.342865	18.969479	168.421025	17.781716	167.350602	16.544252	166.088975	15.256022	164.575476	13.916926	162.721060	12.528648	160.389987	11.096186	157.366556	9.630977	153.290843	8.157664	147.531562	6.729793	138.939386	5.466611	125.494516	4.620597	104.754253	4.565021	78.344370
821.139220	26.900442	173.462000	26.043530	173.035584	25.151812	172.569637	24.223546	172.057587	23.256900	171.491264	22.249958	170.860346	21.200744	170.151614	20.107258	169.347893	18.967520	168.426397	17.779668	167.356355	16.542109	166.095148	15.253777	164.582108	13.914571	162.728183	12.526173	160.397606	11.093577	157.374632	9.628217	153.299174	8.154734	147.539548	6.726689	138.945357	5.463398	125.494190	4.617580	104.739817	4.562820	78.314487
821.539550	26.899071	173.465276	26.042095	173.039049	25.150311	172.573310	24.221977	172.061492	23.255259	171.495407	22.248242	170.864759	21.198951	170.156313	20.105384	169.352911	18.965560	168.431762	17.777618	167.362106	16.539965	166.101314	15.251532	164.588733	13.912216	162.735290	12.523697	160.405214	11.090967	157.382693	9.625457	153.307484	8.151806	147.547516	6.723586	138.951309	5.460187	125.493828	4.614566	104.725330	4.560624	78.284561
821.939820	26.897701	173.468549	26.040660	173.042510	25.148811	172.576979	24.220409	172.065393	23.253618	171.499546	22.246527	170.869165	21.197159	170.161007	20.103511	169.357920	18.963602	168.437122	17.775571	167.367850	16.537824	166.107473	15.249288	164.595350	13.909863	162.742387	12.521224	160.412814	11.088361	157.390743	9.622699	153.315784	8.148880	147.555475	6.720486	138.957252	5.456979	125.493456	4.611556	104.710828	4.558431	78.254628
822.339970	26.896334	173.471813	26.039230	173.045967	25.147315	172.580644	24.218843	172.069288	23.251982	171.503681	22.244816	170.873564	21.195372	170.165698	20.101643	169.362923	18.961649	168.442475	17.773528	167.373584	16.535686	166.113621	15.247050	164.601956	13.907515	162.749479	12.518756	160.420406	11.085759	157.398785	9.619947	153.324084	8.145960	147.563431	6.717392	138.963194	5.453777	125.493100	4.608551	104.696352	4.556243	78.224736
822.739990	26.894971	173.475071	26.037804	173.049422	25.145822	172.584306	24.217282	172.073175	23.250350	171.507813	22.243111	170.877959	21.193589	170.170386	20.099780	169.367922	18.959702	168.447821	17.771492	167.379308	16.533555	166.119760	15.244818	164.608554	13.905174	162.756565	12.516296	160.427991	11.083165	157.406823	9.617203	153.332386	8.143047	147.571390	6.714306	138.969144	5.450582	125.492769	4.605552	104.681919	4.554060	78.194904
823.139890	26.893612	173.478327	26.036382	173.052873	25.144335	172.587965	24.215726	172.077056	23.248724	171.511943	22.241412	170.882350	21.191813	170.175069	20.097923	169.372918	18.957761	168.453161	17.769463	167.385026	16.531431	166.125895	15.242594	164.615144	13.902841	162.763645	12.513843	160.435575	11.080579	157.414860	9.614467	153.340689	8.140143	147.579357	6.711228	138.975112	5.447395	125.492467	4.602560	104.667536	4.551881	78.165141
823.539730	26.892258	173.481581	26.034964	173.056322	25.142852	172.591621	24.214175	172.080931	23.247101	171.516070	22.239717	170.886740	21.190042	170.179746	20.096071	169.377911	18.955825	168.458496	17.767439	167.390738	16.529312	166.132028	15.240375	164.621729	13.900513	162.770718	12.511395	160.443156	11.077999	157.422899	9.611737	153.348990	8.137245	147.587330	6.708157	138.981096	5.444214	125.492184	4.599574	104.653185	4.549707	78.135425
823.939450	26.890904	173.484829	26.033548	173.059766	25.141371	172.595272	24.212626	172.084802	23.245481	171.520190	22.238023	170.891122	21.188272	170.184414	20.094221	169.382897	18.953891	168.463823	17.765416	167.396444	16.527197	166.138156	15.238158	164.628307	13.898188	162.777784	12.508950	160.450728	11.075421	157.430929	9.609010	153.357281	8.134350	147.595293	6.705089	138.987073	5.441037	125.491891	4.596592	104.638822	4.547536	78.105710
824.339050	26.889550	173.488071	26.032130	173.063204	25.139888	172.598918	24.211075	172.088670	23.243859	171.524299	22.236328	170.895493	21.186501	170.189070	20.092370	169.387874	18.951957	168.469145	17.763393	167.402142	16.525080	166.144277	15.235941	164.634879	13.895862	162.784843	12.506505	160.458285	11.072844	157.438943	9.606284	153.365556	8.131457	147.603232	6.702021	138.993024	5.437862	125.491566	4.593612	104.624408	4.545371	78.075950
824.738590	26.888196	173.491307	26.030714	173.066636	25.138406	172.602557	24.209525	172.092536	23.242240	171.528400	22.234634	170.899857	21.184731	170.193720	20.090520	169.392841	18.950023	168.474461	17.761370	167.407836	16.522965	166.150392	15.233725	164.641444	13.893538	162.791897	12.504062	160.465830	11.070269	157.446946	9.603559	153.373821	8.128565	147.611159	6.698957	138.998963	5.434689	125.491228	4.590635	104.609975	4.543209	78.046179
825.138000	26.886846	173.494540	26.029302	173.070061	25.136928	172.606189	24.207980	172.096395	23.240625	171.532498	22.232946	170.904216	21.182966	170.198369	20.088676	169.397801	18.948096	168.479770	17.759354	167.413526	16.520856	166.156496	15.231516	164.648002	13.891220	162.798943	12.501626	160.473369	11.067701	157.454942	9.600842	153.382082	8.125682	147.619090	6.695900	139.004911	5.431523	125.490918	4.587666	104.595584	4.541052	78.016472
825.537290	26.885503	173.497772	26.027895	173.073480	25.135457	172.609814	24.206442	172.100247	23.239017	171.536594	22.231265	170.908573	21.181208	170.203020	20.086840	169.402755	18.946176	168.485072	17.757347	167.419213	16.518755	166.162592	15.229315	164.654554	13.888912	162.805982	12.499199	160.480905	11.065142	157.462935	9.598135	153.390344	8.122807	147.627035	6.692853	139.010879	5.428367	125.490649	4.584704	104.581259	4.538900	77.986853
825.936460	26.884164	173.500998	26.026493	173.076895	25.133990	172.613437	24.204908	172.104094	23.237413	171.540685	22.229589	170.912927	21.179455	170.207666	20.085008	169.407705	18.944261	168.490368	17.755344	167.424894	16.516660	166.168679	15.227120	164.661099	13.886610	162.813014	12.496779	160.488440	11.062590	157.470926	9.595434	153.398604	8.119939	147.634981	6.689813	139.016855	5.425217	125.490403	4.581747	104.566971	4.536752	77.957288
826.335570	26.882827	173.504216	26.025092	173.080307	25.132525	172.617063	24.203376	172.107939	23.235812	171.544769	22.227914	170.917278	21.177705	170.212302	20.083179	169.412653	18.942348	168.495659	17.753345	167.430564	16.514568	166.174759	15.224929	164.667639	13.884311	162.820041	12.494362	160.495972	11.060041	157.478914	9.592737	153.406858	8.117076	147.642921	6.686776	139.022832	5.422072	125.490158	4.578795	104.552685	4.534607	77.927735
826.734560	26.881491	173.507429	26.023694	173.083716	25.131062	172.620686	24.201846	172.111781	23.234212	171.548847	22.226242	170.921625	21.175958	170.216927	20.081352	169.417596	18.940439	168.500944	17.751348	167.436224	16.512478	166.180834	15.222740	164.674171	13.882015	162.827060	12.491948	160.503497	11.057496	157.486896	9.590043	153.415107	8.114216	147.650853	6.683744	139.028804	5.418931	125.489908	4.575847	104.538396	4.532468	77.898189
827.133420	26.880155	173.510642	26.022297	173.087122	25.129600	172.624301	24.200318	172.115617	23.232615	171.552922	22.224571	170.925967	21.174213	170.221545	20.079527	169.422534	18.938531	168.506220	17.749354	167.441878	16.510391	166.186907	15.220554	164.680694	13.879721	162.834070	12.489538	160.511011	11.054954	157.494869	9.587354	153.423350	8.111360	147.658779	6.680715	139.034772	5.415794	125.489652	4.572903	104.524103	4.530332	77.868651
827.532230	26.878821	173.513857	26.020902	173.090525	25.128141	172.627905	24.198792	172.119447	23.231018	171.556996	22.222902	170.930303	21.172469	170.226159	20.077704	169.427465	18.936625	168.511491	17.747362	167.447527	16.508306	166.192978	15.218370	164.687207	13.877430	162.841072	12.487129	160.518513	11.052415	157.502831	9.584666	153.431589	8.108507	147.666701	6.677690	139.040736	5.412660	125.489386	4.569963	104.509798	4.528201	77.839110
827.930910	26.877487	173.517068	26.019508	173.093924	25.126682	172.631503	24.197266	172.123270	23.229422	171.561064	22.221234	170.934630	21.170726	170.230768	20.075883	169.432390	18.934721	168.516757	17.745371	167.453170	16.506222	166.199040	15.216187	164.693712	13.875141	162.848063	12.484722	160.526001	11.049878	157.510784	9.581981	153.439814	8.105656	147.674611	6.674668	139.046685	5.409529	125.489103	4.567027	104.495468	4.526074	77.809554
828.329470	26.876155	173.520272	26.018113	173.097320	25.125222	172.635098	24.195739	172.127087	23.227826	171.565124	22.219567	170.938946	21.168983	170.235375	20.074061	169.437308	18.932817	168.522022	17.743380	167.458806	16.504139	166.205086	15.214005	164.700211	13.872852	162.855044	12.482316	160.533479	11.047341	157.518727	9.579297	153.448020	8.102807	147.682505	6.671647	139.052613	5.406401	125.488798	4.564094	104.481104	4.523952	77.779971
828.727970	26.874824	173.523469	26.016720	173.100713	25.123764	172.638692	24.194213	172.130899	23.226231	171.569178	22.217901	170.943256	21.167243	170.239978	20.072241	169.442221	18.930915	168.527282	17.741390	167.464436	16.502057	166.211122	15.211825	164.706705	13.870565	162.862017	12.479912	160.540950	11.044807	157.526662	9.576616	153.456214	8.099960	147.690389	6.668629	139.058531	5.403276	125.488486	4.561164	104.466727	4.521833	77.750386
829.126340	26.873496	173.526663	26.015330	173.104101	25.122309	172.642283	24.192692	172.134706	23.224641	171.573230	22.216240	170.947565	21.165506	170.244576	20.070426	169.447128	18.929018	168.532533	17.739405	167.470060	16.499981	166.217153	15.209651	164.713193	13.868284	162.868986	12.477514	160.548421	11.042279	157.534587	9.573941	153.464406	8.097120	147.698270	6.665618	139.064457	5.400156	125.488190	4.558240	104.452378	4.519719	77.720847
829.524600	26.872172	173.529855	26.013944	173.107482	25.120860	172.645870	24.191177	172.138511	23.223056	171.577281	22.214583	170.951876	21.163774	170.249166	20.068616	169.452028	18.927126	168.537774	17.737428	167.475677	16.497912	166.223183	15.207484	164.719673	13.866011	162.875951	12.475124	160.555891	11.039758	157.542504	9.571274	153.472603	8.094288	147.706155	6.662615	139.070401	5.397045	125.487924	4.555323	104.438079	4.517609	77.691377
829.922730	26.870852	173.533043	26.012563	173.110857	25.119415	172.649451	24.189666	172.142313	23.221476	171.581324	22.212932	170.956181	21.162048	170.253750	20.066813	169.456921	18.925240	168.543007	17.735457	167.481288	16.495849	166.229208	15.205323	164.726146	13.863743	162.882912	12.472741	160.563356	11.037244	157.550419	9.568614	153.480800	8.091463	147.714044	6.659619	139.076358	5.393940	125.487684	4.552411	104.423822	4.515503	77.661968
830.320800	26.869535	173.536224	26.011185	173.114224	25.117974	172.653027	24.188159	172.146113	23.219900	171.585356	22.211285	170.960477	21.160326	170.258327	20.065014	169.461808	18.923360	168.548235	17.733490	167.486893	16.493791	166.235227	15.203167	164.732613	13.861481	162.889867	12.470363	160.570811	11.034737	157.558338	9.565960	153.488995	8.088644	147.721939	6.656629	139.082322	5.390841	125.487464	4.549505	104.409595	4.513402	77.632601
830.718750	26.868221	173.539399	26.009808	173.117587	25.116535	172.656598	24.186653	172.149909	23.218327	171.589380	22.209640	170.964763	21.158606	170.262899	20.063217	169.466690	18.921482	168.553457	17.731526	167.492491	16.491735	166.241237	15.201014	164.739074	13.859223	162.896813	12.467989	160.578255	11.032233	157.566252	9.563310	153.497181	8.085829	147.729829	6.653643	139.088282	5.387747	125.487242	4.546604	104.395366	4.511304	77.603246
831.116580	26.866906	173.542570	26.008431	173.120951	25.115095	172.660164	24.185148	172.153698	23.216754	171.593404	22.207995	170.969043	21.156887	170.267468	20.061420	169.471569	18.919604	168.558672	17.729561	167.498083	16.489679	166.247242	15.198861	164.745528	13.856964	162.903750	12.465614	160.585688	11.029729	157.574150	9.560660	153.505353	8.083015	147.737701	6.650658	139.094222	5.384655	125.486990	4.543705	104.381095	4.509211	77.573854
831.514340	26.865591	173.545739	26.007054	173.124316	25.113653	172.663727	24.183642	172.157480	23.215179	171.597430	22.206348	170.973322	21.155166	170.272035	20.059621	169.476445	18.917725	168.563880	17.727595	167.503669	16.487623	166.253242	15.196706	164.751976	13.854705	162.910676	12.463238	160.593113	11.027225	157.582030	9.558010	153.513511	8.080202	147.745554	6.647674	139.100142	5.381563	125.486705	4.540808	104.366776	4.507122	77.544420
831.911930	26.864277	173.548905	26.005681	173.127675	25.112216	172.667288	24.182139	172.161258	23.213608	171.601451	22.204705	170.977599	21.153449	170.276594	20.057827	169.481314	18.915849	168.569084	17.725634	167.509248	16.485571	166.259233	15.194557	164.758416	13.852450	162.917596	12.460868	160.600530	11.024726	157.589900	9.555366	153.521662	8.077394	147.753402	6.644696	139.106062	5.378477	125.486429	4.537917	104.352478	4.505037	77.515023
832.309510	26.862970	173.552069	26.004313	173.131024	25.110785	172.670846	24.180642	172.165033	23.212043	171.605463	22.203069	170.981874	21.151740	170.281145	20.056040	169.486173	18.913980	168.574285	17.723681	167.514822	16.483527	166.265215	15.192416	164.764851	13.850205	162.924514	12.458507	160.607945	11.022237	157.597776	9.552730	153.529818	8.074595	147.761265	6.641727	139.112005	5.375400	125.486202	4.535032	104.338254	4.502956	77.485718
832.706910	26.861668	173.555229	26.002951	173.134363	25.109361	172.674399	24.179152	172.168805	23.210484	171.609463	22.201441	170.986144	21.150038	170.285686	20.054261	169.491023	18.912120	168.579482	17.721737	167.520388	16.481492	166.271187	15.190285	164.771279	13.847968	162.931427	12.456156	160.615355	11.019757	157.605655	9.550105	153.537975	8.071807	147.769138	6.638768	139.117969	5.372332	125.486021	4.532155	104.324104	4.500880	77.456514
833.104250	26.860370	173.558383	26.001593	173.137702	25.107940	172.677948	24.177665	172.172573	23.208929	171.613460	22.199817	170.990405	21.148340	170.290222	20.052487	169.495870	18.910265	168.584675	17.719797	167.525948	16.479462	166.277155	15.188158	164.777700	13.845737	162.938335	12.453810	160.622762	11.017283	157.613531	9.547486	153.546131	8.069024	147.777014	6.635816	139.123943	5.369270	125.485859	4.529283	104.309987	4.498808	77.427357
833.501460	26.859074	173.561530	26.000237	173.141043	25.106521	172.681490	24.176182	172.176334	23.207379	171.617455	22.198195	170.994656	21.146645	170.294756	20.050715	169.500714	18.908414	168.589861	17.717861	167.531503	16.477436	166.283121	15.186036	164.784115	13.843510	162.945235	12.451469	160.630164	11.014814	157.621400	9.544872	153.554282	8.066247	147.784886	6.632868	139.129921	5.366213	125.485706	4.526416	104.295884	4.496739	77.398232
833.898560	26.857782	173.564673	25.998884	173.144381	25.105105	172.685026	24.174702	172.180088	23.205832	171.621447	22.196578	170.998901	21.144955	170.299288	20.048949	169.505554	18.906568	168.595038	17.715930	167.537051	16.475414	166.289082	15.183918	164.790524	13.841289	162.952128	12.449133	160.637561	11.012350	157.629263	9.542264	153.562432	8.063476	147.792757	6.629926	139.135905	5.363162	125.485567	4.523555	104.281805	4.494675	77.369147
834.295590	26.856493	173.567813	25.997535	173.147712	25.103694	172.688556	24.173225	172.183835	23.204289	171.625437	22.194965	171.003144	21.143269	170.303819	20.047187	169.510388	18.904726	168.600205	17.714003	167.542593	16.473399	166.295037	15.181806	164.796927	13.839073	162.959016	12.446803	160.644952	11.009893	157.637120	9.539663	153.570583	8.060711	147.800634	6.626992	139.141901	5.360118	125.485451	4.520699	104.267762	4.492614	77.340114
834.692500	26.855207	173.570951	25.996190	173.151036	25.102286	172.692080	24.171752	172.187577	23.202749	171.629422	22.193356	171.007384	21.141587	170.308344	20.045430	169.515215	18.902887	168.605365	17.712080	167.548129	16.471388	166.300984	15.179700	164.803323	13.836863	162.965896	12.444478	160.652336	11.007441	157.644970	9.537067	153.578730	8.057953	147.808510	6.624063	139.147899	5.357079	125.485346	4.517849	104.253740	4.490559	77.311115
835.089290	26.853923	173.574085	25.994845	173.154357	25.100880	172.695601	24.170281	172.191316	23.201211	171.633402	22.191748	171.011618	21.139907	170.312859	20.043674	169.520035	18.901051	168.610520	17.710160	167.553658	16.469379	166.306925	15.177595	164.809710	13.834655	162.972767	12.442155	160.659710	11.004992	157.652811	9.534473	153.586867	8.055197	147.816375	6.621137	139.153889	5.354044	125.485233	4.515002	104.239706	4.488507	77.282114
835.485960	26.852639	173.577215	25.993500	173.157676	25.099474	172.699118	24.168811	172.195053	23.199673	171.637376	22.190141	171.015845	21.138227	170.317365	20.041917	169.524850	18.899216	168.615672	17.708241	167.559181	16.467369	166.312859	15.175491	164.816086	13.832447	162.979628	12.439834	160.667074	11.002543	157.660641	9.531881	153.594988	8.052442	147.824224	6.618213	139.159862	5.351011	125.485097	4.512157	104.225642	4.486459	77.253090
835.882570	26.851355	173.580342	25.992156	173.160991	25.098068	172.702634	24.167341	172.198786	23.198136	171.641343	22.188535	171.020067	21.136548	170.321864	20.040161	169.529659	18.897382	168.620821	17.706323	167.564697	16.465361	166.318787	15.173388	164.822456	13.830240	162.986481	12.437515	160.674429	11.000096	157.668462	9.529290	153.603099	8.049690	147.832062	6.615291	139.165823	5.347981	125.484947	4.509317	104.211555	4.484414	77.224052
836.279050	26.850072	173.583467	25.990814	173.164300	25.096664	172.706146	24.165872	172.202512	23.196601	171.645304	22.186929	171.024286	21.134871	170.326361	20.038408	169.534461	18.895550	168.625964	17.704407	167.570208	16.463356	166.324706	15.171288	164.828819	13.828036	162.993330	12.435197	160.681774	10.997652	157.676273	9.526702	153.611201	8.046940	147.839890	6.612373	139.171777	5.344954	125.484790	4.506480	104.197462	4.482375	77.195023
836.675480	26.848791	173.586590	25.989474	173.167602	25.095260	172.709655	24.164405	172.206231	23.195068	171.649260	22.185325	171.028503	21.133195	170.330857	20.036658	169.539257	18.893719	168.631099	17.702492	167.575712	16.461354	166.330616	15.169189	164.835177	13.825835	163.000172	12.432882	160.689112	10.995211	157.684077	9.524118	153.619295	8.044194	147.847713	6.609458	139.177724	5.341930	125.484625	4.503647	104.183358	4.480340	77.165994
837.071720	26.847510	173.589706	25.988135	173.170900	25.093858	172.713158	24.162939	172.209946	23.193536	171.653211	22.183723	171.032714	21.131521	170.335346	20.034908	169.544049	18.891890	168.636228	17.700580	167.581210	16.459353	166.336517	15.167093	164.841527	13.823636	163.007004	12.430569	160.696440	10.992773	157.691870	9.521537	153.627378	8.041451	147.855524	6.606546	139.183661	5.338911	125.484449	4.500818	104.169242	4.478309	77.136964
837.467900	26.846232	173.592815	25.986796	173.174196	25.092459	172.716654	24.161474	172.213659	23.192004	171.657161	22.182123	171.036919	21.129849	170.339828	20.033160	169.548840	18.890062	168.641351	17.698669	167.586701	16.457354	166.342412	15.164998	164.847871	13.821439	163.013825	12.428259	160.703762	10.990336	157.699657	9.518957	153.635454	8.038710	147.863331	6.603637	139.189591	5.335894	125.484266	4.497993	104.155116	4.476281	77.107928
837.864010	26.844956	173.595920	25.985460	173.177489	25.091062	172.720146	24.160013	172.217370	23.190476	171.661107	22.180527	171.041117	21.128180	170.344304	20.031416	169.553626	18.888239	168.646468	17.696763	167.592188	16.455359	166.348304	15.162909	164.854209	13.819247	163.020640	12.425954	160.711081	10.987905	157.707441	9.516384	153.643528	8.035976	147.871141	6.600734	139.195528	5.332883	125.484102	4.495172	104.141018	4.474257	77.078936
838.259950	26.843685	173.599021	25.984130	173.180778	25.089671	172.723634	24.158559	172.221077	23.188955	171.665045	22.178938	171.045308	21.126519	170.348774	20.029680	169.558401	18.886424	168.651579	17.694864	167.597667	16.453373	166.354193	15.160828	164.860540	13.817063	163.027452	12.423659	160.718395	10.985483	157.715225	9.513820	153.651605	8.033251	147.878961	6.597840	139.201485	5.329881	125.483981	4.492359	104.126992	4.472237	77.050040
838.655820	26.842418	173.602120	25.982805	173.184064	25.088285	172.727121	24.157108	172.224780	23.187439	171.668977	22.177354	171.049494	21.124864	170.353239	20.027949	169.563167	18.884615	168.656684	17.692972	167.603140	16.451393	166.360078	15.158754	164.866865	13.814887	163.034261	12.421371	160.725705	10.983069	157.723007	9.511264	153.659684	8.030533	147.886787	6.594955	139.207456	5.326886	125.483892	4.489551	104.113014	4.470222	77.021212
839.051570	26.841153	173.605216	25.981480	173.187348	25.086899	172.730601	24.155660	172.228479	23.185926	171.672906	22.175772	171.053676	21.123209	170.357698	20.026220	169.567927	18.882807	168.661782	17.691082	167.608607	16.449415	166.365954	15.156682	164.873183	13.812713	163.041062	12.419085	160.733007	10.980658	157.730779	9.508710	153.667753	8.027819	147.894602	6.592072	139.213423	5.323895	125.483796	4.486748	104.099028	4.468210	76.992388
839.447270	26.839888	173.608309	25.980156	173.190629	25.085513	172.734076	24.154212	172.232172	23.184411	171.676832	22.174188	171.057856	21.121554	170.362149	20.024490	169.572687	18.880999	168.666875	17.689191	167.614068	16.447436	166.371821	15.154609	164.879496	13.810538	163.047851	12.416798	160.740299	10.978246	157.738536	9.506156	153.675806	8.025105	147.902398	6.589190	139.219371	5.320905	125.483668	4.483947	104.084992	4.466202	76.963521
839.842770	26.838623	173.611398	25.978832	173.193905	25.084128	172.737544	24.152764	172.235857	23.182897	171.680754	22.172605	171.062031	21.119899	170.366595	20.022761	169.577441	18.879191	168.671961	17.687301	167.619522	16.445458	166.377678	15.152537	164.885801	13.808364	163.054632	12.414513	160.747580	10.975836	157.746281	9.503604	153.683847	8.022393	147.910177	6.586310	139.225304	5.317917	125.483520	4.481149	104.070931	4.464199	76.934640
840.238220	26.837360	173.614484	25.977510	173.197176	25.082745	172.741009	24.151318	172.239535	23.181384	171.684671	22.171024	171.066201	21.118247	170.371039	20.021034	169.582190	18.877386	168.677041	17.685413	167.624971	16.443483	166.383530	15.150468	164.892100	13.806194	163.061410	12.412230	160.754855	10.973428	157.754023	9.501055	153.691883	8.019685	147.917954	6.583434	139.231231	5.314933	125.483368	4.478356	104.056867	4.462199	76.905765
840.633610	26.836099	173.617568	25.976191	173.200441	25.081365	172.744473	24.149874	172.243209	23.179874	171.688581	22.169446	171.070365	21.116599	170.375481	20.019311	169.586934	18.875585	168.682115	17.683529	167.630413	16.441512	166.389377	15.148403	164.898394	13.804028	163.068186	12.409953	160.762125	10.971026	157.761764	9.498511	153.699920	8.016981	147.925734	6.580563	139.237163	5.311954	125.483233	4.475567	104.042831	4.460203	76.876928
841.028810	26.834843	173.620646	25.974876	173.203698	25.079990	172.747933	24.148435	172.246881	23.178371	171.692484	22.167874	171.074522	21.114957	170.379916	20.017594	169.591669	18.873791	168.687182	17.681652	167.635848	16.439549	166.395217	15.146346	164.904679	13.801870	163.074956	12.407683	160.769390	10.968632	157.769500	9.495977	153.707953	8.014286	147.933521	6.577701	139.243110	5.308984	125.483133	4.472784	104.028852	4.458211	76.848173
841.423950	26.833592	173.623718	25.973567	173.206949	25.078620	172.751391	24.147003	172.250555	23.176873	171.696382	22.166308	171.078672	21.113321	170.384344	20.015884	169.596398	18.872004	168.692243	17.679783	167.641276	16.437593	166.401050	15.144297	164.910958	13.799720	163.081720	12.405421	160.776652	10.966246	157.777233	9.493450	153.715985	8.011600	147.941318	6.574847	139.249082	5.306021	125.483079	4.470008	104.014940	4.456223	76.819502
841.818970	26.832344	173.626784	25.972261	173.210196	25.077254	172.754843	24.145575	172.254225	23.175380	171.700274	22.164747	171.082818	21.111689	170.388767	20.014178	169.601122	18.870221	168.697298	17.677919	167.646700	16.435640	166.406877	15.142253	164.917232	13.797575	163.088475	12.403165	160.783908	10.963866	157.784960	9.490930	153.724014	8.008920	147.949113	6.571999	139.255060	5.303064	125.483040	4.467237	104.001053	4.454239	76.790873
842.213930	26.831096	173.629849	25.970955	173.213445	25.075888	172.758290	24.144146	172.257887	23.173887	171.704163	22.163187	171.086961	21.110057	170.393188	20.012473	169.605845	18.868438	168.702353	17.676055	167.652122	16.433689	166.412699	15.140209	164.923500	13.795430	163.095221	12.400910	160.791155	10.961487	157.792677	9.488410	153.732037	8.006241	147.956896	6.569153	139.261026	5.300109	125.482981	4.464469	103.987140	4.452259	76.762225
842.608760	26.829849	173.632912	25.969649	173.216694	25.074523	172.761731	24.142717	172.261538	23.172394	171.708050	22.161626	171.091101	21.108426	170.397606	20.010768	169.610564	18.866655	168.707403	17.674192	167.657540	16.431738	166.418514	15.138166	164.929761	13.793286	163.101957	12.398656	160.798391	10.959109	157.800384	9.485891	153.740052	8.003563	147.964663	6.566309	139.266973	5.297156	125.482894	4.461703	103.973192	4.450282	76.733551
843.003480	26.828602	173.635968	25.968344	173.219939	25.073158	172.765167	24.141289	172.265184	23.170901	171.711933	22.160066	171.095236	21.106796	170.402017	20.009064	169.615275	18.864873	168.712446	17.672330	167.662951	16.429789	166.424322	15.136124	164.936014	13.791143	163.108686	12.396403	160.805621	10.956733	157.808082	9.483375	153.748057	8.000888	147.972419	6.563467	139.272910	5.294206	125.482795	4.458941	103.959228	4.448310	76.704871
843.398070	26.827358	173.639016	25.967041	173.223175	25.071795	172.768602	24.139864	172.268828	23.169410	171.715813	22.158508	171.099365	21.105168	170.406416	20.007363	169.619976	18.863095	168.717478	17.670470	167.668351	16.427843	166.430124	15.134085	164.942257	13.789004	163.115411	12.394154	160.812845	10.954360	157.815770	9.480862	153.756048	7.998217	147.980170	6.560629	139.278843	5.291260	125.482696	4.456183	103.945263	4.446341	76.676205
843.792600	26.826114	173.642060	25.965739	173.226406	25.070432	172.772032	24.138440	172.272470	23.167920	171.719689	22.156951	171.103487	21.103540	170.410808	20.005662	169.624669	18.861319	168.722503	17.668611	167.673743	16.425898	166.435920	15.132048	164.948492	13.786866	163.122128	12.391905	160.820063	10.951989	157.823450	9.478350	153.764028	7.995548	147.987910	6.557794	139.284766	5.288317	125.482584	4.453429	103.931276	4.444376	76.647525
844.187010	26.824868	173.645105	25.964436	173.229635	25.069069	172.775457	24.137015	172.276109	23.166430	171.723560	22.155393	171.107603	21.101912	170.415197	20.003961	169.629360	18.859541	168.727524	17.666751	167.679128	16.423952	166.441709	15.130009	164.954719	13.784728	163.128834	12.389657	160.827268	10.949617	157.831119	9.475839	153.771996	7.992878	147.995634	6.554959	139.290668	5.285375	125.482441	4.450677	103.917243	4.442416	76.618808
844.581300	26.823624	173.648151	25.963135	173.232861	25.067707	172.778875	24.135592	172.279745	23.164942	171.727424	22.153837	171.111713	21.100285	170.419583	20.002261	169.634049	18.857764	168.732543	17.664893	167.684508	16.422008	166.447491	15.127973	164.960941	13.782592	163.135530	12.387410	160.834463	10.947248	157.838782	9.473331	153.779958	7.990211	148.003351	6.552126	139.296562	5.282436	125.482289	4.447929	103.903201	4.440459	76.590095
844.975520	26.822386	173.651193	25.961840	173.236082	25.066353	172.782289	24.134175	172.283375	23.163462	171.731283	22.152289	171.115819	21.098666	170.423968	20.000570	169.638732	18.855995	168.737558	17.663044	167.689882	16.420074	166.453270	15.125946	164.967159	13.780466	163.142223	12.385174	160.841655	10.944889	157.846448	9.470833	153.787927	7.987555	148.011085	6.549305	139.302486	5.279506	125.482195	4.445187	103.889251	4.438506	76.561493
845.369630	26.821158	173.654228	25.960555	173.239297	25.065009	172.785700	24.132768	172.286998	23.161993	171.735134	22.150753	171.119921	21.097061	170.428350	19.998892	169.643408	18.854241	168.742566	17.661210	167.695249	16.418154	166.459046	15.123935	164.973374	13.778355	163.148919	12.382954	160.848849	10.942547	157.854121	9.468351	153.795910	7.984916	148.018853	6.546499	139.308465	5.276592	125.482206	4.442456	103.875467	4.436556	76.533087
845.763610	26.819937	173.657257	25.959276	173.242507	25.063671	172.789109	24.131368	172.290616	23.160530	171.738980	22.149225	171.124021	21.095463	170.432727	19.997224	169.648078	18.852495	168.747567	17.659384	167.700611	16.416242	166.464817	15.121932	164.979584	13.776253	163.155611	12.380745	160.856040	10.940215	157.861794	9.465880	153.803896	7.982288	148.026634	6.543704	139.314470	5.273686	125.482270	4.439732	103.861771	4.434610	76.504790
846.157470	26.818715	173.660282	25.957997	173.245712	25.062333	172.792514	24.129969	172.294231	23.159068	171.742824	22.147696	171.128118	21.093866	170.437094	19.995554	169.652745	18.850749	168.752561	17.657558	167.705969	16.414331	166.470580	15.119930	164.985785	13.774152	163.162291	12.378535	160.863223	10.937883	157.869455	9.463410	153.811872	7.979660	148.034395	6.540909	139.320459	5.270783	125.482307	4.437011	103.848035	4.432668	76.476463
846.551270	26.817490	173.663305	25.956715	173.248916	25.060991	172.795917	24.128567	172.297844	23.157600	171.746665	22.146163	171.132213	21.092263	170.441452	19.993878	169.657411	18.848998	168.757550	17.655727	167.711326	16.412415	166.476334	15.117923	164.991976	13.772047	163.168958	12.376320	160.870394	10.935546	157.877097	9.460934	153.819829	7.977027	148.042124	6.538111	139.326408	5.267876	125.482279	4.434290	103.834194	4.430730	76.448033
846.944950	26.816262	173.666326	25.955430	173.252116	25.059646	172.799314	24.127162	172.301452	23.156130	171.750502	22.144626	171.136300	21.090658	170.445803	19.992199	169.662069	18.847244	168.762533	17.653892	167.716675	16.410496	166.482078	15.115912	164.998159	13.769937	163.175614	12.374101	160.877555	10.933205	157.884723	9.458456	153.827765	7.974392	148.049827	6.535310	139.332321	5.264968	125.482194	4.431570	103.820267	4.428796	76.419520
847.338500	26.815033	173.669344	25.954144	173.255312	25.058300	172.802705	24.125755	172.305053	23.154658	171.754331	22.143088	171.140376	21.089051	170.450151	19.990520	169.666717	18.845488	168.767508	17.652056	167.722013	16.408575	166.487810	15.113901	165.004335	13.767826	163.182263	12.371882	160.884704	10.930864	157.892336	9.455976	153.835682	7.971756	148.057516	6.532509	139.338207	5.262060	125.482071	4.428852	103.806288	4.426867	76.390959
847.731990	26.813807	173.672358	25.952861	173.258506	25.056958	172.806091	24.124351	172.308649	23.153191	171.758154	22.141555	171.144445	21.087448	170.454498	19.988845	169.671356	18.843738	168.772479	17.650225	167.727343	16.406659	166.493536	15.111894	165.010507	13.765721	163.188909	12.369668	160.891847	10.928529	157.899947	9.453502	153.843598	7.969126	148.065209	6.529714	139.344102	5.259159	125.481970	4.426138	103.792343	4.424940	76.362447
848.125370	26.812590	173.675366	25.951587	173.261698	25.055626	172.809473	24.122957	172.312241	23.151734	171.761975	22.140032	171.148514	21.085858	170.458843	19.987183	169.675993	18.842000	168.777447	17.648408	167.732669	16.404757	166.499262	15.109901	165.016674	13.763629	163.195554	12.367468	160.898990	10.926208	157.907566	9.451043	153.851530	7.966511	148.072930	6.526934	139.350049	5.256270	125.481960	4.423434	103.778546	4.423017	76.334112
848.518620	26.811384	173.678366	25.950324	173.264887	25.054305	172.812852	24.121575	172.315830	23.150289	171.765793	22.138523	171.152585	21.084280	170.463185	19.985533	169.680627	18.840275	168.782413	17.646605	167.737993	16.402869	166.504988	15.107923	165.022838	13.761553	163.202199	12.365284	160.906132	10.923903	157.915195	9.448602	153.859483	7.963912	148.080678	6.524169	139.356055	5.253396	125.482055	4.420741	103.764916	4.421098	76.305979
848.911740	26.810180	173.681364	25.949065	173.268070	25.052988	172.816228	24.120198	172.319416	23.148849	171.769607	22.137017	171.156650	21.082706	170.467519	19.983887	169.685256	18.838555	168.787371	17.644806	167.743313	16.400987	166.510710	15.105950	165.028998	13.759483	163.208837	12.363106	160.913270	10.921604	157.922820	9.446166	153.867434	7.961320	148.088427	6.521411	139.362072	5.250527	125.482173	4.418052	103.751322	4.419182	76.277899
849.304810	26.808974	173.684364	25.947802	173.271247	25.051668	172.819603	24.118816	172.323000	23.147405	171.773414	22.135508	171.160706	21.081128	170.471844	19.982237	169.689879	18.836832	168.792319	17.643003	167.748628	16.399100	166.516422	15.103973	165.035153	13.757409	163.215468	12.360924	160.920398	10.919302	157.930429	9.443726	153.875364	7.958724	148.096150	6.518650	139.368051	5.247656	125.482232	4.415364	103.737634	4.417269	76.249722
849.697750	26.807764	173.687363	25.946537	173.274418	25.050344	172.822973	24.117431	172.326579	23.145957	171.777215	22.133994	171.164752	21.079545	170.476159	19.980584	169.694495	18.835103	168.797259	17.641195	167.753935	16.397208	166.522123	15.101991	165.041300	13.755329	163.222087	12.358738	160.927514	10.916995	157.938018	9.441282	153.883270	7.956124	148.103846	6.515886	139.373989	5.244784	125.482228	4.412677	103.723847	4.415361	76.221447
850.090640	26.806554	173.690357	25.945270	173.277586	25.049018	172.826338	24.116045	172.330154	23.144508	171.781012	22.132479	171.168795	21.077962	170.480472	19.978929	169.699108	18.833374	168.802195	17.639386	167.759232	16.395315	166.527819	15.100009	165.047435	13.753249	163.228697	12.356550	160.934622	10.914687	157.945595	9.438837	153.891163	7.953523	148.111528	6.513121	139.379904	5.241912	125.482191	4.409990	103.710008	4.413457	76.193126
850.483340	26.805344	173.693343	25.944004	173.280750	25.047694	172.829694	24.114661	172.333723	23.143061	171.784805	22.130965	171.172835	21.076381	170.484782	19.977277	169.703719	18.831646	168.807128	17.637579	167.764520	16.393426	166.533507	15.098029	165.053556	13.751171	163.235298	12.354365	160.941721	10.912381	157.953160	9.436395	153.899046	7.950926	148.119202	6.510360	139.385807	5.239043	125.482142	4.407308	103.696161	4.411556	76.164812
850.875980	26.804136	173.696325	25.942740	173.283913	25.046372	172.833047	24.113278	172.337285	23.141615	171.788597	22.129454	171.176872	21.074802	170.489089	19.975626	169.708325	18.829921	168.812058	17.635775	167.769801	16.391538	166.539191	15.096051	165.059670	13.749096	163.241892	12.352182	160.948812	10.910079	157.960718	9.433956	153.906922	7.948332	148.126868	6.507603	139.391707	5.236178	125.482088	4.404629	103.682309	4.409659	76.136504
851.268550	26.802930	173.699304	25.941477	173.287074	25.045050	172.836399	24.111896	172.340840	23.140171	171.792388	22.127945	171.180903	21.073224	170.493389	19.973978	169.712921	18.828197	168.816982	17.633974	167.775081	16.389652	166.544869	15.094076	165.065780	13.747024	163.248479	12.350002	160.955895	10.907779	157.968271	9.431520	153.914793	7.945741	148.134525	6.504848	139.397605	5.233317	125.482035	4.401955	103.668459	4.407766	76.108207
851.660950	26.801726	173.702281	25.940217	173.290230	25.043733	172.839747	24.110519	172.344390	23.138731	171.796173	22.126439	171.184926	21.071650	170.497682	19.972334	169.717506	18.826479	168.821897	17.632177	167.780356	16.387772	166.550540	15.092105	165.071888	13.744956	163.255059	12.347828	160.962971	10.905486	157.975820	9.429090	153.922659	7.943156	148.142179	6.502099	139.403511	5.230461	125.481999	4.399286	103.654641	4.405877	76.079960
852.053280	26.800528	173.705252	25.938963	173.293381	25.042421	172.843090	24.109147	172.347940	23.137297	171.799950	22.124940	171.188946	21.070083	170.501971	19.970697	169.722088	18.824767	168.826808	17.630386	167.785628	16.385898	166.556204	15.090142	165.077993	13.742897	163.261635	12.345662	160.970047	10.903200	157.983372	9.426669	153.930528	7.940580	148.149847	6.499359	139.409436	5.227614	125.482006	4.396623	103.640892	4.403991	76.051800
852.445500	26.799336	173.708216	25.937716	173.296525	25.041116	172.846426	24.107782	172.351492	23.135870	171.803717	22.123448	171.192962	21.068524	170.506258	19.969068	169.726668	18.823063	168.831712	17.628605	167.790892	16.384033	166.561862	15.088189	165.084095	13.740847	163.268208	12.343506	160.977123	10.900924	157.990926	9.424257	153.938403	7.938014	148.157533	6.496630	139.415388	5.224775	125.482069	4.393966	103.627232	4.402109	76.023754
852.837590	26.798148	173.711176	25.936473	173.299664	25.039816	172.849756	24.106423	172.355039	23.134448	171.807478	22.121962	171.196977	21.066971	170.510541	19.967444	169.731245	18.821365	168.836611	17.626829	167.796149	16.382176	166.567514	15.086243	165.090190	13.738804	163.274776	12.341357	160.984195	10.898656	157.998476	9.421853	153.946278	7.935456	148.165226	6.493908	139.421355	5.221944	125.482165	4.391316	103.613626	4.400230	75.995781
853.229610	26.796963	173.714137	25.935232	173.302801	25.038518	172.853084	24.105065	172.358576	23.133029	171.811240	22.120478	171.200989	21.065420	170.514819	19.965823	169.735815	18.819671	168.841502	17.625057	167.801401	16.380321	166.573164	15.084300	165.096275	13.736765	163.281340	12.339212	160.991258	10.896392	158.006019	9.419454	153.954148	7.932902	148.172910	6.491190	139.427324	5.219118	125.482267	4.388669	103.600029	4.398355	75.967825
853.621520	26.795777	173.717098	25.933992	173.305935	25.037219	172.856410	24.103708	172.362104	23.131609	171.815003	22.118996	171.204997	21.063870	170.519090	19.964203	169.740379	18.817977	168.846388	17.623286	167.806646	16.378468	166.578811	15.082358	165.102352	13.734727	163.287896	12.337068	160.998310	10.894130	158.013549	9.417057	153.962009	7.930351	148.180578	6.488475	139.433285	5.216293	125.482355	4.386026	103.586412	4.396483	75.939858
854.013310	26.794592	173.720055	25.932751	173.309066	25.035921	172.859732	24.102350	172.365629	23.130190	171.818762	22.117513	171.208998	21.062319	170.523354	19.962582	169.744936	18.816283	168.851271	17.621514	167.811885	16.376614	166.584450	15.080416	165.108421	13.732689	163.294442	12.334924	161.005351	10.891868	158.021068	9.414660	153.969855	7.927799	148.188233	6.485760	139.439228	5.213470	125.482415	4.383385	103.572754	4.394616	75.911859
854.405030	26.793406	173.723006	25.931509	173.312194	25.034621	172.863051	24.100991	172.369156	23.128770	171.822514	22.116028	171.212989	21.060768	170.527612	19.960960	169.749487	18.814589	168.856152	17.619741	167.817117	16.374759	166.590080	15.078472	165.114486	13.730650	163.300979	12.332780	161.012382	10.889605	158.028578	9.412261	153.977688	7.925248	148.195877	6.483045	139.445150	5.210648	125.482445	4.380746	103.559049	4.392751	75.883821
854.796630	26.792221	173.725950	25.930269	173.315318	25.033324	172.866367	24.099635	172.372682	23.127352	171.826258	22.114545	171.216972	21.059219	170.531865	19.959341	169.754033	18.812896	168.861027	17.617971	167.822344	16.372906	166.595701	15.076531	165.120544	13.728613	163.307508	12.330638	161.019407	10.887344	158.036081	9.409866	153.985513	7.922700	148.203518	6.480334	139.451068	5.207829	125.482472	4.378111	103.545345	4.390891	75.855799
855.188110	26.791040	173.728891	25.929033	173.318440	25.032032	172.869680	24.098283	172.376203	23.125939	171.829997	22.113068	171.220952	21.057675	170.536115	19.957728	169.758576	18.811209	168.865893	17.616208	167.827569	16.371060	166.601315	15.074597	165.126595	13.726584	163.314034	12.328503	161.026432	10.885092	158.043584	9.407479	153.993341	7.920159	148.211164	6.477631	139.457002	5.205018	125.482534	4.375483	103.531698	4.389034	75.827853
855.579530	26.789864	173.731830	25.927802	173.321559	25.030745	172.872990	24.096936	172.379717	23.124531	171.833730	22.111597	171.224930	21.056137	170.540363	19.956121	169.763116	18.809529	168.870749	17.614451	167.832791	16.369221	166.606923	15.072670	165.132639	13.724562	163.320558	12.326377	161.033457	10.882848	158.051087	9.405100	154.001173	7.917627	148.218816	6.474937	139.462957	5.202215	125.482636	4.372860	103.518118	4.387180	75.799989
855.970760	26.788691	173.734766	25.926575	173.324673	25.029462	172.876294	24.095593	172.383222	23.123127	171.837459	22.110130	171.228905	21.054604	170.544605	19.954519	169.767651	18.807853	168.875599	17.612699	167.838005	16.367387	166.612527	15.070749	165.138679	13.722546	163.327073	12.324255	161.040476	10.880609	158.058583	9.402727	154.008999	7.915101	148.226465	6.472248	139.468915	5.199417	125.482756	4.370243	103.504568	4.385330	75.772175
856.362000	26.787519	173.737700	25.925349	173.327781	25.028179	172.879593	24.094251	172.386722	23.121725	171.841186	22.108664	171.232878	21.053071	170.548841	19.952917	169.772181	18.806179	168.880448	17.610948	167.843210	16.365554	166.618130	15.068830	165.144717	13.720530	163.333581	12.322136	161.047486	10.878372	158.066070	9.400356	154.016813	7.912577	148.234107	6.469561	139.474866	5.196622	125.482870	4.367627	103.491005	4.383483	75.744355
856.753050	26.786348	173.740630	25.924123	173.330883	25.026897	172.882886	24.092911	172.390218	23.120323	171.844910	22.107199	171.236846	21.051540	170.553070	19.951315	169.776703	18.804507	168.885294	17.609198	167.848405	16.363723	166.623727	15.066912	165.150750	13.718517	163.340078	12.320018	161.054484	10.876136	158.073545	9.397987	154.024616	7.910055	148.241738	6.466876	139.480801	5.193829	125.482967	4.365015	103.477422	4.381640	75.716526
857.144040	26.785177	173.743553	25.922897	173.333981	25.025614	172.886176	24.091570	172.393715	23.118921	171.848631	22.105734	171.240808	21.050009	170.557297	19.949714	169.781219	18.802833	168.890133	17.607448	167.853598	16.361891	166.629316	15.064993	165.156775	13.716503	163.346567	12.317900	161.061472	10.873901	158.081012	9.395618	154.032414	7.907534	148.249358	6.464192	139.486723	5.191038	125.483041	4.362406	103.463806	4.379801	75.688669
857.534850	26.784006	173.746469	25.921672	173.337077	25.024333	172.889464	24.090231	172.397212	23.117520	171.852347	22.104269	171.244763	21.048479	170.561521	19.948115	169.785729	18.801161	168.894964	17.605699	167.858787	16.360062	166.634893	15.063077	165.162788	13.714492	163.353049	12.315784	161.068450	10.871668	158.088472	9.393252	154.040207	7.905015	148.256970	6.461512	139.492636	5.188250	125.483104	4.359800	103.450179	4.377966	75.660813
857.925660	26.782839	173.749384	25.920451	173.340171	25.023054	172.892748	24.088895	172.400704	23.116123	171.856060	22.102808	171.248715	21.046952	170.565742	19.946521	169.790235	18.799493	168.899793	17.603955	167.863974	16.358237	166.640465	15.061165	165.168795	13.712487	163.359531	12.313673	161.075425	10.869442	158.095932	9.390892	154.048001	7.902502	148.264587	6.458838	139.498564	5.185467	125.483192	4.357199	103.436589	4.376133	75.633009
858.316280	26.781678	173.752300	25.919236	173.343260	25.021783	172.896024	24.087566	172.404184	23.114733	171.859766	22.101356	171.252663	21.045435	170.569955	19.944934	169.794738	18.797835	168.904618	17.602220	167.869153	16.356422	166.646034	15.059262	165.174794	13.710490	163.366012	12.311573	161.082399	10.867225	158.103390	9.388542	154.055792	7.900000	148.272214	6.456174	139.504520	5.182694	125.483337	4.354605	103.423090	4.374304	75.605324
858.706850	26.780522	173.755215	25.918027	173.346347	25.020518	172.899294	24.086242	172.407657	23.113349	171.863467	22.099909	171.256608	21.043922	170.574162	19.943354	169.799237	18.796183	168.909440	17.600492	167.874325	16.354613	166.651601	15.057367	165.180788	13.708501	163.372492	12.309481	161.089373	10.865015	158.110846	9.386200	154.063582	7.897506	148.279851	6.453518	139.510497	5.179928	125.483522	4.352017	103.409653	4.372478	75.577721
859.097290	26.779367	173.758125	25.916819	173.349431	25.019254	172.902564	24.084920	172.411128	23.111968	171.867161	22.098465	171.260548	21.042413	170.578362	19.941776	169.803731	18.794534	168.914253	17.598767	167.879491	16.352808	166.657162	15.055475	165.186780	13.706515	163.378961	12.307391	161.096339	10.862809	158.118296	9.383861	154.071367	7.895017	148.287485	6.450866	139.516472	5.177167	125.483710	4.349432	103.396226	4.370656	75.550139
859.487670	26.778213	173.761029	25.915611	173.352513	25.017990	172.905835	24.083597	172.414603	23.110585	171.870850	22.097020	171.264483	21.040903	170.582557	19.940198	169.808220	18.792883	168.919057	17.597042	167.884652	16.351002	166.662718	15.053582	165.192770	13.704529	163.385416	12.305302	161.103295	10.860604	158.125736	9.381523	154.079145	7.892527	148.295107	6.448215	139.522429	5.174407	125.483871	4.346851	103.382765	4.368838	75.522523
859.877870	26.777057	173.763926	25.914401	173.355590	25.016725	172.909104	24.082275	172.418074	23.109201	171.874534	22.095574	171.268410	21.039392	170.586747	19.938619	169.812701	18.791231	168.923853	17.595315	167.889806	16.349195	166.668264	15.051689	165.198752	13.702542	163.391859	12.303212	161.110239	10.858398	158.133161	9.379185	154.086912	7.890037	148.302709	6.445563	139.528361	5.171648	125.483994	4.344271	103.369250	4.367023	75.494863
860.268010	26.775900	173.766820	25.913190	173.358661	25.015458	172.912367	24.080950	172.421538	23.107816	171.878216	22.094126	171.272331	21.037878	170.590935	19.937037	169.817176	18.789578	168.928647	17.593586	167.894955	16.347385	166.673801	15.049794	165.204725	13.700553	163.398297	12.301119	161.117174	10.856190	158.140573	9.376844	154.094664	7.887545	148.310287	6.442910	139.534267	5.168888	125.484076	4.341693	103.355665	4.365212	75.467140
860.658080	26.774743	173.769713	25.911979	173.361726	25.014191	172.915623	24.079625	172.424996	23.106432	171.881894	22.092679	171.276248	21.036365	170.595120	19.935456	169.821646	18.787925	168.933439	17.591859	167.900098	16.345576	166.679330	15.047899	165.210689	13.698565	163.404731	12.299027	161.124101	10.853983	158.147975	9.374504	154.102406	7.885055	148.317853	6.440260	139.540164	5.166130	125.484145	4.339117	103.342057	4.363405	75.439409
861.047970	26.773592	173.772602	25.910773	173.364786	25.012929	172.918871	24.078306	172.428449	23.105054	171.885569	22.091238	171.280159	21.034859	170.599299	19.933881	169.826111	18.786280	168.938226	17.590138	167.905234	16.343775	166.684854	15.046012	165.216644	13.696584	163.411161	12.296944	161.131025	10.851784	158.155376	9.372174	154.110144	7.882573	148.325426	6.437618	139.546079	5.163380	125.484255	4.336547	103.328517	4.361601	75.411767
861.437810	26.772447	173.775489	25.909574	173.367845	25.011675	172.922115	24.076995	172.431901	23.103683	171.889242	22.089805	171.284068	21.033361	170.603473	19.932316	169.830575	18.784644	168.943006	17.588426	167.910363	16.341984	166.690376	15.044135	165.222594	13.694614	163.417588	12.294872	161.137951	10.849597	158.162783	9.369855	154.117887	7.880103	148.333024	6.434986	139.552030	5.160641	125.484436	4.333985	103.315092	4.359800	75.384257
861.827510	26.771306	173.778372	25.908380	173.370901	25.010426	172.925355	24.075689	172.435349	23.102317	171.892909	22.088377	171.287974	21.031870	170.607639	19.930756	169.835034	18.783014	168.947779	17.586720	167.915487	16.340200	166.695893	15.042265	165.228540	13.692652	163.424009	12.292808	161.144873	10.847417	158.170187	9.367544	154.125631	7.877642	148.340629	6.432363	139.557997	5.157909	125.484653	4.331429	103.301729	4.358002	75.356827
862.217160	26.770167	173.781254	25.907187	173.373954	25.009179	172.928592	24.074383	172.438792	23.100953	171.896571	22.086951	171.291879	21.030379	170.611800	19.929199	169.839487	18.781385	168.952546	17.585017	167.920610	16.338417	166.701405	15.040397	165.234483	13.690691	163.430422	12.290745	161.151785	10.845239	158.177582	9.365235	154.133375	7.875182	148.348226	6.429743	139.563959	5.155179	125.484863	4.328876	103.288358	4.356207	75.329395
862.606690	26.769026	173.784132	25.905995	173.377004	25.007931	172.931826	24.073077	172.442228	23.099588	171.900227	22.085525	171.295781	21.028888	170.615955	19.927640	169.843934	18.779757	168.957307	17.583314	167.925730	16.336633	166.706910	15.038529	165.240423	13.688730	163.436825	12.288682	161.158687	10.843061	158.184965	9.362926	154.141112	7.872723	148.355807	6.427123	139.569901	5.152449	125.485046	4.326325	103.274946	4.354416	75.301931
862.996090	26.767885	173.787004	25.904801	173.380050	25.006683	172.935057	24.071771	172.445660	23.098223	171.903878	22.084098	171.299674	21.027397	170.620106	19.926081	169.848374	18.778127	168.962064	17.581610	167.930842	16.334849	166.712408	15.036660	165.246354	13.686769	163.443219	12.286618	161.165580	10.840882	158.192339	9.360616	154.148834	7.870264	148.363373	6.424503	139.575823	5.149721	125.485198	4.323776	103.261488	4.352629	75.274431
863.385380	26.766744	173.789869	25.903606	173.383095	25.005433	172.938284	24.070465	172.449090	23.096857	171.907528	22.082670	171.303556	21.025905	170.624255	19.924521	169.852809	18.776497	168.966819	17.579904	167.935943	16.333065	166.717901	15.034790	165.252276	13.684807	163.449606	12.284554	161.172467	10.838704	158.199706	9.358307	154.156535	7.867805	148.370928	6.421884	139.581724	5.146995	125.485322	4.321229	103.247990	4.350845	75.246903
863.774600	26.765604	173.792731	25.902413	173.386135	25.004185	172.941509	24.069161	172.452516	23.095492	171.911174	22.081244	171.307432	21.024415	170.628400	19.922964	169.857239	18.774869	168.971570	17.578201	167.941036	16.331285	166.723388	15.032924	165.258190	13.682848	163.455990	12.282493	161.179350	10.836529	158.207070	9.356001	154.164228	7.865349	148.378481	6.419269	139.587624	5.144273	125.485448	4.318686	103.234494	4.349065	75.219390
864.163700	26.764469	173.795592	25.901225	173.389170	25.002942	172.944730	24.067861	172.455936	23.094133	171.914815	22.079823	171.311308	21.022930	170.632538	19.921412	169.861662	18.773246	168.976315	17.576504	167.946127	16.329510	166.728868	15.031063	165.264097	13.680896	163.462370	12.280440	161.186226	10.834361	158.214431	9.353702	154.171926	7.862901	148.386039	6.416661	139.593542	5.141558	125.485609	4.316149	103.221056	4.347288	75.191952
864.552670	26.763338	173.798455	25.900042	173.392198	25.001704	172.947947	24.066566	172.459349	23.092780	171.918449	22.078409	171.315185	21.021451	170.636670	19.919868	169.866079	18.771631	168.981053	17.574816	167.951215	16.327742	166.734340	15.029211	165.269998	13.678952	163.468747	12.278395	161.193095	10.832201	158.221787	9.351411	154.179632	7.860462	148.393602	6.414061	139.599483	5.138850	125.485811	4.313618	103.207686	4.345514	75.164601
864.941530	26.762211	173.801314	25.898862	173.395222	25.000470	172.951162	24.065275	172.462759	23.091430	171.922078	22.076998	171.319059	21.019976	170.640797	19.918327	169.870492	18.770019	168.985785	17.573131	167.956298	16.325977	166.739809	15.027363	165.275893	13.677012	163.475117	12.276354	161.199958	10.830046	158.229136	9.349126	154.187335	7.858028	148.401162	6.411467	139.605429	5.136147	125.486029	4.311092	103.194344	4.343744	75.137292
865.330320	26.761083	173.804166	25.897683	173.398243	24.999236	172.954374	24.063985	172.466171	23.090081	171.925704	22.075588	171.322927	21.018502	170.644923	19.916786	169.874902	18.768409	168.990512	17.571447	167.961375	16.324215	166.745276	15.025516	165.281782	13.675074	163.481477	12.274314	161.206814	10.827893	158.236474	9.346844	154.195026	7.855596	148.408711	6.408875	139.611367	5.133447	125.486236	4.308568	103.180989	4.341977	75.109979
865.718990	26.759957	173.807011	25.896504	173.401261	24.998002	172.957583	24.062696	172.469582	23.088732	171.929327	22.074179	171.326787	21.017030	170.649045	19.915246	169.879309	18.766800	168.995232	17.569763	167.966445	16.322453	166.750738	15.023670	165.287664	13.673137	163.487828	12.272275	161.213664	10.825741	158.243803	9.344563	154.202705	7.853165	148.416247	6.406286	139.617291	5.130749	125.486427	4.306047	103.167614	4.340213	75.082655
866.107600	26.758830	173.809854	25.895325	173.404277	24.996769	172.960786	24.061407	172.472989	23.087384	171.932949	22.072770	171.330642	21.015557	170.653162	19.913707	169.883710	18.765190	168.999947	17.568080	167.971510	16.320693	166.756194	15.021825	165.293544	13.671200	163.494172	12.270238	161.220507	10.823591	158.251128	9.342283	154.210376	7.850736	148.423776	6.403698	139.623203	5.128053	125.486605	4.303529	103.154216	4.338453	75.055318
866.496030	26.757705	173.812694	25.894147	173.407289	24.995537	172.963982	24.060118	172.476388	23.086037	171.936566	22.071363	171.334490	21.014086	170.657272	19.912170	169.888104	18.763583	169.004653	17.566400	167.976568	16.318934	166.761638	15.019982	165.299419	13.669266	163.500509	12.268204	161.227342	10.821443	158.258450	9.340005	154.218040	7.848310	148.431300	6.401113	139.629105	5.125360	125.486781	4.301014	103.140813	4.336696	75.027992
866.884400	26.756583	173.815532	25.892973	173.410299	24.994309	172.967174	24.058833	172.479780	23.084694	171.940179	22.069959	171.338334	21.012618	170.661376	19.910636	169.892493	18.761979	169.009357	17.564724	167.981621	16.317179	166.767075	15.018144	165.305290	13.667336	163.506843	12.266174	161.234173	10.819301	158.265767	9.337732	154.225701	7.845889	148.438828	6.398533	139.635016	5.122672	125.486974	4.298504	103.127437	4.334942	75.000707
867.272710	26.755465	173.818366	25.891803	173.413305	24.993085	172.970365	24.057553	172.483167	23.083356	171.943787	22.068560	171.342175	21.011156	170.665479	19.909109	169.896880	18.760382	169.014060	17.563054	167.986667	16.315431	166.772506	15.016312	165.311157	13.665414	163.513174	12.264151	161.241002	10.817165	158.273078	9.335467	154.233363	7.843476	148.446366	6.395960	139.640950	5.119991	125.487204	4.296000	103.114123	4.333192	74.973499
867.660830	26.754352	173.821197	25.890639	173.416308	24.991867	172.973553	24.056278	172.486549	23.082023	171.947388	22.067166	171.346012	21.009700	170.669578	19.907586	169.901263	18.758792	169.018758	17.561389	167.991707	16.313688	166.777930	15.014488	165.317015	13.663498	163.519500	12.262135	161.247825	10.815036	158.280379	9.333211	154.241020	7.841070	148.453907	6.393395	139.646900	5.117318	125.487462	4.293501	103.100864	4.331444	74.946364
868.048890	26.753240	173.824025	25.889475	173.419308	24.990650	172.976734	24.055006	172.489928	23.080692	171.950984	22.065775	171.349848	21.008247	170.673673	19.906067	169.905641	18.757204	169.023448	17.559728	167.996744	16.311949	166.783352	15.012665	165.322864	13.661585	163.525820	12.260123	161.254643	10.812911	158.287677	9.330957	154.248675	7.838669	148.461444	6.390834	139.652849	5.114649	125.487727	4.291006	103.087617	4.329700	74.919252
868.436830	26.752129	173.826852	25.888313	173.422306	24.989434	172.979908	24.053734	172.493303	23.079363	171.954573	22.064386	171.353682	21.006795	170.677760	19.904548	169.910013	18.755617	169.028126	17.558068	168.001779	16.310211	166.788770	15.010845	165.328704	13.659674	163.532133	12.258112	161.261453	10.810789	158.294972	9.328705	154.256326	7.836269	148.468969	6.388276	139.658787	5.111982	125.487982	4.288514	103.074362	4.327960	74.892140
868.824710	26.751020	173.829674	25.887151	173.425300	24.988219	172.983079	24.052464	172.496676	23.078035	171.958159	22.062998	171.357511	21.005345	170.681842	19.903032	169.914380	18.754032	169.032800	17.556410	168.006809	16.308476	166.794185	15.009027	165.334538	13.657766	163.538441	12.256104	161.268258	10.808669	158.302263	9.326456	154.263972	7.833873	148.476490	6.385721	139.664721	5.109318	125.488238	4.286025	103.061107	4.326222	74.865042
869.212400	26.749913	173.832489	25.885993	173.428287	24.987007	172.986249	24.051197	172.500044	23.076711	171.961740	22.061614	171.361328	21.003898	170.685917	19.901520	169.918738	18.752451	169.037473	17.554756	168.011827	16.306746	166.799593	15.007213	165.340366	13.655863	163.544741	12.254101	161.275056	10.806554	158.309547	9.324212	154.271611	7.831483	148.484010	6.383172	139.670658	5.106660	125.488508	4.283541	103.047876	4.324488	74.837991
869.600100	26.748808	173.835299	25.884836	173.431269	24.985798	172.989422	24.049932	172.503411	23.075389	171.965319	22.060231	171.365137	21.002453	170.689987	19.900010	169.923093	18.750873	169.042149	17.553105	168.016838	16.305019	166.804996	15.005403	165.346194	13.653962	163.551038	12.252102	161.281849	10.804442	158.316825	9.321973	154.279245	7.829096	148.491532	6.380626	139.676601	5.104006	125.488785	4.281060	103.034655	4.322757	74.810962
869.987610	26.747704	173.838106	25.883681	173.434246	24.984589	172.992590	24.048668	172.506774	23.074068	171.968895	22.058849	171.368942	21.001009	170.694053	19.898501	169.927443	18.749295	169.046818	17.551456	168.021843	16.303293	166.810390	15.003594	165.352017	13.652064	163.557325	12.250104	161.288632	10.802331	158.324094	9.319736	154.286866	7.826711	148.499043	6.378083	139.682535	5.101355	125.489051	4.278583	103.021420	4.321029	74.783931
870.375060	26.746600	173.840916	25.882525	173.437221	24.983379	172.995752	24.047403	172.510136	23.072746	171.972468	22.057467	171.372750	20.999564	170.698117	19.896991	169.931791	18.747717	169.051475	17.549806	168.026847	16.301566	166.815774	15.001784	165.357835	13.650164	163.563604	12.248105	161.295407	10.800221	158.331353	9.317498	154.294474	7.824326	148.506537	6.375540	139.688451	5.098704	125.489288	4.276108	103.008144	4.319305	74.756858
870.762330	26.745495	173.843723	25.881370	173.440194	24.982170	172.998906	24.046138	172.513492	23.071423	171.976037	22.056086	171.376557	20.998120	170.702177	19.895482	169.936134	18.746139	169.056124	17.548156	168.031846	16.299839	166.821150	14.999974	165.363643	13.648265	163.569872	12.246107	161.302171	10.798112	158.338602	9.315260	154.302071	7.821941	148.514015	6.372998	139.694352	5.096055	125.489504	4.273635	102.994839	4.317585	74.729766
871.149600	26.744392	173.846526	25.880215	173.443164	24.980961	173.002054	24.044874	172.516843	23.070102	171.979604	22.054706	171.380359	20.996677	170.706231	19.893974	169.940473	18.744562	169.060770	17.546507	168.036840	16.298112	166.826523	14.998166	165.369442	13.646367	163.576133	12.244110	161.308931	10.796004	158.345845	9.313025	154.309666	7.819559	148.521485	6.370458	139.700243	5.093408	125.489712	4.271165	102.981517	4.315868	74.702668
871.536680	26.743291	173.849321	25.879062	173.446130	24.979756	173.005197	24.043613	172.520186	23.068784	171.983167	22.053328	171.384152	20.995237	170.710278	19.892469	169.944804	18.742988	169.065414	17.544862	168.041826	16.296390	166.831893	14.996362	165.375230	13.644474	163.582387	12.242117	161.315683	10.793900	158.353080	9.310793	154.317259	7.817182	148.528951	6.367924	139.706134	5.090766	125.489931	4.268699	102.968215	4.314154	74.675610
871.923710	26.742194	173.852111	25.877913	173.449093	24.978555	173.008338	24.042357	172.523527	23.067471	171.986726	22.051955	171.387940	20.993803	170.714321	19.890970	169.949130	18.741420	169.070055	17.543222	168.046809	16.294673	166.837260	14.994564	165.381015	13.642587	163.588641	12.240131	161.322431	10.791803	158.360314	9.308569	154.324857	7.814812	148.536427	6.365397	139.712043	5.088131	125.490185	4.266238	102.954970	4.312442	74.648625
872.310610	26.741102	173.854899	25.876771	173.452054	24.977360	173.011480	24.041108	172.526865	23.066165	171.990279	22.050589	171.391727	20.992376	170.718362	19.889478	169.953449	18.739861	169.074689	17.541591	168.051789	16.292966	166.842625	14.992776	165.386803	13.640709	163.594896	12.238156	161.329175	10.789716	158.367547	9.306356	154.332457	7.812452	148.543920	6.362880	139.717982	5.085504	125.490496	4.263784	102.941822	4.310733	74.621753
872.697450	26.740014	173.857685	25.875633	173.455012	24.976170	173.014621	24.039864	172.530200	23.064863	171.993827	22.049228	171.395511	20.990953	170.722400	19.887991	169.957763	18.738307	169.079316	17.539965	168.056766	16.291265	166.847985	14.990993	165.392590	13.638838	163.601149	12.236186	161.335917	10.787637	158.374780	9.304149	154.340057	7.810099	148.551420	6.360369	139.723938	5.082884	125.490840	4.261335	102.928729	4.309028	74.594948
873.084110	26.738927	173.860468	25.874497	173.457962	24.974980	173.017757	24.038620	172.533530	23.063562	171.997367	22.047868	171.399289	20.989532	170.726431	19.886506	169.962074	18.736755	169.083937	17.538341	168.061734	16.289566	166.853336	14.989211	165.398365	13.636968	163.607389	12.234219	161.342652	10.785559	158.382002	9.301944	154.347642	7.807749	148.558908	6.357860	139.729883	5.080267	125.491174	4.258890	102.915624	4.307326	74.568148
873.470700	26.737840	173.863248	25.873358	173.460907	24.973789	173.020885	24.037374	172.536853	23.062260	172.000901	22.046507	171.403062	20.988109	170.730457	19.885019	169.966382	18.735200	169.088552	17.536715	168.066691	16.287865	166.858678	14.987428	165.404127	13.635097	163.613616	12.232249	161.349381	10.783479	158.389215	9.299738	154.355209	7.805397	148.566377	6.355351	139.735803	5.077650	125.491472	4.256446	102.902462	4.305628	74.541299
873.857180	26.736751	173.866024	25.872219	173.463848	24.972597	173.024008	24.036128	172.540171	23.060957	172.004432	22.045146	171.406828	20.986686	170.734477	19.883532	169.970686	18.733645	169.093162	17.535090	168.071642	16.286163	166.864012	14.985645	165.409878	13.633225	163.619834	12.230279	161.356101	10.781400	158.396418	9.297532	154.362764	7.803045	148.573831	6.352843	139.741703	5.075034	125.491742	4.254005	102.889256	4.303934	74.514418
874.243590	26.735663	173.868798	25.871080	173.466790	24.971406	173.027129	24.034882	172.543487	23.059655	172.007964	22.043785	171.410588	20.985264	170.738495	19.882045	169.974983	18.732090	169.097766	17.533464	168.076591	16.284461	166.869340	14.983862	165.415627	13.631354	163.626050	12.228310	161.362810	10.779321	158.403614	9.295327	154.370314	7.800695	148.581280	6.350336	139.747594	5.072420	125.491996	4.251566	102.876030	4.302242	74.487524
874.629880	26.734577	173.871569	25.869943	173.469733	24.970217	173.030248	24.033639	172.546801	23.058355	172.011496	22.042427	171.414343	20.983844	170.742510	19.880560	169.979274	18.730540	169.102364	17.531842	168.081537	16.282763	166.874663	14.982084	165.421374	13.629486	163.632264	12.226345	161.369511	10.777246	158.410804	9.293126	154.377863	7.798349	148.588728	6.347833	139.753488	5.069810	125.492259	4.249130	102.862821	4.300553	74.460661
875.016050	26.733496	173.874337	25.868811	173.472671	24.969033	173.033363	24.032401	172.550111	23.057060	172.015024	22.041074	171.418094	20.982430	170.746520	19.879082	169.983561	18.728995	169.106957	17.530226	168.086478	16.281071	166.879982	14.980312	165.427119	13.627626	163.638472	12.224388	161.376209	10.775178	158.417993	9.290933	154.385415	7.796011	148.596181	6.345338	139.759401	5.067207	125.492560	4.246700	102.849675	4.298867	74.433879
875.402160	26.732421	173.877101	25.867685	173.475603	24.967855	173.036475	24.031169	172.553417	23.055772	172.018545	22.039727	171.421842	20.981023	170.750523	19.877611	169.987846	18.727457	169.111547	17.528618	168.091414	16.279388	166.885299	14.978548	165.432861	13.625774	163.644672	12.222440	161.382910	10.773120	158.425183	9.288749	154.392974	7.793682	148.603642	6.342853	139.765345	5.064613	125.492918	4.244276	102.836618	4.297184	74.407205
875.788090	26.731349	173.879862	25.866564	173.478528	24.966682	173.039584	24.029942	172.556720	23.054489	172.022060	22.038385	171.425587	20.979620	170.754520	19.876145	169.992127	18.725925	169.116134	17.527015	168.096342	16.277711	166.890610	14.976790	165.438596	13.623929	163.650865	12.220498	161.389606	10.771069	158.432368	9.286572	154.400531	7.791360	148.611105	6.340374	139.771299	5.062025	125.493304	4.241858	102.823611	4.295503	74.380598
876.173950	26.730278	173.882622	25.865443	173.481450	24.965509	173.042690	24.028715	172.560021	23.053207	172.025568	22.037044	171.429330	20.978219	170.758515	19.874681	169.996403	18.724394	169.120719	17.525414	168.101263	16.276035	166.895915	14.975033	165.444322	13.622085	163.657058	12.218557	161.396293	10.769019	158.439544	9.284397	154.408080	7.789040	148.618568	6.337898	139.777246	5.059440	125.493682	4.239442	102.810594	4.293826	74.353990
876.559750	26.729206	173.885379	25.864321	173.484371	24.964335	173.045795	24.027487	172.563319	23.051924	172.029072	22.035704	171.433070	20.976818	170.762508	19.873217	170.000673	18.722862	169.125302	17.523812	168.106179	16.274359	166.901215	14.973276	165.450039	13.620241	163.663248	12.216616	161.402970	10.766969	158.446710	9.282222	154.415618	7.786721	148.626024	6.335422	139.783175	5.056855	125.494036	4.237029	102.797544	4.292153	74.327353
876.945370	26.728134	173.888130	25.863200	173.487288	24.963162	173.048893	24.026261	172.566612	23.050643	172.032570	22.034364	171.436803	20.975418	170.766495	19.871753	170.004936	18.721332	169.129877	17.522211	168.111090	16.272683	166.906507	14.971521	165.455749	13.618398	163.669428	12.214677	161.409639	10.764921	158.453866	9.280049	154.423144	7.784404	148.633468	6.332948	139.789094	5.054273	125.494376	4.234618	102.784476	4.290482	74.300711
877.330930	26.727063	173.890874	25.862079	173.490202	24.961990	173.051986	24.025035	172.569899	23.049361	172.036067	22.033025	171.440531	20.974019	170.770475	19.870290	170.009192	18.719803	169.134441	17.520612	168.116001	16.271009	166.911796	14.969766	165.461459	13.616556	163.675595	12.212739	161.416303	10.762875	158.461019	9.277877	154.430663	7.782088	148.640896	6.330477	139.795009	5.051693	125.494708	4.232211	102.771395	4.288815	74.274068
877.716370	26.725993	173.893614	25.860960	173.493114	24.960819	173.055073	24.023810	172.573180	23.048081	172.039561	22.031688	171.444253	20.972620	170.774450	19.868828	170.013444	18.718275	169.138998	17.519014	168.120906	16.269337	166.917077	14.968013	165.467164	13.614716	163.681751	12.210802	161.422961	10.760830	158.468165	9.275707	154.438173	7.779774	148.648311	6.328007	139.800915	5.049116	125.495030	4.229806	102.758299	4.287151	74.247422
878.101750	26.724924	173.896354	25.859840	173.496023	24.959648	173.058157	24.022586	172.576457	23.046800	172.043051	22.030350	171.447973	20.971220	170.778423	19.867366	170.017693	18.716746	169.143551	17.517416	168.125804	16.267664	166.922350	14.966260	165.472863	13.612876	163.687903	12.208866	161.429611	10.758785	158.475303	9.273538	154.445675	7.777461	148.655718	6.325538	139.806805	5.046540	125.495333	4.227403	102.745172	4.285491	74.220753
878.487000	26.723854	173.899094	25.858721	173.498929	24.958477	173.061238	24.021361	172.579732	23.045520	172.046538	22.029011	171.451690	20.969821	170.782393	19.865905	170.021939	18.715219	169.148103	17.515818	168.130691	16.265992	166.927614	14.964508	165.478551	13.611038	163.694054	12.206931	161.436250	10.756742	158.482429	9.271370	154.453167	7.775150	148.663120	6.323072	139.812677	5.043967	125.495617	4.225002	102.732020	4.283834	74.194070
878.872130	26.722787	173.901832	25.857603	173.501830	24.957308	173.064317	24.020138	172.583005	23.044242	172.050022	22.027674	171.455403	20.968425	170.786359	19.864446	170.026181	18.713694	169.152651	17.514222	168.135572	16.264322	166.932871	14.962759	165.484231	13.609202	163.700200	12.204998	161.442882	10.754701	158.489549	9.269206	154.460651	7.772842	148.670518	6.320609	139.818545	5.041397	125.495903	4.222606	102.718874	4.282180	74.167406
879.257140	26.721722	173.904563	25.856489	173.504724	24.956143	173.067391	24.018920	172.586275	23.042968	172.053503	22.026342	171.459110	20.967033	170.790317	19.862991	170.030416	18.712173	169.157192	17.512631	168.140450	16.262658	166.938124	14.961015	165.489903	13.607370	163.706340	12.203072	161.449512	10.752666	158.496666	9.267047	154.468130	7.770540	148.677913	6.318151	139.824424	5.038833	125.496211	4.220214	102.705768	4.280529	74.140798
879.642090	26.720661	173.907288	25.855378	173.507614	24.954980	173.070463	24.017705	172.589542	23.041697	172.056980	22.025014	171.462810	20.965645	170.794270	19.861540	170.034645	18.710656	169.161726	17.511045	168.145327	16.260998	166.943376	14.959276	165.495571	13.605544	163.712472	12.201150	161.456138	10.750636	158.503781	9.264893	154.475607	7.768243	148.685307	6.315700	139.830316	5.036273	125.496541	4.217827	102.692698	4.278880	74.114241
880.026920	26.719601	173.910012	25.854269	173.510502	24.953820	173.073533	24.016492	172.592803	23.040429	172.060454	22.023688	171.466506	20.964260	170.798219	19.860092	170.038870	18.709142	169.166256	17.509462	168.150198	16.259341	166.948624	14.957540	165.501235	13.603721	163.718598	12.199232	161.462759	10.748610	158.510888	9.262744	154.483082	7.765950	148.692701	6.313252	139.836213	5.033717	125.496881	4.215443	102.679644	4.277235	74.087713
880.411620	26.718542	173.912737	25.853162	173.513391	24.952662	173.076600	24.015281	172.596057	23.039162	172.063921	22.022365	171.470199	20.962877	170.802166	19.858646	170.043092	18.707630	169.170784	17.507882	168.155061	16.257686	166.953869	14.955806	165.506896	13.601901	163.724719	12.197316	161.469371	10.746587	158.517987	9.260597	154.490556	7.763661	148.700097	6.310808	139.842109	5.031166	125.497223	4.213063	102.666593	4.275593	74.061202
880.796260	26.717486	173.915460	25.852057	173.516279	24.951506	173.079663	24.014072	172.599307	23.037898	172.067383	22.021044	171.473890	20.961496	170.806110	19.857203	170.047312	18.706122	169.175309	17.506304	168.159919	16.256034	166.959109	14.954075	165.512554	13.600085	163.730833	12.195405	161.475978	10.744568	158.525081	9.258454	154.498027	7.761376	148.707493	6.308368	139.848008	5.028618	125.497576	4.210686	102.653562	4.273954	74.034721
881.180790	26.716434	173.918178	25.850956	173.519161	24.950354	173.082721	24.012867	172.602555	23.036638	172.070837	22.019727	171.477579	20.960119	170.810048	19.855764	170.051526	18.704617	169.179828	17.504731	168.164774	16.254388	166.964345	14.952350	165.518206	13.598274	163.736941	12.193499	161.482582	10.742555	158.532174	9.256317	154.505494	7.759097	148.714887	6.305935	139.853912	5.026077	125.497953	4.208314	102.640575	4.272318	74.008300
881.565190	26.715385	173.920888	25.849857	173.522036	24.949205	173.085771	24.011665	172.605799	23.035383	172.074286	22.018415	171.481264	20.958748	170.813979	19.854330	170.055733	18.703118	169.184341	17.503162	168.169626	16.252747	166.969574	14.950630	165.523850	13.596469	163.743041	12.191599	161.489182	10.740548	158.539267	9.254187	154.512955	7.756824	148.722277	6.303507	139.859823	5.023541	125.498352	4.205947	102.627634	4.270684	73.981942
881.949460	26.714339	173.923594	25.848762	173.524907	24.948059	173.088818	24.010467	172.609041	23.034131	172.077733	22.017105	171.484944	20.957379	170.817904	19.852899	170.059934	18.701623	169.188846	17.501598	168.174473	16.251110	166.974793	14.948915	165.529487	13.594668	163.749137	12.189703	161.495776	10.738545	158.546355	9.252061	154.520412	7.754556	148.729665	6.301084	139.865738	5.021010	125.498763	4.203585	102.614714	4.269053	73.955618
882.333680	26.713293	173.926298	25.847668	173.527774	24.946914	173.091862	24.009270	172.612279	23.032879	172.081180	22.015797	171.488618	20.956012	170.821824	19.851470	170.064129	18.700129	169.193345	17.500035	168.179314	16.249475	166.980003	14.947201	165.535118	13.592868	163.755231	12.187810	161.502363	10.736545	158.553436	9.249938	154.527869	7.752291	148.737055	6.298664	139.871657	5.018481	125.499174	4.201225	102.601791	4.267426	73.929301
882.717770	26.712250	173.929000	25.846576	173.530640	24.945772	173.094903	24.008075	172.615513	23.031630	172.084627	22.014492	171.492286	20.954648	170.825738	19.850044	170.068319	18.698639	169.197839	17.498476	168.184148	16.247843	166.985206	14.945490	165.540743	13.591072	163.761321	12.185920	161.508944	10.734549	158.560509	9.247819	154.535323	7.750030	148.744445	6.296249	139.877582	5.015957	125.499597	4.198869	102.588886	4.265801	73.903016
883.101750	26.711210	173.931699	25.845488	173.533504	24.944634	173.097942	24.006885	172.618745	23.030384	172.088070	22.013191	171.495951	20.953288	170.829649	19.848623	170.072505	18.697153	169.202331	17.496923	168.188977	16.246216	166.990408	14.943785	165.546366	13.589282	163.767404	12.184035	161.515522	10.732558	158.567576	9.245706	154.542777	7.747775	148.751837	6.293839	139.883517	5.013439	125.500047	4.196517	102.576029	4.264179	73.876795
883.485660	26.710173	173.934396	25.844403	173.536365	24.943499	173.100978	24.005698	172.621975	23.029143	172.091506	22.011894	171.499615	20.951932	170.833557	19.847206	170.076690	18.695671	169.206822	17.495374	168.193801	16.244594	166.995612	14.942085	165.551986	13.587498	163.773481	12.182157	161.522098	10.730573	158.574639	9.243599	154.550229	7.745526	148.759229	6.291436	139.889458	5.010927	125.500524	4.194170	102.563218	4.262560	73.850633
883.869450	26.709137	173.937089	25.843318	173.539222	24.942364	173.104011	24.004512	172.625201	23.027903	172.094935	22.010599	171.503274	20.950577	170.837463	19.845790	170.080870	18.694190	169.211307	17.493825	168.198619	16.242972	167.000812	14.940386	165.557601	13.585715	163.779552	12.180279	161.528667	10.728589	158.581693	9.241494	154.557669	7.743279	148.766611	6.289034	139.895388	5.008416	125.500989	4.191826	102.550392	4.260944	73.824468
884.253110	26.708099	173.939778	25.842232	173.542071	24.941228	173.107040	24.003324	172.628420	23.026661	172.098357	22.009299	171.506926	20.949219	170.841365	19.844372	170.085043	18.692707	169.215780	17.492274	168.203429	16.241348	167.006002	14.938685	165.563206	13.583929	163.785617	12.178399	161.535223	10.726603	158.588738	9.239386	154.565089	7.741030	148.773975	6.286631	139.901291	5.005905	125.501404	4.189483	102.537490	4.259332	73.798233
884.636720	26.707059	173.942464	25.841144	173.544914	24.940090	173.110066	24.002133	172.631634	23.025416	172.101775	22.007997	171.510572	20.947859	170.845265	19.842951	170.089211	18.691222	169.220244	17.490719	168.208235	16.239722	167.011182	14.936981	165.568802	13.582139	163.791677	12.176516	161.541767	10.724615	158.595774	9.237274	154.572493	7.738778	148.781321	6.284226	139.907167	5.003392	125.501770	4.187141	102.524510	4.257723	73.771926
885.020140	26.706019	173.945148	25.840056	173.547756	24.938951	173.113089	24.000942	172.634843	23.024172	172.105190	22.006695	171.514214	20.946500	170.849157	19.841529	170.093374	18.689736	169.224706	17.489164	168.213036	16.238097	167.016355	14.935277	165.574390	13.580350	163.797727	12.174633	161.548301	10.722627	158.602801	9.235164	154.579886	7.736527	148.788654	6.281822	139.913028	5.000881	125.502116	4.184801	102.511500	4.256118	73.745603
885.403500	26.704980	173.947830	25.838969	173.550601	24.937813	173.116110	23.999753	172.638049	23.022929	172.108608	22.005395	171.517855	20.945142	170.853044	19.840110	170.097535	18.688252	169.229172	17.487613	168.217837	16.236473	167.021523	14.933575	165.579974	13.578564	163.803767	12.172753	161.554831	10.720641	158.609823	9.233057	154.587278	7.734279	148.795981	6.279421	139.918886	4.998374	125.502467	4.182465	102.498498	4.254515	73.719303
885.786800	26.703944	173.950509	25.837885	173.553444	24.936679	173.119128	23.998568	172.641254	23.021689	172.112023	22.004100	171.521493	20.943788	170.856926	19.838695	170.101693	18.686772	169.233635	17.486067	168.222632	16.234853	167.026686	14.931878	165.585553	13.576782	163.809801	12.170879	161.561358	10.718661	158.616840	9.230956	154.594671	7.732036	148.803309	6.277025	139.924753	4.995872	125.502842	4.180132	102.485537	4.252915	73.693057
886.169980	26.702912	173.953180	25.836806	173.556280	24.935550	173.122139	23.997387	172.644456	23.020455	172.115434	22.002811	171.525124	20.942440	170.860806	19.837286	170.105845	18.685298	169.238089	17.484526	168.227417	16.233241	167.031843	14.930188	165.591125	13.575008	163.815831	12.169012	161.567880	10.716688	158.623854	9.228862	154.602066	7.729802	148.810643	6.274638	139.930637	4.993377	125.503257	4.177806	102.472647	4.251318	73.666896
886.552980	26.701886	173.955845	25.835731	173.559108	24.934427	173.125144	23.996212	172.647655	23.019227	172.118838	22.001526	171.528748	20.941098	170.864682	19.835883	170.109990	18.683832	169.242532	17.482992	168.232192	16.231635	167.036992	14.928505	165.596689	13.573241	163.821858	12.167152	161.574398	10.714723	158.630863	9.226776	154.609460	7.727576	148.817983	6.272258	139.936538	4.990889	125.503710	4.175485	102.459828	4.249723	73.640821
886.935970	26.700862	173.958509	25.834659	173.561935	24.933306	173.128145	23.995039	172.650849	23.018001	172.122236	22.000245	171.532369	20.939759	170.868555	19.834483	170.114130	18.682369	169.246969	17.481461	168.236964	16.230033	167.042139	14.926826	165.602250	13.571479	163.827881	12.165296	161.580912	10.712763	158.637867	9.224694	154.616852	7.725354	148.825326	6.269883	139.942448	4.988405	125.504179	4.173168	102.447033	4.248131	73.614781
887.318790	26.699839	173.961173	25.833588	173.564763	24.932186	173.131144	23.993867	172.654035	23.016776	172.125626	21.998965	171.535986	20.938421	170.872420	19.833085	170.118264	18.680908	169.251405	17.479932	168.241738	16.228432	167.047282	14.925148	165.607808	13.569718	163.833897	12.163442	161.587419	10.710804	158.644864	9.222615	154.624237	7.723135	148.832662	6.267510	139.948354	4.985924	125.504642	4.170854	102.434229	4.246542	73.588749
887.701540	26.698816	173.963838	25.832518	173.567591	24.931066	173.134140	23.992696	172.657217	23.015552	172.129012	21.997686	171.539601	20.937084	170.876280	19.831687	170.122392	18.679446	169.255839	17.478404	168.246511	16.226831	167.052422	14.923472	165.613362	13.567958	163.839906	12.161589	161.593919	10.708846	158.651855	9.220537	154.631613	7.720917	148.839992	6.265140	139.954254	4.983446	125.505094	4.168542	102.421404	4.244956	73.562709
888.084170	26.697794	173.966496	25.831449	173.570414	24.929947	173.137133	23.991526	172.660398	23.014328	172.132398	21.996408	171.543214	20.935747	170.880136	19.830290	170.126517	18.677986	169.260266	17.476877	168.251276	16.225232	167.057556	14.921797	165.618911	13.566199	163.845909	12.159738	161.600412	10.706890	158.658839	9.218460	154.638980	7.718701	148.847313	6.262771	139.960141	4.980969	125.505536	4.166232	102.408567	4.243373	73.536668
888.466740	26.696773	173.969148	25.830379	173.573230	24.928829	173.140123	23.990356	172.663581	23.013105	172.135785	21.995129	171.546823	20.934411	170.883991	19.828893	170.130639	18.676526	169.264687	17.475351	168.256031	16.223635	167.062684	14.920123	165.624456	13.564442	163.851909	12.157888	161.606900	10.704935	158.665818	9.216385	154.646338	7.716486	148.854624	6.260405	139.966017	4.978495	125.505969	4.163925	102.395718	4.241793	73.510622
888.849120	26.695753	173.971794	25.829311	173.576040	24.927712	173.143109	23.989189	172.666761	23.011884	172.139169	21.993852	171.550428	20.933076	170.887841	19.827498	170.134758	18.675069	169.269102	17.473826	168.260778	16.222040	167.067805	14.918450	165.629991	13.562686	163.857899	12.156041	161.613380	10.702984	158.672788	9.214313	154.653687	7.714274	148.861927	6.258041	139.971883	4.976024	125.506395	4.161622	102.382865	4.240217	73.484586
889.231450	26.694734	173.974442	25.828244	173.578848	24.926595	173.146094	23.988022	172.669936	23.010664	172.142548	21.992577	171.554027	20.931743	170.891685	19.826105	170.138875	18.673613	169.273515	17.472303	168.265522	16.220446	167.072920	14.916780	165.635515	13.560932	163.863879	12.154195	161.619855	10.701034	158.679752	9.212243	154.661033	7.712065	148.869225	6.255680	139.977746	4.973556	125.506815	4.159322	102.370008	4.238644	73.458553
889.613710	26.693715	173.977091	25.827179	173.581654	24.925480	173.149076	23.986857	172.673105	23.009445	172.145921	21.991305	171.557621	20.930413	170.895523	19.824715	170.142989	18.672159	169.277926	17.470782	168.270265	16.218854	167.078030	14.915112	165.641032	13.559181	163.869851	12.152352	161.626323	10.699087	158.686710	9.210177	154.668377	7.709859	148.876521	6.253321	139.983612	4.971090	125.507239	4.157024	102.357158	4.237072	73.432537
889.995790	26.692699	173.979738	25.826117	173.584457	24.924368	173.152051	23.985695	172.676265	23.008230	172.149286	21.990035	171.561209	20.929086	170.899357	19.823328	170.147096	18.670708	169.282330	17.469265	168.275003	16.217266	167.083135	14.913448	165.646545	13.557434	163.875819	12.150513	161.632787	10.697145	158.693664	9.208115	154.675716	7.707658	148.883816	6.250968	139.989483	4.968630	125.507678	4.154731	102.344334	4.235504	73.406567
890.377810	26.691687	173.982382	25.825057	173.587257	24.923261	173.155020	23.984536	172.679420	23.007019	172.152645	21.988768	171.564796	20.927763	170.903189	19.821945	170.151196	18.669261	169.286729	17.467752	168.279735	16.215683	167.088238	14.911789	165.652060	13.555693	163.881789	12.148680	161.639248	10.695208	158.700620	9.206058	154.683053	7.705463	148.891114	6.248620	139.995368	4.966175	125.508143	4.152443	102.331550	4.233939	73.380651
890.759770	26.690678	173.985021	25.824001	173.590054	24.922157	173.157986	23.983381	172.682572	23.005811	172.156001	21.987505	171.568380	20.926444	170.907018	19.820567	170.155292	18.667820	169.291122	17.466245	168.284460	16.214106	167.093337	14.910136	165.657574	13.553957	163.887758	12.146852	161.645706	10.693277	158.707573	9.204007	154.690390	7.703274	148.898418	6.246279	140.001269	4.963726	125.508640	4.150158	102.318816	4.232375	73.354801
891.141540	26.689674	173.987655	25.822950	173.592847	24.921058	173.160951	23.982230	172.685724	23.004609	172.159356	21.986248	171.571960	20.925131	170.910840	19.819194	170.159385	18.666384	169.295511	17.464744	168.289179	16.212534	167.098429	14.908489	165.663083	13.552228	163.893720	12.145031	161.652156	10.691352	158.714520	9.201964	154.697728	7.701092	148.905725	6.243946	140.007186	4.961283	125.509174	4.147880	102.306147	4.230815	73.329031
891.523250	26.688673	173.990283	25.821902	173.595638	24.919961	173.163917	23.981083	172.688876	23.003410	172.162713	21.984995	171.575538	20.923821	170.914656	19.817824	170.163476	18.664953	169.299899	17.463247	168.293892	16.210967	167.103516	14.906847	165.668584	13.550503	163.899675	12.143215	161.658599	10.689434	158.721459	9.199926	154.705066	7.698915	148.913034	6.241617	140.013111	4.958845	125.509731	4.145604	102.293519	4.229257	73.303312
891.904850	26.687672	173.992907	25.820854	173.598426	24.918865	173.166880	23.979936	172.692026	23.002212	172.166066	21.983744	171.579112	20.922511	170.918468	19.816456	170.167562	18.663523	169.304282	17.461750	168.298600	16.209400	167.108597	14.905205	165.674077	13.548778	163.905622	12.141400	161.665036	10.687516	158.728391	9.197889	154.712394	7.696740	148.920333	6.239290	140.019023	4.956410	125.510272	4.143332	102.280868	4.227702	73.277582
892.286320	26.686669	173.995527	25.819805	173.601212	24.917766	173.169836	23.978788	172.695168	23.001011	172.169412	21.982489	171.582679	20.921199	170.922277	19.815084	170.171636	18.662090	169.308659	17.460250	168.303306	16.207831	167.113671	14.903560	165.679561	13.547051	163.911561	12.139582	161.671469	10.685595	158.735314	9.195849	154.719700	7.694562	148.927612	6.236960	140.024902	4.953973	125.510759	4.141060	102.268138	4.226151	73.251783
892.667720	26.685664	173.998145	25.818754	173.603995	24.916666	173.172786	23.977637	172.698305	22.999808	172.172751	21.981231	171.586241	20.919884	170.926085	19.813710	170.175703	18.660654	169.313029	17.458748	168.308009	16.206259	167.118741	14.901912	165.685038	13.545322	163.917491	12.137762	161.677895	10.683671	158.742228	9.193807	154.726990	7.692382	148.934874	6.234629	140.030753	4.951535	125.511202	4.138789	102.255337	4.224603	73.225923
893.049010	26.684659	174.000764	25.817702	173.606772	24.915566	173.175733	23.976487	172.701438	22.998605	172.176088	21.979973	171.589797	20.918570	170.929886	19.812337	170.179768	18.659219	169.317394	17.457246	168.312707	16.204687	167.123805	14.900264	165.690507	13.543593	163.923414	12.135942	161.684311	10.681748	158.749132	9.191766	154.734273	7.690203	148.942125	6.232300	140.036594	4.949099	125.511629	4.136521	102.242516	4.223059	73.200052
893.430180	26.683656	174.003383	25.816651	173.609541	24.914468	173.178677	23.975340	172.704568	22.997405	172.179423	21.978719	171.593345	20.917259	170.933681	19.810967	170.183834	18.657786	169.321752	17.455748	168.317398	16.203119	167.128862	14.898621	165.695970	13.541868	163.929329	12.134127	161.690717	10.679830	158.756025	9.189729	154.741558	7.688029	148.949372	6.229975	140.042439	4.946668	125.512069	4.134256	102.229720	4.221516	73.174218
893.811280	26.682656	174.006000	25.815604	173.612308	24.913374	173.181619	23.974196	172.707696	22.996209	172.182754	21.977468	171.596892	20.915953	170.937470	19.809602	170.187899	18.656358	169.326106	17.454255	168.322084	16.201556	167.133914	14.896983	165.701430	13.540149	163.935242	12.132317	161.697117	10.677917	158.762914	9.187699	154.748847	7.685861	148.956624	6.227656	140.048298	4.944242	125.512542	4.131996	102.216976	4.219976	73.148448
894.192260	26.681662	174.008611	25.814563	173.615075	24.912285	173.184558	23.973057	172.710821	22.995019	172.186079	21.976224	171.600438	20.914653	170.941257	19.808243	170.191959	18.654937	169.330458	17.452769	168.326762	16.200001	167.138959	14.895353	165.706885	13.538437	163.941156	12.130515	161.703518	10.676013	158.769805	9.185677	154.756136	7.683701	148.963887	6.225346	140.054179	4.941824	125.513066	4.129742	102.204314	4.218438	73.122776
894.573120	26.680671	174.011215	25.813528	173.617842	24.911201	173.187494	23.971923	172.713942	22.993834	172.189399	21.974985	171.603985	20.913359	170.945041	19.806890	170.196011	18.653522	169.334807	17.451290	168.331435	16.198452	167.143998	14.893730	165.712336	13.536732	163.947068	12.128720	161.709918	10.674117	158.776699	9.183662	154.763424	7.681550	148.971158	6.223043	140.060077	4.939412	125.513633	4.127493	102.191722	4.216904	73.097192
894.953860	26.679684	174.013815	25.812495	173.620606	24.910119	173.190426	23.970792	172.717060	22.992651	172.192713	21.973750	171.607527	20.912067	170.948822	19.805540	170.200056	18.652110	169.339150	17.449814	168.336104	16.196907	167.149033	14.892110	165.717785	13.535031	163.952975	12.126929	161.716313	10.672224	158.783589	9.181652	154.770709	7.679402	148.978428	6.220744	140.065981	4.937006	125.514213	4.125248	102.179152	4.215372	73.071646
895.334530	26.678696	174.016413	25.811462	173.623364	24.909038	173.193355	23.969662	172.720176	22.991470	172.196026	21.972514	171.611063	20.910776	170.952600	19.804190	170.204096	18.650699	169.343486	17.448338	168.340771	16.195362	167.154066	14.890491	165.723231	13.533331	163.958871	12.125139	161.722697	10.670333	158.790473	9.179642	154.777987	7.677256	148.985690	6.218448	140.071879	4.934600	125.514775	4.123005	102.166560	4.213842	73.046090
895.715090	26.677709	174.019008	25.810430	173.626116	24.907957	173.196281	23.968532	172.723289	22.990289	172.199336	21.971279	171.614592	20.909485	170.956375	19.802840	170.208131	18.649289	169.347817	17.446863	168.345434	16.193817	167.159095	14.888872	165.728672	13.531631	163.964758	12.123349	161.729072	10.668442	158.797348	9.177633	154.785256	7.675110	148.992942	6.216152	140.077767	4.932197	125.515318	4.120764	102.153943	4.212315	73.020519
896.095520	26.676722	174.021601	25.809397	173.628864	24.906877	173.199205	23.967402	172.726396	22.989109	172.202643	21.970044	171.618118	20.908194	170.960144	19.801491	170.212163	18.647879	169.352146	17.445389	168.350092	16.192273	167.164118	14.887255	165.734105	13.529933	163.970638	12.121561	161.735439	10.666553	158.804213	9.175626	154.792518	7.672966	149.000185	6.213858	140.083644	4.929795	125.515850	4.118525	102.141312	4.210792	72.994943
896.475890	26.675736	174.024191	25.808364	173.631610	24.905797	173.202126	23.966273	172.729497	22.987928	172.205946	21.968811	171.621643	20.906904	170.963908	19.800143	170.216194	18.646470	169.356473	17.443915	168.354743	16.190731	167.169135	14.885638	165.739530	13.528236	163.976514	12.119774	161.741803	10.664665	158.811071	9.173621	154.799771	7.670824	149.007421	6.211566	140.089511	4.927395	125.516374	4.116289	102.128670	4.209272	72.969362
896.856140	26.674750	174.026778	25.807332	173.634354	24.904718	173.205044	23.965145	172.732594	22.986747	172.209247	21.967578	171.625164	20.905615	170.967666	19.798795	170.220219	18.645062	169.360794	17.442442	168.359389	16.189189	167.174146	14.884023	165.744946	13.526540	163.982384	12.117988	161.748161	10.662778	158.817921	9.171617	154.807014	7.668683	149.014648	6.209275	140.095367	4.924998	125.516890	4.114056	102.116014	4.207754	72.943779
897.236270	26.673765	174.029362	25.806302	173.637093	24.903640	173.207955	23.964017	172.735688	22.985568	172.212545	21.966346	171.628679	20.904327	170.971416	19.797450	170.224238	18.643654	169.365105	17.440970	168.364028	16.187648	167.179152	14.882409	165.750357	13.524844	163.988248	12.116204	161.754512	10.660892	158.824764	9.169615	154.814248	7.666545	149.021864	6.206987	140.101212	4.922602	125.517394	4.111826	102.103342	4.206240	72.918193
897.616270	26.672781	174.031942	25.805272	173.639829	24.902562	173.210860	23.962890	172.738779	22.984390	172.215839	21.965115	171.632187	20.903041	170.975161	19.796106	170.228251	18.642249	169.369406	17.439500	168.368662	16.186109	167.184151	14.880796	165.755762	13.523151	163.994105	12.114422	161.760857	10.659008	158.831601	9.167614	154.821474	7.664409	149.029071	6.204701	140.107049	4.920210	125.517891	4.109599	102.090660	4.204728	72.892614
897.996220	26.671799	174.034520	25.804244	173.642566	24.901487	173.213762	23.961765	172.741867	22.983214	172.219129	21.963885	171.635692	20.901756	170.978906	19.794763	170.232260	18.640845	169.373706	17.438032	168.373291	16.184572	167.189144	14.879185	165.761161	13.521460	163.999957	12.112642	161.767195	10.657127	158.838433	9.165617	154.828694	7.662276	149.036274	6.202419	140.112888	4.917821	125.518389	4.107374	102.077984	4.203219	72.867052
898.376040	26.670818	174.037095	25.803218	173.645303	24.900414	173.216661	23.960643	172.744952	22.982040	172.222413	21.962659	171.639195	20.900474	170.982652	19.793423	170.236267	18.639444	169.378009	17.436566	168.377913	16.183039	167.194131	14.877578	165.766554	13.519773	164.005803	12.110865	161.773526	10.655249	158.845258	9.163623	154.835910	7.660147	149.043477	6.200140	140.118732	4.915435	125.518896	4.105153	102.065330	4.201713	72.841525
898.755800	26.669839	174.039668	25.802193	173.648039	24.899343	173.219558	23.959522	172.748034	22.980870	172.225691	21.961434	171.642695	20.899194	170.986396	19.792086	170.240272	18.638046	169.382309	17.435103	168.382530	16.181509	167.199113	14.875975	165.771942	13.518089	164.011643	12.109092	161.779853	10.653376	158.852077	9.161634	154.843124	7.658021	149.050680	6.197866	140.124580	4.913054	125.519414	4.102936	102.052696	4.200209	72.816028
899.135380	26.668862	174.042237	25.801171	173.650769	24.898274	173.222452	23.958405	172.751113	22.979702	172.228966	21.960212	171.646188	20.897918	170.990131	19.790751	170.244269	18.636651	169.386600	17.433644	168.387143	16.179983	167.204092	14.874375	165.777326	13.516409	164.017476	12.107323	161.786175	10.651507	158.858891	9.159648	154.850335	7.655900	149.057882	6.195596	140.130427	4.910677	125.519943	4.100722	102.040082	4.198708	72.790565
899.514890	26.667888	174.044803	25.800151	173.653491	24.897207	173.225342	23.957289	172.754191	22.978536	172.232238	21.958993	171.649674	20.896645	170.993855	19.789421	170.248260	18.635260	169.390880	17.432189	168.391753	16.178459	167.209068	14.872777	165.782708	13.514732	164.023302	12.105558	161.792495	10.649641	158.865702	9.157667	154.857545	7.653783	149.065084	6.193330	140.136276	4.908303	125.520486	4.098511	102.027487	4.197210	72.765134
899.894290	26.666917	174.047366	25.799134	173.656210	24.896143	173.228230	23.956177	172.757263	22.977372	172.235509	21.957777	171.653158	20.895374	170.997574	19.788093	170.252246	18.633872	169.395155	17.430738	168.396360	16.176939	167.214040	14.871184	165.788084	13.513059	164.029124	12.103798	161.798810	10.647781	158.872509	9.155690	154.864752	7.651671	149.072287	6.191069	140.142133	4.905935	125.521049	4.096305	102.014928	4.195713	72.739752
900.273620	26.665949	174.049927	25.798120	173.658927	24.895083	173.231115	23.955068	172.760329	22.976213	172.238777	21.956566	171.656643	20.894108	171.001296	19.786769	170.256231	18.632488	169.399433	17.429291	168.400966	16.175424	167.219004	14.869596	165.793454	13.511392	164.034944	12.102042	161.805117	10.645925	158.879313	9.153719	154.871955	7.649565	149.079494	6.188814	140.148006	4.903572	125.521636	4.094103	102.002414	4.194220	72.714427
900.652830	26.664983	174.052485	25.797110	173.661642	24.894026	173.233997	23.953962	172.763389	22.975056	172.242042	21.955358	171.660127	20.892844	171.005018	19.785449	170.260213	18.631108	169.403711	17.427847	168.405568	16.173913	167.223962	14.868012	165.798817	13.509729	164.040760	12.100291	161.811418	10.644075	158.886112	9.151752	154.879153	7.647464	149.086699	6.186563	140.153888	4.901213	125.522241	4.091904	101.989933	4.192728	72.689150
901.031920	26.664018	174.055040	25.796101	173.664352	24.892970	173.236875	23.952858	172.766448	22.973902	172.245300	21.954152	171.663608	20.891583	171.008736	19.784130	170.264190	18.629729	169.407982	17.426406	168.410161	16.172404	167.228917	14.866431	165.804177	13.508068	164.046571	12.098542	161.817714	10.642226	158.892906	9.149789	154.886348	7.645365	149.093898	6.184316	140.159766	4.898858	125.522848	4.089709	101.977457	4.191240	72.663889
901.410890	26.663054	174.057592	25.795092	173.667054	24.891915	173.239751	23.951754	172.769507	22.972748	172.248551	21.952946	171.667081	20.890323	171.012445	19.782813	170.268160	18.628351	169.412243	17.424965	168.414745	16.170896	167.233871	14.864850	165.809536	13.506409	164.052374	12.096795	161.824009	10.640379	158.899694	9.147826	154.893541	7.643269	149.101085	6.182070	140.165630	4.896505	125.523446	4.087517	101.964964	4.189754	72.638622
901.789790	26.662090	174.060141	25.794083	173.669752	24.890859	173.242624	23.950651	172.772566	22.971595	172.251799	21.951740	171.670549	20.889064	171.016150	19.781496	170.272124	18.626975	169.416496	17.423525	168.419322	16.169388	167.238819	14.863270	165.814889	13.504750	164.058172	12.095048	161.830299	10.638533	158.906475	9.145865	154.900727	7.641173	149.108264	6.179826	140.171483	4.894153	125.524033	4.085326	101.952452	4.188272	72.613346
902.168580	26.661127	174.062687	25.793076	173.672450	24.889805	173.245494	23.949548	172.775619	22.970442	172.255047	21.950535	171.674010	20.887805	171.019851	19.780180	170.276086	18.625599	169.420745	17.422085	168.423895	16.167881	167.243759	14.861692	165.820233	13.503092	164.063963	12.093303	161.836581	10.636688	158.913245	9.143905	154.907900	7.639079	149.115435	6.177583	140.177329	4.891804	125.524607	4.083139	101.939926	4.186792	72.588068
902.547240	26.660165	174.065230	25.792069	173.675148	24.888751	173.248362	23.948447	172.778667	22.969290	172.258295	21.949332	171.677466	20.886547	171.023551	19.778864	170.280044	18.624224	169.424992	17.420647	168.428465	16.166376	167.248689	14.860115	165.825567	13.501436	164.069749	12.091560	161.842852	10.634845	158.920006	9.141947	154.915059	7.636987	149.122599	6.175343	140.183170	4.889457	125.525171	4.080954	101.927394	4.185315	72.562798
902.925840	26.659204	174.067771	25.791064	173.677847	24.887699	173.251225	23.947347	172.781708	22.968140	172.261542	21.948130	171.680919	20.885290	171.027246	19.777551	170.284000	18.622852	169.429238	17.419211	168.433034	16.164873	167.253614	14.858540	165.830896	13.499782	164.075528	12.089819	161.849116	10.633005	158.926762	9.139993	154.922213	7.634898	149.129762	6.173106	140.189011	4.887113	125.525736	4.078772	101.914867	4.183841	72.537544
903.304320	26.658245	174.070308	25.790060	173.680542	24.886650	173.254081	23.946250	172.784743	22.966993	172.264782	21.946931	171.684369	20.884036	171.030934	19.776241	170.287953	18.621482	169.433480	17.417778	168.437601	16.163374	167.258536	14.856968	165.836223	13.498132	164.081301	12.088081	161.855373	10.631169	158.933515	9.138041	154.929368	7.632813	149.136923	6.170873	140.194852	4.884773	125.526312	4.076594	101.902359	4.182369	72.512322
903.682680	26.657288	174.072842	25.789058	173.683233	24.885603	173.256932	23.945154	172.787773	22.965849	172.268014	21.945734	171.687815	20.882785	171.034617	19.774935	170.291903	18.620116	169.437718	17.416349	168.442163	16.161877	167.263455	14.855400	165.841546	13.496485	164.087068	12.086346	161.861625	10.629336	158.940265	9.136094	154.936523	7.630732	149.144082	6.168645	140.200694	4.882438	125.526899	4.074419	101.889869	4.180899	72.487132
904.060970	26.656333	174.075374	25.788058	173.685918	24.884558	173.259783	23.944061	172.790802	22.964706	172.271241	21.944539	171.691259	20.881536	171.038297	19.773630	170.295847	18.618751	169.441951	17.414922	168.446717	16.160383	167.268370	14.853834	165.846865	13.494841	164.092833	12.084615	161.867874	10.627506	158.947010	9.134150	154.943672	7.628654	149.151238	6.166419	140.206539	4.880105	125.527493	4.072247	101.877391	4.179433	72.461964
904.439090	26.655379	174.077903	25.787060	173.688596	24.883514	173.262635	23.942969	172.793832	22.963565	172.274461	21.943346	171.694699	20.880289	171.041974	19.772326	170.299786	18.617389	169.446177	17.413497	168.451260	16.158892	167.273277	14.852271	165.852176	13.493199	164.098594	12.082887	161.874120	10.625679	158.953746	9.132209	154.950811	7.626580	149.158388	6.164197	140.212384	4.877776	125.528090	4.070078	101.864925	4.177969	72.436821
904.817140	26.654427	174.080429	25.786064	173.691272	24.882472	173.265485	23.941880	172.796860	22.962425	172.277679	21.942155	171.698137	20.879044	171.045649	19.771024	170.303718	18.616029	169.450398	17.412073	168.455798	16.157402	167.278179	14.850710	165.857481	13.491560	164.104351	12.081162	161.880361	10.623854	158.960477	9.130271	154.957945	7.624509	149.165535	6.161978	140.218228	4.875450	125.528692	4.067913	101.852467	4.176508	72.411697
905.195130	26.653477	174.082952	25.785070	173.693948	24.881431	173.268328	23.940791	172.799887	22.961287	172.280898	21.940966	171.701572	20.877802	171.049317	19.769725	170.307644	18.614671	169.454614	17.410653	168.460337	16.155916	167.283075	14.849152	165.862782	13.489923	164.110098	12.079439	161.886593	10.622033	158.967200	9.128336	154.965077	7.622441	149.172679	6.159762	140.224069	4.873127	125.529297	4.065750	101.840016	4.175049	72.386594
905.572940	26.652528	174.085472	25.784077	173.696625	24.880391	173.271164	23.939704	172.802909	22.960151	172.284116	21.939779	171.705004	20.876561	171.052979	19.768428	170.311565	18.613316	169.458823	17.409236	168.464876	16.154432	167.287964	14.847596	165.868075	13.488290	164.115834	12.077719	161.892814	10.620215	158.973917	9.126405	154.972205	7.620376	149.179818	6.157550	140.229904	4.870808	125.529904	4.063591	101.827574	4.173593	72.361513
905.950680	26.651581	174.087989	25.783085	173.699297	24.879353	173.273998	23.938619	172.805926	22.959016	172.287331	21.938592	171.708431	20.875322	171.056637	19.767133	170.315483	18.611961	169.463028	17.407820	168.469410	16.152950	167.292850	14.846042	165.873364	13.486658	164.121566	12.076000	161.899030	10.618399	158.980630	9.124475	154.979326	7.618313	149.186950	6.155340	140.235735	4.868491	125.530508	4.061434	101.815125	4.172140	72.336435
906.328370	26.650633	174.090504	25.782093	173.701963	24.878315	173.276834	23.937534	172.808938	22.957882	172.290539	21.937406	171.711852	20.874083	171.060292	19.765838	170.319399	18.610606	169.467231	17.406404	168.473934	16.151467	167.297734	14.844488	165.878647	13.485027	164.127296	12.074283	161.905244	10.616584	158.987341	9.122546	154.986437	7.616252	149.194075	6.153132	140.241561	4.866176	125.531104	4.059280	101.802665	4.170689	72.311351
906.705870	26.649686	174.093016	25.781102	173.704623	24.877280	173.279670	23.936451	172.811944	22.956749	172.293741	21.936222	171.715267	20.872846	171.063944	19.764544	170.323311	18.609254	169.471430	17.404989	168.478448	16.149986	167.302613	14.842937	165.883923	13.483399	164.133023	12.072568	161.911454	10.614771	158.994046	9.120621	154.993537	7.614193	149.201194	6.150927	140.247384	4.863864	125.531698	4.057129	101.790208	4.169242	72.286284
907.083310	26.648741	174.095524	25.780113	173.707283	24.876246	173.282500	23.935370	172.814948	22.955619	172.296940	21.935040	171.718679	20.871611	171.067594	19.763253	170.327216	18.607904	169.475628	17.403578	168.482960	16.148508	167.307487	14.841389	165.889194	13.481773	164.138744	12.070856	161.917659	10.612962	159.000747	9.118698	155.000636	7.612138	149.208313	6.148725	140.253209	4.861556	125.532300	4.054981	101.777766	4.167796	72.261245
907.460630	26.647799	174.098030	25.779127	173.709945	24.875214	173.285323	23.934291	172.817949	22.954491	172.300136	21.933862	171.722088	20.870379	171.071240	19.761967	170.331115	18.606559	169.479822	17.402171	168.487470	16.147036	167.312355	14.839844	165.894458	13.480152	164.144459	12.069149	161.923858	10.611157	159.007440	9.116780	155.007735	7.610087	149.215434	6.146528	140.259038	4.859252	125.532917	4.052837	101.765352	4.166353	72.236251
907.837830	26.646859	174.100532	25.778143	173.712604	24.874185	173.288141	23.933215	172.820947	22.953366	172.303330	21.932687	171.725495	20.869150	171.074883	19.760683	170.335010	18.605217	169.484011	17.400767	168.491976	16.145567	167.317216	14.838303	165.899717	13.478534	164.150166	12.067445	161.930049	10.609356	159.014125	9.114866	155.014832	7.608041	149.222555	6.144336	140.264871	4.856953	125.533546	4.050696	101.752964	4.164912	72.211297
908.214970	26.645922	174.103034	25.777162	173.715256	24.873158	173.290958	23.932141	172.823942	22.952244	172.306522	21.931514	171.728899	20.867923	171.078519	19.759402	170.338907	18.603877	169.488190	17.399365	168.496476	16.144100	167.322072	14.836766	165.904974	13.476919	164.155867	12.065744	161.936234	10.607559	159.020805	9.112955	155.021927	7.605999	149.229672	6.142147	140.270708	4.854657	125.534188	4.048559	101.740594	4.163473	72.186373
908.591980	26.644986	174.105532	25.776183	173.717902	24.872134	173.293772	23.931069	172.826934	22.951124	172.309711	21.930343	171.732301	20.866699	171.082149	19.758122	170.342803	18.602539	169.492360	17.397966	168.500969	16.142635	167.326923	14.835231	165.910228	13.475307	164.161563	12.064047	161.942413	10.605765	159.027478	9.111049	155.029015	7.603961	149.236784	6.139962	140.276547	4.852364	125.534838	4.046425	101.728240	4.162038	72.161475
908.968870	26.644051	174.108025	25.775205	173.720546	24.871111	173.296582	23.929999	172.829923	22.950005	172.312893	21.929174	171.735697	20.865478	171.085776	19.756844	170.346694	18.601203	169.496528	17.396569	168.505458	16.141173	167.331769	14.833699	165.915476	13.473698	164.167255	12.062353	161.948587	10.603974	159.034147	9.109145	155.036097	7.601926	149.243889	6.137780	140.282385	4.850075	125.535491	4.044294	101.715894	4.160605	72.136598
909.345700	26.643118	174.110512	25.774228	173.723191	24.870090	173.299385	23.928930	172.832909	22.948888	172.316070	21.928006	171.739087	20.864258	171.089400	19.755569	170.350575	18.599870	169.500699	17.395174	168.509946	16.139712	167.336612	14.832168	165.920717	13.472091	164.172945	12.060661	161.954759	10.602185	159.040814	9.107244	155.043172	7.599893	149.250991	6.135601	140.288221	4.847789	125.536144	4.042166	101.703549	4.159175	72.111734
909.722410	26.642186	174.112993	25.773253	173.725836	24.869070	173.302184	23.927863	172.835892	22.947772	172.319242	21.926840	171.742472	20.863040	171.093022	19.754296	170.354448	18.598538	169.504868	17.393782	168.514430	16.138255	167.341452	14.830639	165.925953	13.470487	164.178631	12.058971	161.960927	10.600399	159.047476	9.105346	155.050242	7.597863	149.258089	6.133425	140.294055	4.845505	125.536799	4.040041	101.691212	4.157747	72.086891
910.099000	26.641256	174.115474	25.772279	173.728476	24.868051	173.304980	23.926798	172.838872	22.946659	172.322413	21.925676	171.745854	20.861823	171.096638	19.753025	170.358317	18.597210	169.509027	17.392392	168.518907	16.136800	167.346286	14.829114	165.931186	13.468885	164.184307	12.057285	161.967088	10.598615	159.054132	9.103451	155.057308	7.595837	149.265187	6.131252	140.299889	4.843226	125.537460	4.037920	101.678892	4.156322	72.062074
910.475520	26.640327	174.117957	25.771308	173.731110	24.867035	173.307778	23.925736	172.841850	22.945548	172.325585	21.924515	171.749233	20.860609	171.100248	19.751756	170.362184	18.595884	169.513176	17.391005	168.523378	16.135347	167.351116	14.827593	165.936416	13.467287	164.189974	12.055601	161.973244	10.596835	159.060783	9.101559	155.064372	7.593814	149.272286	6.129083	140.305722	4.840950	125.538127	4.035801	101.666586	4.154899	72.037282
910.851870	26.639399	174.120438	25.770339	173.733738	24.866019	173.310575	23.924675	172.844824	22.944438	172.328755	21.923355	171.752609	20.859396	171.103852	19.750489	170.366048	18.594559	169.517320	17.389619	168.527844	16.133897	167.355938	14.826073	165.941641	13.465690	164.195634	12.053920	161.979393	10.595057	159.067425	9.099670	155.071428	7.591794	149.279377	6.126917	140.311550	4.838677	125.538794	4.033685	101.654283	4.153478	72.012507
911.228150	26.638472	174.122916	25.769369	173.736364	24.865005	173.313370	23.923614	172.847792	22.943330	172.331920	21.922196	171.755983	20.858185	171.107454	19.749222	170.369911	18.593235	169.521465	17.388234	168.532309	16.132447	167.360753	14.824554	165.946856	13.464095	164.201291	12.052240	161.985536	10.593281	159.074061	9.097782	155.078474	7.589775	149.286458	6.124753	140.317372	4.836406	125.539453	4.031572	101.641966	4.152061	71.987729
911.604370	26.637546	174.125391	25.768399	173.738988	24.863991	173.316162	23.922554	172.850755	22.942221	172.335079	21.921038	171.759354	20.856974	171.111054	19.747957	170.373769	18.591912	169.525613	17.386850	168.536772	16.130998	167.365564	14.823036	165.952064	13.462501	164.206947	12.050562	161.991674	10.591507	159.080692	9.095895	155.085512	7.587758	149.293530	6.122590	140.323187	4.834137	125.540106	4.029461	101.629638	4.150645	71.962950
911.980410	26.636622	174.127862	25.767430	173.741609	24.862979	173.318947	23.921495	172.853713	22.941115	172.338230	21.919881	171.762719	20.855766	171.114651	19.746694	170.377622	18.590592	169.529753	17.385469	168.541226	16.129552	167.370371	14.821520	165.957264	13.460909	164.212597	12.048885	161.997804	10.589735	159.087317	9.094012	155.092545	7.585744	149.300596	6.120431	140.328997	4.831871	125.540760	4.027353	101.617317	4.149233	71.938194
912.356380	26.635700	174.130331	25.766464	173.744226	24.861968	173.321726	23.920438	172.856669	22.940010	172.341375	21.918727	171.766077	20.854559	171.118245	19.745432	170.381469	18.589274	169.533881	17.384090	168.545670	16.128109	167.375175	14.820007	165.962462	13.459320	164.218241	12.047212	162.003928	10.587966	159.093940	9.092132	155.099578	7.583733	149.307663	6.118276	140.334808	4.829609	125.541423	4.025248	101.605015	4.147823	71.913469
912.732240	26.634780	174.132797	25.765501	173.746841	24.860960	173.324500	23.919384	172.859622	22.938908	172.344517	21.917575	171.769430	20.853355	171.121835	19.744174	170.385311	18.587959	169.538003	17.382715	168.550107	16.126669	167.379975	14.818497	165.967658	13.457734	164.223877	12.045542	162.010046	10.586201	159.100558	9.090257	155.106610	7.581727	149.314729	6.116125	140.340623	4.827351	125.542098	4.023147	101.592736	4.146415	71.888779
913.108030	26.633861	174.135260	25.764540	173.749454	24.859954	173.327275	23.918332	172.862573	22.937808	172.347660	21.916426	171.772785	20.852154	171.125420	19.742918	170.389149	18.586646	169.542124	17.381343	168.554544	16.125232	167.384770	14.816991	165.972852	13.456153	164.229508	12.043876	162.016162	10.584440	159.107170	9.088385	155.113638	7.579725	149.321794	6.113977	140.346448	4.825096	125.542786	4.021049	101.580478	4.145010	71.864123
913.483700	26.632944	174.137720	25.763581	173.752063	24.858951	173.330051	23.917283	172.865521	22.936711	172.350802	21.915280	171.776141	20.850956	171.128998	19.741667	170.392985	18.585336	169.546248	17.379973	168.558982	16.123798	167.389557	14.815489	165.978043	13.454575	164.235133	12.042215	162.022275	10.582683	159.113776	9.086517	155.120661	7.577727	149.328854	6.111833	140.352281	4.822846	125.543488	4.018955	101.568244	4.143608	71.839503
913.859250	26.632029	174.140178	25.762624	173.754670	24.857951	173.332824	23.916237	172.868465	22.935617	172.353942	21.914136	171.779492	20.849761	171.132572	19.740418	170.396818	18.584029	169.550368	17.378606	168.563418	16.122368	167.394341	14.813989	165.983227	13.453000	164.240753	12.040557	162.028382	10.580930	159.120376	9.084653	155.127680	7.575732	149.335915	6.109694	140.358118	4.820599	125.544202	4.016864	101.556032	4.142207	71.814918
914.234680	26.631117	174.142632	25.761669	173.757273	24.856952	173.335591	23.915194	172.871406	22.934525	172.357076	21.912995	171.782833	20.848568	171.136143	19.739171	170.400648	18.582725	169.554477	17.377242	168.567847	16.120940	167.399122	14.812493	165.988402	13.451429	164.246370	12.038902	162.034483	10.579180	159.126973	9.082792	155.134695	7.573742	149.342978	6.107559	140.363953	4.818356	125.544925	4.014776	101.543842	4.140809	71.790365
914.610050	26.630206	174.145084	25.760716	173.759874	24.855954	173.338352	23.914151	172.874345	22.933435	172.360203	21.911854	171.786166	20.847377	171.139711	19.737925	170.404475	18.581424	169.558578	17.375881	168.572270	16.119515	167.403901	14.810999	165.993568	13.449860	164.251984	12.037250	162.040578	10.577433	159.133567	9.080934	155.141708	7.571755	149.350043	6.105427	140.369784	4.816117	125.545654	4.012691	101.531665	4.139413	71.765833
914.985290	26.629297	174.147533	25.759764	173.762471	24.854958	173.341109	23.913110	172.877281	22.932347	172.363327	21.910716	171.789496	20.846187	171.143277	19.736682	170.408297	18.580125	169.562675	17.374521	168.576686	16.118092	167.408672	14.809506	165.998730	13.448293	164.257593	12.035600	162.046667	10.575687	159.140153	9.079079	155.148713	7.569771	149.357100	6.103297	140.375611	4.813880	125.546382	4.010610	101.519490	4.138020	71.741317
915.360410	26.628388	174.149979	25.758814	173.765066	24.853963	173.343864	23.912069	172.880213	22.931259	172.366447	21.909578	171.792828	20.844999	171.146840	19.735439	170.412114	18.578826	169.566775	17.373163	168.581097	16.116670	167.413434	14.808016	166.003889	13.446728	164.263195	12.033951	162.052751	10.573944	159.146728	9.077225	155.155707	7.567788	149.364142	6.101170	140.381432	4.811645	125.547101	4.008530	101.507304	4.136629	71.716806
915.735470	26.627480	174.152422	25.757863	173.767658	24.852969	173.346617	23.911028	172.883143	22.930172	172.369566	21.908442	171.796160	20.843811	171.150400	19.734198	170.415925	18.577528	169.570874	17.371806	168.585503	16.115249	167.418188	14.806527	166.009045	13.445163	164.268792	12.032303	162.058828	10.572202	159.153297	9.075373	155.162694	7.565806	149.371173	6.099044	140.387246	4.809412	125.547810	4.006453	101.495102	4.135241	71.692289
916.110410	26.626572	174.154862	25.756913	173.770247	24.851975	173.349366	23.909988	172.886070	22.929085	172.372682	21.907305	171.799487	20.842624	171.153954	19.732957	170.419730	18.576230	169.574965	17.370448	168.589903	16.113828	167.422938	14.805037	166.014196	13.443598	164.274382	12.030656	162.064896	10.570460	159.159861	9.073522	155.169672	7.563826	149.378197	6.096919	140.393050	4.807181	125.548506	4.004378	101.482879	4.133856	71.667764
916.485230	26.625664	174.157300	25.755962	173.772834	24.850981	173.352111	23.908949	172.888993	22.927999	172.375795	21.906170	171.802806	20.841437	171.157502	19.731716	170.423529	18.574933	169.579045	17.369092	168.594298	16.112407	167.427685	14.803549	166.019341	13.442036	164.279966	12.029010	162.070953	10.568720	159.166423	9.071672	155.176644	7.561847	149.385219	6.094797	140.398847	4.804953	125.549195	4.002306	101.470646	4.132474	71.643239
916.859920	26.624758	174.159735	25.755014	173.775417	24.849989	173.354855	23.907913	172.891913	22.926914	172.378904	21.905038	171.806120	20.840253	171.161045	19.730479	170.427323	18.573639	169.583119	17.367738	168.598687	16.110990	167.432430	14.802064	166.024479	13.440477	164.285544	12.027368	162.077006	10.566984	159.172980	9.069827	155.183613	7.559872	149.392241	6.092678	140.404644	4.802728	125.549894	4.000237	101.458434	4.131094	71.618747
917.234560	26.623855	174.162168	25.754069	173.777998	24.849001	173.357600	23.906880	172.894832	22.925834	172.382010	21.903908	171.809431	20.839073	171.164585	19.729245	170.431115	18.572349	169.587190	17.366389	168.603073	16.109579	167.437174	14.800584	166.029610	13.438923	164.291117	12.025731	162.083060	10.565253	159.179531	9.067987	155.190581	7.557903	149.399266	6.090565	140.410454	4.800507	125.550623	3.998171	101.446272	4.129715	71.594315
917.609070	26.622955	174.164597	25.753127	173.780575	24.848016	173.360344	23.905850	172.897748	22.924757	172.385113	21.902783	171.812741	20.837896	171.168123	19.728016	170.434904	18.571065	169.591259	17.365045	168.607456	16.108172	167.441913	14.799108	166.034736	13.437373	164.296683	12.024099	162.089113	10.563527	159.186076	9.066151	155.197548	7.555939	149.406291	6.088457	140.416273	4.798292	125.551376	3.996110	101.434155	4.128339	71.569941
917.983520	26.622057	174.167023	25.752187	173.783151	24.847032	173.363085	23.904821	172.900659	22.923681	172.388215	21.901658	171.816048	20.836722	171.171658	19.726788	170.438691	18.569781	169.595326	17.363703	168.611837	16.106767	167.446646	14.797635	166.039860	13.435826	164.302245	12.022469	162.095162	10.561804	159.192614	9.064319	155.204513	7.553977	149.413311	6.086352	140.422092	4.796079	125.552129	3.994052	101.422043	4.126964	71.545582
918.357790	26.621159	174.169446	25.751248	173.785723	24.846049	173.365818	23.903792	172.903564	22.922607	172.391313	21.900535	171.819350	20.835547	171.175191	19.725560	170.442475	18.568498	169.599390	17.362360	168.616216	16.105361	167.451368	14.796162	166.044980	13.434279	164.307801	12.020839	162.101199	10.560081	159.199146	9.062486	155.211470	7.552017	149.420321	6.084248	140.427900	4.793869	125.552865	3.991995	101.409908	4.125593	71.521214
918.731990	26.620260	174.171867	25.750308	173.788292	24.845065	173.368546	23.902763	172.906464	22.921532	172.394408	21.899411	171.822650	20.834372	171.178719	19.724332	170.446255	18.567214	169.603449	17.361017	168.620590	16.103955	167.456082	14.794689	166.050097	13.432732	164.313350	12.019210	162.107228	10.558357	159.205671	9.060654	155.218419	7.550057	149.427320	6.082144	140.433695	4.791659	125.553579	3.989941	101.397738	4.124225	71.496821
919.106080	26.619361	174.174284	25.749367	173.790859	24.844081	173.371272	23.901733	172.909360	22.920456	172.397497	21.898286	171.825947	20.833197	171.182242	19.723104	170.450029	18.565930	169.607503	17.359673	168.624955	16.102548	167.460793	14.793215	166.055205	13.431184	164.318893	12.017580	162.113249	10.556633	159.212190	9.058821	155.225354	7.548097	149.434307	6.080041	140.439473	4.789451	125.554271	3.987888	101.385536	4.122860	71.472406
919.480100	26.618461	174.176700	25.748425	173.793422	24.843097	173.373996	23.900704	172.912255	22.919380	172.400581	21.897162	171.829242	20.832021	171.185760	19.721876	170.453797	18.564645	169.611551	17.358330	168.629310	16.101143	167.465502	14.791742	166.060303	13.429636	164.324431	12.015951	162.119266	10.554910	159.218703	9.056990	155.232277	7.546138	149.441286	6.077939	140.445239	4.787243	125.554950	3.985837	101.373312	4.121497	71.447981
919.854000	26.617564	174.179113	25.747486	173.795983	24.842115	173.376716	23.899677	172.915146	22.918305	172.403659	21.896040	171.832533	20.830848	171.189272	19.720651	170.457561	18.563363	169.615594	17.356990	168.633661	16.099740	167.470209	14.790272	166.065395	13.428092	164.329963	12.014325	162.125278	10.553191	159.225212	9.055162	155.239195	7.544182	149.448263	6.075841	140.451006	4.785038	125.555639	3.983789	101.361107	4.120137	71.423588
920.227780	26.616670	174.181522	25.746551	173.798540	24.841136	173.379430	23.898654	172.918035	22.917236	172.406735	21.894922	171.835818	20.829680	171.192781	19.719429	170.461321	18.562087	169.619634	17.355655	168.638014	16.098343	167.474912	14.788807	166.070484	13.426553	164.335493	12.012704	162.131286	10.551478	159.231717	9.053340	155.246117	7.542233	149.455246	6.073749	140.456789	4.782840	125.556360	3.981745	101.348958	4.118778	71.399264
920.601440	26.615780	174.183928	25.745619	173.801095	24.840162	173.382138	23.897635	172.920921	22.916170	172.409809	21.893809	171.839096	20.828516	171.196288	19.718212	170.465079	18.560815	169.623672	17.354325	168.642366	16.096951	167.479611	14.787346	166.075570	13.425020	164.341019	12.011089	162.137290	10.549770	159.238218	9.051524	155.253040	7.540289	149.462232	6.071662	140.462584	4.780647	125.557108	3.979706	101.336857	4.117422	71.375003
920.975040	26.614891	174.186332	25.744689	173.803648	24.839188	173.384844	23.896617	172.923803	22.915106	172.412881	21.892696	171.842371	20.827354	171.199793	19.716996	170.468835	18.559545	169.627706	17.352996	168.646713	16.095560	167.484305	14.785887	166.080654	13.423488	164.346540	12.009476	162.143291	10.548064	159.244714	9.049710	155.259960	7.538348	149.469215	6.069577	140.468378	4.778456	125.557857	3.977669	101.324761	4.116067	71.350757
921.348510	26.614002	174.188734	25.743758	173.806197	24.838215	173.387551	23.895599	172.926683	22.914042	172.415949	21.891584	171.845644	20.826191	171.203295	19.715781	170.472588	18.558275	169.631733	17.351667	168.651048	16.094169	167.488994	14.784430	166.085735	13.421957	164.352054	12.007863	162.149289	10.546359	159.251203	9.047897	155.266868	7.536407	149.476185	6.067495	140.474159	4.776267	125.558590	3.975634	101.312644	4.114716	71.326499
921.721860	26.613113	174.191132	25.742829	173.808743	24.837243	173.390258	23.894582	172.929560	22.912979	172.419013	21.890473	171.848914	20.825030	171.206793	19.714568	170.476336	18.557007	169.635754	17.350340	168.655376	16.092779	167.493677	14.782974	166.090810	13.420428	164.357562	12.006253	162.155282	10.544656	159.257685	9.046087	155.273771	7.534470	149.483149	6.065415	140.479937	4.774081	125.559325	3.973602	101.300533	4.113367	71.302261
922.095150	26.612228	174.193527	25.741902	173.811286	24.836275	173.392962	23.893569	172.932434	22.911920	172.422076	21.889366	171.852182	20.823873	171.210286	19.713359	170.480080	18.555743	169.639772	17.349018	168.659704	16.091395	167.498354	14.781524	166.095881	13.418904	164.363067	12.004648	162.161270	10.542959	159.264163	9.044283	155.280676	7.532538	149.490120	6.063341	140.485733	4.771900	125.560091	3.971574	101.288476	4.112020	71.278087
922.468320	26.611348	174.195919	25.740981	173.813827	24.835311	173.395662	23.892562	172.935305	22.910866	172.425136	21.888265	171.855447	20.822721	171.213773	19.712156	170.483817	18.554485	169.643787	17.347702	168.664033	16.090016	167.503024	14.780080	166.100946	13.417388	164.368569	12.003050	162.167251	10.541269	159.270639	9.042485	155.287585	7.530614	149.497101	6.061273	140.491551	4.769726	125.560900	3.969551	101.276489	4.110674	71.253998
922.841370	26.610471	174.198309	25.740062	173.816365	24.834350	173.398359	23.891556	172.938173	22.909816	172.428191	21.887167	171.858707	20.821573	171.217255	19.710955	170.487549	18.553230	169.647800	17.346389	168.668360	16.088642	167.507690	14.778639	166.106004	13.415875	164.374067	12.001456	162.173226	10.539583	159.277110	9.040691	155.294490	7.528693	149.504083	6.059210	140.497373	4.767555	125.561725	3.967531	101.264529	4.109331	71.229948
923.214290	26.609593	174.200700	25.739144	173.818900	24.833389	173.401055	23.890551	172.941038	22.908765	172.431240	21.886069	171.861961	20.820425	171.220734	19.709755	170.491279	18.551975	169.651811	17.345077	168.672676	16.087269	167.512354	14.777199	166.111057	13.414363	164.379560	11.999862	162.179196	10.537897	159.283576	9.038898	155.301383	7.526774	149.511056	6.057148	140.503183	4.765387	125.562536	3.965514	101.252548	4.107990	71.205889
923.587160	26.608713	174.203091	25.738225	173.821433	24.832427	173.403747	23.889545	172.943900	22.907714	172.434284	21.884970	171.865211	20.819276	171.224210	19.708555	170.495007	18.550719	169.655818	17.343763	168.676983	16.085895	167.517016	14.775758	166.116105	13.412849	164.385047	11.998268	162.185160	10.536211	159.290036	9.037104	155.308263	7.524854	149.518017	6.055087	140.508973	4.763218	125.563322	3.963497	101.240524	4.106652	71.181796
923.959900	26.607833	174.205478	25.737305	173.823962	24.831464	173.406434	23.888538	172.946759	22.906661	172.437326	21.883869	171.868456	20.818127	171.227684	19.707353	170.498730	18.549463	169.659818	17.342449	168.681284	16.084520	167.521671	14.774315	166.121147	13.411334	164.390524	11.996674	162.191117	10.534525	159.296487	9.035311	155.315133	7.522934	149.524964	6.053025	140.514746	4.761049	125.564083	3.961483	101.228465	4.105317	71.157679
924.332520	26.606953	174.207858	25.736384	173.826488	24.830500	173.409115	23.887531	172.949617	22.905608	172.440368	21.882769	171.871698	20.816977	171.231156	19.706152	170.502446	18.548207	169.663808	17.341135	168.685583	16.083144	167.526315	14.772873	166.126182	13.409819	164.395992	11.995079	162.197063	10.532838	159.302926	9.033518	155.321997	7.521014	149.531899	6.050963	140.520505	4.758882	125.564821	3.959470	101.216377	4.103985	71.133547
924.705080	26.606075	174.210234	25.735464	173.829012	24.829537	173.411791	23.886526	172.952471	22.904556	172.443410	21.881669	171.874938	20.815828	171.234624	19.704951	170.506157	18.546951	169.667791	17.339822	168.689882	16.081769	167.530952	14.771432	166.131212	13.408306	164.401453	11.993485	162.203003	10.531152	159.309360	9.031726	155.328858	7.519096	149.538827	6.048904	140.526261	4.756718	125.565555	3.957460	101.204286	4.102656	71.109421
925.077510	26.605199	174.212605	25.734546	173.831534	24.828578	173.414467	23.885523	172.955319	22.903507	172.446448	21.880572	171.878176	20.814682	171.238086	19.703753	170.509866	18.545699	169.671773	17.338513	168.694177	16.080398	167.535587	14.769995	166.136239	13.406797	164.406914	11.991896	162.208938	10.529472	159.315792	9.029938	155.335718	7.517183	149.545754	6.046849	140.532024	4.754558	125.566306	3.955453	101.192227	4.101328	71.085340
925.449830	26.604326	174.214974	25.733632	173.834052	24.827622	173.417145	23.884523	172.958161	22.902462	172.449478	21.879479	171.881410	20.813540	171.241540	19.702559	170.513572	18.544451	169.675757	17.337207	168.698468	16.079031	167.540224	14.768564	166.141263	13.405293	164.412376	11.990312	162.214870	10.527796	159.322224	9.028157	155.342577	7.515275	149.552685	6.044800	140.537799	4.752402	125.567083	3.953449	101.180215	4.100002	71.061316
925.822020	26.603455	174.217342	25.732721	173.836567	24.826669	173.419820	23.883526	172.960999	22.901419	172.452503	21.878390	171.884641	20.812401	171.244992	19.701369	170.517275	18.543207	169.679738	17.335905	168.702755	16.077668	167.544858	14.767135	166.146283	13.403793	164.417833	11.988731	162.220799	10.526125	159.328653	9.026379	155.349431	7.513372	149.559615	6.042755	140.543579	4.750250	125.567875	3.951450	101.168230	4.098678	71.037331
926.194150	26.602585	174.219711	25.731810	173.839080	24.825717	173.422488	23.882529	172.963839	22.900378	172.455526	21.877301	171.887869	20.811263	171.248445	19.700180	170.520970	18.541964	169.683715	17.334605	168.707036	16.076307	167.549488	14.765709	166.151298	13.402294	164.423283	11.987152	162.226725	10.524455	159.335076	9.024602	155.356279	7.511470	149.566539	6.040712	140.549352	4.748101	125.568664	3.949452	101.156242	4.097357	71.013354
926.566160	26.601715	174.222080	25.730899	173.841589	24.824765	173.425150	23.881534	172.966678	22.899337	172.458547	21.876215	171.891094	20.810127	171.251899	19.698992	170.524660	18.540722	169.687684	17.333307	168.711311	16.074948	167.554110	14.764283	166.156306	13.400797	164.428722	11.985576	162.232646	10.522787	159.341492	9.022828	155.363119	7.509571	149.573457	6.038672	140.555121	4.745954	125.569452	3.947457	101.144258	4.096037	70.989391
926.938110	26.600848	174.224445	25.729992	173.844096	24.823816	173.427810	23.880542	172.969515	22.898299	172.461565	21.875130	171.894316	20.808993	171.255347	19.697808	170.528347	18.539484	169.691648	17.332012	168.715582	16.073591	167.558726	14.762861	166.161308	13.399303	164.434155	11.984002	162.238564	10.521122	159.347902	9.021058	155.369956	7.507676	149.580376	6.036635	140.560896	4.743812	125.570259	3.945466	101.132303	4.094720	70.965469
927.309880	26.599985	174.226803	25.729088	173.846600	24.822870	173.430471	23.879553	172.972344	22.897266	172.464579	21.874049	171.897535	20.807864	171.258784	19.696628	170.532035	18.538250	169.695605	17.330721	168.719851	16.072240	167.563336	14.761444	166.166303	13.397815	164.439584	11.982435	162.244474	10.519465	159.354309	9.019294	155.376792	7.505787	149.587299	6.034605	140.566687	4.741675	125.571098	3.943479	101.120402	4.093405	70.941618
927.681580	26.599124	174.229155	25.728188	173.849101	24.821926	173.433133	23.878568	172.975168	22.896235	172.467590	21.872971	171.900751	20.806739	171.262214	19.695451	170.535722	18.537018	169.699558	17.329433	168.724117	16.070892	167.567941	14.760031	166.171294	13.396331	164.445012	11.980871	162.250378	10.517811	159.360713	9.017535	155.383628	7.503902	149.594226	6.032580	140.572487	4.739543	125.571958	3.941495	101.108535	4.092092	70.917812
928.053220	26.598264	174.231508	25.727288	173.851600	24.820984	173.435790	23.877583	172.977989	22.895206	172.470600	21.871895	171.903963	20.805614	171.265643	19.694275	170.539406	18.535789	169.703507	17.328147	168.728378	16.069545	167.572543	14.758620	166.176282	13.394849	164.450438	11.979309	162.256276	10.516159	159.367112	9.015777	155.390459	7.502019	149.601150	6.030556	140.578283	4.737412	125.572815	3.939513	101.096664	4.090781	70.894014
928.424680	26.597403	174.233862	25.726388	173.854095	24.820042	173.438440	23.876598	172.980807	22.894176	172.473607	21.870819	171.907168	20.804489	171.269074	19.693099	170.543083	18.534560	169.707453	17.326861	168.732632	16.068200	167.577142	14.757209	166.181267	13.393367	164.455860	11.977748	162.262167	10.514508	159.373504	9.014020	155.397280	7.500138	149.608065	6.028534	140.584065	4.735283	125.573652	3.937534	101.084771	4.089473	70.870206
928.796080	26.596543	174.236214	25.725487	173.856588	24.819101	173.441084	23.875612	172.983623	22.893147	172.476609	21.869744	171.910369	20.803365	171.272503	19.691923	170.546754	18.533332	169.711397	17.325576	168.736881	16.066854	167.581737	14.755799	166.186247	13.391886	164.461277	11.976187	162.268054	10.512856	159.379889	9.012264	155.404096	7.498257	149.614971	6.026512	140.589836	4.733155	125.574477	3.935556	101.072859	4.088167	70.846390
929.167360	26.595684	174.238559	25.724588	173.859078	24.818160	173.443725	23.874629	172.986436	22.892119	172.479606	21.868670	171.913566	20.802242	171.275926	19.690749	170.550418	18.532105	169.715338	17.324292	168.741124	16.065510	167.586327	14.754390	166.191221	13.390406	164.466686	11.974628	162.273939	10.511207	159.386265	9.010509	155.410907	7.496378	149.621866	6.024493	140.595600	4.731029	125.575298	3.933581	101.060943	4.086864	70.822582
929.538570	26.594826	174.240899	25.723689	173.861566	24.817221	173.446365	23.873647	172.989246	22.891091	172.482597	21.867596	171.916762	20.801119	171.279343	19.689576	170.554078	18.530879	169.719277	17.323010	168.745362	16.064167	167.590912	14.752983	166.196189	13.388928	164.472086	11.973071	162.279821	10.509560	159.392633	9.008757	155.417712	7.494502	149.628754	6.022476	140.601361	4.728906	125.576120	3.931609	101.049029	4.085563	70.798787
929.909610	26.593969	174.243235	25.722792	173.864050	24.816283	173.449003	23.872666	172.992053	22.890066	172.485585	21.866523	171.919954	20.799999	171.282754	19.688405	170.557734	18.529654	169.723210	17.321729	168.749595	16.062826	167.595489	14.751577	166.201153	13.387452	164.477477	11.971517	162.285695	10.507915	159.398994	9.007008	155.424509	7.492628	149.635637	6.020461	140.607118	4.726786	125.576941	3.929639	101.037119	4.084265	70.775010
930.280580	26.593112	174.245574	25.721897	173.866532	24.815346	173.451642	23.871686	172.994858	22.889041	172.488574	21.865452	171.923143	20.798880	171.286163	19.687236	170.561387	18.528431	169.727136	17.320450	168.753826	16.061487	167.600060	14.750174	166.206115	13.385978	164.482864	11.969963	162.291560	10.506273	159.405352	9.005260	155.431295	7.490756	149.642521	6.018450	140.612876	4.724668	125.577760	3.927672	101.025212	4.082969	70.751242
930.651490	26.592257	174.247913	25.721003	173.869011	24.814411	173.454281	23.870706	172.997659	22.888018	172.491564	21.864383	171.926329	20.797762	171.289570	19.686068	170.565037	18.527209	169.731058	17.319173	168.758055	16.060150	167.604627	14.748772	166.211075	13.384505	164.488246	11.968412	162.297417	10.504632	159.411708	9.003514	155.438075	7.488887	149.649405	6.016440	140.618632	4.722553	125.578578	3.925707	101.013307	4.081674	70.727485
931.022220	26.591403	174.250247	25.720109	173.871486	24.813476	173.456915	23.869728	173.000458	22.886997	172.494549	21.863315	171.929512	20.796646	171.292974	19.684901	170.568685	18.525989	169.734976	17.317898	168.762277	16.058815	167.609190	14.747372	166.216025	13.383034	164.493623	11.966863	162.303268	10.502994	159.418060	9.001772	155.444849	7.487020	149.656281	6.014434	140.624384	4.720440	125.579395	3.923745	101.001408	4.080383	70.703748
931.392880	26.590550	174.252573	25.719218	173.873959	24.812543	173.459542	23.868752	173.003253	22.885977	172.497527	21.862248	171.932693	20.795532	171.296376	19.683736	170.572330	18.524771	169.738892	17.316623	168.766492	16.057482	167.613752	14.745974	166.220966	13.381566	164.498997	11.965317	162.309118	10.501358	159.424408	9.000032	155.451624	7.485156	149.663147	6.012430	140.630132	4.718331	125.580216	3.921786	100.989513	4.079093	70.680027
931.763430	26.589699	174.254895	25.718327	173.876430	24.811611	173.462164	23.867779	173.006046	22.884959	172.500500	21.861184	171.935871	20.794419	171.299774	19.682574	170.575971	18.523555	169.742804	17.315351	168.770703	16.056152	167.618309	14.744579	166.225900	13.380100	164.504368	11.963773	162.314965	10.499725	159.430752	8.998295	155.458398	7.483296	149.670009	6.010430	140.635882	4.716225	125.581048	3.919830	100.977637	4.077806	70.656339
932.133910	26.588851	174.257218	25.717439	173.878898	24.810682	173.464784	23.866809	173.008836	22.883943	172.503469	21.860123	171.939043	20.793311	171.303167	19.681414	170.579606	18.522343	169.746712	17.314083	168.774915	16.054825	167.622860	14.743187	166.230834	13.378639	164.509738	11.962234	162.320805	10.498096	159.437089	8.996562	155.465171	7.481440	149.676876	6.008434	140.641640	4.714123	125.581900	3.917876	100.965793	4.076521	70.632694
932.504270	26.588005	174.259541	25.716554	173.881363	24.809756	173.467401	23.865841	173.011623	22.882930	172.506437	21.859065	171.942209	20.792205	171.306553	19.680259	170.583236	18.521135	169.750613	17.312820	168.779127	16.053501	167.627405	14.741800	166.235770	13.377182	164.515104	11.960699	162.326639	10.496472	159.443419	8.994833	155.471943	7.479588	149.683748	6.006443	140.647407	4.712025	125.582771	3.915927	100.953987	4.075237	70.609098
932.874510	26.587162	174.261863	25.715671	173.883825	24.808832	173.470015	23.864875	173.014407	22.881920	172.509402	21.858010	171.945371	20.791102	171.309935	19.679106	170.586861	18.519930	169.754509	17.311559	168.783335	16.052180	167.631945	14.740416	166.240701	13.375728	164.520463	11.959167	162.332467	10.494851	159.449745	8.993108	155.478710	7.477740	149.690619	6.004455	140.653179	4.709931	125.583654	3.913980	100.942203	4.073956	70.585536
933.244630	26.586319	174.264182	25.714789	173.886284	24.807910	173.472626	23.863910	173.017188	22.880912	172.512363	21.856956	171.948530	20.789999	171.313314	19.677954	170.590483	18.518726	169.758402	17.310300	168.787534	16.050862	167.636483	14.739034	166.245622	13.374276	164.525813	11.957637	162.338292	10.493232	159.456069	8.991386	155.485471	7.475894	149.697483	6.002470	140.658950	4.707840	125.584538	3.912037	100.930426	4.072677	70.561992
933.614690	26.585476	174.266498	25.713908	173.888740	24.806988	173.475235	23.862945	173.019966	22.879905	172.515322	21.855903	171.951686	20.788898	171.316691	19.676803	170.594103	18.517524	169.762293	17.309041	168.791723	16.049544	167.641018	14.737653	166.250535	13.372825	164.531155	11.956108	162.344114	10.491615	159.462389	8.989666	155.492226	7.474051	149.704339	6.000488	140.664717	4.705751	125.585419	3.910095	100.918649	4.071399	70.538456
933.984620	26.584635	174.268810	25.713029	173.891194	24.806068	173.477843	23.861982	173.022743	22.878899	172.518279	21.854851	171.954840	20.787798	171.320066	19.675654	170.597720	18.516322	169.766180	17.307784	168.795908	16.048229	167.645549	14.736273	166.255442	13.371376	164.536491	11.954581	162.349932	10.490000	159.468702	8.987947	155.498972	7.472210	149.711187	5.998507	140.670476	4.703664	125.586297	3.908157	100.906870	4.070124	70.514932
934.354430	26.583796	174.271119	25.712149	173.893645	24.805149	173.480451	23.861020	173.025517	22.877894	172.521233	21.853800	171.957991	20.786700	171.323438	19.674506	170.601334	18.515122	169.770065	17.306529	168.800091	16.046914	167.650073	14.734895	166.260348	13.369929	164.541826	11.953057	162.355744	10.488387	159.475003	8.986231	155.505708	7.470370	149.718030	5.996529	140.676225	4.701579	125.587174	3.906220	100.895087	4.068852	70.491419
934.724180	26.582957	174.273426	25.711271	173.896094	24.804229	173.483059	23.860060	173.028287	22.876889	172.524184	21.852750	171.961139	20.785602	171.326806	19.673359	170.604944	18.513922	169.773947	17.305274	168.804272	16.045601	167.654591	14.733518	166.265251	13.368483	164.547157	11.951533	162.361550	10.486775	159.481298	8.984515	155.512437	7.468533	149.724868	5.994552	140.681968	4.699497	125.588043	3.904285	100.883292	4.067582	70.467905
935.093810	26.582118	174.275731	25.710392	173.898539	24.803310	173.485661	23.859099	173.031051	22.875884	172.527129	21.851701	171.964284	20.784506	171.330168	19.672212	170.608550	18.512723	169.777824	17.304020	168.808447	16.044288	167.659104	14.732142	166.270148	13.367037	164.552483	11.950010	162.367345	10.485164	159.487588	8.982801	155.519163	7.466696	149.731698	5.992577	140.687705	4.697416	125.588900	3.902353	100.871481	4.066315	70.444385
935.463320	26.581278	174.278032	25.709514	173.900982	24.802391	173.488257	23.858139	173.033808	22.874880	172.530067	21.850651	171.967425	20.783409	171.333523	19.671065	170.612149	18.511524	169.781695	17.302766	168.812616	16.042976	167.663611	14.730766	166.275038	13.365592	164.557801	11.948488	162.373131	10.483554	159.493877	8.981087	155.525886	7.464860	149.738521	5.990603	140.693438	4.695336	125.589745	3.900422	100.859657	4.065049	70.420859
935.832700	26.580440	174.280331	25.708637	173.903422	24.801474	173.490847	23.857181	173.036563	22.873878	172.533002	21.849603	171.970564	20.782313	171.336875	19.669921	170.615744	18.510328	169.785560	17.301515	168.816780	16.041666	167.668113	14.729393	166.279923	13.364149	164.563115	11.946968	162.378912	10.481946	159.500161	8.979377	155.532604	7.463027	149.745340	5.988632	140.699170	4.693260	125.590592	3.898495	100.847842	4.063786	70.397354
936.202030	26.579604	174.282628	25.707763	173.905859	24.800560	173.493436	23.856224	173.039319	22.872878	172.535939	21.848557	171.973701	20.781221	171.340228	19.668779	170.619335	18.509135	169.789418	17.300267	168.820941	16.040358	167.672612	14.728023	166.284807	13.362710	164.568427	11.945452	162.384695	10.480342	159.506440	8.977670	155.539316	7.461198	149.752158	5.986664	140.704905	4.691186	125.591457	3.896571	100.836057	4.062525	70.373890
936.571230	26.578772	174.284922	25.706890	173.908293	24.799649	173.496022	23.855270	173.042076	22.871881	172.538876	21.847515	171.976835	20.780132	171.343581	19.667641	170.622924	18.507945	169.793271	17.299022	168.825099	16.039054	167.677107	14.726657	166.289688	13.361275	164.573736	11.943940	162.390477	10.478742	159.512712	8.975967	155.546019	7.459374	149.758975	5.984702	140.710640	4.689118	125.592339	3.894650	100.824304	4.061266	70.350473
936.940310	26.577940	174.287212	25.706020	173.910725	24.798739	173.498605	23.854318	173.044828	22.870885	172.541808	21.846474	171.979964	20.779046	171.346932	19.666505	170.626510	18.506757	169.797122	17.297780	168.829254	16.037752	167.681600	14.725293	166.294562	13.359843	164.579038	11.942430	162.396253	10.477145	159.518976	8.974268	155.552719	7.457552	149.765789	5.982742	140.716373	4.687052	125.593226	3.892731	100.812561	4.060009	70.327080
937.309330	26.577109	174.289499	25.705150	173.913154	24.797829	173.501187	23.853366	173.047574	22.869890	172.544734	21.845435	171.983086	20.777959	171.350276	19.665369	170.630094	18.505569	169.800975	17.296538	168.833407	16.036452	167.686093	14.723929	166.299425	13.358411	164.584331	11.940922	162.402019	10.475549	159.525235	8.972569	155.559416	7.455732	149.772601	5.980783	140.722101	4.684988	125.594105	3.890814	100.800806	4.058754	70.303684
937.678220	26.576278	174.291783	25.704281	173.915580	24.796918	173.503765	23.852414	173.050314	22.868896	172.547654	21.844396	171.986203	20.776874	171.353615	19.664234	170.633675	18.504382	169.804827	17.295296	168.837555	16.035153	167.690580	14.722567	166.304281	13.356979	164.589616	11.939415	162.407776	10.473954	159.531489	8.970872	155.566110	7.453913	149.779407	5.978827	140.727825	4.682926	125.594977	3.888900	100.789043	4.057502	70.280291
938.047000	26.575448	174.294068	25.703413	173.918003	24.796009	173.506340	23.851464	173.053053	22.867902	172.550573	21.843359	171.989319	20.775789	171.356946	19.663100	170.637250	18.503196	169.808671	17.294056	168.841699	16.033856	167.695059	14.721206	166.309136	13.355550	164.594896	11.937909	162.413529	10.472361	159.537738	8.969177	155.572797	7.452097	149.786205	5.976872	140.733549	4.680867	125.595845	3.886988	100.777279	4.056252	70.256908
938.415650	26.574619	174.296354	25.702546	173.920423	24.795102	173.508913	23.850515	173.055794	22.866911	172.553494	21.842322	171.992436	20.774705	171.360272	19.661968	170.640819	18.502012	169.812505	17.292817	168.845837	16.032560	167.699527	14.719847	166.313993	13.354123	164.600173	11.936406	162.419280	10.470770	159.543985	8.967484	155.579475	7.450282	149.792995	5.974920	140.739273	4.678810	125.596714	3.885080	100.765525	4.055004	70.233546
938.784240	26.573792	174.298638	25.701680	173.922841	24.794198	173.511482	23.849569	173.058533	22.865921	172.556414	21.841288	171.995552	20.773623	171.363595	19.660838	170.644384	18.500831	169.816332	17.291581	168.849969	16.031266	167.703991	14.718491	166.318847	13.352698	164.605448	11.934905	162.425028	10.469182	159.550227	8.965795	155.586149	7.448471	149.799783	5.972972	140.744999	4.676756	125.597593	3.883174	100.753786	4.053759	70.210210
939.152710	26.572967	174.300916	25.700816	173.925255	24.793295	173.514048	23.848625	173.061267	22.864934	172.559328	21.840256	171.998664	20.772544	171.366917	19.659710	170.647945	18.499653	169.820160	17.290348	168.854096	16.029976	167.708455	14.717139	166.323693	13.351278	164.610721	11.933408	162.430770	10.467598	159.556463	8.964109	155.592823	7.446665	149.806571	5.971028	140.750726	4.674706	125.598487	3.881271	100.742074	4.052515	70.186913
939.521120	26.572145	174.303187	25.699955	173.927667	24.792394	173.516611	23.847684	173.063995	22.863949	172.562236	21.839226	172.001769	20.771469	171.370241	19.658585	170.651504	18.498478	169.823989	17.289119	168.858218	16.028688	167.712920	14.715789	166.328529	13.349860	164.615992	11.931914	162.436504	10.466017	159.562693	8.962426	155.599498	7.444862	149.813362	5.969087	140.756454	4.672659	125.599396	3.879370	100.730384	4.051272	70.163652
939.889340	26.571324	174.305455	25.699095	173.930077	24.791495	173.519173	23.846744	173.066717	22.862966	172.565138	21.838199	172.004868	20.770395	171.373560	19.657462	170.655060	18.497304	169.827815	17.287892	168.862334	16.027404	167.717380	14.714443	166.333357	13.348445	164.621253	11.930424	162.442233	10.464440	159.568916	8.960747	155.606167	7.443063	149.820150	5.967150	140.762180	4.670616	125.600311	3.877473	100.718710	4.050032	70.140419
940.257510	26.570503	174.307725	25.698237	173.932488	24.790597	173.521736	23.845805	173.069438	22.861985	172.568038	21.837173	172.007961	20.769323	171.376874	19.656341	170.658613	18.496132	169.831635	17.286666	168.866448	16.026120	167.721830	14.713097	166.338184	13.347032	164.626506	11.928934	162.447960	10.462864	159.575136	8.959070	155.612828	7.441264	149.826933	5.965215	140.767906	4.668575	125.601224	3.875578	100.707037	4.048795	70.117193
940.625550	26.569683	174.309996	25.697380	173.934898	24.789700	173.524298	23.844867	173.072157	22.861005	172.570937	21.836149	172.011050	20.768252	171.380183	19.655223	170.662162	18.494962	169.835448	17.285442	168.870560	16.024839	167.726271	14.711753	166.343009	13.345620	164.631750	11.927447	162.453683	10.461291	159.581353	8.957395	155.619482	7.439469	149.833712	5.963282	140.773633	4.666537	125.602138	3.873686	100.695372	4.047559	70.093986
940.993530	26.568865	174.312262	25.696525	173.937305	24.788806	173.526856	23.843930	173.074873	22.860027	172.573832	21.835126	172.014137	20.767183	171.383487	19.654107	170.665709	18.493795	169.839258	17.284220	168.874669	16.023559	167.730711	14.710412	166.347831	13.344212	164.636993	11.925963	162.459402	10.459721	159.587568	8.955723	155.626134	7.437676	149.840488	5.961353	140.779364	4.664502	125.603065	3.871796	100.683729	4.046326	70.070811
941.361390	26.568050	174.314521	25.695672	173.939706	24.787913	173.529408	23.842997	173.077587	22.859052	172.576724	21.834106	172.017224	20.766117	171.386789	19.652993	170.669253	18.492630	169.843066	17.283002	168.878775	16.022284	167.735152	14.709074	166.352650	13.342807	164.642237	11.924483	162.465115	10.458155	159.593780	8.954056	155.632787	7.435889	149.847262	5.959428	140.785100	4.662471	125.604010	3.869910	100.672119	4.045093	70.047683
941.729130	26.567238	174.316776	25.694822	173.942101	24.787023	173.531955	23.842066	173.080297	22.858078	172.579614	21.833087	172.020310	20.765054	171.390088	19.651880	170.672794	18.491468	169.846870	17.281786	168.882877	16.021010	167.739592	14.707740	166.357464	13.341405	164.647480	11.923005	162.470821	10.456592	159.599986	8.952392	155.639438	7.434105	149.854035	5.957506	140.790836	4.660443	125.604965	3.868027	100.660527	4.043863	70.024586
942.096740	26.566425	174.319029	25.693971	173.944492	24.786133	173.534498	23.841136	173.083003	22.857105	172.582501	21.832071	172.023394	20.763991	171.393384	19.650770	170.676330	18.490306	169.850669	17.280571	168.886972	16.019738	167.744024	14.706407	166.362273	13.340004	164.652713	11.921530	162.476521	10.455030	159.606183	8.950730	155.646080	7.432323	149.860806	5.955587	140.796567	4.658418	125.605916	3.866146	100.648932	4.042635	70.001499
942.464290	26.565612	174.321284	25.693121	173.946881	24.785243	173.537040	23.840207	173.085706	22.856132	172.585386	21.831055	172.026476	20.762929	171.396679	19.649660	170.679861	18.489145	169.854462	17.279357	168.891062	16.018467	167.748447	14.705075	166.367076	13.338604	164.657937	11.920054	162.482215	10.453469	159.612371	8.949068	155.652713	7.430542	149.867573	5.953668	140.802291	4.656394	125.606856	3.864267	100.637318	4.041409	69.978404
942.831730	26.564800	174.323538	25.692270	173.949269	24.784354	173.539579	23.839278	173.088407	22.855160	172.588267	21.830040	172.029552	20.761867	171.399969	19.648551	170.683386	18.487984	169.858251	17.278144	168.895147	16.017197	167.752862	14.703743	166.371873	13.337205	164.663154	11.918580	162.487905	10.451908	159.618553	8.947407	155.659337	7.428761	149.874333	5.951752	140.808007	4.654372	125.607785	3.862389	100.625690	4.040186	69.955305
943.199040	26.563988	174.325789	25.691421	173.951658	24.783466	173.542115	23.838349	173.091110	22.854189	172.591141	21.829025	172.032624	20.760806	171.403253	19.647442	170.686904	18.486825	169.862037	17.276931	168.899231	16.015927	167.757274	14.702412	166.376665	13.335806	164.668369	11.917107	162.493588	10.450349	159.624733	8.945748	155.665955	7.426982	149.881082	5.949836	140.813716	4.652351	125.608706	3.860514	100.614055	4.038966	69.932209
943.566280	26.563177	174.328037	25.690571	173.954046	24.782578	173.544649	23.837420	173.093812	22.853219	172.594010	21.828011	172.035690	20.759747	171.406531	19.646334	170.690417	18.485666	169.865821	17.275719	168.903312	16.014659	167.761684	14.701082	166.381452	13.334409	164.673583	11.915635	162.499267	10.448792	159.630910	8.944090	155.672569	7.425204	149.887820	5.947923	140.819418	4.650333	125.609620	3.858641	100.602410	4.037747	69.909114
943.933410	26.562367	174.330281	25.689723	173.956431	24.781691	173.547179	23.836491	173.096511	22.852250	172.596877	21.826997	172.038752	20.758687	171.409806	19.645226	170.693928	18.484509	169.869600	17.274508	168.907388	16.013391	167.766092	14.699753	166.386233	13.333013	164.678790	11.914164	162.504938	10.447235	159.637081	8.942433	155.679176	7.423428	149.894547	5.946011	140.825110	4.648316	125.610524	3.856770	100.590754	4.036531	69.886018
944.300420	26.561557	174.332523	25.688875	173.958809	24.780804	173.549707	23.835563	173.099204	22.851281	172.599745	21.825983	172.041811	20.757628	171.413079	19.644119	170.697440	18.483352	169.873373	17.273297	168.911458	16.012124	167.770497	14.698425	166.391008	13.331618	164.683985	11.912694	162.510602	10.445679	159.643241	8.940778	155.685776	7.421653	149.901267	5.944100	140.830791	4.646300	125.611419	3.854901	100.579086	4.035317	69.862923
944.667360	26.560749	174.334763	25.688028	173.961182	24.779919	173.552232	23.834637	173.101891	22.850312	172.602613	21.824970	172.044868	20.756570	171.416349	19.643014	170.700952	18.482197	169.877141	17.272089	168.915522	16.010859	167.774898	14.697098	166.395778	13.330224	164.689174	11.911226	162.516262	10.444126	159.649394	8.939124	155.692370	7.419881	149.907985	5.942192	140.836471	4.644287	125.612315	3.853035	100.567424	4.034105	69.839844
945.034120	26.559942	174.337000	25.687185	173.963554	24.779036	173.554755	23.833713	173.104574	22.849346	172.605475	21.823961	172.047922	20.755515	171.419616	19.641912	170.704458	18.481045	169.880904	17.270884	168.919583	16.009597	167.779294	14.695775	166.400544	13.328835	164.694361	11.909762	162.521919	10.442576	159.655540	8.937475	155.698962	7.418113	149.914703	5.940288	140.842159	4.642278	125.613230	3.851172	100.555797	4.032895	69.816814
945.400820	26.559138	174.339234	25.686344	173.965926	24.778155	173.557274	23.832794	173.107255	22.848384	172.608330	21.822956	172.050973	20.754464	171.422879	19.640813	170.707958	18.479896	169.884665	17.269683	168.923641	16.008339	167.783684	14.694456	166.405308	13.327450	164.699549	11.908302	162.527578	10.441032	159.661684	8.935831	155.705556	7.416350	149.921428	5.938389	140.847863	4.640274	125.614173	3.849312	100.544218	4.031687	69.793839
945.767460	26.558335	174.341466	25.685505	173.968299	24.777277	173.559791	23.831876	173.109934	22.847423	172.611182	21.821954	172.054021	20.753416	171.426140	19.639718	170.711453	18.478750	169.888424	17.268484	168.927697	16.007084	167.788069	14.693141	166.410069	13.326068	164.704736	11.906846	162.533234	10.439491	159.667826	8.934190	155.712147	7.414590	149.928154	5.936494	140.853574	4.638274	125.615131	3.847455	100.532665	4.030480	69.770900
946.133910	26.557534	174.343694	25.684667	173.970669	24.776399	173.562304	23.830960	173.112611	22.846465	172.614033	21.820952	172.057067	20.752369	171.429397	19.638623	170.714945	18.477606	169.892180	17.267288	168.931746	16.005831	167.792447	14.691827	166.414822	13.324688	164.709914	11.905392	162.538882	10.437953	159.673965	8.932551	155.718728	7.412833	149.934874	5.934601	140.859275	4.636276	125.616086	3.845601	100.521114	4.029276	69.747977
946.500310	26.556734	174.345920	25.683829	173.973036	24.775523	173.564814	23.830043	173.115286	22.845506	172.616886	21.819950	172.060111	20.751322	171.432652	19.637528	170.718435	18.476462	169.895934	17.266091	168.935789	16.004579	167.796821	14.690514	166.419570	13.323308	164.715082	11.903938	162.544520	10.436415	159.680102	8.930913	155.725299	7.411077	149.941586	5.932710	140.864963	4.634279	125.617030	3.843748	100.509546	4.028074	69.725047
946.866640	26.555934	174.348144	25.682991	173.975398	24.774647	173.567323	23.829127	173.117956	22.844549	172.619736	21.818949	172.063150	20.750276	171.435904	19.636434	170.721922	18.475319	169.899683	17.264895	168.939829	16.003327	167.801190	14.689202	166.424314	13.321930	164.720243	11.902486	162.550151	10.434878	159.686232	8.929277	155.731864	7.409322	149.948290	5.930819	140.870644	4.632283	125.617963	3.841898	100.497964	4.026873	69.702114
947.232790	26.555134	174.350365	25.682154	173.977754	24.773772	173.569833	23.828211	173.120620	22.843592	172.622580	21.817948	172.066182	20.749231	171.439154	19.635341	170.725402	18.474177	169.903426	17.263700	168.943865	16.002076	167.805555	14.687890	166.429055	13.320552	164.725401	11.901034	162.555775	10.433341	159.692350	8.927642	155.738423	7.407569	149.954985	5.928931	140.876320	4.630290	125.618889	3.840050	100.486374	4.025676	69.679189
947.598880	26.554335	174.352583	25.681318	173.980106	24.772898	173.572343	23.827297	173.123278	22.842636	172.625419	21.816949	172.069209	20.748187	171.442400	19.634250	170.728877	18.473036	169.907163	17.262507	168.947900	16.000826	167.809918	14.686580	166.433793	13.319176	164.730557	11.899584	162.561396	10.431807	159.698460	8.926009	155.744981	7.405818	149.961676	5.927045	140.881999	4.628299	125.619817	3.838205	100.474788	4.024480	69.656278
947.964840	26.553537	174.354798	25.680485	173.982455	24.772026	173.574849	23.826386	173.125935	22.841682	172.628253	21.815953	172.072234	20.747146	171.445642	19.633161	170.732348	18.471897	169.910896	17.261316	168.951929	15.999580	167.814278	14.685273	166.438526	13.317804	164.735711	11.898138	162.567012	10.430276	159.704567	8.924380	155.751537	7.404071	149.968366	5.925163	140.887682	4.626313	125.620758	3.836362	100.463229	4.023287	69.633405
948.330750	26.552743	174.357010	25.679654	173.984806	24.771156	173.577348	23.825476	173.128592	22.840732	172.631085	21.814959	172.075261	20.746108	171.448878	19.632076	170.735817	18.470762	169.914627	17.260129	168.955953	15.998337	167.818636	14.683971	166.443252	13.316435	164.740862	11.896696	162.572624	10.428749	159.710676	8.922755	155.758094	7.402328	149.975059	5.923285	140.893375	4.624330	125.621724	3.834522	100.451709	4.022094	69.610581
948.696470	26.551950	174.359219	25.678825	173.987156	24.770288	173.579842	23.824568	173.131249	22.839785	172.633914	21.813969	172.078286	20.745072	171.452109	19.630993	170.739282	18.469631	169.918355	17.258945	168.959971	15.997097	167.822989	14.682672	166.447973	13.315070	164.746008	11.895258	162.578233	10.427227	159.716783	8.921134	155.764647	7.400589	149.981751	5.921411	140.899069	4.622351	125.622705	3.832686	100.440221	4.020904	69.587800
949.062130	26.551160	174.361429	25.677996	173.989504	24.769422	173.582332	23.823662	173.133904	22.838838	172.636741	21.812979	172.081308	20.744037	171.455336	19.629912	170.742745	18.468501	169.922081	17.257762	168.963985	15.995860	167.827338	14.681375	166.452691	13.313706	164.751148	11.893821	162.583838	10.425707	159.722884	8.919515	155.771193	7.398852	149.988442	5.919539	140.904759	4.620374	125.623686	3.830851	100.428734	4.019715	69.565032
949.427730	26.550370	174.363640	25.677169	173.991849	24.768556	173.584821	23.822758	173.136555	22.837892	172.639565	21.811990	172.084323	20.743003	171.458562	19.628833	170.746205	18.467372	169.925804	17.256581	168.967997	15.994623	167.831681	14.680078	166.457407	13.312344	164.756282	11.892385	162.589442	10.424188	159.728977	8.917898	155.777731	7.397117	149.995128	5.917669	140.910444	4.618399	125.624662	3.829019	100.417241	4.018529	69.542270
949.793150	26.549582	174.365848	25.676343	173.994190	24.767693	173.587308	23.821856	173.139203	22.836949	172.642386	21.811003	172.087333	20.741972	171.461785	19.627756	170.749662	18.466245	169.929522	17.255403	168.972006	15.993390	167.836018	14.678784	166.462118	13.310985	164.761411	11.890953	162.595039	10.422672	159.735064	8.916284	155.784265	7.395385	150.001813	5.915803	140.916131	4.616427	125.625649	3.827190	100.405772	4.017344	69.519546
950.158510	26.548797	174.368051	25.675521	173.996528	24.766833	173.589793	23.820956	173.141848	22.836009	172.645204	21.810020	172.090339	20.740945	171.465005	19.626683	170.753115	18.465122	169.933235	17.254229	168.976012	15.992160	167.840348	14.677495	166.466824	13.309631	164.766537	11.889525	162.600631	10.421161	159.741151	8.914674	155.790800	7.393659	150.008503	5.913942	140.921833	4.614460	125.626668	3.825364	100.394354	4.016161	69.496881
950.523740	26.548014	174.370247	25.674702	173.998864	24.765976	173.592274	23.820059	173.144491	22.835072	172.648020	21.809041	172.093342	20.739921	171.468221	19.625612	170.756566	18.464004	169.936942	17.253059	168.980015	15.990936	167.844672	14.676211	166.471523	13.308282	164.771660	11.888103	162.606216	10.419656	159.747238	8.913070	155.797338	7.391938	150.015197	5.912087	140.927550	4.612499	125.627719	3.823543	100.382993	4.014979	69.474282
950.888920	26.547233	174.372441	25.673885	174.001198	24.765122	173.594752	23.819165	173.147131	22.834137	172.650833	21.808065	172.096346	20.738900	171.471435	19.624545	170.760014	18.462888	169.940646	17.251892	168.984014	15.989714	167.848996	14.674930	166.476218	13.306935	164.776780	11.886684	162.611798	10.418154	159.753323	8.911470	155.803874	7.390220	150.021891	5.910234	140.933272	4.610540	125.628782	3.821723	100.371653	4.013800	69.451712
951.253910	26.546452	174.374634	25.673069	174.003528	24.764268	173.597226	23.818272	173.149768	22.833204	172.653642	21.807089	172.099350	20.737880	171.474646	19.623478	170.763460	18.461774	169.944346	17.250726	168.988006	15.988492	167.853319	14.673649	166.480910	13.305590	164.781892	11.885267	162.617375	10.416653	159.759400	8.909871	155.810403	7.388504	150.028577	5.908384	140.938989	4.608584	125.629838	3.819906	100.360306	4.012622	69.429150
951.618840	26.545672	174.376829	25.672253	174.005857	24.763415	173.599698	23.817380	173.152401	22.832270	172.656449	21.806113	172.102353	20.736861	171.477854	19.622413	170.766902	18.460660	169.948043	17.249560	168.991993	15.987271	167.857642	14.672369	166.485600	13.304245	164.786999	11.883849	162.622949	10.415152	159.765471	8.908273	155.816925	7.386789	150.035255	5.906534	140.944698	4.606628	125.630881	3.818090	100.348940	4.011447	69.406580
951.983700	26.544892	174.379022	25.671436	174.008182	24.762562	173.602170	23.816488	173.155033	22.831337	172.659253	21.805138	172.105350	20.735842	171.481058	19.621348	170.770340	18.459546	169.951739	17.248395	168.995977	15.986051	167.861959	14.671089	166.490285	13.302901	164.792100	11.882432	162.628520	10.413652	159.771534	8.906676	155.823439	7.385075	150.041923	5.904686	140.950399	4.604674	125.631912	3.816276	100.337560	4.010273	69.384005
952.348390	26.544113	174.381212	25.670621	174.010504	24.761709	173.604642	23.815596	173.157663	22.830404	172.662053	21.804163	172.108337	20.734823	171.484256	19.620283	170.773770	18.458432	169.955431	17.247231	168.999958	15.984831	167.866266	14.669811	166.494962	13.301558	164.797196	11.881017	162.634085	10.412153	159.777588	8.905080	155.829944	7.383362	150.048580	5.902839	140.956089	4.602722	125.632934	3.814465	100.326173	4.009102	69.361434
952.713010	26.543334	174.383398	25.669806	174.012824	24.760855	173.607113	23.814703	173.160290	22.829471	172.664851	21.803189	172.111318	20.733805	171.487449	19.619218	170.777197	18.457318	169.959121	17.246066	169.003937	15.983612	167.870565	14.668533	166.499634	13.300215	164.802286	11.879602	162.639642	10.410656	159.783635	8.903485	155.836441	7.381651	150.055227	5.900994	140.961768	4.600772	125.633946	3.812655	100.314773	4.007934	69.338859
953.077580	26.542555	174.385582	25.668992	174.015141	24.760001	173.609579	23.813811	173.162911	22.828539	172.667648	21.802215	172.114297	20.732787	171.490639	19.618153	170.780621	18.456205	169.962804	17.244902	169.007910	15.982394	167.874861	14.667255	166.504305	13.298872	164.807372	11.878188	162.645192	10.409158	159.789676	8.901890	155.842935	7.379940	150.061868	5.899149	140.967437	4.598822	125.634947	3.810847	100.303354	4.006767	69.316276
953.441960	26.541777	174.387762	25.668177	174.017456	24.759149	173.612039	23.812920	173.165526	22.827607	172.670442	21.801240	172.117277	20.731769	171.493826	19.617089	170.784042	18.455093	169.966481	17.243738	169.011876	15.981175	167.879155	14.665978	166.508973	13.297531	164.812451	11.876774	162.650733	10.407662	159.795712	8.900296	155.849421	7.378230	150.068502	5.897306	140.973094	4.596874	125.635939	3.809042	100.291921	4.005603	69.293695
953.806270	26.540998	174.389940	25.667362	174.019768	24.758298	173.614495	23.812029	173.168136	22.826676	172.673232	21.800266	172.120257	20.730752	171.497010	19.616026	170.787460	18.453982	169.970154	17.242575	169.015838	15.979958	167.883447	14.664701	166.513636	13.296190	164.817525	11.875361	162.656267	10.406167	159.801742	8.898704	155.855901	7.376522	150.075133	5.895464	140.978745	4.594928	125.636923	3.807238	100.280478	4.004440	69.271114
954.170470	26.540221	174.392116	25.666548	174.022076	24.757447	173.616946	23.811140	173.170747	22.825746	172.676015	21.799294	172.123235	20.729735	171.500192	19.614964	170.790873	18.452873	169.973825	17.241414	169.019797	15.978742	167.887732	14.663427	166.518291	13.294851	164.822593	11.873950	162.661799	10.404674	159.807766	8.897114	155.862372	7.374815	150.081762	5.893624	140.984395	4.592984	125.637902	3.805436	100.269035	4.003280	69.248547
954.534550	26.539445	174.394289	25.665736	174.024381	24.756597	173.619396	23.810251	173.173359	22.824817	172.678793	21.798324	172.126209	20.728721	171.503371	19.613903	170.794280	18.451764	169.977494	17.240254	169.023755	15.977528	167.892011	14.662154	166.522937	13.293514	164.827655	11.872540	162.667329	10.403183	159.813783	8.895525	155.868833	7.373111	150.088387	5.891787	140.990046	4.591043	125.638880	3.803637	100.257598	4.002122	69.225997
954.898560	26.538670	174.396460	25.664924	174.026685	24.755748	173.621845	23.809363	173.175970	22.823889	172.681569	21.797355	172.129179	20.727707	171.506546	19.612844	170.797682	18.450657	169.981158	17.239096	169.027708	15.976316	167.896285	14.660883	166.527577	13.292178	164.832713	11.871133	162.672854	10.401693	159.819797	8.893939	155.875291	7.371409	150.095005	5.889952	140.995695	4.589104	125.639857	3.801840	100.246161	4.000966	69.203455
955.262450	26.537895	174.398626	25.664114	174.028991	24.754900	173.624295	23.808477	173.178578	22.822963	172.684346	21.796386	172.132141	20.726695	171.509719	19.611786	170.801081	18.449550	169.984815	17.237939	169.031655	15.975104	167.900557	14.659613	166.532215	13.290844	164.837767	11.869727	162.678373	10.400205	159.825806	8.892354	155.881746	7.369709	150.101613	5.888119	141.001339	4.587167	125.640835	3.800046	100.234725	3.999812	69.180924
955.626220	26.537121	174.400791	25.663305	174.031296	24.754054	173.626744	23.807592	173.181182	22.822038	172.687123	21.795419	172.135099	20.725684	171.512889	19.610730	170.804477	18.448445	169.988467	17.236783	169.035596	15.973895	167.904825	14.658345	166.536850	13.289512	164.842818	11.868324	162.683885	10.398719	159.831813	8.890773	155.888202	7.368012	150.108216	5.886289	141.006980	4.585233	125.641823	3.798254	100.223306	3.998660	69.158418
955.989930	26.536350	174.402955	25.662498	174.033597	24.753210	173.629189	23.806710	173.183781	22.821116	172.689895	21.794455	172.138056	20.724677	171.516056	19.609677	170.807874	18.447343	169.992117	17.235632	169.039533	15.972689	167.909092	14.657081	166.541483	13.288185	164.847867	11.866925	162.689393	10.397238	159.837816	8.889196	155.894657	7.366319	150.114822	5.884463	141.012630	4.583302	125.642832	3.796465	100.211923	3.997509	69.135959
956.353520	26.535583	174.405120	25.661695	174.035891	24.752370	173.631627	23.805832	173.186374	22.820198	172.692661	21.793494	172.141014	20.723673	171.519222	19.608629	170.811272	18.446247	169.995768	17.234485	169.043468	15.971488	167.913355	14.655822	166.546113	13.286862	164.852913	11.865530	162.694897	10.395762	159.843815	8.887623	155.901111	7.364631	150.121437	5.882643	141.018293	4.581377	125.643870	3.794679	100.200595	3.996359	69.113568
956.716980	26.534819	174.407284	25.660894	174.038180	24.751532	173.634061	23.804955	173.188963	22.819282	172.695421	21.792536	172.143971	20.722673	171.522383	19.607583	170.814668	18.445154	169.999418	17.233342	169.047400	15.970290	167.917615	14.654566	166.550738	13.285542	164.857954	11.864140	162.700398	10.394290	159.849809	8.886055	155.907561	7.362948	150.128056	5.880828	141.023964	4.579456	125.644926	3.792896	100.189301	3.995212	69.091226
957.080380	26.534055	174.409443	25.660094	174.040470	24.750696	173.636494	23.804081	173.191552	22.818367	172.698182	21.791581	172.146924	20.721674	171.525538	19.606539	170.818055	18.444063	170.003064	17.232199	169.051330	15.969095	167.921870	14.653313	166.555358	13.284225	164.862991	11.862751	162.705898	10.392820	159.855803	8.884489	155.914007	7.361267	150.134672	5.879014	141.029635	4.577537	125.645986	3.791115	100.178013	3.994066	69.068898
957.443600	26.533290	174.411594	25.659295	174.042760	24.749861	173.638929	23.803206	173.194141	22.817452	172.700944	21.790626	172.149869	20.720676	171.528687	19.605495	170.821432	18.442972	170.006704	17.231057	169.055256	15.967900	167.926119	14.652060	166.559971	13.282908	164.868021	11.861363	162.711394	10.391351	159.861792	8.882923	155.920445	7.359587	150.141277	5.877201	141.035298	4.575619	125.647038	3.789338	100.166715	3.992922	69.046571
957.806760	26.532526	174.413743	25.658497	174.045049	24.749025	173.641361	23.802333	173.196729	22.816539	172.703703	21.789672	172.152809	20.719678	171.531834	19.604452	170.824804	18.441881	170.010337	17.229916	169.059179	15.966705	167.930362	14.650807	166.564580	13.281592	164.873045	11.859977	162.716884	10.389882	159.867775	8.881359	155.926877	7.357908	150.147874	5.875389	141.040954	4.573703	125.648083	3.787562	100.155406	3.991781	69.024242
958.169860	26.531763	174.415892	25.657699	174.047332	24.748190	173.643789	23.801460	173.199314	22.815626	172.706457	21.788718	172.155747	20.718680	171.534980	19.603409	170.828177	18.440791	170.013964	17.228776	169.063096	15.965512	167.934598	14.649556	166.569187	13.280277	164.878064	11.858591	162.722366	10.388415	159.873750	8.879796	155.933304	7.356230	150.154465	5.873580	141.046602	4.571789	125.649121	3.785787	100.144090	3.990641	69.001916
958.532780	26.531002	174.418041	25.656901	174.049608	24.747356	173.646209	23.800588	173.201895	22.814715	172.709204	21.787764	172.158683	20.717684	171.538127	19.602368	170.831551	18.439702	170.017586	17.227638	169.067007	15.964320	167.938829	14.648306	166.573791	13.278964	164.883077	11.857207	162.727838	10.386950	159.879714	8.878236	155.939723	7.354556	150.161049	5.871773	141.052243	4.569877	125.650155	3.784015	100.132778	3.989503	68.979609
958.895630	26.530242	174.420189	25.656105	174.051882	24.746523	173.648627	23.799717	173.204473	22.813804	172.711948	21.786812	172.161617	20.716690	171.541271	19.601329	170.834923	18.438615	170.021206	17.226501	169.070914	15.963130	167.943058	14.647058	166.578390	13.277654	164.888085	11.855826	162.733306	10.385487	159.885675	8.876679	155.946138	7.352884	150.167631	5.869968	141.057885	4.567969	125.651196	3.782245	100.121479	3.988367	68.957325
959.258420	26.529483	174.422335	25.655310	174.054156	24.745692	173.651046	23.798848	173.207051	22.812896	172.714694	21.785863	172.164547	20.715697	171.544410	19.600292	170.838289	18.437531	170.024827	17.225367	169.074818	15.961942	167.947289	14.645813	166.582983	13.276346	164.893093	11.854447	162.738776	10.384028	159.891638	8.875124	155.952550	7.351214	150.174214	5.868167	141.063534	4.566063	125.652249	3.780478	100.110203	3.987233	68.935071
959.621030	26.528725	174.424476	25.654518	174.056431	24.744864	173.653464	23.797981	173.209625	22.811990	172.717440	21.784915	172.167475	20.714707	171.547542	19.599257	170.841647	18.436449	170.028446	17.224235	169.078719	15.960757	167.951519	14.644571	166.587570	13.275040	164.898095	11.853071	162.744244	10.382571	159.897599	8.873572	155.958958	7.349548	150.180794	5.866369	141.069185	4.564160	125.653310	3.778714	100.098944	3.986101	68.912848
959.983580	26.527967	174.426615	25.653726	174.058704	24.744036	173.655882	23.797114	173.212195	22.811084	172.720182	21.783969	172.170400	20.713718	171.550670	19.598224	170.845002	18.435369	170.032063	17.223104	169.082617	15.959573	167.955742	14.643329	166.592153	13.273736	164.903094	11.851696	162.749707	10.381116	159.903555	8.872021	155.965362	7.347883	150.187370	5.864572	141.074833	4.562259	125.654371	3.776952	100.087683	3.984970	68.890632
960.346010	26.527211	174.428752	25.652935	174.060974	24.743207	173.658296	23.796249	173.214758	22.810179	172.722918	21.783023	172.173322	20.712729	171.553796	19.597190	170.848355	18.434289	170.035674	17.221974	169.086514	15.958390	167.959954	14.642089	166.596735	13.272432	164.908085	11.850323	162.755159	10.379662	159.909498	8.870472	155.971762	7.346220	150.193940	5.862777	141.080473	4.560360	125.655424	3.775192	100.076412	3.983842	68.868417
960.708310	26.526456	174.430886	25.652145	174.063240	24.742380	173.660706	23.795385	173.217317	22.809276	172.725648	21.782079	172.176241	20.711742	171.556919	19.596158	170.851705	18.433211	170.039277	17.220846	169.090406	15.957209	167.964159	14.640850	166.601313	13.271131	164.913071	11.848952	162.760603	10.378210	159.915433	8.868925	155.978159	7.344560	150.200507	5.860985	141.086109	4.558463	125.656479	3.773434	100.065148	3.982715	68.846221
961.070560	26.525704	174.433017	25.651357	174.065504	24.741556	173.663111	23.794523	173.219874	22.808375	172.728375	21.781138	172.179157	20.710758	171.560041	19.595129	170.855053	18.432135	170.042875	17.219721	169.094293	15.956031	167.968364	14.639615	166.605886	13.269832	164.918055	11.847584	162.766044	10.376761	159.921368	8.867382	155.984552	7.342903	150.207075	5.859197	141.091752	4.556570	125.657552	3.771678	100.053914	3.981590	68.824066
961.432680	26.524954	174.435145	25.650571	174.067765	24.740734	173.665511	23.793665	173.222432	22.807476	172.731099	21.780199	172.182070	20.709777	171.563160	19.594103	170.858397	18.431062	170.046468	17.218599	169.098174	15.954857	167.972571	14.638383	166.610452	13.268539	164.923035	11.846220	162.771481	10.375317	159.927305	8.865843	155.990942	7.341250	150.213645	5.857413	141.097407	4.554681	125.658648	3.769926	100.042726	3.980466	68.801968
961.794680	26.524205	174.437271	25.649787	174.070024	24.739914	173.667907	23.792808	173.224990	22.806580	172.733822	21.779263	172.184980	20.708798	171.566275	19.593081	170.861738	18.429992	170.050058	17.217480	169.102050	15.953685	167.976775	14.637155	166.615012	13.267248	164.928011	11.844859	162.776917	10.373877	159.933238	8.864308	155.997326	7.339602	150.220214	5.855633	141.103067	4.552796	125.659756	3.768177	100.031562	3.979345	68.779906
962.156620	26.523457	174.439398	25.649004	174.072280	24.739096	173.670303	23.791952	173.227546	22.805685	172.736546	21.778327	172.187889	20.707821	171.569383	19.592059	170.865077	18.428924	170.053648	17.216362	169.105924	15.952514	167.980970	14.635928	166.619572	13.265959	164.932983	11.843500	162.782350	10.372437	159.939162	8.862774	156.003706	7.337954	150.226778	5.853854	141.108725	4.550912	125.660863	3.766429	100.020397	3.978225	68.757849
962.518430	26.522710	174.441525	25.648222	174.074534	24.738278	173.672700	23.791096	173.230099	22.804790	172.739269	21.777392	172.190794	20.706844	171.572486	19.591037	170.868414	18.427856	170.057237	17.215246	169.109796	15.951344	167.985155	14.634702	166.624130	13.264670	164.937948	11.842141	162.787780	10.370999	159.945076	8.861242	156.010079	7.336308	150.233333	5.852077	141.114376	4.549029	125.661961	3.764684	100.009222	3.977107	68.735791
962.880130	26.521963	174.443648	25.647441	174.076785	24.737461	173.675095	23.790240	173.232647	22.803896	172.741989	21.776458	172.193696	20.705868	171.575586	19.590016	170.871746	18.426788	170.060824	17.214130	169.113663	15.950175	167.989337	14.633476	166.628681	13.263383	164.942908	11.840784	162.793202	10.369561	159.950984	8.859710	156.016446	7.334663	150.239881	5.850301	141.120019	4.547149	125.663053	3.762940	99.998039	3.975991	68.713737
963.241700	26.521216	174.445766	25.646660	174.079031	24.736644	173.677487	23.789386	173.235188	22.803004	172.744703	21.775524	172.196590	20.704892	171.578687	19.588997	170.875072	18.425722	170.064405	17.213015	169.117524	15.949008	167.993520	14.632252	166.633223	13.262096	164.947860	11.839428	162.798616	10.368125	159.956890	8.858181	156.022807	7.333020	150.246421	5.848528	141.125651	4.545271	125.664141	3.761200	99.986852	3.974878	68.691695
963.603210	26.520470	174.447878	25.645879	174.081276	24.735827	173.679875	23.788532	173.237725	22.802112	172.747411	21.774591	172.199480	20.703916	171.581789	19.587978	170.878392	18.424657	170.067981	17.211900	169.121380	15.947841	167.997703	14.631028	166.637756	13.260810	164.952808	11.838073	162.804022	10.366691	159.962795	8.856652	156.029162	7.331378	150.252954	5.846755	141.131273	4.543394	125.665222	3.759461	99.975653	3.973766	68.669653
963.964600	26.519724	174.449988	25.645098	174.083520	24.735010	173.682261	23.787678	173.240261	22.801219	172.750116	21.773658	172.202369	20.702941	171.584887	19.586959	170.881709	18.423591	170.071550	17.210785	169.125233	15.946674	168.001880	14.629804	166.642287	13.259524	164.957753	11.836718	162.809423	10.365257	159.968692	8.855124	156.035511	7.329737	150.259478	5.844984	141.136887	4.541519	125.666286	3.757723	99.964434	3.972657	68.647601
964.325870	26.518978	174.452099	25.644316	174.085766	24.734193	173.684645	23.786824	173.242796	22.800326	172.752819	21.772725	172.205259	20.701965	171.587978	19.585939	170.885024	18.422526	170.075113	17.209670	169.129083	15.945507	168.006046	14.628580	166.646820	13.258238	164.962694	11.835362	162.814822	10.363822	159.974578	8.853595	156.041853	7.328096	150.265994	5.843212	141.142492	4.539644	125.667329	3.755987	99.953187	3.971549	68.625529
964.687070	26.518233	174.454211	25.643536	174.088010	24.733377	173.687026	23.785970	173.245332	22.799434	172.755520	21.771793	172.208148	20.700990	171.591064	19.584921	170.888337	18.421461	170.078673	17.208555	169.132931	15.944340	168.010205	14.627358	166.651352	13.256953	164.967633	11.834008	162.820218	10.362388	159.980457	8.852068	156.048191	7.326456	150.272507	5.841442	141.148096	4.537770	125.668367	3.754253	99.941937	3.970444	68.603462
965.048160	26.517489	174.456320	25.642758	174.090249	24.732564	173.689404	23.785120	173.247866	22.798543	172.758218	21.770863	172.211032	20.700019	171.594146	19.583905	170.891646	18.420399	170.082232	17.207444	169.136773	15.943177	168.014364	14.626139	166.655876	13.255672	164.972567	11.832657	162.825609	10.360959	159.986334	8.850544	156.054525	7.324820	150.279021	5.839676	141.153702	4.535900	125.669424	3.752521	99.930720	3.969340	68.581439
965.409120	26.516748	174.458426	25.641984	174.092481	24.731752	173.691779	23.784272	173.250396	22.797657	172.760913	21.769936	172.213910	20.699050	171.597226	19.582893	170.894952	18.419341	170.085791	17.206337	169.140609	15.942018	168.018525	14.624924	166.660389	13.254396	164.977494	11.831311	162.830993	10.359533	159.992213	8.849026	156.060856	7.323190	150.285539	5.837915	141.159314	4.534035	125.670510	3.750793	99.919553	3.968238	68.559482
965.770020	26.516008	174.460529	25.641211	174.094710	24.730943	173.694152	23.783426	173.252923	22.796773	172.763605	21.769011	172.216783	20.698084	171.600304	19.581883	170.898256	18.418285	170.089349	17.205233	169.144441	15.940862	168.022683	14.623711	166.664897	13.253122	164.982416	11.829969	162.836373	10.358111	159.998089	8.847510	156.067183	7.321563	150.292055	5.836157	141.164928	4.532173	125.671608	3.749068	99.908404	3.967137	68.537554
966.130800	26.515269	174.462629	25.640438	174.096938	24.730134	173.696522	23.782580	173.255447	22.795888	172.766295	21.768086	172.219653	20.697118	171.603379	19.580874	170.901557	18.417229	170.092902	17.204128	169.148269	15.939706	168.026833	14.622498	166.669404	13.251848	164.987332	11.828626	162.841745	10.356689	160.003957	8.845996	156.073504	7.319936	150.298561	5.834400	141.170535	4.530312	125.672692	3.747344	99.897238	3.966039	68.515619
966.491460	26.514530	174.464727	25.639664	174.099169	24.729325	173.698890	23.781734	173.257968	22.795003	172.768981	21.767161	172.222521	20.696152	171.606450	19.579864	170.904855	18.416173	170.096448	17.203024	169.152095	15.938549	168.030972	14.621286	166.673913	13.250574	164.992242	11.827284	162.847112	10.355268	160.009815	8.844481	156.079817	7.318309	150.305055	5.832644	141.176135	4.528452	125.673758	3.745622	99.886047	3.964943	68.493668
966.851990	26.513793	174.466822	25.638892	174.101397	24.728517	173.701255	23.780888	173.260486	22.794120	172.771665	21.766238	172.225387	20.695187	171.609519	19.578855	170.908149	18.415118	170.099988	17.201921	169.155917	15.937394	168.035106	14.620075	166.678418	13.249302	164.997148	11.825943	162.852474	10.353849	160.015665	8.842969	156.086125	7.316685	150.311544	5.830890	141.181734	4.526595	125.674825	3.743901	99.874865	3.963848	68.471737
967.212460	26.513058	174.468915	25.638121	174.103619	24.727712	173.703617	23.780046	173.263004	22.793239	172.774346	21.765318	172.228250	20.694225	171.612587	19.577850	170.911438	18.414067	170.103523	17.200822	169.159737	15.936243	168.039242	14.618868	166.682919	13.248034	165.002050	11.824607	162.857834	10.352434	160.021513	8.841461	156.092433	7.315065	150.318037	5.829140	141.187343	4.524741	125.675918	3.742184	99.863726	3.962755	68.449857
967.572810	26.512325	174.471006	25.637353	174.105834	24.726909	173.705977	23.779206	173.265518	22.792362	172.777024	21.764401	172.231110	20.693266	171.615651	19.576848	170.914721	18.413019	170.107053	17.199726	169.163554	15.935096	168.043378	14.617665	166.687413	13.246770	165.006950	11.823274	162.863190	10.351023	160.027358	8.839957	156.098741	7.313449	150.324533	5.827395	141.192959	4.522891	125.677033	3.740470	99.852630	3.961663	68.428029
967.933040	26.511592	174.473092	25.636586	174.108047	24.726107	173.708333	23.778368	173.268028	22.791486	172.779700	21.763485	172.233966	20.692309	171.618710	19.575847	170.918001	18.411973	170.110581	17.198632	169.167367	15.933950	168.047511	14.616464	166.691900	13.245508	165.011846	11.821943	162.868542	10.349614	160.033200	8.838455	156.105045	7.311836	150.331024	5.825652	141.198572	4.521044	125.678153	3.738759	99.841541	3.960572	68.406222
968.293210	26.510859	174.475176	25.635821	174.110262	24.725306	173.710687	23.777530	173.270532	22.790610	172.782373	21.762570	172.236819	20.691352	171.621763	19.574846	170.921278	18.410928	170.114111	17.197539	169.171179	15.932804	168.051638	14.615263	166.696383	13.244246	165.016741	11.820613	162.873892	10.348205	160.039038	8.836954	156.111344	7.310223	150.337507	5.823910	141.204178	4.519198	125.679262	3.737049	99.830433	3.959484	68.384409
968.653200	26.510128	174.477257	25.635056	174.112477	24.724506	173.713037	23.776693	173.273030	22.789736	172.785043	21.761655	172.239670	20.690397	171.624811	19.573848	170.924552	18.409884	170.117638	17.196447	169.174986	15.931661	168.055757	14.614064	166.700860	13.242986	165.021630	11.819285	162.879237	10.346799	160.044872	8.835456	156.117639	7.308614	150.343986	5.822170	141.209782	4.517355	125.680374	3.735341	99.819333	3.958398	68.362617
969.013180	26.509399	174.479339	25.634295	174.114690	24.723709	173.715388	23.775860	173.275527	22.788865	172.787711	21.760745	172.242520	20.689445	171.627859	19.572853	170.927824	18.408844	170.121162	17.195358	169.178789	15.930521	168.059874	14.612869	166.705334	13.241730	165.026516	11.817962	162.884580	10.345397	160.050705	8.833961	156.123934	7.307008	150.350473	5.820436	141.215401	4.515516	125.681516	3.733637	99.808282	3.957312	68.340881
969.372990	26.508675	174.481422	25.633538	174.116900	24.722916	173.717739	23.775031	173.278026	22.787998	172.790375	21.759839	172.245371	20.688498	171.630907	19.571864	170.931092	18.407809	170.124677	17.194275	169.182586	15.929388	168.063988	14.611680	166.709804	13.240481	165.031393	11.816645	162.889918	10.344002	160.056536	8.832474	156.130227	7.305410	150.356971	5.818707	141.221040	4.513683	125.682703	3.731936	99.797313	3.956228	68.319234
969.732730	26.507954	174.483503	25.632782	174.119106	24.722126	173.720089	23.774205	173.280524	22.787133	172.793037	21.758936	172.248221	20.687554	171.633954	19.570878	170.934358	18.406778	170.128189	17.193196	169.186378	15.928258	168.068100	14.610495	166.714272	13.239235	165.036266	11.815331	162.895254	10.342611	160.062366	8.830991	156.136519	7.303815	150.363474	5.816983	141.226689	4.511853	125.683912	3.730238	99.786385	3.955145	68.297635
970.092350	26.507233	174.485578	25.632027	174.121308	24.721336	173.722433	23.773380	173.283020	22.786269	172.795696	21.758034	172.251066	20.686611	171.636995	19.569892	170.937621	18.405747	170.131700	17.192117	169.190167	15.927129	168.072206	14.609311	166.718736	13.237990	165.041137	11.814019	162.900585	10.341221	160.068192	8.829508	156.142803	7.302222	150.369967	5.815261	141.232327	4.510026	125.685113	3.728543	99.775445	3.954064	68.276036
970.451840	26.506510	174.487648	25.631270	174.123508	24.720545	173.724771	23.772553	173.285512	22.785405	172.798352	21.757131	172.253905	20.685666	171.640030	19.568904	170.940880	18.404715	170.135213	17.191037	169.193954	15.925998	168.076305	14.608125	166.723198	13.236744	165.046005	11.812705	162.905909	10.339830	160.074011	8.828025	156.149077	7.300628	150.376442	5.813537	141.237945	4.508197	125.686283	3.726848	99.764458	3.952985	68.254404
970.811280	26.505786	174.489714	25.630512	174.125707	24.719753	173.727107	23.771724	173.288001	22.784539	172.801006	21.756225	172.256738	20.684720	171.643061	19.567914	170.944137	18.403681	170.138723	17.189955	169.197737	15.924865	168.080400	14.606937	166.727657	13.235496	165.050870	11.811389	162.911228	10.338436	160.079822	8.826540	156.155343	7.299032	150.382903	5.811813	141.243543	4.506369	125.687420	3.725153	99.753420	3.951909	68.232731
971.170590	26.505061	174.491780	25.629754	174.127906	24.718959	173.729442	23.770894	173.290487	22.783672	172.803657	21.755318	172.259566	20.683773	171.646093	19.566923	170.947392	18.402645	170.142226	17.188872	169.201515	15.923731	168.084493	14.605748	166.732110	13.234247	165.055725	11.810073	162.916537	10.337042	160.085622	8.825054	156.161600	7.297436	150.389353	5.810088	141.249121	4.504540	125.688525	3.723460	99.742336	3.950836	68.211026
971.529790	26.504336	174.493848	25.628995	174.130105	24.718165	173.731779	23.770063	173.292971	22.782804	172.806306	21.754410	172.262389	20.682824	171.649124	19.565932	170.950644	18.401609	170.145718	17.187788	169.205287	15.922596	168.088583	14.604559	166.736557	13.232997	165.060572	11.808755	162.921838	10.335646	160.091412	8.823568	156.167851	7.295839	150.395795	5.808363	141.254685	4.502711	125.689606	3.721769	99.731219	3.949765	68.189301
971.888850	26.503611	174.495913	25.628236	174.132301	24.717372	173.734112	23.769233	173.295451	22.781936	172.808951	21.753503	172.265210	20.681876	171.652154	19.564942	170.953891	18.400573	170.149205	17.186706	169.209054	15.921463	168.092669	14.603371	166.740997	13.231748	165.065412	11.807439	162.927133	10.334252	160.097194	8.822082	156.174093	7.294243	150.402230	5.806639	141.260242	4.500885	125.690682	3.720080	99.720099	3.948696	68.167584
972.247860	26.502888	174.497975	25.627480	174.134492	24.716581	173.736439	23.768405	173.297930	22.781070	172.811593	21.752599	172.268031	20.680931	171.655179	19.563954	170.957133	18.399540	170.152690	17.185626	169.212819	15.920331	168.096750	14.602184	166.745433	13.230502	165.070250	11.806125	162.932427	10.332861	160.102975	8.820600	156.180331	7.292651	150.408661	5.804918	141.265803	4.499061	125.691770	3.718392	99.709000	3.947628	68.145897
972.606750	26.502166	174.500033	25.626725	174.136678	24.715791	173.738760	23.767580	173.300406	22.780207	172.814233	21.751697	172.270851	20.679989	171.658197	19.562969	170.960369	18.398511	170.156173	17.184549	169.216582	15.919203	168.100824	14.601001	166.749863	13.229259	165.075086	11.804815	162.937718	10.331474	160.108753	8.819121	156.186563	7.291062	150.415089	5.803201	141.271370	4.497242	125.692876	3.716708	99.697933	3.946562	68.124251
972.965580	26.501446	174.502091	25.625972	174.138860	24.715003	173.741079	23.766757	173.302879	22.779346	172.816870	21.750797	172.273671	20.679049	171.661210	19.561986	170.963603	18.397483	170.159654	17.183474	169.220342	15.918078	168.104896	14.599821	166.754290	13.228020	165.079919	11.803508	162.943005	10.330090	160.114528	8.817646	156.192792	7.289477	150.421517	5.801487	141.276946	4.495425	125.693998	3.715026	99.686894	3.945497	68.102642
973.324220	26.500729	174.504150	25.625221	174.141038	24.714218	173.743400	23.765936	173.305349	22.778488	172.819504	21.749900	172.276487	20.678112	171.664217	19.561006	170.966833	18.396459	170.163132	17.182402	169.224100	15.916955	168.108963	14.598644	166.758714	13.226783	165.084749	11.802204	162.948284	10.328709	160.120298	8.816175	156.199019	7.287896	150.427944	5.799778	141.282528	4.493612	125.695136	3.713347	99.675888	3.944434	68.081075
973.682800	26.500014	174.506209	25.624472	174.143216	24.713434	173.745720	23.765117	173.307817	22.777632	172.822137	21.749006	172.279300	20.677176	171.667220	19.560028	170.970062	18.395436	170.166606	17.181332	169.227854	15.915835	168.113028	14.597470	166.763136	13.225549	165.089576	11.800903	162.953558	10.327332	160.126065	8.814706	156.205245	7.286317	150.434373	5.798071	141.288115	4.491802	125.696286	3.711671	99.664903	3.943372	68.059537
974.041260	26.499300	174.508262	25.623724	174.145393	24.712652	173.748039	23.764299	173.310282	22.776778	172.824765	21.748112	172.282107	20.676243	171.670222	19.559052	170.973287	18.394416	170.170077	17.180264	169.231602	15.914717	168.117091	14.596298	166.767552	13.224317	165.094397	11.799605	162.958827	10.325957	160.131828	8.813240	156.211471	7.284742	150.440803	5.796368	141.293703	4.489994	125.697445	3.709996	99.653935	3.942312	68.038029
974.399660	26.498587	174.510309	25.622978	174.147570	24.711871	173.750354	23.763482	173.312744	22.775924	172.827392	21.747220	172.284909	20.675310	171.673224	19.558078	170.976510	18.393396	170.173546	17.179199	169.235346	15.913601	168.121151	14.595128	166.771963	13.223088	165.099211	11.798309	162.964095	10.324584	160.137589	8.811777	156.217696	7.283169	150.447236	5.794667	141.299291	4.488189	125.698612	3.708324	99.642978	3.941253	68.016544
974.757930	26.497875	174.512353	25.622233	174.149746	24.711092	173.752666	23.762667	173.315204	22.775073	172.830015	21.746330	172.287707	20.674380	171.676226	19.557106	170.979729	18.392379	170.177011	17.178135	169.239084	15.912487	168.125207	14.593960	166.776368	13.221860	165.104020	11.797015	162.969360	10.323214	160.143345	8.810315	156.223917	7.281598	150.453665	5.792968	141.304878	4.486386	125.699786	3.706655	99.632035	3.940196	67.995086
975.116090	26.497165	174.514395	25.621490	174.151919	24.710315	173.754976	23.761853	173.317660	22.774223	172.832637	21.745441	172.290504	20.673451	171.679225	19.556136	170.982945	18.391364	170.180474	17.177074	169.242818	15.911376	168.129258	14.592794	166.780769	13.220635	165.108827	11.795724	162.974621	10.321846	160.149095	8.808856	156.230133	7.280030	150.460090	5.791273	141.310467	4.484587	125.700968	3.704988	99.621109	3.939140	67.973653
975.474120	26.496456	174.516439	25.620748	174.154089	24.709540	173.757284	23.761042	173.320113	22.773374	172.835256	21.744555	172.293301	20.672524	171.682220	19.555167	170.986158	18.390352	170.183935	17.176014	169.246550	15.910267	168.133303	14.591631	166.785168	13.219412	165.113631	11.794435	162.979879	10.320480	160.154839	8.807400	156.236342	7.278465	150.466506	5.789580	141.316058	4.482790	125.702156	3.703323	99.610199	3.938086	67.952243
975.832090	26.495747	174.518482	25.620006	174.156256	24.708765	173.759587	23.760231	173.322565	22.772526	172.837871	21.743669	172.296098	20.671598	171.685212	19.554199	170.989369	18.389340	170.187391	17.174956	169.250280	15.909159	168.137343	14.590469	166.789564	13.218191	165.118432	11.793147	162.985132	10.319117	160.160578	8.805946	156.242545	7.276901	150.472916	5.787890	141.321646	4.480996	125.703342	3.701660	99.599290	3.937034	67.930845
976.189940	26.495039	174.520523	25.619266	174.158421	24.707990	173.761884	23.759421	173.325017	22.771680	172.840480	21.742784	172.298892	20.670673	171.688202	19.553232	170.992578	18.388330	170.190842	17.173897	169.254008	15.908051	168.141376	14.589308	166.793958	13.216970	165.123226	11.791860	162.990380	10.317754	160.166312	8.804493	156.248742	7.275339	150.479321	5.786200	141.327225	4.479202	125.704519	3.699998	99.588374	3.935984	67.909451
976.547730	26.494332	174.522560	25.618526	174.160584	24.707214	173.764177	23.758611	173.327470	22.770833	172.843085	21.741898	172.301683	20.669747	171.691190	19.552264	170.995784	18.387319	170.194288	17.172839	169.257733	15.906944	168.145405	14.588147	166.798348	13.215750	165.128015	11.790574	162.995622	10.316391	160.172041	8.803040	156.254935	7.273777	150.485721	5.784511	141.332792	4.477410	125.705683	3.698339	99.577438	3.934936	67.888050
976.905330	26.493624	174.524593	25.617786	174.162744	24.706439	173.766468	23.757802	173.329918	22.769986	172.845686	21.741013	172.304469	20.668822	171.694173	19.551297	170.998985	18.386308	170.197728	17.171781	169.261452	15.905836	168.149431	14.586986	166.802734	13.214530	165.132798	11.789288	163.000858	10.315029	160.177762	8.801588	156.261120	7.272216	150.492114	5.782823	141.338345	4.475618	125.706829	3.696681	99.566482	3.933891	67.866642
977.262880	26.492916	174.526624	25.617045	174.164901	24.705664	173.768763	23.756991	173.332362	22.769139	172.848288	21.740127	172.307251	20.667896	171.697151	19.550329	171.002181	18.385296	170.201167	17.170723	169.265165	15.904728	168.153458	14.585824	166.807114	13.213309	165.137579	11.788001	163.006088	10.313666	160.183477	8.800136	156.267298	7.270655	150.498499	5.781135	141.343887	4.473827	125.707959	3.695024	99.555496	3.932847	67.845212
977.620300	26.492209	174.528653	25.616304	174.167056	24.704890	173.771061	23.756181	173.334800	22.768292	172.850890	21.739242	172.310027	20.666971	171.700124	19.549363	171.005372	18.384284	170.204604	17.169667	169.268873	15.903622	168.157484	14.584663	166.811489	13.212089	165.142358	11.786715	163.011313	10.312305	160.189186	8.798685	156.273471	7.269096	150.504880	5.779448	141.349424	4.472038	125.709086	3.693370	99.544507	3.931805	67.823789
977.977660	26.491503	174.530680	25.615565	174.169208	24.704117	173.773356	23.755373	173.337235	22.767448	172.853491	21.738359	172.312800	20.666049	171.703093	19.548398	171.008560	18.383276	170.208037	17.168613	169.272580	15.902518	168.161507	14.583505	166.815859	13.210873	165.147132	11.785433	163.016535	10.310947	160.194894	8.797237	156.279643	7.267540	150.511259	5.777765	141.354969	4.470252	125.710231	3.691718	99.533550	3.930764	67.802406
978.334840	26.490800	174.532705	25.614830	174.171356	24.703348	173.775643	23.754569	173.339668	22.766607	172.856087	21.737480	172.315569	20.665130	171.706057	19.547438	171.011744	18.382273	170.211467	17.167563	169.276288	15.901419	168.165523	14.582353	166.820222	13.209662	165.151899	11.784156	163.021752	10.309594	160.200601	8.795795	156.285814	7.265990	150.517639	5.776088	141.360529	4.468472	125.711410	3.690070	99.522657	3.929724	67.781099
978.692020	26.490099	174.534727	25.614097	174.173502	24.702581	173.777926	23.753768	173.342099	22.765770	172.858681	21.736605	172.318337	20.664215	171.709022	19.546481	171.014927	18.381273	170.214895	17.166516	169.279996	15.900323	168.169534	14.581204	166.824582	13.208455	165.156662	11.782883	163.026968	10.308245	160.206309	8.794357	156.291985	7.264443	150.524022	5.774415	141.366102	4.466695	125.712615	3.688424	99.511807	3.928686	67.759842
979.049010	26.489400	174.536746	25.613366	174.175649	24.701816	173.780205	23.752968	173.344526	22.764934	172.861272	21.735731	172.321104	20.663302	171.711985	19.545527	171.018106	18.380276	170.218320	17.165472	169.283695	15.899230	168.173538	14.580058	166.828937	13.207251	165.161420	11.781613	163.032179	10.306899	160.212009	8.792922	156.298148	7.262900	150.530402	5.772745	141.371676	4.464922	125.713827	3.686780	99.500977	3.927649	67.738617
979.405940	26.488702	174.538761	25.612635	174.177796	24.701052	173.782483	23.752169	173.346950	22.764099	172.863860	21.734858	172.323872	20.662389	171.714949	19.544574	171.021283	18.379279	170.221743	17.164429	169.287385	15.898138	168.177538	14.578912	166.833289	13.206047	165.166177	11.780343	163.037388	10.305555	160.217703	8.791488	156.304304	7.261358	150.536780	5.771077	141.377247	4.463149	125.715037	3.685139	99.490144	3.926613	67.717396
979.762760	26.488006	174.540775	25.611906	174.179942	24.700290	173.784758	23.751371	173.349372	22.763265	172.866446	21.733987	172.326639	20.661478	171.717912	19.543622	171.024457	18.378283	170.225162	17.163387	169.291069	15.897047	168.181534	14.577768	166.837639	13.204845	165.170930	11.779076	163.042593	10.304213	160.223392	8.790056	156.310455	7.259819	150.543156	5.769411	141.382816	4.461379	125.716248	3.683499	99.479313	3.925580	67.696189
980.119450	26.487310	174.542788	25.611178	174.182082	24.699528	173.787031	23.750574	173.351795	22.762432	172.869029	21.733117	172.329400	20.660569	171.720869	19.542672	171.027628	18.377288	170.228574	17.162347	169.294752	15.895958	168.185526	14.576626	166.841986	13.203644	165.175677	11.777811	163.047792	10.302872	160.229077	8.788627	156.316605	7.258281	150.549528	5.767747	141.388385	4.459611	125.717464	3.681862	99.468493	3.924548	67.675007
980.476010	26.486616	174.544802	25.610452	174.184215	24.698768	173.789300	23.749780	173.354217	22.761601	172.871609	21.732248	172.332155	20.659662	171.723819	19.541723	171.030795	18.376295	170.231981	17.161309	169.298436	15.894870	168.189515	14.575486	166.846330	13.202446	165.180419	11.776548	163.052984	10.301534	160.234759	8.787200	156.322755	7.256747	150.555896	5.766086	141.393954	4.457846	125.718686	3.680227	99.457685	3.923517	67.653850
980.832520	26.485922	174.546815	25.609726	174.186346	24.698008	173.791568	23.748986	173.356638	22.760770	172.874187	21.731380	172.334906	20.658755	171.726766	19.540775	171.033960	18.375304	170.235385	17.160271	169.302119	15.893784	168.193502	14.574347	166.850670	13.201249	165.185155	11.775286	163.058172	10.300197	160.240437	8.785775	156.328902	7.255213	150.562259	5.764426	141.399519	4.456083	125.719905	3.678594	99.446873	3.922489	67.632698
981.188900	26.485228	174.548825	25.609000	174.188477	24.697248	173.793835	23.748192	173.359052	22.759940	172.876761	21.730512	172.337653	20.657848	171.729709	19.539826	171.037122	18.374313	170.238789	17.159235	169.305796	15.892698	168.197485	14.573209	166.855003	13.200052	165.189885	11.774024	163.063354	10.298860	160.246108	8.784350	156.335039	7.253681	150.568616	5.762767	141.405072	4.454321	125.721111	3.676962	99.436047	3.921462	67.611540
981.545230	26.484534	174.550832	25.608273	174.190609	24.696489	173.796103	23.747398	173.361460	22.759109	172.879334	21.729645	172.340399	20.656941	171.732651	19.538878	171.040282	18.373322	170.242193	17.158199	169.309467	15.891613	168.201465	14.572070	166.859332	13.198856	165.194611	11.772763	163.068532	10.297524	160.251775	8.782925	156.341168	7.252149	150.574967	5.761109	141.410617	4.452560	125.722307	3.675332	99.425208	3.920437	67.590375
981.901370	26.483842	174.552836	25.607547	174.192739	24.695732	173.798369	23.746605	173.363865	22.758280	172.881903	21.728779	172.343143	20.656035	171.735590	19.537932	171.043438	18.372333	170.245595	17.157164	169.313133	15.890529	168.205442	14.570934	166.863656	13.197661	165.199331	11.771503	163.073703	10.296190	160.257435	8.781502	156.347289	7.250619	150.581312	5.759454	141.416159	4.450802	125.723505	3.673704	99.414380	3.919414	67.569235
982.257510	26.483150	174.554839	25.606825	174.194867	24.694975	173.800633	23.745814	173.366273	22.757453	172.884470	21.727914	172.345888	20.655132	171.738528	19.536987	171.046593	18.371345	170.248992	17.156131	169.316798	15.889447	168.209417	14.569800	166.867979	13.196470	165.204050	11.770247	163.078869	10.294859	160.263096	8.780083	156.353409	7.249092	150.587656	5.757801	141.421705	4.449046	125.724718	3.672079	99.403575	3.918392	67.548126
982.613460	26.482460	174.556838	25.606104	174.196991	24.694220	173.802894	23.745024	173.368681	22.756628	172.887034	21.727052	172.348632	20.654232	171.741462	19.536045	171.049744	18.370360	170.252382	17.155101	169.320460	15.888369	168.213388	14.568669	166.872298	13.195282	165.208764	11.768993	163.084029	10.293531	160.268751	8.778666	156.359525	7.247569	150.593996	5.756152	141.427252	4.447293	125.725940	3.670456	99.392791	3.917372	67.527054
982.969300	26.481771	174.558834	25.605384	174.199112	24.693466	173.805150	23.744235	173.371085	22.755804	172.889595	21.726190	172.351372	20.653332	171.744392	19.535104	171.052891	18.369376	170.255766	17.154071	169.324117	15.887291	168.217355	14.567539	166.876612	13.194094	165.213476	11.767741	163.089185	10.292204	160.274400	8.777251	156.365638	7.246046	150.600330	5.754504	141.432795	4.445542	125.727159	3.668836	99.382004	3.916354	67.505991
983.325070	26.481083	174.560827	25.604663	174.201231	24.692712	173.807400	23.743447	173.373482	22.754980	172.892154	21.725329	172.354106	20.652431	171.747315	19.534163	171.056032	18.368392	170.259146	17.153042	169.327768	15.886213	168.221317	14.566408	166.880920	13.192907	165.218185	11.766489	163.094338	10.290878	160.280040	8.775836	156.371748	7.244525	150.606657	5.752857	141.438329	4.443792	125.728366	3.667216	99.371199	3.915337	67.484918
983.680790	26.480395	174.562819	25.603942	174.203348	24.691958	173.809646	23.742659	173.375875	22.754156	172.894710	21.724468	172.356836	20.651530	171.750234	19.533222	171.059168	18.367409	170.262522	17.152013	169.331415	15.885136	168.225274	14.565279	166.885224	13.191719	165.222891	11.765237	163.099489	10.289552	160.285673	8.774422	156.377855	7.243004	150.612979	5.751211	141.443858	4.442043	125.729565	3.665598	99.360385	3.914322	67.463842
984.036320	26.479708	174.564809	25.603223	174.205462	24.691205	173.811890	23.741873	173.378265	22.753334	172.897264	21.723608	172.359561	20.650631	171.753151	19.532283	171.062301	18.366428	170.265893	17.150986	169.335058	15.884061	168.229224	14.564151	166.889523	13.190534	165.227592	11.763987	163.104637	10.288228	160.291301	8.773011	156.383954	7.241486	150.619298	5.749568	141.449387	4.440297	125.730767	3.663983	99.349582	3.913310	67.442789
984.391780	26.479022	174.566801	25.602504	174.207572	24.690455	173.814136	23.741088	173.380657	22.752513	172.899815	21.722750	172.362285	20.649735	171.756069	19.531346	171.065432	18.365448	170.269261	17.149961	169.338699	15.882988	168.233170	14.563025	166.893821	13.189351	165.232287	11.762740	163.109782	10.286907	160.296928	8.771602	156.390045	7.239971	150.625616	5.747927	141.454920	4.438553	125.731977	3.662370	99.338796	3.912298	67.421761
984.747130	26.478336	174.568791	25.601787	174.209681	24.689705	173.816381	23.740303	173.383049	22.751692	172.902363	21.721892	172.365007	20.648839	171.758987	19.530410	171.068561	18.364469	170.272628	17.148937	169.342337	15.881915	168.237111	14.561901	166.898115	13.188169	165.236977	11.761494	163.114922	10.285587	160.302550	8.770194	156.396128	7.238457	150.631928	5.746288	141.460447	4.436811	125.733181	3.660758	99.328005	3.911289	67.400739
985.102360	26.477650	174.570778	25.601069	174.211790	24.688955	173.818624	23.739517	173.385438	22.750871	172.904908	21.721033	172.367726	20.647942	171.761903	19.529473	171.071686	18.363488	170.275994	17.147911	169.345972	15.880842	168.241049	14.560776	166.902404	13.186986	165.241660	11.760248	163.120054	10.284266	160.308167	8.768786	156.402202	7.236942	150.638228	5.744648	141.465956	4.435070	125.734361	3.659148	99.317181	3.910282	67.379698
985.457520	26.476963	174.572763	25.600351	174.213900	24.688203	173.820864	23.738731	173.387824	22.750050	172.907451	21.720175	172.370443	20.647045	171.764816	19.528535	171.074809	18.362508	170.279361	17.146886	169.349604	15.879768	168.244984	14.559650	166.906687	13.185803	165.246339	11.759000	163.125176	10.282945	160.313776	8.767377	156.408270	7.235427	150.644517	5.743009	141.471450	4.433329	125.735521	3.657539	99.306325	3.909276	67.358640
985.812560	26.476278	174.574745	25.599634	174.216007	24.687453	173.823101	23.737947	173.390207	22.749231	172.909991	21.719318	172.373156	20.646150	171.767724	19.527599	171.077929	18.361529	170.282726	17.145863	169.353233	15.878696	168.248917	14.558527	166.910965	13.184623	165.251012	11.757756	163.130294	10.281627	160.319382	8.765972	156.414337	7.233916	150.650805	5.741373	141.476947	4.431592	125.736695	3.655932	99.295496	3.908272	67.337619
986.167480	26.475597	174.576724	25.598921	174.218108	24.686708	173.825333	23.737168	173.392587	22.748417	172.912528	21.718467	172.375867	20.645260	171.770626	19.526669	171.081045	18.360557	170.286084	17.144846	169.356858	15.877631	168.252846	14.557410	166.915240	13.183449	165.255683	11.756518	163.135411	10.280315	160.324987	8.764573	156.420408	7.232411	150.657104	5.739744	141.482468	4.429859	125.737923	3.654329	99.284755	3.907269	67.316691
986.522340	26.474920	174.578701	25.598213	174.220203	24.685967	173.827564	23.736394	173.394965	22.747607	172.915063	21.717621	172.378575	20.644375	171.773522	19.525745	171.084159	18.359591	170.289437	17.143835	169.360481	15.876572	168.256772	14.556299	166.919513	13.182282	165.260351	11.755287	163.140529	10.279011	160.330593	8.763181	156.426484	7.230914	150.663417	5.738122	141.488016	4.428133	125.739206	3.652730	99.274105	3.906266	67.295855
986.877010	26.474246	174.580676	25.597508	174.222296	24.685229	173.829793	23.735623	173.397340	22.746801	172.917595	21.716778	172.381279	20.643494	171.776416	19.524823	171.087269	18.358628	170.292784	17.142827	169.364101	15.875517	168.260694	14.555192	166.923782	13.181118	165.265015	11.754059	163.145643	10.277711	160.336194	8.761793	156.432557	7.229421	150.669732	5.736504	141.493573	4.426410	125.740509	3.651134	99.263493	3.905264	67.275069
987.231690	26.473572	174.582648	25.596802	174.224390	24.684491	173.832024	23.734850	173.399713	22.745993	172.920124	21.715935	172.383983	20.642612	171.779312	19.523902	171.090379	18.357664	170.296131	17.141818	169.367720	15.874461	168.264616	14.554084	166.928050	13.179954	165.269678	11.752832	163.150751	10.276410	160.341790	8.760406	156.438625	7.227927	150.676042	5.734886	141.499123	4.424688	125.741799	3.649539	99.252861	3.904264	67.254270
987.586180	26.472898	174.584618	25.596096	174.226484	24.683752	173.834254	23.734077	173.402082	22.745185	172.922651	21.715091	172.386683	20.641729	171.782207	19.522979	171.093486	18.356700	170.299475	17.140809	169.371336	15.873405	168.268533	14.552976	166.932313	13.178790	165.274336	11.751605	163.155852	10.275109	160.347379	8.759019	156.444684	7.226434	150.682340	5.733268	141.504657	4.422967	125.743066	3.647945	99.242199	3.903265	67.233459
987.940610	26.472224	174.586585	25.595390	174.228577	24.683014	173.836480	23.733304	173.404450	22.744377	172.925175	21.714247	172.389380	20.640847	171.785099	19.522056	171.096588	18.355736	170.302816	17.139800	169.374945	15.872349	168.272447	14.551869	166.936573	13.177626	165.278990	11.750379	163.160950	10.273809	160.352962	8.757632	156.450738	7.224941	150.688629	5.731651	141.510183	4.421247	125.744320	3.646353	99.231520	3.902269	67.212641
988.294920	26.471549	174.588548	25.594684	174.230668	24.682275	173.838700	23.732533	173.406814	22.743570	172.927697	21.713404	172.392074	20.639966	171.787985	19.521135	171.099683	18.354772	170.306150	17.138792	169.378545	15.871294	168.276354	14.550762	166.940826	13.176463	165.283639	11.749152	163.166046	10.272510	160.358540	8.756246	156.456787	7.223450	150.694908	5.730035	141.515701	4.419529	125.745569	3.644762	99.220835	3.901275	67.191829
988.649110	26.470874	174.590510	25.593979	174.232754	24.681537	173.840915	23.731762	173.409176	22.742764	172.930216	21.712561	172.394766	20.639085	171.790865	19.520215	171.102773	18.353809	170.309479	17.137785	169.382138	15.870239	168.280256	14.549656	166.945074	13.175301	165.288282	11.747926	163.171138	10.271211	160.364112	8.754861	156.462830	7.221959	150.701177	5.728421	141.521210	4.417811	125.746808	3.643174	99.210137	3.900283	67.171017
989.003230	26.470199	174.592471	25.593273	174.234837	24.680798	173.843129	23.730990	173.411536	22.741957	172.932732	21.711717	172.397455	20.638204	171.793742	19.519294	171.105863	18.352845	170.312805	17.136778	169.385729	15.869183	168.284155	14.548550	166.949319	13.174138	165.292919	11.746700	163.176224	10.269912	160.369680	8.753474	156.468866	7.220468	150.707439	5.726806	141.526707	4.416094	125.748027	3.641587	99.199411	3.899293	67.150185
989.357180	26.469524	174.594432	25.592567	174.236916	24.680059	173.845345	23.730217	173.413892	22.741149	172.935245	21.710873	172.400140	20.637322	171.796617	19.518372	171.108954	18.351882	170.316128	17.135769	169.389320	15.868128	168.288051	14.547443	166.953561	13.172975	165.297550	11.745473	163.181300	10.268612	160.375240	8.752088	156.474891	7.218978	150.713692	5.725192	141.532191	4.414378	125.749223	3.640001	99.188654	3.898305	67.129334
989.711120	26.468850	174.596393	25.591862	174.238995	24.679320	173.847560	23.729445	173.416246	22.740341	172.937756	21.710029	172.402825	20.636440	171.799491	19.517450	171.112044	18.350919	170.319450	17.134762	169.392913	15.867073	168.291945	14.546337	166.957801	13.171812	165.302178	11.744247	163.186370	10.267314	160.380796	8.750704	156.480911	7.217488	150.719945	5.723578	141.537674	4.412664	125.750420	3.638416	99.177900	3.897318	67.108493
990.064880	26.468179	174.598351	25.591160	174.241073	24.678586	173.849770	23.728676	173.418598	22.739538	172.940264	21.709189	172.405506	20.635562	171.802360	19.516533	171.115128	18.349961	170.322767	17.133758	169.396502	15.866023	168.295833	14.545235	166.962034	13.170654	165.306802	11.743027	163.191435	10.266020	160.386348	8.749325	156.486929	7.216004	150.726200	5.721971	141.543170	4.410954	125.751648	3.636835	99.167203	3.896332	67.087718
990.418580	26.467511	174.600306	25.590461	174.243153	24.677855	173.851974	23.727912	173.420948	22.738739	172.942770	21.708354	172.408184	20.634689	171.805226	19.515621	171.118207	18.349006	170.326083	17.132760	169.400088	15.864977	168.299715	14.544139	166.966262	13.169502	165.311425	11.741812	163.196498	10.264733	160.391897	8.747951	156.492948	7.214526	150.732460	5.720369	141.548684	4.409249	125.752921	3.635257	99.156579	3.895347	67.067024
990.772160	26.466845	174.602259	25.589764	174.245231	24.677127	173.854174	23.727149	173.423294	22.737943	172.945273	21.707521	172.410859	20.633818	171.808091	19.514711	171.121281	18.348055	170.329395	17.131765	169.403669	15.863934	168.303593	14.543046	166.970485	13.168353	165.316043	11.740600	163.201559	10.263450	160.397443	8.746581	156.498964	7.213051	150.738721	5.718771	141.554203	4.407547	125.754211	3.633682	99.145985	3.894364	67.046369
991.125610	26.466178	174.604209	25.589066	174.247303	24.676398	173.856373	23.726387	173.425637	22.737145	172.947772	21.706688	172.413532	20.632947	171.810955	19.513800	171.124351	18.347102	170.332704	17.130769	169.407245	15.862891	168.307468	14.541952	166.974706	13.167203	165.320654	11.739388	163.206616	10.262165	160.402985	8.745211	156.504972	7.211577	150.744973	5.717173	141.559710	4.405846	125.755483	3.632108	99.135364	3.893382	67.025701
991.479000	26.465511	174.606157	25.588367	174.249369	24.675668	173.858573	23.725623	173.427977	22.736347	172.950269	21.705854	172.416202	20.632076	171.813820	19.512889	171.127421	18.346149	170.336010	17.129772	169.410817	15.861847	168.311340	14.540858	166.978925	13.166053	165.325260	11.738175	163.211669	10.260879	160.408524	8.743839	156.510974	7.210101	150.751217	5.715574	141.565202	4.404145	125.756730	3.630534	99.124703	3.892403	67.005003
991.832280	26.464844	174.608101	25.587669	174.251432	24.674938	173.860772	23.724860	173.430316	22.735550	172.952764	21.705021	172.418869	20.631205	171.816682	19.511978	171.130488	18.345197	170.339313	17.128776	169.414384	15.860805	168.315210	14.539765	166.983139	13.164904	165.329862	11.736963	163.216719	10.259595	160.414059	8.742470	156.516972	7.208627	150.757458	5.713977	141.570692	4.402445	125.757980	3.628963	99.114050	3.891424	66.984324
992.185420	26.464181	174.610043	25.586975	174.253494	24.674212	173.862969	23.724101	173.432656	22.734756	172.955260	21.704191	172.421534	20.630338	171.819538	19.511072	171.133551	18.344249	170.342614	17.127785	169.417948	15.859768	168.319077	14.538676	166.987346	13.163760	165.334463	11.735756	163.221766	10.258316	160.419592	8.741105	156.522972	7.207159	150.763700	5.712385	141.576195	4.400751	125.759262	3.627395	99.103456	3.890447	66.963713
992.538510	26.463521	174.611983	25.586284	174.255558	24.673488	173.865163	23.723345	173.434995	22.733966	172.957756	21.703364	172.424196	20.629474	171.822389	19.510169	171.136612	18.343306	170.345912	17.126797	169.421510	15.858734	168.322941	14.537592	166.991548	13.162620	165.339066	11.734554	163.226810	10.257043	160.425121	8.739746	156.528974	7.205695	150.769945	5.710798	141.581713	4.399061	125.760578	3.625830	99.092919	3.889470	66.943167
992.891420	26.462863	174.613921	25.585594	174.257621	24.672766	173.867354	23.722591	173.437331	22.733178	172.960248	21.702540	172.426855	20.628612	171.825236	19.509268	171.139670	18.342365	170.349207	17.125812	169.425068	15.857702	168.326801	14.536510	166.995748	13.161483	165.343664	11.733354	163.231849	10.255773	160.430644	8.738389	156.534974	7.204234	150.776187	5.709214	141.587232	4.397374	125.761901	3.624268	99.082403	3.888496	66.922651
993.244320	26.462204	174.615859	25.584904	174.259681	24.672044	173.869541	23.721836	173.439662	22.732389	172.962736	21.701715	172.429512	20.627750	171.828080	19.508367	171.142725	18.341423	170.352500	17.124827	169.428626	15.856670	168.330659	14.535427	166.999949	13.160345	165.348258	11.732154	163.236883	10.254502	160.436163	8.737033	156.540970	7.202773	150.782424	5.707630	141.592740	4.395687	125.763209	3.622706	99.071859	3.887522	66.902115
993.597050	26.461544	174.617797	25.584214	174.261737	24.671322	173.871726	23.721082	173.441986	22.731600	172.965217	21.700890	172.432166	20.626887	171.830922	19.507465	171.145777	18.340480	170.355790	17.123841	169.432179	15.855638	168.334513	14.534344	167.004149	13.159207	165.352844	11.730954	163.241911	10.253230	160.441675	8.735676	156.546957	7.201312	150.788653	5.706047	141.598236	4.394001	125.764495	3.621146	99.061289	3.886551	66.881564
993.949710	26.460885	174.619734	25.583524	174.263791	24.670601	173.873910	23.720327	173.444310	22.730811	172.967695	21.700065	172.434818	20.626025	171.833762	19.506563	171.148826	18.339537	170.359075	17.122855	169.435728	15.854605	168.338364	14.533261	167.008344	13.158069	165.357425	11.729755	163.246934	10.251958	160.447183	8.734319	156.552935	7.199852	150.794874	5.704464	141.603724	4.392315	125.765771	3.619587	99.050704	3.885582	66.861009
994.302250	26.460226	174.621668	25.582835	174.265843	24.669880	173.876096	23.719572	173.446634	22.730021	172.970170	21.699241	172.437467	20.625164	171.836600	19.505663	171.151873	18.338596	170.362354	17.121871	169.439271	15.853574	168.342210	14.532180	167.012530	13.156932	165.362001	11.728557	163.251952	10.250688	160.452686	8.732964	156.558903	7.198394	150.801089	5.702882	141.609210	4.390632	125.767043	3.618030	99.040118	3.884614	66.840465
994.654660	26.459567	174.623598	25.582145	174.267891	24.669158	173.878280	23.718819	173.448959	22.729232	172.972643	21.698417	172.440112	20.624303	171.839435	19.504763	171.154917	18.337654	170.365629	17.120887	169.442809	15.852543	168.346050	14.531099	167.016707	13.155796	165.366573	11.727359	163.256964	10.249418	160.458183	8.731610	156.564860	7.196936	150.807295	5.701302	141.614687	4.388950	125.768306	3.616475	99.029521	3.883649	66.819922
995.007020	26.458907	174.625526	25.581455	174.269938	24.668437	173.880460	23.718064	173.451279	22.728442	172.975116	21.697593	172.442756	20.623442	171.842265	19.503863	171.157959	18.336712	170.368900	17.119901	169.446344	15.851511	168.349884	14.530017	167.020881	13.154659	165.371139	11.726160	163.261971	10.248148	160.463671	8.730255	156.570813	7.195478	150.813493	5.699722	141.620150	4.387267	125.769549	3.614921	99.018892	3.882685	66.799357
995.359190	26.458247	174.627452	25.580764	174.271981	24.667714	173.882634	23.717309	173.453592	22.727652	172.977590	21.696767	172.445396	20.622580	171.845089	19.502962	171.160998	18.335770	170.372169	17.118915	169.449876	15.850479	168.353712	14.528935	167.025052	13.153522	165.375698	11.724961	163.266970	10.246877	160.469148	8.728899	156.576760	7.194019	150.819681	5.698141	141.625592	4.385586	125.770769	3.613368	99.008230	3.881724	66.778772
995.711360	26.457588	174.629376	25.580075	174.274023	24.666993	173.884803	23.716555	173.455902	22.726864	172.980063	21.695943	172.448034	20.621719	171.847909	19.502062	171.164034	18.334829	170.375436	17.117930	169.453407	15.849448	168.357537	14.527854	167.029222	13.152387	165.380254	11.723763	163.271967	10.245609	160.474622	8.727545	156.582708	7.192563	150.825869	5.696563	141.631035	4.383906	125.771996	3.611816	98.997578	3.880764	66.758205
996.063350	26.456932	174.631296	25.579389	174.276063	24.666276	173.886971	23.715804	173.458210	22.726080	172.982530	21.695124	172.450669	20.620862	171.850727	19.501167	171.167064	18.333893	170.378700	17.116950	169.456934	15.848423	168.361360	14.526779	167.033389	13.151257	165.384806	11.722571	163.276961	10.244346	160.480097	8.726198	156.588656	7.191113	150.832064	5.694991	141.636499	4.382232	125.773266	3.610269	98.987004	3.879804	66.737724
996.415280	26.456281	174.633214	25.578708	174.278104	24.665564	173.889141	23.715059	173.460519	22.725302	172.984990	21.694310	172.453302	20.620012	171.853547	19.500278	171.170088	18.332964	170.381961	17.115978	169.460458	15.847404	168.365185	14.525711	167.037552	13.150134	165.389356	11.721387	163.281956	10.243091	160.485580	8.724859	156.594607	7.189670	150.838270	5.693426	141.641997	4.380564	125.774595	3.608725	98.976531	3.878845	66.717351
996.767090	26.455633	174.635129	25.578030	174.280144	24.664855	173.891310	23.714316	173.462827	22.724527	172.987448	21.693499	172.455932	20.619164	171.856366	19.499392	171.173110	18.332038	170.385219	17.115009	169.463979	15.846389	168.369007	14.524647	167.041711	13.149015	165.393903	11.720207	163.286949	10.241841	160.491063	8.723524	156.600556	7.188232	150.844479	5.691865	141.647509	4.378901	125.775952	3.607184	98.966110	3.877887	66.697036
997.118770	26.454985	174.637045	25.577352	174.282182	24.664145	173.893478	23.713574	173.465133	22.723752	172.989905	21.692689	172.458559	20.618317	171.859182	19.498507	171.176131	18.331112	170.388474	17.114041	169.467497	15.845375	168.372824	14.523584	167.045868	13.147896	165.398446	11.719028	163.291937	10.240591	160.496538	8.722190	156.606498	7.186795	150.850680	5.690306	141.653009	4.377239	125.777300	3.605645	98.955677	3.876930	66.676720
997.470400	26.454337	174.638963	25.576673	174.284218	24.663435	173.895643	23.712832	173.467436	22.722976	172.992364	21.691878	172.461184	20.617468	171.861994	19.497620	171.179153	18.330185	170.391728	17.113071	169.471013	15.844360	168.376636	14.522518	167.050022	13.146777	165.402986	11.717847	163.296919	10.239339	160.502003	8.720855	156.612434	7.185357	150.856869	5.688746	141.658491	4.375576	125.778622	3.604107	98.945202	3.875975	66.656370
997.821900	26.453688	174.640877	25.575995	174.286250	24.662725	173.897803	23.712090	173.469736	22.722199	172.994820	21.691066	172.463806	20.616619	171.864803	19.496733	171.182173	18.329258	170.394978	17.112101	169.474525	15.843345	168.380442	14.521453	167.054172	13.145658	165.407523	11.716667	163.301894	10.238088	160.507460	8.719519	156.618364	7.183919	150.863049	5.687187	141.663961	4.373914	125.779931	3.602570	98.934708	3.875022	66.636013
998.173280	26.453041	174.642787	25.575317	174.288275	24.662016	173.899956	23.711349	173.472034	22.721424	172.997271	21.690256	172.466425	20.615773	171.867610	19.495848	171.185187	18.328333	170.398221	17.111133	169.478032	15.842331	168.384246	14.520390	167.058318	13.144540	165.412057	11.715488	163.306863	10.236838	160.512911	8.718186	156.624291	7.182483	150.869226	5.685629	141.669432	4.372255	125.781241	3.601035	98.924220	3.874071	66.615676
998.524600	26.452394	174.644691	25.574640	174.290295	24.661308	173.902105	23.710609	173.474329	22.720650	172.999715	21.689447	172.469042	20.614928	171.870416	19.494964	171.188195	18.327409	170.401458	17.110166	169.481533	15.841319	168.388048	14.519328	167.062458	13.143424	165.416589	11.714311	163.311827	10.235591	160.518359	8.716855	156.630216	7.181050	150.875403	5.684074	141.674907	4.370597	125.782559	3.599502	98.913744	3.873121	66.595363
998.875730	26.451748	174.646591	25.573964	174.292314	24.660601	173.904253	23.709870	173.476621	22.719877	173.002157	21.688639	172.471656	20.614084	171.873217	19.494081	171.191198	18.326486	170.404693	17.109201	169.485030	15.840308	168.391845	14.518268	167.066592	13.142310	165.421114	11.713136	163.316787	10.234346	160.523801	8.715525	156.636135	7.179618	150.881575	5.682521	141.680377	4.368942	125.783875	3.597972	98.903274	3.872173	66.575069
999.226810	26.451102	174.648490	25.573288	174.294338	24.659894	173.906405	23.709130	173.478910	22.719105	173.004599	21.687831	172.474267	20.613240	171.876012	19.493199	171.194200	18.325564	170.407929	17.108237	169.488524	15.839297	168.395637	14.517208	167.070721	13.141196	165.425631	11.711961	163.321746	10.233101	160.529238	8.714197	156.642048	7.178188	150.887744	5.680970	141.685840	4.367288	125.785185	3.596442	98.892796	3.871227	66.554772
999.577820	26.450456	174.650391	25.572612	174.296364	24.659187	173.908559	23.708391	173.481197	22.718333	173.007041	21.687023	172.476876	20.612395	171.878801	19.492317	171.197200	18.324641	170.411164	17.107272	169.492017	15.838287	168.399424	14.516149	167.074845	13.140082	165.430141	11.710787	163.326702	10.231856	160.534670	8.712868	156.647953	7.176757	150.893907	5.679418	141.691291	4.365634	125.786480	3.594913	98.882299	3.870282	66.534463
999.928710	26.449809	174.652293	25.571936	174.298388	24.658479	173.910711	23.707650	173.483483	22.717559	173.009483	21.686214	172.479482	20.611550	171.881589	19.491434	171.200197	18.323718	170.414398	17.106306	169.495507	15.837276	168.403207	14.515089	167.078966	13.138968	165.434647	11.709612	163.331652	10.230610	160.540097	8.711539	156.653848	7.175326	150.900058	5.677866	141.696727	4.363982	125.787754	3.593386	98.871773	3.869339	66.514136
