400.248140	0.281613	0.651273	0.272837	0.658293	0.263791	0.665474	0.254475	0.672818	0.244890	0.680327	0.235042	0.688002	0.224933	0.695845	0.214577	0.703856	0.203986	0.712038	0.193178	0.720390	0.182180	0.728915	0.171025	0.737613	0.159757	0.746486	0.148430	0.755535	0.137117	0.764760	0.125908	0.774162	0.114914	0.783743	0.104284	0.793503	0.094196	0.803442	0.084883	0.813562	0.076636	0.823862
400.746060	0.280494	0.650451	0.271720	0.657483	0.262676	0.664676	0.253362	0.672033	0.243781	0.679555	0.233937	0.687244	0.223834	0.695102	0.213485	0.703127	0.202902	0.711325	0.192103	0.719693	0.181116	0.728236	0.169975	0.736951	0.158721	0.745843	0.147412	0.754910	0.136119	0.764155	0.124932	0.773578	0.113964	0.783180	0.103363	0.792961	0.093308	0.802924	0.084032	0.813066	0.075826	0.823391
401.243900	0.279395	0.649642	0.270622	0.656685	0.261580	0.663890	0.252269	0.671260	0.242692	0.678795	0.232852	0.686498	0.222755	0.694370	0.212412	0.702410	0.201837	0.710623	0.191048	0.719007	0.180072	0.727566	0.168943	0.736299	0.157705	0.745209	0.146413	0.754295	0.135140	0.763559	0.123975	0.773002	0.113033	0.782625	0.102460	0.792428	0.092438	0.802412	0.083199	0.812578	0.075034	0.822927
401.741610	0.278315	0.648845	0.269544	0.655899	0.260503	0.663116	0.251196	0.670498	0.241622	0.678047	0.231787	0.685763	0.221696	0.693649	0.211359	0.701704	0.200792	0.709931	0.190013	0.718332	0.179048	0.726907	0.167932	0.735657	0.156708	0.744584	0.145433	0.753689	0.134179	0.762972	0.123037	0.772435	0.112121	0.782078	0.101576	0.791902	0.091586	0.801908	0.082384	0.812097	0.074259	0.822469
402.239230	0.277251	0.648057	0.268481	0.655123	0.259443	0.662352	0.250138	0.669746	0.240568	0.677307	0.230737	0.685037	0.220652	0.692936	0.210322	0.701006	0.199763	0.709249	0.188993	0.717665	0.178040	0.726256	0.166936	0.735023	0.155727	0.743967	0.144469	0.753090	0.133235	0.762392	0.122114	0.771874	0.111223	0.781537	0.100707	0.791383	0.090749	0.801410	0.081583	0.811622	0.073499	0.822017
402.736760	0.276200	0.647279	0.267431	0.654355	0.258396	0.661596	0.249095	0.669002	0.239528	0.676576	0.229702	0.684318	0.219622	0.692231	0.209299	0.700315	0.198747	0.708573	0.187987	0.717004	0.177045	0.725611	0.165955	0.734395	0.154760	0.743356	0.143519	0.752497	0.132304	0.761817	0.121205	0.771319	0.110339	0.781002	0.099852	0.790868	0.089926	0.800918	0.080795	0.811151	0.072752	0.821569
403.234160	0.275164	0.646509	0.266397	0.653596	0.257364	0.660848	0.248065	0.668267	0.238502	0.675853	0.228681	0.683608	0.218607	0.691534	0.208290	0.699632	0.197747	0.707904	0.186996	0.716350	0.176065	0.724974	0.164988	0.733774	0.153807	0.742752	0.142584	0.751911	0.131387	0.761249	0.120311	0.770770	0.109469	0.780473	0.099011	0.790359	0.089117	0.800430	0.080021	0.810686	0.072018	0.821126
403.731480	0.274142	0.645748	0.265376	0.652846	0.256345	0.660110	0.247050	0.667539	0.237491	0.675138	0.227675	0.682906	0.217606	0.690845	0.207297	0.698957	0.196762	0.707244	0.186020	0.715705	0.175099	0.724344	0.164035	0.733160	0.152870	0.742155	0.141663	0.751331	0.130485	0.760688	0.119431	0.770227	0.108614	0.779950	0.098183	0.789856	0.088321	0.799948	0.079261	0.810225	0.071298	0.820689
404.228670	0.273133	0.644996	0.264369	0.652105	0.255341	0.659379	0.246048	0.666820	0.236494	0.674431	0.226682	0.682211	0.216618	0.690163	0.206317	0.698290	0.195789	0.706590	0.185058	0.715066	0.174148	0.723720	0.163096	0.732552	0.151946	0.741564	0.140755	0.750757	0.129597	0.760132	0.118564	0.769689	0.107772	0.779432	0.097369	0.789359	0.087538	0.799471	0.078514	0.809770	0.070590	0.820255
404.725770	0.272136	0.644251	0.263374	0.651370	0.254348	0.658655	0.245059	0.666108	0.235509	0.673731	0.225701	0.681523	0.215644	0.689489	0.205349	0.697628	0.194830	0.705943	0.184107	0.714434	0.173209	0.723102	0.162169	0.731951	0.151034	0.740979	0.139860	0.750189	0.128721	0.759582	0.117710	0.769157	0.106943	0.778919	0.096567	0.788865	0.086768	0.798998	0.077778	0.809318	0.069893	0.819825
405.222780	0.271151	0.643513	0.262391	0.650642	0.253368	0.657937	0.244081	0.665402	0.234535	0.673037	0.224732	0.680841	0.214681	0.688820	0.204393	0.696973	0.193881	0.705301	0.183169	0.713806	0.172282	0.722490	0.161254	0.731354	0.150134	0.740399	0.138976	0.749626	0.127857	0.759036	0.116868	0.768630	0.106125	0.778410	0.095776	0.788376	0.086008	0.798530	0.077053	0.808871	0.069207	0.819400
405.719670	0.270179	0.642783	0.261421	0.649922	0.252400	0.657229	0.243117	0.664704	0.233574	0.672350	0.223777	0.680167	0.213731	0.688159	0.203449	0.696324	0.192947	0.704667	0.182244	0.713186	0.171367	0.721885	0.160353	0.730764	0.149247	0.739825	0.138107	0.749069	0.127005	0.758496	0.116037	0.768109	0.105320	0.777907	0.094998	0.787893	0.085261	0.798066	0.076341	0.808428	0.068533	0.818979
406.216430	0.269225	0.642065	0.260468	0.649214	0.251449	0.656532	0.242170	0.664018	0.232632	0.671675	0.222839	0.679505	0.212799	0.687508	0.202524	0.695687	0.192030	0.704042	0.181336	0.712576	0.170471	0.721290	0.159469	0.730183	0.148377	0.739260	0.137254	0.748520	0.126171	0.757965	0.115224	0.767595	0.104530	0.777412	0.094236	0.787417	0.084529	0.797610	0.075643	0.807992	0.067874	0.818564
406.713130	0.268286	0.641358	0.259532	0.648517	0.250516	0.655845	0.241240	0.663342	0.231706	0.671011	0.221918	0.678852	0.211883	0.686867	0.201616	0.695058	0.191130	0.703427	0.180444	0.711975	0.169590	0.720703	0.158601	0.729612	0.147524	0.738704	0.136416	0.747981	0.125352	0.757442	0.114426	0.767089	0.103756	0.776925	0.093489	0.786948	0.083813	0.797160	0.074960	0.807563	0.067228	0.818156
407.209720	0.267357	0.640656	0.258605	0.647825	0.249591	0.655163	0.240318	0.662671	0.230788	0.670350	0.221005	0.678203	0.210977	0.686230	0.200717	0.694435	0.190238	0.702816	0.179562	0.711378	0.168719	0.720120	0.157742	0.729044	0.146679	0.738152	0.135588	0.747445	0.124543	0.756923	0.113638	0.766587	0.102991	0.776440	0.092751	0.786482	0.083105	0.796714	0.074286	0.807136	0.066592	0.817750
407.706180	0.266434	0.639957	0.257684	0.647136	0.248673	0.654485	0.239403	0.662003	0.229877	0.669693	0.220099	0.677557	0.210077	0.685597	0.199824	0.693814	0.189354	0.702209	0.178688	0.710784	0.167854	0.719540	0.156891	0.728479	0.145842	0.737602	0.134767	0.746911	0.123741	0.756405	0.112856	0.766087	0.102234	0.775958	0.092020	0.786019	0.082404	0.796269	0.073620	0.806712	0.065963	0.817345
408.202550	0.265523	0.639266	0.256775	0.646455	0.247767	0.653813	0.238500	0.661341	0.228978	0.669043	0.219205	0.676918	0.209189	0.684970	0.198942	0.693199	0.188480	0.701607	0.177824	0.710196	0.167002	0.718966	0.156051	0.727919	0.145016	0.737058	0.133957	0.746382	0.122950	0.755893	0.112086	0.765592	0.101488	0.775480	0.091301	0.785559	0.081714	0.795829	0.072964	0.806291	0.065344	0.816945
408.698820	0.264624	0.638584	0.255878	0.645782	0.246873	0.653149	0.237610	0.660689	0.228092	0.668400	0.218324	0.676287	0.208314	0.684351	0.198074	0.692592	0.187620	0.701013	0.176974	0.709615	0.166162	0.718399	0.155224	0.727367	0.144203	0.736520	0.133161	0.745859	0.122171	0.755387	0.111329	0.765102	0.100754	0.775008	0.090594	0.785105	0.081037	0.795394	0.072319	0.805875	0.064737	0.816550
409.194980	0.263737	0.637908	0.254993	0.645116	0.245990	0.652493	0.236732	0.660043	0.227218	0.667765	0.217455	0.675663	0.207451	0.683738	0.197218	0.691992	0.186772	0.700424	0.176134	0.709040	0.165334	0.717838	0.154408	0.726820	0.143401	0.735987	0.132376	0.745342	0.121404	0.754886	0.110583	0.764618	0.100031	0.774541	0.089897	0.784656	0.080370	0.794963	0.071685	0.805464	0.064139	0.816159
409.691040	0.262859	0.637239	0.254118	0.644455	0.245118	0.651842	0.235863	0.659402	0.226353	0.667135	0.216595	0.675045	0.206597	0.683130	0.196371	0.691396	0.185932	0.699841	0.175305	0.708469	0.164516	0.717281	0.153601	0.726277	0.142609	0.735459	0.131599	0.744830	0.120646	0.754389	0.109846	0.764138	0.099317	0.774078	0.089209	0.784210	0.079712	0.794536	0.071059	0.805056	0.063551	0.815770
410.186980	0.261989	0.636574	0.253250	0.643799	0.244253	0.651196	0.235001	0.658765	0.225496	0.666510	0.215743	0.674429	0.205751	0.682527	0.195532	0.690804	0.185102	0.699262	0.174483	0.707903	0.163705	0.716728	0.152803	0.725738	0.141825	0.734935	0.130831	0.744320	0.119896	0.753895	0.109117	0.763660	0.098612	0.773618	0.088530	0.783767	0.079062	0.794111	0.070442	0.804650	0.062970	0.815384
410.682830	0.261127	0.635914	0.252391	0.643148	0.243397	0.650555	0.234148	0.658134	0.224648	0.665889	0.214899	0.673819	0.204914	0.681929	0.194702	0.690217	0.184281	0.698688	0.173672	0.707341	0.162904	0.716179	0.152014	0.725203	0.141051	0.734415	0.130073	0.743815	0.119156	0.753405	0.108397	0.763187	0.097915	0.773161	0.087859	0.783328	0.078420	0.793690	0.069833	0.804248	0.062397	0.815000
411.178590	0.260280	0.635264	0.251545	0.642507	0.242556	0.649923	0.233310	0.657512	0.223813	0.665277	0.214070	0.673218	0.204090	0.681339	0.193886	0.689639	0.183473	0.698121	0.172873	0.706788	0.162116	0.715638	0.151238	0.724676	0.140290	0.733902	0.129327	0.743317	0.118429	0.752922	0.107690	0.762720	0.097231	0.772711	0.087202	0.782895	0.077791	0.793275	0.069237	0.803851	0.061836	0.814623
411.674220	0.259447	0.634624	0.250715	0.641877	0.241728	0.649301	0.232486	0.656899	0.222994	0.664674	0.213256	0.672626	0.203282	0.680757	0.193084	0.689069	0.182679	0.697563	0.172089	0.706242	0.161342	0.715106	0.150477	0.724157	0.139542	0.733397	0.128596	0.742826	0.117715	0.752446	0.106997	0.762260	0.096560	0.772267	0.086556	0.782468	0.077174	0.792866	0.068652	0.803460	0.061287	0.814251
412.169770	0.258623	0.633989	0.249893	0.641251	0.240909	0.648684	0.231671	0.656292	0.222183	0.664077	0.212451	0.672039	0.202483	0.680181	0.192291	0.688504	0.181894	0.697010	0.171313	0.705701	0.160578	0.714577	0.149725	0.723642	0.138804	0.732895	0.127873	0.742340	0.117010	0.751975	0.106312	0.761804	0.095898	0.771826	0.085919	0.782045	0.076565	0.792460	0.068075	0.803072	0.060745	0.813882
412.665190	0.257805	0.633358	0.249077	0.640628	0.240096	0.648071	0.230862	0.655688	0.221378	0.663483	0.211651	0.671455	0.201689	0.679608	0.191505	0.687942	0.181116	0.696459	0.170544	0.705162	0.159820	0.714051	0.148979	0.723130	0.138071	0.732396	0.127156	0.741855	0.116311	0.751506	0.105634	0.761349	0.095241	0.771389	0.085288	0.781624	0.075963	0.792056	0.067504	0.802686	0.060211	0.813514
413.160520	0.256994	0.632731	0.248269	0.640009	0.239291	0.647461	0.230060	0.655088	0.220580	0.662892	0.210858	0.670874	0.200902	0.679038	0.190725	0.687383	0.180345	0.695912	0.169782	0.704627	0.159068	0.713529	0.148240	0.722620	0.137346	0.731901	0.126447	0.741373	0.115620	0.751039	0.104962	0.760898	0.094593	0.770953	0.084665	0.781206	0.075368	0.791654	0.066940	0.802302	0.059683	0.813149
413.655730	0.256190	0.632109	0.247468	0.639395	0.238493	0.646856	0.229266	0.654492	0.219791	0.662306	0.210074	0.670298	0.200124	0.678472	0.189954	0.686829	0.179582	0.695369	0.169029	0.704096	0.158325	0.713011	0.147509	0.722115	0.136629	0.731409	0.125746	0.740896	0.114937	0.750576	0.104299	0.760451	0.093952	0.770521	0.084050	0.780790	0.074780	0.791256	0.066385	0.801922	0.059162	0.812787
414.150880	0.255396	0.631493	0.246677	0.638787	0.237705	0.646257	0.228481	0.653902	0.219010	0.661726	0.209299	0.669728	0.199355	0.677912	0.189192	0.686279	0.178827	0.694832	0.168284	0.703570	0.157591	0.712498	0.146787	0.721614	0.135921	0.730922	0.125054	0.740422	0.114262	0.750117	0.103644	0.760007	0.093320	0.770093	0.083443	0.780378	0.074202	0.790861	0.065837	0.801544	0.058648	0.812428
414.645870	0.254611	0.630883	0.245895	0.638186	0.236925	0.645664	0.227706	0.653318	0.218239	0.661151	0.208533	0.669163	0.198595	0.677358	0.188439	0.685736	0.178083	0.694300	0.167549	0.703050	0.156867	0.711990	0.146075	0.721119	0.135223	0.730439	0.124371	0.739954	0.113597	0.749662	0.102999	0.759568	0.092697	0.769670	0.082844	0.779970	0.073632	0.790470	0.065298	0.801171	0.058144	0.812072
415.140780	0.253838	0.630281	0.245124	0.637592	0.236158	0.645078	0.226942	0.652742	0.217480	0.660583	0.207779	0.668606	0.197848	0.676811	0.187699	0.685200	0.177351	0.693774	0.166825	0.702537	0.156154	0.711488	0.145375	0.720629	0.134536	0.729963	0.123699	0.739491	0.112943	0.749214	0.102364	0.759134	0.092084	0.769252	0.082256	0.779567	0.073072	0.790084	0.064768	0.800801	0.057648	0.811720
415.635590	0.253077	0.629687	0.244365	0.637007	0.235402	0.644501	0.226190	0.652174	0.216733	0.660024	0.207036	0.668056	0.197111	0.676271	0.186969	0.684670	0.176629	0.693256	0.166113	0.702029	0.155453	0.710992	0.144685	0.720146	0.133859	0.729493	0.123038	0.739035	0.112299	0.748772	0.101740	0.758706	0.091482	0.768838	0.081678	0.779170	0.072521	0.789703	0.064248	0.800437	0.057162	0.811374
416.130310	0.252324	0.629098	0.243614	0.636426	0.234655	0.643929	0.225446	0.651610	0.215993	0.659469	0.206302	0.667511	0.196383	0.675735	0.186248	0.684145	0.175916	0.692742	0.165409	0.701526	0.154759	0.710501	0.144003	0.719667	0.133191	0.729027	0.122386	0.738582	0.111663	0.748333	0.101123	0.758281	0.090887	0.768428	0.081108	0.778775	0.071977	0.789325	0.063735	0.800075	0.056682	0.811030
416.624910	0.251576	0.628513	0.242868	0.635849	0.233912	0.643359	0.224707	0.651049	0.215258	0.658918	0.205574	0.666969	0.195660	0.675203	0.185532	0.683623	0.175207	0.692230	0.164711	0.701026	0.154070	0.710012	0.143326	0.719191	0.132528	0.728564	0.121738	0.738131	0.111033	0.747896	0.100512	0.757858	0.090297	0.768021	0.080543	0.778383	0.071439	0.788948	0.063228	0.799716	0.056209	0.810688
417.119380	0.250832	0.627931	0.242128	0.635273	0.233174	0.642792	0.223973	0.650490	0.214530	0.658369	0.204850	0.666429	0.194942	0.674673	0.184821	0.683103	0.174505	0.691721	0.164017	0.700528	0.153388	0.709526	0.142656	0.718717	0.131871	0.728102	0.121095	0.737683	0.110409	0.747461	0.099906	0.757438	0.089714	0.767615	0.079983	0.777993	0.070907	0.788574	0.062725	0.799358	0.055740	0.810347
417.613800	0.250095	0.627351	0.241393	0.634702	0.232443	0.642229	0.223246	0.649935	0.213807	0.657822	0.204131	0.665892	0.194230	0.674146	0.184117	0.682586	0.173809	0.691215	0.163330	0.700033	0.152711	0.709042	0.141991	0.718245	0.131219	0.727642	0.120460	0.737237	0.109790	0.747029	0.099307	0.757020	0.089136	0.767212	0.079430	0.777605	0.070381	0.788201	0.062229	0.799002	0.055277	0.810008
418.108060	0.249367	0.626779	0.240669	0.634137	0.231721	0.641672	0.222528	0.649387	0.213094	0.657283	0.203423	0.665362	0.193529	0.673625	0.183422	0.682075	0.173122	0.690714	0.162652	0.699544	0.152044	0.708564	0.141336	0.717779	0.130578	0.727188	0.119833	0.736796	0.109180	0.746601	0.098717	0.756606	0.088567	0.766812	0.078885	0.777220	0.069863	0.787833	0.061741	0.798649	0.054822	0.809672
418.602260	0.248650	0.626214	0.239955	0.633580	0.231010	0.641123	0.221821	0.648845	0.212392	0.656750	0.202726	0.664838	0.192837	0.673111	0.182738	0.681571	0.172445	0.690220	0.161985	0.699060	0.151387	0.708092	0.140690	0.717319	0.129946	0.726741	0.119216	0.736360	0.108580	0.746179	0.098136	0.756198	0.088008	0.766418	0.078349	0.776841	0.069353	0.787469	0.061262	0.798302	0.054375	0.809341
419.096340	0.247940	0.625653	0.239247	0.633026	0.230306	0.640578	0.221121	0.648308	0.211696	0.656222	0.202036	0.664319	0.192153	0.672601	0.182060	0.681071	0.171776	0.689730	0.161325	0.698581	0.150737	0.707624	0.140052	0.716862	0.129321	0.726296	0.118606	0.735928	0.107987	0.745759	0.097562	0.755792	0.087455	0.766027	0.077820	0.776465	0.068850	0.787108	0.060788	0.797957	0.053934	0.809013
419.590300	0.247235	0.625094	0.238544	0.632475	0.229607	0.640035	0.220425	0.647774	0.211004	0.655695	0.201350	0.663801	0.191473	0.672092	0.181387	0.680572	0.171111	0.689242	0.160669	0.698103	0.150092	0.707157	0.139419	0.716407	0.128701	0.725854	0.118001	0.735498	0.107399	0.745342	0.096993	0.755388	0.086906	0.765638	0.077295	0.776090	0.068352	0.786748	0.060319	0.797613	0.053498	0.808686
420.084200	0.246537	0.624541	0.237848	0.631929	0.228915	0.639497	0.219737	0.647244	0.210320	0.655174	0.200671	0.663288	0.190800	0.671589	0.180722	0.680078	0.170454	0.688758	0.160020	0.697630	0.149454	0.706695	0.138793	0.715956	0.128088	0.725415	0.117403	0.735072	0.106818	0.744929	0.096430	0.754988	0.086365	0.765251	0.076777	0.775719	0.067861	0.786392	0.059857	0.797272	0.053068	0.808361
420.577940	0.245849	0.623996	0.237163	0.631391	0.228233	0.638966	0.219059	0.646721	0.209646	0.654659	0.200003	0.662782	0.190138	0.671092	0.180067	0.679591	0.169806	0.688281	0.159382	0.697162	0.148826	0.706239	0.138176	0.715511	0.127485	0.724981	0.116814	0.734650	0.106245	0.744520	0.095876	0.754593	0.085833	0.764870	0.076269	0.775352	0.067378	0.786040	0.059403	0.796936	0.052646	0.808041
421.071620	0.245170	0.623457	0.236487	0.630859	0.227560	0.638441	0.218390	0.646204	0.208982	0.654151	0.199344	0.662282	0.189485	0.670601	0.179421	0.679109	0.169168	0.687809	0.158753	0.696700	0.148207	0.705788	0.137568	0.715071	0.126890	0.724553	0.116234	0.734234	0.105682	0.744117	0.095331	0.754203	0.085308	0.764493	0.075768	0.774989	0.066902	0.785692	0.058956	0.796603	0.052230	0.807724
421.565160	0.244499	0.622923	0.235819	0.630332	0.226895	0.637921	0.217729	0.645692	0.208326	0.653647	0.198692	0.661786	0.188840	0.670115	0.178782	0.678632	0.168537	0.687341	0.158131	0.696243	0.147595	0.705341	0.136968	0.714636	0.126303	0.724128	0.115662	0.733821	0.105125	0.743717	0.094794	0.753816	0.084791	0.764119	0.075273	0.774629	0.066433	0.785347	0.058515	0.796274	0.051821	0.807410
422.058620	0.243832	0.622391	0.235155	0.629808	0.226235	0.637404	0.217072	0.645183	0.207674	0.653146	0.198045	0.661293	0.188199	0.669631	0.178148	0.678158	0.167911	0.686876	0.157514	0.695788	0.146988	0.704896	0.136372	0.714201	0.125720	0.723706	0.115094	0.733411	0.104574	0.743319	0.094261	0.753431	0.084278	0.763748	0.074783	0.774272	0.065969	0.785004	0.058078	0.795946	0.051416	0.807098
422.551970	0.243169	0.621862	0.234495	0.629285	0.225578	0.636889	0.216419	0.644675	0.207025	0.652646	0.197402	0.660802	0.187562	0.669148	0.177517	0.677684	0.167289	0.686412	0.156900	0.695334	0.146385	0.704453	0.135781	0.713769	0.125141	0.723285	0.114530	0.733002	0.104026	0.742922	0.093731	0.753047	0.083770	0.763378	0.074297	0.773915	0.065508	0.784662	0.057646	0.795619	0.051015	0.806786
423.045230	0.242513	0.621337	0.233842	0.628767	0.224928	0.636379	0.215773	0.644172	0.206384	0.652151	0.196766	0.660316	0.186932	0.668670	0.176894	0.677215	0.166674	0.685953	0.156294	0.694885	0.145789	0.704014	0.135197	0.713341	0.124570	0.722868	0.113972	0.732597	0.103485	0.742529	0.093208	0.752666	0.083267	0.763011	0.073817	0.773562	0.065054	0.784323	0.057220	0.795294	0.050620	0.806477
423.538360	0.241867	0.620820	0.233199	0.628257	0.224288	0.635875	0.215138	0.643676	0.205753	0.651663	0.196141	0.659836	0.186312	0.668199	0.176282	0.676753	0.166069	0.685500	0.155698	0.694442	0.145202	0.703581	0.134621	0.712919	0.124008	0.722457	0.113424	0.732197	0.102953	0.742142	0.092694	0.752291	0.082774	0.762648	0.073346	0.773213	0.064607	0.783988	0.056802	0.794975	0.050232	0.806172
424.031400	0.241228	0.620307	0.232564	0.627752	0.223656	0.635376	0.214509	0.643185	0.205128	0.651179	0.195522	0.659361	0.185699	0.667732	0.175676	0.676295	0.165470	0.685051	0.155109	0.694003	0.144622	0.703152	0.134053	0.712500	0.123452	0.722049	0.112883	0.731801	0.102428	0.741758	0.092187	0.751919	0.082286	0.762289	0.072881	0.772868	0.064167	0.783657	0.056389	0.794658	0.049850	0.805871
424.524320	0.240594	0.619798	0.231932	0.627249	0.223027	0.634880	0.213885	0.642696	0.204508	0.650698	0.194907	0.658888	0.185090	0.667268	0.175073	0.675839	0.164875	0.684605	0.154523	0.693565	0.144047	0.702724	0.133489	0.712084	0.122900	0.721644	0.112346	0.731407	0.101907	0.741375	0.091684	0.751550	0.081803	0.761932	0.072420	0.772524	0.063731	0.783327	0.055980	0.794343	0.049472	0.805571
425.017150	0.239965	0.619291	0.231305	0.626749	0.222404	0.634388	0.213266	0.642211	0.203894	0.650220	0.194297	0.658418	0.184487	0.666806	0.174476	0.675386	0.164287	0.684161	0.153943	0.693131	0.143477	0.702300	0.132931	0.711670	0.122354	0.721241	0.111815	0.731015	0.101391	0.740995	0.091186	0.751182	0.081324	0.761578	0.071964	0.772183	0.063300	0.783000	0.055576	0.794029	0.049098	0.805273
425.509890	0.239344	0.618791	0.230687	0.626254	0.221789	0.633900	0.212654	0.641731	0.203287	0.649748	0.193695	0.657953	0.183891	0.666349	0.173887	0.674938	0.163706	0.683721	0.153370	0.692702	0.142915	0.701881	0.132379	0.711260	0.121815	0.720842	0.111290	0.730628	0.100882	0.740619	0.090694	0.750818	0.080853	0.761227	0.071514	0.771845	0.062875	0.782675	0.055178	0.793719	0.048730	0.804977
426.002500	0.238730	0.618295	0.230076	0.625766	0.221181	0.633418	0.212050	0.641256	0.202688	0.649280	0.193101	0.657493	0.183303	0.665897	0.173306	0.674495	0.163132	0.683287	0.152805	0.692277	0.142359	0.701466	0.131834	0.710855	0.121283	0.720447	0.110771	0.730244	0.100379	0.740247	0.090210	0.750458	0.080388	0.760879	0.071071	0.771510	0.062456	0.782354	0.054786	0.793411	0.048367	0.804685
426.495030	0.238123	0.617805	0.229472	0.625281	0.220580	0.632940	0.211453	0.640785	0.202095	0.648816	0.192514	0.657037	0.182721	0.665449	0.172731	0.674055	0.162565	0.682857	0.152247	0.691856	0.141810	0.701054	0.131296	0.710454	0.120758	0.720056	0.110260	0.729864	0.099883	0.739879	0.089731	0.750101	0.079929	0.760535	0.070633	0.771179	0.062042	0.782036	0.054399	0.793108	0.048010	0.804394
426.987430	0.237520	0.617317	0.228872	0.624800	0.219984	0.632466	0.210861	0.640317	0.201507	0.648356	0.191932	0.656585	0.182145	0.665005	0.172162	0.673619	0.162002	0.682430	0.151693	0.691438	0.141266	0.700645	0.130764	0.710055	0.120237	0.719668	0.109753	0.729487	0.099392	0.739512	0.089257	0.749747	0.079475	0.760193	0.070201	0.770849	0.061633	0.781720	0.054017	0.792806	0.047657	0.804106
427.479740	0.236922	0.616832	0.228276	0.624321	0.219392	0.631994	0.210273	0.639851	0.200923	0.647898	0.191353	0.656134	0.181572	0.664563	0.171595	0.673185	0.161444	0.682004	0.151143	0.691021	0.140726	0.700238	0.130235	0.709658	0.119721	0.719281	0.109250	0.729111	0.098905	0.739148	0.088787	0.749395	0.079024	0.759852	0.069772	0.770522	0.061228	0.781406	0.053638	0.792505	0.047307	0.803820
427.971950	0.236330	0.616351	0.227686	0.623846	0.218806	0.631526	0.209690	0.639390	0.200346	0.647444	0.190779	0.655687	0.181005	0.664124	0.171035	0.672754	0.160891	0.681582	0.150599	0.690608	0.140192	0.699835	0.129712	0.709264	0.119210	0.718898	0.108753	0.728738	0.098423	0.738786	0.088322	0.749045	0.078578	0.759514	0.069348	0.770196	0.060828	0.781094	0.053264	0.792206	0.046962	0.803536
428.464050	0.235745	0.615876	0.227105	0.623377	0.218228	0.631063	0.209116	0.638935	0.199776	0.646995	0.190215	0.655246	0.180446	0.663690	0.170483	0.672329	0.160347	0.681165	0.150063	0.690200	0.139666	0.699436	0.129196	0.708875	0.118707	0.718519	0.108263	0.728370	0.097948	0.738429	0.087865	0.748699	0.078140	0.759180	0.068930	0.769875	0.060434	0.780785	0.052896	0.791911	0.046623	0.803255
428.956050	0.235167	0.615406	0.226530	0.622913	0.217656	0.630606	0.208548	0.638484	0.199212	0.646552	0.189657	0.654810	0.179893	0.663261	0.169938	0.671908	0.159809	0.680753	0.149533	0.689796	0.139145	0.699041	0.128686	0.708490	0.118209	0.718144	0.107779	0.728005	0.097480	0.738075	0.087413	0.748356	0.077706	0.758849	0.068518	0.769557	0.060046	0.780479	0.052533	0.791619	0.046289	0.802977
429.447940	0.234594	0.614939	0.225959	0.622452	0.217088	0.630150	0.207985	0.638035	0.198653	0.646110	0.189103	0.654375	0.179345	0.662834	0.169396	0.671490	0.159275	0.680342	0.149008	0.689394	0.138629	0.698649	0.128181	0.708107	0.117716	0.717771	0.107299	0.727643	0.097015	0.737724	0.086965	0.748016	0.077277	0.758521	0.068109	0.769241	0.059661	0.780176	0.052174	0.791328	0.045958	0.802700
429.939730	0.234023	0.614473	0.225391	0.621992	0.216524	0.629697	0.207425	0.637588	0.198097	0.645670	0.188552	0.653942	0.178800	0.662409	0.168857	0.671072	0.158743	0.679933	0.148485	0.688994	0.138116	0.698258	0.127678	0.707726	0.117225	0.717400	0.106822	0.727281	0.096553	0.737373	0.086520	0.747677	0.076851	0.758193	0.067704	0.768925	0.059279	0.779873	0.051817	0.791038	0.045630	0.802424
430.431400	0.233455	0.614008	0.224827	0.621534	0.215962	0.629244	0.206867	0.637142	0.197544	0.645231	0.188004	0.653510	0.178258	0.661985	0.168321	0.670656	0.158215	0.679525	0.147965	0.688595	0.137606	0.697868	0.127179	0.707345	0.116738	0.717029	0.106348	0.726921	0.096095	0.737023	0.086079	0.747338	0.076428	0.757866	0.067302	0.768610	0.058899	0.779571	0.051464	0.790750	0.045305	0.802149
430.922970	0.232895	0.613549	0.224269	0.621080	0.215408	0.628797	0.206316	0.636702	0.196998	0.644797	0.187463	0.653084	0.177723	0.661566	0.167793	0.670245	0.157694	0.679122	0.147452	0.688201	0.137103	0.697483	0.126686	0.706968	0.116257	0.716663	0.105881	0.726565	0.095643	0.736678	0.085643	0.747004	0.076011	0.757543	0.066906	0.768299	0.058526	0.779272	0.051117	0.790464	0.044986	0.801877
431.414460	0.232346	0.613100	0.223723	0.620636	0.214866	0.628360	0.205778	0.636271	0.196463	0.644372	0.186933	0.652667	0.177199	0.661155	0.167275	0.669842	0.157184	0.678728	0.146951	0.687815	0.136611	0.697105	0.126204	0.706600	0.115787	0.716303	0.105425	0.726216	0.095201	0.736339	0.085218	0.746676	0.075604	0.757227	0.066519	0.767995	0.058161	0.778980	0.050777	0.790185	0.044672	0.801610
431.905820	0.231804	0.612656	0.223184	0.620198	0.214331	0.627927	0.205246	0.635845	0.195936	0.643953	0.186411	0.652254	0.176682	0.660750	0.166765	0.669444	0.156681	0.678338	0.146456	0.687432	0.136125	0.696732	0.125729	0.706236	0.115324	0.715948	0.104974	0.725871	0.094765	0.736004	0.084797	0.746352	0.075202	0.756914	0.066137	0.767694	0.057801	0.778690	0.050441	0.789908	0.044364	0.801347
432.397090	0.231261	0.612211	0.222645	0.619758	0.213794	0.627493	0.204713	0.635417	0.195408	0.643531	0.185888	0.651840	0.176165	0.660343	0.166254	0.669045	0.156178	0.677946	0.145960	0.687049	0.135639	0.696357	0.125253	0.705870	0.114860	0.715592	0.104523	0.725525	0.094328	0.735669	0.084378	0.746027	0.074800	0.756600	0.065756	0.767391	0.057442	0.778401	0.050107	0.789630	0.044057	0.801082
432.888240	0.230720	0.611765	0.222107	0.619318	0.213259	0.627059	0.204182	0.634989	0.194881	0.643110	0.185366	0.651425	0.175649	0.659936	0.165745	0.668645	0.155676	0.677555	0.145467	0.686666	0.135155	0.695982	0.124779	0.705505	0.114397	0.715237	0.104074	0.725178	0.093893	0.735333	0.083959	0.745702	0.074400	0.756286	0.065376	0.767088	0.057085	0.778111	0.049774	0.789353	0.043752	0.800818
433.379300	0.230186	0.611324	0.221575	0.618884	0.212731	0.626631	0.203658	0.634566	0.194362	0.642694	0.184851	0.651015	0.175140	0.659534	0.165242	0.668251	0.155180	0.677168	0.144980	0.686287	0.134676	0.695612	0.124312	0.705144	0.113941	0.714884	0.103631	0.724836	0.093465	0.735001	0.083547	0.745380	0.074006	0.755976	0.065001	0.766790	0.056733	0.777824	0.049447	0.789078	0.043452	0.800557
433.870270	0.229660	0.610890	0.221052	0.618455	0.212211	0.626208	0.203141	0.634150	0.193850	0.642284	0.184345	0.650612	0.174638	0.659137	0.164747	0.667861	0.154692	0.676786	0.144501	0.685914	0.134205	0.695247	0.123852	0.704787	0.113493	0.714537	0.103195	0.724498	0.093043	0.734673	0.083141	0.745063	0.073618	0.755669	0.064633	0.766495	0.056387	0.777540	0.049124	0.788808	0.043156	0.800299
434.361110	0.229140	0.610461	0.220536	0.618032	0.211698	0.625790	0.202632	0.633738	0.193345	0.641878	0.183844	0.650213	0.174144	0.658745	0.164258	0.667476	0.154210	0.676409	0.144027	0.685545	0.133741	0.694886	0.123397	0.704435	0.113050	0.714194	0.102765	0.724165	0.092628	0.734349	0.082741	0.744750	0.073235	0.755367	0.064271	0.766204	0.056045	0.777261	0.048807	0.788540	0.042865	0.800043
434.851870	0.228626	0.610036	0.220024	0.617612	0.211189	0.625376	0.202128	0.633330	0.192844	0.641476	0.183349	0.649818	0.173654	0.658357	0.163775	0.667095	0.153734	0.676035	0.143559	0.685178	0.133282	0.694529	0.122948	0.704086	0.112612	0.713854	0.102340	0.723834	0.092217	0.734028	0.082346	0.744439	0.072857	0.755067	0.063912	0.765915	0.055708	0.776983	0.048493	0.788275	0.042578	0.799790
435.342500	0.228114	0.609613	0.219515	0.617194	0.210684	0.624963	0.201626	0.632924	0.192347	0.641076	0.182857	0.649425	0.173168	0.657970	0.163295	0.666715	0.153261	0.675662	0.143093	0.684814	0.132826	0.694172	0.122502	0.703739	0.112177	0.713516	0.101917	0.723505	0.091808	0.733709	0.081953	0.744129	0.072482	0.754769	0.063556	0.765627	0.055374	0.776707	0.048183	0.788011	0.042294	0.799538
435.833040	0.227606	0.609192	0.219009	0.616778	0.210182	0.624553	0.201128	0.632519	0.191853	0.640678	0.182368	0.649033	0.172684	0.657585	0.162818	0.666337	0.152791	0.675292	0.142631	0.684451	0.132373	0.693817	0.122059	0.703392	0.111745	0.713179	0.101498	0.723177	0.091402	0.733391	0.081564	0.743821	0.072110	0.754471	0.063203	0.765340	0.055042	0.776432	0.047875	0.787747	0.042011	0.799288
436.323490	0.227102	0.608773	0.218507	0.616364	0.209684	0.624145	0.200633	0.632117	0.191363	0.640282	0.181882	0.648643	0.172203	0.657201	0.162344	0.665961	0.152324	0.674923	0.142172	0.684090	0.131923	0.693464	0.121619	0.703048	0.111317	0.712843	0.101082	0.722851	0.091000	0.733074	0.081177	0.743515	0.071741	0.754175	0.062852	0.765055	0.054714	0.776158	0.047570	0.787485	0.041732	0.799038
436.813810	0.226601	0.608357	0.218010	0.615954	0.209189	0.623740	0.200142	0.631718	0.190876	0.639888	0.181400	0.648256	0.171727	0.656821	0.161874	0.665588	0.151861	0.674557	0.141717	0.683732	0.131477	0.693114	0.121183	0.702706	0.110892	0.712510	0.100670	0.722527	0.090603	0.732760	0.080794	0.743211	0.071376	0.753881	0.062506	0.764772	0.054388	0.775887	0.047268	0.787225	0.041456	0.798791
437.304050	0.226107	0.607945	0.217519	0.615548	0.208701	0.623339	0.199657	0.631322	0.190396	0.639499	0.180925	0.647873	0.171257	0.656445	0.161410	0.665218	0.151405	0.674195	0.141268	0.683378	0.131037	0.692768	0.120753	0.702368	0.110472	0.712180	0.100263	0.722207	0.090210	0.732449	0.080416	0.742910	0.071015	0.753590	0.062165	0.764492	0.054067	0.775618	0.046970	0.786968	0.041184	0.798545
437.794160	0.225618	0.607538	0.217032	0.615145	0.208218	0.622942	0.199178	0.630931	0.189920	0.639114	0.180454	0.647495	0.170793	0.656073	0.160952	0.664853	0.150954	0.673837	0.140824	0.683027	0.130602	0.692424	0.120328	0.702033	0.110058	0.711854	0.099861	0.721890	0.089821	0.732141	0.080044	0.742612	0.070659	0.753302	0.061828	0.764215	0.053750	0.775351	0.046676	0.786714	0.040915	0.798302
438.284180	0.225132	0.607133	0.216549	0.614745	0.207738	0.622547	0.198702	0.630542	0.189449	0.638731	0.179988	0.647117	0.170332	0.655702	0.160496	0.664489	0.150505	0.673480	0.140384	0.682678	0.130170	0.692083	0.119906	0.701700	0.109647	0.711530	0.099462	0.721574	0.089436	0.731834	0.079674	0.742315	0.070305	0.753016	0.061493	0.763939	0.053436	0.775086	0.046385	0.786460	0.040649	0.798061
438.774080	0.224650	0.606731	0.216069	0.614347	0.207261	0.622155	0.198229	0.630155	0.188980	0.638350	0.179524	0.646742	0.169873	0.655334	0.160044	0.664128	0.150060	0.673126	0.139947	0.682330	0.129741	0.691745	0.119487	0.701369	0.109240	0.711207	0.099066	0.721260	0.089054	0.731530	0.079306	0.742019	0.069955	0.752731	0.061161	0.763665	0.053125	0.774823	0.046097	0.786208	0.040385	0.797821
439.263890	0.224173	0.606332	0.215595	0.613953	0.206790	0.621766	0.197762	0.629772	0.188517	0.637972	0.179066	0.646370	0.169420	0.654969	0.159597	0.663769	0.149619	0.672774	0.139515	0.681986	0.129317	0.691408	0.119073	0.701041	0.108836	0.710887	0.098675	0.720949	0.088676	0.731228	0.078943	0.741727	0.069609	0.752448	0.060833	0.763393	0.052818	0.774562	0.045812	0.785958	0.040125	0.797583
439.753600	0.223701	0.605937	0.215126	0.613564	0.206324	0.621381	0.197300	0.629393	0.188059	0.637599	0.178613	0.646003	0.168972	0.654608	0.159155	0.663415	0.149184	0.672427	0.139087	0.681646	0.128898	0.691075	0.118663	0.700716	0.108437	0.710571	0.098289	0.720641	0.088302	0.730929	0.078585	0.741438	0.069267	0.752169	0.060509	0.763124	0.052514	0.774303	0.045531	0.785711	0.039869	0.797347
440.243190	0.223233	0.605545	0.214661	0.613177	0.205862	0.621000	0.196842	0.629016	0.187605	0.637228	0.178163	0.645638	0.168528	0.654249	0.158717	0.663062	0.148753	0.672082	0.138663	0.681308	0.128483	0.690744	0.118258	0.700393	0.108042	0.710256	0.097906	0.720335	0.087933	0.730633	0.078230	0.741151	0.068928	0.751891	0.060189	0.762856	0.052214	0.774047	0.045253	0.785465	0.039615	0.797113
440.732700	0.222768	0.605155	0.214200	0.612792	0.205404	0.620620	0.196387	0.628641	0.187155	0.636859	0.177717	0.645275	0.168087	0.653893	0.158283	0.662712	0.148325	0.671739	0.138243	0.680973	0.128071	0.690416	0.117855	0.700072	0.107650	0.709943	0.097526	0.720031	0.087567	0.730337	0.077879	0.740865	0.068593	0.751615	0.059872	0.762591	0.051917	0.773792	0.044977	0.785221	0.039364	0.796880
441.222080	0.222307	0.604768	0.213741	0.612410	0.204949	0.620243	0.195936	0.628270	0.186708	0.636493	0.177275	0.644915	0.167650	0.653539	0.157852	0.662365	0.147901	0.671398	0.137826	0.680639	0.127663	0.690090	0.117457	0.699754	0.107262	0.709632	0.097149	0.719729	0.087204	0.730044	0.077530	0.740581	0.068261	0.751341	0.059558	0.762326	0.051623	0.773538	0.044705	0.784978	0.039115	0.796648
441.711360	0.221850	0.604384	0.213287	0.612030	0.204498	0.619868	0.195488	0.627901	0.186264	0.636130	0.176836	0.644557	0.167216	0.653187	0.157424	0.662020	0.147480	0.671059	0.137413	0.680307	0.127259	0.689766	0.117062	0.699437	0.106878	0.709324	0.096776	0.719430	0.086844	0.729753	0.077185	0.740299	0.067931	0.751068	0.059246	0.762064	0.051331	0.773287	0.044435	0.784737	0.038870	0.796418
442.200560	0.221398	0.604004	0.212837	0.611655	0.204052	0.619498	0.195045	0.627536	0.185826	0.635770	0.176402	0.644203	0.166788	0.652839	0.157001	0.661678	0.147064	0.670724	0.137004	0.679979	0.126859	0.689445	0.116671	0.699124	0.106498	0.709019	0.096407	0.719133	0.086488	0.729465	0.076843	0.740020	0.067606	0.750799	0.058938	0.761804	0.051042	0.773037	0.044168	0.784499	0.038627	0.796191
442.689640	0.220951	0.603627	0.212393	0.611283	0.203610	0.619131	0.194607	0.627174	0.185392	0.635413	0.175973	0.643853	0.166364	0.652494	0.156584	0.661339	0.146652	0.670392	0.136600	0.679653	0.126463	0.689127	0.116285	0.698814	0.106121	0.708717	0.096043	0.718838	0.086136	0.729179	0.076506	0.739744	0.067285	0.750532	0.058634	0.761546	0.050758	0.772789	0.043905	0.784262	0.038387	0.795966
443.178620	0.220507	0.603252	0.211952	0.610913	0.203172	0.618766	0.194172	0.626814	0.184961	0.635059	0.175547	0.643504	0.165943	0.652151	0.156169	0.661002	0.146244	0.670062	0.136199	0.679330	0.126070	0.688811	0.115901	0.698505	0.105748	0.708416	0.095681	0.718545	0.085787	0.728895	0.076171	0.739469	0.066966	0.750266	0.058333	0.761291	0.050476	0.772543	0.043644	0.784027	0.038149	0.795742
443.667480	0.220065	0.602879	0.211513	0.610544	0.202736	0.618402	0.193740	0.626455	0.184532	0.634706	0.175123	0.643156	0.165525	0.651809	0.155756	0.660667	0.145838	0.669733	0.135801	0.679008	0.125679	0.688496	0.115520	0.698198	0.105377	0.708116	0.095322	0.718254	0.085441	0.728613	0.075839	0.739195	0.066648	0.750001	0.058034	0.761036	0.050196	0.772299	0.043386	0.783792	0.037914	0.795519
444.156250	0.219625	0.602507	0.211075	0.610177	0.202302	0.618039	0.193310	0.626098	0.184106	0.634354	0.174702	0.642810	0.165108	0.651468	0.155345	0.660333	0.145434	0.669405	0.135404	0.678687	0.125291	0.688182	0.115141	0.697891	0.105008	0.707818	0.094965	0.717963	0.085096	0.728331	0.075509	0.738922	0.066334	0.749738	0.057736	0.760782	0.049918	0.772055	0.043129	0.783558	0.037681	0.795296
444.644930	0.219188	0.602138	0.210641	0.609811	0.201871	0.617679	0.192882	0.625743	0.183683	0.634004	0.174283	0.642465	0.164695	0.651130	0.154937	0.660000	0.145033	0.669079	0.135010	0.678368	0.124906	0.687869	0.114764	0.697586	0.104643	0.707520	0.094611	0.717674	0.084754	0.728050	0.075180	0.738650	0.066022	0.749475	0.057441	0.760529	0.049642	0.771812	0.042875	0.783326	0.037449	0.795074
445.133480	0.218755	0.601771	0.210211	0.609449	0.201444	0.617322	0.192459	0.625390	0.183264	0.633657	0.173868	0.642124	0.164286	0.650795	0.154533	0.659670	0.144636	0.668756	0.134620	0.678051	0.124524	0.687560	0.114392	0.697284	0.104280	0.707226	0.094259	0.717388	0.084415	0.727772	0.074856	0.738381	0.065713	0.749215	0.057150	0.760278	0.049369	0.771570	0.042622	0.783096	0.037221	0.794854
445.621920	0.218328	0.601408	0.209786	0.609091	0.201022	0.616968	0.192040	0.625041	0.182850	0.633313	0.173458	0.641785	0.163880	0.650462	0.154134	0.659344	0.144243	0.668435	0.134235	0.677738	0.124147	0.687254	0.114023	0.696985	0.103922	0.706934	0.093913	0.717104	0.084081	0.727497	0.074535	0.738114	0.065408	0.748958	0.056862	0.760029	0.049100	0.771333	0.042373	0.782868	0.036995	0.794637
446.110290	0.217905	0.601049	0.209367	0.608737	0.200605	0.616618	0.191627	0.624696	0.182440	0.632974	0.173053	0.641451	0.163480	0.650133	0.153740	0.659021	0.143855	0.668119	0.133855	0.677428	0.123774	0.686951	0.113659	0.696690	0.103569	0.706646	0.093570	0.716824	0.083751	0.727225	0.074219	0.737850	0.065106	0.748703	0.056577	0.759784	0.048834	0.771097	0.042128	0.782642	0.036772	0.794422
446.598510	0.217487	0.600695	0.208951	0.608387	0.200193	0.616273	0.191219	0.624355	0.182035	0.632637	0.172653	0.641120	0.163085	0.649808	0.153350	0.658702	0.143472	0.667806	0.133478	0.677121	0.123406	0.686651	0.113300	0.696397	0.103219	0.706361	0.093231	0.716546	0.083424	0.726955	0.073906	0.737589	0.064809	0.748450	0.056296	0.759541	0.048572	0.770863	0.041886	0.782419	0.036552	0.794209
447.086670	0.217071	0.600342	0.208539	0.608038	0.199784	0.615929	0.190813	0.624016	0.181633	0.632303	0.172256	0.640792	0.162693	0.649485	0.152963	0.658385	0.143092	0.667495	0.133105	0.676816	0.123040	0.686352	0.112944	0.696105	0.102873	0.706077	0.092896	0.716270	0.083101	0.726686	0.073596	0.737329	0.064514	0.748200	0.056018	0.759299	0.048312	0.770631	0.041647	0.782197	0.036334	0.793997
447.574710	0.216658	0.599991	0.208128	0.607691	0.199376	0.615586	0.190409	0.623678	0.181233	0.631970	0.171860	0.640464	0.162303	0.649163	0.152579	0.658069	0.142713	0.667185	0.132733	0.676512	0.122677	0.686055	0.112589	0.695815	0.102527	0.705794	0.092562	0.715995	0.082779	0.726419	0.073288	0.737070	0.064221	0.747949	0.055742	0.759058	0.048053	0.770400	0.041408	0.781975	0.036118	0.793786
448.062620	0.216247	0.599640	0.207720	0.607345	0.198971	0.615244	0.190006	0.623341	0.180835	0.631638	0.171467	0.640137	0.161914	0.648842	0.152196	0.657754	0.142337	0.666875	0.132364	0.676209	0.122315	0.685759	0.112236	0.695526	0.102184	0.705512	0.092229	0.715721	0.082459	0.726153	0.072982	0.736812	0.063930	0.747700	0.055467	0.758818	0.047796	0.770169	0.041171	0.781755	0.035904	0.793575
448.550480	0.215838	0.599291	0.207313	0.607000	0.198567	0.614904	0.189607	0.623006	0.180439	0.631307	0.171075	0.639812	0.161527	0.648522	0.151815	0.657439	0.141962	0.666567	0.131996	0.675908	0.121955	0.685464	0.111885	0.695238	0.101843	0.705231	0.091899	0.715447	0.082142	0.725888	0.072678	0.736555	0.063640	0.747452	0.055193	0.758579	0.047541	0.769939	0.040936	0.781534	0.035690	0.793365
449.038180	0.215433	0.598945	0.206911	0.606658	0.198168	0.614567	0.189211	0.622673	0.180047	0.630979	0.170687	0.639489	0.161144	0.648204	0.151439	0.657128	0.141591	0.666261	0.131633	0.675609	0.121599	0.685171	0.111538	0.694952	0.101506	0.704952	0.091573	0.715176	0.081828	0.725625	0.072377	0.736300	0.063354	0.747206	0.054923	0.758342	0.047289	0.769711	0.040704	0.781316	0.035480	0.793158
449.525820	0.215033	0.598603	0.206513	0.606321	0.197774	0.614233	0.188820	0.622344	0.179660	0.630656	0.170304	0.639170	0.160767	0.647891	0.151066	0.656820	0.141225	0.665960	0.131274	0.675313	0.121248	0.684882	0.111196	0.694669	0.101172	0.704677	0.091250	0.714909	0.081517	0.725364	0.072079	0.736048	0.063071	0.746962	0.054657	0.758107	0.047041	0.769486	0.040475	0.781100	0.035272	0.792952
450.013340	0.214636	0.598264	0.206118	0.605985	0.197382	0.613902	0.188432	0.622017	0.179276	0.630334	0.169925	0.638853	0.160392	0.647579	0.150697	0.656514	0.140862	0.665660	0.130917	0.675019	0.120899	0.684594	0.110856	0.694388	0.100842	0.704404	0.090930	0.714643	0.081209	0.725106	0.071784	0.735798	0.062790	0.746720	0.054393	0.757875	0.046794	0.769262	0.040248	0.780886	0.035066	0.792747
450.500730	0.214240	0.597924	0.205725	0.605650	0.196992	0.613571	0.188045	0.621691	0.178893	0.630013	0.169546	0.638538	0.160018	0.647269	0.150328	0.656209	0.140500	0.665360	0.130562	0.674726	0.120552	0.684308	0.110517	0.694108	0.100513	0.704131	0.090612	0.714377	0.080902	0.724848	0.071490	0.735548	0.062511	0.746479	0.054130	0.757642	0.046549	0.769038	0.040022	0.780672	0.034862	0.792543
450.988070	0.213848	0.597587	0.205335	0.605317	0.196604	0.613243	0.187661	0.621368	0.178513	0.629694	0.169170	0.638224	0.159647	0.646960	0.149963	0.655905	0.140141	0.665062	0.130210	0.674434	0.120207	0.684023	0.110181	0.693830	0.100187	0.703860	0.090297	0.714112	0.080598	0.724592	0.071199	0.735300	0.062235	0.746239	0.053869	0.757411	0.046306	0.768816	0.039798	0.780459	0.034660	0.792341
451.475250	0.213459	0.597254	0.204950	0.604988	0.196222	0.612919	0.187282	0.621048	0.178138	0.629378	0.168800	0.637913	0.159281	0.646654	0.149603	0.655606	0.139786	0.664768	0.129862	0.674146	0.119868	0.683741	0.109850	0.693555	0.099865	0.703592	0.089985	0.713852	0.080298	0.724339	0.070912	0.735054	0.061962	0.746002	0.053612	0.757182	0.046066	0.768597	0.039578	0.780249	0.034461	0.792141
451.962370	0.213075	0.596924	0.204568	0.604662	0.195843	0.612597	0.186907	0.620731	0.177766	0.629065	0.168432	0.637605	0.158919	0.646351	0.149246	0.655308	0.139435	0.664476	0.129518	0.673860	0.119531	0.683462	0.109521	0.693282	0.099546	0.703326	0.089676	0.713593	0.080001	0.724087	0.070628	0.734811	0.061692	0.745766	0.053358	0.756956	0.045829	0.768379	0.039360	0.780041	0.034263	0.791942
452.449340	0.212692	0.596595	0.204188	0.604337	0.195466	0.612276	0.186533	0.620414	0.177395	0.628753	0.168066	0.637298	0.158558	0.646050	0.148890	0.655012	0.139085	0.664186	0.129174	0.673575	0.119195	0.683183	0.109194	0.693010	0.099228	0.703060	0.089369	0.713335	0.079705	0.723836	0.070345	0.734568	0.061423	0.745531	0.053104	0.756729	0.045594	0.768161	0.039143	0.779833	0.034067	0.791744
452.936250	0.212311	0.596268	0.203809	0.604013	0.195091	0.611956	0.186160	0.620098	0.177027	0.628443	0.167701	0.636992	0.158199	0.645749	0.148536	0.654716	0.138737	0.663896	0.128833	0.673292	0.118861	0.682905	0.108868	0.692738	0.098912	0.702795	0.089064	0.713078	0.079411	0.723587	0.070064	0.734327	0.061156	0.745297	0.052853	0.756503	0.045359	0.767945	0.038928	0.779626	0.033872	0.791546
453.423030	0.211933	0.595943	0.203434	0.603692	0.194719	0.611639	0.185792	0.619785	0.176663	0.628134	0.167341	0.636689	0.157843	0.645451	0.148185	0.654424	0.138393	0.663608	0.128496	0.673011	0.118532	0.682630	0.108547	0.692470	0.098600	0.702533	0.088762	0.712823	0.079120	0.723339	0.069786	0.734086	0.060892	0.745066	0.052604	0.756280	0.045128	0.767731	0.038715	0.779421	0.033680	0.791350
453.909730	0.211559	0.595621	0.203063	0.603374	0.194350	0.611324	0.185427	0.619475	0.176302	0.627828	0.166985	0.636388	0.157490	0.645155	0.147838	0.654133	0.138052	0.663324	0.128162	0.672732	0.118205	0.682356	0.108229	0.692203	0.098290	0.702273	0.088462	0.712570	0.078832	0.723093	0.069511	0.733848	0.060630	0.744835	0.052358	0.756059	0.044898	0.767518	0.038504	0.779217	0.033490	0.791156
454.396300	0.211188	0.595300	0.202694	0.603057	0.193984	0.611012	0.185065	0.619167	0.175943	0.627525	0.166630	0.636089	0.157140	0.644861	0.147494	0.653844	0.137714	0.663041	0.127830	0.672454	0.117881	0.682085	0.107913	0.691938	0.097983	0.702015	0.088165	0.712318	0.078547	0.722849	0.069238	0.733611	0.060371	0.744607	0.052114	0.755839	0.044671	0.767307	0.038295	0.779014	0.033301	0.790962
454.882780	0.210819	0.594981	0.202327	0.602742	0.193621	0.610701	0.184704	0.618860	0.175586	0.627223	0.166277	0.635791	0.156793	0.644568	0.147151	0.653556	0.137377	0.662759	0.127499	0.672178	0.117558	0.681815	0.107598	0.691675	0.097677	0.701758	0.087870	0.712067	0.078263	0.722607	0.068966	0.733376	0.060113	0.744380	0.051871	0.755619	0.044445	0.767096	0.038088	0.778812	0.033114	0.790769
455.369140	0.210451	0.594662	0.201962	0.602427	0.193258	0.610390	0.184344	0.618553	0.175230	0.626921	0.165925	0.635494	0.156446	0.644276	0.146810	0.653269	0.137042	0.662477	0.127171	0.671902	0.117236	0.681545	0.107284	0.691411	0.097374	0.701501	0.087576	0.711817	0.077981	0.722364	0.068696	0.733141	0.059856	0.744152	0.051630	0.755399	0.044221	0.766885	0.037882	0.778610	0.032928	0.790577
455.855410	0.210085	0.594345	0.201599	0.602114	0.192897	0.610081	0.183987	0.618249	0.174877	0.626621	0.165577	0.635198	0.156102	0.643986	0.146471	0.652984	0.136708	0.662197	0.126844	0.671627	0.116917	0.681277	0.106974	0.691148	0.097072	0.701246	0.087284	0.711568	0.077700	0.722122	0.068427	0.732907	0.059602	0.743926	0.051391	0.755181	0.043998	0.766676	0.037677	0.778410	0.032744	0.790386
456.341580	0.209724	0.594033	0.201240	0.601805	0.192542	0.609776	0.183635	0.617948	0.174528	0.626324	0.165232	0.634906	0.155762	0.643698	0.146136	0.652702	0.136379	0.661920	0.126522	0.671356	0.116602	0.681012	0.106667	0.690889	0.096774	0.700993	0.086996	0.711323	0.077423	0.721884	0.068162	0.732676	0.059351	0.743702	0.051154	0.754966	0.043778	0.766469	0.037476	0.778212	0.032562	0.790198
456.827640	0.209366	0.593723	0.200885	0.601499	0.192190	0.609473	0.183286	0.617650	0.174182	0.626030	0.164891	0.634617	0.155425	0.643413	0.145804	0.652422	0.136053	0.661646	0.126203	0.671087	0.116289	0.680748	0.106363	0.690633	0.096478	0.700742	0.086711	0.711079	0.077148	0.721647	0.067901	0.732446	0.059103	0.743480	0.050921	0.754753	0.043561	0.766263	0.037276	0.778015	0.032382	0.790010
457.313600	0.209009	0.593413	0.200530	0.601192	0.191838	0.609171	0.182937	0.617352	0.173838	0.625736	0.164550	0.634327	0.155089	0.643128	0.145474	0.652143	0.135729	0.661372	0.125885	0.670819	0.115978	0.680486	0.106059	0.690376	0.096184	0.700492	0.086427	0.710836	0.076875	0.721410	0.067640	0.732217	0.058855	0.743259	0.050688	0.754539	0.043344	0.766058	0.037078	0.777818	0.032204	0.789823
457.799440	0.208653	0.593104	0.200178	0.600887	0.191488	0.608870	0.182591	0.617055	0.173494	0.625443	0.164211	0.634039	0.154755	0.642845	0.145145	0.651864	0.135405	0.661099	0.125568	0.670551	0.115669	0.680224	0.105758	0.690120	0.095892	0.700242	0.086144	0.710594	0.076603	0.721175	0.067380	0.731989	0.058609	0.743039	0.050457	0.754326	0.043129	0.765854	0.036881	0.777623	0.032027	0.789637
458.285190	0.208301	0.592798	0.199829	0.600585	0.191141	0.608572	0.182248	0.616761	0.173156	0.625153	0.163876	0.633754	0.154425	0.642565	0.144820	0.651589	0.135086	0.660829	0.125255	0.670286	0.115363	0.679965	0.105459	0.689867	0.095603	0.699995	0.085864	0.710353	0.076335	0.720941	0.067124	0.731763	0.058366	0.742820	0.050228	0.754116	0.042917	0.765652	0.036686	0.777430	0.031851	0.789452
458.770840	0.207953	0.592496	0.199483	0.600287	0.190799	0.608277	0.181909	0.616469	0.172821	0.624867	0.163545	0.633472	0.154098	0.642287	0.144498	0.651316	0.134770	0.660561	0.124945	0.670023	0.115060	0.679709	0.105165	0.689617	0.095316	0.699751	0.085588	0.710115	0.076070	0.720710	0.066870	0.731539	0.058125	0.742604	0.050002	0.753907	0.042707	0.765451	0.036493	0.777237	0.031678	0.789268
459.256380	0.207607	0.592195	0.199139	0.599989	0.190458	0.607983	0.181572	0.616179	0.172486	0.624581	0.163215	0.633190	0.153772	0.642010	0.144178	0.651044	0.134455	0.660294	0.124636	0.669762	0.114759	0.679453	0.104871	0.689367	0.095032	0.699507	0.085313	0.709878	0.075805	0.720479	0.066618	0.731316	0.057886	0.742388	0.049777	0.753699	0.042498	0.765251	0.036302	0.777046	0.031505	0.789086
459.741790	0.207262	0.591893	0.198796	0.599691	0.190118	0.607689	0.181235	0.615889	0.172153	0.624295	0.162886	0.632909	0.153447	0.641734	0.143858	0.650773	0.134142	0.660027	0.124329	0.669501	0.114459	0.679197	0.104579	0.689117	0.094749	0.699264	0.085039	0.709641	0.075542	0.720249	0.066367	0.731093	0.057648	0.742173	0.049554	0.753492	0.042291	0.765052	0.036112	0.776855	0.031334	0.788904
460.227140	0.206921	0.591595	0.198457	0.599397	0.189782	0.607398	0.180901	0.615602	0.171823	0.624012	0.162560	0.632630	0.153126	0.641460	0.143542	0.650503	0.133831	0.659763	0.124025	0.669242	0.114162	0.678944	0.104290	0.688870	0.094468	0.699024	0.084769	0.709406	0.075282	0.720022	0.066118	0.730872	0.057412	0.741959	0.049333	0.753286	0.042085	0.764854	0.035924	0.776666	0.031165	0.788724
460.712370	0.206582	0.591300	0.198122	0.599105	0.189449	0.607110	0.180571	0.615319	0.171497	0.623732	0.162238	0.632355	0.152809	0.641189	0.143229	0.650237	0.133524	0.659502	0.123724	0.668986	0.113868	0.678694	0.104004	0.688625	0.094191	0.698785	0.084501	0.709174	0.075025	0.719796	0.065872	0.730654	0.057179	0.741748	0.049114	0.753082	0.041882	0.764658	0.035738	0.776479	0.030998	0.788545
461.197480	0.206246	0.591007	0.197788	0.598815	0.189118	0.606823	0.180244	0.615036	0.171173	0.623454	0.161918	0.632081	0.152494	0.640919	0.142919	0.649972	0.133219	0.659242	0.123426	0.668731	0.113576	0.678445	0.103719	0.688382	0.093915	0.698547	0.084235	0.708943	0.074769	0.719572	0.065628	0.730437	0.056948	0.741538	0.048897	0.752880	0.041680	0.764464	0.035554	0.776292	0.030833	0.788367
461.682500	0.205911	0.590714	0.197455	0.598525	0.188788	0.606538	0.179917	0.614754	0.170850	0.623176	0.161599	0.631807	0.152179	0.640650	0.142609	0.649707	0.132915	0.658983	0.123128	0.668477	0.113286	0.678196	0.103437	0.688139	0.093640	0.698310	0.083970	0.708713	0.074514	0.719347	0.065385	0.730219	0.056718	0.741328	0.048681	0.752677	0.041480	0.764269	0.035371	0.776106	0.030668	0.788189
462.167420	0.205577	0.590421	0.197124	0.598236	0.188460	0.606253	0.179592	0.614472	0.170528	0.622898	0.161281	0.631534	0.151866	0.640381	0.142301	0.649443	0.132613	0.658724	0.122832	0.668224	0.112996	0.677947	0.103155	0.687896	0.093367	0.698073	0.083706	0.708482	0.074261	0.719124	0.065144	0.730002	0.056489	0.741119	0.048466	0.752475	0.041280	0.764075	0.035188	0.775920	0.030505	0.788012
462.652220	0.205245	0.590130	0.196794	0.597948	0.188133	0.605969	0.179268	0.614192	0.170208	0.622622	0.160965	0.631261	0.151554	0.640113	0.141994	0.649180	0.132311	0.658465	0.122536	0.667971	0.112708	0.677699	0.102875	0.687654	0.093095	0.697838	0.083443	0.708253	0.074008	0.718902	0.064903	0.729786	0.056261	0.740910	0.048253	0.752274	0.041083	0.763882	0.035007	0.775735	0.030343	0.787835
463.136930	0.204915	0.589841	0.196467	0.597663	0.187809	0.605687	0.178947	0.613914	0.169891	0.622348	0.160652	0.630991	0.151245	0.639847	0.141690	0.648920	0.132013	0.658209	0.122244	0.667720	0.112423	0.677454	0.102597	0.687415	0.092825	0.697604	0.083183	0.708025	0.073759	0.718681	0.064665	0.729572	0.056036	0.740703	0.048042	0.752075	0.040887	0.763690	0.034828	0.775551	0.030182	0.787660
463.621520	0.204590	0.589555	0.196144	0.597380	0.187489	0.605407	0.178629	0.613638	0.169577	0.622076	0.160342	0.630724	0.150939	0.639585	0.141389	0.648662	0.131718	0.657956	0.121955	0.667472	0.112140	0.677211	0.102322	0.687177	0.092559	0.697373	0.082926	0.707800	0.073512	0.718462	0.064430	0.729360	0.055813	0.740497	0.047832	0.751877	0.040693	0.763500	0.034651	0.775369	0.030022	0.787486
464.106020	0.204266	0.589271	0.195823	0.597100	0.187170	0.605129	0.178314	0.613364	0.169265	0.621806	0.160034	0.630459	0.150636	0.639324	0.141091	0.648405	0.131425	0.657704	0.121668	0.667225	0.111860	0.676970	0.102049	0.686941	0.092295	0.697143	0.082671	0.707576	0.073268	0.718244	0.064196	0.729149	0.055592	0.740293	0.047625	0.751680	0.040501	0.763312	0.034476	0.775188	0.029865	0.787314
464.590420	0.203945	0.588988	0.195504	0.596820	0.186854	0.604853	0.178001	0.613092	0.168955	0.621538	0.159728	0.630195	0.150334	0.639064	0.140794	0.648149	0.131133	0.657453	0.121383	0.666979	0.111581	0.676730	0.101778	0.686707	0.092032	0.696914	0.082417	0.707353	0.073024	0.718028	0.063964	0.728940	0.055372	0.740091	0.047419	0.751485	0.040310	0.763124	0.034302	0.775008	0.029709	0.787143
465.074710	0.203625	0.588707	0.195186	0.596541	0.186539	0.604579	0.177689	0.612821	0.168647	0.621271	0.159423	0.629931	0.150034	0.638805	0.140500	0.647895	0.130843	0.657204	0.121099	0.666734	0.111304	0.676490	0.101509	0.686473	0.091771	0.696686	0.082165	0.707131	0.072783	0.717812	0.063734	0.728731	0.055154	0.739889	0.047215	0.751290	0.040120	0.762936	0.034128	0.774829	0.029554	0.786972
465.558900	0.203307	0.588427	0.194871	0.596265	0.186226	0.604306	0.177379	0.612552	0.168341	0.621005	0.159121	0.629669	0.149736	0.638548	0.140207	0.647642	0.130556	0.656956	0.120818	0.666491	0.111030	0.676252	0.101241	0.686241	0.091512	0.696460	0.081915	0.706911	0.072543	0.717597	0.063505	0.728523	0.054938	0.739688	0.047012	0.751097	0.039933	0.762750	0.033956	0.774652	0.029401	0.786801
466.042970	0.202991	0.588148	0.194557	0.595990	0.185916	0.604034	0.177072	0.612283	0.168037	0.620741	0.158820	0.629409	0.149441	0.638291	0.139915	0.647391	0.130271	0.656709	0.120538	0.666250	0.110757	0.676015	0.100975	0.686010	0.091254	0.696234	0.081667	0.706692	0.072305	0.717384	0.063278	0.728316	0.054723	0.739488	0.046810	0.750904	0.039747	0.762565	0.033786	0.774474	0.029248	0.786632
466.526950	0.202677	0.587871	0.194245	0.595716	0.185607	0.603763	0.176766	0.612016	0.167734	0.620477	0.158522	0.629150	0.149146	0.638036	0.139626	0.647140	0.129986	0.656463	0.120260	0.666009	0.110485	0.675779	0.100712	0.685779	0.090998	0.696009	0.081421	0.706473	0.072068	0.717172	0.063052	0.728110	0.054510	0.739290	0.046610	0.750712	0.039561	0.762380	0.033617	0.774297	0.029097	0.786464
467.010830	0.202364	0.587595	0.193935	0.595443	0.185299	0.603494	0.176462	0.611750	0.167433	0.620215	0.158225	0.628892	0.148853	0.637782	0.139338	0.646890	0.129704	0.656219	0.119983	0.665769	0.110215	0.675545	0.100449	0.685550	0.090744	0.695785	0.081176	0.706255	0.071833	0.716960	0.062828	0.727905	0.054298	0.739092	0.046412	0.750521	0.039377	0.762197	0.033449	0.774121	0.028947	0.786296
467.494600	0.202053	0.587320	0.193627	0.595172	0.184993	0.603226	0.176160	0.611486	0.167134	0.619955	0.157930	0.628636	0.148563	0.637530	0.139052	0.646643	0.129423	0.655975	0.119708	0.665530	0.109947	0.675311	0.100189	0.685321	0.090492	0.695562	0.080932	0.706038	0.071599	0.716750	0.062605	0.727701	0.054088	0.738894	0.046215	0.750331	0.039194	0.762014	0.033283	0.773946	0.028798	0.786129
467.978240	0.201746	0.587048	0.193322	0.594903	0.184691	0.602961	0.175860	0.611224	0.166838	0.619697	0.157638	0.628381	0.148275	0.637280	0.138769	0.646397	0.129145	0.655734	0.119436	0.665294	0.109682	0.675080	0.099931	0.685095	0.090242	0.695342	0.080691	0.705824	0.071367	0.716541	0.062385	0.727499	0.053879	0.738699	0.046020	0.750142	0.039014	0.761833	0.033118	0.773773	0.028652	0.785963
468.461820	0.201442	0.586779	0.193020	0.594637	0.184392	0.602698	0.175565	0.610965	0.166546	0.619442	0.157350	0.628130	0.147990	0.637033	0.138489	0.646154	0.128871	0.655495	0.119168	0.665060	0.109420	0.674852	0.099675	0.684872	0.089995	0.695124	0.080453	0.705611	0.071139	0.716335	0.062167	0.727299	0.053674	0.738505	0.045827	0.749956	0.038836	0.761654	0.032956	0.773601	0.028506	0.785800
468.945280	0.201139	0.586511	0.192720	0.594372	0.184095	0.602437	0.175270	0.610707	0.166255	0.619188	0.157063	0.627879	0.147707	0.636787	0.138211	0.645911	0.128598	0.655258	0.118901	0.664827	0.109160	0.674624	0.099422	0.684649	0.089750	0.694908	0.080216	0.705400	0.070913	0.716130	0.061951	0.727101	0.053469	0.738313	0.045636	0.749771	0.038659	0.761476	0.032795	0.773430	0.028361	0.785638
469.428620	0.200836	0.586242	0.192419	0.594106	0.183796	0.602174	0.174975	0.610448	0.165963	0.618932	0.156774	0.627628	0.147423	0.636539	0.137931	0.645668	0.128324	0.655019	0.118633	0.664594	0.108898	0.674395	0.099168	0.684426	0.089504	0.694689	0.079978	0.705187	0.070685	0.715924	0.061734	0.726901	0.053264	0.738120	0.045444	0.749585	0.038482	0.761297	0.032634	0.773259	0.028217	0.785473
469.911870	0.200534	0.585974	0.192119	0.593841	0.183499	0.601911	0.174680	0.610190	0.165673	0.618677	0.156487	0.627376	0.147140	0.636292	0.137653	0.645426	0.128051	0.654781	0.118366	0.664360	0.108637	0.674166	0.098915	0.684202	0.089258	0.694471	0.079742	0.704975	0.070458	0.715718	0.061518	0.726701	0.053061	0.737927	0.045253	0.749399	0.038306	0.761118	0.032473	0.773088	0.028075	0.785310
470.395020	0.200236	0.585709	0.191824	0.593580	0.183206	0.601653	0.174391	0.609935	0.165387	0.618426	0.156205	0.627129	0.146862	0.636048	0.137380	0.645187	0.127783	0.654547	0.118103	0.664130	0.108381	0.673942	0.098666	0.683983	0.089017	0.694257	0.079509	0.704767	0.070235	0.715516	0.061306	0.726505	0.052860	0.737737	0.045066	0.749215	0.038132	0.760942	0.032315	0.772919	0.027934	0.785149
470.878050	0.199941	0.585448	0.191532	0.593321	0.182917	0.601398	0.174104	0.609683	0.165103	0.618178	0.155925	0.626885	0.146587	0.635808	0.137109	0.644951	0.127517	0.654315	0.117844	0.663902	0.108128	0.673719	0.098419	0.683765	0.088778	0.694045	0.079280	0.704560	0.070015	0.715315	0.061096	0.726310	0.052662	0.737549	0.044881	0.749034	0.037960	0.760767	0.032159	0.772752	0.027794	0.784990
471.360990	0.199647	0.585186	0.191240	0.593062	0.182628	0.601143	0.173818	0.609430	0.164820	0.617929	0.155646	0.626640	0.146312	0.635567	0.136839	0.644714	0.127252	0.654082	0.117584	0.663674	0.107875	0.673496	0.098173	0.683547	0.088540	0.693832	0.079050	0.704353	0.069794	0.715113	0.060886	0.726115	0.052464	0.737360	0.044695	0.748852	0.037789	0.760593	0.032004	0.772585	0.027655	0.784831
471.843810	0.199353	0.584924	0.190948	0.592803	0.182338	0.600887	0.173532	0.609178	0.164537	0.617680	0.155367	0.626395	0.146037	0.635326	0.136568	0.644476	0.126987	0.653849	0.117325	0.663446	0.107622	0.673273	0.097927	0.683329	0.088302	0.693620	0.078821	0.704147	0.069575	0.714912	0.060677	0.725920	0.052267	0.737172	0.044510	0.748671	0.037619	0.760418	0.031849	0.772418	0.027517	0.784671
472.326540	0.199061	0.584664	0.190658	0.592546	0.182051	0.600633	0.173248	0.608928	0.164257	0.617433	0.155090	0.626152	0.145764	0.635086	0.136300	0.644241	0.126725	0.653618	0.117067	0.663220	0.107371	0.673051	0.097683	0.683113	0.088066	0.693408	0.078593	0.703941	0.069357	0.714712	0.060470	0.725726	0.052071	0.736984	0.044328	0.748490	0.037450	0.760245	0.031695	0.772252	0.027381	0.784512
472.809170	0.198772	0.584406	0.190371	0.592292	0.181767	0.600382	0.172967	0.608680	0.163979	0.617188	0.154816	0.625911	0.145494	0.634849	0.136035	0.644008	0.126464	0.653390	0.116813	0.662996	0.107122	0.672832	0.097442	0.682898	0.087833	0.693199	0.078368	0.703737	0.069142	0.714515	0.060265	0.725534	0.051877	0.736799	0.044147	0.748311	0.037283	0.760073	0.031544	0.772087	0.027245	0.784355
473.291690	0.198486	0.584151	0.190088	0.592040	0.181487	0.600133	0.172689	0.608434	0.163704	0.616946	0.154544	0.625672	0.145227	0.634614	0.135773	0.643778	0.126207	0.653163	0.116561	0.662774	0.106877	0.672615	0.097203	0.682686	0.087602	0.692992	0.078146	0.703535	0.068928	0.714319	0.060063	0.725344	0.051686	0.736615	0.043968	0.748134	0.037117	0.759902	0.031393	0.771924	0.027111	0.784199
473.774110	0.198202	0.583898	0.189807	0.591789	0.181208	0.599885	0.172412	0.608189	0.163431	0.616705	0.154275	0.625434	0.144962	0.634381	0.135512	0.643548	0.125951	0.652938	0.116311	0.662553	0.106633	0.672399	0.096967	0.682476	0.087372	0.692786	0.077924	0.703335	0.068717	0.714124	0.059861	0.725155	0.051496	0.736432	0.043790	0.747958	0.036954	0.759733	0.031244	0.771762	0.026979	0.784045
474.256410	0.197918	0.583644	0.189525	0.591538	0.180929	0.599637	0.172136	0.607945	0.163158	0.616464	0.154006	0.625196	0.144697	0.634148	0.135251	0.643319	0.125695	0.652713	0.116061	0.662333	0.106389	0.672183	0.096730	0.682265	0.087143	0.692580	0.077704	0.703134	0.068506	0.713929	0.059660	0.724967	0.051306	0.736250	0.043613	0.747781	0.036790	0.759564	0.031095	0.771599	0.026847	0.783889
474.738620	0.197635	0.583390	0.189244	0.591287	0.180650	0.599390	0.171860	0.607701	0.162886	0.616223	0.153738	0.624959	0.144433	0.633914	0.134991	0.643089	0.125440	0.652488	0.115811	0.662112	0.106146	0.671967	0.096493	0.682053	0.086914	0.692374	0.077483	0.702934	0.068295	0.713734	0.059460	0.724778	0.051117	0.736067	0.043436	0.747605	0.036627	0.759394	0.030948	0.771437	0.026715	0.783734
475.220700	0.197354	0.583138	0.188965	0.591039	0.180374	0.599144	0.171587	0.607458	0.162616	0.615984	0.153472	0.624724	0.144170	0.633682	0.134733	0.642861	0.125188	0.652264	0.115564	0.661893	0.105905	0.671752	0.096259	0.681843	0.086688	0.692170	0.077266	0.702735	0.068086	0.713541	0.059261	0.724591	0.050929	0.735886	0.043261	0.747430	0.036465	0.759226	0.030801	0.771276	0.026585	0.783581
475.702700	0.197076	0.582889	0.188689	0.590792	0.180101	0.598901	0.171317	0.607218	0.162349	0.615748	0.153208	0.624491	0.143910	0.633453	0.134479	0.642636	0.124938	0.652042	0.115320	0.661676	0.105667	0.671540	0.096028	0.681636	0.086464	0.691967	0.077050	0.702538	0.067880	0.713350	0.059065	0.724405	0.050744	0.735707	0.043088	0.747257	0.036306	0.759060	0.030656	0.771117	0.026456	0.783429
476.184600	0.196799	0.582641	0.188415	0.590547	0.179829	0.598658	0.171048	0.606978	0.162083	0.615511	0.152946	0.624259	0.143652	0.633224	0.134225	0.642411	0.124689	0.651821	0.115077	0.661460	0.105430	0.671328	0.095798	0.681429	0.086241	0.691766	0.076836	0.702342	0.067674	0.713159	0.058869	0.724220	0.050559	0.735527	0.042916	0.747085	0.036147	0.758894	0.030512	0.770958	0.026328	0.783278
476.666380	0.196522	0.582393	0.188141	0.590302	0.179558	0.598417	0.170780	0.606739	0.161818	0.615275	0.152684	0.624027	0.143395	0.632996	0.133972	0.642187	0.124441	0.651601	0.114835	0.661245	0.105194	0.671116	0.095568	0.681222	0.086019	0.691565	0.076622	0.702145	0.067470	0.712968	0.058675	0.724035	0.050376	0.735349	0.042745	0.746913	0.035990	0.758728	0.030369	0.770799	0.026201	0.783126
477.148070	0.196248	0.582148	0.187869	0.590059	0.179289	0.598176	0.170514	0.606502	0.161555	0.615041	0.152425	0.623796	0.143140	0.632770	0.133721	0.641964	0.124195	0.651383	0.114594	0.661030	0.104959	0.670907	0.095340	0.681017	0.085799	0.691365	0.076410	0.701950	0.067267	0.712779	0.058482	0.723852	0.050194	0.735172	0.042575	0.746742	0.035833	0.758564	0.030228	0.770642	0.026076	0.782976
477.629670	0.195977	0.581904	0.187600	0.589818	0.179022	0.597938	0.170250	0.606268	0.161294	0.614810	0.152168	0.623568	0.142887	0.632545	0.133472	0.641743	0.123952	0.651167	0.114356	0.660818	0.104727	0.670699	0.095115	0.680815	0.085581	0.691167	0.076200	0.701758	0.067066	0.712592	0.058291	0.723670	0.050015	0.734996	0.042407	0.746572	0.035678	0.758401	0.030087	0.770486	0.025951	0.782827
478.111150	0.195707	0.581661	0.187332	0.589577	0.178757	0.597700	0.169987	0.606034	0.161035	0.614580	0.151912	0.623340	0.142635	0.632321	0.133225	0.641523	0.123709	0.650951	0.114118	0.660606	0.104496	0.670492	0.094890	0.680612	0.085364	0.690969	0.075991	0.701566	0.066866	0.712405	0.058101	0.723488	0.049836	0.734820	0.042240	0.746403	0.035524	0.758239	0.029948	0.770330	0.025827	0.782679
478.592500	0.195436	0.581418	0.187065	0.589337	0.178491	0.597463	0.169725	0.605800	0.160775	0.614348	0.151656	0.623113	0.142383	0.632097	0.132978	0.641303	0.123466	0.650734	0.113881	0.660394	0.104265	0.670285	0.094666	0.680410	0.085147	0.690772	0.075782	0.701373	0.066666	0.712218	0.057912	0.723307	0.049657	0.734645	0.042073	0.746234	0.035371	0.758076	0.029809	0.770174	0.025704	0.782530
479.073760	0.195168	0.581176	0.186798	0.589098	0.178228	0.597227	0.169464	0.605566	0.160518	0.614118	0.151402	0.622886	0.142133	0.631874	0.132733	0.641085	0.123225	0.650519	0.113646	0.660183	0.104036	0.670079	0.094443	0.680208	0.084931	0.690575	0.075575	0.701182	0.066468	0.712032	0.057723	0.723126	0.049479	0.734470	0.041908	0.746065	0.035219	0.757914	0.029671	0.770018	0.025581	0.782381
479.554930	0.194902	0.580937	0.186535	0.588861	0.177967	0.596993	0.169206	0.605336	0.160263	0.613890	0.151151	0.622662	0.141886	0.631654	0.132489	0.640868	0.122987	0.650307	0.113414	0.659975	0.103809	0.669874	0.094223	0.680008	0.084719	0.690380	0.075371	0.700992	0.066272	0.711847	0.057537	0.722948	0.049304	0.734298	0.041744	0.745899	0.035068	0.757754	0.029534	0.769865	0.025461	0.782235
480.036010	0.194638	0.580698	0.186272	0.588625	0.177708	0.596761	0.168950	0.605106	0.160010	0.613664	0.150901	0.622439	0.141640	0.631435	0.132247	0.640652	0.122750	0.650095	0.113183	0.659767	0.103583	0.669671	0.094005	0.679809	0.084507	0.690185	0.075167	0.700803	0.066077	0.711663	0.057351	0.722770	0.049130	0.734126	0.041582	0.745733	0.034919	0.757594	0.029399	0.769713	0.025341	0.782089
480.516970	0.194375	0.580460	0.186011	0.588390	0.177448	0.596528	0.168693	0.604876	0.159757	0.613438	0.150652	0.622216	0.141394	0.631215	0.132006	0.640436	0.122514	0.649883	0.112951	0.659559	0.103358	0.669468	0.093786	0.679611	0.084296	0.689992	0.074963	0.700614	0.065883	0.711480	0.057167	0.722592	0.048956	0.733954	0.041420	0.745567	0.034770	0.757435	0.029264	0.769560	0.025222	0.781943
480.997800	0.194113	0.580223	0.185752	0.588156	0.177191	0.596297	0.168439	0.604648	0.159506	0.613213	0.150404	0.621995	0.141150	0.630997	0.131767	0.640222	0.122280	0.649673	0.112722	0.659353	0.103135	0.669266	0.093569	0.679414	0.084086	0.689800	0.074762	0.700427	0.065690	0.711298	0.056984	0.722416	0.048784	0.733783	0.041260	0.745403	0.034623	0.757277	0.029131	0.769408	0.025104	0.781799
481.478550	0.193856	0.579990	0.185496	0.587926	0.176938	0.596069	0.168188	0.604423	0.159258	0.612991	0.150160	0.621777	0.140910	0.630782	0.131531	0.640011	0.122049	0.649466	0.112496	0.659150	0.102915	0.669067	0.093355	0.679219	0.083880	0.689610	0.074563	0.700242	0.065500	0.711118	0.056804	0.722241	0.048614	0.733615	0.041101	0.745241	0.034477	0.757121	0.028999	0.769258	0.024987	0.781656
481.959200	0.193599	0.579758	0.185242	0.587697	0.176686	0.595842	0.167939	0.604199	0.159012	0.612771	0.149918	0.621560	0.140671	0.630568	0.131296	0.639800	0.121819	0.649260	0.112271	0.658947	0.102697	0.668869	0.093143	0.679026	0.083674	0.689421	0.074366	0.700058	0.065311	0.710939	0.056624	0.722068	0.048444	0.733447	0.040943	0.745079	0.034332	0.756965	0.028868	0.769110	0.024871	0.781514
482.439730	0.193341	0.579524	0.184986	0.587465	0.176433	0.595614	0.167689	0.603974	0.158765	0.612549	0.149674	0.621341	0.140431	0.630353	0.131060	0.639588	0.121588	0.649052	0.112045	0.658744	0.102477	0.668670	0.092930	0.678830	0.083468	0.689231	0.074168	0.699873	0.065122	0.710759	0.056444	0.721893	0.048275	0.733278	0.040786	0.744916	0.034187	0.756809	0.028737	0.768960	0.024755	0.781371
482.920170	0.193083	0.579291	0.184731	0.587235	0.176181	0.595387	0.167440	0.603750	0.158519	0.612328	0.149431	0.621122	0.140192	0.630138	0.130826	0.639378	0.121358	0.648844	0.111821	0.658540	0.102258	0.668471	0.092718	0.678636	0.083263	0.689041	0.073971	0.699688	0.064933	0.710580	0.056265	0.721720	0.048107	0.733110	0.040630	0.744753	0.034043	0.756653	0.028606	0.768810	0.024640	0.781228
483.400510	0.192831	0.579062	0.184480	0.587008	0.175932	0.595162	0.167194	0.603529	0.158276	0.612109	0.149192	0.620907	0.139957	0.629927	0.130595	0.639170	0.121132	0.648640	0.111600	0.658340	0.102042	0.668275	0.092509	0.678445	0.083061	0.688854	0.073776	0.699506	0.064747	0.710403	0.056090	0.721548	0.047941	0.732944	0.040475	0.744593	0.033901	0.756499	0.028478	0.768662	0.024526	0.781087
483.880740	0.192580	0.578835	0.184232	0.586784	0.175686	0.594940	0.166951	0.603310	0.158036	0.611893	0.148955	0.620694	0.139724	0.629717	0.130366	0.638964	0.120908	0.648438	0.111381	0.658142	0.101829	0.668080	0.092301	0.678255	0.082861	0.688669	0.073584	0.699326	0.064564	0.710228	0.055915	0.721378	0.047777	0.732780	0.040322	0.744434	0.033761	0.756346	0.028351	0.768516	0.024414	0.780948
484.360840	0.192329	0.578606	0.183983	0.586558	0.175439	0.594717	0.166706	0.603089	0.157795	0.611675	0.148717	0.620480	0.139491	0.629507	0.130136	0.638757	0.120683	0.648235	0.111162	0.657943	0.101615	0.667885	0.092094	0.678065	0.082660	0.688483	0.073391	0.699145	0.064380	0.710052	0.055741	0.721208	0.047612	0.732615	0.040169	0.744275	0.033620	0.756193	0.028225	0.768370	0.024302	0.780808
484.840880	0.192077	0.578377	0.183733	0.586332	0.175192	0.594494	0.166462	0.602869	0.157554	0.611458	0.148479	0.620267	0.139257	0.629296	0.129907	0.638549	0.120457	0.648031	0.110942	0.657744	0.101402	0.667690	0.091886	0.677874	0.082460	0.688297	0.073199	0.698964	0.064196	0.709875	0.055566	0.721036	0.047448	0.732450	0.040016	0.744116	0.033479	0.756040	0.028098	0.768223	0.024191	0.780667
485.320770	0.191828	0.578151	0.183486	0.586107	0.174948	0.594272	0.166221	0.602650	0.157315	0.611242	0.148244	0.620054	0.139025	0.629086	0.129679	0.638344	0.120234	0.647829	0.110724	0.657546	0.101189	0.667497	0.091681	0.677685	0.082261	0.688113	0.073008	0.698784	0.064013	0.709700	0.055392	0.720867	0.047286	0.732286	0.039865	0.743957	0.033340	0.755888	0.027972	0.768077	0.024080	0.780528
485.800600	0.191581	0.577927	0.183242	0.585886	0.174706	0.594053	0.165982	0.602433	0.157078	0.611029	0.148011	0.619844	0.138796	0.628879	0.129455	0.638141	0.120015	0.647629	0.110509	0.657350	0.100980	0.667305	0.091478	0.677497	0.082065	0.687930	0.072819	0.698606	0.063833	0.709527	0.055221	0.720699	0.047125	0.732123	0.039716	0.743801	0.033204	0.755737	0.027848	0.767933	0.023971	0.780391
486.280300	0.191337	0.577704	0.183000	0.585666	0.174466	0.593836	0.165745	0.602219	0.156845	0.610818	0.147780	0.619635	0.138569	0.628674	0.129232	0.637939	0.119797	0.647432	0.110296	0.657156	0.100772	0.667115	0.091277	0.677312	0.081871	0.687748	0.072632	0.698429	0.063655	0.709356	0.055052	0.720533	0.046966	0.731962	0.039567	0.743646	0.033068	0.755588	0.027726	0.767789	0.023863	0.780254
486.759890	0.191094	0.577483	0.182759	0.585447	0.174228	0.593621	0.165509	0.602006	0.156613	0.610608	0.147551	0.619428	0.138343	0.628471	0.129010	0.637739	0.119580	0.647235	0.110085	0.656963	0.100567	0.666926	0.091077	0.677127	0.081678	0.687568	0.072447	0.698254	0.063477	0.709186	0.054885	0.720368	0.046808	0.731802	0.039420	0.743492	0.032932	0.755439	0.027604	0.767647	0.023755	0.780119
487.239410	0.190853	0.577263	0.182519	0.585229	0.173991	0.593406	0.165275	0.601794	0.156382	0.610399	0.147323	0.619222	0.138119	0.628268	0.128790	0.637539	0.119364	0.647039	0.109874	0.656771	0.100362	0.666738	0.090878	0.676943	0.081486	0.687389	0.072263	0.698079	0.063301	0.709016	0.054718	0.720203	0.046651	0.731642	0.039274	0.743338	0.032798	0.755291	0.027484	0.767505	0.023649	0.779983
487.718780	0.190612	0.577044	0.182281	0.585012	0.173755	0.593191	0.165042	0.601582	0.156151	0.610189	0.147096	0.619016	0.137896	0.628065	0.128571	0.637340	0.119149	0.646844	0.109664	0.656579	0.100158	0.666550	0.090680	0.676760	0.081295	0.687210	0.072079	0.697904	0.063126	0.708846	0.054551	0.720038	0.046494	0.731483	0.039129	0.743185	0.032665	0.755143	0.027363	0.767364	0.023543	0.779848
488.198090	0.190372	0.576824	0.182043	0.584795	0.173520	0.592976	0.164809	0.601371	0.155921	0.609981	0.146870	0.618810	0.137673	0.627863	0.128353	0.637141	0.118935	0.646648	0.109455	0.656388	0.099954	0.666363	0.090483	0.676576	0.081104	0.687031	0.071895	0.697730	0.062951	0.708677	0.054386	0.719874	0.046339	0.731324	0.038984	0.743032	0.032532	0.754996	0.027244	0.767223	0.023438	0.779713
488.677280	0.190133	0.576606	0.181806	0.584579	0.173285	0.592763	0.164577	0.601160	0.155692	0.609773	0.146644	0.618606	0.137451	0.627661	0.128134	0.636943	0.118722	0.646454	0.109247	0.656197	0.099751	0.666176	0.090286	0.676394	0.080914	0.686853	0.071713	0.697557	0.062777	0.708508	0.054221	0.719711	0.046184	0.731166	0.038840	0.742879	0.032400	0.754849	0.027125	0.767082	0.023333	0.779579
489.156340	0.189894	0.576388	0.181570	0.584364	0.173051	0.592550	0.164346	0.600949	0.155464	0.609565	0.146420	0.618401	0.137230	0.627461	0.127917	0.636746	0.118510	0.646260	0.109040	0.656007	0.099549	0.665989	0.090090	0.676212	0.080725	0.686675	0.071532	0.697384	0.062604	0.708340	0.054057	0.719548	0.046030	0.731009	0.038696	0.742726	0.032269	0.754703	0.027006	0.766942	0.023229	0.779445
489.635310	0.189658	0.576171	0.181336	0.584149	0.172819	0.592338	0.164116	0.600740	0.155237	0.609359	0.146196	0.618198	0.137011	0.627260	0.127702	0.636549	0.118299	0.646067	0.108834	0.655817	0.099349	0.665804	0.089896	0.676030	0.080538	0.686498	0.071352	0.697211	0.062432	0.708173	0.053893	0.719385	0.045877	0.730852	0.038554	0.742575	0.032139	0.754558	0.026889	0.766803	0.023126	0.779312
490.114200	0.189423	0.575956	0.181103	0.583936	0.172588	0.592128	0.163888	0.600533	0.155013	0.609154	0.145974	0.617996	0.136793	0.627062	0.127488	0.636354	0.118089	0.645875	0.108629	0.655629	0.099150	0.665620	0.089703	0.675850	0.080352	0.686322	0.071174	0.697040	0.062261	0.708006	0.053732	0.719224	0.045725	0.730696	0.038414	0.742424	0.032009	0.754414	0.026772	0.766664	0.023024	0.779180
490.592960	0.189190	0.575743	0.180872	0.583726	0.172360	0.591920	0.163662	0.600327	0.154790	0.608952	0.145755	0.617796	0.136577	0.626865	0.127276	0.636160	0.117882	0.645685	0.108427	0.655443	0.098953	0.665438	0.089512	0.675672	0.080167	0.686148	0.070996	0.696871	0.062092	0.707842	0.053571	0.719064	0.045574	0.730541	0.038274	0.742275	0.031881	0.754270	0.026657	0.766526	0.022922	0.779048
491.071620	0.188958	0.575530	0.180642	0.583516	0.172133	0.591712	0.163437	0.600122	0.154568	0.608750	0.145536	0.617597	0.136362	0.626669	0.127065	0.635967	0.117675	0.645496	0.108225	0.655257	0.098757	0.665256	0.089322	0.675494	0.079984	0.685975	0.070820	0.696702	0.061924	0.707677	0.053412	0.718905	0.045425	0.730387	0.038135	0.742127	0.031754	0.754127	0.026543	0.766390	0.022822	0.778917
491.550200	0.188727	0.575318	0.180413	0.583306	0.171907	0.591505	0.163214	0.599918	0.154347	0.608548	0.145318	0.617399	0.136148	0.626473	0.126855	0.635775	0.117469	0.645307	0.108024	0.655072	0.098562	0.665074	0.089133	0.675317	0.079801	0.685802	0.070644	0.696534	0.061756	0.707514	0.053253	0.718747	0.045276	0.730234	0.037997	0.741979	0.031628	0.753984	0.026429	0.766253	0.022722	0.778787
492.028660	0.188497	0.575107	0.180185	0.583098	0.171682	0.591299	0.162992	0.599714	0.154127	0.608347	0.145102	0.617201	0.135935	0.626278	0.126647	0.635584	0.117265	0.645119	0.107825	0.654888	0.098367	0.664894	0.088945	0.675140	0.079619	0.685630	0.070470	0.696366	0.061590	0.707351	0.053096	0.718589	0.045128	0.730081	0.037860	0.741831	0.031503	0.753843	0.026316	0.766117	0.022623	0.778657
492.506990	0.188270	0.574898	0.179960	0.582891	0.171458	0.591094	0.162771	0.599512	0.153909	0.608148	0.144888	0.617005	0.135724	0.626085	0.126439	0.635394	0.117062	0.644932	0.107627	0.654706	0.098175	0.664716	0.088758	0.674966	0.079439	0.685459	0.070297	0.696199	0.061425	0.707189	0.052940	0.718431	0.044981	0.729929	0.037724	0.741685	0.031378	0.753702	0.026204	0.765982	0.022525	0.778528
492.985260	0.188043	0.574689	0.179736	0.582684	0.171236	0.590890	0.162551	0.599311	0.153693	0.607949	0.144675	0.616809	0.135513	0.625893	0.126233	0.635205	0.116860	0.644747	0.107430	0.654524	0.097983	0.664537	0.088572	0.674791	0.079261	0.685289	0.070125	0.696033	0.061261	0.707028	0.052785	0.718275	0.044835	0.729778	0.037588	0.741538	0.031254	0.753561	0.026092	0.765847	0.022427	0.778400
493.463380	0.187817	0.574481	0.179512	0.582478	0.171014	0.590687	0.162332	0.599110	0.153476	0.607751	0.144461	0.616613	0.135304	0.625701	0.126028	0.635015	0.116659	0.644561	0.107233	0.654342	0.097792	0.664359	0.088386	0.674617	0.079082	0.685119	0.069954	0.695868	0.061097	0.706867	0.052630	0.718118	0.044690	0.729627	0.037453	0.741393	0.031130	0.753421	0.025982	0.765713	0.022329	0.778272
493.941440	0.187591	0.574273	0.179288	0.582273	0.170793	0.590484	0.162114	0.598910	0.153260	0.607554	0.144249	0.616419	0.135095	0.625509	0.125823	0.634827	0.116458	0.644377	0.107038	0.654160	0.097602	0.664182	0.088202	0.674443	0.078904	0.684950	0.069783	0.695703	0.060935	0.706707	0.052476	0.717963	0.044546	0.729476	0.037319	0.741248	0.031008	0.753281	0.025872	0.765579	0.022233	0.778145
494.419370	0.187368	0.574068	0.179067	0.582070	0.170574	0.590283	0.161898	0.598712	0.153047	0.607359	0.144039	0.616226	0.134889	0.625320	0.125620	0.634641	0.116260	0.644193	0.106844	0.653981	0.097414	0.664005	0.088020	0.674271	0.078728	0.684782	0.069614	0.695540	0.060774	0.706548	0.052323	0.717809	0.044403	0.729327	0.037187	0.741104	0.030886	0.753143	0.025763	0.765447	0.022137	0.778018
494.897190	0.187147	0.573865	0.178848	0.581868	0.170357	0.590084	0.161683	0.598515	0.152836	0.607165	0.143831	0.616035	0.134684	0.625131	0.125419	0.634456	0.116064	0.644011	0.106652	0.653802	0.097227	0.663830	0.087840	0.674101	0.078553	0.684615	0.069447	0.695377	0.060614	0.706390	0.052172	0.717656	0.044261	0.729179	0.037055	0.740961	0.030766	0.753005	0.025655	0.765315	0.022043	0.777892
495.374940	0.186926	0.573662	0.178630	0.581667	0.170141	0.589885	0.161470	0.598319	0.152626	0.606971	0.143623	0.615845	0.134480	0.624944	0.125219	0.634271	0.115868	0.643830	0.106461	0.653624	0.097041	0.663657	0.087660	0.673931	0.078380	0.684449	0.069280	0.695215	0.060456	0.706233	0.052022	0.717503	0.044120	0.729031	0.036924	0.740818	0.030646	0.752869	0.025548	0.765184	0.021949	0.777767
495.852540	0.186707	0.573459	0.178412	0.581467	0.169925	0.589687	0.161257	0.598123	0.152415	0.606778	0.143416	0.615655	0.134277	0.624757	0.125020	0.634087	0.115673	0.643650	0.106271	0.653447	0.096856	0.663483	0.087480	0.673761	0.078206	0.684283	0.069114	0.695054	0.060298	0.706075	0.051872	0.717351	0.043979	0.728884	0.036794	0.740677	0.030528	0.752732	0.025441	0.765053	0.021856	0.777642
496.330080	0.186488	0.573256	0.178195	0.581267	0.169711	0.589489	0.161044	0.597928	0.152205	0.606585	0.143209	0.615465	0.134074	0.624570	0.124820	0.633903	0.115478	0.643469	0.106081	0.653270	0.096671	0.663310	0.087301	0.673592	0.078034	0.684118	0.068949	0.694893	0.060140	0.705919	0.051723	0.717199	0.043839	0.728737	0.036664	0.740535	0.030409	0.752596	0.025335	0.764922	0.021763	0.777517
496.807500	0.186270	0.573054	0.177979	0.581067	0.169497	0.589292	0.160833	0.597733	0.151997	0.606393	0.143004	0.615275	0.133872	0.624383	0.124622	0.633719	0.115285	0.643289	0.105892	0.653094	0.096488	0.663137	0.087123	0.673423	0.077863	0.683953	0.068784	0.694732	0.059983	0.705763	0.051574	0.717048	0.043701	0.728590	0.036536	0.740394	0.030291	0.752460	0.025229	0.764791	0.021670	0.777392
497.284790	0.186053	0.572854	0.177764	0.580869	0.169285	0.589097	0.160623	0.597540	0.151790	0.606203	0.142801	0.615087	0.133672	0.624198	0.124426	0.633538	0.115093	0.643111	0.105704	0.652919	0.096306	0.662966	0.086947	0.673255	0.077693	0.683789	0.068621	0.694573	0.059827	0.705608	0.051427	0.716898	0.043563	0.728444	0.036408	0.740254	0.030174	0.752325	0.025125	0.764662	0.021579	0.777268
497.761990	0.185838	0.572655	0.177552	0.580673	0.169075	0.588903	0.160415	0.597348	0.151585	0.606013	0.142599	0.614901	0.133474	0.624014	0.124232	0.633358	0.114902	0.642933	0.105518	0.652745	0.096125	0.662796	0.086772	0.673089	0.077524	0.683627	0.068459	0.694415	0.059673	0.705454	0.051282	0.716748	0.043426	0.728301	0.036281	0.740114	0.030059	0.752191	0.025021	0.764534	0.021488	0.777146
498.239110	0.185624	0.572457	0.177340	0.580477	0.168865	0.588709	0.160208	0.597157	0.151381	0.605824	0.142397	0.614715	0.133276	0.623831	0.124038	0.633178	0.114712	0.642756	0.105333	0.652571	0.095945	0.662626	0.086598	0.672923	0.077356	0.683465	0.068298	0.694257	0.059519	0.705301	0.051136	0.716599	0.043290	0.728157	0.036155	0.739975	0.029943	0.752057	0.024917	0.764406	0.021398	0.777024
498.716090	0.185410	0.572259	0.177128	0.580281	0.168656	0.588516	0.160001	0.596966	0.151177	0.605636	0.142197	0.614530	0.133078	0.623649	0.123845	0.632998	0.114523	0.642580	0.105149	0.652398	0.095765	0.662456	0.086424	0.672757	0.077188	0.683304	0.068137	0.694099	0.059366	0.705148	0.050991	0.716451	0.043154	0.728013	0.036029	0.739836	0.029829	0.751924	0.024815	0.764278	0.021308	0.776902
499.192990	0.185199	0.572063	0.176918	0.580087	0.168448	0.588324	0.159796	0.596776	0.150976	0.605450	0.141998	0.614346	0.132882	0.623468	0.123652	0.632820	0.114335	0.642405	0.104966	0.652227	0.095587	0.662288	0.086251	0.672593	0.077022	0.683143	0.067978	0.693943	0.059215	0.704996	0.050847	0.716304	0.043020	0.727870	0.035905	0.739698	0.029715	0.751792	0.024713	0.764151	0.021219	0.776781
499.669770	0.184989	0.571868	0.176710	0.579895	0.168243	0.588133	0.159594	0.596589	0.150775	0.605265	0.141800	0.614163	0.132688	0.623288	0.123462	0.632643	0.114149	0.642232	0.104784	0.652056	0.095411	0.662121	0.086081	0.672430	0.076857	0.682984	0.067820	0.693788	0.059064	0.704845	0.050705	0.716158	0.042887	0.727729	0.035781	0.739562	0.029603	0.751661	0.024612	0.764026	0.021132	0.776661
500.146450	0.184781	0.571675	0.176504	0.579703	0.168038	0.587944	0.159392	0.596402	0.150576	0.605080	0.141604	0.613981	0.132496	0.623109	0.123273	0.632467	0.113964	0.642059	0.104604	0.651887	0.095235	0.661955	0.085911	0.672267	0.076694	0.682825	0.067663	0.693634	0.058914	0.704695	0.050564	0.716012	0.042754	0.727588	0.035658	0.739426	0.029491	0.751530	0.024512	0.763901	0.021044	0.776541
500.623050	0.184573	0.571482	0.176298	0.579511	0.167834	0.587754	0.159190	0.596215	0.150377	0.604896	0.141408	0.613800	0.132304	0.622930	0.123085	0.632292	0.113780	0.641886	0.104424	0.651718	0.095060	0.661790	0.085742	0.672105	0.076531	0.682667	0.067506	0.693480	0.058765	0.704545	0.050423	0.715867	0.042622	0.727447	0.035536	0.739290	0.029380	0.751399	0.024413	0.763775	0.020957	0.776421
501.099520	0.184365	0.571289	0.176092	0.579320	0.167631	0.587566	0.158989	0.596029	0.150179	0.604712	0.141213	0.613618	0.132112	0.622752	0.122897	0.632116	0.113596	0.641714	0.104245	0.651549	0.094886	0.661624	0.085573	0.671943	0.076368	0.682509	0.067350	0.693326	0.058617	0.704395	0.050283	0.715722	0.042491	0.727307	0.035415	0.739155	0.029269	0.751269	0.024313	0.763650	0.020870	0.776302
501.575900	0.184157	0.571096	0.175887	0.579130	0.167428	0.587378	0.158788	0.595843	0.149981	0.604528	0.141018	0.613437	0.131920	0.622574	0.122709	0.631941	0.113412	0.641542	0.104066	0.651380	0.094713	0.661459	0.085404	0.671782	0.076206	0.682352	0.067195	0.693172	0.058469	0.704246	0.050143	0.715577	0.042360	0.727167	0.035294	0.739020	0.029159	0.751138	0.024214	0.763525	0.020784	0.776183
502.052190	0.183952	0.570904	0.175683	0.578940	0.167226	0.587191	0.158589	0.595658	0.149785	0.604346	0.140825	0.613257	0.131730	0.622397	0.122523	0.631767	0.113230	0.641371	0.103889	0.651213	0.094540	0.661295	0.085237	0.671621	0.076044	0.682195	0.067041	0.693019	0.058322	0.704098	0.050004	0.715432	0.042230	0.727028	0.035174	0.738885	0.029049	0.751009	0.024116	0.763401	0.020699	0.776065
502.528320	0.183747	0.570714	0.175480	0.578753	0.167026	0.587005	0.158392	0.595474	0.149589	0.604165	0.140633	0.613079	0.131542	0.622221	0.122337	0.631594	0.113049	0.641202	0.103712	0.651046	0.094369	0.661132	0.085071	0.671462	0.075885	0.682040	0.066888	0.692868	0.058176	0.703950	0.049866	0.715289	0.042101	0.726889	0.035055	0.738752	0.028940	0.750880	0.024019	0.763278	0.020614	0.775948
503.004390	0.183545	0.570525	0.175280	0.578566	0.166828	0.586820	0.158196	0.595292	0.149396	0.603985	0.140443	0.612902	0.131355	0.622047	0.122154	0.631423	0.112870	0.641033	0.103537	0.650881	0.094198	0.660971	0.084907	0.671304	0.075727	0.681886	0.066737	0.692718	0.058032	0.703804	0.049730	0.715148	0.041974	0.726752	0.034937	0.738620	0.028832	0.750753	0.023923	0.763156	0.020530	0.775831
503.480350	0.183345	0.570339	0.175082	0.578382	0.166632	0.586638	0.158002	0.595112	0.149205	0.603807	0.140255	0.612727	0.131170	0.621875	0.121973	0.631253	0.112693	0.640867	0.103364	0.650718	0.094030	0.660810	0.084744	0.671147	0.075570	0.681733	0.066586	0.692568	0.057889	0.703659	0.049595	0.715007	0.041848	0.726616	0.034820	0.738488	0.028726	0.750627	0.023828	0.763035	0.020448	0.775715
503.956210	0.183145	0.570152	0.174884	0.578197	0.166436	0.586456	0.157809	0.594933	0.149015	0.603629	0.140067	0.612552	0.130986	0.621702	0.121793	0.631084	0.112516	0.640700	0.103192	0.650554	0.093863	0.660651	0.084582	0.670991	0.075414	0.681580	0.066437	0.692420	0.057746	0.703514	0.049460	0.714867	0.041722	0.726480	0.034703	0.738357	0.028620	0.750501	0.023733	0.762914	0.020366	0.775600
504.431950	0.182945	0.569965	0.174686	0.578012	0.166240	0.586273	0.157615	0.594752	0.148824	0.603451	0.139879	0.612377	0.130801	0.621529	0.121611	0.630914	0.112339	0.640533	0.103019	0.650390	0.093696	0.660490	0.084420	0.670834	0.075258	0.681427	0.066287	0.692271	0.057604	0.703369	0.049326	0.714726	0.041595	0.726344	0.034586	0.738226	0.028514	0.750374	0.023638	0.762793	0.020283	0.775484
504.907590	0.182745	0.569778	0.174487	0.577827	0.166044	0.586090	0.157421	0.594571	0.148633	0.603273	0.139691	0.612201	0.130617	0.621356	0.121430	0.630744	0.112162	0.640366	0.102847	0.650227	0.093528	0.660330	0.084258	0.670677	0.075101	0.681274	0.066138	0.692122	0.057461	0.703224	0.049191	0.714585	0.041469	0.726208	0.034470	0.738094	0.028408	0.750248	0.023544	0.762672	0.020201	0.775368
505.383150	0.182546	0.569593	0.174291	0.577643	0.165850	0.585909	0.157229	0.594392	0.148443	0.603097	0.139505	0.612027	0.130433	0.621185	0.121251	0.630576	0.111987	0.640201	0.102677	0.650065	0.093362	0.660171	0.084098	0.670522	0.074946	0.681122	0.065990	0.691974	0.057321	0.703080	0.049058	0.714446	0.041345	0.726073	0.034356	0.737964	0.028304	0.750123	0.023451	0.762552	0.020119	0.775254
505.858580	0.182349	0.569409	0.174097	0.577462	0.165657	0.585729	0.157039	0.594215	0.148256	0.602922	0.139321	0.611854	0.130252	0.621015	0.121074	0.630409	0.111813	0.640037	0.102507	0.649904	0.093198	0.660013	0.083938	0.670368	0.074793	0.680972	0.065842	0.691827	0.057181	0.702938	0.048926	0.714308	0.041221	0.725939	0.034242	0.737835	0.028200	0.749999	0.023357	0.762432	0.020039	0.775140
506.333890	0.182154	0.569227	0.173903	0.577281	0.165466	0.585550	0.156851	0.594038	0.148069	0.602748	0.139137	0.611683	0.130072	0.620846	0.120897	0.630242	0.111641	0.639873	0.102339	0.649744	0.093034	0.659856	0.083780	0.670215	0.074641	0.680822	0.065697	0.691681	0.057042	0.702797	0.048795	0.714170	0.041099	0.725805	0.034129	0.737707	0.028097	0.749875	0.023265	0.762314	0.019959	0.775027
506.809140	0.181960	0.569045	0.173711	0.577101	0.165275	0.585372	0.156663	0.593862	0.147884	0.602574	0.138955	0.611512	0.129893	0.620678	0.120721	0.630076	0.111469	0.639711	0.102171	0.649584	0.092872	0.659700	0.083623	0.670062	0.074490	0.680673	0.065552	0.691536	0.056904	0.702656	0.048665	0.714033	0.040978	0.725673	0.034016	0.737578	0.027994	0.749752	0.023174	0.762196	0.019880	0.774914
507.284240	0.181767	0.568864	0.173519	0.576922	0.165086	0.585195	0.156476	0.593687	0.147700	0.602402	0.138774	0.611342	0.129715	0.620511	0.120547	0.629912	0.111298	0.639549	0.102005	0.649425	0.092710	0.659545	0.083466	0.669910	0.074339	0.680524	0.065408	0.691392	0.056767	0.702515	0.048536	0.713896	0.040857	0.725541	0.033904	0.737451	0.027892	0.749630	0.023084	0.762079	0.019801	0.774802
507.759280	0.181574	0.568683	0.173329	0.576743	0.164897	0.585019	0.156290	0.593513	0.147517	0.602230	0.138593	0.611173	0.129538	0.620344	0.120373	0.629748	0.111128	0.639388	0.101840	0.649267	0.092549	0.659390	0.083311	0.669759	0.074190	0.680377	0.065264	0.691247	0.056631	0.702375	0.048407	0.713761	0.040736	0.725410	0.033793	0.737324	0.027791	0.749507	0.022994	0.761961	0.019723	0.774691
508.234190	0.181382	0.568503	0.173138	0.576565	0.164709	0.584843	0.156104	0.593339	0.147334	0.602058	0.138413	0.611003	0.129361	0.620178	0.120200	0.629584	0.110959	0.639227	0.101675	0.649109	0.092389	0.659235	0.083156	0.669607	0.074040	0.680229	0.065120	0.691103	0.056495	0.702235	0.048279	0.713625	0.040616	0.725278	0.033682	0.737198	0.027690	0.749385	0.022904	0.761844	0.019645	0.774579
508.709010	0.181191	0.568323	0.172949	0.576388	0.164522	0.584668	0.155919	0.593166	0.147151	0.601887	0.138233	0.610834	0.129184	0.620012	0.120027	0.629421	0.110790	0.639066	0.101510	0.648952	0.092229	0.659081	0.083001	0.669456	0.073891	0.680081	0.064978	0.690960	0.056359	0.702095	0.048151	0.713490	0.040497	0.725147	0.033572	0.737071	0.027590	0.749263	0.022814	0.761728	0.019567	0.774467
509.183720	0.181000	0.568144	0.172760	0.576211	0.164336	0.584492	0.155735	0.592993	0.146970	0.601717	0.138054	0.610666	0.129008	0.619846	0.119855	0.629258	0.110622	0.638906	0.101346	0.648796	0.092070	0.658928	0.082848	0.669306	0.073743	0.679934	0.064836	0.690817	0.056224	0.701956	0.048024	0.713355	0.040378	0.725017	0.033462	0.736945	0.027491	0.749142	0.022726	0.761612	0.019490	0.774356
509.658330	0.180811	0.567966	0.172572	0.576034	0.164150	0.584318	0.155552	0.592821	0.146789	0.601548	0.137877	0.610500	0.128834	0.619681	0.119683	0.629096	0.110455	0.638748	0.101183	0.648640	0.091912	0.658775	0.082695	0.669156	0.073596	0.679788	0.064696	0.690675	0.056090	0.701818	0.047898	0.713221	0.040260	0.724887	0.033353	0.736820	0.027392	0.749022	0.022638	0.761497	0.019415	0.774246
510.132810	0.180622	0.567790	0.172386	0.575859	0.163965	0.584145	0.155370	0.592650	0.146610	0.601379	0.137701	0.610333	0.128661	0.619517	0.119514	0.628935	0.110289	0.638590	0.101022	0.648485	0.091755	0.658622	0.082543	0.669007	0.073450	0.679643	0.064556	0.690533	0.055957	0.701680	0.047772	0.713088	0.040142	0.724758	0.033245	0.736695	0.027293	0.748902	0.022551	0.761382	0.019339	0.774136
510.607210	0.180435	0.567613	0.172200	0.575685	0.163782	0.583973	0.155188	0.592480	0.146431	0.601210	0.137525	0.610168	0.128488	0.619354	0.119345	0.628775	0.110124	0.638432	0.100861	0.648329	0.091599	0.658471	0.082391	0.668860	0.073305	0.679499	0.064417	0.690393	0.055825	0.701543	0.047647	0.712955	0.040026	0.724629	0.033137	0.736571	0.027196	0.748783	0.022464	0.761267	0.019263	0.774027
511.081480	0.180249	0.567438	0.172017	0.575511	0.163600	0.583802	0.155008	0.592311	0.146254	0.601043	0.137350	0.610003	0.128317	0.619192	0.119177	0.628616	0.109960	0.638275	0.100701	0.648176	0.091443	0.658320	0.082241	0.668713	0.073160	0.679355	0.064278	0.690253	0.055694	0.701407	0.047523	0.712822	0.039910	0.724501	0.033031	0.736448	0.027098	0.748664	0.022377	0.761153	0.019188	0.773918
511.555690	0.180064	0.567264	0.171834	0.575339	0.163419	0.583632	0.154830	0.592144	0.146078	0.600878	0.137177	0.609840	0.128147	0.619032	0.119011	0.628458	0.109798	0.638120	0.100542	0.648024	0.091289	0.658171	0.082093	0.668567	0.073017	0.679213	0.064141	0.690114	0.055563	0.701272	0.047400	0.712691	0.039796	0.724375	0.032925	0.736325	0.027002	0.748546	0.022292	0.761040	0.019115	0.773811
512.029790	0.179880	0.567091	0.171653	0.575168	0.163240	0.583462	0.154653	0.591977	0.145903	0.600714	0.137005	0.609678	0.127978	0.618872	0.118846	0.628300	0.109636	0.637966	0.100385	0.647873	0.091136	0.658023	0.081945	0.668422	0.072875	0.679071	0.064005	0.689976	0.055434	0.701138	0.047278	0.712561	0.039682	0.724249	0.032819	0.736203	0.026907	0.748430	0.022207	0.760928	0.019041	0.773703
512.503720	0.179698	0.566919	0.171472	0.574998	0.163061	0.583294	0.154477	0.591810	0.145729	0.600549	0.136834	0.609516	0.127810	0.618712	0.118681	0.628143	0.109475	0.637812	0.100228	0.647721	0.090984	0.657875	0.081798	0.668277	0.072733	0.678930	0.063870	0.689838	0.055305	0.701004	0.047156	0.712431	0.039568	0.724123	0.032715	0.736082	0.026812	0.748313	0.022122	0.760816	0.018968	0.773596
512.977600	0.179516	0.566746	0.171291	0.574828	0.162882	0.583125	0.154300	0.591643	0.145555	0.600385	0.136663	0.609354	0.127642	0.618553	0.118516	0.627986	0.109314	0.637657	0.100071	0.647570	0.090832	0.657727	0.081651	0.668132	0.072592	0.678789	0.063734	0.689701	0.055176	0.700870	0.047035	0.712301	0.039454	0.723997	0.032611	0.735961	0.026717	0.748196	0.022038	0.760704	0.018895	0.773489
513.451350	0.179333	0.566574	0.171110	0.574658	0.162704	0.582957	0.154124	0.591477	0.145382	0.600221	0.136492	0.609192	0.127474	0.618393	0.118351	0.627830	0.109153	0.637504	0.099915	0.647419	0.090681	0.657579	0.081504	0.667987	0.072450	0.678648	0.063599	0.689563	0.055048	0.700736	0.046914	0.712171	0.039341	0.723871	0.032507	0.735840	0.026623	0.748079	0.021954	0.760592	0.018823	0.773382
513.925050	0.179152	0.566403	0.170930	0.574488	0.162527	0.582789	0.153949	0.591312	0.145209	0.600058	0.136322	0.609031	0.127307	0.618235	0.118188	0.627675	0.108993	0.637351	0.099759	0.647269	0.090530	0.657432	0.081358	0.667844	0.072310	0.678507	0.063465	0.689426	0.054921	0.700603	0.046794	0.712042	0.039230	0.723747	0.032403	0.735719	0.026530	0.747963	0.021871	0.760481	0.018751	0.773276
514.398620	0.178972	0.566234	0.170753	0.574320	0.162351	0.582623	0.153775	0.591148	0.145038	0.599896	0.136154	0.608872	0.127142	0.618078	0.118026	0.627520	0.108835	0.637200	0.099605	0.647120	0.090380	0.657286	0.081214	0.667701	0.072171	0.678368	0.063332	0.689290	0.054795	0.700471	0.046675	0.711915	0.039119	0.723623	0.032301	0.735599	0.026437	0.747848	0.021788	0.760370	0.018680	0.773171
514.872070	0.178794	0.566066	0.170577	0.574153	0.162176	0.582459	0.153603	0.590985	0.144868	0.599735	0.135987	0.608714	0.126978	0.617922	0.117865	0.627367	0.108678	0.637049	0.099452	0.646972	0.090232	0.657141	0.081071	0.667559	0.072033	0.678229	0.063201	0.689155	0.054669	0.700340	0.046557	0.711787	0.039009	0.723499	0.032199	0.735480	0.026345	0.747734	0.021706	0.760261	0.018609	0.773066
515.345400	0.178616	0.565897	0.170400	0.573986	0.162002	0.582294	0.153431	0.590822	0.144698	0.599575	0.135820	0.608555	0.126815	0.617767	0.117705	0.627213	0.108522	0.636898	0.099300	0.646824	0.090084	0.656996	0.080927	0.667418	0.071896	0.678091	0.063069	0.689021	0.054544	0.700209	0.046439	0.711660	0.038899	0.723376	0.032098	0.735361	0.026253	0.747619	0.021625	0.760151	0.018539	0.772962
515.818660	0.178438	0.565728	0.170224	0.573820	0.161828	0.582130	0.153260	0.590660	0.144529	0.599414	0.135654	0.608397	0.126651	0.617611	0.117545	0.627059	0.108366	0.636747	0.099148	0.646677	0.089936	0.656852	0.080784	0.667277	0.071758	0.677954	0.062938	0.688886	0.054419	0.700078	0.046322	0.711533	0.038789	0.723254	0.031997	0.735243	0.026161	0.747505	0.021544	0.760042	0.018469	0.772857
516.291810	0.178262	0.565561	0.170050	0.573656	0.161656	0.581967	0.153089	0.590499	0.144362	0.599255	0.135488	0.608241	0.126489	0.617457	0.117387	0.626908	0.108211	0.636598	0.098997	0.646531	0.089790	0.656709	0.080643	0.667137	0.071622	0.677817	0.062808	0.688753	0.054296	0.699948	0.046205	0.711406	0.038680	0.723132	0.031897	0.735126	0.026070	0.747391	0.021463	0.759933	0.018399	0.772753
516.764830	0.178087	0.565396	0.169877	0.573492	0.161485	0.581805	0.152920	0.590339	0.144195	0.599098	0.135325	0.608085	0.126329	0.617303	0.117230	0.626757	0.108057	0.636450	0.098847	0.646386	0.089645	0.656566	0.080503	0.666997	0.071488	0.677680	0.062679	0.688621	0.054174	0.699820	0.046090	0.711282	0.038573	0.723011	0.031798	0.735009	0.025980	0.747280	0.021384	0.759825	0.018331	0.772650
517.237790	0.177914	0.565231	0.169705	0.573329	0.161314	0.581644	0.152753	0.590180	0.144030	0.598941	0.135162	0.607930	0.126169	0.617150	0.117073	0.626608	0.107904	0.636303	0.098698	0.646241	0.089500	0.656425	0.080364	0.666858	0.071354	0.677545	0.062550	0.688489	0.054052	0.699692	0.045975	0.711157	0.038466	0.722890	0.031699	0.734892	0.025891	0.747168	0.021304	0.759718	0.018263	0.772548
517.710630	0.177739	0.565067	0.169533	0.573166	0.161145	0.581483	0.152585	0.590020	0.143865	0.598784	0.135000	0.607775	0.126009	0.616998	0.116917	0.626458	0.107752	0.636155	0.098550	0.646096	0.089356	0.656283	0.080224	0.666720	0.071220	0.677410	0.062422	0.688357	0.053930	0.699563	0.045861	0.711033	0.038359	0.722770	0.031601	0.734776	0.025802	0.747056	0.021225	0.759611	0.018195	0.772446
518.183350	0.177566	0.564902	0.169362	0.573003	0.160975	0.581322	0.152418	0.589861	0.143700	0.598627	0.134838	0.607620	0.125850	0.616846	0.116761	0.626308	0.107600	0.636008	0.098402	0.645952	0.089212	0.656142	0.080085	0.666581	0.071086	0.677275	0.062294	0.688225	0.053809	0.699435	0.045747	0.710909	0.038253	0.722649	0.031503	0.734660	0.025714	0.746944	0.021147	0.759505	0.018127	0.772343
518.655940	0.177393	0.564738	0.169191	0.572840	0.160806	0.581161	0.152251	0.589703	0.143536	0.598470	0.134676	0.607466	0.125692	0.616694	0.116605	0.626158	0.107448	0.635861	0.098254	0.645808	0.089069	0.656001	0.079946	0.666444	0.070952	0.677140	0.062167	0.688093	0.053688	0.699307	0.045632	0.710785	0.038147	0.722530	0.031406	0.734544	0.025625	0.746832	0.021069	0.759398	0.018059	0.772241
519.128480	0.177222	0.564575	0.169021	0.572679	0.160639	0.581002	0.152085	0.589545	0.143373	0.598315	0.134516	0.607313	0.125534	0.616543	0.116451	0.626010	0.107297	0.635716	0.098107	0.645665	0.088926	0.655861	0.079809	0.666307	0.070820	0.677006	0.062041	0.687963	0.053567	0.699181	0.045519	0.710662	0.038042	0.722411	0.031309	0.734429	0.025537	0.746722	0.020991	0.759291	0.017992	0.772140
519.600890	0.177052	0.564413	0.168853	0.572520	0.160472	0.580844	0.151921	0.589389	0.143211	0.598161	0.134357	0.607161	0.125378	0.616394	0.116299	0.625863	0.107148	0.635572	0.097962	0.645524	0.088786	0.655722	0.079673	0.666171	0.070690	0.676873	0.061916	0.687834	0.053449	0.699055	0.045408	0.710540	0.037938	0.722293	0.031213	0.734315	0.025451	0.746612	0.020914	0.759186	0.017926	0.772039
520.073240	0.176883	0.564252	0.168685	0.572360	0.160306	0.580687	0.151758	0.589234	0.143050	0.598007	0.134198	0.607010	0.125223	0.616245	0.116146	0.625716	0.106999	0.635428	0.097818	0.645382	0.088645	0.655583	0.079538	0.666035	0.070560	0.676742	0.061792	0.687705	0.053331	0.698930	0.045297	0.710418	0.037834	0.722175	0.031117	0.734201	0.025365	0.746503	0.020837	0.759081	0.017860	0.771939
520.545410	0.176713	0.564091	0.168517	0.572201	0.160141	0.580529	0.151594	0.589079	0.142889	0.597854	0.134040	0.606859	0.125068	0.616096	0.115994	0.625570	0.106851	0.635283	0.097673	0.645240	0.088505	0.655445	0.079403	0.665900	0.070430	0.676610	0.061667	0.687576	0.053213	0.698804	0.045186	0.710297	0.037730	0.722057	0.031022	0.734088	0.025279	0.746394	0.020761	0.758976	0.017794	0.771839
521.017520	0.176545	0.563931	0.168351	0.572042	0.159977	0.580372	0.151432	0.588924	0.142729	0.597701	0.133883	0.606708	0.124913	0.615948	0.115843	0.625424	0.106704	0.635140	0.097530	0.645100	0.088366	0.655307	0.079268	0.665765	0.070300	0.676478	0.061543	0.687448	0.053096	0.698679	0.045075	0.710176	0.037627	0.721940	0.030928	0.733975	0.025193	0.746285	0.020685	0.758872	0.017730	0.771739
521.489500	0.176378	0.563773	0.168186	0.571886	0.159814	0.580217	0.151272	0.588771	0.142571	0.597550	0.133728	0.606559	0.124760	0.615801	0.115694	0.625279	0.106557	0.634998	0.097387	0.644961	0.088228	0.655171	0.079134	0.665632	0.070172	0.676348	0.061421	0.687321	0.052979	0.698556	0.044965	0.710055	0.037525	0.721824	0.030834	0.733863	0.025108	0.746177	0.020611	0.758769	0.017665	0.771640
521.961430	0.176213	0.563615	0.168022	0.571730	0.159652	0.580063	0.151112	0.588618	0.142413	0.597399	0.133573	0.606410	0.124608	0.615655	0.115545	0.625136	0.106412	0.634857	0.097246	0.644822	0.088091	0.655035	0.079002	0.665499	0.070044	0.676218	0.061299	0.687194	0.052863	0.698433	0.044857	0.709936	0.037424	0.721708	0.030741	0.733751	0.025024	0.746070	0.020536	0.758665	0.017601	0.771542
522.433230	0.176047	0.563457	0.167859	0.571574	0.159490	0.579908	0.150953	0.588466	0.142256	0.597249	0.133418	0.606262	0.124456	0.615509	0.115396	0.624992	0.106267	0.634716	0.097104	0.644684	0.087954	0.654899	0.078870	0.665366	0.069917	0.676088	0.061178	0.687068	0.052749	0.698310	0.044749	0.709817	0.037323	0.721593	0.030648	0.733640	0.024940	0.745962	0.020461	0.758562	0.017537	0.771444
522.904910	0.175882	0.563300	0.167695	0.571417	0.159329	0.579754	0.150793	0.588314	0.142099	0.597098	0.133263	0.606114	0.124305	0.615362	0.115248	0.624848	0.106122	0.634574	0.096963	0.644545	0.087818	0.654763	0.078738	0.665234	0.069791	0.675958	0.061056	0.686941	0.052634	0.698187	0.044641	0.709698	0.037222	0.721477	0.030556	0.733528	0.024856	0.745855	0.020387	0.758460	0.017474	0.771346
523.376460	0.175718	0.563143	0.167532	0.571262	0.159167	0.579600	0.150634	0.588161	0.141942	0.596948	0.133109	0.605966	0.124153	0.615217	0.115100	0.624704	0.105978	0.634433	0.096823	0.644407	0.087681	0.654628	0.078606	0.665101	0.069664	0.675829	0.060936	0.686815	0.052520	0.698064	0.044533	0.709579	0.037122	0.721362	0.030463	0.733417	0.024772	0.745748	0.020313	0.758357	0.017411	0.771248
523.847960	0.175554	0.562986	0.167370	0.571107	0.159007	0.579447	0.150476	0.588010	0.141787	0.596799	0.132956	0.605818	0.124003	0.615071	0.114953	0.624562	0.105834	0.634293	0.096684	0.644269	0.087545	0.654493	0.078475	0.664969	0.069538	0.675700	0.060816	0.686690	0.052406	0.697942	0.044425	0.709460	0.037022	0.721247	0.030371	0.733306	0.024690	0.745641	0.020240	0.758255	0.017348	0.771150
524.319340	0.175391	0.562831	0.167209	0.570953	0.158849	0.579295	0.150319	0.587860	0.141633	0.596651	0.132804	0.605673	0.123854	0.614928	0.114807	0.624420	0.105692	0.634154	0.096545	0.644133	0.087411	0.654360	0.078345	0.664838	0.069414	0.675573	0.060696	0.686566	0.052293	0.697821	0.044319	0.709343	0.036923	0.721133	0.030281	0.733197	0.024607	0.745536	0.020168	0.758153	0.017286	0.771054
524.790590	0.175230	0.562676	0.167050	0.570801	0.158691	0.579145	0.150163	0.587711	0.141479	0.596504	0.132654	0.605528	0.123707	0.614785	0.114662	0.624280	0.105551	0.634016	0.096408	0.643998	0.087278	0.654227	0.078217	0.664709	0.069291	0.675446	0.060578	0.686443	0.052181	0.697701	0.044215	0.709227	0.036825	0.721021	0.030191	0.733088	0.024526	0.745431	0.020096	0.758053	0.017224	0.770958
525.261780	0.175069	0.562522	0.166891	0.570648	0.158534	0.578994	0.150008	0.587562	0.141326	0.596357	0.132504	0.605384	0.123559	0.614643	0.114518	0.624140	0.105410	0.633878	0.096271	0.643863	0.087145	0.654094	0.078089	0.664579	0.069168	0.675320	0.060461	0.686319	0.052069	0.697581	0.044110	0.709110	0.036728	0.720908	0.030101	0.732979	0.024445	0.745326	0.020024	0.757952	0.017163	0.770861
525.732850	0.174909	0.562369	0.166732	0.570496	0.158377	0.578844	0.149853	0.587414	0.141173	0.596211	0.132354	0.605239	0.123412	0.614500	0.114374	0.624000	0.105269	0.633741	0.096133	0.643727	0.087013	0.653963	0.077960	0.664450	0.069045	0.675193	0.060343	0.686196	0.051957	0.697462	0.044004	0.708994	0.036630	0.720796	0.030012	0.732871	0.024364	0.745221	0.019953	0.757853	0.017102	0.770765
526.203800	0.174749	0.562216	0.166574	0.570345	0.158221	0.578695	0.149700	0.587266	0.141022	0.596065	0.132205	0.605095	0.123266	0.614359	0.114231	0.623861	0.105130	0.633604	0.095997	0.643593	0.086881	0.653831	0.077833	0.664322	0.068922	0.675068	0.060227	0.686073	0.051846	0.697343	0.043900	0.708878	0.036533	0.720684	0.029923	0.732762	0.024284	0.745117	0.019882	0.757753	0.017041	0.770670
526.674620	0.174590	0.562064	0.166417	0.570195	0.158066	0.578546	0.149547	0.587120	0.140871	0.595921	0.132057	0.604952	0.123121	0.614219	0.114089	0.623723	0.104991	0.633468	0.095863	0.643460	0.086750	0.653701	0.077707	0.664194	0.068801	0.674943	0.060111	0.685952	0.051736	0.697224	0.043797	0.708763	0.036438	0.720573	0.029835	0.732655	0.024205	0.745014	0.019812	0.757653	0.016980	0.770576
527.145390	0.174432	0.561913	0.166261	0.570046	0.157911	0.578398	0.149395	0.586974	0.140722	0.595776	0.131910	0.604810	0.122976	0.614079	0.113947	0.623586	0.104852	0.633333	0.095729	0.643327	0.086620	0.653571	0.077581	0.664067	0.068680	0.674819	0.059996	0.685831	0.051627	0.697107	0.043694	0.708649	0.036342	0.720462	0.029747	0.732548	0.024125	0.744911	0.019741	0.757555	0.016921	0.770482
527.616030	0.174275	0.561763	0.166105	0.569897	0.157758	0.578250	0.149243	0.586828	0.140573	0.595632	0.131763	0.604668	0.122832	0.613939	0.113807	0.623448	0.104715	0.633198	0.095595	0.643195	0.086490	0.653441	0.077456	0.663939	0.068560	0.674694	0.059882	0.685710	0.051519	0.696989	0.043592	0.708535	0.036247	0.720351	0.029659	0.732442	0.024046	0.744809	0.019672	0.757456	0.016861	0.770388
528.086550	0.174118	0.561612	0.165951	0.569748	0.157605	0.578103	0.149091	0.586682	0.140424	0.595489	0.131616	0.604527	0.122689	0.613799	0.113666	0.623311	0.104578	0.633063	0.095462	0.643063	0.086361	0.653311	0.077331	0.663813	0.068440	0.674570	0.059767	0.685589	0.051410	0.696871	0.043490	0.708421	0.036152	0.720241	0.029572	0.732336	0.023968	0.744706	0.019603	0.757358	0.016802	0.770294
528.557010	0.173962	0.561463	0.165796	0.569599	0.157452	0.577956	0.148941	0.586538	0.140275	0.595346	0.131471	0.604386	0.122546	0.613660	0.113526	0.623174	0.104442	0.632930	0.095329	0.642931	0.086233	0.653182	0.077207	0.663687	0.068321	0.674447	0.059653	0.685469	0.051302	0.696755	0.043389	0.708308	0.036057	0.720131	0.029486	0.732230	0.023890	0.744605	0.019535	0.757260	0.016743	0.770200
529.027340	0.173807	0.561313	0.165642	0.569451	0.157300	0.577811	0.148791	0.586394	0.140127	0.595204	0.131326	0.604246	0.122404	0.613522	0.113387	0.623038	0.104306	0.632796	0.095196	0.642799	0.086105	0.653054	0.077084	0.663561	0.068202	0.674325	0.059539	0.685349	0.051195	0.696638	0.043288	0.708194	0.035964	0.720022	0.029400	0.732124	0.023813	0.744503	0.019466	0.757162	0.016685	0.770107
529.497560	0.173652	0.561165	0.165489	0.569305	0.157149	0.577665	0.148642	0.586250	0.139981	0.595062	0.131181	0.604106	0.122262	0.613385	0.113248	0.622903	0.104171	0.632663	0.095065	0.642669	0.085977	0.652925	0.076961	0.663435	0.068084	0.674202	0.059427	0.685230	0.051088	0.696522	0.043188	0.708082	0.035871	0.719913	0.029314	0.732018	0.023735	0.744402	0.019398	0.757066	0.016627	0.770014
529.967710	0.173499	0.561017	0.165337	0.569159	0.156999	0.577521	0.148494	0.586107	0.139835	0.594922	0.131038	0.603967	0.122122	0.613248	0.113110	0.622768	0.104036	0.632530	0.094934	0.642539	0.085850	0.652798	0.076838	0.663311	0.067967	0.674080	0.059315	0.685111	0.050982	0.696407	0.043088	0.707970	0.035778	0.719804	0.029229	0.731913	0.023658	0.744301	0.019330	0.756970	0.016569	0.769921
530.437740	0.173346	0.560871	0.165186	0.569014	0.156850	0.577377	0.148347	0.585965	0.139691	0.594782	0.130896	0.603829	0.121982	0.613113	0.112974	0.622635	0.103903	0.632399	0.094805	0.642410	0.085725	0.652672	0.076718	0.663187	0.067851	0.673960	0.059204	0.684994	0.050877	0.696293	0.042989	0.707859	0.035686	0.719697	0.029145	0.731810	0.023582	0.744201	0.019262	0.756874	0.016512	0.769830
530.907650	0.173195	0.560726	0.165036	0.568870	0.156702	0.577235	0.148202	0.585825	0.139547	0.594642	0.130755	0.603692	0.121843	0.612977	0.112839	0.622502	0.103771	0.632269	0.094676	0.642282	0.085600	0.652547	0.076598	0.663065	0.067735	0.673840	0.059094	0.684877	0.050772	0.696179	0.042891	0.707749	0.035595	0.719590	0.029061	0.731707	0.023507	0.744101	0.019196	0.756779	0.016455	0.769740
531.377440	0.173044	0.560580	0.164887	0.568727	0.156555	0.577093	0.148056	0.585685	0.139404	0.594504	0.130614	0.603556	0.121705	0.612843	0.112704	0.622370	0.103639	0.632138	0.094548	0.642155	0.085476	0.652422	0.076478	0.662943	0.067619	0.673721	0.058984	0.684760	0.050668	0.696066	0.042793	0.707639	0.035504	0.719484	0.028978	0.731604	0.023432	0.744003	0.019130	0.756684	0.016399	0.769649
531.847170	0.172893	0.560435	0.164738	0.568583	0.156408	0.576951	0.147911	0.585545	0.139261	0.594366	0.130473	0.603419	0.121568	0.612709	0.112569	0.622237	0.103508	0.632008	0.094420	0.642027	0.085351	0.652297	0.076358	0.662820	0.067504	0.673602	0.058875	0.684644	0.050565	0.695952	0.042696	0.707529	0.035413	0.719378	0.028895	0.731501	0.023357	0.743904	0.019064	0.756589	0.016342	0.769559
532.316770	0.172743	0.560290	0.164590	0.568439	0.156261	0.576809	0.147766	0.585404	0.139118	0.594228	0.130332	0.603283	0.121430	0.612574	0.112434	0.622105	0.103376	0.631879	0.094292	0.641900	0.085228	0.652172	0.076239	0.662698	0.067390	0.673482	0.058765	0.684527	0.050461	0.695839	0.042599	0.707419	0.035323	0.719271	0.028812	0.731399	0.023282	0.743805	0.018999	0.756494	0.016286	0.769468
532.786250	0.172593	0.560145	0.164441	0.568296	0.156114	0.576668	0.147621	0.585264	0.138975	0.594089	0.130192	0.603147	0.121293	0.612440	0.112300	0.621973	0.103245	0.631750	0.094164	0.641773	0.085105	0.652047	0.076120	0.662576	0.067276	0.673363	0.058656	0.684411	0.050358	0.695726	0.042502	0.707310	0.035233	0.719165	0.028729	0.731296	0.023208	0.743707	0.018934	0.756399	0.016230	0.769377
533.255680	0.172444	0.560002	0.164294	0.568154	0.155969	0.576528	0.147478	0.585126	0.138834	0.593953	0.130054	0.603012	0.121157	0.612307	0.112167	0.621842	0.103116	0.631621	0.094039	0.641647	0.084983	0.651924	0.076002	0.662455	0.067163	0.673245	0.058548	0.684297	0.050255	0.695614	0.042406	0.707201	0.035143	0.719060	0.028648	0.731195	0.023134	0.743609	0.018869	0.756305	0.016175	0.769287
533.724910	0.172297	0.559860	0.164148	0.568013	0.155825	0.576389	0.147336	0.584988	0.138695	0.593817	0.129916	0.602878	0.121022	0.612175	0.112035	0.621713	0.102987	0.631494	0.093914	0.641522	0.084861	0.651801	0.075885	0.662335	0.067051	0.673128	0.058441	0.684183	0.050154	0.695503	0.042310	0.707093	0.035055	0.718955	0.028566	0.731094	0.023062	0.743512	0.018805	0.756212	0.016120	0.769199
534.194150	0.172150	0.559718	0.164003	0.567873	0.155681	0.576249	0.147194	0.584851	0.138555	0.593682	0.129779	0.602745	0.120887	0.612044	0.111904	0.621583	0.102859	0.631366	0.093789	0.641397	0.084740	0.651678	0.075768	0.662215	0.066939	0.673011	0.058334	0.684069	0.050053	0.695392	0.042215	0.706985	0.034967	0.718851	0.028485	0.730993	0.022989	0.743415	0.018741	0.756120	0.016065	0.769110
534.663210	0.172003	0.559577	0.163858	0.567732	0.155538	0.576110	0.147052	0.584714	0.138416	0.593546	0.129643	0.602611	0.120753	0.611912	0.111772	0.621454	0.102731	0.631239	0.093664	0.641272	0.084619	0.651556	0.075651	0.662096	0.066827	0.672894	0.058227	0.683955	0.049952	0.695281	0.042120	0.706878	0.034879	0.718747	0.028405	0.730892	0.022916	0.743318	0.018677	0.756026	0.016011	0.769022
535.132200	0.171857	0.559435	0.163713	0.567593	0.155395	0.575972	0.146911	0.584578	0.138277	0.593411	0.129507	0.602478	0.120619	0.611781	0.111641	0.621325	0.102603	0.631112	0.093540	0.641148	0.084499	0.651435	0.075536	0.661976	0.066716	0.672777	0.058121	0.683841	0.049852	0.695171	0.042027	0.706771	0.034791	0.718643	0.028324	0.730792	0.022844	0.743222	0.018613	0.755934	0.015957	0.768933
535.601070	0.171712	0.559295	0.163570	0.567454	0.155253	0.575835	0.146772	0.584442	0.138139	0.593278	0.129372	0.602346	0.120487	0.611652	0.111512	0.621197	0.102476	0.630987	0.093417	0.641025	0.084381	0.651314	0.075421	0.661858	0.066605	0.672662	0.058016	0.683729	0.049752	0.695062	0.041933	0.706664	0.034705	0.718540	0.028245	0.730693	0.022772	0.743126	0.018550	0.755843	0.015903	0.768845
536.069820	0.171568	0.559155	0.163427	0.567316	0.155112	0.575699	0.146633	0.584307	0.138003	0.593145	0.129237	0.602215	0.120355	0.611523	0.111383	0.621070	0.102350	0.630861	0.093295	0.640902	0.084262	0.651194	0.075307	0.661741	0.066496	0.672548	0.057911	0.683617	0.049653	0.694953	0.041840	0.706558	0.034618	0.718438	0.028166	0.730594	0.022701	0.743031	0.018488	0.755751	0.015850	0.768758
536.538510	0.171424	0.559016	0.163285	0.567179	0.154971	0.575563	0.146495	0.584172	0.137866	0.593012	0.129103	0.602084	0.120224	0.611393	0.111254	0.620943	0.102225	0.630737	0.093173	0.640779	0.084144	0.651073	0.075193	0.661623	0.066386	0.672433	0.057807	0.683505	0.049554	0.694844	0.041747	0.706453	0.034532	0.718336	0.028087	0.730495	0.022631	0.742936	0.018425	0.755660	0.015797	0.768671
537.007080	0.171280	0.558877	0.163143	0.567041	0.154831	0.575427	0.146356	0.584038	0.137730	0.592879	0.128969	0.601953	0.120093	0.611264	0.111126	0.620816	0.102100	0.630612	0.093051	0.640657	0.084026	0.650953	0.075079	0.661506	0.066277	0.672318	0.057703	0.683393	0.049456	0.694735	0.041655	0.706347	0.034447	0.718233	0.028009	0.730397	0.022560	0.742841	0.018363	0.755569	0.015744	0.768584
537.475520	0.171137	0.558738	0.163001	0.566904	0.154691	0.575291	0.146218	0.583904	0.137594	0.592746	0.128836	0.601822	0.119962	0.611135	0.110998	0.620689	0.101975	0.630488	0.092930	0.640535	0.083908	0.650834	0.074966	0.661389	0.066169	0.672204	0.057600	0.683281	0.049357	0.694627	0.041562	0.706242	0.034361	0.718132	0.027931	0.730298	0.022490	0.742746	0.018301	0.755478	0.015692	0.768497
537.943850	0.170994	0.558600	0.162860	0.566767	0.154552	0.575156	0.146080	0.583770	0.137459	0.592615	0.128703	0.601693	0.119832	0.611007	0.110870	0.620563	0.101851	0.630364	0.092809	0.640414	0.083791	0.650715	0.074853	0.661272	0.066061	0.672090	0.057496	0.683170	0.049260	0.694519	0.041471	0.706138	0.034276	0.718030	0.027853	0.730200	0.022419	0.742651	0.018239	0.755388	0.015640	0.768410
538.412110	0.170852	0.558463	0.162720	0.566631	0.154414	0.575022	0.145944	0.583637	0.137325	0.592484	0.128571	0.601563	0.119702	0.610880	0.110744	0.620438	0.101727	0.630241	0.092689	0.640293	0.083675	0.650597	0.074740	0.661156	0.065954	0.671977	0.057394	0.683060	0.049163	0.694412	0.041380	0.706033	0.034192	0.717929	0.027776	0.730103	0.022350	0.742558	0.018179	0.755298	0.015589	0.768325
538.880250	0.170712	0.558327	0.162580	0.566496	0.154277	0.574888	0.145809	0.583506	0.137192	0.592354	0.128439	0.601435	0.119574	0.610754	0.110619	0.620314	0.101605	0.630119	0.092570	0.640173	0.083560	0.650479	0.074629	0.661041	0.065847	0.671865	0.057293	0.682951	0.049066	0.694305	0.041290	0.705929	0.034108	0.717829	0.027700	0.730007	0.022281	0.742465	0.018118	0.755208	0.015537	0.768240
539.348330	0.170572	0.558191	0.162443	0.566362	0.154141	0.574755	0.145675	0.583375	0.137059	0.592225	0.128309	0.601307	0.119446	0.610629	0.110494	0.620190	0.101484	0.629998	0.092452	0.640053	0.083446	0.650362	0.074519	0.660927	0.065741	0.671753	0.057192	0.682842	0.048971	0.694199	0.041200	0.705827	0.034025	0.717729	0.027624	0.729911	0.022212	0.742372	0.018058	0.755119	0.015486	0.768155
539.816220	0.170433	0.558056	0.162305	0.566229	0.154005	0.574623	0.145541	0.583244	0.136927	0.592096	0.128180	0.601180	0.119319	0.610503	0.110370	0.620068	0.101363	0.629877	0.092334	0.639935	0.083332	0.650246	0.074409	0.660814	0.065636	0.671642	0.057092	0.682734	0.048876	0.694094	0.041111	0.705724	0.033943	0.717630	0.027548	0.729815	0.022145	0.742280	0.017998	0.755031	0.015435	0.768070
540.284060	0.170293	0.557921	0.162167	0.566094	0.153868	0.574490	0.145406	0.583113	0.136795	0.591966	0.128050	0.601052	0.119191	0.610377	0.110245	0.619944	0.101241	0.629755	0.092216	0.639815	0.083217	0.650129	0.074299	0.660699	0.065530	0.671530	0.056991	0.682625	0.048781	0.693987	0.041022	0.705621	0.033860	0.717530	0.027472	0.729718	0.022076	0.742188	0.017939	0.754942	0.015384	0.767985
540.751830	0.170154	0.557785	0.162029	0.565960	0.153731	0.574358	0.145272	0.582982	0.136663	0.591836	0.127919	0.600924	0.119064	0.610251	0.110121	0.619819	0.101119	0.629633	0.092098	0.639696	0.083103	0.650012	0.074189	0.660584	0.065424	0.671418	0.056890	0.682515	0.048685	0.693881	0.040932	0.705518	0.033777	0.717431	0.027396	0.729622	0.022008	0.742095	0.017879	0.754853	0.015334	0.767900
541.219420	0.170015	0.557652	0.161892	0.565827	0.153596	0.574227	0.145139	0.582853	0.136532	0.591708	0.127791	0.600798	0.118938	0.610127	0.109998	0.619697	0.100999	0.629513	0.091981	0.639578	0.082990	0.649896	0.074080	0.660471	0.065319	0.671307	0.056790	0.682408	0.048591	0.693776	0.040844	0.705416	0.033695	0.717332	0.027321	0.729527	0.021941	0.742003	0.017820	0.754765	0.015284	0.767816
541.686950	0.169879	0.557519	0.161758	0.565696	0.153464	0.574098	0.145008	0.582725	0.136402	0.591582	0.127665	0.600674	0.118814	0.610004	0.109876	0.619577	0.100881	0.629394	0.091866	0.639461	0.082879	0.649782	0.073973	0.660360	0.065217	0.671198	0.056692	0.682301	0.048498	0.693672	0.040757	0.705316	0.033614	0.717235	0.027247	0.729433	0.021874	0.741913	0.017762	0.754678	0.015234	0.767733
542.154360	0.169743	0.557387	0.161623	0.565566	0.153331	0.573968	0.144877	0.582597	0.136273	0.591456	0.127538	0.600550	0.118690	0.609881	0.109755	0.619456	0.100763	0.629276	0.091751	0.639344	0.082767	0.649667	0.073865	0.660248	0.065114	0.671089	0.056594	0.682195	0.048405	0.693569	0.040670	0.705216	0.033533	0.717138	0.027174	0.729339	0.021808	0.741822	0.017704	0.754591	0.015185	0.767651
542.621700	0.169607	0.557254	0.161488	0.565434	0.153198	0.573838	0.144745	0.582468	0.136144	0.591329	0.127411	0.600425	0.118565	0.609758	0.109632	0.619334	0.100644	0.629156	0.091636	0.639227	0.082655	0.649552	0.073758	0.660136	0.065010	0.670979	0.056495	0.682088	0.048313	0.693465	0.040583	0.705115	0.033452	0.717040	0.027100	0.729244	0.021742	0.741731	0.017646	0.754504	0.015136	0.767567
543.088870	0.169471	0.557122	0.161354	0.565303	0.153065	0.573708	0.144614	0.582340	0.136016	0.591203	0.127284	0.600300	0.118442	0.609636	0.109511	0.619213	0.100526	0.629038	0.091521	0.639111	0.082544	0.649438	0.073651	0.660024	0.064908	0.670870	0.056397	0.681982	0.048220	0.693361	0.040496	0.705014	0.033372	0.716943	0.027026	0.729150	0.021676	0.741641	0.017588	0.754418	0.015087	0.767484
543.555970	0.169337	0.556991	0.161221	0.565174	0.152934	0.573580	0.144485	0.582214	0.135889	0.591078	0.127159	0.600177	0.118319	0.609514	0.109391	0.619094	0.100409	0.628920	0.091408	0.638996	0.082434	0.649326	0.073545	0.659914	0.064806	0.670762	0.056301	0.681877	0.048129	0.693259	0.040410	0.704914	0.033292	0.716846	0.026953	0.729057	0.021611	0.741551	0.017531	0.754331	0.015039	0.767402
544.023010	0.169202	0.556861	0.161088	0.565045	0.152804	0.573453	0.144357	0.582088	0.135762	0.590954	0.127035	0.600054	0.118197	0.609393	0.109272	0.618975	0.100292	0.628803	0.091294	0.638881	0.082325	0.649213	0.073439	0.659804	0.064705	0.670655	0.056204	0.681772	0.048037	0.693157	0.040325	0.704815	0.033213	0.716750	0.026880	0.728964	0.021546	0.741462	0.017474	0.754246	0.014991	0.767320
544.489870	0.169068	0.556729	0.160956	0.564915	0.152672	0.573324	0.144228	0.581961	0.135634	0.590828	0.126910	0.599931	0.118074	0.609272	0.109152	0.618855	0.100176	0.628686	0.091181	0.638766	0.082215	0.649100	0.073333	0.659693	0.064603	0.670547	0.056108	0.681666	0.047946	0.693054	0.040239	0.704716	0.033133	0.716654	0.026808	0.728871	0.021481	0.741372	0.017417	0.754160	0.014942	0.767238
544.956670	0.168934	0.556599	0.160823	0.564786	0.152541	0.573197	0.144099	0.581835	0.135508	0.590704	0.126785	0.599808	0.117952	0.609151	0.109033	0.618736	0.100060	0.628569	0.091068	0.638651	0.082106	0.648987	0.073228	0.659582	0.064502	0.670439	0.056012	0.681561	0.047855	0.692952	0.040154	0.704617	0.033054	0.716558	0.026737	0.728779	0.021416	0.741283	0.017360	0.754075	0.014894	0.767157
545.423400	0.168803	0.556471	0.160693	0.564659	0.152412	0.573071	0.143972	0.581710	0.135383	0.590580	0.126663	0.599687	0.117832	0.609032	0.108916	0.618619	0.099945	0.628453	0.090957	0.638538	0.081998	0.648876	0.073124	0.659473	0.064403	0.670332	0.055917	0.681457	0.047765	0.692852	0.040070	0.704519	0.032976	0.716463	0.026665	0.728687	0.021352	0.741195	0.017304	0.753990	0.014847	0.767075
545.889950	0.168672	0.556343	0.160563	0.564533	0.152285	0.572946	0.143846	0.581587	0.135259	0.590459	0.126541	0.599566	0.117713	0.608913	0.108799	0.618502	0.099831	0.628338	0.090846	0.638425	0.081891	0.648766	0.073021	0.659365	0.064304	0.670227	0.055822	0.681354	0.047676	0.692752	0.039987	0.704422	0.032899	0.716369	0.026595	0.728596	0.021289	0.741108	0.017249	0.753906	0.014800	0.766995
546.356450	0.168541	0.556215	0.160434	0.564406	0.152157	0.572820	0.143720	0.581464	0.135135	0.590337	0.126419	0.599446	0.117594	0.608794	0.108683	0.618386	0.099717	0.628224	0.090736	0.638313	0.081784	0.648656	0.072918	0.659258	0.064205	0.670122	0.055728	0.681251	0.047587	0.692652	0.039903	0.704325	0.032822	0.716275	0.026524	0.728505	0.021226	0.741020	0.017194	0.753822	0.014753	0.766915
546.822810	0.168410	0.556087	0.160305	0.564280	0.152029	0.572695	0.143594	0.581340	0.135011	0.590215	0.126298	0.599326	0.117474	0.608676	0.108566	0.618269	0.099604	0.628109	0.090626	0.638200	0.081677	0.648546	0.072815	0.659150	0.064106	0.670017	0.055634	0.681149	0.047498	0.692552	0.039820	0.704228	0.032745	0.716181	0.026454	0.728414	0.021163	0.740933	0.017138	0.753739	0.014707	0.766835
547.289060	0.168280	0.555960	0.160176	0.564154	0.151902	0.572571	0.143469	0.581217	0.134888	0.590094	0.126177	0.599206	0.117356	0.608558	0.108450	0.618153	0.099491	0.627995	0.090516	0.638088	0.081571	0.648436	0.072713	0.659043	0.064008	0.669912	0.055541	0.681047	0.047411	0.692452	0.039737	0.704131	0.032669	0.716087	0.026384	0.728324	0.021100	0.740846	0.017083	0.753655	0.014660	0.766756
547.755250	0.168151	0.555834	0.160048	0.564029	0.151776	0.572448	0.143344	0.581094	0.134765	0.589973	0.126057	0.599087	0.117238	0.608441	0.108335	0.618038	0.099379	0.627882	0.090407	0.637976	0.081465	0.648327	0.072611	0.658936	0.063911	0.669808	0.055449	0.680945	0.047323	0.692353	0.039655	0.704035	0.032593	0.715994	0.026314	0.728234	0.021038	0.740760	0.017029	0.753572	0.014614	0.766676
548.221310	0.168022	0.555708	0.159920	0.563904	0.151650	0.572324	0.143220	0.580972	0.134643	0.589853	0.125937	0.598969	0.117120	0.608323	0.108220	0.617922	0.099267	0.627768	0.090298	0.637865	0.081360	0.648218	0.072510	0.658829	0.063814	0.669703	0.055356	0.680844	0.047235	0.692254	0.039573	0.703938	0.032517	0.715901	0.026245	0.728144	0.020975	0.740673	0.016974	0.753488	0.014568	0.766596
548.687260	0.167892	0.555581	0.159793	0.563778	0.151524	0.572201	0.143096	0.580850	0.134521	0.589732	0.125816	0.598850	0.117002	0.608206	0.108105	0.617807	0.099155	0.627655	0.090189	0.637754	0.081255	0.648109	0.072408	0.658722	0.063717	0.669599	0.055264	0.680742	0.047147	0.692155	0.039491	0.703842	0.032441	0.715808	0.026175	0.728055	0.020913	0.740586	0.016920	0.753405	0.014522	0.766517
549.153140	0.167764	0.555456	0.159666	0.563654	0.151399	0.572078	0.142973	0.580728	0.134399	0.589612	0.125697	0.598731	0.116886	0.608090	0.107991	0.617692	0.099044	0.627542	0.090081	0.637644	0.081151	0.648000	0.072307	0.658616	0.063620	0.669495	0.055172	0.680641	0.047061	0.692057	0.039409	0.703747	0.032365	0.715716	0.026106	0.727966	0.020852	0.740500	0.016866	0.753323	0.014477	0.766438
549.618900	0.167637	0.555331	0.159541	0.563531	0.151275	0.571956	0.142850	0.580608	0.134279	0.589493	0.125579	0.598614	0.116770	0.607974	0.107878	0.617579	0.098933	0.627430	0.089974	0.637534	0.081047	0.647893	0.072207	0.658511	0.063525	0.669392	0.055080	0.680541	0.046975	0.691960	0.039329	0.703652	0.032291	0.715624	0.026038	0.727877	0.020791	0.740415	0.016813	0.753242	0.014433	0.766361
550.084530	0.167510	0.555207	0.159415	0.563409	0.151152	0.571835	0.142728	0.580488	0.134159	0.589375	0.125462	0.598497	0.116655	0.607859	0.107766	0.617465	0.098823	0.627319	0.089868	0.637425	0.080943	0.647786	0.072108	0.658406	0.063430	0.669289	0.054990	0.680441	0.046889	0.691862	0.039248	0.703558	0.032217	0.715532	0.025971	0.727789	0.020730	0.740331	0.016760	0.753160	0.014388	0.766283
550.550050	0.167384	0.555084	0.159290	0.563286	0.151028	0.571713	0.142606	0.580368	0.134039	0.589256	0.125344	0.598380	0.116540	0.607744	0.107653	0.617352	0.098713	0.627208	0.089761	0.637316	0.080840	0.647678	0.072009	0.658301	0.063335	0.669187	0.054899	0.680341	0.046804	0.691765	0.039169	0.703464	0.032142	0.715441	0.025903	0.727700	0.020669	0.740245	0.016707	0.753079	0.014343	0.766204
551.015500	0.167258	0.554960	0.159166	0.563164	0.150905	0.571592	0.142485	0.580249	0.133920	0.589138	0.125227	0.598264	0.116425	0.607629	0.107540	0.617239	0.098604	0.627097	0.089654	0.637206	0.080738	0.647571	0.071910	0.658197	0.063240	0.669086	0.054809	0.680242	0.046718	0.691668	0.039089	0.703370	0.032069	0.715350	0.025836	0.727612	0.020609	0.740160	0.016654	0.752997	0.014299	0.766126
551.480830	0.167132	0.554837	0.159042	0.563042	0.150783	0.571472	0.142365	0.580130	0.133802	0.589021	0.125111	0.598148	0.116311	0.607516	0.107429	0.617127	0.098496	0.626987	0.089549	0.637098	0.080635	0.647466	0.071812	0.658092	0.063146	0.668984	0.054720	0.680142	0.046633	0.691572	0.039010	0.703276	0.031995	0.715260	0.025769	0.727525	0.020549	0.740076	0.016602	0.752917	0.014255	0.766049
551.946040	0.167007	0.554714	0.158918	0.562921	0.150661	0.571352	0.142245	0.580012	0.133684	0.588904	0.124994	0.598032	0.116197	0.607402	0.107318	0.617015	0.098388	0.626877	0.089444	0.636990	0.080534	0.647360	0.071714	0.657989	0.063052	0.668883	0.054630	0.680043	0.046549	0.691476	0.038931	0.703183	0.031922	0.715169	0.025702	0.727438	0.020490	0.739993	0.016550	0.752836	0.014211	0.765973
552.411190	0.166883	0.554592	0.158795	0.562800	0.150539	0.571232	0.142125	0.579893	0.133566	0.588787	0.124879	0.597917	0.116084	0.607289	0.107207	0.616903	0.098279	0.626767	0.089339	0.636883	0.080432	0.647254	0.071616	0.657886	0.062958	0.668781	0.054541	0.679945	0.046465	0.691380	0.038852	0.703090	0.031849	0.715079	0.025635	0.727351	0.020430	0.739909	0.016498	0.752756	0.014167	0.765896
552.876220	0.166759	0.554470	0.158672	0.562679	0.150418	0.571113	0.142006	0.579775	0.133449	0.588671	0.124763	0.597802	0.115971	0.607175	0.107096	0.616792	0.098171	0.626657	0.089235	0.636775	0.080332	0.647149	0.071519	0.657783	0.062865	0.668681	0.054452	0.679847	0.046381	0.691284	0.038774	0.702998	0.031776	0.714989	0.025569	0.727264	0.020371	0.739825	0.016447	0.752675	0.014124	0.765819
553.341130	0.166636	0.554350	0.158551	0.562560	0.150298	0.570995	0.141887	0.579658	0.133333	0.588555	0.124649	0.597689	0.115859	0.607063	0.106987	0.616682	0.098065	0.626548	0.089131	0.636669	0.080232	0.647044	0.071422	0.657681	0.062772	0.668581	0.054365	0.679750	0.046298	0.691190	0.038696	0.702906	0.031704	0.714900	0.025504	0.727178	0.020312	0.739742	0.016396	0.752596	0.014080	0.765743
553.805910	0.166514	0.554230	0.158430	0.562441	0.150179	0.570878	0.141770	0.579542	0.133217	0.588441	0.124536	0.597576	0.115748	0.606951	0.106879	0.616573	0.097960	0.626441	0.089029	0.636563	0.080132	0.646941	0.071327	0.657579	0.062681	0.668482	0.054277	0.679653	0.046216	0.691096	0.038619	0.702814	0.031634	0.714812	0.025439	0.727093	0.020254	0.739660	0.016345	0.752517	0.014038	0.765668
554.270630	0.166392	0.554110	0.158310	0.562323	0.150061	0.570761	0.141653	0.579427	0.133102	0.588327	0.124423	0.597464	0.115638	0.606841	0.106771	0.616463	0.097855	0.626334	0.088926	0.636458	0.080033	0.646838	0.071231	0.657478	0.062590	0.668383	0.054190	0.679557	0.046134	0.691002	0.038542	0.702723	0.031563	0.714724	0.025374	0.727007	0.020196	0.739578	0.016294	0.752438	0.013995	0.765593
554.735230	0.166271	0.553991	0.158190	0.562204	0.149943	0.570644	0.141536	0.579312	0.132987	0.588213	0.124310	0.597351	0.115527	0.606730	0.106663	0.616354	0.097749	0.626227	0.088824	0.636352	0.079934	0.646735	0.071136	0.657377	0.062499	0.668284	0.054103	0.679461	0.046052	0.690909	0.038466	0.702632	0.031491	0.714635	0.025310	0.726923	0.020138	0.739496	0.016244	0.752360	0.013953	0.765518
555.199770	0.166150	0.553872	0.158071	0.562086	0.149824	0.570527	0.141420	0.579196	0.132873	0.588099	0.124197	0.597239	0.115416	0.606619	0.106555	0.616245	0.097644	0.626120	0.088722	0.636247	0.079836	0.646632	0.071041	0.657277	0.062408	0.668185	0.054017	0.679365	0.045970	0.690815	0.038389	0.702541	0.031421	0.714547	0.025245	0.726837	0.020080	0.739414	0.016193	0.752281	0.013911	0.765443
555.664120	0.166028	0.553753	0.157951	0.561969	0.149706	0.570410	0.141304	0.579081	0.132758	0.587985	0.124085	0.597126	0.115306	0.606509	0.106447	0.616136	0.097539	0.626012	0.088620	0.636142	0.079738	0.646528	0.070947	0.657176	0.062317	0.668087	0.053931	0.679268	0.045888	0.690721	0.038313	0.702450	0.031351	0.714459	0.025181	0.726752	0.020023	0.739332	0.016144	0.752203	0.013869	0.765368
556.128420	0.165908	0.553634	0.157832	0.561852	0.149589	0.570294	0.141188	0.578966	0.132644	0.587872	0.123973	0.597014	0.115197	0.606399	0.106341	0.616027	0.097435	0.625906	0.088519	0.636037	0.079640	0.646426	0.070853	0.657075	0.062227	0.667989	0.053845	0.679173	0.045808	0.690628	0.038237	0.702360	0.031281	0.714372	0.025117	0.726668	0.019966	0.739251	0.016094	0.752125	0.013828	0.765293
556.592590	0.165789	0.553517	0.157714	0.561736	0.149473	0.570179	0.141073	0.578853	0.132531	0.587760	0.123863	0.596904	0.115089	0.606289	0.106235	0.615920	0.097332	0.625800	0.088419	0.635934	0.079543	0.646325	0.070760	0.656976	0.062138	0.667893	0.053760	0.679078	0.045728	0.690536	0.038162	0.702271	0.031211	0.714286	0.025054	0.726584	0.019909	0.739170	0.016045	0.752047	0.013786	0.765220
557.056700	0.165671	0.553401	0.157597	0.561620	0.149357	0.570065	0.140959	0.578740	0.132419	0.587648	0.123753	0.596794	0.114981	0.606181	0.106129	0.615814	0.097229	0.625695	0.088320	0.635831	0.079446	0.646224	0.070667	0.656877	0.062049	0.667796	0.053676	0.678984	0.045648	0.690445	0.038087	0.702182	0.031142	0.714199	0.024991	0.726501	0.019853	0.739090	0.015996	0.751971	0.013745	0.765146
557.520690	0.165552	0.553284	0.157479	0.561504	0.149241	0.569951	0.140845	0.578627	0.132307	0.587537	0.123643	0.596683	0.114873	0.606072	0.106024	0.615707	0.097127	0.625591	0.088220	0.635728	0.079350	0.646122	0.070574	0.656778	0.061960	0.667700	0.053591	0.678890	0.045568	0.690353	0.038012	0.702093	0.031073	0.714114	0.024929	0.726418	0.019797	0.739010	0.015947	0.751894	0.013704	0.765073
557.984560	0.165434	0.553167	0.157363	0.561389	0.149126	0.569837	0.140732	0.578514	0.132196	0.587426	0.123534	0.596574	0.114766	0.605965	0.105919	0.615601	0.097024	0.625486	0.088121	0.635625	0.079254	0.646021	0.070482	0.656680	0.061872	0.667603	0.053507	0.678796	0.045489	0.690262	0.037938	0.702004	0.031004	0.714028	0.024866	0.726335	0.019742	0.738931	0.015899	0.751818	0.013662	0.764999
558.448300	0.165316	0.553051	0.157247	0.561275	0.149011	0.569723	0.140619	0.578402	0.132085	0.587315	0.123424	0.596465	0.114659	0.605857	0.105815	0.615494	0.096923	0.625383	0.088023	0.635523	0.079159	0.645921	0.070390	0.656582	0.061784	0.667507	0.053424	0.678703	0.045410	0.690171	0.037865	0.701916	0.030936	0.713942	0.024804	0.726253	0.019686	0.738851	0.015850	0.751741	0.013622	0.764927
558.911990	0.165199	0.552936	0.157132	0.561161	0.148898	0.569610	0.140507	0.578291	0.131974	0.587205	0.123316	0.596357	0.114553	0.605750	0.105712	0.615389	0.096822	0.625279	0.087925	0.635421	0.079064	0.645822	0.070298	0.656485	0.061697	0.667412	0.053341	0.678610	0.045332	0.690080	0.037792	0.701828	0.030869	0.713857	0.024742	0.726171	0.019631	0.738772	0.015802	0.751665	0.013582	0.764854
559.375550	0.165082	0.552821	0.157016	0.561046	0.148784	0.569497	0.140395	0.578179	0.131864	0.587095	0.123207	0.596248	0.114447	0.605643	0.105608	0.615284	0.096721	0.625175	0.087827	0.635320	0.078969	0.645722	0.070207	0.656387	0.061609	0.667317	0.053258	0.678517	0.045253	0.689990	0.037719	0.701740	0.030801	0.713772	0.024680	0.726088	0.019575	0.738693	0.015754	0.751589	0.013542	0.764781
559.838990	0.164966	0.552706	0.156901	0.560932	0.148670	0.569385	0.140283	0.578068	0.131754	0.586985	0.123099	0.596140	0.114342	0.605536	0.105505	0.615179	0.096621	0.625072	0.087729	0.635218	0.078875	0.645623	0.070116	0.656290	0.061522	0.667222	0.053175	0.678424	0.045175	0.689899	0.037645	0.701652	0.030733	0.713687	0.024619	0.726006	0.019521	0.738613	0.015707	0.751513	0.013502	0.764708
560.302370	0.164851	0.552592	0.156787	0.560820	0.148558	0.569274	0.140172	0.577957	0.131645	0.586876	0.122992	0.596032	0.114237	0.605430	0.105402	0.615075	0.096521	0.624969	0.087632	0.635117	0.078781	0.645525	0.070026	0.656193	0.061436	0.667127	0.053093	0.678332	0.045098	0.689810	0.037573	0.701566	0.030666	0.713603	0.024558	0.725925	0.019467	0.738535	0.015659	0.751438	0.013462	0.764636
560.765630	0.164736	0.552479	0.156674	0.560708	0.148446	0.569163	0.140062	0.577848	0.131537	0.586768	0.122886	0.595925	0.114132	0.605325	0.105301	0.614971	0.096422	0.624868	0.087536	0.635018	0.078688	0.645427	0.069937	0.656097	0.061350	0.667033	0.053011	0.678240	0.045021	0.689721	0.037500	0.701480	0.030600	0.713519	0.024498	0.725844	0.019412	0.738457	0.015612	0.751364	0.013423	0.764565
561.228760	0.164621	0.552366	0.156561	0.560595	0.148334	0.569052	0.139951	0.577739	0.131428	0.586659	0.122779	0.595818	0.114027	0.605220	0.105199	0.614868	0.096323	0.624766	0.087439	0.634918	0.078595	0.645328	0.069848	0.656000	0.061265	0.666940	0.052930	0.678149	0.044944	0.689632	0.037428	0.701393	0.030533	0.713436	0.024437	0.725763	0.019358	0.738380	0.015565	0.751289	0.013383	0.764494
561.691830	0.164507	0.552252	0.156447	0.560483	0.148221	0.568941	0.139841	0.577628	0.131320	0.586551	0.122673	0.595711	0.113923	0.605114	0.105097	0.614764	0.096224	0.624664	0.087343	0.634817	0.078503	0.645230	0.069758	0.655905	0.061179	0.666846	0.052848	0.678058	0.044867	0.689543	0.037356	0.701306	0.030467	0.713352	0.024377	0.725682	0.019305	0.738302	0.015518	0.751214	0.013344	0.764422
562.154720	0.164393	0.552139	0.156334	0.560371	0.148110	0.568830	0.139732	0.577519	0.131212	0.586443	0.122568	0.595605	0.113820	0.605009	0.104995	0.614661	0.096125	0.624562	0.087247	0.634718	0.078410	0.645132	0.069669	0.655809	0.061094	0.666753	0.052767	0.677967	0.044791	0.689454	0.037285	0.701220	0.030401	0.713268	0.024317	0.725601	0.019251	0.738224	0.015472	0.751139	0.013305	0.764351
562.617550	0.164280	0.552028	0.156223	0.560261	0.148000	0.568721	0.139623	0.577411	0.131105	0.586336	0.122463	0.595500	0.113717	0.604905	0.104895	0.614558	0.096027	0.624462	0.087153	0.634619	0.078318	0.645036	0.069581	0.655715	0.061009	0.666660	0.052687	0.677876	0.044715	0.689366	0.037215	0.701135	0.030336	0.713186	0.024257	0.725521	0.019198	0.738147	0.015426	0.751065	0.013267	0.764281
563.080320	0.164167	0.551917	0.156112	0.560151	0.147891	0.568612	0.139515	0.577303	0.130999	0.586230	0.122359	0.595395	0.113615	0.604802	0.104796	0.614456	0.095930	0.624362	0.087059	0.634521	0.078227	0.644939	0.069493	0.655621	0.060925	0.666568	0.052607	0.677786	0.044640	0.689279	0.037145	0.701050	0.030271	0.713104	0.024198	0.725442	0.019145	0.738071	0.015380	0.750992	0.013228	0.764211
563.542910	0.164055	0.551805	0.156001	0.560041	0.147781	0.568503	0.139407	0.577196	0.130893	0.586124	0.122255	0.595290	0.113514	0.604699	0.104696	0.614355	0.095833	0.624262	0.086965	0.634423	0.078137	0.644843	0.069405	0.655526	0.060842	0.666476	0.052528	0.677697	0.044564	0.689191	0.037074	0.700966	0.030206	0.713021	0.024139	0.725363	0.019093	0.737994	0.015334	0.750919	0.013190	0.764140
564.005430	0.163943	0.551694	0.155890	0.559931	0.147672	0.568394	0.139300	0.577089	0.130787	0.586018	0.122151	0.595185	0.113412	0.604596	0.104597	0.614254	0.095737	0.624162	0.086871	0.634325	0.078046	0.644747	0.069318	0.655432	0.060758	0.666384	0.052448	0.677607	0.044489	0.689104	0.037004	0.700881	0.030141	0.712939	0.024080	0.725284	0.019040	0.737918	0.015288	0.750846	0.013152	0.764070
564.467900	0.163831	0.551583	0.155779	0.559821	0.147563	0.568285	0.139192	0.576981	0.130681	0.585912	0.122047	0.595081	0.113310	0.604493	0.104497	0.614152	0.095640	0.624062	0.086777	0.634227	0.077955	0.644651	0.069231	0.655338	0.060675	0.666292	0.052369	0.677518	0.044414	0.689017	0.036935	0.700796	0.030077	0.712857	0.024022	0.725205	0.018988	0.737842	0.015243	0.750773	0.013113	0.764000
564.930180	0.163720	0.551473	0.155670	0.559712	0.147454	0.568177	0.139085	0.576874	0.130576	0.585806	0.121944	0.594977	0.113209	0.604390	0.104398	0.614051	0.095544	0.623963	0.086683	0.634130	0.077865	0.644555	0.069144	0.655244	0.060592	0.666201	0.052290	0.677428	0.044340	0.688930	0.036865	0.700712	0.030013	0.712775	0.023963	0.725126	0.018936	0.737765	0.015198	0.750700	0.013076	0.763930
565.392400	0.163609	0.551363	0.155560	0.559602	0.147346	0.568070	0.138979	0.576768	0.130471	0.585700	0.121840	0.594873	0.113109	0.604288	0.104300	0.613950	0.095448	0.623864	0.086590	0.634033	0.077775	0.644460	0.069058	0.655151	0.060509	0.666110	0.052211	0.677339	0.044266	0.688844	0.036796	0.700628	0.029949	0.712694	0.023905	0.725047	0.018884	0.737690	0.015153	0.750627	0.013038	0.763861
565.854490	0.163499	0.551253	0.155451	0.559494	0.147239	0.567963	0.138873	0.576662	0.130367	0.585596	0.121738	0.594769	0.113008	0.604186	0.104203	0.613850	0.095353	0.623766	0.086498	0.633936	0.077686	0.644366	0.068972	0.655059	0.060427	0.666019	0.052133	0.677251	0.044192	0.688758	0.036728	0.700544	0.029885	0.712613	0.023847	0.724969	0.018832	0.737614	0.015108	0.750555	0.013002	0.763793
566.316530	0.163389	0.551145	0.155343	0.559387	0.147132	0.567856	0.138768	0.576557	0.130263	0.585492	0.121637	0.594667	0.112909	0.604085	0.104106	0.613751	0.095259	0.623668	0.086406	0.633840	0.077597	0.644272	0.068887	0.654967	0.060345	0.665929	0.052056	0.677163	0.044119	0.688673	0.036659	0.700461	0.029822	0.712533	0.023790	0.724891	0.018781	0.737540	0.015064	0.750483	0.012965	0.763724
566.778380	0.163280	0.551037	0.155236	0.559280	0.147026	0.567751	0.138663	0.576452	0.130161	0.585389	0.121536	0.594566	0.112810	0.603985	0.104009	0.613652	0.095165	0.623571	0.086316	0.633745	0.077509	0.644179	0.068802	0.654876	0.060265	0.665840	0.051979	0.677077	0.044047	0.688588	0.036592	0.700379	0.029760	0.712453	0.023733	0.724814	0.018731	0.737466	0.015020	0.750412	0.012928	0.763656
567.240170	0.163172	0.550929	0.155128	0.559174	0.146920	0.567645	0.138559	0.576348	0.130059	0.585286	0.121436	0.594464	0.112712	0.603885	0.103913	0.613554	0.095071	0.623474	0.086225	0.633649	0.077421	0.644085	0.068718	0.654784	0.060184	0.665751	0.051902	0.676990	0.043975	0.688503	0.036524	0.700297	0.029698	0.712374	0.023676	0.724737	0.018681	0.737392	0.014976	0.750341	0.012891	0.763588
567.701900	0.163064	0.550821	0.155021	0.559067	0.146815	0.567540	0.138455	0.576244	0.129956	0.585183	0.121336	0.594363	0.112613	0.603785	0.103817	0.613455	0.094977	0.623377	0.086134	0.633554	0.077333	0.643992	0.068634	0.654693	0.060103	0.665661	0.051825	0.676902	0.043903	0.688418	0.036456	0.700215	0.029635	0.712294	0.023620	0.724660	0.018630	0.737318	0.014932	0.750270	0.012854	0.763520
568.163450	0.162956	0.550714	0.154914	0.558960	0.146710	0.567435	0.138351	0.576140	0.129854	0.585081	0.121236	0.594261	0.112515	0.603686	0.103721	0.613357	0.094884	0.623281	0.086044	0.633460	0.077246	0.643899	0.068550	0.654602	0.060023	0.665573	0.051749	0.676815	0.043830	0.688334	0.036388	0.700133	0.029573	0.712215	0.023563	0.724584	0.018579	0.737244	0.014889	0.750199	0.012818	0.763452
568.624940	0.162848	0.550608	0.154808	0.558855	0.146604	0.567330	0.138248	0.576036	0.129752	0.584978	0.121136	0.594160	0.112418	0.603586	0.103626	0.613260	0.094791	0.623184	0.085954	0.633366	0.077159	0.643806	0.068466	0.654512	0.059943	0.665484	0.051673	0.676729	0.043758	0.688250	0.036321	0.700051	0.029511	0.712135	0.023507	0.724507	0.018529	0.737171	0.014845	0.750128	0.012782	0.763385
569.086300	0.162740	0.550501	0.154702	0.558749	0.146499	0.567225	0.138145	0.575933	0.129651	0.584876	0.121036	0.594059	0.112321	0.603486	0.103531	0.613162	0.094699	0.623088	0.085864	0.633271	0.077073	0.643714	0.068382	0.654421	0.059863	0.665395	0.051597	0.676643	0.043687	0.688166	0.036255	0.699970	0.029449	0.712056	0.023452	0.724431	0.018480	0.737097	0.014802	0.750058	0.012746	0.763317
569.547610	0.162632	0.550394	0.154596	0.558643	0.146395	0.567120	0.138042	0.575829	0.129550	0.584774	0.120936	0.593958	0.112223	0.603387	0.103436	0.613064	0.094606	0.622992	0.085774	0.633176	0.076986	0.643621	0.068299	0.654330	0.059783	0.665307	0.051521	0.676556	0.043615	0.688082	0.036188	0.699888	0.029388	0.711977	0.023396	0.724354	0.018430	0.737023	0.014759	0.749987	0.012710	0.763250
570.008730	0.162526	0.550287	0.154490	0.558538	0.146291	0.567016	0.137939	0.575726	0.129449	0.584672	0.120837	0.593858	0.112126	0.603288	0.103341	0.612966	0.094514	0.622896	0.085684	0.633082	0.076899	0.643529	0.068216	0.654239	0.059704	0.665219	0.051446	0.676470	0.043545	0.687998	0.036122	0.699806	0.029327	0.711899	0.023340	0.724279	0.018380	0.736950	0.014716	0.749917	0.012674	0.763183
570.469850	0.162421	0.550182	0.154385	0.558434	0.146188	0.566913	0.137838	0.575624	0.129349	0.584572	0.120739	0.593759	0.112030	0.603191	0.103248	0.612870	0.094423	0.622802	0.085596	0.632990	0.076814	0.643438	0.068134	0.654150	0.059625	0.665132	0.051371	0.676385	0.043474	0.687916	0.036056	0.699726	0.029266	0.711821	0.023285	0.724204	0.018331	0.736877	0.014674	0.749847	0.012639	0.763116
570.930790	0.162316	0.550078	0.154282	0.558331	0.146085	0.566811	0.137737	0.575523	0.129250	0.584472	0.120643	0.593661	0.111935	0.603094	0.103155	0.612774	0.094333	0.622708	0.085509	0.632898	0.076730	0.643348	0.068052	0.654062	0.059548	0.665045	0.051297	0.676301	0.043404	0.687833	0.035991	0.699646	0.029206	0.711744	0.023230	0.724129	0.018283	0.736806	0.014631	0.749778	0.012604	0.763050
571.391660	0.162211	0.549973	0.154178	0.558227	0.145983	0.566709	0.137637	0.575423	0.129151	0.584372	0.120546	0.593563	0.111841	0.602997	0.103062	0.612679	0.094242	0.622614	0.085422	0.632806	0.076645	0.643257	0.067971	0.653974	0.059470	0.664959	0.051223	0.676217	0.043335	0.687751	0.035926	0.699567	0.029146	0.711667	0.023176	0.724055	0.018235	0.736734	0.014589	0.749710	0.012569	0.762984
571.852360	0.162106	0.549869	0.154075	0.558124	0.145882	0.566607	0.137536	0.575322	0.129053	0.584273	0.120449	0.593464	0.111746	0.602900	0.102970	0.612584	0.094153	0.622520	0.085334	0.632714	0.076561	0.643167	0.067890	0.653885	0.059392	0.664873	0.051150	0.676133	0.043265	0.687669	0.035862	0.699487	0.029086	0.711590	0.023121	0.723980	0.018187	0.736662	0.014547	0.749641	0.012534	0.762919
572.313050	0.162002	0.549765	0.153972	0.558021	0.145780	0.566505	0.137436	0.575222	0.128954	0.584174	0.120352	0.593366	0.111652	0.602804	0.102877	0.612488	0.094063	0.622427	0.085247	0.632622	0.076477	0.643077	0.067809	0.653797	0.059315	0.664787	0.051076	0.676049	0.043196	0.687587	0.035797	0.699408	0.029027	0.711513	0.023067	0.723906	0.018138	0.736590	0.014506	0.749572	0.012499	0.762853
572.773560	0.161898	0.549662	0.153869	0.557918	0.145679	0.566404	0.137336	0.575121	0.128856	0.584075	0.120256	0.593268	0.111557	0.602707	0.102785	0.612394	0.093974	0.622334	0.085160	0.632530	0.076392	0.642987	0.067729	0.653709	0.059238	0.664700	0.051003	0.675965	0.043127	0.687506	0.035733	0.699329	0.028967	0.711436	0.023013	0.723832	0.018090	0.736519	0.014464	0.749504	0.012465	0.762787
573.234010	0.161794	0.549558	0.153767	0.557816	0.145578	0.566302	0.137236	0.575021	0.128758	0.583975	0.120160	0.593170	0.111463	0.602611	0.102693	0.612299	0.093884	0.622241	0.085073	0.632438	0.076308	0.642897	0.067648	0.653621	0.059161	0.664614	0.050930	0.675881	0.043058	0.687425	0.035668	0.699250	0.028908	0.711359	0.022960	0.723757	0.018042	0.736448	0.014423	0.749435	0.012430	0.762722
573.694340	0.161690	0.549455	0.153664	0.557713	0.145477	0.566201	0.137137	0.574920	0.128660	0.583876	0.120064	0.593073	0.111369	0.602515	0.102602	0.612204	0.093795	0.622147	0.084987	0.632347	0.076225	0.642808	0.067568	0.653534	0.059084	0.664528	0.050857	0.675797	0.042989	0.687344	0.035603	0.699170	0.028849	0.711282	0.022906	0.723683	0.017994	0.736377	0.014382	0.749367	0.012396	0.762657
574.154600	0.161588	0.549353	0.153563	0.557612	0.145377	0.566100	0.137039	0.574821	0.128564	0.583778	0.119969	0.592977	0.111276	0.602419	0.102512	0.612111	0.093706	0.622055	0.084901	0.632257	0.076142	0.642719	0.067488	0.653447	0.059007	0.664444	0.050785	0.675714	0.042921	0.687263	0.035540	0.699092	0.028790	0.711207	0.022853	0.723610	0.017947	0.736306	0.014341	0.749299	0.012362	0.762592
574.614690	0.161487	0.549252	0.153463	0.557512	0.145278	0.566001	0.136942	0.574723	0.128468	0.583682	0.119875	0.592881	0.111184	0.602325	0.102422	0.612018	0.093619	0.621964	0.084817	0.632167	0.076060	0.642632	0.067410	0.653361	0.058932	0.664360	0.050714	0.675632	0.042854	0.687183	0.035477	0.699015	0.028732	0.711132	0.022800	0.723537	0.017900	0.736236	0.014301	0.749232	0.012328	0.762528
575.074710	0.161385	0.549150	0.153363	0.557412	0.145179	0.565902	0.136844	0.574625	0.128372	0.583585	0.119782	0.592785	0.111092	0.602231	0.102332	0.611925	0.093532	0.621873	0.084732	0.632077	0.075979	0.642544	0.067331	0.653275	0.058857	0.664276	0.050642	0.675551	0.042787	0.687103	0.035415	0.698937	0.028675	0.711057	0.022747	0.723465	0.017853	0.736167	0.014260	0.749165	0.012295	0.762464
575.534670	0.161283	0.549048	0.153262	0.557311	0.145079	0.565803	0.136746	0.574527	0.128276	0.583488	0.119687	0.592689	0.111000	0.602136	0.102242	0.611832	0.093444	0.621781	0.084647	0.631987	0.075897	0.642455	0.067252	0.653188	0.058781	0.664192	0.050571	0.675468	0.042719	0.687023	0.035352	0.698859	0.028617	0.710981	0.022695	0.723392	0.017807	0.736097	0.014220	0.749098	0.012261	0.762399
575.994450	0.161181	0.548946	0.153161	0.557210	0.144980	0.565703	0.136648	0.574428	0.128180	0.583390	0.119593	0.592593	0.110908	0.602041	0.102152	0.611739	0.093357	0.621689	0.084562	0.631897	0.075815	0.642367	0.067173	0.653102	0.058706	0.664107	0.050499	0.675386	0.042652	0.686943	0.035289	0.698781	0.028559	0.710906	0.022643	0.723319	0.017761	0.736027	0.014179	0.749031	0.012227	0.762335
576.454160	0.161080	0.548846	0.153062	0.557111	0.144882	0.565604	0.136552	0.574331	0.128085	0.583294	0.119500	0.592498	0.110817	0.601948	0.102063	0.611647	0.093270	0.621598	0.084478	0.631808	0.075734	0.642280	0.067095	0.653017	0.058632	0.664024	0.050428	0.675305	0.042585	0.686864	0.035227	0.698704	0.028501	0.710831	0.022591	0.723247	0.017714	0.735957	0.014139	0.748964	0.012194	0.762272
576.913760	0.160981	0.548747	0.152963	0.557012	0.144785	0.565506	0.136456	0.574234	0.127992	0.583199	0.119407	0.592405	0.110727	0.601855	0.101975	0.611555	0.093184	0.621509	0.084395	0.631720	0.075653	0.642193	0.067018	0.652933	0.058558	0.663941	0.050358	0.675224	0.042519	0.686786	0.035166	0.698628	0.028445	0.710757	0.022540	0.723176	0.017669	0.735888	0.014099	0.748898	0.012161	0.762209
577.373290	0.160881	0.548647	0.152865	0.556914	0.144688	0.565409	0.136361	0.574138	0.127898	0.583104	0.119315	0.592311	0.110637	0.601763	0.101887	0.611464	0.093098	0.621420	0.084312	0.631633	0.075573	0.642107	0.066941	0.652848	0.058484	0.663859	0.050288	0.675144	0.042454	0.686707	0.035104	0.698553	0.028388	0.710683	0.022488	0.723105	0.017623	0.735819	0.014060	0.748832	0.012128	0.762146
577.832640	0.160782	0.548547	0.152768	0.556815	0.144591	0.565312	0.136266	0.574042	0.127804	0.583009	0.119223	0.592217	0.110547	0.601671	0.101799	0.611373	0.093013	0.621331	0.084229	0.631545	0.075493	0.642021	0.066864	0.652764	0.058411	0.663777	0.050218	0.675063	0.042388	0.686629	0.035042	0.698477	0.028332	0.710610	0.022437	0.723034	0.017578	0.735751	0.014021	0.748766	0.012096	0.762083
578.291930	0.160683	0.548448	0.152670	0.556717	0.144494	0.565215	0.136170	0.573946	0.127710	0.582913	0.119132	0.592123	0.110457	0.601578	0.101711	0.611282	0.092928	0.621241	0.084146	0.631457	0.075413	0.641935	0.066787	0.652679	0.058337	0.663694	0.050148	0.674983	0.042322	0.686550	0.034981	0.698400	0.028275	0.710536	0.022385	0.722963	0.017532	0.735682	0.013982	0.748700	0.012064	0.762020
578.751160	0.160583	0.548348	0.152572	0.556619	0.144398	0.565118	0.136075	0.573849	0.127616	0.582818	0.119040	0.592030	0.110367	0.601486	0.101624	0.611191	0.092843	0.621151	0.084064	0.631369	0.075334	0.641849	0.066710	0.652595	0.058264	0.663612	0.050079	0.674902	0.042256	0.686472	0.034920	0.698324	0.028219	0.710463	0.022334	0.722891	0.017486	0.735614	0.013943	0.748634	0.012031	0.761957
579.210210	0.160485	0.548250	0.152475	0.556522	0.144302	0.565021	0.135981	0.573753	0.127524	0.582724	0.118949	0.591937	0.110278	0.601394	0.101537	0.611101	0.092758	0.621062	0.083982	0.631282	0.075255	0.641764	0.066634	0.652512	0.058192	0.663530	0.050009	0.674823	0.042191	0.686395	0.034859	0.698248	0.028163	0.710390	0.022284	0.722821	0.017441	0.735546	0.013904	0.748569	0.011999	0.761894
579.669190	0.160388	0.548153	0.152378	0.556425	0.144207	0.564925	0.135887	0.573659	0.127432	0.582631	0.118859	0.591844	0.110190	0.601303	0.101451	0.611011	0.092674	0.620974	0.083900	0.631195	0.075176	0.641679	0.066559	0.652429	0.058120	0.663449	0.049941	0.674744	0.042127	0.686317	0.034799	0.698174	0.028108	0.710317	0.022234	0.722751	0.017397	0.735478	0.013866	0.748504	0.011967	0.761832
580.128110	0.160291	0.548056	0.152282	0.556328	0.144113	0.564829	0.135794	0.573565	0.127341	0.582538	0.118769	0.591752	0.110101	0.601213	0.101365	0.610922	0.092591	0.620887	0.083819	0.631109	0.075097	0.641594	0.066484	0.652346	0.058048	0.663369	0.049873	0.674665	0.042063	0.686241	0.034739	0.698099	0.028053	0.710245	0.022184	0.722682	0.017353	0.735411	0.013827	0.748440	0.011935	0.761771
580.586850	0.160194	0.547959	0.152186	0.556232	0.144018	0.564735	0.135701	0.573471	0.127249	0.582445	0.118679	0.591661	0.110014	0.601122	0.101279	0.610833	0.092507	0.620799	0.083739	0.631023	0.075019	0.641510	0.066409	0.652263	0.057976	0.663288	0.049805	0.674586	0.041999	0.686164	0.034680	0.698025	0.027997	0.710173	0.022134	0.722612	0.017308	0.735344	0.013789	0.748376	0.011903	0.761709
581.045530	0.160096	0.547861	0.152091	0.556135	0.143924	0.564640	0.135608	0.573377	0.127158	0.582352	0.118589	0.591569	0.109926	0.601031	0.101194	0.610744	0.092424	0.620711	0.083658	0.630937	0.074941	0.641426	0.066334	0.652181	0.057904	0.663207	0.049737	0.674507	0.041935	0.686087	0.034620	0.697951	0.027943	0.710101	0.022084	0.722542	0.017264	0.735277	0.013750	0.748312	0.011872	0.761648
581.504090	0.159999	0.547764	0.151995	0.556040	0.143830	0.564544	0.135515	0.573283	0.127067	0.582259	0.118500	0.591477	0.109839	0.600941	0.101108	0.610656	0.092341	0.620624	0.083577	0.630852	0.074864	0.641342	0.066259	0.652098	0.057833	0.663126	0.049669	0.674429	0.041871	0.686011	0.034560	0.697876	0.027888	0.710029	0.022034	0.722472	0.017219	0.735210	0.013713	0.748247	0.011841	0.761586
581.962520	0.159903	0.547667	0.151900	0.555944	0.143736	0.564449	0.135423	0.573189	0.126975	0.582167	0.118411	0.591385	0.109751	0.600851	0.101023	0.610567	0.092259	0.620537	0.083497	0.630766	0.074786	0.641258	0.066185	0.652016	0.057762	0.663046	0.049602	0.674350	0.041807	0.685935	0.034501	0.697802	0.027833	0.709957	0.021985	0.722403	0.017176	0.735143	0.013675	0.748183	0.011810	0.761525
582.420900	0.159807	0.547570	0.151805	0.555848	0.143642	0.564354	0.135331	0.573095	0.126885	0.582074	0.118322	0.591294	0.109664	0.600761	0.100938	0.610479	0.092176	0.620450	0.083416	0.630680	0.074709	0.641174	0.066111	0.651934	0.057690	0.662965	0.049534	0.674272	0.041744	0.685859	0.034442	0.697728	0.027779	0.709885	0.021936	0.722334	0.017132	0.735077	0.013637	0.748119	0.011778	0.761464
582.879150	0.159711	0.547474	0.151710	0.555752	0.143549	0.564261	0.135239	0.573002	0.126795	0.581982	0.118233	0.591204	0.109578	0.600672	0.100853	0.610390	0.092094	0.620364	0.083337	0.630595	0.074632	0.641090	0.066036	0.651852	0.057620	0.662886	0.049468	0.674194	0.041681	0.685783	0.034383	0.697654	0.027725	0.709814	0.021887	0.722265	0.017088	0.735010	0.013600	0.748056	0.011747	0.761403
583.337280	0.159616	0.547379	0.151616	0.555658	0.143456	0.564167	0.135148	0.572910	0.126705	0.581891	0.118146	0.591114	0.109492	0.600583	0.100770	0.610303	0.092012	0.620278	0.083258	0.630511	0.074556	0.641007	0.065963	0.651771	0.057550	0.662807	0.049401	0.674117	0.041618	0.685708	0.034325	0.697581	0.027671	0.709743	0.021838	0.722197	0.017045	0.734945	0.013563	0.747993	0.011716	0.761343
583.795350	0.159522	0.547284	0.151523	0.555565	0.143364	0.564074	0.135057	0.572818	0.126617	0.581800	0.118059	0.591025	0.109407	0.600495	0.100687	0.610217	0.091931	0.620193	0.083180	0.630427	0.074480	0.640926	0.065890	0.651691	0.057481	0.662728	0.049335	0.674041	0.041556	0.685633	0.034267	0.697509	0.027618	0.709673	0.021790	0.722128	0.017003	0.734879	0.013525	0.747930	0.011686	0.761283
584.253300	0.159428	0.547190	0.151431	0.555471	0.143273	0.563982	0.134967	0.572726	0.126528	0.581710	0.117972	0.590936	0.109322	0.600407	0.100604	0.610130	0.091850	0.620108	0.083102	0.630344	0.074404	0.640844	0.065818	0.651611	0.057412	0.662650	0.049269	0.673965	0.041494	0.685559	0.034209	0.697437	0.027565	0.709603	0.021741	0.722061	0.016961	0.734814	0.013489	0.747867	0.011655	0.761223
584.711120	0.159334	0.547095	0.151338	0.555378	0.143181	0.563889	0.134878	0.572635	0.126440	0.581620	0.117886	0.590846	0.109237	0.600319	0.100521	0.610044	0.091770	0.620023	0.083023	0.630261	0.074329	0.640762	0.065746	0.651530	0.057342	0.662571	0.049203	0.673888	0.041432	0.685485	0.034152	0.697365	0.027512	0.709533	0.021693	0.721993	0.016918	0.734749	0.013452	0.747805	0.011625	0.761164
585.168820	0.159240	0.547001	0.151245	0.555284	0.143090	0.563797	0.134788	0.572544	0.126351	0.581530	0.117799	0.590757	0.109152	0.600232	0.100439	0.609957	0.091689	0.619938	0.082945	0.630177	0.074254	0.640680	0.065673	0.651451	0.057273	0.662493	0.049138	0.673812	0.041370	0.685411	0.034095	0.697292	0.027459	0.709463	0.021645	0.721926	0.016875	0.734684	0.013415	0.747742	0.011595	0.761104
585.626460	0.159147	0.546908	0.151153	0.555191	0.142999	0.563705	0.134698	0.572453	0.126263	0.581440	0.117713	0.590668	0.109068	0.600144	0.100356	0.609871	0.091609	0.619853	0.082867	0.630094	0.074179	0.640598	0.065601	0.651371	0.057204	0.662415	0.049073	0.673736	0.041309	0.685337	0.034038	0.697221	0.027406	0.709394	0.021598	0.721858	0.016833	0.734619	0.013379	0.747680	0.011565	0.761044
586.083980	0.159054	0.546814	0.151061	0.555098	0.142908	0.563613	0.134609	0.572362	0.126175	0.581349	0.117626	0.590580	0.108984	0.600057	0.100274	0.609785	0.091529	0.619768	0.082790	0.630011	0.074104	0.640517	0.065529	0.651291	0.057135	0.662338	0.049008	0.673660	0.041248	0.685262	0.033980	0.697149	0.027353	0.709324	0.021550	0.721791	0.016790	0.734554	0.013342	0.747618	0.011535	0.760984
586.541440	0.158961	0.546720	0.150969	0.555005	0.142817	0.563521	0.134519	0.572272	0.126087	0.581260	0.117540	0.590491	0.108899	0.599970	0.100192	0.609699	0.091450	0.619684	0.082713	0.629928	0.074030	0.640436	0.065457	0.651212	0.057067	0.662260	0.048943	0.673584	0.041187	0.685188	0.033923	0.697077	0.027301	0.709255	0.021503	0.721724	0.016749	0.734490	0.013306	0.747555	0.011505	0.760925
586.998720	0.158868	0.546626	0.150877	0.554913	0.142727	0.563429	0.134430	0.572181	0.126000	0.581170	0.117454	0.590403	0.108815	0.599883	0.100110	0.609613	0.091370	0.619599	0.082636	0.629845	0.073955	0.640355	0.065386	0.651132	0.056998	0.662182	0.048878	0.673508	0.041126	0.685114	0.033866	0.697005	0.027249	0.709185	0.021456	0.721657	0.016707	0.734425	0.013270	0.747493	0.011475	0.760866
587.455930	0.158776	0.546534	0.150786	0.554822	0.142638	0.563339	0.134342	0.572091	0.125914	0.581082	0.117369	0.590316	0.108732	0.599797	0.100029	0.609528	0.091291	0.619516	0.082560	0.629763	0.073881	0.640275	0.065315	0.651054	0.056931	0.662105	0.048814	0.673433	0.041066	0.685041	0.033810	0.696934	0.027197	0.709116	0.021409	0.721591	0.016665	0.734361	0.013234	0.747432	0.011445	0.760808
587.913020	0.158684	0.546442	0.150696	0.554730	0.142549	0.563249	0.134255	0.572002	0.125827	0.580994	0.117285	0.590229	0.108650	0.599711	0.099948	0.609444	0.091213	0.619433	0.082484	0.629682	0.073808	0.640194	0.065244	0.650976	0.056864	0.662029	0.048750	0.673358	0.041005	0.684969	0.033755	0.696863	0.027146	0.709048	0.021363	0.721525	0.016624	0.734297	0.013199	0.747371	0.011416	0.760749
588.370060	0.158593	0.546350	0.150606	0.554639	0.142460	0.563159	0.134167	0.571913	0.125741	0.580906	0.117201	0.590141	0.108567	0.599625	0.099868	0.609360	0.091135	0.619350	0.082407	0.629600	0.073735	0.640114	0.065174	0.650897	0.056797	0.661952	0.048686	0.673284	0.040945	0.684896	0.033699	0.696793	0.027094	0.708979	0.021316	0.721458	0.016583	0.734233	0.013163	0.747310	0.011387	0.760691
588.826970	0.158502	0.546258	0.150516	0.554548	0.142372	0.563068	0.134079	0.571824	0.125655	0.580818	0.117117	0.590055	0.108485	0.599539	0.099787	0.609276	0.091056	0.619267	0.082332	0.629519	0.073662	0.640035	0.065103	0.650819	0.056729	0.661876	0.048622	0.673209	0.040886	0.684823	0.033643	0.696722	0.027043	0.708911	0.021270	0.721392	0.016541	0.734170	0.013128	0.747249	0.011358	0.760632
589.283750	0.158412	0.546166	0.150426	0.554458	0.142283	0.562979	0.133992	0.571735	0.125570	0.580731	0.117033	0.589969	0.108403	0.599454	0.099707	0.609192	0.090979	0.619185	0.082256	0.629438	0.073589	0.639956	0.065034	0.650741	0.056663	0.661800	0.048559	0.673135	0.040826	0.684751	0.033588	0.696653	0.026992	0.708843	0.021223	0.721326	0.016501	0.734107	0.013093	0.747188	0.011329	0.760574
589.740420	0.158321	0.546075	0.150337	0.554368	0.142195	0.562890	0.133906	0.571647	0.125485	0.580643	0.116949	0.589883	0.108321	0.599370	0.099628	0.609108	0.090902	0.619103	0.082181	0.629358	0.073517	0.639877	0.064965	0.650664	0.056596	0.661725	0.048496	0.673062	0.040767	0.684680	0.033532	0.696583	0.026942	0.708775	0.021178	0.721262	0.016460	0.734044	0.013058	0.747128	0.011300	0.760517
590.197020	0.158231	0.545985	0.150249	0.554278	0.142107	0.562802	0.133820	0.571559	0.125401	0.580557	0.116866	0.589798	0.108240	0.599286	0.099549	0.609025	0.090825	0.619022	0.082107	0.629277	0.073445	0.639798	0.064896	0.650587	0.056531	0.661649	0.048434	0.672988	0.040708	0.684608	0.033477	0.696514	0.026891	0.708708	0.021132	0.721197	0.016420	0.733982	0.013023	0.747068	0.011271	0.760459
590.653500	0.158142	0.545895	0.150161	0.554189	0.142021	0.562713	0.133735	0.571472	0.125317	0.580470	0.116784	0.589713	0.108160	0.599202	0.099470	0.608942	0.090748	0.618941	0.082032	0.629198	0.073373	0.639719	0.064827	0.650510	0.056465	0.661574	0.048371	0.672915	0.040649	0.684537	0.033422	0.696444	0.026841	0.708641	0.021086	0.721132	0.016379	0.733919	0.012989	0.747008	0.011242	0.760401
591.109860	0.158054	0.545805	0.150073	0.554100	0.141934	0.562625	0.133649	0.571385	0.125233	0.580384	0.116702	0.589628	0.108080	0.599118	0.099391	0.608860	0.090672	0.618860	0.081958	0.629118	0.073302	0.639641	0.064758	0.650434	0.056399	0.661499	0.048309	0.672843	0.040591	0.684466	0.033368	0.696375	0.026791	0.708575	0.021041	0.721067	0.016339	0.733857	0.012955	0.746949	0.011214	0.760344
591.566160	0.157965	0.545716	0.149985	0.554011	0.141848	0.562537	0.133564	0.571298	0.125149	0.580299	0.116620	0.589543	0.107999	0.599035	0.099313	0.608779	0.090595	0.618779	0.081885	0.629038	0.073231	0.639564	0.064690	0.650358	0.056334	0.661425	0.048247	0.672770	0.040533	0.684395	0.033314	0.696307	0.026741	0.708508	0.020996	0.721003	0.016300	0.733795	0.012921	0.746889	0.011186	0.760288
592.022340	0.157876	0.545627	0.149898	0.553923	0.141762	0.562450	0.133479	0.571212	0.125066	0.580213	0.116538	0.589459	0.107919	0.598952	0.099235	0.608697	0.090519	0.618698	0.081811	0.628959	0.073160	0.639486	0.064622	0.650282	0.056269	0.661350	0.048186	0.672697	0.040475	0.684325	0.033260	0.696239	0.026692	0.708442	0.020952	0.720939	0.016260	0.733733	0.012886	0.746829	0.011158	0.760231
592.478390	0.157787	0.545537	0.149810	0.553834	0.141675	0.562362	0.133394	0.571125	0.124982	0.580127	0.116456	0.589374	0.107839	0.598868	0.099157	0.608614	0.090443	0.618617	0.081738	0.628880	0.073089	0.639409	0.064554	0.650206	0.056204	0.661276	0.048124	0.672624	0.040417	0.684254	0.033207	0.696170	0.026642	0.708375	0.020907	0.720875	0.016220	0.733671	0.012852	0.746770	0.011130	0.760174
592.934330	0.157699	0.545447	0.149723	0.553745	0.141588	0.562274	0.133309	0.571038	0.124899	0.580041	0.116375	0.589289	0.107759	0.598785	0.099079	0.608532	0.090368	0.618537	0.081665	0.628801	0.073018	0.639331	0.064486	0.650130	0.056139	0.661202	0.048063	0.672551	0.040359	0.684183	0.033153	0.696101	0.026592	0.708309	0.020861	0.720810	0.016181	0.733610	0.012818	0.746711	0.011102	0.760117
593.390200	0.157611	0.545358	0.149636	0.553657	0.141503	0.562187	0.133225	0.570952	0.124816	0.579957	0.116294	0.589205	0.107680	0.598702	0.099002	0.608450	0.090292	0.618456	0.081592	0.628723	0.072948	0.639254	0.064418	0.650054	0.056075	0.661128	0.048001	0.672479	0.040302	0.684113	0.033099	0.696033	0.026543	0.708243	0.020817	0.720746	0.016141	0.733548	0.012784	0.746652	0.011074	0.760061
593.845950	0.157524	0.545270	0.149549	0.553569	0.141418	0.562100	0.133141	0.570866	0.124734	0.579872	0.116213	0.589122	0.107601	0.598620	0.098925	0.608369	0.090217	0.618377	0.081519	0.628644	0.072878	0.639177	0.064351	0.649979	0.056011	0.661055	0.047940	0.672408	0.040244	0.684043	0.033046	0.695965	0.026494	0.708177	0.020773	0.720682	0.016102	0.733487	0.012750	0.746593	0.011046	0.760005
594.301570	0.157436	0.545182	0.149463	0.553482	0.141333	0.562014	0.133058	0.570781	0.124652	0.579788	0.116133	0.589039	0.107522	0.598538	0.098848	0.608289	0.090143	0.618297	0.081447	0.628566	0.072808	0.639101	0.064284	0.649904	0.055947	0.660982	0.047880	0.672337	0.040187	0.683974	0.032993	0.695897	0.026446	0.708112	0.020729	0.720619	0.016063	0.733426	0.012717	0.746534	0.011019	0.759949
594.757140	0.157349	0.545094	0.149378	0.553395	0.141249	0.561928	0.132975	0.570696	0.124570	0.579704	0.116053	0.588956	0.107444	0.598456	0.098772	0.608209	0.090068	0.618218	0.081375	0.628488	0.072738	0.639025	0.064217	0.649830	0.055883	0.660909	0.047820	0.672266	0.040130	0.683905	0.032940	0.695830	0.026398	0.708046	0.020685	0.720556	0.016025	0.733365	0.012684	0.746476	0.010992	0.759893
595.212590	0.157263	0.545006	0.149292	0.553308	0.141165	0.561842	0.132892	0.570611	0.124489	0.579620	0.115973	0.588873	0.107366	0.598375	0.098696	0.608129	0.089994	0.618139	0.081304	0.628411	0.072669	0.638948	0.064151	0.649755	0.055819	0.660836	0.047760	0.672195	0.040074	0.683836	0.032887	0.695763	0.026349	0.707981	0.020642	0.720494	0.015986	0.733305	0.012650	0.746418	0.010964	0.759837
595.667910	0.157176	0.544919	0.149207	0.553222	0.141081	0.561756	0.132809	0.570527	0.124408	0.579537	0.115893	0.588791	0.107288	0.598293	0.098620	0.608048	0.089921	0.618060	0.081232	0.628333	0.072600	0.638872	0.064085	0.649681	0.055756	0.660763	0.047700	0.672124	0.040018	0.683766	0.032835	0.695696	0.026301	0.707916	0.020598	0.720431	0.015947	0.733244	0.012617	0.746360	0.010937	0.759782
596.123110	0.157091	0.544833	0.149122	0.553136	0.140997	0.561671	0.132727	0.570442	0.124327	0.579454	0.115814	0.588709	0.107211	0.598212	0.098545	0.607968	0.089847	0.617982	0.081161	0.628256	0.072531	0.638797	0.064019	0.649607	0.055693	0.660690	0.047640	0.672053	0.039962	0.683698	0.032783	0.695629	0.026253	0.707852	0.020554	0.720368	0.015909	0.733184	0.012584	0.746302	0.010910	0.759727
596.578250	0.157006	0.544746	0.149038	0.553050	0.140914	0.561586	0.132645	0.570358	0.124246	0.579371	0.115735	0.588627	0.107134	0.598131	0.098469	0.607889	0.089774	0.617904	0.081090	0.628180	0.072463	0.638721	0.063954	0.649533	0.055631	0.660618	0.047581	0.671983	0.039906	0.683630	0.032731	0.695563	0.026205	0.707787	0.020512	0.720306	0.015871	0.733124	0.012552	0.746245	0.010883	0.759672
597.033260	0.156921	0.544660	0.148954	0.552965	0.140831	0.561502	0.132564	0.570275	0.124166	0.579288	0.115656	0.588545	0.107056	0.598051	0.098395	0.607810	0.089702	0.617826	0.081019	0.628103	0.072395	0.638647	0.063888	0.649460	0.055568	0.660547	0.047522	0.671913	0.039850	0.683562	0.032679	0.695497	0.026158	0.707723	0.020469	0.720244	0.015833	0.733065	0.012520	0.746188	0.010856	0.759617
597.488220	0.156836	0.544574	0.148870	0.552880	0.140749	0.561418	0.132483	0.570192	0.124086	0.579206	0.115579	0.588464	0.106980	0.597971	0.098320	0.607732	0.089629	0.617749	0.080949	0.628027	0.072327	0.638572	0.063823	0.649387	0.055507	0.660475	0.047463	0.671843	0.039795	0.683494	0.032628	0.695431	0.026110	0.707659	0.020426	0.720183	0.015796	0.733005	0.012487	0.746130	0.010830	0.759562
597.942990	0.156751	0.544488	0.148786	0.552795	0.140666	0.561334	0.132401	0.570108	0.124007	0.579123	0.115501	0.588383	0.106904	0.597891	0.098245	0.607653	0.089557	0.617672	0.080879	0.627952	0.072259	0.638497	0.063758	0.649314	0.055445	0.660404	0.047404	0.671774	0.039740	0.683426	0.032576	0.695365	0.026063	0.707595	0.020383	0.720121	0.015758	0.732945	0.012454	0.746073	0.010803	0.759508
598.397710	0.156666	0.544402	0.148703	0.552710	0.140584	0.561249	0.132320	0.570025	0.123927	0.579041	0.115423	0.588302	0.106827	0.597811	0.098171	0.607574	0.089485	0.617594	0.080809	0.627875	0.072192	0.638423	0.063693	0.649241	0.055383	0.660333	0.047346	0.671704	0.039685	0.683357	0.032525	0.695299	0.026016	0.707531	0.020341	0.720059	0.015720	0.732886	0.012422	0.746016	0.010777	0.759453
598.852360	0.156582	0.544317	0.148620	0.552625	0.140502	0.561165	0.132239	0.569942	0.123848	0.578959	0.115344	0.588221	0.106752	0.597732	0.098096	0.607495	0.089412	0.617517	0.080739	0.627800	0.072125	0.638348	0.063628	0.649168	0.055321	0.660262	0.047287	0.671634	0.039630	0.683290	0.032474	0.695233	0.025969	0.707468	0.020299	0.719998	0.015682	0.732827	0.012390	0.745959	0.010751	0.759399
599.306820	0.156499	0.544232	0.148537	0.552541	0.140420	0.561082	0.132159	0.569860	0.123769	0.578878	0.115267	0.588141	0.106676	0.597653	0.098022	0.607418	0.089341	0.617440	0.080669	0.627724	0.072058	0.638274	0.063564	0.649095	0.055260	0.660191	0.047229	0.671565	0.039575	0.683223	0.032423	0.695168	0.025923	0.707405	0.020257	0.719937	0.015645	0.732768	0.012359	0.745903	0.010724	0.759345
599.761230	0.156416	0.544147	0.148455	0.552458	0.140339	0.561000	0.132080	0.569779	0.123691	0.578797	0.115190	0.588062	0.106601	0.597574	0.097949	0.607341	0.089269	0.617364	0.080601	0.627649	0.071992	0.638201	0.063500	0.649024	0.055199	0.660121	0.047171	0.671497	0.039521	0.683157	0.032372	0.695104	0.025876	0.707342	0.020215	0.719876	0.015608	0.732710	0.012327	0.745847	0.010698	0.759291
600.215520	0.156333	0.544063	0.148373	0.552374	0.140259	0.560918	0.132000	0.569697	0.123613	0.578717	0.115114	0.587982	0.106526	0.597496	0.097876	0.607263	0.089198	0.617288	0.080532	0.627575	0.071926	0.638128	0.063437	0.648952	0.055138	0.660051	0.047114	0.671429	0.039467	0.683090	0.032322	0.695039	0.025830	0.707279	0.020173	0.719815	0.015572	0.732651	0.012295	0.745790	0.010672	0.759238
600.669740	0.156249	0.543978	0.148291	0.552291	0.140178	0.560835	0.131921	0.569615	0.123535	0.578636	0.115037	0.587902	0.106451	0.597417	0.097804	0.607185	0.089127	0.617212	0.080463	0.627500	0.071859	0.638055	0.063373	0.648880	0.055077	0.659981	0.047056	0.671361	0.039413	0.683023	0.032272	0.694974	0.025784	0.707217	0.020131	0.719755	0.015535	0.732592	0.012264	0.745734	0.010646	0.759184
601.123780	0.156166	0.543894	0.148210	0.552207	0.140097	0.560752	0.131841	0.569534	0.123457	0.578555	0.114961	0.587822	0.106377	0.597339	0.097731	0.607108	0.089057	0.617136	0.080394	0.627426	0.071793	0.637982	0.063310	0.648809	0.055017	0.659911	0.046998	0.671292	0.039359	0.682957	0.032221	0.694909	0.025738	0.707154	0.020090	0.719695	0.015498	0.732534	0.012232	0.745679	0.010621	0.759130
601.577760	0.156084	0.543811	0.148128	0.552125	0.140017	0.560670	0.131763	0.569453	0.123380	0.578475	0.114885	0.587743	0.106303	0.597261	0.097659	0.607032	0.088986	0.617061	0.080326	0.627352	0.071727	0.637909	0.063246	0.648738	0.054956	0.659841	0.046942	0.671224	0.039306	0.682891	0.032172	0.694845	0.025692	0.707092	0.020048	0.719635	0.015462	0.732476	0.012201	0.745623	0.010595	0.759077
602.031680	0.156002	0.543728	0.148047	0.552042	0.139937	0.560588	0.131685	0.569372	0.123303	0.578395	0.114810	0.587665	0.106229	0.597184	0.097587	0.606956	0.088916	0.616986	0.080258	0.627278	0.071661	0.637837	0.063184	0.648667	0.054897	0.659772	0.046885	0.671156	0.039252	0.682825	0.032123	0.694782	0.025647	0.707030	0.020007	0.719575	0.015425	0.732419	0.012170	0.745568	0.010569	0.759024
602.485410	0.155920	0.543645	0.147967	0.551960	0.139858	0.560508	0.131606	0.569292	0.123226	0.578316	0.114735	0.587586	0.106155	0.597107	0.097515	0.606880	0.088847	0.616911	0.080191	0.627204	0.071596	0.637765	0.063121	0.648597	0.054837	0.659703	0.046829	0.671089	0.039199	0.682760	0.032073	0.694718	0.025601	0.706968	0.019966	0.719515	0.015389	0.732362	0.012139	0.745513	0.010544	0.758972
602.939090	0.155839	0.543562	0.147887	0.551878	0.139780	0.560427	0.131528	0.569212	0.123149	0.578238	0.114660	0.587508	0.106082	0.597029	0.097444	0.606804	0.088777	0.616836	0.080124	0.627131	0.071532	0.637693	0.063059	0.648526	0.054778	0.659634	0.046773	0.671022	0.039146	0.682694	0.032024	0.694655	0.025556	0.706906	0.019925	0.719455	0.015353	0.732305	0.012108	0.745457	0.010518	0.758919
603.392640	0.155758	0.543479	0.147807	0.551796	0.139701	0.560346	0.131451	0.569132	0.123073	0.578159	0.114585	0.587430	0.106009	0.596952	0.097372	0.606728	0.088708	0.616761	0.080057	0.627058	0.071467	0.637621	0.062997	0.648456	0.054718	0.659566	0.046716	0.670955	0.039093	0.682629	0.031974	0.694591	0.025511	0.706845	0.019885	0.719395	0.015317	0.732247	0.012077	0.745402	0.010493	0.758866
603.846130	0.155677	0.543397	0.147727	0.551715	0.139622	0.560264	0.131373	0.569052	0.122997	0.578080	0.114510	0.587352	0.105936	0.596875	0.097301	0.606653	0.088638	0.616687	0.079990	0.626985	0.071402	0.637549	0.062935	0.648386	0.054659	0.659497	0.046660	0.670889	0.039041	0.682564	0.031925	0.694527	0.025466	0.706784	0.019845	0.719336	0.015281	0.732190	0.012046	0.745347	0.010468	0.758814
604.299500	0.155597	0.543315	0.147647	0.551633	0.139543	0.560184	0.131296	0.568972	0.122921	0.578001	0.114436	0.587275	0.105863	0.596799	0.097230	0.606577	0.088570	0.616613	0.079923	0.626912	0.071338	0.637478	0.062873	0.648316	0.054600	0.659429	0.046604	0.670822	0.038988	0.682499	0.031877	0.694465	0.025422	0.706723	0.019804	0.719277	0.015246	0.732133	0.012016	0.745293	0.010444	0.758762
604.752750	0.155517	0.543234	0.147568	0.551553	0.139465	0.560104	0.131220	0.568893	0.122846	0.577923	0.114362	0.587198	0.105791	0.596723	0.097160	0.606503	0.088502	0.616540	0.079857	0.626840	0.071274	0.637408	0.062812	0.648247	0.054542	0.659361	0.046549	0.670756	0.038936	0.682435	0.031829	0.694402	0.025377	0.706662	0.019764	0.719219	0.015210	0.732077	0.011985	0.745239	0.010419	0.758710
605.205870	0.155437	0.543153	0.147489	0.551473	0.139388	0.560025	0.131143	0.568814	0.122771	0.577846	0.114289	0.587121	0.105719	0.596648	0.097090	0.606428	0.088434	0.616467	0.079791	0.626768	0.071210	0.637337	0.062751	0.648178	0.054484	0.659293	0.046494	0.670690	0.038884	0.682371	0.031781	0.694340	0.025333	0.706602	0.019724	0.719160	0.015175	0.732020	0.011955	0.745185	0.010395	0.758659
605.658940	0.155357	0.543071	0.147411	0.551392	0.139310	0.559946	0.131066	0.568736	0.122695	0.577768	0.114215	0.587045	0.105647	0.596572	0.097020	0.606353	0.088365	0.616393	0.079725	0.626696	0.071147	0.637266	0.062690	0.648108	0.054426	0.659226	0.046439	0.670624	0.038833	0.682306	0.031733	0.694277	0.025289	0.706541	0.019685	0.719102	0.015140	0.731964	0.011925	0.745131	0.010370	0.758607
606.111880	0.155277	0.542990	0.147333	0.551312	0.139233	0.559866	0.130990	0.568658	0.122621	0.577690	0.114142	0.586968	0.105575	0.596496	0.096950	0.606279	0.088297	0.616320	0.079660	0.626624	0.071083	0.637196	0.062629	0.648039	0.054368	0.659158	0.046383	0.670558	0.038781	0.682242	0.031685	0.694215	0.025245	0.706481	0.019645	0.719044	0.015105	0.731908	0.011896	0.745077	0.010345	0.758555
606.564700	0.155198	0.542909	0.147254	0.551232	0.139155	0.559787	0.130915	0.568579	0.122546	0.577612	0.114069	0.586891	0.105504	0.596421	0.096880	0.606205	0.088230	0.616247	0.079594	0.626553	0.071020	0.637125	0.062568	0.647970	0.054310	0.659091	0.046329	0.670492	0.038729	0.682178	0.031637	0.694152	0.025201	0.706421	0.019605	0.718986	0.015071	0.731852	0.011866	0.745023	0.010320	0.758504
607.017460	0.155119	0.542829	0.147176	0.551152	0.139078	0.559708	0.130839	0.568501	0.122472	0.577535	0.113996	0.586815	0.105433	0.596346	0.096810	0.606131	0.088162	0.616174	0.079528	0.626481	0.070958	0.637055	0.062508	0.647901	0.054252	0.659023	0.046274	0.670426	0.038678	0.682115	0.031589	0.694091	0.025157	0.706361	0.019565	0.718928	0.015036	0.731796	0.011836	0.744970	0.010296	0.758452
607.470030	0.155040	0.542748	0.147098	0.551072	0.139001	0.559629	0.130763	0.568422	0.122398	0.577458	0.113923	0.586739	0.105362	0.596271	0.096741	0.606057	0.088095	0.616102	0.079463	0.626410	0.070895	0.636985	0.062447	0.647833	0.054194	0.658957	0.046219	0.670361	0.038627	0.682051	0.031541	0.694029	0.025114	0.706301	0.019526	0.718870	0.015001	0.731740	0.011806	0.744916	0.010272	0.758401
607.922610	0.154961	0.542668	0.147020	0.550993	0.138925	0.559550	0.130688	0.568344	0.122324	0.577381	0.113850	0.586664	0.105291	0.596196	0.096672	0.605984	0.088027	0.616029	0.079398	0.626338	0.070832	0.636916	0.062387	0.647765	0.054137	0.658890	0.046165	0.670296	0.038577	0.681987	0.031494	0.693967	0.025070	0.706241	0.019488	0.718812	0.014966	0.731684	0.011777	0.744862	0.010248	0.758350
608.375000	0.154883	0.542588	0.146943	0.550914	0.138849	0.559472	0.130613	0.568267	0.122250	0.577305	0.113778	0.586589	0.105221	0.596122	0.096604	0.605910	0.087961	0.615958	0.079334	0.626268	0.070769	0.636847	0.062328	0.647697	0.054080	0.658824	0.046112	0.670232	0.038526	0.681924	0.031447	0.693906	0.025027	0.706182	0.019449	0.718755	0.014932	0.731630	0.011748	0.744809	0.010224	0.758299
608.827330	0.154806	0.542510	0.146867	0.550836	0.138774	0.559395	0.130539	0.568191	0.122178	0.577230	0.113707	0.586514	0.105152	0.596048	0.096536	0.605838	0.087895	0.615886	0.079269	0.626198	0.070708	0.636778	0.062269	0.647630	0.054023	0.658758	0.046058	0.670167	0.038475	0.681862	0.031401	0.693845	0.024984	0.706123	0.019410	0.718698	0.014898	0.731575	0.011719	0.744757	0.010200	0.758249
609.279540	0.154728	0.542431	0.146791	0.550758	0.138699	0.559317	0.130465	0.568115	0.122105	0.577154	0.113636	0.586439	0.105082	0.595975	0.096468	0.605765	0.087829	0.615815	0.079205	0.626128	0.070646	0.636710	0.062210	0.647562	0.053967	0.658692	0.046005	0.670103	0.038425	0.681800	0.031354	0.693785	0.024942	0.706064	0.019371	0.718641	0.014864	0.731520	0.011690	0.744705	0.010176	0.758199
609.731630	0.154651	0.542352	0.146714	0.550679	0.138624	0.559240	0.130391	0.568038	0.122032	0.577078	0.113565	0.586364	0.105012	0.595901	0.096400	0.605693	0.087763	0.615743	0.079142	0.626058	0.070584	0.636641	0.062151	0.647495	0.053911	0.658626	0.045952	0.670039	0.038375	0.681737	0.031308	0.693724	0.024899	0.706005	0.019333	0.718584	0.014830	0.731465	0.011660	0.744652	0.010153	0.758149
610.183650	0.154574	0.542273	0.146638	0.550601	0.138548	0.559163	0.130317	0.567962	0.121959	0.577002	0.113494	0.586290	0.104942	0.595828	0.096332	0.605621	0.087697	0.615672	0.079078	0.625988	0.070523	0.636572	0.062092	0.647428	0.053855	0.658560	0.045898	0.669975	0.038326	0.681675	0.031261	0.693663	0.024857	0.705946	0.019295	0.718527	0.014796	0.731410	0.011631	0.744600	0.010129	0.758099
610.635560	0.154497	0.542194	0.146562	0.550524	0.138473	0.559086	0.130243	0.567885	0.121887	0.576927	0.113423	0.586216	0.104873	0.595755	0.096265	0.605548	0.087632	0.615601	0.079015	0.625918	0.070462	0.636503	0.062033	0.647361	0.053799	0.658495	0.045845	0.669911	0.038276	0.681612	0.031215	0.693603	0.024814	0.705888	0.019257	0.718470	0.014763	0.731356	0.011603	0.744547	0.010106	0.758048
611.087340	0.154420	0.542116	0.146486	0.550446	0.138399	0.559009	0.130170	0.567809	0.121815	0.576853	0.113352	0.586142	0.104804	0.595682	0.096197	0.605476	0.087566	0.615530	0.078952	0.625849	0.070401	0.636435	0.061975	0.647294	0.053743	0.658430	0.045792	0.669848	0.038226	0.681550	0.031169	0.693542	0.024772	0.705830	0.019219	0.718414	0.014730	0.731302	0.011575	0.744495	0.010083	0.757998
611.539000	0.154344	0.542038	0.146411	0.550369	0.138324	0.558933	0.130097	0.567734	0.121744	0.576778	0.113282	0.586068	0.104735	0.595609	0.096130	0.605405	0.087501	0.615460	0.078889	0.625779	0.070341	0.636367	0.061916	0.647228	0.053688	0.658365	0.045739	0.669784	0.038177	0.681489	0.031123	0.693483	0.024730	0.705771	0.019181	0.718358	0.014696	0.731247	0.011546	0.744443	0.010059	0.757949
611.990600	0.154268	0.541961	0.146336	0.550292	0.138251	0.558857	0.130025	0.567659	0.121672	0.576704	0.113212	0.585995	0.104666	0.595537	0.096063	0.605333	0.087436	0.615390	0.078825	0.625710	0.070280	0.636299	0.061858	0.647161	0.053632	0.658300	0.045687	0.669720	0.038127	0.681427	0.031077	0.693423	0.024688	0.705713	0.019143	0.718302	0.014663	0.731193	0.011518	0.744391	0.010036	0.757899
612.442080	0.154192	0.541882	0.146260	0.550214	0.138176	0.558780	0.129952	0.567583	0.121601	0.576629	0.113142	0.585921	0.104598	0.595464	0.095997	0.605262	0.087372	0.615320	0.078762	0.625642	0.070220	0.636232	0.061800	0.647095	0.053577	0.658236	0.045635	0.669657	0.038078	0.681365	0.031031	0.693363	0.024646	0.705655	0.019105	0.718246	0.014629	0.731139	0.011489	0.744339	0.010013	0.757849
612.893430	0.154116	0.541804	0.146186	0.550137	0.138102	0.558704	0.129879	0.567508	0.121529	0.576554	0.113073	0.585847	0.104530	0.595391	0.095931	0.605191	0.087307	0.615250	0.078700	0.625573	0.070159	0.636165	0.061743	0.647029	0.053522	0.658171	0.045582	0.669594	0.038029	0.681304	0.030986	0.693303	0.024605	0.705598	0.019068	0.718190	0.014596	0.731086	0.011461	0.744287	0.009990	0.757800
613.344730	0.154040	0.541727	0.146111	0.550060	0.138029	0.558628	0.129807	0.567433	0.121458	0.576481	0.113003	0.585774	0.104462	0.595319	0.095865	0.605120	0.087243	0.615180	0.078638	0.625505	0.070099	0.636098	0.061685	0.646963	0.053467	0.658107	0.045531	0.669531	0.037981	0.681242	0.030941	0.693244	0.024563	0.705540	0.019030	0.718134	0.014563	0.731032	0.011432	0.744236	0.009967	0.757751
613.795900	0.153965	0.541651	0.146037	0.549984	0.137956	0.558553	0.129734	0.567359	0.121388	0.576407	0.112933	0.585702	0.104395	0.595247	0.095799	0.605049	0.087179	0.615110	0.078576	0.625436	0.070039	0.636030	0.061628	0.646897	0.053412	0.658043	0.045479	0.669469	0.037932	0.681181	0.030896	0.693185	0.024522	0.705483	0.018993	0.718079	0.014531	0.730978	0.011405	0.744184	0.009944	0.757702
614.246950	0.153890	0.541574	0.145963	0.549909	0.137883	0.558478	0.129663	0.567284	0.121317	0.576334	0.112864	0.585629	0.104327	0.595176	0.095733	0.604979	0.087115	0.615041	0.078514	0.625368	0.069979	0.635964	0.061571	0.646832	0.053357	0.657979	0.045428	0.669407	0.037883	0.681121	0.030851	0.693126	0.024480	0.705426	0.018956	0.718024	0.014498	0.730925	0.011377	0.744133	0.009922	0.757653
614.697940	0.153816	0.541498	0.145889	0.549833	0.137810	0.558402	0.129592	0.567210	0.121247	0.576260	0.112796	0.585557	0.104260	0.595105	0.095668	0.604909	0.087052	0.614972	0.078453	0.625300	0.069920	0.635897	0.061513	0.646767	0.053303	0.657915	0.045376	0.669345	0.037835	0.681060	0.030806	0.693067	0.024439	0.705368	0.018919	0.717969	0.014466	0.730872	0.011349	0.744082	0.009899	0.757604
615.148800	0.153741	0.541422	0.145816	0.549758	0.137738	0.558327	0.129521	0.567137	0.121177	0.576187	0.112727	0.585485	0.104193	0.595034	0.095603	0.604839	0.086988	0.614903	0.078392	0.625233	0.069862	0.635831	0.061456	0.646703	0.053249	0.657851	0.045325	0.669283	0.037787	0.681000	0.030761	0.693009	0.024399	0.705311	0.018882	0.717914	0.014433	0.730820	0.011322	0.744031	0.009877	0.757555
615.599550	0.153667	0.541346	0.145743	0.549683	0.137666	0.558253	0.129450	0.567063	0.121108	0.576115	0.112659	0.585413	0.104127	0.594963	0.095538	0.604769	0.086925	0.614835	0.078331	0.625165	0.069803	0.635765	0.061400	0.646638	0.053196	0.657788	0.045274	0.669221	0.037740	0.680940	0.030717	0.692950	0.024359	0.705255	0.018845	0.717859	0.014401	0.730767	0.011294	0.743981	0.009855	0.757507
616.050170	0.153594	0.541271	0.145671	0.549609	0.137595	0.558180	0.129379	0.566990	0.121039	0.576043	0.112591	0.585342	0.104061	0.594893	0.095473	0.604700	0.086862	0.614767	0.078270	0.625099	0.069744	0.635700	0.061345	0.646574	0.053142	0.657726	0.045223	0.669160	0.037693	0.680880	0.030673	0.692893	0.024319	0.705199	0.018809	0.717805	0.014369	0.730714	0.011267	0.743931	0.009833	0.757460
616.500730	0.153521	0.541195	0.145599	0.549534	0.137524	0.558107	0.129309	0.566917	0.120970	0.575971	0.112524	0.585271	0.103995	0.594824	0.095408	0.604632	0.086800	0.614700	0.078209	0.625032	0.069686	0.635634	0.061289	0.646510	0.053089	0.657664	0.045173	0.669099	0.037646	0.680821	0.030630	0.692835	0.024278	0.705143	0.018773	0.717751	0.014338	0.730662	0.011240	0.743882	0.009811	0.757412
616.951170	0.153448	0.541120	0.145526	0.549460	0.137453	0.558033	0.129240	0.566845	0.120901	0.575899	0.112457	0.585201	0.103929	0.594754	0.095344	0.604563	0.086738	0.614631	0.078149	0.624966	0.069627	0.635569	0.061233	0.646446	0.053036	0.657601	0.045123	0.669038	0.037598	0.680761	0.030586	0.692777	0.024237	0.705087	0.018737	0.717697	0.014305	0.730610	0.011213	0.743831	0.009788	0.757363
617.401490	0.153374	0.541045	0.145453	0.549385	0.137381	0.557959	0.129169	0.566771	0.120832	0.575827	0.112390	0.585129	0.103863	0.594683	0.095280	0.604493	0.086675	0.614563	0.078088	0.624899	0.069569	0.635503	0.061177	0.646381	0.052983	0.657538	0.045073	0.668976	0.037551	0.680702	0.030542	0.692719	0.024197	0.705031	0.018701	0.717642	0.014273	0.730557	0.011186	0.743781	0.009766	0.757315
617.851750	0.153300	0.540970	0.145381	0.549310	0.137309	0.557885	0.129099	0.566698	0.120764	0.575755	0.112322	0.585057	0.103797	0.594613	0.095216	0.604424	0.086612	0.614495	0.078028	0.624832	0.069511	0.635437	0.061121	0.646317	0.052929	0.657475	0.045023	0.668915	0.037503	0.680642	0.030497	0.692661	0.024157	0.704974	0.018665	0.717588	0.014241	0.730505	0.011159	0.743731	0.009744	0.757268
618.301880	0.153227	0.540895	0.145309	0.549237	0.137239	0.557812	0.129030	0.566626	0.120695	0.575683	0.112255	0.584987	0.103731	0.594544	0.095152	0.604356	0.086551	0.614428	0.077968	0.624766	0.069454	0.635373	0.061066	0.646253	0.052877	0.657413	0.044973	0.668855	0.037457	0.680584	0.030454	0.692603	0.024117	0.704919	0.018629	0.717534	0.014210	0.730453	0.011132	0.743681	0.009722	0.757220
618.751890	0.153156	0.540822	0.145238	0.549163	0.137169	0.557740	0.128961	0.566554	0.120627	0.575613	0.112189	0.584917	0.103667	0.594475	0.095089	0.604288	0.086490	0.614362	0.077909	0.624700	0.069396	0.635308	0.061011	0.646191	0.052825	0.657352	0.044923	0.668795	0.037410	0.680525	0.030412	0.692546	0.024078	0.704864	0.018594	0.717481	0.014179	0.730402	0.011105	0.743631	0.009701	0.757173
619.201780	0.153084	0.540748	0.145167	0.549090	0.137100	0.557668	0.128892	0.566483	0.120560	0.575542	0.112122	0.584848	0.103602	0.594406	0.095026	0.604220	0.086428	0.614295	0.077849	0.624635	0.069339	0.635244	0.060956	0.646128	0.052773	0.657290	0.044874	0.668735	0.037364	0.680467	0.030369	0.692489	0.024038	0.704809	0.018558	0.717428	0.014148	0.730351	0.011078	0.743582	0.009679	0.757126
619.651610	0.153012	0.540673	0.145096	0.549017	0.137029	0.557595	0.128822	0.566411	0.120492	0.575471	0.112056	0.584778	0.103537	0.594336	0.094963	0.604152	0.086367	0.614228	0.077790	0.624569	0.069282	0.635180	0.060901	0.646065	0.052720	0.657228	0.044824	0.668675	0.037318	0.680407	0.030325	0.692433	0.023999	0.704754	0.018522	0.717374	0.014116	0.730300	0.011051	0.743533	0.009658	0.757078
620.101320	0.152940	0.540599	0.145025	0.548944	0.136959	0.557523	0.128754	0.566340	0.120425	0.575400	0.111990	0.584708	0.103473	0.594268	0.094900	0.604084	0.086305	0.614161	0.077731	0.624503	0.069225	0.635116	0.060847	0.646002	0.052668	0.657166	0.044775	0.668614	0.037272	0.680349	0.030282	0.692376	0.023960	0.704699	0.018487	0.717321	0.014085	0.730249	0.011025	0.743484	0.009636	0.757031
620.550960	0.152869	0.540527	0.144955	0.548871	0.136890	0.557451	0.128686	0.566269	0.120358	0.575330	0.111925	0.584639	0.103409	0.594200	0.094837	0.604017	0.086245	0.614095	0.077672	0.624439	0.069169	0.635052	0.060792	0.645939	0.052617	0.657105	0.044726	0.668555	0.037226	0.680291	0.030240	0.692320	0.023921	0.704644	0.018452	0.717269	0.014054	0.730198	0.010999	0.743435	0.009615	0.756985
621.000430	0.152798	0.540454	0.144885	0.548799	0.136821	0.557379	0.128618	0.566198	0.120291	0.575260	0.111859	0.584570	0.103345	0.594132	0.094775	0.603950	0.086185	0.614029	0.077614	0.624374	0.069112	0.634989	0.060738	0.645877	0.052565	0.657045	0.044677	0.668495	0.037180	0.680234	0.030198	0.692264	0.023882	0.704590	0.018417	0.717216	0.014024	0.730147	0.010973	0.743386	0.009594	0.756938
621.449830	0.152726	0.540381	0.144814	0.548726	0.136752	0.557307	0.128549	0.566127	0.120224	0.575190	0.111793	0.584501	0.103281	0.594064	0.094712	0.603882	0.086124	0.613963	0.077555	0.624309	0.069055	0.634925	0.060684	0.645814	0.052513	0.656984	0.044628	0.668435	0.037134	0.680175	0.030155	0.692207	0.023843	0.704535	0.018382	0.717163	0.013993	0.730096	0.010947	0.743337	0.009572	0.756891
621.899110	0.152655	0.540307	0.144744	0.548654	0.136682	0.557235	0.128481	0.566056	0.120157	0.575120	0.111728	0.584431	0.103216	0.593995	0.094650	0.603815	0.086064	0.613897	0.077496	0.624244	0.068999	0.634861	0.060630	0.645752	0.052462	0.656923	0.044580	0.668376	0.037088	0.680117	0.030113	0.692151	0.023805	0.704480	0.018347	0.717110	0.013963	0.730044	0.010921	0.743288	0.009551	0.756844
622.348330	0.152585	0.540235	0.144674	0.548582	0.136614	0.557164	0.128414	0.565986	0.120091	0.575051	0.111663	0.584363	0.103153	0.593928	0.094588	0.603749	0.086003	0.613832	0.077438	0.624179	0.068943	0.634798	0.060577	0.645690	0.052411	0.656862	0.044532	0.668318	0.037043	0.680060	0.030070	0.692095	0.023766	0.704426	0.018312	0.717058	0.013932	0.729994	0.010895	0.743240	0.009530	0.756798
622.797420	0.152515	0.540163	0.144606	0.548511	0.136546	0.557094	0.128348	0.565916	0.120025	0.574982	0.111599	0.584295	0.103090	0.593861	0.094527	0.603683	0.085944	0.613767	0.077381	0.624116	0.068888	0.634735	0.060524	0.645630	0.052360	0.656803	0.044484	0.668259	0.036998	0.680003	0.030029	0.692040	0.023728	0.704372	0.018278	0.717006	0.013902	0.729944	0.010870	0.743192	0.009509	0.756753
623.246400	0.152446	0.540092	0.144537	0.548440	0.136478	0.557023	0.128281	0.565847	0.119960	0.574913	0.111535	0.584227	0.103027	0.593794	0.094467	0.603617	0.085884	0.613702	0.077324	0.624052	0.068833	0.634673	0.060471	0.645568	0.052309	0.656743	0.044436	0.668201	0.036953	0.679947	0.029987	0.691985	0.023690	0.704319	0.018244	0.716954	0.013871	0.729895	0.010844	0.743144	0.009489	0.756707
623.695250	0.152375	0.540020	0.144468	0.548368	0.136410	0.556953	0.128214	0.565776	0.119894	0.574844	0.111471	0.584159	0.102965	0.593727	0.094405	0.603551	0.085825	0.613637	0.077266	0.623988	0.068777	0.634610	0.060417	0.645507	0.052258	0.656683	0.044387	0.668142	0.036908	0.679890	0.029945	0.691929	0.023652	0.704265	0.018209	0.716902	0.013841	0.729845	0.010818	0.743096	0.009468	0.756660
624.144040	0.152306	0.539948	0.144399	0.548297	0.136342	0.556883	0.128148	0.565707	0.119829	0.574775	0.111406	0.584091	0.102902	0.593660	0.094344	0.603485	0.085766	0.613572	0.077209	0.623925	0.068721	0.634548	0.060364	0.645445	0.052208	0.656623	0.044340	0.668083	0.036864	0.679833	0.029904	0.691873	0.023614	0.704212	0.018175	0.716850	0.013811	0.729795	0.010793	0.743048	0.009447	0.756614
624.592710	0.152237	0.539877	0.144331	0.548227	0.136275	0.556813	0.128081	0.565637	0.119764	0.574707	0.111343	0.584024	0.102840	0.593593	0.094284	0.603419	0.085707	0.613507	0.077152	0.623861	0.068667	0.634486	0.060311	0.645385	0.052158	0.656563	0.044293	0.668025	0.036819	0.679776	0.029863	0.691819	0.023576	0.704158	0.018141	0.716799	0.013782	0.729745	0.010767	0.743000	0.009427	0.756569
625.041260	0.152168	0.539805	0.144263	0.548157	0.136208	0.556744	0.128015	0.565569	0.119699	0.574639	0.111279	0.583957	0.102778	0.593527	0.094223	0.603354	0.085649	0.613443	0.077095	0.623798	0.068612	0.634423	0.060259	0.645324	0.052108	0.656504	0.044246	0.667968	0.036775	0.679720	0.029822	0.691764	0.023539	0.704105	0.018108	0.716748	0.013752	0.729695	0.010742	0.742953	0.009406	0.756524
625.489750	0.152099	0.539734	0.144195	0.548086	0.136140	0.556674	0.127949	0.565500	0.119634	0.574571	0.111216	0.583890	0.102716	0.593461	0.094163	0.603289	0.085590	0.613379	0.077038	0.623735	0.068557	0.634361	0.060207	0.645263	0.052058	0.656444	0.044198	0.667910	0.036731	0.679663	0.029781	0.691709	0.023501	0.704052	0.018074	0.716697	0.013723	0.729646	0.010717	0.742905	0.009386	0.756479
625.938110	0.152030	0.539663	0.144126	0.548016	0.136073	0.556604	0.127883	0.565431	0.119570	0.574502	0.111153	0.583822	0.102654	0.593394	0.094102	0.603224	0.085531	0.613315	0.076982	0.623672	0.068503	0.634300	0.060154	0.645202	0.052008	0.656385	0.044151	0.667852	0.036686	0.679607	0.029740	0.691655	0.023463	0.703999	0.018041	0.716645	0.013693	0.729597	0.010691	0.742858	0.009366	0.756433
626.386350	0.151961	0.539592	0.144058	0.547945	0.136006	0.556534	0.127817	0.565363	0.119505	0.574434	0.111089	0.583755	0.102592	0.593328	0.094042	0.603159	0.085473	0.613251	0.076925	0.623609	0.068448	0.634238	0.060102	0.645142	0.051958	0.656326	0.044104	0.667794	0.036642	0.679550	0.029699	0.691600	0.023426	0.703946	0.018007	0.716594	0.013663	0.729548	0.010666	0.742810	0.009345	0.756388
626.834470	0.151892	0.539522	0.143991	0.547876	0.135940	0.556465	0.127752	0.565294	0.119441	0.574367	0.111026	0.583689	0.102530	0.593262	0.093982	0.603094	0.085414	0.613187	0.076869	0.623547	0.068394	0.634177	0.060050	0.645082	0.051909	0.656268	0.044057	0.667737	0.036598	0.679495	0.029658	0.691546	0.023389	0.703893	0.017973	0.716543	0.013634	0.729499	0.010641	0.742763	0.009325	0.756343
627.282530	0.151824	0.539452	0.143924	0.547807	0.135875	0.556397	0.127687	0.565226	0.119377	0.574300	0.110964	0.583622	0.102470	0.593197	0.093923	0.603030	0.085357	0.613124	0.076813	0.623485	0.068340	0.634116	0.059999	0.645023	0.051860	0.656209	0.044011	0.667680	0.036555	0.679439	0.029618	0.691492	0.023352	0.703841	0.017940	0.716492	0.013605	0.729450	0.010616	0.742717	0.009304	0.756298
627.730470	0.151757	0.539383	0.143858	0.547738	0.135809	0.556329	0.127623	0.565159	0.119314	0.574234	0.110902	0.583557	0.102409	0.593133	0.093864	0.602966	0.085299	0.613062	0.076757	0.623423	0.068287	0.634055	0.059948	0.644964	0.051811	0.656151	0.043965	0.667623	0.036512	0.679384	0.029578	0.691438	0.023315	0.703789	0.017907	0.716442	0.013576	0.729402	0.010592	0.742671	0.009285	0.756254
628.178280	0.151689	0.539313	0.143791	0.547669	0.135744	0.556261	0.127558	0.565092	0.119251	0.574168	0.110840	0.583491	0.102349	0.593068	0.093806	0.602903	0.085242	0.612999	0.076702	0.623361	0.068234	0.633995	0.059897	0.644904	0.051763	0.656093	0.043919	0.667566	0.036469	0.679329	0.029538	0.691385	0.023278	0.703737	0.017874	0.716392	0.013547	0.729354	0.010567	0.742625	0.009265	0.756209
628.626040	0.151621	0.539243	0.143725	0.547600	0.135678	0.556192	0.127494	0.565024	0.119188	0.574101	0.110778	0.583425	0.102288	0.593003	0.093746	0.602839	0.085185	0.612936	0.076646	0.623300	0.068180	0.633934	0.059846	0.644845	0.051714	0.656035	0.043872	0.667510	0.036425	0.679274	0.029498	0.691331	0.023242	0.703685	0.017841	0.716342	0.013518	0.729305	0.010543	0.742578	0.009245	0.756164
629.073670	0.151554	0.539174	0.143658	0.547531	0.135612	0.556124	0.127429	0.564957	0.119125	0.574034	0.110716	0.583359	0.102228	0.592938	0.093687	0.602774	0.085128	0.612873	0.076591	0.623238	0.068127	0.633874	0.059795	0.644785	0.051665	0.655977	0.043826	0.667454	0.036382	0.679219	0.029457	0.691277	0.023205	0.703633	0.017809	0.716292	0.013489	0.729256	0.010519	0.742531	0.009226	0.756120
629.521180	0.151487	0.539105	0.143592	0.547463	0.135547	0.556056	0.127365	0.564890	0.119062	0.573968	0.110654	0.583294	0.102168	0.592874	0.093629	0.602711	0.085071	0.612810	0.076536	0.623176	0.068074	0.633814	0.059744	0.644727	0.051617	0.655920	0.043781	0.667397	0.036339	0.679164	0.029418	0.691224	0.023169	0.703582	0.017776	0.716242	0.013460	0.729208	0.010494	0.742485	0.009206	0.756076
629.968630	0.151421	0.539036	0.143527	0.547395	0.135483	0.555989	0.127301	0.564824	0.118999	0.573902	0.110593	0.583229	0.102108	0.592810	0.093570	0.602647	0.085015	0.612748	0.076482	0.623115	0.068022	0.633754	0.059694	0.644668	0.051569	0.655862	0.043735	0.667341	0.036297	0.679110	0.029379	0.691171	0.023133	0.703531	0.017743	0.716192	0.013432	0.729160	0.010470	0.742439	0.009186	0.756032
630.415950	0.151354	0.538967	0.143461	0.547327	0.135418	0.555921	0.127238	0.564757	0.118937	0.573836	0.110532	0.583163	0.102048	0.592745	0.093512	0.602584	0.084958	0.612686	0.076427	0.623054	0.067969	0.633694	0.059643	0.644609	0.051521	0.655805	0.043690	0.667285	0.036254	0.679055	0.029339	0.691118	0.023097	0.703479	0.017711	0.716143	0.013404	0.729112	0.010446	0.742393	0.009167	0.755988
630.863160	0.151288	0.538899	0.143395	0.547259	0.135354	0.555854	0.127174	0.564690	0.118874	0.573770	0.110472	0.583099	0.101988	0.592681	0.093454	0.602521	0.084901	0.612624	0.076373	0.622994	0.067916	0.633634	0.059592	0.644551	0.051473	0.655747	0.043645	0.667229	0.036212	0.679001	0.029300	0.691065	0.023061	0.703428	0.017679	0.716093	0.013376	0.729065	0.010422	0.742347	0.009147	0.755944
631.310240	0.151222	0.538831	0.143330	0.547191	0.135290	0.555788	0.127111	0.564624	0.118812	0.573705	0.110411	0.583035	0.101929	0.592618	0.093396	0.602459	0.084845	0.612562	0.076318	0.622933	0.067864	0.633575	0.059542	0.644493	0.051425	0.655691	0.043600	0.667174	0.036170	0.678947	0.029261	0.691013	0.023025	0.703377	0.017647	0.716044	0.013347	0.729017	0.010398	0.742302	0.009128	0.755901
631.757260	0.151157	0.538764	0.143265	0.547124	0.135226	0.555721	0.127049	0.564559	0.118751	0.573640	0.110351	0.582971	0.101871	0.592555	0.093339	0.602397	0.084790	0.612501	0.076264	0.622873	0.067812	0.633516	0.059493	0.644435	0.051378	0.655635	0.043555	0.667119	0.036128	0.678893	0.029222	0.690960	0.022989	0.703326	0.017614	0.715995	0.013319	0.728970	0.010374	0.742257	0.009108	0.755858
632.204160	0.151091	0.538696	0.143200	0.547057	0.135162	0.555655	0.126986	0.564493	0.118690	0.573575	0.110290	0.582907	0.101812	0.592492	0.093282	0.602334	0.084735	0.612440	0.076210	0.622812	0.067760	0.633457	0.059443	0.644378	0.051330	0.655578	0.043510	0.667064	0.036086	0.678839	0.029183	0.690908	0.022954	0.703276	0.017582	0.715947	0.013291	0.728923	0.010350	0.742211	0.009089	0.755814
632.650940	0.151025	0.538628	0.143135	0.546990	0.135098	0.555588	0.126924	0.564426	0.118628	0.573510	0.110230	0.582842	0.101753	0.592428	0.093225	0.602272	0.084679	0.612379	0.076157	0.622752	0.067708	0.633397	0.059393	0.644319	0.051283	0.655521	0.043465	0.667008	0.036044	0.678785	0.029144	0.690856	0.022919	0.703225	0.017551	0.715897	0.013264	0.728876	0.010326	0.742166	0.009070	0.755771
633.097660	0.150960	0.538560	0.143071	0.546923	0.135034	0.555522	0.126861	0.564361	0.118567	0.573445	0.110170	0.582778	0.101694	0.592365	0.093167	0.602209	0.084623	0.612318	0.076103	0.622692	0.067657	0.633338	0.059343	0.644261	0.051236	0.655465	0.043420	0.666953	0.036002	0.678731	0.029106	0.690804	0.022883	0.703175	0.017519	0.715848	0.013236	0.728829	0.010303	0.742120	0.009051	0.755728
633.544250	0.150895	0.538493	0.143007	0.546857	0.134971	0.555456	0.126799	0.564296	0.118506	0.573380	0.110110	0.582715	0.101636	0.592303	0.093110	0.602148	0.084568	0.612257	0.076050	0.622632	0.067605	0.633279	0.059294	0.644204	0.051189	0.655408	0.043376	0.666898	0.035960	0.678678	0.029067	0.690752	0.022848	0.703124	0.017487	0.715800	0.013208	0.728782	0.010280	0.742075	0.009032	0.755685
633.990720	0.150830	0.538425	0.142943	0.546790	0.134908	0.555390	0.126737	0.564231	0.118445	0.573316	0.110050	0.582651	0.101577	0.592240	0.093053	0.602086	0.084513	0.612196	0.075996	0.622573	0.067554	0.633221	0.059245	0.644146	0.051143	0.655352	0.043332	0.666844	0.035919	0.678625	0.029029	0.690700	0.022813	0.703074	0.017456	0.715751	0.013181	0.728735	0.010256	0.742031	0.009013	0.755642
634.437070	0.150765	0.538358	0.142879	0.546724	0.134845	0.555325	0.126675	0.564166	0.118384	0.573252	0.109991	0.582588	0.101519	0.592178	0.092997	0.602025	0.084458	0.612135	0.075943	0.622514	0.067503	0.633163	0.059196	0.644089	0.051096	0.655296	0.043288	0.666790	0.035878	0.678572	0.028990	0.690649	0.022778	0.703024	0.017424	0.715703	0.013153	0.728688	0.010233	0.741986	0.008995	0.755599
634.883360	0.150701	0.538291	0.142816	0.546657	0.134782	0.555259	0.126613	0.564101	0.118324	0.573189	0.109931	0.582524	0.101461	0.592115	0.092941	0.601964	0.084403	0.612075	0.075891	0.622454	0.067452	0.633105	0.059148	0.644033	0.051049	0.655240	0.043244	0.666735	0.035837	0.678519	0.028952	0.690597	0.022743	0.702974	0.017393	0.715655	0.013125	0.728642	0.010210	0.741942	0.008976	0.755556
635.329530	0.150637	0.538225	0.142752	0.546592	0.134720	0.555194	0.126552	0.564037	0.118264	0.573125	0.109873	0.582462	0.101404	0.592053	0.092885	0.601903	0.084349	0.612015	0.075838	0.622395	0.067402	0.633047	0.059099	0.643976	0.051003	0.655185	0.043201	0.666681	0.035796	0.678466	0.028914	0.690546	0.022709	0.702925	0.017362	0.715607	0.013098	0.728596	0.010187	0.741897	0.008957	0.755514
635.775570	0.150573	0.538159	0.142690	0.546527	0.134658	0.555130	0.126492	0.563973	0.118204	0.573062	0.109814	0.582399	0.101347	0.591992	0.092829	0.601843	0.084295	0.611956	0.075785	0.622337	0.067351	0.632990	0.059050	0.643920	0.050957	0.655131	0.043157	0.666627	0.035755	0.678413	0.028877	0.690496	0.022674	0.702876	0.017332	0.715559	0.013071	0.728550	0.010164	0.741853	0.008938	0.755471
636.221560	0.150509	0.538093	0.142627	0.546461	0.134596	0.555065	0.126431	0.563909	0.118144	0.572998	0.109756	0.582337	0.101290	0.591930	0.092773	0.601782	0.084241	0.611896	0.075733	0.622278	0.067301	0.632932	0.059002	0.643863	0.050911	0.655076	0.043113	0.666573	0.035714	0.678361	0.028839	0.690445	0.022640	0.702826	0.017301	0.715511	0.013043	0.728504	0.010140	0.741809	0.008920	0.755429
636.667420	0.150445	0.538027	0.142563	0.546395	0.134534	0.555000	0.126369	0.563845	0.118084	0.572934	0.109697	0.582275	0.101233	0.591868	0.092718	0.601720	0.084187	0.611836	0.075681	0.622219	0.067250	0.632874	0.058954	0.643806	0.050865	0.655020	0.043070	0.666519	0.035673	0.678309	0.028801	0.690393	0.022605	0.702776	0.017269	0.715464	0.013016	0.728458	0.010117	0.741764	0.008902	0.755387
637.113160	0.150381	0.537961	0.142500	0.546329	0.134472	0.554935	0.126308	0.563781	0.118024	0.572871	0.109638	0.582212	0.101175	0.591806	0.092662	0.601660	0.084132	0.611776	0.075629	0.622160	0.067199	0.632816	0.058906	0.643750	0.050819	0.654965	0.043027	0.666465	0.035633	0.678257	0.028763	0.690342	0.022570	0.702726	0.017238	0.715416	0.012989	0.728411	0.010094	0.741720	0.008883	0.755344
637.558840	0.150318	0.537896	0.142438	0.546265	0.134411	0.554870	0.126247	0.563717	0.117964	0.572809	0.109580	0.582150	0.101118	0.591745	0.092607	0.601599	0.084079	0.611716	0.075576	0.622102	0.067149	0.632759	0.058858	0.643694	0.050774	0.654910	0.042984	0.666412	0.035593	0.678204	0.028726	0.690292	0.022536	0.702678	0.017208	0.715368	0.012962	0.728366	0.010072	0.741676	0.008865	0.755302
638.004330	0.150255	0.537830	0.142376	0.546200	0.134349	0.554806	0.126187	0.563653	0.117905	0.572746	0.109522	0.582088	0.101061	0.591684	0.092551	0.601539	0.084025	0.611657	0.075524	0.622044	0.067100	0.632702	0.058811	0.643638	0.050729	0.654855	0.042941	0.666358	0.035553	0.678152	0.028689	0.690242	0.022503	0.702630	0.017178	0.715321	0.012936	0.728321	0.010050	0.741633	0.008847	0.755261
638.449830	0.150193	0.537766	0.142314	0.546136	0.134289	0.554743	0.126128	0.563590	0.117847	0.572684	0.109465	0.582027	0.101006	0.591624	0.092497	0.601480	0.083972	0.611599	0.075473	0.621987	0.067051	0.632646	0.058763	0.643583	0.050684	0.654802	0.042898	0.666306	0.035512	0.678101	0.028652	0.690192	0.022469	0.702581	0.017147	0.715274	0.012909	0.728276	0.010027	0.741589	0.008828	0.755219
638.895140	0.150130	0.537701	0.142253	0.546072	0.134228	0.554680	0.126068	0.563528	0.117789	0.572622	0.109408	0.581965	0.100950	0.591563	0.092442	0.601420	0.083919	0.611541	0.075422	0.621930	0.067002	0.632590	0.058716	0.643528	0.050639	0.654748	0.042856	0.666253	0.035472	0.678050	0.028615	0.690142	0.022435	0.702532	0.017117	0.715227	0.012883	0.728231	0.010004	0.741546	0.008810	0.755178
639.340390	0.150067	0.537636	0.142191	0.546008	0.134167	0.554616	0.126008	0.563465	0.117730	0.572560	0.109351	0.581904	0.100894	0.591503	0.092387	0.601360	0.083866	0.611482	0.075371	0.621872	0.066952	0.632534	0.058669	0.643472	0.050594	0.654693	0.042813	0.666201	0.035433	0.677999	0.028578	0.690092	0.022401	0.702484	0.017087	0.715180	0.012857	0.728185	0.009982	0.741503	0.008792	0.755136
639.785520	0.150005	0.537571	0.142130	0.545944	0.134106	0.554553	0.125949	0.563402	0.117671	0.572498	0.109294	0.581842	0.100838	0.591442	0.092333	0.601301	0.083813	0.611423	0.075320	0.621814	0.066903	0.632477	0.058622	0.643417	0.050549	0.654639	0.042770	0.666147	0.035393	0.677947	0.028542	0.690041	0.022368	0.702435	0.017057	0.715133	0.012831	0.728140	0.009960	0.741459	0.008775	0.755095
640.230530	0.149943	0.537507	0.142068	0.545880	0.134046	0.554489	0.125889	0.563340	0.117613	0.572436	0.109236	0.581782	0.100782	0.591382	0.092279	0.601241	0.083761	0.611365	0.075269	0.621756	0.066854	0.632421	0.058575	0.643362	0.050504	0.654585	0.042728	0.666095	0.035354	0.677896	0.028505	0.689991	0.022335	0.702387	0.017026	0.715087	0.012804	0.728095	0.009937	0.741416	0.008757	0.755054
640.675420	0.149881	0.537443	0.142007	0.545816	0.133986	0.554427	0.125830	0.563277	0.117555	0.572375	0.109179	0.581721	0.100726	0.591322	0.092225	0.601183	0.083708	0.611307	0.075219	0.621699	0.066805	0.632365	0.058528	0.643308	0.050459	0.654532	0.042686	0.666043	0.035315	0.677845	0.028469	0.689942	0.022301	0.702339	0.016997	0.715041	0.012778	0.728050	0.009915	0.741373	0.008739	0.755013
641.120240	0.149819	0.537379	0.141947	0.545753	0.133927	0.554364	0.125771	0.563215	0.117497	0.572313	0.109123	0.581661	0.100671	0.591263	0.092171	0.601124	0.083656	0.611249	0.075168	0.621643	0.066757	0.632309	0.058481	0.643253	0.050415	0.654479	0.042645	0.665991	0.035275	0.677794	0.028432	0.689893	0.022268	0.702291	0.016967	0.714995	0.012752	0.728006	0.009893	0.741330	0.008721	0.754972
641.564940	0.149758	0.537315	0.141886	0.545690	0.133867	0.554301	0.125712	0.563153	0.117440	0.572252	0.109066	0.581600	0.100616	0.591203	0.092118	0.601065	0.083604	0.611192	0.075118	0.621586	0.066708	0.632253	0.058435	0.643199	0.050371	0.654425	0.042603	0.665939	0.035236	0.677744	0.028396	0.689843	0.022235	0.702244	0.016937	0.714948	0.012726	0.727962	0.009871	0.741288	0.008704	0.754931
642.009580	0.149697	0.537252	0.141826	0.545627	0.133807	0.554239	0.125654	0.563092	0.117382	0.572191	0.109010	0.581540	0.100561	0.591144	0.092064	0.601007	0.083552	0.611134	0.075067	0.621530	0.066659	0.632198	0.058388	0.643144	0.050327	0.654372	0.042561	0.665887	0.035197	0.677693	0.028360	0.689794	0.022202	0.702196	0.016907	0.714902	0.012700	0.727917	0.009850	0.741245	0.008687	0.754890
642.454100	0.149635	0.537188	0.141765	0.545563	0.133747	0.554176	0.125595	0.563030	0.117324	0.572130	0.108954	0.581479	0.100506	0.591085	0.092010	0.600948	0.083500	0.611076	0.075017	0.621473	0.066611	0.632142	0.058342	0.643089	0.050283	0.654318	0.042520	0.665835	0.035158	0.677642	0.028324	0.689745	0.022169	0.702148	0.016878	0.714856	0.012675	0.727872	0.009828	0.741202	0.008669	0.754849
642.898500	0.149574	0.537124	0.141705	0.545500	0.133687	0.554114	0.125537	0.562968	0.117267	0.572069	0.108898	0.581420	0.100451	0.591025	0.091957	0.600890	0.083449	0.611019	0.074967	0.621416	0.066563	0.632087	0.058296	0.643035	0.050239	0.654265	0.042478	0.665783	0.035119	0.677592	0.028288	0.689696	0.022136	0.702101	0.016849	0.714809	0.012649	0.727828	0.009806	0.741160	0.008651	0.754808
643.342770	0.149513	0.537061	0.141645	0.545438	0.133629	0.554052	0.125479	0.562907	0.117210	0.572008	0.108842	0.581360	0.100397	0.590966	0.091904	0.600832	0.083397	0.610962	0.074918	0.621360	0.066515	0.632031	0.058251	0.642982	0.050195	0.654212	0.042437	0.665731	0.035080	0.677541	0.028252	0.689647	0.022104	0.702054	0.016820	0.714764	0.012623	0.727784	0.009784	0.741117	0.008634	0.754768
643.786990	0.149453	0.536998	0.141585	0.545376	0.133570	0.553991	0.125422	0.562846	0.117154	0.571948	0.108787	0.581301	0.100343	0.590907	0.091851	0.600774	0.083346	0.610905	0.074868	0.621304	0.066467	0.631976	0.058205	0.642928	0.050152	0.654160	0.042396	0.665680	0.035042	0.677491	0.028216	0.689598	0.022072	0.702007	0.016791	0.714719	0.012597	0.727740	0.009762	0.741075	0.008616	0.754727
644.231080	0.149392	0.536935	0.141525	0.545313	0.133511	0.553929	0.125364	0.562785	0.117097	0.571888	0.108731	0.581241	0.100289	0.590848	0.091798	0.600716	0.083294	0.610848	0.074818	0.621248	0.066419	0.631922	0.058159	0.642874	0.050108	0.654108	0.042355	0.665628	0.035004	0.677441	0.028180	0.689550	0.022039	0.701959	0.016762	0.714673	0.012572	0.727696	0.009741	0.741033	0.008599	0.754687
644.675050	0.149331	0.536872	0.141465	0.545251	0.133452	0.553866	0.125306	0.562724	0.117040	0.571827	0.108675	0.581181	0.100234	0.590790	0.091746	0.600658	0.083243	0.610791	0.074768	0.621192	0.066372	0.631867	0.058113	0.642820	0.050065	0.654055	0.042314	0.665577	0.034965	0.677391	0.028145	0.689501	0.022006	0.701912	0.016732	0.714627	0.012546	0.727652	0.009720	0.740991	0.008582	0.754647
645.118900	0.149271	0.536809	0.141405	0.545188	0.133393	0.553805	0.125248	0.562663	0.116983	0.571767	0.108619	0.581121	0.100180	0.590731	0.091693	0.600601	0.083191	0.610734	0.074719	0.621136	0.066324	0.631812	0.058068	0.642766	0.050021	0.654002	0.042273	0.665525	0.034927	0.677341	0.028110	0.689453	0.021973	0.701864	0.016703	0.714582	0.012521	0.727608	0.009698	0.740949	0.008564	0.754606
645.562680	0.149211	0.536747	0.141347	0.545126	0.133335	0.553744	0.125190	0.562602	0.116927	0.571707	0.108564	0.581063	0.100126	0.590673	0.091640	0.600543	0.083141	0.610677	0.074670	0.621080	0.066277	0.631758	0.058022	0.642712	0.049978	0.653950	0.042232	0.665475	0.034889	0.677291	0.028074	0.689405	0.021941	0.701818	0.016674	0.714537	0.012496	0.727565	0.009677	0.740907	0.008548	0.754566
646.006350	0.149151	0.536685	0.141288	0.545065	0.133277	0.553683	0.125133	0.562542	0.116871	0.571648	0.108510	0.581004	0.100073	0.590615	0.091588	0.600486	0.083090	0.610621	0.074621	0.621025	0.066230	0.631703	0.057977	0.642659	0.049935	0.653898	0.042191	0.665424	0.034851	0.677242	0.028040	0.689356	0.021910	0.701771	0.016646	0.714492	0.012471	0.727521	0.009656	0.740865	0.008531	0.754526
646.449950	0.149092	0.536623	0.141230	0.545004	0.133220	0.553623	0.125077	0.562483	0.116816	0.571589	0.108456	0.580946	0.100020	0.590557	0.091537	0.600429	0.083040	0.610566	0.074573	0.620970	0.066184	0.631649	0.057932	0.642607	0.049893	0.653847	0.042151	0.665374	0.034814	0.677193	0.028005	0.689309	0.021878	0.701726	0.016617	0.714447	0.012446	0.727479	0.009635	0.740824	0.008514	0.754487
646.893370	0.149033	0.536562	0.141171	0.544944	0.133163	0.553562	0.125021	0.562423	0.116760	0.571530	0.108402	0.580887	0.099967	0.590500	0.091485	0.600373	0.082990	0.610510	0.074525	0.620916	0.066137	0.631596	0.057888	0.642555	0.049850	0.653795	0.042112	0.665324	0.034776	0.677145	0.027970	0.689261	0.021847	0.701680	0.016589	0.714403	0.012421	0.727436	0.009614	0.740783	0.008497	0.754447
647.336730	0.148974	0.536500	0.141113	0.544883	0.133105	0.553502	0.124964	0.562364	0.116705	0.571471	0.108348	0.580829	0.099914	0.590443	0.091434	0.600316	0.082940	0.610455	0.074476	0.620862	0.066091	0.631542	0.057843	0.642502	0.049808	0.653744	0.042072	0.665274	0.034739	0.677096	0.027936	0.689214	0.021815	0.701634	0.016560	0.714358	0.012396	0.727393	0.009593	0.740742	0.008480	0.754408
647.779970	0.148915	0.536439	0.141054	0.544821	0.133048	0.553442	0.124908	0.562304	0.116649	0.571412	0.108293	0.580771	0.099861	0.590385	0.091383	0.600260	0.082891	0.610399	0.074428	0.620807	0.066044	0.631489	0.057799	0.642449	0.049766	0.653693	0.042032	0.665224	0.034702	0.677047	0.027901	0.689167	0.021783	0.701588	0.016532	0.714314	0.012371	0.727350	0.009572	0.740701	0.008463	0.754369
648.223140	0.148856	0.536377	0.140996	0.544760	0.132990	0.553382	0.124852	0.562244	0.116594	0.571352	0.108239	0.580713	0.099808	0.590328	0.091331	0.600203	0.082841	0.610343	0.074380	0.620752	0.065997	0.631435	0.057755	0.642397	0.049724	0.653641	0.041992	0.665174	0.034664	0.676998	0.027867	0.689119	0.021751	0.701542	0.016504	0.714269	0.012347	0.727307	0.009551	0.740659	0.008447	0.754329
648.666200	0.148797	0.536316	0.140938	0.544699	0.132933	0.553321	0.124795	0.562184	0.116539	0.571293	0.108184	0.580655	0.099756	0.590270	0.091280	0.600147	0.082790	0.610287	0.074331	0.620697	0.065951	0.631381	0.057710	0.642344	0.049682	0.653590	0.041952	0.665123	0.034626	0.676949	0.027832	0.689072	0.021720	0.701495	0.016476	0.714224	0.012322	0.727264	0.009531	0.740618	0.008430	0.754290
649.109130	0.148739	0.536255	0.140880	0.544639	0.132876	0.553261	0.124739	0.562124	0.116485	0.571235	0.108131	0.580597	0.099703	0.590213	0.091228	0.600090	0.082741	0.610231	0.074283	0.620643	0.065905	0.631328	0.057666	0.642292	0.049640	0.653538	0.041912	0.665073	0.034589	0.676900	0.027798	0.689024	0.021688	0.701450	0.016448	0.714180	0.012298	0.727222	0.009510	0.740577	0.008414	0.754250
649.551940	0.148681	0.536195	0.140823	0.544579	0.132820	0.553202	0.124684	0.562066	0.116430	0.571177	0.108078	0.580540	0.099651	0.590157	0.091178	0.600035	0.082692	0.610177	0.074236	0.620589	0.065859	0.631275	0.057622	0.642240	0.049598	0.653488	0.041873	0.665023	0.034553	0.676852	0.027763	0.688978	0.021657	0.701405	0.016420	0.714137	0.012274	0.727180	0.009490	0.740537	0.008398	0.754212
649.994690	0.148623	0.536135	0.140766	0.544520	0.132764	0.553143	0.124629	0.562008	0.116376	0.571120	0.108025	0.580483	0.099600	0.590101	0.091128	0.599980	0.082644	0.610123	0.074189	0.620536	0.065814	0.631223	0.057579	0.642189	0.049556	0.653438	0.041833	0.664975	0.034516	0.676805	0.027729	0.688932	0.021626	0.701360	0.016392	0.714094	0.012249	0.727138	0.009469	0.740496	0.008381	0.754173
650.437320	0.148565	0.536074	0.140709	0.544460	0.132707	0.553083	0.124573	0.561949	0.116321	0.571062	0.107972	0.580425	0.099547	0.590044	0.091077	0.599924	0.082594	0.610068	0.074141	0.620482	0.065768	0.631170	0.057535	0.642137	0.049515	0.653387	0.041795	0.664926	0.034479	0.676756	0.027695	0.688885	0.021595	0.701314	0.016364	0.714049	0.012225	0.727095	0.009448	0.740456	0.008365	0.754135
650.879880	0.148507	0.536014	0.140652	0.544399	0.132650	0.553024	0.124517	0.561890	0.116267	0.571004	0.107918	0.580368	0.099495	0.589987	0.091026	0.599868	0.082544	0.610013	0.074094	0.620428	0.065722	0.631117	0.057491	0.642085	0.049473	0.653337	0.041756	0.664876	0.034442	0.676708	0.027661	0.688838	0.021564	0.701268	0.016337	0.714005	0.012201	0.727053	0.009428	0.740415	0.008348	0.754096
651.322270	0.148449	0.535953	0.140594	0.544339	0.132594	0.552965	0.124462	0.561831	0.116213	0.570946	0.107865	0.580310	0.099443	0.589931	0.090975	0.599812	0.082495	0.609958	0.074046	0.620374	0.065677	0.631065	0.057447	0.642034	0.049432	0.653286	0.041716	0.664827	0.034405	0.676660	0.027627	0.688791	0.021534	0.701223	0.016309	0.713961	0.012177	0.727010	0.009407	0.740374	0.008332	0.754057
651.764590	0.148391	0.535892	0.140537	0.544280	0.132539	0.552905	0.124407	0.561773	0.116159	0.570888	0.107812	0.580253	0.099391	0.589875	0.090925	0.599756	0.082447	0.609904	0.073999	0.620320	0.065631	0.631012	0.057404	0.641982	0.049390	0.653236	0.041677	0.664777	0.034369	0.676612	0.027594	0.688744	0.021503	0.701178	0.016282	0.713918	0.012153	0.726968	0.009388	0.740333	0.008316	0.754018
652.206790	0.148333	0.535832	0.140481	0.544220	0.132483	0.552847	0.124353	0.561715	0.116105	0.570830	0.107759	0.580197	0.099340	0.589819	0.090875	0.599701	0.082398	0.609850	0.073952	0.620267	0.065586	0.630960	0.057361	0.641931	0.049349	0.653186	0.041638	0.664728	0.034333	0.676565	0.027560	0.688697	0.021473	0.701133	0.016254	0.713875	0.012129	0.726927	0.009368	0.740293	0.008299	0.753980
652.648930	0.148276	0.535773	0.140424	0.544162	0.132427	0.552788	0.124298	0.561657	0.116051	0.570773	0.107707	0.580141	0.099289	0.589763	0.090825	0.599647	0.082350	0.609796	0.073906	0.620215	0.065541	0.630907	0.057318	0.641880	0.049308	0.653136	0.041599	0.664679	0.034297	0.676518	0.027527	0.688651	0.021442	0.701088	0.016227	0.713831	0.012105	0.726885	0.009347	0.740254	0.008284	0.753942
653.090940	0.148219	0.535714	0.140368	0.544103	0.132372	0.552730	0.124244	0.561599	0.115998	0.570716	0.107655	0.580084	0.099239	0.589708	0.090776	0.599593	0.082302	0.609742	0.073859	0.620162	0.065497	0.630855	0.057275	0.641829	0.049268	0.653086	0.041561	0.664631	0.034261	0.676470	0.027493	0.688606	0.021412	0.701044	0.016199	0.713788	0.012081	0.726843	0.009327	0.740214	0.008268	0.753903
653.532840	0.148162	0.535654	0.140312	0.544044	0.132316	0.552672	0.124189	0.561542	0.115945	0.570659	0.107603	0.580028	0.099188	0.589652	0.090726	0.599538	0.082254	0.609688	0.073812	0.620109	0.065452	0.630804	0.057232	0.641778	0.049227	0.653036	0.041523	0.664583	0.034225	0.676423	0.027460	0.688560	0.021382	0.700999	0.016172	0.713745	0.012058	0.726802	0.009307	0.740174	0.008252	0.753865
653.974610	0.148105	0.535594	0.140256	0.543985	0.132261	0.552613	0.124135	0.561484	0.115892	0.570602	0.107551	0.579971	0.099137	0.589597	0.090677	0.599483	0.082206	0.609635	0.073766	0.620056	0.065408	0.630752	0.057189	0.641728	0.049186	0.652987	0.041484	0.664535	0.034189	0.676376	0.027427	0.688515	0.021352	0.700955	0.016146	0.713702	0.012034	0.726760	0.009287	0.740134	0.008236	0.753827
654.416320	0.148049	0.535536	0.140200	0.543927	0.132207	0.552556	0.124081	0.561427	0.115839	0.570546	0.107500	0.579916	0.099086	0.589542	0.090628	0.599429	0.082158	0.609582	0.073720	0.620004	0.065363	0.630701	0.057147	0.641678	0.049146	0.652938	0.041446	0.664487	0.034154	0.676329	0.027394	0.688469	0.021322	0.700911	0.016119	0.713660	0.012011	0.726719	0.009268	0.740095	0.008220	0.753790
654.857910	0.147993	0.535478	0.140145	0.543869	0.132153	0.552499	0.124027	0.561370	0.115787	0.570490	0.107449	0.579861	0.099036	0.589488	0.090579	0.599375	0.082111	0.609528	0.073675	0.619952	0.065319	0.630649	0.057106	0.641627	0.049106	0.652889	0.041408	0.664439	0.034118	0.676282	0.027361	0.688424	0.021292	0.700867	0.016093	0.713618	0.011988	0.726678	0.009248	0.740056	0.008204	0.753752
655.299380	0.147937	0.535419	0.140089	0.543810	0.132098	0.552441	0.123974	0.561313	0.115734	0.570434	0.107397	0.579805	0.098986	0.589433	0.090530	0.599321	0.082064	0.609475	0.073629	0.619899	0.065275	0.630598	0.057063	0.641577	0.049066	0.652839	0.041370	0.664390	0.034083	0.676235	0.027329	0.688378	0.021262	0.700823	0.016066	0.713575	0.011964	0.726637	0.009229	0.740016	0.008188	0.753714
655.740720	0.147880	0.535360	0.140034	0.543752	0.132043	0.552383	0.123920	0.561256	0.115681	0.570377	0.107345	0.579749	0.098936	0.589377	0.090481	0.599267	0.082016	0.609421	0.073582	0.619847	0.065230	0.630547	0.057021	0.641526	0.049026	0.652790	0.041332	0.664342	0.034047	0.676188	0.027296	0.688333	0.021232	0.700779	0.016039	0.713532	0.011941	0.726596	0.009209	0.739976	0.008173	0.753676
656.182010	0.147824	0.535301	0.139978	0.543694	0.131988	0.552325	0.123867	0.561200	0.115628	0.570321	0.107294	0.579693	0.098885	0.589322	0.090432	0.599213	0.081968	0.609368	0.073536	0.619795	0.065186	0.630496	0.056979	0.641476	0.048986	0.652741	0.041294	0.664294	0.034011	0.676142	0.027264	0.688287	0.021202	0.700735	0.016012	0.713489	0.011917	0.726555	0.009189	0.739937	0.008158	0.753639
656.623170	0.147768	0.535243	0.139924	0.543636	0.131934	0.552268	0.123814	0.561143	0.115576	0.570265	0.107243	0.579638	0.098835	0.589268	0.090383	0.599159	0.081921	0.609316	0.073491	0.619743	0.065142	0.630445	0.056937	0.641426	0.048946	0.652692	0.041257	0.664247	0.033977	0.676095	0.027231	0.688242	0.021172	0.700691	0.015986	0.713447	0.011895	0.726515	0.009170	0.739898	0.008142	0.753602
657.064270	0.147713	0.535185	0.139869	0.543579	0.131880	0.552212	0.123760	0.561087	0.115524	0.570209	0.107192	0.579583	0.098786	0.589214	0.090335	0.599106	0.081874	0.609263	0.073445	0.619691	0.065099	0.630394	0.056895	0.641377	0.048906	0.652644	0.041220	0.664200	0.033942	0.676049	0.027198	0.688197	0.021143	0.700648	0.015959	0.713405	0.011872	0.726474	0.009150	0.739859	0.008127	0.753565
657.505250	0.147658	0.535127	0.139814	0.543521	0.131827	0.552155	0.123707	0.561031	0.115473	0.570153	0.107141	0.579528	0.098736	0.589160	0.090287	0.599053	0.081827	0.609211	0.073400	0.619640	0.065055	0.630343	0.056853	0.641327	0.048866	0.652595	0.041182	0.664153	0.033907	0.676003	0.027166	0.688152	0.021113	0.700604	0.015933	0.713363	0.011849	0.726433	0.009131	0.739821	0.008111	0.753527
657.946110	0.147603	0.535069	0.139760	0.543464	0.131774	0.552098	0.123654	0.560975	0.115421	0.570098	0.107090	0.579474	0.098687	0.589106	0.090239	0.598999	0.081781	0.609158	0.073355	0.619588	0.065012	0.630293	0.056812	0.641278	0.048827	0.652547	0.041146	0.664106	0.033872	0.675958	0.027134	0.688107	0.021084	0.700561	0.015906	0.713321	0.011826	0.726393	0.009111	0.739782	0.008096	0.753490
658.386840	0.147548	0.535012	0.139706	0.543408	0.131720	0.552041	0.123602	0.560919	0.115370	0.570043	0.107040	0.579419	0.098638	0.589052	0.090191	0.598947	0.081734	0.609106	0.073311	0.619537	0.064969	0.630243	0.056771	0.641229	0.048787	0.652499	0.041109	0.664059	0.033837	0.675912	0.027102	0.688063	0.021054	0.700518	0.015880	0.713280	0.011803	0.726353	0.009092	0.739743	0.008080	0.753453
658.827450	0.147493	0.534954	0.139652	0.543351	0.131667	0.551985	0.123550	0.560863	0.115318	0.569988	0.106990	0.579365	0.098588	0.588999	0.090144	0.598894	0.081688	0.609054	0.073266	0.619486	0.064926	0.630193	0.056729	0.641180	0.048748	0.652451	0.041072	0.664011	0.033803	0.675866	0.027070	0.688019	0.021025	0.700475	0.015854	0.713238	0.011780	0.726314	0.009073	0.739704	0.008065	0.753416
659.268010	0.147438	0.534897	0.139598	0.543294	0.131613	0.551929	0.123498	0.560807	0.115267	0.569934	0.106939	0.579311	0.098539	0.588945	0.090096	0.598841	0.081642	0.609002	0.073222	0.619435	0.064883	0.630143	0.056688	0.641131	0.048709	0.652403	0.041034	0.663964	0.033768	0.675820	0.027038	0.687975	0.020996	0.700432	0.015828	0.713197	0.011757	0.726273	0.009055	0.739666	0.008050	0.753380
659.708500	0.147383	0.534840	0.139544	0.543237	0.131560	0.551873	0.123446	0.560752	0.115216	0.569878	0.106889	0.579257	0.098490	0.588891	0.090048	0.598788	0.081596	0.608950	0.073177	0.619384	0.064840	0.630093	0.056647	0.641082	0.048671	0.652355	0.040997	0.663918	0.033734	0.675775	0.027006	0.687930	0.020967	0.700388	0.015802	0.713155	0.011735	0.726233	0.009036	0.739627	0.008035	0.753343
660.148800	0.147329	0.534783	0.139490	0.543180	0.131507	0.551817	0.123393	0.560696	0.115165	0.569823	0.106839	0.579203	0.098442	0.588838	0.090000	0.598735	0.081551	0.608899	0.073132	0.619333	0.064798	0.630043	0.056606	0.641032	0.048632	0.652307	0.040961	0.663871	0.033699	0.675730	0.026974	0.687886	0.020938	0.700346	0.015776	0.713113	0.011712	0.726192	0.009017	0.739589	0.008020	0.753306
660.589050	0.147274	0.534726	0.139437	0.543124	0.131455	0.551761	0.123342	0.560641	0.115114	0.569769	0.106789	0.579148	0.098393	0.588785	0.089953	0.598683	0.081505	0.608848	0.073088	0.619283	0.064755	0.629993	0.056566	0.640984	0.048593	0.652259	0.040924	0.663825	0.033666	0.675684	0.026943	0.687842	0.020910	0.700303	0.015751	0.713072	0.011690	0.726153	0.008998	0.739551	0.008005	0.753269
661.029170	0.147220	0.534669	0.139383	0.543068	0.131403	0.551705	0.123291	0.560586	0.115063	0.569714	0.106740	0.579094	0.098345	0.588733	0.089906	0.598632	0.081459	0.608797	0.073044	0.619233	0.064712	0.629944	0.056525	0.640936	0.048554	0.652212	0.040888	0.663779	0.033632	0.675639	0.026912	0.687798	0.020881	0.700261	0.015725	0.713031	0.011668	0.726113	0.008979	0.739512	0.007990	0.753233
661.469180	0.147167	0.534613	0.139330	0.543013	0.131350	0.551650	0.123239	0.560532	0.115012	0.569660	0.106691	0.579041	0.098297	0.588680	0.089859	0.598580	0.081414	0.608746	0.073000	0.619183	0.064670	0.629894	0.056485	0.640888	0.048516	0.652165	0.040851	0.663733	0.033598	0.675594	0.026881	0.687755	0.020853	0.700219	0.015700	0.712990	0.011646	0.726074	0.008960	0.739475	0.007975	0.753196
661.909120	0.147113	0.534557	0.139277	0.542957	0.131298	0.551595	0.123188	0.560477	0.114962	0.569606	0.106642	0.578988	0.098249	0.588627	0.089813	0.598528	0.081368	0.608695	0.072956	0.619132	0.064629	0.629845	0.056444	0.640840	0.048478	0.652118	0.040815	0.663687	0.033564	0.675549	0.026849	0.687711	0.020825	0.700177	0.015674	0.712949	0.011624	0.726035	0.008942	0.739438	0.007960	0.753160
662.348940	0.147059	0.534500	0.139224	0.542901	0.131246	0.551540	0.123136	0.560422	0.114912	0.569552	0.106593	0.578935	0.098201	0.588574	0.089766	0.598476	0.081323	0.608643	0.072912	0.619082	0.064587	0.629796	0.056404	0.640792	0.048440	0.652071	0.040779	0.663640	0.033530	0.675504	0.026818	0.687667	0.020796	0.700134	0.015649	0.712908	0.011601	0.725996	0.008923	0.739400	0.007945	0.753124
662.788640	0.147006	0.534444	0.139171	0.542845	0.131194	0.551485	0.123086	0.560367	0.114862	0.569498	0.106544	0.578882	0.098153	0.588522	0.089719	0.598424	0.081278	0.608592	0.072869	0.619032	0.064544	0.629747	0.056363	0.640743	0.048401	0.652024	0.040743	0.663594	0.033496	0.675460	0.026787	0.687624	0.020768	0.700092	0.015624	0.712868	0.011579	0.725956	0.008905	0.739362	0.007930	0.753088
663.228270	0.146952	0.534388	0.139119	0.542789	0.131142	0.551430	0.123034	0.560313	0.114812	0.569444	0.106495	0.578829	0.098105	0.588470	0.089673	0.598372	0.081233	0.608542	0.072825	0.618982	0.064502	0.629699	0.056323	0.640695	0.048363	0.651977	0.040707	0.663548	0.033463	0.675415	0.026756	0.687581	0.020739	0.700050	0.015599	0.712827	0.011557	0.725917	0.008886	0.739324	0.007915	0.753052
663.667790	0.146899	0.534332	0.139067	0.542734	0.131090	0.551375	0.122983	0.560259	0.114762	0.569391	0.106446	0.578776	0.098058	0.588417	0.089627	0.598321	0.081188	0.608491	0.072782	0.618932	0.064460	0.629650	0.056284	0.640647	0.048325	0.651930	0.040672	0.663503	0.033429	0.675370	0.026725	0.687538	0.020711	0.700008	0.015574	0.712786	0.011535	0.725878	0.008868	0.739286	0.007901	0.753016
664.107180	0.146846	0.534276	0.139014	0.542680	0.131038	0.551321	0.122933	0.560205	0.114713	0.569338	0.106397	0.578723	0.098010	0.588365	0.089581	0.598270	0.081143	0.608441	0.072738	0.618883	0.064419	0.629601	0.056244	0.640599	0.048287	0.651884	0.040636	0.663458	0.033396	0.675326	0.026695	0.687494	0.020683	0.699967	0.015549	0.712746	0.011514	0.725840	0.008849	0.739249	0.007886	0.752980
664.546450	0.146793	0.534221	0.138962	0.542625	0.130987	0.551266	0.122883	0.560151	0.114663	0.569285	0.106349	0.578670	0.097963	0.588313	0.089535	0.598218	0.081098	0.608391	0.072695	0.618834	0.064378	0.629553	0.056205	0.640552	0.048249	0.651837	0.040601	0.663413	0.033363	0.675282	0.026664	0.687451	0.020656	0.699925	0.015524	0.712706	0.011492	0.725801	0.008831	0.739212	0.007872	0.752945
664.985660	0.146741	0.534166	0.138910	0.542570	0.130936	0.551212	0.122833	0.560098	0.114614	0.569232	0.106301	0.578618	0.097916	0.588262	0.089489	0.598168	0.081053	0.608341	0.072652	0.618785	0.064336	0.629505	0.056165	0.640505	0.048212	0.651791	0.040565	0.663367	0.033330	0.675238	0.026633	0.687408	0.020628	0.699883	0.015499	0.712666	0.011470	0.725762	0.008813	0.739175	0.007857	0.752909
665.424740	0.146688	0.534110	0.138858	0.542515	0.130885	0.551158	0.122783	0.560044	0.114564	0.569178	0.106253	0.578565	0.097869	0.588210	0.089443	0.598117	0.081009	0.608291	0.072610	0.618735	0.064295	0.629456	0.056126	0.640457	0.048175	0.651744	0.040530	0.663322	0.033297	0.675195	0.026602	0.687366	0.020600	0.699841	0.015474	0.712626	0.011448	0.725724	0.008794	0.739138	0.007843	0.752874
665.863710	0.146635	0.534055	0.138806	0.542460	0.130834	0.551104	0.122733	0.559991	0.114515	0.569125	0.106205	0.578513	0.097822	0.588159	0.089397	0.598067	0.080965	0.608240	0.072567	0.618686	0.064254	0.629408	0.056086	0.640411	0.048138	0.651698	0.040495	0.663277	0.033263	0.675151	0.026571	0.687323	0.020572	0.699800	0.015449	0.712586	0.011427	0.725685	0.008777	0.739101	0.007828	0.752839
666.302610	0.146583	0.534000	0.138755	0.542405	0.130783	0.551050	0.122682	0.559937	0.114466	0.569073	0.106157	0.578461	0.097776	0.588108	0.089352	0.598016	0.080921	0.608191	0.072525	0.618637	0.064213	0.629360	0.056047	0.640364	0.048100	0.651653	0.040460	0.663232	0.033230	0.675107	0.026541	0.687281	0.020544	0.699759	0.015424	0.712546	0.011405	0.725646	0.008759	0.739063	0.007814	0.752804
666.741390	0.146531	0.533946	0.138703	0.542351	0.130733	0.550996	0.122632	0.559884	0.114418	0.569021	0.106109	0.578409	0.097729	0.588056	0.089307	0.597966	0.080877	0.608141	0.072482	0.618589	0.064172	0.629312	0.056008	0.640317	0.048063	0.651607	0.040425	0.663187	0.033198	0.675063	0.026512	0.687238	0.020517	0.699718	0.015399	0.712507	0.011384	0.725608	0.008741	0.739027	0.007800	0.752768
667.180050	0.146479	0.533892	0.138652	0.542297	0.130682	0.550942	0.122583	0.559831	0.114369	0.568968	0.106061	0.578358	0.097682	0.588005	0.089261	0.597915	0.080833	0.608092	0.072439	0.618540	0.064131	0.629264	0.055969	0.640270	0.048026	0.651561	0.040390	0.663143	0.033166	0.675019	0.026482	0.687196	0.020490	0.699677	0.015375	0.712467	0.011362	0.725569	0.008723	0.738990	0.007786	0.752732
667.618590	0.146426	0.533837	0.138601	0.542243	0.130632	0.550888	0.122533	0.559778	0.114320	0.568916	0.106013	0.578306	0.097635	0.587954	0.089216	0.597865	0.080789	0.608042	0.072397	0.618491	0.064090	0.629217	0.055930	0.640223	0.047988	0.651515	0.040354	0.663098	0.033133	0.674976	0.026451	0.687153	0.020462	0.699636	0.015351	0.712427	0.011341	0.725531	0.008705	0.738953	0.007772	0.752697
668.057070	0.146374	0.533782	0.138549	0.542189	0.130581	0.550835	0.122484	0.559725	0.114272	0.568863	0.105966	0.578254	0.097589	0.587903	0.089171	0.597815	0.080745	0.607993	0.072355	0.618442	0.064050	0.629169	0.055891	0.640176	0.047951	0.651469	0.040319	0.663053	0.033100	0.674932	0.026421	0.687112	0.020434	0.699595	0.015327	0.712387	0.011320	0.725493	0.008687	0.738916	0.007758	0.752662
668.495420	0.146323	0.533728	0.138498	0.542136	0.130531	0.550782	0.122434	0.559672	0.114224	0.568811	0.105919	0.578203	0.097543	0.587853	0.089126	0.597765	0.080702	0.607943	0.072313	0.618394	0.064009	0.629121	0.055852	0.640130	0.047915	0.651424	0.040285	0.663009	0.033068	0.674889	0.026391	0.687070	0.020407	0.699554	0.015302	0.712348	0.011299	0.725455	0.008669	0.738880	0.007744	0.752628
668.933650	0.146272	0.533674	0.138448	0.542082	0.130482	0.550729	0.122385	0.559620	0.114176	0.568760	0.105872	0.578152	0.097498	0.587803	0.089082	0.597716	0.080659	0.607894	0.072271	0.618346	0.063969	0.629074	0.055814	0.640084	0.047878	0.651379	0.040250	0.662965	0.033036	0.674847	0.026362	0.687028	0.020380	0.699514	0.015278	0.712309	0.011278	0.725418	0.008652	0.738844	0.007730	0.752593
669.371830	0.146221	0.533620	0.138397	0.542029	0.130432	0.550676	0.122337	0.559568	0.114128	0.568708	0.105825	0.578101	0.097452	0.587752	0.089037	0.597666	0.080616	0.607846	0.072230	0.618299	0.063929	0.629027	0.055776	0.640038	0.047842	0.651334	0.040216	0.662921	0.033004	0.674804	0.026332	0.686986	0.020353	0.699474	0.015254	0.712270	0.011257	0.725380	0.008634	0.738808	0.007716	0.752559
669.809880	0.146169	0.533566	0.138347	0.541975	0.130382	0.550624	0.122288	0.559516	0.114080	0.568656	0.105778	0.578050	0.097406	0.587702	0.088992	0.597616	0.080573	0.607797	0.072188	0.618251	0.063889	0.628980	0.055738	0.639992	0.047806	0.651289	0.040182	0.662877	0.032972	0.674761	0.026302	0.686944	0.020327	0.699434	0.015230	0.712231	0.011236	0.725342	0.008617	0.738772	0.007702	0.752524
670.247800	0.146118	0.533513	0.138297	0.541922	0.130333	0.550571	0.122239	0.559464	0.114032	0.568605	0.105732	0.577999	0.097360	0.587652	0.088948	0.597566	0.080530	0.607748	0.072146	0.618203	0.063849	0.628933	0.055699	0.639946	0.047769	0.651244	0.040148	0.662833	0.032940	0.674718	0.026272	0.686903	0.020300	0.699393	0.015206	0.712192	0.011215	0.725305	0.008599	0.738736	0.007688	0.752489
670.685670	0.146067	0.533459	0.138247	0.541869	0.130283	0.550519	0.122191	0.559411	0.113985	0.568554	0.105685	0.577948	0.097315	0.587602	0.088904	0.597517	0.080487	0.607700	0.072105	0.618155	0.063810	0.628887	0.055661	0.639900	0.047733	0.651199	0.040113	0.662789	0.032908	0.674675	0.026243	0.686861	0.020273	0.699353	0.015182	0.712153	0.011195	0.725267	0.008581	0.738700	0.007674	0.752455
671.123410	0.146017	0.533406	0.138197	0.541816	0.130234	0.550466	0.122142	0.559359	0.113938	0.568503	0.105639	0.577898	0.097270	0.587552	0.088860	0.597468	0.080444	0.607651	0.072063	0.618108	0.063770	0.628840	0.055623	0.639854	0.047697	0.651154	0.040079	0.662746	0.032876	0.674633	0.026214	0.686820	0.020246	0.699313	0.015158	0.712114	0.011174	0.725229	0.008564	0.738664	0.007660	0.752420
671.561040	0.145967	0.533352	0.138147	0.541763	0.130185	0.550414	0.122094	0.559308	0.113890	0.568451	0.105592	0.577847	0.097225	0.587502	0.088816	0.597419	0.080401	0.607603	0.072022	0.618060	0.063730	0.628793	0.055586	0.639809	0.047661	0.651110	0.040046	0.662702	0.032845	0.674591	0.026184	0.686779	0.020220	0.699272	0.015135	0.712076	0.011153	0.725192	0.008547	0.738628	0.007647	0.752386
671.998540	0.145916	0.533299	0.138097	0.541710	0.130136	0.550361	0.122046	0.559256	0.113843	0.568400	0.105546	0.577797	0.097179	0.587452	0.088772	0.597370	0.080359	0.607555	0.071981	0.618012	0.063691	0.628747	0.055548	0.639763	0.047625	0.651065	0.040012	0.662659	0.032813	0.674548	0.026155	0.686738	0.020193	0.699232	0.015111	0.712037	0.011132	0.725155	0.008530	0.738592	0.007633	0.752352
672.435970	0.145865	0.533246	0.138047	0.541658	0.130087	0.550309	0.121998	0.559205	0.113796	0.568349	0.105500	0.577747	0.097134	0.587403	0.088728	0.597321	0.080317	0.607507	0.071940	0.617965	0.063652	0.628701	0.055511	0.639718	0.047590	0.651021	0.039978	0.662616	0.032782	0.674506	0.026126	0.686697	0.020167	0.699192	0.015088	0.711999	0.011112	0.725118	0.008513	0.738557	0.007620	0.752318
672.873290	0.145815	0.533193	0.137997	0.541605	0.130038	0.550257	0.121950	0.559154	0.113749	0.568299	0.105454	0.577697	0.097090	0.587353	0.088685	0.597272	0.080274	0.607459	0.071900	0.617919	0.063612	0.628654	0.055473	0.639672	0.047554	0.650977	0.039945	0.662573	0.032750	0.674463	0.026097	0.686656	0.020141	0.699152	0.015064	0.711960	0.011092	0.725081	0.008496	0.738521	0.007606	0.752284
673.310490	0.145764	0.533140	0.137948	0.541553	0.129989	0.550205	0.121902	0.559102	0.113702	0.568248	0.105408	0.577646	0.097045	0.587304	0.088641	0.597223	0.080232	0.607411	0.071859	0.617871	0.063573	0.628608	0.055435	0.639627	0.047519	0.650932	0.039911	0.662529	0.032719	0.674421	0.026068	0.686615	0.020114	0.699113	0.015040	0.711922	0.011071	0.725044	0.008479	0.738486	0.007592	0.752250
673.747620	0.145715	0.533087	0.137898	0.541501	0.129941	0.550154	0.121854	0.559051	0.113655	0.568197	0.105362	0.577597	0.097000	0.587254	0.088598	0.597175	0.080189	0.607363	0.071818	0.617824	0.063534	0.628562	0.055398	0.639582	0.047483	0.650888	0.039877	0.662486	0.032687	0.674379	0.026040	0.686574	0.020088	0.699074	0.015017	0.711883	0.011051	0.725007	0.008462	0.738450	0.007579	0.752216
674.184630	0.145665	0.533035	0.137849	0.541449	0.129893	0.550102	0.121807	0.559000	0.113608	0.568147	0.105317	0.577547	0.096955	0.587205	0.088555	0.597127	0.080147	0.607316	0.071777	0.617777	0.063495	0.628516	0.055360	0.639537	0.047447	0.650844	0.039844	0.662443	0.032656	0.674337	0.026011	0.686533	0.020062	0.699034	0.014993	0.711845	0.011030	0.724970	0.008445	0.738414	0.007565	0.752182
674.621520	0.145616	0.532983	0.137800	0.541398	0.129845	0.550051	0.121760	0.558949	0.113562	0.568096	0.105271	0.577498	0.096911	0.587156	0.088511	0.597079	0.080106	0.607269	0.071737	0.617731	0.063456	0.628470	0.055323	0.639492	0.047412	0.650800	0.039811	0.662400	0.032625	0.674296	0.025983	0.686493	0.020036	0.698995	0.014970	0.711807	0.011010	0.724934	0.008428	0.738379	0.007552	0.752149
675.058290	0.145566	0.532931	0.137751	0.541346	0.129797	0.550000	0.121713	0.558899	0.113516	0.568046	0.105226	0.577448	0.096867	0.587108	0.088468	0.597031	0.080064	0.607222	0.071697	0.617685	0.063418	0.628425	0.055286	0.639447	0.047377	0.650757	0.039778	0.662357	0.032594	0.674254	0.025954	0.686453	0.020010	0.698956	0.014947	0.711769	0.010990	0.724897	0.008411	0.738344	0.007539	0.752116
675.495000	0.145517	0.532879	0.137703	0.541295	0.129749	0.549949	0.121666	0.558849	0.113469	0.567996	0.105181	0.577399	0.096824	0.587059	0.088425	0.596983	0.080023	0.607174	0.071657	0.617639	0.063379	0.628379	0.055249	0.639402	0.047342	0.650714	0.039745	0.662315	0.032563	0.674213	0.025926	0.686413	0.019984	0.698917	0.014924	0.711731	0.010970	0.724861	0.008394	0.738309	0.007526	0.752082
675.931580	0.145468	0.532827	0.137655	0.541243	0.129701	0.549898	0.121618	0.558798	0.113423	0.567947	0.105136	0.577350	0.096780	0.587011	0.088383	0.596935	0.079982	0.607127	0.071617	0.617592	0.063340	0.628334	0.055213	0.639358	0.047307	0.650670	0.039712	0.662273	0.032533	0.674171	0.025897	0.686372	0.019958	0.698878	0.014901	0.711694	0.010950	0.724825	0.008378	0.738274	0.007512	0.752048
676.368040	0.145418	0.532775	0.137607	0.541191	0.129653	0.549847	0.121571	0.558747	0.113378	0.567897	0.105091	0.577301	0.096736	0.586962	0.088340	0.596888	0.079940	0.607081	0.071577	0.617546	0.063302	0.628289	0.055176	0.639314	0.047272	0.650626	0.039679	0.662230	0.032502	0.674130	0.025869	0.686332	0.019932	0.698839	0.014878	0.711656	0.010930	0.724788	0.008361	0.738240	0.007499	0.752015
676.804440	0.145369	0.532724	0.137559	0.541140	0.129605	0.549797	0.121525	0.558697	0.113332	0.567848	0.105046	0.577252	0.096692	0.586914	0.088298	0.596840	0.079899	0.607034	0.071537	0.617500	0.063264	0.628244	0.055139	0.639270	0.047238	0.650583	0.039647	0.662188	0.032472	0.674089	0.025841	0.686292	0.019906	0.698800	0.014855	0.711619	0.010911	0.724752	0.008344	0.738205	0.007486	0.751982
677.240720	0.145320	0.532673	0.137510	0.541089	0.129558	0.549746	0.121478	0.558648	0.113287	0.567799	0.105001	0.577203	0.096648	0.586867	0.088256	0.596793	0.079857	0.606987	0.071497	0.617454	0.063226	0.628199	0.055103	0.639226	0.047203	0.650540	0.039614	0.662146	0.032441	0.674048	0.025813	0.686252	0.019881	0.698762	0.014833	0.711581	0.010891	0.724716	0.008327	0.738171	0.007473	0.751949
677.676880	0.145272	0.532621	0.137462	0.541038	0.129511	0.549695	0.121432	0.558598	0.113241	0.567750	0.104957	0.577154	0.096605	0.586819	0.088213	0.596745	0.079816	0.606941	0.071458	0.617408	0.063187	0.628154	0.055067	0.639182	0.047168	0.650497	0.039581	0.662104	0.032411	0.674007	0.025785	0.686212	0.019856	0.698723	0.014810	0.711544	0.010871	0.724681	0.008311	0.738136	0.007460	0.751916
678.112980	0.145223	0.532570	0.137414	0.540988	0.129464	0.549645	0.121386	0.558548	0.113195	0.567700	0.104912	0.577105	0.096562	0.586770	0.088171	0.596698	0.079775	0.606894	0.071419	0.617362	0.063149	0.628109	0.055031	0.639138	0.047134	0.650454	0.039549	0.662062	0.032380	0.673966	0.025757	0.686173	0.019830	0.698684	0.014787	0.711506	0.010851	0.724645	0.008295	0.738101	0.007447	0.751882
678.548950	0.145174	0.532518	0.137366	0.540937	0.129417	0.549595	0.121339	0.558498	0.113150	0.567651	0.104868	0.577057	0.096518	0.586722	0.088129	0.596651	0.079735	0.606847	0.071379	0.617316	0.063111	0.628064	0.054995	0.639093	0.047100	0.650410	0.039516	0.662020	0.032350	0.673925	0.025729	0.686132	0.019805	0.698646	0.014764	0.711469	0.010831	0.724608	0.008278	0.738066	0.007434	0.751849
678.984800	0.145126	0.532467	0.137319	0.540886	0.129370	0.549545	0.121293	0.558449	0.113105	0.567602	0.104824	0.577009	0.096475	0.586674	0.088086	0.596604	0.079694	0.606801	0.071339	0.617271	0.063073	0.628020	0.054958	0.639050	0.047065	0.650367	0.039484	0.661977	0.032320	0.673884	0.025701	0.686092	0.019780	0.698607	0.014742	0.711432	0.010812	0.724572	0.008262	0.738032	0.007421	0.751816
679.420530	0.145078	0.532416	0.137271	0.540835	0.129323	0.549495	0.121247	0.558399	0.113060	0.567553	0.104779	0.576960	0.096432	0.586626	0.088044	0.596556	0.079654	0.606754	0.071300	0.617226	0.063036	0.627975	0.054922	0.639006	0.047031	0.650325	0.039452	0.661936	0.032290	0.673844	0.025673	0.686053	0.019755	0.698569	0.014719	0.711395	0.010793	0.724536	0.008245	0.737998	0.007408	0.751783
679.856200	0.145030	0.532366	0.137224	0.540785	0.129276	0.549445	0.121201	0.558349	0.113015	0.567504	0.104735	0.576912	0.096389	0.586579	0.088003	0.596509	0.079613	0.606708	0.071261	0.617181	0.062998	0.627931	0.054886	0.638962	0.046997	0.650283	0.039420	0.661895	0.032260	0.673803	0.025645	0.686014	0.019729	0.698531	0.014697	0.711358	0.010773	0.724501	0.008229	0.737964	0.007395	0.751751
680.291750	0.144982	0.532315	0.137176	0.540735	0.129230	0.549396	0.121156	0.558300	0.112970	0.567456	0.104692	0.576864	0.096346	0.586531	0.087961	0.596463	0.079573	0.606662	0.071222	0.617136	0.062961	0.627886	0.054850	0.638919	0.046963	0.650241	0.039388	0.661853	0.032230	0.673763	0.025617	0.685975	0.019704	0.698492	0.014675	0.711321	0.010754	0.724465	0.008213	0.737930	0.007382	0.751718
680.727170	0.144934	0.532265	0.137129	0.540685	0.129184	0.549346	0.121110	0.558251	0.112925	0.567407	0.104648	0.576817	0.096304	0.586484	0.087920	0.596417	0.079533	0.606617	0.071184	0.617091	0.062924	0.627843	0.054815	0.638876	0.046929	0.650199	0.039356	0.661812	0.032200	0.673723	0.025590	0.685935	0.019680	0.698455	0.014653	0.711285	0.010734	0.724430	0.008197	0.737896	0.007370	0.751685
681.162540	0.144886	0.532214	0.137083	0.540635	0.129138	0.549297	0.121065	0.558203	0.112880	0.567359	0.104605	0.576769	0.096261	0.586438	0.087879	0.596371	0.079493	0.606571	0.071146	0.617046	0.062887	0.627799	0.054780	0.638833	0.046895	0.650156	0.039324	0.661771	0.032171	0.673683	0.025563	0.685896	0.019655	0.698417	0.014631	0.711249	0.010715	0.724395	0.008181	0.737862	0.007357	0.751653
681.597780	0.144839	0.532164	0.137036	0.540586	0.129092	0.549247	0.121020	0.558155	0.112836	0.567311	0.104562	0.576722	0.096219	0.586391	0.087838	0.596325	0.079453	0.606526	0.071107	0.617001	0.062850	0.627755	0.054744	0.638790	0.046862	0.650114	0.039292	0.661730	0.032141	0.673643	0.025536	0.685858	0.019630	0.698380	0.014608	0.711212	0.010695	0.724360	0.008165	0.737828	0.007345	0.751621
682.032900	0.144792	0.532114	0.136989	0.540536	0.129046	0.549198	0.120975	0.558106	0.112793	0.567263	0.104519	0.576674	0.096177	0.586344	0.087797	0.596279	0.079413	0.606481	0.071068	0.616957	0.062813	0.627711	0.054708	0.638748	0.046828	0.650072	0.039261	0.661689	0.032112	0.673603	0.025509	0.685819	0.019605	0.698342	0.014586	0.711176	0.010677	0.724325	0.008149	0.737794	0.007332	0.751590
682.467900	0.144745	0.532065	0.136943	0.540487	0.129000	0.549149	0.120930	0.558058	0.112749	0.567216	0.104476	0.576627	0.096135	0.586298	0.087756	0.596232	0.079373	0.606436	0.071030	0.616912	0.062776	0.627667	0.054673	0.638705	0.046795	0.650030	0.039229	0.661648	0.032082	0.673563	0.025482	0.685780	0.019580	0.698305	0.014565	0.711140	0.010658	0.724291	0.008133	0.737761	0.007319	0.751557
682.902830	0.144698	0.532015	0.136896	0.540438	0.128954	0.549101	0.120885	0.558009	0.112705	0.567168	0.104433	0.576580	0.096093	0.586251	0.087715	0.596186	0.079334	0.606391	0.070991	0.616868	0.062739	0.627624	0.054639	0.638663	0.046761	0.649988	0.039198	0.661608	0.032053	0.673524	0.025454	0.685742	0.019555	0.698267	0.014543	0.711103	0.010639	0.724256	0.008117	0.737727	0.007307	0.751525
683.337650	0.144650	0.531965	0.136850	0.540389	0.128909	0.549052	0.120840	0.557960	0.112661	0.567120	0.104390	0.576533	0.096051	0.586205	0.087674	0.596140	0.079294	0.606346	0.070954	0.616824	0.062703	0.627580	0.054604	0.638620	0.046728	0.649947	0.039167	0.661567	0.032023	0.673484	0.025427	0.685703	0.019531	0.698230	0.014521	0.711067	0.010620	0.724221	0.008101	0.737694	0.007295	0.751493
683.772340	0.144604	0.531915	0.136803	0.540339	0.128863	0.549004	0.120795	0.557912	0.112617	0.567072	0.104347	0.576486	0.096009	0.586158	0.087633	0.596095	0.079255	0.606301	0.070916	0.616779	0.062666	0.627537	0.054568	0.638577	0.046695	0.649905	0.039135	0.661526	0.031994	0.673445	0.025400	0.685665	0.019507	0.698193	0.014499	0.711031	0.010601	0.724185	0.008085	0.737661	0.007282	0.751461
684.206970	0.144557	0.531865	0.136757	0.540289	0.128817	0.548955	0.120751	0.557864	0.112573	0.567024	0.104303	0.576438	0.095967	0.586112	0.087593	0.596049	0.079215	0.606255	0.070878	0.616735	0.062630	0.627493	0.054533	0.638535	0.046662	0.649863	0.039104	0.661485	0.031965	0.673405	0.025373	0.685627	0.019482	0.698155	0.014477	0.710995	0.010582	0.724150	0.008070	0.737627	0.007270	0.751429
684.641480	0.144510	0.531816	0.136711	0.540240	0.128771	0.548905	0.120706	0.557816	0.112529	0.566976	0.104260	0.576391	0.095925	0.586065	0.087552	0.596004	0.079176	0.606210	0.070839	0.616690	0.062593	0.627450	0.054499	0.638492	0.046629	0.649822	0.039073	0.661445	0.031936	0.673366	0.025346	0.685588	0.019458	0.698118	0.014455	0.710959	0.010563	0.724116	0.008054	0.737594	0.007257	0.751396
685.075870	0.144463	0.531766	0.136665	0.540191	0.128726	0.548857	0.120661	0.557768	0.112485	0.566929	0.104218	0.576344	0.095884	0.586019	0.087512	0.595958	0.079137	0.606165	0.070801	0.616646	0.062557	0.627406	0.054464	0.638450	0.046596	0.649781	0.039042	0.661404	0.031907	0.673326	0.025319	0.685549	0.019434	0.698081	0.014433	0.710923	0.010545	0.724081	0.008038	0.737560	0.007245	0.751364
685.510190	0.144417	0.531717	0.136619	0.540143	0.128681	0.548809	0.120617	0.557720	0.112442	0.566882	0.104175	0.576297	0.095842	0.585973	0.087472	0.595913	0.079098	0.606121	0.070764	0.616603	0.062521	0.627363	0.054429	0.638407	0.046563	0.649739	0.039011	0.661364	0.031878	0.673287	0.025293	0.685511	0.019409	0.698044	0.014412	0.710887	0.010526	0.724047	0.008023	0.737527	0.007233	0.751333
685.944340	0.144371	0.531668	0.136574	0.540094	0.128637	0.548761	0.120573	0.557673	0.112399	0.566835	0.104133	0.576251	0.095801	0.585928	0.087431	0.595868	0.079059	0.606077	0.070727	0.616560	0.062485	0.627320	0.054394	0.638365	0.046530	0.649698	0.038980	0.661324	0.031850	0.673248	0.025266	0.685474	0.019385	0.698007	0.014391	0.710852	0.010507	0.724012	0.008007	0.737494	0.007221	0.751302
686.378480	0.144325	0.531620	0.136528	0.540046	0.128592	0.548713	0.120529	0.557626	0.112356	0.566788	0.104091	0.576205	0.095760	0.585882	0.087391	0.595823	0.079020	0.606032	0.070690	0.616516	0.062449	0.627278	0.054360	0.638324	0.046498	0.649657	0.038949	0.661284	0.031821	0.673209	0.025240	0.685436	0.019361	0.697970	0.014369	0.710816	0.010489	0.723978	0.007992	0.737462	0.007208	0.751270
686.812440	0.144278	0.531571	0.136483	0.539998	0.128547	0.548666	0.120485	0.557578	0.112313	0.566741	0.104049	0.576159	0.095720	0.585837	0.087351	0.595777	0.078982	0.605988	0.070652	0.616473	0.062413	0.627235	0.054326	0.638282	0.046465	0.649617	0.038918	0.661244	0.031792	0.673170	0.025214	0.685398	0.019337	0.697933	0.014348	0.710780	0.010470	0.723944	0.007977	0.737429	0.007196	0.751239
687.246340	0.144232	0.531522	0.136437	0.539950	0.128503	0.548618	0.120441	0.557531	0.112270	0.566694	0.104007	0.576113	0.095679	0.585791	0.087312	0.595733	0.078943	0.605944	0.070615	0.616429	0.062377	0.627193	0.054291	0.638240	0.046432	0.649576	0.038888	0.661204	0.031764	0.673131	0.025188	0.685361	0.019313	0.697896	0.014327	0.710745	0.010452	0.723910	0.007961	0.737396	0.007184	0.751207
687.680110	0.144186	0.531474	0.136392	0.539901	0.128458	0.548570	0.120397	0.557484	0.112226	0.566647	0.103965	0.576067	0.095637	0.585746	0.087272	0.595688	0.078904	0.605899	0.070577	0.616386	0.062341	0.627150	0.054257	0.638199	0.046400	0.649535	0.038857	0.661164	0.031735	0.673092	0.025162	0.685323	0.019290	0.697860	0.014306	0.710710	0.010433	0.723876	0.007946	0.737363	0.007173	0.751176
688.113770	0.144141	0.531425	0.136347	0.539853	0.128413	0.548523	0.120354	0.557437	0.112184	0.566601	0.103923	0.576021	0.095596	0.585700	0.087233	0.595643	0.078866	0.605856	0.070540	0.616343	0.062306	0.627108	0.054223	0.638157	0.046368	0.649494	0.038827	0.661125	0.031707	0.673053	0.025135	0.685285	0.019266	0.697824	0.014285	0.710675	0.010415	0.723842	0.007930	0.737330	0.007161	0.751145
688.547300	0.144096	0.531377	0.136303	0.539806	0.128370	0.548475	0.120311	0.557390	0.112142	0.566555	0.103882	0.575975	0.095556	0.585655	0.087193	0.595599	0.078828	0.605812	0.070503	0.616300	0.062270	0.627066	0.054190	0.638116	0.046336	0.649454	0.038797	0.661085	0.031678	0.673015	0.025109	0.685248	0.019242	0.697788	0.014264	0.710640	0.010397	0.723808	0.007915	0.737298	0.007149	0.751114
688.980770	0.144050	0.531329	0.136258	0.539758	0.128326	0.548428	0.120268	0.557343	0.112100	0.566509	0.103841	0.575930	0.095516	0.585610	0.087154	0.595555	0.078790	0.605769	0.070467	0.616257	0.062235	0.627024	0.054156	0.638075	0.046304	0.649414	0.038766	0.661046	0.031650	0.672977	0.025083	0.685211	0.019219	0.697752	0.014243	0.710605	0.010379	0.723774	0.007900	0.737265	0.007137	0.751082
689.414180	0.144005	0.531281	0.136213	0.539710	0.128282	0.548381	0.120225	0.557297	0.112057	0.566463	0.103800	0.575885	0.095475	0.585565	0.087115	0.595511	0.078752	0.605726	0.070430	0.616214	0.062199	0.626982	0.054123	0.638034	0.046272	0.649373	0.038736	0.661007	0.031623	0.672939	0.025058	0.685173	0.019196	0.697716	0.014222	0.710570	0.010361	0.723741	0.007885	0.737233	0.007125	0.751051
689.847410	0.143960	0.531233	0.136169	0.539663	0.128238	0.548334	0.120182	0.557250	0.112015	0.566417	0.103759	0.575839	0.095435	0.585521	0.087076	0.595467	0.078714	0.605682	0.070394	0.616171	0.062164	0.626940	0.054089	0.637993	0.046240	0.649333	0.038706	0.660968	0.031595	0.672900	0.025032	0.685136	0.019172	0.697680	0.014200	0.710535	0.010342	0.723708	0.007870	0.737201	0.007113	0.751021
690.280580	0.143915	0.531185	0.136124	0.539615	0.128195	0.548287	0.120139	0.557204	0.111973	0.566371	0.103717	0.575794	0.095395	0.585476	0.087037	0.595422	0.078676	0.605639	0.070357	0.616128	0.062129	0.626898	0.054055	0.637951	0.046208	0.649293	0.038677	0.660929	0.031567	0.672862	0.025006	0.685099	0.019149	0.697644	0.014179	0.710500	0.010324	0.723674	0.007855	0.737169	0.007101	0.750990
690.713620	0.143870	0.531137	0.136079	0.539568	0.128151	0.548240	0.120096	0.557158	0.111931	0.566325	0.103676	0.575748	0.095355	0.585432	0.086998	0.595378	0.078638	0.605596	0.070320	0.616086	0.062094	0.626856	0.054022	0.637910	0.046177	0.649253	0.038647	0.660890	0.031539	0.672824	0.024980	0.685062	0.019125	0.697608	0.014159	0.710465	0.010307	0.723640	0.007840	0.737137	0.007090	0.750959
691.146550	0.143825	0.531090	0.136035	0.539521	0.128107	0.548193	0.120053	0.557111	0.111889	0.566280	0.103635	0.575703	0.095315	0.585387	0.086959	0.595334	0.078600	0.605552	0.070284	0.616044	0.062059	0.626815	0.053989	0.637869	0.046145	0.649214	0.038617	0.660851	0.031511	0.672786	0.024954	0.685024	0.019102	0.697572	0.014138	0.710430	0.010289	0.723607	0.007825	0.737105	0.007078	0.750929
691.579410	0.143780	0.531042	0.135991	0.539474	0.128064	0.548146	0.120010	0.557065	0.111847	0.566234	0.103594	0.575657	0.095275	0.585342	0.086920	0.595290	0.078563	0.605509	0.070247	0.616001	0.062025	0.626773	0.053955	0.637828	0.046114	0.649174	0.038587	0.660812	0.031483	0.672748	0.024929	0.684988	0.019079	0.697536	0.014118	0.710395	0.010271	0.723573	0.007810	0.737073	0.007066	0.750898
692.012150	0.143735	0.530995	0.135947	0.539427	0.128021	0.548100	0.119968	0.557019	0.111805	0.566189	0.103553	0.575613	0.095235	0.585298	0.086881	0.595247	0.078526	0.605466	0.070211	0.615959	0.061990	0.626732	0.053922	0.637788	0.046082	0.649134	0.038557	0.660773	0.031455	0.672710	0.024903	0.684951	0.019055	0.697500	0.014097	0.710361	0.010254	0.723540	0.007796	0.737041	0.007055	0.750867
692.444760	0.143690	0.530948	0.135903	0.539380	0.127978	0.548054	0.119925	0.556973	0.111764	0.566144	0.103512	0.575569	0.095195	0.585253	0.086843	0.595203	0.078489	0.605423	0.070175	0.615917	0.061955	0.626691	0.053889	0.637748	0.046050	0.649094	0.038528	0.660734	0.031428	0.672673	0.024878	0.684915	0.019032	0.697464	0.014077	0.710327	0.010236	0.723507	0.007780	0.737009	0.007043	0.750837
692.877260	0.143646	0.530901	0.135860	0.539334	0.127934	0.548008	0.119883	0.556928	0.111723	0.566099	0.103472	0.575525	0.095156	0.585209	0.086805	0.595160	0.078452	0.605381	0.070140	0.615875	0.061921	0.626650	0.053856	0.637707	0.046019	0.649055	0.038498	0.660696	0.031401	0.672636	0.024853	0.684878	0.019010	0.697429	0.014057	0.710293	0.010218	0.723474	0.007765	0.736977	0.007031	0.750807
693.309690	0.143602	0.530854	0.135817	0.539288	0.127891	0.547962	0.119841	0.556883	0.111682	0.566054	0.103432	0.575480	0.095117	0.585166	0.086767	0.595117	0.078414	0.605338	0.070104	0.615833	0.061886	0.626609	0.053823	0.637667	0.045988	0.649016	0.038469	0.660657	0.031373	0.672598	0.024828	0.684842	0.018987	0.697394	0.014036	0.710259	0.010200	0.723441	0.007751	0.736945	0.007020	0.750776
693.742000	0.143558	0.530807	0.135773	0.539241	0.127848	0.547916	0.119799	0.556837	0.111641	0.566009	0.103392	0.575436	0.095077	0.585122	0.086728	0.595074	0.078377	0.605296	0.070069	0.615792	0.061852	0.626568	0.053791	0.637627	0.045956	0.648976	0.038439	0.660619	0.031346	0.672560	0.024802	0.684806	0.018964	0.697359	0.014016	0.710225	0.010183	0.723409	0.007736	0.736914	0.007008	0.750746
694.174260	0.143514	0.530760	0.135729	0.539194	0.127806	0.547870	0.119757	0.556792	0.111599	0.565964	0.103352	0.575391	0.095038	0.585078	0.086690	0.595031	0.078340	0.605253	0.070032	0.615750	0.061818	0.626526	0.053758	0.637587	0.045926	0.648937	0.038410	0.660580	0.031319	0.672523	0.024777	0.684769	0.018941	0.697324	0.013996	0.710191	0.010165	0.723376	0.007722	0.736882	0.006996	0.750716
694.606320	0.143470	0.530713	0.135686	0.539148	0.127764	0.547824	0.119715	0.556746	0.111558	0.565919	0.103312	0.575346	0.094999	0.585035	0.086652	0.594987	0.078303	0.605211	0.069996	0.615708	0.061784	0.626485	0.053725	0.637547	0.045895	0.648898	0.038381	0.660542	0.031292	0.672486	0.024752	0.684733	0.018919	0.697288	0.013976	0.710157	0.010147	0.723343	0.007708	0.736851	0.006985	0.750685
695.038330	0.143426	0.530667	0.135643	0.539102	0.127721	0.547778	0.119673	0.556701	0.111517	0.565874	0.103271	0.575302	0.094961	0.584991	0.086614	0.594944	0.078267	0.605168	0.069961	0.615666	0.061750	0.626444	0.053692	0.637506	0.045864	0.648859	0.038352	0.660504	0.031265	0.672449	0.024727	0.684697	0.018896	0.697253	0.013955	0.710123	0.010129	0.723310	0.007693	0.736819	0.006974	0.750655
695.470280	0.143382	0.530621	0.135600	0.539056	0.127678	0.547732	0.119632	0.556655	0.111476	0.565829	0.103231	0.575258	0.094922	0.584947	0.086576	0.594901	0.078230	0.605126	0.069926	0.615625	0.061716	0.626404	0.053660	0.637467	0.045833	0.648819	0.038324	0.660465	0.031237	0.672412	0.024702	0.684660	0.018873	0.697218	0.013935	0.710089	0.010112	0.723277	0.007678	0.736788	0.006963	0.750625
695.902040	0.143339	0.530574	0.135557	0.539009	0.127636	0.547687	0.119590	0.556610	0.111435	0.565784	0.103191	0.575214	0.094883	0.584904	0.086538	0.594859	0.078193	0.605084	0.069891	0.615583	0.061682	0.626363	0.053627	0.637427	0.045802	0.648780	0.038295	0.660428	0.031210	0.672374	0.024678	0.684624	0.018850	0.697183	0.013915	0.710055	0.010095	0.723244	0.007663	0.736757	0.006952	0.750596
696.333740	0.143295	0.530528	0.135514	0.538964	0.127593	0.547642	0.119549	0.556566	0.111394	0.565740	0.103152	0.575170	0.094844	0.584860	0.086500	0.594816	0.078157	0.605042	0.069856	0.615542	0.061648	0.626323	0.053595	0.637387	0.045772	0.648741	0.038266	0.660390	0.031183	0.672338	0.024653	0.684588	0.018827	0.697148	0.013895	0.710021	0.010078	0.723212	0.007649	0.736726	0.006940	0.750566
696.765320	0.143252	0.530482	0.135471	0.538919	0.127552	0.547597	0.119507	0.556521	0.111354	0.565696	0.103112	0.575127	0.094805	0.584817	0.086462	0.594774	0.078121	0.605001	0.069820	0.615501	0.061614	0.626283	0.053563	0.637348	0.045741	0.648703	0.038237	0.660352	0.031157	0.672301	0.024628	0.684552	0.018805	0.697114	0.013875	0.709988	0.010060	0.723180	0.007635	0.736695	0.006929	0.750536
697.196840	0.143208	0.530436	0.135429	0.538873	0.127510	0.547551	0.119466	0.556477	0.111314	0.565652	0.103073	0.575083	0.094766	0.584774	0.086425	0.594732	0.078084	0.604959	0.069785	0.615460	0.061581	0.626243	0.053531	0.637308	0.045711	0.648665	0.038208	0.660315	0.031130	0.672264	0.024604	0.684517	0.018783	0.697079	0.013855	0.709955	0.010043	0.723148	0.007620	0.736664	0.006918	0.750506
697.628170	0.143165	0.530390	0.135386	0.538827	0.127468	0.547507	0.119425	0.556432	0.111274	0.565608	0.103033	0.575039	0.094728	0.584732	0.086388	0.594689	0.078048	0.604917	0.069750	0.615419	0.061547	0.626202	0.053499	0.637269	0.045680	0.648626	0.038179	0.660277	0.031103	0.672228	0.024579	0.684481	0.018761	0.697045	0.013835	0.709921	0.010027	0.723116	0.007606	0.736633	0.006907	0.750477
698.059450	0.143122	0.530345	0.135343	0.538782	0.127426	0.547462	0.119384	0.556387	0.111233	0.565564	0.102994	0.574996	0.094690	0.584689	0.086351	0.594647	0.078012	0.604875	0.069715	0.615378	0.061513	0.626161	0.053467	0.637230	0.045650	0.648588	0.038151	0.660240	0.031076	0.672191	0.024555	0.684446	0.018739	0.697010	0.013815	0.709887	0.010010	0.723084	0.007592	0.736602	0.006895	0.750447
698.490660	0.143079	0.530299	0.135301	0.538737	0.127385	0.547417	0.119343	0.556343	0.111193	0.565520	0.102955	0.574953	0.094652	0.584646	0.086314	0.594605	0.077976	0.604834	0.069681	0.615338	0.061480	0.626122	0.053435	0.637191	0.045619	0.648549	0.038123	0.660202	0.031050	0.672154	0.024530	0.684411	0.018717	0.696976	0.013796	0.709854	0.009992	0.723052	0.007578	0.736571	0.006884	0.750418
698.921690	0.143037	0.530253	0.135259	0.538692	0.127343	0.547372	0.119302	0.556299	0.111153	0.565476	0.102916	0.574910	0.094614	0.584604	0.086277	0.594563	0.077940	0.604792	0.069646	0.615297	0.061447	0.626082	0.053404	0.637152	0.045589	0.648511	0.038094	0.660165	0.031024	0.672118	0.024505	0.684375	0.018695	0.696941	0.013777	0.709821	0.009975	0.723020	0.007565	0.736541	0.006873	0.750388
699.352660	0.142994	0.530208	0.135217	0.538647	0.127302	0.547328	0.119262	0.556255	0.111113	0.565432	0.102877	0.574867	0.094576	0.584561	0.086240	0.594521	0.077904	0.604751	0.069612	0.615257	0.061414	0.626043	0.053372	0.637113	0.045560	0.648473	0.038066	0.660128	0.030998	0.672081	0.024481	0.684340	0.018673	0.696907	0.013757	0.709788	0.009958	0.722988	0.007550	0.736510	0.006862	0.750359
699.783510	0.142951	0.530163	0.135175	0.538602	0.127261	0.547283	0.119221	0.556210	0.111074	0.565389	0.102838	0.574824	0.094538	0.584518	0.086203	0.594479	0.077868	0.604711	0.069577	0.615216	0.061381	0.626003	0.053340	0.637074	0.045530	0.648435	0.038037	0.660091	0.030971	0.672045	0.024457	0.684305	0.018651	0.696873	0.013737	0.709756	0.009941	0.722956	0.007536	0.736479	0.006851	0.750330
700.214290	0.142909	0.530117	0.135133	0.538557	0.127219	0.547239	0.119181	0.556166	0.111034	0.565346	0.102799	0.574781	0.094500	0.584476	0.086166	0.594437	0.077832	0.604670	0.069543	0.615176	0.061348	0.625963	0.053308	0.637035	0.045500	0.648397	0.038009	0.660054	0.030945	0.672009	0.024433	0.684270	0.018629	0.696839	0.013717	0.709722	0.009925	0.722924	0.007522	0.736449	0.006841	0.750300
700.644960	0.142867	0.530072	0.135091	0.538512	0.127178	0.547194	0.119140	0.556123	0.110995	0.565302	0.102760	0.574738	0.094462	0.584434	0.086129	0.594396	0.077797	0.604629	0.069508	0.615136	0.061315	0.625924	0.053277	0.636996	0.045470	0.648359	0.037981	0.660016	0.030919	0.671973	0.024409	0.684235	0.018607	0.696805	0.013698	0.709689	0.009908	0.722892	0.007508	0.736418	0.006830	0.750271
701.075500	0.142825	0.530027	0.135050	0.538467	0.127137	0.547150	0.119100	0.556079	0.110955	0.565259	0.102722	0.574696	0.094424	0.584392	0.086093	0.594355	0.077762	0.604588	0.069474	0.615096	0.061282	0.625884	0.053246	0.636957	0.045440	0.648321	0.037953	0.659980	0.030892	0.671937	0.024385	0.684200	0.018585	0.696771	0.013679	0.709656	0.009891	0.722860	0.007495	0.736388	0.006819	0.750242
701.505920	0.142782	0.529982	0.135008	0.538423	0.127096	0.547106	0.119060	0.556036	0.110916	0.565216	0.102684	0.574653	0.094387	0.584350	0.086056	0.594313	0.077726	0.604547	0.069440	0.615056	0.061250	0.625845	0.053215	0.636919	0.045411	0.648284	0.037926	0.659943	0.030867	0.671901	0.024361	0.684165	0.018564	0.696737	0.013660	0.709624	0.009875	0.722829	0.007481	0.736358	0.006808	0.750213
701.936280	0.142740	0.529938	0.134967	0.538380	0.127056	0.547062	0.119021	0.555992	0.110877	0.565173	0.102646	0.574610	0.094350	0.584308	0.086020	0.594272	0.077691	0.604506	0.069407	0.615016	0.061217	0.625806	0.053184	0.636881	0.045381	0.648247	0.037898	0.659906	0.030841	0.671866	0.024338	0.684130	0.018542	0.696704	0.013641	0.709592	0.009858	0.722798	0.007467	0.736327	0.006798	0.750184
702.366520	0.142698	0.529893	0.134926	0.538335	0.127016	0.547019	0.118981	0.555949	0.110838	0.565130	0.102607	0.574568	0.094313	0.584266	0.085984	0.594231	0.077656	0.604465	0.069373	0.614976	0.061184	0.625767	0.053153	0.636842	0.045352	0.648209	0.037870	0.659870	0.030815	0.671831	0.024313	0.684095	0.018521	0.696670	0.013622	0.709559	0.009842	0.722766	0.007453	0.736297	0.006787	0.750155
702.796630	0.142657	0.529848	0.134884	0.538291	0.126975	0.546975	0.118941	0.555905	0.110798	0.565087	0.102569	0.574526	0.094276	0.584225	0.085948	0.594189	0.077621	0.604425	0.069339	0.614937	0.061151	0.625727	0.053122	0.636804	0.045322	0.648171	0.037842	0.659833	0.030789	0.671795	0.024289	0.684060	0.018499	0.696637	0.013602	0.709526	0.009825	0.722735	0.007440	0.736267	0.006776	0.750127
703.226680	0.142615	0.529804	0.134843	0.538247	0.126935	0.546931	0.118901	0.555862	0.110760	0.565045	0.102531	0.574484	0.094238	0.584183	0.085912	0.594149	0.077587	0.604385	0.069305	0.614897	0.061119	0.625689	0.053091	0.636766	0.045292	0.648133	0.037814	0.659797	0.030763	0.671759	0.024266	0.684026	0.018478	0.696603	0.013583	0.709494	0.009808	0.722704	0.007426	0.736237	0.006765	0.750098
703.656560	0.142573	0.529759	0.134803	0.538203	0.126894	0.546888	0.118862	0.555819	0.110721	0.565003	0.102493	0.574442	0.094201	0.584142	0.085876	0.594108	0.077552	0.604345	0.069272	0.614858	0.061087	0.625650	0.053060	0.636728	0.045263	0.648096	0.037787	0.659760	0.030738	0.671723	0.024243	0.683991	0.018456	0.696570	0.013564	0.709462	0.009792	0.722673	0.007412	0.736207	0.006754	0.750070
704.086430	0.142532	0.529715	0.134762	0.538159	0.126854	0.546844	0.118822	0.555776	0.110682	0.564960	0.102455	0.574400	0.094165	0.584101	0.085840	0.594068	0.077517	0.604305	0.069238	0.614818	0.061055	0.625611	0.053029	0.636690	0.045234	0.648060	0.037760	0.659724	0.030712	0.671688	0.024219	0.683957	0.018435	0.696536	0.013545	0.709430	0.009776	0.722642	0.007398	0.736177	0.006744	0.750041
704.516110	0.142490	0.529671	0.134721	0.538115	0.126814	0.546801	0.118782	0.555733	0.110643	0.564918	0.102418	0.574358	0.094128	0.584059	0.085804	0.594027	0.077482	0.604265	0.069205	0.614778	0.061023	0.625573	0.052998	0.636653	0.045205	0.648023	0.037733	0.659688	0.030686	0.671653	0.024196	0.683923	0.018413	0.696503	0.013526	0.709397	0.009759	0.722611	0.007385	0.736147	0.006734	0.750013
704.945740	0.142449	0.529628	0.134680	0.538072	0.126774	0.546757	0.118743	0.555690	0.110605	0.564875	0.102380	0.574316	0.094091	0.584018	0.085768	0.593986	0.077447	0.604225	0.069171	0.614739	0.060991	0.625534	0.052968	0.636615	0.045177	0.647986	0.037705	0.659652	0.030661	0.671617	0.024172	0.683889	0.018392	0.696470	0.013507	0.709365	0.009743	0.722580	0.007372	0.736118	0.006723	0.749985
705.375240	0.142408	0.529583	0.134639	0.538028	0.126734	0.546714	0.118704	0.555648	0.110567	0.564833	0.102342	0.574275	0.094054	0.583977	0.085733	0.593945	0.077413	0.604185	0.069138	0.614700	0.060959	0.625495	0.052937	0.636577	0.045148	0.647949	0.037678	0.659616	0.030636	0.671582	0.024149	0.683855	0.018371	0.696437	0.013488	0.709333	0.009727	0.722549	0.007358	0.736088	0.006713	0.749956
705.804630	0.142367	0.529539	0.134599	0.537984	0.126693	0.546672	0.118665	0.555605	0.110528	0.564791	0.102304	0.574233	0.094018	0.583936	0.085697	0.593904	0.077379	0.604145	0.069104	0.614661	0.060927	0.625457	0.052907	0.636539	0.045118	0.647912	0.037650	0.659579	0.030611	0.671547	0.024125	0.683821	0.018350	0.696403	0.013470	0.709302	0.009710	0.722518	0.007344	0.736059	0.006702	0.749927
706.233950	0.142326	0.529495	0.134558	0.537940	0.126653	0.546629	0.118626	0.555563	0.110490	0.564749	0.102267	0.574191	0.093981	0.583895	0.085661	0.593864	0.077344	0.604105	0.069071	0.614622	0.060895	0.625418	0.052876	0.636501	0.045089	0.647875	0.037623	0.659543	0.030585	0.671512	0.024102	0.683786	0.018329	0.696370	0.013451	0.709269	0.009694	0.722487	0.007331	0.736029	0.006691	0.749899
706.663150	0.142285	0.529451	0.134518	0.537897	0.126614	0.546586	0.118587	0.555520	0.110452	0.564707	0.102229	0.574150	0.093945	0.583854	0.085626	0.593824	0.077310	0.604065	0.069038	0.614583	0.060863	0.625380	0.052846	0.636463	0.045060	0.647838	0.037596	0.659507	0.030560	0.671477	0.024079	0.683753	0.018307	0.696337	0.013432	0.709237	0.009678	0.722456	0.007317	0.735999	0.006681	0.749871
707.092220	0.142244	0.529408	0.134477	0.537854	0.126575	0.546543	0.118548	0.555478	0.110414	0.564665	0.102192	0.574108	0.093908	0.583813	0.085590	0.593783	0.077276	0.604025	0.069005	0.614544	0.060831	0.625342	0.052816	0.636426	0.045032	0.647801	0.037569	0.659471	0.030535	0.671443	0.024056	0.683719	0.018287	0.696305	0.013414	0.709205	0.009663	0.722425	0.007304	0.735970	0.006671	0.749843
707.521180	0.142203	0.529364	0.134437	0.537811	0.126535	0.546500	0.118509	0.555436	0.110375	0.564623	0.102155	0.574067	0.093872	0.583772	0.085556	0.593743	0.077242	0.603986	0.068972	0.614505	0.060800	0.625304	0.052785	0.636389	0.045004	0.647765	0.037543	0.659436	0.030510	0.671408	0.024033	0.683685	0.018266	0.696272	0.013396	0.709174	0.009647	0.722395	0.007291	0.735941	0.006661	0.749815
707.950070	0.142163	0.529321	0.134398	0.537768	0.126496	0.546458	0.118470	0.555394	0.110337	0.564582	0.102118	0.574026	0.093836	0.583732	0.085521	0.593704	0.077208	0.603947	0.068940	0.614466	0.060769	0.625266	0.052755	0.636352	0.044975	0.647728	0.037516	0.659401	0.030485	0.671373	0.024010	0.683651	0.018245	0.696240	0.013377	0.709143	0.009631	0.722365	0.007278	0.735911	0.006650	0.749786
708.378850	0.142122	0.529278	0.134358	0.537725	0.126456	0.546415	0.118432	0.555352	0.110300	0.564540	0.102081	0.573985	0.093800	0.583691	0.085486	0.593664	0.077174	0.603907	0.068907	0.614428	0.060737	0.625229	0.052725	0.636315	0.044947	0.647692	0.037490	0.659366	0.030460	0.671339	0.023987	0.683617	0.018224	0.696207	0.013359	0.709111	0.009615	0.722335	0.007265	0.735882	0.006640	0.749758
708.807560	0.142082	0.529235	0.134318	0.537683	0.126417	0.546373	0.118393	0.555310	0.110263	0.564499	0.102044	0.573944	0.093764	0.583651	0.085451	0.593625	0.077140	0.603869	0.068875	0.614389	0.060706	0.625191	0.052695	0.636278	0.044919	0.647656	0.037463	0.659330	0.030435	0.671304	0.023964	0.683584	0.018203	0.696175	0.013340	0.709079	0.009599	0.722305	0.007252	0.735853	0.006630	0.749730
709.236080	0.142042	0.529192	0.134278	0.537641	0.126379	0.546331	0.118355	0.555268	0.110225	0.564457	0.102008	0.573904	0.093728	0.583611	0.085416	0.593585	0.077107	0.603829	0.068842	0.614351	0.060675	0.625153	0.052666	0.636241	0.044890	0.647620	0.037436	0.659295	0.030410	0.671270	0.023942	0.683551	0.018183	0.696142	0.013322	0.709048	0.009583	0.722274	0.007239	0.735824	0.006620	0.749703
709.664550	0.142002	0.529150	0.134239	0.537598	0.126340	0.546289	0.118317	0.555226	0.110188	0.564416	0.101972	0.573863	0.093693	0.583571	0.085381	0.593545	0.077073	0.603790	0.068809	0.614313	0.060643	0.625116	0.052636	0.636204	0.044862	0.647584	0.037410	0.659259	0.030385	0.671236	0.023919	0.683518	0.018162	0.696110	0.013303	0.709017	0.009567	0.722244	0.007225	0.735796	0.006610	0.749676
710.092900	0.141961	0.529107	0.134199	0.537556	0.126301	0.546247	0.118279	0.555185	0.110150	0.564375	0.101935	0.573822	0.093657	0.583531	0.085346	0.593505	0.077040	0.603752	0.068777	0.614275	0.060612	0.625078	0.052607	0.636168	0.044834	0.647548	0.037383	0.659224	0.030361	0.671202	0.023896	0.683485	0.018142	0.696078	0.013285	0.708986	0.009552	0.722213	0.007212	0.735767	0.006600	0.749648
710.521180	0.141921	0.529064	0.134160	0.537513	0.126262	0.546205	0.118241	0.555144	0.110113	0.564334	0.101898	0.573781	0.093622	0.583491	0.085312	0.593466	0.077006	0.603713	0.068745	0.614236	0.060581	0.625040	0.052577	0.636131	0.044806	0.647512	0.037357	0.659189	0.030336	0.671167	0.023873	0.683451	0.018121	0.696045	0.013267	0.708955	0.009536	0.722183	0.007199	0.735738	0.006589	0.749620
710.949340	0.141881	0.529021	0.134121	0.537470	0.126223	0.546163	0.118202	0.555102	0.110075	0.564293	0.101861	0.573741	0.093586	0.583451	0.085277	0.593427	0.076972	0.603675	0.068713	0.614198	0.060551	0.625002	0.052548	0.636094	0.044777	0.647476	0.037330	0.659154	0.030312	0.671133	0.023851	0.683418	0.018100	0.696013	0.013249	0.708924	0.009520	0.722154	0.007187	0.735708	0.006579	0.749592
711.377380	0.141841	0.528979	0.134081	0.537428	0.126184	0.546121	0.118165	0.555060	0.110038	0.564252	0.101825	0.573700	0.093551	0.583411	0.085243	0.593387	0.076938	0.603636	0.068681	0.614160	0.060520	0.624965	0.052518	0.636057	0.044749	0.647440	0.037304	0.659119	0.030288	0.671099	0.023828	0.683385	0.018080	0.695981	0.013231	0.708892	0.009504	0.722124	0.007174	0.735680	0.006569	0.749565
711.805300	0.141801	0.528936	0.134042	0.537386	0.126145	0.546079	0.118127	0.555019	0.110001	0.564211	0.101789	0.573660	0.093515	0.583371	0.085208	0.593348	0.076905	0.603597	0.068649	0.614122	0.060489	0.624928	0.052488	0.636021	0.044722	0.647404	0.037278	0.659085	0.030263	0.671065	0.023805	0.683352	0.018060	0.695948	0.013213	0.708861	0.009489	0.722094	0.007161	0.735651	0.006560	0.749537
712.233150	0.141761	0.528894	0.134003	0.537344	0.126107	0.546037	0.118089	0.554978	0.109964	0.564171	0.101753	0.573620	0.093480	0.583332	0.085175	0.593309	0.076872	0.603558	0.068616	0.614085	0.060458	0.624891	0.052459	0.635984	0.044694	0.647369	0.037252	0.659050	0.030239	0.671032	0.023783	0.683319	0.018040	0.695917	0.013195	0.708830	0.009474	0.722064	0.007148	0.735622	0.006549	0.749510
712.660890	0.141722	0.528851	0.133964	0.537302	0.126069	0.545996	0.118052	0.554937	0.109927	0.564130	0.101718	0.573580	0.093445	0.583292	0.085141	0.593270	0.076839	0.603520	0.068584	0.614047	0.060427	0.624854	0.052430	0.635948	0.044667	0.647334	0.037226	0.659016	0.030214	0.670998	0.023760	0.683286	0.018020	0.695885	0.013177	0.708799	0.009458	0.722034	0.007135	0.735594	0.006539	0.749483
713.088500	0.141683	0.528809	0.133925	0.537260	0.126031	0.545954	0.118014	0.554897	0.109890	0.564090	0.101682	0.573540	0.093410	0.583253	0.085107	0.593231	0.076806	0.603482	0.068552	0.614009	0.060397	0.624817	0.052401	0.635913	0.044639	0.647299	0.037200	0.658981	0.030190	0.670964	0.023738	0.683253	0.018000	0.695853	0.013159	0.708769	0.009443	0.722005	0.007122	0.735565	0.006529	0.749455
713.516050	0.141644	0.528767	0.133886	0.537219	0.125993	0.545913	0.117977	0.554856	0.109854	0.564049	0.101646	0.573500	0.093375	0.583213	0.085073	0.593192	0.076774	0.603444	0.068521	0.613971	0.060367	0.624781	0.052372	0.635877	0.044612	0.647263	0.037174	0.658946	0.030166	0.670931	0.023717	0.683221	0.017980	0.695822	0.013141	0.708738	0.009427	0.721975	0.007109	0.735537	0.006519	0.749428
713.943480	0.141605	0.528726	0.133848	0.537177	0.125955	0.545872	0.117940	0.554815	0.109818	0.564009	0.101610	0.573461	0.093341	0.583174	0.085039	0.593154	0.076741	0.603406	0.068490	0.613934	0.060337	0.624744	0.052344	0.635841	0.044585	0.647228	0.037148	0.658912	0.030142	0.670897	0.023695	0.683188	0.017960	0.695790	0.013123	0.708708	0.009412	0.721946	0.007097	0.735509	0.006509	0.749402
714.370790	0.141566	0.528684	0.133810	0.537136	0.125917	0.545831	0.117903	0.554775	0.109782	0.563969	0.101574	0.573422	0.093306	0.583135	0.085006	0.593116	0.076709	0.603368	0.068459	0.613897	0.060307	0.624707	0.052315	0.635805	0.044557	0.647192	0.037123	0.658877	0.030118	0.670864	0.023673	0.683156	0.017940	0.695758	0.013106	0.708678	0.009397	0.721916	0.007084	0.735481	0.006500	0.749375
714.798030	0.141527	0.528642	0.133771	0.537095	0.125880	0.545790	0.117866	0.554734	0.109745	0.563929	0.101539	0.573382	0.093271	0.583096	0.084972	0.593077	0.076676	0.603330	0.068427	0.613860	0.060276	0.624671	0.052286	0.635769	0.044530	0.647158	0.037097	0.658843	0.030094	0.670831	0.023650	0.683123	0.017919	0.695727	0.013088	0.708647	0.009381	0.721887	0.007072	0.735452	0.006490	0.749348
715.225100	0.141487	0.528600	0.133733	0.537054	0.125842	0.545750	0.117828	0.554694	0.109709	0.563889	0.101503	0.573342	0.093237	0.583057	0.084938	0.593039	0.076643	0.603292	0.068395	0.613822	0.060246	0.624635	0.052257	0.635733	0.044503	0.647123	0.037071	0.658809	0.030070	0.670797	0.023628	0.683091	0.017900	0.695695	0.013071	0.708617	0.009366	0.721858	0.007059	0.735424	0.006481	0.749321
715.652100	0.141448	0.528559	0.133694	0.537013	0.125805	0.545709	0.117791	0.554653	0.109672	0.563849	0.101468	0.573302	0.093202	0.583018	0.084904	0.593000	0.076610	0.603255	0.068364	0.613785	0.060216	0.624598	0.052228	0.635697	0.044475	0.647087	0.037046	0.658775	0.030046	0.670764	0.023607	0.683058	0.017880	0.695664	0.013053	0.708586	0.009351	0.721829	0.007046	0.735396	0.006471	0.749293
716.079040	0.141410	0.528517	0.133656	0.536971	0.125767	0.545668	0.117754	0.554613	0.109636	0.563810	0.101432	0.573263	0.093168	0.582979	0.084871	0.592962	0.076578	0.603217	0.068333	0.613748	0.060185	0.624561	0.052200	0.635661	0.044448	0.647053	0.037020	0.658741	0.030023	0.670731	0.023585	0.683026	0.017860	0.695633	0.013036	0.708555	0.009336	0.721800	0.007034	0.735368	0.006461	0.749266
716.505800	0.141371	0.528476	0.133618	0.536930	0.125729	0.545627	0.117717	0.554572	0.109600	0.563770	0.101397	0.573223	0.093133	0.582940	0.084837	0.592924	0.076546	0.603180	0.068302	0.613711	0.060155	0.624525	0.052171	0.635626	0.044421	0.647018	0.036995	0.658707	0.029999	0.670697	0.023563	0.682994	0.017841	0.695602	0.013018	0.708525	0.009321	0.721770	0.007021	0.735340	0.006451	0.749239
716.932500	0.141333	0.528435	0.133580	0.536889	0.125692	0.545586	0.117681	0.554532	0.109565	0.563730	0.101363	0.573184	0.093099	0.582902	0.084804	0.592886	0.076514	0.603142	0.068271	0.613675	0.060126	0.624489	0.052142	0.635591	0.044394	0.646983	0.036969	0.658673	0.029976	0.670664	0.023541	0.682962	0.017821	0.695571	0.013001	0.708496	0.009306	0.721741	0.007009	0.735312	0.006442	0.749213
717.359130	0.141295	0.528393	0.133542	0.536849	0.125655	0.545546	0.117645	0.554492	0.109529	0.563691	0.101328	0.573145	0.093065	0.582864	0.084771	0.592848	0.076482	0.603104	0.068240	0.613638	0.060096	0.624453	0.052114	0.635555	0.044367	0.646949	0.036944	0.658640	0.029952	0.670631	0.023520	0.682930	0.017801	0.695540	0.012983	0.708466	0.009291	0.721712	0.006997	0.735285	0.006432	0.749187
717.785580	0.141256	0.528353	0.133505	0.536808	0.125618	0.545506	0.117608	0.554452	0.109493	0.563651	0.101293	0.573106	0.093031	0.582825	0.084738	0.592810	0.076450	0.603067	0.068209	0.613601	0.060067	0.624417	0.052086	0.635520	0.044341	0.646914	0.036919	0.658606	0.029929	0.670598	0.023498	0.682898	0.017782	0.695509	0.012966	0.708436	0.009276	0.721683	0.006984	0.735257	0.006423	0.749160
718.211980	0.141218	0.528312	0.133467	0.536767	0.125581	0.545466	0.117572	0.554412	0.109457	0.563611	0.101258	0.573068	0.092997	0.582787	0.084705	0.592772	0.076418	0.603029	0.068178	0.613565	0.060037	0.624381	0.052058	0.635485	0.044314	0.646880	0.036893	0.658572	0.029905	0.670566	0.023476	0.682866	0.017762	0.695478	0.012948	0.708406	0.009262	0.721655	0.006972	0.735229	0.006413	0.749134
718.638240	0.141180	0.528271	0.133430	0.536726	0.125543	0.545426	0.117535	0.554373	0.109421	0.563572	0.101223	0.573029	0.092963	0.582749	0.084672	0.592734	0.076386	0.602992	0.068147	0.613528	0.060008	0.624345	0.052030	0.635450	0.044287	0.646845	0.036868	0.658538	0.029882	0.670533	0.023455	0.682834	0.017743	0.695447	0.012931	0.708376	0.009247	0.721626	0.006960	0.735202	0.006404	0.749107
719.064450	0.141142	0.528230	0.133392	0.536686	0.125506	0.545386	0.117499	0.554333	0.109386	0.563533	0.101188	0.572990	0.092929	0.582710	0.084639	0.592696	0.076354	0.602955	0.068116	0.613491	0.059979	0.624310	0.052002	0.635415	0.044260	0.646811	0.036843	0.658505	0.029858	0.670500	0.023434	0.682802	0.017723	0.695416	0.012914	0.708346	0.009232	0.721597	0.006948	0.735174	0.006395	0.749080
719.490480	0.141104	0.528189	0.133355	0.536646	0.125470	0.545346	0.117463	0.554293	0.109350	0.563494	0.101153	0.572951	0.092895	0.582672	0.084606	0.592659	0.076322	0.602918	0.068086	0.613455	0.059949	0.624274	0.051974	0.635380	0.044234	0.646777	0.036819	0.658472	0.029835	0.670468	0.023412	0.682771	0.017704	0.695386	0.012897	0.708317	0.009217	0.721568	0.006936	0.735146	0.006385	0.749054
719.916440	0.141065	0.528148	0.133317	0.536606	0.125433	0.545306	0.117427	0.554254	0.109315	0.563455	0.101119	0.572913	0.092862	0.582633	0.084573	0.592621	0.076290	0.602881	0.068055	0.613419	0.059920	0.624238	0.051945	0.635345	0.044207	0.646743	0.036794	0.658439	0.029812	0.670435	0.023391	0.682739	0.017685	0.695355	0.012880	0.708287	0.009202	0.721540	0.006923	0.735118	0.006376	0.749028
720.342350	0.141028	0.528108	0.133280	0.536566	0.125397	0.545266	0.117391	0.554214	0.109280	0.563416	0.101085	0.572874	0.092828	0.582596	0.084541	0.592584	0.076259	0.602844	0.068025	0.613383	0.059890	0.624203	0.051918	0.635310	0.044181	0.646709	0.036769	0.658405	0.029788	0.670403	0.023370	0.682708	0.017666	0.695324	0.012863	0.708257	0.009187	0.721511	0.006911	0.735091	0.006366	0.749002
720.768070	0.140990	0.528068	0.133243	0.536526	0.125360	0.545227	0.117355	0.554175	0.109245	0.563377	0.101051	0.572837	0.092795	0.582558	0.084509	0.592547	0.076227	0.602808	0.067994	0.613347	0.059861	0.624167	0.051890	0.635275	0.044154	0.646675	0.036744	0.658372	0.029766	0.670371	0.023349	0.682676	0.017646	0.695294	0.012846	0.708228	0.009173	0.721482	0.006899	0.735064	0.006357	0.748975
721.193730	0.140953	0.528028	0.133206	0.536486	0.125323	0.545187	0.117320	0.554136	0.109210	0.563338	0.101016	0.572799	0.092762	0.582521	0.084476	0.592510	0.076196	0.602772	0.067964	0.613311	0.059832	0.624132	0.051862	0.635240	0.044128	0.646642	0.036719	0.658339	0.029743	0.670338	0.023327	0.682645	0.017627	0.695263	0.012829	0.708199	0.009158	0.721454	0.006888	0.735037	0.006348	0.748949
721.619260	0.140916	0.527987	0.133169	0.536446	0.125287	0.545147	0.117284	0.554097	0.109175	0.563300	0.100982	0.572760	0.092728	0.582483	0.084444	0.592473	0.076165	0.602735	0.067934	0.613275	0.059803	0.624097	0.051835	0.635206	0.044102	0.646607	0.036695	0.658306	0.029719	0.670307	0.023306	0.682614	0.017608	0.695233	0.012812	0.708169	0.009144	0.721426	0.006876	0.735009	0.006338	0.748923
722.044740	0.140878	0.527947	0.133132	0.536406	0.125251	0.545108	0.117248	0.554058	0.109140	0.563261	0.100947	0.572722	0.092694	0.582445	0.084412	0.592436	0.076134	0.602699	0.067904	0.613239	0.059774	0.624061	0.051807	0.635171	0.044075	0.646573	0.036670	0.658273	0.029697	0.670275	0.023285	0.682583	0.017589	0.695203	0.012795	0.708140	0.009129	0.721398	0.006864	0.734982	0.006329	0.748897
722.470030	0.140841	0.527907	0.133095	0.536366	0.125215	0.545069	0.117212	0.554019	0.109105	0.563223	0.100913	0.572684	0.092661	0.582407	0.084379	0.592399	0.076103	0.602662	0.067873	0.613203	0.059745	0.624026	0.051779	0.635137	0.044049	0.646540	0.036646	0.658240	0.029674	0.670242	0.023264	0.682551	0.017570	0.695173	0.012779	0.708110	0.009115	0.721370	0.006852	0.734955	0.006320	0.748871
722.895260	0.140803	0.527867	0.133058	0.536327	0.125179	0.545030	0.117177	0.553981	0.109071	0.563184	0.100879	0.572646	0.092628	0.582370	0.084347	0.592362	0.076072	0.602626	0.067843	0.613168	0.059717	0.623992	0.051752	0.635102	0.044023	0.646506	0.036621	0.658207	0.029652	0.670210	0.023243	0.682520	0.017552	0.695142	0.012762	0.708081	0.009101	0.721342	0.006840	0.734928	0.006310	0.748845
723.320430	0.140766	0.527827	0.133022	0.536287	0.125143	0.544990	0.117142	0.553942	0.109036	0.563146	0.100846	0.572608	0.092595	0.582333	0.084315	0.592325	0.076041	0.602590	0.067814	0.613132	0.059689	0.623957	0.051724	0.635068	0.043997	0.646473	0.036597	0.658174	0.029629	0.670178	0.023222	0.682489	0.017533	0.695113	0.012746	0.708052	0.009086	0.721314	0.006828	0.734901	0.006301	0.748820
723.745420	0.140729	0.527788	0.132986	0.536248	0.125107	0.544951	0.117107	0.553903	0.109001	0.563108	0.100812	0.572571	0.092562	0.582296	0.084283	0.592289	0.076010	0.602554	0.067785	0.613097	0.059660	0.623922	0.051697	0.635034	0.043971	0.646440	0.036572	0.658142	0.029606	0.670147	0.023201	0.682458	0.017514	0.695083	0.012729	0.708023	0.009072	0.721286	0.006816	0.734874	0.006292	0.748794
724.170350	0.140692	0.527748	0.132950	0.536208	0.125072	0.544912	0.117072	0.553865	0.108967	0.563070	0.100779	0.572533	0.092530	0.582259	0.084251	0.592252	0.075979	0.602519	0.067755	0.613062	0.059632	0.623887	0.051670	0.635000	0.043946	0.646407	0.036548	0.658109	0.029584	0.670115	0.023181	0.682428	0.017495	0.695053	0.012712	0.707994	0.009057	0.721258	0.006804	0.734847	0.006283	0.748769
724.595210	0.140656	0.527709	0.132914	0.536169	0.125036	0.544874	0.117037	0.553826	0.108933	0.563032	0.100745	0.572496	0.092498	0.582222	0.084220	0.592216	0.075948	0.602482	0.067725	0.613027	0.059603	0.623853	0.051643	0.634966	0.043920	0.646373	0.036524	0.658077	0.029561	0.670083	0.023160	0.682397	0.017477	0.695023	0.012696	0.707966	0.009043	0.721230	0.006792	0.734821	0.006274	0.748743
725.019900	0.140619	0.527669	0.132877	0.536130	0.125000	0.544835	0.117001	0.553788	0.108899	0.562994	0.100711	0.572458	0.092465	0.582185	0.084189	0.592179	0.075918	0.602446	0.067696	0.612991	0.059575	0.623818	0.051616	0.634932	0.043895	0.646339	0.036500	0.658044	0.029539	0.670052	0.023140	0.682367	0.017458	0.694993	0.012679	0.707937	0.009029	0.721203	0.006780	0.734795	0.006265	0.748718
725.444520	0.140582	0.527630	0.132841	0.536091	0.124965	0.544797	0.116966	0.553750	0.108865	0.562956	0.100678	0.572421	0.092433	0.582148	0.084157	0.592143	0.075887	0.602411	0.067666	0.612956	0.059546	0.623784	0.051588	0.634898	0.043869	0.646306	0.036476	0.658012	0.029516	0.670020	0.023119	0.682336	0.017439	0.694963	0.012663	0.707908	0.009015	0.721175	0.006769	0.734768	0.006256	0.748692
725.869020	0.140545	0.527590	0.132804	0.536052	0.124929	0.544758	0.116932	0.553712	0.108831	0.562919	0.100645	0.572384	0.092400	0.582111	0.084125	0.592106	0.075856	0.602375	0.067636	0.612920	0.059518	0.623749	0.051561	0.634864	0.043844	0.646273	0.036451	0.657980	0.029494	0.669989	0.023098	0.682305	0.017421	0.694933	0.012646	0.707879	0.009000	0.721147	0.006758	0.734741	0.006247	0.748666
726.293460	0.140509	0.527551	0.132768	0.536013	0.124893	0.544719	0.116897	0.553674	0.108796	0.562881	0.100612	0.572346	0.092367	0.582074	0.084093	0.592070	0.075826	0.602339	0.067607	0.612885	0.059489	0.623714	0.051534	0.634831	0.043818	0.646240	0.036427	0.657948	0.029472	0.669957	0.023078	0.682274	0.017402	0.694903	0.012630	0.707850	0.008986	0.721119	0.006746	0.734714	0.006238	0.748640
726.717710	0.140472	0.527511	0.132732	0.535974	0.124858	0.544681	0.116862	0.553635	0.108763	0.562843	0.100578	0.572309	0.092335	0.582037	0.084062	0.592034	0.075795	0.602303	0.067577	0.612850	0.059461	0.623680	0.051508	0.634797	0.043792	0.646207	0.036404	0.657915	0.029450	0.669926	0.023058	0.682243	0.017383	0.694874	0.012613	0.707822	0.008972	0.721091	0.006734	0.734688	0.006229	0.748615
727.141910	0.140436	0.527472	0.132696	0.535935	0.124822	0.544642	0.116827	0.553597	0.108729	0.562805	0.100545	0.572272	0.092302	0.582001	0.084030	0.591998	0.075765	0.602267	0.067548	0.612815	0.059433	0.623646	0.051481	0.634764	0.043767	0.646174	0.036380	0.657883	0.029427	0.669894	0.023037	0.682213	0.017365	0.694844	0.012597	0.707794	0.008958	0.721064	0.006722	0.734661	0.006220	0.748590
727.566040	0.140400	0.527433	0.132660	0.535896	0.124788	0.544604	0.116793	0.553560	0.108695	0.562768	0.100512	0.572235	0.092271	0.581964	0.083999	0.591962	0.075734	0.602232	0.067519	0.612781	0.059404	0.623611	0.051454	0.634730	0.043741	0.646141	0.036356	0.657851	0.029405	0.669863	0.023017	0.682183	0.017347	0.694815	0.012580	0.707765	0.008944	0.721036	0.006711	0.734635	0.006211	0.748565
727.989990	0.140364	0.527395	0.132625	0.535858	0.124753	0.544566	0.116759	0.553522	0.108661	0.562731	0.100479	0.572198	0.092239	0.581928	0.083968	0.591926	0.075704	0.602197	0.067490	0.612746	0.059377	0.623577	0.051428	0.634697	0.043717	0.646109	0.036333	0.657819	0.029383	0.669832	0.022996	0.682153	0.017328	0.694786	0.012564	0.707737	0.008930	0.721009	0.006699	0.734609	0.006202	0.748540
728.413880	0.140328	0.527356	0.132589	0.535820	0.124718	0.544528	0.116724	0.553484	0.108627	0.562694	0.100446	0.572161	0.092207	0.581891	0.083937	0.591890	0.075673	0.602162	0.067461	0.612711	0.059349	0.623543	0.051401	0.634663	0.043692	0.646076	0.036309	0.657787	0.029361	0.669801	0.022977	0.682123	0.017310	0.694756	0.012548	0.707708	0.008916	0.720981	0.006688	0.734582	0.006193	0.748515
728.837650	0.140292	0.527317	0.132554	0.535782	0.124682	0.544490	0.116690	0.553446	0.108594	0.562656	0.100413	0.572124	0.092174	0.581855	0.083906	0.591855	0.075643	0.602127	0.067432	0.612676	0.059322	0.623509	0.051374	0.634630	0.043667	0.646043	0.036285	0.657755	0.029339	0.669770	0.022957	0.682093	0.017292	0.694727	0.012532	0.707680	0.008902	0.720954	0.006676	0.734556	0.006184	0.748490
729.261350	0.140256	0.527278	0.132518	0.535743	0.124647	0.544452	0.116656	0.553409	0.108560	0.562619	0.100381	0.572087	0.092142	0.581819	0.083875	0.591819	0.075614	0.602091	0.067403	0.612642	0.059294	0.623475	0.051348	0.634597	0.043642	0.646011	0.036262	0.657724	0.029317	0.669739	0.022937	0.682062	0.017274	0.694698	0.012516	0.707651	0.008889	0.720927	0.006665	0.734530	0.006176	0.748465
729.684880	0.140220	0.527239	0.132483	0.535705	0.124613	0.544414	0.116622	0.553372	0.108527	0.562582	0.100348	0.572051	0.092111	0.581783	0.083844	0.591784	0.075584	0.602056	0.067374	0.612607	0.059266	0.623442	0.051322	0.634564	0.043617	0.645979	0.036238	0.657692	0.029295	0.669708	0.022916	0.682032	0.017256	0.694669	0.012500	0.707623	0.008875	0.720900	0.006653	0.734503	0.006167	0.748440
730.108340	0.140184	0.527201	0.132448	0.535667	0.124578	0.544376	0.116588	0.553334	0.108494	0.562546	0.100316	0.572015	0.092079	0.581747	0.083813	0.591748	0.075554	0.602021	0.067346	0.612573	0.059239	0.623408	0.051295	0.634531	0.043592	0.645947	0.036215	0.657661	0.029273	0.669677	0.022896	0.682002	0.017237	0.694640	0.012484	0.707595	0.008862	0.720873	0.006642	0.734477	0.006159	0.748415
730.531740	0.140148	0.527163	0.132413	0.535629	0.124544	0.544339	0.116555	0.553297	0.108461	0.562508	0.100283	0.571978	0.092047	0.581711	0.083783	0.591712	0.075525	0.601986	0.067317	0.612539	0.059211	0.623374	0.051269	0.634497	0.043567	0.645915	0.036192	0.657629	0.029252	0.669647	0.022876	0.681972	0.017219	0.694611	0.012468	0.707567	0.008848	0.720846	0.006631	0.734451	0.006150	0.748390
730.954960	0.140113	0.527125	0.132378	0.535591	0.124510	0.544301	0.116521	0.553259	0.108428	0.562471	0.100250	0.571942	0.092015	0.581675	0.083752	0.591677	0.075495	0.601952	0.067288	0.612505	0.059184	0.623341	0.051243	0.634464	0.043542	0.645882	0.036168	0.657597	0.029230	0.669616	0.022856	0.681942	0.017201	0.694582	0.012452	0.707539	0.008834	0.720819	0.006620	0.734426	0.006141	0.748365
731.378110	0.140077	0.527087	0.132342	0.535553	0.124475	0.544263	0.116487	0.553221	0.108394	0.562434	0.100218	0.571905	0.091984	0.581639	0.083721	0.591642	0.075466	0.601917	0.067260	0.612470	0.059156	0.623307	0.051217	0.634432	0.043517	0.645850	0.036145	0.657566	0.029209	0.669585	0.022836	0.681912	0.017183	0.694553	0.012436	0.707511	0.008821	0.720792	0.006609	0.734400	0.006132	0.748340
731.801210	0.140042	0.527048	0.132307	0.535515	0.124440	0.544226	0.116453	0.553184	0.108361	0.562397	0.100186	0.571869	0.091953	0.581604	0.083690	0.591606	0.075436	0.601882	0.067231	0.612436	0.059129	0.623274	0.051191	0.634399	0.043492	0.645818	0.036122	0.657535	0.029187	0.669554	0.022816	0.681883	0.017165	0.694525	0.012420	0.707483	0.008807	0.720765	0.006597	0.734374	0.006124	0.748315
732.224120	0.140006	0.527010	0.132273	0.535477	0.124406	0.544188	0.116419	0.553148	0.108328	0.562361	0.100154	0.571833	0.091921	0.581568	0.083660	0.591571	0.075406	0.601848	0.067203	0.612402	0.059102	0.623240	0.051165	0.634367	0.043467	0.645786	0.036099	0.657503	0.029166	0.669524	0.022797	0.681853	0.017148	0.694496	0.012405	0.707455	0.008793	0.720738	0.006586	0.734348	0.006116	0.748290
732.646970	0.139971	0.526972	0.132239	0.535439	0.124372	0.544151	0.116386	0.553111	0.108295	0.562325	0.100122	0.571797	0.091890	0.581533	0.083630	0.591536	0.075377	0.601813	0.067175	0.612368	0.059075	0.623207	0.051139	0.634334	0.043442	0.645754	0.036075	0.657472	0.029144	0.669494	0.022777	0.681824	0.017130	0.694467	0.012389	0.707428	0.008779	0.720711	0.006575	0.734322	0.006107	0.748266
733.069700	0.139936	0.526935	0.132204	0.535402	0.124338	0.544114	0.116353	0.553075	0.108263	0.562289	0.100090	0.571761	0.091859	0.581497	0.083600	0.591501	0.075347	0.601778	0.067146	0.612334	0.059048	0.623174	0.051113	0.634302	0.043418	0.645722	0.036052	0.657441	0.029123	0.669464	0.022758	0.681794	0.017112	0.694438	0.012373	0.707400	0.008766	0.720685	0.006564	0.734297	0.006099	0.748242
733.492310	0.139901	0.526897	0.132170	0.535365	0.124305	0.544077	0.116319	0.553038	0.108230	0.562253	0.100058	0.571725	0.091828	0.581462	0.083570	0.591467	0.075318	0.601745	0.067118	0.612301	0.059021	0.623141	0.051087	0.634269	0.043394	0.645690	0.036029	0.657410	0.029101	0.669434	0.022738	0.681765	0.017094	0.694410	0.012358	0.707373	0.008753	0.720658	0.006553	0.734271	0.006090	0.748218
733.914860	0.139866	0.526860	0.132135	0.535327	0.124271	0.544040	0.116286	0.553001	0.108198	0.562216	0.100026	0.571689	0.091797	0.581426	0.083539	0.591432	0.075289	0.601711	0.067090	0.612268	0.058993	0.623108	0.051062	0.634237	0.043370	0.645658	0.036007	0.657379	0.029080	0.669403	0.022718	0.681736	0.017077	0.694382	0.012342	0.707346	0.008740	0.720631	0.006542	0.734246	0.006082	0.748193
734.337280	0.139831	0.526822	0.132101	0.535290	0.124237	0.544003	0.116252	0.552964	0.108165	0.562180	0.099995	0.571654	0.091766	0.581391	0.083509	0.591397	0.075260	0.601676	0.067062	0.612234	0.058966	0.623075	0.051037	0.634204	0.043345	0.645627	0.035984	0.657348	0.029059	0.669373	0.022698	0.681706	0.017059	0.694353	0.012326	0.707318	0.008726	0.720605	0.006531	0.734221	0.006073	0.748168
734.759580	0.139796	0.526784	0.132066	0.535253	0.124202	0.543966	0.116219	0.552928	0.108132	0.562143	0.099963	0.571618	0.091735	0.581356	0.083479	0.591362	0.075231	0.601642	0.067034	0.612200	0.058939	0.623042	0.051011	0.634171	0.043321	0.645595	0.035961	0.657317	0.029037	0.669343	0.022679	0.681677	0.017042	0.694324	0.012311	0.707290	0.008713	0.720579	0.006520	0.734195	0.006065	0.748144
735.181820	0.139761	0.526746	0.132032	0.535216	0.124168	0.543929	0.116186	0.552891	0.108100	0.562108	0.099932	0.571583	0.091704	0.581321	0.083449	0.591327	0.075202	0.601607	0.067006	0.612167	0.058912	0.623009	0.050985	0.634139	0.043297	0.645563	0.035938	0.657287	0.029016	0.669313	0.022660	0.681648	0.017024	0.694296	0.012295	0.707262	0.008699	0.720553	0.006509	0.734170	0.006056	0.748120
735.603940	0.139727	0.526709	0.131998	0.535179	0.124135	0.543893	0.116153	0.552856	0.108068	0.562072	0.099900	0.571547	0.091673	0.581287	0.083420	0.591293	0.075173	0.601574	0.066978	0.612133	0.058886	0.622977	0.050960	0.634108	0.043273	0.645532	0.035916	0.657257	0.028995	0.669283	0.022641	0.681619	0.017007	0.694268	0.012280	0.707235	0.008686	0.720527	0.006498	0.734145	0.006048	0.748096
736.025940	0.139693	0.526672	0.131964	0.535143	0.124102	0.543857	0.116121	0.552820	0.108036	0.562037	0.099869	0.571512	0.091643	0.581252	0.083390	0.591259	0.075144	0.601541	0.066950	0.612100	0.058859	0.622944	0.050934	0.634076	0.043249	0.645501	0.035894	0.657226	0.028975	0.669253	0.022622	0.681590	0.016989	0.694240	0.012265	0.707208	0.008673	0.720500	0.006487	0.734119	0.006039	0.748072
736.447810	0.139658	0.526635	0.131930	0.535106	0.124069	0.543820	0.116088	0.552784	0.108004	0.562001	0.099837	0.571477	0.091613	0.581217	0.083360	0.591225	0.075116	0.601507	0.066922	0.612067	0.058833	0.622911	0.050909	0.634044	0.043224	0.645470	0.035871	0.657195	0.028954	0.669224	0.022602	0.681561	0.016972	0.694212	0.012249	0.707181	0.008660	0.720474	0.006476	0.734094	0.006031	0.748048
736.869630	0.139624	0.526597	0.131896	0.535068	0.124035	0.543783	0.116055	0.552747	0.107972	0.561965	0.099806	0.571442	0.091582	0.581182	0.083330	0.591191	0.075087	0.601473	0.066895	0.612034	0.058806	0.622878	0.050884	0.634012	0.043200	0.645439	0.035848	0.657165	0.028933	0.669194	0.022583	0.681532	0.016954	0.694184	0.012234	0.707154	0.008646	0.720447	0.006465	0.734069	0.006023	0.748023
737.291320	0.139589	0.526561	0.131863	0.535031	0.124002	0.543747	0.116022	0.552711	0.107940	0.561929	0.099774	0.571407	0.091552	0.581147	0.083300	0.591156	0.075058	0.601439	0.066867	0.612001	0.058780	0.622846	0.050858	0.633980	0.043177	0.645408	0.035825	0.657134	0.028912	0.669165	0.022564	0.681503	0.016937	0.694156	0.012218	0.707127	0.008633	0.720421	0.006455	0.734044	0.006014	0.747999
737.712950	0.139555	0.526524	0.131829	0.534995	0.123969	0.543711	0.115990	0.552675	0.107908	0.561894	0.099743	0.571372	0.091522	0.581112	0.083271	0.591122	0.075029	0.601406	0.066840	0.611968	0.058754	0.622814	0.050833	0.633948	0.043153	0.645377	0.035803	0.657103	0.028891	0.669135	0.022545	0.681474	0.016920	0.694128	0.012203	0.707100	0.008620	0.720396	0.006444	0.734019	0.006006	0.747975
738.134400	0.139521	0.526487	0.131795	0.534958	0.123935	0.543675	0.115958	0.552640	0.107876	0.561859	0.099712	0.571337	0.091491	0.581078	0.083242	0.591088	0.075001	0.601372	0.066812	0.611934	0.058728	0.622782	0.050808	0.633917	0.043129	0.645346	0.035781	0.657073	0.028870	0.669106	0.022526	0.681446	0.016903	0.694100	0.012188	0.707073	0.008607	0.720370	0.006434	0.733994	0.005997	0.747951
738.555790	0.139487	0.526451	0.131761	0.534922	0.123903	0.543639	0.115925	0.552604	0.107844	0.561823	0.099682	0.571302	0.091461	0.581043	0.083213	0.591055	0.074973	0.601339	0.066785	0.611901	0.058701	0.622749	0.050783	0.633885	0.043106	0.645315	0.035758	0.657044	0.028850	0.669076	0.022507	0.681417	0.016886	0.694072	0.012173	0.707046	0.008594	0.720344	0.006423	0.733969	0.005989	0.747928
738.977050	0.139453	0.526414	0.131728	0.534886	0.123870	0.543603	0.115893	0.552568	0.107813	0.561788	0.099651	0.571267	0.091431	0.581009	0.083184	0.591021	0.074945	0.601306	0.066757	0.611869	0.058674	0.622717	0.050758	0.633854	0.043082	0.645284	0.035736	0.657014	0.028829	0.669047	0.022488	0.681389	0.016869	0.694045	0.012158	0.707019	0.008582	0.720317	0.006412	0.733944	0.005981	0.747904
739.398250	0.139419	0.526377	0.131694	0.534850	0.123837	0.543567	0.115860	0.552532	0.107781	0.561752	0.099619	0.571232	0.091401	0.580975	0.083154	0.590987	0.074916	0.601272	0.066730	0.611836	0.058648	0.622685	0.050733	0.633822	0.043059	0.645253	0.035714	0.656983	0.028808	0.669017	0.022469	0.681360	0.016852	0.694017	0.012143	0.706992	0.008569	0.720292	0.006401	0.733919	0.005973	0.747880
739.819340	0.139385	0.526341	0.131661	0.534814	0.123804	0.543531	0.115828	0.552497	0.107750	0.561717	0.099588	0.571197	0.091371	0.580941	0.083125	0.590953	0.074888	0.601238	0.066704	0.611804	0.058622	0.622653	0.050708	0.633790	0.043035	0.645222	0.035692	0.656953	0.028788	0.668988	0.022450	0.681331	0.016834	0.693989	0.012127	0.706965	0.008556	0.720266	0.006390	0.733895	0.005965	0.747856
740.240300	0.139351	0.526304	0.131628	0.534777	0.123771	0.543494	0.115796	0.552462	0.107718	0.561682	0.099558	0.571162	0.091341	0.580907	0.083096	0.590919	0.074860	0.601205	0.066676	0.611772	0.058596	0.622621	0.050683	0.633759	0.043011	0.645191	0.035670	0.656923	0.028767	0.668958	0.022431	0.681303	0.016817	0.693961	0.012113	0.706939	0.008542	0.720240	0.006380	0.733870	0.005957	0.747832
740.661130	0.139317	0.526267	0.131595	0.534741	0.123739	0.543459	0.115764	0.552427	0.107686	0.561648	0.099527	0.571128	0.091311	0.580872	0.083067	0.590886	0.074832	0.601172	0.066649	0.611739	0.058571	0.622589	0.050659	0.633728	0.042988	0.645161	0.035648	0.656893	0.028747	0.668929	0.022412	0.681275	0.016800	0.693934	0.012098	0.706912	0.008529	0.720215	0.006369	0.733846	0.005950	0.747809
741.081910	0.139283	0.526231	0.131562	0.534705	0.123707	0.543423	0.115732	0.552391	0.107655	0.561613	0.099497	0.571093	0.091281	0.580838	0.083038	0.590853	0.074804	0.601140	0.066622	0.611707	0.058545	0.622557	0.050634	0.633697	0.042964	0.645130	0.035626	0.656863	0.028726	0.668900	0.022393	0.681247	0.016784	0.693907	0.012083	0.706886	0.008517	0.720189	0.006359	0.733821	0.005941	0.747785
741.502560	0.139250	0.526195	0.131528	0.534669	0.123674	0.543388	0.115700	0.552356	0.107624	0.561578	0.099466	0.571059	0.091251	0.580804	0.083010	0.590819	0.074776	0.601106	0.066595	0.611674	0.058519	0.622525	0.050609	0.633665	0.042941	0.645100	0.035604	0.656833	0.028706	0.668871	0.022375	0.681218	0.016767	0.693879	0.012068	0.706859	0.008504	0.720163	0.006348	0.733796	0.005933	0.747762
741.923100	0.139216	0.526159	0.131495	0.534633	0.123641	0.543353	0.115668	0.552320	0.107593	0.561543	0.099436	0.571024	0.091221	0.580770	0.082980	0.590785	0.074748	0.601073	0.066568	0.611641	0.058493	0.622493	0.050585	0.633634	0.042918	0.645070	0.035582	0.656803	0.028686	0.668842	0.022356	0.681190	0.016750	0.693852	0.012053	0.706833	0.008491	0.720138	0.006338	0.733772	0.005924	0.747738
742.343570	0.139183	0.526122	0.131462	0.534597	0.123608	0.543317	0.115636	0.552285	0.107562	0.561508	0.099405	0.570990	0.091191	0.580736	0.082951	0.590751	0.074720	0.601040	0.066541	0.611609	0.058467	0.622461	0.050560	0.633603	0.042895	0.645039	0.035560	0.656774	0.028666	0.668813	0.022338	0.681162	0.016733	0.693825	0.012038	0.706806	0.008479	0.720112	0.006327	0.733747	0.005917	0.747715
742.763850	0.139150	0.526086	0.131429	0.534561	0.123576	0.543281	0.115605	0.552251	0.107530	0.561474	0.099375	0.570956	0.091162	0.580703	0.082922	0.590718	0.074693	0.601007	0.066515	0.611577	0.058441	0.622430	0.050536	0.633572	0.042871	0.645008	0.035539	0.656744	0.028645	0.668784	0.022319	0.681134	0.016716	0.693797	0.012023	0.706780	0.008466	0.720087	0.006317	0.733723	0.005909	0.747691
743.184140	0.139116	0.526050	0.131397	0.534526	0.123544	0.543246	0.115573	0.552216	0.107500	0.561439	0.099345	0.570922	0.091132	0.580669	0.082894	0.590685	0.074665	0.600975	0.066488	0.611545	0.058416	0.622398	0.050511	0.633541	0.042848	0.644978	0.035517	0.656715	0.028625	0.668755	0.022301	0.681106	0.016700	0.693770	0.012009	0.706754	0.008453	0.720062	0.006307	0.733698	0.005902	0.747668
743.604250	0.139083	0.526015	0.131364	0.534490	0.123512	0.543211	0.115542	0.552181	0.107469	0.561404	0.099315	0.570888	0.091103	0.580636	0.082865	0.590652	0.074637	0.600942	0.066461	0.611513	0.058391	0.622367	0.050487	0.633510	0.042825	0.644948	0.035496	0.656686	0.028605	0.668727	0.022282	0.681078	0.016683	0.693743	0.011994	0.706727	0.008441	0.720037	0.006297	0.733674	0.005894	0.747645
744.024290	0.139050	0.525979	0.131331	0.534455	0.123480	0.543176	0.115510	0.552146	0.107438	0.561370	0.099284	0.570854	0.091074	0.580602	0.082837	0.590619	0.074609	0.600910	0.066434	0.611481	0.058366	0.622335	0.050463	0.633479	0.042803	0.644918	0.035474	0.656656	0.028585	0.668698	0.022264	0.681050	0.016666	0.693716	0.011979	0.706701	0.008428	0.720012	0.006286	0.733650	0.005886	0.747622
744.444210	0.139017	0.525943	0.131299	0.534419	0.123448	0.543141	0.115479	0.552111	0.107407	0.561336	0.099254	0.570820	0.091045	0.580568	0.082809	0.590586	0.074582	0.600878	0.066408	0.611449	0.058340	0.622304	0.050438	0.633448	0.042780	0.644888	0.035452	0.656626	0.028565	0.668669	0.022245	0.681022	0.016650	0.693689	0.011964	0.706676	0.008416	0.719986	0.006276	0.733625	0.005878	0.747599
744.864010	0.138984	0.525908	0.131266	0.534383	0.123416	0.543105	0.115447	0.552076	0.107376	0.561301	0.099224	0.570786	0.091016	0.580535	0.082780	0.590553	0.074554	0.600845	0.066382	0.611416	0.058314	0.622272	0.050414	0.633418	0.042756	0.644858	0.035431	0.656597	0.028544	0.668640	0.022227	0.680994	0.016633	0.693662	0.011950	0.706649	0.008403	0.719961	0.006265	0.733601	0.005870	0.747576
745.283750	0.138951	0.525872	0.131234	0.534348	0.123384	0.543070	0.115416	0.552042	0.107345	0.561267	0.099194	0.570752	0.090986	0.580502	0.082752	0.590520	0.074526	0.600813	0.066355	0.611385	0.058289	0.622241	0.050390	0.633387	0.042734	0.644828	0.035410	0.656567	0.028525	0.668612	0.022209	0.680966	0.016617	0.693635	0.011935	0.706623	0.008390	0.719936	0.006255	0.733577	0.005862	0.747552
745.703370	0.138918	0.525836	0.131202	0.534313	0.123352	0.543035	0.115385	0.552007	0.107315	0.561233	0.099164	0.570719	0.090957	0.580468	0.082724	0.590487	0.074499	0.600781	0.066329	0.611353	0.058264	0.622210	0.050366	0.633357	0.042711	0.644798	0.035388	0.656538	0.028505	0.668584	0.022191	0.680938	0.016601	0.693608	0.011921	0.706597	0.008378	0.719911	0.006245	0.733553	0.005854	0.747529
746.122860	0.138886	0.525801	0.131170	0.534279	0.123321	0.543001	0.115354	0.551973	0.107285	0.561199	0.099134	0.570685	0.090929	0.580435	0.082696	0.590455	0.074472	0.600749	0.066302	0.611322	0.058239	0.622179	0.050342	0.633326	0.042688	0.644768	0.035367	0.656510	0.028485	0.668556	0.022173	0.680911	0.016584	0.693581	0.011907	0.706571	0.008365	0.719886	0.006235	0.733529	0.005846	0.747506
746.542240	0.138853	0.525766	0.131137	0.534244	0.123289	0.542967	0.115323	0.551939	0.107255	0.561166	0.099105	0.570652	0.090900	0.580402	0.082668	0.590422	0.074445	0.600717	0.066276	0.611290	0.058213	0.622148	0.050318	0.633296	0.042666	0.644738	0.035345	0.656481	0.028466	0.668528	0.022155	0.680884	0.016568	0.693555	0.011892	0.706546	0.008353	0.719861	0.006225	0.733505	0.005838	0.747484
746.961550	0.138821	0.525731	0.131105	0.534209	0.123258	0.542932	0.115292	0.551905	0.107225	0.561132	0.099076	0.570618	0.090871	0.580369	0.082640	0.590390	0.074418	0.600685	0.066250	0.611259	0.058188	0.622118	0.050294	0.633266	0.042643	0.644709	0.035324	0.656452	0.028446	0.668500	0.022137	0.680856	0.016551	0.693528	0.011877	0.706520	0.008341	0.719836	0.006215	0.733481	0.005831	0.747461
747.380740	0.138788	0.525696	0.131073	0.534174	0.123226	0.542897	0.115261	0.551871	0.107194	0.561098	0.099046	0.570585	0.090842	0.580336	0.082611	0.590357	0.074391	0.600653	0.066224	0.611227	0.058164	0.622087	0.050270	0.633236	0.042620	0.644679	0.035303	0.656423	0.028426	0.668471	0.022119	0.680829	0.016535	0.693502	0.011863	0.706494	0.008329	0.719812	0.006205	0.733457	0.005823	0.747438
747.799870	0.138756	0.525660	0.131041	0.534139	0.123195	0.542863	0.115230	0.551836	0.107164	0.561064	0.099016	0.570552	0.090813	0.580304	0.082583	0.590325	0.074364	0.600620	0.066198	0.611196	0.058139	0.622056	0.050246	0.633205	0.042598	0.644650	0.035282	0.656394	0.028406	0.668443	0.022101	0.680802	0.016519	0.693475	0.011849	0.706468	0.008317	0.719787	0.006195	0.733433	0.005816	0.747415
748.218810	0.138723	0.525625	0.131009	0.534104	0.123164	0.542828	0.115199	0.551802	0.107133	0.561030	0.098987	0.570519	0.090784	0.580271	0.082555	0.590292	0.074337	0.600588	0.066172	0.611165	0.058114	0.622025	0.050223	0.633175	0.042575	0.644620	0.035261	0.656365	0.028387	0.668414	0.022083	0.680775	0.016502	0.693448	0.011835	0.706443	0.008305	0.719762	0.006185	0.733410	0.005808	0.747392
748.637700	0.138691	0.525590	0.130977	0.534070	0.123132	0.542794	0.115168	0.551768	0.107104	0.560997	0.098957	0.570485	0.090756	0.580238	0.082528	0.590260	0.074310	0.600556	0.066146	0.611133	0.058089	0.621994	0.050199	0.633145	0.042553	0.644591	0.035240	0.656336	0.028367	0.668386	0.022065	0.680747	0.016486	0.693422	0.011820	0.706417	0.008293	0.719737	0.006175	0.733386	0.005800	0.747370
749.056520	0.138659	0.525555	0.130946	0.534035	0.123101	0.542759	0.115138	0.551734	0.107074	0.560963	0.098928	0.570452	0.090727	0.580205	0.082500	0.590228	0.074283	0.600525	0.066121	0.611102	0.058064	0.621964	0.050176	0.633115	0.042531	0.644561	0.035219	0.656307	0.028347	0.668358	0.022047	0.680719	0.016470	0.693395	0.011806	0.706392	0.008280	0.719713	0.006165	0.733363	0.005792	0.747347
749.475160	0.138626	0.525521	0.130914	0.534001	0.123070	0.542725	0.115108	0.551701	0.107044	0.560930	0.098899	0.570419	0.090699	0.580172	0.082473	0.590196	0.074257	0.600493	0.066095	0.611071	0.058039	0.621933	0.050152	0.633085	0.042509	0.644532	0.035198	0.656279	0.028328	0.668331	0.022028	0.680692	0.016454	0.693369	0.011792	0.706366	0.008268	0.719688	0.006154	0.733339	0.005784	0.747324
749.893740	0.138594	0.525486	0.130883	0.533967	0.123039	0.542692	0.115078	0.551667	0.107015	0.560896	0.098870	0.570386	0.090670	0.580140	0.082445	0.590164	0.074231	0.600462	0.066069	0.611040	0.058015	0.621903	0.050129	0.633056	0.042487	0.644503	0.035177	0.656251	0.028309	0.668303	0.022011	0.680666	0.016438	0.693344	0.011778	0.706341	0.008256	0.719663	0.006144	0.733316	0.005777	0.747302
750.312190	0.138562	0.525451	0.130852	0.533932	0.123008	0.542658	0.115047	0.551634	0.106985	0.560863	0.098841	0.570354	0.090642	0.580108	0.082418	0.590132	0.074204	0.600431	0.066044	0.611009	0.057991	0.621872	0.050105	0.633026	0.042464	0.644475	0.035157	0.656223	0.028290	0.668275	0.021993	0.680639	0.016422	0.693318	0.011764	0.706316	0.008244	0.719639	0.006135	0.733293	0.005769	0.747279
750.730590	0.138530	0.525417	0.130820	0.533898	0.122978	0.542624	0.115017	0.551601	0.106955	0.560830	0.098813	0.570321	0.090614	0.580076	0.082390	0.590100	0.074177	0.600399	0.066018	0.610979	0.057966	0.621842	0.050082	0.632996	0.042442	0.644446	0.035136	0.656194	0.028270	0.668248	0.021975	0.680612	0.016406	0.693292	0.011750	0.706291	0.008232	0.719615	0.006125	0.733269	0.005762	0.747257
751.148800	0.138499	0.525383	0.130789	0.533864	0.122947	0.542590	0.114986	0.551567	0.106925	0.560797	0.098784	0.570288	0.090586	0.580044	0.082363	0.590069	0.074151	0.600368	0.065993	0.610948	0.057941	0.621812	0.050059	0.632967	0.042420	0.644417	0.035116	0.656166	0.028251	0.668220	0.021958	0.680585	0.016390	0.693266	0.011736	0.706266	0.008220	0.719590	0.006115	0.733246	0.005754	0.747235
751.566960	0.138467	0.525349	0.130757	0.533830	0.122916	0.542557	0.114956	0.551534	0.106896	0.560764	0.098755	0.570256	0.090558	0.580011	0.082336	0.590037	0.074124	0.600337	0.065967	0.610917	0.057917	0.621782	0.050036	0.632937	0.042399	0.644387	0.035095	0.656137	0.028232	0.668192	0.021940	0.680559	0.016374	0.693240	0.011722	0.706240	0.008207	0.719566	0.006105	0.733222	0.005747	0.747213
751.985050	0.138435	0.525314	0.130726	0.533796	0.122885	0.542523	0.114926	0.551500	0.106866	0.560731	0.098726	0.570223	0.090530	0.579979	0.082309	0.590005	0.074098	0.600306	0.065942	0.610886	0.057893	0.621752	0.050013	0.632908	0.042377	0.644358	0.035074	0.656109	0.028213	0.668165	0.021923	0.680532	0.016359	0.693214	0.011708	0.706215	0.008195	0.719542	0.006095	0.733199	0.005740	0.747191
752.402950	0.138404	0.525280	0.130695	0.533762	0.122854	0.542489	0.114896	0.551467	0.106837	0.560699	0.098697	0.570191	0.090502	0.579947	0.082282	0.589973	0.074072	0.600275	0.065917	0.610855	0.057869	0.621722	0.049989	0.632878	0.042355	0.644329	0.035053	0.656081	0.028194	0.668138	0.021905	0.680505	0.016343	0.693188	0.011694	0.706190	0.008184	0.719518	0.006086	0.733176	0.005733	0.747168
752.820800	0.138373	0.525246	0.130664	0.533729	0.122824	0.542456	0.114866	0.551433	0.106808	0.560666	0.098668	0.570158	0.090474	0.579915	0.082255	0.589942	0.074045	0.600243	0.065892	0.610825	0.057844	0.621692	0.049966	0.632849	0.042332	0.644300	0.035033	0.656053	0.028175	0.668111	0.021887	0.680478	0.016327	0.693162	0.011680	0.706165	0.008172	0.719493	0.006076	0.733153	0.005725	0.747146
753.238530	0.138341	0.525211	0.130633	0.533695	0.122794	0.542422	0.114836	0.551400	0.106778	0.560633	0.098640	0.570125	0.090446	0.579883	0.082227	0.589910	0.074019	0.600212	0.065866	0.610795	0.057820	0.621662	0.049943	0.632819	0.042311	0.644272	0.035012	0.656025	0.028156	0.668083	0.021870	0.680452	0.016311	0.693136	0.011666	0.706140	0.008160	0.719469	0.006067	0.733130	0.005718	0.747123
753.656190	0.138309	0.525177	0.130602	0.533661	0.122763	0.542388	0.114806	0.551367	0.106749	0.560600	0.098611	0.570093	0.090418	0.579851	0.082200	0.589879	0.073993	0.600181	0.065841	0.610764	0.057796	0.621632	0.049920	0.632790	0.042289	0.644243	0.034992	0.655997	0.028137	0.668056	0.021853	0.680425	0.016296	0.693110	0.011652	0.706115	0.008148	0.719446	0.006057	0.733106	0.005710	0.747101
754.073730	0.138277	0.525143	0.130571	0.533627	0.122733	0.542355	0.114777	0.551334	0.106720	0.560567	0.098583	0.570060	0.090390	0.579819	0.082173	0.589847	0.073967	0.600151	0.065816	0.610734	0.057772	0.621602	0.049897	0.632761	0.042267	0.644214	0.034971	0.655969	0.028118	0.668028	0.021836	0.680398	0.016280	0.693084	0.011639	0.706091	0.008136	0.719422	0.006047	0.733083	0.005703	0.747079
754.491150	0.138247	0.525109	0.130540	0.533593	0.122703	0.542322	0.114747	0.551301	0.106691	0.560534	0.098555	0.570029	0.090363	0.579788	0.082146	0.589816	0.073942	0.600120	0.065791	0.610704	0.057748	0.621572	0.049875	0.632732	0.042245	0.644186	0.034951	0.655941	0.028099	0.668001	0.021818	0.680372	0.016265	0.693059	0.011625	0.706066	0.008124	0.719398	0.006038	0.733060	0.005696	0.747058
754.908450	0.138216	0.525075	0.130510	0.533559	0.122673	0.542289	0.114718	0.551268	0.106661	0.560502	0.098526	0.569997	0.090335	0.579756	0.082120	0.589785	0.073916	0.600089	0.065766	0.610674	0.057724	0.621542	0.049852	0.632702	0.042224	0.644157	0.034931	0.655913	0.028080	0.667974	0.021801	0.680346	0.016249	0.693034	0.011611	0.706040	0.008113	0.719374	0.006028	0.733037	0.005689	0.747036
755.325680	0.138185	0.525042	0.130479	0.533526	0.122642	0.542256	0.114688	0.551235	0.106632	0.560470	0.098498	0.569965	0.090307	0.579724	0.082093	0.589754	0.073890	0.600058	0.065742	0.610643	0.057700	0.621513	0.049829	0.632674	0.042202	0.644129	0.034911	0.655885	0.028061	0.667947	0.021784	0.680320	0.016234	0.693008	0.011597	0.706016	0.008101	0.719350	0.006019	0.733014	0.005681	0.747014
755.742800	0.138153	0.525009	0.130449	0.533493	0.122612	0.542223	0.114658	0.551202	0.106604	0.560438	0.098469	0.569933	0.090280	0.579693	0.082066	0.589722	0.073864	0.600028	0.065717	0.610613	0.057676	0.621483	0.049806	0.632645	0.042181	0.644101	0.034891	0.655858	0.028043	0.667920	0.021766	0.680293	0.016219	0.692982	0.011583	0.705991	0.008089	0.719327	0.006009	0.732991	0.005674	0.746992
756.159790	0.138122	0.524975	0.130418	0.533459	0.122582	0.542189	0.114629	0.551169	0.106575	0.560406	0.098441	0.569901	0.090253	0.579661	0.082040	0.589691	0.073838	0.599997	0.065691	0.610582	0.057652	0.621454	0.049783	0.632616	0.042160	0.644072	0.034870	0.655830	0.028024	0.667893	0.021749	0.680267	0.016203	0.692956	0.011570	0.705967	0.008078	0.719303	0.005999	0.732968	0.005666	0.746970
756.576720	0.138091	0.524941	0.130387	0.533426	0.122552	0.542156	0.114599	0.551137	0.106546	0.560373	0.098413	0.569869	0.090226	0.579629	0.082013	0.589660	0.073812	0.599966	0.065666	0.610552	0.057628	0.621424	0.049761	0.632587	0.042138	0.644044	0.034850	0.655802	0.028005	0.667866	0.021732	0.680241	0.016188	0.692931	0.011557	0.705942	0.008066	0.719279	0.005990	0.732946	0.005659	0.746948
756.993470	0.138060	0.524908	0.130356	0.533393	0.122522	0.542124	0.114569	0.551105	0.106517	0.560341	0.098385	0.569837	0.090198	0.579597	0.081986	0.589629	0.073786	0.599935	0.065641	0.610522	0.057604	0.621394	0.049738	0.632557	0.042116	0.644015	0.034830	0.655774	0.027986	0.667839	0.021715	0.680214	0.016172	0.692905	0.011543	0.705917	0.008055	0.719255	0.005980	0.732923	0.005652	0.746926
757.410220	0.138030	0.524874	0.130326	0.533359	0.122493	0.542091	0.114540	0.551072	0.106489	0.560308	0.098358	0.569805	0.090171	0.579566	0.081960	0.589599	0.073761	0.599905	0.065617	0.610493	0.057581	0.621365	0.049716	0.632528	0.042095	0.643987	0.034810	0.655747	0.027968	0.667813	0.021698	0.680188	0.016157	0.692880	0.011530	0.705893	0.008044	0.719232	0.005971	0.732900	0.005645	0.746905
757.826780	0.137999	0.524841	0.130296	0.533327	0.122462	0.542058	0.114511	0.551039	0.106460	0.560276	0.098330	0.569773	0.090143	0.579535	0.081934	0.589568	0.073736	0.599875	0.065592	0.610463	0.057558	0.621336	0.049693	0.632500	0.042074	0.643960	0.034790	0.655719	0.027950	0.667786	0.021681	0.680163	0.016141	0.692855	0.011516	0.705869	0.008032	0.719208	0.005962	0.732877	0.005638	0.746883
758.243290	0.137968	0.524808	0.130266	0.533294	0.122433	0.542025	0.114482	0.551007	0.106431	0.560245	0.098302	0.569742	0.090116	0.579504	0.081908	0.589537	0.073710	0.599845	0.065568	0.610433	0.057534	0.621307	0.049671	0.632471	0.042053	0.643932	0.034770	0.655692	0.027931	0.667759	0.021664	0.680137	0.016126	0.692830	0.011502	0.705845	0.008020	0.719184	0.005952	0.732855	0.005631	0.746861
758.659670	0.137938	0.524774	0.130236	0.533261	0.122403	0.541993	0.114454	0.550975	0.106403	0.560213	0.098274	0.569711	0.090089	0.579473	0.081881	0.589506	0.073685	0.599815	0.065544	0.610403	0.057511	0.621278	0.049648	0.632443	0.042031	0.643904	0.034750	0.655665	0.027913	0.667733	0.021648	0.680111	0.016111	0.692805	0.011489	0.705820	0.008008	0.719161	0.005943	0.732832	0.005624	0.746840
759.075930	0.137907	0.524741	0.130205	0.533228	0.122374	0.541960	0.114425	0.550943	0.106375	0.560181	0.098246	0.569679	0.090062	0.579442	0.081855	0.589475	0.073659	0.599784	0.065520	0.610374	0.057488	0.621249	0.049626	0.632415	0.042010	0.643876	0.034730	0.655638	0.027895	0.667706	0.021631	0.680085	0.016095	0.692779	0.011476	0.705796	0.007997	0.719138	0.005933	0.732810	0.005617	0.746818
759.492130	0.137877	0.524708	0.130175	0.533195	0.122344	0.541928	0.114396	0.550911	0.106346	0.560149	0.098218	0.569648	0.090036	0.579412	0.081829	0.589445	0.073634	0.599754	0.065495	0.610344	0.057464	0.621220	0.049604	0.632386	0.041989	0.643848	0.034711	0.655611	0.027876	0.667679	0.021614	0.680059	0.016080	0.692754	0.011462	0.705771	0.007986	0.719114	0.005924	0.732787	0.005610	0.746797
759.908140	0.137847	0.524675	0.130146	0.533162	0.122314	0.541895	0.114366	0.550879	0.106318	0.560117	0.098191	0.569616	0.090009	0.579381	0.081803	0.589415	0.073609	0.599725	0.065470	0.610315	0.057441	0.621191	0.049582	0.632357	0.041969	0.643820	0.034691	0.655584	0.027858	0.667653	0.021598	0.680034	0.016065	0.692729	0.011449	0.705747	0.007974	0.719091	0.005915	0.732765	0.005603	0.746776
760.324160	0.137816	0.524642	0.130116	0.533130	0.122285	0.541863	0.114338	0.550847	0.106290	0.560085	0.098164	0.569585	0.089982	0.579350	0.081777	0.589384	0.073584	0.599695	0.065446	0.610286	0.057418	0.621162	0.049560	0.632329	0.041948	0.643793	0.034672	0.655557	0.027840	0.667627	0.021581	0.680008	0.016050	0.692705	0.011436	0.705723	0.007963	0.719068	0.005906	0.732743	0.005596	0.746754
760.739990	0.137786	0.524610	0.130087	0.533097	0.122256	0.541831	0.114309	0.550815	0.106262	0.560054	0.098136	0.569553	0.089955	0.579319	0.081750	0.589354	0.073559	0.599665	0.065422	0.610257	0.057395	0.621133	0.049538	0.632301	0.041927	0.643765	0.034652	0.655530	0.027821	0.667600	0.021565	0.679982	0.016035	0.692680	0.011422	0.705699	0.007952	0.719045	0.005897	0.732721	0.005588	0.746732
761.155760	0.137756	0.524577	0.130057	0.533065	0.122227	0.541799	0.114280	0.550783	0.106234	0.560022	0.098109	0.569522	0.089928	0.579288	0.081724	0.589324	0.073534	0.599635	0.065398	0.610227	0.057371	0.621104	0.049516	0.632272	0.041906	0.643738	0.034633	0.655503	0.027803	0.667574	0.021548	0.679956	0.016020	0.692656	0.011409	0.705675	0.007941	0.719021	0.005888	0.732699	0.005581	0.746711
761.571410	0.137725	0.524544	0.130027	0.533032	0.122198	0.541766	0.114252	0.550751	0.106206	0.559990	0.098081	0.569491	0.089901	0.579257	0.081699	0.589293	0.073508	0.599605	0.065374	0.610197	0.057348	0.621075	0.049494	0.632244	0.041885	0.643710	0.034613	0.655475	0.027785	0.667547	0.021530	0.679930	0.016005	0.692631	0.011396	0.705651	0.007930	0.718998	0.005878	0.732676	0.005574	0.746690
761.986940	0.137695	0.524511	0.129997	0.533000	0.122169	0.541734	0.114223	0.550719	0.106178	0.559959	0.098054	0.569460	0.089875	0.579226	0.081673	0.589263	0.073483	0.599575	0.065350	0.610168	0.057325	0.621047	0.049472	0.632216	0.041865	0.643682	0.034594	0.655448	0.027767	0.667521	0.021514	0.679905	0.015990	0.692606	0.011383	0.705627	0.007918	0.718975	0.005869	0.732654	0.005567	0.746669
762.402400	0.137665	0.524479	0.129968	0.532968	0.122140	0.541702	0.114195	0.550687	0.106150	0.559928	0.098026	0.569429	0.089849	0.579195	0.081647	0.589233	0.073458	0.599546	0.065326	0.610139	0.057302	0.621018	0.049450	0.632188	0.041844	0.643654	0.034574	0.655421	0.027749	0.667495	0.021497	0.679880	0.015975	0.692581	0.011370	0.705603	0.007907	0.718952	0.005860	0.732632	0.005561	0.746648
762.817750	0.137636	0.524446	0.129939	0.532935	0.122111	0.541671	0.114166	0.550656	0.106122	0.559898	0.097999	0.569398	0.089823	0.579165	0.081621	0.589203	0.073434	0.599517	0.065302	0.610111	0.057279	0.620990	0.049428	0.632160	0.041823	0.643627	0.034555	0.655395	0.027731	0.667469	0.021481	0.679855	0.015960	0.692557	0.011357	0.705580	0.007896	0.718929	0.005851	0.732610	0.005554	0.746626
763.232970	0.137606	0.524414	0.129910	0.532903	0.122082	0.541639	0.114138	0.550624	0.106094	0.559866	0.097972	0.569368	0.089796	0.579135	0.081596	0.589173	0.073409	0.599487	0.065279	0.610082	0.057256	0.620961	0.049406	0.632132	0.041802	0.643600	0.034535	0.655368	0.027713	0.667443	0.021465	0.679830	0.015946	0.692532	0.011344	0.705557	0.007885	0.718906	0.005842	0.732588	0.005547	0.746605
763.648130	0.137576	0.524381	0.129880	0.532871	0.122053	0.541607	0.114110	0.550593	0.106067	0.559835	0.097945	0.569337	0.089769	0.579105	0.081571	0.589143	0.073384	0.599457	0.065254	0.610053	0.057233	0.620933	0.049384	0.632105	0.041782	0.643572	0.034516	0.655342	0.027695	0.667417	0.021448	0.679805	0.015931	0.692508	0.011331	0.705532	0.007874	0.718883	0.005833	0.732566	0.005540	0.746584
764.063170	0.137546	0.524349	0.129851	0.532839	0.122025	0.541575	0.114082	0.550561	0.106039	0.559803	0.097918	0.569306	0.089743	0.579074	0.081545	0.589113	0.073359	0.599428	0.065230	0.610024	0.057211	0.620905	0.049363	0.632077	0.041761	0.643545	0.034497	0.655315	0.027677	0.667391	0.021431	0.679779	0.015917	0.692483	0.011318	0.705508	0.007862	0.718861	0.005824	0.732544	0.005533	0.746563
764.478090	0.137516	0.524317	0.129821	0.532807	0.121995	0.541544	0.114053	0.550530	0.106011	0.559772	0.097891	0.569276	0.089717	0.579044	0.081519	0.589083	0.073335	0.599398	0.065207	0.609994	0.057188	0.620877	0.049341	0.632049	0.041740	0.643518	0.034478	0.655288	0.027659	0.667365	0.021415	0.679754	0.015902	0.692459	0.011305	0.705485	0.007851	0.718838	0.005814	0.732522	0.005526	0.746542
764.892880	0.137487	0.524284	0.129792	0.532775	0.121966	0.541512	0.114025	0.550499	0.105984	0.559742	0.097864	0.569245	0.089691	0.579014	0.081494	0.589054	0.073310	0.599369	0.065183	0.609965	0.057165	0.620848	0.049320	0.632021	0.041720	0.643491	0.034459	0.655262	0.027642	0.667340	0.021399	0.679728	0.015887	0.692434	0.011292	0.705461	0.007840	0.718815	0.005805	0.732501	0.005520	0.746521
765.307620	0.137457	0.524252	0.129764	0.532744	0.121938	0.541481	0.113997	0.550468	0.105957	0.559711	0.097837	0.569214	0.089665	0.578984	0.081468	0.589024	0.073286	0.599341	0.065159	0.609937	0.057142	0.620820	0.049298	0.631994	0.041700	0.643464	0.034440	0.655236	0.027624	0.667314	0.021383	0.679703	0.015872	0.692410	0.011279	0.705438	0.007829	0.718792	0.005797	0.732479	0.005513	0.746501
765.722230	0.137428	0.524220	0.129734	0.532712	0.121910	0.541449	0.113970	0.550437	0.105929	0.559681	0.097811	0.569184	0.089638	0.578954	0.081444	0.588995	0.073261	0.599311	0.065136	0.609908	0.057120	0.620792	0.049276	0.631966	0.041680	0.643437	0.034421	0.655209	0.027607	0.667288	0.021367	0.679679	0.015858	0.692386	0.011267	0.705415	0.007818	0.718770	0.005788	0.732457	0.005506	0.746480
766.136720	0.137398	0.524188	0.129705	0.532681	0.121882	0.541418	0.113942	0.550406	0.105902	0.559650	0.097784	0.569154	0.089612	0.578924	0.081419	0.588965	0.073237	0.599282	0.065112	0.609880	0.057098	0.620764	0.049255	0.631939	0.041659	0.643410	0.034402	0.655183	0.027589	0.667262	0.021351	0.679654	0.015843	0.692362	0.011254	0.705391	0.007807	0.718748	0.005779	0.732435	0.005499	0.746459
766.551150	0.137369	0.524157	0.129676	0.532649	0.121854	0.541387	0.113914	0.550375	0.105875	0.559619	0.097758	0.569124	0.089587	0.578894	0.081394	0.588936	0.073212	0.599253	0.065089	0.609852	0.057075	0.620735	0.049233	0.631912	0.041639	0.643383	0.034383	0.655157	0.027571	0.667237	0.021335	0.679629	0.015829	0.692338	0.011241	0.705368	0.007797	0.718725	0.005770	0.732413	0.005492	0.746438
766.965450	0.137340	0.524125	0.129647	0.532618	0.121825	0.541356	0.113886	0.550344	0.105848	0.559589	0.097731	0.569094	0.089561	0.578864	0.081368	0.588906	0.073188	0.599224	0.065066	0.609823	0.057053	0.620707	0.049212	0.631884	0.041619	0.643356	0.034364	0.655131	0.027553	0.667211	0.021318	0.679604	0.015814	0.692314	0.011228	0.705345	0.007786	0.718703	0.005761	0.732392	0.005486	0.746418
767.379640	0.137311	0.524093	0.129619	0.532586	0.121797	0.541324	0.113859	0.550313	0.105821	0.559558	0.097705	0.569063	0.089535	0.578835	0.081343	0.588877	0.073164	0.599195	0.065042	0.609795	0.057031	0.620680	0.049191	0.631857	0.041599	0.643330	0.034344	0.655105	0.027536	0.667186	0.021302	0.679579	0.015800	0.692290	0.011215	0.705321	0.007775	0.718680	0.005752	0.732370	0.005479	0.746397
767.793700	0.137282	0.524061	0.129590	0.532554	0.121768	0.541293	0.113831	0.550282	0.105794	0.559527	0.097678	0.569033	0.089510	0.578805	0.081318	0.588848	0.073140	0.599166	0.065019	0.609766	0.057008	0.620652	0.049169	0.631829	0.041579	0.643303	0.034325	0.655078	0.027519	0.667161	0.021286	0.679554	0.015785	0.692265	0.011202	0.705298	0.007764	0.718657	0.005743	0.732349	0.005472	0.746376
768.207700	0.137252	0.524029	0.129562	0.532522	0.121740	0.541261	0.113803	0.550251	0.105766	0.559497	0.097652	0.569003	0.089484	0.578775	0.081292	0.588818	0.073116	0.599137	0.064995	0.609738	0.056986	0.620624	0.049148	0.631801	0.041559	0.643277	0.034307	0.655052	0.027501	0.667135	0.021270	0.679529	0.015771	0.692241	0.011190	0.705274	0.007752	0.718635	0.005734	0.732327	0.005466	0.746356
768.621580	0.137223	0.523998	0.129533	0.532491	0.121712	0.541230	0.113775	0.550220	0.105740	0.559467	0.097625	0.568973	0.089458	0.578745	0.081268	0.588789	0.073092	0.599108	0.064972	0.609709	0.056963	0.620596	0.049127	0.631774	0.041538	0.643249	0.034288	0.655026	0.027484	0.667109	0.021254	0.679504	0.015756	0.692217	0.011177	0.705251	0.007742	0.718612	0.005725	0.732306	0.005459	0.746335
769.035400	0.137195	0.523966	0.129505	0.532460	0.121684	0.541199	0.113748	0.550189	0.105713	0.559436	0.097599	0.568943	0.089433	0.578715	0.081243	0.588760	0.073068	0.599080	0.064949	0.609681	0.056941	0.620569	0.049106	0.631748	0.041518	0.643223	0.034269	0.655000	0.027467	0.667084	0.021239	0.679480	0.015742	0.692193	0.011165	0.705228	0.007731	0.718590	0.005716	0.732284	0.005452	0.746314
769.449040	0.137166	0.523935	0.129476	0.532429	0.121656	0.541169	0.113720	0.550159	0.105686	0.559406	0.097573	0.568914	0.089407	0.578686	0.081219	0.588731	0.073044	0.599051	0.064926	0.609653	0.056919	0.620541	0.049085	0.631721	0.041499	0.643197	0.034251	0.654974	0.027449	0.667059	0.021223	0.679456	0.015728	0.692169	0.011152	0.705205	0.007721	0.718568	0.005707	0.732263	0.005446	0.746294
769.862610	0.137138	0.523904	0.129448	0.532398	0.121628	0.541138	0.113693	0.550129	0.105659	0.559376	0.097547	0.568884	0.089381	0.578658	0.081194	0.588703	0.073020	0.599023	0.064904	0.609625	0.056897	0.620514	0.049064	0.631694	0.041480	0.643171	0.034232	0.654949	0.027432	0.667034	0.021207	0.679432	0.015714	0.692146	0.011139	0.705183	0.007710	0.718546	0.005699	0.732242	0.005439	0.746274
770.276060	0.137109	0.523873	0.129420	0.532367	0.121601	0.541107	0.113666	0.550099	0.105632	0.559346	0.097521	0.568854	0.089356	0.578629	0.081169	0.588674	0.072996	0.598995	0.064881	0.609597	0.056875	0.620487	0.049043	0.631667	0.041460	0.643144	0.034214	0.654923	0.027414	0.667009	0.021192	0.679408	0.015700	0.692122	0.011127	0.705160	0.007700	0.718524	0.005690	0.732221	0.005433	0.746253
770.689450	0.137080	0.523842	0.129391	0.532335	0.121573	0.541076	0.113638	0.550068	0.105605	0.559316	0.097495	0.568824	0.089331	0.578599	0.081145	0.588644	0.072972	0.598966	0.064857	0.609569	0.056854	0.620459	0.049022	0.631639	0.041439	0.643118	0.034195	0.654897	0.027397	0.666984	0.021176	0.679383	0.015686	0.692099	0.011114	0.705136	0.007689	0.718502	0.005681	0.732199	0.005426	0.746233
771.102720	0.137051	0.523810	0.129363	0.532304	0.121545	0.541045	0.113611	0.550037	0.105578	0.559286	0.097469	0.568795	0.089306	0.578570	0.081120	0.588615	0.072948	0.598937	0.064834	0.609541	0.056832	0.620431	0.049001	0.631612	0.041419	0.643091	0.034176	0.654872	0.027380	0.666959	0.021160	0.679358	0.015672	0.692075	0.011102	0.705113	0.007678	0.718479	0.005673	0.732178	0.005419	0.746213
771.515870	0.137022	0.523779	0.129335	0.532274	0.121517	0.541015	0.113584	0.550007	0.105552	0.559256	0.097442	0.568765	0.089281	0.578540	0.081095	0.588586	0.072925	0.598909	0.064811	0.609513	0.056810	0.620404	0.048980	0.631586	0.041400	0.643065	0.034158	0.654846	0.027363	0.666934	0.021144	0.679334	0.015657	0.692052	0.011090	0.705090	0.007667	0.718458	0.005665	0.732157	0.005413	0.746193
771.928890	0.136994	0.523748	0.129307	0.532243	0.121490	0.540985	0.113558	0.549977	0.105525	0.559226	0.097416	0.568735	0.089255	0.578511	0.081071	0.588558	0.072901	0.598881	0.064789	0.609486	0.056788	0.620377	0.048960	0.631560	0.041380	0.643039	0.034140	0.654820	0.027346	0.666909	0.021129	0.679310	0.015643	0.692028	0.011077	0.705068	0.007657	0.718436	0.005656	0.732136	0.005406	0.746172
772.341860	0.136966	0.523717	0.129279	0.532213	0.121462	0.540955	0.113531	0.549947	0.105499	0.559196	0.097391	0.568706	0.089230	0.578482	0.081047	0.588529	0.072878	0.598853	0.064767	0.609458	0.056766	0.620349	0.048939	0.631533	0.041361	0.643012	0.034122	0.654795	0.027329	0.666885	0.021113	0.679286	0.015629	0.692005	0.011065	0.705046	0.007646	0.718414	0.005648	0.732115	0.005400	0.746152
772.754700	0.136938	0.523686	0.129251	0.532182	0.121435	0.540924	0.113503	0.549918	0.105474	0.559167	0.097365	0.568676	0.089205	0.578453	0.081023	0.588501	0.072854	0.598825	0.064744	0.609430	0.056745	0.620322	0.048918	0.631506	0.041342	0.642986	0.034103	0.654769	0.027312	0.666860	0.021097	0.679261	0.015615	0.691981	0.011052	0.705023	0.007636	0.718392	0.005639	0.732094	0.005394	0.746132
773.167420	0.136909	0.523655	0.129223	0.532152	0.121408	0.540894	0.113476	0.549888	0.105447	0.559137	0.097340	0.568647	0.089180	0.578424	0.080998	0.588472	0.072830	0.598797	0.064722	0.609403	0.056723	0.620295	0.048898	0.631479	0.041322	0.642960	0.034085	0.654744	0.027295	0.666835	0.021082	0.679237	0.015601	0.691957	0.011040	0.705001	0.007626	0.718370	0.005630	0.732072	0.005387	0.746112
773.580080	0.136881	0.523624	0.129195	0.532121	0.121380	0.540863	0.113449	0.549858	0.105421	0.559107	0.097314	0.568618	0.089155	0.578395	0.080974	0.588444	0.072807	0.598769	0.064699	0.609375	0.056701	0.620268	0.048877	0.631453	0.041302	0.642934	0.034066	0.654719	0.027278	0.666809	0.021066	0.679213	0.015587	0.691934	0.011027	0.704978	0.007615	0.718348	0.005622	0.732051	0.005381	0.746092
773.992610	0.136853	0.523594	0.129167	0.532091	0.121352	0.540833	0.113422	0.549828	0.105394	0.559078	0.097288	0.568589	0.089129	0.578367	0.080949	0.588416	0.072783	0.598741	0.064676	0.609347	0.056679	0.620240	0.048856	0.631426	0.041282	0.642908	0.034048	0.654693	0.027261	0.666784	0.021050	0.679189	0.015573	0.691910	0.011015	0.704955	0.007604	0.718326	0.005613	0.732030	0.005374	0.746072
774.405030	0.136824	0.523563	0.129140	0.532060	0.121325	0.540803	0.113396	0.549797	0.105368	0.559048	0.097263	0.568560	0.089105	0.578338	0.080926	0.588387	0.072760	0.598712	0.064654	0.609320	0.056658	0.620214	0.048836	0.631400	0.041263	0.642882	0.034030	0.654668	0.027244	0.666760	0.021035	0.679166	0.015559	0.691887	0.011003	0.704933	0.007594	0.718305	0.005605	0.732010	0.005368	0.746052
774.817320	0.136796	0.523532	0.129112	0.532030	0.121298	0.540773	0.113370	0.549767	0.105343	0.559018	0.097237	0.568531	0.089080	0.578309	0.080902	0.588359	0.072737	0.598684	0.064631	0.609292	0.056636	0.620187	0.048816	0.631374	0.041243	0.642856	0.034012	0.654642	0.027228	0.666736	0.021020	0.679142	0.015545	0.691864	0.010991	0.704910	0.007584	0.718284	0.005597	0.731989	0.005362	0.746032
775.229550	0.136768	0.523502	0.129085	0.531999	0.121271	0.540743	0.113343	0.549737	0.105316	0.558989	0.097212	0.568502	0.089055	0.578280	0.080877	0.588330	0.072714	0.598657	0.064609	0.609265	0.056615	0.620160	0.048796	0.631347	0.041224	0.642831	0.033994	0.654617	0.027211	0.666711	0.021005	0.679118	0.015531	0.691841	0.010979	0.704888	0.007573	0.718262	0.005588	0.731969	0.005355	0.746012
775.641660	0.136740	0.523472	0.129057	0.531968	0.121244	0.540713	0.113316	0.549708	0.105290	0.558959	0.097186	0.568472	0.089030	0.578252	0.080853	0.588302	0.072690	0.598629	0.064586	0.609238	0.056594	0.620133	0.048775	0.631321	0.041206	0.642805	0.033976	0.654592	0.027194	0.666687	0.020989	0.679094	0.015518	0.691818	0.010967	0.704865	0.007563	0.718240	0.005580	0.731948	0.005349	0.745992
776.053650	0.136712	0.523441	0.129029	0.531938	0.121217	0.540683	0.113290	0.549678	0.105264	0.558930	0.097161	0.568443	0.089006	0.578223	0.080829	0.588273	0.072667	0.598601	0.064564	0.609210	0.056572	0.620107	0.048754	0.631295	0.041186	0.642780	0.033958	0.654567	0.027177	0.666662	0.020974	0.679070	0.015504	0.691795	0.010954	0.704843	0.007553	0.718218	0.005571	0.731927	0.005342	0.745972
776.465580	0.136684	0.523410	0.129002	0.531908	0.121190	0.540653	0.113263	0.549649	0.105238	0.558901	0.097136	0.568414	0.088982	0.578195	0.080805	0.588246	0.072644	0.598574	0.064542	0.609183	0.056551	0.620080	0.048734	0.631269	0.041167	0.642754	0.033940	0.654542	0.027160	0.666637	0.020959	0.679046	0.015491	0.691772	0.010942	0.704821	0.007542	0.718197	0.005563	0.731907	0.005336	0.745953
776.877380	0.136656	0.523380	0.128974	0.531879	0.121163	0.540624	0.113237	0.549620	0.105213	0.558872	0.097110	0.568385	0.088957	0.578166	0.080782	0.588218	0.072622	0.598546	0.064520	0.609156	0.056530	0.620053	0.048714	0.631243	0.041148	0.642729	0.033922	0.654517	0.027144	0.666613	0.020944	0.679022	0.015477	0.691749	0.010931	0.704799	0.007532	0.718176	0.005554	0.731886	0.005330	0.745933
777.289060	0.136629	0.523350	0.128947	0.531849	0.121136	0.540594	0.113210	0.549591	0.105187	0.558843	0.097085	0.568357	0.088933	0.578138	0.080758	0.588190	0.072599	0.598519	0.064498	0.609129	0.056509	0.620026	0.048694	0.631217	0.041129	0.642703	0.033904	0.654493	0.027127	0.666589	0.020928	0.678998	0.015463	0.691726	0.010919	0.704776	0.007522	0.718155	0.005546	0.731866	0.005324	0.745913
777.700680	0.136601	0.523320	0.128920	0.531819	0.121109	0.540565	0.113184	0.549561	0.105161	0.558814	0.097060	0.568329	0.088908	0.578110	0.080734	0.588162	0.072576	0.598491	0.064476	0.609103	0.056488	0.620000	0.048674	0.631190	0.041110	0.642678	0.033886	0.654468	0.027111	0.666565	0.020913	0.678975	0.015449	0.691704	0.010907	0.704754	0.007511	0.718134	0.005538	0.731845	0.005318	0.745894
778.112180	0.136574	0.523290	0.128893	0.531789	0.121083	0.540535	0.113158	0.549532	0.105135	0.558785	0.097035	0.568300	0.088883	0.578081	0.080711	0.588134	0.072553	0.598464	0.064454	0.609076	0.056466	0.619974	0.048653	0.631164	0.041091	0.642652	0.033868	0.654443	0.027095	0.666540	0.020898	0.678952	0.015435	0.691681	0.010895	0.704732	0.007501	0.718112	0.005530	0.731824	0.005311	0.745875
778.523560	0.136546	0.523260	0.128865	0.531759	0.121057	0.540505	0.113132	0.549502	0.105109	0.558756	0.097011	0.568271	0.088859	0.578053	0.080687	0.588106	0.072530	0.598436	0.064432	0.609048	0.056445	0.619948	0.048633	0.631138	0.041072	0.642626	0.033850	0.654418	0.027078	0.666517	0.020883	0.678928	0.015422	0.691658	0.010883	0.704710	0.007491	0.718091	0.005522	0.731804	0.005305	0.745855
778.934810	0.136518	0.523230	0.128838	0.531729	0.121030	0.540476	0.113106	0.549473	0.105084	0.558728	0.096986	0.568243	0.088835	0.578024	0.080664	0.588078	0.072507	0.598409	0.064410	0.609021	0.056424	0.619921	0.048613	0.631112	0.041053	0.642601	0.033833	0.654393	0.027062	0.666493	0.020868	0.678905	0.015409	0.691635	0.010871	0.704688	0.007482	0.718069	0.005513	0.731783	0.005299	0.745835
779.346010	0.136491	0.523200	0.128811	0.531699	0.121004	0.540446	0.113080	0.549443	0.105059	0.558698	0.096961	0.568214	0.088811	0.577996	0.080640	0.588051	0.072484	0.598382	0.064388	0.608994	0.056403	0.619894	0.048593	0.631086	0.041034	0.642576	0.033815	0.654368	0.027045	0.666469	0.020853	0.678881	0.015396	0.691612	0.010859	0.704666	0.007471	0.718048	0.005505	0.731763	0.005293	0.745815
779.757080	0.136463	0.523170	0.128785	0.531669	0.120977	0.540416	0.113053	0.549414	0.105033	0.558669	0.096936	0.568186	0.088786	0.577968	0.080616	0.588023	0.072461	0.598354	0.064366	0.608968	0.056382	0.619868	0.048574	0.631060	0.041015	0.642551	0.033797	0.654344	0.027029	0.666444	0.020838	0.678858	0.015382	0.691589	0.010847	0.704644	0.007461	0.718027	0.005497	0.731742	0.005287	0.745796
780.168030	0.136436	0.523140	0.128758	0.531640	0.120950	0.540387	0.113027	0.549385	0.105008	0.558640	0.096911	0.568157	0.088762	0.577941	0.080592	0.587996	0.072439	0.598327	0.064344	0.608941	0.056361	0.619841	0.048554	0.631035	0.040996	0.642526	0.033780	0.654319	0.027012	0.666420	0.020823	0.678835	0.015368	0.691567	0.010835	0.704622	0.007451	0.718005	0.005489	0.731722	0.005280	0.745776
780.578920	0.136409	0.523110	0.128731	0.531610	0.120924	0.540358	0.113002	0.549356	0.104983	0.558612	0.096886	0.568129	0.088738	0.577913	0.080570	0.587968	0.072416	0.598300	0.064322	0.608914	0.056340	0.619815	0.048534	0.631009	0.040978	0.642501	0.033762	0.654294	0.026996	0.666396	0.020808	0.678812	0.015355	0.691544	0.010824	0.704600	0.007441	0.717984	0.005480	0.731702	0.005274	0.745757
780.989690	0.136382	0.523080	0.128704	0.531581	0.120898	0.540329	0.112977	0.549328	0.104958	0.558584	0.096862	0.568101	0.088715	0.577885	0.080547	0.587941	0.072394	0.598273	0.064301	0.608888	0.056320	0.619790	0.048514	0.630984	0.040959	0.642476	0.033744	0.654270	0.026979	0.666373	0.020793	0.678789	0.015341	0.691522	0.010812	0.704579	0.007431	0.717964	0.005472	0.731682	0.005268	0.745737
781.400330	0.136355	0.523050	0.128677	0.531551	0.120871	0.540300	0.112951	0.549299	0.104932	0.558555	0.096837	0.568073	0.088691	0.577857	0.080523	0.587913	0.072371	0.598246	0.064279	0.608861	0.056299	0.619763	0.048495	0.630958	0.040941	0.642450	0.033727	0.654245	0.026963	0.666349	0.020779	0.678765	0.015328	0.691499	0.010800	0.704557	0.007422	0.717943	0.005464	0.731661	0.005262	0.745718
781.810850	0.136328	0.523020	0.128650	0.531522	0.120845	0.540270	0.112925	0.549270	0.104907	0.558527	0.096812	0.568045	0.088667	0.577829	0.080500	0.587886	0.072348	0.598219	0.064258	0.608834	0.056278	0.619737	0.048475	0.630933	0.040922	0.642425	0.033710	0.654221	0.026947	0.666325	0.020764	0.678742	0.015315	0.691477	0.010788	0.704535	0.007412	0.717922	0.005457	0.731641	0.005256	0.745699
782.221310	0.136300	0.522991	0.128624	0.531493	0.120819	0.540241	0.112899	0.549241	0.104881	0.558499	0.096788	0.568017	0.088643	0.577801	0.080476	0.587858	0.072326	0.598193	0.064236	0.608808	0.056258	0.619711	0.048455	0.630907	0.040903	0.642401	0.033693	0.654197	0.026931	0.666301	0.020749	0.678719	0.015302	0.691455	0.010777	0.704513	0.007402	0.717901	0.005449	0.731621	0.005250	0.745680
782.631650	0.136273	0.522962	0.128598	0.531464	0.120792	0.540213	0.112874	0.549213	0.104856	0.558470	0.096764	0.567989	0.088619	0.577774	0.080454	0.587831	0.072304	0.598166	0.064215	0.608782	0.056237	0.619685	0.048436	0.630882	0.040885	0.642376	0.033675	0.654173	0.026915	0.666277	0.020734	0.678696	0.015288	0.691432	0.010765	0.704492	0.007391	0.717880	0.005440	0.731601	0.005244	0.745661
783.041870	0.136246	0.522933	0.128571	0.531435	0.120766	0.540184	0.112848	0.549184	0.104831	0.558442	0.096740	0.567961	0.088596	0.577746	0.080431	0.587804	0.072282	0.598139	0.064193	0.608755	0.056217	0.619659	0.048416	0.630856	0.040866	0.642351	0.033658	0.654149	0.026899	0.666254	0.020719	0.678673	0.015275	0.691410	0.010754	0.704471	0.007381	0.717859	0.005432	0.731581	0.005238	0.745642
783.452030	0.136220	0.522903	0.128545	0.531406	0.120740	0.540155	0.112823	0.549156	0.104807	0.558414	0.096715	0.567933	0.088572	0.577719	0.080408	0.587777	0.072260	0.598113	0.064171	0.608729	0.056196	0.619634	0.048397	0.630831	0.040848	0.642326	0.033641	0.654124	0.026883	0.666230	0.020705	0.678650	0.015261	0.691387	0.010742	0.704449	0.007371	0.717838	0.005424	0.731561	0.005232	0.745623
783.862060	0.136193	0.522874	0.128519	0.531377	0.120715	0.540127	0.112798	0.549127	0.104782	0.558385	0.096690	0.567905	0.088548	0.577691	0.080385	0.587750	0.072237	0.598086	0.064150	0.608703	0.056176	0.619609	0.048378	0.630806	0.040829	0.642301	0.033624	0.654100	0.026867	0.666207	0.020690	0.678627	0.015248	0.691365	0.010731	0.704427	0.007361	0.717818	0.005417	0.731542	0.005226	0.745603
784.271970	0.136166	0.522845	0.128492	0.531348	0.120689	0.540098	0.112772	0.549099	0.104757	0.558357	0.096666	0.567877	0.088524	0.577664	0.080362	0.587723	0.072215	0.598059	0.064129	0.608677	0.056155	0.619583	0.048358	0.630781	0.040811	0.642277	0.033607	0.654076	0.026851	0.666184	0.020675	0.678604	0.015235	0.691343	0.010719	0.704406	0.007352	0.717797	0.005409	0.731522	0.005220	0.745584
784.681820	0.136140	0.522816	0.128466	0.531319	0.120663	0.540069	0.112747	0.549071	0.104732	0.558330	0.096642	0.567850	0.088501	0.577637	0.080339	0.587696	0.072193	0.598033	0.064107	0.608651	0.056135	0.619557	0.048338	0.630756	0.040793	0.642252	0.033589	0.654052	0.026835	0.666160	0.020661	0.678582	0.015222	0.691321	0.010708	0.704384	0.007342	0.717777	0.005400	0.731502	0.005214	0.745566
785.091490	0.136113	0.522787	0.128439	0.531290	0.120637	0.540041	0.112721	0.549043	0.104707	0.558302	0.096618	0.567822	0.088478	0.577610	0.080316	0.587669	0.072171	0.598006	0.064086	0.608625	0.056114	0.619531	0.048319	0.630730	0.040775	0.642228	0.033572	0.654028	0.026819	0.666137	0.020647	0.678559	0.015209	0.691299	0.010696	0.704363	0.007333	0.717756	0.005392	0.731483	0.005208	0.745547
785.501160	0.136086	0.522757	0.128413	0.531261	0.120612	0.540012	0.112696	0.549014	0.104683	0.558273	0.096593	0.567794	0.088454	0.577582	0.080293	0.587642	0.072149	0.597979	0.064065	0.608599	0.056094	0.619506	0.048299	0.630705	0.040756	0.642203	0.033555	0.654004	0.026803	0.666113	0.020632	0.678536	0.015196	0.691277	0.010685	0.704342	0.007323	0.717735	0.005384	0.731462	0.005202	0.745528
785.910640	0.136060	0.522728	0.128387	0.531232	0.120587	0.539983	0.112670	0.548986	0.104658	0.558245	0.096569	0.567767	0.088430	0.577555	0.080271	0.587615	0.072127	0.597953	0.064045	0.608573	0.056074	0.619481	0.048280	0.630680	0.040738	0.642178	0.033538	0.653980	0.026787	0.666090	0.020617	0.678513	0.015184	0.691255	0.010673	0.704321	0.007313	0.717715	0.005377	0.731442	0.005196	0.745509
786.320070	0.136034	0.522699	0.128361	0.531204	0.120561	0.539955	0.112645	0.548958	0.104634	0.558217	0.096545	0.567740	0.088407	0.577528	0.080248	0.587588	0.072105	0.597926	0.064023	0.608547	0.056054	0.619455	0.048261	0.630655	0.040720	0.642154	0.033521	0.653956	0.026772	0.666067	0.020603	0.678490	0.015171	0.691233	0.010662	0.704299	0.007303	0.717694	0.005369	0.731423	0.005191	0.745490
786.729370	0.136007	0.522670	0.128335	0.531175	0.120535	0.539927	0.112620	0.548930	0.104609	0.558189	0.096522	0.567712	0.088383	0.577501	0.080225	0.587562	0.072083	0.597900	0.064002	0.608521	0.056034	0.619430	0.048242	0.630630	0.040702	0.642130	0.033503	0.653933	0.026756	0.666043	0.020588	0.678468	0.015158	0.691211	0.010651	0.704278	0.007293	0.717673	0.005361	0.731403	0.005185	0.745471
787.138550	0.135981	0.522641	0.128309	0.531146	0.120509	0.539898	0.112596	0.548902	0.104585	0.558162	0.096498	0.567685	0.088360	0.577474	0.080202	0.587535	0.072062	0.597874	0.063981	0.608495	0.056014	0.619404	0.048223	0.630606	0.040684	0.642106	0.033486	0.653909	0.026741	0.666020	0.020574	0.678445	0.015145	0.691190	0.010639	0.704257	0.007284	0.717653	0.005353	0.731383	0.005179	0.745453
787.547610	0.135954	0.522613	0.128284	0.531118	0.120484	0.539870	0.112571	0.548874	0.104560	0.558134	0.096474	0.567657	0.088337	0.577447	0.080180	0.587508	0.072040	0.597848	0.063960	0.608470	0.055994	0.619379	0.048204	0.630581	0.040666	0.642082	0.033469	0.653885	0.026725	0.665997	0.020560	0.678423	0.015132	0.691167	0.010628	0.704236	0.007274	0.717633	0.005346	0.731364	0.005173	0.745434
787.956600	0.135928	0.522584	0.128258	0.531089	0.120459	0.539842	0.112546	0.548846	0.104536	0.558107	0.096451	0.567630	0.088314	0.577420	0.080157	0.587482	0.072018	0.597822	0.063939	0.608444	0.055974	0.619354	0.048185	0.630557	0.040648	0.642058	0.033453	0.653862	0.026709	0.665974	0.020546	0.678400	0.015119	0.691145	0.010616	0.704215	0.007265	0.717613	0.005338	0.731344	0.005167	0.745415
788.365480	0.135902	0.522555	0.128232	0.531061	0.120433	0.539814	0.112521	0.548818	0.104511	0.558080	0.096427	0.567602	0.088291	0.577393	0.080135	0.587456	0.071997	0.597796	0.063918	0.608418	0.055954	0.619328	0.048166	0.630532	0.040630	0.642033	0.033436	0.653838	0.026693	0.665952	0.020531	0.678378	0.015106	0.691123	0.010605	0.704194	0.007255	0.717593	0.005330	0.731325	0.005161	0.745396
788.774290	0.135876	0.522527	0.128206	0.531033	0.120408	0.539785	0.112497	0.548790	0.104487	0.558052	0.096403	0.567575	0.088268	0.577366	0.080113	0.587429	0.071975	0.597769	0.063897	0.608392	0.055934	0.619303	0.048147	0.630507	0.040612	0.642009	0.033419	0.653814	0.026678	0.665929	0.020517	0.678356	0.015093	0.691102	0.010594	0.704173	0.007245	0.717572	0.005322	0.731306	0.005155	0.745377
789.182980	0.135850	0.522498	0.128180	0.531004	0.120383	0.539758	0.112472	0.548763	0.104463	0.558025	0.096379	0.567548	0.088245	0.577339	0.080091	0.587403	0.071953	0.597743	0.063877	0.608367	0.055914	0.619278	0.048127	0.630482	0.040594	0.641985	0.033402	0.653791	0.026662	0.665906	0.020503	0.678334	0.015080	0.691080	0.010583	0.704152	0.007236	0.717552	0.005315	0.731286	0.005149	0.745359
789.591550	0.135824	0.522470	0.128155	0.530976	0.120358	0.539730	0.112447	0.548735	0.104439	0.557997	0.096356	0.567521	0.088222	0.577312	0.080068	0.587377	0.071932	0.597718	0.063856	0.608341	0.055894	0.619253	0.048109	0.630457	0.040576	0.641961	0.033386	0.653767	0.026646	0.665883	0.020489	0.678311	0.015068	0.691059	0.010572	0.704131	0.007226	0.717532	0.005307	0.731267	0.005144	0.745340
790.000000	0.135798	0.522442	0.128129	0.530948	0.120333	0.539702	0.112422	0.548707	0.104415	0.557970	0.096332	0.567494	0.088199	0.577286	0.080046	0.587350	0.071910	0.597692	0.063836	0.608316	0.055874	0.619228	0.048090	0.630433	0.040558	0.641937	0.033369	0.653744	0.026631	0.665860	0.020475	0.678289	0.015055	0.691038	0.010561	0.704110	0.007217	0.717512	0.005299	0.731248	0.005138	0.745322
790.408390	0.135772	0.522413	0.128104	0.530920	0.120308	0.539674	0.112397	0.548680	0.104391	0.557943	0.096309	0.567467	0.088176	0.577260	0.080024	0.587324	0.071889	0.597666	0.063815	0.608291	0.055854	0.619203	0.048071	0.630409	0.040540	0.641913	0.033353	0.653721	0.026616	0.665837	0.020461	0.678267	0.015042	0.691016	0.010550	0.704089	0.007208	0.717492	0.005291	0.731228	0.005132	0.745304
790.816650	0.135747	0.522385	0.128078	0.530892	0.120283	0.539646	0.112373	0.548652	0.104367	0.557915	0.096285	0.567440	0.088153	0.577233	0.080002	0.587298	0.071868	0.597641	0.063794	0.608265	0.055835	0.619178	0.048052	0.630385	0.040523	0.641889	0.033336	0.653697	0.026601	0.665814	0.020446	0.678245	0.015030	0.690995	0.010538	0.704068	0.007198	0.717472	0.005283	0.731209	0.005127	0.745285
791.224790	0.135721	0.522356	0.128053	0.530864	0.120258	0.539618	0.112348	0.548625	0.104343	0.557888	0.096262	0.567413	0.088131	0.577206	0.079980	0.587272	0.071846	0.597615	0.063774	0.608240	0.055815	0.619153	0.048034	0.630361	0.040505	0.641865	0.033320	0.653674	0.026586	0.665791	0.020432	0.678223	0.015017	0.690973	0.010527	0.704048	0.007189	0.717452	0.005276	0.731189	0.005121	0.745267
791.632810	0.135694	0.522328	0.128028	0.530836	0.120233	0.539590	0.112324	0.548597	0.104319	0.557861	0.096239	0.567387	0.088108	0.577180	0.079958	0.587245	0.071825	0.597589	0.063753	0.608215	0.055796	0.619128	0.048015	0.630336	0.040488	0.641841	0.033303	0.653651	0.026570	0.665768	0.020418	0.678201	0.015004	0.690952	0.010516	0.704027	0.007179	0.717432	0.005269	0.731170	0.005115	0.745249
792.040770	0.135668	0.522300	0.128002	0.530808	0.120208	0.539562	0.112300	0.548569	0.104296	0.557833	0.096216	0.567360	0.088086	0.577153	0.079936	0.587219	0.071804	0.597563	0.063733	0.608190	0.055776	0.619104	0.047996	0.630312	0.040470	0.641818	0.033286	0.653628	0.026554	0.665746	0.020405	0.678179	0.014992	0.690931	0.010505	0.704007	0.007170	0.717412	0.005261	0.731151	0.005109	0.745230
792.448610	0.135643	0.522272	0.127977	0.530780	0.120183	0.539535	0.112276	0.548542	0.104272	0.557806	0.096192	0.567333	0.088063	0.577127	0.079914	0.587194	0.071783	0.597538	0.063713	0.608165	0.055756	0.619079	0.047978	0.630287	0.040453	0.641794	0.033270	0.653604	0.026539	0.665723	0.020391	0.678157	0.014980	0.690909	0.010494	0.703986	0.007161	0.717392	0.005253	0.731132	0.005104	0.745212
792.856380	0.135618	0.522244	0.127952	0.530752	0.120159	0.539508	0.112252	0.548515	0.104247	0.557779	0.096169	0.567306	0.088040	0.577101	0.079892	0.587168	0.071761	0.597512	0.063692	0.608140	0.055737	0.619055	0.047960	0.630263	0.040435	0.641770	0.033254	0.653581	0.026524	0.665701	0.020377	0.678135	0.014967	0.690888	0.010483	0.703965	0.007151	0.717372	0.005246	0.731113	0.005098	0.745193
793.263980	0.135592	0.522216	0.127927	0.530724	0.120134	0.539480	0.112227	0.548488	0.104224	0.557753	0.096146	0.567280	0.088017	0.577075	0.079870	0.587142	0.071740	0.597487	0.063672	0.608115	0.055718	0.619030	0.047941	0.630239	0.040418	0.641747	0.033237	0.653558	0.026509	0.665679	0.020363	0.678113	0.014955	0.690866	0.010472	0.703945	0.007142	0.717352	0.005238	0.731094	0.005093	0.745175
793.671510	0.135567	0.522188	0.127902	0.530697	0.120109	0.539453	0.112203	0.548461	0.104200	0.557726	0.096123	0.567253	0.087995	0.577048	0.079848	0.587116	0.071719	0.597461	0.063651	0.608089	0.055698	0.619006	0.047922	0.630215	0.040400	0.641723	0.033221	0.653535	0.026494	0.665656	0.020349	0.678091	0.014942	0.690846	0.010462	0.703924	0.007132	0.717333	0.005231	0.731075	0.005087	0.745157
794.078920	0.135541	0.522161	0.127877	0.530670	0.120084	0.539426	0.112178	0.548434	0.104176	0.557699	0.096100	0.567227	0.087973	0.577022	0.079827	0.587090	0.071698	0.597436	0.063631	0.608064	0.055679	0.618981	0.047903	0.630191	0.040383	0.641699	0.033205	0.653513	0.026479	0.665634	0.020335	0.678070	0.014930	0.690825	0.010451	0.703904	0.007123	0.717313	0.005224	0.731056	0.005082	0.745138
794.486270	0.135516	0.522132	0.127852	0.530642	0.120060	0.539398	0.112154	0.548406	0.104153	0.557672	0.096077	0.567200	0.087950	0.576996	0.079805	0.587064	0.071677	0.597410	0.063611	0.608039	0.055660	0.618957	0.047885	0.630167	0.040365	0.641676	0.033189	0.653489	0.026464	0.665611	0.020321	0.678048	0.014917	0.690804	0.010440	0.703884	0.007114	0.717293	0.005216	0.731037	0.005076	0.745121
794.893490	0.135491	0.522104	0.127827	0.530614	0.120035	0.539370	0.112130	0.548379	0.104130	0.557646	0.096054	0.567174	0.087928	0.576970	0.079784	0.587039	0.071656	0.597385	0.063591	0.608014	0.055640	0.618932	0.047867	0.630143	0.040348	0.641653	0.033172	0.653466	0.026449	0.665589	0.020308	0.678026	0.014905	0.690783	0.010429	0.703863	0.007105	0.717273	0.005208	0.731018	0.005071	0.745103
795.300600	0.135465	0.522077	0.127801	0.530587	0.120011	0.539343	0.112107	0.548352	0.104107	0.557620	0.096031	0.567148	0.087906	0.576944	0.079762	0.587013	0.071636	0.597360	0.063571	0.607990	0.055621	0.618908	0.047849	0.630119	0.040330	0.641630	0.033156	0.653443	0.026434	0.665567	0.020294	0.678004	0.014893	0.690761	0.010418	0.703843	0.007096	0.717253	0.005200	0.730999	0.005065	0.745085
795.707580	0.135440	0.522050	0.127777	0.530560	0.119986	0.539316	0.112083	0.548326	0.104083	0.557593	0.096008	0.567122	0.087884	0.576918	0.079740	0.586987	0.071615	0.597335	0.063551	0.607965	0.055602	0.618883	0.047831	0.630095	0.040313	0.641606	0.033140	0.653420	0.026419	0.665545	0.020280	0.677982	0.014881	0.690740	0.010407	0.703823	0.007087	0.717234	0.005193	0.730980	0.005059	0.745067
796.114500	0.135415	0.522022	0.127752	0.530532	0.119962	0.539289	0.112059	0.548300	0.104059	0.557566	0.095986	0.567096	0.087862	0.576893	0.079719	0.586962	0.071594	0.597310	0.063530	0.607940	0.055583	0.618859	0.047813	0.630071	0.040296	0.641582	0.033123	0.653398	0.026404	0.665523	0.020266	0.677961	0.014869	0.690719	0.010396	0.703802	0.007077	0.717214	0.005186	0.730962	0.005053	0.745049
796.521300	0.135390	0.521995	0.127728	0.530505	0.119938	0.539262	0.112035	0.548273	0.104036	0.557540	0.095963	0.567070	0.087839	0.576867	0.079697	0.586937	0.071573	0.597285	0.063510	0.607916	0.055564	0.618835	0.047795	0.630048	0.040279	0.641559	0.033107	0.653375	0.026389	0.665500	0.020253	0.677939	0.014856	0.690698	0.010385	0.703782	0.007068	0.717195	0.005179	0.730943	0.005048	0.745031
796.928040	0.135364	0.521967	0.127703	0.530478	0.119914	0.539235	0.112011	0.548246	0.104013	0.557513	0.095940	0.567044	0.087817	0.576841	0.079676	0.586911	0.071553	0.597259	0.063491	0.607891	0.055544	0.618811	0.047776	0.630024	0.040261	0.641536	0.033091	0.653353	0.026374	0.665478	0.020239	0.677918	0.014844	0.690678	0.010375	0.703762	0.007060	0.717175	0.005171	0.730924	0.005043	0.745013
797.334590	0.135340	0.521940	0.127679	0.530451	0.119890	0.539208	0.111987	0.548219	0.103990	0.557486	0.095917	0.567017	0.087795	0.576815	0.079654	0.586886	0.071532	0.597235	0.063471	0.607867	0.055525	0.618787	0.047758	0.630001	0.040244	0.641513	0.033075	0.653330	0.026359	0.665456	0.020226	0.677896	0.014832	0.690657	0.010364	0.703742	0.007051	0.717156	0.005164	0.730906	0.005037	0.744995
797.741090	0.135315	0.521912	0.127654	0.530423	0.119866	0.539181	0.111964	0.548192	0.103967	0.557460	0.095894	0.566991	0.087773	0.576789	0.079633	0.586860	0.071511	0.597210	0.063451	0.607842	0.055506	0.618763	0.047740	0.629977	0.040227	0.641490	0.033059	0.653307	0.026344	0.665434	0.020213	0.677875	0.014820	0.690636	0.010354	0.703722	0.007042	0.717137	0.005157	0.730887	0.005032	0.744977
798.147460	0.135290	0.521885	0.127629	0.530396	0.119841	0.539154	0.111940	0.548165	0.103944	0.557434	0.095872	0.566965	0.087751	0.576764	0.079611	0.586835	0.071490	0.597185	0.063431	0.607817	0.055487	0.618738	0.047721	0.629953	0.040210	0.641467	0.033043	0.653285	0.026330	0.665412	0.020199	0.677853	0.014808	0.690615	0.010343	0.703702	0.007033	0.717118	0.005149	0.730868	0.005026	0.744960
798.553770	0.135265	0.521857	0.127605	0.530369	0.119817	0.539127	0.111917	0.548139	0.103920	0.557408	0.095849	0.566939	0.087729	0.576738	0.079590	0.586810	0.071470	0.597160	0.063411	0.607793	0.055468	0.618714	0.047704	0.629930	0.040193	0.641444	0.033027	0.653262	0.026315	0.665390	0.020185	0.677832	0.014795	0.690595	0.010333	0.703681	0.007023	0.717098	0.005142	0.730849	0.005021	0.744942
798.959960	0.135240	0.521830	0.127580	0.530342	0.119793	0.539101	0.111893	0.548113	0.103897	0.557382	0.095827	0.566914	0.087707	0.576713	0.079569	0.586784	0.071449	0.597134	0.063392	0.607768	0.055449	0.618690	0.047686	0.629906	0.040176	0.641421	0.033012	0.653240	0.026299	0.665368	0.020171	0.677811	0.014783	0.690574	0.010322	0.703661	0.007014	0.717079	0.005135	0.730831	0.005016	0.744924
799.366030	0.135216	0.521803	0.127556	0.530315	0.119769	0.539074	0.111870	0.548086	0.103874	0.557356	0.095805	0.566888	0.087686	0.576687	0.079548	0.586759	0.071429	0.597110	0.063372	0.607744	0.055430	0.618666	0.047668	0.629883	0.040159	0.641398	0.032996	0.653218	0.026285	0.665346	0.020158	0.677790	0.014771	0.690553	0.010311	0.703641	0.007005	0.717060	0.005127	0.730812	0.005010	0.744906
799.771970	0.135191	0.521776	0.127532	0.530288	0.119745	0.539048	0.111846	0.548060	0.103852	0.557330	0.095783	0.566862	0.087664	0.576661	0.079527	0.586734	0.071408	0.597086	0.063352	0.607720	0.055411	0.618642	0.047650	0.629859	0.040142	0.641375	0.032980	0.653196	0.026270	0.665324	0.020145	0.677769	0.014759	0.690533	0.010301	0.703621	0.006996	0.717041	0.005120	0.730794	0.005005	0.744888
800.177860	0.135166	0.521749	0.127507	0.530261	0.119721	0.539021	0.111823	0.548033	0.103829	0.557304	0.095760	0.566836	0.087642	0.576636	0.079506	0.586709	0.071388	0.597061	0.063332	0.607695	0.055393	0.618619	0.047632	0.629836	0.040126	0.641352	0.032964	0.653173	0.026256	0.665303	0.020131	0.677748	0.014747	0.690512	0.010290	0.703601	0.006987	0.717021	0.005113	0.730776	0.005000	0.744870
800.583620	0.135141	0.521722	0.127483	0.530235	0.119697	0.538994	0.111800	0.548007	0.103806	0.557278	0.095738	0.566810	0.087620	0.576611	0.079485	0.586684	0.071368	0.597036	0.063313	0.607672	0.055374	0.618595	0.047614	0.629813	0.040108	0.641329	0.032948	0.653151	0.026241	0.665281	0.020118	0.677727	0.014735	0.690492	0.010280	0.703581	0.006978	0.717002	0.005106	0.730758	0.004994	0.744853
800.989260	0.135117	0.521695	0.127459	0.530208	0.119674	0.538968	0.111777	0.547981	0.103783	0.557252	0.095716	0.566785	0.087599	0.576586	0.079464	0.586660	0.071348	0.597012	0.063294	0.607648	0.055355	0.618572	0.047596	0.629790	0.040091	0.641307	0.032932	0.653129	0.026226	0.665260	0.020104	0.677706	0.014723	0.690472	0.010269	0.703562	0.006969	0.716983	0.005099	0.730739	0.004988	0.744835
801.394780	0.135092	0.521668	0.127435	0.530181	0.119650	0.538941	0.111753	0.547955	0.103760	0.557226	0.095693	0.566759	0.087577	0.576561	0.079443	0.586635	0.071327	0.596987	0.063274	0.607623	0.055337	0.618548	0.047579	0.629767	0.040075	0.641284	0.032917	0.653106	0.026212	0.665238	0.020091	0.677684	0.014711	0.690451	0.010259	0.703542	0.006961	0.716964	0.005092	0.730721	0.004983	0.744818
801.800230	0.135068	0.521641	0.127411	0.530154	0.119627	0.538915	0.111730	0.547929	0.103737	0.557200	0.095671	0.566734	0.087556	0.576535	0.079422	0.586610	0.071307	0.596963	0.063255	0.607599	0.055318	0.618525	0.047561	0.629743	0.040058	0.641261	0.032901	0.653084	0.026198	0.665216	0.020078	0.677663	0.014699	0.690430	0.010248	0.703523	0.006952	0.716945	0.005085	0.730703	0.004978	0.744801
802.205570	0.135044	0.521614	0.127387	0.530128	0.119603	0.538889	0.111706	0.547903	0.103715	0.557174	0.095649	0.566708	0.087534	0.576510	0.079401	0.586585	0.071287	0.596939	0.063235	0.607575	0.055299	0.618501	0.047543	0.629720	0.040042	0.641238	0.032885	0.653062	0.026184	0.665194	0.020065	0.677642	0.014687	0.690410	0.010238	0.703503	0.006944	0.716926	0.005077	0.730685	0.004972	0.744783
802.610840	0.135019	0.521588	0.127363	0.530101	0.119580	0.538862	0.111683	0.547876	0.103692	0.557148	0.095627	0.566682	0.087513	0.576485	0.079380	0.586561	0.071266	0.596914	0.063216	0.607551	0.055281	0.618478	0.047526	0.629697	0.040025	0.641216	0.032870	0.653040	0.026169	0.665173	0.020052	0.677621	0.014675	0.690389	0.010227	0.703483	0.006935	0.716907	0.005070	0.730667	0.004967	0.744766
803.015990	0.134995	0.521561	0.127339	0.530075	0.119556	0.538836	0.111660	0.547850	0.103670	0.557122	0.095605	0.566657	0.087491	0.576460	0.079359	0.586536	0.071246	0.596890	0.063196	0.607527	0.055262	0.618454	0.047508	0.629674	0.040008	0.641193	0.032854	0.653018	0.026154	0.665151	0.020038	0.677600	0.014664	0.690369	0.010217	0.703463	0.006926	0.716888	0.005063	0.730648	0.004962	0.744748
803.421020	0.134971	0.521534	0.127315	0.530048	0.119533	0.538810	0.111637	0.547824	0.103647	0.557096	0.095583	0.566632	0.087470	0.576435	0.079338	0.586511	0.071226	0.596866	0.063177	0.607503	0.055244	0.618431	0.047491	0.629651	0.039992	0.641171	0.032839	0.652996	0.026140	0.665130	0.020025	0.677580	0.014652	0.690349	0.010206	0.703444	0.006917	0.716869	0.005056	0.730630	0.004957	0.744731
803.825930	0.134946	0.521508	0.127291	0.530021	0.119509	0.538784	0.111615	0.547798	0.103625	0.557071	0.095561	0.566607	0.087448	0.576410	0.079318	0.586487	0.071207	0.596841	0.063158	0.607479	0.055226	0.618407	0.047473	0.629628	0.039975	0.641149	0.032824	0.652974	0.026125	0.665108	0.020013	0.677559	0.014640	0.690329	0.010196	0.703424	0.006908	0.716850	0.005049	0.730612	0.004951	0.744713
804.230770	0.134922	0.521481	0.127267	0.529995	0.119486	0.538758	0.111592	0.547772	0.103602	0.557045	0.095538	0.566582	0.087427	0.576385	0.079297	0.586462	0.071187	0.596817	0.063139	0.607455	0.055207	0.618384	0.047455	0.629605	0.039958	0.641126	0.032808	0.652951	0.026111	0.665087	0.019999	0.677538	0.014628	0.690308	0.010186	0.703405	0.006899	0.716831	0.005042	0.730594	0.004946	0.744696
804.635440	0.134898	0.521454	0.127243	0.529969	0.119462	0.538732	0.111569	0.547746	0.103580	0.557020	0.095516	0.566556	0.087405	0.576360	0.079277	0.586437	0.071166	0.596793	0.063119	0.607431	0.055189	0.618360	0.047438	0.629582	0.039942	0.641103	0.032792	0.652930	0.026097	0.665066	0.019986	0.677517	0.014617	0.690288	0.010176	0.703386	0.006891	0.716813	0.005035	0.730575	0.004941	0.744679
805.040100	0.134874	0.521427	0.127220	0.529942	0.119439	0.538705	0.111546	0.547720	0.103558	0.556994	0.095495	0.566530	0.087384	0.576335	0.079256	0.586413	0.071146	0.596769	0.063100	0.607408	0.055170	0.618337	0.047420	0.629559	0.039925	0.641081	0.032776	0.652908	0.026083	0.665045	0.019973	0.677496	0.014605	0.690268	0.010166	0.703366	0.006882	0.716794	0.005028	0.730557	0.004936	0.744661
805.444580	0.134850	0.521401	0.127196	0.529916	0.119416	0.538679	0.111523	0.547695	0.103536	0.556969	0.095473	0.566505	0.087363	0.576310	0.079235	0.586388	0.071126	0.596744	0.063081	0.607384	0.055152	0.618313	0.047403	0.629536	0.039909	0.641058	0.032761	0.652886	0.026068	0.665023	0.019960	0.677475	0.014593	0.690248	0.010155	0.703347	0.006873	0.716775	0.005021	0.730539	0.004931	0.744644
805.849000	0.134826	0.521375	0.127173	0.529890	0.119393	0.538654	0.111500	0.547669	0.103513	0.556943	0.095452	0.566480	0.087342	0.576285	0.079215	0.586363	0.071106	0.596720	0.063062	0.607361	0.055134	0.618290	0.047385	0.629513	0.039893	0.641036	0.032746	0.652864	0.026054	0.665002	0.019947	0.677455	0.014581	0.690228	0.010145	0.703327	0.006864	0.716756	0.005014	0.730522	0.004926	0.744626
806.253300	0.134802	0.521349	0.127149	0.529864	0.119370	0.538628	0.111478	0.547644	0.103491	0.556918	0.095430	0.566455	0.087321	0.576261	0.079194	0.586339	0.071087	0.596696	0.063043	0.607337	0.055116	0.618266	0.047368	0.629491	0.039877	0.641014	0.032731	0.652842	0.026040	0.664981	0.019934	0.677434	0.014570	0.690209	0.010135	0.703308	0.006856	0.716737	0.005007	0.730504	0.004921	0.744609
806.657470	0.134778	0.521322	0.127126	0.529838	0.119347	0.538602	0.111455	0.547619	0.103469	0.556893	0.095408	0.566430	0.087300	0.576236	0.079174	0.586315	0.071068	0.596672	0.063024	0.607314	0.055097	0.618243	0.047351	0.629468	0.039860	0.640993	0.032716	0.652821	0.026026	0.664960	0.019922	0.677414	0.014559	0.690189	0.010124	0.703288	0.006847	0.716719	0.005000	0.730485	0.004916	0.744592
807.061580	0.134754	0.521296	0.127102	0.529812	0.119323	0.538576	0.111433	0.547593	0.103447	0.556868	0.095387	0.566405	0.087279	0.576211	0.079154	0.586291	0.071048	0.596648	0.063005	0.607290	0.055079	0.618221	0.047334	0.629446	0.039844	0.640971	0.032701	0.652800	0.026012	0.664939	0.019909	0.677394	0.014547	0.690169	0.010114	0.703269	0.006839	0.716700	0.004993	0.730467	0.004910	0.744575
807.465580	0.134730	0.521270	0.127079	0.529786	0.119300	0.538551	0.111410	0.547568	0.103425	0.556843	0.095365	0.566381	0.087258	0.576187	0.079134	0.586267	0.071028	0.596625	0.062987	0.607267	0.055062	0.618198	0.047317	0.629423	0.039827	0.640948	0.032685	0.652778	0.025998	0.664918	0.019896	0.677373	0.014536	0.690149	0.010104	0.703250	0.006830	0.716682	0.004986	0.730450	0.004905	0.744558
807.869450	0.134707	0.521244	0.127056	0.529760	0.119277	0.538525	0.111387	0.547542	0.103403	0.556818	0.095344	0.566356	0.087238	0.576163	0.079114	0.586243	0.071008	0.596602	0.062968	0.607244	0.055044	0.618175	0.047300	0.629401	0.039811	0.640926	0.032670	0.652757	0.025984	0.664897	0.019883	0.677353	0.014524	0.690129	0.010094	0.703231	0.006822	0.716664	0.004979	0.730433	0.004900	0.744541
808.273250	0.134683	0.521219	0.127032	0.529735	0.119255	0.538500	0.111365	0.547517	0.103381	0.556793	0.095322	0.566331	0.087217	0.576139	0.079093	0.586219	0.070989	0.596578	0.062949	0.607220	0.055026	0.618152	0.047282	0.629379	0.039795	0.640904	0.032655	0.652736	0.025970	0.664876	0.019870	0.677332	0.014512	0.690110	0.010084	0.703212	0.006813	0.716645	0.004972	0.730415	0.004895	0.744525
808.676940	0.134660	0.521193	0.127009	0.529709	0.119232	0.538474	0.111343	0.547492	0.103359	0.556768	0.095301	0.566307	0.087196	0.576115	0.079073	0.586195	0.070969	0.596554	0.062930	0.607197	0.055008	0.618129	0.047265	0.629356	0.039779	0.640882	0.032640	0.652714	0.025956	0.664855	0.019857	0.677312	0.014501	0.690090	0.010074	0.703193	0.006805	0.716627	0.004965	0.730397	0.004890	0.744508
809.080510	0.134636	0.521167	0.126985	0.529684	0.119209	0.538449	0.111321	0.547467	0.103337	0.556743	0.095280	0.566282	0.087175	0.576090	0.079053	0.586171	0.070950	0.596530	0.062911	0.607174	0.054989	0.618106	0.047249	0.629334	0.039763	0.640861	0.032625	0.652693	0.025942	0.664834	0.019844	0.677292	0.014490	0.690070	0.010064	0.703174	0.006796	0.716608	0.004959	0.730379	0.004885	0.744491
809.483950	0.134613	0.521141	0.126962	0.529658	0.119186	0.538423	0.111298	0.547442	0.103315	0.556718	0.095259	0.566257	0.087154	0.576065	0.079033	0.586147	0.070931	0.596507	0.062893	0.607151	0.054972	0.618084	0.047232	0.629311	0.039747	0.640839	0.032610	0.652671	0.025928	0.664813	0.019832	0.677272	0.014479	0.690050	0.010054	0.703155	0.006788	0.716590	0.004952	0.730362	0.004880	0.744474
809.887330	0.134590	0.521114	0.126939	0.529632	0.119163	0.538398	0.111276	0.547416	0.103293	0.556693	0.095238	0.566233	0.087134	0.576041	0.079013	0.586123	0.070911	0.596484	0.062874	0.607127	0.054954	0.618061	0.047215	0.629289	0.039731	0.640817	0.032595	0.652650	0.025914	0.664793	0.019820	0.677252	0.014467	0.690031	0.010045	0.703135	0.006779	0.716572	0.004945	0.730344	0.004874	0.744457
810.290590	0.134566	0.521088	0.126916	0.529606	0.119141	0.538373	0.111254	0.547391	0.103271	0.556668	0.095217	0.566208	0.087113	0.576016	0.078992	0.586099	0.070892	0.596460	0.062856	0.607104	0.054936	0.618038	0.047198	0.629267	0.039715	0.640795	0.032580	0.652629	0.025900	0.664772	0.019807	0.677231	0.014456	0.690011	0.010035	0.703116	0.006771	0.716554	0.004938	0.730326	0.004869	0.744440
810.693730	0.134542	0.521063	0.126893	0.529580	0.119118	0.538347	0.111231	0.547366	0.103250	0.556644	0.095195	0.566184	0.087093	0.575992	0.078972	0.586075	0.070873	0.596436	0.062837	0.607082	0.054918	0.618015	0.047181	0.629244	0.039699	0.640774	0.032565	0.652607	0.025886	0.664751	0.019794	0.677211	0.014444	0.689991	0.010025	0.703097	0.006762	0.716535	0.004931	0.730308	0.004865	0.744423
811.096800	0.134518	0.521037	0.126870	0.529555	0.119096	0.538322	0.111209	0.547341	0.103228	0.556619	0.095174	0.566159	0.087072	0.575968	0.078952	0.586051	0.070853	0.596412	0.062819	0.607058	0.054901	0.617993	0.047164	0.629222	0.039683	0.640752	0.032549	0.652586	0.025873	0.664730	0.019781	0.677190	0.014432	0.689971	0.010015	0.703078	0.006754	0.716517	0.004924	0.730291	0.004860	0.744406
811.499760	0.134495	0.521011	0.126848	0.529529	0.119073	0.538296	0.111186	0.547316	0.103206	0.556594	0.095152	0.566134	0.087051	0.575944	0.078932	0.586028	0.070834	0.596389	0.062800	0.607035	0.054883	0.617970	0.047147	0.629199	0.039667	0.640730	0.032534	0.652564	0.025859	0.664709	0.019768	0.677170	0.014421	0.689952	0.010005	0.703059	0.006745	0.716498	0.004918	0.730273	0.004855	0.744390
811.902590	0.134472	0.520985	0.126825	0.529504	0.119050	0.538271	0.111164	0.547291	0.103184	0.556569	0.095131	0.566110	0.087030	0.575920	0.078913	0.586004	0.070815	0.596366	0.062781	0.607012	0.054865	0.617947	0.047130	0.629177	0.039651	0.640708	0.032520	0.652543	0.025845	0.664689	0.019756	0.677150	0.014410	0.689933	0.009995	0.703041	0.006737	0.716480	0.004912	0.730256	0.004849	0.744373
812.305300	0.134449	0.520960	0.126802	0.529479	0.119028	0.538246	0.111142	0.547266	0.103163	0.556544	0.095110	0.566086	0.087010	0.575896	0.078893	0.585980	0.070796	0.596342	0.062763	0.606989	0.054848	0.617925	0.047113	0.629156	0.039635	0.640686	0.032505	0.652522	0.025832	0.664668	0.019744	0.677130	0.014399	0.689913	0.009985	0.703022	0.006729	0.716462	0.004905	0.730239	0.004844	0.744356
812.707950	0.134426	0.520934	0.126779	0.529453	0.119005	0.538221	0.111121	0.547241	0.103141	0.556520	0.095089	0.566062	0.086989	0.575872	0.078873	0.585956	0.070777	0.596319	0.062744	0.606966	0.054830	0.617902	0.047096	0.629134	0.039619	0.640665	0.032491	0.652501	0.025818	0.664648	0.019731	0.677110	0.014388	0.689894	0.009975	0.703003	0.006721	0.716444	0.004898	0.730222	0.004839	0.744339
813.110470	0.134403	0.520909	0.126756	0.529428	0.118983	0.538196	0.111099	0.547216	0.103120	0.556495	0.095068	0.566037	0.086970	0.575848	0.078854	0.585933	0.070758	0.596296	0.062726	0.606944	0.054812	0.617880	0.047079	0.629112	0.039604	0.640643	0.032476	0.652480	0.025804	0.664627	0.019719	0.677091	0.014377	0.689875	0.009965	0.702985	0.006713	0.716426	0.004891	0.730204	0.004835	0.744322
813.512940	0.134380	0.520884	0.126733	0.529403	0.118961	0.538171	0.111077	0.547192	0.103099	0.556471	0.095048	0.566013	0.086950	0.575825	0.078834	0.585909	0.070739	0.596273	0.062708	0.606921	0.054795	0.617858	0.047063	0.629090	0.039588	0.640622	0.032461	0.652459	0.025791	0.664607	0.019706	0.677071	0.014366	0.689855	0.009956	0.702966	0.006704	0.716408	0.004885	0.730187	0.004830	0.744306
813.915220	0.134357	0.520858	0.126711	0.529378	0.118939	0.538146	0.111056	0.547167	0.103078	0.556447	0.095027	0.565989	0.086929	0.575801	0.078814	0.585886	0.070720	0.596250	0.062690	0.606898	0.054778	0.617836	0.047046	0.629068	0.039572	0.640600	0.032446	0.652438	0.025777	0.664586	0.019694	0.677051	0.014354	0.689836	0.009946	0.702948	0.006696	0.716391	0.004878	0.730170	0.004825	0.744289
814.317440	0.134334	0.520833	0.126688	0.529353	0.118917	0.538121	0.111034	0.547143	0.103056	0.556423	0.095007	0.565965	0.086909	0.575777	0.078794	0.585863	0.070701	0.596227	0.062672	0.606875	0.054760	0.617814	0.047030	0.629046	0.039557	0.640579	0.032431	0.652418	0.025763	0.664566	0.019681	0.677032	0.014343	0.689817	0.009936	0.702929	0.006688	0.716373	0.004872	0.730152	0.004820	0.744273
814.719540	0.134311	0.520808	0.126666	0.529328	0.118894	0.538096	0.111012	0.547118	0.103035	0.556398	0.094986	0.565942	0.086888	0.575754	0.078775	0.585839	0.070682	0.596204	0.062654	0.606853	0.054743	0.617791	0.047014	0.629024	0.039541	0.640558	0.032417	0.652397	0.025749	0.664546	0.019669	0.677012	0.014332	0.689797	0.009927	0.702911	0.006680	0.716355	0.004865	0.730135	0.004815	0.744257
815.121580	0.134288	0.520782	0.126643	0.529303	0.118872	0.538072	0.110990	0.547094	0.103014	0.556374	0.094965	0.565918	0.086868	0.575730	0.078755	0.585816	0.070663	0.596181	0.062635	0.606830	0.054726	0.617769	0.046997	0.629002	0.039525	0.640537	0.032403	0.652376	0.025736	0.664526	0.019657	0.676992	0.014321	0.689778	0.009917	0.702892	0.006671	0.716337	0.004858	0.730118	0.004810	0.744240
815.523500	0.134265	0.520758	0.126621	0.529279	0.118850	0.538047	0.110969	0.547069	0.102993	0.556349	0.094944	0.565894	0.086848	0.575706	0.078736	0.585793	0.070644	0.596158	0.062617	0.606808	0.054708	0.617747	0.046981	0.628981	0.039510	0.640515	0.032388	0.652355	0.025723	0.664505	0.019645	0.676972	0.014310	0.689759	0.009907	0.702873	0.006663	0.716319	0.004851	0.730100	0.004805	0.744223
815.925290	0.134242	0.520733	0.126598	0.529254	0.118828	0.538023	0.110947	0.547045	0.102972	0.556325	0.094924	0.565869	0.086828	0.575682	0.078717	0.585769	0.070626	0.596135	0.062598	0.606785	0.054690	0.617725	0.046964	0.628959	0.039495	0.640494	0.032374	0.652334	0.025709	0.664485	0.019632	0.676952	0.014299	0.689741	0.009898	0.702855	0.006655	0.716301	0.004845	0.730083	0.004800	0.744207
816.326970	0.134219	0.520707	0.126576	0.529228	0.118806	0.537998	0.110925	0.547020	0.102951	0.556301	0.094903	0.565846	0.086808	0.575659	0.078697	0.585746	0.070607	0.596112	0.062580	0.606763	0.054673	0.617703	0.046948	0.628937	0.039479	0.640473	0.032359	0.652313	0.025696	0.664465	0.019620	0.676932	0.014288	0.689721	0.009888	0.702836	0.006646	0.716283	0.004839	0.730066	0.004795	0.744191
816.728580	0.134196	0.520682	0.126553	0.529203	0.118784	0.537973	0.110904	0.546995	0.102929	0.556277	0.094882	0.565822	0.086787	0.575635	0.078677	0.585723	0.070588	0.596090	0.062562	0.606740	0.054656	0.617680	0.046931	0.628916	0.039464	0.640451	0.032344	0.652293	0.025682	0.664445	0.019607	0.676912	0.014277	0.689702	0.009879	0.702817	0.006638	0.716265	0.004832	0.730049	0.004790	0.744175
817.130070	0.134174	0.520657	0.126531	0.529178	0.118762	0.537948	0.110882	0.546971	0.102908	0.556253	0.094861	0.565798	0.086768	0.575611	0.078658	0.585699	0.070569	0.596067	0.062544	0.606718	0.054639	0.617658	0.046915	0.628894	0.039448	0.640430	0.032329	0.652272	0.025669	0.664425	0.019595	0.676893	0.014266	0.689683	0.009869	0.702799	0.006630	0.716247	0.004826	0.730032	0.004785	0.744159
817.531430	0.134151	0.520632	0.126509	0.529153	0.118740	0.537924	0.110861	0.546947	0.102887	0.556229	0.094841	0.565775	0.086748	0.575588	0.078638	0.585676	0.070550	0.596044	0.062527	0.606695	0.054622	0.617636	0.046898	0.628873	0.039433	0.640409	0.032315	0.652251	0.025655	0.664404	0.019583	0.676874	0.014255	0.689664	0.009859	0.702781	0.006622	0.716230	0.004819	0.730015	0.004781	0.744142
817.932740	0.134129	0.520607	0.126487	0.529129	0.118719	0.537899	0.110840	0.546923	0.102866	0.556205	0.094820	0.565751	0.086728	0.575565	0.078619	0.585653	0.070531	0.596021	0.062509	0.606673	0.054605	0.617615	0.046882	0.628852	0.039418	0.640389	0.032301	0.652230	0.025642	0.664384	0.019571	0.676854	0.014244	0.689645	0.009850	0.702763	0.006614	0.716212	0.004812	0.729998	0.004776	0.744126
818.333920	0.134106	0.520582	0.126464	0.529105	0.118697	0.537875	0.110818	0.546899	0.102846	0.556181	0.094800	0.565727	0.086708	0.575542	0.078600	0.585630	0.070513	0.595998	0.062491	0.606651	0.054588	0.617593	0.046866	0.628830	0.039402	0.640367	0.032287	0.652210	0.025629	0.664364	0.019559	0.676835	0.014233	0.689626	0.009840	0.702745	0.006606	0.716194	0.004806	0.729981	0.004771	0.744110
818.734990	0.134084	0.520557	0.126442	0.529080	0.118675	0.537850	0.110797	0.546875	0.102825	0.556157	0.094780	0.565704	0.086688	0.575518	0.078581	0.585607	0.070494	0.595976	0.062473	0.606629	0.054570	0.617571	0.046850	0.628808	0.039386	0.640346	0.032273	0.652189	0.025616	0.664344	0.019547	0.676815	0.014222	0.689607	0.009830	0.702726	0.006598	0.716177	0.004799	0.729964	0.004767	0.744094
819.135930	0.134061	0.520533	0.126419	0.529056	0.118654	0.537826	0.110776	0.546851	0.102804	0.556133	0.094760	0.565680	0.086668	0.575495	0.078562	0.585584	0.070476	0.595953	0.062455	0.606606	0.054553	0.617549	0.046833	0.628787	0.039371	0.640325	0.032258	0.652169	0.025603	0.664324	0.019535	0.676795	0.014211	0.689589	0.009821	0.702708	0.006590	0.716159	0.004793	0.729947	0.004762	0.744077
819.536800	0.134039	0.520508	0.126397	0.529031	0.118631	0.537802	0.110755	0.546827	0.102783	0.556109	0.094740	0.565656	0.086649	0.575472	0.078543	0.585561	0.070457	0.595930	0.062437	0.606584	0.054536	0.617527	0.046817	0.628765	0.039356	0.640304	0.032244	0.652149	0.025589	0.664305	0.019523	0.676776	0.014200	0.689570	0.009812	0.702690	0.006582	0.716142	0.004786	0.729931	0.004758	0.744061
819.937560	0.134017	0.520483	0.126375	0.529006	0.118609	0.537778	0.110733	0.546803	0.102762	0.556086	0.094719	0.565633	0.086629	0.575449	0.078524	0.585539	0.070439	0.595908	0.062420	0.606561	0.054520	0.617505	0.046801	0.628744	0.039340	0.640283	0.032229	0.652128	0.025576	0.664285	0.019511	0.676757	0.014190	0.689551	0.009802	0.702672	0.006574	0.716125	0.004780	0.729914	0.004753	0.744045
820.338260	0.133994	0.520458	0.126354	0.528982	0.118588	0.537754	0.110712	0.546779	0.102742	0.556062	0.094699	0.565609	0.086609	0.575426	0.078505	0.585516	0.070420	0.595885	0.062402	0.606539	0.054503	0.617484	0.046784	0.628723	0.039325	0.640263	0.032215	0.652108	0.025563	0.664265	0.019499	0.676738	0.014179	0.689532	0.009793	0.702654	0.006566	0.716107	0.004774	0.729897	0.004748	0.744028
820.738770	0.133972	0.520434	0.126332	0.528958	0.118567	0.537730	0.110691	0.546755	0.102721	0.556038	0.094679	0.565586	0.086590	0.575403	0.078486	0.585493	0.070402	0.595863	0.062385	0.606517	0.054485	0.617462	0.046768	0.628702	0.039310	0.640242	0.032201	0.652088	0.025550	0.664245	0.019487	0.676719	0.014169	0.689514	0.009783	0.702636	0.006558	0.716089	0.004767	0.729880	0.004743	0.744012
821.139220	0.133949	0.520410	0.126310	0.528934	0.118546	0.537706	0.110670	0.546731	0.102701	0.556015	0.094659	0.565563	0.086570	0.575380	0.078466	0.585470	0.070384	0.595841	0.062367	0.606495	0.054468	0.617440	0.046752	0.628681	0.039295	0.640222	0.032187	0.652068	0.025537	0.664225	0.019475	0.676699	0.014158	0.689496	0.009774	0.702618	0.006550	0.716072	0.004761	0.729863	0.004738	0.743996
821.539550	0.133927	0.520385	0.126288	0.528909	0.118524	0.537682	0.110648	0.546707	0.102680	0.555991	0.094639	0.565540	0.086551	0.575357	0.078448	0.585448	0.070366	0.595819	0.062349	0.606474	0.054451	0.617419	0.046736	0.628659	0.039280	0.640201	0.032173	0.652047	0.025524	0.664205	0.019463	0.676680	0.014148	0.689477	0.009764	0.702600	0.006543	0.716055	0.004754	0.729847	0.004733	0.743980
821.939820	0.133905	0.520361	0.126266	0.528885	0.118502	0.537658	0.110627	0.546684	0.102659	0.555968	0.094619	0.565516	0.086532	0.575333	0.078429	0.585425	0.070348	0.595796	0.062332	0.606452	0.054434	0.617397	0.046720	0.628638	0.039265	0.640180	0.032159	0.652027	0.025511	0.664186	0.019451	0.676661	0.014137	0.689458	0.009755	0.702582	0.006535	0.716038	0.004748	0.729830	0.004729	0.743964
822.339970	0.133883	0.520336	0.126245	0.528860	0.118481	0.537634	0.110606	0.546660	0.102639	0.555944	0.094599	0.565493	0.086512	0.575311	0.078410	0.585403	0.070329	0.595774	0.062314	0.606430	0.054418	0.617376	0.046705	0.628617	0.039250	0.640160	0.032145	0.652007	0.025498	0.664166	0.019439	0.676642	0.014126	0.689439	0.009746	0.702564	0.006527	0.716020	0.004742	0.729814	0.004724	0.743949
822.739990	0.133861	0.520312	0.126223	0.528837	0.118460	0.537610	0.110585	0.546635	0.102618	0.555921	0.094579	0.565470	0.086493	0.575288	0.078391	0.585381	0.070311	0.595751	0.062296	0.606408	0.054402	0.617355	0.046689	0.628596	0.039235	0.640139	0.032130	0.651987	0.025485	0.664147	0.019428	0.676623	0.014115	0.689421	0.009737	0.702546	0.006519	0.716003	0.004736	0.729797	0.004720	0.743933
823.139890	0.133839	0.520288	0.126201	0.528813	0.118439	0.537586	0.110565	0.546612	0.102598	0.555898	0.094559	0.565447	0.086473	0.575265	0.078372	0.585358	0.070293	0.595729	0.062279	0.606386	0.054385	0.617334	0.046673	0.628576	0.039220	0.640119	0.032116	0.651967	0.025471	0.664127	0.019416	0.676604	0.014104	0.689403	0.009728	0.702528	0.006511	0.715986	0.004730	0.729780	0.004715	0.743917
823.539730	0.133817	0.520264	0.126180	0.528789	0.118417	0.537562	0.110544	0.546589	0.102577	0.555875	0.094539	0.565424	0.086454	0.575242	0.078354	0.585336	0.070275	0.595707	0.062262	0.606365	0.054368	0.617313	0.046657	0.628555	0.039205	0.640098	0.032103	0.651947	0.025459	0.664108	0.019404	0.676585	0.014094	0.689384	0.009719	0.702510	0.006503	0.715969	0.004723	0.729764	0.004711	0.743901
823.939450	0.133795	0.520240	0.126158	0.528765	0.118396	0.537538	0.110523	0.546566	0.102557	0.555852	0.094519	0.565400	0.086435	0.575219	0.078335	0.585313	0.070257	0.595685	0.062245	0.606343	0.054352	0.617291	0.046641	0.628534	0.039190	0.640077	0.032089	0.651927	0.025446	0.664089	0.019392	0.676566	0.014084	0.689366	0.009709	0.702493	0.006495	0.715952	0.004717	0.729747	0.004706	0.743885
824.339050	0.133773	0.520215	0.126137	0.528741	0.118375	0.537514	0.110502	0.546542	0.102537	0.555828	0.094499	0.565378	0.086416	0.575197	0.078316	0.585291	0.070239	0.595663	0.062228	0.606322	0.054335	0.617270	0.046626	0.628513	0.039175	0.640057	0.032075	0.651907	0.025433	0.664070	0.019380	0.676547	0.014073	0.689347	0.009700	0.702475	0.006487	0.715934	0.004710	0.729731	0.004701	0.743870
824.738590	0.133751	0.520191	0.126115	0.528717	0.118354	0.537490	0.110482	0.546519	0.102517	0.555804	0.094480	0.565355	0.086397	0.575175	0.078297	0.585269	0.070221	0.595641	0.062210	0.606300	0.054319	0.617248	0.046610	0.628492	0.039161	0.640036	0.032061	0.651887	0.025420	0.664050	0.019368	0.676528	0.014063	0.689329	0.009691	0.702457	0.006480	0.715917	0.004704	0.729715	0.004697	0.743854
825.138000	0.133729	0.520167	0.126094	0.528693	0.118333	0.537467	0.110461	0.546495	0.102497	0.555781	0.094460	0.565332	0.086377	0.575152	0.078279	0.585246	0.070203	0.595619	0.062193	0.606279	0.054302	0.617227	0.046595	0.628471	0.039146	0.640016	0.032047	0.651867	0.025408	0.664030	0.019357	0.676510	0.014052	0.689311	0.009682	0.702439	0.006472	0.715900	0.004698	0.729698	0.004692	0.743839
825.537290	0.133708	0.520143	0.126073	0.528669	0.118312	0.537443	0.110440	0.546471	0.102477	0.555758	0.094441	0.565309	0.086358	0.575129	0.078260	0.585224	0.070185	0.595597	0.062175	0.606257	0.054285	0.617205	0.046579	0.628451	0.039131	0.639996	0.032033	0.651848	0.025395	0.664011	0.019346	0.676491	0.014042	0.689292	0.009673	0.702421	0.006465	0.715883	0.004692	0.729682	0.004688	0.743823
825.936460	0.133686	0.520119	0.126051	0.528645	0.118291	0.537420	0.110420	0.546448	0.102456	0.555736	0.094421	0.565287	0.086339	0.575107	0.078242	0.585202	0.070167	0.595575	0.062158	0.606235	0.054269	0.617184	0.046563	0.628430	0.039116	0.639976	0.032019	0.651828	0.025382	0.663991	0.019334	0.676472	0.014032	0.689274	0.009663	0.702404	0.006457	0.715866	0.004686	0.729666	0.004683	0.743807
826.335570	0.133665	0.520095	0.126030	0.528621	0.118270	0.537396	0.110400	0.546424	0.102436	0.555713	0.094402	0.565264	0.086320	0.575084	0.078224	0.585180	0.070149	0.595554	0.062141	0.606214	0.054252	0.617164	0.046547	0.628410	0.039102	0.639956	0.032006	0.651808	0.025369	0.663972	0.019322	0.676453	0.014021	0.689256	0.009654	0.702386	0.006449	0.715849	0.004680	0.729649	0.004678	0.743792
826.734560	0.133643	0.520071	0.126008	0.528598	0.118249	0.537373	0.110380	0.546401	0.102416	0.555689	0.094382	0.565241	0.086301	0.575062	0.078205	0.585158	0.070131	0.595532	0.062124	0.606192	0.054236	0.617143	0.046531	0.628389	0.039087	0.639935	0.031992	0.651788	0.025356	0.663953	0.019310	0.676434	0.014011	0.689238	0.009645	0.702369	0.006441	0.715832	0.004674	0.729633	0.004674	0.743776
827.133420	0.133622	0.520047	0.125987	0.528574	0.118228	0.537349	0.110359	0.546378	0.102396	0.555666	0.094362	0.565218	0.086282	0.575040	0.078187	0.585136	0.070113	0.595511	0.062107	0.606171	0.054220	0.617122	0.046516	0.628368	0.039072	0.639915	0.031978	0.651768	0.025344	0.663934	0.019298	0.676416	0.014001	0.689220	0.009636	0.702351	0.006433	0.715815	0.004668	0.729617	0.004670	0.743761
827.532230	0.133600	0.520024	0.125966	0.528551	0.118207	0.537326	0.110338	0.546355	0.102376	0.555644	0.094343	0.565196	0.086263	0.575017	0.078169	0.585113	0.070095	0.595489	0.062090	0.606150	0.054203	0.617101	0.046501	0.628347	0.039057	0.639895	0.031964	0.651749	0.025331	0.663915	0.019287	0.676397	0.013990	0.689202	0.009627	0.702334	0.006426	0.715798	0.004661	0.729600	0.004665	0.743745
827.930910	0.133579	0.520000	0.125945	0.528527	0.118187	0.537303	0.110318	0.546332	0.102356	0.555621	0.094323	0.565173	0.086244	0.574995	0.078150	0.585091	0.070078	0.595468	0.062073	0.606129	0.054187	0.617080	0.046486	0.628327	0.039043	0.639875	0.031950	0.651729	0.025318	0.663895	0.019276	0.676378	0.013980	0.689184	0.009619	0.702316	0.006418	0.715781	0.004655	0.729584	0.004661	0.743729
828.329470	0.133557	0.519976	0.125923	0.528504	0.118166	0.537280	0.110297	0.546309	0.102337	0.555598	0.094304	0.565151	0.086225	0.574972	0.078132	0.585069	0.070061	0.595446	0.062056	0.606107	0.054171	0.617059	0.046470	0.628306	0.039028	0.639855	0.031937	0.651710	0.025305	0.663876	0.019265	0.676360	0.013969	0.689166	0.009610	0.702298	0.006411	0.715764	0.004649	0.729567	0.004656	0.743713
828.727970	0.133536	0.519952	0.125902	0.528480	0.118145	0.537256	0.110277	0.546286	0.102317	0.555575	0.094284	0.565128	0.086206	0.574950	0.078114	0.585047	0.070043	0.595424	0.062039	0.606086	0.054155	0.617038	0.046455	0.628286	0.039014	0.639835	0.031923	0.651690	0.025293	0.663857	0.019253	0.676342	0.013959	0.689147	0.009600	0.702281	0.006403	0.715747	0.004643	0.729551	0.004651	0.743698
829.126340	0.133514	0.519928	0.125881	0.528457	0.118124	0.537233	0.110257	0.546263	0.102297	0.555552	0.094265	0.565106	0.086187	0.574928	0.078095	0.585025	0.070025	0.595402	0.062022	0.606064	0.054139	0.617017	0.046439	0.628266	0.038999	0.639815	0.031910	0.651671	0.025280	0.663838	0.019241	0.676323	0.013949	0.689129	0.009591	0.702264	0.006396	0.715731	0.004637	0.729535	0.004647	0.743683
829.524600	0.133493	0.519905	0.125861	0.528433	0.118104	0.537209	0.110237	0.546239	0.102277	0.555529	0.094246	0.565083	0.086168	0.574906	0.078077	0.585003	0.070007	0.595381	0.062005	0.606043	0.054122	0.616997	0.046423	0.628245	0.038985	0.639795	0.031896	0.651651	0.025268	0.663819	0.019230	0.676304	0.013938	0.689111	0.009582	0.702246	0.006388	0.715714	0.004631	0.729519	0.004642	0.743668
829.922730	0.133471	0.519882	0.125840	0.528410	0.118083	0.537186	0.110217	0.546216	0.102257	0.555506	0.094227	0.565060	0.086150	0.574884	0.078059	0.584981	0.069989	0.595359	0.061988	0.606022	0.054106	0.616976	0.046408	0.628225	0.038970	0.639775	0.031883	0.651632	0.025255	0.663801	0.019218	0.676286	0.013928	0.689093	0.009573	0.702229	0.006380	0.715697	0.004625	0.729503	0.004638	0.743652
830.320800	0.133450	0.519858	0.125819	0.528386	0.118063	0.537163	0.110197	0.546194	0.102237	0.555484	0.094207	0.565038	0.086131	0.574862	0.078041	0.584960	0.069972	0.595338	0.061971	0.606001	0.054090	0.616955	0.046393	0.628205	0.038955	0.639755	0.031869	0.651612	0.025243	0.663782	0.019207	0.676267	0.013918	0.689076	0.009564	0.702212	0.006373	0.715681	0.004619	0.729487	0.004633	0.743636
830.718750	0.133429	0.519835	0.125798	0.528363	0.118042	0.537140	0.110176	0.546171	0.102218	0.555462	0.094188	0.565016	0.086112	0.574840	0.078023	0.584938	0.069955	0.595316	0.061954	0.605980	0.054074	0.616935	0.046378	0.628184	0.038941	0.639735	0.031856	0.651593	0.025230	0.663762	0.019195	0.676249	0.013907	0.689058	0.009555	0.702194	0.006365	0.715664	0.004613	0.729471	0.004629	0.743621
831.116580	0.133408	0.519811	0.125777	0.528339	0.118022	0.537117	0.110156	0.546148	0.102198	0.555439	0.094168	0.564993	0.086093	0.574818	0.078005	0.584917	0.069938	0.595295	0.061937	0.605959	0.054058	0.616914	0.046362	0.628164	0.038927	0.639715	0.031842	0.651573	0.025217	0.663743	0.019184	0.676231	0.013897	0.689040	0.009546	0.702177	0.006358	0.715647	0.004607	0.729455	0.004625	0.743606
831.514340	0.133387	0.519788	0.125756	0.528316	0.118001	0.537094	0.110136	0.546126	0.102179	0.555417	0.094149	0.564971	0.086075	0.574796	0.077986	0.584895	0.069921	0.595274	0.061920	0.605938	0.054042	0.616893	0.046347	0.628144	0.038913	0.639695	0.031828	0.651554	0.025205	0.663725	0.019172	0.676212	0.013887	0.689022	0.009538	0.702160	0.006351	0.715630	0.004601	0.729439	0.004620	0.743590
831.911930	0.133366	0.519764	0.125736	0.528293	0.117981	0.537071	0.110116	0.546103	0.102159	0.555394	0.094130	0.564949	0.086056	0.574774	0.077968	0.584873	0.069903	0.595253	0.061904	0.605917	0.054026	0.616873	0.046331	0.628124	0.038898	0.639675	0.031815	0.651535	0.025193	0.663706	0.019161	0.676194	0.013877	0.689005	0.009529	0.702143	0.006344	0.715614	0.004594	0.729424	0.004616	0.743575
832.309510	0.133345	0.519741	0.125715	0.528270	0.117960	0.537048	0.110097	0.546080	0.102140	0.555372	0.094111	0.564927	0.086038	0.574752	0.077950	0.584851	0.069885	0.595231	0.061887	0.605896	0.054009	0.616852	0.046316	0.628103	0.038884	0.639656	0.031802	0.651516	0.025180	0.663687	0.019150	0.676176	0.013867	0.688987	0.009520	0.702126	0.006336	0.715597	0.004589	0.729408	0.004612	0.743560
832.706910	0.133324	0.519717	0.125694	0.528247	0.117940	0.537025	0.110077	0.546058	0.102120	0.555349	0.094092	0.564904	0.086019	0.574730	0.077932	0.584830	0.069868	0.595210	0.061870	0.605875	0.053994	0.616831	0.046301	0.628083	0.038870	0.639636	0.031789	0.651496	0.025168	0.663669	0.019139	0.676157	0.013857	0.688969	0.009511	0.702109	0.006329	0.715581	0.004583	0.729392	0.004607	0.743545
833.104250	0.133302	0.519694	0.125674	0.528224	0.117920	0.537002	0.110057	0.546035	0.102101	0.555327	0.094073	0.564882	0.086001	0.574708	0.077914	0.584808	0.069850	0.595188	0.061854	0.605855	0.053978	0.616811	0.046286	0.628063	0.038855	0.639617	0.031775	0.651477	0.025156	0.663650	0.019128	0.676139	0.013847	0.688951	0.009503	0.702091	0.006321	0.715565	0.004578	0.729376	0.004603	0.743530
833.501460	0.133281	0.519671	0.125653	0.528201	0.117899	0.536979	0.110037	0.546012	0.102081	0.555305	0.094054	0.564860	0.085983	0.574686	0.077896	0.584787	0.069833	0.595167	0.061837	0.605834	0.053963	0.616790	0.046271	0.628043	0.038841	0.639597	0.031762	0.651458	0.025143	0.663631	0.019116	0.676121	0.013837	0.688934	0.009494	0.702074	0.006313	0.715548	0.004572	0.729360	0.004599	0.743515
833.898560	0.133260	0.519648	0.125632	0.528178	0.117879	0.536957	0.110017	0.545990	0.102062	0.555283	0.094036	0.564839	0.085965	0.574665	0.077879	0.584765	0.069816	0.595146	0.061821	0.605813	0.053947	0.616770	0.046257	0.628023	0.038827	0.639578	0.031748	0.651439	0.025131	0.663613	0.019105	0.676104	0.013827	0.688916	0.009485	0.702057	0.006306	0.715532	0.004566	0.729344	0.004594	0.743500
834.295590	0.133240	0.519625	0.125612	0.528155	0.117859	0.536934	0.109997	0.545967	0.102043	0.555260	0.094017	0.564817	0.085946	0.574643	0.077861	0.584744	0.069799	0.595126	0.061805	0.605793	0.053931	0.616750	0.046242	0.628003	0.038813	0.639559	0.031735	0.651420	0.025119	0.663594	0.019094	0.676085	0.013817	0.688899	0.009476	0.702041	0.006299	0.715516	0.004560	0.729328	0.004590	0.743485
834.692500	0.133219	0.519603	0.125592	0.528132	0.117839	0.536912	0.109977	0.545945	0.102024	0.555238	0.093998	0.564795	0.085928	0.574622	0.077844	0.584723	0.069782	0.595105	0.061789	0.605772	0.053915	0.616730	0.046227	0.627983	0.038799	0.639539	0.031722	0.651401	0.025107	0.663575	0.019082	0.676067	0.013807	0.688882	0.009468	0.702024	0.006292	0.715500	0.004554	0.729313	0.004585	0.743470
835.089290	0.133198	0.519580	0.125571	0.528110	0.117820	0.536890	0.109958	0.545923	0.102005	0.555216	0.093980	0.564773	0.085910	0.574600	0.077826	0.584702	0.069765	0.595084	0.061772	0.605751	0.053899	0.616709	0.046212	0.627964	0.038785	0.639520	0.031709	0.651383	0.025095	0.663557	0.019072	0.676049	0.013797	0.688864	0.009459	0.702007	0.006284	0.715483	0.004548	0.729297	0.004581	0.743455
835.485960	0.133178	0.519557	0.125551	0.528087	0.117800	0.536867	0.109938	0.545901	0.101985	0.555194	0.093961	0.564751	0.085892	0.574579	0.077808	0.584681	0.069748	0.595063	0.061756	0.605731	0.053884	0.616689	0.046196	0.627944	0.038771	0.639500	0.031696	0.651364	0.025083	0.663539	0.019061	0.676031	0.013787	0.688847	0.009450	0.701990	0.006277	0.715467	0.004542	0.729282	0.004577	0.743440
835.882570	0.133157	0.519534	0.125530	0.528065	0.117780	0.536845	0.109919	0.545879	0.101966	0.555172	0.093943	0.564729	0.085873	0.574557	0.077790	0.584659	0.069731	0.595042	0.061739	0.605710	0.053869	0.616669	0.046181	0.627925	0.038756	0.639481	0.031683	0.651345	0.025071	0.663520	0.019050	0.676013	0.013777	0.688829	0.009442	0.701973	0.006269	0.715451	0.004536	0.729266	0.004573	0.743424
836.279050	0.133136	0.519511	0.125510	0.528042	0.117760	0.536822	0.109899	0.545856	0.101946	0.555150	0.093924	0.564708	0.085855	0.574536	0.077773	0.584638	0.069714	0.595021	0.061722	0.605690	0.053853	0.616649	0.046167	0.627905	0.038742	0.639462	0.031670	0.651326	0.025059	0.663502	0.019039	0.675995	0.013767	0.688812	0.009433	0.701956	0.006262	0.715435	0.004530	0.729250	0.004569	0.743409
836.675480	0.133116	0.519488	0.125489	0.528019	0.117740	0.536799	0.109880	0.545834	0.101927	0.555128	0.093905	0.564687	0.085837	0.574515	0.077755	0.584617	0.069697	0.595001	0.061706	0.605670	0.053837	0.616629	0.046152	0.627885	0.038728	0.639443	0.031657	0.651306	0.025047	0.663483	0.019028	0.675978	0.013758	0.688794	0.009424	0.701940	0.006255	0.715418	0.004524	0.729235	0.004565	0.743394
837.071720	0.133095	0.519465	0.125469	0.527997	0.117719	0.536777	0.109860	0.545812	0.101909	0.555106	0.093887	0.564665	0.085819	0.574493	0.077738	0.584596	0.069680	0.594980	0.061690	0.605649	0.053821	0.616609	0.046137	0.627865	0.038715	0.639424	0.031644	0.651288	0.025035	0.663465	0.019017	0.675960	0.013748	0.688777	0.009415	0.701923	0.006248	0.715402	0.004518	0.729219	0.004560	0.743379
837.467900	0.133075	0.519442	0.125449	0.527974	0.117700	0.536755	0.109841	0.545790	0.101890	0.555084	0.093868	0.564643	0.085801	0.574472	0.077720	0.584575	0.069663	0.594959	0.061674	0.605629	0.053806	0.616589	0.046123	0.627846	0.038701	0.639404	0.031630	0.651269	0.025023	0.663446	0.019006	0.675942	0.013738	0.688760	0.009407	0.701906	0.006241	0.715386	0.004512	0.729204	0.004556	0.743365
837.864010	0.133054	0.519420	0.125429	0.527952	0.117680	0.536733	0.109822	0.545768	0.101871	0.555062	0.093849	0.564621	0.085783	0.574450	0.077703	0.584554	0.069646	0.594938	0.061658	0.605608	0.053790	0.616569	0.046108	0.627826	0.038687	0.639385	0.031617	0.651250	0.025010	0.663428	0.018995	0.675924	0.013728	0.688743	0.009399	0.701890	0.006233	0.715370	0.004507	0.729188	0.004552	0.743350
838.259950	0.133033	0.519397	0.125409	0.527929	0.117660	0.536710	0.109802	0.545745	0.101851	0.555041	0.093831	0.564600	0.085765	0.574429	0.077686	0.584533	0.069629	0.594917	0.061641	0.605588	0.053775	0.616549	0.046093	0.627806	0.038673	0.639365	0.031605	0.651232	0.024998	0.663410	0.018984	0.675906	0.013718	0.688726	0.009390	0.701873	0.006226	0.715353	0.004501	0.729173	0.004547	0.743335
838.655820	0.133013	0.519375	0.125388	0.527907	0.117640	0.536688	0.109783	0.545723	0.101832	0.555019	0.093812	0.564579	0.085747	0.574407	0.077668	0.584512	0.069612	0.594897	0.061625	0.605567	0.053759	0.616529	0.046079	0.627787	0.038659	0.639346	0.031592	0.651213	0.024986	0.663392	0.018973	0.675889	0.013708	0.688708	0.009382	0.701856	0.006219	0.715337	0.004495	0.729157	0.004543	0.743321
839.051570	0.132992	0.519352	0.125368	0.527884	0.117620	0.536666	0.109763	0.545701	0.101814	0.554997	0.093794	0.564557	0.085729	0.574386	0.077651	0.584491	0.069596	0.594876	0.061609	0.605547	0.053744	0.616509	0.046064	0.627767	0.038645	0.639328	0.031579	0.651195	0.024974	0.663374	0.018963	0.675871	0.013699	0.688691	0.009373	0.701840	0.006212	0.715321	0.004489	0.729142	0.004538	0.743306
839.447270	0.132972	0.519330	0.125349	0.527861	0.117601	0.536644	0.109744	0.545679	0.101795	0.554975	0.093775	0.564535	0.085711	0.574365	0.077633	0.584470	0.069579	0.594856	0.061593	0.605527	0.053729	0.616489	0.046049	0.627748	0.038631	0.639309	0.031566	0.651176	0.024963	0.663355	0.018952	0.675853	0.013689	0.688674	0.009365	0.701823	0.006205	0.715305	0.004484	0.729127	0.004535	0.743291
839.842770	0.132952	0.519307	0.125329	0.527839	0.117582	0.536622	0.109725	0.545658	0.101776	0.554954	0.093757	0.564514	0.085693	0.574344	0.077616	0.584449	0.069563	0.594835	0.061577	0.605507	0.053713	0.616469	0.046035	0.627729	0.038618	0.639290	0.031553	0.651157	0.024951	0.663337	0.018940	0.675835	0.013680	0.688657	0.009356	0.701807	0.006198	0.715289	0.004478	0.729111	0.004531	0.743276
840.238220	0.132932	0.519284	0.125309	0.527817	0.117562	0.536600	0.109705	0.545636	0.101758	0.554932	0.093739	0.564492	0.085675	0.574323	0.077599	0.584429	0.069546	0.594815	0.061561	0.605487	0.053698	0.616449	0.046020	0.627709	0.038604	0.639270	0.031540	0.651139	0.024939	0.663319	0.018929	0.675817	0.013670	0.688640	0.009348	0.701790	0.006191	0.715273	0.004473	0.729096	0.004526	0.743261
840.633610	0.132912	0.519262	0.125289	0.527794	0.117542	0.536578	0.109686	0.545614	0.101739	0.554910	0.093720	0.564471	0.085657	0.574302	0.077582	0.584408	0.069529	0.594794	0.061545	0.605467	0.053682	0.616429	0.046006	0.627689	0.038590	0.639251	0.031528	0.651120	0.024927	0.663301	0.018919	0.675800	0.013660	0.688623	0.009339	0.701773	0.006184	0.715258	0.004467	0.729080	0.004522	0.743246
841.028810	0.132892	0.519239	0.125269	0.527772	0.117523	0.536555	0.109667	0.545592	0.101720	0.554888	0.093702	0.564449	0.085640	0.574280	0.077565	0.584387	0.069513	0.594774	0.061529	0.605447	0.053667	0.616410	0.045991	0.627670	0.038576	0.639232	0.031515	0.651102	0.024915	0.663283	0.018908	0.675783	0.013650	0.688606	0.009330	0.701757	0.006176	0.715242	0.004462	0.729065	0.004518	0.743232
841.423950	0.132871	0.519217	0.125249	0.527750	0.117503	0.536533	0.109648	0.545571	0.101701	0.554867	0.093684	0.564429	0.085622	0.574260	0.077547	0.584367	0.069496	0.594753	0.061513	0.605426	0.053652	0.616390	0.045976	0.627651	0.038563	0.639213	0.031502	0.651083	0.024903	0.663265	0.018898	0.675765	0.013641	0.688589	0.009322	0.701740	0.006169	0.715226	0.004456	0.729050	0.004514	0.743217
841.818970	0.132851	0.519195	0.125229	0.527728	0.117484	0.536511	0.109629	0.545549	0.101682	0.554846	0.093666	0.564408	0.085605	0.574239	0.077530	0.584346	0.069480	0.594733	0.061497	0.605406	0.053637	0.616371	0.045962	0.627632	0.038549	0.639195	0.031489	0.651064	0.024891	0.663247	0.018887	0.675748	0.013631	0.688572	0.009314	0.701724	0.006162	0.715210	0.004450	0.729035	0.004510	0.743203
842.213930	0.132831	0.519173	0.125209	0.527706	0.117465	0.536489	0.109610	0.545527	0.101664	0.554824	0.093648	0.564386	0.085587	0.574219	0.077513	0.584325	0.069463	0.594713	0.061481	0.605386	0.053622	0.616351	0.045947	0.627613	0.038536	0.639176	0.031476	0.651046	0.024880	0.663229	0.018876	0.675731	0.013622	0.688555	0.009306	0.701707	0.006155	0.715194	0.004444	0.729020	0.004506	0.743188
842.608760	0.132811	0.519150	0.125189	0.527684	0.117445	0.536467	0.109591	0.545506	0.101645	0.554803	0.093630	0.564365	0.085570	0.574198	0.077496	0.584304	0.069446	0.594693	0.061466	0.605367	0.053606	0.616332	0.045933	0.627593	0.038522	0.639157	0.031463	0.651028	0.024868	0.663212	0.018866	0.675713	0.013613	0.688538	0.009297	0.701691	0.006148	0.715179	0.004438	0.729004	0.004502	0.743173
843.003480	0.132791	0.519128	0.125170	0.527662	0.117426	0.536446	0.109572	0.545484	0.101627	0.554782	0.093612	0.564344	0.085552	0.574177	0.077479	0.584284	0.069430	0.594673	0.061450	0.605347	0.053591	0.616312	0.045919	0.627574	0.038508	0.639138	0.031451	0.651010	0.024856	0.663194	0.018855	0.675696	0.013603	0.688521	0.009289	0.701675	0.006141	0.715163	0.004433	0.728989	0.004498	0.743159
843.398070	0.132771	0.519106	0.125150	0.527640	0.117407	0.536424	0.109553	0.545462	0.101608	0.554760	0.093594	0.564323	0.085534	0.574156	0.077462	0.584263	0.069413	0.594652	0.061434	0.605327	0.053576	0.616292	0.045905	0.627555	0.038494	0.639119	0.031438	0.650991	0.024844	0.663176	0.018844	0.675678	0.013593	0.688504	0.009281	0.701658	0.006134	0.715147	0.004427	0.728974	0.004494	0.743145
843.792600	0.132751	0.519084	0.125131	0.527618	0.117387	0.536402	0.109534	0.545440	0.101590	0.554739	0.093576	0.564302	0.085516	0.574135	0.077445	0.584243	0.069397	0.594632	0.061418	0.605307	0.053561	0.616273	0.045891	0.627536	0.038481	0.639101	0.031426	0.650973	0.024833	0.663157	0.018834	0.675661	0.013583	0.688487	0.009272	0.701642	0.006127	0.715131	0.004422	0.728959	0.004489	0.743131
844.187010	0.132732	0.519062	0.125112	0.527597	0.117368	0.536381	0.109515	0.545419	0.101571	0.554718	0.093557	0.564281	0.085499	0.574114	0.077428	0.584222	0.069380	0.594611	0.061403	0.605287	0.053546	0.616254	0.045876	0.627517	0.038468	0.639082	0.031413	0.650954	0.024821	0.663140	0.018823	0.675644	0.013573	0.688470	0.009264	0.701625	0.006120	0.715116	0.004416	0.728944	0.004485	0.743116
844.581300	0.132711	0.519039	0.125092	0.527574	0.117348	0.536359	0.109496	0.545398	0.101553	0.554697	0.093539	0.564260	0.085481	0.574093	0.077411	0.584202	0.069364	0.594591	0.061387	0.605267	0.053531	0.616234	0.045862	0.627498	0.038454	0.639063	0.031400	0.650936	0.024810	0.663122	0.018812	0.675626	0.013564	0.688453	0.009256	0.701609	0.006113	0.715100	0.004411	0.728928	0.004481	0.743102
844.975520	0.132691	0.519017	0.125072	0.527552	0.117329	0.536337	0.109477	0.545376	0.101534	0.554675	0.093521	0.564238	0.085464	0.574072	0.077394	0.584181	0.069348	0.594571	0.061371	0.605247	0.053516	0.616214	0.045847	0.627478	0.038441	0.639044	0.031388	0.650918	0.024798	0.663104	0.018802	0.675609	0.013555	0.688436	0.009248	0.701593	0.006106	0.715084	0.004405	0.728913	0.004477	0.743087
845.369630	0.132671	0.518996	0.125053	0.527531	0.117310	0.536316	0.109459	0.545355	0.101516	0.554654	0.093503	0.564218	0.085447	0.574052	0.077377	0.584161	0.069332	0.594552	0.061355	0.605227	0.053501	0.616195	0.045833	0.627459	0.038427	0.639025	0.031376	0.650900	0.024786	0.663086	0.018791	0.675592	0.013545	0.688419	0.009239	0.701577	0.006099	0.715068	0.004400	0.728898	0.004473	0.743073
845.763610	0.132652	0.518974	0.125033	0.527509	0.117291	0.536294	0.109440	0.545334	0.101498	0.554633	0.093486	0.564197	0.085429	0.574031	0.077360	0.584141	0.069316	0.594532	0.061339	0.605208	0.053486	0.616176	0.045818	0.627440	0.038414	0.639007	0.031363	0.650882	0.024775	0.663069	0.018780	0.675574	0.013536	0.688403	0.009231	0.701561	0.006092	0.715052	0.004394	0.728884	0.004469	0.743058
846.157470	0.132632	0.518952	0.125014	0.527487	0.117272	0.536272	0.109422	0.545312	0.101480	0.554612	0.093468	0.564177	0.085412	0.574011	0.077343	0.584121	0.069300	0.594512	0.061324	0.605188	0.053471	0.616157	0.045804	0.627421	0.038401	0.638989	0.031351	0.650864	0.024763	0.663051	0.018770	0.675557	0.013527	0.688386	0.009223	0.701545	0.006085	0.715037	0.004389	0.728869	0.004465	0.743044
846.551270	0.132612	0.518930	0.124995	0.527466	0.117254	0.536251	0.109403	0.545291	0.101462	0.554591	0.093450	0.564156	0.085395	0.573990	0.077327	0.584101	0.069283	0.594492	0.061309	0.605169	0.053456	0.616138	0.045791	0.627403	0.038387	0.638971	0.031338	0.650846	0.024752	0.663034	0.018759	0.675540	0.013518	0.688370	0.009214	0.701529	0.006079	0.715021	0.004383	0.728854	0.004462	0.743030
846.944950	0.132593	0.518908	0.124976	0.527444	0.117235	0.536230	0.109385	0.545270	0.101444	0.554570	0.093432	0.564135	0.085377	0.573970	0.077310	0.584081	0.069267	0.594472	0.061293	0.605150	0.053441	0.616119	0.045777	0.627384	0.038374	0.638953	0.031326	0.650828	0.024741	0.663016	0.018748	0.675523	0.013508	0.688353	0.009206	0.701513	0.006072	0.715006	0.004378	0.728839	0.004458	0.743016
847.338500	0.132573	0.518886	0.124956	0.527422	0.117215	0.536208	0.109366	0.545249	0.101425	0.554549	0.093415	0.564114	0.085360	0.573949	0.077293	0.584060	0.069251	0.594452	0.061278	0.605130	0.053426	0.616099	0.045763	0.627365	0.038361	0.638934	0.031313	0.650809	0.024729	0.662999	0.018738	0.675506	0.013499	0.688337	0.009198	0.701497	0.006065	0.714991	0.004372	0.728824	0.004453	0.743002
847.731990	0.132553	0.518865	0.124936	0.527401	0.117196	0.536187	0.109348	0.545227	0.101407	0.554528	0.093397	0.564093	0.085343	0.573929	0.077277	0.584040	0.069235	0.594432	0.061262	0.605110	0.053412	0.616080	0.045749	0.627346	0.038348	0.638916	0.031300	0.650791	0.024718	0.662981	0.018728	0.675489	0.013489	0.688320	0.009190	0.701481	0.006058	0.714975	0.004367	0.728809	0.004449	0.742987
848.125370	0.132534	0.518843	0.124917	0.527379	0.117177	0.536165	0.109329	0.545206	0.101389	0.554507	0.093379	0.564072	0.085326	0.573909	0.077260	0.584020	0.069219	0.594413	0.061246	0.605091	0.053397	0.616061	0.045734	0.627327	0.038335	0.638897	0.031288	0.650773	0.024706	0.662963	0.018718	0.675472	0.013480	0.688304	0.009182	0.701465	0.006051	0.714960	0.004361	0.728794	0.004445	0.742972
848.518620	0.132514	0.518821	0.124898	0.527358	0.117159	0.536144	0.109311	0.545185	0.101371	0.554487	0.093362	0.564052	0.085309	0.573889	0.077243	0.584000	0.069203	0.594393	0.061231	0.605071	0.053383	0.616042	0.045720	0.627309	0.038321	0.638879	0.031276	0.650756	0.024695	0.662946	0.018708	0.675455	0.013471	0.688287	0.009174	0.701449	0.006044	0.714945	0.004356	0.728779	0.004441	0.742958
848.911740	0.132495	0.518800	0.124879	0.527337	0.117140	0.536124	0.109292	0.545165	0.101353	0.554466	0.093344	0.564032	0.085292	0.573869	0.077227	0.583980	0.069187	0.594373	0.061215	0.605052	0.053368	0.616023	0.045706	0.627290	0.038308	0.638860	0.031264	0.650738	0.024684	0.662929	0.018697	0.675438	0.013462	0.688271	0.009166	0.701434	0.006037	0.714929	0.004350	0.728764	0.004437	0.742944
849.304810	0.132476	0.518778	0.124860	0.527316	0.117121	0.536103	0.109274	0.545144	0.101335	0.554445	0.093327	0.564011	0.085275	0.573848	0.077210	0.583961	0.069171	0.594354	0.061200	0.605033	0.053353	0.616004	0.045692	0.627272	0.038295	0.638842	0.031252	0.650720	0.024672	0.662912	0.018687	0.675421	0.013453	0.688254	0.009158	0.701418	0.006031	0.714914	0.004345	0.728750	0.004433	0.742930
849.697750	0.132457	0.518757	0.124841	0.527294	0.117102	0.536081	0.109255	0.545123	0.101317	0.554424	0.093309	0.563991	0.085258	0.573828	0.077194	0.583941	0.069155	0.594334	0.061186	0.605014	0.053338	0.615985	0.045678	0.627253	0.038282	0.638824	0.031239	0.650703	0.024661	0.662894	0.018676	0.675404	0.013443	0.688238	0.009150	0.701401	0.006024	0.714899	0.004339	0.728735	0.004429	0.742917
850.090640	0.132437	0.518735	0.124822	0.527273	0.117084	0.536060	0.109237	0.545102	0.101299	0.554403	0.093292	0.563970	0.085241	0.573807	0.077177	0.583920	0.069139	0.594314	0.061171	0.604995	0.053324	0.615966	0.045665	0.627235	0.038269	0.638806	0.031227	0.650685	0.024649	0.662877	0.018666	0.675387	0.013434	0.688222	0.009142	0.701385	0.006017	0.714883	0.004334	0.728721	0.004425	0.742903
850.483340	0.132418	0.518713	0.124803	0.527251	0.117065	0.536039	0.109219	0.545081	0.101281	0.554383	0.093274	0.563950	0.085224	0.573787	0.077161	0.583900	0.069123	0.594295	0.061155	0.604975	0.053309	0.615947	0.045651	0.627216	0.038256	0.638788	0.031215	0.650667	0.024638	0.662860	0.018655	0.675370	0.013425	0.688206	0.009134	0.701370	0.006011	0.714868	0.004329	0.728706	0.004421	0.742889
850.875980	0.132398	0.518692	0.124784	0.527230	0.117047	0.536018	0.109201	0.545060	0.101264	0.554362	0.093257	0.563929	0.085207	0.573767	0.077144	0.583880	0.069107	0.594275	0.061140	0.604956	0.053295	0.615928	0.045637	0.627198	0.038242	0.638770	0.031203	0.650650	0.024627	0.662842	0.018645	0.675353	0.013416	0.688189	0.009126	0.701354	0.006004	0.714853	0.004324	0.728692	0.004417	0.742874
851.268550	0.132379	0.518670	0.124765	0.527208	0.117028	0.535996	0.109182	0.545039	0.101246	0.554342	0.093239	0.563909	0.085190	0.573747	0.077128	0.583861	0.069091	0.594256	0.061125	0.604937	0.053280	0.615909	0.045623	0.627179	0.038229	0.638751	0.031191	0.650632	0.024615	0.662825	0.018635	0.675337	0.013407	0.688173	0.009118	0.701338	0.005997	0.714837	0.004318	0.728677	0.004414	0.742860
851.660950	0.132359	0.518649	0.124746	0.527187	0.117009	0.535975	0.109164	0.545018	0.101228	0.554321	0.093222	0.563889	0.085173	0.573727	0.077112	0.583841	0.069075	0.594236	0.061109	0.604918	0.053266	0.615890	0.045609	0.627160	0.038216	0.638733	0.031179	0.650613	0.024605	0.662808	0.018625	0.675320	0.013397	0.688156	0.009110	0.701323	0.005991	0.714822	0.004313	0.728662	0.004410	0.742846
852.053280	0.132340	0.518628	0.124727	0.527166	0.116990	0.535954	0.109146	0.544997	0.101210	0.554300	0.093205	0.563868	0.085156	0.573707	0.077096	0.583821	0.069060	0.594216	0.061094	0.604898	0.053251	0.615871	0.045595	0.627142	0.038203	0.638715	0.031166	0.650596	0.024593	0.662791	0.018615	0.675304	0.013388	0.688140	0.009102	0.701307	0.005984	0.714807	0.004307	0.728647	0.004406	0.742832
852.445500	0.132322	0.518607	0.124709	0.527145	0.116972	0.535933	0.109127	0.544977	0.101192	0.554280	0.093187	0.563848	0.085139	0.573687	0.077079	0.583802	0.069044	0.594197	0.061079	0.604879	0.053236	0.615853	0.045582	0.627123	0.038190	0.638697	0.031154	0.650578	0.024582	0.662773	0.018604	0.675287	0.013379	0.688124	0.009094	0.701291	0.005977	0.714792	0.004302	0.728632	0.004403	0.742818
852.837590	0.132303	0.518586	0.124690	0.527125	0.116954	0.535913	0.109109	0.544957	0.101174	0.554259	0.093170	0.563828	0.085123	0.573667	0.077063	0.583782	0.069029	0.594178	0.061063	0.604860	0.053222	0.615834	0.045569	0.627105	0.038177	0.638679	0.031142	0.650561	0.024571	0.662756	0.018594	0.675270	0.013370	0.688108	0.009086	0.701275	0.005971	0.714777	0.004297	0.728618	0.004399	0.742805
853.229610	0.132284	0.518565	0.124671	0.527104	0.116935	0.535892	0.109091	0.544936	0.101157	0.554239	0.093153	0.563808	0.085106	0.573647	0.077046	0.583763	0.069013	0.594159	0.061048	0.604841	0.053208	0.615815	0.045555	0.627087	0.038165	0.638662	0.031130	0.650544	0.024559	0.662739	0.018584	0.675253	0.013361	0.688092	0.009078	0.701260	0.005964	0.714762	0.004292	0.728604	0.004395	0.742791
853.621520	0.132265	0.518543	0.124652	0.527082	0.116917	0.535871	0.109073	0.544915	0.101139	0.554219	0.093136	0.563788	0.085089	0.573627	0.077030	0.583743	0.068997	0.594140	0.061033	0.604822	0.053194	0.615797	0.045541	0.627069	0.038152	0.638643	0.031118	0.650526	0.024549	0.662722	0.018574	0.675237	0.013352	0.688076	0.009071	0.701244	0.005957	0.714747	0.004286	0.728590	0.004391	0.742777
854.013310	0.132245	0.518522	0.124633	0.527061	0.116898	0.535850	0.109055	0.544894	0.101121	0.554198	0.093118	0.563767	0.085072	0.573607	0.077014	0.583723	0.068981	0.594120	0.061018	0.604803	0.053180	0.615778	0.045528	0.627050	0.038140	0.638625	0.031107	0.650508	0.024538	0.662705	0.018565	0.675220	0.013343	0.688059	0.009063	0.701228	0.005951	0.714731	0.004281	0.728576	0.004387	0.742764
854.405030	0.132226	0.518501	0.124615	0.527040	0.116880	0.535829	0.109037	0.544874	0.101104	0.554178	0.093102	0.563747	0.085056	0.573588	0.076998	0.583704	0.068966	0.594101	0.061004	0.604784	0.053165	0.615760	0.045514	0.627032	0.038127	0.638608	0.031094	0.650491	0.024527	0.662688	0.018555	0.675204	0.013334	0.688043	0.009055	0.701213	0.005944	0.714716	0.004276	0.728561	0.004383	0.742749
854.796630	0.132208	0.518480	0.124597	0.527020	0.116862	0.535809	0.109019	0.544854	0.101087	0.554158	0.093085	0.563727	0.085039	0.573568	0.076982	0.583684	0.068950	0.594081	0.060989	0.604765	0.053150	0.615741	0.045500	0.627014	0.038114	0.638590	0.031082	0.650474	0.024516	0.662671	0.018544	0.675188	0.013325	0.688027	0.009047	0.701197	0.005937	0.714702	0.004271	0.728547	0.004379	0.742735
855.188110	0.132189	0.518459	0.124578	0.526999	0.116844	0.535788	0.109002	0.544833	0.101070	0.554137	0.093068	0.563707	0.085023	0.573548	0.076966	0.583665	0.068935	0.594062	0.060974	0.604746	0.053136	0.615722	0.045487	0.626996	0.038101	0.638572	0.031070	0.650457	0.024505	0.662654	0.018534	0.675171	0.013316	0.688011	0.009039	0.701182	0.005931	0.714687	0.004265	0.728532	0.004375	0.742721
855.579530	0.132170	0.518438	0.124559	0.526978	0.116826	0.535768	0.108984	0.544813	0.101052	0.554117	0.093051	0.563687	0.085007	0.573528	0.076950	0.583645	0.068919	0.594043	0.060959	0.604728	0.053122	0.615704	0.045473	0.626978	0.038088	0.638554	0.031059	0.650440	0.024494	0.662637	0.018524	0.675155	0.013307	0.687996	0.009031	0.701166	0.005924	0.714672	0.004260	0.728517	0.004372	0.742708
855.970760	0.132151	0.518418	0.124540	0.526958	0.116807	0.535748	0.108966	0.544793	0.101034	0.554097	0.093033	0.563667	0.084990	0.573508	0.076934	0.583625	0.068904	0.594024	0.060944	0.604709	0.053108	0.615685	0.045460	0.626959	0.038075	0.638536	0.031047	0.650422	0.024483	0.662620	0.018514	0.675138	0.013299	0.687980	0.009024	0.701151	0.005917	0.714657	0.004254	0.728503	0.004368	0.742694
856.362000	0.132133	0.518396	0.124522	0.526937	0.116789	0.535727	0.108948	0.544772	0.101017	0.554078	0.093016	0.563648	0.084973	0.573489	0.076918	0.583606	0.068889	0.594005	0.060929	0.604691	0.053094	0.615667	0.045446	0.626941	0.038062	0.638519	0.031035	0.650405	0.024472	0.662603	0.018504	0.675122	0.013290	0.687964	0.009016	0.701136	0.005911	0.714642	0.004249	0.728489	0.004365	0.742680
856.753050	0.132114	0.518375	0.124504	0.526916	0.116771	0.535706	0.108930	0.544752	0.101000	0.554058	0.093000	0.563628	0.084957	0.573469	0.076902	0.583587	0.068873	0.593986	0.060914	0.604672	0.053080	0.615649	0.045433	0.626923	0.038050	0.638501	0.031023	0.650387	0.024461	0.662587	0.018494	0.675105	0.013281	0.687948	0.009008	0.701121	0.005905	0.714627	0.004244	0.728475	0.004361	0.742667
857.144040	0.132095	0.518354	0.124485	0.526895	0.116753	0.535685	0.108912	0.544731	0.100983	0.554038	0.092983	0.563609	0.084940	0.573450	0.076886	0.583568	0.068857	0.593967	0.060900	0.604653	0.053066	0.615630	0.045419	0.626905	0.038037	0.638484	0.031011	0.650370	0.024450	0.662570	0.018484	0.675089	0.013272	0.687932	0.009000	0.701105	0.005899	0.714613	0.004239	0.728461	0.004357	0.742653
857.534850	0.132076	0.518334	0.124467	0.526875	0.116735	0.535665	0.108895	0.544711	0.100965	0.554017	0.092966	0.563589	0.084923	0.573430	0.076870	0.583549	0.068842	0.593948	0.060885	0.604634	0.053052	0.615612	0.045406	0.626887	0.038025	0.638466	0.030999	0.650353	0.024439	0.662553	0.018475	0.675072	0.013263	0.687916	0.008993	0.701090	0.005892	0.714598	0.004234	0.728446	0.004353	0.742640
857.925660	0.132058	0.518313	0.124449	0.526854	0.116717	0.535645	0.108877	0.544691	0.100947	0.553997	0.092949	0.563569	0.084907	0.573411	0.076854	0.583530	0.068827	0.593930	0.060870	0.604616	0.053038	0.615593	0.045393	0.626869	0.038012	0.638448	0.030987	0.650336	0.024428	0.662536	0.018465	0.675056	0.013254	0.687901	0.008985	0.701075	0.005885	0.714583	0.004229	0.728432	0.004349	0.742627
858.316280	0.132039	0.518292	0.124430	0.526833	0.116699	0.535625	0.108860	0.544671	0.100930	0.553977	0.092932	0.563549	0.084891	0.573391	0.076838	0.583510	0.068812	0.593911	0.060855	0.604597	0.053024	0.615575	0.045379	0.626852	0.038000	0.638431	0.030975	0.650319	0.024417	0.662520	0.018455	0.675040	0.013245	0.687885	0.008978	0.701060	0.005879	0.714568	0.004224	0.728417	0.004345	0.742613
858.706850	0.132021	0.518271	0.124412	0.526813	0.116681	0.535604	0.108842	0.544651	0.100914	0.553958	0.092916	0.563530	0.084875	0.573372	0.076823	0.583491	0.068796	0.593891	0.060841	0.604579	0.053010	0.615557	0.045366	0.626834	0.037987	0.638414	0.030964	0.650302	0.024406	0.662503	0.018445	0.675024	0.013237	0.687870	0.008970	0.701044	0.005872	0.714554	0.004219	0.728403	0.004342	0.742599
859.097290	0.132002	0.518251	0.124394	0.526793	0.116664	0.535584	0.108825	0.544631	0.100897	0.553938	0.092899	0.563510	0.084859	0.573353	0.076807	0.583472	0.068781	0.593872	0.060826	0.604560	0.052995	0.615540	0.045353	0.626817	0.037975	0.638397	0.030952	0.650285	0.024395	0.662487	0.018435	0.675008	0.013228	0.687854	0.008962	0.701029	0.005865	0.714539	0.004214	0.728390	0.004338	0.742586
859.487670	0.131984	0.518231	0.124376	0.526773	0.116646	0.535564	0.108808	0.544611	0.100880	0.553918	0.092882	0.563491	0.084843	0.573334	0.076792	0.583453	0.068766	0.593854	0.060812	0.604542	0.052981	0.615522	0.045339	0.626799	0.037962	0.638379	0.030941	0.650267	0.024385	0.662470	0.018425	0.674992	0.013219	0.687838	0.008954	0.701014	0.005859	0.714525	0.004209	0.728376	0.004334	0.742572
859.877870	0.131965	0.518210	0.124358	0.526752	0.116628	0.535544	0.108790	0.544591	0.100862	0.553898	0.092865	0.563471	0.084826	0.573314	0.076776	0.583434	0.068751	0.593835	0.060798	0.604523	0.052967	0.615504	0.045326	0.626781	0.037950	0.638361	0.030930	0.650250	0.024374	0.662453	0.018415	0.674976	0.013210	0.687822	0.008946	0.700999	0.005853	0.714511	0.004204	0.728361	0.004330	0.742559
860.268010	0.131946	0.518190	0.124339	0.526732	0.116610	0.535524	0.108773	0.544571	0.100845	0.553878	0.092849	0.563452	0.084810	0.573295	0.076760	0.583415	0.068736	0.593816	0.060783	0.604504	0.052954	0.615485	0.045313	0.626763	0.037937	0.638344	0.030918	0.650233	0.024364	0.662437	0.018405	0.674960	0.013201	0.687806	0.008939	0.700983	0.005847	0.714496	0.004199	0.728347	0.004326	0.742546
860.658080	0.131928	0.518169	0.124321	0.526711	0.116592	0.535504	0.108755	0.544551	0.100828	0.553858	0.092832	0.563432	0.084794	0.573276	0.076745	0.583396	0.068721	0.593797	0.060768	0.604486	0.052940	0.615467	0.045300	0.626745	0.037925	0.638327	0.030906	0.650217	0.024353	0.662420	0.018396	0.674943	0.013192	0.687790	0.008931	0.700968	0.005841	0.714481	0.004193	0.728333	0.004323	0.742532
861.047970	0.131910	0.518148	0.124303	0.526691	0.116574	0.535483	0.108738	0.544531	0.100811	0.553839	0.092816	0.563413	0.084778	0.573257	0.076729	0.583377	0.068706	0.593779	0.060753	0.604468	0.052926	0.615449	0.045286	0.626728	0.037912	0.638310	0.030895	0.650200	0.024342	0.662404	0.018386	0.674927	0.013184	0.687775	0.008924	0.700953	0.005834	0.714466	0.004188	0.728319	0.004320	0.742518
861.437810	0.131891	0.518128	0.124285	0.526671	0.116556	0.535463	0.108720	0.544511	0.100794	0.553819	0.092799	0.563393	0.084762	0.573238	0.076713	0.583358	0.068691	0.593760	0.060739	0.604449	0.052912	0.615431	0.045274	0.626710	0.037900	0.638292	0.030883	0.650183	0.024331	0.662388	0.018376	0.674911	0.013175	0.687760	0.008917	0.700938	0.005828	0.714452	0.004183	0.728306	0.004316	0.742505
861.827510	0.131873	0.518108	0.124267	0.526651	0.116539	0.535443	0.108703	0.544492	0.100777	0.553800	0.092782	0.563374	0.084746	0.573218	0.076698	0.583339	0.068676	0.593742	0.060724	0.604431	0.052898	0.615413	0.045261	0.626693	0.037887	0.638275	0.030871	0.650166	0.024321	0.662371	0.018366	0.674895	0.013167	0.687745	0.008909	0.700924	0.005821	0.714437	0.004178	0.728292	0.004313	0.742492
862.217160	0.131855	0.518088	0.124249	0.526631	0.116521	0.535423	0.108685	0.544472	0.100760	0.553780	0.092766	0.563354	0.084730	0.573199	0.076682	0.583321	0.068661	0.593724	0.060710	0.604413	0.052884	0.615395	0.045248	0.626675	0.037875	0.638257	0.030860	0.650150	0.024310	0.662355	0.018357	0.674879	0.013158	0.687729	0.008902	0.700909	0.005814	0.714423	0.004173	0.728278	0.004309	0.742479
862.606690	0.131836	0.518067	0.124231	0.526611	0.116504	0.535403	0.108668	0.544452	0.100743	0.553761	0.092749	0.563335	0.084714	0.573180	0.076667	0.583302	0.068646	0.593705	0.060696	0.604395	0.052871	0.615377	0.045234	0.626658	0.037863	0.638240	0.030848	0.650133	0.024300	0.662339	0.018347	0.674864	0.013150	0.687714	0.008894	0.700893	0.005808	0.714409	0.004168	0.728264	0.004305	0.742465
862.996090	0.131818	0.518047	0.124213	0.526590	0.116486	0.535383	0.108651	0.544432	0.100726	0.553741	0.092733	0.563316	0.084698	0.573161	0.076651	0.583283	0.068631	0.593686	0.060682	0.604377	0.052857	0.615359	0.045221	0.626640	0.037851	0.638223	0.030837	0.650116	0.024289	0.662322	0.018338	0.674848	0.013141	0.687698	0.008886	0.700878	0.005802	0.714394	0.004163	0.728250	0.004301	0.742452
863.385380	0.131800	0.518027	0.124195	0.526570	0.116469	0.535363	0.108634	0.544412	0.100709	0.553722	0.092717	0.563297	0.084682	0.573142	0.076636	0.583264	0.068616	0.593668	0.060668	0.604359	0.052844	0.615341	0.045208	0.626623	0.037839	0.638206	0.030825	0.650099	0.024279	0.662306	0.018328	0.674832	0.013133	0.687682	0.008879	0.700863	0.005796	0.714380	0.004158	0.728236	0.004297	0.742439
863.774600	0.131782	0.518007	0.124177	0.526550	0.116451	0.535344	0.108617	0.544392	0.100693	0.553702	0.092700	0.563277	0.084666	0.573123	0.076620	0.583246	0.068601	0.593650	0.060653	0.604341	0.052830	0.615323	0.045195	0.626605	0.037826	0.638189	0.030814	0.650083	0.024268	0.662289	0.018319	0.674816	0.013124	0.687667	0.008871	0.700849	0.005790	0.714365	0.004153	0.728223	0.004294	0.742426
864.163700	0.131764	0.517986	0.124160	0.526530	0.116434	0.535324	0.108600	0.544373	0.100676	0.553683	0.092684	0.563258	0.084650	0.573104	0.076605	0.583227	0.068586	0.593631	0.060639	0.604322	0.052816	0.615306	0.045183	0.626588	0.037814	0.638172	0.030802	0.650066	0.024258	0.662273	0.018309	0.674800	0.013115	0.687652	0.008864	0.700834	0.005783	0.714351	0.004148	0.728209	0.004291	0.742412
864.552670	0.131746	0.517966	0.124142	0.526510	0.116416	0.535304	0.108583	0.544353	0.100659	0.553663	0.092668	0.563239	0.084634	0.573086	0.076589	0.583208	0.068571	0.593613	0.060624	0.604305	0.052803	0.615288	0.045170	0.626570	0.037802	0.638155	0.030791	0.650049	0.024247	0.662257	0.018299	0.674784	0.013107	0.687636	0.008857	0.700819	0.005777	0.714336	0.004143	0.728195	0.004287	0.742399
864.941530	0.131728	0.517946	0.124125	0.526490	0.116399	0.535284	0.108566	0.544334	0.100643	0.553644	0.092651	0.563220	0.084618	0.573067	0.076574	0.583190	0.068556	0.593595	0.060610	0.604287	0.052789	0.615271	0.045157	0.626553	0.037790	0.638139	0.030780	0.650033	0.024237	0.662240	0.018289	0.674768	0.013098	0.687621	0.008849	0.700804	0.005771	0.714322	0.004138	0.728181	0.004284	0.742386
865.330320	0.131710	0.517926	0.124107	0.526470	0.116381	0.535264	0.108548	0.544314	0.100626	0.553624	0.092635	0.563201	0.084602	0.573048	0.076559	0.583171	0.068541	0.593576	0.060596	0.604269	0.052775	0.615253	0.045144	0.626535	0.037778	0.638122	0.030768	0.650016	0.024226	0.662224	0.018280	0.674753	0.013090	0.687606	0.008842	0.700789	0.005765	0.714308	0.004133	0.728167	0.004280	0.742373
865.718990	0.131692	0.517906	0.124089	0.526450	0.116364	0.535245	0.108531	0.544295	0.100609	0.553605	0.092619	0.563182	0.084586	0.573029	0.076544	0.583153	0.068527	0.593558	0.060582	0.604250	0.052762	0.615235	0.045131	0.626518	0.037766	0.638104	0.030757	0.649999	0.024216	0.662209	0.018271	0.674737	0.013081	0.687591	0.008834	0.700775	0.005758	0.714294	0.004128	0.728154	0.004277	0.742360
866.107600	0.131674	0.517886	0.124071	0.526431	0.116346	0.535226	0.108514	0.544276	0.100592	0.553586	0.092603	0.563163	0.084571	0.573010	0.076529	0.583134	0.068512	0.593540	0.060568	0.604232	0.052748	0.615217	0.045117	0.626501	0.037754	0.638087	0.030746	0.649982	0.024205	0.662193	0.018261	0.674722	0.013073	0.687576	0.008827	0.700760	0.005752	0.714280	0.004124	0.728140	0.004273	0.742346
866.496030	0.131656	0.517866	0.124054	0.526411	0.116329	0.535206	0.108498	0.544256	0.100576	0.553567	0.092587	0.563144	0.084555	0.572991	0.076513	0.583115	0.068498	0.593522	0.060554	0.604214	0.052735	0.615200	0.045104	0.626484	0.037742	0.638070	0.030735	0.649966	0.024195	0.662176	0.018252	0.674706	0.013064	0.687561	0.008820	0.700745	0.005746	0.714266	0.004119	0.728127	0.004269	0.742333
866.884400	0.131638	0.517846	0.124036	0.526391	0.116312	0.535186	0.108481	0.544237	0.100560	0.553548	0.092571	0.563125	0.084540	0.572973	0.076498	0.583097	0.068483	0.593503	0.060539	0.604196	0.052721	0.615182	0.045092	0.626466	0.037730	0.638053	0.030723	0.649950	0.024184	0.662160	0.018243	0.674690	0.013056	0.687546	0.008812	0.700730	0.005740	0.714251	0.004113	0.728113	0.004265	0.742320
867.272710	0.131620	0.517826	0.124019	0.526371	0.116295	0.535166	0.108464	0.544217	0.100543	0.553529	0.092555	0.563106	0.084524	0.572954	0.076482	0.583078	0.068469	0.593485	0.060525	0.604178	0.052708	0.615165	0.045079	0.626449	0.037718	0.638036	0.030712	0.649934	0.024174	0.662144	0.018233	0.674674	0.013047	0.687530	0.008805	0.700716	0.005734	0.714237	0.004109	0.728099	0.004261	0.742307
867.660830	0.131603	0.517806	0.124001	0.526351	0.116278	0.535147	0.108447	0.544198	0.100527	0.553510	0.092539	0.563087	0.084509	0.572935	0.076467	0.583060	0.068454	0.593467	0.060511	0.604161	0.052695	0.615147	0.045067	0.626432	0.037706	0.638020	0.030701	0.649917	0.024163	0.662128	0.018223	0.674659	0.013038	0.687515	0.008797	0.700701	0.005727	0.714223	0.004104	0.728086	0.004258	0.742294
868.048890	0.131585	0.517787	0.123984	0.526332	0.116261	0.535128	0.108430	0.544179	0.100510	0.553491	0.092523	0.563068	0.084493	0.572917	0.076452	0.583042	0.068439	0.593449	0.060497	0.604143	0.052681	0.615130	0.045054	0.626415	0.037693	0.638003	0.030690	0.649901	0.024153	0.662112	0.018214	0.674643	0.013030	0.687500	0.008790	0.700686	0.005721	0.714209	0.004099	0.728072	0.004255	0.742281
868.436830	0.131567	0.517767	0.123966	0.526312	0.116244	0.535108	0.108413	0.544160	0.100494	0.553472	0.092507	0.563049	0.084478	0.572898	0.076437	0.583023	0.068425	0.593431	0.060483	0.604125	0.052668	0.615112	0.045042	0.626398	0.037681	0.637986	0.030678	0.649885	0.024143	0.662096	0.018204	0.674627	0.013022	0.687485	0.008783	0.700672	0.005715	0.714195	0.004094	0.728059	0.004251	0.742269
868.824710	0.131549	0.517747	0.123949	0.526293	0.116227	0.535089	0.108397	0.544141	0.100477	0.553453	0.092490	0.563030	0.084462	0.572879	0.076423	0.583005	0.068411	0.593413	0.060469	0.604108	0.052654	0.615095	0.045029	0.626381	0.037669	0.637970	0.030667	0.649868	0.024133	0.662080	0.018195	0.674612	0.013014	0.687470	0.008776	0.700657	0.005710	0.714181	0.004089	0.728045	0.004248	0.742256
869.212400	0.131531	0.517727	0.123931	0.526273	0.116210	0.535069	0.108380	0.544121	0.100461	0.553434	0.092474	0.563012	0.084447	0.572861	0.076408	0.582987	0.068396	0.593395	0.060455	0.604090	0.052641	0.615078	0.045016	0.626364	0.037657	0.637953	0.030656	0.649852	0.024122	0.662064	0.018186	0.674597	0.013005	0.687455	0.008769	0.700643	0.005704	0.714167	0.004084	0.728032	0.004244	0.742243
869.600100	0.131514	0.517708	0.123914	0.526254	0.116193	0.535050	0.108363	0.544102	0.100445	0.553415	0.092458	0.562993	0.084431	0.572843	0.076393	0.582969	0.068381	0.593378	0.060441	0.604072	0.052628	0.615061	0.045004	0.626347	0.037645	0.637936	0.030645	0.649836	0.024112	0.662048	0.018177	0.674582	0.012997	0.687439	0.008762	0.700629	0.005698	0.714153	0.004080	0.728019	0.004241	0.742230
869.987610	0.131497	0.517689	0.123897	0.526235	0.116176	0.535031	0.108347	0.544083	0.100429	0.553396	0.092443	0.562975	0.084415	0.572825	0.076377	0.582951	0.068366	0.593360	0.060427	0.604055	0.052614	0.615044	0.044991	0.626330	0.037633	0.637920	0.030634	0.649820	0.024101	0.662033	0.018167	0.674566	0.012988	0.687424	0.008754	0.700614	0.005691	0.714139	0.004075	0.728005	0.004237	0.742217
870.375060	0.131479	0.517669	0.123879	0.526215	0.116159	0.535011	0.108330	0.544064	0.100412	0.553377	0.092427	0.562956	0.084400	0.572806	0.076362	0.582932	0.068352	0.593341	0.060414	0.604037	0.052601	0.615026	0.044979	0.626312	0.037622	0.637903	0.030623	0.649803	0.024091	0.662017	0.018158	0.674551	0.012980	0.687410	0.008747	0.700600	0.005685	0.714126	0.004070	0.727992	0.004234	0.742204
870.762330	0.131462	0.517649	0.123863	0.526195	0.116141	0.534992	0.108313	0.544045	0.100396	0.553358	0.092411	0.562938	0.084385	0.572787	0.076347	0.582914	0.068338	0.593323	0.060400	0.604020	0.052588	0.615009	0.044966	0.626295	0.037610	0.637887	0.030612	0.649787	0.024081	0.662001	0.018149	0.674536	0.012972	0.687395	0.008739	0.700585	0.005679	0.714112	0.004065	0.727978	0.004230	0.742191
871.149600	0.131444	0.517629	0.123845	0.526175	0.116124	0.534973	0.108297	0.544026	0.100380	0.553339	0.092395	0.562919	0.084369	0.572769	0.076332	0.582896	0.068323	0.593305	0.060387	0.604002	0.052575	0.614991	0.044953	0.626279	0.037598	0.637871	0.030601	0.649771	0.024071	0.661985	0.018139	0.674520	0.012964	0.687380	0.008732	0.700570	0.005673	0.714098	0.004060	0.727965	0.004227	0.742178
871.536680	0.131426	0.517610	0.123828	0.526156	0.116107	0.534954	0.108280	0.544007	0.100363	0.553320	0.092380	0.562900	0.084353	0.572751	0.076318	0.582878	0.068309	0.593287	0.060373	0.603984	0.052562	0.614974	0.044941	0.626262	0.037586	0.637854	0.030590	0.649754	0.024061	0.661970	0.018130	0.674504	0.012956	0.687365	0.008725	0.700556	0.005667	0.714084	0.004055	0.727951	0.004224	0.742165
871.923710	0.131408	0.517590	0.123810	0.526137	0.116090	0.534935	0.108263	0.543988	0.100347	0.553302	0.092364	0.562881	0.084338	0.572733	0.076303	0.582860	0.068295	0.593269	0.060359	0.603966	0.052549	0.614956	0.044928	0.626245	0.037574	0.637837	0.030579	0.649738	0.024051	0.661954	0.018121	0.674489	0.012948	0.687350	0.008718	0.700542	0.005661	0.714070	0.004051	0.727938	0.004221	0.742152
872.310610	0.131391	0.517570	0.123793	0.526118	0.116074	0.534916	0.108247	0.543969	0.100331	0.553283	0.092348	0.562862	0.084323	0.572714	0.076288	0.582842	0.068281	0.593252	0.060345	0.603949	0.052535	0.614939	0.044916	0.626229	0.037563	0.637821	0.030568	0.649722	0.024041	0.661938	0.018112	0.674474	0.012940	0.687335	0.008711	0.700528	0.005655	0.714056	0.004046	0.727924	0.004217	0.742140
872.697450	0.131374	0.517551	0.123776	0.526099	0.116057	0.534897	0.108231	0.543950	0.100315	0.553265	0.092332	0.562844	0.084308	0.572696	0.076274	0.582824	0.068266	0.593235	0.060332	0.603932	0.052522	0.614922	0.044904	0.626212	0.037551	0.637804	0.030558	0.649706	0.024031	0.661922	0.018103	0.674459	0.012931	0.687320	0.008704	0.700513	0.005649	0.714042	0.004042	0.727911	0.004214	0.742128
873.084110	0.131357	0.517532	0.123759	0.526080	0.116040	0.534878	0.108214	0.543931	0.100300	0.553246	0.092317	0.562826	0.084293	0.572678	0.076259	0.582806	0.068252	0.593217	0.060318	0.603915	0.052509	0.614905	0.044891	0.626195	0.037539	0.637787	0.030547	0.649691	0.024021	0.661907	0.018094	0.674444	0.012923	0.687306	0.008696	0.700499	0.005643	0.714028	0.004037	0.727898	0.004210	0.742115
873.470700	0.131340	0.517512	0.123742	0.526060	0.116024	0.534859	0.108198	0.543912	0.100283	0.553227	0.092301	0.562807	0.084278	0.572660	0.076244	0.582788	0.068238	0.593199	0.060304	0.603898	0.052496	0.614888	0.044879	0.626178	0.037528	0.637771	0.030535	0.649674	0.024011	0.661891	0.018085	0.674429	0.012915	0.687291	0.008689	0.700485	0.005637	0.714014	0.004032	0.727885	0.004207	0.742103
873.857180	0.131322	0.517493	0.123725	0.526041	0.116007	0.534840	0.108182	0.543894	0.100267	0.553208	0.092286	0.562789	0.084263	0.572642	0.076229	0.582771	0.068223	0.593182	0.060290	0.603880	0.052483	0.614871	0.044867	0.626161	0.037516	0.637755	0.030524	0.649658	0.024001	0.661876	0.018075	0.674414	0.012906	0.687276	0.008683	0.700470	0.005631	0.714000	0.004027	0.727872	0.004203	0.742090
874.243590	0.131305	0.517474	0.123708	0.526022	0.115990	0.534821	0.108166	0.543875	0.100251	0.553189	0.092270	0.562770	0.084247	0.572624	0.076215	0.582753	0.068209	0.593164	0.060276	0.603863	0.052470	0.614854	0.044854	0.626144	0.037505	0.637739	0.030513	0.649642	0.023991	0.661860	0.018066	0.674398	0.012898	0.687262	0.008676	0.700456	0.005625	0.713986	0.004022	0.727859	0.004200	0.742077
874.629880	0.131288	0.517455	0.123691	0.526003	0.115973	0.534801	0.108149	0.543856	0.100235	0.553171	0.092254	0.562752	0.084232	0.572605	0.076200	0.582735	0.068195	0.593146	0.060263	0.603846	0.052457	0.614837	0.044842	0.626128	0.037493	0.637723	0.030502	0.649626	0.023981	0.661845	0.018057	0.674383	0.012890	0.687247	0.008669	0.700442	0.005620	0.713973	0.004017	0.727846	0.004196	0.742064
875.016050	0.131270	0.517436	0.123674	0.525984	0.115956	0.534782	0.108132	0.543837	0.100219	0.553152	0.092238	0.562734	0.084217	0.572587	0.076185	0.582717	0.068181	0.593128	0.060249	0.603828	0.052444	0.614820	0.044829	0.626111	0.037482	0.637706	0.030492	0.649610	0.023971	0.661829	0.018048	0.674368	0.012882	0.687232	0.008662	0.700427	0.005614	0.713959	0.004013	0.727832	0.004193	0.742051
875.402160	0.131253	0.517417	0.123657	0.525965	0.115940	0.534763	0.108116	0.543819	0.100204	0.553134	0.092223	0.562716	0.084202	0.572569	0.076171	0.582699	0.068168	0.593111	0.060236	0.603811	0.052432	0.614804	0.044817	0.626095	0.037470	0.637690	0.030481	0.649595	0.023961	0.661814	0.018039	0.674353	0.012874	0.687218	0.008655	0.700413	0.005608	0.713946	0.004008	0.727819	0.004189	0.742039
875.788090	0.131236	0.517398	0.123640	0.525946	0.115924	0.534745	0.108100	0.543800	0.100188	0.553116	0.092208	0.562698	0.084187	0.572551	0.076156	0.582682	0.068154	0.593094	0.060222	0.603794	0.052419	0.614787	0.044805	0.626078	0.037458	0.637674	0.030470	0.649579	0.023951	0.661798	0.018030	0.674338	0.012866	0.687203	0.008648	0.700400	0.005602	0.713932	0.004004	0.727806	0.004186	0.742027
876.173950	0.131219	0.517378	0.123623	0.525927	0.115908	0.534727	0.108084	0.543782	0.100172	0.553098	0.092193	0.562680	0.084172	0.572533	0.076142	0.582664	0.068140	0.593076	0.060209	0.603777	0.052406	0.614770	0.044793	0.626062	0.037447	0.637658	0.030459	0.649563	0.023940	0.661783	0.018021	0.674323	0.012858	0.687189	0.008641	0.700386	0.005596	0.713919	0.003999	0.727793	0.004183	0.742014
876.559750	0.131202	0.517359	0.123607	0.525909	0.115891	0.534708	0.108068	0.543763	0.100156	0.553079	0.092178	0.562662	0.084157	0.572515	0.076127	0.582646	0.068125	0.593059	0.060196	0.603760	0.052393	0.614753	0.044781	0.626046	0.037435	0.637641	0.030449	0.649547	0.023930	0.661768	0.018012	0.674308	0.012850	0.687174	0.008633	0.700372	0.005590	0.713905	0.003994	0.727780	0.004180	0.742002
876.945370	0.131185	0.517341	0.123590	0.525890	0.115874	0.534690	0.108052	0.543745	0.100140	0.553061	0.092162	0.562644	0.084142	0.572497	0.076113	0.582629	0.068111	0.593041	0.060183	0.603742	0.052380	0.614736	0.044769	0.626029	0.037424	0.637625	0.030438	0.649531	0.023920	0.661752	0.018003	0.674293	0.012842	0.687160	0.008626	0.700358	0.005584	0.713892	0.003990	0.727767	0.004176	0.741989
877.330930	0.131168	0.517322	0.123574	0.525871	0.115858	0.534671	0.108036	0.543726	0.100124	0.553042	0.092147	0.562625	0.084127	0.572480	0.076098	0.582611	0.068097	0.593024	0.060170	0.603725	0.052367	0.614720	0.044756	0.626013	0.037412	0.637609	0.030428	0.649515	0.023911	0.661737	0.017994	0.674278	0.012834	0.687145	0.008619	0.700344	0.005578	0.713878	0.003985	0.727754	0.004173	0.741976
877.716370	0.131151	0.517303	0.123557	0.525852	0.115841	0.534652	0.108020	0.543708	0.100109	0.553024	0.092131	0.562607	0.084112	0.572462	0.076084	0.582593	0.068083	0.593007	0.060156	0.603708	0.052354	0.614703	0.044744	0.625996	0.037401	0.637594	0.030417	0.649500	0.023901	0.661721	0.017986	0.674263	0.012826	0.687131	0.008612	0.700329	0.005572	0.713865	0.003980	0.727741	0.004170	0.741964
878.101750	0.131133	0.517284	0.123541	0.525833	0.115825	0.534633	0.108004	0.543689	0.100093	0.553006	0.092116	0.562589	0.084097	0.572444	0.076069	0.582575	0.068069	0.592989	0.060142	0.603692	0.052342	0.614687	0.044732	0.625980	0.037390	0.637578	0.030406	0.649484	0.023891	0.661706	0.017977	0.674248	0.012818	0.687116	0.008605	0.700315	0.005566	0.713851	0.003976	0.727729	0.004166	0.741952
878.487000	0.131116	0.517265	0.123524	0.525814	0.115808	0.534615	0.107987	0.543671	0.100078	0.552988	0.092100	0.562571	0.084083	0.572426	0.076055	0.582558	0.068055	0.592972	0.060129	0.603675	0.052329	0.614670	0.044720	0.625964	0.037379	0.637562	0.030395	0.649469	0.023881	0.661691	0.017967	0.674234	0.012810	0.687102	0.008598	0.700301	0.005561	0.713838	0.003971	0.727716	0.004163	0.741939
878.872130	0.131100	0.517245	0.123507	0.525795	0.115792	0.534596	0.107971	0.543652	0.100062	0.552969	0.092085	0.562553	0.084068	0.572408	0.076041	0.582541	0.068042	0.592955	0.060115	0.603658	0.052316	0.614653	0.044708	0.625947	0.037367	0.637545	0.030385	0.649453	0.023871	0.661676	0.017958	0.674219	0.012802	0.687088	0.008591	0.700288	0.005555	0.713824	0.003967	0.727702	0.004160	0.741927
879.257140	0.131083	0.517226	0.123490	0.525777	0.115776	0.534577	0.107955	0.543634	0.100047	0.552951	0.092070	0.562535	0.084053	0.572390	0.076027	0.582523	0.068028	0.592938	0.060102	0.603641	0.052304	0.614636	0.044696	0.625931	0.037355	0.637529	0.030374	0.649438	0.023861	0.661661	0.017949	0.674204	0.012794	0.687073	0.008585	0.700274	0.005549	0.713811	0.003962	0.727689	0.004157	0.741915
879.642090	0.131066	0.517207	0.123473	0.525758	0.115760	0.534558	0.107940	0.543615	0.100031	0.552933	0.092055	0.562517	0.084038	0.572372	0.076012	0.582505	0.068014	0.592921	0.060089	0.603624	0.052291	0.614619	0.044683	0.625914	0.037344	0.637513	0.030364	0.649422	0.023852	0.661645	0.017940	0.674189	0.012786	0.687059	0.008578	0.700260	0.005543	0.713798	0.003957	0.727676	0.004153	0.741902
880.026920	0.131049	0.517189	0.123457	0.525740	0.115744	0.534540	0.107924	0.543597	0.100015	0.552915	0.092040	0.562499	0.084023	0.572355	0.075998	0.582488	0.068000	0.592904	0.060076	0.603607	0.052278	0.614603	0.044671	0.625898	0.037332	0.637497	0.030353	0.649406	0.023842	0.661630	0.017931	0.674174	0.012778	0.687044	0.008572	0.700246	0.005538	0.713784	0.003953	0.727663	0.004150	0.741890
880.411620	0.131032	0.517170	0.123440	0.525721	0.115727	0.534522	0.107908	0.543579	0.099999	0.552897	0.092025	0.562481	0.084008	0.572338	0.075984	0.582470	0.067986	0.592887	0.060063	0.603590	0.052265	0.614586	0.044659	0.625882	0.037321	0.637481	0.030343	0.649390	0.023833	0.661615	0.017923	0.674159	0.012770	0.687030	0.008565	0.700232	0.005532	0.713771	0.003948	0.727650	0.004147	0.741878
880.796260	0.131016	0.517152	0.123424	0.525702	0.115711	0.534504	0.107892	0.543561	0.099984	0.552878	0.092009	0.562463	0.083994	0.572320	0.075970	0.582453	0.067972	0.592869	0.060049	0.603573	0.052253	0.614570	0.044647	0.625866	0.037310	0.637465	0.030332	0.649375	0.023823	0.661600	0.017914	0.674145	0.012762	0.687016	0.008558	0.700218	0.005526	0.713757	0.003944	0.727638	0.004144	0.741866
881.180790	0.130999	0.517133	0.123407	0.525683	0.115694	0.534485	0.107875	0.543543	0.099969	0.552861	0.091994	0.562446	0.083979	0.572303	0.075955	0.582436	0.067959	0.592852	0.060036	0.603556	0.052240	0.614553	0.044635	0.625849	0.037299	0.637450	0.030321	0.649360	0.023813	0.661585	0.017905	0.674130	0.012754	0.687001	0.008551	0.700204	0.005520	0.713744	0.003940	0.727625	0.004140	0.741853
881.565190	0.130983	0.517114	0.123391	0.525665	0.115679	0.534467	0.107860	0.543524	0.099953	0.552843	0.091979	0.562428	0.083965	0.572285	0.075941	0.582418	0.067945	0.592835	0.060023	0.603540	0.052228	0.614537	0.044624	0.625833	0.037288	0.637434	0.030311	0.649344	0.023804	0.661570	0.017896	0.674116	0.012747	0.686987	0.008544	0.700191	0.005514	0.713731	0.003935	0.727612	0.004137	0.741841
881.949460	0.130966	0.517095	0.123375	0.525646	0.115663	0.534448	0.107844	0.543506	0.099938	0.552825	0.091964	0.562410	0.083950	0.572267	0.075927	0.582401	0.067932	0.592818	0.060010	0.603523	0.052216	0.614520	0.044612	0.625817	0.037276	0.637418	0.030300	0.649329	0.023794	0.661555	0.017887	0.674101	0.012739	0.686973	0.008537	0.700177	0.005509	0.713718	0.003931	0.727600	0.004133	0.741829
882.333680	0.130949	0.517077	0.123359	0.525628	0.115647	0.534430	0.107829	0.543488	0.099923	0.552807	0.091949	0.562393	0.083935	0.572250	0.075913	0.582384	0.067918	0.592801	0.059997	0.603506	0.052203	0.614504	0.044600	0.625801	0.037265	0.637402	0.030290	0.649314	0.023785	0.661540	0.017879	0.674086	0.012731	0.686959	0.008530	0.700163	0.005503	0.713704	0.003926	0.727587	0.004130	0.741816
882.717770	0.130932	0.517058	0.123342	0.525609	0.115631	0.534412	0.107813	0.543470	0.099907	0.552789	0.091934	0.562375	0.083921	0.572233	0.075898	0.582367	0.067904	0.592784	0.059984	0.603489	0.052190	0.614488	0.044588	0.625785	0.037254	0.637386	0.030280	0.649298	0.023775	0.661525	0.017870	0.674072	0.012724	0.686945	0.008523	0.700150	0.005498	0.713691	0.003921	0.727574	0.004127	0.741804
883.101750	0.130916	0.517040	0.123326	0.525591	0.115615	0.534394	0.107798	0.543452	0.099892	0.552771	0.091919	0.562357	0.083906	0.572215	0.075884	0.582350	0.067890	0.592768	0.059971	0.603473	0.052178	0.614472	0.044576	0.625769	0.037243	0.637371	0.030269	0.649283	0.023765	0.661510	0.017862	0.674057	0.012716	0.686931	0.008516	0.700136	0.005493	0.713677	0.003917	0.727562	0.004124	0.741792
883.485660	0.130900	0.517022	0.123309	0.525573	0.115599	0.534376	0.107782	0.543434	0.099877	0.552754	0.091905	0.562340	0.083892	0.572198	0.075871	0.582333	0.067877	0.592751	0.059957	0.603456	0.052165	0.614456	0.044564	0.625753	0.037232	0.637356	0.030259	0.649268	0.023756	0.661495	0.017853	0.674043	0.012708	0.686917	0.008510	0.700123	0.005487	0.713664	0.003913	0.727549	0.004121	0.741780
883.869450	0.130883	0.517003	0.123293	0.525555	0.115583	0.534357	0.107766	0.543416	0.099861	0.552736	0.091890	0.562323	0.083878	0.572181	0.075857	0.582316	0.067864	0.592734	0.059944	0.603440	0.052153	0.614440	0.044553	0.625737	0.037221	0.637340	0.030249	0.649252	0.023746	0.661480	0.017844	0.674029	0.012701	0.686903	0.008503	0.700109	0.005481	0.713651	0.003908	0.727536	0.004117	0.741768
884.253110	0.130867	0.516985	0.123277	0.525537	0.115567	0.534339	0.107751	0.543398	0.099846	0.552718	0.091875	0.562305	0.083863	0.572164	0.075843	0.582299	0.067850	0.592717	0.059932	0.603423	0.052141	0.614423	0.044541	0.625721	0.037210	0.637325	0.030238	0.649237	0.023737	0.661465	0.017835	0.674014	0.012693	0.686889	0.008497	0.700095	0.005475	0.713638	0.003904	0.727524	0.004114	0.741756
884.636720	0.130851	0.516966	0.123261	0.525519	0.115551	0.534321	0.107735	0.543380	0.099830	0.552701	0.091860	0.562288	0.083849	0.572146	0.075828	0.582282	0.067837	0.592700	0.059919	0.603407	0.052129	0.614407	0.044529	0.625705	0.037199	0.637309	0.030228	0.649221	0.023727	0.661450	0.017827	0.674000	0.012685	0.686874	0.008490	0.700082	0.005469	0.713625	0.003899	0.727511	0.004111	0.741744
885.020140	0.130834	0.516948	0.123245	0.525500	0.115535	0.534303	0.107719	0.543362	0.099815	0.552683	0.091845	0.562270	0.083834	0.572129	0.075814	0.582265	0.067823	0.592683	0.059906	0.603390	0.052116	0.614390	0.044517	0.625689	0.037187	0.637293	0.030217	0.649206	0.023717	0.661435	0.017819	0.673985	0.012677	0.686860	0.008483	0.700068	0.005464	0.713612	0.003895	0.727498	0.004108	0.741732
885.403500	0.130818	0.516930	0.123229	0.525482	0.115519	0.534285	0.107704	0.543344	0.099800	0.552665	0.091830	0.562252	0.083820	0.572111	0.075800	0.582248	0.067810	0.592667	0.059893	0.603374	0.052104	0.614374	0.044506	0.625673	0.037176	0.637277	0.030207	0.649191	0.023708	0.661420	0.017810	0.673971	0.012669	0.686846	0.008476	0.700055	0.005458	0.713599	0.003890	0.727486	0.004105	0.741720
885.786800	0.130801	0.516911	0.123213	0.525463	0.115504	0.534267	0.107688	0.543327	0.099785	0.552648	0.091815	0.562235	0.083805	0.572094	0.075787	0.582231	0.067796	0.592650	0.059880	0.603357	0.052091	0.614358	0.044494	0.625658	0.037165	0.637262	0.030197	0.649176	0.023698	0.661405	0.017801	0.673956	0.012661	0.686833	0.008470	0.700041	0.005453	0.713586	0.003885	0.727473	0.004102	0.741708
886.169980	0.130785	0.516893	0.123197	0.525445	0.115488	0.534249	0.107673	0.543309	0.099770	0.552630	0.091800	0.562217	0.083791	0.572076	0.075773	0.582213	0.067783	0.592634	0.059867	0.603341	0.052078	0.614342	0.044483	0.625642	0.037154	0.637246	0.030187	0.649161	0.023689	0.661390	0.017792	0.673942	0.012654	0.686819	0.008463	0.700027	0.005448	0.713573	0.003881	0.727461	0.004099	0.741696
886.552980	0.130768	0.516874	0.123181	0.525427	0.115472	0.534231	0.107658	0.543291	0.099755	0.552613	0.091786	0.562200	0.083776	0.572060	0.075759	0.582197	0.067770	0.592617	0.059854	0.603324	0.052066	0.614326	0.044471	0.625626	0.037144	0.637231	0.030177	0.649146	0.023680	0.661376	0.017784	0.673928	0.012646	0.686805	0.008457	0.700014	0.005442	0.713560	0.003877	0.727448	0.004096	0.741684
886.935970	0.130752	0.516856	0.123165	0.525409	0.115457	0.534213	0.107643	0.543273	0.099740	0.552595	0.091771	0.562183	0.083762	0.572043	0.075745	0.582180	0.067756	0.592600	0.059841	0.603308	0.052054	0.614310	0.044459	0.625611	0.037133	0.637216	0.030167	0.649131	0.023671	0.661361	0.017775	0.673913	0.012638	0.686791	0.008450	0.700000	0.005436	0.713547	0.003873	0.727436	0.004093	0.741672
887.318790	0.130736	0.516838	0.123149	0.525391	0.115441	0.534195	0.107627	0.543255	0.099724	0.552577	0.091757	0.562166	0.083748	0.572026	0.075732	0.582163	0.067743	0.592583	0.059828	0.603292	0.052042	0.614294	0.044447	0.625595	0.037122	0.637200	0.030156	0.649115	0.023661	0.661347	0.017767	0.673899	0.012631	0.686777	0.008443	0.699987	0.005430	0.713534	0.003869	0.727424	0.004089	0.741660
887.701540	0.130720	0.516820	0.123133	0.525373	0.115425	0.534178	0.107611	0.543238	0.099710	0.552560	0.091742	0.562148	0.083734	0.572008	0.075718	0.582146	0.067730	0.592567	0.059816	0.603276	0.052030	0.614278	0.044436	0.625579	0.037111	0.637185	0.030146	0.649101	0.023651	0.661332	0.017758	0.673884	0.012624	0.686763	0.008436	0.699973	0.005425	0.713521	0.003864	0.727411	0.004086	0.741648
888.084170	0.130703	0.516802	0.123116	0.525355	0.115410	0.534160	0.107596	0.543220	0.099695	0.552542	0.091728	0.562131	0.083720	0.571991	0.075704	0.582129	0.067717	0.592550	0.059803	0.603259	0.052018	0.614261	0.044424	0.625564	0.037100	0.637170	0.030136	0.649086	0.023642	0.661318	0.017749	0.673870	0.012616	0.686749	0.008430	0.699960	0.005420	0.713508	0.003860	0.727398	0.004082	0.741636
888.466740	0.130687	0.516784	0.123100	0.525337	0.115394	0.534142	0.107580	0.543203	0.099680	0.552524	0.091713	0.562114	0.083706	0.571974	0.075690	0.582112	0.067704	0.592534	0.059791	0.603243	0.052006	0.614245	0.044413	0.625548	0.037089	0.637154	0.030126	0.649071	0.023633	0.661303	0.017741	0.673856	0.012609	0.686735	0.008423	0.699947	0.005415	0.713495	0.003855	0.727386	0.004079	0.741625
888.849120	0.130670	0.516766	0.123084	0.525319	0.115378	0.534124	0.107565	0.543185	0.099665	0.552507	0.091699	0.562097	0.083692	0.571958	0.075676	0.582096	0.067690	0.592518	0.059778	0.603226	0.051994	0.614229	0.044402	0.625532	0.037078	0.637139	0.030116	0.649056	0.023624	0.661289	0.017732	0.673842	0.012601	0.686721	0.008417	0.699933	0.005409	0.713482	0.003851	0.727374	0.004076	0.741613
889.231450	0.130654	0.516748	0.123068	0.525301	0.115362	0.534106	0.107550	0.543167	0.099650	0.552490	0.091684	0.562080	0.083677	0.571941	0.075663	0.582079	0.067677	0.592501	0.059765	0.603210	0.051982	0.614213	0.044390	0.625517	0.037068	0.637124	0.030106	0.649041	0.023614	0.661274	0.017724	0.673827	0.012593	0.686708	0.008410	0.699920	0.005404	0.713469	0.003846	0.727361	0.004073	0.741601
889.613710	0.130638	0.516730	0.123053	0.525283	0.115347	0.534089	0.107535	0.543150	0.099635	0.552472	0.091670	0.562062	0.083663	0.571923	0.075649	0.582062	0.067663	0.592484	0.059753	0.603194	0.051969	0.614198	0.044379	0.625501	0.037057	0.637108	0.030095	0.649026	0.023605	0.661259	0.017716	0.673813	0.012586	0.686694	0.008404	0.699906	0.005398	0.713457	0.003842	0.727349	0.004070	0.741589
889.995790	0.130622	0.516711	0.123037	0.525265	0.115331	0.534071	0.107520	0.543132	0.099620	0.552455	0.091655	0.562045	0.083649	0.571906	0.075635	0.582045	0.067650	0.592467	0.059740	0.603178	0.051957	0.614182	0.044367	0.625485	0.037046	0.637093	0.030085	0.649011	0.023595	0.661244	0.017707	0.673799	0.012578	0.686680	0.008397	0.699893	0.005392	0.713444	0.003838	0.727336	0.004067	0.741577
890.377810	0.130606	0.516693	0.123022	0.525248	0.115316	0.534054	0.107505	0.543115	0.099605	0.552438	0.091641	0.562028	0.083635	0.571889	0.075622	0.582029	0.067637	0.592451	0.059728	0.603162	0.051945	0.614166	0.044356	0.625469	0.037035	0.637078	0.030075	0.648996	0.023586	0.661230	0.017699	0.673785	0.012570	0.686667	0.008391	0.699880	0.005387	0.713431	0.003834	0.727324	0.004064	0.741565
890.759770	0.130590	0.516675	0.123006	0.525230	0.115301	0.534036	0.107490	0.543097	0.099590	0.552421	0.091626	0.562011	0.083621	0.571872	0.075608	0.582012	0.067624	0.592435	0.059715	0.603146	0.051934	0.614150	0.044344	0.625454	0.037025	0.637063	0.030065	0.648981	0.023577	0.661216	0.017690	0.673771	0.012563	0.686653	0.008384	0.699867	0.005381	0.713418	0.003830	0.727312	0.004061	0.741553
891.141540	0.130574	0.516657	0.122990	0.525213	0.115285	0.534018	0.107474	0.543080	0.099576	0.552404	0.091612	0.561994	0.083607	0.571856	0.075595	0.581996	0.067611	0.592419	0.059702	0.603130	0.051922	0.614134	0.044333	0.625438	0.037014	0.637047	0.030055	0.648966	0.023568	0.661202	0.017682	0.673757	0.012555	0.686640	0.008378	0.699854	0.005376	0.713405	0.003825	0.727300	0.004058	0.741542
891.523250	0.130559	0.516640	0.122975	0.525195	0.115270	0.534001	0.107460	0.543062	0.099561	0.552386	0.091597	0.561977	0.083593	0.571840	0.075581	0.581979	0.067598	0.592403	0.059690	0.603114	0.051909	0.614118	0.044321	0.625423	0.037003	0.637033	0.030045	0.648951	0.023558	0.661187	0.017674	0.673743	0.012548	0.686626	0.008371	0.699841	0.005371	0.713393	0.003821	0.727288	0.004055	0.741530
891.904850	0.130543	0.516622	0.122959	0.525177	0.115255	0.533983	0.107445	0.543045	0.099547	0.552369	0.091583	0.561960	0.083579	0.571823	0.075567	0.581963	0.067585	0.592386	0.059677	0.603098	0.051897	0.614103	0.044310	0.625408	0.036993	0.637018	0.030035	0.648937	0.023549	0.661173	0.017665	0.673729	0.012541	0.686612	0.008365	0.699828	0.005365	0.713380	0.003816	0.727276	0.004052	0.741519
892.286320	0.130527	0.516605	0.122943	0.525160	0.115239	0.533966	0.107430	0.543028	0.099532	0.552352	0.091568	0.561943	0.083566	0.571807	0.075554	0.581947	0.067572	0.592370	0.059664	0.603082	0.051885	0.614087	0.044299	0.625393	0.036982	0.637003	0.030026	0.648922	0.023540	0.661158	0.017657	0.673716	0.012534	0.686599	0.008358	0.699815	0.005360	0.713368	0.003812	0.727264	0.004049	0.741507
892.667720	0.130511	0.516587	0.122928	0.525142	0.115224	0.533948	0.107414	0.543011	0.099517	0.552335	0.091554	0.561926	0.083552	0.571790	0.075541	0.581930	0.067559	0.592354	0.059652	0.603066	0.051873	0.614072	0.044288	0.625377	0.036971	0.636987	0.030016	0.648908	0.023531	0.661144	0.017648	0.673701	0.012526	0.686586	0.008352	0.699802	0.005355	0.713355	0.003808	0.727252	0.004046	0.741495
893.049010	0.130495	0.516569	0.122912	0.525124	0.115208	0.533931	0.107399	0.542994	0.099502	0.552318	0.091540	0.561909	0.083538	0.571773	0.075527	0.581914	0.067546	0.592338	0.059639	0.603050	0.051861	0.614056	0.044277	0.625362	0.036961	0.636972	0.030006	0.648893	0.023522	0.661129	0.017640	0.673687	0.012519	0.686572	0.008345	0.699788	0.005349	0.713342	0.003803	0.727239	0.004043	0.741483
893.430180	0.130479	0.516551	0.122896	0.525106	0.115193	0.533913	0.107384	0.542976	0.099488	0.552301	0.091526	0.561892	0.083524	0.571756	0.075514	0.581897	0.067533	0.592322	0.059627	0.603034	0.051850	0.614040	0.044265	0.625346	0.036950	0.636957	0.029996	0.648878	0.023513	0.661115	0.017632	0.673673	0.012511	0.686559	0.008339	0.699775	0.005344	0.713330	0.003799	0.727227	0.004040	0.741472
893.811280	0.130464	0.516534	0.122881	0.525089	0.115177	0.533896	0.107369	0.542959	0.099473	0.552283	0.091511	0.561875	0.083510	0.571739	0.075501	0.581880	0.067520	0.592305	0.059615	0.603018	0.051838	0.614025	0.044254	0.625331	0.036939	0.636942	0.029986	0.648863	0.023504	0.661101	0.017624	0.673659	0.012504	0.686545	0.008333	0.699762	0.005339	0.713317	0.003795	0.727215	0.004037	0.741460
894.192260	0.130448	0.516516	0.122865	0.525071	0.115162	0.533878	0.107355	0.542941	0.099459	0.552266	0.091497	0.561859	0.083496	0.571723	0.075487	0.581864	0.067507	0.592289	0.059603	0.603002	0.051826	0.614009	0.044242	0.625315	0.036929	0.636928	0.029976	0.648849	0.023494	0.661087	0.017616	0.673645	0.012496	0.686531	0.008327	0.699749	0.005333	0.713305	0.003791	0.727203	0.004033	0.741448
894.573120	0.130432	0.516499	0.122850	0.525054	0.115148	0.533861	0.107340	0.542925	0.099444	0.552250	0.091483	0.561842	0.083482	0.571706	0.075474	0.581848	0.067494	0.592273	0.059590	0.602987	0.051814	0.613993	0.044231	0.625300	0.036918	0.636913	0.029966	0.648834	0.023485	0.661073	0.017607	0.673631	0.012489	0.686518	0.008320	0.699737	0.005328	0.713292	0.003787	0.727191	0.004030	0.741437
894.953860	0.130416	0.516481	0.122835	0.525037	0.115133	0.533844	0.107325	0.542908	0.099430	0.552233	0.091469	0.561825	0.083469	0.571690	0.075461	0.581832	0.067482	0.592257	0.059578	0.602971	0.051802	0.613978	0.044220	0.625285	0.036907	0.636898	0.029956	0.648820	0.023476	0.661059	0.017599	0.673618	0.012482	0.686505	0.008314	0.699724	0.005323	0.713280	0.003783	0.727178	0.004027	0.741425
895.334530	0.130400	0.516464	0.122819	0.525020	0.115118	0.533827	0.107310	0.542891	0.099415	0.552216	0.091455	0.561808	0.083455	0.571673	0.075447	0.581816	0.067469	0.592241	0.059565	0.602955	0.051791	0.613963	0.044209	0.625270	0.036897	0.636883	0.029946	0.648805	0.023467	0.661044	0.017591	0.673604	0.012475	0.686491	0.008307	0.699711	0.005317	0.713267	0.003778	0.727167	0.004025	0.741414
895.715090	0.130385	0.516446	0.122804	0.525002	0.115102	0.533810	0.107295	0.542874	0.099401	0.552200	0.091441	0.561791	0.083441	0.571657	0.075434	0.581799	0.067456	0.592225	0.059553	0.602939	0.051779	0.613947	0.044198	0.625255	0.036887	0.636868	0.029936	0.648791	0.023459	0.661030	0.017583	0.673590	0.012467	0.686478	0.008301	0.699698	0.005312	0.713254	0.003774	0.727155	0.004022	0.741403
896.095520	0.130369	0.516429	0.122788	0.524985	0.115087	0.533793	0.107280	0.542857	0.099386	0.552183	0.091426	0.561775	0.083428	0.571640	0.075421	0.581783	0.067444	0.592209	0.059541	0.602923	0.051767	0.613932	0.044186	0.625240	0.036876	0.636853	0.029927	0.648776	0.023450	0.661015	0.017575	0.673577	0.012460	0.686465	0.008294	0.699685	0.005307	0.713242	0.003770	0.727143	0.004019	0.741391
896.475890	0.130354	0.516411	0.122773	0.524967	0.115072	0.533775	0.107265	0.542840	0.099372	0.552166	0.091412	0.561759	0.083414	0.571623	0.075407	0.581767	0.067431	0.592193	0.059529	0.602907	0.051755	0.613916	0.044175	0.625225	0.036866	0.636838	0.029917	0.648762	0.023441	0.661001	0.017567	0.673563	0.012453	0.686451	0.008288	0.699672	0.005301	0.713229	0.003766	0.727131	0.004016	0.741380
896.856140	0.130338	0.516394	0.122758	0.524950	0.115057	0.533758	0.107251	0.542822	0.099357	0.552148	0.091398	0.561742	0.083400	0.571607	0.075394	0.581751	0.067418	0.592177	0.059517	0.602892	0.051743	0.613901	0.044164	0.625210	0.036855	0.636824	0.029908	0.648747	0.023431	0.660987	0.017558	0.673549	0.012446	0.686438	0.008282	0.699659	0.005296	0.713217	0.003762	0.727119	0.004013	0.741368
897.236270	0.130322	0.516376	0.122743	0.524932	0.115042	0.533740	0.107236	0.542805	0.099343	0.552132	0.091384	0.561726	0.083386	0.571591	0.075381	0.581735	0.067405	0.592161	0.059504	0.602876	0.051732	0.613886	0.044153	0.625194	0.036845	0.636809	0.029898	0.648733	0.023422	0.660973	0.017550	0.673535	0.012438	0.686425	0.008276	0.699646	0.005291	0.713204	0.003757	0.727107	0.004010	0.741357
897.616270	0.130307	0.516359	0.122727	0.524915	0.115027	0.533723	0.107222	0.542788	0.099328	0.552115	0.091370	0.561709	0.083373	0.571575	0.075368	0.581718	0.067393	0.592145	0.059492	0.602861	0.051721	0.613870	0.044142	0.625179	0.036834	0.636794	0.029888	0.648719	0.023413	0.660959	0.017542	0.673522	0.012431	0.686411	0.008269	0.699633	0.005285	0.713192	0.003753	0.727095	0.004007	0.741346
897.996220	0.130291	0.516341	0.122712	0.524898	0.115012	0.533706	0.107207	0.542771	0.099314	0.552098	0.091356	0.561692	0.083359	0.571558	0.075355	0.581702	0.067380	0.592129	0.059480	0.602845	0.051709	0.613855	0.044131	0.625164	0.036824	0.636779	0.029878	0.648704	0.023404	0.660945	0.017534	0.673508	0.012423	0.686398	0.008263	0.699620	0.005280	0.713180	0.003749	0.727083	0.004004	0.741334
898.376040	0.130276	0.516324	0.122697	0.524881	0.114997	0.533689	0.107192	0.542754	0.099300	0.552082	0.091342	0.561675	0.083346	0.571542	0.075342	0.581686	0.067367	0.592113	0.059468	0.602830	0.051697	0.613840	0.044120	0.625149	0.036814	0.636764	0.029869	0.648690	0.023395	0.660931	0.017526	0.673494	0.012416	0.686385	0.008257	0.699607	0.005275	0.713168	0.003745	0.727071	0.004001	0.741323
898.755800	0.130261	0.516306	0.122682	0.524863	0.114982	0.533672	0.107178	0.542738	0.099286	0.552065	0.091329	0.561659	0.083333	0.571526	0.075328	0.581670	0.067354	0.592097	0.059456	0.602814	0.051686	0.613824	0.044109	0.625135	0.036803	0.636749	0.029859	0.648675	0.023387	0.660917	0.017517	0.673481	0.012408	0.686372	0.008251	0.699594	0.005269	0.713155	0.003741	0.727059	0.003998	0.741311
899.135380	0.130245	0.516289	0.122667	0.524846	0.114967	0.533655	0.107163	0.542721	0.099272	0.552048	0.091315	0.561642	0.083319	0.571509	0.075315	0.581654	0.067341	0.592081	0.059444	0.602798	0.051674	0.613809	0.044098	0.625120	0.036792	0.636735	0.029850	0.648661	0.023378	0.660903	0.017509	0.673467	0.012402	0.686358	0.008245	0.699582	0.005264	0.713143	0.003737	0.727047	0.003995	0.741300
899.514890	0.130230	0.516271	0.122651	0.524829	0.114952	0.533638	0.107148	0.542704	0.099257	0.552031	0.091301	0.561626	0.083305	0.571493	0.075302	0.581638	0.067329	0.592066	0.059432	0.602783	0.051662	0.613793	0.044087	0.625104	0.036782	0.636720	0.029840	0.648646	0.023369	0.660889	0.017501	0.673453	0.012395	0.686345	0.008238	0.699569	0.005259	0.713130	0.003733	0.727035	0.003992	0.741289
899.894290	0.130214	0.516254	0.122636	0.524812	0.114937	0.533622	0.107134	0.542688	0.099243	0.552015	0.091287	0.561610	0.083292	0.571477	0.075290	0.581621	0.067316	0.592050	0.059419	0.602767	0.051651	0.613778	0.044076	0.625089	0.036772	0.636706	0.029830	0.648632	0.023360	0.660876	0.017493	0.673440	0.012388	0.686332	0.008232	0.699557	0.005254	0.713118	0.003729	0.727023	0.003990	0.741277
900.273620	0.130199	0.516237	0.122621	0.524795	0.114922	0.533605	0.107120	0.542671	0.099229	0.551998	0.091273	0.561593	0.083278	0.571460	0.075276	0.581606	0.067304	0.592035	0.059407	0.602752	0.051640	0.613763	0.044065	0.625074	0.036762	0.636691	0.029820	0.648618	0.023351	0.660862	0.017485	0.673426	0.012381	0.686319	0.008225	0.699544	0.005249	0.713106	0.003725	0.727012	0.003987	0.741266
900.652830	0.130184	0.516220	0.122606	0.524778	0.114907	0.533588	0.107105	0.542654	0.099215	0.551982	0.091259	0.561577	0.083265	0.571444	0.075263	0.581590	0.067291	0.592019	0.059395	0.602736	0.051629	0.613748	0.044055	0.625059	0.036751	0.636677	0.029811	0.648604	0.023342	0.660848	0.017477	0.673413	0.012374	0.686306	0.008219	0.699531	0.005244	0.713094	0.003721	0.727000	0.003984	0.741254
901.031920	0.130169	0.516203	0.122591	0.524762	0.114893	0.533571	0.107091	0.542638	0.099201	0.551966	0.091246	0.561561	0.083252	0.571429	0.075250	0.581575	0.067279	0.592004	0.059383	0.602721	0.051617	0.613733	0.044044	0.625045	0.036741	0.636662	0.029801	0.648590	0.023333	0.660834	0.017469	0.673400	0.012366	0.686293	0.008214	0.699518	0.005239	0.713082	0.003717	0.726988	0.003981	0.741243
901.410890	0.130154	0.516186	0.122576	0.524745	0.114878	0.533554	0.107076	0.542621	0.099187	0.551949	0.091232	0.561544	0.083239	0.571413	0.075237	0.581559	0.067266	0.591988	0.059371	0.602705	0.051605	0.613718	0.044033	0.625030	0.036731	0.636647	0.029792	0.648576	0.023324	0.660820	0.017461	0.673386	0.012359	0.686280	0.008208	0.699505	0.005233	0.713070	0.003712	0.726976	0.003978	0.741232
901.789790	0.130138	0.516168	0.122561	0.524728	0.114864	0.533537	0.107062	0.542604	0.099173	0.551932	0.091219	0.561528	0.083225	0.571397	0.075224	0.581543	0.067254	0.591972	0.059360	0.602690	0.051593	0.613703	0.044022	0.625015	0.036721	0.636633	0.029782	0.648562	0.023316	0.660807	0.017453	0.673373	0.012352	0.686266	0.008201	0.699493	0.005228	0.713058	0.003708	0.726964	0.003975	0.741221
902.168580	0.130123	0.516151	0.122546	0.524710	0.114850	0.533521	0.107048	0.542588	0.099159	0.551916	0.091205	0.561512	0.083212	0.571381	0.075211	0.581527	0.067241	0.591956	0.059348	0.602675	0.051582	0.613688	0.044011	0.625000	0.036710	0.636619	0.029773	0.648548	0.023307	0.660793	0.017445	0.673359	0.012345	0.686253	0.008195	0.699480	0.005223	0.713045	0.003704	0.726953	0.003972	0.741210
902.547240	0.130108	0.516134	0.122531	0.524693	0.114835	0.533504	0.107033	0.542571	0.099145	0.551899	0.091191	0.561495	0.083199	0.571364	0.075198	0.581511	0.067229	0.591941	0.059336	0.602660	0.051571	0.613673	0.044000	0.624986	0.036700	0.636604	0.029763	0.648533	0.023298	0.660779	0.017438	0.673346	0.012337	0.686240	0.008189	0.699468	0.005218	0.713033	0.003701	0.726942	0.003969	0.741199
902.925840	0.130093	0.516117	0.122516	0.524676	0.114820	0.533487	0.107019	0.542554	0.099131	0.551883	0.091178	0.561479	0.083186	0.571348	0.075185	0.581495	0.067216	0.591925	0.059323	0.602645	0.051559	0.613658	0.043989	0.624971	0.036690	0.636590	0.029754	0.648519	0.023290	0.660765	0.017430	0.673333	0.012330	0.686228	0.008182	0.699455	0.005213	0.713020	0.003697	0.726930	0.003967	0.741187
903.304320	0.130078	0.516100	0.122501	0.524660	0.114805	0.533471	0.107004	0.542538	0.099117	0.551867	0.091164	0.561463	0.083172	0.571332	0.075173	0.581480	0.067204	0.591909	0.059311	0.602630	0.051548	0.613643	0.043978	0.624956	0.036680	0.636575	0.029744	0.648505	0.023281	0.660751	0.017422	0.673319	0.012324	0.686215	0.008176	0.699443	0.005208	0.713008	0.003693	0.726919	0.003964	0.741176
903.682680	0.130063	0.516083	0.122486	0.524643	0.114790	0.533454	0.106990	0.542521	0.099103	0.551851	0.091150	0.561447	0.083159	0.571316	0.075160	0.581464	0.067192	0.591894	0.059300	0.602614	0.051536	0.613628	0.043968	0.624941	0.036670	0.636561	0.029735	0.648491	0.023272	0.660737	0.017414	0.673306	0.012317	0.686202	0.008170	0.699430	0.005202	0.712997	0.003689	0.726907	0.003960	0.741165
904.060970	0.130048	0.516066	0.122472	0.524626	0.114776	0.533437	0.106976	0.542504	0.099089	0.551834	0.091137	0.561431	0.083146	0.571300	0.075148	0.581448	0.067180	0.591879	0.059288	0.602599	0.051525	0.613613	0.043957	0.624927	0.036660	0.636547	0.029725	0.648477	0.023264	0.660724	0.017406	0.673293	0.012310	0.686189	0.008164	0.699418	0.005197	0.712985	0.003684	0.726895	0.003958	0.741154
904.439090	0.130032	0.516050	0.122457	0.524610	0.114761	0.533421	0.106961	0.542488	0.099075	0.551818	0.091123	0.561415	0.083133	0.571285	0.075135	0.581433	0.067168	0.591863	0.059277	0.602583	0.051514	0.613598	0.043947	0.624912	0.036650	0.636532	0.029716	0.648463	0.023255	0.660710	0.017398	0.673280	0.012303	0.686176	0.008158	0.699406	0.005192	0.712973	0.003680	0.726883	0.003955	0.741143
904.817140	0.130017	0.516033	0.122442	0.524593	0.114747	0.533404	0.106947	0.542472	0.099061	0.551802	0.091110	0.561399	0.083119	0.571269	0.075122	0.581417	0.067155	0.591848	0.059265	0.602568	0.051503	0.613583	0.043936	0.624898	0.036640	0.636518	0.029706	0.648449	0.023246	0.660697	0.017390	0.673266	0.012295	0.686163	0.008152	0.699393	0.005187	0.712961	0.003676	0.726872	0.003952	0.741131
905.195130	0.130002	0.516016	0.122427	0.524576	0.114733	0.533387	0.106933	0.542456	0.099047	0.551786	0.091096	0.561383	0.083106	0.571253	0.075109	0.581401	0.067143	0.591833	0.059253	0.602553	0.051492	0.613568	0.043926	0.624883	0.036630	0.636504	0.029697	0.648435	0.023237	0.660683	0.017382	0.673253	0.012288	0.686150	0.008146	0.699381	0.005183	0.712949	0.003672	0.726860	0.003949	0.741120
905.572940	0.129987	0.515999	0.122413	0.524559	0.114718	0.533371	0.106919	0.542439	0.099033	0.551769	0.091082	0.561367	0.083093	0.571237	0.075096	0.581385	0.067131	0.591817	0.059241	0.602538	0.051481	0.613554	0.043915	0.624869	0.036620	0.636489	0.029688	0.648421	0.023229	0.660669	0.017375	0.673240	0.012282	0.686138	0.008140	0.699368	0.005178	0.712937	0.003668	0.726849	0.003946	0.741109
905.950680	0.129972	0.515982	0.122398	0.524542	0.114704	0.533354	0.106905	0.542423	0.099020	0.551753	0.091069	0.561351	0.083080	0.571221	0.075084	0.581370	0.067119	0.591802	0.059229	0.602523	0.051469	0.613539	0.043904	0.624854	0.036610	0.636475	0.029679	0.648408	0.023220	0.660656	0.017367	0.673227	0.012275	0.686125	0.008134	0.699356	0.005173	0.712925	0.003665	0.726838	0.003943	0.741098
906.328370	0.129957	0.515965	0.122383	0.524525	0.114690	0.533337	0.106891	0.542407	0.099006	0.551737	0.091055	0.561335	0.083067	0.571206	0.075071	0.581355	0.067107	0.591787	0.059217	0.602508	0.051458	0.613524	0.043893	0.624839	0.036600	0.636461	0.029670	0.648394	0.023212	0.660642	0.017359	0.673214	0.012268	0.686112	0.008128	0.699343	0.005167	0.712912	0.003660	0.726826	0.003941	0.741088
906.705870	0.129943	0.515949	0.122369	0.524509	0.114675	0.533321	0.106877	0.542390	0.098992	0.551721	0.091042	0.561319	0.083054	0.571190	0.075059	0.581339	0.067095	0.591772	0.059205	0.602493	0.051447	0.613509	0.043882	0.624825	0.036590	0.636447	0.029660	0.648380	0.023204	0.660628	0.017351	0.673200	0.012261	0.686099	0.008122	0.699331	0.005162	0.712900	0.003656	0.726814	0.003938	0.741077
907.083310	0.129928	0.515932	0.122354	0.524492	0.114661	0.533304	0.106863	0.542373	0.098978	0.551704	0.091029	0.561303	0.083041	0.571175	0.075046	0.581324	0.067082	0.591757	0.059193	0.602478	0.051436	0.613495	0.043872	0.624811	0.036580	0.636433	0.029651	0.648366	0.023195	0.660615	0.017343	0.673187	0.012254	0.686086	0.008116	0.699318	0.005157	0.712888	0.003652	0.726802	0.003935	0.741066
907.460630	0.129913	0.515916	0.122339	0.524476	0.114646	0.533288	0.106849	0.542357	0.098964	0.551689	0.091015	0.561288	0.083028	0.571159	0.075033	0.581308	0.067070	0.591741	0.059182	0.602463	0.051425	0.613480	0.043861	0.624797	0.036570	0.636419	0.029641	0.648352	0.023186	0.660602	0.017336	0.673174	0.012247	0.686073	0.008110	0.699306	0.005152	0.712877	0.003648	0.726791	0.003932	0.741055
907.837830	0.129897	0.515899	0.122324	0.524460	0.114632	0.533272	0.106834	0.542341	0.098951	0.551673	0.091002	0.561272	0.083015	0.571143	0.075020	0.581293	0.067057	0.591726	0.059171	0.602448	0.051414	0.613465	0.043851	0.624782	0.036560	0.636404	0.029632	0.648338	0.023178	0.660589	0.017328	0.673161	0.012240	0.686060	0.008104	0.699293	0.005147	0.712865	0.003645	0.726780	0.003929	0.741044
908.214970	0.129883	0.515883	0.122310	0.524444	0.114618	0.533256	0.106820	0.542325	0.098937	0.551657	0.090988	0.561256	0.083002	0.571127	0.075008	0.581277	0.067045	0.591710	0.059159	0.602433	0.051403	0.613451	0.043841	0.624768	0.036550	0.636390	0.029623	0.648324	0.023169	0.660575	0.017321	0.673148	0.012233	0.686048	0.008099	0.699281	0.005142	0.712853	0.003641	0.726769	0.003926	0.741033
908.591980	0.129868	0.515866	0.122296	0.524427	0.114604	0.533240	0.106806	0.542308	0.098923	0.551641	0.090975	0.561240	0.082989	0.571112	0.074995	0.581262	0.067033	0.591695	0.059148	0.602418	0.051391	0.613436	0.043831	0.624754	0.036541	0.636376	0.029614	0.648311	0.023161	0.660562	0.017313	0.673135	0.012226	0.686036	0.008093	0.699269	0.005137	0.712842	0.003637	0.726757	0.003924	0.741022
908.968870	0.129853	0.515849	0.122281	0.524410	0.114589	0.533223	0.106792	0.542292	0.098909	0.551624	0.090962	0.561224	0.082976	0.571096	0.074983	0.581246	0.067021	0.591680	0.059136	0.602403	0.051380	0.613421	0.043820	0.624739	0.036531	0.636362	0.029605	0.648297	0.023153	0.660548	0.017305	0.673122	0.012220	0.686023	0.008087	0.699257	0.005132	0.712830	0.003633	0.726746	0.003921	0.741011
909.345700	0.129839	0.515833	0.122267	0.524394	0.114575	0.533207	0.106779	0.542276	0.098895	0.551608	0.090949	0.561208	0.082963	0.571081	0.074971	0.581231	0.067009	0.591665	0.059124	0.602388	0.051369	0.613406	0.043809	0.624725	0.036521	0.636348	0.029596	0.648283	0.023144	0.660535	0.017297	0.673109	0.012213	0.686010	0.008080	0.699245	0.005127	0.712818	0.003629	0.726735	0.003919	0.741000
909.722410	0.129824	0.515816	0.122252	0.524377	0.114560	0.533191	0.106765	0.542261	0.098882	0.551593	0.090936	0.561193	0.082950	0.571066	0.074958	0.581215	0.066998	0.591650	0.059112	0.602374	0.051358	0.613392	0.043799	0.624711	0.036510	0.636334	0.029587	0.648269	0.023135	0.660522	0.017290	0.673096	0.012206	0.685997	0.008074	0.699233	0.005123	0.712806	0.003625	0.726723	0.003916	0.740989
910.099000	0.129809	0.515800	0.122237	0.524361	0.114546	0.533175	0.106751	0.542245	0.098869	0.551577	0.090923	0.561177	0.082938	0.571050	0.074946	0.581200	0.066986	0.591635	0.059101	0.602359	0.051347	0.613377	0.043788	0.624696	0.036500	0.636320	0.029578	0.648255	0.023127	0.660508	0.017282	0.673083	0.012199	0.685985	0.008068	0.699221	0.005118	0.712794	0.003621	0.726712	0.003913	0.740978
910.475520	0.129794	0.515783	0.122223	0.524344	0.114532	0.533159	0.106738	0.542229	0.098855	0.551561	0.090909	0.561161	0.082925	0.571034	0.074933	0.581185	0.066974	0.591620	0.059090	0.602344	0.051336	0.613363	0.043778	0.624682	0.036490	0.636306	0.029568	0.648242	0.023118	0.660495	0.017274	0.673070	0.012192	0.685972	0.008062	0.699208	0.005113	0.712782	0.003617	0.726701	0.003910	0.740968
910.851870	0.129780	0.515766	0.122209	0.524328	0.114519	0.533142	0.106724	0.542212	0.098842	0.551545	0.090896	0.561145	0.082912	0.571018	0.074921	0.581170	0.066962	0.591605	0.059078	0.602329	0.051325	0.613349	0.043767	0.624668	0.036481	0.636292	0.029559	0.648228	0.023110	0.660481	0.017266	0.673057	0.012186	0.685960	0.008056	0.699196	0.005108	0.712771	0.003613	0.726689	0.003907	0.740957
911.228150	0.129765	0.515750	0.122194	0.524312	0.114504	0.533126	0.106709	0.542196	0.098829	0.551529	0.090883	0.561130	0.082899	0.571003	0.074908	0.581155	0.066950	0.591590	0.059067	0.602314	0.051314	0.613334	0.043757	0.624653	0.036471	0.636279	0.029549	0.648215	0.023102	0.660468	0.017258	0.673044	0.012179	0.685947	0.008051	0.699184	0.005103	0.712759	0.003610	0.726678	0.003904	0.740946
911.604370	0.129751	0.515734	0.122180	0.524296	0.114490	0.533110	0.106696	0.542181	0.098815	0.551514	0.090870	0.561114	0.082886	0.570988	0.074896	0.581140	0.066938	0.591575	0.059055	0.602299	0.051303	0.613319	0.043747	0.624639	0.036462	0.636265	0.029540	0.648201	0.023094	0.660455	0.017251	0.673032	0.012172	0.685935	0.008045	0.699172	0.005098	0.712747	0.003606	0.726667	0.003902	0.740935
911.980410	0.129737	0.515718	0.122166	0.524280	0.114476	0.533094	0.106682	0.542165	0.098802	0.551498	0.090857	0.561099	0.082874	0.570973	0.074884	0.581125	0.066926	0.591560	0.059044	0.602285	0.051293	0.613305	0.043737	0.624625	0.036452	0.636251	0.029531	0.648188	0.023085	0.660442	0.017243	0.673019	0.012165	0.685923	0.008039	0.699160	0.005093	0.712736	0.003602	0.726656	0.003899	0.740925
912.356380	0.129722	0.515701	0.122151	0.524264	0.114462	0.533078	0.106668	0.542149	0.098788	0.551482	0.090843	0.561084	0.082861	0.570958	0.074872	0.581109	0.066914	0.591545	0.059032	0.602270	0.051282	0.613290	0.043726	0.624611	0.036443	0.636237	0.029522	0.648174	0.023077	0.660429	0.017236	0.673005	0.012159	0.685910	0.008033	0.699148	0.005088	0.712724	0.003598	0.726644	0.003897	0.740914
912.732240	0.129707	0.515685	0.122137	0.524248	0.114448	0.533061	0.106655	0.542133	0.098775	0.551466	0.090830	0.561068	0.082848	0.570942	0.074860	0.581094	0.066902	0.591530	0.059021	0.602255	0.051271	0.613276	0.043715	0.624597	0.036433	0.636223	0.029513	0.648161	0.023068	0.660415	0.017228	0.672992	0.012152	0.685898	0.008027	0.699136	0.005083	0.712712	0.003595	0.726633	0.003894	0.740904
913.108030	0.129693	0.515668	0.122123	0.524231	0.114434	0.533045	0.106641	0.542117	0.098761	0.551451	0.090817	0.561052	0.082835	0.570927	0.074847	0.581079	0.066891	0.591516	0.059010	0.602241	0.051260	0.613262	0.043705	0.624583	0.036423	0.636209	0.029504	0.648147	0.023060	0.660402	0.017221	0.672979	0.012145	0.685885	0.008021	0.699124	0.005079	0.712701	0.003591	0.726622	0.003891	0.740893
913.483700	0.129679	0.515652	0.122109	0.524215	0.114420	0.533030	0.106627	0.542102	0.098748	0.551435	0.090805	0.561037	0.082823	0.570911	0.074835	0.581064	0.066879	0.591501	0.058999	0.602227	0.051249	0.613248	0.043695	0.624569	0.036413	0.636196	0.029495	0.648134	0.023051	0.660389	0.017213	0.672967	0.012138	0.685873	0.008016	0.699111	0.005074	0.712689	0.003587	0.726611	0.003889	0.740882
913.859250	0.129664	0.515636	0.122094	0.524199	0.114406	0.533014	0.106613	0.542086	0.098735	0.551420	0.090792	0.561021	0.082811	0.570896	0.074823	0.581049	0.066866	0.591486	0.058987	0.602212	0.051238	0.613233	0.043685	0.624554	0.036404	0.636182	0.029486	0.648121	0.023043	0.660376	0.017206	0.672955	0.012132	0.685861	0.008010	0.699099	0.005069	0.712677	0.003583	0.726600	0.003886	0.740871
914.234680	0.129650	0.515620	0.122080	0.524183	0.114392	0.532998	0.106599	0.542070	0.098722	0.551404	0.090779	0.561005	0.082798	0.570881	0.074810	0.581034	0.066855	0.591471	0.058976	0.602198	0.051227	0.613219	0.043675	0.624540	0.036394	0.636168	0.029477	0.648108	0.023035	0.660363	0.017198	0.672942	0.012125	0.685848	0.008004	0.699088	0.005064	0.712666	0.003580	0.726589	0.003883	0.740860
914.610050	0.129635	0.515604	0.122066	0.524167	0.114378	0.532982	0.106586	0.542054	0.098708	0.551388	0.090766	0.560991	0.082785	0.570866	0.074798	0.581019	0.066843	0.591456	0.058965	0.602183	0.051217	0.613205	0.043665	0.624526	0.036384	0.636154	0.029468	0.648094	0.023026	0.660350	0.017191	0.672929	0.012118	0.685836	0.007998	0.699076	0.005059	0.712655	0.003576	0.726578	0.003881	0.740850
914.985290	0.129621	0.515588	0.122053	0.524151	0.114365	0.532967	0.106573	0.542039	0.098695	0.551373	0.090753	0.560976	0.082772	0.570851	0.074786	0.581004	0.066831	0.591442	0.058953	0.602169	0.051206	0.613191	0.043654	0.624513	0.036374	0.636141	0.029459	0.648081	0.023018	0.660338	0.017183	0.672917	0.012111	0.685823	0.007992	0.699064	0.005054	0.712643	0.003572	0.726566	0.003878	0.740839
915.360410	0.129606	0.515572	0.122038	0.524135	0.114351	0.532951	0.106559	0.542023	0.098681	0.551357	0.090740	0.560960	0.082760	0.570835	0.074774	0.580989	0.066820	0.591427	0.058942	0.602154	0.051196	0.613176	0.043644	0.624499	0.036365	0.636127	0.029451	0.648067	0.023010	0.660325	0.017176	0.672904	0.012105	0.685811	0.007986	0.699053	0.005049	0.712632	0.003568	0.726555	0.003876	0.740829
915.735470	0.129592	0.515555	0.122024	0.524119	0.114337	0.532934	0.106546	0.542007	0.098668	0.551342	0.090727	0.560945	0.082748	0.570820	0.074762	0.580974	0.066808	0.591412	0.058931	0.602139	0.051185	0.613162	0.043634	0.624485	0.036356	0.636113	0.029442	0.648053	0.023003	0.660311	0.017168	0.672891	0.012099	0.685799	0.007981	0.699041	0.005044	0.712620	0.003564	0.726545	0.003873	0.740818
916.110410	0.129578	0.515539	0.122010	0.524103	0.114323	0.532918	0.106532	0.541991	0.098655	0.551326	0.090714	0.560929	0.082735	0.570805	0.074749	0.580960	0.066797	0.591398	0.058920	0.602125	0.051174	0.613148	0.043624	0.624471	0.036346	0.636100	0.029433	0.648040	0.022995	0.660298	0.017161	0.672878	0.012092	0.685786	0.007975	0.699028	0.005040	0.712609	0.003560	0.726534	0.003870	0.740808
916.485230	0.129564	0.515523	0.121996	0.524087	0.114310	0.532902	0.106518	0.541976	0.098642	0.551311	0.090702	0.560914	0.082723	0.570789	0.074737	0.580945	0.066785	0.591383	0.058908	0.602110	0.051163	0.613133	0.043614	0.624457	0.036337	0.636087	0.029424	0.648027	0.022986	0.660285	0.017154	0.672865	0.012085	0.685774	0.007970	0.699016	0.005035	0.712597	0.003556	0.726523	0.003867	0.740797
916.859920	0.129549	0.515507	0.121982	0.524071	0.114296	0.532887	0.106505	0.541960	0.098629	0.551296	0.090689	0.560899	0.082710	0.570775	0.074725	0.580930	0.066773	0.591368	0.058897	0.602096	0.051153	0.613119	0.043604	0.624443	0.036328	0.636073	0.029415	0.648014	0.022978	0.660272	0.017147	0.672853	0.012078	0.685763	0.007964	0.699004	0.005031	0.712586	0.003552	0.726512	0.003864	0.740787
917.234560	0.129535	0.515491	0.121968	0.524055	0.114282	0.532871	0.106492	0.541944	0.098616	0.551280	0.090676	0.560884	0.082697	0.570760	0.074714	0.580915	0.066762	0.591354	0.058886	0.602082	0.051142	0.613105	0.043594	0.624429	0.036318	0.636060	0.029406	0.648001	0.022970	0.660259	0.017139	0.672840	0.012072	0.685750	0.007958	0.698993	0.005026	0.712575	0.003549	0.726501	0.003861	0.740776
917.609070	0.129521	0.515475	0.121954	0.524039	0.114268	0.532856	0.106479	0.541929	0.098603	0.551265	0.090663	0.560869	0.082685	0.570745	0.074702	0.580900	0.066750	0.591339	0.058875	0.602068	0.051131	0.613092	0.043584	0.624415	0.036308	0.636046	0.029397	0.647988	0.022962	0.660246	0.017132	0.672828	0.012066	0.685738	0.007953	0.698981	0.005021	0.712563	0.003546	0.726490	0.003859	0.740766
917.983520	0.129507	0.515460	0.121941	0.524024	0.114255	0.532841	0.106466	0.541914	0.098590	0.551250	0.090651	0.560854	0.082673	0.570730	0.074690	0.580886	0.066739	0.591325	0.058864	0.602054	0.051120	0.613078	0.043573	0.624402	0.036298	0.636033	0.029388	0.647975	0.022953	0.660234	0.017124	0.672816	0.012059	0.685726	0.007947	0.698970	0.005016	0.712552	0.003542	0.726478	0.003856	0.740755
918.357790	0.129493	0.515444	0.121927	0.524008	0.114241	0.532825	0.106452	0.541898	0.098577	0.551234	0.090638	0.560838	0.082660	0.570715	0.074678	0.580871	0.066727	0.591310	0.058853	0.602039	0.051110	0.613063	0.043563	0.624388	0.036289	0.636019	0.029380	0.647961	0.022945	0.660221	0.017117	0.672803	0.012053	0.685714	0.007942	0.698958	0.005011	0.712540	0.003539	0.726468	0.003854	0.740745
918.731990	0.129479	0.515428	0.121913	0.523992	0.114228	0.532809	0.106439	0.541883	0.098563	0.551219	0.090625	0.560823	0.082648	0.570700	0.074666	0.580856	0.066715	0.591295	0.058842	0.602025	0.051099	0.613049	0.043553	0.624374	0.036280	0.636006	0.029371	0.647948	0.022937	0.660208	0.017109	0.672791	0.012046	0.685702	0.007936	0.698946	0.005006	0.712529	0.003535	0.726457	0.003851	0.740734
919.106080	0.129465	0.515411	0.121899	0.523977	0.114214	0.532794	0.106425	0.541868	0.098550	0.551204	0.090612	0.560808	0.082635	0.570685	0.074654	0.580841	0.066704	0.591281	0.058831	0.602011	0.051089	0.613035	0.043543	0.624360	0.036270	0.635992	0.029362	0.647934	0.022929	0.660195	0.017102	0.672778	0.012039	0.685690	0.007930	0.698934	0.005002	0.712518	0.003531	0.726446	0.003848	0.740724
919.480100	0.129451	0.515396	0.121885	0.523961	0.114200	0.532778	0.106412	0.541852	0.098537	0.551188	0.090600	0.560793	0.082623	0.570670	0.074642	0.580826	0.066692	0.591266	0.058819	0.601996	0.051079	0.613021	0.043533	0.624346	0.036261	0.635978	0.029354	0.647921	0.022921	0.660182	0.017095	0.672766	0.012033	0.685677	0.007924	0.698922	0.004997	0.712507	0.003527	0.726435	0.003846	0.740714
919.854000	0.129437	0.515380	0.121870	0.523945	0.114186	0.532762	0.106398	0.541836	0.098524	0.551173	0.090587	0.560778	0.082611	0.570655	0.074630	0.580812	0.066680	0.591252	0.058808	0.601982	0.051068	0.613007	0.043523	0.624332	0.036252	0.635964	0.029344	0.647908	0.022913	0.660169	0.017088	0.672753	0.012027	0.685665	0.007918	0.698910	0.004993	0.712495	0.003523	0.726424	0.003843	0.740703
920.227780	0.129422	0.515364	0.121857	0.523929	0.114173	0.532746	0.106385	0.541821	0.098511	0.551158	0.090574	0.560763	0.082599	0.570640	0.074618	0.580797	0.066669	0.591237	0.058797	0.601967	0.051058	0.612993	0.043513	0.624319	0.036242	0.635951	0.029336	0.647895	0.022905	0.660156	0.017080	0.672740	0.012020	0.685653	0.007912	0.698899	0.004988	0.712484	0.003520	0.726413	0.003841	0.740693
920.601440	0.129408	0.515349	0.121843	0.523914	0.114159	0.532731	0.106372	0.541805	0.098499	0.551142	0.090562	0.560747	0.082587	0.570626	0.074606	0.580783	0.066658	0.591223	0.058786	0.601953	0.051047	0.612979	0.043503	0.624305	0.036233	0.635938	0.029327	0.647882	0.022897	0.660143	0.017073	0.672728	0.012013	0.685641	0.007907	0.698887	0.004983	0.712473	0.003516	0.726403	0.003838	0.740682
920.975040	0.129394	0.515333	0.121830	0.523898	0.114146	0.532715	0.106359	0.541790	0.098486	0.551127	0.090549	0.560732	0.082575	0.570611	0.074595	0.580768	0.066647	0.591209	0.058776	0.601939	0.051037	0.612965	0.043494	0.624292	0.036224	0.635925	0.029319	0.647869	0.022889	0.660131	0.017065	0.672716	0.012006	0.685629	0.007901	0.698876	0.004978	0.712462	0.003512	0.726392	0.003836	0.740672
921.348510	0.129380	0.515317	0.121816	0.523882	0.114133	0.532700	0.106346	0.541775	0.098473	0.551112	0.090536	0.560717	0.082563	0.570596	0.074583	0.580753	0.066635	0.591194	0.058765	0.601925	0.051026	0.612951	0.043484	0.624278	0.036214	0.635912	0.029310	0.647856	0.022881	0.660118	0.017058	0.672704	0.012000	0.685617	0.007896	0.698864	0.004974	0.712451	0.003509	0.726381	0.003834	0.740662
921.721860	0.129366	0.515302	0.121802	0.523867	0.114119	0.532684	0.106332	0.541759	0.098460	0.551097	0.090523	0.560702	0.082550	0.570581	0.074571	0.580739	0.066624	0.591180	0.058754	0.601911	0.051016	0.612937	0.043473	0.624264	0.036205	0.635898	0.029301	0.647843	0.022873	0.660106	0.017051	0.672691	0.011994	0.685605	0.007891	0.698853	0.004969	0.712439	0.003505	0.726370	0.003831	0.740652
922.095150	0.129352	0.515286	0.121788	0.523851	0.114106	0.532669	0.106319	0.541744	0.098447	0.551082	0.090511	0.560687	0.082538	0.570566	0.074559	0.580724	0.066612	0.591165	0.058743	0.601897	0.051005	0.612923	0.043463	0.624251	0.036196	0.635885	0.029293	0.647830	0.022865	0.660093	0.017044	0.672679	0.011987	0.685593	0.007886	0.698841	0.004965	0.712428	0.003501	0.726359	0.003828	0.740641
922.468320	0.129339	0.515270	0.121775	0.523836	0.114092	0.532654	0.106305	0.541729	0.098434	0.551067	0.090498	0.560673	0.082526	0.570552	0.074547	0.580710	0.066601	0.591151	0.058732	0.601883	0.050995	0.612910	0.043454	0.624237	0.036186	0.635872	0.029284	0.647817	0.022857	0.660080	0.017037	0.672667	0.011981	0.685581	0.007880	0.698829	0.004960	0.712417	0.003497	0.726349	0.003826	0.740631
922.841370	0.129325	0.515255	0.121761	0.523820	0.114079	0.532639	0.106293	0.541714	0.098421	0.551052	0.090486	0.560658	0.082514	0.570537	0.074536	0.580695	0.066590	0.591137	0.058722	0.601869	0.050984	0.612896	0.043444	0.624224	0.036177	0.635859	0.029276	0.647804	0.022849	0.660067	0.017029	0.672654	0.011975	0.685569	0.007874	0.698818	0.004955	0.712406	0.003494	0.726338	0.003823	0.740620
923.214290	0.129311	0.515239	0.121747	0.523805	0.114065	0.532623	0.106280	0.541699	0.098409	0.551037	0.090474	0.560644	0.082502	0.570523	0.074524	0.580681	0.066579	0.591123	0.058711	0.601855	0.050974	0.612882	0.043435	0.624210	0.036168	0.635845	0.029267	0.647792	0.022841	0.660055	0.017022	0.672642	0.011968	0.685557	0.007869	0.698806	0.004950	0.712395	0.003490	0.726328	0.003821	0.740610
923.587160	0.129297	0.515223	0.121734	0.523790	0.114052	0.532608	0.106267	0.541684	0.098396	0.551022	0.090462	0.560629	0.082490	0.570508	0.074512	0.580666	0.066568	0.591109	0.058700	0.601841	0.050964	0.612869	0.043425	0.624197	0.036158	0.635832	0.029258	0.647778	0.022833	0.660043	0.017015	0.672630	0.011962	0.685545	0.007863	0.698795	0.004946	0.712383	0.003487	0.726317	0.003818	0.740600
923.959900	0.129283	0.515208	0.121720	0.523775	0.114039	0.532593	0.106253	0.541669	0.098383	0.551007	0.090449	0.560614	0.082477	0.570494	0.074500	0.580652	0.066556	0.591095	0.058689	0.601827	0.050954	0.612855	0.043415	0.624183	0.036149	0.635818	0.029250	0.647765	0.022825	0.660030	0.017008	0.672617	0.011956	0.685533	0.007858	0.698783	0.004941	0.712372	0.003483	0.726306	0.003815	0.740590
924.332520	0.129270	0.515192	0.121707	0.523759	0.114026	0.532577	0.106240	0.541653	0.098371	0.550992	0.090437	0.560599	0.082465	0.570479	0.074489	0.580637	0.066545	0.591080	0.058678	0.601813	0.050944	0.612842	0.043405	0.624170	0.036140	0.635805	0.029241	0.647753	0.022817	0.660018	0.017001	0.672605	0.011949	0.685521	0.007852	0.698772	0.004937	0.712361	0.003480	0.726296	0.003813	0.740580
924.705080	0.129256	0.515177	0.121694	0.523743	0.114013	0.532562	0.106227	0.541638	0.098358	0.550977	0.090424	0.560584	0.082453	0.570464	0.074477	0.580623	0.066533	0.591066	0.058668	0.601799	0.050933	0.612828	0.043395	0.624157	0.036131	0.635792	0.029233	0.647740	0.022809	0.660005	0.016994	0.672593	0.011943	0.685509	0.007846	0.698760	0.004933	0.712351	0.003476	0.726285	0.003810	0.740570
925.077510	0.129242	0.515162	0.121680	0.523728	0.113999	0.532547	0.106214	0.541623	0.098345	0.550962	0.090411	0.560569	0.082442	0.570449	0.074466	0.580609	0.066522	0.591052	0.058657	0.601785	0.050923	0.612814	0.043385	0.624143	0.036122	0.635779	0.029224	0.647727	0.022801	0.659992	0.016987	0.672581	0.011937	0.685498	0.007841	0.698749	0.004928	0.712340	0.003472	0.726275	0.003807	0.740560
925.449830	0.129228	0.515146	0.121666	0.523712	0.113986	0.532531	0.106202	0.541608	0.098333	0.550947	0.090399	0.560554	0.082430	0.570435	0.074454	0.580594	0.066510	0.591038	0.058646	0.601771	0.050912	0.612800	0.043375	0.624130	0.036113	0.635766	0.029216	0.647714	0.022794	0.659980	0.016979	0.672569	0.011930	0.685486	0.007835	0.698738	0.004924	0.712329	0.003469	0.726264	0.003805	0.740549
925.822020	0.129215	0.515130	0.121653	0.523697	0.113972	0.532516	0.106189	0.541593	0.098320	0.550932	0.090387	0.560540	0.082418	0.570421	0.074443	0.580580	0.066499	0.591024	0.058635	0.601758	0.050902	0.612786	0.043366	0.624116	0.036103	0.635753	0.029207	0.647701	0.022786	0.659968	0.016972	0.672557	0.011924	0.685475	0.007830	0.698726	0.004919	0.712317	0.003466	0.726253	0.003802	0.740539
926.194150	0.129201	0.515115	0.121639	0.523682	0.113959	0.532501	0.106176	0.541578	0.098307	0.550917	0.090375	0.560525	0.082406	0.570407	0.074431	0.580566	0.066488	0.591010	0.058624	0.601744	0.050892	0.612773	0.043356	0.624103	0.036094	0.635740	0.029199	0.647688	0.022778	0.659955	0.016965	0.672545	0.011918	0.685463	0.007824	0.698715	0.004915	0.712306	0.003462	0.726242	0.003800	0.740529
926.566160	0.129188	0.515100	0.121625	0.523667	0.113946	0.532486	0.106163	0.541563	0.098295	0.550903	0.090362	0.560510	0.082394	0.570392	0.074419	0.580551	0.066477	0.590995	0.058613	0.601730	0.050882	0.612760	0.043346	0.624090	0.036085	0.635727	0.029190	0.647676	0.022770	0.659943	0.016958	0.672532	0.011911	0.685451	0.007819	0.698703	0.004910	0.712295	0.003458	0.726232	0.003798	0.740519
926.938110	0.129174	0.515085	0.121612	0.523652	0.113933	0.532472	0.106150	0.541548	0.098282	0.550888	0.090350	0.560495	0.082382	0.570377	0.074408	0.580537	0.066466	0.590981	0.058603	0.601716	0.050872	0.612746	0.043337	0.624076	0.036077	0.635714	0.029181	0.647663	0.022762	0.659930	0.016951	0.672520	0.011905	0.685439	0.007814	0.698692	0.004905	0.712284	0.003455	0.726222	0.003795	0.740509
927.309880	0.129161	0.515069	0.121599	0.523637	0.113920	0.532456	0.106137	0.541534	0.098269	0.550874	0.090338	0.560481	0.082370	0.570363	0.074396	0.580523	0.066455	0.590967	0.058592	0.601703	0.050862	0.612733	0.043327	0.624063	0.036067	0.635701	0.029173	0.647650	0.022755	0.659918	0.016944	0.672508	0.011899	0.685427	0.007808	0.698681	0.004900	0.712273	0.003451	0.726211	0.003793	0.740499
927.681580	0.129147	0.515054	0.121586	0.523622	0.113907	0.532441	0.106125	0.541519	0.098257	0.550859	0.090325	0.560466	0.082358	0.570348	0.074385	0.580509	0.066444	0.590954	0.058582	0.601689	0.050852	0.612719	0.043318	0.624050	0.036058	0.635688	0.029164	0.647638	0.022747	0.659905	0.016937	0.672496	0.011892	0.685416	0.007803	0.698670	0.004896	0.712262	0.003447	0.726201	0.003790	0.740489
928.053220	0.129133	0.515039	0.121573	0.523607	0.113894	0.532426	0.106112	0.541504	0.098244	0.550844	0.090313	0.560452	0.082346	0.570334	0.074373	0.580495	0.066433	0.590940	0.058571	0.601675	0.050842	0.612705	0.043309	0.624037	0.036049	0.635675	0.029156	0.647625	0.022739	0.659893	0.016930	0.672484	0.011886	0.685404	0.007797	0.698658	0.004891	0.712251	0.003443	0.726191	0.003788	0.740479
928.424680	0.129120	0.515024	0.121560	0.523592	0.113881	0.532411	0.106099	0.541489	0.098232	0.550829	0.090301	0.560437	0.082334	0.570320	0.074362	0.580481	0.066422	0.590926	0.058561	0.601661	0.050832	0.612692	0.043299	0.624024	0.036040	0.635662	0.029148	0.647613	0.022731	0.659881	0.016923	0.672472	0.011880	0.685393	0.007792	0.698647	0.004887	0.712241	0.003440	0.726180	0.003785	0.740469
928.796080	0.129106	0.515008	0.121546	0.523576	0.113868	0.532396	0.106086	0.541474	0.098220	0.550815	0.090290	0.560423	0.082323	0.570306	0.074350	0.580467	0.066411	0.590913	0.058550	0.601648	0.050822	0.612678	0.043289	0.624011	0.036031	0.635649	0.029140	0.647600	0.022723	0.659869	0.016916	0.672461	0.011873	0.685381	0.007787	0.698635	0.004882	0.712230	0.003437	0.726170	0.003782	0.740459
929.167360	0.129093	0.514993	0.121533	0.523561	0.113855	0.532381	0.106073	0.541459	0.098207	0.550800	0.090278	0.560408	0.082311	0.570292	0.074339	0.580453	0.066400	0.590899	0.058539	0.601634	0.050811	0.612665	0.043280	0.623998	0.036022	0.635636	0.029131	0.647587	0.022716	0.659856	0.016909	0.672449	0.011867	0.685370	0.007782	0.698624	0.004878	0.712219	0.003434	0.726159	0.003780	0.740448
929.538570	0.129080	0.514978	0.121519	0.523546	0.113842	0.532366	0.106061	0.541444	0.098195	0.550785	0.090265	0.560394	0.082299	0.570277	0.074327	0.580439	0.066389	0.590885	0.058529	0.601620	0.050801	0.612652	0.043270	0.623985	0.036013	0.635624	0.029123	0.647575	0.022708	0.659844	0.016902	0.672437	0.011861	0.685358	0.007776	0.698613	0.004874	0.712208	0.003430	0.726149	0.003778	0.740438
929.909610	0.129066	0.514963	0.121506	0.523531	0.113829	0.532352	0.106048	0.541430	0.098182	0.550771	0.090253	0.560379	0.082287	0.570263	0.074316	0.580424	0.066378	0.590870	0.058519	0.601606	0.050791	0.612638	0.043260	0.623971	0.036004	0.635611	0.029114	0.647562	0.022701	0.659832	0.016895	0.672425	0.011855	0.685346	0.007770	0.698602	0.004869	0.712198	0.003427	0.726139	0.003776	0.740428
930.280580	0.129053	0.514947	0.121493	0.523516	0.113816	0.532337	0.106035	0.541415	0.098170	0.550756	0.090241	0.560365	0.082275	0.570248	0.074305	0.580410	0.066367	0.590857	0.058508	0.601593	0.050780	0.612625	0.043251	0.623958	0.035995	0.635598	0.029106	0.647550	0.022693	0.659820	0.016888	0.672413	0.011849	0.685334	0.007765	0.698591	0.004865	0.712187	0.003423	0.726128	0.003773	0.740419
930.651490	0.129039	0.514932	0.121480	0.523501	0.113803	0.532322	0.106023	0.541401	0.098157	0.550742	0.090229	0.560351	0.082264	0.570234	0.074294	0.580396	0.066356	0.590843	0.058497	0.601580	0.050770	0.612612	0.043242	0.623945	0.035986	0.635585	0.029098	0.647538	0.022685	0.659807	0.016881	0.672401	0.011843	0.685323	0.007760	0.698579	0.004860	0.712176	0.003419	0.726118	0.003771	0.740409
931.022220	0.129025	0.514917	0.121467	0.523486	0.113790	0.532307	0.106010	0.541386	0.098145	0.550727	0.090217	0.560337	0.082252	0.570220	0.074282	0.580382	0.066345	0.590829	0.058486	0.601566	0.050760	0.612598	0.043232	0.623932	0.035977	0.635572	0.029090	0.647525	0.022678	0.659795	0.016874	0.672389	0.011837	0.685311	0.007755	0.698568	0.004856	0.712165	0.003416	0.726107	0.003768	0.740399
931.392880	0.129012	0.514902	0.121454	0.523471	0.113777	0.532292	0.105998	0.541371	0.098133	0.550713	0.090205	0.560323	0.082240	0.570206	0.074271	0.580368	0.066335	0.590815	0.058476	0.601553	0.050750	0.612585	0.043223	0.623919	0.035969	0.635560	0.029081	0.647513	0.022670	0.659783	0.016867	0.672377	0.011830	0.685300	0.007749	0.698557	0.004851	0.712155	0.003412	0.726097	0.003765	0.740389
931.763430	0.128998	0.514888	0.121440	0.523456	0.113764	0.532277	0.105985	0.541356	0.098121	0.550698	0.090193	0.560308	0.082229	0.570192	0.074259	0.580355	0.066324	0.590802	0.058466	0.601539	0.050740	0.612571	0.043213	0.623906	0.035960	0.635547	0.029072	0.647500	0.022662	0.659771	0.016860	0.672366	0.011824	0.685288	0.007744	0.698546	0.004847	0.712144	0.003409	0.726087	0.003763	0.740379
932.133910	0.128985	0.514873	0.121427	0.523442	0.113751	0.532263	0.105972	0.541342	0.098108	0.550684	0.090181	0.560294	0.082217	0.570178	0.074248	0.580341	0.066313	0.590788	0.058455	0.601525	0.050730	0.612558	0.043204	0.623893	0.035951	0.635534	0.029064	0.647487	0.022654	0.659759	0.016853	0.672354	0.011818	0.685277	0.007738	0.698535	0.004842	0.712133	0.003406	0.726076	0.003760	0.740369
932.504270	0.128972	0.514857	0.121414	0.523427	0.113739	0.532248	0.105960	0.541327	0.098096	0.550669	0.090169	0.560280	0.082205	0.570164	0.074237	0.580327	0.066302	0.590774	0.058445	0.601512	0.050721	0.612545	0.043194	0.623880	0.035942	0.635521	0.029056	0.647475	0.022647	0.659746	0.016846	0.672342	0.011812	0.685265	0.007733	0.698524	0.004838	0.712122	0.003403	0.726066	0.003758	0.740360
932.874510	0.128959	0.514842	0.121401	0.523412	0.113726	0.532233	0.105947	0.541313	0.098083	0.550655	0.090157	0.560266	0.082194	0.570150	0.074226	0.580313	0.066291	0.590761	0.058435	0.601498	0.050711	0.612532	0.043185	0.623867	0.035933	0.635508	0.029048	0.647462	0.022639	0.659734	0.016839	0.672330	0.011806	0.685254	0.007728	0.698513	0.004833	0.712112	0.003399	0.726056	0.003756	0.740350
933.244630	0.128946	0.514827	0.121388	0.523397	0.113713	0.532218	0.105935	0.541299	0.098071	0.550640	0.090145	0.560252	0.082182	0.570136	0.074215	0.580299	0.066280	0.590747	0.058424	0.601485	0.050701	0.612519	0.043176	0.623854	0.035924	0.635496	0.029040	0.647450	0.022632	0.659722	0.016833	0.672318	0.011800	0.685243	0.007723	0.698502	0.004829	0.712101	0.003396	0.726045	0.003753	0.740340
933.614690	0.128933	0.514812	0.121376	0.523382	0.113700	0.532204	0.105922	0.541284	0.098059	0.550626	0.090133	0.560237	0.082171	0.570122	0.074204	0.580285	0.066269	0.590733	0.058414	0.601472	0.050691	0.612506	0.043166	0.623841	0.035915	0.635483	0.029032	0.647438	0.022625	0.659710	0.016826	0.672306	0.011794	0.685232	0.007717	0.698491	0.004825	0.712090	0.003392	0.726035	0.003751	0.740330
933.984620	0.128920	0.514798	0.121363	0.523368	0.113688	0.532190	0.105910	0.541270	0.098047	0.550612	0.090121	0.560223	0.082159	0.570108	0.074192	0.580272	0.066258	0.590720	0.058403	0.601459	0.050681	0.612493	0.043156	0.623829	0.035906	0.635471	0.029023	0.647426	0.022617	0.659698	0.016819	0.672294	0.011787	0.685220	0.007712	0.698480	0.004821	0.712079	0.003388	0.726024	0.003748	0.740320
934.354430	0.128906	0.514783	0.121350	0.523353	0.113675	0.532175	0.105897	0.541255	0.098035	0.550598	0.090110	0.560208	0.082148	0.570093	0.074181	0.580258	0.066248	0.590706	0.058393	0.601445	0.050672	0.612480	0.043147	0.623816	0.035898	0.635458	0.029015	0.647413	0.022610	0.659687	0.016812	0.672283	0.011781	0.685209	0.007707	0.698469	0.004817	0.712069	0.003385	0.726014	0.003746	0.740311
934.724180	0.128893	0.514768	0.121337	0.523338	0.113662	0.532160	0.105885	0.541240	0.098023	0.550584	0.090098	0.560194	0.082137	0.570079	0.074170	0.580244	0.066237	0.590693	0.058383	0.601432	0.050662	0.612467	0.043138	0.623803	0.035889	0.635445	0.029007	0.647401	0.022602	0.659675	0.016805	0.672272	0.011775	0.685198	0.007702	0.698458	0.004812	0.712059	0.003381	0.726004	0.003744	0.740301
935.093810	0.128880	0.514753	0.121324	0.523323	0.113650	0.532145	0.105873	0.541225	0.098011	0.550569	0.090086	0.560180	0.082125	0.570066	0.074159	0.580230	0.066226	0.590680	0.058372	0.601419	0.050653	0.612454	0.043129	0.623790	0.035881	0.635433	0.028999	0.647389	0.022594	0.659663	0.016798	0.672260	0.011770	0.685186	0.007697	0.698447	0.004808	0.712048	0.003378	0.725994	0.003741	0.740292
935.463320	0.128867	0.514738	0.121311	0.523308	0.113637	0.532131	0.105860	0.541211	0.097999	0.550555	0.090074	0.560166	0.082114	0.570052	0.074148	0.580216	0.066216	0.590666	0.058362	0.601405	0.050643	0.612440	0.043119	0.623777	0.035872	0.635420	0.028991	0.647377	0.022587	0.659651	0.016792	0.672248	0.011764	0.685175	0.007692	0.698436	0.004803	0.712038	0.003375	0.725984	0.003739	0.740282
935.832700	0.128854	0.514724	0.121298	0.523294	0.113625	0.532116	0.105848	0.541196	0.097987	0.550540	0.090062	0.560152	0.082102	0.570038	0.074137	0.580202	0.066205	0.590652	0.058353	0.601392	0.050632	0.612427	0.043110	0.623764	0.035863	0.635408	0.028983	0.647365	0.022579	0.659638	0.016785	0.672236	0.011758	0.685163	0.007686	0.698425	0.004799	0.712027	0.003372	0.725974	0.003736	0.740271
936.202030	0.128841	0.514709	0.121285	0.523279	0.113612	0.532102	0.105835	0.541182	0.097974	0.550526	0.090051	0.560138	0.082091	0.570024	0.074126	0.580188	0.066194	0.590639	0.058342	0.601379	0.050623	0.612414	0.043101	0.623751	0.035854	0.635395	0.028975	0.647352	0.022572	0.659626	0.016778	0.672225	0.011752	0.685152	0.007681	0.698414	0.004795	0.712016	0.003368	0.725963	0.003734	0.740262
936.571230	0.128828	0.514694	0.121272	0.523265	0.113600	0.532088	0.105823	0.541168	0.097962	0.550512	0.090039	0.560124	0.082079	0.570010	0.074115	0.580175	0.066183	0.590625	0.058332	0.601365	0.050613	0.612401	0.043092	0.623739	0.035845	0.635382	0.028966	0.647340	0.022565	0.659615	0.016772	0.672213	0.011745	0.685141	0.007676	0.698403	0.004790	0.712006	0.003365	0.725953	0.003731	0.740252
936.940310	0.128815	0.514679	0.121259	0.523250	0.113587	0.532073	0.105811	0.541154	0.097950	0.550498	0.090027	0.560110	0.082068	0.569996	0.074104	0.580161	0.066173	0.590612	0.058322	0.601352	0.050604	0.612388	0.043082	0.623726	0.035836	0.635370	0.028958	0.647328	0.022557	0.659603	0.016765	0.672202	0.011739	0.685130	0.007671	0.698393	0.004786	0.711996	0.003362	0.725944	0.003729	0.740243
937.309330	0.128802	0.514665	0.121246	0.523236	0.113574	0.532059	0.105799	0.541140	0.097938	0.550484	0.090015	0.560096	0.082056	0.569983	0.074093	0.580148	0.066162	0.590599	0.058311	0.601339	0.050594	0.612375	0.043073	0.623713	0.035828	0.635358	0.028950	0.647316	0.022550	0.659591	0.016758	0.672190	0.011733	0.685119	0.007666	0.698382	0.004782	0.711985	0.003358	0.725934	0.003727	0.740233
937.678220	0.128789	0.514650	0.121234	0.523221	0.113561	0.532045	0.105786	0.541126	0.097926	0.550470	0.090003	0.560082	0.082045	0.569969	0.074082	0.580134	0.066152	0.590585	0.058301	0.601326	0.050584	0.612362	0.043064	0.623700	0.035819	0.635346	0.028942	0.647304	0.022542	0.659579	0.016751	0.672178	0.011727	0.685108	0.007661	0.698371	0.004778	0.711974	0.003355	0.725924	0.003725	0.740223
938.047000	0.128775	0.514635	0.121221	0.523206	0.113548	0.532030	0.105773	0.541111	0.097914	0.550455	0.089992	0.560068	0.082034	0.569955	0.074071	0.580120	0.066142	0.590571	0.058291	0.601312	0.050574	0.612349	0.043055	0.623687	0.035811	0.635333	0.028934	0.647291	0.022535	0.659567	0.016744	0.672167	0.011721	0.685097	0.007655	0.698360	0.004773	0.711964	0.003352	0.725914	0.003723	0.740214
938.415650	0.128762	0.514620	0.121208	0.523192	0.113536	0.532016	0.105761	0.541097	0.097902	0.550441	0.089980	0.560054	0.082022	0.569941	0.074059	0.580107	0.066131	0.590558	0.058281	0.601299	0.050564	0.612336	0.043046	0.623675	0.035802	0.635321	0.028926	0.647279	0.022528	0.659556	0.016737	0.672155	0.011715	0.685085	0.007650	0.698349	0.004769	0.711953	0.003348	0.725903	0.003720	0.740204
938.784240	0.128749	0.514606	0.121196	0.523177	0.113524	0.532001	0.105749	0.541082	0.097890	0.550427	0.089969	0.560040	0.082011	0.569927	0.074048	0.580094	0.066120	0.590545	0.058271	0.601286	0.050555	0.612324	0.043036	0.623662	0.035793	0.635308	0.028918	0.647267	0.022520	0.659544	0.016731	0.672144	0.011709	0.685074	0.007645	0.698338	0.004765	0.711943	0.003345	0.725893	0.003717	0.740195
939.152710	0.128737	0.514591	0.121183	0.523163	0.113512	0.531987	0.105737	0.541068	0.097878	0.550413	0.089957	0.560026	0.081999	0.569913	0.074038	0.580080	0.066110	0.590532	0.058261	0.601273	0.050545	0.612311	0.043027	0.623650	0.035784	0.635296	0.028910	0.647255	0.022513	0.659532	0.016724	0.672132	0.011704	0.685062	0.007640	0.698328	0.004760	0.711933	0.003342	0.725883	0.003715	0.740185
939.521120	0.128724	0.514577	0.121170	0.523149	0.113499	0.531973	0.105725	0.541054	0.097866	0.550399	0.089945	0.560013	0.081988	0.569900	0.074027	0.580067	0.066099	0.590518	0.058251	0.601260	0.050535	0.612298	0.043018	0.623637	0.035776	0.635284	0.028902	0.647243	0.022506	0.659520	0.016718	0.672121	0.011698	0.685051	0.007635	0.698317	0.004756	0.711922	0.003338	0.725873	0.003713	0.740175
939.889340	0.128711	0.514562	0.121158	0.523134	0.113487	0.531958	0.105713	0.541040	0.097855	0.550385	0.089934	0.559999	0.081977	0.569886	0.074016	0.580053	0.066089	0.590505	0.058241	0.601247	0.050526	0.612285	0.043009	0.623625	0.035768	0.635272	0.028894	0.647231	0.022498	0.659509	0.016711	0.672109	0.011692	0.685040	0.007630	0.698306	0.004752	0.711912	0.003335	0.725863	0.003711	0.740166
940.257510	0.128698	0.514548	0.121145	0.523120	0.113474	0.531944	0.105700	0.541026	0.097843	0.550371	0.089922	0.559985	0.081966	0.569873	0.074005	0.580040	0.066079	0.590492	0.058231	0.601234	0.050516	0.612272	0.043000	0.623612	0.035759	0.635259	0.028886	0.647218	0.022491	0.659497	0.016704	0.672098	0.011686	0.685029	0.007624	0.698296	0.004748	0.711902	0.003332	0.725853	0.003709	0.740156
940.625550	0.128685	0.514534	0.121133	0.523106	0.113462	0.531929	0.105688	0.541012	0.097831	0.550357	0.089911	0.559971	0.081955	0.569859	0.073994	0.580027	0.066068	0.590479	0.058220	0.601221	0.050507	0.612259	0.042991	0.623600	0.035751	0.635247	0.028878	0.647206	0.022483	0.659485	0.016698	0.672086	0.011680	0.685018	0.007619	0.698285	0.004743	0.711891	0.003328	0.725843	0.003706	0.740147
940.993530	0.128672	0.514519	0.121120	0.523091	0.113449	0.531915	0.105676	0.540998	0.097819	0.550343	0.089899	0.559957	0.081943	0.569845	0.073983	0.580013	0.066057	0.590465	0.058210	0.601208	0.050497	0.612246	0.042982	0.623587	0.035742	0.635234	0.028870	0.647194	0.022476	0.659473	0.016691	0.672075	0.011674	0.685007	0.007614	0.698274	0.004739	0.711881	0.003325	0.725833	0.003704	0.740137
941.361390	0.128660	0.514505	0.121108	0.523077	0.113437	0.531901	0.105664	0.540984	0.097807	0.550329	0.089888	0.559944	0.081932	0.569832	0.073972	0.580000	0.066047	0.590452	0.058200	0.601195	0.050488	0.612234	0.042973	0.623575	0.035734	0.635222	0.028862	0.647182	0.022469	0.659461	0.016684	0.672064	0.011668	0.684996	0.007609	0.698264	0.004735	0.711871	0.003322	0.725824	0.003701	0.740128
941.729130	0.128647	0.514491	0.121095	0.523063	0.113425	0.531887	0.105653	0.540970	0.097796	0.550315	0.089876	0.559930	0.081921	0.569818	0.073962	0.579986	0.066037	0.590439	0.058190	0.601183	0.050478	0.612221	0.042964	0.623562	0.035725	0.635210	0.028855	0.647171	0.022461	0.659450	0.016678	0.672053	0.011662	0.684985	0.007604	0.698253	0.004731	0.711861	0.003318	0.725814	0.003699	0.740118
942.096740	0.128635	0.514476	0.121083	0.523048	0.113413	0.531873	0.105641	0.540955	0.097784	0.550301	0.089865	0.559916	0.081910	0.569804	0.073951	0.579972	0.066026	0.590426	0.058180	0.601170	0.050468	0.612209	0.042955	0.623550	0.035717	0.635198	0.028847	0.647159	0.022454	0.659438	0.016671	0.672042	0.011656	0.684974	0.007599	0.698242	0.004727	0.711850	0.003315	0.725804	0.003696	0.740109
942.464290	0.128622	0.514462	0.121070	0.523034	0.113401	0.531859	0.105629	0.540941	0.097772	0.550288	0.089854	0.559903	0.081899	0.569791	0.073941	0.579959	0.066016	0.590413	0.058170	0.601156	0.050459	0.612196	0.042946	0.623537	0.035708	0.635186	0.028839	0.647147	0.022447	0.659427	0.016665	0.672031	0.011651	0.684963	0.007593	0.698232	0.004722	0.711840	0.003312	0.725795	0.003694	0.740099
942.831730	0.128609	0.514448	0.121058	0.523020	0.113389	0.531845	0.105617	0.540927	0.097760	0.550274	0.089842	0.559889	0.081888	0.569778	0.073930	0.579946	0.066006	0.590400	0.058161	0.601143	0.050449	0.612183	0.042937	0.623525	0.035700	0.635174	0.028831	0.647135	0.022439	0.659415	0.016658	0.672019	0.011645	0.684952	0.007588	0.698221	0.004718	0.711830	0.003309	0.725785	0.003692	0.740090
943.199040	0.128596	0.514433	0.121045	0.523005	0.113376	0.531830	0.105604	0.540913	0.097749	0.550260	0.089831	0.559876	0.081877	0.569765	0.073919	0.579933	0.065995	0.590387	0.058151	0.601130	0.050440	0.612170	0.042928	0.623512	0.035691	0.635161	0.028823	0.647123	0.022432	0.659404	0.016651	0.672008	0.011639	0.684941	0.007583	0.698210	0.004714	0.711819	0.003305	0.725775	0.003690	0.740081
943.566280	0.128584	0.514418	0.121033	0.522991	0.113364	0.531816	0.105592	0.540899	0.097737	0.550246	0.089819	0.559862	0.081866	0.569751	0.073909	0.579920	0.065985	0.590374	0.058141	0.601117	0.050430	0.612158	0.042919	0.623500	0.035683	0.635149	0.028815	0.647111	0.022425	0.659392	0.016645	0.671996	0.011633	0.684931	0.007579	0.698200	0.004710	0.711809	0.003302	0.725765	0.003688	0.740071
943.933410	0.128571	0.514404	0.121020	0.522977	0.113351	0.531803	0.105580	0.540885	0.097725	0.550233	0.089808	0.559849	0.081855	0.569737	0.073898	0.579906	0.065975	0.590360	0.058131	0.601104	0.050421	0.612145	0.042910	0.623487	0.035675	0.635137	0.028807	0.647099	0.022418	0.659380	0.016638	0.671985	0.011627	0.684920	0.007574	0.698189	0.004706	0.711799	0.003299	0.725755	0.003685	0.740062
944.300420	0.128559	0.514389	0.121008	0.522963	0.113339	0.531789	0.105568	0.540872	0.097713	0.550219	0.089797	0.559835	0.081844	0.569724	0.073887	0.579893	0.065965	0.590347	0.058121	0.601091	0.050411	0.612133	0.042901	0.623475	0.035666	0.635125	0.028799	0.647087	0.022411	0.659369	0.016632	0.671974	0.011621	0.684909	0.007569	0.698178	0.004701	0.711789	0.003295	0.725745	0.003683	0.740052
944.667360	0.128546	0.514376	0.120995	0.522949	0.113327	0.531775	0.105557	0.540858	0.097702	0.550205	0.089785	0.559821	0.081833	0.569710	0.073876	0.579880	0.065954	0.590334	0.058111	0.601079	0.050402	0.612120	0.042892	0.623462	0.035658	0.635113	0.028791	0.647076	0.022404	0.659357	0.016626	0.671962	0.011616	0.684898	0.007564	0.698168	0.004697	0.711778	0.003292	0.725735	0.003681	0.740043
945.034120	0.128533	0.514362	0.120983	0.522935	0.113315	0.531761	0.105545	0.540845	0.097690	0.550192	0.089774	0.559807	0.081822	0.569697	0.073865	0.579867	0.065944	0.590321	0.058101	0.601066	0.050393	0.612108	0.042883	0.623450	0.035649	0.635101	0.028783	0.647064	0.022396	0.659346	0.016619	0.671951	0.011610	0.684887	0.007559	0.698157	0.004693	0.711768	0.003289	0.725725	0.003679	0.740033
945.400820	0.128520	0.514348	0.120970	0.522920	0.113303	0.531747	0.105533	0.540831	0.097679	0.550178	0.089763	0.559793	0.081811	0.569683	0.073855	0.579854	0.065934	0.590308	0.058091	0.601053	0.050384	0.612095	0.042874	0.623438	0.035641	0.635089	0.028775	0.647052	0.022389	0.659334	0.016613	0.671940	0.011605	0.684876	0.007554	0.698147	0.004688	0.711758	0.003285	0.725716	0.003677	0.740024
945.767460	0.128508	0.514333	0.120958	0.522906	0.113291	0.531733	0.105521	0.540817	0.097667	0.550164	0.089751	0.559780	0.081800	0.569670	0.073844	0.579840	0.065924	0.590295	0.058081	0.601041	0.050374	0.612082	0.042866	0.623426	0.035632	0.635077	0.028768	0.647040	0.022382	0.659322	0.016606	0.671929	0.011599	0.684865	0.007549	0.698137	0.004685	0.711748	0.003282	0.725706	0.003674	0.740015
946.133910	0.128495	0.514319	0.120946	0.522892	0.113279	0.531719	0.105509	0.540803	0.097656	0.550150	0.089740	0.559767	0.081789	0.569657	0.073834	0.579827	0.065913	0.590282	0.058071	0.601028	0.050365	0.612069	0.042857	0.623414	0.035624	0.635065	0.028760	0.647029	0.022374	0.659311	0.016600	0.671918	0.011593	0.684854	0.007544	0.698126	0.004681	0.711738	0.003279	0.725696	0.003672	0.740006
946.500310	0.128483	0.514304	0.120934	0.522878	0.113267	0.531705	0.105497	0.540789	0.097644	0.550136	0.089728	0.559754	0.081778	0.569644	0.073824	0.579814	0.065903	0.590270	0.058062	0.601016	0.050355	0.612057	0.042848	0.623402	0.035616	0.635052	0.028753	0.647017	0.022367	0.659299	0.016593	0.671907	0.011587	0.684844	0.007539	0.698115	0.004677	0.711728	0.003275	0.725687	0.003669	0.739997
946.866640	0.128471	0.514290	0.120921	0.522864	0.113254	0.531691	0.105485	0.540775	0.097632	0.550123	0.089717	0.559740	0.081767	0.569631	0.073813	0.579801	0.065893	0.590257	0.058053	0.601003	0.050346	0.612045	0.042839	0.623389	0.035608	0.635040	0.028745	0.647005	0.022360	0.659288	0.016586	0.671896	0.011581	0.684833	0.007534	0.698105	0.004672	0.711718	0.003272	0.725677	0.003667	0.739987
947.232790	0.128458	0.514276	0.120909	0.522850	0.113242	0.531677	0.105474	0.540761	0.097621	0.550109	0.089706	0.559726	0.081756	0.569617	0.073802	0.579788	0.065882	0.590244	0.058043	0.600990	0.050337	0.612032	0.042830	0.623377	0.035600	0.635029	0.028737	0.646994	0.022354	0.659277	0.016580	0.671885	0.011575	0.684822	0.007529	0.698094	0.004668	0.711708	0.003269	0.725667	0.003665	0.739978
947.598880	0.128446	0.514262	0.120897	0.522836	0.113230	0.531663	0.105462	0.540748	0.097609	0.550096	0.089695	0.559713	0.081745	0.569604	0.073792	0.579774	0.065872	0.590230	0.058033	0.600977	0.050327	0.612020	0.042822	0.623365	0.035591	0.635017	0.028729	0.646982	0.022347	0.659265	0.016574	0.671873	0.011570	0.684811	0.007524	0.698084	0.004664	0.711698	0.003266	0.725657	0.003662	0.739968
947.964840	0.128433	0.514248	0.120884	0.522822	0.113218	0.531649	0.105450	0.540734	0.097598	0.550082	0.089684	0.559699	0.081734	0.569590	0.073781	0.579761	0.065862	0.590217	0.058023	0.600964	0.050318	0.612007	0.042813	0.623352	0.035583	0.635005	0.028722	0.646970	0.022340	0.659254	0.016568	0.671862	0.011565	0.684800	0.007519	0.698074	0.004660	0.711688	0.003263	0.725648	0.003660	0.739959
948.330750	0.128421	0.514234	0.120872	0.522808	0.113206	0.531635	0.105438	0.540720	0.097587	0.550069	0.089673	0.559686	0.081723	0.569577	0.073770	0.579748	0.065852	0.590204	0.058013	0.600952	0.050309	0.611995	0.042804	0.623340	0.035574	0.634993	0.028714	0.646958	0.022332	0.659243	0.016561	0.671851	0.011559	0.684789	0.007514	0.698063	0.004656	0.711678	0.003260	0.725639	0.003658	0.739950
948.696470	0.128408	0.514220	0.120860	0.522795	0.113195	0.531621	0.105427	0.540707	0.097575	0.550055	0.089661	0.559673	0.081713	0.569564	0.073760	0.579736	0.065841	0.590191	0.058004	0.600939	0.050300	0.611982	0.042795	0.623328	0.035566	0.634981	0.028706	0.646947	0.022325	0.659231	0.016554	0.671840	0.011553	0.684779	0.007509	0.698053	0.004652	0.711667	0.003257	0.725629	0.003656	0.739941
949.062130	0.128396	0.514206	0.120848	0.522781	0.113183	0.531608	0.105415	0.540693	0.097564	0.550042	0.089650	0.559660	0.081702	0.569551	0.073749	0.579723	0.065831	0.590179	0.057994	0.600927	0.050290	0.611970	0.042787	0.623316	0.035558	0.634969	0.028699	0.646935	0.022318	0.659220	0.016548	0.671829	0.011547	0.684768	0.007504	0.698042	0.004648	0.711657	0.003253	0.725619	0.003654	0.739931
949.427730	0.128383	0.514192	0.120836	0.522767	0.113171	0.531594	0.105403	0.540679	0.097553	0.550028	0.089639	0.559646	0.081691	0.569538	0.073739	0.579710	0.065821	0.590166	0.057984	0.600914	0.050281	0.611958	0.042778	0.623304	0.035550	0.634957	0.028691	0.646924	0.022311	0.659209	0.016542	0.671818	0.011542	0.684758	0.007499	0.698032	0.004644	0.711647	0.003250	0.725609	0.003651	0.739922
949.793150	0.128371	0.514178	0.120824	0.522753	0.113159	0.531581	0.105392	0.540666	0.097541	0.550015	0.089628	0.559633	0.081680	0.569525	0.073729	0.579697	0.065812	0.590154	0.057975	0.600902	0.050272	0.611946	0.042769	0.623292	0.035542	0.634946	0.028683	0.646912	0.022304	0.659197	0.016535	0.671807	0.011536	0.684747	0.007495	0.698022	0.004640	0.711638	0.003247	0.725600	0.003649	0.739913
950.158510	0.128359	0.514164	0.120812	0.522739	0.113147	0.531567	0.105380	0.540652	0.097530	0.550001	0.089617	0.559619	0.081669	0.569512	0.073719	0.579684	0.065802	0.590141	0.057965	0.600890	0.050263	0.611934	0.042760	0.623280	0.035534	0.634934	0.028676	0.646901	0.022297	0.659186	0.016529	0.671796	0.011531	0.684736	0.007490	0.698012	0.004636	0.711628	0.003244	0.725590	0.003647	0.739904
950.523740	0.128347	0.514151	0.120800	0.522726	0.113135	0.531554	0.105369	0.540639	0.097519	0.549988	0.089606	0.559606	0.081659	0.569499	0.073708	0.579671	0.065792	0.590129	0.057955	0.600877	0.050254	0.611921	0.042751	0.623268	0.035525	0.634922	0.028668	0.646889	0.022290	0.659175	0.016523	0.671785	0.011525	0.684726	0.007485	0.698001	0.004632	0.711618	0.003241	0.725580	0.003645	0.739895
950.888920	0.128335	0.514137	0.120788	0.522712	0.113124	0.531540	0.105357	0.540626	0.097507	0.549975	0.089595	0.559593	0.081648	0.569486	0.073698	0.579658	0.065782	0.590116	0.057946	0.600865	0.050245	0.611909	0.042743	0.623256	0.035517	0.634911	0.028660	0.646878	0.022283	0.659164	0.016517	0.671774	0.011519	0.684715	0.007481	0.697991	0.004628	0.711608	0.003238	0.725571	0.003643	0.739886
951.253910	0.128322	0.514123	0.120776	0.522698	0.113112	0.531526	0.105346	0.540613	0.097496	0.549962	0.089584	0.559580	0.081638	0.569473	0.073688	0.579645	0.065772	0.590103	0.057936	0.600852	0.050236	0.611897	0.042734	0.623244	0.035509	0.634899	0.028653	0.646866	0.022276	0.659153	0.016510	0.671764	0.011513	0.684705	0.007475	0.697981	0.004624	0.711598	0.003235	0.725561	0.003640	0.739877
951.618840	0.128310	0.514110	0.120764	0.522684	0.113100	0.531512	0.105334	0.540599	0.097485	0.549949	0.089573	0.559567	0.081627	0.569460	0.073677	0.579632	0.065762	0.590091	0.057927	0.600840	0.050227	0.611884	0.042726	0.623232	0.035501	0.634887	0.028646	0.646855	0.022269	0.659142	0.016504	0.671753	0.011508	0.684694	0.007470	0.697971	0.004620	0.711588	0.003231	0.725552	0.003638	0.739867
951.983700	0.128298	0.514096	0.120752	0.522671	0.113089	0.531499	0.105323	0.540586	0.097474	0.549936	0.089562	0.559555	0.081616	0.569448	0.073666	0.579620	0.065752	0.590079	0.057917	0.600828	0.050217	0.611873	0.042717	0.623221	0.035493	0.634876	0.028638	0.646843	0.022262	0.659130	0.016497	0.671742	0.011502	0.684683	0.007465	0.697960	0.004616	0.711578	0.003228	0.725542	0.003636	0.739858
952.348390	0.128285	0.514082	0.120740	0.522657	0.113077	0.531485	0.105311	0.540572	0.097462	0.549922	0.089552	0.559542	0.081606	0.569434	0.073656	0.579607	0.065742	0.590066	0.057908	0.600815	0.050208	0.611861	0.042709	0.623209	0.035485	0.634864	0.028631	0.646832	0.022255	0.659120	0.016491	0.671732	0.011497	0.684673	0.007460	0.697950	0.004612	0.711569	0.003225	0.725533	0.003634	0.739850
952.713010	0.128273	0.514068	0.120727	0.522644	0.113064	0.531472	0.105300	0.540559	0.097451	0.549909	0.089541	0.559528	0.081595	0.569421	0.073646	0.579594	0.065732	0.590053	0.057898	0.600803	0.050199	0.611849	0.042700	0.623197	0.035477	0.634852	0.028623	0.646821	0.022248	0.659109	0.016485	0.671721	0.011491	0.684662	0.007456	0.697940	0.004608	0.711559	0.003222	0.725524	0.003632	0.739841
953.077580	0.128261	0.514054	0.120715	0.522630	0.113052	0.531458	0.105289	0.540545	0.097440	0.549895	0.089530	0.559515	0.081585	0.569408	0.073636	0.579581	0.065722	0.590040	0.057889	0.600790	0.050190	0.611836	0.042691	0.623184	0.035468	0.634841	0.028615	0.646810	0.022242	0.659098	0.016479	0.671710	0.011486	0.684652	0.007451	0.697930	0.004604	0.711549	0.003219	0.725515	0.003630	0.739832
953.441960	0.128250	0.514040	0.120703	0.522616	0.113041	0.531445	0.105277	0.540532	0.097428	0.549882	0.089519	0.559502	0.081574	0.569396	0.073626	0.579568	0.065712	0.590028	0.057880	0.600778	0.050181	0.611824	0.042682	0.623172	0.035460	0.634829	0.028608	0.646798	0.022235	0.659086	0.016473	0.671699	0.011480	0.684642	0.007446	0.697920	0.004600	0.711539	0.003216	0.725506	0.003627	0.739823
953.806270	0.128237	0.514026	0.120691	0.522602	0.113029	0.531431	0.105265	0.540518	0.097417	0.549869	0.089508	0.559489	0.081564	0.569383	0.073615	0.579556	0.065702	0.590016	0.057870	0.600766	0.050172	0.611812	0.042674	0.623160	0.035452	0.634817	0.028600	0.646786	0.022228	0.659075	0.016466	0.671688	0.011475	0.684631	0.007442	0.697909	0.004596	0.711529	0.003213	0.725496	0.003625	0.739814
954.170470	0.128225	0.514013	0.120680	0.522589	0.113018	0.531418	0.105254	0.540505	0.097406	0.549856	0.089497	0.559476	0.081553	0.569370	0.073605	0.579543	0.065692	0.590003	0.057861	0.600753	0.050163	0.611799	0.042665	0.623149	0.035444	0.634806	0.028593	0.646775	0.022221	0.659064	0.016460	0.671677	0.011469	0.684621	0.007437	0.697899	0.004592	0.711519	0.003210	0.725487	0.003623	0.739805
954.534550	0.128213	0.513999	0.120668	0.522575	0.113006	0.531404	0.105242	0.540492	0.097395	0.549843	0.089486	0.559463	0.081542	0.569357	0.073595	0.579531	0.065683	0.589990	0.057851	0.600741	0.050154	0.611787	0.042657	0.623137	0.035436	0.634794	0.028585	0.646763	0.022214	0.659053	0.016454	0.671667	0.011463	0.684611	0.007432	0.697890	0.004588	0.711509	0.003207	0.725477	0.003621	0.739796
954.898560	0.128200	0.513986	0.120656	0.522562	0.112994	0.531391	0.105231	0.540479	0.097384	0.549830	0.089475	0.559450	0.081532	0.569344	0.073585	0.579518	0.065673	0.589978	0.057842	0.600728	0.050145	0.611775	0.042648	0.623125	0.035428	0.634782	0.028578	0.646752	0.022207	0.659042	0.016448	0.671656	0.011458	0.684600	0.007427	0.697880	0.004584	0.711500	0.003204	0.725468	0.003620	0.739787
955.262450	0.128188	0.513972	0.120644	0.522548	0.112983	0.531377	0.105220	0.540465	0.097373	0.549817	0.089464	0.559436	0.081521	0.569331	0.073575	0.579506	0.065663	0.589965	0.057832	0.600716	0.050137	0.611763	0.042640	0.623113	0.035420	0.634771	0.028571	0.646741	0.022200	0.659031	0.016442	0.671645	0.011452	0.684589	0.007423	0.697870	0.004580	0.711490	0.003201	0.725458	0.003618	0.739777
955.626220	0.128176	0.513958	0.120632	0.522535	0.112971	0.531364	0.105208	0.540452	0.097362	0.549803	0.089453	0.559423	0.081511	0.569318	0.073564	0.579493	0.065653	0.589953	0.057823	0.600704	0.050127	0.611751	0.042632	0.623101	0.035412	0.634759	0.028563	0.646730	0.022193	0.659020	0.016435	0.671634	0.011447	0.684579	0.007418	0.697860	0.004576	0.711481	0.003197	0.725449	0.003615	0.739768
955.989930	0.128164	0.513944	0.120620	0.522521	0.112959	0.531350	0.105196	0.540438	0.097350	0.549790	0.089442	0.559410	0.081500	0.569305	0.073554	0.579480	0.065643	0.589940	0.057813	0.600691	0.050118	0.611739	0.042623	0.623089	0.035404	0.634747	0.028555	0.646718	0.022186	0.659008	0.016429	0.671623	0.011441	0.684568	0.007413	0.697849	0.004572	0.711471	0.003194	0.725439	0.003613	0.739759
956.353520	0.128152	0.513931	0.120609	0.522508	0.112948	0.531337	0.105185	0.540425	0.097339	0.549777	0.089432	0.559398	0.081490	0.569293	0.073544	0.579468	0.065633	0.589928	0.057804	0.600679	0.050109	0.611727	0.042615	0.623078	0.035396	0.634736	0.028548	0.646707	0.022180	0.658997	0.016423	0.671613	0.011436	0.684558	0.007408	0.697839	0.004568	0.711461	0.003191	0.725430	0.003611	0.739751
956.716980	0.128140	0.513917	0.120597	0.522494	0.112937	0.531324	0.105174	0.540412	0.097328	0.549764	0.089421	0.559385	0.081479	0.569280	0.073534	0.579455	0.065624	0.589916	0.057794	0.600667	0.050100	0.611715	0.042606	0.623066	0.035388	0.634724	0.028541	0.646696	0.022173	0.658986	0.016417	0.671602	0.011430	0.684548	0.007404	0.697829	0.004564	0.711452	0.003188	0.725421	0.003609	0.739742
957.080380	0.128128	0.513904	0.120585	0.522481	0.112925	0.531311	0.105163	0.540399	0.097318	0.549751	0.089411	0.559372	0.081469	0.569267	0.073524	0.579442	0.065614	0.589903	0.057785	0.600655	0.050091	0.611703	0.042597	0.623054	0.035380	0.634712	0.028533	0.646684	0.022167	0.658976	0.016411	0.671592	0.011425	0.684538	0.007399	0.697819	0.004560	0.711442	0.003185	0.725412	0.003607	0.739733
957.443600	0.128117	0.513891	0.120574	0.522468	0.112914	0.531298	0.105151	0.540386	0.097307	0.549738	0.089400	0.559359	0.081458	0.569254	0.073513	0.579430	0.065604	0.589891	0.057776	0.600643	0.050082	0.611691	0.042589	0.623043	0.035373	0.634701	0.028526	0.646673	0.022160	0.658965	0.016404	0.671581	0.011419	0.684527	0.007394	0.697809	0.004557	0.711432	0.003183	0.725402	0.003604	0.739724
957.806760	0.128105	0.513877	0.120562	0.522454	0.112902	0.531284	0.105140	0.540373	0.097296	0.549725	0.089389	0.559346	0.081448	0.569242	0.073503	0.579418	0.065595	0.589879	0.057767	0.600631	0.050074	0.611679	0.042580	0.623031	0.035365	0.634690	0.028519	0.646662	0.022153	0.658954	0.016398	0.671571	0.011414	0.684517	0.007390	0.697799	0.004553	0.711423	0.003180	0.725393	0.003602	0.739715
958.169860	0.128093	0.513864	0.120551	0.522441	0.112891	0.531271	0.105129	0.540360	0.097285	0.549712	0.089378	0.559333	0.081437	0.569229	0.073493	0.579405	0.065585	0.589866	0.057758	0.600618	0.050065	0.611668	0.042572	0.623020	0.035357	0.634679	0.028512	0.646651	0.022146	0.658943	0.016392	0.671560	0.011408	0.684506	0.007385	0.697789	0.004549	0.711413	0.003177	0.725384	0.003600	0.739706
958.532780	0.128082	0.513850	0.120539	0.522427	0.112879	0.531258	0.105118	0.540347	0.097273	0.549699	0.089367	0.559320	0.081427	0.569216	0.073484	0.579392	0.065576	0.589854	0.057748	0.600606	0.050056	0.611656	0.042564	0.623008	0.035349	0.634667	0.028504	0.646640	0.022139	0.658932	0.016386	0.671549	0.011403	0.684496	0.007380	0.697779	0.004545	0.711404	0.003173	0.725375	0.003598	0.739697
958.895630	0.128069	0.513837	0.120527	0.522414	0.112867	0.531245	0.105107	0.540334	0.097262	0.549686	0.089357	0.559308	0.081417	0.569204	0.073474	0.579380	0.065566	0.589841	0.057739	0.600594	0.050048	0.611644	0.042555	0.622996	0.035341	0.634655	0.028497	0.646629	0.022132	0.658921	0.016380	0.671538	0.011398	0.684486	0.007375	0.697769	0.004541	0.711394	0.003170	0.725366	0.003596	0.739688
959.258420	0.128057	0.513823	0.120516	0.522401	0.112856	0.531232	0.105096	0.540321	0.097251	0.549673	0.089347	0.559295	0.081407	0.569191	0.073464	0.579367	0.065556	0.589829	0.057729	0.600583	0.050039	0.611633	0.042547	0.622985	0.035333	0.634644	0.028490	0.646618	0.022125	0.658910	0.016374	0.671527	0.011392	0.684476	0.007371	0.697759	0.004537	0.711384	0.003167	0.725356	0.003593	0.739680
959.621030	0.128045	0.513810	0.120504	0.522388	0.112845	0.531219	0.105085	0.540308	0.097240	0.549660	0.089336	0.559282	0.081396	0.569179	0.073454	0.579355	0.065547	0.589818	0.057720	0.600571	0.050029	0.611620	0.042539	0.622973	0.035325	0.634633	0.028483	0.646607	0.022119	0.658899	0.016368	0.671517	0.011387	0.684466	0.007366	0.697749	0.004533	0.711375	0.003164	0.725347	0.003591	0.739671
959.983580	0.128034	0.513797	0.120493	0.522375	0.112834	0.531206	0.105074	0.540295	0.097229	0.549648	0.089325	0.559270	0.081385	0.569167	0.073443	0.579343	0.065537	0.589806	0.057711	0.600559	0.050020	0.611609	0.042530	0.622962	0.035317	0.634622	0.028475	0.646596	0.022112	0.658888	0.016362	0.671506	0.011381	0.684455	0.007361	0.697739	0.004529	0.711365	0.003161	0.725337	0.003589	0.739662
960.346010	0.128022	0.513783	0.120481	0.522361	0.112822	0.531192	0.105062	0.540281	0.097219	0.549635	0.089315	0.559257	0.081375	0.569154	0.073434	0.579330	0.065528	0.589793	0.057702	0.600547	0.050012	0.611597	0.042522	0.622950	0.035310	0.634610	0.028468	0.646585	0.022106	0.658878	0.016356	0.671496	0.011376	0.684445	0.007356	0.697730	0.004526	0.711356	0.003158	0.725328	0.003587	0.739654
960.708310	0.128010	0.513770	0.120469	0.522348	0.112811	0.531179	0.105051	0.540268	0.097208	0.549621	0.089304	0.559244	0.081365	0.569141	0.073424	0.579318	0.065518	0.589781	0.057693	0.600535	0.050003	0.611585	0.042514	0.622938	0.035302	0.634599	0.028460	0.646574	0.022099	0.658868	0.016350	0.671485	0.011371	0.684435	0.007352	0.697720	0.004522	0.711347	0.003155	0.725319	0.003585	0.739645
961.070560	0.127999	0.513756	0.120458	0.522334	0.112800	0.531165	0.105040	0.540256	0.097197	0.549608	0.089294	0.559232	0.081355	0.569129	0.073414	0.579306	0.065508	0.589769	0.057684	0.600523	0.049994	0.611574	0.042505	0.622927	0.035294	0.634588	0.028453	0.646563	0.022093	0.658857	0.016344	0.671475	0.011366	0.684425	0.007347	0.697710	0.004518	0.711337	0.003152	0.725310	0.003584	0.739636
961.432680	0.127987	0.513743	0.120446	0.522321	0.112789	0.531153	0.105029	0.540243	0.097186	0.549596	0.089283	0.559219	0.081345	0.569116	0.073404	0.579293	0.065499	0.589757	0.057675	0.600511	0.049986	0.611562	0.042497	0.622915	0.035287	0.634577	0.028446	0.646552	0.022086	0.658846	0.016338	0.671465	0.011361	0.684415	0.007343	0.697700	0.004514	0.711328	0.003149	0.725301	0.003582	0.739628
961.794680	0.127976	0.513730	0.120435	0.522308	0.112777	0.531140	0.105018	0.540230	0.097176	0.549583	0.089273	0.559206	0.081335	0.569104	0.073395	0.579281	0.065489	0.589745	0.057665	0.600499	0.049977	0.611550	0.042489	0.622904	0.035278	0.634565	0.028439	0.646540	0.022079	0.658835	0.016331	0.671455	0.011355	0.684405	0.007338	0.697691	0.004510	0.711318	0.003146	0.725292	0.003579	0.739619
962.156620	0.127964	0.513717	0.120423	0.522295	0.112766	0.531127	0.105007	0.540217	0.097165	0.549571	0.089262	0.559193	0.081325	0.569092	0.073385	0.579269	0.065480	0.589733	0.057656	0.600487	0.049968	0.611538	0.042481	0.622892	0.035271	0.634554	0.028432	0.646529	0.022072	0.658824	0.016325	0.671445	0.011350	0.684395	0.007334	0.697681	0.004506	0.711309	0.003143	0.725283	0.003577	0.739610
962.518430	0.127953	0.513704	0.120411	0.522282	0.112755	0.531114	0.104996	0.540204	0.097155	0.549558	0.089252	0.559181	0.081314	0.569079	0.073375	0.579256	0.065471	0.589720	0.057647	0.600475	0.049960	0.611526	0.042473	0.622880	0.035263	0.634543	0.028425	0.646518	0.022066	0.658814	0.016320	0.671434	0.011344	0.684384	0.007329	0.697671	0.004503	0.711299	0.003140	0.725274	0.003575	0.739602
962.880130	0.127941	0.513690	0.120400	0.522269	0.112744	0.531101	0.104985	0.540191	0.097144	0.549545	0.089241	0.559168	0.081304	0.569066	0.073365	0.579244	0.065461	0.589708	0.057638	0.600463	0.049951	0.611515	0.042465	0.622869	0.035255	0.634532	0.028417	0.646508	0.022059	0.658804	0.016314	0.671424	0.011339	0.684374	0.007325	0.697661	0.004499	0.711289	0.003137	0.725265	0.003573	0.739593
963.241700	0.127929	0.513677	0.120388	0.522256	0.112733	0.531088	0.104974	0.540178	0.097133	0.549533	0.089231	0.559156	0.081294	0.569054	0.073355	0.579232	0.065452	0.589696	0.057629	0.600451	0.049942	0.611503	0.042457	0.622857	0.035248	0.634521	0.028410	0.646497	0.022053	0.658793	0.016308	0.671413	0.011334	0.684364	0.007320	0.697651	0.004495	0.711280	0.003134	0.725256	0.003571	0.739584
963.603210	0.127917	0.513664	0.120377	0.522243	0.112721	0.531075	0.104963	0.540166	0.097122	0.549520	0.089220	0.559144	0.081284	0.569041	0.073345	0.579220	0.065442	0.589684	0.057620	0.600440	0.049934	0.611492	0.042448	0.622846	0.035240	0.634509	0.028403	0.646486	0.022046	0.658782	0.016302	0.671402	0.011329	0.684354	0.007315	0.697642	0.004491	0.711270	0.003131	0.725247	0.003569	0.739576
963.964600	0.127905	0.513651	0.120366	0.522230	0.112710	0.531062	0.104952	0.540153	0.097111	0.549507	0.089210	0.559131	0.081274	0.569029	0.073335	0.579208	0.065433	0.589672	0.057611	0.600428	0.049925	0.611480	0.042440	0.622835	0.035233	0.634498	0.028396	0.646475	0.022040	0.658771	0.016296	0.671392	0.011324	0.684344	0.007310	0.697632	0.004487	0.711261	0.003128	0.725238	0.003567	0.739567
964.325870	0.127893	0.513638	0.120355	0.522217	0.112699	0.531049	0.104941	0.540140	0.097101	0.549495	0.089200	0.559119	0.081264	0.569017	0.073325	0.579196	0.065424	0.589660	0.057602	0.600416	0.049916	0.611469	0.042431	0.622824	0.035225	0.634487	0.028389	0.646464	0.022033	0.658761	0.016290	0.671382	0.011318	0.684334	0.007306	0.697622	0.004484	0.711251	0.003125	0.725229	0.003565	0.739558
964.687070	0.127882	0.513625	0.120343	0.522204	0.112688	0.531036	0.104930	0.540127	0.097090	0.549482	0.089189	0.559106	0.081254	0.569005	0.073315	0.579184	0.065414	0.589648	0.057593	0.600404	0.049907	0.611457	0.042423	0.622812	0.035217	0.634476	0.028381	0.646453	0.022026	0.658750	0.016284	0.671372	0.011313	0.684324	0.007302	0.697612	0.004480	0.711242	0.003122	0.725220	0.003563	0.739550
965.048160	0.127870	0.513612	0.120331	0.522191	0.112677	0.531023	0.104920	0.540114	0.097080	0.549469	0.089179	0.559093	0.081244	0.568992	0.073306	0.579171	0.065405	0.589636	0.057584	0.600392	0.049899	0.611445	0.042415	0.622800	0.035209	0.634464	0.028374	0.646443	0.022019	0.658740	0.016278	0.671362	0.011307	0.684314	0.007297	0.697603	0.004476	0.711233	0.003120	0.725211	0.003561	0.739541
965.409120	0.127859	0.513599	0.120320	0.522178	0.112665	0.531011	0.104909	0.540102	0.097069	0.549457	0.089168	0.559081	0.081234	0.568980	0.073296	0.579159	0.065395	0.589624	0.057575	0.600380	0.049891	0.611434	0.042407	0.622789	0.035201	0.634453	0.028367	0.646432	0.022013	0.658729	0.016272	0.671351	0.011302	0.684304	0.007293	0.697593	0.004473	0.711224	0.003117	0.725202	0.003558	0.739532
965.770020	0.127847	0.513585	0.120309	0.522165	0.112654	0.530998	0.104898	0.540089	0.097058	0.549444	0.089158	0.559069	0.081223	0.568968	0.073286	0.579147	0.065386	0.589613	0.057566	0.600368	0.049882	0.611422	0.042399	0.622778	0.035194	0.634442	0.028359	0.646421	0.022006	0.658718	0.016266	0.671341	0.011296	0.684294	0.007288	0.697583	0.004469	0.711215	0.003114	0.725193	0.003556	0.739524
966.130800	0.127836	0.513572	0.120298	0.522152	0.112643	0.530985	0.104887	0.540076	0.097047	0.549431	0.089147	0.559056	0.081213	0.568956	0.073276	0.579135	0.065377	0.589601	0.057557	0.600357	0.049874	0.611411	0.042391	0.622767	0.035186	0.634431	0.028352	0.646410	0.022000	0.658707	0.016260	0.671330	0.011291	0.684284	0.007283	0.697574	0.004465	0.711206	0.003111	0.725184	0.003554	0.739515
966.491460	0.127825	0.513559	0.120286	0.522139	0.112632	0.530972	0.104876	0.540064	0.097037	0.549419	0.089137	0.559044	0.081203	0.568943	0.073267	0.579123	0.065367	0.589589	0.057548	0.600345	0.049865	0.611399	0.042383	0.622756	0.035179	0.634420	0.028346	0.646399	0.021993	0.658697	0.016254	0.671320	0.011286	0.684274	0.007279	0.697564	0.004461	0.711196	0.003108	0.725175	0.003553	0.739506
966.851990	0.127814	0.513546	0.120275	0.522126	0.112621	0.530959	0.104865	0.540051	0.097026	0.549406	0.089127	0.559031	0.081193	0.568931	0.073257	0.579111	0.065358	0.589577	0.057539	0.600334	0.049857	0.611388	0.042374	0.622745	0.035171	0.634409	0.028339	0.646388	0.021987	0.658686	0.016248	0.671310	0.011281	0.684264	0.007275	0.697555	0.004457	0.711187	0.003105	0.725166	0.003551	0.739498
967.212460	0.127802	0.513533	0.120263	0.522113	0.112610	0.530946	0.104855	0.540039	0.097016	0.549394	0.089117	0.559019	0.081183	0.568919	0.073247	0.579099	0.065348	0.589565	0.057530	0.600322	0.049848	0.611376	0.042366	0.622733	0.035164	0.634398	0.028332	0.646378	0.021980	0.658676	0.016243	0.671300	0.011276	0.684254	0.007270	0.697545	0.004454	0.711177	0.003102	0.725157	0.003549	0.739489
967.572810	0.127791	0.513520	0.120252	0.522100	0.112599	0.530934	0.104844	0.540026	0.097005	0.549382	0.089106	0.559006	0.081174	0.568907	0.073238	0.579087	0.065339	0.589553	0.057521	0.600310	0.049839	0.611365	0.042358	0.622722	0.035156	0.634387	0.028325	0.646367	0.021974	0.658665	0.016237	0.671289	0.011270	0.684245	0.007266	0.697536	0.004450	0.711168	0.003099	0.725148	0.003547	0.739480
967.933040	0.127779	0.513507	0.120241	0.522087	0.112588	0.530921	0.104833	0.540013	0.096995	0.549369	0.089096	0.558994	0.081164	0.568894	0.073229	0.579074	0.065330	0.589541	0.057513	0.600298	0.049831	0.611353	0.042350	0.622711	0.035148	0.634376	0.028317	0.646356	0.021967	0.658655	0.016231	0.671279	0.011265	0.684235	0.007261	0.697526	0.004447	0.711159	0.003097	0.725140	0.003544	0.739472
968.293210	0.127768	0.513495	0.120230	0.522075	0.112577	0.530909	0.104822	0.540001	0.096984	0.549357	0.089086	0.558982	0.081154	0.568882	0.073219	0.579062	0.065320	0.589529	0.057504	0.600287	0.049822	0.611342	0.042343	0.622700	0.035141	0.634365	0.028310	0.646345	0.021961	0.658644	0.016225	0.671269	0.011260	0.684225	0.007256	0.697516	0.004443	0.711150	0.003094	0.725131	0.003542	0.739463
968.653200	0.127756	0.513482	0.120219	0.522062	0.112566	0.530896	0.104811	0.539988	0.096974	0.549344	0.089076	0.558970	0.081144	0.568870	0.073209	0.579050	0.065311	0.589517	0.057495	0.600275	0.049814	0.611331	0.042335	0.622689	0.035133	0.634354	0.028304	0.646334	0.021954	0.658634	0.016219	0.671259	0.011255	0.684215	0.007252	0.697507	0.004439	0.711141	0.003091	0.725122	0.003541	0.739455
969.013180	0.127745	0.513470	0.120208	0.522050	0.112555	0.530884	0.104801	0.539976	0.096964	0.549332	0.089066	0.558958	0.081134	0.568858	0.073200	0.579039	0.065302	0.589506	0.057486	0.600264	0.049806	0.611320	0.042327	0.622678	0.035126	0.634344	0.028297	0.646324	0.021948	0.658624	0.016213	0.671249	0.011250	0.684205	0.007248	0.697498	0.004435	0.711132	0.003088	0.725113	0.003539	0.739447
969.372990	0.127733	0.513457	0.120197	0.522037	0.112544	0.530871	0.104790	0.539963	0.096953	0.549319	0.089056	0.558945	0.081124	0.568846	0.073190	0.579027	0.065293	0.589494	0.057477	0.600252	0.049798	0.611308	0.042319	0.622666	0.035119	0.634333	0.028290	0.646313	0.021942	0.658614	0.016207	0.671239	0.011245	0.684195	0.007244	0.697488	0.004431	0.711122	0.003085	0.725104	0.003537	0.739439
969.732730	0.127722	0.513444	0.120186	0.522024	0.112533	0.530858	0.104779	0.539950	0.096943	0.549307	0.089045	0.558933	0.081114	0.568834	0.073181	0.579015	0.065284	0.589483	0.057468	0.600240	0.049789	0.611297	0.042311	0.622655	0.035111	0.634322	0.028282	0.646303	0.021936	0.658604	0.016201	0.671228	0.011240	0.684185	0.007239	0.697478	0.004428	0.711113	0.003082	0.725095	0.003535	0.739430
970.092350	0.127711	0.513431	0.120175	0.522012	0.112522	0.530846	0.104768	0.539938	0.096932	0.549295	0.089035	0.558921	0.081105	0.568822	0.073172	0.579003	0.065275	0.589471	0.057460	0.600229	0.049781	0.611285	0.042303	0.622644	0.035104	0.634311	0.028275	0.646292	0.021929	0.658593	0.016196	0.671218	0.011235	0.684176	0.007235	0.697469	0.004424	0.711104	0.003079	0.725087	0.003533	0.739422
970.451840	0.127700	0.513418	0.120164	0.521999	0.112511	0.530833	0.104758	0.539926	0.096922	0.549283	0.089025	0.558909	0.081095	0.568810	0.073162	0.578992	0.065265	0.589459	0.057451	0.600218	0.049772	0.611274	0.042295	0.622633	0.035097	0.634300	0.028268	0.646281	0.021923	0.658583	0.016190	0.671208	0.011230	0.684166	0.007230	0.697459	0.004421	0.711095	0.003076	0.725078	0.003531	0.739413
970.811280	0.127689	0.513406	0.120153	0.521987	0.112501	0.530821	0.104748	0.539913	0.096911	0.549270	0.089015	0.558896	0.081085	0.568798	0.073152	0.578980	0.065256	0.589447	0.057442	0.600207	0.049763	0.611263	0.042287	0.622622	0.035089	0.634290	0.028262	0.646271	0.021916	0.658573	0.016184	0.671198	0.011225	0.684156	0.007225	0.697450	0.004417	0.711086	0.003074	0.725069	0.003529	0.739404
971.170590	0.127678	0.513393	0.120142	0.521974	0.112490	0.530808	0.104737	0.539901	0.096901	0.549258	0.089005	0.558884	0.081075	0.568786	0.073143	0.578968	0.065247	0.589435	0.057433	0.600195	0.049755	0.611252	0.042279	0.622611	0.035081	0.634279	0.028255	0.646260	0.021910	0.658562	0.016178	0.671188	0.011219	0.684146	0.007221	0.697441	0.004413	0.711077	0.003071	0.725060	0.003527	0.739396
971.529790	0.127666	0.513380	0.120131	0.521961	0.112479	0.530795	0.104726	0.539888	0.096891	0.549246	0.088995	0.558872	0.081065	0.568774	0.073133	0.578956	0.065238	0.589424	0.057424	0.600184	0.049747	0.611240	0.042271	0.622599	0.035074	0.634268	0.028248	0.646250	0.021903	0.658552	0.016173	0.671178	0.011214	0.684137	0.007217	0.697431	0.004410	0.711068	0.003068	0.725051	0.003525	0.739388
971.888850	0.127655	0.513367	0.120119	0.521948	0.112468	0.530783	0.104715	0.539876	0.096880	0.549234	0.088985	0.558860	0.081055	0.568762	0.073124	0.578944	0.065229	0.589413	0.057416	0.600172	0.049739	0.611229	0.042263	0.622588	0.035066	0.634257	0.028241	0.646239	0.021897	0.658541	0.016167	0.671168	0.011209	0.684127	0.007212	0.697422	0.004406	0.711059	0.003065	0.725043	0.003523	0.739380
972.247860	0.127643	0.513354	0.120108	0.521935	0.112458	0.530770	0.104705	0.539864	0.096870	0.549221	0.088975	0.558848	0.081045	0.568750	0.073114	0.578932	0.065220	0.589401	0.057407	0.600160	0.049730	0.611217	0.042256	0.622578	0.035059	0.634246	0.028234	0.646229	0.021890	0.658531	0.016161	0.671158	0.011203	0.684117	0.007208	0.697412	0.004403	0.711050	0.003062	0.725034	0.003521	0.739371
972.606750	0.127632	0.513342	0.120097	0.521923	0.112447	0.530758	0.104694	0.539851	0.096859	0.549209	0.088965	0.558836	0.081036	0.568738	0.073105	0.578920	0.065210	0.589389	0.057398	0.600149	0.049722	0.611206	0.042248	0.622567	0.035051	0.634235	0.028228	0.646218	0.021884	0.658520	0.016155	0.671149	0.011198	0.684108	0.007204	0.697403	0.004399	0.711040	0.003059	0.725025	0.003519	0.739363
972.965580	0.127621	0.513329	0.120086	0.521910	0.112436	0.530745	0.104684	0.539839	0.096849	0.549196	0.088955	0.558824	0.081026	0.568726	0.073095	0.578909	0.065201	0.589377	0.057389	0.600138	0.049714	0.611195	0.042240	0.622556	0.035044	0.634224	0.028221	0.646207	0.021878	0.658510	0.016150	0.671139	0.011193	0.684098	0.007199	0.697393	0.004395	0.711031	0.003056	0.725016	0.003517	0.739355
973.324220	0.127610	0.513316	0.120075	0.521898	0.112425	0.530733	0.104673	0.539827	0.096839	0.549184	0.088945	0.558812	0.081016	0.568714	0.073085	0.578897	0.065192	0.589366	0.057380	0.600127	0.049706	0.611184	0.042232	0.622545	0.035036	0.634213	0.028214	0.646196	0.021871	0.658500	0.016144	0.671129	0.011188	0.684088	0.007195	0.697383	0.004392	0.711022	0.003054	0.725007	0.003515	0.739346
973.682800	0.127599	0.513303	0.120064	0.521885	0.112415	0.530720	0.104663	0.539814	0.096829	0.549172	0.088935	0.558800	0.081007	0.568702	0.073076	0.578886	0.065183	0.589354	0.057372	0.600115	0.049697	0.611173	0.042224	0.622534	0.035029	0.634203	0.028206	0.646186	0.021865	0.658490	0.016138	0.671119	0.011183	0.684079	0.007191	0.697374	0.004388	0.711013	0.003051	0.724999	0.003514	0.739338
974.041260	0.127588	0.513291	0.120054	0.521873	0.112404	0.530708	0.104652	0.539802	0.096819	0.549160	0.088925	0.558788	0.080997	0.568691	0.073067	0.578874	0.065174	0.589343	0.057363	0.600104	0.049689	0.611162	0.042216	0.622523	0.035022	0.634193	0.028199	0.646176	0.021859	0.658480	0.016132	0.671109	0.011178	0.684069	0.007187	0.697365	0.004385	0.711004	0.003049	0.724990	0.003512	0.739329
974.399660	0.127577	0.513278	0.120043	0.521860	0.112393	0.530695	0.104641	0.539789	0.096808	0.549148	0.088915	0.558776	0.080987	0.568679	0.073058	0.578862	0.065165	0.589331	0.057354	0.600092	0.049681	0.611151	0.042208	0.622512	0.035015	0.634182	0.028192	0.646165	0.021853	0.658469	0.016127	0.671099	0.011173	0.684059	0.007182	0.697356	0.004381	0.710995	0.003046	0.724981	0.003510	0.739321
974.757930	0.127565	0.513265	0.120032	0.521847	0.112382	0.530683	0.104631	0.539777	0.096798	0.549136	0.088905	0.558764	0.080978	0.568667	0.073048	0.578850	0.065156	0.589320	0.057346	0.600081	0.049673	0.611139	0.042200	0.622501	0.035007	0.634171	0.028186	0.646155	0.021846	0.658459	0.016122	0.671089	0.011168	0.684050	0.007178	0.697346	0.004377	0.710986	0.003043	0.724973	0.003507	0.739313
975.116090	0.127554	0.513253	0.120021	0.521835	0.112371	0.530671	0.104621	0.539765	0.096788	0.549124	0.088895	0.558752	0.080968	0.568655	0.073039	0.578838	0.065147	0.589308	0.057337	0.600069	0.049664	0.611128	0.042192	0.622490	0.035000	0.634160	0.028179	0.646145	0.021840	0.658449	0.016116	0.671079	0.011163	0.684040	0.007174	0.697337	0.004374	0.710977	0.003040	0.724964	0.003505	0.739304
975.474120	0.127544	0.513240	0.120010	0.521823	0.112361	0.530659	0.104610	0.539753	0.096778	0.549112	0.088885	0.558740	0.080958	0.568643	0.073030	0.578827	0.065138	0.589297	0.057329	0.600058	0.049656	0.611117	0.042184	0.622479	0.034992	0.634150	0.028172	0.646134	0.021834	0.658439	0.016111	0.671069	0.011158	0.684030	0.007169	0.697328	0.004370	0.710968	0.003037	0.724956	0.003504	0.739296
975.832090	0.127533	0.513228	0.119999	0.521811	0.112350	0.530647	0.104600	0.539741	0.096768	0.549100	0.088875	0.558729	0.080949	0.568632	0.073020	0.578815	0.065129	0.589285	0.057320	0.600047	0.049648	0.611106	0.042177	0.622468	0.034985	0.634139	0.028165	0.646124	0.021828	0.658429	0.016105	0.671060	0.011153	0.684020	0.007165	0.697319	0.004367	0.710959	0.003034	0.724947	0.003502	0.739288
976.189940	0.127522	0.513215	0.119988	0.521798	0.112339	0.530634	0.104589	0.539729	0.096758	0.549088	0.088865	0.558717	0.080939	0.568620	0.073011	0.578804	0.065120	0.589274	0.057311	0.600036	0.049640	0.611095	0.042169	0.622457	0.034978	0.634128	0.028158	0.646114	0.021822	0.658419	0.016099	0.671050	0.011148	0.684011	0.007161	0.697310	0.004363	0.710950	0.003031	0.724938	0.003500	0.739280
976.547730	0.127511	0.513203	0.119977	0.521786	0.112329	0.530622	0.104579	0.539716	0.096748	0.549076	0.088855	0.558704	0.080929	0.568608	0.073002	0.578793	0.065111	0.589263	0.057303	0.600025	0.049631	0.611084	0.042162	0.622446	0.034971	0.634118	0.028151	0.646103	0.021816	0.658409	0.016093	0.671040	0.011143	0.684002	0.007156	0.697301	0.004360	0.710941	0.003029	0.724930	0.003498	0.739271
976.905330	0.127500	0.513191	0.119967	0.521773	0.112319	0.530609	0.104569	0.539704	0.096738	0.549064	0.088846	0.558692	0.080920	0.568596	0.072992	0.578781	0.065102	0.589251	0.057294	0.600014	0.049623	0.611073	0.042154	0.622436	0.034964	0.634108	0.028145	0.646093	0.021810	0.658399	0.016088	0.671030	0.011138	0.683993	0.007151	0.697291	0.004356	0.710932	0.003026	0.724921	0.003496	0.739263
977.262880	0.127489	0.513179	0.119956	0.521761	0.112308	0.530597	0.104558	0.539692	0.096727	0.549052	0.088836	0.558680	0.080910	0.568584	0.072983	0.578769	0.065093	0.589240	0.057286	0.600003	0.049615	0.611062	0.042146	0.622425	0.034957	0.634097	0.028138	0.646082	0.021803	0.658389	0.016082	0.671020	0.011133	0.683983	0.007147	0.697282	0.004352	0.710923	0.003023	0.724913	0.003494	0.739255
977.620300	0.127478	0.513166	0.119945	0.521749	0.112297	0.530585	0.104548	0.539680	0.096717	0.549040	0.088826	0.558668	0.080901	0.568572	0.072974	0.578758	0.065085	0.589228	0.057277	0.599991	0.049607	0.611051	0.042138	0.622414	0.034949	0.634086	0.028132	0.646072	0.021797	0.658379	0.016076	0.671010	0.011128	0.683973	0.007142	0.697273	0.004349	0.710914	0.003021	0.724904	0.003492	0.739247
977.977660	0.127467	0.513154	0.119935	0.521737	0.112287	0.530573	0.104538	0.539668	0.096707	0.549028	0.088816	0.558657	0.080892	0.568561	0.072965	0.578746	0.065076	0.589217	0.057269	0.599980	0.049599	0.611041	0.042130	0.622404	0.034941	0.634076	0.028125	0.646062	0.021790	0.658369	0.016070	0.671001	0.011123	0.683964	0.007138	0.697264	0.004345	0.710906	0.003018	0.724896	0.003490	0.739239
978.334840	0.127456	0.513141	0.119924	0.521724	0.112276	0.530561	0.104528	0.539656	0.096697	0.549016	0.088806	0.558645	0.080882	0.568549	0.072956	0.578734	0.065067	0.589206	0.057260	0.599969	0.049591	0.611030	0.042123	0.622393	0.034934	0.634065	0.028119	0.646052	0.021784	0.658359	0.016065	0.670991	0.011118	0.683954	0.007134	0.697254	0.004342	0.710897	0.003015	0.724887	0.003488	0.739231
978.692020	0.127445	0.513129	0.119913	0.521712	0.112266	0.530548	0.104518	0.539644	0.096687	0.549004	0.088796	0.558633	0.080872	0.568538	0.072947	0.578723	0.065058	0.589195	0.057251	0.599957	0.049583	0.611019	0.042116	0.622382	0.034927	0.634055	0.028112	0.646042	0.021778	0.658349	0.016060	0.670981	0.011113	0.683945	0.007130	0.697245	0.004338	0.710888	0.003013	0.724879	0.003487	0.739223
979.049010	0.127435	0.513116	0.119903	0.521699	0.112256	0.530536	0.104508	0.539632	0.096677	0.548992	0.088787	0.558621	0.080863	0.568526	0.072938	0.578711	0.065049	0.589183	0.057243	0.599946	0.049575	0.611008	0.042108	0.622372	0.034920	0.634045	0.028105	0.646032	0.021772	0.658339	0.016054	0.670971	0.011108	0.683936	0.007126	0.697236	0.004335	0.710880	0.003010	0.724871	0.003485	0.739215
979.405940	0.127423	0.513104	0.119892	0.521687	0.112245	0.530524	0.104497	0.539620	0.096667	0.548980	0.088777	0.558610	0.080853	0.568515	0.072928	0.578700	0.065040	0.589172	0.057235	0.599935	0.049567	0.610997	0.042100	0.622361	0.034913	0.634034	0.028098	0.646021	0.021766	0.658329	0.016049	0.670961	0.011104	0.683926	0.007122	0.697227	0.004331	0.710871	0.003007	0.724862	0.003483	0.739207
979.762760	0.127412	0.513092	0.119881	0.521675	0.112234	0.530512	0.104487	0.539608	0.096657	0.548968	0.088768	0.558598	0.080844	0.568503	0.072919	0.578689	0.065032	0.589161	0.057227	0.599924	0.049559	0.610986	0.042092	0.622350	0.034906	0.634023	0.028091	0.646011	0.021760	0.658319	0.016043	0.670951	0.011099	0.683916	0.007118	0.697218	0.004327	0.710862	0.003004	0.724854	0.003481	0.739199
980.119450	0.127401	0.513080	0.119871	0.521663	0.112223	0.530500	0.104477	0.539596	0.096647	0.548956	0.088758	0.558586	0.080835	0.568491	0.072910	0.578677	0.065023	0.589149	0.057218	0.599913	0.049550	0.610975	0.042084	0.622339	0.034899	0.634012	0.028085	0.646001	0.021754	0.658309	0.016037	0.670942	0.011094	0.683907	0.007114	0.697209	0.004324	0.710853	0.003001	0.724845	0.003479	0.739190
980.476010	0.127391	0.513067	0.119860	0.521651	0.112213	0.530488	0.104466	0.539584	0.096637	0.548944	0.088748	0.558575	0.080825	0.568480	0.072901	0.578666	0.065014	0.589138	0.057210	0.599902	0.049542	0.610964	0.042077	0.622329	0.034891	0.634002	0.028078	0.645991	0.021748	0.658299	0.016032	0.670932	0.011089	0.683898	0.007109	0.697200	0.004320	0.710844	0.002999	0.724836	0.003477	0.739182
980.832520	0.127380	0.513055	0.119850	0.521639	0.112203	0.530476	0.104456	0.539573	0.096627	0.548932	0.088738	0.558563	0.080815	0.568468	0.072892	0.578654	0.065005	0.589127	0.057201	0.599891	0.049534	0.610953	0.042069	0.622318	0.034884	0.633992	0.028072	0.645981	0.021742	0.658289	0.016027	0.670923	0.011084	0.683888	0.007105	0.697190	0.004317	0.710835	0.002996	0.724828	0.003475	0.739174
981.188900	0.127369	0.513042	0.119839	0.521627	0.112193	0.530464	0.104446	0.539561	0.096617	0.548921	0.088728	0.558552	0.080806	0.568457	0.072883	0.578643	0.064996	0.589116	0.057193	0.599880	0.049526	0.610942	0.042062	0.622307	0.034877	0.633982	0.028066	0.645971	0.021736	0.658279	0.016021	0.670913	0.011079	0.683879	0.007101	0.697181	0.004313	0.710826	0.002994	0.724820	0.003473	0.739166
981.545230	0.127359	0.513030	0.119829	0.521614	0.112182	0.530452	0.104436	0.539548	0.096607	0.548909	0.088718	0.558540	0.080797	0.568446	0.072874	0.578632	0.064988	0.589105	0.057184	0.599869	0.049518	0.610932	0.042055	0.622297	0.034870	0.633971	0.028059	0.645960	0.021730	0.658269	0.016015	0.670903	0.011074	0.683870	0.007096	0.697172	0.004310	0.710818	0.002991	0.724812	0.003471	0.739158
981.901370	0.127348	0.513018	0.119818	0.521602	0.112172	0.530440	0.104426	0.539536	0.096598	0.548897	0.088709	0.558528	0.080788	0.568434	0.072865	0.578621	0.064979	0.589094	0.057176	0.599858	0.049510	0.610921	0.042047	0.622287	0.034863	0.633961	0.028052	0.645950	0.021724	0.658259	0.016010	0.670894	0.011069	0.683861	0.007092	0.697163	0.004307	0.710809	0.002988	0.724803	0.003469	0.739150
982.257510	0.127337	0.513006	0.119807	0.521590	0.112162	0.530428	0.104416	0.539524	0.096588	0.548886	0.088699	0.558516	0.080778	0.568423	0.072855	0.578610	0.064971	0.589083	0.057168	0.599847	0.049502	0.610910	0.042040	0.622276	0.034856	0.633951	0.028045	0.645940	0.021718	0.658249	0.016004	0.670884	0.011064	0.683851	0.007088	0.697155	0.004304	0.710801	0.002985	0.724795	0.003468	0.739142
982.613460	0.127327	0.512994	0.119796	0.521578	0.112151	0.530416	0.104406	0.539513	0.096578	0.548874	0.088689	0.558505	0.080769	0.568411	0.072847	0.578598	0.064962	0.589071	0.057159	0.599837	0.049495	0.610900	0.042032	0.622266	0.034849	0.633940	0.028038	0.645930	0.021712	0.658239	0.015999	0.670874	0.011059	0.683842	0.007084	0.697146	0.004300	0.710792	0.002983	0.724786	0.003466	0.739134
982.969300	0.127316	0.512982	0.119786	0.521566	0.112141	0.530404	0.104396	0.539501	0.096568	0.548862	0.088680	0.558493	0.080760	0.568400	0.072838	0.578587	0.064953	0.589060	0.057151	0.599826	0.049487	0.610889	0.042025	0.622255	0.034842	0.633930	0.028032	0.645920	0.021706	0.658230	0.015993	0.670865	0.011054	0.683833	0.007079	0.697137	0.004296	0.710784	0.002980	0.724778	0.003464	0.739126
983.325070	0.127305	0.512970	0.119776	0.521554	0.112131	0.530392	0.104386	0.539489	0.096558	0.548850	0.088670	0.558482	0.080751	0.568389	0.072829	0.578575	0.064944	0.589049	0.057142	0.599815	0.049479	0.610878	0.042017	0.622244	0.034834	0.633920	0.028025	0.645910	0.021699	0.658220	0.015988	0.670856	0.011050	0.683824	0.007075	0.697128	0.004293	0.710775	0.002977	0.724769	0.003462	0.739118
983.680790	0.127295	0.512958	0.119765	0.521542	0.112120	0.530381	0.104375	0.539478	0.096548	0.548838	0.088661	0.558470	0.080741	0.568377	0.072820	0.578564	0.064936	0.589038	0.057134	0.599804	0.049470	0.610868	0.042009	0.622233	0.034827	0.633909	0.028019	0.645900	0.021693	0.658210	0.015983	0.670846	0.011045	0.683814	0.007072	0.697119	0.004289	0.710766	0.002975	0.724761	0.003461	0.739110
984.036320	0.127284	0.512946	0.119755	0.521530	0.112110	0.530369	0.104365	0.539466	0.096538	0.548827	0.088651	0.558459	0.080732	0.568366	0.072811	0.578553	0.064927	0.589027	0.057126	0.599793	0.049462	0.610857	0.042001	0.622223	0.034820	0.633899	0.028012	0.645890	0.021687	0.658200	0.015977	0.670837	0.011041	0.683805	0.007068	0.697110	0.004286	0.710757	0.002972	0.724753	0.003459	0.739102
984.391780	0.127273	0.512934	0.119744	0.521518	0.112100	0.530357	0.104355	0.539454	0.096528	0.548815	0.088642	0.558448	0.080722	0.568354	0.072802	0.578542	0.064918	0.589016	0.057118	0.599782	0.049454	0.610846	0.041994	0.622213	0.034814	0.633889	0.028006	0.645880	0.021681	0.658190	0.015972	0.670828	0.011036	0.683795	0.007063	0.697101	0.004282	0.710748	0.002969	0.724745	0.003457	0.739094
984.747130	0.127263	0.512922	0.119734	0.521506	0.112089	0.530345	0.104345	0.539442	0.096519	0.548804	0.088633	0.558436	0.080713	0.568343	0.072793	0.578531	0.064909	0.589005	0.057110	0.599772	0.049447	0.610836	0.041986	0.622202	0.034807	0.633878	0.028000	0.645869	0.021675	0.658181	0.015966	0.670818	0.011030	0.683786	0.007059	0.697092	0.004279	0.710740	0.002967	0.724736	0.003455	0.739086
985.102360	0.127252	0.512910	0.119723	0.521495	0.112079	0.530333	0.104335	0.539431	0.096509	0.548793	0.088623	0.558425	0.080703	0.568332	0.072783	0.578520	0.064900	0.588994	0.057102	0.599761	0.049439	0.610825	0.041979	0.622192	0.034800	0.633868	0.027993	0.645859	0.021669	0.658171	0.015960	0.670808	0.011026	0.683776	0.007055	0.697082	0.004276	0.710732	0.002964	0.724728	0.003454	0.739078
985.457520	0.127241	0.512897	0.119713	0.521482	0.112069	0.530321	0.104325	0.539419	0.096499	0.548781	0.088614	0.558413	0.080694	0.568320	0.072774	0.578508	0.064892	0.588983	0.057093	0.599750	0.049431	0.610814	0.041971	0.622181	0.034793	0.633858	0.027986	0.645849	0.021663	0.658161	0.015955	0.670799	0.011021	0.683767	0.007050	0.697073	0.004273	0.710723	0.002961	0.724719	0.003452	0.739070
985.812560	0.127231	0.512885	0.119702	0.521470	0.112059	0.530309	0.104315	0.539407	0.096489	0.548769	0.088604	0.558401	0.080685	0.568309	0.072766	0.578497	0.064883	0.588972	0.057084	0.599739	0.049423	0.610804	0.041964	0.622171	0.034786	0.633847	0.027980	0.645839	0.021657	0.658151	0.015950	0.670789	0.011016	0.683758	0.007046	0.697065	0.004269	0.710715	0.002958	0.724711	0.003450	0.739062
986.167480	0.127220	0.512873	0.119692	0.521458	0.112049	0.530297	0.104305	0.539395	0.096479	0.548758	0.088594	0.558390	0.080676	0.568298	0.072757	0.578486	0.064875	0.588961	0.057076	0.599728	0.049415	0.610793	0.041957	0.622160	0.034779	0.633837	0.027973	0.645829	0.021651	0.658141	0.015945	0.670779	0.011012	0.683749	0.007042	0.697056	0.004265	0.710706	0.002956	0.724703	0.003448	0.739054
986.522340	0.127210	0.512861	0.119682	0.521447	0.112039	0.530286	0.104295	0.539384	0.096470	0.548746	0.088585	0.558378	0.080667	0.568286	0.072748	0.578475	0.064866	0.588950	0.057068	0.599717	0.049408	0.610782	0.041950	0.622150	0.034771	0.633827	0.027967	0.645819	0.021645	0.658132	0.015939	0.670770	0.011007	0.683740	0.007038	0.697047	0.004262	0.710697	0.002953	0.724695	0.003446	0.739047
986.877010	0.127200	0.512849	0.119672	0.521435	0.112029	0.530274	0.104285	0.539372	0.096460	0.548735	0.088575	0.558367	0.080658	0.568275	0.072739	0.578464	0.064858	0.588939	0.057060	0.599707	0.049400	0.610772	0.041942	0.622140	0.034764	0.633817	0.027960	0.645809	0.021639	0.658122	0.015934	0.670760	0.011002	0.683731	0.007034	0.697038	0.004258	0.710688	0.002951	0.724687	0.003444	0.739039
987.231690	0.127189	0.512837	0.119661	0.521423	0.112018	0.530262	0.104276	0.539360	0.096451	0.548723	0.088566	0.558356	0.080649	0.568264	0.072730	0.578453	0.064849	0.588928	0.057052	0.599696	0.049392	0.610761	0.041935	0.622129	0.034758	0.633807	0.027954	0.645799	0.021633	0.658113	0.015929	0.670751	0.010997	0.683722	0.007030	0.697029	0.004255	0.710680	0.002948	0.724679	0.003442	0.739031
987.586180	0.127178	0.512826	0.119651	0.521411	0.112009	0.530251	0.104266	0.539349	0.096441	0.548712	0.088557	0.558344	0.080640	0.568253	0.072721	0.578442	0.064841	0.588917	0.057044	0.599686	0.049384	0.610750	0.041928	0.622119	0.034751	0.633797	0.027947	0.645789	0.021627	0.658103	0.015923	0.670742	0.010992	0.683713	0.007026	0.697020	0.004252	0.710671	0.002946	0.724671	0.003440	0.739023
987.940610	0.127168	0.512814	0.119641	0.521399	0.111999	0.530239	0.104256	0.539337	0.096432	0.548700	0.088548	0.558333	0.080631	0.568242	0.072712	0.578431	0.064832	0.588907	0.057035	0.599675	0.049376	0.610740	0.041920	0.622109	0.034744	0.633787	0.027941	0.645780	0.021621	0.658094	0.015918	0.670733	0.010988	0.683704	0.007022	0.697011	0.004249	0.710663	0.002943	0.724662	0.003438	0.739015
988.294920	0.127157	0.512802	0.119630	0.521387	0.111989	0.530227	0.104246	0.539326	0.096422	0.548688	0.088538	0.558322	0.080621	0.568231	0.072704	0.578420	0.064824	0.588896	0.057027	0.599664	0.049369	0.610729	0.041913	0.622098	0.034737	0.633777	0.027935	0.645770	0.021615	0.658084	0.015913	0.670723	0.010983	0.683694	0.007018	0.697003	0.004245	0.710655	0.002941	0.724654	0.003437	0.739008
988.649110	0.127147	0.512790	0.119620	0.521375	0.111978	0.530216	0.104236	0.539314	0.096412	0.548677	0.088528	0.558310	0.080612	0.568219	0.072695	0.578409	0.064815	0.588885	0.057019	0.599653	0.049361	0.610719	0.041905	0.622088	0.034730	0.633767	0.027928	0.645761	0.021610	0.658075	0.015907	0.670714	0.010979	0.683685	0.007014	0.696994	0.004242	0.710647	0.002938	0.724646	0.003435	0.739000
989.003230	0.127137	0.512778	0.119610	0.521364	0.111968	0.530204	0.104226	0.539303	0.096402	0.548666	0.088519	0.558299	0.080603	0.568208	0.072686	0.578398	0.064807	0.588874	0.057011	0.599642	0.049353	0.610709	0.041898	0.622078	0.034723	0.633757	0.027922	0.645751	0.021604	0.658065	0.015902	0.670705	0.010974	0.683676	0.007010	0.696986	0.004238	0.710638	0.002935	0.724638	0.003433	0.738992
989.357180	0.127126	0.512766	0.119600	0.521352	0.111958	0.530192	0.104216	0.539291	0.096392	0.548655	0.088510	0.558287	0.080594	0.568196	0.072677	0.578387	0.064798	0.588863	0.057003	0.599631	0.049345	0.610698	0.041890	0.622068	0.034716	0.633747	0.027916	0.645741	0.021598	0.658055	0.015897	0.670695	0.010969	0.683667	0.007006	0.696977	0.004235	0.710629	0.002932	0.724630	0.003431	0.738984
989.711120	0.127116	0.512755	0.119589	0.521341	0.111948	0.530181	0.104206	0.539279	0.096383	0.548643	0.088500	0.558276	0.080585	0.568185	0.072669	0.578376	0.064790	0.588852	0.056995	0.599621	0.049337	0.610688	0.041883	0.622057	0.034709	0.633737	0.027909	0.645731	0.021592	0.658045	0.015891	0.670686	0.010964	0.683658	0.007001	0.696968	0.004232	0.710621	0.002930	0.724622	0.003429	0.738976
990.064880	0.127105	0.512743	0.119579	0.521329	0.111938	0.530169	0.104196	0.539268	0.096373	0.548632	0.088491	0.558265	0.080576	0.568174	0.072660	0.578365	0.064781	0.588841	0.056987	0.599610	0.049330	0.610677	0.041876	0.622047	0.034703	0.633727	0.027903	0.645721	0.021586	0.658035	0.015886	0.670676	0.010959	0.683649	0.006997	0.696959	0.004228	0.710612	0.002928	0.724614	0.003428	0.738969
990.418580	0.127095	0.512731	0.119569	0.521317	0.111928	0.530157	0.104187	0.539257	0.096364	0.548621	0.088482	0.558254	0.080567	0.568163	0.072652	0.578354	0.064773	0.588830	0.056979	0.599599	0.049322	0.610667	0.041869	0.622037	0.034696	0.633717	0.027896	0.645711	0.021580	0.658026	0.015881	0.670667	0.010954	0.683640	0.006993	0.696950	0.004225	0.710604	0.002925	0.724605	0.003426	0.738961
990.772160	0.127085	0.512719	0.119559	0.521306	0.111919	0.530146	0.104177	0.539245	0.096354	0.548609	0.088473	0.558243	0.080558	0.568152	0.072643	0.578343	0.064765	0.588820	0.056971	0.599589	0.049315	0.610657	0.041862	0.622027	0.034689	0.633707	0.027890	0.645701	0.021575	0.658016	0.015875	0.670658	0.010950	0.683631	0.006989	0.696942	0.004222	0.710595	0.002923	0.724597	0.003424	0.738953
991.125610	0.127074	0.512707	0.119548	0.521294	0.111908	0.530134	0.104168	0.539234	0.096345	0.548598	0.088464	0.558232	0.080549	0.568141	0.072634	0.578332	0.064757	0.588809	0.056963	0.599578	0.049307	0.610646	0.041854	0.622016	0.034683	0.633696	0.027884	0.645691	0.021569	0.658007	0.015870	0.670649	0.010945	0.683622	0.006986	0.696933	0.004219	0.710587	0.002920	0.724589	0.003422	0.738945
991.479000	0.127064	0.512695	0.119539	0.521282	0.111898	0.530122	0.104158	0.539222	0.096335	0.548587	0.088454	0.558221	0.080540	0.568130	0.072625	0.578321	0.064749	0.588799	0.056955	0.599568	0.049300	0.610636	0.041847	0.622007	0.034675	0.633686	0.027877	0.645682	0.021563	0.657998	0.015865	0.670640	0.010941	0.683613	0.006982	0.696925	0.004215	0.710578	0.002917	0.724581	0.003421	0.738937
991.832280	0.127054	0.512683	0.119529	0.521271	0.111888	0.530110	0.104148	0.539211	0.096325	0.548575	0.088444	0.558209	0.080531	0.568119	0.072616	0.578310	0.064740	0.588788	0.056947	0.599557	0.049292	0.610625	0.041839	0.621997	0.034668	0.633677	0.027871	0.645672	0.021557	0.657988	0.015860	0.670630	0.010936	0.683604	0.006978	0.696916	0.004212	0.710570	0.002914	0.724573	0.003419	0.738930
992.185420	0.127044	0.512672	0.119519	0.521259	0.111878	0.530099	0.104138	0.539199	0.096316	0.548564	0.088435	0.558198	0.080522	0.568108	0.072607	0.578299	0.064731	0.588777	0.056939	0.599547	0.049284	0.610615	0.041832	0.621987	0.034661	0.633667	0.027865	0.645662	0.021551	0.657979	0.015854	0.670621	0.010932	0.683595	0.006974	0.696907	0.004208	0.710562	0.002912	0.724565	0.003417	0.738922
992.538510	0.127033	0.512660	0.119508	0.521247	0.111868	0.530088	0.104128	0.539188	0.096307	0.548553	0.088426	0.558187	0.080513	0.568097	0.072599	0.578288	0.064723	0.588766	0.056930	0.599536	0.049276	0.610604	0.041825	0.621977	0.034655	0.633657	0.027858	0.645652	0.021545	0.657970	0.015849	0.670612	0.010927	0.683587	0.006970	0.696899	0.004205	0.710554	0.002909	0.724557	0.003415	0.738914
992.891420	0.127023	0.512649	0.119498	0.521236	0.111859	0.530076	0.104119	0.539176	0.096298	0.548541	0.088417	0.558176	0.080504	0.568086	0.072591	0.578277	0.064715	0.588755	0.056922	0.599526	0.049268	0.610594	0.041818	0.621966	0.034648	0.633647	0.027852	0.645643	0.021540	0.657960	0.015844	0.670603	0.010922	0.683578	0.006965	0.696890	0.004202	0.710546	0.002907	0.724548	0.003414	0.738906
993.244320	0.127013	0.512637	0.119488	0.521224	0.111849	0.530065	0.104109	0.539165	0.096289	0.548530	0.088408	0.558165	0.080495	0.568075	0.072582	0.578267	0.064706	0.588745	0.056915	0.599516	0.049261	0.610584	0.041811	0.621956	0.034641	0.633637	0.027846	0.645633	0.021534	0.657950	0.015838	0.670594	0.010918	0.683569	0.006961	0.696881	0.004199	0.710537	0.002904	0.724541	0.003412	0.738899
993.597050	0.127003	0.512625	0.119478	0.521213	0.111839	0.530054	0.104100	0.539154	0.096279	0.548519	0.088398	0.558154	0.080486	0.568064	0.072574	0.578256	0.064698	0.588734	0.056907	0.599505	0.049254	0.610574	0.041803	0.621946	0.034635	0.633627	0.027839	0.645624	0.021528	0.657941	0.015833	0.670584	0.010913	0.683560	0.006957	0.696873	0.004196	0.710529	0.002902	0.724533	0.003410	0.738891
993.949710	0.126992	0.512614	0.119468	0.521202	0.111829	0.530043	0.104090	0.539143	0.096269	0.548508	0.088389	0.558143	0.080477	0.568054	0.072565	0.578246	0.064690	0.588724	0.056899	0.599494	0.049246	0.610563	0.041796	0.621935	0.034628	0.633617	0.027833	0.645614	0.021522	0.657931	0.015828	0.670575	0.010909	0.683551	0.006954	0.696864	0.004192	0.710520	0.002899	0.724525	0.003408	0.738883
994.302250	0.126982	0.512602	0.119458	0.521190	0.111819	0.530031	0.104081	0.539131	0.096260	0.548496	0.088380	0.558132	0.080468	0.568043	0.072556	0.578235	0.064682	0.588713	0.056891	0.599484	0.049238	0.610553	0.041789	0.621926	0.034621	0.633608	0.027826	0.645605	0.021516	0.657922	0.015822	0.670566	0.010904	0.683542	0.006950	0.696856	0.004189	0.710512	0.002897	0.724517	0.003406	0.738876
994.654660	0.126972	0.512590	0.119448	0.521178	0.111810	0.530019	0.104071	0.539120	0.096250	0.548485	0.088371	0.558121	0.080460	0.568032	0.072548	0.578224	0.064673	0.588702	0.056883	0.599474	0.049231	0.610543	0.041782	0.621916	0.034615	0.633598	0.027820	0.645595	0.021510	0.657913	0.015817	0.670557	0.010899	0.683533	0.006946	0.696847	0.004185	0.710503	0.002894	0.724509	0.003405	0.738868
995.007020	0.126962	0.512579	0.119438	0.521167	0.111800	0.530008	0.104061	0.539109	0.096241	0.548474	0.088362	0.558110	0.080451	0.568021	0.072539	0.578213	0.064665	0.588692	0.056875	0.599464	0.049223	0.610533	0.041775	0.621906	0.034608	0.633588	0.027814	0.645586	0.021505	0.657904	0.015812	0.670548	0.010895	0.683524	0.006942	0.696838	0.004182	0.710495	0.002892	0.724501	0.003403	0.738861
995.359190	0.126952	0.512568	0.119428	0.521155	0.111790	0.529996	0.104051	0.539098	0.096232	0.548463	0.088353	0.558098	0.080442	0.568010	0.072530	0.578202	0.064657	0.588681	0.056867	0.599453	0.049215	0.610523	0.041768	0.621896	0.034601	0.633578	0.027808	0.645576	0.021499	0.657894	0.015807	0.670539	0.010890	0.683515	0.006938	0.696829	0.004179	0.710487	0.002890	0.724493	0.003402	0.738853
995.711360	0.126941	0.512556	0.119418	0.521143	0.111780	0.529985	0.104042	0.539086	0.096223	0.548452	0.088343	0.558087	0.080433	0.567999	0.072522	0.578192	0.064649	0.588671	0.056859	0.599443	0.049208	0.610512	0.041761	0.621885	0.034594	0.633568	0.027802	0.645566	0.021494	0.657885	0.015802	0.670530	0.010886	0.683506	0.006934	0.696821	0.004176	0.710479	0.002887	0.724485	0.003400	0.738845
996.063350	0.126931	0.512545	0.119408	0.521132	0.111770	0.529974	0.104032	0.539075	0.096213	0.548441	0.088334	0.558076	0.080424	0.567988	0.072513	0.578181	0.064641	0.588660	0.056852	0.599432	0.049201	0.610502	0.041754	0.621875	0.034588	0.633558	0.027796	0.645556	0.021488	0.657875	0.015797	0.670520	0.010881	0.683497	0.006930	0.696812	0.004172	0.710471	0.002885	0.724477	0.003399	0.738838
996.415280	0.126921	0.512533	0.119398	0.521121	0.111760	0.529963	0.104023	0.539064	0.096204	0.548430	0.088326	0.558065	0.080416	0.567977	0.072505	0.578171	0.064633	0.588649	0.056843	0.599422	0.049193	0.610492	0.041747	0.621865	0.034581	0.633549	0.027790	0.645547	0.021482	0.657866	0.015792	0.670511	0.010877	0.683489	0.006926	0.696804	0.004169	0.710463	0.002882	0.724469	0.003397	0.738830
996.767090	0.126911	0.512522	0.119389	0.521109	0.111750	0.529951	0.104013	0.539052	0.096194	0.548418	0.088317	0.558055	0.080407	0.567966	0.072497	0.578160	0.064624	0.588639	0.056835	0.599412	0.049186	0.610482	0.041740	0.621855	0.034574	0.633539	0.027783	0.645537	0.021477	0.657857	0.015786	0.670502	0.010872	0.683480	0.006922	0.696796	0.004166	0.710454	0.002879	0.724461	0.003395	0.738823
997.118770	0.126901	0.512510	0.119379	0.521098	0.111741	0.529940	0.104004	0.539041	0.096185	0.548407	0.088308	0.558044	0.080398	0.567955	0.072488	0.578149	0.064616	0.588629	0.056827	0.599401	0.049179	0.610472	0.041733	0.621846	0.034568	0.633530	0.027777	0.645528	0.021471	0.657848	0.015781	0.670493	0.010867	0.683471	0.006918	0.696787	0.004163	0.710446	0.002876	0.724453	0.003393	0.738815
997.470400	0.126891	0.512499	0.119369	0.521087	0.111731	0.529929	0.103994	0.539030	0.096176	0.548396	0.088299	0.558034	0.080389	0.567945	0.072480	0.578138	0.064608	0.588618	0.056820	0.599391	0.049171	0.610461	0.041726	0.621836	0.034561	0.633520	0.027771	0.645518	0.021465	0.657838	0.015776	0.670484	0.010863	0.683462	0.006914	0.696779	0.004160	0.710438	0.002874	0.724446	0.003392	0.738808
997.821900	0.126881	0.512488	0.119359	0.521076	0.111722	0.529918	0.103985	0.539020	0.096167	0.548385	0.088290	0.558023	0.080380	0.567934	0.072471	0.578127	0.064599	0.588608	0.056812	0.599380	0.049164	0.610451	0.041719	0.621826	0.034554	0.633510	0.027765	0.645509	0.021460	0.657829	0.015772	0.670476	0.010858	0.683453	0.006910	0.696770	0.004157	0.710429	0.002871	0.724438	0.003390	0.738800
998.173280	0.126871	0.512476	0.119349	0.521064	0.111712	0.529906	0.103975	0.539008	0.096158	0.548375	0.088281	0.558012	0.080372	0.567924	0.072463	0.578117	0.064591	0.588598	0.056804	0.599370	0.049156	0.610441	0.041712	0.621816	0.034548	0.633500	0.027759	0.645499	0.021454	0.657819	0.015766	0.670467	0.010854	0.683445	0.006906	0.696762	0.004153	0.710421	0.002869	0.724430	0.003388	0.738792
998.524600	0.126861	0.512465	0.119339	0.521053	0.111702	0.529895	0.103966	0.538997	0.096148	0.548364	0.088272	0.558001	0.080363	0.567913	0.072454	0.578106	0.064583	0.588587	0.056796	0.599360	0.049148	0.610431	0.041705	0.621806	0.034541	0.633491	0.027753	0.645490	0.021449	0.657810	0.015761	0.670457	0.010849	0.683436	0.006902	0.696753	0.004150	0.710413	0.002866	0.724422	0.003386	0.738785
998.875730	0.126851	0.512453	0.119329	0.521042	0.111692	0.529884	0.103956	0.538986	0.096139	0.548353	0.088263	0.557990	0.080354	0.567902	0.072446	0.578096	0.064575	0.588577	0.056789	0.599350	0.049141	0.610422	0.041697	0.621796	0.034534	0.633481	0.027746	0.645480	0.021443	0.657801	0.015756	0.670448	0.010845	0.683428	0.006898	0.696745	0.004147	0.710405	0.002864	0.724414	0.003385	0.738778
999.226810	0.126841	0.512442	0.119320	0.521031	0.111683	0.529873	0.103947	0.538975	0.096130	0.548342	0.088254	0.557979	0.080345	0.567891	0.072438	0.578085	0.064567	0.588566	0.056781	0.599339	0.049133	0.610412	0.041690	0.621787	0.034528	0.633472	0.027740	0.645471	0.021437	0.657792	0.015751	0.670439	0.010840	0.683419	0.006894	0.696737	0.004144	0.710397	0.002861	0.724406	0.003383	0.738770
999.577820	0.126831	0.512431	0.119310	0.521020	0.111673	0.529862	0.103937	0.538964	0.096121	0.548331	0.088245	0.557968	0.080336	0.567881	0.072429	0.578075	0.064559	0.588556	0.056773	0.599329	0.049126	0.610401	0.041683	0.621777	0.034522	0.633462	0.027734	0.645461	0.021432	0.657783	0.015746	0.670431	0.010835	0.683411	0.006891	0.696728	0.004140	0.710389	0.002859	0.724398	0.003381	0.738763
999.928710	0.126821	0.512419	0.119300	0.521008	0.111664	0.529850	0.103928	0.538953	0.096112	0.548320	0.088236	0.557957	0.080328	0.567870	0.072421	0.578064	0.064551	0.588545	0.056766	0.599319	0.049118	0.610391	0.041676	0.621767	0.034515	0.633452	0.027728	0.645452	0.021426	0.657774	0.015741	0.670422	0.010831	0.683402	0.006887	0.696720	0.004137	0.710381	0.002856	0.724391	0.003379	0.738756
