400.248140	33.905174	153.311026	33.052286	157.875828	32.220107	163.282176	31.410894	169.556427	30.646077	176.723108	29.966977	184.783851	29.433256	193.689824	29.116721	203.311814	29.089246	213.419920	29.406773	223.689548	30.095561	233.743147	31.147962	243.215385	32.530721	251.811668	34.201889	259.335730	36.129140	265.684711	38.304269	-89.173512	40.752713	-85.223915	43.539559	-82.419492	46.773627	-80.682621	50.608745	-79.887064	55.235659	-79.804342
400.746060	33.779178	154.680694	32.943624	159.392426	32.127673	164.939878	31.337364	171.349626	30.597779	178.642383	29.953476	186.811081	29.466263	195.793107	29.208101	205.441878	29.248387	215.510848	29.638311	225.665698	30.398782	235.530557	31.518605	244.752383	32.964617	253.053596	34.699126	260.253132	36.697766	266.257620	38.963419	-88.961766	41.535664	-85.391307	44.497357	-82.987610	47.979409	-81.675843	52.161444	-81.326319	57.258440	-81.687200
401.243900	33.660606	156.065568	32.841668	160.919648	32.041947	166.603849	31.271164	173.144196	30.557923	180.556786	29.949807	188.825115	29.510447	197.872340	29.311571	207.534789	29.419816	217.550506	29.881652	227.577329	30.713111	237.242693	31.900264	246.206295	33.410963	254.206757	35.212668	261.076624	37.289866	266.730289	39.657586	-88.859264	42.371001	-85.681013	45.532649	-83.696577	49.297570	-82.835740	53.871808	-82.968211	59.489758	-83.822754
401.741610	33.549770	157.466137	32.746702	162.457783	31.963210	168.274188	31.212597	174.940026	30.526857	182.465940	29.956372	190.825228	29.566257	199.926351	29.427612	209.588837	29.604017	219.536615	30.137255	229.421635	31.038972	238.876328	32.293351	247.573600	33.870225	255.267429	35.743133	261.802304	37.906340	267.098589	40.388131	-88.870466	43.260776	-86.097986	46.648492	-84.552061	50.732563	-84.168992	55.746099	-84.820840	61.937896	-86.221093
402.239230	33.445420	158.878130	32.657786	164.003177	31.890728	169.947550	31.161031	176.733867	30.503938	184.366594	29.972406	192.808224	29.632722	201.952320	29.555032	211.602148	29.799701	221.468876	30.404015	231.200247	31.375809	240.434798	32.698213	248.858605	34.343953	256.239906	36.293558	262.433528	38.552080	267.364160	41.162358	-88.996342	44.215465	-86.647049	47.859229	-85.565220	52.302142	-85.698985	57.800881	-0.813055	64.603761	-2.889368
402.736760	33.348069	160.302478	32.575403	165.556432	31.824999	171.624201	31.117022	178.525585	30.489815	186.258098	29.998663	194.772767	29.710691	203.948043	29.694738	213.571506	30.007787	223.343025	30.682824	232.907955	31.724503	241.912137	33.115795	250.054770	34.833309	257.117173	36.865542	262.962776	39.229430	267.518818	41.983760	-89.246033	45.240254	-87.338736	49.172438	-86.748634	54.017054	-87.441422	60.050571	175.899400	67.504743	173.006281
403.234160	33.256486	161.735400	32.498604	167.114424	31.765235	173.301443	31.079829	180.312787	30.483678	188.138360	30.034172	196.717271	29.798976	205.912881	29.845382	215.497808	30.226955	225.161988	30.972700	234.549771	32.084739	243.314946	33.546736	251.169407	35.340095	257.906293	37.462270	263.396001	39.943253	267.566575	42.859296	-5.320913	46.344563	-88.177062	50.599474	-3.818800	55.886749	-5.137379	62.490086	267.871309	70.591388	263.714486
403.731480	33.171372	163.178149	32.428068	168.677943	31.712167	174.979572	31.050291	182.095151	30.486517	190.006239	30.080082	198.639514	29.898865	207.843274	30.008336	217.375984	30.458605	226.919182	31.275050	236.117760	32.457991	244.634191	33.992746	252.192580	35.866537	258.596467	38.086883	263.721380	40.698157	267.494211	43.795782	173.203778	47.538376	-89.180277	52.154608	173.641292	57.930623	171.621814	65.143235	264.631292	73.887074	258.708412
404.228670	33.091407	164.626832	32.362705	170.243779	31.664796	176.655887	31.027374	183.870441	30.497151	191.860124	30.134982	200.538868	30.008713	209.740116	30.181828	219.209060	30.701073	228.620088	31.588620	237.619700	32.843698	245.879281	34.454142	253.134396	36.413944	259.197605	38.741780	263.947867	41.497748	267.308864	44.798066	269.226288	48.827135	-8.030324	53.840697	268.505060	60.138581	265.654129	67.959633	260.641618	77.214491	250.694266
404.725770	33.017477	166.082664	32.303405	171.812531	31.624105	178.330285	31.012228	185.637651	30.516936	193.697814	30.200443	202.411594	30.130263	211.597817	30.367710	220.989430	30.956267	230.255142	31.915398	239.044304	33.244073	247.037487	34.933656	253.980837	36.986031	259.694310	39.432305	264.058307	42.349891	266.990879	45.877707	268.424023	50.227499	169.557054	55.680707	266.433406	62.539410	262.597680	70.968000	255.771530	80.579572	239.148387
405.222780	32.948221	167.542291	32.248983	173.381614	31.588935	180.000855	31.003586	187.395644	30.544396	195.519212	30.274721	204.259119	30.261543	213.419940	30.563940	222.723287	31.222332	231.833321	32.253983	240.402937	33.658351	248.121751	35.431234	254.745550	37.583417	260.100143	40.159654	264.065420	43.256130	266.551147	47.035835	267.470808	51.737580	266.709058	57.661689	264.052439	65.087054	258.935271	74.021179	248.959047	82.991859	215.212672
405.719670	32.884718	169.006561	32.200564	174.951075	31.560558	181.666682	31.002949	189.142265	30.581297	197.320529	30.359846	206.075600	30.404794	215.198253	30.772900	224.399881	31.501767	233.341490	32.607087	241.680372	34.089729	249.115016	35.951027	255.409691	38.211922	260.394155	40.932300	263.945399	44.228914	265.961620	48.290515	266.331879	53.382632	264.889529	59.816090	261.290929	67.815295	254.527344	77.129441	239.756718	84.231760	176.032635
406.216430	32.825618	170.472314	32.156898	176.518604	31.537670	183.326338	31.008823	190.877165	30.625859	199.102921	30.453720	207.864292	30.557679	216.938748	30.992204	226.028366	31.792375	234.791900	32.972894	242.891424	34.536835	250.033847	36.492001	255.990746	38.870589	260.594103	41.748915	263.715614	45.265643	265.237898	49.635631	265.016858	55.146890	262.810130	62.102024	258.056689	70.608705	248.858756	79.795364	224.480594	83.699184	144.078980
406.713130	32.772205	171.940306	32.119374	178.083971	31.521885	184.978364	31.023129	192.597266	30.680349	200.861198	30.558943	209.617392	30.723074	218.630655	31.224949	227.594916	32.097513	236.167845	33.355228	244.016791	35.004403	250.856507	37.060518	256.464352	39.568452	260.672303	42.622640	263.343665	46.385391	264.340267	51.098132	263.473553	57.065877	260.393810	64.558761	254.209674	73.487099	241.556692	81.889149	201.337092	80.871577	121.474719
407.209720	32.722663	173.408244	32.086185	179.645923	31.511240	186.622680	31.043617	194.304017	30.742156	202.598896	30.672555	211.341223	30.897789	220.283684	31.467922	229.112900	32.414149	237.486120	33.751333	245.076037	35.489848	251.604544	37.653850	256.853388	40.302064	260.652481	43.548320	262.853440	47.579317	263.290735	52.660818	261.714341	59.102255	257.611969	67.097313	249.523626	76.171522	231.174996	82.572765	175.973109	77.838663	105.470002
407.706180	32.678411	174.876171	32.058921	181.203269	31.507621	188.256523	31.072558	195.992583	30.813970	204.308530	30.797641	213.025109	31.085254	221.883627	31.724889	230.564547	32.746519	238.725603	34.166282	246.044928	35.999755	252.250587	38.281133	257.126814	41.084584	260.498640	44.545072	262.201488	48.874706	262.033480	54.360541	259.659869	61.299217	254.330270	69.747828	243.690252	78.590855	216.582370	81.328411	147.572221	74.524928	98.487594
408.202550	32.637887	176.342406	32.035956	182.755549	31.509167	189.880918	31.107727	197.665963	30.893139	205.995744	30.931156	214.678054	31.282163	223.443419	31.992456	231.966858	33.091243	239.907014	34.596634	246.947225	36.530287	252.820786	38.937480	257.312736	41.908999	260.240573	45.601884	261.418573	50.252813	260.596804	56.162386	257.321186	63.585067	250.472896	72.334190	236.158788	80.167834	197.952547	79.395861	125.961610	71.337408	92.807474
408.698820	32.602766	177.806280	32.019220	184.300577	31.518200	191.491713	31.151927	199.317422	30.982978	207.650550	31.076904	216.286236	31.492778	224.945087	32.275408	233.297713	33.453903	241.004289	35.049347	247.753013	37.090760	253.281041	39.636013	257.371786	42.794214	259.831357	46.745853	260.445706	51.750946	258.899872	58.112423	254.570240	65.999952	245.780525	74.827687	226.164546	80.523453	173.467443	76.465274	114.195912	68.332713	89.015389
409.194980	32.571139	179.267247	32.006631	185.839312	31.532293	193.091768	31.202267	200.952354	31.080092	209.281649	31.231045	217.862430	31.712951	226.405951	32.569406	234.578978	33.829947	242.043389	35.519375	248.491758	37.674993	253.663870	40.368334	257.339421	43.727838	259.309412	47.957466	259.323423	53.336293	256.979701	60.151004	251.412064	68.421863	240.079406	76.898638	213.238906	79.930525	151.828673	73.515987	104.855353	65.497282	85.680664
409.691040	32.544902	180.723931	32.000440	187.368548	31.554200	194.675464	31.262097	202.561998	31.188454	210.876375	31.398169	219.389456	31.947913	227.804018	32.880502	235.783855	34.226711	242.992811	36.016203	249.127093	38.295993	253.927205	41.152927	257.165903	44.736338	258.613342	49.273695	257.970278	55.056520	254.714572	62.326586	247.624672	70.854965	232.819956	78.317464	195.785316	77.872943	134.581649	70.537413	99.257939	62.922799	83.051643
410.186980	32.521997	182.176471	31.998298	188.890219	31.581106	196.247080	31.328019	204.153749	31.304062	212.446129	31.573727	220.883487	32.192665	229.160641	33.203261	236.938800	34.638111	243.883706	36.532527	249.694444	38.944179	254.110692	41.976221	256.895473	45.799383	257.792520	50.662612	256.439968	56.858866	252.153470	64.545699	243.201500	73.103115	223.804552	78.922265	177.572357	75.547976	120.678573	67.677351	94.456167	60.507751	80.658760
410.682830	32.504589	183.622484	32.002845	190.399725	31.616274	197.799085	31.404019	205.716294	31.431662	213.974982	31.763254	222.323348	32.453639	230.449105	33.545355	238.011525	35.073773	244.678128	37.081161	250.149634	39.637407	254.162339	42.863615	256.464918	46.952749	256.765472	52.171891	254.616704	58.797236	249.102959	66.837195	237.727266	75.046275	211.886924	78.182697	158.101195	72.780871	112.295559	65.012409	90.967486	58.355506	78.655378
411.178590	32.490520	185.063481	32.011511	191.900756	31.656549	199.338050	31.486248	207.259984	31.566685	215.478007	31.961506	223.729590	32.724940	231.695767	33.900091	239.034075	35.525739	245.413501	37.651923	250.535359	40.361671	254.130523	43.794765	255.929417	48.165735	255.595603	53.753748	252.571869	60.794808	245.630036	69.068876	231.215421	76.482895	198.179935	76.910454	141.295079	70.041978	105.206582	62.485387	87.838080	56.336034	76.804994
411.674220	32.482377	186.495662	32.027491	193.386829	31.705894	200.853958	31.579537	208.770296	31.714896	216.935274	32.175258	225.076237	33.014591	232.868298	34.277289	239.967617	36.006675	246.044095	38.261997	250.797792	41.141073	253.950545	44.803644	255.207587	49.484633	254.172134	55.464541	250.133582	62.897592	241.407047	71.194509	222.861239	77.020404	181.295685	74.692540	129.218889	67.353003	100.414325	60.203047	85.346264	54.552135	75.226095
412.169770	32.477359	187.921862	32.047414	194.863427	31.760190	202.355814	31.678915	210.260803	31.870444	218.365945	32.397788	226.388776	33.314907	233.998805	34.667960	240.850840	36.505474	246.615110	38.896728	250.989033	41.955117	253.682681	45.860429	254.370303	50.864999	252.580127	57.237287	247.404090	65.004261	236.551252	73.065965	213.074570	76.950579	165.042265	72.354852	118.961373	64.765835	96.167428	58.045488	83.059201	52.872445	73.759067
412.665190	32.478336	189.336654	32.074902	196.321921	31.823985	203.830788	31.789978	211.713393	32.040075	219.745669	32.637165	227.635952	33.635696	235.048760	35.084493	241.637588	37.038563	247.071871	39.578785	251.043726	42.835646	253.246225	47.009156	253.311526	52.363336	250.664767	59.128950	244.115900	67.118482	230.481420	74.449963	200.539732	75.715801	149.998093	69.787311	112.191837	62.373826	92.966407	56.127174	81.164773	51.392562	72.506551
413.160520	32.482406	190.744846	32.106342	197.770302	31.892768	205.291070	31.907207	213.145615	32.217202	221.098400	32.885658	228.848850	33.967822	236.056675	35.515693	242.373845	37.591450	247.468167	40.288330	251.024598	43.754366	252.715382	48.208593	252.121622	53.919524	248.540730	61.054271	240.423096	69.129430	223.488718	75.371365	187.228930	74.174277	136.756608	67.259234	106.236349	60.091071	90.046896	54.310442	79.406456	49.991102	71.341353
413.655730	32.492926	192.139468	32.146027	199.197794	31.971961	206.720920	32.037305	214.535567	32.409982	222.395040	33.153191	229.990449	34.323628	236.977079	35.977532	243.004933	38.185692	247.738456	41.055282	250.851559	44.752836	251.987680	49.513920	250.658170	55.596542	245.981334	63.050027	235.886207	70.925337	214.570971	75.328422	172.298502	71.993010	127.271734	64.813094	101.977261	58.035787	87.713910	52.705253	77.931677	48.752956	70.358043
414.150880	32.506552	193.526726	32.189701	200.614393	32.056200	208.135330	32.173661	215.904511	32.610438	223.664242	33.430206	231.097543	34.691468	237.855304	36.455246	243.585156	38.801601	247.946984	41.852240	250.601153	45.791952	251.156711	50.869288	249.041140	57.317401	243.152443	65.021787	230.778697	72.457519	204.665427	74.866546	158.217124	69.752270	118.900853	62.449567	98.114393	56.076500	85.551956	51.178668	76.556351	47.572599	69.445145
414.645870	32.527261	194.897125	32.242475	202.006084	32.151945	209.514460	32.324282	217.225476	32.828389	224.870811	33.728832	232.125893	35.086738	238.637291	36.969143	244.049345	39.466903	248.014644	42.717596	250.174306	46.923723	250.090257	52.338723	247.073914	59.138170	239.709039	66.938725	224.369991	73.388144	192.507447	73.449212	146.072860	67.375991	113.071088	60.274569	95.155383	54.336252	83.780182	49.831432	75.407918	46.524096	68.692879
415.140780	32.551092	196.259838	32.299284	203.386578	32.252808	210.877903	32.481287	218.525313	33.054260	226.050006	34.037407	233.119946	35.494874	239.377263	37.500258	244.462333	40.155800	248.018855	43.615178	249.665183	48.097096	248.907827	53.852342	244.919693	60.973245	235.905522	68.736159	217.228359	73.948746	180.120810	71.842937	135.109732	65.036825	107.796626	58.183765	92.417512	52.672724	82.124037	48.542639	74.335668	45.517125	67.997920
415.635590	32.582780	197.603502	32.366250	204.739196	32.366561	212.202178	32.654375	219.772289	33.300089	227.160610	34.371062	234.027963	35.935446	240.011737	38.074775	244.746659	40.904170	247.863525	44.593977	248.949069	49.375317	247.433521	55.477374	242.294820	62.844670	231.195699	70.233458	208.242276	73.579013	167.156669	69.761225	127.114412	62.790500	103.917434	56.304247	90.235152	51.201775	80.758311	47.400545	73.454767	44.614382	67.446921
416.130310	32.617490	198.939032	32.437160	206.080217	32.485359	213.510475	32.833823	220.998028	33.553928	228.243955	34.714977	234.901970	36.389538	240.604411	38.667603	244.979418	41.677575	247.642698	45.606031	248.144420	50.692843	245.826045	57.131757	239.435955	64.678069	226.014325	71.497603	198.639188	72.923946	154.899975	67.646891	119.849535	60.608191	100.332233	54.497161	88.191472	49.789447	79.476417	46.301078	72.633792	43.741118	66.942749
416.624910	32.660655	200.252180	32.519112	207.389176	32.618292	214.774453	33.031094	222.164726	33.830225	229.251388	35.087662	235.681137	36.881545	241.080400	39.311771	245.068095	42.521165	247.238730	46.711315	247.092074	52.120589	243.845886	58.868627	235.922255	66.405664	219.513447	72.110348	187.308836	71.471115	144.617546	65.440804	114.624530	58.604242	97.567869	52.892066	86.534899	48.540608	78.428516	45.320476	71.980109	42.950029	66.569339
417.119380	32.706823	201.556934	32.604997	208.686349	32.756279	216.022397	33.234785	223.310327	34.114714	230.231918	35.470997	236.426753	37.387758	241.514870	39.975230	245.104644	43.390727	246.766429	47.849267	245.942508	53.580635	241.708353	60.607504	232.111847	68.019891	212.479170	72.447594	175.971702	69.895524	135.115119	63.265004	109.791447	56.663637	94.975365	51.344128	84.972834	47.334952	77.443971	44.370252	71.374219	42.179407	66.234258
417.613800	32.762458	202.836273	32.703302	209.947445	32.910236	217.220884	33.458789	224.390498	34.425135	231.128658	35.888057	237.067531	37.938957	241.819250	40.699761	244.977493	44.342491	246.079163	49.090649	244.486754	55.143185	239.074979	62.353946	227.366770	69.279223	203.764474	71.919786	164.605051	67.933223	128.055670	61.182753	106.185827	54.920575	92.920764	49.974589	83.706471	46.264055	76.657698	43.514748	70.917999	41.472513	66.019318
418.108060	32.821107	204.106946	32.805545	211.196591	33.069255	218.403347	33.689258	225.449816	34.743882	231.998963	36.316056	237.675333	38.504833	242.082423	41.444091	244.797479	45.320032	245.319896	50.361275	242.922294	56.723905	236.252482	64.059540	222.262828	70.353164	194.685120	71.197955	153.750816	65.950933	121.489501	59.148060	102.798742	53.230935	90.975868	48.648091	82.508196	45.224268	75.920440	42.680557	70.500118	40.779578	65.835716
418.602260	32.890581	205.347973	32.921960	212.404333	33.246518	219.529791	33.943060	226.435735	35.092703	232.775735	36.783580	238.165958	39.123733	242.198658	42.259920	244.428427	46.390673	244.302629	51.737686	240.967875	58.371168	232.751449	65.620982	215.871612	70.765933	184.293678	69.782254	144.715876	63.895184	116.678705	57.281156	100.188835	51.730386	89.420865	47.473976	81.551917	44.294540	75.357519	41.921638	70.218764	40.135795	65.763874
419.096340	32.962962	206.580621	33.042201	213.600567	33.428744	220.640867	34.203276	227.401704	35.449899	233.527183	37.262232	238.624736	39.757599	242.274392	43.095602	244.005789	47.485675	243.208712	53.136614	238.889828	60.014407	229.024339	67.089029	209.118393	70.984523	173.955939	68.284321	136.190668	61.861221	112.143190	55.459711	97.708439	50.270880	87.939589	46.330770	80.645657	43.386407	74.832451	41.177083	69.967839	39.501012	65.717329
419.590300	33.047392	207.779629	33.178327	214.750221	33.631584	221.689371	34.490154	228.286085	35.841921	234.174699	37.787166	238.952439	40.453700	242.183056	44.013842	243.361702	48.682036	241.797667	54.629515	236.300051	61.642293	224.361491	68.172800	200.866248	70.401993	163.831952	66.445919	129.762397	59.915608	108.740179	53.824472	95.760585	48.979634	86.761425	45.314238	79.945117	42.566695	74.463179	40.491235	69.842291	38.902886	65.775136
420.084200	33.134681	208.970682	33.318216	215.888976	33.839318	222.723357	34.783397	229.151627	36.242315	234.798194	38.323261	239.249579	41.164680	242.051968	44.951123	242.662995	49.899299	240.304085	56.133497	233.568950	63.235546	219.446258	69.123248	192.402263	69.690157	154.042525	64.593095	123.659454	58.002307	105.492665	52.226105	93.894238	47.718147	85.634751	44.319134	79.281871	41.761522	74.123193	39.814723	69.740822	38.310228	65.853288
420.577940	33.235899	210.123365	33.476440	216.975029	34.070905	223.687007	35.107675	229.925769	36.683533	235.305028	38.913781	239.398147	41.948218	241.727507	45.981266	241.698448	51.218552	238.408676	57.691771	230.149776	64.660786	213.302210	69.425515	182.905709	68.349237	145.877658	62.669641	119.137159	56.245641	103.000561	50.806640	92.423814	46.601061	84.758203	43.427981	78.799834	41.026847	73.925554	39.183436	69.756436	37.744012	66.030413
421.071620	33.339787	211.268495	33.638189	218.050846	34.307103	224.637133	35.438001	230.682428	37.132760	235.789511	39.514976	239.517919	42.745723	241.364618	47.028176	240.678811	52.552439	236.425162	59.244600	226.574891	66.018962	206.931517	69.600677	173.458878	66.953976	138.029171	60.759738	114.798804	54.519126	100.599821	49.414676	91.006683	45.504716	83.918107	42.551271	78.345463	40.301694	73.750235	38.557992	69.790733	37.180875	66.223537
421.565160	33.459448	212.369629	33.820770	219.066829	34.570564	225.508006	35.804090	231.336420	37.629361	236.142541	40.179311	239.468118	43.625849	240.775210	48.174306	239.334212	53.973108	233.921804	60.766022	222.081219	66.982677	199.222982	69.027190	164.300862	65.238007	132.040969	58.928841	111.542100	52.969479	98.736232	48.184110	89.902871	44.530070	83.292367	41.759268	78.053863	39.632321	73.706322	37.966691	69.935099	36.635635	66.510984
422.058620	33.581522	213.463970	34.006551	220.073659	34.838239	226.366822	36.175746	231.974810	38.133364	236.475460	40.853431	239.391917	44.518320	240.149382	49.333615	237.934775	55.399777	231.326359	62.263087	217.431781	67.862151	191.399265	68.374124	155.337393	63.511771	126.251647	57.117790	108.386868	51.443118	96.927581	46.972471	88.834157	43.569061	82.692118	40.976481	77.782312	38.968802	73.678964	37.378724	70.093562	36.091800	66.810677
422.551970	33.721609	214.509012	34.216242	221.013604	35.137426	227.137087	36.589047	232.498136	38.692743	236.659578	41.600764	239.119880	45.503214	239.252874	50.591780	236.127336	56.872325	228.045539	63.581008	211.622776	68.117822	182.713802	67.130330	147.807723	61.707703	121.931368	55.452134	105.980978	50.087940	95.524526	45.899992	88.024642	42.708227	82.280295	40.261272	77.659170	38.348040	73.774324	36.814903	70.356715	35.557861	67.201459
423.045230	33.863795	215.548221	34.428712	221.945744	35.440280	227.897117	37.007197	233.008194	39.258537	236.826412	42.356392	238.824634	46.497883	238.323108	51.858099	234.267335	58.340691	224.674895	64.859378	205.691960	68.301980	174.056346	65.854407	140.448954	59.910392	117.718303	53.803611	103.630774	48.748688	94.154526	44.839598	87.237839	41.855821	81.885733	39.551602	77.549994	37.730643	73.881451	36.252801	70.630057	35.024349	67.601217
423.538360	34.026990	216.531283	34.669035	222.802054	35.779895	228.556984	37.473997	233.387666	39.888716	236.822379	43.195309	238.299133	47.590880	237.062607	53.207119	231.884050	59.769912	220.409685	65.748116	198.545917	67.778364	165.662820	64.258404	134.770946	58.177225	114.560284	52.322191	101.828301	47.565062	93.109692	43.897223	86.674708	41.085531	81.661468	38.895688	77.578934	37.145620	74.105246	35.706842	71.004698	34.494232	68.090464
424.031400	34.191787	217.509826	34.911487	223.652375	36.122330	229.209026	37.944531	233.756965	40.523788	236.804921	44.040318	237.755104	48.690220	235.774420	54.558643	229.455270	61.186542	216.071027	66.596162	191.348989	67.215966	157.356388	62.656359	129.189179	56.453481	111.454424	50.852313	100.054809	46.390942	92.083496	42.961740	86.125111	40.319917	81.447841	38.242752	77.616675	36.562296	74.336584	35.161597	71.385965	33.964034	68.585620
424.524320	34.380528	218.424348	35.185814	224.416741	36.507029	229.747676	38.471086	233.977679	41.232321	236.590118	44.976899	236.937457	49.885438	234.076209	55.950256	226.352017	62.421580	210.642431	66.848290	183.386732	66.082267	150.309601	60.961625	125.008121	54.864014	109.107499	49.548464	98.702870	45.353637	91.328724	42.125248	85.773070	39.621156	81.390035	37.632002	77.783849	36.002534	74.679317	34.625510	71.865542	33.431344	69.168808
425.017150	34.570244	219.336105	35.461434	225.177471	36.893440	230.281591	38.999895	234.192203	41.943739	236.366998	45.916824	236.107956	51.083330	232.359543	57.340137	223.218211	63.642872	205.174417	67.076038	175.432848	64.936843	143.319542	59.268871	120.865562	53.280546	106.781364	48.250331	97.363418	44.320718	90.582529	41.291838	85.427527	38.924439	81.337475	37.022511	77.955448	35.443432	75.025907	34.089613	72.348559	32.898453	69.755102
425.509890	34.787908	220.175626	35.774269	225.841102	37.329202	230.686806	39.593762	234.236118	42.738618	235.912189	46.954081	234.945736	52.361219	230.122830	58.688757	219.222006	64.489004	198.586779	66.628966	167.672291	63.460730	137.868230	57.622773	117.770204	51.855680	105.020274	47.104344	96.363642	43.404354	90.070534	40.539814	85.260440	38.280985	81.430116	36.444933	78.250591	34.899927	75.481110	33.556365	72.929297	32.357372	70.430398
426.002500	35.005679	221.014506	36.087241	226.503994	37.765140	231.091164	40.187852	234.279014	43.533756	235.456095	47.991549	233.781728	53.638968	227.883332	60.036128	215.221593	65.332030	191.997160	66.179128	159.919311	61.984412	132.425241	55.977722	114.679621	50.432008	103.261896	45.959348	95.365583	42.488735	89.559733	39.788330	85.094235	37.637915	81.523432	35.867627	78.546264	34.356610	75.936739	33.023242	73.510381	31.816365	71.105978
426.495030	35.255755	221.771075	36.443244	227.056331	38.258029	231.348349	40.856154	234.124174	44.420543	234.724635	49.123842	232.207445	54.955501	224.982488	61.208303	210.190356	65.609754	184.679674	65.164198	153.251442	60.391797	128.332720	54.452815	112.365246	49.168936	101.944106	44.949428	94.652611	41.671663	89.256524	39.103651	85.092055	37.037062	81.753730	35.313861	78.961059	33.822304	76.499203	32.487266	74.189376	31.262216	71.872122
426.987430	35.505764	222.527444	36.799153	227.608524	38.750788	231.605466	41.524280	233.969376	45.307095	233.993369	50.255835	230.633577	56.271686	222.082410	62.380169	205.160447	65.887405	177.364120	64.149536	146.585334	58.799603	124.241279	52.928311	110.051482	47.906197	100.626665	43.939775	93.939827	40.854807	88.953394	38.419154	85.089877	36.436367	81.983967	34.760242	79.375744	33.288138	77.061519	31.951431	74.868192	30.708214	72.638063
427.479740	35.791196	223.194705	37.202220	228.040892	39.305613	231.701798	42.271564	233.594741	46.285214	232.946740	51.462490	228.572892	57.550834	218.396345	63.215141	199.135771	65.549772	170.142321	62.802433	141.266265	57.232176	121.150968	51.547018	108.297844	46.786504	99.649075	43.041343	93.461282	40.116214	88.828521	37.786173	85.232917	35.866762	82.338443	34.222060	79.900826	32.756953	77.724891	31.408081	75.641410	30.137269	73.492743
427.971950	36.077499	223.859500	37.606442	228.470036	39.861953	231.793900	43.020773	233.214423	47.265537	231.892059	52.670861	226.499866	58.828759	214.690425	64.041125	193.086236	65.196090	162.924410	61.446890	135.983532	55.665709	118.087491	50.169751	106.559224	45.670780	98.680581	42.146002	92.988967	39.379818	88.708341	37.154667	85.379733	35.298086	82.696102	33.684389	80.428696	32.225951	78.390779	30.864641	76.416947	29.565994	74.349578
428.464050	36.402363	224.428476	38.061725	228.769929	40.484547	231.710716	43.851251	232.589249	48.329436	230.474961	53.914192	223.853706	59.960466	210.115544	64.391567	186.397711	64.338123	156.525815	59.962259	131.873965	54.193269	115.740749	48.932416	105.235435	44.675990	97.981075	41.340036	92.712062	38.704582	88.742387	36.562256	85.655649	34.751698	83.166815	33.155935	81.059287	31.693496	79.152778	30.310464	77.284153	28.975362	75.294151
428.956050	36.729495	224.991556	38.520006	229.061956	41.111025	231.616957	44.686482	231.949399	49.398182	229.036235	55.159400	221.173418	61.083125	205.489028	64.713211	179.671847	63.449851	150.177937	58.470111	127.836060	52.726790	113.437758	47.703771	103.936961	43.688696	97.297954	40.539624	92.447016	38.033171	88.785746	35.972320	85.939313	34.206760	83.644269	32.628138	81.695964	31.161054	79.920439	29.755743	78.156733	28.383673	76.243846
429.447940	37.098332	225.452113	39.033143	229.214621	41.807194	231.331141	45.601999	231.034146	50.532895	227.177286	56.377373	217.830015	61.930725	200.031273	64.514187	172.934992	62.247195	144.916080	56.978249	124.689648	51.378445	111.652299	46.599868	102.954978	42.800353	96.832592	39.809624	92.347294	37.408573	88.963834	35.411073	86.338758	33.676624	84.225619	32.104125	82.429324	30.623143	80.780708	29.187242	79.119617	27.770251	77.281669
429.939730	37.471193	225.902533	39.551567	229.353590	42.510071	231.026541	46.525224	230.092049	51.673873	225.277460	57.592453	214.422185	62.751195	194.492985	64.264134	166.198280	61.013925	139.761688	55.486685	121.631239	50.041929	109.917920	45.508400	102.004213	41.921876	96.388671	39.086663	92.263803	36.788680	89.155103	34.852742	86.749484	33.148036	84.817052	31.580579	83.172033	30.084794	81.649902	28.617492	80.091183	27.154808	78.327945
430.431400	37.888888	226.242584	40.128146	229.341203	43.284119	230.509528	47.521843	228.837112	52.848208	222.890904	58.692328	210.290713	63.182130	188.386492	63.569338	160.044783	59.640431	135.607166	54.063257	119.225357	48.824490	108.568418	44.523506	101.303137	41.123397	96.125466	38.419023	92.322613	36.204587	89.465625	34.315311	87.265236	32.628808	85.504991	31.057045	84.006735	29.538395	82.609363	28.032243	81.152876	26.516551	79.464107
430.922970	38.312772	226.567165	40.712748	229.307682	44.067975	229.962940	48.528543	227.538700	54.027003	220.436782	59.775930	206.058887	63.558595	182.201685	62.812552	153.973770	58.247588	131.592975	52.649584	116.911004	47.623886	107.272890	43.553661	100.637047	40.336224	95.887541	37.759222	92.401284	35.625593	89.792748	33.780889	87.795566	32.110976	86.206290	30.533603	84.854141	28.990964	83.581267	27.444929	82.226974	25.875215	80.612627
431.414460	38.784566	226.772342	41.357976	229.108505	44.921481	229.179045	49.593258	225.882235	55.187858	217.428854	60.639558	201.133029	63.498123	175.924951	61.759386	148.764653	56.833209	128.371187	51.331596	115.075548	46.532048	106.272474	42.672414	100.173321	39.613157	95.802520	37.142805	92.604257	35.073971	90.226830	33.261619	88.422459	31.598703	86.998584	30.007784	85.790561	28.434143	84.642875	26.841589	83.393087	25.211198	81.855371
431.905820	39.265150	226.955290	42.014316	228.878600	45.787727	228.351247	50.668502	224.159641	56.345108	214.318747	61.462119	196.079390	63.356493	169.632610	60.651406	143.716877	55.415160	125.297365	50.031691	113.329491	45.460671	105.327118	41.807833	99.747299	38.902169	95.745925	36.534592	92.830275	34.527563	90.680680	32.745287	89.067144	31.087582	87.807597	29.481648	86.743298	27.875709	85.720901	26.235412	84.576021	24.543122	83.115328
432.397090	39.796104	227.009691	42.732317	228.467358	46.718046	227.257381	51.776001	222.028936	57.415411	210.610284	61.971487	190.520237	62.826518	163.728381	59.395085	139.509188	54.041621	122.813887	48.831676	111.938771	44.482769	104.612197	41.014797	99.487165	38.241332	95.819408	35.959354	93.165188	34.001009	91.230707	32.238724	89.800916	30.578186	88.702777	28.950443	87.782615	27.306079	86.888591	25.612135	85.853537	23.851938	84.474909
432.888240	40.338892	227.033605	43.464793	228.013207	47.663369	226.100658	52.890925	219.801906	58.464885	206.760711	62.406502	184.842357	62.204585	157.917348	58.103850	135.501507	52.678910	120.470863	47.655583	110.632572	43.527224	103.952049	40.238883	99.266411	37.592517	95.923714	35.392048	93.525850	33.479267	91.803425	31.734579	90.555662	30.069301	89.618205	28.418143	88.842249	26.733910	88.077305	24.984928	87.153219	23.155414	85.857835
433.379300	40.933836	226.917547	44.257390	227.358273	48.660152	224.643575	53.997314	217.117371	59.344064	202.333344	62.481243	179.012515	61.307004	152.767608	56.771942	132.187656	51.390693	118.566256	46.572905	109.598593	42.650170	103.477679	39.520735	99.185128	36.983397	96.140910	34.850367	93.983534	32.972459	92.463994	31.237091	91.393877	29.560390	90.616567	27.880099	89.987618	26.150775	89.357552	24.341684	88.552686	22.437649	87.349737
433.870270	41.544065	226.760275	45.067592	226.644285	49.671963	223.098214	55.101047	214.298429	60.172970	197.736367	62.449859	173.138668	60.328351	147.813311	55.428227	129.078594	50.124585	116.791026	45.517880	108.644926	41.796347	103.058089	38.819694	99.144935	36.386046	96.391328	34.316303	94.469736	32.470114	93.150353	30.741627	92.256569	29.051537	91.639227	27.340431	91.158092	25.564485	90.664594	23.693800	89.981362	21.713719	88.873545
434.361110	42.207039	226.450306	45.933047	225.707102	50.714387	221.214832	56.141576	210.989184	60.754539	192.694679	62.083913	167.498152	59.196988	143.552521	54.107819	126.500388	48.940799	115.343219	44.544493	107.903604	41.006645	102.790342	38.164478	99.223033	35.819558	96.740366	33.801665	95.042978	31.978498	93.917630	30.250107	93.198276	28.541095	92.742668	26.794408	92.414641	24.967487	92.066584	23.030993	91.517385	20.970553	90.519599
434.851870	42.888909	226.085523	46.818285	224.689833	51.767734	219.210194	57.159338	207.504096	61.247250	187.493639	61.597850	161.941809	58.010864	139.541058	52.795872	124.112988	47.786655	114.013087	43.600488	107.238585	40.240021	102.577140	37.525762	99.343604	35.264192	97.124794	33.294037	95.647438	31.490768	94.713914	29.760036	94.168294	28.030116	93.875042	26.246138	93.702013	24.366682	93.502575	22.362873	93.091851	20.220529	92.209440
435.342500	43.622081	225.553758	47.748853	223.424371	52.820329	216.832157	58.049317	203.542132	61.448903	182.104398	60.860416	156.871584	56.768496	136.126066	51.538810	122.122526	46.711368	112.931735	42.725317	106.742460	39.525061	102.489747	36.923134	99.565373	34.732667	97.595893	32.800976	96.330365	31.010542	95.585057	29.271939	95.213424	27.516597	95.086466	25.691475	95.076295	23.756041	95.037836	21.681689	94.783194	19.454219	94.039123
435.833040	44.377380	224.949842	48.698952	222.051704	53.872526	214.292862	58.883993	199.374285	61.524718	176.634169	60.014364	152.011858	55.501899	132.969165	50.305563	120.303798	45.670247	111.958005	41.879963	106.319383	38.832485	102.456749	36.336150	99.830876	34.211485	98.104427	32.314245	97.047168	30.533594	96.488502	28.784729	96.290953	27.002017	96.331982	25.134087	96.488053	23.141188	96.615904	20.994904	96.524945	18.680922	95.929134
436.323490	45.179746	224.162711	49.677890	220.404250	54.881705	211.357653	59.528895	194.822497	61.319339	171.277525	59.016882	147.706761	54.240267	130.280879	49.138175	118.782431	44.699316	111.177143	41.091331	106.033068	38.181207	102.529340	35.777547	100.183776	33.708772	98.689742	31.838527	97.835245	30.061984	97.461762	28.298432	97.440513	26.484793	97.655622	24.571129	97.988600	22.518326	98.299320	20.298049	98.396563	17.895701	97.983923
436.813810	46.006258	223.281196	50.671539	218.615319	55.868519	208.218695	60.075784	190.073413	60.968930	165.980392	57.941449	143.688525	52.981411	127.834804	48.004963	117.414730	43.764762	110.495913	40.332095	105.817356	37.551346	102.656391	35.233680	100.581705	33.215673	99.314568	31.368570	98.659959	29.593210	98.470874	27.812691	98.627038	25.966294	99.019339	24.005394	99.534695	21.891438	100.036796	19.596117	100.334860	17.104463	100.123368
437.304050	46.872105	222.198227	51.670128	216.526299	56.762766	204.691752	60.393379	185.121789	60.395154	161.020120	56.798339	140.170408	51.759458	125.742874	46.936686	116.271928	42.889687	109.966647	39.618602	105.713844	36.954080	102.872959	34.711916	101.055836	32.736752	100.008134	30.906861	99.550233	29.128195	99.546018	27.327262	99.883743	25.445454	100.461600	23.435328	101.173203	21.258864	101.888437	18.887793	102.421132	16.306690	102.463653
437.794160	47.761888	220.992127	52.671576	214.253939	57.600203	200.927905	60.570571	180.047009	59.684748	156.266862	55.613992	136.958997	50.560294	123.868063	45.908332	115.266977	42.051163	109.530487	38.933227	105.679028	36.376864	103.144286	34.203766	101.576533	32.266589	100.743662	30.450276	100.480489	28.665558	100.661404	26.842106	101.183197	24.923267	101.951699	22.862705	102.868007	20.622913	103.809653	18.175674	104.597637	15.505048	104.926487
438.284180	48.678151	219.566874	53.646002	211.667228	58.296578	196.840386	60.518213	174.999056	58.829764	151.939060	54.419190	134.151342	49.411425	122.258666	44.938911	114.434560	41.261928	109.215631	38.284494	105.736915	35.825351	103.491658	33.712869	102.163561	31.807376	101.540475	29.999964	101.470666	28.205717	101.838776	26.357190	102.550443	24.399550	103.520111	22.287561	104.658337	19.984346	105.854124	17.461924	106.943140	14.703993	107.637422
438.774080	49.613482	217.983109	54.600756	208.853210	58.890743	192.518978	60.299664	169.971092	57.870198	147.919781	53.216952	131.636329	48.299099	120.841614	44.012265	113.727156	40.508466	108.988637	37.662364	105.861913	35.292510	103.894048	33.234518	102.798549	31.356143	102.381571	29.554244	102.504117	27.747951	103.060894	25.872503	103.966620	23.874783	105.145046	21.710656	106.517630	19.343956	107.987607	16.747073	109.410737	13.903452	110.527683
439.263890	50.557371	216.163834	55.491465	205.730947	59.310361	188.000161	59.889868	165.157883	56.837046	144.305137	52.035969	129.429713	47.238544	119.623817	43.135913	113.153791	39.794741	108.859586	37.069112	106.064233	34.779709	104.361655	32.769530	103.491923	30.913345	103.278042	29.113358	103.593200	27.292436	104.342218	25.388333	105.449494	23.349632	106.849530	21.133424	108.477538	18.704540	110.256756	16.036239	112.075471	13.112429	113.733106
439.753600	51.508540	214.143100	56.327324	202.345039	59.580584	183.312617	59.316424	160.528683	55.740969	141.036941	50.873233	127.487121	46.222343	118.576597	42.302642	112.695162	39.115054	108.814359	36.500602	106.332716	34.284083	104.885050	32.315999	104.235231	30.477786	104.221860	28.676628	104.729843	26.838868	105.674148	24.904629	106.989376	22.824177	108.622009	20.555936	110.523457	18.065987	112.641899	15.328875	114.908785	12.329588	117.208088
440.243190	52.444833	211.878417	57.062516	198.694339	59.670337	178.594817	58.611038	156.207718	54.622587	138.104723	49.746290	125.775348	45.253907	117.680241	41.510996	112.341763	38.467026	108.848692	35.954740	106.665806	33.804060	105.464302	31.872843	105.029759	30.048803	105.215474	28.243777	105.917826	26.387378	107.062218	24.422044	108.594365	22.299813	110.474642	19.980717	112.674538	17.432625	115.175358	14.632364	117.970987	11.567994	121.083433
440.732700	53.366140	209.366474	57.695818	194.775153	59.577318	173.845974	57.771964	152.198562	53.481520	135.512529	48.655500	124.297197	44.333764	116.936602	40.761441	112.094910	37.851004	108.963604	35.431767	107.064358	33.339800	106.100173	31.440157	105.876228	29.626443	106.259604	27.814815	107.157906	25.937955	108.507264	23.940551	110.265430	21.776509	112.408612	19.407745	114.932307	16.804466	117.859245	13.946785	121.265264	10.827855	125.364588
441.222080	54.245474	206.617774	58.201719	190.679240	59.327973	169.218449	56.859399	148.502141	52.348961	133.180339	47.604311	122.990898	43.454967	116.308175	40.045574	111.931249	37.259978	109.143317	34.926523	107.516855	32.887753	106.783753	31.015659	106.767449	29.209417	107.348284	27.389270	108.445085	25.490862	110.005195	23.461169	111.999590	21.256167	114.422718	18.840110	117.299022	16.186413	120.703565	13.280272	124.821356	10.124421	130.141141
441.711360	55.074415	203.583926	58.554406	186.370244	58.890532	164.736344	55.858317	145.181531	51.226506	131.160678	46.600642	121.891193	42.625811	115.818283	39.370153	111.867655	36.698955	109.401011	34.442549	108.034304	32.450348	107.524807	30.600962	107.712610	28.798759	108.490685	26.967786	109.789075	25.046521	111.566922	22.984271	113.809857	20.739330	116.533467	18.278832	119.797079	15.580447	123.741220	12.636619	128.692836	9.465065	135.514236
442.200560	55.835239	200.343220	58.772271	182.001222	58.339665	160.461334	54.827786	142.127343	50.127109	129.334268	45.633973	120.918996	41.830541	115.416661	38.721165	111.869995	36.157223	109.711586	33.972184	108.596929	32.022332	108.306822	30.192639	108.697177	28.392414	109.673333	26.549365	111.176731	24.604781	113.178972	22.510430	115.681763	20.227243	118.724687	17.725885	122.407864	14.989580	126.950515	12.020974	132.854740	8.861106	141.450357
442.689640	56.498064	196.804965	58.796180	177.545889	57.625631	156.484290	53.754901	139.456456	49.060892	127.785886	44.720541	120.130237	41.084025	115.142028	38.110210	111.967186	35.643247	110.098232	33.521399	109.224541	31.607827	109.147756	29.793489	109.738424	27.992277	110.913869	26.135354	112.627191	24.166791	114.863401	22.040990	117.642322	19.721995	121.031653	17.184928	125.180794	14.420443	130.406695	11.445629	137.434402	8.336848	148.196379
443.178620	57.073358	193.119159	58.699868	173.143364	56.843782	152.731583	52.680381	136.992753	48.022486	126.378756	43.839069	119.436202	40.364497	114.935107	37.519697	112.116481	35.144028	110.527732	33.081009	109.889608	31.200549	110.023420	29.399361	110.813851	27.595752	112.190149	25.724269	114.117365	23.731815	116.594710	21.575633	119.661711	19.223317	123.417308	16.655307	128.066584	13.871471	134.037959	10.907576	142.309006	7.886832	155.446634
443.667480	57.496699	189.176689	58.394752	168.832070	55.944066	149.368082	51.602904	134.888609	47.032266	125.216796	43.013008	118.906602	39.691761	114.845766	36.964622	112.356282	34.670384	111.031704	32.658626	110.619798	30.805776	110.959494	29.013911	111.948760	27.205457	113.528648	25.318219	115.676677	23.302027	118.407631	21.117318	121.783496	18.735996	125.939891	16.145314	131.148705	13.357460	137.973701	10.434232	147.696387	7.565707	163.573417
444.156250	57.826259	185.166897	57.999608	164.645901	55.013078	146.201433	50.538035	132.936988	46.068855	124.156898	42.213000	118.447184	39.039914	114.808146	36.425080	112.636951	34.207908	111.570063	32.244155	111.380691	30.416607	111.924652	28.632527	113.112930	26.818358	114.898435	24.915156	117.271535	22.875781	120.263428	20.664143	123.960190	18.256992	128.537224	15.649444	134.339124	12.868194	142.075311	10.005945	153.337052	7.328038	171.938460
444.644930	57.956386	181.013057	57.412859	160.725045	54.015369	143.452898	49.499768	131.309430	45.162277	123.313899	41.468249	118.136972	38.432371	114.880551	35.918471	113.004617	33.769099	112.181685	31.846433	112.207058	30.039278	112.951882	28.259714	114.339592	26.437978	116.335070	24.518362	118.942347	22.456985	122.210821	20.221811	126.254148	17.795582	131.294113	15.183515	137.760593	12.431465	146.530631	9.673418	159.517710	7.267857	180.812100
445.133480	58.002021	176.870610	56.770086	156.950260	53.010065	140.857018	48.479148	129.790154	44.278686	122.543757	40.743752	117.878289	37.840543	114.992018	35.423436	113.403900	33.338635	112.820487	31.454708	113.058201	29.666335	114.003084	27.890291	115.590895	26.060555	117.798613	24.124694	120.644348	22.042241	124.196518	19.785533	128.597860	17.343909	134.119163	14.733839	141.279478	12.022589	151.124613	9.389043	165.851952	7.281225	189.574326
445.621920	57.823033	172.756456	55.978045	153.562028	51.984083	138.665760	47.504959	128.558045	43.455785	121.966955	40.072756	117.756484	37.290216	115.207398	34.958939	113.887439	32.930155	113.531865	31.078744	113.975632	29.304875	115.118531	27.529701	116.908314	25.690812	119.334409	23.739151	122.430095	21.638074	126.285014	19.365142	131.074992	16.917904	137.126800	14.327161	145.059075	11.687573	156.089483	9.232560	172.597598	7.490151	198.044552
446.110290	57.580614	168.705752	55.158253	150.302967	50.962814	136.582948	46.547982	127.400057	42.650915	121.440926	39.416695	117.671629	36.751225	115.451535	34.502749	114.394791	32.527696	114.264154	30.707184	114.912529	28.946756	116.253207	27.171873	118.245910	25.323726	120.892670	23.356704	124.242323	21.238165	128.406449	18.951230	133.595133	16.502270	140.192693	13.937509	148.917615	11.380671	161.147048	9.119763	179.367455	7.748555	206.227178
446.598510	57.120803	164.871717	54.243226	147.485913	49.957509	134.871340	45.649810	126.495830	41.907680	121.088778	38.811685	117.713366	36.250981	115.794248	34.074940	114.983831	32.145796	115.068228	30.350647	115.916294	28.600020	117.453981	26.823442	119.652891	24.965677	122.528195	22.984800	126.145626	20.852774	130.641141	18.559440	136.263104	16.122097	143.458767	13.606126	153.047363	11.170046	166.523167	9.156638	186.221516	8.176545	213.425845
447.086670	56.621941	161.116503	53.318884	144.764623	48.961160	133.231187	44.765635	125.640101	41.177419	120.770666	38.216984	117.780577	35.758446	116.157295	33.652762	115.590100	31.768005	115.887766	29.997172	116.934769	28.255703	118.669600	26.477157	121.075756	24.609887	124.181706	22.615741	128.070396	20.471466	132.902682	18.173941	138.965852	15.751931	146.770189	13.290770	157.231523	10.984233	171.937849	9.226124	193.005093	8.630740	220.368772
447.574710	55.942082	157.725065	52.351112	142.485901	48.005962	131.921389	43.945992	125.008675	40.506995	120.610062	37.669830	117.965774	35.301449	116.614621	33.256524	116.276347	31.409117	116.779178	29.657761	118.021693	27.922475	119.954351	26.140692	122.572631	24.264440	125.919038	22.259740	130.095201	20.108946	135.289279	17.817456	141.830510	15.427988	150.292677	13.049534	161.668996	10.913256	177.532854	9.446639	199.464467	9.206431	226.129686
448.062620	55.243681	154.400703	51.383643	140.269022	47.059563	130.655043	43.136434	124.406943	39.845223	120.470756	37.129379	118.167233	34.849442	117.085129	32.863964	116.973908	31.052973	117.680870	29.320480	119.118519	27.591044	121.249231	25.805955	124.080496	23.920953	127.668967	21.906311	132.135163	19.750140	137.694796	17.466609	144.719086	15.112756	153.843931	12.821549	166.132655	10.860701	183.120566	9.686588	205.827507	9.793091	231.733616
448.550480	54.418208	151.526047	50.416584	138.468206	46.171283	129.681534	42.393959	124.005782	39.241062	120.475807	36.633511	118.479441	34.430542	117.645946	32.495705	117.749477	30.714850	118.653883	28.997088	120.284452	27.271236	122.615087	25.482383	125.665538	23.590190	129.507408	21.569739	134.281513	19.415940	140.232857	17.153447	147.774970	14.856135	157.596543	12.683136	170.781707	10.933128	188.668306	10.058877	211.547393	10.455221	236.281331
449.038180	53.586988	148.692466	49.452570	136.699885	45.288984	128.730322	41.657349	123.620093	38.641696	120.492194	36.141307	118.800464	34.014376	118.214016	32.129490	118.531354	30.378296	119.632704	28.674972	121.456056	26.952576	123.986824	25.159998	127.257039	23.260847	131.353318	21.235074	136.436853	19.084491	142.781951	16.844384	150.844039	14.605616	161.362557	12.553371	175.435666	11.016007	194.191355	10.439829	217.200117	11.120661	240.756519
449.525820	52.685016	146.331687	48.520795	135.307355	44.473787	128.037955	40.986993	123.415054	38.096529	120.642056	35.690372	119.226431	33.628820	118.869572	31.785961	119.390379	30.058952	120.683512	28.366678	122.698765	26.646242	125.432891	24.850381	128.930500	22.946989	133.294019	20.921612	138.706035	18.784175	145.470407	16.582387	154.079743	14.425974	165.300360	12.524896	180.164760	11.222219	199.444468	10.924151	222.083578	11.827536	244.394920
450.013340	51.782698	143.984344	47.590777	133.924571	43.660801	127.352227	40.318605	123.214676	37.552923	120.795367	35.240623	119.655091	33.244157	119.527343	31.443115	120.251324	29.740153	121.736083	28.058850	123.943198	26.340355	126.880752	24.541250	130.605943	22.633730	135.237018	20.608957	140.977958	18.485005	148.162099	16.322041	157.318878	14.248662	169.240337	12.499417	184.890737	11.431480	204.683617	11.410397	226.944704	12.534708	248.014359
450.500730	50.860416	142.094398	46.715325	132.876298	42.919475	126.896526	39.714490	123.178179	37.060169	121.072544	34.829195	120.183072	32.887965	120.269353	31.121633	121.187774	29.437990	122.860220	27.765000	125.259398	26.047739	128.404615	24.246789	132.365994	22.339119	137.278127	20.322349	143.366538	18.223991	150.991565	16.118179	160.707338	14.152629	173.290941	12.580153	189.546020	11.750852	209.471114	11.969124	231.053518	13.258465	250.990847
450.988070	49.938228	140.204647	45.839964	131.828134	42.178226	126.440872	39.110437	123.141686	36.567466	121.349691	34.417809	120.710999	32.531809	121.011287	30.800184	122.124127	29.135858	123.984241	27.471180	126.575464	25.755152	129.928322	23.952360	134.125864	22.044538	139.319027	20.035770	145.754873	17.963004	153.820741	15.914338	164.095451	14.056606	177.341129	12.660882	194.200825	12.070191	214.258120	12.527794	235.161909	13.982146	253.967030
451.475250	49.034460	138.715986	45.029248	131.062058	41.505893	126.181324	38.564599	123.248137	36.119909	121.737298	34.040343	121.329262	32.201077	121.831230	30.498212	123.131614	28.849452	125.176807	27.191298	127.961291	25.476665	131.526755	23.674379	135.969356	21.771494	141.456401	19.779446	148.255217	17.745743	156.773972	15.773151	167.595787	14.045374	181.416935	12.840923	198.650393	12.476187	218.524910	13.130755	238.637050	14.705742	256.470829
451.962370	48.131257	137.237560	44.220248	130.303148	40.835367	125.926727	38.020285	123.358162	35.673535	122.127631	33.663772	121.949720	31.871021	122.653037	30.196764	124.140770	28.563474	126.370955	26.911798	129.348709	25.198563	133.126878	23.396844	137.814736	21.499022	143.595950	19.523909	150.758085	17.529604	159.729977	15.633553	171.098538	14.036270	185.492916	13.023435	203.094300	12.884311	222.778157	13.734758	242.095902	15.429253	258.962487
452.449340	47.268863	136.082909	43.475486	129.768888	40.225523	125.830877	37.525186	123.586408	35.264797	122.611131	33.315461	122.647694	31.562340	123.542861	29.912036	125.212899	28.291492	127.626646	26.645358	130.799491	24.934428	134.795376	23.136331	139.736577	21.249341	145.822465	19.300419	153.357734	17.358955	162.781986	15.556565	174.660046	14.105832	189.507092	13.287390	207.252854	13.351803	226.547336	14.360419	245.073769	16.142188	261.120858
452.936250	46.409969	134.955474	42.736174	129.253485	39.620818	125.748326	37.034255	123.824528	34.859249	123.102383	32.969548	123.352088	31.255480	124.438290	29.628736	126.290196	28.020709	128.887366	26.380037	132.255436	24.671488	136.469433	22.877269	141.664632	21.001591	148.056043	19.079633	155.965231	17.192132	165.841734	15.484825	178.226125	14.181971	193.515705	13.558137	211.387117	13.824220	230.275627	14.987833	248.011084	16.854168	263.251119
453.423030	45.601767	134.086130	42.056474	128.917551	39.068370	125.795048	36.584629	124.160900	34.485102	123.672481	32.647354	124.123158	30.966864	125.393118	29.360139	127.423269	27.762793	130.203291	26.127378	133.768752	24.422764	138.205567	22.636063	143.661583	20.777941	150.365819	18.892370	158.651725	17.071534	168.965635	15.473420	181.796610	14.327514	197.393225	13.891817	215.207941	14.334550	233.591324	15.622449	250.588444	17.550194	265.139991
453.909730	44.801301	133.255771	41.385837	128.608692	38.523863	125.861236	36.141281	124.512031	34.115731	124.254384	32.328772	124.904176	30.681033	126.356774	29.093791	128.564604	27.506846	131.527368	25.876658	135.290521	24.176213	139.950835	22.397577	145.668664	20.557950	152.686786	18.710179	161.349785	16.957915	172.098811	15.471106	185.367315	14.483493	201.250516	14.234936	218.981076	14.850528	236.844459	16.258070	253.111262	18.243729	266.992267
454.396300	44.053453	132.629625	40.768156	128.443346	38.023534	126.032807	35.732252	124.944766	33.772386	124.902856	32.030000	125.742323	30.410720	127.372033	28.840340	129.755032	27.262690	132.900526	25.638123	136.863586	23.943903	141.751470	22.177375	147.736126	20.362697	155.071522	18.561866	164.106628	16.889389	175.262431	15.524116	188.893449	14.697205	204.933300	14.623613	222.452217	15.388305	239.763823	16.891705	255.365715	18.918774	125.998186
454.882780	43.317677	132.050051	40.162607	128.310695	37.533325	126.228350	35.331088	125.396027	33.435011	125.566403	31.735774	126.593374	30.143974	128.398914	28.589858	130.956489	27.021249	134.284689	25.402392	138.448135	23.714864	143.564487	21.961364	149.817080	20.173101	157.470481	18.421285	166.876511	16.831137	178.432590	15.589715	192.408998	14.924034	208.575895	15.022614	225.854170	15.930979	242.606832	17.524809	257.558786	19.589525	-47.501510
455.369140	42.631463	131.631534	39.602478	128.293056	37.079773	126.510080	34.958096	125.915315	33.119025	126.286419	31.458002	127.493700	29.890391	129.471004	28.350694	132.201523	26.790623	135.712850	25.178354	140.078802	23.499956	145.426871	21.763769	151.950394	20.008335	159.920983	18.313987	169.685309	16.815356	181.602553	15.703922	195.843713	15.196644	212.028205	15.452904	228.989221	16.484505	245.188388	18.150902	259.551511	20.241594	-88.201593
455.855410	41.961054	131.264183	39.056824	128.311924	36.637904	126.819137	34.594087	126.456139	32.809862	127.024283	31.185481	128.409570	29.641013	130.557328	28.115148	133.460256	26.563456	137.154824	24.958052	141.723932	23.289556	147.304727	21.572040	154.100100	19.851467	162.387585	18.217265	172.506159	16.813057	184.772115	15.833545	199.252403	15.483757	215.419748	15.893080	232.039219	17.041417	247.686680	18.774702	261.480431	20.887663	-86.745165
456.341580	41.335395	131.024082	38.549749	128.423106	36.226527	127.198499	34.253437	127.053227	32.518573	127.809404	30.926960	129.367103	29.403173	131.682222	27.889931	134.756439	26.346607	138.634717	24.749323	143.408603	23.093420	149.224081	21.398917	156.291690	19.719290	164.890602	18.152576	175.343571	16.849508	187.911932	16.004118	202.554082	15.805385	218.621963	16.353189	234.862125	17.601567	249.980452	19.388507	263.256354	21.515534	-85.392976
456.827640	40.728758	130.837857	38.059066	128.573331	35.828110	127.607555	33.922718	127.674037	32.234886	128.614411	30.674399	130.342130	29.170249	132.823279	27.669115	136.068288	26.134154	140.130447	24.545521	145.109769	22.903346	151.160726	21.233692	158.500699	19.597579	167.408679	18.101449	178.187596	16.902348	191.038726	16.191993	205.810023	16.141573	221.743625	16.821669	237.588551	18.163010	252.187368	19.997998	264.967295	22.135616	-84.085080
457.313600	40.160639	130.751612	37.600238	128.797337	35.454496	128.073746	33.610957	128.341257	31.965804	129.458931	30.433459	131.352429	28.947159	133.997349	27.457431	137.412425	25.931193	141.658902	24.352716	146.844726	22.727065	153.131804	21.086468	160.742021	19.499372	169.949455	18.079783	181.029309	16.988868	194.114938	16.412631	208.948889	16.502363	224.693034	17.301636	240.130365	18.722929	254.237069	20.596395	266.561805	22.738987	-82.858270
457.799440	39.613756	130.720306	37.158970	129.061844	35.094558	128.571262	33.309653	129.033885	31.704782	130.325046	30.198937	132.381970	28.729503	135.189397	27.250790	138.774120	25.733474	143.205130	24.165979	148.598016	22.558385	155.121535	20.949154	163.000796	19.414092	172.502362	18.074304	183.869371	17.093880	197.162951	16.651239	212.023019	16.876621	227.547418	17.787851	242.570418	19.281937	256.200127	21.188618	268.092139	23.333097	-81.676171
458.285190	39.099227	130.767496	36.743754	129.385229	34.754767	129.115044	33.023818	129.764574	31.455842	131.223946	29.974261	133.441077	28.520467	136.409333	27.052478	140.163188	25.544732	144.778975	23.989882	150.379293	22.403131	157.138451	20.829187	165.282182	19.350887	175.064786	18.095331	186.690908	17.227323	200.146587	16.915188	214.980477	17.267690	230.252221	18.279810	244.862837	19.836820	258.041727	21.769899	166.863869	23.912507	-80.558644
458.770840	38.607480	130.869864	36.346883	129.749978	34.429164	129.691308	32.748878	130.521965	31.215414	132.145826	29.756525	134.520889	28.317508	137.648779	26.860036	141.571391	25.362313	146.372114	23.821278	152.180109	22.257326	159.174326	20.721425	167.579289	19.303207	177.633708	18.134989	189.499209	17.380743	203.084741	17.196932	217.855695	17.670549	232.851666	18.775771	247.051300	20.388763	259.797806	22.343444	-6.593522	24.481541	-79.486595
459.256380	38.142137	131.033361	35.970867	130.161275	34.119607	130.304662	32.486309	131.310249	30.984767	133.094603	29.546934	135.625187	28.121900	138.911475	26.674952	143.002428	25.188078	147.988067	23.662569	154.003375	22.124059	161.230505	20.629680	169.890069	19.275357	180.200914	18.197393	192.277397	17.556987	205.952936	17.497233	220.623404	18.084039	235.326941	19.273516	249.124308	20.935237	261.460858	22.906804	-87.784196	25.038009	-78.465805
459.741790	37.700414	131.251461	35.613505	130.614132	33.824407	130.951110	32.234809	132.126083	30.762874	134.067349	29.344632	136.751290	27.932871	140.194861	26.496454	144.453770	25.021166	149.624296	23.512709	155.846579	22.002002	163.304689	20.552251	172.212913	19.265227	182.766419	18.280115	195.028500	17.753611	208.758442	17.814094	223.294885	18.506999	237.691123	19.772823	251.094035	21.476791	263.040693	23.461027	-86.539610	25.583217	-77.490874
460.227140	37.279866	131.516780	35.272690	131.103436	33.541958	131.626931	31.993241	132.966628	30.548989	135.061799	29.149191	137.897279	27.750258	141.497161	26.324602	145.923589	24.861832	151.278636	23.372100	157.706781	21.891600	165.392505	20.489412	174.541186	19.272537	185.320914	18.381827	197.742030	17.967984	211.494312	18.144055	225.871999	18.936217	239.954744	20.271578	252.974043	22.012592	264.548823	24.006328	-85.349553	26.118100	-76.557247
460.712370	36.883425	131.835731	34.950714	131.634104	33.274031	132.336059	31.762985	133.835164	30.344228	136.080807	28.961567	139.065745	27.574955	142.820815	26.160320	147.414248	24.711126	152.953382	23.242017	159.586099	21.794454	167.495588	20.443161	176.875378	19.299667	187.862626	18.505108	200.412572	18.202504	214.150756	18.488867	228.341603	19.372502	242.103850	20.769654	254.751897	22.541800	265.975312	24.541432	-84.221588	26.641194	-75.670656
461.197480	36.503453	132.190597	34.641508	132.192858	33.015956	133.068090	31.540476	134.723165	30.145817	137.117062	28.779526	140.250106	27.405040	144.159609	26.001794	148.919560	24.567124	154.642095	23.120183	161.477669	21.707635	169.606693	20.409573	179.208619	19.341390	190.387359	18.643452	203.043238	18.450107	216.743536	18.842363	230.732877	19.811955	244.174387	21.265886	256.461578	23.065581	267.347401	25.069094	-83.135694	27.156147	-74.816805
461.682500	36.147392	132.597812	34.350837	132.792599	32.772180	133.833594	31.329203	135.639660	29.956618	138.178605	28.605582	141.457816	27.242938	145.520679	25.851618	150.446467	24.432858	156.351440	23.010340	163.387406	21.635839	171.729847	20.394416	181.540883	19.404369	192.887815	18.803747	205.616310	18.716801	219.244080	19.208562	233.010531	20.256095	246.130897	21.759519	258.072306	23.581552	268.640531	25.586015	-82.110862	27.659335	-74.010471
462.167420	35.803882	133.031662	34.069870	133.413350	32.535938	134.616334	31.123932	136.570875	29.772450	139.253225	28.436191	142.677560	27.085370	146.893105	25.706411	151.984126	24.304459	158.070526	22.907714	165.304650	21.572951	173.855734	20.389878	183.866832	19.479074	195.367470	18.975449	208.150284	18.992640	221.689234	19.580090	235.225203	20.701337	248.027087	22.250702	259.631605	24.092704	209.621206	26.096930	-81.118568	28.156291	-73.230145
462.652220	35.484114	133.516063	33.807257	134.074017	32.313940	135.431859	30.930008	137.530126	29.597793	140.352783	28.275408	143.920289	26.936373	148.287252	25.570601	153.542387	24.187165	159.808322	22.818756	167.236401	21.526941	175.987105	20.405470	186.181142	19.576021	197.808055	19.168797	210.610510	19.285856	224.029747	19.961772	237.320808	21.148728	249.809209	22.737312	261.093640	24.594792	36.267057	26.596534	-80.187808	28.641503	-72.499006
463.136930	35.173510	134.019702	33.551737	134.750037	32.097501	136.260121	30.740591	138.500354	29.427010	141.462156	28.118239	145.172070	26.791087	149.689885	25.438950	155.108483	24.074830	161.552781	22.735873	169.172383	21.488302	178.117937	20.429590	188.486636	19.681983	200.227816	19.370424	213.036439	19.585221	226.325744	20.346590	239.368703	21.596226	251.547077	23.221655	262.518232	25.093146	-87.790214	27.091786	-79.281467	29.122427	-71.787891
463.621520	34.886098	134.572297	33.314171	135.465188	31.895127	137.120901	30.562572	139.498667	29.266022	142.596694	27.970213	146.447114	26.655189	151.114374	25.317829	156.694825	23.975062	163.314544	22.668397	171.119543	21.468368	180.247875	20.475364	190.770263	19.810858	202.595250	19.593113	215.375841	19.900267	228.509246	20.739453	241.295934	22.044090	253.172985	23.700347	263.848089	25.582127	-86.723407	27.576103	-78.436913	29.592577	-71.127455
464.106020	34.605024	135.137969	33.081521	136.190845	31.696638	137.990440	30.387755	140.504549	29.107850	143.737993	27.824889	147.728346	26.522139	152.544545	25.199957	158.286168	23.879188	165.080076	22.605657	173.068082	21.454066	182.374874	20.527440	193.044077	19.946091	204.943847	19.821283	217.687447	20.219031	230.659263	21.133850	243.188959	22.491473	254.767907	24.177087	265.151809	26.068337	-85.678021	28.057415	-77.609958	30.059946	-70.481781
464.590420	34.346438	135.750564	32.866310	136.954328	31.511925	138.891631	30.224281	141.537897	28.959657	144.903943	27.689144	149.032248	26.399190	153.995645	25.093623	159.896087	23.797170	166.859863	22.559792	175.022439	21.459855	184.492357	20.602033	195.283910	20.104071	207.226298	20.069114	219.900914	20.551206	232.690771	21.533903	244.960778	22.937337	256.252978	24.647077	266.362853	26.544877	-84.708596	28.528223	-76.845425	30.517610	-69.888491
465.074710	34.091866	136.371213	32.654232	137.724298	31.329720	139.798227	30.062914	142.575903	28.813365	146.074019	27.555273	150.339859	26.278260	155.450024	24.989621	161.508654	23.717947	168.641174	22.517280	176.976285	21.469533	186.605909	20.680818	197.514808	20.266072	209.493867	20.320186	222.094293	20.885358	234.699523	21.934531	246.710207	23.382576	257.718071	25.115634	267.557013	27.019600	-83.753200	28.997198	-76.092645	30.973711	-69.305268
465.558900	33.859034	137.036635	32.459096	138.530619	31.161064	140.735385	29.912922	143.640507	28.677339	147.267923	27.431536	151.669158	26.168272	156.923880	24.898289	163.137410	23.653953	170.432683	22.493103	178.929365	21.500534	188.700111	20.782660	199.699064	20.450272	211.682239	20.589274	224.179865	21.230696	236.585667	22.338726	248.338764	23.824857	259.075201	25.576827	268.659887	27.484859	-82.873689	29.456615	-75.403486	31.421721	-68.776597
466.042970	33.628282	137.706090	32.265594	139.340187	30.993734	141.675243	29.764066	144.707418	28.542366	148.463841	27.308863	153.000214	26.059453	158.399195	24.808315	164.767168	23.591581	172.224403	22.470841	180.881300	21.533696	190.791041	20.886743	201.877184	20.636511	213.861390	20.859891	226.253849	21.576857	238.459312	22.743028	249.955361	24.266674	260.421758	26.037211	254.284576	27.949184	-82.001752	29.915167	-74.720792	31.869082	-68.253567
466.526950	33.418324	138.418508	32.088397	140.184989	30.839612	142.645012	29.626520	145.800523	28.417868	149.683251	27.196817	154.352443	25.962362	159.892971	24.732075	166.411050	23.545702	174.022512	22.468186	182.826082	21.589117	192.853332	21.014057	203.997485	20.844105	215.951072	21.146840	228.213814	21.932276	240.209132	23.149368	251.453057	24.704785	261.663005	26.490369	81.056044	28.405031	-81.205481	30.365920	-74.102831	32.310830	-67.787178
467.010830	33.208868	139.131709	31.911601	141.030381	30.685821	143.615230	29.489265	146.893969	28.293646	150.902911	27.085053	155.704832	25.865582	161.386798	24.656193	168.054822	23.500241	175.820255	22.466007	184.770094	21.645051	194.914277	21.141872	206.115734	21.052116	218.038028	21.434060	230.170621	22.287789	241.955715	23.555638	252.947739	25.142705	262.901608	26.943274	-88.239946	28.860616	-80.411133	30.816446	-73.486529	32.752422	-67.322249
467.494600	33.019484	139.885318	31.750695	141.908970	30.545112	144.613574	29.363472	148.011905	28.180323	152.144225	26.984617	157.076161	25.781501	162.896011	24.595248	169.708251	23.472586	177.617791	22.484604	186.697601	21.723887	196.934572	21.292657	208.163068	21.280187	220.024352	21.735612	232.006734	22.650486	243.576347	23.962377	254.323933	25.576159	264.035636	27.389090	-87.327687	29.308724	-79.693761	31.260999	-72.937275	33.191021	-66.916980
467.978240	32.830151	140.638726	31.589832	142.787324	30.404440	145.611649	29.237712	149.129540	28.067031	153.385206	26.884208	158.447122	25.697443	164.404818	24.534319	171.361237	23.444939	179.414844	22.503196	188.624589	21.802702	198.954324	21.443402	210.209852	21.508197	222.010142	22.037084	233.842354	23.013086	245.196544	24.369007	255.699757	26.009497	265.169358	27.834786	-86.415674	29.756711	-78.976580	31.705432	-72.388169	33.629503	-66.511820
468.461820	32.658430	141.426991	31.443074	143.694426	30.275595	146.634124	29.122566	150.268332	27.964101	154.644615	26.794808	159.833591	25.625894	165.925086	24.488126	173.019090	23.434691	181.205762	22.541687	190.528218	21.902813	200.926774	21.614693	212.181622	21.753313	223.896284	22.350043	235.563982	23.380819	246.701317	24.775248	256.968396	26.438754	266.208415	28.274861	-85.585789	30.199556	-78.330983	32.146902	-71.902515	34.068557	-66.164008
468.945280	32.487580	142.216708	31.297016	144.602662	30.147339	147.657501	29.007947	151.407844	27.861684	155.904586	26.705949	161.220455	25.554951	167.445525	24.442638	174.676772	23.425265	182.995956	22.581107	192.430285	22.003903	202.896517	21.786910	214.149382	21.999174	225.777275	22.663467	237.279824	23.748705	248.200289	25.181372	258.231680	26.867715	267.242761	28.714565	-84.759973	30.642052	-77.688913	32.588126	-71.419966	34.507532	-65.818982
469.428620	32.331175	143.035123	31.162611	145.534694	30.028987	148.701107	28.902397	152.564818	27.768328	157.179497	26.626924	162.619329	25.495326	168.973678	24.410525	176.335187	23.431504	184.775654	22.638114	194.305085	22.123283	204.817146	21.976111	216.044632	22.258509	227.566896	22.985361	238.895089	24.119876	249.599727	25.586632	259.403323	27.293394	268.195870	29.150462	-84.005474	31.081966	-77.109992	33.029476	-70.994303	34.950554	-65.526091
469.911870	32.176636	143.857074	31.029714	146.469619	29.911918	149.747134	28.798021	153.723841	27.676142	158.456118	26.549166	164.019520	25.437155	170.502578	24.380122	177.993439	23.439742	186.553738	22.697356	196.176115	22.244978	206.731209	22.167451	217.930336	22.519522	229.344582	23.308286	240.497270	24.491408	250.986246	25.991719	260.563091	27.718589	269.138464	29.585806	-83.260192	31.521483	-76.539219	33.470775	-70.575964	35.394024	-65.239899
470.395020	32.034308	144.702314	30.906859	147.423851	29.803601	150.809483	28.701887	154.896734	27.592399	159.744198	26.480712	165.428125	25.389739	172.035321	24.362339	179.648231	23.462515	188.317054	22.772518	198.016392	22.382714	208.594975	22.373151	219.746394	22.791486	231.038563	23.637816	242.010202	24.865398	252.285930	26.396242	261.643176	28.141794	127.802731	30.019404	-82.578169	31.961029	-76.025345	33.915201	-70.209646	35.844836	-65.001898
470.878050	31.894732	145.552577	30.786268	148.382194	29.697258	151.875258	28.607611	156.072484	27.510556	161.034573	26.414348	166.838321	25.344731	173.568611	24.347372	181.301917	23.488525	190.076720	22.851215	199.849438	22.523999	210.447148	22.582012	221.546554	23.065838	232.713536	23.968752	243.502925	25.239860	253.565986	26.800559	262.705273	28.564470	-45.232640	30.452526	-81.910391	32.400493	-75.524265	34.360234	-69.855002	36.297194	-64.774693
471.360990	31.765061	146.421454	30.673905	149.355920	29.598206	152.953922	28.520343	157.258948	27.436045	162.333327	26.356195	168.253795	25.309280	175.102475	24.343579	182.948845	23.527237	191.818691	22.943512	201.650101	22.678569	212.250118	22.802317	223.282135	23.348518	234.313906	24.304419	244.918188	25.615905	254.771629	27.204447	263.699167	28.986155	-88.340556	30.885565	-81.297870	32.842132	-75.073583	34.810898	-69.547001	36.759691	-64.591062
471.843810	31.638760	147.296455	30.564341	150.334659	29.501633	154.036738	28.435457	158.448810	27.364024	163.634671	26.300825	169.670790	25.277062	176.636248	24.343559	184.593186	23.570231	193.554363	23.040384	203.439495	22.837597	214.036138	23.026445	224.995587	23.633958	235.888787	24.641621	246.307032	25.992415	255.951921	27.608116	264.669846	29.407427	-87.567334	31.318495	-80.704122	33.284423	-74.640002	35.263380	-69.254809	37.225526	-64.422179
472.326540	31.520659	148.186191	30.461723	151.325522	29.411364	155.129572	28.356787	159.646727	27.298636	164.941810	26.252962	171.090460	25.253579	178.167956	24.353652	186.228236	23.624517	195.270414	23.149053	205.196119	23.007815	215.775252	23.259916	226.650170	23.926017	237.397869	24.982561	247.628891	26.370377	257.068375	28.012043	265.581839	29.829059	-86.847412	31.753182	-80.159030	33.731078	-74.251403	35.723940	-69.004707	37.704168	-64.292825
472.809170	31.406494	149.082866	30.362436	152.322066	29.324121	156.227066	28.281098	160.848353	27.236427	166.251567	26.208694	172.511242	25.234276	179.698496	24.368580	187.858651	23.684197	196.976881	23.263350	206.936868	23.183364	217.491735	23.497827	228.276409	24.221205	238.875313	25.325249	248.918565	26.748989	258.154175	28.416047	266.465664	30.250812	-86.153061	32.188658	-79.637265	34.179768	-73.884356	36.188309	-68.774759	38.188879	-64.182385
473.291690	31.298996	149.990896	30.268900	153.327844	29.242215	157.332001	28.210792	162.055625	27.180063	167.564791	26.171096	173.932403	25.222722	181.224752	24.392390	189.477893	23.753614	198.662725	23.387572	208.645574	23.368060	219.164666	23.743157	229.850119	24.521534	240.295644	25.670880	250.151019	27.129006	259.185668	28.820934	267.299385	30.674080	-85.504689	32.627427	-79.158003	34.634624	-73.557072	36.662753	-68.582321	38.688569	-64.107230
473.774110	31.195865	150.906299	30.179130	154.339604	29.163804	158.441738	28.144010	163.266518	27.127523	168.880206	26.137861	175.353730	25.216238	182.748119	24.422007	191.089733	23.829394	200.334986	23.518279	210.333227	23.558727	220.809021	23.993323	231.389386	24.825207	241.678546	26.018416	251.345984	27.509920	260.181586	29.226376	268.100292	31.098313	-84.886423	33.068322	-78.706562	35.093487	-73.255810	37.143760	-68.414424	39.198027	-64.055154
474.256410	31.097989	151.830336	30.093962	155.358292	29.089754	159.556887	28.081718	164.481219	27.079944	170.197371	26.110335	176.773834	25.216382	184.265853	24.459148	192.689600	23.913284	201.986943	23.657063	211.991010	23.756651	222.414456	24.249235	232.883194	25.132827	243.013108	26.368333	252.493075	27.892320	261.132154	29.633330	268.859058	31.525099	-84.307234	33.513832	-78.291685	35.560021	-72.989119	37.636482	-68.279333	39.724214	-64.033844
474.738620	31.004738	152.762006	30.012842	156.383114	29.019541	160.676839	28.023379	165.699311	27.036730	171.516119	26.087836	178.192909	25.222363	185.778675	24.502914	194.278974	24.004318	203.621076	23.802967	213.622545	23.960970	223.985670	24.510215	234.337020	25.443933	244.305148	26.720360	253.598046	28.276041	262.042817	30.041629	269.580739	31.954146	-83.762438	33.963418	-77.908991	36.033326	-72.752864	38.139537	-68.173125	40.265149	-64.039628
475.220700	30.915696	153.700042	29.935498	157.412939	28.952995	161.800514	27.968897	166.919685	26.997828	172.835227	26.070311	179.609563	25.234082	187.285011	24.553104	195.856200	24.102145	205.235916	23.955493	215.227016	24.171123	225.522893	24.775779	235.752242	25.758273	245.556852	27.074588	254.663352	28.661564	262.915833	30.452147	190.815188	32.386719	-83.250701	34.418741	-77.557598	36.515495	-72.546468	38.655515	-68.095339	40.824018	-64.071854
475.702700	30.831624	154.645758	29.862610	158.448846	28.890781	162.928768	27.918975	168.142947	26.964026	174.154961	26.058672	181.023570	25.252594	188.783898	24.610905	197.419288	24.208027	206.828165	24.115882	216.799694	24.388215	227.020112	25.046811	237.121981	26.076491	246.760999	27.431474	255.681865	29.049280	263.744418	30.865358	17.940033	32.823532	-82.778023	34.880923	-77.243205	37.008231	-72.375389	39.186871	-68.051188	41.404202	-64.135388
476.184600	30.750742	155.595993	29.792638	159.488206	28.831463	164.059409	27.872157	169.367327	26.933738	175.474088	26.051103	182.434476	25.275780	190.276098	24.673875	198.970857	24.319282	208.403056	24.281410	218.348974	24.609759	228.488869	25.321335	238.460133	26.397271	247.932610	27.790338	256.668523	29.438965	264.542686	31.281234	-88.471758	33.264474	-82.332504	35.349498	-76.954793	37.510452	-72.229262	39.731682	-68.030760	42.002710	-64.220626
476.666380	30.674989	156.553584	29.727355	160.533212	28.776801	165.193992	27.830335	170.593611	26.909107	176.792352	26.050087	183.840508	25.306491	191.757658	24.745171	200.504016	24.439196	209.950139	24.455223	219.860718	24.838491	229.911934	25.601504	239.747550	26.722202	249.051946	28.152415	257.603986	29.831852	265.292218	31.701438	-87.901592	33.712102	-81.930667	35.828402	-76.708180	38.027983	-72.123288	40.298198	-68.048517	42.630768	-64.340810
477.148070	30.601629	157.514102	29.664311	161.580309	28.724413	166.329790	27.790992	171.820027	26.887302	178.109251	26.052339	185.243019	25.340918	193.232681	24.820518	202.026718	24.563246	211.482227	24.632922	221.353006	25.070556	231.312017	25.884318	241.009985	27.049196	250.145825	28.516305	258.514607	30.226799	266.017986	32.124538	-87.354062	34.164105	-81.550516	36.313849	-76.482487	38.554964	-72.037478	40.877860	-68.085320	43.276486	-64.477940
477.629670	30.533641	158.481439	29.606295	162.632361	28.677136	167.468593	27.757224	173.047028	26.871860	179.423385	26.061952	186.637929	25.383725	194.693325	24.905006	203.526221	24.696637	212.980900	24.819414	222.801818	25.310185	232.660668	26.173159	242.216447	27.380915	251.182621	28.884365	259.369488	30.626480	266.690400	32.554262	-86.857386	34.626072	-81.219122	36.814148	-76.303861	39.103353	-71.997060	41.487267	-68.165027	43.962132	-64.653272
478.111150	30.467292	159.450488	29.549846	163.685517	28.631482	168.607824	27.725255	174.273591	26.858485	180.735874	26.073955	188.029485	25.429229	196.148281	24.992396	205.017100	24.832945	214.467699	25.008607	224.235713	25.552124	233.992132	26.463878	243.404541	27.714210	252.200856	29.253992	260.206246	31.028114	267.345391	32.986793	-86.377457	35.092213	-80.903924	37.320552	-76.140965	39.660398	-71.971812	42.108555	-68.258877	44.663565	-64.840619
478.592500	30.406365	160.425777	29.498577	164.742936	28.591209	169.749121	27.699257	175.499382	26.851989	182.043619	26.093923	189.410648	25.483745	197.585110	25.089499	206.480092	24.979040	215.915788	25.206905	225.620733	25.801891	235.267112	26.761009	244.532132	28.052946	253.157849	29.629045	260.983122	31.436482	267.942731	33.428914	-85.953026	35.572518	-80.642481	37.847572	-76.030367	40.246582	-71.997063	42.769754	-68.399880	45.417962	-65.068088
479.073760	30.346470	161.401914	29.448320	165.800802	28.552007	170.890397	27.674459	176.724542	26.846875	183.349877	26.115482	190.789129	25.540037	199.017667	25.188488	207.936885	25.127003	217.355627	25.406922	226.995676	26.053142	236.530725	27.059400	245.647728	28.392836	254.102782	30.005362	261.748204	31.846505	268.528652	33.873413	-85.539673	36.056291	-80.391850	38.379565	-75.930327	40.839707	-72.032469	43.440364	-68.550157	46.184730	-65.302888
479.554930	30.292224	162.383564	29.403599	166.862032	28.518676	172.032522	27.656263	177.947254	26.849396	184.649027	26.145845	192.153962	25.606189	200.427837	25.297973	209.360674	25.285415	218.751120	25.616602	228.316132	26.312802	237.732629	27.364995	246.698026	28.739389	254.981906	30.388983	262.448799	32.266024	269.052010	34.331416	-85.187155	36.559623	-80.200710	38.939468	-75.888514	41.471665	-72.123988	44.163518	-68.751785	47.020463	-65.578374
480.036010	30.238448	163.365436	29.359348	167.923282	28.485851	173.174426	27.638641	179.169423	26.852579	185.947188	26.176964	193.517193	25.673179	201.835618	25.408334	210.781153	25.444683	220.142367	25.827064	229.631546	26.573143	238.928962	27.671196	247.742518	29.086544	255.855221	30.773318	263.143703	32.686519	256.606222	34.790830	-84.840054	37.064996	-80.014890	39.502268	-75.851904	42.107632	-72.220467	44.892063	-68.957787	47.863212	-65.856897
480.516970	30.190359	164.352073	29.320799	168.986963	28.459201	174.315950	27.628056	180.387396	26.863945	187.235797	26.217506	194.863449	25.750647	203.216785	25.529738	212.163663	25.614855	221.484014	26.047618	230.887365	26.842448	240.058927	27.985504	248.717427	29.441852	256.658563	31.167281	263.769723	33.119943	83.911001	35.268612	-84.559170	37.596635	-79.894404	40.102039	-75.879502	42.794446	-72.378414	45.688715	-69.218243	48.794371	-66.173521
480.997800	30.142283	165.338444	29.282261	170.050357	28.432558	175.457165	27.617474	181.605040	26.875308	188.524059	26.258038	196.209342	25.828095	204.597579	25.651110	213.545800	25.784981	222.825299	26.268112	232.142846	27.111679	241.188587	28.299727	249.692074	29.797064	257.461688	31.561137	264.395574	33.553250	-88.737541	35.746266	-84.278362	38.128130	-79.773950	40.701648	-75.907093	43.481073	-72.536319	46.485152	-69.478629	49.725279	-66.490060
481.478550	30.100097	166.328433	29.249775	171.114828	28.412582	176.596263	27.614554	182.816209	26.895579	189.799743	26.308761	197.534404	25.916764	205.947073	25.784190	214.884734	25.966600	224.111639	26.499313	233.333720	27.390700	242.247317	28.623326	250.592909	30.162391	258.190563	31.967539	264.947978	34.003653	-89.151785	36.248081	-84.069427	38.693779	-79.724931	41.348805	-76.004990	44.232468	-72.760748	47.367495	-69.795110	50.766242	-66.837690
481.959200	30.057947	167.318233	29.217324	172.179085	28.392642	177.735115	27.611670	184.027097	26.915886	191.075106	26.359520	198.859095	26.005467	207.296144	25.917297	216.223192	26.148234	225.397460	26.730515	234.524051	27.669708	243.305501	28.946900	251.493218	30.527689	258.918945	32.373914	265.499931	34.454040	-88.774440	36.749903	-83.860867	39.259468	-79.676251	41.996046	-76.103190	44.984004	-72.985436	48.250050	-70.111783	51.807495	-67.185390
482.439730	30.020718	168.310094	29.190045	173.243022	28.378511	178.870590	27.615548	185.230382	26.944094	192.337039	26.419302	200.162576	26.104051	208.614435	26.060650	217.520360	26.339917	226.631999	26.971197	235.655159	27.957702	244.299443	29.279624	252.326997	30.903524	259.580357	32.793926	265.985198	34.923297	-88.463488	37.278366	-83.718707	39.862585	-79.693952	42.695007	-76.266615	45.805429	-73.270584	49.224352	-70.475379	52.964307	-67.546759
482.920170	29.983951	169.301984	29.163250	174.306755	28.364921	180.005565	27.620053	186.432765	26.973031	193.597519	26.479910	201.463875	26.203534	209.929656	26.204929	218.813485	26.532501	227.861580	27.212719	236.780588	28.246482	245.287264	29.613143	253.154469	31.280274	260.235449	33.215134	266.464202	35.394227	-88.158745	37.809213	-83.582729	40.469073	-79.717807	43.398650	-76.436063	46.633201	-73.561292	50.207004	-70.843268	54.131646	-67.909336
483.400510	29.951658	170.294664	29.141262	175.369057	28.356796	181.136155	27.630934	187.626702	27.009382	194.843981	26.548921	202.743905	26.312138	211.214933	26.358615	220.067424	26.734346	229.043481	27.463153	237.851797	28.544064	246.216792	29.956113	253.921719	31.668392	260.829695	33.651340	266.882188	35.885911	-87.915328	38.369148	-83.508623	41.116053	-79.803852	44.157748	-76.666429	47.535188	-73.906984	51.285756	-71.248762	55.417191	-68.265155
483.880740	29.920263	171.287315	29.120235	176.430874	28.349762	182.265658	27.643082	188.818733	27.047203	196.087416	26.619593	204.019457	26.422540	212.494003	26.514147	221.313321	26.937998	230.215661	27.715317	238.912002	28.843344	247.134531	30.300901	254.676826	32.058703	261.411707	34.090452	267.287938	36.381637	-87.684174	38.934774	-83.446858	41.770980	-79.902271	44.927751	-76.908889	48.451791	-74.263566	52.383454	-71.661672	56.726046	-68.619560
484.360840	29.892547	172.279922	29.103258	177.490565	28.347417	183.390275	27.660764	190.002061	27.091487	197.316981	26.697583	205.274551	26.540865	213.744937	26.677858	222.523152	27.149786	231.344699	27.975530	239.923748	29.150954	248.000514	30.655137	255.378487	32.460867	261.939471	34.545530	267.638817	36.899571	-87.508692	39.531439	-83.441746	42.468876	-80.057873	45.756180	-77.206962	49.445769	-74.668264	53.579605	-72.100139	58.151986	-68.939053
484.840880	29.866049	173.272480	29.087620	178.549515	28.346623	184.513237	27.680274	191.182472	27.137906	198.541919	26.777986	206.522841	26.661803	214.986533	26.844266	223.721026	27.364255	232.459442	28.238393	240.919449	29.461304	248.849366	31.012480	256.062465	32.866934	262.449294	35.005866	267.971555	37.424823	-87.351607	40.138338	-83.455352	43.180943	-80.232361	46.603882	-77.523398	50.465273	-75.088845	54.808241	-72.547035	59.616559	-69.246999
485.320770	29.842843	174.264053	29.075668	179.605560	28.350132	185.630684	27.704859	192.353782	27.190220	199.753005	26.865018	207.751344	26.789880	216.201622	27.018045	224.885653	27.586145	233.535097	28.508807	241.871737	29.779792	249.652096	31.379424	256.698801	33.285346	262.910491	35.482977	268.254724	37.973375	-87.245294	40.777634	-83.521029	43.937551	-80.459590	47.511607	-77.890673	51.563187	-75.550994	56.134256	-73.006362	61.191325	-69.483208
485.800600	29.821269	175.255167	29.065545	180.660196	28.355776	186.745431	27.731960	193.520615	27.245459	200.957259	26.955340	208.970073	26.921501	217.403606	27.195483	226.033830	27.811722	234.591403	28.782973	242.802528	30.102323	250.431981	31.751138	257.311533	33.709892	263.347593	35.968419	268.513324	38.533496	-87.164152	41.433012	-83.612528	44.716268	-80.712977	48.449121	-78.283168	52.700013	-76.033767	57.508595	-73.471867	62.820776	-69.683854
486.280300	29.802492	176.244661	29.058612	181.711442	28.365180	187.854379	27.763509	194.678389	27.305855	202.148179	27.051435	210.170268	27.059328	218.581313	27.379363	227.152133	28.043895	235.613094	29.064065	243.695245	30.432629	251.171549	32.132365	257.882526	34.146942	263.741856	36.470984	268.727877	39.117404	-87.128537	42.121333	-83.751098	45.539981	-81.014204	49.446636	-78.721253	53.913814	-76.550816	58.975342	-73.933602	64.547079	-69.758621
486.759890	29.785705	177.232966	29.053948	182.760237	28.377257	188.959165	27.798219	195.829680	27.369915	203.329577	27.151632	211.357242	27.201562	219.741715	27.567816	228.249155	28.280749	236.610138	29.350073	244.560857	30.768452	251.882423	32.520341	258.423821	34.592865	264.105647	36.985705	268.911104	39.718203	-87.125295	42.833051	-83.923132	46.395656	-81.349437	50.486777	-79.191740	55.182302	-77.092218	60.507742	-74.392639	66.342182	-69.743883
487.239410	29.771204	178.219593	29.051947	183.805793	28.392512	190.058576	27.836709	196.972719	27.438365	204.499013	27.256748	212.527826	27.349104	220.880957	27.761845	229.320470	28.523454	237.577672	29.642451	245.394167	31.111711	252.559081	32.917689	258.929521	35.051295	264.432561	37.517622	269.055976	40.342833	-87.162158	43.577586	-84.137070	47.295756	-81.727524	51.585315	-79.702610	56.523862	-77.660440	62.123744	-74.827837	68.214334	-69.516474
487.718780	29.758998	179.204373	29.052615	184.847927	28.410952	191.152417	27.878982	198.107295	27.511203	205.656264	27.366778	213.681785	27.501944	221.998797	27.961429	230.365836	28.771982	238.515463	29.941165	246.194955	31.462368	253.201325	33.324365	259.399456	35.522186	264.722453	38.066687	269.162374	40.991249	-87.239217	44.354897	-84.392978	48.240241	-82.148508	52.742214	-80.253879	57.938450	-78.255453	63.823285	-75.239064	70.163414	-69.075907
488.198090	29.748660	180.187376	29.055493	185.886932	28.432051	192.241285	27.924423	199.234426	27.587717	206.802945	27.480924	214.821526	27.659244	223.098579	28.165759	231.389551	29.025613	239.428641	30.245621	246.968912	31.819946	253.815133	33.739959	259.839637	36.005104	264.981249	38.632323	269.236085	41.662560	-87.350882	45.163531	-84.685482	49.226666	-82.607266	53.953198	-80.840460	59.418430	-78.869844	65.592592	-75.600097	72.161360	-68.264739
488.677280	29.740974	181.167787	29.061507	186.921421	28.456920	193.323016	27.974356	200.350910	27.669441	207.934543	27.600904	215.941009	27.822863	224.172654	28.376810	232.382465	29.286466	240.306824	30.558203	247.704733	32.187319	254.388544	34.168179	260.237563	36.505056	265.195896	39.221432	269.263402	42.366311	-87.511648	46.016557	-85.029896	50.272536	-83.119593	55.240850	-81.477111	60.991103	-79.511690	67.460776	-75.889869	74.228511	-66.927700
489.156340	29.734767	182.146252	29.069290	187.952831	28.483924	194.400131	28.026829	201.460761	27.754103	209.056998	27.724170	217.048488	27.990056	225.231786	28.591711	233.357748	29.551559	241.165172	30.875699	248.419047	32.560782	254.939151	34.604391	260.611521	37.015880	265.385298	39.825543	269.263898	43.090730	-87.701152	46.897646	-85.405143	51.355443	-83.664238	56.575039	-82.143992	62.617416	-80.165520	69.380274	-76.091197	76.304663	-64.878747
489.635310	29.731607	183.121068	29.080726	188.978272	28.515343	195.468122	28.084562	202.557336	27.844857	210.161005	27.854260	218.131616	28.164684	226.260480	28.814639	234.297015	29.825498	241.982913	31.203453	249.089252	32.946946	255.442911	35.057254	260.936165	37.549323	265.522683	40.460831	269.209055	43.858059	-87.950021	47.836962	-85.844146	52.515169	-84.275766	58.005746	-82.873494	64.355007	-80.844319	71.406363	-76.110115	78.400160	-61.360160
490.114200	29.729543	184.094302	29.093486	190.001265	28.548365	196.532499	28.144205	203.648777	27.937819	211.258029	27.986827	219.205686	28.342029	227.278027	29.040548	235.223242	30.102805	242.786054	31.535221	249.743626	33.338192	255.929817	35.516863	261.242938	38.091977	265.641013	41.108800	269.133666	44.642743	-88.221311	48.799567	-86.307765	53.705004	-84.913874	59.472940	-83.628473	66.131976	-81.528503	73.463574	-75.977016	80.435997	-56.277489
490.592960	29.730971	185.062743	29.110473	191.016708	28.586517	197.585616	28.209959	204.724117	28.037851	212.333048	28.127329	220.251125	28.528093	228.260261	29.276034	236.108089	30.390932	243.542803	31.879887	250.347643	33.745756	256.363051	35.998131	261.492750	38.664172	265.698550	41.797417	268.992674	45.483031	-88.564240	49.836760	-86.850078	54.991258	-85.636992	61.056984	-84.464973	68.035104	-82.230053	75.620667	-75.358641	82.281929	-46.200883
491.071620	29.733082	186.029962	29.128295	192.030361	28.625685	198.636177	28.276922	205.795923	28.139282	213.403362	28.269406	221.290578	28.715904	229.235238	29.513472	236.984543	30.681320	244.290221	32.227317	250.941560	34.156894	256.785488	36.484200	261.731030	39.242949	265.743653	42.495083	268.838068	46.335614	-88.922344	50.890204	-87.409583	56.297940	-86.379582	62.664565	-85.321302	69.961361	-82.931046	77.788025	-74.460208	83.933825	-34.018324
491.550200	29.739076	186.991227	29.150878	193.034871	28.670663	199.673293	28.350824	206.848746	28.248766	214.448035	28.420572	222.297081	28.913821	230.169987	29.762235	237.814215	30.984847	244.985395	32.590813	251.478707	34.588748	257.147023	36.998044	261.904042	39.859710	265.718167	43.244869	268.605964	47.258914	-89.367026	52.037044	-88.067335	57.722005	-87.233550	64.407505	-86.291154	72.020976	-83.629589	80.015906	-71.969797	84.485051	-9.859023
492.028660	29.745347	187.951773	29.173800	194.038414	28.716052	200.709119	28.425212	207.899876	28.358807	215.490545	28.572364	223.300921	29.112436	231.101589	30.011789	238.640320	31.289311	245.676652	32.955483	252.011644	35.022150	257.504072	37.513994	262.072249	40.479373	265.687461	43.998641	268.368059	48.187581	-79.500738	53.190832	-78.415336	59.154452	-77.779509	66.159403	-87.272054	74.088183	-84.324391	82.233775	-68.926230	84.920562	13.873168
492.506990	29.756003	188.904579	29.202134	195.030473	28.768052	201.728505	28.507492	208.928282	28.478007	216.502931	28.734540	224.266653	29.322728	231.987255	30.274675	239.413490	31.609594	246.309007	33.339911	252.480515	35.481410	257.792066	38.064863	262.165703	41.146837	265.574754	44.817698	268.038302	49.203845	92.141092	54.457825	92.992303	60.723633	93.402110	68.058243	-88.429852	76.282041	-84.963041	84.302722	-57.194620	83.542550	30.992581
492.985260	29.766657	189.857266	29.230464	196.022408	28.820046	202.747762	28.589761	209.956560	28.597193	217.515190	28.896695	225.232264	29.532993	232.872809	30.537527	240.186562	31.929837	246.941284	33.724291	252.949327	35.940613	258.080023	38.615662	262.259144	41.814217	265.462061	45.636652	267.708587	50.219980	263.761392	55.724659	264.378441	62.292618	264.562256	69.956844	-89.587506	78.475623	-85.601612	86.371409	-45.464482	82.164710	48.109846
493.463380	29.781877	190.801254	29.264479	197.001643	28.879018	203.749030	28.680384	210.960248	28.726114	218.495200	29.069987	226.157468	29.755969	233.710061	30.815198	240.904221	32.268069	247.511960	34.131568	253.350857	36.430139	258.294780	39.207595	262.272319	42.537813	265.259649	46.531788	267.275715	51.336663	268.387306	57.117473	268.736826	64.005368	268.636253	71.994961	75.766008	80.767234	-85.987087	86.450749	-4.540842	80.193778	54.340400
493.941440	29.797240	191.744856	29.298672	197.980362	28.938206	204.749611	28.771262	211.963039	28.855331	219.474072	29.243613	227.081281	29.979323	234.545682	31.093308	241.620034	32.606834	248.080612	34.539527	253.750200	36.920572	258.507184	39.800767	262.282940	43.263113	265.054407	47.429243	266.839614	52.456414	267.702969	58.514131	267.783931	65.722492	267.397146	74.037279	246.394774	83.061698	-86.364470	86.466827	37.306300	78.204215	60.224083
494.419370	29.816938	192.679602	29.338271	198.946413	29.004021	205.732559	28.870062	212.942086	28.993793	220.422212	29.427883	227.967061	30.214987	235.336230	31.386018	242.284403	32.963644	248.592074	34.970777	254.086827	37.442087	258.650742	40.436168	262.216910	44.045870	264.761618	48.403646	266.299416	53.675357	266.887009	60.029586	266.647858	67.563940	265.861983	76.181004	265.414669	85.400644	-84.441622	84.678494	52.865601	76.171247	62.872404
494.897190	29.837236	193.612931	29.378618	199.910510	29.070749	206.712856	28.969950	213.917630	29.133520	221.365880	29.613604	228.847364	30.452323	236.120335	31.680709	242.941464	33.322904	249.095456	35.405194	254.414635	37.967840	258.784662	41.077340	262.140194	44.836496	264.456667	49.388601	265.744793	54.907909	266.052837	61.561330	265.486439	69.422386	264.285795	78.338470	263.271172	87.745349	-82.198104	82.638667	64.752972	74.132612	65.068664
495.374940	29.861484	194.537903	29.423928	200.862704	29.143587	207.676671	29.077175	214.871126	29.281873	222.281239	29.809373	229.692856	30.701476	236.863397	31.989698	243.551732	33.700160	249.546679	35.863137	254.684744	38.525187	258.854394	41.761421	261.990637	45.685073	264.066126	50.449858	265.083816	56.235539	265.074167	63.199544	264.097614	71.376952	262.248338	80.542296	259.500819	87.699211	-19.953616	80.487542	69.297369	72.167072	66.199947
495.852540	29.886807	195.460331	29.470585	201.811375	29.218081	208.635704	29.186382	215.818317	29.432551	223.188589	30.007844	230.528576	30.953800	237.595006	32.302520	244.149009	34.082245	249.983483	36.327402	254.938965	39.091042	258.906515	42.457075	261.821157	46.549300	263.652235	51.531736	264.393869	57.588864	264.056163	64.866492	262.646843	73.357328	260.085015	82.758225	255.285614	86.997809	58.718752	78.306503	71.827976	70.222103	67.039033
496.330080	29.915737	196.374785	29.521797	202.748815	29.298191	209.579346	29.302353	216.745126	29.591227	224.070017	30.215733	231.332681	31.217370	238.289499	32.629182	244.704025	34.482006	250.372989	36.815003	255.140420	39.688337	258.899056	43.195290	261.582545	47.470357	263.154223	52.686609	263.593396	59.028671	262.873387	66.620078	260.891649	75.391347	257.072179	84.822034	241.244219	85.184203	83.375319	76.183928	73.061187	68.376046	67.461008
496.807500	29.946274	197.285501	29.575032	203.681058	29.380795	210.515931	29.421321	217.662653	29.753443	224.939696	30.427788	232.122512	31.485911	238.967282	32.961959	245.240058	34.889582	250.741296	37.312930	255.318272	40.299556	258.864992	43.952366	261.313107	48.416614	262.618743	53.873854	262.743720	60.506816	261.617261	68.412013	259.000851	77.448924	253.680564	86.817508	222.817465	82.874271	83.905139	74.087876	73.714777	66.574520	67.696629
497.284790	29.980108	198.188490	29.632422	204.602625	29.468513	211.438128	29.546447	218.561409	29.922972	225.785791	30.648530	232.883851	31.764959	239.611841	33.307849	245.738310	35.314100	251.067169	37.833370	255.448353	40.941129	258.776114	44.750261	260.978343	49.416439	262.000286	55.127418	261.777076	62.057460	260.165031	70.261595	256.664497	79.484006	248.304338	87.167317	187.262925	80.617743	83.832256	72.075464	73.990586	64.869235	67.754484
497.761990	30.016172	199.086255	29.692617	205.516977	29.559686	212.350602	29.675734	219.447480	30.097440	226.615947	30.875142	233.625937	32.051106	240.233950	33.662596	246.211031	35.750061	251.364371	38.369016	255.546158	41.603206	258.650202	45.575732	260.599443	50.452452	261.325772	56.425783	260.731409	63.657079	258.580315	72.150115	254.027125	81.503882	241.587283	86.405272	140.136582	78.397306	83.352172	70.119571	74.011156	63.228980	67.692234
498.239110	30.055105	199.977181	29.756445	206.421919	29.655349	213.250458	29.810458	220.317195	30.278424	227.425678	31.109595	234.343461	32.346883	240.827438	34.029540	246.651118	36.201955	251.624628	38.925937	255.601759	42.293907	258.474757	46.439278	260.159442	51.537175	260.569287	57.781204	259.559504	65.310922	256.750732	74.056625	250.663664	83.270344	229.015820	84.947539	112.451731	76.240367	82.793564	68.244281	73.898054	61.669727	67.553412
498.716090	30.096888	200.861191	29.823879	207.317385	29.755467	214.137649	29.950576	221.170528	30.465870	228.214985	31.351823	235.036457	32.652206	241.392374	34.408573	247.058680	36.669642	251.848096	39.503953	255.615362	43.013000	258.250052	47.340599	259.658707	52.670227	259.731340	59.193221	258.262147	67.018508	254.677751	75.980790	246.578213	84.784451	210.621158	82.797821	104.113519	74.146876	82.156898	66.449424	73.651969	60.191263	67.338423
499.192990	30.141144	201.739189	29.894435	208.204676	29.859442	215.013998	30.095375	222.009933	30.658957	228.987050	31.600907	235.708834	32.966051	241.933339	34.798510	247.438821	37.151670	252.040253	40.101143	255.592636	43.757735	257.981613	48.275443	259.101715	53.844545	258.812735	60.649385	256.826532	68.756417	252.284742	77.859177	241.170693	85.508904	187.859716	80.646279	97.953146	72.114569	81.508311	64.722016	73.357840	58.775117	67.093279
499.669770	30.189034	202.608344	29.969583	209.079941	29.969088	215.874400	30.247055	222.828852	30.860340	229.733757	31.860072	236.350889	33.292424	242.439052	35.204482	247.778641	37.654782	252.186366	40.726524	255.516487	44.540174	257.648865	49.259579	258.462002	55.079540	257.775526	62.170460	255.187615	70.538907	249.421145	79.670240	233.819102	85.072169	158.677056	78.492064	94.995307	70.172241	80.842197	63.093803	72.993063	57.450617	66.803793
500.146450	30.238879	203.472592	30.047209	209.948589	30.081804	216.726106	30.402484	223.636704	31.066285	230.466851	32.124851	236.976729	33.625865	242.925915	35.619599	248.096799	38.169996	252.307462	41.368080	255.410739	45.344033	257.279307	50.271017	257.772479	56.346224	256.660856	63.720263	253.397806	72.323226	246.126456	81.313765	224.165852	84.217735	134.727736	76.369718	92.408328	68.280043	80.179334	61.515491	72.613509	56.169567	66.505114
500.623050	30.293145	204.326044	30.130442	210.802587	30.201478	217.558469	30.566411	224.419855	31.282576	231.169482	32.402364	237.566211	33.975339	243.370436	36.055458	248.366232	38.712645	252.372208	42.046289	255.238240	46.196420	256.826662	51.344307	256.970471	57.684723	255.371245	65.335295	251.267331	74.112211	241.859062	82.580153	209.321605	82.421526	122.567310	74.318559	90.656498	66.500261	79.523598	60.049176	72.200527	54.986066	66.185626
501.099520	30.348819	205.175864	30.215458	211.651745	30.323365	218.384537	30.733054	225.195066	31.502197	231.862422	32.684017	238.144197	34.330080	243.801590	36.498185	248.620202	39.264409	252.418859	42.736624	255.043816	47.064608	256.345696	52.436968	256.127708	59.043620	254.011893	66.962614	248.979355	75.871072	237.029477	83.554529	193.217561	80.580501	111.912662	72.296545	89.003845	64.755051	78.874089	58.614743	71.785606	53.829136	65.865633
501.575900	30.409869	206.012648	30.307299	212.483295	30.453739	219.187468	30.910117	225.940871	31.734609	232.519255	32.981580	238.679150	34.705059	244.182499	36.967290	248.815847	39.851151	252.397045	43.473448	254.766228	47.993346	255.757105	53.603891	255.129939	60.480887	252.387355	68.637824	246.093162	77.517373	230.067399	83.424197	172.330417	78.568254	106.949801	70.383171	87.725275	63.139248	78.247604	57.299798	71.362991	52.771825	65.543461
502.052190	30.471708	206.847336	30.400137	213.312090	30.585350	219.986862	31.088702	226.682260	31.968899	233.170736	33.281498	239.207781	35.083061	244.556045	37.440358	249.002916	40.443148	252.365030	44.217199	254.475934	48.930883	255.151326	54.780961	254.105576	61.927040	250.712015	70.311927	243.072006	79.110580	222.576765	83.156094	152.286298	76.560212	102.228365	68.486905	86.474324	61.541078	77.625605	56.000204	70.941880	51.726893	65.222937
502.528320	30.540025	207.666004	30.501179	214.119505	30.727165	220.758473	31.279859	227.388674	32.218726	233.779536	33.600904	239.685691	35.486060	244.870235	37.946172	249.120553	41.078540	252.250124	45.018098	254.082089	49.941008	254.405215	56.041866	252.864003	63.447094	248.622059	71.979047	238.951087	80.274478	210.784316	81.768726	139.065038	74.583916	99.462072	66.727310	85.446191	60.084196	77.039288	54.823715	70.532484	50.781258	64.915421
503.004390	30.608406	208.484395	30.602301	214.926586	30.869076	221.529688	31.471132	228.094623	32.468696	234.387799	33.920491	240.162994	35.889295	245.183741	38.452299	249.237412	41.714349	252.134300	45.819542	253.687085	50.951795	253.657466	57.303439	251.619671	64.967431	246.526085	73.644669	234.811374	81.428745	198.955142	80.377664	125.906888	72.608849	96.704485	64.969378	84.419664	58.628857	76.453468	53.648509	70.123385	49.836633	64.608176
503.480350	30.684483	209.283946	30.713182	215.708634	31.023161	222.268531	31.677490	228.759962	32.737458	234.946633	34.263867	240.581492	36.323268	245.428010	38.998822	249.272185	42.403491	251.918311	46.690161	253.162365	52.047208	252.723862	58.653695	250.062502	66.538304	243.755871	75.171687	228.598032	81.563927	183.024099	78.571317	119.352052	70.739510	94.845172	63.366614	83.552102	57.319945	75.913278	52.595443	69.740632	48.988063	64.325919
503.956210	30.760545	210.083329	30.824041	216.490518	31.177213	223.007219	31.883804	229.425160	33.006164	235.505348	34.607171	240.999903	36.757150	245.672228	39.545230	249.306951	43.092488	251.702367	47.560597	252.637754	53.142390	251.790454	60.003667	248.505661	68.108846	240.986238	76.698384	222.385995	81.699080	167.096404	76.765349	112.798594	68.870564	92.986249	61.764186	82.684723	56.011309	75.373201	51.542599	69.357961	48.139671	64.043723
504.431950	30.844064	210.864676	30.944398	217.248464	31.343187	223.715020	32.105016	230.051713	33.293613	236.017035	34.974428	241.362138	37.222194	245.849703	40.132650	249.261271	43.835232	251.385490	48.499178	251.976703	54.316326	250.648412	61.422897	246.563004	69.671433	237.274128	77.867732	213.209185	80.827818	153.881020	74.902037	108.807181	67.123258	91.551362	60.299394	81.924027	54.824366	74.877704	50.587908	69.006499	47.366930	63.790090
504.907590	30.928323	211.644050	31.065696	218.003844	31.510339	224.419560	32.327696	230.674234	33.582908	236.523861	35.344044	241.718614	37.690310	246.020383	40.724117	249.207448	44.583286	251.058444	49.444490	251.301948	55.498025	249.485440	62.848882	244.581611	71.232926	233.467201	79.000654	203.733646	79.854736	140.942917	73.033258	105.076119	65.388601	90.159707	58.848820	81.174283	53.649973	74.386816	49.643340	68.658264	46.601997	63.539398
505.383150	31.019762	212.406163	31.196116	218.736507	31.688945	225.095001	32.564734	231.260537	33.890359	236.986684	35.736981	242.022407	38.188836	246.127892	41.355464	249.076093	45.382866	250.631111	50.452822	250.484877	56.745990	248.088503	64.312991	242.122012	72.698233	228.366649	79.512818	191.769266	78.420378	132.186243	71.211617	102.380456	63.770171	88.996819	57.513355	80.502152	52.572534	73.937718	48.774982	68.342143	45.894885	63.317589
505.858580	31.112911	213.163938	31.328705	219.463523	31.870271	225.763270	32.805177	231.837973	34.202115	237.438791	36.135448	242.313428	38.694577	246.220147	41.996278	248.926077	46.194681	250.179700	51.476111	249.633686	58.009640	246.635488	65.785949	239.547699	74.140011	222.955418	79.875212	179.207666	76.875151	124.439660	69.401764	99.935034	62.180138	87.889353	56.205951	79.848890	51.518719	73.498799	47.925198	68.033838	45.201879	63.102794
506.333890	31.212770	213.905666	31.469829	220.169543	32.062349	226.404780	33.059172	232.382213	34.531121	237.850560	36.556188	242.555894	39.229395	246.253438	42.674972	248.702032	47.054407	249.628914	52.554902	248.633245	59.322619	244.916653	67.255825	236.373686	75.364177	215.924841	79.576190	167.070976	75.204437	118.863691	67.667340	97.966525	60.691116	86.918051	54.990532	79.254251	50.539592	73.096967	47.132939	67.755482	44.551935	62.914698
506.809140	31.315467	214.640587	31.614564	220.866660	32.258975	227.034950	33.318899	232.912387	34.867424	238.245244	36.986350	242.777797	39.776513	246.261763	43.369691	248.446648	47.934402	249.036062	53.657171	247.569633	60.656458	243.085306	68.724368	232.945825	76.496185	208.208780	78.997135	155.114424	73.480626	114.206853	65.964885	96.199977	59.244889	86.004419	53.814082	78.684446	49.592106	72.710845	46.365050	67.489811	43.920236	62.737910
507.284240	31.424292	215.360997	31.767110	221.544877	32.465483	227.641135	33.591156	233.412837	35.219769	238.603734	37.437306	242.955773	40.350735	246.215879	44.099308	248.121299	48.857141	248.345101	54.804857	246.349034	62.018097	240.949825	70.137508	228.778502	77.281174	199.070779	78.024041	145.231611	71.753434	110.507688	64.338537	94.676974	57.880637	85.177469	52.708050	78.159575	48.700215	72.356289	45.639275	67.250379	43.319675	62.584386
507.759280	31.537239	216.071731	31.924911	222.210467	32.678640	228.231274	33.871845	233.893379	35.582912	238.937964	37.902256	243.104281	40.943198	246.133609	44.852411	247.748963	49.808647	247.588231	55.983123	245.022965	63.398510	238.610034	71.513584	224.114512	77.833321	188.977621	76.786394	136.739800	70.023825	107.450977	62.763129	93.317305	56.571289	84.408628	51.649186	77.664819	47.845560	72.022889	44.941704	67.028537	42.739962	62.446463
508.234190	31.655623	216.769794	32.089658	222.859604	32.900619	228.800572	34.163775	234.348110	35.960517	239.240627	38.385978	243.214080	41.560001	246.002604	45.636269	247.311628	50.796014	246.735591	57.194193	243.532712	64.781129	235.925731	72.773536	218.617410	78.003639	178.612913	75.401512	129.713225	68.328697	104.830357	61.253045	92.090969	55.324473	83.697063	50.641799	77.204252	47.030658	71.715220	44.273823	66.828464	42.181941	62.327757
508.709010	31.779604	217.454906	32.261555	223.491898	33.131681	229.348511	34.467281	234.776365	36.353015	239.510887	38.889031	243.284119	42.201870	245.821518	46.451799	246.807473	51.820315	245.784480	58.439078	241.873639	66.166143	232.887226	73.914296	212.263860	77.781679	167.968261	73.865234	124.191399	66.668842	102.657539	59.809936	91.001507	54.141788	83.044280	49.687207	76.778768	46.256521	71.433958	43.636384	66.650736	41.646155	62.228784
509.183720	31.908200	218.129388	32.439350	224.110461	33.370251	229.879118	34.780389	235.183145	36.757897	239.754755	39.408131	243.321371	42.864326	245.598200	47.292595	246.244853	52.871866	244.742389	59.702190	240.047170	67.525824	229.476225	74.886439	205.193113	77.297563	158.057512	72.296085	119.375536	65.049397	100.692173	58.417110	89.987713	53.003725	82.429574	48.768192	76.378517	45.509384	71.172580	43.018868	66.490010	41.124753	62.144769
509.658330	32.044122	218.787147	32.626510	224.707380	33.620748	230.382370	35.108750	235.555992	37.182447	239.956878	39.952718	243.306720	43.559479	245.307985	48.173521	245.589584	53.966720	243.556095	60.994357	237.955398	68.845612	225.474962	75.591782	196.985813	76.398331	149.307115	70.674650	115.676586	63.493678	99.054932	57.103673	89.093554	51.936127	81.875056	47.905357	76.018153	44.804876	70.942640	42.432795	66.356175	40.626041	62.084424
510.132810	32.183642	219.436696	32.818275	225.293740	33.877125	230.872322	35.444655	235.912339	37.616739	240.138568	40.509874	243.266296	44.270491	244.983642	49.073072	244.885018	55.079191	242.288418	62.290255	235.703591	70.116723	221.117967	76.123746	188.494017	75.386360	141.257498	69.059362	112.280262	61.971115	97.516605	55.824580	88.241644	50.897447	81.344701	47.065019	75.675058	44.117193	70.726734	41.858994	66.234418	40.136073	62.034678
510.607210	32.332487	220.065477	33.021983	225.853260	34.148763	231.328335	35.800142	236.226450	38.076314	240.267809	41.099647	243.159575	45.022667	244.571365	50.020996	244.053305	56.237556	240.810782	63.596445	233.039051	71.263340	215.843879	76.210151	179.266091	74.083943	135.005612	67.459015	109.660316	60.532996	96.231807	54.633116	87.497922	49.932570	80.876193	46.282079	75.376188	43.472409	70.546800	41.316445	66.143659	39.668326	62.012162
511.081480	32.483710	220.688827	33.228734	226.405839	34.424296	231.775634	36.160634	236.529734	38.542343	240.383535	41.697672	243.035490	45.784988	244.135372	50.980035	243.185698	57.404036	239.270205	64.895464	230.244475	72.354152	210.320763	76.186743	170.158279	72.751675	129.081090	65.871640	107.155967	59.115814	94.990168	53.461168	86.775374	48.983508	80.421084	45.511214	75.087427	42.836549	70.375252	40.780336	66.060147	39.205104	61.995988
511.555690	32.646567	221.286748	33.450400	226.925628	34.718924	232.181473	36.545679	236.781202	39.040027	240.434273	42.336172	242.827581	46.597111	243.584578	51.993779	242.144087	58.611007	237.424487	66.161484	226.819947	73.177352	203.591042	75.634140	161.618381	71.273976	124.726985	64.344879	105.205657	57.797829	93.955019	52.381856	86.153998	48.109527	80.030000	44.797611	74.847041	42.242934	70.243906	40.274623	66.011464	38.763139	62.010354
512.029790	32.810342	221.882492	33.673242	227.442665	35.015062	232.583881	36.932664	237.028415	39.540208	240.479658	42.977818	242.612664	47.412950	243.023878	53.011140	241.086712	59.819173	235.549489	67.419584	223.334544	73.970067	196.791744	75.051885	153.192451	69.794090	120.451798	62.824600	103.283491	56.487407	92.931855	51.309122	85.539232	47.240729	79.643432	44.087908	74.610191	41.652177	70.115530	39.770955	65.965349	38.322593	62.026957
512.503720	32.988293	222.447612	33.914309	227.920283	35.334604	232.936415	37.349788	237.212966	40.079135	240.445395	43.668338	242.292608	48.286714	242.313800	54.085581	239.791085	61.048902	233.232246	68.563522	218.930942	74.310845	188.934266	74.025855	146.439187	68.276998	117.339724	61.396234	101.774875	55.285649	92.084178	50.331091	85.021099	46.446484	79.322993	43.434148	74.425322	41.102176	70.031018	39.296191	65.957358	37.901831	62.076938
512.977600	33.166226	223.012673	34.155350	228.397851	35.654113	233.288911	37.766868	237.397496	40.618006	240.411134	44.358785	241.972585	49.160385	241.603797	55.159907	238.495594	62.278502	230.915248	69.707339	214.527805	74.651587	181.077617	72.999934	139.686636	66.760066	114.227977	59.968020	100.266418	54.084018	91.236591	49.353164	84.503020	45.652323	79.002587	42.780457	74.240473	40.552232	69.946514	38.821477	65.949368	37.481114	62.126914
513.451350	33.359830	223.544666	34.416556	228.832836	35.999559	233.587350	38.217315	237.513478	41.199460	240.288268	45.101803	241.532307	50.092907	240.715814	56.282000	236.901092	63.490795	228.018844	70.626974	209.028741	74.456255	173.126201	71.720416	134.625235	65.275283	111.881692	58.642022	99.052576	52.985544	90.530024	48.460923	84.070573	44.924107	78.744453	42.175549	74.106036	40.037370	69.905048	38.371223	65.978904	37.076661	62.209721
513.925050	33.554193	224.074969	34.678739	229.265668	36.346259	233.883080	38.669376	237.626049	41.782973	240.161018	45.847360	241.086103	51.028264	239.819083	57.406360	235.291902	64.702117	225.093962	71.535404	203.475812	74.234345	165.170815	70.428435	129.648197	63.792231	109.573598	57.321217	97.853461	51.892289	89.830519	47.573016	83.642413	44.199230	78.489431	41.573116	73.974112	39.524295	69.865720	37.922223	66.010299	36.673052	62.294149
514.398620	33.763591	224.573960	34.960271	229.658213	36.717830	234.127478	39.153305	237.672910	42.406649	239.947237	46.640897	240.518797	52.012651	238.735222	58.556246	233.352707	65.845492	221.522369	72.134519	197.025189	73.592408	158.065672	69.042959	125.797279	62.370338	107.719212	56.091599	96.847483	50.882679	89.234026	46.752189	83.282030	43.525072	78.286020	41.007752	73.884884	39.037541	69.863159	37.491232	66.073831	36.281016	62.406666
514.872070	33.975771	225.066966	35.245383	230.043108	37.094000	234.362180	39.643125	237.707413	43.037747	239.717238	47.443290	239.928849	53.006054	237.616413	59.710698	231.351887	66.975867	217.829963	72.675386	190.407169	72.871668	151.121743	67.640193	122.158762	60.960225	105.950464	54.879366	95.878004	49.888993	88.657013	45.944135	82.934455	42.860581	78.092348	40.449468	73.803698	38.555833	69.867508	37.063712	66.143391	35.891234	62.524440
515.345400	34.202023	225.531002	35.548622	230.390681	37.493460	234.549073	40.162623	237.679927	43.705588	239.403724	48.287521	239.217926	54.036149	236.302067	60.864366	228.992418	67.984328	213.472316	72.873989	183.410363	71.901178	145.239180	66.226445	119.196842	59.616817	104.457165	53.743149	95.038256	48.960741	88.155902	45.187168	82.640084	42.234133	77.940632	39.918640	73.757799	38.093318	69.902437	36.648991	66.239732	35.509267	62.665595
515.818660	34.433471	225.984288	35.858556	230.724417	37.901522	234.718255	40.693082	237.629493	44.386997	239.059309	49.147197	238.462252	55.079772	234.915397	62.017681	226.500293	68.947598	208.868610	72.945864	176.273695	70.838275	139.749888	64.808709	116.485581	58.298178	103.065928	52.635138	94.246584	48.056766	87.682920	44.449156	82.365426	41.621804	77.804459	39.398005	73.724967	37.637934	69.948687	36.239030	66.345983	35.130213	62.815398
516.291810	34.677880	226.411353	36.185164	231.024266	38.330927	234.843651	41.250443	237.521373	45.100799	238.635123	50.041114	237.586643	56.145574	233.326462	63.141399	223.631276	69.742563	203.687328	72.722000	169.346261	69.659802	135.075927	63.415429	114.169122	57.039967	101.845602	51.586947	93.543595	47.202049	87.266131	43.748811	82.132235	41.037158	77.701904	38.897100	73.720791	37.196091	70.019940	35.837802	66.474193	34.756115	62.984375
516.764830	34.930307	226.822077	36.522087	231.303028	38.773531	234.941833	41.824441	237.377438	45.834628	238.161446	50.956183	236.636655	57.225012	231.612104	64.246588	220.528540	70.432887	198.147979	72.314477	162.549687	68.409702	130.908990	62.037521	112.098183	55.819453	100.731592	50.576049	92.895780	46.378040	86.884300	43.071954	81.924831	40.469783	77.620242	38.408513	73.734415	36.762716	70.106715	35.442051	66.616025	34.385144	63.165238
517.237790	35.194190	227.209952	36.873741	231.552101	39.234900	235.001234	42.421744	237.181403	46.595432	237.613552	51.896595	235.570643	58.310947	229.694958	65.294844	217.058806	70.935288	192.261273	71.710675	156.249831	67.122155	127.251093	60.694419	110.254608	54.647983	99.723965	49.609626	92.308157	45.589456	86.543199	42.421719	81.748722	39.921715	77.564513	37.933471	73.770396	36.338407	70.213111	35.051862	66.775130	34.016956	63.361171
517.710630	35.469365	227.575188	37.239914	231.771789	39.714761	235.022288	43.042008	236.933886	47.382806	236.992358	52.861942	234.390065	59.403167	227.577582	66.286681	213.226700	71.251845	186.031922	70.912909	150.441841	65.797755	124.096904	59.385898	108.636043	53.525147	98.821640	48.687295	91.780116	44.835997	86.242407	41.797886	81.603575	39.392805	77.534426	37.471878	73.828477	35.923115	70.338889	34.667223	66.951290	33.651565	63.571979
518.183350	35.754063	227.921396	37.618289	231.966654	40.210027	235.010563	43.680968	236.641440	48.190541	236.305151	53.842673	233.102395	60.486562	225.269367	67.202079	209.087296	71.402689	179.751452	70.014938	145.086413	64.472750	121.228472	58.110113	107.146191	52.438738	97.984702	47.796091	91.292030	44.106723	85.970149	41.191980	81.481050	38.876750	77.523394	37.019173	73.903122	35.513618	70.479263	34.285943	67.140317	33.287576	63.793987
518.655940	36.053818	228.237634	38.015960	232.122386	40.729657	234.947134	44.349498	236.278084	49.030494	235.513727	54.847796	231.645634	61.556172	222.659832	67.997015	204.462640	71.292156	173.389558	68.958789	140.444184	63.146627	118.810433	56.885806	105.859189	51.409654	97.250801	46.953871	90.866911	43.415507	85.742868	40.614274	81.394191	38.380906	77.542418	36.580428	74.003905	35.113210	70.642679	33.909912	67.349664	32.925753	64.033693
519.128480	36.360825	228.539478	38.422871	232.259182	41.260792	234.858309	45.031526	235.879055	49.883831	234.668131	55.859087	230.098124	62.606131	219.890561	68.713891	199.644868	71.072434	167.162359	67.864748	136.082277	61.831723	116.537389	55.685766	104.640677	50.404315	96.554574	46.131110	90.466410	42.739118	85.533976	40.047421	81.322302	37.892746	77.574238	36.146893	74.115914	34.716072	70.816042	33.535608	67.567810	32.564401	64.281057
519.600890	36.687245	228.802794	38.854517	232.345286	41.822729	234.701505	45.749694	235.384530	50.773002	233.677516	56.886899	228.307671	63.603495	216.693669	69.221817	194.310100	70.560421	161.295676	66.669267	132.470729	60.546843	114.652467	54.550679	103.605499	49.462530	95.959188	45.360429	90.131807	42.102415	85.374310	39.509613	81.290484	37.425149	77.640318	35.727297	74.257973	34.327685	71.016036	33.165924	67.809511	32.204311	64.548925
520.073240	37.018104	229.057223	39.291780	232.419599	42.391526	234.528620	46.475527	234.866820	51.668661	232.650532	57.914144	226.454980	64.579577	213.394594	69.674249	188.913264	70.000060	155.565578	65.465773	128.984879	59.272161	112.828554	53.429401	102.601000	48.533183	95.381943	44.599627	89.809738	41.473120	85.224345	38.977165	81.266725	36.961296	77.713369	35.310182	74.406191	33.940781	71.221510	32.796920	68.056065	31.844241	64.821004
520.545410	37.373245	229.263329	39.759763	232.429714	42.997872	234.268097	47.243331	234.222673	52.599932	231.425143	58.938620	224.262720	65.440050	209.537946	69.824569	183.176690	69.176194	150.577612	64.218265	126.182566	58.052631	111.336361	52.382991	101.763275	47.671290	94.903318	43.892397	89.555839	40.883982	85.127171	38.473744	81.286855	36.517685	77.824420	34.906442	74.587996	33.561833	71.456900	32.431509	68.329125	31.484167	65.116107
521.017520	37.729495	229.467100	40.229130	232.436722	43.605855	234.003280	48.012819	233.572186	53.532203	230.189535	59.961472	222.053000	66.292543	205.657326	69.960834	177.443639	68.344875	145.625402	62.971093	123.403229	56.836103	109.855382	51.339848	100.931588	46.812177	94.428500	43.187327	89.304690	40.296451	85.032179	37.971481	81.308821	36.074880	77.937065	34.503234	74.771212	33.183199	71.693545	32.066234	68.603294	31.124081	65.412165
521.489500	38.115568	229.610928	40.735774	232.363156	44.258140	233.626306	48.828298	232.755310	54.493245	228.685170	60.945280	219.383738	66.940615	201.143225	69.732989	171.784654	67.317738	141.585622	61.728892	121.211423	55.693778	108.660762	50.378280	100.253978	46.022560	94.050986	42.536163	89.124101	39.748797	84.993505	37.497717	81.378455	35.651635	78.091437	34.112575	74.991606	32.811533	71.963477	31.703372	68.907053	30.762598	65.733890
521.961430	38.501600	229.754741	41.242365	232.289597	44.910357	233.249373	49.643690	231.938520	55.454186	227.180965	61.928984	216.714759	67.588619	196.629602	69.505168	166.126268	66.290709	137.546270	60.486823	119.019849	54.551575	107.466269	49.416813	99.576439	45.233026	93.673512	41.885069	88.943530	39.201202	84.954835	37.024003	81.448082	35.228435	78.245793	33.721957	75.211977	32.439906	72.233381	31.340549	69.210780	30.401153	66.055580
522.433230	38.918166	229.836243	41.786541	232.131033	45.605540	232.751412	50.498854	230.936998	56.425349	225.371753	62.830148	213.544224	67.975627	191.641850	68.967574	160.945349	65.163688	134.272020	59.281557	117.248413	53.483668	106.484019	48.527663	99.020867	44.502658	93.377615	41.278991	88.824536	38.686475	84.966562	36.573449	81.561043	34.820781	78.438496	33.340880	75.466782	32.072978	72.534300	30.978417	69.542145	30.036996	66.401168
522.904910	39.337353	229.912181	42.333936	231.964942	46.304387	232.242795	51.357360	229.919269	57.397198	223.535817	63.723761	210.329789	68.339323	186.613056	68.402538	155.808107	64.028027	131.066602	58.079842	115.514768	52.422616	105.520881	47.645152	98.476275	43.777723	93.089044	40.677059	88.711050	38.174791	84.982770	36.125059	81.677833	34.414603	78.634567	32.960738	75.724592	31.706552	72.837910	30.616429	69.875893	29.672681	66.748803
523.376460	39.784827	229.928610	42.915359	231.716402	47.039937	231.614044	52.243615	228.713343	58.355835	221.387166	64.496972	206.653218	68.438906	181.416426	67.633097	151.276134	62.861325	128.396615	56.926212	114.059293	51.425721	104.705626	46.820361	98.022140	43.098615	92.864060	40.109468	88.647188	37.687902	85.040451	35.693905	81.830774	34.019725	78.862940	32.587172	76.011626	31.342850	73.167988	30.253931	70.233293	29.305068	67.116824
523.847960	40.239427	229.930014	43.505353	231.447053	47.784726	230.954983	53.136842	227.459943	59.311102	219.159635	65.239753	202.860094	68.471800	176.177608	66.812073	146.897154	61.686827	125.861918	55.784766	112.674107	50.445062	103.927740	46.010173	97.590860	42.431104	92.655138	39.550569	88.595860	37.207293	85.108601	35.267119	81.992838	33.627716	79.099460	32.215280	76.306030	30.979848	73.504739	29.891317	70.596652	28.936634	67.489979
524.319340	40.719382	229.875599	44.124851	231.099025	48.558617	230.178574	54.044196	226.018934	60.229428	216.626600	65.835870	198.707212	68.279686	171.059422	65.878585	143.051163	60.518084	123.681122	54.691109	111.472713	49.516664	103.253260	45.244529	97.226538	41.798179	92.495345	39.017278	88.583964	36.744990	85.210302	34.852889	82.184506	33.243728	79.362683	31.847772	76.624787	30.618223	73.863681	29.527515	70.979902	28.564767	67.880222
524.790590	41.211328	229.794632	44.758293	230.713610	49.346236	229.346444	54.958131	224.488875	61.130035	213.948580	66.362104	194.383780	67.980531	165.999431	64.891726	139.459392	59.352261	121.669070	53.620363	110.358963	48.613280	102.628089	44.500200	96.894133	41.181810	92.358955	38.496256	88.590834	36.291470	85.327953	34.444698	82.390232	32.863617	79.638572	31.482405	76.955085	30.257308	74.233129	29.163202	71.372558	28.191324	68.278536
525.261780	41.725061	229.662913	45.415958	230.255254	50.154599	228.402967	55.872495	222.778848	61.973911	210.995668	66.737133	189.857492	67.521930	161.214838	63.855678	136.254333	58.207627	119.881178	52.590722	109.364798	47.749891	102.074067	43.788644	96.610173	40.590423	92.259425	37.993509	88.628010	35.850853	85.471811	34.045181	82.619362	32.488828	79.935778	31.119639	77.304980	29.896711	74.620545	28.797230	71.781357	27.814468	68.690645
525.732850	42.256136	229.490632	46.092892	229.738641	50.979424	227.370597	56.787062	220.925175	62.772294	207.823392	66.991195	185.169686	66.935900	156.651196	62.780454	133.358995	57.080113	118.272808	51.594108	108.466411	46.918616	101.577023	43.103403	96.364996	40.019102	92.189386	37.505452	88.689413	35.420622	85.636602	33.652661	82.867170	32.118354	80.249986	30.759006	77.670491	29.536422	75.022269	28.429988	72.203002	27.434941	69.113721
526.203800	42.804688	229.274159	46.787960	229.157266	51.816148	226.237485	57.689631	218.909931	63.502448	204.436575	67.114865	180.443928	66.256732	152.370786	61.692123	130.711850	55.976711	116.801049	50.629397	107.644008	46.116101	101.127697	42.441064	96.153790	39.465001	92.146009	37.029877	88.773193	34.999112	85.821017	33.265902	83.132700	31.751273	80.580494	30.399825	78.051119	29.175932	75.437953	28.061088	72.637234	27.052448	69.547507
526.674620	43.376168	228.999775	47.506826	228.491008	52.668511	224.972322	58.576534	216.682890	64.143256	200.768481	67.067708	175.668176	65.455503	148.461204	60.586555	128.389723	54.904835	115.508187	49.706429	106.921107	45.351220	100.740864	41.808690	95.987083	38.933426	92.137560	36.570629	88.886293	34.589003	86.031153	32.886666	83.421463	31.388616	80.932377	30.042523	78.451574	28.815155	75.871951	27.689996	73.087982	26.666047	69.995348
527.145390	43.960349	228.689929	48.237590	227.771725	53.524960	223.623592	59.443611	214.326684	64.718452	196.969542	66.930438	170.959574	64.611072	144.756750	59.483880	126.208638	53.852797	114.292494	48.805199	106.243181	44.604925	100.383718	41.190788	95.842355	38.412591	92.146842	36.119076	89.014561	34.184186	86.254789	32.510822	83.722566	31.027817	81.295734	29.685801	78.862777	28.453854	76.315951	27.317392	73.547785	26.277235	70.450849
527.616030	44.572921	228.300762	48.994945	226.933842	54.390518	222.087965	60.266305	211.681610	65.146844	192.878035	66.591581	166.401376	63.670027	141.511333	58.387717	124.343162	52.845181	113.249486	47.952637	105.665894	43.900238	100.093001	40.605281	95.746807	37.915802	92.195791	35.684758	89.176760	33.791224	86.508619	32.142577	84.051262	30.671186	81.684746	29.330389	79.298009	28.091394	76.782310	26.941421	74.027830	25.883045	70.923468
528.086550	45.192845	227.887761	49.758046	226.059738	55.254520	220.495291	61.068792	208.955737	65.528200	188.740090	66.207173	161.927254	62.715336	138.375927	57.298219	122.544654	51.850178	112.243858	47.112380	105.111466	43.205679	99.818053	40.027535	95.663313	37.424727	92.254672	35.254511	89.347578	33.401037	86.770201	31.776081	84.387110	30.315468	82.080468	28.975187	79.739577	27.728528	77.254607	26.564486	74.513264	25.487376	71.400612
528.557010	45.846002	227.368651	50.547392	225.024125	56.112490	218.648030	61.782479	205.868810	65.701349	184.392053	65.620379	157.821490	61.699167	135.725239	56.237184	121.041323	50.910110	111.402987	46.325855	104.657858	42.555340	99.612761	39.483623	95.633195	36.958498	92.357665	34.841884	89.556785	33.022769	87.066421	31.416972	84.755012	29.963443	82.506342	28.620559	80.209689	27.363493	77.753710	26.182891	75.023088	25.084750	71.898308
529.027340	46.501223	226.841087	51.337790	223.975545	56.968169	216.780805	62.486787	202.758153	65.858612	180.044142	65.022963	153.749638	60.681772	133.104279	55.179368	119.555178	49.974204	110.572025	45.543085	104.210582	41.908011	99.411991	38.941997	95.606610	36.493953	92.463601	34.430462	89.768562	32.645331	87.364961	31.058395	85.125061	29.611708	82.934237	28.266015	80.681717	26.998361	78.254615	25.801034	75.534544	24.681709	72.397352
529.497560	47.192655	226.174366	52.148567	222.712525	57.790373	214.582353	63.042190	199.249985	65.759278	175.679812	64.250994	150.209707	59.640203	130.953642	54.169209	118.341052	49.101714	109.898013	44.817812	103.863955	41.306675	99.283594	38.435093	95.637114	36.054691	92.617666	34.036808	90.022850	32.279734	87.702328	30.706918	85.531445	29.263170	83.396679	27.911324	81.186783	26.630101	78.786820	25.413300	76.074613	24.270234	72.920351
529.967710	47.883984	225.507744	52.959224	221.449693	58.612454	212.384229	63.597511	195.742340	65.659958	171.316132	63.479139	146.670303	58.598789	128.803324	53.159200	117.127106	48.229355	109.224102	44.092647	103.517379	40.705429	99.155217	37.928265	95.667613	35.615495	92.771708	33.643212	90.277101	31.914192	88.039646	30.355494	85.937769	28.914683	83.859052	27.556685	81.691773	26.261895	79.318945	25.025625	76.614601	23.858820	73.443273
530.437740	48.607108	224.683979	53.775899	219.943646	59.368557	209.829825	63.962717	191.921172	65.320317	167.163893	62.594477	143.663140	57.565857	127.032607	52.203931	116.130470	47.417426	108.680652	43.419481	103.258251	40.144903	99.092023	37.451853	95.750872	35.198273	92.971067	33.264915	90.571968	31.558668	88.414539	30.009834	86.379690	28.568414	84.355693	27.201186	82.229927	25.890043	79.882819	24.631697	77.183821	23.438704	73.990587
530.907650	49.332405	223.848823	54.592824	218.420023	60.119617	207.249759	64.313819	188.077792	64.963037	163.028225	61.701706	140.695930	56.533795	125.290295	51.252924	115.150091	46.610145	108.146948	42.750308	103.005632	39.587512	99.033651	36.977797	95.838002	34.782769	93.173720	32.887834	90.869760	31.203968	88.792114	29.664680	86.824131	28.222391	84.854743	26.845709	82.770400	25.518010	80.448900	24.237402	77.755061	23.018046	74.539571
531.377440	50.079544	222.858593	55.398397	216.658563	60.780943	204.355728	64.474966	184.089511	64.431324	159.218395	60.756027	138.144163	55.527310	123.812517	50.351584	114.323082	45.851826	107.709212	42.121687	102.820018	39.061334	99.026835	36.526815	95.967846	34.383781	93.413699	32.522091	91.201498	30.856496	89.201519	29.323412	87.299124	27.877435	85.383582	26.488817	83.340063	25.142279	81.043244	23.837246	78.352501	22.589477	75.110311
531.847170	50.831977	221.830499	56.201140	214.839047	61.420279	201.385095	64.589642	180.066051	63.856982	155.488508	59.797470	135.694171	54.527146	122.399536	49.462450	113.533638	45.105532	107.294977	41.503025	102.650804	38.542824	99.032630	36.081507	96.108128	33.988858	93.662791	32.159145	91.541517	30.510814	89.618683	28.983117	87.781559	27.532763	85.919672	26.131603	83.916830	24.765670	81.644462	23.435684	78.956310	22.159002	75.686335
532.316770	51.595474	220.653784	56.976072	212.798655	61.955205	198.173058	64.538282	176.057972	63.172895	152.090083	58.823432	133.542656	53.557962	121.166929	48.615083	112.851538	44.397428	106.950734	40.915111	102.532285	38.047673	99.078532	35.653332	96.282313	33.606104	93.941986	31.804454	91.909284	30.170265	90.062202	28.645395	88.289627	27.188482	86.481094	25.772829	84.518757	24.385683	82.270341	23.028999	79.583189	21.721736	76.281471
532.786250	52.364214	219.405546	57.737500	210.652003	62.439719	194.845005	64.406864	172.057799	62.435971	148.851907	57.842048	131.535331	52.603835	120.021450	47.787959	112.221283	43.707826	106.640285	40.342096	102.438225	37.563845	99.143768	35.233472	96.472825	33.229265	94.235662	31.453786	92.290386	29.832232	90.518375	28.308955	88.809994	26.844430	87.054663	25.413345	85.132743	24.004114	82.908036	22.619892	80.221116	21.281248	76.885750
533.255680	53.133608	218.021115	58.458454	208.315872	62.819059	191.369746	64.150181	168.177115	61.640425	145.884693	56.864857	129.728539	51.678848	118.995364	46.993440	111.664494	43.046521	106.379687	39.791396	102.381506	37.096805	99.239300	34.825848	96.689439	32.861058	94.552877	31.108910	92.693497	29.497712	90.995755	27.974141	89.351284	26.500376	87.649222	25.052389	85.767897	23.619677	83.566792	22.206561	80.879005	20.835228	77.506616
533.724910	53.903290	216.523354	59.145346	205.822207	63.110392	187.772657	63.788916	164.397578	60.796166	143.144886	55.891498	128.089914	50.778519	118.069384	46.226433	111.169277	42.409084	106.160830	39.259528	102.356006	36.643950	99.360112	34.428588	96.927792	32.500190	94.889652	30.768991	93.114864	29.166238	91.490692	27.640799	89.909873	26.156437	88.261120	24.690322	86.420523	23.232973	84.242925	21.789839	81.553351	20.384737	78.141133
534.194150	54.665128	214.910104	59.786195	203.185854	63.311621	184.122309	63.347874	160.767226	59.927241	140.593686	54.929844	126.576488	49.901611	117.218434	45.482799	110.721895	41.791167	105.975647	38.742794	102.356493	36.202372	99.502491	34.039484	97.185055	32.145018	95.243738	30.432821	93.552645	28.836946	92.001669	27.308327	90.484524	25.812227	88.889376	24.326939	87.089906	22.843948	84.935987	21.369806	82.243943	19.929972	78.789168
534.663210	55.415539	213.133944	60.361564	200.348491	63.385145	180.398036	62.794018	157.349679	59.023739	138.310683	53.985166	125.241017	49.058237	116.474108	44.772579	110.342452	41.201154	105.838235	38.247710	102.393786	35.776950	99.675357	33.662097	97.468995	31.798062	95.622194	30.102103	94.013495	28.510879	92.535152	26.977227	91.081689	25.467776	89.540543	23.961839	87.782746	22.451797	85.652743	20.945259	82.957260	19.469345	79.456084
535.132200	56.153208	211.272552	60.894868	197.425565	63.395841	176.686440	62.199237	154.053765	58.114196	136.139833	53.052252	123.976080	48.231034	115.772906	44.077311	109.991511	40.623287	105.721566	37.761936	102.447502	35.358431	99.862110	33.289690	97.765295	31.454576	96.012114	29.773658	94.485362	28.186118	93.079549	26.646619	91.689945	25.123103	90.203191	23.595856	88.487555	22.058121	86.381815	20.518543	83.682606	19.005918	80.133104
535.601070	56.858520	209.193880	61.321117	194.284388	63.246549	173.006666	61.500166	151.067187	57.189155	134.254315	52.149180	122.890601	47.444909	115.181435	43.420030	109.713113	40.076277	105.657709	37.299807	102.543045	34.957436	100.084250	32.929919	98.093105	31.119883	96.431279	29.450964	94.985339	27.864640	93.651806	26.317224	92.326521	24.777818	90.895160	23.227576	89.222934	21.660511	87.142341	20.086253	84.438675	18.535308	80.835936
536.069820	57.552435	207.068823	61.720350	191.111256	63.066564	169.358173	60.786753	148.146422	56.265200	132.419221	51.253564	121.836187	46.667218	114.609457	42.770139	109.448035	39.535147	105.603824	36.842146	102.646648	34.559746	100.313310	32.572530	98.427149	30.786850	96.856291	29.129358	95.491001	27.543786	94.229770	25.988062	92.968983	24.432424	91.593324	22.858867	89.964890	21.262159	87.909771	19.652903	85.201619	18.063322	81.544599
536.538510	58.182183	204.675998	61.965815	187.751386	62.711042	165.883476	59.990481	145.597656	55.346216	130.869667	50.399338	120.957787	45.936671	114.148047	42.161588	109.258684	39.026878	105.606817	36.409397	102.796425	34.180394	100.582201	32.228269	98.797239	30.462854	97.315265	28.813538	96.029810	27.226069	94.841092	25.659795	93.645918	24.085940	92.327805	22.487211	90.745402	20.859034	88.717664	19.212920	86.004848	17.582848	82.287508
537.007080	58.810127	202.279185	62.208192	184.390959	62.352992	162.414500	59.193575	143.055681	54.427840	129.324749	49.546115	120.082227	45.207105	113.688451	41.553864	109.070583	38.519263	105.610737	35.977152	102.946934	33.801428	100.851700	31.884301	99.167856	30.139081	97.774716	28.497887	96.569069	26.908480	95.452861	25.331622	94.323313	23.739522	93.062777	22.115598	91.526450	20.455928	89.526138	18.772935	86.808676	17.102351	83.030924
537.475520	59.330746	199.583275	62.253448	180.939123	61.824412	159.261236	58.342389	140.914463	53.534044	128.056431	48.744202	119.377387	44.529525	113.339422	40.989996	108.960775	38.045956	105.675118	35.570729	103.147580	33.441389	101.165182	31.553835	99.578870	29.824549	98.272763	28.188088	97.146538	26.593971	96.103699	25.004178	95.041759	23.391740	93.841786	21.740653	92.355219	20.047529	90.385811	18.325620	87.664693	16.612446	83.819544
537.943850	59.851243	196.887998	62.298694	177.488099	61.295956	156.108712	57.491402	138.773749	52.640457	126.788411	47.942477	118.672712	43.852104	112.990476	40.426261	108.850992	37.572759	105.739483	35.164401	103.348180	33.081433	101.478591	31.223446	99.989788	29.510091	98.770692	27.878361	97.723872	26.279536	96.754384	24.676811	95.760036	23.044039	94.620612	21.365795	93.183793	19.639226	91.245282	17.878409	88.520509	16.122657	84.607978
538.412110	60.246931	193.963601	62.165883	174.084135	60.651676	153.290191	56.621697	136.949838	51.779700	125.727057	47.187283	118.097434	43.218306	112.728039	39.898310	108.804395	37.127230	105.853878	34.778795	103.591080	32.736638	101.829702	30.903863	100.435837	29.203021	99.302674	27.573302	98.335429	25.967544	97.440620	24.350000	96.516335	22.695215	95.441039	20.988227	94.058447	19.226612	92.155463	17.425182	89.429493	15.625048	85.443740
538.880250	60.625529	191.008688	62.008853	170.687384	59.991774	150.517825	55.749647	135.169505	50.923618	124.694101	46.438605	117.539914	42.590598	112.477446	39.375356	108.766414	36.685574	105.975060	34.396103	103.839682	32.393989	102.185864	30.585826	100.886566	28.897030	99.839167	27.268950	98.951502	25.655958	98.131537	24.023342	97.277634	22.346319	96.266938	20.610378	94.939170	18.813508	93.072335	16.971242	90.345504	15.126491	86.285751
539.348330	60.878764	187.919832	61.713068	167.430250	59.265338	148.034679	54.880551	133.619256	50.100628	123.807577	45.728425	117.076072	41.997070	112.291473	38.879842	108.776997	36.264933	106.135581	34.029079	104.122156	32.062776	102.572683	30.275917	101.366275	28.596576	100.404166	26.968075	99.596670	25.346165	98.853184	23.697057	98.072406	21.996539	97.130216	20.230461	95.862283	18.397125	94.037137	16.512687	91.313411	14.621831	87.175511
539.816220	61.088833	184.786070	61.369713	164.222266	58.516304	145.651807	54.012785	132.148625	49.289308	122.971688	45.031731	116.644586	41.415501	112.127769	38.393936	108.804263	35.851667	106.309562	33.667572	104.416165	31.735612	102.969897	29.968913	101.855769	28.298134	100.978755	26.668502	100.251603	25.037101	99.585130	23.371017	98.878390	21.646581	98.006025	19.849969	96.799627	17.979766	95.018060	16.052712	92.298799	14.115257	88.081355
540.284060	61.187401	181.610200	60.931032	161.186623	57.735654	143.490786	53.158052	130.836869	48.506991	122.236488	44.364962	116.279192	40.859464	112.011064	37.928185	108.867800	35.453713	106.513566	33.317425	104.736485	31.416701	103.391303	29.667743	102.368478	28.003634	101.576530	26.371370	100.930582	24.729257	100.342919	23.045178	99.713057	21.295933	98.914543	19.467957	97.774985	17.560031	96.043266	15.589369	93.333889	13.604117	89.034844
540.751830	61.213840	178.407350	60.430728	158.262697	56.934617	141.473435	52.311818	129.627980	47.743496	121.566474	43.717602	115.956576	40.319988	111.924767	37.475510	108.954793	35.065695	106.736973	32.974654	105.073797	31.103153	103.828324	29.370372	102.896161	27.711707	102.189254	26.075839	101.625060	24.422227	101.117364	22.719495	100.566208	20.944868	99.844145	19.084993	98.774853	17.138792	97.097033	15.123885	94.401043	13.090064	90.019073
541.219420	61.153750	175.231821	59.873980	155.497483	56.123739	139.610939	51.481485	128.523588	47.003228	120.963278	43.092347	115.679022	39.798849	111.871394	37.037169	109.067757	34.688553	106.982232	32.639986	105.430512	30.795545	104.283399	29.077266	103.441382	27.422745	102.819730	25.782250	102.338232	24.116325	101.912251	22.394278	101.442512	20.593713	100.800792	18.701437	99.807068	16.716442	98.189844	14.656636	95.514050	12.573338	91.049847
541.686950	60.995826	172.086202	59.253254	152.910837	55.301488	137.922927	50.668874	127.536985	46.288990	120.435431	42.491889	115.452323	39.298280	111.855225	36.614898	109.210115	34.323589	107.252270	32.314375	105.809271	30.494558	104.759023	28.788891	104.006598	27.137044	103.470467	25.490766	103.072758	23.811603	102.730493	22.069488	102.345258	20.242349	101.788308	18.317097	100.876168	16.292709	99.327126	14.187249	96.679233	12.053431	92.133553
542.154360	60.781982	168.997245	58.605214	150.439353	54.480026	136.329704	49.869799	126.612473	45.590848	119.947917	41.905903	115.253565	38.809449	111.859999	36.201710	109.369345	33.965483	107.536751	31.993857	106.201044	30.197296	105.246925	28.503188	104.583911	26.853202	104.133633	25.200509	103.820586	23.507620	103.563548	21.745057	103.265124	19.891046	102.796297	17.932570	101.970472	15.868534	100.495969	13.717058	97.883327	11.532092	93.259362
542.621700	60.454696	166.022010	57.901560	148.200412	53.659858	134.928048	49.097869	125.813490	44.925076	119.541990	41.349040	115.111376	38.344232	111.907231	35.806780	109.562839	33.621144	107.850617	31.683544	106.619348	29.907477	105.759900	28.222797	105.185963	26.573021	104.822242	24.912635	104.595659	23.205022	104.426939	21.421230	104.220035	19.539734	103.846161	17.547519	103.116277	15.443308	101.729226	13.245061	99.166751	11.007657	94.470941
543.088870	60.100203	163.095802	57.188663	146.025215	52.843440	133.573603	48.334569	125.045146	44.268351	119.156378	40.799993	114.983625	37.885263	111.965531	35.416666	109.765402	33.280448	108.172350	31.375956	107.044824	29.619676	106.279720	27.943884	105.794844	26.293908	105.517968	24.625518	105.378476	22.902953	105.299115	21.097771	105.185327	19.188683	104.908773	17.162664	104.278296	15.018218	102.983670	12.773070	100.477866	10.482877	95.715096
543.555970	59.629459	160.374090	56.435443	144.118177	52.041834	132.418134	47.606921	124.406083	43.649199	118.856661	40.283435	114.917126	37.452230	112.070999	35.046491	110.006839	32.954774	108.528006	31.079529	107.501411	29.340060	106.829390	27.670871	106.433632	26.018948	106.244947	24.341224	106.195334	22.602711	106.209891	20.775421	106.196136	18.838252	106.027113	16.778103	105.510927	14.593115	104.330011	12.300444	101.908631	9.955895	97.099593
544.023010	59.153288	157.667414	55.681232	142.226194	51.241781	131.273134	46.881595	123.773833	43.032287	118.561560	39.768754	114.853986	37.020680	112.179091	34.677455	110.250461	32.629961	108.885581	30.783749	107.959769	29.060926	107.380770	27.398218	107.074148	25.744254	106.973752	24.057130	107.014214	22.302622	107.123006	20.453199	107.209772	18.487941	107.149020	16.393668	106.748255	14.168152	105.682777	11.827953	103.348367	9.428968	98.495763
544.489870	58.571451	155.245058	54.906310	140.620615	50.470014	130.327674	46.199541	123.271654	42.457280	118.354872	39.289212	114.855497	36.616828	112.338043	34.329603	110.536734	32.321086	109.280927	30.499829	108.453221	28.790525	107.966273	27.131921	107.749316	25.474130	107.739321	23.776292	107.873801	22.004879	108.083144	20.132771	108.280053	18.139202	108.342086	16.010861	108.078766	13.744994	107.162313	11.357096	104.964154	8.901989	100.119996
544.956670	57.989689	152.823013	54.131488	139.015242	49.698346	129.382336	45.517575	122.769539	41.882346	118.148211	38.809731	114.857007	36.213027	112.496973	33.981797	110.822971	32.012252	109.676221	30.215945	108.946611	28.520158	108.551700	26.865657	108.424398	25.204041	108.504790	23.495490	108.733277	21.707175	109.043159	19.812383	109.350197	17.790508	109.534999	15.628103	109.409106	13.321891	108.641658	10.886300	106.579734	8.375079	101.744020
545.423400	57.337074	150.684375	53.356435	137.651607	48.960115	128.599936	44.876708	122.374942	41.344979	118.016456	38.361083	114.914637	35.833346	112.700972	33.652424	111.147632	31.717338	110.106030	29.942499	109.472507	28.257585	109.169160	26.605205	109.132498	24.938312	109.305827	23.218045	109.632800	21.412225	110.050311	19.494538	110.478371	17.444536	110.802740	15.248636	110.840813	12.902923	110.265621	10.420274	108.411339	7.851733	103.684730
545.889950	56.677454	148.575517	52.581646	136.313202	48.225578	127.834491	44.240281	121.991488	40.811653	117.892412	37.915755	114.977985	35.456273	112.909505	33.325060	111.476101	31.423958	110.539209	29.670222	110.001533	27.995906	109.789669	26.345443	109.843713	24.673127	110.110205	22.941047	110.536086	21.117666	111.061912	19.177070	111.612062	17.098970	112.077665	14.869646	112.282359	12.484533	111.903776	9.954909	110.264362	7.328946	105.657114
546.356450	55.981074	146.696351	51.818417	135.151054	47.521893	127.186209	43.637130	121.686696	40.307486	117.824546	37.493939	115.084442	35.097445	113.153367	33.011591	111.835234	31.141058	111.000375	29.405811	110.557322	27.740122	110.436953	26.090124	110.582942	24.411360	110.945243	22.666818	111.474473	20.825590	112.115576	18.862178	112.798606	16.756497	113.422486	14.494743	113.821823	12.071696	113.688675	9.496704	112.355020	6.813299	108.035064
546.822810	55.273535	144.888573	51.058959	134.043613	46.827918	126.574257	43.044410	121.406262	39.812452	117.774036	37.079490	115.204173	34.744343	113.408066	32.702495	112.203733	30.861469	111.470055	29.143898	111.121222	27.486227	111.092327	25.836244	111.330619	24.150718	111.789521	22.393517	112.423443	20.534359	113.181940	18.548163	114.001143	16.415070	114.788519	14.121201	115.391095	11.660683	115.518385	9.040830	114.518457	6.299993	110.537544
547.289060	54.552078	143.252965	50.315811	133.059875	46.160170	126.044434	42.477585	121.182042	39.339412	117.764595	36.682568	115.356053	34.404799	113.689544	32.403744	112.595783	30.589729	111.961487	28.887943	111.706174	27.236885	111.769031	25.585912	112.100923	23.892958	112.658937	22.122750	113.401672	20.245636	114.284030	18.237001	115.249574	16.077284	116.216932	13.752659	117.051009	11.256739	117.491477	8.594806	116.936382	5.798761	113.565868
547.755250	53.822080	141.722831	49.582644	132.151923	45.508484	125.564928	41.926620	120.992265	38.879843	117.780319	36.296378	115.527634	34.073559	113.987436	32.111327	113.002269	30.322795	112.466257	28.635636	112.304035	26.990330	112.458816	25.337751	112.885104	23.636961	113.543770	21.853530	114.397845	19.958446	115.408030	17.927581	116.526148	15.741725	117.683593	13.387177	118.766492	10.857120	119.552459	8.154811	119.510287	5.304920	116.916460
548.221310	53.091052	140.310718	48.865405	131.325600	44.876990	125.139998	41.394401	120.840609	38.435824	117.824493	35.922466	115.721892	33.751793	114.304503	31.826152	113.425838	30.061389	112.986993	28.387568	112.917535	26.747076	113.164648	25.092245	113.686546	23.383235	114.448066	21.586452	115.417052	19.673549	116.560679	17.620944	117.840331	15.409887	119.202764	13.026984	120.561093	10.465305	121.745620	7.726639	122.342840	4.829117	120.939536
548.687260	52.358831	139.028957	48.165719	130.589448	44.267769	124.775363	40.882865	120.731078	38.008963	117.900116	35.562099	115.941231	33.440477	114.642789	31.548962	113.868318	29.806073	113.525414	28.144168	113.548365	26.507455	113.888269	24.849658	114.507128	23.132000	115.373941	21.321722	116.461793	19.391165	117.745077	17.317362	119.196180	15.082140	120.780087	12.672614	122.443275	10.082089	124.085043	7.311506	125.461493	4.373217	125.706231
549.153140	51.630760	137.818961	47.478356	129.902041	43.672162	124.443755	40.383430	120.645128	37.591974	117.993722	35.209482	116.175173	33.135143	114.993618	31.276365	114.322132	29.554293	114.074575	27.903521	114.189857	26.270031	114.622984	24.608907	115.339809	22.882424	116.313664	21.058661	117.523173	19.110680	118.950523	17.016196	120.580195	14.757727	122.397681	12.323118	124.388127	9.706374	126.534527	6.908813	128.816351	3.941928	131.251094
549.618900	50.911121	136.755401	46.816114	129.314106	43.104314	124.179551	39.908672	120.607312	37.195119	118.124038	34.872668	116.438940	32.842007	115.370069	31.013131	114.799104	29.309717	114.645688	27.668482	114.853143	26.037080	115.380380	24.371893	116.197232	22.636220	117.281703	20.798994	118.618571	18.834060	120.198995	16.719946	122.021776	14.440103	124.097561	11.983555	126.461007	9.345955	129.208806	6.531493	132.653552	3.560854	138.384742
550.084530	50.195821	135.726495	46.161140	128.749548	42.543770	123.931414	39.440194	120.581180	36.803321	118.263409	34.539810	116.710152	32.551929	115.752980	30.752259	115.281963	29.066981	115.222428	27.434902	115.522074	25.805327	116.143716	24.135924	117.061218	22.391010	118.257364	20.540386	119.723281	18.558707	121.459466	16.425361	123.479760	14.124829	125.821496	11.647509	128.572544	8.991176	131.954091	6.164420	136.654330	3.206012	146.114368
550.550050	49.499343	134.852694	45.538249	128.289757	42.015559	123.755420	38.999536	120.607668	36.433912	118.443722	34.224435	117.015195	32.275333	116.165396	30.501763	115.791846	28.832280	115.825116	27.207653	116.217118	25.578733	116.934590	23.904417	117.955659	22.150033	119.268365	20.286295	120.871077	18.288782	122.775298	16.137977	125.013151	13.819822	127.655592	11.326973	130.860437	8.661449	135.022143	5.843149	141.396304	2.969003	156.537453
551.015500	48.803964	133.984495	44.916766	127.833745	41.488672	123.582054	38.559987	120.636089	36.065391	118.625544	33.909757	117.321483	31.999280	116.578891	30.251692	116.302712	28.597918	116.428744	26.980682	116.913108	25.352378	117.726468	23.673129	118.851221	21.909277	120.280692	20.032448	122.020527	18.019157	124.093310	15.850989	126.549602	13.515378	129.494304	11.007285	133.155974	8.333118	138.104659	5.524599	146.171587	2.739562	167.025936
551.480830	48.137619	133.275295	44.333581	127.485489	40.997990	123.484239	38.150839	120.720733	35.721114	118.851904	33.613975	117.665141	31.737841	117.025402	30.012947	116.844190	28.372439	117.062122	26.760849	117.639391	25.132022	118.550700	23.447262	119.783035	21.673936	121.335651	19.784676	123.222684	17.757130	125.480034	15.574357	128.181160	13.226000	131.474492	10.710898	135.682755	8.043976	141.619549	5.283680	151.933035	2.728747	179.455145
551.946040	47.471446	132.566278	43.750546	127.137323	40.507435	123.386450	37.741796	120.805355	35.376925	119.078205	33.318269	118.008710	31.476471	117.471797	29.774265	117.385528	28.147018	117.695337	26.541073	118.365487	24.911724	119.374720	23.221453	120.714608	21.438656	122.390338	19.536968	124.424531	17.495170	126.866401	15.297796	129.812298	12.936696	133.454168	10.414587	138.208885	7.754908	145.133533	5.042822	157.692997	2.717935	191.881149
552.411190	46.835452	131.983215	43.201818	126.875301	40.047842	123.350205	37.358280	120.936693	35.052946	119.342170	33.038297	118.384356	31.227299	117.946921	29.545097	117.953848	27.929143	118.355098	26.327480	119.118967	24.696780	120.228352	23.000684	121.679770	21.208658	123.485007	19.295458	125.676402	17.241235	128.318782	15.032445	131.535897	12.664045	135.572922	10.144648	140.963749	7.511768	149.067100	4.896429	164.240082	2.908692	202.705996
552.876220	46.203570	131.416814	42.657722	126.624642	39.592421	123.322041	36.978204	121.074128	34.731696	119.611012	32.760456	118.764120	30.979788	118.425700	29.317232	118.525571	27.712310	119.018182	26.114750	119.875858	24.482591	121.085662	22.780630	122.649106	20.979409	124.584656	19.054820	126.934532	16.988413	129.779473	14.768630	133.271210	12.393644	137.709409	9.878233	143.747954	7.274712	153.054759	4.762462	170.888842	3.125844	213.318197
553.341130	45.598443	130.941470	42.141197	126.437044	39.161049	123.339767	36.617694	121.247009	34.425883	119.908858	32.494654	119.168900	30.741671	118.927135	29.096778	119.118797	27.501461	119.702663	25.907056	120.655060	24.272925	121.967383	22.565023	123.646450	20.755023	125.718036	18.820085	128.235333	16.743407	131.297039	14.515889	135.086849	12.139885	139.967006	9.638545	146.728152	7.084843	157.369309	4.720818	177.813111	3.449774	221.498092
553.805910	45.003131	130.499235	41.634766	126.272350	38.738479	123.374131	36.264347	121.432713	34.125725	120.217168	32.233268	119.582678	30.507005	119.436694	28.879053	119.719711	27.292823	120.394777	25.701226	121.442210	24.064937	122.857791	22.351068	124.653766	20.532442	126.863437	18.587533	129.551367	16.501282	132.834949	14.267211	136.931281	11.892209	142.268105	9.408594	149.778874	6.912122	161.801605	4.712663	184.836008	3.812368	228.794370
554.270630	44.429387	130.119941	41.149100	126.151901	38.333554	123.441285	35.925202	121.644183	33.836733	120.546883	31.980597	120.015161	30.279169	119.963398	28.666762	120.337096	27.088637	121.103463	25.499232	122.246847	23.860507	123.767541	22.140751	125.683516	20.313999	128.036107	18.360172	130.902189	16.266193	134.419509	14.028673	138.841642	11.659969	144.667396	9.203677	152.980109	6.783076	166.428960	4.777478	191.654778	4.217523	234.669486
554.735230	43.871198	129.785833	40.678402	126.063189	37.941346	123.531935	35.596295	121.874091	33.555792	120.891887	31.734214	120.460982	30.056266	120.502307	28.458403	120.966187	26.887677	121.823913	25.300020	123.063888	23.658661	124.691006	21.933078	126.729179	20.098560	129.228134	18.136570	132.277727	16.036188	136.037251	13.797443	140.798951	11.438836	147.136683	9.016742	156.288718	6.685362	171.195384	4.894594	198.326080	4.653123	239.524796
555.199770	43.328766	129.492467	40.222146	126.003578	37.561175	123.644534	35.277005	122.121523	33.282403	121.251646	31.493743	120.919856	29.838029	121.053317	28.253799	121.607026	26.689854	122.556319	25.103582	123.893678	23.459481	125.628720	21.728237	127.791517	19.886454	130.440600	17.917253	133.679482	15.812087	137.690193	13.574805	142.805602	11.230853	149.677059	8.851028	159.694127	6.622753	176.022220	5.057128	204.618982	5.103560	243.748811
555.664120	42.807336	129.253143	39.785132	125.982527	37.197039	123.786182	34.970531	122.392111	33.019082	121.630865	31.261161	121.395910	29.626024	121.620225	28.054218	122.263275	26.496233	123.304387	24.910868	124.740160	23.263880	126.585084	21.527195	128.875692	19.678813	131.679854	17.703665	135.115633	15.595858	139.389368	13.363600	144.877138	11.040342	152.310999	8.713462	163.226952	6.606662	180.927930	5.279788	210.409137	5.573543	247.135570
556.128420	42.295794	129.036948	39.356861	125.978256	36.840089	123.940684	34.669776	122.673100	32.760261	122.018939	31.032124	121.879874	29.416849	122.194531	27.856957	122.926774	26.304596	124.059902	24.719966	125.594656	23.070085	127.550488	21.328136	129.970535	19.473565	132.932266	17.493200	136.568712	15.383964	141.111174	13.158711	146.979752	10.859449	154.986888	8.591032	166.804472	6.613234	185.806534	5.524028	215.914700	6.047764	250.279033
556.592590	41.810106	128.881221	38.951449	126.017855	36.501924	124.128793	34.383973	122.981282	32.513205	122.430166	30.812357	122.384514	29.215074	122.788180	27.665759	123.609232	26.118147	124.834888	24.533804	126.470109	22.881010	128.539527	21.134261	131.093273	19.274573	134.219081	17.290900	138.066053	15.183399	142.892147	12.970335	149.163623	10.703701	157.772453	8.508172	170.498851	6.679056	190.614280	5.824690	220.676218	6.533066	252.786413
557.056700	41.328622	128.734533	38.549653	126.064106	36.166700	124.322067	34.100501	123.293687	32.267986	122.845023	30.594045	122.892423	29.014472	123.384909	27.475537	124.294733	25.932552	125.613025	24.348445	127.348986	22.692759	129.532458	20.941320	132.220638	19.076732	135.511628	17.090127	139.570761	14.984968	144.682855	12.785070	151.360363	10.552637	160.573451	8.432368	174.202050	6.754077	195.384284	6.131793	225.325111	7.018986	255.226578
557.520690	40.877024	128.652668	38.173562	126.158163	35.852362	124.552561	33.833584	123.636642	32.035795	123.286230	30.386039	123.424143	28.822159	124.004169	27.292196	125.002552	25.752963	126.414320	24.168722	128.253035	22.510306	130.554014	20.754951	133.381986	18.887036	136.846208	16.900184	141.129393	14.801729	146.544684	12.622021	153.651009	10.435111	163.487166	8.407199	177.971091	6.895221	199.886394	6.485359	229.168187	7.509672	257.185608
557.984560	40.425543	128.570824	37.797568	126.252195	35.538105	124.782995	33.566736	123.979509	31.803664	123.727322	30.178087	123.955725	28.629897	124.623268	27.108901	125.710188	25.573420	127.215409	23.989046	129.156851	22.327900	131.575305	20.568631	134.543034	18.697388	138.180444	16.710291	142.687621	14.618538	148.406032	12.459014	155.941063	10.317616	166.400128	8.382036	181.739157	7.036328	204.387340	6.838834	233.010269	8.000231	259.144130
558.448300	40.005199	128.552524	37.447821	126.393846	35.245007	125.051059	33.316642	124.353674	31.584763	124.195711	29.980676	124.512236	28.446214	125.266194	26.932857	126.441670	25.400364	128.041473	23.815644	130.088036	22.152151	132.627927	20.390065	135.741442	18.517531	139.560861	16.533550	144.304631	14.453848	150.343020	12.322917	158.324628	10.239867	169.403648	8.413089	185.482848	7.239650	208.468009	7.225385	236.145504	8.490624	260.753895
558.911990	39.585968	128.536414	37.099011	126.537122	34.952666	125.320393	33.067149	124.728880	31.366339	124.664994	29.783647	125.069551	28.262845	125.909878	26.757080	127.173901	25.227549	128.868315	23.642476	131.020072	21.976649	133.681524	20.211784	136.941017	18.338029	140.942733	16.357279	145.923506	14.289813	152.282423	12.187760	160.711178	10.163494	172.409991	8.446075	189.225332	7.445093	212.533808	7.613036	239.256096	8.980964	262.351494
559.375550	39.191249	128.567847	36.770534	126.716562	34.676621	125.618690	32.830551	125.128449	31.158128	125.155753	29.594813	125.646671	28.086226	126.572663	26.587107	127.925414	25.060052	129.715536	23.474601	131.974602	21.806927	134.761002	20.040400	138.171505	18.167377	142.362674	16.192999	147.590097	14.142653	154.280872	12.076894	163.163355	10.121837	175.456098	8.524164	192.869155	7.692336	216.211903	8.017788	241.915953	9.468306	263.747587
559.838990	38.802347	128.610411	36.446882	126.904438	34.404447	125.923714	32.597019	125.533647	30.952349	125.651446	29.407936	126.228319	27.911222	127.239796	26.418526	128.681297	24.893832	130.567366	23.307998	132.934216	21.638593	135.846334	19.870663	139.408995	17.998830	143.791258	16.031560	149.267543	13.999475	156.292766	11.971738	165.630429	10.088320	178.510929	8.612802	196.489164	7.949321	219.798479	8.426467	244.469724	9.954852	265.096213
560.302370	38.431881	128.687392	36.138350	127.118884	34.144353	126.250302	32.373066	125.957203	30.754204	126.163489	29.227245	126.825188	27.741393	127.921755	26.254490	129.452285	24.731889	131.435266	23.145773	133.911682	21.475163	136.952269	19.706891	140.671059	17.838018	145.249832	15.880626	150.981658	13.870994	158.347349	11.887342	168.137066	10.083138	181.565324	8.734695	199.979574	8.232142	223.084463	8.843181	246.749935	10.437543	266.327752
560.765630	38.071298	128.782680	35.837925	127.347432	33.890739	126.588306	32.154256	126.390449	30.560160	126.684137	29.049882	127.430046	27.574350	128.611478	26.092904	130.231167	24.572251	132.311556	22.985910	134.898463	21.314376	138.068960	19.546323	141.945965	17.681352	146.724091	15.735313	152.714967	13.750362	160.424264	11.814012	170.664284	10.093041	184.618906	8.874267	203.400337	8.528661	226.209821	9.264092	248.884100	10.918091	267.496731
561.228760	37.723732	128.901380	35.548078	127.594266	33.645553	126.941299	31.942135	126.836556	30.371474	127.216327	28.876901	128.045729	27.411022	129.311811	25.934645	131.020926	24.415819	133.199502	22.829416	135.898245	21.157453	139.200680	19.390533	143.238719	17.530937	148.219812	15.598498	154.473585	13.641515	162.527974	11.756916	173.208693	10.123869	187.646868	9.035781	206.698255	8.839504	229.131972	9.687961	250.861379	11.394837	186.245983
561.691830	37.389441	129.044075	35.269018	127.859866	33.408959	127.309697	31.736832	127.295907	30.188245	127.760422	28.708380	128.672593	27.251473	130.023119	25.779767	131.821950	24.262647	134.099526	22.676348	136.911501	21.004462	140.347968	19.239609	144.549957	17.386900	149.737748	15.470363	156.258400	13.544719	164.659455	11.716434	175.771109	10.176131	190.649071	9.219793	209.870888	9.165066	231.846481	10.114928	252.678301	11.867764	20.576087
562.154720	37.063408	129.201090	34.996632	128.136758	33.177689	127.687425	31.535781	127.763313	30.008454	128.311779	28.542712	129.306306	27.094392	130.741179	25.627153	132.629929	24.111713	135.007031	22.525689	137.933123	20.854279	141.504917	19.092186	145.872572	17.247445	151.269050	15.348411	158.058100	13.456345	166.804344	11.687140	178.335385	10.241845	193.618256	9.416318	212.952415	9.497490	234.442646	10.542411	254.413102	12.337667	-89.364777
562.617550	36.753604	129.386714	34.737358	128.436310	32.956869	128.083973	31.343064	128.247057	29.835394	128.877951	28.382618	129.954060	26.942123	131.473144	25.478948	133.452276	23.965142	135.930015	22.379730	138.972061	20.709591	142.681844	18.951639	147.218688	17.117021	152.827944	15.238686	159.888593	13.384678	168.977306	11.680101	180.905018	10.334380	196.523620	9.637883	215.854559	9.843786	236.804890	10.971199	255.985535	12.801853	-88.433411
563.080320	36.447733	129.579076	34.481248	128.741252	32.738570	128.485028	31.152365	128.734742	29.663974	129.447716	28.223898	130.605236	26.791058	132.208513	25.331871	134.278161	23.819711	136.856824	22.235028	140.015281	20.566399	143.863691	18.812981	148.570513	16.989085	154.393319	15.132305	161.725742	13.317492	171.154817	11.678795	183.470919	10.433319	199.405963	9.864748	218.709779	10.192522	239.115970	11.399757	257.524866	13.264366	-87.516333
563.542910	36.160512	129.803553	34.240133	129.071917	32.532218	128.907624	30.971221	129.241285	29.500320	130.034713	28.071680	131.272842	26.645695	132.960250	25.190126	135.121073	23.679682	137.802050	22.096277	141.079120	20.430292	145.069223	18.683283	149.949813	16.872957	155.989896	15.041816	163.594984	13.271620	173.354478	11.704772	186.019647	10.562761	202.179399	10.116890	221.342334	10.552945	241.184080	11.827321	258.907018	13.719029	-86.667046
564.005430	35.873577	130.028411	33.999249	129.402870	32.326053	129.330442	30.790230	129.748006	29.336793	130.621856	27.919572	131.940573	26.500431	133.712100	25.048476	135.964096	23.539750	138.747392	21.957635	142.143087	20.294310	146.274902	18.553737	151.329278	16.757022	157.586636	14.951575	165.464313	13.226062	175.553942	11.731121	188.567444	10.692571	204.950602	10.369281	223.971512	10.913423	243.249024	12.254784	260.287194	14.173507	-85.818669
564.467900	35.607132	130.288304	33.774788	129.762242	32.132987	129.777367	30.619764	130.276054	29.181891	131.228693	27.774776	132.627278	26.361690	134.483006	24.913062	136.827057	23.406282	139.714376	21.826270	143.231263	20.167131	147.508150	18.435420	152.740060	16.655888	159.217320	14.881074	167.364635	13.206374	177.764682	11.789100	191.069162	10.855049	207.568826	10.645796	226.349822	11.283060	245.073712	12.679089	261.518537	14.618253	-85.036081
564.930180	35.340797	130.548090	33.550420	130.121465	31.940000	130.224107	30.449368	130.803886	29.027052	131.835280	27.630039	133.313701	26.223005	135.253595	24.777703	137.689663	23.272870	140.680963	21.694959	144.318992	20.040004	148.740892	18.317152	154.150263	16.554796	160.847334	14.810601	169.264176	13.186694	179.974513	11.847055	193.569851	11.017460	210.185975	10.922198	228.727154	11.652545	246.897649	13.103219	262.749374	15.062816	-84.253815
565.392400	35.090794	130.835258	33.339135	130.503095	31.757483	130.689980	30.287445	131.348749	28.879234	132.457679	27.491347	134.015428	26.089824	136.039639	24.647723	138.568485	23.145156	141.665159	21.570174	145.426327	19.920843	149.995670	18.209064	155.584753	16.467041	162.501882	14.757632	171.181756	13.189262	182.178867	11.930782	196.009999	11.204321	212.659657	11.214603	230.906858	12.026529	248.549897	13.523174	263.876335	15.498586	-83.519083
565.854490	34.843762	131.127224	33.130232	130.888612	31.576876	131.159135	30.127072	131.896501	28.732702	133.082730	27.353766	134.719696	25.957656	136.828230	24.518733	139.449965	23.018488	142.652233	21.446582	146.536863	19.803131	151.254043	18.102815	157.023193	16.381681	164.160368	14.707791	173.102049	13.195785	184.381678	12.019072	198.438750	11.395481	215.107184	11.509779	233.050850	12.401216	250.171182	13.942278	264.984530	15.932680	-82.792996
566.316530	34.608865	131.439418	32.931048	131.290857	31.404076	131.642710	29.973059	132.457209	28.591498	133.719905	27.220841	135.435794	25.829808	137.628824	24.394059	140.344086	22.896486	143.653024	21.328415	147.662556	19.692105	152.529146	18.005122	158.479338	16.307455	165.835032	14.672310	175.030114	13.219958	186.568848	12.126682	200.805816	11.603487	217.436709	11.814725	235.052660	12.777565	251.677393	14.357284	266.023896	16.359602	-82.099542
566.778380	34.379629	131.760795	32.736403	131.700642	31.234926	132.132734	29.822024	133.023669	28.452792	134.362419	27.090104	136.157068	25.703990	138.434645	24.271413	141.243691	22.776672	144.659755	21.212785	148.794807	19.584191	153.811475	17.911397	159.943091	16.238372	167.516526	14.643439	176.961053	13.252233	188.748040	12.243130	203.143685	11.819157	219.711174	12.124050	236.988418	13.154541	253.130188	14.770258	267.031261	16.783075	-81.421334
567.240170	34.158875	132.096199	32.548551	132.122122	31.071248	132.632920	29.675476	133.599312	28.317881	135.013582	26.962730	136.886821	25.581351	139.249104	24.152005	142.152404	22.660426	145.676334	21.101363	149.937823	19.481503	155.105386	17.824359	161.418414	16.177917	169.207017	14.625469	178.892265	13.297411	190.907164	12.372875	205.427467	12.045456	221.897870	12.438737	238.829156	13.531557	254.509973	15.179648	267.995098	17.201031	-80.764511
567.701900	33.945948	132.444540	32.366966	132.554388	30.912618	133.142475	29.533069	134.183422	28.186473	135.672719	26.838462	137.624387	25.461646	140.071525	24.035586	143.069509	22.547473	146.701988	20.993826	151.090760	19.383637	156.409969	17.743492	162.904397	16.125420	170.905792	14.617553	180.823709	13.354492	193.047752	12.514884	207.661330	12.281557	224.003576	12.758367	240.582217	13.908607	255.822391	15.585730	268.918769	17.613894	-80.127424
568.163450	33.738411	132.801531	32.189710	132.993886	30.757496	133.658315	29.393564	134.773220	28.057552	136.337212	26.716438	138.367205	25.344103	140.899295	23.921412	143.992232	22.437028	147.733667	20.889273	152.250166	19.289479	157.721239	17.667338	164.396439	16.078912	172.607816	14.617000	182.750938	13.419915	195.169140	12.664941	209.854569	12.523510	226.051756	13.080433	242.278126	14.284956	257.092439	15.989041	210.975002	18.022882	-79.503396
568.624940	33.540580	133.174499	32.020238	133.446820	30.608677	134.185913	29.259270	135.373728	27.933094	137.011856	26.598434	139.120027	25.230432	141.737295	23.811264	144.925732	22.331092	148.776928	20.790099	153.422037	19.202025	159.045460	17.599735	165.900394	16.043292	174.316750	14.629868	184.671604	13.500583	197.256759	12.829752	211.975032	12.776270	227.996266	13.407126	243.870843	14.660248	258.285993	16.387537	45.690985	18.425045	-78.902814
569.086300	33.345389	133.551621	31.852891	133.903243	30.461591	134.716554	29.126423	135.976997	27.809891	137.689104	26.481583	139.875404	25.117892	142.577892	23.702310	145.861951	22.226511	149.823072	20.692547	154.596926	19.116587	160.372626	17.534677	167.406634	16.010854	176.025947	14.646538	186.587939	13.585364	199.331934	12.998274	214.073101	13.031476	229.912299	13.734595	245.437083	15.034888	259.460387	16.784462	-88.489863	18.825151	-78.308460
569.547610	33.161450	133.947215	31.694591	134.375337	30.321865	135.261010	28.999713	136.592926	27.692011	138.378415	26.369606	140.642722	25.010137	143.430713	23.598424	146.811024	22.127692	150.882911	20.601932	155.786234	19.039816	161.714068	17.480608	168.924481	15.992201	177.738192	14.679740	188.487598	13.688108	201.355360	13.183100	216.076226	13.297588	231.706760	14.065797	246.890052	15.407118	260.552859	17.175007	-87.698697	19.216759	-77.740506
570.008730	32.977830	134.343041	31.536553	134.847574	30.182358	135.805540	28.873192	137.208877	27.574299	139.067707	26.257787	141.409986	24.902538	144.283451	23.494701	147.759986	22.029054	151.942607	20.511522	156.975352	18.963285	163.055236	17.426823	170.441885	15.973880	179.449663	14.713302	190.385897	13.791198	203.376572	13.368181	218.076299	13.563791	233.497869	14.396910	248.340110	15.779119	261.643232	17.565237	-86.908872	19.608013	-77.173351
570.469850	32.806817	134.759355	31.388701	135.337296	30.051209	136.365574	28.753727	137.839110	27.462800	139.770673	26.151768	142.190813	24.800744	145.150070	23.397230	148.723472	21.937604	153.017560	20.429806	158.180044	18.897583	164.410796	17.386623	171.968690	15.972271	181.157600	14.766278	192.254251	13.914403	205.326243	13.570360	219.960899	13.840383	235.153597	14.730538	249.670319	16.147249	262.648132	17.947540	-86.171654	19.989195	-76.635512
570.930790	32.635871	135.175506	31.240907	135.826827	29.920111	136.925389	28.634308	138.469098	27.351345	140.473364	26.045791	142.971336	24.698990	146.016351	23.299797	149.686581	21.846190	154.092092	20.348122	159.384266	18.831907	165.765827	17.346440	173.494900	15.970663	182.864870	14.819234	194.121875	14.037561	207.275152	13.772460	221.844763	14.116867	236.808680	15.064035	251.000008	16.515235	263.652640	18.329694	-85.434724	20.370229	-76.097884
571.391660	32.474960	135.607939	31.101241	136.330345	29.795719	137.497681	28.520595	139.110643	27.244978	141.187154	25.944637	143.762898	24.602148	146.893916	23.207739	150.661396	21.761033	155.178689	20.274049	160.600328	18.775703	167.130758	17.318033	175.025211	15.983267	184.563090	14.888171	195.956251	14.176497	209.156897	13.987095	223.630923	14.400157	238.357241	15.398229	252.239129	16.879178	264.593182	18.704844	-84.737764	20.742723	-75.583360
571.852360	32.315877	136.043100	30.963057	136.836162	29.672554	138.071982	28.407928	139.754011	27.139547	141.902661	25.844368	144.556140	24.506206	147.773173	23.116661	151.637944	21.677011	156.267045	20.201346	161.818066	18.721191	168.496970	17.291717	176.555723	15.998376	186.259130	14.959908	197.784127	14.318173	211.026135	14.203871	225.399215	14.684551	239.886459	15.732431	253.461830	17.242282	265.522103	19.078629	-84.048102	21.113581	-75.073094
572.313050	32.164189	136.490285	30.830886	137.352386	29.554382	138.655632	28.299558	140.406087	27.037999	142.626578	25.747845	145.357752	24.414145	148.660961	23.029893	152.623260	21.598056	157.364229	20.134826	163.044012	18.674345	169.869101	17.274816	178.086392	16.024602	187.943512	15.043721	199.580603	14.471199	212.839302	14.429074	227.092626	14.972978	241.338743	16.066321	254.621046	17.601819	266.406333	19.446848	-83.386887	21.477860	-74.579915
572.773560	32.016044	136.942967	30.701599	137.873320	29.438608	139.243468	28.193253	141.062019	26.938320	143.354184	25.653125	146.163005	24.323949	149.552433	22.945191	153.612335	21.521519	158.465156	20.071247	164.273362	18.631130	171.243499	17.262361	179.616554	16.056058	189.621757	15.133195	201.361594	14.629518	214.625345	14.658164	228.750092	15.263195	242.754206	16.399935	255.749891	17.959537	267.269156	19.812302	-82.739333	21.838898	-74.094979
573.234010	31.873027	137.403878	30.576505	138.401409	29.326347	139.837747	28.090005	141.723966	26.841448	144.087595	25.561157	146.974026	24.236649	150.449745	22.863745	154.607305	21.448835	159.571811	20.012370	165.507616	18.593702	172.620499	17.256909	181.144187	16.095574	191.287867	15.231103	203.115837	14.795362	216.368379	14.892439	230.354281	15.555492	244.117566	16.732745	256.836698	18.314355	268.102316	20.173591	-82.111064	22.195157	-73.622087
573.694340	31.734989	137.872686	30.455482	138.936349	29.217497	140.438180	27.989726	142.391639	26.747301	144.826521	25.471861	147.790519	24.152162	151.352585	22.785459	155.607843	21.379887	160.683856	19.958049	166.746446	18.561878	173.999831	17.258231	182.669171	16.142881	192.942017	15.337156	204.843971	14.968461	218.069575	15.131697	231.906722	15.849761	245.430344	17.064732	257.882696	18.666319	268.906672	20.530804	-81.501532	22.546744	-73.160907
574.154600	31.600137	138.346412	30.337085	139.475560	29.110872	141.042453	27.891414	143.062889	26.654991	145.568882	25.384397	148.610398	24.069629	152.258795	22.709389	156.611692	21.313566	161.798935	19.906918	167.987484	18.533933	175.379435	17.264155	184.190528	16.195331	194.585825	15.448375	206.552458	15.145921	219.741931	15.373716	233.425689	16.144868	246.711674	17.395862	258.903689	19.016228	214.037271	20.885255	-80.903843	22.895244	-72.707436
574.614690	31.471589	138.829824	30.223885	140.023173	29.008653	141.654275	27.796994	143.741160	26.566316	146.317982	25.300557	149.436912	23.990964	153.171603	22.637705	157.622013	21.252441	162.919935	19.862093	169.232800	18.513656	176.759480	17.279172	185.704614	16.257943	196.209086	15.569797	208.222004	15.331986	221.357182	15.621172	234.878402	16.441610	247.930769	17.725275	259.875202	19.362051	49.156330	21.234223	-80.329598	23.237617	-72.269229
575.074710	31.344452	139.315406	30.111852	140.572678	28.907428	142.267802	27.703460	144.421019	26.478479	147.068607	25.217564	150.264919	23.913217	154.085882	22.567072	158.633735	21.192571	164.042124	19.818793	170.478792	18.495219	178.139101	17.296337	187.216208	16.322893	197.826552	15.693475	209.881565	15.519850	222.958789	15.869662	236.316101	16.738535	249.136216	18.054154	260.835995	19.706846	-88.811468	21.581879	-79.760552	23.578559	-71.834507
575.534670	31.224509	139.812493	30.005759	141.132293	28.811261	142.890520	27.614432	145.109514	26.394902	147.827587	25.138886	151.101173	23.840152	155.008335	22.501820	159.653338	21.139135	165.171187	19.783326	171.729084	18.486262	179.517437	17.324593	188.715942	16.399940	199.415202	15.828870	211.490731	15.717122	224.491103	16.123645	237.677326	17.036599	250.272079	18.380492	261.742146	20.046560	-88.106657	21.923001	-79.217946	23.912344	-71.417468
575.994450	31.104612	140.309386	29.899708	141.691689	28.715132	143.512994	27.525440	145.797738	26.311358	148.586270	25.060239	151.937099	23.767115	155.930428	22.436593	160.672542	21.085720	166.299807	19.747872	172.978887	18.477308	180.895234	17.352837	190.215089	16.476956	201.003231	15.964211	213.099266	15.914316	226.022817	16.377529	239.038018	17.334547	251.407498	18.706702	262.647941	20.386141	-87.402120	22.263989	-78.675553	24.245999	-71.000592
576.454160	30.992693	140.818760	29.800314	142.262087	28.624751	144.145491	27.441652	146.495387	26.232823	149.354034	24.986747	152.781920	23.699734	156.861168	22.377904	161.699747	21.040113	167.434763	19.721853	174.231236	18.479610	182.267956	17.393965	191.695726	16.567606	202.552709	16.112236	214.645970	16.121162	227.474700	16.636557	240.314499	17.632938	252.468122	19.029526	263.495262	20.719756	-86.739790	22.597581	-78.162532	24.571708	-70.604095
576.913760	30.880898	141.328166	29.701025	142.832484	28.534461	144.777960	27.357947	147.192985	26.154367	150.121727	24.913334	153.626650	23.632439	157.791791	22.319308	162.726806	20.994612	168.569526	19.695956	175.483319	18.482048	183.640290	17.435241	193.175786	16.658401	204.101348	16.260381	216.191552	16.328077	228.925263	16.895586	241.589647	17.931264	253.527581	19.352232	264.341667	21.053219	-86.078133	22.931003	-77.649992	24.897242	-70.207941
577.373290	30.775179	141.846870	29.606835	143.411076	28.448612	145.417885	27.278314	147.897557	26.079883	150.896109	24.844068	154.477824	23.569746	158.728511	22.266068	163.759165	20.955515	169.707791	19.677754	176.735172	18.493551	185.005392	17.486672	194.637040	16.759610	205.615143	16.417805	217.685247	16.541624	230.312511	17.157692	242.800568	18.229162	254.531183	19.671754	265.144575	21.381697	-85.448233	23.258485	-77.160011	25.216536	-69.827893
577.832640	30.670901	142.367536	29.513856	143.991355	28.363819	146.059304	27.199649	148.603487	26.006343	151.671760	24.775785	155.330183	23.508137	159.666304	22.214083	164.792380	20.917910	170.846459	19.661334	177.986525	18.507141	186.368337	17.540429	196.093431	16.863187	207.120353	16.577317	219.166430	16.756627	231.684645	17.420414	243.996227	18.526855	255.521531	19.990427	265.937153	21.708907	-84.825889	23.584478	-76.675414	25.534275	-69.451699
578.291930	30.571016	142.894940	29.424591	144.577602	28.282293	146.706176	27.124017	149.314538	25.935808	152.452289	24.710681	156.187201	23.450099	160.608380	22.166278	165.829073	20.885304	171.986906	19.650884	179.236325	18.527670	187.723804	17.601796	197.533092	16.974337	208.596857	16.743306	220.607288	16.975996	233.009802	17.684885	245.145692	18.823840	256.472318	20.306518	266.698909	22.032344	-84.226294	23.906107	-76.207327	25.847515	-69.087610
578.751160	30.473654	143.426177	29.337459	145.167238	28.202644	147.356138	27.050128	150.028483	25.866999	153.235572	24.647403	157.046842	23.394111	161.552858	22.120871	166.867701	20.855565	173.128311	19.643855	180.485164	18.552173	189.074908	17.667522	198.963085	17.089819	210.056827	16.912999	222.024955	17.197857	234.307959	17.950344	246.268617	19.120403	257.400377	20.621111	267.442957	22.353601	-83.639769	24.225216	-75.748727	26.158161	-68.730480
579.210210	30.379298	143.961677	29.252896	145.760623	28.125287	148.009485	26.978399	150.745555	25.800361	154.021774	24.586450	157.909164	23.340747	162.499621	22.078535	167.907853	20.829477	174.269748	19.641132	181.731298	18.581586	190.418711	17.738491	200.379029	17.210336	211.494644	17.086799	223.413329	17.422279	235.573445	18.216585	247.360304	19.416146	258.301958	20.933703	268.166321	22.672130	-83.068759	24.541269	-75.301648	26.465721	-68.382036
579.669190	30.288470	144.502388	29.171345	146.358629	28.050616	148.667042	26.909205	151.466549	25.736270	154.811675	24.528230	158.774927	23.290471	163.449384	22.039820	168.950132	20.807699	175.411581	19.643501	182.974619	18.616815	191.754296	17.815686	201.778793	17.336847	212.906699	17.265510	224.767480	17.649801	236.800672	18.483832	248.415372	19.711013	259.172490	21.244023	268.865436	22.987533	-82.515925	24.853804	-74.868059	26.769729	-68.043762
580.128110	30.199327	145.045524	29.091246	146.958776	27.977253	149.326540	26.841259	152.189337	25.673452	155.603239	24.471389	159.642186	23.241767	164.400358	22.002955	169.993076	20.788116	176.553052	19.648438	184.215762	18.654930	193.084790	17.895895	203.169428	17.466164	214.305083	17.446415	226.104329	17.878598	238.009257	18.751357	249.452991	20.005292	260.028358	21.553136	223.433443	23.301366	-81.971823	25.164624	-74.441077	27.072043	-67.710577
580.586850	30.114541	145.594891	29.014894	147.564414	27.907266	149.991011	26.776537	152.916717	25.613921	156.399047	24.418111	160.513257	23.197126	165.354405	21.970864	171.037680	20.774199	177.693525	19.660006	185.451216	18.700493	194.402071	17.983878	204.536422	17.602714	215.668109	17.632971	227.396453	18.110677	239.169666	19.019580	250.445524	20.298040	260.846328	21.859119	58.944910	23.611132	-81.450284	25.471001	-74.031167	27.369971	-67.390549
581.045530	30.030321	146.144999	28.939035	148.170698	27.837727	150.656057	26.712250	153.644613	25.554839	157.195316	24.365324	161.384711	23.153046	166.308705	21.939433	172.082303	20.761058	178.833599	19.672470	186.685567	18.747043	195.717182	18.072861	205.899844	17.740161	217.026104	17.820191	228.682500	18.343100	240.323736	19.287820	251.432233	20.590530	261.659431	22.164654	-89.135064	23.920346	-80.931704	25.776793	-73.623540	27.667333	-67.072317
581.504090	29.951156	146.702344	28.867565	148.783403	27.772191	151.326929	26.651841	154.377871	25.499763	157.996495	24.316934	162.260443	23.114014	167.266184	21.913948	173.128064	20.754946	179.971106	19.693073	187.911054	18.802585	197.013815	18.171014	207.232128	17.885874	218.339719	18.013608	229.914607	18.578864	241.421381	19.556453	252.367042	20.880947	262.429137	22.466407	-88.515273	24.224828	-80.439484	26.077546	-73.236238	27.959838	-66.770093
581.962520	29.872013	147.259530	28.796116	149.395935	27.706674	151.997611	26.591449	155.110921	25.444703	158.797446	24.268558	163.135927	23.074994	168.223392	21.888470	174.173529	20.748837	181.108290	19.713671	189.136195	18.858112	198.310082	18.269139	208.564035	18.031545	219.652963	18.206969	231.146365	18.814562	242.518714	19.825010	253.301585	21.171282	263.198625	22.768074	-87.895659	24.529224	-79.947404	26.378214	-72.849046	28.252261	-66.467955
582.420900	29.797688	147.823496	28.728892	150.014489	27.645060	152.673743	26.534892	155.848939	25.393662	159.602851	24.224636	164.015118	23.041115	169.183000	21.869046	175.219014	20.749839	182.241330	19.742410	190.350412	18.922470	199.585482	18.376044	209.862740	18.184886	220.920965	18.405832	232.325087	19.052986	243.562011	20.093549	254.187120	21.459388	263.927233	23.066034	-87.308545	24.829151	-79.480699	26.674248	-72.481799	28.540341	-66.181831
582.879150	29.723812	148.387910	28.662062	150.633409	27.583812	153.350175	26.478692	156.587197	25.342993	160.408432	24.181122	164.894398	23.007703	170.142559	21.850167	176.264215	20.751474	183.373691	19.771866	191.563324	18.987597	200.858676	18.483701	211.158134	18.338867	222.184593	18.605129	233.498766	19.291587	244.600213	20.362013	255.068050	21.747216	264.652003	23.363582	-86.724486	25.128599	-79.016380	26.969789	-72.116429	28.827955	-65.897211
583.337280	29.653598	148.957164	28.598486	151.256588	27.525610	154.030413	26.425530	157.328854	25.295543	161.216936	24.141205	165.775876	22.978449	171.103076	21.836166	177.308216	20.758789	184.501211	19.807729	192.765672	19.059532	202.113348	18.597950	212.425640	18.498408	223.411849	18.808227	234.631237	19.531875	245.597383	20.630163	255.912178	22.033170	265.346054	23.658257	-86.165053	25.424710	-78.571579	27.261972	-71.766668	29.112527	-65.625355
583.795350	29.584699	149.528130	28.536076	151.881269	27.468501	154.711990	26.373457	158.071701	25.249248	162.026457	24.102578	166.658109	22.950686	172.063901	21.823912	178.351748	20.768139	185.626954	19.845887	193.964191	19.133904	203.361340	18.714556	213.683109	18.659934	224.626032	19.012677	235.748908	19.772759	246.579819	20.898191	256.743094	22.318442	266.029078	23.951893	-85.614462	25.719615	-78.133785	27.552941	-71.422511	29.395999	-65.358079
584.253300	29.518354	150.102332	28.475955	152.508778	27.413561	155.396062	26.323572	158.816719	25.205300	162.837737	24.066592	167.541476	22.925991	173.024806	21.815256	179.393570	20.781646	186.748051	19.888671	195.153650	19.213097	204.594376	18.835704	214.919089	18.825156	225.813240	19.219516	236.836912	20.014543	247.533292	21.165769	257.548256	22.602250	266.690602	24.243451	-85.081238	26.012200	-77.709934	27.841656	-71.089677	29.677516	-65.100207
584.711120	29.454076	150.679106	28.417687	153.138525	27.360377	156.082100	26.275458	159.563436	25.163250	163.650378	24.032743	168.425694	22.903776	173.985707	21.809503	180.433933	20.798510	187.865315	19.935188	196.335707	19.296177	205.815245	18.960512	216.137625	18.993352	226.978580	19.428268	237.900881	20.257037	248.463309	21.432964	258.332564	22.884856	267.334719	24.533310	-84.562075	26.302892	-77.297371	28.128531	-70.766012	29.957436	-64.849945
585.168820	29.391400	151.257787	28.360869	153.769918	27.308585	156.769559	26.228768	160.311338	25.122744	164.463899	24.000645	169.310319	22.883596	174.946227	21.806126	181.472605	20.818093	188.978818	19.984688	197.511001	19.382301	207.025532	19.088112	217.341570	19.163740	228.126213	19.638358	238.945882	20.499948	249.375096	21.699770	259.100777	23.166491	267.965369	24.821870	-84.053903	26.592189	-76.893751	28.414106	-70.449718	30.236294	-64.605886
585.626460	29.331446	151.839913	28.306515	154.404326	27.259160	157.459664	26.184500	161.061504	25.084867	165.279182	23.971531	170.195921	22.866890	175.906401	21.806808	182.508713	20.842334	190.086243	20.039305	198.675101	19.473658	208.218101	19.220526	218.520942	19.337930	229.243924	19.850803	239.958771	20.743650	250.255992	21.965997	259.841704	23.446555	268.573186	25.108301	-83.564368	26.879193	-76.505299	28.697548	-70.145932	30.513426	-64.372359
586.083980	29.272250	152.422796	28.252857	155.039360	27.210410	158.150272	26.140931	161.812041	25.047754	166.094656	23.943285	171.081440	22.851192	176.866046	21.808658	183.543580	20.867896	191.191342	20.095344	199.835360	19.566432	209.404996	19.354197	219.692827	19.513064	230.352859	20.063777	240.962485	20.987454	251.128205	22.231966	260.574995	23.726114	238.941791	25.394100	-83.080111	27.165548	-76.121193	28.980412	-69.845776	30.790119	-64.141923
586.541440	29.216366	153.009642	28.202235	155.677833	27.164615	158.843834	26.100425	162.565004	25.013999	166.911824	23.918873	171.967504	22.839959	177.824335	21.815704	184.574003	20.899356	192.287240	20.157766	200.979742	19.665599	210.567891	19.493600	220.832638	19.692575	231.423921	20.279322	241.926449	21.231962	251.962719	22.497064	261.275090	24.003718	74.829713	25.677387	-82.618819	27.449312	-75.756016	29.260997	-69.561451	31.065144	-63.924990
586.998720	29.160503	153.596258	28.151633	156.316055	27.118838	159.537122	26.059935	163.317671	24.980256	167.728671	23.894470	172.853219	22.828730	178.782246	21.822747	185.604020	20.930805	193.382707	20.220162	202.123675	19.764728	211.730328	19.632947	221.972000	19.872015	232.494562	20.494781	242.890034	21.476373	252.796905	22.762058	261.974909	24.281213	-89.217792	25.960562	-82.157709	27.732965	-75.390983	29.541472	-69.277239	31.340060	-63.708142
587.455930	29.108493	154.187250	28.104608	156.958026	27.076593	160.233581	26.023153	164.072804	24.950615	168.547013	23.874767	173.738867	22.822972	179.737576	21.836112	186.627430	20.969356	194.465552	20.290125	203.246875	19.871287	212.862554	19.778801	223.072250	20.056288	233.520236	20.712971	243.807304	21.721434	253.587607	23.026014	262.636553	24.556564	-89.137560	26.241101	-81.723449	28.014036	-75.048379	29.819870	-69.012031	31.613742	-63.507699
587.913020	29.056506	154.778100	28.057606	157.599839	27.034370	160.929866	25.986391	164.827746	24.920993	169.365145	23.855083	174.624283	22.817230	180.692649	21.849491	187.650554	21.007917	195.548079	20.360090	204.369722	19.977840	213.994398	19.924636	224.172101	20.240526	234.545515	20.931112	244.724204	21.966433	254.377980	23.289898	263.297916	24.831836	-88.596760	26.521559	-81.289379	28.295027	-74.705927	30.098190	-68.746946	31.887348	-63.307354
588.370060	29.007431	155.372138	28.013338	158.244360	26.994880	161.628362	25.952533	165.584306	24.894615	170.184024	23.839135	175.509073	22.815837	181.644872	21.867877	188.667405	21.052048	196.619352	20.435901	205.474817	20.090022	215.101251	20.075278	225.240545	20.428224	235.535526	21.151109	245.605407	22.211763	255.135127	23.552929	263.930115	25.105533	-88.080710	26.800193	-80.876096	28.574364	-74.381038	30.375366	-68.496919	32.160584	-63.120121
588.826970	28.959052	155.966771	27.969724	158.889351	26.956042	162.327197	25.919367	166.341049	24.869006	171.002866	23.824070	176.393485	22.815467	182.596180	21.887434	189.682520	21.097476	197.687704	20.513066	206.575456	20.203498	216.201945	20.227011	226.301333	20.616687	236.516994	21.371485	246.477995	22.457107	255.884271	23.815690	264.555298	25.378790	-87.570608	27.078325	-80.467805	28.853240	-74.060359	30.652202	-68.250493	32.433662	-62.936018
589.283750	28.912824	156.563343	27.928158	159.535885	26.919278	163.027171	25.888426	167.098417	24.845895	171.821570	23.811883	177.276586	22.818430	183.544338	21.910790	190.691696	21.147069	198.746218	20.594522	207.661360	20.321012	217.282700	20.382096	227.337845	20.807471	237.471854	21.593018	247.324072	22.702548	256.608921	24.077762	265.158994	25.650920	-87.078857	27.355242	-80.075078	29.131116	-73.752972	30.928504	-68.015573	32.706861	-62.762010
589.740420	28.867911	157.161057	27.887843	160.183318	26.883781	163.727792	25.858843	167.856114	24.824308	172.640135	23.801451	178.158826	22.823424	184.490512	21.936459	191.697184	21.199199	199.798665	20.678587	208.738209	20.440979	218.351230	20.539213	228.359492	20.999656	238.410433	21.815241	248.153932	22.948031	257.318594	24.339397	265.749552	25.922345	-86.598324	27.631399	-79.691864	29.408363	-73.453708	31.204462	-67.787680	32.980117	-62.594166
590.197020	28.824398	157.759999	27.848879	160.831724	26.849670	164.429096	25.830766	168.614111	24.804422	173.458442	23.792987	179.039937	22.830696	185.434209	21.964708	192.698207	21.254128	200.843931	20.765497	209.804591	20.563576	219.405941	20.698470	229.364692	21.193293	239.331311	22.038173	248.966355	23.193574	258.012236	24.600637	266.326016	26.193155	-86.129904	27.906952	-79.319021	29.685219	-73.163394	31.480406	-67.567609	33.253862	-62.433235
590.653500	28.782734	158.360522	27.811696	161.481374	26.817387	165.131257	25.804671	169.372454	24.786780	174.276360	23.787115	179.919505	22.840965	186.374584	21.996352	193.693288	21.312743	201.879676	20.856147	210.857123	20.689628	220.442390	20.860536	230.348169	21.388831	240.228822	22.262026	249.755764	23.439181	258.684724	24.861342	266.883883	26.463140	-85.677463	28.181691	-78.959861	29.961542	-72.884885	31.756314	-67.357852	33.528236	-62.281419
591.109860	28.741819	158.961525	27.775244	162.131350	26.785861	165.833569	25.779407	170.130714	24.770080	175.093844	23.782332	180.798109	22.852487	187.313195	22.029400	194.685456	21.372858	202.910986	20.948293	211.903453	20.817031	221.470923	21.023668	231.322471	21.585062	241.116647	22.486187	250.535749	23.684776	259.348588	25.121825	267.434157	26.732822	-85.231591	28.456172	-78.606370	30.237758	-72.611310	32.032356	-67.152438	33.803050	-62.133454
591.566160	28.703236	159.564465	27.741071	162.782811	26.756705	166.536845	25.756741	170.889239	24.756340	175.910527	23.780977	181.674288	22.867963	188.246899	22.066896	195.669130	21.437749	203.929035	21.045217	212.930964	20.948780	222.475220	21.190276	232.268526	21.783615	241.974556	22.711477	251.286566	23.930505	259.985720	25.381792	267.960877	27.001739	-84.806115	28.730027	-78.270509	30.513827	-72.353103	32.309009	-66.960577	34.079447	-61.997527
592.022340	28.664805	160.167357	27.707047	163.434184	26.727703	167.239985	25.734245	171.647565	24.742791	176.726924	23.779839	182.550052	22.883685	189.180007	22.104662	196.651959	21.502919	204.945927	21.142409	213.956973	21.080755	223.477703	21.357047	233.212561	21.982252	242.830390	22.936775	252.035397	24.176182	260.621049	25.641669	268.486012	27.270558	-84.382011	29.003799	-77.935836	30.789851	-72.095931	32.585671	-66.769625	34.355922	-61.862402
592.478390	28.629128	160.772255	27.675745	164.086979	26.701567	167.943865	25.714924	172.405674	24.732880	177.541692	23.782920	183.422008	22.904256	190.106052	22.147840	197.623139	21.573830	205.945276	21.245260	214.958793	21.217781	224.449809	21.527777	234.121926	22.183479	243.650070	23.163310	252.749284	24.422021	261.224430	25.901076	268.982924	27.538761	-83.982504	29.277280	-77.622612	31.066317	-71.857614	32.863848	-66.595399	34.635247	-61.742194
592.934330	28.593459	161.377007	27.644451	164.739617	26.675438	168.647575	25.695609	173.163600	24.722971	178.356263	23.786000	184.293753	22.924822	191.031874	22.191008	198.594085	21.644725	206.944383	21.348086	215.960371	21.354775	225.421680	21.698466	235.031072	22.384657	244.469553	23.389791	253.462998	24.667801	261.827666	26.160421	269.479716	27.806899	-83.583094	29.550694	-77.309463	31.342716	-71.619354	33.141957	-66.421214	34.914505	-61.622016
593.390200	28.560192	161.983251	27.615569	165.393226	26.651878	169.351600	25.679161	173.920922	24.716355	179.168851	23.792893	185.161445	22.949744	191.950606	22.238990	199.553748	21.720662	207.926971	21.455810	216.939729	21.496078	226.366270	21.872496	235.909647	22.588018	245.257574	23.617362	254.146505	24.913856	262.403313	26.419618	129.480017	28.074900	-83.205192	29.824389	-77.015230	31.620172	-71.397859	33.422199	-66.262001	35.197202	-61.515215
593.845950	28.527337	162.589601	27.587100	166.046844	26.628755	170.055510	25.663198	174.677963	24.710295	179.980913	23.800425	186.028251	22.975392	192.867926	22.287770	200.511285	21.797430	208.906546	21.564333	217.915117	21.638073	227.306045	22.047046	236.782871	22.791699	246.040116	23.845063	254.824768	25.159899	262.974183	26.678729	-34.121914	28.342813	-82.830997	30.098065	-76.724249	31.897740	-71.179236	33.702733	-66.105343	35.480410	-61.410690
594.301570	28.496252	163.196772	27.560429	166.700855	26.607569	170.759275	25.649415	175.434092	24.706746	180.790926	23.810859	186.891311	23.004339	193.779072	22.340161	201.459377	21.877933	209.872717	21.676429	218.872962	21.783160	228.224749	22.223954	237.632902	22.996906	246.799072	24.073542	255.480539	25.406202	263.524514	26.937888	-89.130148	28.610890	-82.472973	30.372327	-76.447595	32.176590	-70.973398	33.985472	-65.960140	35.766924	-61.316393
594.757140	28.466070	163.804384	27.534676	167.355090	26.587372	171.462991	25.636745	176.189784	24.704480	181.599921	23.822776	187.752491	23.034971	194.687098	22.394399	202.402682	21.960346	210.832079	21.790354	219.821883	21.929831	229.132726	22.402071	238.471122	23.202899	247.546012	24.302427	256.124848	25.652646	264.064377	27.197080	-88.689711	28.879059	-82.123193	30.646899	-76.178247	32.456104	-70.774079	34.269346	-65.820781	36.055138	-61.227315
595.212590	28.437080	164.412361	27.510150	168.009384	26.568511	172.166356	25.625588	176.944553	24.703962	182.407143	23.836710	188.610645	23.067881	195.590337	22.451110	203.338893	22.045286	211.781635	21.906661	220.758257	22.078534	230.025945	22.581721	239.293352	23.409887	248.276857	24.531851	256.753861	25.899340	264.590279	27.456452	-88.261767	29.147563	-81.784529	30.922176	-75.918814	32.736884	-70.583654	34.555206	-65.689413	36.346181	-61.145357
595.667910	28.409451	165.020765	27.487026	168.663754	26.551176	172.869331	25.616160	177.698281	24.705441	183.212353	23.852950	189.465357	23.103395	196.488124	22.510644	204.267020	22.133110	212.720010	22.025689	221.680319	22.229559	230.902326	22.763124	240.097339	23.618015	248.989337	24.761892	257.365419	26.146323	265.100249	27.716034	-87.848080	29.416455	-81.458550	31.198264	-75.670696	33.019114	-70.403380	34.843336	-65.567166	36.640458	-61.071526
596.123110	28.382493	165.629219	27.464602	169.317981	26.534610	173.571913	25.607606	178.451250	24.707931	184.016278	23.870349	190.318027	23.140209	197.382822	22.571574	205.190724	22.222341	213.652440	22.146024	222.594958	22.381683	231.770143	22.945348	240.892187	23.826679	249.692707	24.992242	257.968363	26.393491	265.602341	27.975802	-87.441472	29.685665	-81.138903	31.474925	-75.428263	33.302281	-70.228223	35.132861	-65.449519	36.936661	-61.001772
596.578250	28.357333	166.238161	27.444053	169.972203	26.520109	174.273839	25.601407	179.202610	24.713146	184.817204	23.890888	191.165685	23.180550	198.269712	22.636300	206.103039	22.315413	214.569381	22.269950	223.490111	22.536856	232.615370	23.129890	241.662855	24.036909	250.371924	25.223557	258.548428	26.641301	266.083483	28.236223	-87.053715	29.955891	-80.836148	31.753292	-75.201016	33.588140	-70.066765	35.426312	-65.344211	37.238229	-60.942972
597.033260	28.332351	166.846968	27.423691	170.626228	26.505814	174.975487	25.595442	179.953580	24.718629	185.617580	23.911731	192.012572	23.221227	199.155535	22.701378	207.013926	22.408830	215.484498	22.394186	224.383077	22.692276	233.458148	23.314604	242.430962	24.247237	251.048624	25.454915	259.126132	26.889129	266.562470	28.496673	-86.667893	30.226192	-80.535125	32.031814	-74.975323	33.874261	-69.906703	35.720160	-65.240148	37.540347	-60.885261
597.488220	28.309541	167.456218	27.405628	171.280052	26.494076	175.676067	25.592417	180.702234	24.727526	186.413794	23.936498	192.852661	23.266292	200.030960	22.771143	207.909914	22.506948	216.379721	22.522777	225.251441	22.851380	234.272828	23.502141	243.169328	24.459550	251.695805	25.687641	259.675935	27.138069	267.015834	28.758411	-86.305239	30.498394	-80.255003	32.313266	-74.768534	34.164716	-69.763775	36.020071	-65.151511	37.850509	-60.841154
597.942990	28.286740	168.065212	27.387572	171.933604	26.482344	176.376354	25.589393	181.450576	24.736419	187.209676	23.961255	193.692398	23.311339	200.906019	22.840879	208.805527	22.605026	217.274571	22.651315	226.119443	23.010417	235.087169	23.689599	243.907385	24.671774	252.342716	25.920270	260.225508	27.386906	267.469008	29.020039	-85.942736	30.770481	-79.974997	32.594600	-74.561831	34.455051	-69.620907	36.319856	-65.062911	38.160540	-60.797065
598.397710	28.265906	168.674359	27.371624	172.586695	26.472980	177.075314	25.589105	182.196341	24.748492	188.001181	23.989663	194.525187	23.360443	201.770714	22.914912	209.686598	22.707372	218.150364	22.783779	226.964289	23.172764	235.875447	23.879623	244.618138	24.885878	252.962696	26.154332	260.749631	27.637079	267.898792	29.283314	-85.601514	31.044939	-79.714309	32.879421	-74.372696	34.750348	-69.493996	36.626387	-64.988648	38.479355	-60.765486
598.852360	28.245355	169.283442	27.355979	173.239630	26.463957	177.773987	25.589209	182.941634	24.761019	188.791948	24.018590	195.356865	23.410122	202.633804	22.989550	210.565464	22.810317	219.023305	22.916786	227.805700	23.335562	236.659880	24.069987	245.324879	25.100223	253.578731	26.388568	261.270034	27.887409	268.325165	29.546788	-85.263388	31.319698	-79.456425	33.164703	-74.186104	35.046315	-69.369390	36.933843	-64.916450	38.799385	-60.735703
599.306820	28.226317	169.892210	27.341973	173.891721	26.456785	178.471100	25.591451	183.684335	24.776022	189.578645	24.050335	196.182426	23.462904	203.488101	23.067439	211.432356	22.916451	219.880947	23.052695	228.628894	23.500794	237.424150	24.262253	246.010736	25.316014	254.174279	26.623993	261.771118	28.138953	268.733720	29.811818	-84.941532	31.596677	-79.213374	33.453174	-74.013047	35.346724	-69.257076	37.247239	-64.855240	39.127047	-60.715360
599.761230	28.208005	170.500882	27.328754	174.543466	26.450502	179.167526	25.594721	184.425858	24.792218	190.363454	24.083438	197.005122	23.517183	204.338248	23.146898	212.293569	23.024129	220.731308	23.190012	229.443401	23.667212	238.178790	24.455451	246.686610	25.532521	254.760028	26.860012	262.262956	28.391105	269.133741	30.077621	-84.627471	31.874747	-78.977436	33.743206	-73.846485	35.649295	-69.150663	37.563520	-64.799309	39.458411	-60.699555
600.215520	28.190694	171.109226	27.316633	175.194502	26.445473	179.862718	25.599449	185.165395	24.810106	191.145209	24.118466	197.823296	23.573571	205.182004	23.228550	213.146211	23.133946	221.570889	23.329265	230.245259	23.835260	238.919585	24.649951	247.348256	25.750073	255.331883	27.096972	262.741688	28.644296	191.934444	30.344785	-84.324534	32.154730	-78.751690	34.035920	-73.689250	35.955522	-69.052721	37.884609	-64.750889	39.795877	-60.690066
600.669740	28.174489	171.717290	27.305725	175.844844	26.441832	180.556642	25.605794	185.902837	24.829870	191.923689	24.155630	198.636575	23.632301	206.018800	23.312642	213.989480	23.246145	222.398647	23.470682	231.033219	24.005137	239.645148	24.845921	247.994239	25.968813	255.888430	27.335007	263.205972	28.898672	28.789781	30.613494	-84.033871	32.436871	-78.537201	34.331645	-73.542323	36.265840	-68.964145	38.211068	-64.710781	40.140148	-60.687571
601.123780	28.158857	172.324943	27.295452	176.494539	26.438917	181.249589	25.612982	186.638841	24.850608	192.700085	24.193892	199.446907	23.692221	206.851566	23.397958	214.827505	23.359522	223.219958	23.613156	231.813757	24.175902	240.362706	25.042609	248.632078	26.188153	256.437058	27.573618	263.662788	29.153721	-89.736202	30.883103	-83.749576	32.720273	-78.328562	34.629121	-73.400751	36.578519	-68.880413	38.540603	-64.674917	40.488295	-60.688544
601.577760	28.144742	172.932062	27.286863	177.143111	26.437938	181.940576	25.622426	187.371688	24.873962	193.471642	24.235116	200.250128	23.755372	207.674356	23.486615	215.652318	23.476147	224.024834	23.758581	232.575221	24.349192	241.059580	25.241393	249.248792	26.409298	256.965076	27.813988	264.100115	29.410798	-89.386695	31.155361	-83.481996	33.007297	-78.135329	34.931542	-73.273329	36.897785	-68.809520	38.878650	-64.650339	40.847099	-60.698765
602.031680	28.130769	173.539040	27.278434	177.791476	26.437142	182.631267	25.632084	188.104116	24.897562	194.242608	24.276616	201.052534	23.818820	208.496057	23.575574	216.475738	23.593061	224.828030	23.904264	233.334778	24.522700	241.754422	25.440358	249.863450	26.630602	257.491103	28.054521	264.535565	29.668075	-89.038930	31.427889	-83.216026	33.294695	-77.943578	35.234475	-73.147265	37.217734	-68.739849	39.217579	-64.626815	41.207006	-60.709813
602.485410	28.118685	174.144938	27.272122	178.437960	26.438796	183.318952	25.644603	188.831935	24.924471	195.006740	24.321849	201.845156	23.886306	209.304346	23.668680	217.281708	23.713978	225.609914	24.053580	234.069957	24.699345	242.423108	25.642001	250.451556	26.854328	257.991316	28.297555	264.946606	29.928349	-88.713919	31.704365	-82.971143	33.587462	-77.771321	35.544647	-73.039119	37.547223	-68.686352	39.568722	-64.617292	41.582089	-60.731904
602.939090	28.106601	174.750770	27.265810	179.084372	26.440450	184.006560	25.657121	189.559674	24.951378	195.770788	24.367076	202.637691	23.953785	210.112547	23.761776	218.087590	23.834882	226.391712	24.202878	234.805055	24.875972	243.091722	25.843622	251.039597	27.078029	258.491474	28.540561	265.357602	30.188594	-88.388944	31.980810	-82.726287	33.880196	-77.599082	35.854785	-72.930984	37.876675	-68.632861	39.919827	-64.607769	41.957132	-60.753992
603.392640	28.096215	175.355494	27.261426	179.728904	26.444350	184.691198	25.672272	190.282915	24.981331	196.528218	24.415729	203.420850	24.024958	210.908030	23.858649	218.877142	23.959430	227.153784	24.355503	235.517835	25.055526	243.736574	26.047842	251.603648	27.304215	258.968315	28.786266	265.746491	30.452152	-88.084660	32.261619	-82.500697	34.178786	-77.444724	36.172711	-72.839287	38.216261	-68.594120	40.283777	-64.610772	42.348001	-60.785445
603.846130	28.086093	175.959993	27.257341	180.373087	26.448598	185.375315	25.687829	191.005395	25.011755	197.284556	24.464909	204.202486	24.096696	211.701472	23.956099	219.664093	24.084532	227.912730	24.508631	236.227091	25.235519	244.377685	26.252446	252.163929	27.530765	259.441499	29.032368	266.131919	30.716200	-87.783611	32.543080	-82.278114	34.478257	-77.293151	36.491817	-72.750147	38.557389	-68.557670	40.649688	-64.615716	42.741289	-60.818346
604.299500	28.077268	176.563454	27.254740	181.015619	26.454580	186.056920	25.705419	191.724142	25.044522	198.035512	24.516709	204.976613	24.171242	212.484882	24.056408	220.438341	24.212389	228.656550	24.664289	236.919411	25.417786	245.000922	26.459145	252.706217	27.759411	259.897218	29.280832	266.500756	30.983191	-87.498162	32.828405	-82.070118	34.782868	-77.155148	36.817684	-72.673466	38.907232	-68.532304	41.026557	-64.629833	43.147973	-60.857625
604.752750	28.069109	177.166305	27.252901	181.657221	26.461453	186.737148	25.724050	192.440879	25.078488	198.783607	24.569848	205.746784	24.247221	213.263042	24.158171	221.205967	24.341644	229.392508	24.821228	237.602944	25.601197	245.614901	26.666891	253.239196	27.989104	260.343912	29.530477	266.861027	31.251659	-87.220759	33.115677	-81.869639	35.090079	-77.024131	37.146981	-72.603192	39.261507	-68.512631	41.409003	-64.648658	43.561481	-60.900172
605.205870	28.061813	177.768257	27.252058	182.297476	26.469498	187.415402	25.744055	193.154782	25.114036	199.527705	24.624749	206.511485	24.325079	214.034032	24.261838	221.964671	24.472730	230.117985	24.979861	238.274882	25.786158	246.216729	26.876114	253.760009	28.220338	260.778791	29.781919	267.210061	31.522402	-86.953939	33.405947	-81.679080	35.401262	-76.902344	37.481477	-72.541357	39.622443	-68.500358	41.799775	-64.673384	43.985106	-60.946364
605.658940	28.055551	178.369272	27.252411	182.936265	26.478952	188.091447	25.765716	193.865449	25.151492	200.267179	24.681778	207.269798	24.405209	214.796596	24.367813	222.712842	24.606045	230.831050	25.140564	238.933056	25.973025	246.804110	27.087158	254.266338	28.453475	261.199590	30.035575	267.545688	31.795941	-86.699762	33.699885	-81.500385	35.717286	-76.791610	37.822292	-72.489638	39.991461	-68.496963	42.200632	-64.705199	44.420973	-60.996941
606.111880	28.049753	178.969677	27.253303	183.574188	26.489042	188.766272	25.788122	194.574406	25.189802	201.004299	24.739755	208.024960	24.486343	215.555101	24.474800	223.456037	24.740335	231.538350	25.302176	239.584922	26.160740	247.384935	27.299038	254.766126	28.687517	261.614051	30.290314	267.875271	32.070868	-86.451294	33.995654	-81.327053	36.035726	-76.685863	38.166252	-72.442451	40.364485	-68.497471	42.606469	-64.739973	44.862852	-61.049030
606.564700	28.045364	179.568591	27.255841	184.209860	26.501076	189.437791	25.812813	195.278586	25.230738	201.734694	24.800649	208.770984	24.570583	216.301698	24.584935	224.184525	24.877674	232.228518	25.466652	240.217969	26.351157	247.946137	27.513595	255.246287	28.924460	262.009453	30.548508	268.186640	32.350193	-86.220071	34.297182	-81.169955	36.361720	-76.595245	38.519998	-72.409041	40.749941	-68.509866	43.027723	-64.783783	45.323312	-61.105753
607.017460	28.041047	180.167348	27.258462	184.845331	26.513208	190.109047	25.837618	195.982423	25.271804	202.464641	24.861686	209.516434	24.654971	217.047583	24.695217	224.912166	25.015152	232.917728	25.631258	240.849986	26.541694	248.506282	27.728274	255.725401	29.161539	262.403846	30.806872	268.497050	32.629739	-85.989751	34.599008	-81.013702	36.688111	-76.505407	38.874263	-72.376329	41.136058	-68.522846	43.449798	-64.828003	45.784760	-61.162618
607.470030	28.038516	180.763915	27.263181	185.477608	26.527827	190.775700	25.865343	196.679730	25.316219	203.185537	24.926431	210.249734	24.743288	217.777864	24.809478	225.620791	25.156501	233.585044	25.799552	241.458147	26.735796	249.041693	27.946600	256.179815	29.402694	262.774225	31.070185	268.784464	32.915622	-85.781259	34.909116	-80.878037	37.025315	-76.434748	39.242456	-72.360943	41.539765	-68.550435	43.893551	-64.882600	46.272149	-61.223174
607.922610	28.035984	181.360495	27.267900	186.109898	26.542447	191.442368	25.893069	197.377052	25.360636	203.906450	24.991178	210.983049	24.831608	218.508162	24.923742	226.329431	25.297852	234.252374	25.967850	242.066323	26.929901	249.577115	28.164931	256.634240	29.643855	263.144612	31.333505	269.071885	33.201511	-85.572761	35.219230	-80.742369	37.362527	-76.364088	39.610657	-72.345557	41.943482	-68.578023	44.337315	-64.937197	46.759548	-61.283731
608.375000	28.035019	181.954885	27.274465	186.739085	26.559253	192.104658	25.923355	198.068285	25.407973	204.619066	25.059138	211.705408	24.923321	219.224592	25.041438	227.021381	25.442559	234.900685	26.139388	242.653958	27.127213	250.091335	28.386642	257.067559	29.888887	263.494461	31.601589	269.339604	33.493521	-85.383037	35.537325	-80.624436	37.710109	-76.309899	39.992149	-72.344903	42.363892	-68.617671	44.801529	-64.999568	47.271229	-61.345176
608.827330	28.034377	182.548797	27.281411	187.367602	26.576510	192.766015	25.954167	198.758230	25.455910	205.329938	25.127759	212.425474	25.015730	219.938128	25.159837	227.709857	25.587951	235.545042	26.311587	243.237329	27.325177	250.601159	28.609040	257.496505	30.134706	263.840059	31.870644	269.603246	33.786780	-85.197194	35.857052	-80.510166	38.059815	-76.259111	40.376365	-72.347288	42.787728	-68.659804	45.269941	-65.063539	47.787894	-61.406801
609.279540	28.034858	183.141057	27.289697	187.993769	26.595365	193.424062	25.986856	199.443569	25.505992	206.034548	25.198743	213.137317	25.110637	220.641333	25.280774	228.386002	25.735853	236.175452	26.486261	243.805710	27.525664	251.095560	28.834181	257.910092	30.383743	264.170678	32.143706	169.218058	34.085203	-85.025139	36.183491	-80.408944	38.418199	-76.220411	40.771638	-72.360335	43.225371	-68.710312	45.755152	-65.132104	48.324315	-61.466832
609.731630	28.036033	183.732238	27.298809	188.618421	26.615205	194.079999	26.020701	200.125995	25.557393	206.735220	25.271178	213.844011	25.207076	221.338086	25.403265	229.054465	25.885289	236.797186	26.662445	244.364780	27.727687	251.580390	29.060993	258.314155	30.634740	264.492017	32.419216	6.705934	34.386783	-84.861614	36.514041	-80.315789	38.781904	-76.189179	41.173698	-72.379965	43.671496	-68.765985	46.250684	-65.203499	48.872878	-61.525873
610.183650	28.037955	184.322255	27.308815	189.241432	26.636113	194.733642	26.055799	200.805263	25.610221	207.431639	25.345180	214.545170	25.305170	222.027956	25.527446	229.714785	26.036412	237.409789	26.840324	244.914086	27.931481	252.055202	29.289778	258.708236	30.888091	264.803604	32.697680	-89.676413	34.692167	-84.707123	36.849520	-80.231187	39.151953	-76.165833	41.583800	-72.406434	44.127603	-68.826749	46.758272	-65.277027	49.435469	-61.582120
610.635560	28.040968	184.910560	27.320129	189.862036	26.658580	195.383924	26.092726	201.479909	25.665132	208.121833	25.421469	215.238234	25.405681	222.707759	25.654090	230.363199	26.189999	238.009044	27.020679	245.449123	28.137860	252.515373	29.521441	259.087729	31.144877	265.100942	32.980454	-89.459330	35.003102	-84.565832	37.192196	-80.159079	39.531260	-76.154007	42.005644	-72.442895	44.598285	-68.894946	47.283461	-65.353672	50.018540	-61.634285
611.087340	28.044338	185.498136	27.331868	190.481670	26.681555	196.032909	26.130244	202.152827	25.720713	208.809775	25.498490	215.928443	25.506960	223.384084	25.781517	231.007575	26.344370	238.603828	27.201831	245.979431	28.345089	252.970723	29.754074	259.462437	31.402842	265.393611	33.264726	-89.246754	35.315979	-84.428857	37.537394	-80.091043	39.913817	-76.145895	42.431600	-72.482492	45.074055	-68.965298	47.814756	-65.430780	50.608630	-61.684059
611.539000	28.049196	186.083221	27.345398	191.097837	26.706668	196.677091	26.170267	202.819173	25.779140	209.488967	25.578632	216.607394	25.611536	224.046544	25.912323	231.635713	26.502155	239.180519	27.386480	246.490511	28.556058	253.406394	29.990966	259.817543	31.665962	265.667077	33.555508	-89.052781	35.637247	-84.309749	37.893439	-80.039920	40.310279	-76.153266	42.875105	-72.535207	45.571492	-69.044698	48.372007	-65.509891	51.228543	-61.723907
611.990600	28.054054	186.668228	27.358925	191.713922	26.731777	197.321188	26.210284	203.485430	25.837558	210.168070	25.658763	217.286255	25.716099	224.708915	26.043112	232.263767	26.659920	239.757133	27.571104	247.001524	28.766998	253.842007	30.227826	260.172602	31.929047	265.940507	33.846251	-88.858834	35.958474	-84.190658	38.249437	-79.988804	40.706688	-76.160636	43.318552	-72.587915	46.068863	-69.124088	48.929183	-65.588991	51.848373	-61.763751
612.442080	28.060706	187.250139	27.374625	192.325681	26.759491	197.959299	26.253351	204.143558	25.899445	210.836380	25.742699	217.951322	25.824694	225.354421	26.178065	232.872201	26.821956	240.312021	27.760193	247.489527	28.982827	254.254083	30.470363	260.504187	32.199088	266.190888	34.145819	-88.687300	36.291068	-84.093147	38.620088	-79.958093	41.121805	-76.186520	43.785488	-72.655858	46.595041	-69.212863	49.520547	-65.667149	52.506883	-61.784823
612.893430	28.067395	187.831819	27.390366	192.937176	26.787251	198.597102	26.296471	204.801327	25.961387	211.504273	25.826691	218.615909	25.933344	225.999387	26.313070	233.480045	26.984036	240.866291	27.949324	247.976904	29.198698	254.665544	30.712952	260.835178	32.469201	266.440709	34.445490	-88.516292	36.623809	-83.996122	38.990945	-79.927824	41.537203	-76.212791	44.252792	-72.724105	47.121682	-69.301813	50.112471	-65.745266	53.166029	-61.805491
613.344730	28.075519	188.410958	27.407849	193.545147	26.817095	199.230063	26.342027	205.452532	26.026092	212.163529	25.913711	219.269539	26.045211	226.631073	26.451421	234.072558	27.149595	241.403688	28.142157	248.446452	29.418699	255.058790	30.960413	261.147975	32.745330	266.672607	34.752815	-88.362773	36.966396	-83.915975	39.374449	-79.913481	41.968679	-76.253356	44.740180	-72.803675	47.672778	-69.396660	50.733104	-65.819478	53.857044	-61.805021
613.795900	28.084086	188.989164	27.425865	194.151875	26.847574	199.861368	26.388325	206.101543	26.091634	212.819948	26.001645	219.919617	26.158044	227.258495	26.590772	234.660181	27.316186	241.935735	28.336086	248.910371	29.639922	255.446308	31.209316	261.455070	33.023248	266.898908	35.062426	-88.214699	37.311938	-83.841063	39.761764	-79.904063	42.405013	-76.298328	45.233650	-72.886724	48.231292	-69.493305	51.362452	-65.892466	54.557730	-61.798020
614.246950	28.093679	189.565275	27.445128	194.755773	26.879546	200.488857	26.436364	206.745498	26.159146	213.469820	26.091734	220.561515	26.273169	227.876130	26.732522	235.236623	27.485301	242.455567	28.532748	249.361477	29.864252	255.820768	31.461943	261.749122	33.305815	267.112360	35.377983	-88.079170	37.665144	-83.778245	40.158922	-79.905998	42.853834	-76.353311	45.742653	-72.977287	48.808585	-69.592786	52.013561	-65.959678	55.281995	-61.769806
614.697940	28.104122	190.139707	27.465422	195.357387	26.912754	201.113249	26.485845	207.385331	26.228290	214.114340	26.183613	221.196711	26.390199	228.485733	26.876268	235.803877	27.656516	242.965353	28.731685	249.802034	30.091170	256.184472	31.717667	262.032422	33.592248	267.315214	35.698478	-87.953994	38.024712	-83.725411	40.564246	-79.917312	43.313010	-76.416570	46.264532	-73.074066	49.401444	-69.694620	52.682705	-66.022125	56.025802	-61.724064
615.148800	28.115197	190.712752	27.486485	195.957154	26.946879	201.735190	26.536393	208.021947	26.298638	214.754746	26.276807	221.826829	26.508632	229.089319	27.021493	236.364317	27.829308	243.467747	28.932358	250.234854	30.320094	256.540301	31.975824	262.307857	33.881740	267.510299	36.022895	-87.836416	38.389335	-83.679903	40.976046	-79.935463	43.780371	-76.485747	46.796537	-73.174984	50.006435	-69.797191	53.365686	-66.078894	56.784139	-61.660890
615.599550	28.127559	191.283177	27.509112	196.553378	26.982875	202.352372	26.589122	208.652251	26.371451	215.387025	26.372704	222.446857	26.629954	229.680901	27.169772	236.911124	28.005358	243.955315	29.136623	250.652122	30.553167	256.880276	32.239006	262.567429	34.177540	267.689689	36.355381	-87.734214	38.764337	-83.649242	41.401126	-79.967493	44.264502	-76.566954	47.349271	-73.284336	50.636247	-69.901295	54.076974	-66.124165	57.572212	-61.562327
616.050170	28.140133	191.853010	27.531996	197.148845	27.019176	202.968582	26.642204	209.281324	26.444659	216.017770	26.469031	223.065034	26.751735	230.270331	27.318536	237.455532	28.181930	244.440309	29.341472	251.066721	30.786927	257.217548	32.503036	262.824311	34.474418	267.866428	36.689259	-87.634596	39.141142	-83.621058	41.828519	-80.001810	44.751553	-76.650082	47.905601	-73.394893	51.270326	-70.005206	54.793030	-66.166548	58.365075	-61.455821
616.500730	28.154421	192.419345	27.556976	197.739559	27.057988	203.578381	26.698216	209.901930	26.521183	216.637647	26.569004	223.669773	26.877440	230.843871	27.471498	237.981978	28.363054	244.905822	29.551427	251.460920	31.026674	257.533991	32.774394	263.060288	34.780537	268.022408	37.034974	-87.555375	39.533144	-83.612577	42.275298	-80.054449	45.262965	-76.748714	48.491834	-73.515305	51.939815	-70.107806	55.548675	-66.185986	59.197871	-61.285720
616.951170	28.168706	192.985529	27.581949	198.330116	27.096790	204.188017	26.754213	210.522371	26.597687	217.257359	26.668950	224.274351	27.003112	231.417258	27.624420	238.508284	28.544129	245.371210	29.761325	251.855014	31.266358	257.850349	33.045680	263.296203	35.086575	268.178346	37.380597	-87.476176	39.925041	-83.604099	42.721958	-80.107073	45.774241	-76.847320	49.077911	-73.635685	52.609126	-70.210378	56.304119	-66.205420	60.030446	-61.115664
617.401490	28.184712	193.548051	27.609034	198.915711	27.138127	204.791022	26.813170	211.134101	26.677548	217.865953	26.772601	224.865301	27.132799	231.974631	27.781683	239.016573	28.729985	245.817148	29.976676	252.228756	31.512530	258.145916	33.324982	263.511201	35.402770	268.313463	37.739246	-87.417493	40.333650	-83.615433	43.189870	-80.177970	46.312099	-76.960924	49.696367	-73.764270	53.316277	-70.307365	57.100824	-66.191777	60.902380	-60.859474
617.851750	28.200927	194.110072	27.636374	199.500645	27.179769	205.393159	26.872481	211.744709	26.757809	218.473133	26.876693	225.454536	27.262962	232.530002	27.939459	239.522622	28.916404	246.260675	30.192668	252.599985	31.759466	258.438925	33.605229	263.723634	35.720168	268.446035	38.099444	-87.361310	40.744249	-83.629174	43.660319	-80.251082	46.853135	-77.076341	50.318697	-73.893840	54.027956	-70.403664	57.902465	-66.174113	61.779011	-60.592838
618.301880	28.218514	194.669034	27.665386	200.081513	27.223405	205.989917	26.934108	212.348348	26.840683	219.071552	26.983664	226.033135	27.396254	233.073001	28.100643	240.014866	29.106615	246.689352	30.413031	252.955727	32.011653	258.716115	33.892004	263.920142	36.045860	268.562723	38.470276	-87.320805	41.168468	-83.658035	44.148036	-80.338012	47.415652	-77.202698	50.966957	-74.028213	54.769453	-70.491928	58.735588	-66.121951	62.683301	-60.239123
618.751890	28.236773	195.226424	27.695216	200.660313	27.268013	206.583962	26.996863	212.948489	26.924830	219.665596	27.092035	226.606442	27.531065	233.609860	28.263481	240.500273	29.298663	247.110687	30.635513	253.303823	32.266385	258.985506	34.181947	264.108810	36.375583	268.671600	38.846281	-87.288000	41.599321	-83.694315	44.644167	-80.431714	47.988643	-77.334410	51.627863	-74.164927	55.525492	-70.576236	59.584058	-66.052862	63.601052	-59.842712
619.201780	28.255933	195.781655	27.726150	201.236259	27.313944	207.174273	27.061156	213.543837	27.010720	220.253653	27.202337	227.172542	27.667993	234.138392	28.428653	240.976437	29.493348	247.522125	30.861085	253.641607	32.524876	259.244369	34.476602	264.286841	36.711321	268.769831	39.230015	-87.265699	42.040063	-83.740699	45.152797	-80.534527	48.577088	-77.472963	52.307221	-74.303487	56.302331	-70.651582	60.453568	-65.951708	64.535064	-59.366944
619.651610	28.276204	196.334340	27.758448	201.808808	27.361509	207.760110	27.127354	214.133408	27.098768	220.834466	27.315034	227.729895	27.807551	234.656792	28.596728	241.441333	29.691314	247.921478	31.090498	253.966782	32.788036	259.490342	34.777107	264.451834	37.054520	268.854998	39.623323	-87.256306	42.493047	-83.799512	45.676889	-80.648560	49.184641	-77.619953	53.009390	-74.444344	57.104887	-70.715927	61.349106	-65.811123	65.489244	-58.793546
620.101320	28.296948	196.885838	27.791323	202.379814	27.409761	208.343950	27.194348	214.720442	27.187717	221.412146	27.428731	228.283515	27.948211	235.170917	28.766027	241.901515	29.890679	248.315799	31.321567	254.286724	33.053228	259.730960	35.080171	264.611412	37.400992	268.934743	40.020835	-87.252281	42.951398	-83.863480	46.207732	-80.767183	49.800479	-77.770188	53.721323	-74.585379	57.918173	-70.773546	62.254877	-65.648404	66.449701	-58.165501
620.550960	28.319334	197.433679	27.826206	202.945953	27.460411	208.921368	27.264133	215.299198	27.279831	221.979492	27.545950	228.824728	28.092762	235.670737	28.939667	242.345845	30.095004	248.693124	31.558505	254.588922	33.325605	259.953351	35.392263	264.752501	37.758981	268.995916	40.433097	-87.266702	43.428543	-83.945214	46.762186	-80.901675	50.445262	-77.931695	54.467355	-74.727137	58.768959	-70.808091	63.196506	-65.409488	67.432465	-57.349154
621.000430	28.341713	197.981308	27.861078	203.511872	27.511045	209.498560	27.333894	215.877725	27.371914	222.546612	27.663129	229.365721	28.237263	236.170351	29.113247	242.789986	30.299259	249.070286	31.795360	254.890984	33.597888	260.175636	35.704249	264.893514	38.116851	269.057042	40.845224	-87.281142	43.905533	-84.026940	47.316461	-81.036136	51.089839	-78.093154	55.213149	-74.868838	59.619471	-70.842581	64.137821	-65.170531	68.414873	-56.532792
621.449830	28.366208	198.524009	27.898547	204.071243	27.564790	210.067195	27.407282	216.445297	27.468124	223.100160	27.784928	229.890531	28.386917	236.651398	29.292641	243.213624	30.510250	249.425522	32.040283	255.170145	33.880140	260.374402	36.028834	265.010609	38.490831	269.094017	41.277987	-87.319591	44.408751	-84.131730	47.903521	-81.190847	51.774249	-78.267775	56.005124	-75.006820	60.519202	-70.833506	65.122430	-64.794734	69.413275	-55.377747
621.899110	28.390695	199.066564	27.936006	204.630464	27.618519	210.635678	27.480650	217.012717	27.564308	223.653561	27.906694	230.415201	28.536530	237.132316	29.471988	243.637148	30.721186	249.780663	32.285141	255.449231	34.162316	260.573114	36.353332	265.127673	38.864711	269.130981	41.710634	-87.358029	44.911835	-84.236492	48.490424	-81.345517	52.458475	-78.442350	56.796888	-75.144766	61.418693	-70.824432	66.106776	-64.419037	70.411410	-54.223010
622.348330	28.416936	199.605109	27.975604	205.184391	27.674796	211.197255	27.556978	217.571366	27.663857	224.196156	28.032236	230.927044	28.690377	237.598617	29.656151	244.044585	30.937744	250.118620	32.536781	255.710357	34.452908	260.753304	36.688484	265.225800	39.252208	269.148764	42.160678	-87.415605	45.436938	-84.359641	49.104662	-81.516105	53.175544	-78.626309	57.625991	-75.275702	62.356397	-70.767503	67.120662	-63.894436	71.406888	-52.697745
622.797420	28.443679	200.142358	28.015812	205.736647	27.731797	211.756692	27.634143	218.127336	27.764356	224.735488	28.158840	231.435046	28.845412	238.060569	29.841661	244.447262	31.155877	250.451518	32.790321	255.966218	34.745864	260.928085	37.026636	265.318419	39.643550	269.160989	42.615646	-87.478707	45.968285	-84.488082	49.726659	-81.691260	53.901940	-78.812938	58.465696	-75.404575	63.304930	-70.696734	68.142846	-63.326857	72.401347	-51.065588
623.246400	28.471650	200.676602	28.057526	206.284970	27.790598	212.311055	27.713407	218.676905	27.867253	225.267010	28.288155	231.933854	29.003517	238.512088	30.030708	244.838498	31.378194	250.772216	33.048963	256.209324	35.045202	261.089702	37.372907	265.397549	40.045287	269.159496	43.083884	-87.555538	46.516367	-84.629679	50.369284	-81.877552	54.652799	-79.005085	59.332556	-75.524148	64.279764	-70.577418	69.181054	-62.607710	73.377304	-49.059918
623.695250	28.500627	201.208330	28.100475	206.830012	27.850873	212.861201	27.794389	219.221167	27.972113	225.792068	28.419687	232.425064	29.164131	238.954993	30.222643	245.220297	31.603930	251.082862	33.311776	256.441927	35.349758	261.240488	37.725819	265.465586	40.455532	269.146730	43.562985	-87.643642	47.078154	-84.782074	51.028801	-82.072979	55.423694	-79.201748	60.221652	-75.636069	65.276127	-70.418222	70.232337	-61.764080	74.337974	-46.747502
624.144040	28.530361	201.738249	28.144347	207.372690	27.912251	213.408301	27.876655	219.761607	28.078441	226.312478	28.552886	232.910826	29.326648	239.391736	30.416787	245.595355	31.832301	251.386317	33.577821	256.666995	35.658372	261.383455	38.083898	265.525574	40.872382	269.125719	44.050493	-87.740032	47.650480	-84.942422	51.701182	-82.275018	56.209602	-79.401032	61.126929	-75.739369	66.287014	-70.218333	71.288604	-60.790043	75.273018	-44.127765
624.592710	28.561695	202.264349	28.190173	207.910374	27.975959	213.948970	27.961636	220.293972	28.187878	226.823064	28.689613	233.385074	29.493191	239.815452	30.615607	245.956161	32.066248	251.674568	33.850706	256.876131	35.975575	261.509890	38.452909	265.568540	41.303211	269.087270	44.555786	-87.853949	48.245103	-85.119590	52.400779	-82.491041	57.027277	-79.605862	62.066441	-75.824436	67.328637	-69.932379	72.355424	-59.540192	76.153882	-40.858037
625.041260	28.593243	202.789792	28.236260	208.447235	28.039975	214.488619	28.046976	220.825095	28.297724	227.332179	28.826804	233.857632	29.660265	240.237291	30.815049	246.314942	32.300947	251.960679	34.124524	257.083041	36.293961	261.634030	38.823439	265.609147	41.735988	269.046416	45.063559	-87.970284	48.842823	-85.299066	53.104119	-82.708924	57.849233	-79.811142	63.010379	-75.905692	68.373729	-69.629373	73.421390	-58.233922	77.020785	-37.472438
625.489750	28.626981	203.310070	28.285028	208.977326	28.107195	215.019558	28.136060	221.345304	28.411875	227.828053	28.968921	234.314711	29.833010	240.641676	31.021145	246.654635	32.543655	252.226395	34.408240	257.268497	36.624820	261.735832	39.209869	265.626570	42.189075	268.981719	45.597079	-88.110780	49.472604	-85.501772	53.846153	-82.945699	58.715500	-80.021379	64.000351	-75.949548	69.455669	-69.157352	74.481602	-56.367672	77.752092	-32.935020
625.938110	28.660709	203.830197	28.333783	209.507263	28.174396	215.550343	28.225118	221.865362	28.525994	228.323783	29.110996	234.771657	30.005705	241.045942	31.227181	246.994231	32.786293	252.492034	34.691874	257.453900	36.955583	261.837606	39.596187	265.643989	42.642032	268.917040	46.130443	-88.251234	50.102203	-85.704418	54.587971	-83.182406	59.581515	-80.231555	64.990035	-75.993391	70.537296	-68.685468	75.541508	-54.501963	78.483188	-28.398917
626.386350	28.696597	204.345055	28.385174	210.030379	28.244740	216.072439	28.317846	222.374629	28.644341	228.806546	29.257928	235.213548	30.184028	241.433317	31.439873	247.315389	33.037003	252.738001	34.985536	257.618596	37.299032	261.917716	39.998692	265.638847	43.115630	268.828962	46.689868	-88.415521	50.763998	-85.930073	55.368130	-83.437416	60.490420	-80.443528	66.022157	-75.984124	71.646527	-67.971602	76.563954	-51.810458	79.004295	-22.655360
626.834470	28.732823	204.858954	28.436975	210.552285	28.315572	216.593026	28.411142	222.882053	28.763339	229.287125	29.405604	235.652929	30.363213	241.817901	31.653583	247.633523	33.288949	252.980762	35.280738	257.779940	37.644434	261.994340	40.403699	265.630095	43.592428	268.737158	47.253340	-88.583587	51.430801	-86.159361	56.154253	-83.695299	61.405987	-80.655742	67.060842	-75.966356	72.759927	-67.219153	77.580172	-48.987343	79.491664	-16.719774
627.282530	28.770702	205.368943	28.490792	211.069117	28.388805	217.107149	28.507246	223.381472	28.885586	229.758112	29.557034	236.081202	30.546781	242.190025	31.872516	247.938069	33.547271	253.208984	35.583894	257.925907	37.999914	262.054787	40.821554	265.604332	44.085563	268.627545	47.837312	-88.769999	52.122680	-86.406515	56.969754	-83.967159	62.353524	-80.866595	68.129246	-75.890260	73.885520	-66.187651	78.529283	-45.223516	79.767079	-10.180267
627.730470	28.809542	205.876546	28.545779	211.582878	28.463430	217.617391	28.604978	223.876109	29.009713	230.223393	29.710633	236.502889	30.732881	242.554783	32.094466	248.234600	33.809278	253.428648	35.891651	258.062839	38.361226	262.105750	41.246854	265.568612	44.588173	268.507522	48.433181	-88.967122	52.829116	-86.664086	57.802306	-84.247152	63.319605	-81.076611	69.214852	-75.780018	75.018038	-64.992917	79.438911	-40.909473	79.918310	-3.288312
628.178280	28.849435	206.381510	28.602052	212.093254	28.539593	218.123365	28.704513	224.365512	29.135936	230.682448	29.866671	236.917413	30.921855	242.911546	32.319872	248.522432	34.075537	253.639002	36.204747	258.189906	38.729326	262.146272	41.680813	265.521863	45.101764	268.375847	49.042744	-89.176395	53.552111	-86.933618	58.653882	-84.536305	64.305683	-81.283178	70.317402	-75.612965	76.149364	-63.504475	80.262917	-35.748444	79.922419	3.547283
628.626040	28.890935	206.882651	28.660289	212.598678	28.618103	218.623057	28.806807	224.847167	29.265367	231.132244	30.026446	237.321249	31.115232	243.256344	32.550572	248.797212	34.348311	253.835354	36.526013	258.302106	39.107802	262.171032	42.127999	265.458433	45.632120	268.226521	49.673203	-89.404101	54.300368	-87.221315	59.534488	-84.839395	65.322304	-81.484600	71.445916	-75.360003	77.279258	-61.571689	80.957797	-29.305734	79.704193	10.299941
629.073670	28.932886	207.382570	28.719075	213.102565	28.697268	219.120845	28.909866	225.326518	29.395688	231.579331	30.187260	237.721998	31.309839	243.597724	32.782760	249.068286	34.622926	254.027749	36.849599	258.410105	39.489234	262.191340	42.578955	265.390259	46.167239	268.072130	50.309555	-63.115969	55.055648	-87.514384	60.422966	-85.146570	66.346838	-81.683172	72.580173	-75.069614	78.401857	-59.423694	81.592116	-22.510543	79.434364	16.865550
629.521180	28.977184	207.876896	28.780720	213.599260	28.779842	219.609572	29.016930	225.794759	29.530679	232.013219	30.353536	238.107574	31.510920	243.922178	33.022777	249.320885	34.907213	254.200297	37.185351	258.496922	39.886124	262.189087	43.049582	265.297938	46.727171	267.891859	50.976570	97.727073	55.847470	-87.835059	61.352455	-85.474841	67.412757	-81.867520	73.744934	-74.588993	79.488798	-56.181285	81.919950	-13.918910	78.902409	22.490114
629.968630	29.021475	208.371155	28.842357	214.095889	28.862405	220.098233	29.123980	226.262938	29.665653	232.447048	30.519789	238.493098	31.711974	244.246589	33.262762	249.573449	35.191463	254.372823	37.521058	258.583727	40.282961	262.186834	43.520145	265.205630	47.287028	267.711612	51.643497	258.548551	56.639185	-88.155690	62.281821	-85.803069	68.478533	-82.051843	74.909539	-74.108436	80.575594	-52.939311	82.247740	-5.328430	78.370526	28.113924
630.415950	29.068458	208.859001	28.907274	214.584294	28.948891	220.576565	29.235653	226.718489	29.806044	232.865950	30.692423	238.861513	31.920648	244.551916	33.512028	249.805186	35.487243	254.522899	37.871314	258.646440	40.698297	262.158673	44.014196	265.085269	47.876345	267.500812	52.346450	269.548120	57.473093	-88.510474	63.257233	-86.157461	69.588450	-82.207834	76.098892	-73.266963	81.545109	-47.435152	82.135288	3.685356	77.639249	32.433412
630.863160	29.115633	209.346253	28.972424	215.071969	29.035653	221.054012	29.347650	227.172987	29.946812	233.283633	30.865498	239.228556	32.129850	244.855735	33.761937	250.035301	35.783827	254.671251	38.222589	258.707323	41.114935	262.128566	44.509906	264.962821	48.467750	267.287757	53.051961	269.252059	58.309994	-88.867752	64.235897	-86.513747	70.701446	-82.361655	77.289844	-72.398474	82.505567	-41.761709	81.989677	12.729029	76.893105	36.653616
631.310240	29.164913	209.828484	29.040135	215.553235	29.125472	221.523462	29.463254	227.617786	30.091821	233.689895	31.043590	239.582545	32.345075	245.145029	34.019220	250.249538	36.089604	254.802441	38.585483	258.749688	41.546335	262.078349	45.024293	264.818321	49.082405	267.050204	53.785537	268.928704	59.179071	-89.254241	65.248494	-86.893008	71.844889	-82.479543	78.487634	-71.027487	83.252861	-33.271464	81.555585	20.565173	76.060585	40.044128
631.757260	29.215120	210.308497	29.108974	216.031673	29.216639	221.989382	29.580447	228.058306	30.238699	234.091118	31.223893	239.930777	32.562955	245.427915	34.279753	250.456773	36.399434	254.926065	38.953497	258.783888	41.984242	262.019266	45.546910	264.664099	49.707305	266.801852	54.531482	268.593316	60.062329	-89.653606	66.276044	-87.282398	73.001748	-82.581589	79.688431	-69.434961	83.906168	-23.539367	80.994306	27.868882	75.189989	43.068816
632.204160	29.266746	210.785085	29.179542	216.505761	29.309876	222.449901	29.700094	228.492293	30.388479	234.484686	31.407653	240.270289	32.785016	245.701100	34.545439	250.653395	36.715721	255.038151	39.329692	258.805544	42.432534	261.946423	46.082606	264.494535	50.348346	266.536071	55.296603	268.237837	60.967011	-16.577897	67.325277	-87.690318	74.176443	-82.642149	80.878512	-67.134189	84.295123	-12.333307	80.313776	34.132984	74.291351	45.689825
632.650940	29.320058	211.257628	29.252167	216.974704	29.405579	222.904024	29.822664	228.918539	30.541713	234.869177	31.595531	240.599456	33.012058	245.962769	34.817263	250.837415	37.039699	255.136531	39.715625	258.812293	42.893190	261.857225	46.633874	264.306731	51.008599	266.249566	56.084553	267.858467	61.897199	143.814221	68.400327	-88.120280	75.372393	-82.653414	82.055922	-63.991669	84.369960	0.624876	79.491501	39.162005	73.359344	47.831262
633.097660	29.374087	211.728465	29.325664	217.441492	29.502325	223.355479	29.946470	229.341577	30.696415	235.249915	31.785165	240.924356	33.241234	246.219690	35.091724	251.016224	37.366987	255.229224	40.105750	258.812803	43.359151	261.761083	47.191781	264.111040	51.676947	265.953843	56.881931	267.468019	62.837590	269.013911	69.485194	-88.562072	76.575469	-82.628044	83.208206	-59.985188	84.309886	13.081174	78.640213	43.813075	72.422873	49.836456
633.544250	29.430686	212.193298	29.402286	217.900669	29.602815	223.797489	30.074717	229.753237	30.856387	235.617322	31.981106	241.234072	33.478072	246.459694	35.375658	251.176452	37.706165	255.301614	40.510926	258.791025	43.844157	261.640114	47.773515	263.887131	52.374341	265.625129	57.713150	267.037920	63.814609	268.504656	70.605339	-89.046217	77.804235	-82.471779	84.270946	-52.891258	83.767798	23.746730	77.685107	47.114709	71.470271	51.355271
633.990720	29.487269	212.658005	29.478888	218.359721	29.703278	224.239381	30.202930	230.164786	31.016316	235.984629	32.176993	241.543704	33.714848	246.699633	35.659517	251.336637	38.045251	255.373984	40.915993	258.769252	44.329033	261.519177	48.355092	263.663283	53.071548	265.296504	58.544145	266.607936	64.791366	267.995537	71.725183	-89.530231	79.032672	-82.315556	85.333401	-45.799235	83.225856	34.409419	76.730258	50.415455	70.517926	52.873678
634.437070	29.547196	213.115011	29.559565	218.809021	29.808630	224.669203	30.336970	230.561812	31.183194	236.334972	32.381246	241.834033	33.961844	246.918020	35.956072	251.473056	38.400309	255.420185	41.341269	258.718407	44.839395	261.365406	48.968301	263.401201	53.806771	264.921629	59.418365	266.119540	65.813109	267.411061	72.885781	67.255000	80.285170	-81.814613	85.960900	-29.184934	82.336857	40.886042	75.720491	52.614128	69.570498	53.964393
634.883360	29.607187	213.571794	29.640318	219.258055	29.914073	225.098713	30.471116	230.958478	31.350198	236.684909	32.585650	242.123915	34.209026	247.135921	36.252858	251.608953	38.755661	255.465825	41.766920	258.666951	45.350232	261.210959	49.582103	263.138341	54.542706	264.545820	60.293391	265.629966	66.835675	266.825060	74.047094	227.357891	81.538018	-81.306418	86.579088	-12.370673	81.440606	47.272987	74.709689	54.789128	68.623296	55.045891
635.329530	29.669833	214.022552	29.724300	219.699481	30.023395	225.518852	30.609891	231.343901	31.522741	237.021735	32.796750	242.398875	34.464424	247.337161	36.559876	251.726375	39.123892	255.490967	42.208841	258.592470	45.881475	261.029984	50.220970	262.843793	55.308220	264.130169	61.201032	265.086944	67.890499	266.163170	75.235363	268.695980	82.799301	-80.112437	86.470585	6.583845	80.436809	51.626605	73.689637	56.433713	67.691916	55.898780
635.775570	29.733405	214.471090	29.809407	220.138130	30.134067	225.935592	30.750277	231.725270	31.697210	237.353856	33.010177	242.668503	34.722679	247.532467	36.870452	251.837239	39.496607	255.508853	42.656431	258.509859	46.419832	260.839660	50.868579	262.538093	56.084048	263.700505	62.120033	264.525120	68.956528	265.474562	76.432935	268.011674	84.063321	-78.676085	86.105030	26.291782	79.395164	55.260059	72.666514	57.890337	66.766317	56.670629
636.221560	29.798824	214.915484	29.896768	220.571554	30.247454	226.345906	30.893919	232.098952	31.875599	237.677021	33.228372	242.927931	34.986813	247.716337	37.188375	251.935365	39.878584	255.512471	43.115695	258.410982	46.972740	260.630209	51.533839	262.208817	56.880245	263.239778	63.060637	263.918571	70.042502	264.714490	77.645394	267.218694	85.314143	-75.228175	85.436281	40.761488	78.329597	58.156618	71.649558	59.114487	65.856343	57.331766
636.667420	29.866102	215.355602	29.986394	220.999610	30.363570	226.749640	31.040833	232.464785	32.057925	237.991060	33.451356	243.176985	35.256852	247.888597	37.513681	252.020576	40.269869	255.501640	43.586699	258.295652	47.540284	260.401428	52.216854	261.855726	57.696925	262.747683	64.022946	263.266843	71.148477	263.882190	78.872709	266.315816	86.551382	-69.744086	84.460653	49.924676	77.240000	60.306522	70.639029	60.103029	64.962354	57.880684
637.113160	29.934363	215.793426	30.077217	221.424812	30.481125	227.149897	31.189476	232.826493	32.242336	238.300329	33.676882	243.420630	35.530035	248.054794	37.842923	252.099011	40.666114	255.483161	44.063930	258.171486	48.115523	260.162024	52.909048	261.489090	58.523881	262.236775	64.995559	262.585675	72.262949	262.995385	80.104991	265.294967	87.623510	-54.922465	83.444371	57.748742	76.149903	62.247205	69.635712	61.011769	64.078131	58.388275
637.558840	30.005560	216.224797	30.171614	221.841909	30.602988	227.540199	31.343292	233.176320	32.432991	238.595785	33.910022	243.648544	35.812633	248.203290	38.183946	252.157590	41.077188	255.442201	44.559773	258.021276	48.713749	259.891254	53.628667	261.082418	59.381572	261.670263	65.999080	261.817568	73.403114	261.947871	81.352673	263.926862	88.211273	-12.658966	82.307991	61.643817	75.057622	63.574505	68.652926	61.686658	63.222016	58.774787
638.004330	30.076767	216.655899	30.266019	222.258720	30.724857	227.930204	31.497114	233.525839	32.623650	238.890932	34.143168	243.876150	36.095241	248.351487	38.524988	252.215877	41.488293	255.400952	45.055662	257.870767	49.312034	259.620150	54.348347	260.675322	60.239293	261.103111	67.002544	261.048268	74.543046	260.897426	82.599868	262.546538	88.782513	29.360147	81.171787	65.518012	73.966001	64.896520	67.670912	62.359159	62.366664	59.159971
638.449830	30.152059	217.078232	30.365404	222.664507	30.852740	228.306720	31.658183	233.859264	32.823091	239.167350	34.387072	244.082368	36.391190	248.475533	38.882739	252.246854	41.920401	255.328372	45.577771	257.683256	49.942346	259.303237	55.105464	260.207307	61.137428	260.446077	68.043741	260.124040	75.708823	259.502887	83.851793	259.861791	87.695689	48.316199	80.004141	67.433949	72.894190	65.737678	66.724884	62.817743	61.551787	59.426616
638.895140	30.227319	217.500385	30.464747	223.070121	30.980568	228.683075	31.819184	234.192547	33.022446	239.443651	34.630873	244.288497	36.687013	248.599526	39.240337	252.277819	42.352325	255.255823	46.099657	257.495826	50.572389	258.986459	55.862259	259.739492	62.035179	259.789324	69.084494	259.200207	76.874103	258.108942	85.103185	257.178190	86.609328	67.264167	78.836993	69.349068	71.822836	66.578478	65.779259	63.276131	60.737258	59.693147
639.340390	30.305845	217.915511	30.568078	223.466950	31.113227	229.048711	31.986032	234.513085	33.228922	239.705137	34.883433	244.477709	36.993736	248.704305	39.611605	252.286871	42.801397	255.157802	46.642809	257.277694	51.228050	258.630457	56.648222	259.217059	62.962844	259.046138	70.150007	258.109253	78.048754	256.243347	86.307072	249.169791	85.404368	73.953816	77.677341	70.591302	70.776796	67.186579	64.865480	63.617788	59.955136	59.891421
639.785520	30.385358	218.328378	30.672613	223.860983	31.247344	229.410964	32.154643	234.829626	33.437545	239.962003	35.138632	244.661667	37.303747	248.803145	39.986999	252.289173	43.255648	255.051960	47.192385	257.050157	51.891451	258.262459	57.442988	258.677926	63.899510	258.276507	71.222901	256.967086	79.226023	254.232940	87.496057	239.523532	84.163161	76.867188	76.520261	71.626048	69.738790	67.722887	63.961716	63.923421	59.183172	60.068632
640.230530	30.467204	218.736238	30.779993	224.248792	31.384905	229.765657	32.327428	235.137210	33.651258	240.208475	35.400108	244.833722	37.621572	248.888421	40.372183	252.275861	43.722126	254.927693	47.756978	256.799894	52.572609	257.864421	58.257267	258.094757	64.854731	257.431475	72.307874	255.657965	80.395928	251.573665	88.121421	210.536312	82.924711	78.751106	75.377967	72.425577	68.722070	68.155995	63.081111	64.172375	58.433364	60.211365
640.675420	30.551218	219.139433	30.890015	224.630807	31.525667	230.113316	32.504091	235.436460	33.869702	240.445277	35.667414	244.994704	37.946659	248.961085	40.766465	252.248028	44.199965	254.786296	48.335525	256.528504	53.270267	257.438458	59.089676	257.470651	65.827188	256.516347	73.404057	254.193621	81.558965	248.311072	88.222675	163.564941	81.688847	79.677724	74.249443	73.006369	67.725165	68.493132	62.222057	64.368620	57.704172	60.322036
641.120240	30.636496	219.539925	31.001580	225.009470	31.668304	230.456917	32.683035	235.730909	34.090939	240.676507	35.938178	245.149294	38.276060	249.026410	41.166145	252.211654	44.684511	254.634637	48.922214	256.244105	53.977328	256.994603	59.931943	256.818752	66.807977	255.549121	74.502794	252.593369	82.700367	244.232047	87.983401	126.143466	80.459951	80.444007	73.131353	73.516799	66.740560	68.793689	61.375373	64.543330	56.986332	60.419213
641.564940	30.725195	219.933183	31.117327	225.379149	31.816023	230.789621	32.868161	236.012450	34.319751	240.892737	36.218311	245.286661	38.617151	249.071942	41.580453	252.152226	45.187229	254.455267	49.530960	255.924558	54.709874	256.502404	60.800937	256.091758	67.811398	254.441171	75.608589	250.626147	83.783570	237.949425	86.825251	114.484507	79.249668	80.777780	72.041242	73.837456	65.788994	68.995590	60.561936	64.659961	56.299010	60.479993
642.009580	30.813990	220.326171	31.233188	225.748507	31.963881	231.121950	33.053457	236.293563	34.548770	241.108482	36.498702	245.423484	38.958565	249.116857	41.995165	252.092085	45.690448	254.275035	50.140304	255.603896	55.443082	256.008605	61.670561	255.362104	68.815198	253.327649	76.713950	248.641051	84.859977	231.496024	85.665656	103.015265	78.040289	81.106118	70.952222	74.154633	64.838570	69.195446	59.749578	64.775325	55.612644	60.539966
642.454100	30.907621	220.709157	31.354965	226.105460	32.118939	231.439259	33.247534	236.556886	34.788574	241.303516	36.792456	245.536391	39.316653	249.134058	42.430679	251.999214	46.219314	254.054620	50.780293	255.230717	56.210636	255.439329	62.573906	254.507385	69.842062	251.954660	77.806051	245.832970	85.634194	217.252337	84.433655	100.091072	76.864898	81.189679	69.906366	74.315743	63.934448	69.303595	58.981482	64.833874	54.965694	60.563681
642.898500	31.001227	221.092039	31.476709	226.462318	32.273956	231.756481	33.441559	236.820138	35.028313	241.498497	37.086131	245.649268	39.674645	249.151254	42.866075	251.906368	46.748038	253.834265	51.420109	254.857640	56.977984	254.870205	63.477007	253.652896	70.868649	250.582042	78.897858	243.025647	86.408202	203.012496	83.201987	97.167668	75.689824	81.273217	68.860793	74.476809	63.030571	69.411715	58.213592	64.892408	54.318918	60.587389
643.342770	31.098841	221.466730	31.603354	226.809055	32.434946	232.061466	33.642888	237.068893	35.277042	241.676564	37.390960	245.742519	40.046536	249.145506	43.318740	251.786007	47.297836	253.579360	52.084608	254.437898	57.771875	254.230693	64.403649	252.673153	71.904363	248.917632	79.944843	239.054529	86.515241	183.125540	81.978151	95.396934	74.546390	81.259904	67.851972	74.558861	62.163764	69.469020	57.479833	64.918314	53.701823	60.590116
643.786990	31.197639	221.838985	31.731448	227.152787	32.597700	232.362820	33.846373	237.313352	35.528426	241.849619	37.699083	245.829959	40.422533	249.132966	43.776505	251.657505	47.853859	253.314234	52.756394	254.004354	58.573602	253.570362	65.337236	251.656360	72.942751	247.166897	80.978535	234.739036	86.424857	161.567571	80.756665	93.967434	73.412350	81.217923	66.854057	74.617524	61.307953	69.511282	56.756194	64.934561	53.093528	60.586632
644.231080	31.299252	222.205518	31.862991	227.489459	32.764674	232.655656	34.055030	237.547728	35.786195	242.010897	38.015139	245.903656	40.808410	249.104175	44.246478	251.509182	48.424596	253.023578	53.444974	253.534993	59.392398	252.853046	66.283546	250.529776	73.977818	245.124487	81.932255	228.969268	85.937541	144.838329	79.549130	92.802207	72.301940	81.139705	65.881872	74.640815	60.476952	69.529214	56.054741	64.934810	52.504166	60.572888
644.675050	31.403460	222.566779	31.997712	227.819624	32.935536	232.940643	34.268452	237.772815	36.049846	242.161323	38.338503	245.964694	41.203389	249.060412	44.727697	251.342598	49.008888	252.709399	54.149025	253.032634	60.226918	252.083232	67.241578	249.302043	75.009823	242.813365	82.812300	221.859705	85.084540	132.557721	78.354451	91.880452	71.213300	81.028103	64.933392	74.631521	59.668808	69.524729	55.373726	64.920320	51.932247	60.549692
645.118900	31.509190	222.924932	32.134298	228.145980	33.108676	233.221053	34.484671	237.992494	36.316950	242.305415	38.666155	246.018295	41.603686	249.007764	45.215432	251.164982	49.600899	252.380610	54.861574	252.508957	61.069360	251.277484	68.203601	247.998833	76.031996	240.271294	83.596583	213.597243	84.168848	122.099984	77.169374	91.021959	70.137732	80.905885	63.998410	74.610125	58.873223	69.511498	54.703684	64.900036	51.369551	60.522864
645.562680	31.619142	223.274804	32.276057	228.462116	33.288141	233.489118	34.708655	238.197523	36.593642	242.432287	39.005710	246.051611	42.018747	248.930812	45.721249	250.957123	50.214338	252.011717	55.597753	251.926739	61.933934	250.373104	69.177085	246.488677	77.027904	237.096841	84.119722	202.180492	83.081365	116.615889	76.009841	90.335781	69.097251	80.754595	63.099758	74.555658	58.111483	69.474370	54.063228	64.863913	50.831722	60.486098
646.006350	31.729153	223.624422	32.417887	228.777968	33.467691	233.756868	34.932744	238.402204	36.870463	242.558777	39.345425	246.084503	42.434008	248.853374	46.227310	250.748672	50.828052	251.642036	56.334198	251.343325	62.798664	249.466542	70.150359	244.973353	78.022318	233.903820	84.634084	190.735519	81.993377	111.169509	74.851177	89.651637	68.057736	80.603013	62.202032	74.500772	57.350569	69.436927	53.423477	64.827585	50.294480	60.449213
646.449950	31.845105	223.962470	32.567007	229.079572	33.656177	234.007421	35.167822	238.586451	37.160877	242.661149	39.702004	246.088781	42.870099	248.741175	46.758630	250.496020	51.471063	251.211920	57.101479	250.667657	63.688718	248.394479	71.125679	243.076600	78.930701	229.378628	84.552902	177.154161	80.852249	108.227434	73.732646	89.095912	67.067214	80.428777	61.352859	74.416091	56.633603	69.377172	52.821417	64.776552	49.788519	60.403505
646.893370	31.961010	224.300380	32.716066	229.381054	33.844586	234.257873	35.402805	238.770623	37.451173	242.763479	40.058438	246.093058	43.306014	248.629021	47.289734	250.243470	52.113812	250.781978	57.868449	249.992262	64.578412	247.322851	72.100603	241.180616	79.838716	224.855272	84.471754	163.578313	79.711584	105.286552	72.614569	88.540412	66.077093	80.254612	60.504030	74.331444	55.916927	69.317441	52.219603	64.725539	49.282764	60.357815
647.336730	32.081731	224.629119	32.871044	229.671238	34.040268	234.494670	35.646754	238.938513	37.752565	242.846475	40.428615	246.074130	43.758812	248.488180	47.841050	249.953570	52.779365	250.299151	58.657933	249.232232	65.482745	246.088835	73.061892	238.872363	80.612193	218.802234	83.972810	152.544232	78.570200	103.171786	71.530185	88.046868	65.124966	80.070891	59.691533	74.231782	55.232368	69.246199	51.644900	64.667155	48.799267	60.308102
647.779970	32.203948	224.954880	33.027860	229.957778	34.238208	234.727091	35.893485	239.101211	38.057401	242.923334	40.803059	246.047861	44.216852	248.338292	48.398637	249.651913	53.451984	249.799695	59.454365	248.445586	66.391507	244.803699	74.018646	236.434137	81.342907	212.266378	83.341733	142.317221	77.428848	101.318995	70.456713	87.573048	64.185083	79.884186	58.890720	74.127390	54.558131	69.171329	51.078911	64.606451	48.322926	60.257128
648.223140	32.329515	225.274311	33.188798	230.236538	34.441219	234.950102	36.146472	239.252667	38.369979	242.986761	41.187065	246.005291	44.686544	248.167920	48.969927	249.322861	54.139498	249.260017	60.264138	247.591194	67.305027	243.379079	74.950596	233.607966	81.914099	204.557142	82.567624	134.118933	76.298000	99.743745	69.406959	87.127678	63.270329	79.694696	58.113191	74.016895	53.904068	69.091735	50.529730	64.542953	47.860258	60.204984
648.666200	32.458373	225.587474	33.353785	230.507603	34.649209	235.163817	36.405602	239.393030	38.690161	243.036945	41.580462	245.946656	45.167678	247.977374	49.554671	248.966836	54.841629	248.680745	61.086986	246.670109	68.223152	241.817106	75.858012	230.399675	82.328004	195.692061	81.652606	127.921038	75.177610	98.442202	68.380679	86.710393	62.380428	79.502476	57.358682	73.900394	53.269952	69.007492	49.997167	64.476706	47.411110	60.151694
649.109130	32.588934	225.897331	33.520864	230.774634	34.859771	235.372683	36.667904	239.527604	39.014259	243.080185	41.978670	245.879520	45.654605	247.775955	50.146066	248.595889	55.550601	248.078701	61.914983	245.708558	69.139890	240.165537	76.741086	226.926584	82.632177	186.572553	80.709878	122.312587	74.065423	97.219045	67.366625	86.303713	61.502821	79.310207	56.615256	73.782379	52.645276	68.922094	49.472385	64.409953	46.968248	60.098462
649.551940	32.724785	226.197276	33.694444	231.029498	35.078328	235.566859	36.940066	239.644563	39.350532	243.102225	42.391833	245.786351	46.159547	247.541171	50.758162	248.179093	56.280928	247.406661	62.759240	244.622702	70.052966	238.239040	77.550301	222.641822	82.601090	176.669544	79.681853	118.502556	72.977617	96.234746	66.389309	85.929200	60.662245	79.117667	55.905248	73.659663	52.049069	68.833115	48.971062	64.341608	46.544327	60.045371
649.994690	32.860618	226.497181	33.868001	231.284328	35.296856	235.761008	37.212190	239.761506	39.686760	243.124263	42.804941	245.693195	46.664420	247.306419	51.370174	247.762353	57.011155	246.734713	63.603382	243.536993	70.965919	236.312805	78.359406	218.357640	82.570006	166.767877	78.653968	114.693042	71.889960	95.250580	65.412126	85.554738	59.821783	78.925153	55.195335	73.536964	51.452942	68.744147	48.469807	64.273273	46.120462	59.992287
650.437320	33.003708	226.783732	34.050507	231.522733	35.526418	235.935245	37.497944	239.854449	40.039802	243.117140	43.238598	245.563670	47.193736	247.024000	52.009481	247.277982	57.767624	245.955025	64.462337	242.248800	71.854357	233.906971	79.000013	212.702062	82.115294	158.226003	77.590052	112.152953	70.840639	94.462841	64.483351	85.213305	59.028187	78.735256	54.526769	73.411929	50.891538	68.653606	47.996874	64.205163	45.719298	59.941050
650.879880	33.146864	227.070077	34.233092	231.760902	35.756078	236.109214	37.783820	239.947085	40.392993	243.109664	43.672439	245.433723	47.723267	246.741046	52.649021	246.792865	58.524295	245.174150	65.321338	240.958348	72.742360	231.495689	79.638476	207.030716	81.655511	149.701955	76.525865	109.628665	69.791946	93.677607	63.555307	84.872327	58.235284	78.545421	53.858808	73.286885	50.330641	68.563059	47.524358	64.137067	45.318472	59.889844
651.322270	33.295650	227.346108	34.422618	231.986411	35.994292	236.267813	38.080242	240.021104	40.759148	243.079360	44.121986	245.274868	48.271135	246.419313	53.308230	246.250936	59.297897	244.298717	66.184026	239.479941	73.590789	228.615186	80.083956	200.336239	80.986450	142.894363	75.461486	107.636164	68.774643	92.990782	62.662875	84.551982	57.475698	78.359549	53.219677	73.162597	49.793659	68.473413	47.071196	64.070715	44.933064	59.841166
651.764590	33.446531	227.618292	34.614726	232.207200	36.235687	236.420684	38.380590	240.088184	41.130127	243.040551	44.577377	245.105245	48.825825	246.083138	53.974757	245.687851	60.077795	243.388072	67.048074	237.931538	74.424462	225.559927	80.457538	193.260719	80.239438	136.726302	74.397053	105.841800	67.769050	92.340629	61.783723	84.239328	56.728535	78.175156	52.591297	73.038592	49.265595	68.384103	46.625252	64.005014	44.553405	59.793430
652.206790	33.601217	227.883571	34.811521	232.419507	36.482860	236.563234	38.688049	240.142686	41.509805	242.986141	45.043190	244.915509	49.392400	245.719294	54.653354	245.082782	60.866345	242.404322	67.908083	236.229794	75.213151	222.116797	80.670338	185.861841	79.420743	131.452163	73.341417	104.255666	66.784729	91.735937	60.927009	83.938299	56.001779	77.994240	51.980286	72.916262	48.751788	68.296380	46.190761	63.941210	44.182823	59.747888
652.648930	33.760257	228.141039	35.013684	232.622199	36.736649	236.694062	39.003653	240.182882	41.899447	242.913967	45.520941	244.702852	49.972598	245.323901	55.345804	244.429834	61.664875	241.337211	68.763642	234.353263	75.950789	218.231699	80.700215	178.093721	78.520335	127.194339	72.295608	102.906210	65.824446	91.182874	60.095683	83.650446	55.298119	77.817248	51.388933	72.795817	48.254116	68.210446	45.769228	63.879554	43.822503	59.704835
653.090940	33.921025	228.395303	35.217976	232.820972	36.993061	236.820120	39.322479	240.217239	42.293006	242.834479	46.003319	244.480604	50.557905	244.914957	56.043034	243.755565	62.465703	240.231194	69.613398	232.391199	76.656895	214.145954	80.658512	170.440448	77.605559	123.196913	71.256118	101.616558	64.873915	90.644971	59.274076	83.367225	54.603080	77.642091	50.804816	72.676503	47.762332	68.125551	45.352399	63.818992	43.465894	59.662935
653.532840	34.088598	228.637432	35.430666	233.004795	37.259820	236.927885	39.654022	240.229099	42.702026	242.726701	46.503975	244.221152	51.163443	244.453368	56.759326	242.998437	63.276107	238.974082	70.441508	230.097379	77.241966	209.282424	80.340593	163.223512	76.634537	120.200656	70.240091	100.556506	63.960166	90.165082	58.489247	83.101631	53.940692	77.473856	50.248100	72.561454	47.292830	68.044589	44.953348	63.762598	43.123288	59.625449
653.974610	34.256123	228.879490	35.643294	233.188565	37.526501	237.035617	39.985468	240.240957	43.110925	242.618955	47.004483	243.961776	51.768804	243.991914	57.475407	242.241531	64.086272	237.717340	71.269376	227.804235	77.826865	204.420325	80.022768	156.008699	75.663800	117.205281	69.224362	99.496767	63.046687	89.685334	57.704648	82.836114	53.278498	77.305671	49.691548	72.446437	46.823466	67.963652	44.554415	63.706220	42.780782	59.587973
654.416320	34.432200	229.106562	35.866466	233.353805	37.806157	237.120555	40.332800	240.224499	43.538978	242.475065	47.527227	243.653820	52.397816	243.459693	58.211382	241.368946	64.899282	236.240215	72.047317	225.014423	78.205776	198.669080	79.447717	150.077864	74.669583	114.968053	68.242469	98.624342	62.176740	89.259784	56.961794	82.589962	52.652624	77.146793	49.165101	72.337926	46.378385	67.888639	44.174734	63.655776	42.453360	59.556453
654.857910	34.608753	229.332660	36.090222	233.517871	38.086531	237.204081	40.681010	240.206320	43.968085	242.329009	48.051189	243.342984	53.028104	242.923297	58.948374	240.489539	65.712251	234.750045	72.822009	222.195069	78.572031	192.865146	78.857137	144.226864	73.674197	112.777633	67.262897	97.763566	61.309676	88.837650	56.221681	82.345055	52.029128	76.988525	48.640629	72.229840	45.934901	67.814007	43.796328	63.605707	42.126943	59.525305
655.299380	34.791727	229.547490	36.321897	233.667997	38.376641	237.270358	41.041090	240.166528	44.411358	242.154944	48.591222	242.993644	53.674572	242.329059	59.696592	239.511872	66.518681	233.064930	73.537233	218.941709	78.752540	186.693434	78.147041	139.337145	72.679987	110.943449	66.310509	96.999885	60.473639	88.447240	55.510302	82.113165	51.430191	76.837449	48.136298	72.127153	45.507546	67.744270	43.430641	63.560379	41.810440	59.498771
655.740720	34.977717	229.756941	36.557290	233.811485	38.671323	237.328441	41.406741	240.116492	44.861276	241.967623	49.138789	242.626099	54.328609	241.707482	60.450011	238.487758	67.321875	231.287623	74.224129	215.483019	78.844911	180.348289	77.380369	134.904215	71.686501	109.278548	65.371173	96.282388	59.652456	88.071944	54.812669	81.887488	50.843002	76.689809	47.641604	72.027043	45.087913	67.676867	43.071049	63.517308	41.498691	59.474432
656.182010	35.167829	229.959211	36.797760	233.946050	38.972224	237.375420	41.779922	240.052379	45.320050	241.761737	49.696099	242.232419	54.991714	241.045405	61.207702	237.392246	68.114141	229.364467	74.856770	211.727789	78.818411	174.067282	76.572488	130.933631	70.700217	107.760638	64.449244	95.609336	58.849644	87.712975	54.131583	81.669426	50.269748	76.546872	47.158234	71.930637	44.677292	67.612810	42.718528	63.477410	41.192426	59.453109
656.623170	35.363787	230.151229	37.045426	234.067892	39.281940	237.406580	42.163774	239.968227	45.791374	241.529444	50.267209	241.801579	55.667644	240.325747	61.971374	236.195212	68.890738	227.233886	75.412067	207.550797	78.622647	167.878440	75.706034	127.621936	69.724322	106.452240	63.552226	94.999661	58.073097	87.377306	53.474149	81.462239	49.716412	76.410652	46.691055	71.839515	44.279559	67.553529	42.376122	63.442038	40.894011	59.436085
657.064270	35.561257	230.340576	37.294951	234.186413	39.593927	237.433585	42.550352	239.878752	46.265846	241.290008	50.841639	241.360429	56.346310	239.589583	62.735271	234.968041	69.660182	225.041074	75.941031	203.274383	78.390308	161.801147	74.832494	124.427844	68.752476	105.180530	62.661560	94.402236	57.302870	87.046639	52.822273	81.257647	49.167697	76.276167	46.227603	71.749803	43.884776	67.495516	42.036021	63.407850	40.597377	59.420169
657.505250	35.767698	230.514368	37.555506	234.285536	39.919379	237.436250	42.953105	239.758023	46.759011	241.008582	51.435833	240.858627	57.041365	238.756300	63.500883	233.563602	70.388106	222.482386	76.315933	198.413026	77.943491	156.374434	73.916964	121.921331	67.803854	104.123173	61.807653	93.876295	56.569281	86.745113	52.202633	81.068164	48.645781	76.151775	45.785754	71.668303	43.507079	67.444908	41.709254	63.380592	40.311021	59.410738
657.946110	35.974082	230.688113	37.815991	234.384631	40.244743	237.438914	43.355749	239.637328	47.252042	240.727233	52.029865	240.356962	57.736232	237.923243	64.266286	232.159545	71.115832	219.924395	76.690734	193.552991	77.496795	150.949198	73.001683	119.415501	66.855489	103.066104	60.953980	93.350497	55.835891	86.443670	51.583162	80.878732	48.124007	76.027416	45.344024	71.586826	43.129485	67.394315	41.382577	63.353341	40.024744	59.401310
658.386840	36.190127	230.845072	38.088330	234.462701	40.584510	237.414980	43.775506	239.482019	47.764401	240.398461	52.643240	239.784948	58.444314	236.973923	65.023566	230.536928	71.775937	216.926638	76.870124	188.293861	76.886883	146.397787	72.071541	117.407007	65.936387	102.170057	60.138105	92.883671	55.138553	86.168736	50.994796	80.704354	47.627807	75.913755	44.922763	71.514250	42.767997	67.351746	41.068405	63.333516	39.748056	59.398744
658.827450	36.407466	230.999658	38.362258	234.537825	40.926204	237.387347	44.197548	239.321927	48.279332	240.063162	53.259167	239.203273	59.154073	236.008637	65.779540	228.884258	72.426475	213.868346	77.022267	182.980381	76.254387	141.969090	71.139544	115.468221	65.021572	101.296636	59.327682	92.425164	54.446395	85.897557	50.410896	80.532113	47.135283	75.801608	44.504449	71.442931	42.408835	67.310304	40.756048	63.314730	39.472768	59.397134
659.268010	36.631851	231.142060	38.644807	234.597585	41.278314	237.340064	44.631806	239.135864	48.807667	239.691493	53.887543	238.566140	59.869703	234.948812	66.521113	227.050462	73.009350	210.476665	77.027685	177.640562	75.547752	138.105183	70.209565	113.774132	64.129143	100.507302	58.542912	92.000231	53.777877	85.642834	49.847056	80.369948	46.659089	75.696969	44.099115	71.377966	42.059827	67.274589	40.451529	63.301202	39.203442	59.400336
659.708500	36.860752	231.276607	38.932882	234.647451	41.637097	237.280137	45.073890	238.933101	49.344583	239.296446	54.523878	237.893367	60.589052	233.828230	67.253354	225.100244	73.548624	206.870691	76.938664	172.284249	74.793459	134.605130	69.280964	112.237687	63.251202	99.772158	57.774721	91.596943	53.124631	85.398725	49.296175	80.214281	46.193447	75.597171	43.702170	71.317098	41.717384	67.242561	40.152081	63.291060	38.937977	59.406636
660.148800	37.093674	231.403961	39.225856	234.688229	42.001742	237.208519	45.522716	238.714675	49.888586	238.879019	55.166020	237.185553	61.308862	232.646255	67.970978	223.032272	74.037379	203.088100	76.773085	167.061377	74.015176	131.360047	68.358269	110.800610	62.386689	99.073678	57.020659	91.209606	52.484033	85.163113	48.755878	80.064173	45.736358	75.501662	43.311997	71.259899	41.380224	67.213829	39.856702	63.283917	38.675602	59.415655
660.589050	37.334641	231.517322	39.528636	234.711244	42.378131	237.113961	45.985074	238.465422	50.446862	238.417467	55.820001	236.408613	62.030105	231.343213	68.660511	220.732232	74.427578	198.956941	76.457488	162.095956	73.189351	128.611803	67.446461	109.557040	61.547838	98.446472	56.293706	90.853212	51.867731	84.943966	48.235909	79.924839	45.295680	75.414484	42.934796	71.209846	41.053163	67.191526	39.569073	63.282642	38.419084	59.430004
661.029170	37.576382	231.629171	39.832351	234.732362	42.755624	237.016956	46.448666	238.212862	51.006347	237.951098	56.474742	235.623931	62.750637	230.026291	69.345494	218.406334	74.805549	194.800906	76.129653	157.175604	72.361354	125.902273	66.536568	108.328252	60.711848	97.825144	55.569572	90.499593	51.253892	84.726408	47.717979	79.786598	44.856643	75.328170	42.558893	71.160534	40.727116	67.169884	39.282230	63.281962	38.163166	59.444884
661.469180	37.829977	231.720180	40.150442	234.726850	43.150150	236.885126	46.931451	237.912745	51.585036	237.415078	57.142735	234.727179	63.463995	228.508795	69.969096	215.707265	75.012804	190.278369	75.628220	152.870608	71.499525	123.727270	65.650079	107.302810	59.912865	97.284158	54.882290	90.183659	50.672323	84.530389	47.226724	79.663218	44.438985	75.253691	42.199793	71.121469	40.414084	67.157460	39.005325	63.289648	37.914702	59.467304
661.909120	38.083532	231.811174	40.468481	234.721338	43.544613	236.753317	47.414159	237.612676	52.163634	236.879143	57.810621	233.830571	64.177240	226.991541	70.592598	213.008625	75.220026	185.756552	75.126866	148.566296	70.637834	121.552613	64.763731	106.277531	59.114009	96.743259	54.195117	89.867774	50.090848	84.334401	46.735547	79.539857	44.021394	75.179224	41.840751	71.082410	40.101103	67.145037	38.728464	63.297333	37.666278	59.489719
662.348940	38.347591	231.883465	40.799185	234.691741	43.953893	236.589619	47.913102	237.268209	52.757340	236.276660	58.485877	232.824141	64.874489	225.275269	71.142233	209.968436	75.266259	181.122249	74.517447	144.836784	69.766679	119.718475	63.901617	105.384052	58.346556	96.258093	53.537843	89.579924	49.535052	84.155459	46.265376	79.428789	43.620521	75.114766	41.494781	71.052082	39.798190	67.140458	38.459237	63.312104	37.423524	59.518484
662.788640	38.614331	231.950873	41.133117	234.655879	44.366947	236.417653	48.416170	236.912254	53.354860	235.656977	59.162915	231.789327	65.567435	223.507539	71.672528	206.839955	75.270577	176.459602	73.880021	141.257646	68.893237	117.973345	63.045984	104.525061	57.587434	95.787534	52.888485	89.299429	48.986052	83.980991	45.800768	79.320944	43.224081	75.052927	41.152283	71.024034	39.497960	67.137922	38.192052	63.328718	37.182295	59.548896
663.228270	38.888256	232.005272	41.475639	234.603099	44.789880	236.222974	48.929660	236.524099	53.961097	234.987897	59.841390	230.671222	66.241740	221.589581	72.138964	203.493340	75.170217	171.879383	73.195391	138.021167	68.022106	116.396125	62.207916	103.733646	56.848488	95.347558	52.257686	89.035401	48.452742	83.817126	45.348879	79.221044	42.837705	74.997680	40.817616	71.001774	39.203731	67.140582	37.929385	63.350009	36.944388	59.583476
663.667790	39.168804	232.047624	41.826074	234.534666	45.221914	236.007292	49.452743	236.106181	54.575341	234.273167	60.521125	229.476143	66.898723	219.532778	72.546245	199.945176	74.972984	167.375926	72.467141	135.102164	67.153203	114.974475	61.386190	103.004856	56.128293	94.935934	51.644129	88.786642	47.934008	83.663094	44.908809	79.128507	42.460684	74.948541	40.490229	70.984873	38.915086	67.148049	37.670928	63.375626	36.709582	59.621909
664.107180	39.452804	232.083474	42.180591	234.457723	45.658537	235.780039	49.980415	235.671544	55.192782	233.532222	61.199348	228.236123	67.542165	217.397276	72.916615	196.314268	74.732154	162.971983	71.725680	132.317433	66.288284	113.613251	60.573332	102.301587	55.417449	94.536623	51.038928	88.544926	47.422242	83.513817	44.474347	79.039638	42.088082	74.902487	40.166271	70.970684	38.629061	67.157946	37.414436	63.403418	36.476212	59.662267
664.546450	39.747676	232.099205	42.547977	234.354366	46.109654	235.516796	50.522643	235.184839	55.820523	232.709589	61.873324	226.856092	68.144073	215.016608	73.172877	192.424702	74.356114	158.873479	70.942818	129.946856	65.435151	112.438336	59.787423	101.676923	54.735116	94.175199	50.459221	88.324872	46.931733	83.379176	44.056980	78.962074	41.728931	74.865957	39.852724	70.964886	38.350968	67.175373	37.163866	63.437966	36.247143	59.708613
664.985660	40.042509	232.114934	42.915314	234.251024	46.560709	235.253589	51.064796	234.698201	56.448177	231.887069	62.547208	225.476249	68.745900	212.636265	73.429103	188.535666	73.980126	154.775535	70.160063	127.576602	64.582134	111.263582	59.001620	101.052344	54.052877	93.813824	49.879593	88.104848	46.441291	83.244553	43.639670	78.884521	41.369829	74.829432	39.539220	70.959089	38.072913	67.192798	36.913331	63.472509	36.018106	59.754953
665.424740	40.351772	232.103212	43.299512	234.111238	47.030248	234.939953	51.624286	234.137168	57.084872	230.945399	63.205372	223.890666	69.273077	209.920132	73.519953	184.465017	73.465341	151.190973	69.350267	125.628487	63.751429	110.273723	58.251028	100.509916	53.405738	93.494504	49.330644	87.910233	45.976135	83.127842	43.242555	78.821158	41.026534	74.805005	39.237891	70.964004	37.804074	67.219826	36.669620	63.515637	35.793953	59.808863
665.863710	40.661448	232.090565	43.684186	233.970255	47.500297	234.624691	52.184226	233.573759	57.721719	229.999935	63.862847	222.298523	69.797609	207.193321	73.605201	180.389220	72.945996	147.624596	68.539754	123.695086	62.921678	109.290340	57.501805	99.970389	52.759939	93.176680	48.782862	87.716523	45.511945	83.011763	42.846218	78.758289	40.683855	74.780992	38.937045	70.969279	37.535611	67.247171	36.426197	63.559044	35.570018	59.863016
666.302610	40.981803	232.056977	44.081146	233.801137	47.983352	234.269834	52.755250	232.950774	58.361234	228.957392	64.500149	220.539813	70.252346	204.228925	73.568340	176.325112	72.353837	144.434973	67.723130	121.997643	62.111076	108.410913	56.777536	99.479548	52.137935	92.885238	48.255490	87.539576	45.064407	82.907944	42.463090	78.705353	40.351461	74.765537	38.644075	70.982154	37.273062	67.281325	36.187101	63.608525	35.349123	59.922504
666.741390	41.306900	232.013966	44.483556	233.619388	48.472166	233.897223	53.331148	232.301093	59.001823	227.871355	65.128241	218.706473	70.675570	201.158168	73.476514	172.267087	71.729016	141.415602	66.903919	120.406768	61.309259	107.578463	56.064647	99.010724	51.526769	92.605731	47.737411	87.370213	44.624455	82.809664	42.085987	78.656900	40.023764	74.753938	38.354709	70.998446	37.013229	67.318537	35.950000	63.660729	35.129641	59.984381
667.180050	41.638484	231.957605	44.893274	233.419490	48.968358	233.498666	53.912434	231.611647	59.640961	226.719695	65.737764	216.763572	71.047526	197.964823	73.316101	168.299045	71.074947	138.600813	66.086826	118.926368	60.520234	106.795863	55.366488	98.566494	50.929151	92.340274	47.230770	87.210177	44.193756	82.718416	41.716187	78.614237	39.701729	74.747363	38.069660	71.019207	36.756621	67.359747	35.715239	63.716486	34.911777	60.049360
667.618590	41.979417	231.882070	45.313530	233.193515	49.475201	233.062816	54.501523	230.865033	60.278094	225.473695	66.320705	214.663163	71.345931	194.595120	73.057206	164.459706	70.378814	136.079376	65.272677	117.604385	59.749479	106.084731	54.689391	98.157517	50.350913	92.094954	46.740487	87.063511	43.776290	82.637250	41.356826	78.579882	39.387784	74.748002	37.790773	71.046385	36.504611	67.406702	35.483807	63.777350	34.696209	60.118799
668.057070	42.322438	231.801974	45.736075	232.961268	49.984204	232.617856	55.091805	230.104226	60.913556	224.204174	66.895345	212.525778	71.625579	191.199158	72.779541	160.667727	69.677044	133.613357	64.460491	116.310221	58.983046	105.386598	54.016874	97.755298	49.776770	91.853693	46.253617	86.919651	43.361566	82.558257	40.999622	78.547344	39.075507	74.750226	37.513154	71.074975	36.253543	67.454918	35.253053	63.839329	34.481104	60.189208
668.495420	42.679614	231.691349	46.174166	232.686978	50.507954	232.111763	55.690418	229.248134	61.538243	222.776748	67.414886	210.140070	71.780101	187.625685	72.376307	157.189796	68.937181	131.516031	63.660917	115.201102	58.245016	104.774873	53.374532	97.397975	49.229632	91.639400	45.789247	86.794456	42.964908	82.493731	40.656603	78.526916	38.774175	74.763042	37.243830	71.113010	36.008617	67.511584	35.026686	63.908805	34.268959	60.266138
668.933650	43.036692	231.580755	46.612137	232.412763	51.031560	231.605809	56.288867	228.392276	62.162758	221.349712	67.934285	207.755014	71.934581	184.053191	71.973183	153.712816	68.197521	129.419280	62.861562	114.092288	57.507188	104.163316	52.732366	97.040750	48.682643	91.425167	45.325004	86.669295	42.568359	82.429223	40.313677	78.506495	38.472926	74.775854	36.974581	71.151035	35.763758	67.568236	34.800381	63.978261	34.056872	60.343047
669.371830	43.407893	231.438072	47.065140	232.093684	51.568266	231.033507	56.891560	227.431496	62.767649	219.749928	68.383267	205.125985	71.958495	180.424197	71.472449	150.596909	67.438635	127.618105	62.079948	113.127458	56.797526	103.621567	52.118396	96.721567	48.160316	91.234821	44.881068	86.561243	42.187998	82.378291	39.983388	78.497587	38.181364	74.798798	36.712611	71.198113	35.524221	67.632985	34.577803	64.054884	33.847209	60.426156
669.809880	43.781510	231.289705	47.520699	231.766691	52.107161	230.449530	57.494843	226.452267	63.368871	218.119773	68.819566	202.454164	71.959113	176.786127	70.954444	147.546267	66.676529	125.870149	61.301715	112.188578	56.093084	103.092420	51.509626	96.409258	47.642531	91.048789	44.440877	86.456272	41.810630	82.329794	39.655444	78.490736	37.891611	74.823543	36.452013	71.246793	35.285700	67.699161	34.355952	64.132764	33.638037	60.510349
670.247800	44.164584	231.118154	47.985894	231.406868	52.653401	229.816261	58.097439	225.394348	63.949521	216.363199	69.197544	199.633968	71.873419	173.197979	70.388292	144.738011	65.910675	124.282580	60.537918	111.327684	55.407529	102.602694	50.918912	96.119468	47.140244	90.877499	44.013328	86.362201	41.443284	82.290115	39.335289	78.491441	37.607807	74.854967	36.195862	71.301450	35.050402	67.770675	34.136325	64.215349	33.430266	60.598595
670.685670	44.554954	230.928804	48.458532	231.021828	53.205337	229.145118	58.699576	224.275961	64.514459	214.509475	69.530837	196.699658	71.721521	169.647708	69.785151	142.115328	65.141860	122.817834	59.785105	110.526501	54.736381	102.143147	50.341980	95.846915	46.649785	90.717497	43.595425	86.276479	41.083583	82.257193	39.021073	78.497942	37.328532	74.891517	35.943094	71.360698	34.817550	67.846292	33.918377	64.301552	33.223546	60.689960
671.123410	44.949986	230.726933	48.935645	230.618818	53.759989	228.446626	59.299172	223.113800	65.064839	212.588820	69.830102	193.708287	71.530203	166.160459	69.165635	139.603701	64.374556	121.418043	59.040376	109.757352	54.074587	101.700485	49.773676	95.584441	46.166617	90.564344	43.183423	86.195956	40.728537	82.228544	38.710464	78.508134	37.052004	74.931340	35.692369	71.422872	34.586166	67.924518	33.701428	64.390050	33.017438	60.783285
671.561040	45.357084	230.493087	49.424388	230.169863	54.321833	227.678163	59.892598	221.839621	65.578437	210.496815	70.042890	190.570147	71.238438	162.831877	68.504118	137.373515	63.610710	120.182895	58.315848	109.069362	53.436276	101.300588	49.227050	95.347489	45.701765	90.428550	42.786231	86.128625	40.385163	82.210761	38.408882	78.527727	36.782326	74.979513	35.446715	71.492531	34.358405	68.009429	33.486912	64.484432	32.812783	60.881647
671.998540	45.764061	230.259310	49.912985	229.721041	54.883510	226.909928	60.485847	220.565820	66.091884	208.405432	70.255615	187.432939	70.946759	159.504284	67.842798	135.143991	62.847091	118.948114	57.591536	108.381575	52.798154	100.900809	48.680588	95.110609	45.237051	90.292796	42.389158	86.061314	40.041891	82.192983	38.107390	78.547314	36.512729	75.027671	35.201134	71.562169	34.130711	68.094314	33.272460	64.578787	32.608189	60.979981
672.435970	46.187647	229.977141	50.416413	229.201716	55.451253	226.033089	61.061509	219.119274	66.537909	206.071645	70.336336	184.183070	70.536176	156.484337	67.145126	133.254062	62.096514	117.899078	56.896793	107.787518	52.191676	100.552497	48.162521	94.905746	44.796016	90.179575	42.011090	86.011552	39.713519	82.189877	37.817362	78.579709	36.251775	75.087254	34.961894	71.642060	33.907472	68.188352	33.060908	64.681173	32.405214	61.085158
672.873290	46.611182	229.694881	50.919763	228.682285	56.018874	225.156107	61.636968	217.672513	66.983597	203.737633	70.416596	180.933639	70.125297	153.466178	66.447507	131.365744	61.346168	116.850927	56.202323	107.193924	51.585456	100.204445	47.644680	94.701042	44.355171	90.066459	41.633181	85.961861	39.385281	82.186821	37.527444	78.612140	35.990915	75.146861	34.722736	71.721965	33.684305	68.282398	32.849420	64.783559	32.202295	61.190333
673.310490	47.046205	229.374939	51.432275	228.107262	56.587179	224.192855	62.192164	216.091367	67.369165	201.239962	70.399916	177.684389	69.646912	150.694369	65.736439	129.682191	60.609346	115.911337	55.529484	106.656734	51.001018	99.888648	47.145942	94.517186	43.930076	89.968474	41.267833	85.924207	39.066845	82.193957	37.245035	78.653525	35.735683	75.214481	34.487668	71.809071	33.463966	68.382861	32.639716	64.891563	32.000293	61.300259
673.747620	47.485893	229.039641	51.948499	227.509590	57.155734	223.194458	62.739067	214.455478	67.730189	198.675651	70.343694	174.435369	69.141014	148.023184	65.019919	128.082247	59.878076	115.016076	54.865502	106.142578	50.425492	99.586023	46.655019	94.341843	43.511425	89.876667	40.907625	85.891464	38.752423	82.205249	36.965703	78.698562	35.482759	75.285367	34.254279	71.899111	33.244790	68.485937	32.430749	65.001853	31.798675	61.412117
674.184630	47.932036	228.679795	52.469008	226.875303	57.721955	222.139160	63.268557	212.734510	68.048700	196.029168	70.231870	171.234666	68.605174	145.498262	64.301143	126.584227	59.156645	114.174438	54.214510	105.657214	49.862452	99.300530	46.174844	94.177981	43.101555	89.793423	40.554387	85.865657	38.443422	82.222480	36.690509	78.748846	35.232924	75.360960	34.023119	71.993381	33.027135	68.592785	32.222716	65.115431	31.597500	61.526742
674.621520	48.387042	228.286377	52.995425	226.190929	58.285044	221.006016	63.774311	210.897133	68.309160	193.270153	70.044070	168.099652	68.028373	143.172911	63.579210	125.225305	58.448586	113.405974	53.581201	105.211137	49.316415	99.038413	45.709304	94.029787	42.703640	89.721869	40.210636	85.849324	38.141797	82.247826	36.420943	78.806303	34.987287	75.442990	33.794983	72.093440	32.811535	68.704797	32.015937	65.233513	31.396910	61.645158
675.058290	48.843857	227.884520	53.522659	225.493866	58.846287	219.853281	64.272647	209.032459	68.554486	190.493672	69.840465	164.992663	67.445111	140.890703	62.858036	123.893351	57.744105	112.651791	52.952049	104.772990	48.774225	98.781186	45.247024	93.884970	42.308371	89.652891	39.868977	85.835104	37.841797	82.274990	36.152619	78.865370	34.742577	75.526463	33.567516	72.194793	32.596392	68.817955	31.809437	65.352588	31.196450	61.764397
675.495000	49.313162	227.427225	54.056071	224.713298	59.396476	218.571492	64.723657	206.987540	68.701990	187.599255	69.533947	162.062449	66.818956	138.884760	62.140603	122.734226	57.061694	111.989056	52.348840	104.385581	48.256113	98.555275	44.805141	93.761835	41.929618	89.600511	39.540336	85.834571	37.551860	82.313999	35.891916	78.934982	34.503483	75.619438	33.344024	72.304711	32.383859	68.938738	31.604410	65.478301	30.996513	61.889179
675.931580	49.782327	226.970067	54.589324	223.932962	59.946501	217.290084	65.174533	204.943229	68.849449	184.705701	69.227520	159.133107	66.192988	136.879414	61.423383	121.575447	56.379486	111.326519	51.745812	103.998288	47.738155	98.329431	44.363389	93.638738	41.550978	89.548146	39.211794	85.834038	37.262008	82.352996	35.631291	79.004574	34.264460	75.712385	33.120598	72.414595	32.171390	69.059484	31.399445	65.603976	30.796635	62.013924
676.368040	50.262228	226.453597	55.124931	223.062773	60.478074	215.872277	65.567079	202.728265	68.895589	181.765532	68.836150	156.425414	65.540718	135.112725	60.716150	120.556843	55.720173	110.739356	51.167501	103.654284	47.242488	98.131276	43.940275	93.535399	41.187325	89.511237	38.895020	85.846429	36.981217	82.403282	35.377498	79.084260	34.030444	75.814449	32.900667	72.532696	31.961165	69.187548	31.195672	65.735995	30.597066	62.143924
676.804440	50.744082	225.926149	55.660931	222.175962	61.006173	214.429246	65.948753	200.481779	68.922898	178.816955	68.429029	153.759143	64.883618	133.390538	60.010834	119.564375	55.065172	110.166251	50.593833	103.318353	46.751006	97.938283	43.520661	93.435742	40.826489	89.477203	38.580460	85.861222	36.702135	82.455662	35.124996	79.165815	33.797378	75.918199	32.681405	72.652314	31.751375	69.316961	30.992139	65.869181	30.397573	62.274888
677.240720	51.231770	225.355971	56.195575	221.224357	61.516460	212.891044	66.284480	198.134986	68.883636	175.887316	67.977462	151.251456	64.217446	131.803366	59.315007	118.648632	54.425580	109.635302	50.035810	103.007467	46.273305	97.761849	43.112442	93.348227	40.474761	89.452859	38.273019	85.884226	36.428512	82.515262	34.876588	79.253861	33.567281	76.027826	32.464184	72.777236	31.542850	69.451090	30.789218	66.006440	30.198140	62.409199
677.676880	51.724171	224.751126	56.729091	220.220189	62.012260	211.275649	66.582882	195.706870	68.790326	172.973204	67.489830	148.872662	63.543944	130.325902	58.626920	117.795233	53.798534	109.138610	49.490517	102.716931	45.806821	97.598868	42.713496	93.270577	40.130445	89.436384	37.971374	85.913895	36.159336	82.580724	34.631516	79.347171	33.339607	76.142220	32.248631	72.906458	31.335363	69.589040	30.586804	66.146999	29.998767	62.546219
678.112980	52.218595	224.124188	57.260335	219.182700	62.496706	209.613939	66.856542	193.241601	68.667414	170.089687	66.986474	146.567836	62.869176	128.902502	57.944251	116.972161	53.178762	108.659004	48.952271	102.436888	45.346427	97.443042	42.319541	93.198305	39.790095	89.424276	37.672814	85.947307	35.892515	82.649503	34.388198	79.443476	33.113193	76.259331	32.033926	73.038135	31.128378	69.729171	30.384601	66.289433	29.799356	62.684763
678.548950	52.718852	223.434031	57.785131	218.049854	62.948745	207.819668	67.059496	190.669886	68.459866	167.293355	66.438119	144.474248	62.190723	127.633522	57.277006	116.235710	52.579726	108.228200	48.434121	102.186811	44.903402	97.307656	41.939811	93.141404	39.461049	89.424652	37.383049	85.991423	35.632401	82.727775	34.149871	79.548351	32.890357	76.384220	31.821625	73.176840	30.922812	69.875546	30.182980	66.437242	29.599819	62.827677
678.984800	53.218971	222.744063	58.309782	216.917319	63.400660	206.025890	67.262394	188.098878	68.252376	164.497793	65.889914	142.381236	61.512458	126.364891	56.609944	115.499461	51.980854	107.797514	47.916113	101.936804	44.460499	97.172307	41.560186	93.084519	39.132093	89.425028	37.093363	86.035526	35.372358	82.806025	33.911610	79.653197	32.667582	76.509074	31.609382	73.315507	30.717302	70.021882	29.981415	66.585011	29.400338	62.970550
679.420530	53.723304	221.963463	58.818798	215.650101	63.798440	204.060283	67.364644	185.442787	67.946173	161.878993	65.300383	140.545708	60.837909	125.266952	55.965340	114.859051	51.408703	107.422339	47.423078	101.722004	44.038848	97.061691	41.197830	93.046668	38.816791	89.441122	36.814262	86.093243	35.120358	82.896429	33.679298	79.769063	32.449024	76.643968	31.399912	73.463261	30.513346	70.176291	29.780367	66.739707	29.200488	63.119009
679.856200	54.227725	221.179688	59.327183	214.378178	64.194213	202.088720	67.463244	182.783961	67.636442	159.266914	64.709433	138.719718	60.163579	124.175321	55.321628	114.222186	50.837591	107.049219	46.931009	101.508503	43.618019	96.951982	40.836143	93.009511	38.502023	89.457781	36.535580	86.151444	34.868680	82.987261	33.447230	79.885313	32.230645	76.779207	31.190570	73.611323	30.309472	70.330972	29.579363	66.894634	29.000650	63.267650
680.291750	54.732142	220.327015	59.818898	213.006624	64.544095	200.005551	67.489296	180.111461	67.268659	156.805143	64.100125	137.054778	59.496314	123.184170	54.694543	113.642282	50.284638	106.710034	46.455422	101.317198	43.211032	96.858288	40.485626	92.984928	38.196052	89.484969	36.263690	86.218855	34.622140	83.086367	33.218934	80.009092	32.014909	76.921323	30.982920	73.765616	30.106486	70.491182	29.378557	67.054279	28.800421	63.420050
680.727170	55.236474	219.440542	60.302320	211.586213	64.871314	197.867744	67.479606	177.432661	66.872338	154.417814	63.481873	135.469444	58.832636	122.242678	54.075749	113.090533	49.740720	106.387621	45.988033	101.136857	42.810930	96.772497	40.140667	92.966544	37.894463	89.517339	35.995190	86.290793	34.378169	83.189531	32.992534	80.136561	31.800509	77.066803	30.776138	73.922953	29.903970	70.654089	29.177882	67.216223	28.600033	63.574277
681.162540	55.738875	218.512154	60.772861	210.107799	65.168690	195.676553	67.430033	174.772382	66.449981	152.120593	62.858067	133.963010	58.174668	121.348736	53.466471	112.566163	49.206571	106.081994	45.529304	100.967819	42.418020	96.695070	39.801475	92.954855	37.597393	89.555391	35.730164	86.367748	34.136811	83.297229	32.768032	80.268177	31.587414	77.216082	30.570161	74.083736	29.701831	70.820055	28.977217	67.380769	28.399339	63.730552
681.597780	56.237985	217.513538	61.221737	208.532219	65.415960	193.396026	67.313549	172.143463	65.983982	149.974803	62.225010	132.589118	57.526349	120.534670	52.873223	112.087788	48.688868	105.804563	45.085155	100.817763	42.037219	96.631683	39.471995	92.954400	37.307938	89.602976	35.470997	86.453111	33.899860	83.412521	32.546740	80.406740	31.376530	77.371719	30.365556	74.250284	29.500348	70.991137	28.776588	67.549662	28.198151	63.890247
682.032900	56.736111	216.506002	61.667102	206.945170	65.656415	191.108091	67.189526	169.523741	65.514087	147.847709	61.591750	131.229442	56.879609	119.729028	52.282066	111.614359	48.173197	105.530244	44.642771	100.669852	41.657872	96.569906	39.143681	92.955243	37.019402	89.651663	35.212542	86.539444	33.663452	83.528686	32.325851	80.546095	31.165935	77.528078	30.161141	74.417482	29.298971	71.162788	28.575995	67.719031	27.996936	64.050304
682.467900	57.223751	215.386356	62.070931	205.213075	65.814353	188.722567	66.973009	167.008300	64.995121	145.942473	60.954057	130.039259	56.250158	119.023829	51.714631	111.199889	47.680742	105.293100	44.220576	100.547678	41.295132	96.527608	38.828605	92.971950	36.741200	89.713973	34.961997	86.637899	33.432949	83.655875	32.109211	80.695570	30.958201	77.693728	29.958412	74.593126	29.098269	71.341925	28.375203	67.894734	27.794769	64.215274
682.902830	57.711311	214.266891	62.474696	203.481259	65.972265	186.337427	66.756526	164.493263	64.476239	144.037544	60.316466	128.849267	55.620808	118.318744	51.147288	110.785486	47.188366	105.055994	43.798450	100.425523	40.932450	96.485317	38.513580	92.988654	36.463043	89.776273	34.711492	86.736338	33.202483	83.783044	31.892605	80.845020	30.750501	77.859352	29.755715	74.768741	28.897600	71.521034	28.174444	68.070409	27.592636	64.380217
683.337650	58.184468	213.046907	62.835154	201.631753	66.056084	183.908396	66.470760	162.103591	63.927903	142.308789	59.681259	127.782146	55.007795	117.686175	50.599719	110.414597	46.714637	104.847100	43.392278	100.323410	40.582784	96.458518	38.208885	93.018175	36.192915	89.849699	34.467107	86.844753	32.976560	83.919328	31.679230	81.002880	30.544932	78.032721	29.554210	74.951406	28.697312	71.706384	27.973358	68.251333	27.389565	64.549171
683.772340	58.653376	211.798287	63.183075	199.748815	66.118572	181.467291	66.165132	159.750517	63.371218	140.631098	59.046881	126.750606	54.399620	117.074607	50.057961	110.056307	46.246378	104.646367	42.990787	100.227085	40.236941	96.436182	37.907231	93.051376	35.925159	89.926308	34.224537	86.956012	32.751995	84.058203	31.466834	81.163123	30.340022	78.208279	29.353092	75.136058	28.497177	71.893487	27.772223	68.433726	27.186270	64.719241
684.206970	59.109580	210.485048	63.499440	197.800512	66.134662	179.025847	65.823402	157.488867	62.802726	139.052089	58.416813	125.783948	53.802153	116.501509	49.528085	109.721650	45.788992	104.461373	42.598477	100.142220	39.898536	96.422881	37.611452	93.092153	35.661956	90.009564	33.985422	87.073275	32.529975	84.202595	31.256225	81.328474	30.136261	78.388558	29.152576	75.325012	28.297166	72.084398	27.570794	68.619308	26.982317	64.891707
684.641480	59.551761	209.100922	63.781068	195.780580	66.099734	176.584334	65.442019	155.328019	62.221323	137.581779	57.791563	124.888749	53.216535	115.970779	49.011337	109.413019	45.343619	104.293708	42.216312	100.069969	39.568350	96.419516	37.322171	93.141255	35.403792	90.100118	33.750135	87.197126	32.310781	84.353035	31.047609	81.499421	29.933788	78.574005	28.952746	75.518674	28.097316	72.279472	27.369066	68.808372	26.777667	65.066788
685.075870	59.987610	207.692914	64.049415	193.741480	66.048218	174.153082	65.050006	153.203606	61.637652	136.144205	57.168831	124.014302	52.635132	115.452490	48.498950	109.112214	44.902139	104.131384	41.837401	100.001683	39.240792	96.419322	37.034965	93.193040	35.147240	90.193034	33.516076	87.323114	32.092499	84.505443	30.839641	81.672191	29.731740	78.761136	28.753146	75.713870	27.897529	72.475898	27.167254	68.998556	26.572804	65.242690
685.510190	60.394046	206.170488	64.255335	191.609510	65.918289	171.767516	64.607332	151.248861	61.042599	134.859609	56.557278	123.236879	52.072970	114.992367	48.006575	108.848031	44.478547	103.994101	41.473426	99.952052	38.925270	96.434101	36.757236	93.257556	34.898011	90.297217	33.287554	87.459346	31.878275	84.667318	30.634494	81.853766	29.531463	78.956437	28.554411	75.916532	27.697811	72.678935	26.964811	69.194251	26.366703	65.422672
685.944340	60.800322	204.648658	64.461174	189.478375	65.788410	169.382885	64.164832	149.294882	60.447780	133.575516	55.945965	122.459760	51.511028	114.532424	47.514394	108.583951	44.055120	103.856872	41.109595	99.902440	38.609871	96.448874	36.479615	93.322047	34.648880	90.401360	33.059121	87.595525	31.664135	84.829131	30.429427	82.035270	29.331263	79.151660	28.355753	76.119116	27.498171	72.881893	26.762448	69.389869	26.160683	65.602583
686.378480	61.167452	203.007207	64.594872	187.278877	65.581390	167.088787	63.681076	147.519509	59.848606	132.433595	55.349140	121.771022	50.969525	114.126235	47.042469	108.354543	43.649439	103.743946	40.760438	99.871330	38.306223	96.478751	36.211205	93.399539	34.406828	90.517122	32.836007	87.742350	31.453845	85.000838	30.226980	82.226025	29.132630	79.355494	28.157744	76.329584	27.298371	73.091831	26.559209	69.591272	25.953163	65.786691
686.812440	61.528676	201.348847	64.717910	185.070234	65.363115	164.808941	63.191456	145.771120	59.249038	131.313044	54.754690	121.095558	50.431250	113.728116	46.573715	108.130325	43.246533	103.634638	40.413581	99.842953	38.004427	96.510837	35.944259	93.478909	34.165917	90.634544	32.613766	87.890679	31.244207	85.173930	30.025001	82.418061	28.934309	79.560508	27.959913	76.541124	27.098631	73.302709	26.355925	69.793442	25.745508	65.971340
687.246340	61.858990	199.617611	64.791549	182.841697	65.100171	162.609842	62.682492	144.134108	58.650808	130.273767	54.171091	120.470203	49.906361	113.360997	46.117712	107.926577	42.854615	103.540007	40.075739	99.825954	37.709821	96.552337	35.682937	93.566462	33.929322	90.759329	32.394756	88.045784	31.036902	85.353344	29.824592	82.616025	28.736906	79.771054	27.762429	76.757734	26.898732	73.518060	26.152032	69.999283	25.536851	66.158581
687.680110	62.165715	197.831249	64.827579	180.598452	64.803281	160.472623	62.158905	142.582177	58.053711	129.296547	53.595864	119.883106	49.391760	113.017544	45.671502	107.738448	42.471135	103.456564	39.744822	99.817618	37.420745	96.600995	35.425945	93.660224	33.696057	90.889693	32.178248	88.206016	30.831411	85.537535	29.625419	82.818461	28.540240	79.985768	27.565248	76.978160	26.698750	73.736772	25.947715	70.207878	25.327472	66.347757
688.113770	62.455775	196.015585	64.840567	178.358473	64.488826	158.379318	61.629441	141.078112	57.458750	128.352286	53.026112	119.316342	48.883314	112.686920	45.230977	107.558992	42.092490	103.379472	39.417849	99.814293	37.134807	96.653852	35.171408	93.757667	33.464676	91.023389	31.963152	88.369330	30.626938	85.724615	29.426928	83.023614	28.343970	80.203026	27.368210	77.200922	26.498685	73.957546	25.743113	70.418157	25.117633	66.538094
688.547300	62.699123	194.116827	64.788810	176.126749	64.124881	156.408555	61.083241	139.707938	56.869548	127.500256	52.471511	118.806487	48.391957	112.392212	44.806247	107.403837	41.727278	103.320197	39.101825	99.825049	36.857574	96.718528	34.923661	93.865493	33.238493	91.166501	31.751934	88.541373	30.425239	85.919888	29.230278	83.236486	28.148733	80.427520	27.171491	77.430338	26.298304	74.184207	25.537625	70.633251	24.906410	66.731775
688.980770	62.942438	192.218332	64.737060	173.895333	63.760986	154.438064	60.537118	138.337953	56.280427	126.648343	51.916987	118.296702	47.900667	112.097545	44.381576	107.248703	41.362117	103.260930	38.785846	99.835804	36.580378	96.783195	34.675948	93.973305	33.012341	91.309593	31.540745	88.713393	30.223568	86.115133	29.033654	83.449329	27.953522	80.651984	26.974800	77.659723	26.097950	74.410837	25.332165	70.848316	24.695217	66.925430
689.414180	63.118102	190.234611	64.604217	171.717156	63.344797	152.636530	59.978512	137.124808	55.702654	125.900457	51.382797	117.851482	47.430854	111.844447	43.976267	107.122338	41.013226	103.223210	38.483042	99.863874	36.313611	96.862592	34.436335	94.094191	32.792356	91.464638	31.334118	88.896558	30.025113	86.320900	28.839101	83.672140	27.759383	80.885824	26.778293	77.897753	25.896984	74.645098	25.125375	71.069570	24.482068	67.123251
689.847410	63.290555	188.247746	64.467666	169.542339	62.926352	150.843573	59.419556	135.919437	55.125644	125.157704	50.849769	117.409440	46.962229	111.593380	43.572023	106.997358	40.665232	103.186504	38.180974	99.892735	36.047437	96.942639	34.197196	94.215634	32.572748	91.620175	31.127788	89.080167	29.826889	86.527070	28.644724	83.895322	27.565373	81.120003	26.581876	78.136087	25.696071	74.879618	24.918607	71.291021	24.268916	67.321185
690.280580	63.413560	186.223370	64.280109	167.428948	62.480361	149.165702	58.857333	134.809155	54.558326	124.476604	50.330780	117.006068	46.507691	111.367729	43.180223	106.890361	40.327599	103.163530	37.887252	99.932808	35.787846	97.032336	33.963160	94.345714	32.357010	91.783666	30.924304	89.271242	29.630651	86.740323	28.451595	84.125245	27.371964	81.360550	26.385481	78.380307	25.494656	75.119335	24.710866	71.516656	24.054376	67.521850
690.713620	63.509659	184.179057	64.064868	165.349423	62.019498	147.550768	58.293461	133.750811	53.996403	123.829172	49.819538	116.623808	46.060912	111.155943	42.795277	106.793162	39.995672	103.148026	37.598134	99.978966	35.531893	97.127259	33.731949	94.480461	32.143424	91.951445	30.722415	89.466333	29.435537	86.957378	28.259187	84.358780	27.178925	81.604505	26.189142	78.627672	25.293013	75.361823	24.502641	71.744514	23.839132	67.723956
691.146550	63.578901	182.127880	63.825909	163.312518	61.548155	145.994102	57.730172	132.736761	53.440392	123.210129	49.315734	116.259594	45.621299	110.956263	42.416557	106.704702	39.668889	103.139307	37.313147	100.030732	35.279196	97.227053	33.503262	94.619598	31.931755	92.123285	30.521936	89.665253	29.241407	87.178081	28.067397	84.595801	26.986180	81.851765	25.992806	78.878096	25.091109	75.607009	24.293915	71.974526	23.623176	67.927414
691.579410	63.595706	180.062608	63.540544	161.358182	61.056183	144.550729	57.167832	131.808888	52.895740	122.646333	48.826289	115.930507	45.195538	110.780163	42.049872	106.633283	39.352043	103.143841	37.036133	100.093472	35.032775	97.336397	33.279428	94.767357	31.723759	92.303117	30.324146	89.871716	29.049135	87.405984	27.876748	84.839710	26.793945	82.105562	25.796410	79.134582	24.888625	75.857547	24.084138	72.208819	23.405761	68.133583
692.012150	63.610280	177.998376	63.253569	159.408428	60.563749	143.112249	56.605827	130.884501	52.351760	122.084755	48.337580	115.602844	44.770454	110.605026	41.683768	106.562559	39.035678	103.148908	36.759511	100.156644	34.786669	97.446106	33.055846	94.915434	31.515965	92.483236	30.126514	90.078442	28.856988	87.634130	27.686194	85.083848	26.601779	82.359571	25.600061	79.391259	24.686169	76.108248	23.874371	72.443232	23.188340	68.339809
692.444760	63.547818	175.950991	62.908232	157.599078	60.050785	141.829694	56.050178	130.072097	51.825925	121.594726	47.869741	115.321399	44.364878	110.461564	41.334382	106.515196	38.733027	103.172451	36.493856	100.235329	34.549178	97.569455	32.838916	95.075927	31.313191	92.674946	29.932543	90.296180	28.667345	87.872846	27.497143	85.338146	26.410226	82.623272	25.403518	79.656960	24.482775	76.366925	23.662992	72.683987	22.968721	68.549932
692.877260	63.485373	173.904126	62.562983	155.790188	59.537952	140.547464	55.494670	129.259899	51.300225	121.104821	47.402022	115.040026	43.959404	110.318138	40.985084	106.467845	38.430453	103.195987	36.228269	100.313994	34.311747	97.692772	32.622040	95.236379	31.110469	92.866606	29.738621	90.513862	28.477750	88.111502	27.308139	85.592379	26.218722	82.886906	25.207025	79.922593	24.279434	76.625537	23.451666	72.924682	22.749158	68.760002
693.309690	63.368365	171.895959	62.182461	154.091596	59.016203	139.370524	54.946655	128.520400	50.788535	120.661470	46.949339	114.789216	43.567623	110.196081	40.647381	106.436547	38.137331	103.232428	35.970214	100.403624	34.080216	97.825822	32.409705	95.405757	30.911159	93.066657	29.547166	90.739558	28.289815	88.357891	27.120093	85.854094	26.027547	83.157706	25.010286	80.194915	24.075314	76.890054	23.239077	73.170020	22.527913	68.972788
693.742000	63.229767	169.903550	61.788046	152.437062	58.491034	138.235545	54.401726	127.809858	50.282506	120.236657	46.502710	114.550567	43.181350	110.082515	40.314344	106.411615	37.848016	103.273973	35.715199	100.497579	33.851073	97.962700	32.199213	95.578635	30.713242	93.269988	29.356728	90.968382	28.102579	88.607293	26.932468	86.118717	25.836543	83.431287	24.813491	80.469829	23.870930	77.156854	23.026034	73.417146	22.306048	69.186605
694.174260	63.062708	167.945695	61.378040	150.845237	57.963752	137.154208	53.862190	127.135444	49.784540	119.835137	46.064292	114.327485	42.802402	109.980051	39.987448	106.395179	37.563683	103.322448	35.464142	100.597493	33.625023	98.104919	31.991098	95.756451	30.517105	93.477989	29.167568	91.201698	27.916190	88.861057	26.745312	86.387582	25.645669	83.708956	24.616513	80.748572	23.666071	77.427041	22.812248	73.666916	22.083212	69.401908
694.606320	62.853582	166.039537	60.945084	149.346668	57.433499	136.152557	53.330793	126.514684	49.298651	119.468200	45.638152	114.127506	42.434402	109.894042	39.669735	106.391319	37.286808	103.381163	35.219017	100.706196	33.403618	98.254999	31.786561	95.941522	30.323659	93.692839	28.980353	91.441593	27.731110	89.121202	26.558908	86.662647	25.455045	83.992590	24.419322	81.032899	23.460570	77.702161	22.597427	73.920528	21.859001	69.619349
695.038330	62.638885	164.143329	60.509616	147.861651	56.903353	135.161594	52.800821	125.901015	48.814591	119.105878	45.213795	113.930662	42.067964	109.810309	39.353324	106.389224	37.010985	103.441332	34.974730	100.816160	33.182870	98.406213	31.582530	96.127645	30.130594	93.908687	28.793416	91.682453	27.546218	89.382286	26.372611	86.938628	25.264456	84.277113	24.222101	81.318060	23.254977	77.978019	22.382457	74.174708	21.634594	69.837088
695.470280	62.366750	162.347292	60.047900	146.514246	56.373755	134.279338	52.284922	125.359512	48.348805	118.790566	44.807303	113.765817	41.717191	109.749846	39.049940	106.405247	36.745686	103.516500	34.738785	100.939172	32.968634	98.569228	31.383487	96.324763	29.941248	94.135017	28.609128	91.933459	27.363054	89.653290	26.187230	87.224316	25.074045	84.571043	24.024369	81.612086	23.048228	78.261729	22.165739	74.434995	21.407932	70.058121
695.902040	62.094736	160.552045	59.586388	145.167434	55.844390	133.397471	51.769250	124.818247	47.883225	118.475393	44.400990	113.601044	41.366572	109.689409	38.746690	106.421262	36.480504	103.591634	34.502945	101.062130	32.754492	98.732172	31.184531	96.521794	29.751986	94.361247	28.424921	92.184355	27.179971	89.924174	26.001930	87.509879	24.883717	84.864844	23.826724	81.905983	22.841571	78.545316	21.949116	74.695167	21.181371	70.279058
696.333740	61.780822	158.854431	59.109495	143.931025	55.319138	132.597964	51.266658	124.331295	47.433028	118.196041	44.009233	113.461098	41.028533	109.647362	38.453832	106.451833	36.223688	103.678972	34.273726	101.195815	32.545507	98.904902	30.989521	96.728013	29.565658	94.596288	28.242793	92.443843	26.998225	90.203513	25.817309	87.803774	24.693463	85.166767	23.628587	82.207569	22.633886	78.835735	21.730973	74.960614	20.952870	70.502708
696.765320	61.454689	157.185864	58.628202	142.727302	54.795218	131.822811	50.768023	123.860394	46.987450	117.927265	43.621839	113.328468	40.694266	109.610721	38.164093	106.486667	35.969388	103.769870	34.046503	101.332617	32.338086	99.080462	30.795715	96.936878	29.380235	94.833859	28.061318	92.705789	26.816914	90.485266	25.632930	88.100044	24.503276	85.471002	23.430353	82.511340	22.425950	79.128090	21.512436	75.227546	20.723855	70.727102
697.196840	61.108141	155.578938	58.141413	141.584042	54.275448	131.090965	50.277571	123.418022	46.550817	117.677554	43.242682	113.209287	40.367031	109.584209	37.880130	106.529633	35.719725	103.867667	33.822945	101.475538	32.133516	99.261645	30.604087	97.151058	29.196427	95.076560	27.880980	92.972767	26.636326	90.771999	25.448903	88.401255	24.313098	85.780082	23.231805	82.819718	22.217393	79.424540	21.292993	75.497610	20.493694	70.953003
697.628170	60.737363	154.045898	57.648210	140.513141	53.760768	130.410924	49.797006	123.009767	46.124962	117.450628	42.873442	113.106163	40.048265	109.569772	37.603126	106.582279	35.475656	103.973656	33.603813	101.625714	31.932402	99.449480	30.415106	97.371511	29.014594	95.325308	27.702046	93.245666	26.456648	91.064589	25.265343	88.708268	24.122983	86.094849	23.032937	83.133501	22.008151	79.725789	21.072530	75.771331	20.262231	71.180636
698.059450	60.361720	152.531885	57.154283	139.459030	53.247764	129.742584	49.319018	122.609246	45.701768	117.228945	42.506601	113.006800	39.731528	109.558212	37.327781	106.637263	35.232917	104.081649	33.385732	101.777679	31.732108	99.638970	30.226754	97.593535	28.833228	95.575581	27.523444	93.520069	26.277182	91.358679	25.081889	89.016778	23.932873	86.411093	22.833980	83.448696	21.798731	80.028296	20.851804	76.046007	20.030437	71.408698
698.490660	59.955449	151.135986	56.655553	138.509310	52.744953	129.147032	48.856876	122.256854	45.294982	117.039922	42.154550	112.930893	39.427296	109.564630	37.062654	106.706896	34.998359	104.202226	33.174105	101.940919	31.536829	99.838912	30.042223	97.825507	28.654685	95.835533	27.346812	93.804034	26.098942	91.662307	24.898989	89.334813	23.742692	86.736748	22.634356	83.772900	21.588074	80.338843	20.629312	76.326807	19.796435	71.639561
698.921690	59.549348	149.740670	56.157032	137.559986	52.242352	128.551728	48.394928	121.904610	44.888366	116.850978	41.802646	112.855017	39.123190	109.571046	36.797638	106.776500	34.763899	104.322753	32.962566	102.104091	31.341632	100.038770	29.857769	98.057383	28.476216	96.095377	27.170253	94.087880	25.920776	91.965809	24.716165	89.652715	23.552591	87.062266	22.434816	84.096969	21.377505	80.649261	20.406913	76.607490	19.562531	71.870328
699.352660	59.121348	148.455162	55.658402	136.700450	51.751123	128.017955	47.948176	121.593331	44.496819	116.690255	41.464086	112.799757	38.830269	109.593513	36.541722	106.859360	34.536711	104.454789	32.756755	102.277669	31.150879	100.248349	29.676697	98.298583	28.300236	96.364349	26.995419	94.380809	25.743662	92.278439	24.533784	89.979799	23.362361	87.396920	22.234598	84.429833	21.165729	80.967557	20.182812	76.894135	19.326520	72.103633
699.783510	58.688593	147.194346	55.159872	135.861057	51.262539	127.497971	47.504907	121.291221	44.108715	116.535835	41.128571	112.749086	38.539902	109.619538	36.287890	106.945140	34.311192	104.589348	32.552266	102.453513	30.961161	100.460034	29.496420	98.541794	28.124852	96.635281	26.821011	94.675680	25.566826	92.593017	24.351546	90.308840	23.172150	87.733518	22.034280	84.764567	20.953736	81.287522	19.958389	77.182031	19.090099	72.337443
700.214290	58.246520	145.997362	54.663508	135.070941	50.781648	127.011432	47.070886	121.011577	43.729472	116.397135	40.800785	112.710086	38.255971	109.654783	36.039280	107.038629	34.089842	104.730660	32.351061	102.635512	30.773993	100.677507	29.318085	98.790592	27.950896	96.911720	26.647593	94.976071	25.390592	92.913177	24.169558	90.643542	22.981854	88.075788	21.833554	85.104803	20.741020	81.612437	19.732948	77.473651	18.852422	72.572727
700.644960	57.795078	144.864947	54.169379	134.330662	50.308569	126.558711	46.646244	120.754644	43.359213	116.274320	40.480835	112.682877	37.978565	109.699338	35.795965	107.139892	33.872719	104.878778	32.153190	102.823710	30.589418	100.900806	29.141726	99.045007	27.778400	97.193696	26.475190	95.282007	25.214983	93.238946	23.987839	90.983930	22.791491	88.423756	21.632434	85.450562	20.527593	81.942320	19.506500	77.769003	18.613498	72.809479
701.075500	57.341687	143.753881	53.676747	133.606174	49.838491	126.116656	46.224921	120.504943	42.992041	116.156631	40.163547	112.659519	37.703365	109.746962	35.554440	107.243736	33.657030	105.029166	31.956455	103.013981	30.405733	101.126058	28.966054	99.301312	27.606420	97.477542	26.303157	95.589825	25.039615	93.566631	23.806243	91.326273	22.601140	88.773700	21.431217	85.798252	20.313962	82.273944	19.279749	78.065653	18.374193	73.046677
701.505920	56.878626	142.741879	53.190588	132.955080	49.381977	125.724220	45.818720	120.288949	42.638967	116.062897	39.858404	112.654232	37.438219	109.809063	35.321051	107.359823	33.447831	105.190393	31.764832	103.214210	30.226020	101.360745	28.793406	99.566788	27.436666	97.770493	26.132664	95.906834	24.865177	93.903691	23.625016	91.678199	22.410625	89.133334	21.229316	86.155410	20.099135	82.614130	19.051321	78.368735	18.132825	73.286247
701.936280	56.415628	141.730018	52.704498	132.304076	48.925527	125.331840	45.412575	120.072984	42.285943	115.969176	39.553303	112.648946	37.173111	109.871155	35.087694	107.475894	33.238661	105.351597	31.573236	103.414412	30.046333	101.595399	28.620783	99.832228	27.266937	98.063404	25.962194	96.223799	24.690764	94.240705	23.443814	92.030076	22.220137	89.492917	21.027443	86.512518	19.884338	82.954269	18.822925	78.671775	17.891491	73.525783
702.366520	55.947722	140.812536	52.227362	131.720976	48.483551	124.985389	45.021667	119.888589	41.946799	115.898240	39.260039	112.661118	36.917747	109.947432	34.862201	107.604100	33.035751	105.523640	31.386565	103.624655	29.870464	101.839643	28.451058	100.107058	27.099329	98.365707	25.793176	96.550314	24.517203	94.587540	23.262912	92.392073	22.029417	89.862808	20.824814	86.879777	19.668266	83.303637	18.592763	78.981708	17.648009	73.767607
702.796630	55.479081	139.911685	51.751904	131.149821	48.044202	124.647006	44.633505	119.709725	41.610154	115.831282	38.968906	112.676321	36.664141	110.026154	34.638132	107.734381	32.833979	105.697522	31.200796	103.836589	29.695304	102.085491	28.281880	100.383450	26.932133	98.669566	25.624452	96.878406	24.343834	94.935994	23.082108	92.755737	21.838706	90.234396	20.622104	87.248707	19.452026	83.654519	18.362353	79.292760	17.404214	74.009767
703.226680	55.010023	139.064267	51.283037	130.616375	47.613936	124.334236	44.254493	119.548703	41.281695	115.777409	38.684693	112.701700	36.416210	110.113250	34.418636	107.871906	32.635848	105.877940	31.017893	104.054626	29.522366	102.337211	28.114392	100.665637	26.766174	98.979267	25.456574	97.212490	24.170960	95.290658	22.901472	93.125856	21.647845	90.612627	20.418930	87.624240	19.235003	84.011455	18.130858	79.608338	17.159103	74.253337
703.656560	54.540720	138.264992	50.820207	130.116886	47.191931	124.044518	43.883785	119.403723	40.960666	115.735284	38.406761	112.736196	36.173435	110.207831	34.203301	108.015889	32.441034	106.064169	30.837608	104.278077	29.351470	102.594128	27.948464	100.952944	26.601370	99.294124	25.289500	97.551856	23.998576	95.650794	22.721035	93.501663	21.456903	90.996712	20.215392	88.005594	19.017337	84.373723	17.898453	79.927892	16.912878	74.498106
704.086430	54.072071	137.484211	50.360174	129.630290	46.773382	123.763615	43.516438	119.264966	40.642596	115.697792	38.131311	112.774349	35.932689	110.305460	33.989597	108.162537	32.247517	106.252824	30.658343	104.503812	29.181364	102.853261	27.783135	101.242455	26.437002	99.611219	25.122722	97.893535	23.826361	96.013350	22.540649	93.880008	21.265894	91.383432	20.011670	88.389590	18.799367	84.738432	17.665630	80.249269	16.666149	74.743387
704.516110	53.606188	136.777163	49.911410	129.195070	46.368706	123.517819	43.162563	119.150977	40.336391	115.678713	37.865820	112.827014	35.700086	110.415162	33.782448	108.319717	32.059219	106.451047	30.483189	104.738545	29.014457	103.121099	27.620243	101.540613	26.274427	99.937088	24.957176	98.244279	23.654877	96.385386	22.360521	94.268301	21.074686	91.780477	19.807287	88.783947	18.580266	85.112704	17.431229	80.577781	16.417504	74.990615
704.945740	53.140360	136.070197	49.462699	128.759901	45.964077	123.272052	42.808729	119.037001	40.030222	115.659636	37.600359	112.879672	35.467510	110.524851	33.575323	108.476878	31.870942	106.649246	30.308056	104.973250	28.847569	103.388906	27.457370	101.838737	26.111871	100.262919	24.791649	98.594983	23.483413	96.757378	22.180415	94.656548	20.883500	92.177476	19.602928	89.178259	18.361191	85.486932	17.196855	80.906255	16.168888	75.237815
705.375240	52.680355	135.436104	49.027113	128.375192	45.574398	123.061060	42.469008	118.947900	39.736322	115.659345	37.345135	112.947338	35.243277	110.647180	33.374903	108.645186	31.688002	106.857664	30.137128	105.217640	28.683948	103.666169	27.296983	102.146325	25.951139	100.598437	24.627370	98.955778	23.312674	97.140012	22.000545	95.056067	20.692067	92.586299	19.397826	89.584552	18.140866	85.872327	16.960744	81.243077	15.918175	75.487084
705.804630	52.221289	134.812678	48.593517	127.997857	45.186962	122.855137	42.131398	118.862413	39.444258	115.661769	37.091445	113.017159	35.020297	110.771310	33.175495	108.815069	31.505872	107.067514	29.966843	105.463379	28.520833	103.944739	27.136990	102.455214	25.790704	100.935284	24.463305	99.317954	23.142076	97.524101	21.820746	95.457129	20.500639	92.996745	19.192661	89.992491	17.920407	86.259254	16.724432	81.581034	15.667212	75.736600
706.233950	51.767265	134.230327	48.168453	127.648909	44.808678	122.668972	41.802226	118.791259	39.159456	115.675167	36.843780	113.095861	34.802220	110.903005	32.980029	108.991684	31.326881	107.283589	29.799034	105.715063	28.359648	104.229154	26.978469	102.769999	25.631354	101.278212	24.299987	99.686520	22.971918	97.914997	21.641098	95.865469	20.309071	93.414905	18.987058	90.408344	17.699197	86.653635	16.487065	81.924599	15.414974	75.987390
706.663150	51.317514	133.682347	47.750573	127.323705	44.438087	122.499325	41.480146	118.732078	38.880755	115.697722	36.601181	113.181965	34.588269	111.040994	32.787881	109.173892	31.150536	107.504830	29.633315	105.971675	28.200096	104.518407	26.821199	103.089659	25.472932	101.626167	24.137315	100.060368	22.802153	98.311517	21.461601	96.279826	20.117415	93.839445	18.781118	90.830742	17.477392	87.054183	16.248851	82.272797	15.161708	76.239209
707.092220	50.870286	133.149117	47.336231	127.008694	44.071104	122.336833	41.161326	118.678143	38.604835	115.724333	36.360884	113.271376	34.376191	111.181812	32.597243	109.358627	30.975400	107.728411	29.468558	106.230529	28.041302	104.809872	26.664518	103.411560	25.314956	101.976450	23.974965	100.436681	22.632597	98.710688	21.282208	96.697050	19.925756	94.267066	18.575065	91.256342	17.255356	87.457783	16.010291	82.623292	14.908015	76.491446
707.521180	50.431885	132.669286	46.934456	126.730628	43.716978	122.200325	40.854135	118.643315	38.338831	115.765772	36.128783	113.372934	34.170771	111.333076	32.411956	109.552740	30.804528	107.960723	29.307173	106.497784	27.885139	105.109658	26.509854	103.741921	25.158473	102.335524	23.813650	100.822317	22.463662	99.119874	21.103041	97.125101	19.733927	94.706296	18.368423	91.693991	17.032290	87.872866	15.770263	82.982472	14.652546	76.745424
707.950070	49.993557	132.189533	46.532747	126.452608	43.362910	122.063840	40.546994	118.608493	38.072870	115.807204	35.896721	113.474477	33.965385	111.484316	32.226699	109.746823	30.633683	108.192998	29.145813	106.764996	27.729002	105.409396	26.355215	104.072227	25.002015	102.694540	23.652362	101.207890	22.294755	99.528994	20.923903	97.553081	19.542129	95.145454	18.161815	92.131569	16.809259	88.287882	15.530274	83.341592	14.397118	76.999360
708.378850	49.566428	131.763994	46.145235	126.212252	43.022840	121.954152	40.252311	118.593640	37.817451	115.864340	35.673342	113.589034	33.767043	111.646870	32.047102	109.951154	30.467353	108.434900	28.988023	107.041536	27.575657	105.718441	26.202718	104.412064	24.847149	103.063552	23.492184	101.604148	22.126519	99.949709	20.745015	97.993727	19.350156	95.598353	17.954578	92.583587	16.585106	88.716845	15.288667	83.711344	14.139731	77.255189
708.807560	49.140830	131.345653	45.759644	125.976889	42.684659	121.848008	39.959306	118.581420	37.563455	115.923538	35.451135	113.705291	33.569653	111.810894	31.868273	110.156808	30.301639	108.678038	28.830724	107.319270	27.422700	106.028674	26.050523	104.753113	24.692512	103.433832	23.332173	102.001762	21.958393	100.371897	20.566184	98.435985	19.158186	96.053004	17.747286	93.037450	16.360834	89.147589	15.046879	84.082449	13.882120	77.511233
709.236080	48.722909	130.957976	45.382965	125.762936	42.354997	121.757257	39.673781	118.580805	37.315749	115.991959	35.234102	113.829256	33.376462	111.981662	31.692824	110.368604	30.138631	108.926972	28.675577	107.602653	27.271439	106.344575	25.899648	105.100011	24.538874	103.810292	23.172882	102.406045	21.790736	100.801396	20.387580	98.886321	18.966194	96.516538	17.539702	93.500787	16.135972	89.587618	14.804195	84.460695	13.623407	77.768342
709.664550	48.311140	130.595186	45.013456	125.566373	42.032195	121.679024	39.394279	118.589645	37.073108	116.067910	35.021230	113.959531	33.186645	112.157968	31.520087	110.585454	29.977787	109.180690	28.522145	107.890707	27.121525	106.665172	25.749810	105.451758	24.386013	104.191878	23.014139	102.815859	21.623418	101.236956	20.209116	99.343349	18.774136	96.987422	17.331830	93.971956	15.910574	90.035320	14.560722	84.844851	13.363734	78.026382
710.092900	47.902582	130.243348	44.647440	125.377505	41.712647	121.606381	39.117603	118.602746	36.832832	116.147280	34.810298	114.092686	32.998403	112.336810	31.348620	110.804627	29.817964	109.436611	28.369530	108.180922	26.972259	106.987950	25.600482	105.805769	24.233545	104.575876	22.855687	103.228300	21.456300	101.675428	20.030765	99.803636	18.582101	97.461940	17.123880	94.447062	15.684985	90.486941	14.316938	85.232051	13.103670	78.284777
710.521180	47.505263	129.930738	44.293718	125.216254	41.404576	121.553856	38.850891	118.631239	36.600888	116.239055	34.606191	114.236353	32.815688	112.524957	31.181598	111.032373	29.661692	109.700701	28.219733	108.479178	26.825207	107.318871	25.452866	106.168248	24.082364	104.968903	22.698152	103.650575	21.289764	102.124780	19.852668	100.276076	18.389985	97.949969	16.915474	94.936774	15.458514	90.953091	14.071824	85.630571	12.841979	78.544675
710.949340	47.108056	129.618216	43.940095	125.055047	41.096591	121.501345	38.584253	118.659724	36.369008	116.330804	34.402141	114.379979	32.633025	112.713051	31.014622	111.260056	29.505464	109.964718	28.069978	108.777350	26.678197	107.649699	25.305291	106.530625	23.931226	105.361820	22.540662	104.072731	21.123274	102.574006	19.674622	100.748384	18.197923	98.437862	16.707126	95.426349	15.232106	91.419111	13.826778	86.028978	12.580361	78.804500
711.377380	46.723897	129.345807	43.600056	124.922323	40.801031	121.469833	38.328301	118.704468	36.146030	116.435806	34.205378	114.534937	32.456267	112.911261	30.852404	111.497121	29.353050	110.237741	27.923267	109.084445	26.533597	107.989631	25.159602	106.902552	23.781528	105.765000	22.384230	104.506168	20.957492	103.035856	19.496948	101.234956	18.005878	98.941846	16.498395	95.933607	15.004840	91.903044	13.580361	86.441593	12.317032	79.066038
711.805300	46.341583	129.078847	43.261922	124.793453	40.507210	121.441145	38.073844	118.751382	35.924299	116.542561	34.009641	114.691379	32.280345	113.110781	30.690864	111.735387	29.201185	110.511907	27.776999	109.392662	26.389354	108.330702	25.014200	107.275670	23.632061	106.169459	22.227977	104.941012	20.791846	103.499287	19.319367	101.723323	17.813882	99.447866	16.289664	96.443113	14.777514	92.389263	13.333819	86.856013	12.053538	79.327742
712.233150	45.967432	128.834425	42.931959	124.680728	40.220738	121.424502	37.825661	118.807735	35.707776	116.657091	33.818162	114.854531	32.107876	113.316341	30.532110	111.979296	29.051561	110.791529	27.632526	109.706321	26.246542	108.677368	24.869927	107.654699	23.483469	106.580333	22.072382	105.382974	20.626662	103.970764	19.142059	102.220899	17.621959	99.964424	16.080769	96.964394	14.549736	92.887646	13.086499	87.280259	11.789052	79.590483
712.660890	45.600139	128.608846	42.608857	124.581495	39.940435	121.417913	37.582744	118.871958	35.495624	116.778097	33.630260	115.023265	31.938310	113.526918	30.375700	112.227885	28.903824	111.075673	27.489568	110.024486	26.104941	109.028662	24.726613	108.038618	23.335627	106.996510	21.917355	105.830823	20.461884	104.448901	18.965000	102.726103	17.430118	100.489717	15.871762	97.495440	14.321608	93.396123	12.838559	87.712656	11.523769	79.854058
713.088500	45.236037	128.391114	42.288840	124.487925	39.662866	121.415582	37.342146	118.939538	35.285396	116.901881	33.443934	115.194401	31.770027	113.739661	30.220332	112.478499	28.756933	111.361777	27.347297	110.344613	25.963897	109.381982	24.583752	108.424692	23.188150	107.415048	21.762621	106.281321	20.297334	104.930074	18.788108	103.234837	17.238378	101.019127	15.662777	98.031188	14.093398	93.909573	12.590415	88.149158	11.258201	80.117956
713.516050	44.883779	128.203216	41.980312	124.415954	39.395488	121.429556	37.110185	119.020043	35.082320	117.036427	33.263449	115.374914	31.606484	113.960912	30.068798	112.737126	28.613132	111.655683	27.207513	110.672579	25.824845	109.743419	24.442477	108.819417	23.041923	107.843052	21.608849	106.742427	20.133490	105.423368	18.611673	103.757620	17.046829	101.564851	15.453659	98.585491	13.864641	94.442598	12.341232	88.601828	10.991269	80.383361
713.943480	44.531621	128.015371	41.671870	124.344002	39.128184	121.443527	36.878290	119.100526	34.879301	117.170935	33.083014	115.555376	31.442988	114.182101	29.917306	112.995680	28.469371	111.949505	27.067767	111.000453	25.685832	110.104754	24.301242	109.214031	22.895737	108.270935	21.455120	107.203403	19.969691	105.916524	18.435288	104.280256	16.855333	102.110422	15.244599	99.139638	13.635949	94.975474	12.092119	89.054371	10.724412	80.648692
714.370790	44.192272	127.857316	41.375537	124.293828	38.871489	121.474121	36.655338	119.194341	34.683664	117.316655	32.908609	115.745691	31.284384	114.412300	29.769775	113.262778	28.328812	112.251706	26.930604	111.336814	25.548901	110.474947	24.161681	109.618159	22.750887	108.709315	21.302444	107.676253	19.806696	106.423406	18.259467	104.818997	16.664141	102.674988	15.035516	99.715802	13.406784	95.532106	11.841976	89.527008	10.456149	80.915583
714.798030	43.854917	127.703819	41.081084	124.246978	38.616441	121.507244	36.433776	119.290176	34.489177	117.464066	32.735144	115.937485	31.126545	114.643845	29.622864	113.531146	28.188757	112.555147	26.793851	111.674429	25.412305	110.846445	24.022391	110.023687	22.606258	109.149241	21.149946	108.150855	19.643842	106.932318	18.083753	105.360127	16.473018	103.242381	14.826453	100.295252	13.177576	96.092292	11.591706	90.002650	10.187704	81.182680
715.225100	43.525273	127.566921	40.793762	124.212376	38.367581	121.549813	36.217408	119.393647	34.298972	117.617947	32.565180	116.135000	30.971556	114.880651	29.478270	113.804528	28.050586	112.863532	26.658633	112.017077	25.276960	111.223232	23.884127	110.434942	22.462471	109.595547	20.998140	108.632755	19.481551	107.449769	17.908479	105.911428	16.282202	103.821981	14.617520	100.889158	12.948235	96.668493	11.340950	90.492243	9.918530	81.450692
715.652100	43.202482	127.444883	40.512780	124.188751	38.124223	121.600858	36.005656	119.503987	34.112572	117.777658	32.398322	116.337685	30.819093	115.122219	29.335726	114.082461	27.914077	113.176409	26.524765	112.364304	25.142713	111.604836	23.746756	110.851414	22.319411	110.047661	20.846923	109.121294	19.319732	107.974977	17.733567	106.471957	16.091623	104.412641	14.408661	101.496142	12.718732	97.259169	11.089712	90.994442	9.648649	81.719577
716.079040	42.882340	127.328197	40.234203	124.169115	37.882935	121.655013	35.795636	119.616866	33.927599	117.939539	32.232633	116.542302	30.667584	115.365577	29.193959	114.362109	27.778204	113.490992	26.391418	112.713279	25.008897	111.988290	23.609743	111.269905	22.176651	110.502047	20.695962	109.612457	19.158130	108.503294	17.558838	107.036240	15.901190	105.007885	14.199891	102.108676	12.489229	97.856168	10.838343	91.502340	9.378543	81.988806
716.505800	42.573784	127.235035	39.966158	124.167029	37.650709	121.722857	35.593194	119.740936	33.748872	118.110992	32.072050	116.755460	30.520236	115.616853	29.055584	114.649362	27.645101	113.813132	26.260341	113.070007	24.876947	112.379957	23.474278	111.697365	22.035186	110.966518	20.546092	110.115263	18.997452	109.045388	17.384880	107.617148	15.711355	105.623413	13.991475	102.745746	12.259684	98.481100	10.586351	92.035412	9.107389	82.259601
716.932500	42.265273	127.141886	39.698150	124.164942	37.418517	121.790691	35.390781	119.864989	33.570170	118.282421	31.911488	116.968589	30.372910	115.868093	28.917229	114.936576	27.512016	114.135227	26.129281	113.426686	24.745016	112.771570	23.338832	112.124764	21.893740	111.430922	20.396243	110.617997	18.836796	109.587407	17.210947	108.197975	15.521547	106.238855	13.783089	103.382726	12.030172	99.105943	10.334395	92.568410	8.836273	82.530358
717.359130	41.968320	127.071084	39.440499	124.179712	37.195175	121.871822	35.195748	120.000036	33.397540	118.463352	31.755896	117.190267	30.229639	116.127326	28.782188	115.231528	27.381648	114.465071	26.000460	113.791383	24.614945	113.171740	23.204946	112.561588	21.753624	111.906008	20.247545	111.133187	18.677154	110.144324	17.037905	108.797025	15.332493	106.876910	13.575238	104.047658	11.800797	99.763570	10.081933	93.132087	8.564144	82.802969
717.785580	41.673655	127.004506	39.184893	124.197642	36.973584	121.955419	35.002178	120.137095	33.226118	118.645997	31.601299	117.413464	30.087186	116.387958	28.647822	115.527820	27.251842	114.796240	25.872110	114.157443	24.485273	113.573363	23.071406	113.000011	21.613812	112.382914	20.099122	111.650515	18.517765	110.703821	16.865099	109.399265	15.143654	107.518963	13.367569	104.717581	11.571539	100.427096	9.829475	93.701306	8.291932	83.075822
718.211980	41.385577	126.950083	38.935113	124.224834	36.756941	122.046404	34.812722	120.280320	33.058081	118.834015	31.449470	117.641539	29.946997	116.653184	28.515311	115.828589	27.123562	115.131925	25.745025	114.528207	24.356662	113.980046	22.938767	113.444050	21.474784	112.866247	19.951397	112.175410	18.359014	111.272477	16.692885	110.012863	14.955354	108.175364	13.160335	105.405670	11.342495	101.112620	9.576823	94.292004	8.019177	83.349836
718.638240	41.104218	126.907958	38.691275	124.261384	36.545348	122.144838	34.627466	120.429747	32.893502	119.027428	31.300473	117.874497	29.809128	116.922998	28.384704	116.133822	26.996852	115.472106	25.619246	114.903650	24.229150	114.391763	22.807069	113.893673	21.336577	113.355975	19.804410	112.707845	18.200942	111.850272	16.521306	110.637817	14.767638	108.846134	12.953586	106.111982	11.113717	101.820239	9.324029	94.904294	7.745932	83.624968
719.064450	40.824815	126.869255	38.449149	124.300563	36.335203	122.245382	34.443413	120.580945	32.729913	119.222390	31.152289	118.108866	29.671926	117.194145	28.254648	116.440359	26.870600	115.813607	25.493852	115.280478	24.101966	114.804980	22.675658	114.344977	21.198629	113.847645	19.657662	113.242595	18.043098	112.430910	16.349951	111.266359	14.580141	109.521536	12.747038	106.824326	10.885080	102.535444	9.071245	95.524376	7.472571	83.900489
719.490480	40.556323	126.849733	38.216575	124.354496	36.133133	122.357782	34.266067	120.742111	32.571844	119.426093	31.008634	118.351206	29.538442	117.472830	28.127656	116.754288	26.746889	116.162604	25.370588	115.665171	23.976597	115.226717	22.545825	114.805819	21.062091	114.350328	19.512218	113.790461	17.886501	113.027639	16.179816	111.915181	14.393832	110.223085	12.541563	107.570671	10.657178	103.293377	8.818455	96.188315	7.198497	84.178264
719.916440	40.287875	126.830214	37.984039	124.408421	35.931097	122.470164	34.088751	120.903250	32.413800	119.629762	30.865002	118.593505	29.404980	117.751469	28.000685	117.068165	26.623198	116.511543	25.247345	116.049800	23.851249	115.648384	22.416014	115.266584	20.925576	114.852929	19.366797	114.338238	17.729929	113.624270	16.009710	112.563896	14.207553	110.924520	12.336123	108.316894	10.429314	104.051186	8.565706	96.852145	6.924468	84.455993
720.342350	40.029264	126.827540	37.760042	124.475450	35.736252	122.593210	33.917397	121.073454	32.260664	119.841468	30.725400	118.843205	29.274833	118.037177	27.876453	117.389031	26.501792	116.867630	25.126031	116.441979	23.727559	116.078302	22.287665	115.736657	20.790394	115.366364	19.222640	114.899030	17.574603	114.237027	15.840867	113.233201	14.022561	111.652962	12.131919	109.099132	10.202399	104.855954	8.313139	97.566932	6.649784	84.736610
720.768070	39.773160	126.828976	37.538221	124.545649	35.543242	122.718807	33.747569	121.245799	32.108788	120.055046	30.586840	119.094605	29.145548	118.324491	27.752941	117.711469	26.380994	117.225311	25.005238	116.835836	23.604324	116.510054	22.159726	116.208803	20.655594	115.882229	19.078851	115.462763	17.419646	114.853462	15.672403	113.907249	13.837960	112.387689	11.928102	109.889828	9.975810	105.671842	8.060722	98.293851	6.375055	85.017814
721.193730	39.522411	126.839254	37.321012	124.622789	35.354103	122.850097	33.580947	121.423019	31.959553	120.272969	30.450452	119.350032	29.018057	118.615671	27.630918	118.037749	26.261446	117.586947	24.885510	117.233905	23.482019	116.946437	22.032623	116.686219	20.521574	116.404288	18.935824	116.034019	17.265467	115.479335	15.504761	114.593542	13.654235	113.138817	11.725179	110.703037	9.749991	106.518375	7.808612	99.056229	6.100046	85.300968
721.619260	39.278105	126.860114	37.109352	124.708225	35.169624	122.988181	33.418184	121.606049	31.813498	120.496061	30.316682	119.610242	28.892729	118.911437	27.510694	118.368585	26.143410	117.953267	24.767074	117.636959	23.360843	117.388304	21.906538	117.169875	20.388507	116.933687	18.793731	116.614197	17.112241	116.116416	15.338125	115.294395	13.471580	113.909470	11.523352	111.543075	9.525124	107.401466	7.556906	99.860935	5.824738	85.586417
722.044740	39.035002	126.882871	36.898723	124.795159	34.986008	123.127501	33.256136	121.790139	31.668035	120.720100	30.183401	119.871331	28.767806	119.208048	27.390809	118.700263	26.025663	118.320458	24.648888	118.040947	23.239890	117.831206	21.780658	117.654720	20.255638	117.464500	18.651837	117.196115	16.959225	116.755715	15.171718	115.998180	13.289179	114.684150	11.321797	112.388827	9.300513	108.292725	7.305347	100.675840	5.549406	85.872445
722.470030	38.802003	126.921791	36.696742	124.894889	34.809632	123.277393	33.100087	121.983345	31.527515	120.952321	30.054199	120.140038	28.646263	119.512015	27.273750	119.039299	25.910306	118.695267	24.532767	118.453096	23.120766	118.283161	21.656455	118.149943	20.124377	118.007625	18.511558	117.793144	16.807910	117.414227	15.007166	116.727298	13.108828	115.493499	11.122439	113.283645	9.077960	109.253949	7.054896	101.577939	5.273706	86.163564
722.895260	38.569037	126.960706	36.494789	124.994604	34.633282	123.427265	32.944060	122.176523	31.387016	121.184508	29.925016	120.408707	28.524737	119.815939	27.156707	119.378287	25.794966	119.070023	24.416661	118.865186	23.001659	118.735052	21.532270	118.645096	19.993135	118.550673	18.371300	118.390089	16.656616	118.072647	14.842637	117.456314	12.928503	116.302734	10.923109	114.178337	8.855439	110.215038	6.804481	102.479912	4.998045	86.454641
723.320430	38.344189	127.012325	36.299754	125.104475	34.462714	123.585612	32.792822	122.377070	31.250475	121.423357	29.799108	120.683624	28.405940	120.125942	27.041960	119.723393	25.681588	119.451158	24.302269	119.284162	22.884094	119.194631	21.409530	119.149139	19.863309	119.104357	18.232503	119.000215	16.506902	118.748014	14.679880	118.208000	12.750198	117.143631	10.726035	115.119220	8.635177	111.245325	6.555504	103.475789	4.722185	86.752263
723.745420	38.122079	127.068075	36.107052	125.217622	34.294100	123.746670	32.643205	122.579948	31.115278	121.664291	29.674318	120.960477	28.288078	120.437815	26.928005	120.070367	25.568894	119.834233	24.188480	119.705228	22.767077	119.656549	21.287308	119.655896	19.733996	119.661307	18.094236	119.614416	16.357762	119.428662	14.517764	118.966810	12.572620	117.994555	10.529774	116.074838	8.415737	112.297829	6.307092	104.501968	4.446364	87.051910
724.170350	37.904079	127.130122	35.917836	125.335849	34.128393	123.911997	32.495997	122.786568	30.982071	121.908630	29.551178	121.240548	28.171594	120.752832	26.815215	120.420531	25.457201	120.220655	24.075574	120.129932	22.650867	120.122560	21.165855	120.167421	19.605453	120.224007	17.956783	120.235813	16.209526	120.118674	14.356691	119.738341	12.396269	118.863626	10.334939	117.057795	8.197819	113.393551	6.059789	105.592856	4.170493	87.356600
724.595210	37.692210	127.201579	35.733817	125.461672	33.967022	124.083711	32.352379	122.998787	30.851831	122.158067	29.430497	121.525436	28.057164	121.072563	26.704159	120.775477	25.346998	120.612096	23.963982	120.560088	22.535856	120.594706	21.045545	120.686091	19.478054	120.795324	17.820541	120.867991	16.062633	120.822708	14.197169	120.528915	12.221743	119.759851	10.142228	118.081641	7.982166	114.553890	5.814132	106.780469	3.894534	87.668837
725.019900	37.480879	127.273698	35.550255	125.588007	33.806035	124.255835	32.209084	123.211343	30.721862	122.407792	29.310046	121.810580	27.942932	121.392530	26.593277	121.130653	25.236951	121.003774	23.852535	120.990504	22.420984	121.067151	20.925373	121.205126	19.350799	121.367108	17.684453	121.500793	15.915912	121.527612	14.037844	121.320757	12.047450	120.658022	9.949790	119.108659	7.766821	115.719753	5.568757	107.977646	3.618682	87.981931
725.444520	37.278821	127.359839	35.374527	125.725754	33.651573	124.437647	32.071190	123.432452	30.596366	122.665366	29.193316	122.103190	27.831817	121.719855	26.485045	121.493341	25.129203	121.403394	23.743140	121.429608	22.308012	121.549439	20.807045	121.735703	19.225434	121.952930	17.550409	122.151313	15.771517	122.255821	13.881269	122.144699	11.876485	121.602914	9.761373	120.208352	7.556035	117.007203	5.327144	109.378812	3.342815	88.314952
725.869020	37.076820	127.445956	35.198848	125.863462	33.497155	124.619408	31.933335	123.653499	30.470907	122.922867	29.076618	122.395717	27.720735	122.047088	26.376844	121.855928	25.021485	121.802902	23.633776	121.868588	22.195071	122.031590	20.688750	122.266130	19.100105	122.538587	17.416403	122.801650	15.627164	122.983824	13.724739	122.968409	11.705569	122.547540	9.573009	121.307734	7.345309	118.294290	5.085600	110.779583	3.067025	88.647878
726.293460	36.881230	127.541600	35.028572	126.008994	33.347235	124.807858	31.799211	123.880494	30.348543	123.185855	28.962504	122.693494	27.611830	122.379529	26.270508	122.223858	24.915403	122.208091	23.525890	122.313831	22.083524	122.520883	20.571836	122.805002	18.976219	123.134594	17.283995	123.465178	15.484665	123.729371	13.570451	123.816652	11.537436	123.528645	9.388128	122.465804	7.138782	119.685781	4.848020	112.380429	2.791352	89.007454
726.717710	36.688576	127.641457	34.860771	126.157960	33.199379	124.999220	31.666803	124.110055	30.227608	123.451189	28.849586	122.993497	27.503939	122.714166	26.165046	122.594032	24.810092	122.615658	23.418704	122.761697	21.972642	123.013173	20.455582	123.347433	18.853025	123.734989	17.152350	124.134334	15.343048	124.482458	13.417223	124.675512	11.370609	124.525644	9.204871	123.649608	6.934209	121.123308	4.612300	114.069906	2.515837	89.378779
727.141910	36.498894	127.745634	34.695469	126.310493	33.053605	125.193645	31.536125	124.342354	30.108113	123.719061	28.737877	123.295940	27.397075	123.051231	26.060471	122.966711	24.705568	123.025908	23.312243	123.212534	21.862455	123.508882	20.340031	123.893937	18.730580	124.340422	17.021550	124.809980	15.202429	125.244283	13.265223	125.546788	11.205341	125.541514	9.023631	124.864841	6.732221	122.620497	4.379406	115.892787	2.240467	89.778085
727.566040	36.315109	127.858407	34.535124	126.470131	32.911962	125.394178	31.408878	124.580112	29.991475	123.991999	28.628563	123.603256	27.292244	123.393148	25.957655	123.344400	24.602602	123.441522	23.207213	123.669314	21.753641	124.011423	20.225866	124.448579	18.609617	124.955917	16.892418	125.498577	15.063786	126.023538	13.115655	126.442812	11.043162	126.594978	8.846389	126.142660	6.535362	124.236434	4.152118	117.981089	1.965369	90.233063
727.989990	36.131402	127.971131	34.374847	126.629701	32.770379	125.594625	31.281684	124.817769	29.874886	124.264821	28.519296	123.910441	27.187458	123.734919	25.854882	123.721929	24.499680	123.856959	23.102228	124.125900	21.644873	124.513751	20.111750	125.002985	18.488706	125.571152	16.763342	126.186881	14.925202	126.802463	12.966151	127.338457	10.881052	127.647996	8.669221	127.419938	6.338587	125.851686	3.924925	120.068503	1.690387	90.687848
728.413880	35.955883	128.095713	34.221444	126.799151	32.634517	125.803645	31.159247	125.063144	29.762265	124.544855	28.413366	124.224608	27.085518	124.083693	25.754584	124.106742	24.398975	124.280237	22.999303	124.591235	21.538112	125.026192	19.999698	125.569517	18.370041	126.201481	16.636848	126.894760	14.789735	127.607985	12.820565	128.272336	10.724043	128.760188	8.498906	128.798891	6.151219	127.672544	3.709876	122.701714	1.415968	91.376894
728.837650	35.780611	128.220547	34.068250	126.968792	32.498832	126.012815	31.036960	125.308637	29.649771	124.824984	28.307546	124.538857	26.983675	124.432539	25.654375	124.491624	24.298352	124.703587	22.896457	125.056650	21.431429	125.538733	19.887727	126.136184	18.251464	126.831998	16.510452	127.602914	14.654380	128.413924	12.675114	129.206879	10.567202	129.873499	8.328804	130.179917	5.964130	129.497863	3.495180	125.347383	1.141639	92.071411
729.261350	35.610274	128.352421	33.919190	127.144343	32.366593	126.227137	30.917542	125.558797	29.539681	125.109496	28.203759	124.857368	26.883577	124.785686	25.555699	124.880999	24.199117	125.131804	22.794921	125.527534	21.326044	126.057638	19.777115	126.710532	18.134391	127.472154	16.385815	128.323679	14.521182	129.237172	12.532419	130.166635	10.414027	131.026559	8.163795	131.631342	5.784520	131.474674	3.292152	128.476758	0.868093	93.645664
729.684880	35.443053	128.488625	33.772742	127.323511	32.236532	126.444596	30.799942	125.811780	29.431116	125.396644	28.101264	125.178432	26.784591	125.141398	25.458003	125.273047	24.100774	125.562915	22.694227	126.001672	21.221496	126.580339	19.667379	127.289476	18.018287	128.118102	16.262306	129.052057	14.389361	130.070919	12.391478	131.141757	10.263174	132.203952	8.001996	133.126040	5.609605	133.544947	3.096428	131.905505	0.595115	95.765627
730.108340	35.277788	128.627565	33.627935	127.504984	32.107839	126.664071	30.683484	126.066595	29.323510	125.685516	27.999585	125.501179	26.686311	125.498815	25.360934	125.666885	24.003004	125.995978	22.594083	126.478016	21.117501	127.105627	19.558232	127.871570	17.902846	128.768037	16.139585	129.785697	14.258518	130.911971	12.251806	132.127661	10.114044	133.398658	7.842671	134.652273	5.438578	135.686917	2.908160	135.605989	0.377715	114.991631
730.531740	35.118161	128.774504	33.487849	127.693219	31.983079	126.889483	30.570308	126.326820	29.218658	125.979501	27.900243	125.828933	26.590050	125.861311	25.265650	126.066065	23.906870	126.434863	22.495502	126.960934	21.015079	127.638615	19.450760	128.463015	17.789295	129.429780	16.019109	130.534884	14.130474	131.774548	12.115779	133.145253	9.969874	134.644108	7.690482	136.270717	5.278794	138.038086	2.741509	140.097863	0.321846	183.963866
730.954960	34.958601	128.921381	33.347822	127.881374	31.858372	127.114800	30.457180	126.586934	29.113851	126.273361	27.800943	126.156548	26.493829	126.223654	25.170407	126.465075	23.810776	126.873563	22.396964	127.443647	20.912701	128.171375	19.343335	129.054210	17.675792	130.091242	15.898684	131.283753	14.002484	132.636758	11.979809	134.162412	9.825764	135.889028	7.538358	137.888473	5.119079	140.388257	2.574928	144.587827	0.266000	252.906779
731.378110	34.805481	129.077303	33.213183	128.077229	31.738160	127.346922	30.347812	126.853286	29.012210	126.573144	27.704344	126.489994	26.399958	126.591945	25.077264	126.870376	23.716629	127.319150	22.300311	127.934189	20.812253	128.713357	19.237998	129.656678	17.564682	130.767024	15.781144	132.051624	13.878141	133.525463	11.848658	135.218947	9.688345	137.197795	7.396179	139.624496	4.976109	143.016382	2.447681	150.224210	0.501763	263.346811
731.801210	34.653144	129.234287	33.079198	128.273982	31.618496	127.579831	30.238902	127.120354	28.910957	126.873603	27.608077	126.824101	26.306376	126.960908	24.984380	127.276387	23.622723	127.765515	22.203893	128.425616	20.712045	129.256384	19.132921	130.260430	17.453867	131.444445	15.663959	132.821682	13.754245	134.417235	11.718094	136.280067	9.551735	138.514037	7.255198	141.374432	4.835148	145.677349	2.325131	155.996559	0.772229	266.818999
732.224120	34.504496	129.396285	32.948305	128.475004	31.501418	127.816518	30.132164	127.390883	28.811545	127.177350	27.513395	127.161451	26.214187	127.333188	24.892757	127.685919	23.530003	128.215763	22.108645	128.921485	20.613051	129.804686	19.029176	130.870685	17.344595	132.130211	15.548651	133.602912	13.632739	135.324756	11.590717	137.364851	9.419614	139.869087	7.121065	143.197111	4.706374	148.509947	2.235350	162.367435	1.042602	188.188887
732.646970	34.359080	129.562771	32.820118	128.679860	31.386601	128.056614	30.027324	127.664549	28.713741	127.484090	27.420093	127.501762	26.123210	127.708505	24.802229	128.098678	23.438311	128.669571	22.014408	129.421420	20.515107	130.357805	18.926586	131.486862	17.236661	132.823549	15.434977	134.394245	13.513320	136.246469	11.466135	138.470890	9.291439	141.258886	6.992970	145.084741	4.588373	151.495415	2.174595	169.270511	1.312961	36.758532
733.069700	34.214772	129.730703	32.692860	128.885951	31.272564	128.297796	29.923141	127.939212	28.616497	127.791775	27.327276	127.843004	26.032663	128.084777	24.712094	128.512456	23.346994	129.124508	21.920547	129.922656	20.417559	130.912486	18.824435	132.104983	17.129242	133.519406	15.321935	135.188990	13.394713	137.173036	11.342645	139.584287	9.164823	142.660834	6.867312	146.995069	4.474896	154.531476	2.125982	176.227402	1.583069	-89.589244
733.492310	34.075908	129.906148	32.570157	129.098526	31.162338	128.544762	29.822161	128.219236	28.521973	128.104602	27.236808	128.189357	25.944190	128.466316	24.623851	128.931867	23.257473	129.585686	21.828477	130.431064	20.321900	131.475713	18.724389	132.733662	17.024302	134.228813	15.211958	136.001916	13.280076	138.125244	11.224544	140.736218	9.045962	144.125899	6.753848	149.022502	4.384192	157.827146	2.138775	183.464727	1.852215	-89.111728
733.914860	33.937064	130.081567	32.447472	129.311071	31.052128	128.791692	29.721197	128.499220	28.427464	128.417385	27.146352	128.535661	25.855730	128.847801	24.535621	129.351219	23.167964	130.046799	21.736420	130.939399	20.226254	132.038859	18.624357	133.362252	16.919376	134.938120	15.101996	136.814726	13.165455	139.077316	11.106459	141.887985	8.927117	145.590755	6.640401	151.049648	4.293502	161.122348	2.151566	190.701025	2.121322	-88.634279
734.337280	33.803166	130.263773	32.328928	129.529480	30.945387	129.043893	29.623155	128.784102	28.335446	128.734897	27.058058	128.886693	25.769193	129.234182	24.449161	129.775825	23.080158	130.513771	21.646084	131.454500	20.132448	132.610103	18.526408	134.000895	16.816934	135.660405	14.995141	137.645001	13.054902	140.054092	10.993964	143.076901	8.816436	147.116069	6.540070	153.185614	4.227833	164.620614	2.220231	197.367398	2.389308	-88.238020
734.759580	33.670543	130.447653	32.211453	129.749322	30.839542	129.297373	29.525872	129.070161	28.244075	129.053535	26.970329	129.238846	25.683160	129.621718	24.363165	130.201669	22.992800	130.982125	21.556201	131.971202	20.039125	133.183272	18.429005	134.641942	16.715140	136.385814	14.889091	138.479510	12.945397	141.036898	10.882903	144.274943	8.707837	148.656321	6.443070	155.348594	4.168491	168.169387	2.302978	203.888613	2.656956	-87.862325
735.181820	33.540461	130.635005	32.096109	129.972197	30.735489	129.553590	29.430106	129.358781	28.154006	129.374659	26.883737	129.593491	25.598149	130.011854	24.278122	130.630322	22.906369	131.453622	21.467270	132.491551	19.946834	133.760820	18.332781	135.288444	16.614764	137.118278	14.784832	139.323525	12.838256	142.033137	10.775115	145.493059	8.604074	150.228639	6.353930	157.565549	4.123956	171.783725	2.408987	209.866438	2.923940	-87.506804
735.603940	33.413752	130.826929	31.983593	130.199056	30.633814	129.813402	29.336353	129.650760	28.065664	129.699036	26.798657	129.951394	25.514497	130.405388	24.194347	131.062644	22.821173	131.929229	21.379604	133.016669	19.855914	134.344101	18.238124	135.942093	16.516274	137.859996	14.682951	140.180022	12.734248	143.047034	10.671666	146.737590	8.506712	151.843189	6.275189	159.853632	4.098997	175.484373	2.545730	215.125470	3.190020	-87.177983
736.025940	33.287419	131.019269	31.871394	130.426265	30.532408	130.073517	29.242830	129.943010	27.977523	130.023666	26.713755	130.309545	25.431008	130.799178	24.110726	131.495243	22.736128	132.405148	21.292096	133.542159	19.765166	134.927844	18.143664	136.596340	16.418019	138.602516	14.581363	141.037641	12.630625	144.062561	10.568744	147.984601	8.410121	153.461653	6.197686	162.147573	4.076228	179.185058	2.684671	220.307973	3.455926	-86.850766
736.447810	33.166327	131.218733	31.763587	130.659711	30.434693	130.339284	29.152438	130.240584	27.892074	130.353471	26.631219	130.672933	25.349658	131.198440	24.029114	131.933792	22.653063	132.887753	21.206645	134.075438	19.676678	135.520989	18.051825	137.262342	16.322961	139.360274	14.483855	141.915820	12.532443	145.107059	10.473445	149.274473	8.324903	155.146364	6.138756	164.540141	4.086766	182.901223	2.857692	224.343591	3.720235	-86.546730
736.869630	33.045249	131.418173	31.655793	130.893129	30.336990	130.605019	29.062058	130.538122	27.806636	130.683237	26.548692	131.036278	25.268318	131.597655	23.947511	132.372289	22.570008	133.370301	21.121204	134.608654	19.588199	136.114064	17.959997	137.928265	16.227914	140.117943	14.386358	142.793894	12.434272	146.151433	10.378156	150.564191	8.239695	156.830876	6.079834	166.932426	4.097302	186.616948	3.030693	228.378731	3.984514	-86.242729
737.291320	32.927858	131.622579	31.551096	131.130921	30.241900	130.874745	28.973903	130.839427	27.723125	131.016688	26.467872	131.403360	25.188538	132.000801	23.867393	132.815064	22.488432	133.857692	21.037319	135.147538	19.501451	136.713998	17.870194	138.602780	16.135355	140.886766	14.292056	143.686977	12.340386	147.216813	10.288897	151.884394	8.163507	158.559962	6.035492	169.377503	4.131700	190.247500	3.219637	231.754167	4.247518	-85.949695
737.712950	32.812116	131.829206	31.447783	131.370668	30.147980	131.146254	28.886744	131.142416	27.640476	131.351787	26.387816	131.772113	25.109456	132.405704	23.787938	133.259752	22.407519	134.347248	20.954131	135.688954	19.415477	137.316996	17.781298	139.281135	16.043909	141.660576	14.199184	144.586769	12.248416	148.291585	10.202335	153.218226	8.091354	160.308977	5.997672	171.846183	4.176771	193.839938	3.415711	234.834493	4.509952	-85.661568
738.134400	32.698026	132.037936	31.345862	131.612256	30.055238	131.419435	28.800595	131.446974	27.558708	131.688418	26.308547	132.142416	25.031100	132.812243	23.709183	133.706233	22.327311	134.838838	20.871693	136.232771	19.330345	137.922929	17.693394	139.963195	15.953688	142.439221	14.107889	145.493092	12.158563	149.375442	10.118753	154.564911	8.023640	162.075226	5.966843	174.326965	4.231900	197.356029	3.616322	237.693725	4.771674	-85.376938
738.555790	32.587372	132.251319	31.246831	131.857962	29.964938	131.696397	28.716535	131.755114	27.478756	132.028579	26.230896	132.516314	24.954236	133.222586	23.631859	134.156886	22.248549	135.335149	20.790797	136.782129	19.246945	138.535589	17.607542	140.653690	15.866013	143.228787	14.019888	146.414053	12.073161	150.479526	10.041466	155.940067	7.965347	163.879617	5.950911	176.835488	4.308543	200.711859	3.826773	240.083218	5.032077	-85.099556
738.977050	32.476752	132.464636	31.147830	132.103592	29.874667	131.973274	28.632500	132.063159	27.398828	132.368635	26.153269	132.890098	24.877395	133.632803	23.554559	134.607399	22.169812	135.831307	20.709925	137.331318	19.163571	139.148060	17.521716	141.343971	15.778365	144.018109	13.931915	147.334730	11.987784	151.583271	9.964203	157.314799	7.907072	165.683451	5.934985	179.343237	4.385162	204.066653	4.037159	242.471974	5.292399	-84.822259
739.398250	32.370653	132.684090	31.052633	132.354705	29.787618	132.255203	28.551230	132.376034	27.321315	132.713468	26.077809	133.268786	24.802567	134.048224	23.479212	135.063628	22.093069	136.333981	20.631204	137.888170	19.082645	139.769833	17.438819	142.045906	15.694383	144.822487	13.848723	148.275396	11.908898	152.714137	9.896147	158.726076	7.862497	167.529907	5.939945	181.852021	4.487736	207.135402	4.256130	244.397300	5.550823	-84.552260
739.819340	32.264841	132.903843	30.957679	132.606070	29.700777	132.537351	28.470139	132.689107	27.243960	133.058488	26.002492	133.647662	24.727873	134.463840	23.403997	135.520070	22.016460	136.836904	20.552627	138.445322	19.001880	140.391984	17.356113	142.748335	15.610634	145.627529	13.765827	149.216976	11.830406	153.846279	9.828637	160.139102	7.818723	169.378350	5.946107	184.360230	4.591779	210.186897	4.475540	246.295443	5.809072	-84.282750
740.240300	32.161656	133.127069	30.864944	132.860529	29.615823	132.822361	28.390677	133.004919	27.168040	133.406222	25.928473	134.029321	24.654398	134.882422	23.329978	135.979796	21.941088	137.343577	20.475397	139.006904	18.922662	141.019531	17.275267	143.457533	15.529221	146.441288	13.685982	150.170042	11.756055	154.993651	9.766981	161.571384	7.783528	171.244395	5.964673	186.845477	4.708874	213.051406	4.698139	247.992249	6.066054	-84.016879
740.661130	32.060453	133.352889	30.773882	133.117294	29.532295	133.109499	28.312445	133.322763	27.093204	133.755968	25.855436	134.413043	24.581845	135.303200	23.256866	136.441953	21.866651	137.853028	20.399185	139.571772	18.844611	141.651084	17.195825	144.171761	15.449570	147.261532	13.608436	151.131666	11.684823	156.152378	9.709727	163.018026	7.754783	173.123522	5.992555	189.313281	4.835767	215.775204	4.923117	249.537651	6.322064	-83.753764
741.081910	31.960100	133.579825	30.683539	133.375058	29.449379	133.397563	28.234743	133.641499	27.018836	134.106600	25.782826	134.797678	24.509697	135.724958	23.184154	136.905195	21.792633	138.363721	20.323435	140.138110	18.767096	142.284429	17.117033	144.888235	15.370741	148.084654	13.531970	152.097023	11.615059	157.315887	9.654540	164.470176	7.729013	175.005663	6.024474	191.766170	4.966250	218.437000	5.148745	251.032910	6.577619	-83.491620
741.502560	31.863245	133.811414	30.596150	133.637008	29.368980	133.689514	28.159218	133.963976	26.946393	134.460958	25.711970	135.186164	24.439209	136.150839	23.113090	137.373002	21.720336	138.879643	20.249583	140.710630	18.691781	142.925302	17.040917	145.614128	15.295298	148.919824	13.459953	153.077991	11.551354	158.499383	9.607893	165.945371	7.715543	176.900616	6.073087	194.157828	5.111608	220.842881	5.377100	252.321080	6.831339	-83.233441
741.923100	31.766415	134.042944	30.508783	133.898889	29.288603	133.981388	28.083713	134.286369	26.873968	134.815224	25.641133	135.574549	24.368740	136.576609	23.042044	137.840687	21.648057	139.395429	20.175750	141.283001	18.616486	143.566008	16.964820	146.339832	15.219876	149.754776	13.387956	154.058704	11.487666	159.682568	9.561258	167.420181	7.702076	178.795074	6.121688	196.548860	5.256928	223.248133	5.605395	253.608913	7.084992	-82.975329
742.343570	31.672964	134.278990	30.424279	134.164853	29.210676	134.277072	28.010339	134.612446	26.803442	135.173184	25.572038	135.966770	24.299937	137.006502	22.972670	138.312950	21.577543	139.916477	20.103881	141.861589	18.543491	144.214275	16.891534	147.074935	15.148028	150.601631	13.320664	155.054514	11.430377	160.884189	9.523568	168.913471	7.701158	180.689542	6.186096	198.854078	5.414229	225.416246	5.835272	254.739813	7.336736	-82.720847
742.763850	31.580307	134.515950	30.340450	134.431619	29.133329	134.573485	27.937471	134.939212	26.733368	135.531823	25.503360	136.359685	24.231536	137.437139	22.903698	138.786041	21.507453	140.438486	20.032482	142.441327	18.471041	144.863966	16.818907	147.811836	15.077010	151.450797	13.254454	156.053288	11.374543	162.089435	9.487895	170.410276	7.703048	182.583226	6.254014	201.139146	5.574145	227.530414	6.065408	255.835141	7.587948	-82.467281
743.184140	31.489366	134.755232	30.258078	134.700497	29.057232	134.871889	27.865696	135.267914	26.664273	135.892411	25.435589	136.754634	24.164008	137.869969	22.835611	139.261582	21.438310	140.963308	19.962147	143.024392	18.399847	145.517682	16.747828	148.553708	15.007968	152.306162	13.190851	157.059715	11.322249	163.303442	9.457118	171.914110	7.711591	184.470009	6.329655	203.369429	5.739094	229.532961	6.295962	256.866441	7.838126	-82.215431
743.604250	31.400667	134.997384	30.177611	134.971957	28.982772	135.172709	27.795355	135.598945	26.596464	136.255335	25.369011	137.152006	24.097632	138.305413	22.768691	139.740045	21.370412	141.491497	19.893209	143.611453	18.330295	146.176258	16.678765	149.301612	14.941492	153.169081	13.130620	158.075489	11.274516	164.528124	9.432632	173.426266	7.728659	186.347081	6.415164	205.528461	5.910419	231.391501	6.526947	257.815189	8.086864	-81.965894
744.024290	31.312198	135.239784	30.097339	135.243636	28.908482	135.473727	27.725163	135.930166	26.528790	136.618444	25.302559	137.549571	24.031380	138.741063	22.701898	140.218741	21.302649	142.019957	19.824424	144.198841	18.260923	146.835236	16.609923	150.050020	14.875294	154.032629	13.070753	159.092015	11.227268	165.753566	9.408801	174.938658	7.746578	188.222039	6.501565	207.679218	6.082227	233.237068	6.757904	258.757223	8.335419	-81.716594
744.444210	31.227254	135.486831	30.020065	135.519548	28.836774	135.778723	27.657235	136.265270	26.463157	136.985470	25.238011	137.951236	23.966982	139.181148	22.637002	140.702383	21.236933	142.554116	19.757961	144.792974	18.194314	147.502376	16.544499	150.808453	14.813476	154.908511	13.016662	160.123239	11.187821	166.994366	9.395595	176.458574	7.778381	190.067135	6.602723	209.700442	6.262318	234.875855	6.988965	259.592219	8.581589	-81.470534
744.864010	31.142333	135.733807	29.942814	135.795382	28.765086	136.083632	27.589327	136.600278	26.397542	137.352392	25.173482	138.352786	23.902603	139.621106	22.572125	141.185888	21.171236	143.088122	19.691518	145.386938	18.127724	148.169325	16.479094	151.566669	14.751675	155.784143	12.962587	161.154170	11.148385	168.234812	9.382394	177.978055	7.810176	191.911703	6.703851	211.721088	6.442357	236.514174	7.219960	260.426977	8.827688	-81.224545
745.283750	31.059836	135.983956	29.867632	136.074115	28.695189	136.391285	27.523001	136.937962	26.333365	137.722027	25.110306	138.757180	23.839556	140.064149	22.508627	141.672851	21.107039	143.626117	19.626789	145.985613	18.063183	148.841941	16.416231	152.331774	14.693131	156.668058	12.912795	162.194516	11.114684	169.483826	9.376852	179.497653	7.851544	193.725565	6.814278	213.645855	6.626944	238.026218	7.450663	261.200757	9.072028	-80.980903
745.703370	30.978518	136.235570	29.793458	136.354178	28.626166	136.700186	27.457448	137.276855	26.269890	138.092883	25.047792	139.162848	23.777162	140.508574	22.445803	142.161367	21.043574	144.165907	19.562897	146.586416	17.999637	149.517126	16.354599	153.100013	14.636160	157.555748	12.865066	163.239148	11.083738	170.736674	9.374981	181.016976	7.897490	195.524323	6.929136	215.524271	6.813670	239.477440	7.681175	261.945157	9.315471	-80.738438
746.122860	30.898218	136.488436	29.720156	136.635376	28.557902	137.010156	27.392570	137.616791	26.207033	138.464792	24.985866	139.569624	23.715351	140.954204	22.383587	142.651236	20.980777	144.707260	19.499772	147.189066	17.937010	150.194533	16.294109	153.870921	14.580649	158.446566	12.819245	164.287097	11.055318	171.991839	9.376403	182.533740	7.947346	197.306070	7.047450	217.361285	7.001842	240.882099	7.911391	262.668143	9.558084	-80.496989
746.542240	30.820336	136.744444	29.648924	136.919451	28.491437	137.322854	27.329289	137.959412	26.145637	138.839422	24.925329	139.979271	23.654920	141.402956	22.322812	143.144610	20.919561	145.252647	19.438467	147.796468	17.876573	150.877632	16.236344	154.648645	14.528632	159.345364	12.778008	165.343559	11.032979	173.253204	9.385770	184.045066	8.006662	199.047633	7.174161	219.099284	7.193595	242.175082	8.141004	263.339806	9.798813	-80.257876
746.961550	30.742467	137.000408	29.577704	137.203478	28.424982	137.635500	27.266020	138.301976	26.084252	139.213990	24.864801	140.388849	23.594499	141.851633	22.262046	143.637902	20.858355	145.797943	19.377174	148.403769	17.816145	151.560616	16.178590	155.426239	14.476625	160.244012	12.736777	166.399844	11.010643	174.514359	9.395135	185.556139	8.065968	200.788906	7.300852	220.836993	7.385317	243.467850	8.370577	264.011357	10.039502	-80.018803
747.380740	30.667529	137.260198	29.508996	137.491038	28.360715	137.951508	27.204700	138.647853	26.024660	139.591942	24.805988	140.801994	23.535796	142.304203	22.203092	144.135561	20.799160	146.348271	19.318217	149.016984	17.758547	152.250610	16.124377	156.212093	14.429168	161.152005	12.701502	167.465262	10.996135	175.779836	9.414484	187.053482	8.136570	202.470736	7.436724	222.453179	7.580434	244.639739	8.599080	264.629384	10.277729	-79.782359
747.799870	30.592896	137.520345	29.440549	137.778921	28.296677	138.267819	27.143583	138.994024	25.965257	139.970192	24.747355	141.215451	23.477272	142.757113	22.144327	144.633604	20.740173	146.899045	19.259503	149.630727	17.701241	152.941232	16.070528	156.998691	14.382176	162.060839	12.666832	168.531480	10.982418	177.045604	9.434839	188.549268	8.208305	204.146373	7.573507	224.056913	7.775872	245.799292	8.827449	265.241937	10.515680	-79.546208
748.218810	30.519906	137.782507	29.373520	138.068653	28.233882	138.585883	27.083584	139.341921	25.906889	140.350205	24.689723	141.630767	23.419761	143.212052	22.086640	145.133932	20.682388	147.452453	19.202189	150.247550	17.645630	153.635477	16.018795	157.789473	14.337890	162.974165	12.635669	169.601479	10.973234	178.311262	9.460795	190.032970	8.286024	205.784017	7.714726	225.594576	7.972667	246.899497	9.055003	265.828650	10.752119	-79.311737
748.637700	30.448397	138.046588	29.307767	138.360162	28.172204	138.905643	27.024587	139.691499	25.849451	140.731939	24.632990	142.047906	23.363161	143.668979	22.029920	145.636496	20.625684	148.008434	19.146139	150.867371	17.591553	154.333239	15.968983	158.584313	14.296064	163.891868	12.607704	170.675249	10.968190	179.577194	9.491879	191.506064	8.369236	207.387414	7.860040	227.072299	8.170761	247.945776	9.281880	266.391917	10.987245	-79.078732
749.056520	30.377299	138.311144	29.242369	138.652102	28.110839	139.225812	26.965874	140.041478	25.792278	141.114081	24.576516	142.465475	23.306825	144.126379	21.973483	146.139591	20.569298	148.565024	19.090460	151.487905	17.537926	155.031827	15.919732	159.380078	14.254953	164.810493	12.580657	171.749599	10.964310	180.842425	9.524354	192.975059	8.453849	208.980364	8.006300	228.534161	8.369076	248.978930	9.508501	266.949535	11.221957	-78.846175
749.475160	30.308788	138.578908	29.179206	138.946995	28.051445	139.548805	26.908943	140.394245	25.736773	141.499075	24.521666	142.886070	23.252147	144.587096	21.918823	146.646404	20.514912	149.125879	19.037127	152.113399	17.487151	155.736155	15.874049	160.182275	14.218394	165.735620	12.559471	172.828349	10.967892	182.103979	9.565769	194.418734	8.547495	210.507407	8.158713	229.895354	8.568942	249.928664	9.733630	267.471328	11.454164	-78.616337
749.893740	30.240287	138.846633	29.116053	139.241846	27.992060	139.871752	26.852020	140.746962	25.681275	141.884015	24.466824	143.306605	23.197477	145.047748	21.864172	147.153144	20.460533	149.686653	18.983801	152.738804	17.436384	156.440382	15.828372	160.984358	14.181840	166.660615	12.538288	173.906945	10.971472	183.365352	9.607178	195.862202	8.641128	212.034232	8.311104	231.256351	8.768778	250.878261	9.958727	267.993046	11.686337	-78.386532
750.312190	30.173898	139.116999	29.054731	139.539153	27.934293	140.197062	26.796568	141.102023	25.627162	142.271365	24.413341	143.729700	23.144206	145.511195	21.811036	147.663028	20.407872	150.251021	18.932505	153.368340	17.388096	157.149311	15.785802	161.791546	14.149246	167.590347	12.522169	174.987683	10.981390	184.620636	9.655939	197.279950	8.741784	213.503328	8.467900	232.538436	8.969466	251.766622	10.182441	268.488678	11.916358	-78.158937
750.730590	30.108228	139.388260	28.994034	139.837293	27.877078	140.523171	26.741617	141.457876	25.573520	142.659529	24.360320	144.153661	23.091413	145.975587	21.758417	148.173974	20.355796	150.816604	18.881901	153.999272	17.340651	157.859830	15.744290	162.600459	14.117998	168.521679	12.507773	176.069135	10.993464	185.873832	9.707201	198.688928	8.844830	214.952764	8.626192	233.793656	9.170440	252.634137	10.405681	268.975428	12.145644	-77.932097
751.148800	30.043538	139.660636	28.934189	140.136459	27.820621	140.850253	26.687360	141.814694	25.520536	143.048682	24.307951	144.578671	23.039296	146.441126	21.706534	148.686207	20.304559	151.383656	18.832289	154.631882	17.294420	158.572215	15.704292	163.411280	14.088666	169.454497	12.495794	177.150414	11.008498	187.122335	9.761765	200.083615	8.950837	216.374342	8.786160	235.014458	9.371566	253.476336	10.628148	215.883378	12.373828	-77.706361
751.566960	29.980576	139.935220	28.875845	140.437694	27.765497	141.179327	26.634320	142.173508	25.468705	143.439896	24.256725	145.005878	22.988368	146.909068	21.655949	149.201130	20.254804	151.953764	18.784440	155.267972	17.250350	159.288478	15.667004	164.226123	14.062778	170.390661	12.488180	178.232139	11.028896	188.363224	9.822343	201.453425	9.062280	217.746513	8.949273	236.173842	9.573105	254.273320	10.849373	65.802518	12.600176	-77.482462
751.985050	29.917624	140.209757	28.817512	140.738879	27.710383	141.508346	26.581289	142.532262	25.416884	143.831045	24.205507	145.433015	22.937448	147.376931	21.605372	149.715966	20.205058	152.523777	18.736599	155.903956	17.206288	160.004620	15.629723	165.040830	14.036895	171.326668	12.480568	179.313682	11.049292	189.603906	9.882910	202.823006	9.173704	219.118453	9.112358	237.333031	9.774611	255.070169	11.070560	-84.253218	12.826486	-77.258600
752.402950	29.857162	140.487361	28.761351	141.042916	27.657207	141.840123	26.530043	142.893767	25.366766	144.225030	24.155992	145.863172	22.888311	147.848111	21.556754	150.234508	20.157565	153.097969	18.691442	156.544630	17.165517	160.725860	15.596563	165.860503	14.016212	172.266019	12.479468	180.393191	11.077512	190.829230	9.951915	204.151506	9.292311	220.417593	9.279224	238.409076	9.976244	255.808339	11.289714	-89.203590	13.049963	-77.037555
752.820800	29.796798	140.765050	28.705277	141.347026	27.604109	142.171969	26.478868	143.255336	25.316716	144.619078	24.106545	146.293398	22.839245	148.319366	21.508215	150.753136	20.110160	153.672258	18.646389	157.185413	17.124874	161.447215	15.563558	166.680276	13.995724	173.205397	12.478610	181.472514	11.106019	192.053859	10.021225	205.478347	9.411173	221.713899	9.446213	239.481927	10.177862	256.544256	11.508771	-88.772934	13.273312	-76.816636
753.238530	29.737847	141.044435	28.650441	141.652731	27.552122	142.505357	26.428722	143.618444	25.267658	145.014725	24.058096	146.725323	22.791234	148.792480	21.460843	151.273830	20.064103	154.248864	18.602948	157.828752	17.086208	162.171242	15.533023	167.502448	13.978333	174.145842	12.481577	182.549171	11.139015	193.267370	10.095193	206.779311	9.533775	222.968534	9.614987	240.510470	10.379335	257.249928	11.726562	-88.355284	13.494965	-76.597414
753.656190	29.679955	141.325108	28.596533	141.959648	27.500968	142.839920	26.379345	143.982724	25.219342	145.411589	24.010393	147.158546	22.744013	149.267012	21.414347	151.796103	20.019056	154.827238	18.560715	158.474043	17.049026	162.897310	15.504340	168.326463	13.963266	175.087131	12.487416	183.623880	11.175384	194.472591	10.172661	208.060906	9.659191	224.191937	9.785109	241.505790	10.580709	257.932921	11.943414	-87.947381	13.715355	-76.379455
754.073730	29.622495	141.606219	28.543006	142.266965	27.450158	143.174863	26.330291	144.347381	25.171339	145.808838	23.963008	147.592177	22.697129	149.741989	21.368225	152.318868	19.974441	155.406156	18.518997	159.119917	17.012474	163.623946	15.476436	169.150872	13.949163	176.028274	12.494424	184.697101	11.213084	195.673569	10.251447	209.333910	9.785592	225.402765	9.955630	242.488581	10.781942	258.607575	12.159814	-87.543130	13.935171	-76.162082
754.491150	29.566992	141.889673	28.491202	142.576469	27.400904	143.511927	26.282688	144.714178	25.124743	146.208297	23.917053	148.028163	22.651767	150.219536	21.323801	152.844477	19.931796	155.988216	18.479641	159.769193	16.978817	164.353998	15.452132	169.977993	13.939538	176.969717	12.506885	185.764517	11.257027	196.856041	10.336460	210.568214	9.916717	226.556263	10.128183	243.414019	10.982727	259.244074	12.374341	-87.155474	14.152546	-75.947213
754.908450	29.511504	142.173046	28.439413	142.885884	27.351665	143.848895	26.235099	145.080869	25.078161	146.607640	23.871111	148.464025	22.606419	150.696945	21.279389	153.369936	19.889163	156.570109	18.440296	160.418283	16.945170	165.083840	15.427834	170.804875	13.929915	177.910890	12.519343	186.831626	11.300958	198.038172	10.421448	211.802164	10.047805	227.709429	10.300686	244.339190	11.183454	259.880390	12.588805	-86.767929	14.369858	-75.732406
755.325680	29.457765	142.458553	28.389167	143.197325	27.303825	144.187839	26.188823	145.449546	25.032862	147.009049	23.826483	148.902094	22.562481	151.176754	21.236561	153.898029	19.848381	157.154887	18.403177	161.070419	16.914262	165.816586	15.406940	171.633736	13.924499	178.851334	12.536855	187.891658	11.350536	199.200963	10.511857	212.999053	10.182784	228.811523	10.474684	245.215858	11.383586	260.485133	12.801482	-86.394200	14.584892	-75.519838
755.742800	29.404528	142.744597	28.339367	143.509267	27.256389	144.527264	26.142925	145.818701	24.987932	147.410951	23.782233	149.340689	22.518949	151.657133	21.194188	154.426749	19.808128	157.740348	18.366693	161.723270	16.884130	166.549990	15.387006	172.462974	13.920267	179.791368	12.555783	188.949472	11.401691	200.358067	10.603769	214.185270	10.318827	229.899029	10.649065	246.078707	11.583507	261.080873	13.013609	-86.024433	14.799240	-75.307947
756.159790	29.352129	143.031572	28.290309	143.822078	27.209630	144.867530	26.097667	146.188700	24.943633	147.813723	23.738634	149.780207	22.476120	152.138513	21.152607	154.956564	19.768802	158.326983	18.331323	162.377307	16.855363	167.284408	15.368754	173.292611	13.918090	180.730225	12.577135	190.002727	11.455475	201.504556	10.698095	215.352938	10.456486	230.962714	10.823951	246.919956	11.783008	261.662764	13.224791	-85.660844	15.012421	-75.097226
756.576720	29.301057	143.320145	28.242428	144.136398	27.163943	145.209269	26.053423	146.560187	24.900333	148.218038	23.696065	150.221369	22.434406	152.621676	21.112288	155.488331	19.730952	158.915714	18.297734	163.033487	16.828781	168.020722	15.353204	174.123188	13.919220	181.667522	12.602393	191.049022	11.513508	202.634376	10.796337	216.491180	10.596797	231.988454	10.999712	247.726753	11.981907	262.222581	13.434527	-85.307061	15.223801	-74.888316
756.993470	29.250007	143.608593	28.194569	144.450582	27.118277	145.550861	26.009198	146.931514	24.857051	148.622178	23.653516	150.662340	22.392710	153.104631	21.071985	156.019869	19.693119	159.504191	18.264160	163.689384	16.802210	168.756718	15.337661	174.953406	13.920349	182.604415	12.627641	192.094865	11.571517	203.763708	10.894536	217.628932	10.737046	233.013751	11.175396	248.533201	12.180719	262.782156	13.644173	-84.953432	15.435089	-74.679496
757.410220	29.200981	143.899509	28.148513	144.767120	27.074266	145.894769	25.966548	147.305182	24.815334	149.028765	23.612593	151.105910	22.352788	153.590396	21.033699	156.554431	19.657659	160.095874	18.233451	164.348448	16.779154	169.495273	15.326437	175.784320	13.926717	183.537539	12.658975	193.127826	11.635968	204.864903	10.998447	218.720331	10.880954	233.982637	11.352106	249.290337	12.378442	263.310472	13.851526	-84.613902	15.643562	-74.473571
757.826780	29.152009	144.190330	28.102507	145.083551	27.030302	146.238557	25.923942	147.678716	24.773661	149.435206	23.571715	151.549319	22.312913	154.075984	20.995461	157.088797	19.622254	160.687338	18.202801	165.007262	16.756163	170.233533	15.315287	176.614866	13.933165	184.470179	12.690391	194.160111	11.700493	205.965148	11.102402	219.810496	11.024855	234.950185	11.528753	250.046344	12.576057	263.838049	14.058747	-84.274751	15.851894	-74.267786
758.243290	29.104193	144.482491	28.057536	145.401251	26.987292	146.583584	25.882250	148.053502	24.732903	149.842945	23.531795	151.994108	22.274088	154.563047	20.958425	157.624740	19.588264	161.280423	18.173861	165.667578	16.735262	170.972800	15.306689	177.445086	13.942672	185.399543	12.725292	195.183497	11.768598	207.047717	11.209395	220.873490	11.170568	235.886417	11.705756	250.775866	12.772897	264.348999	14.264550	-83.943234	16.058521	-74.063744
758.659670	29.057210	144.775537	28.013312	145.719781	26.944970	146.929415	25.841219	148.429093	24.692804	150.251517	23.492568	152.439777	22.236021	155.051050	20.922252	158.161682	19.555289	161.874529	18.146144	166.328814	16.715852	171.712615	15.299911	178.274885	13.954354	186.326365	12.762666	196.200316	11.839236	208.117461	11.318526	221.916905	11.317537	236.800152	11.882973	251.486372	12.969142	264.847999	14.469295	-83.617225	16.263888	-73.860989
759.075930	29.010585	145.068902	27.969410	146.038605	26.902949	147.275527	25.800477	148.804963	24.652997	150.660370	23.453647	152.885741	22.198291	155.539364	20.886463	158.698946	19.522767	162.468936	18.118970	166.990275	16.697101	172.452438	15.293929	179.104190	13.966973	187.251676	12.801080	197.213804	11.910905	209.181246	11.428484	222.951806	11.464945	237.704578	12.060202	252.189234	13.165074	265.342205	14.673544	-83.293480	16.468676	-73.658835
759.492130	28.965512	145.364033	27.926903	146.359113	26.862224	147.623292	25.760983	149.182512	24.614449	151.070956	23.416055	153.333536	22.162029	156.029632	20.852359	159.238260	19.492238	163.065382	18.094202	167.653505	16.681283	173.193140	15.291503	179.932233	13.983804	188.171271	12.844201	198.213526	11.987273	210.219555	11.542268	223.949750	11.614488	238.568338	12.237683	252.858649	13.359830	265.815498	14.875801	-82.979501	16.671103	-73.459141
759.908140	28.920459	145.659028	27.884416	146.679474	26.821518	147.970897	25.721508	149.559890	24.575919	151.481355	23.378481	153.781126	22.125784	156.519676	20.818270	159.777329	19.461723	163.661556	18.069445	168.316432	16.665471	173.933504	15.289079	180.759899	14.000627	189.090446	12.887303	199.212791	12.063607	211.257391	11.656001	224.947239	11.763963	239.431704	12.415084	253.527759	13.554498	266.288575	15.077966	-82.665666	16.873438	-73.259537
760.324160	28.876815	145.955678	27.843201	147.001411	26.781999	148.320060	25.683187	149.938839	24.538562	151.893396	23.342155	154.230443	22.090926	157.011538	20.785782	160.318276	19.433105	164.259549	18.046981	168.980819	16.652448	174.674321	15.290018	181.585754	14.021385	190.003303	12.934720	200.198019	12.144129	212.270682	11.773015	225.910884	11.915153	240.259328	12.592547	254.168137	13.748001	266.743767	15.278262	-82.360328	17.073580	-73.062246
760.739990	28.833589	146.252658	27.802366	147.323645	26.742835	148.669501	25.645211	150.318058	24.501555	152.305710	23.306199	154.680041	22.056476	157.503687	20.753762	160.859503	19.405039	164.857780	18.025177	169.645312	16.640221	175.414923	15.291908	182.410714	14.043248	190.913946	12.983337	201.178813	12.225800	213.276552	11.890904	226.864496	12.066759	241.076445	12.769946	254.800080	13.941083	267.193683	15.477937	-82.057538	17.273007	-72.865701
761.155760	28.791016	146.550333	27.762123	147.646540	26.704226	149.019589	25.607779	150.697928	24.465103	152.718693	23.270838	155.130340	22.022691	157.996560	20.722511	161.401456	19.377886	165.456667	18.004475	170.310220	16.629327	176.155365	15.295391	183.234292	14.066948	191.820922	13.033924	202.152236	12.309321	214.270362	12.010171	227.802334	12.219009	241.877535	12.947253	255.419402	14.133537	267.635743	15.676674	-81.758553	17.471354	-72.670286
761.571410	28.749532	146.849151	27.722871	147.970525	26.666547	149.370738	25.571256	151.078866	24.429581	153.132770	23.236473	155.581786	21.990019	158.490620	20.692546	161.944593	19.352259	166.056618	17.985613	170.975789	16.620657	176.895507	15.301531	184.055527	14.093711	192.721733	13.087794	203.113312	12.395922	215.244003	12.131729	228.713807	12.372326	242.651843	13.124398	256.017634	14.324932	268.064674	15.873837	-81.465932	17.667888	-72.476766
761.986940	28.708060	147.147883	27.683629	148.294416	26.628879	149.721786	25.534744	151.459695	24.394068	153.546727	23.202118	156.033102	21.957356	158.984537	20.662590	162.487573	19.326639	166.656396	17.966757	171.641166	16.611989	177.635435	15.307670	184.876524	14.120466	193.622285	13.141648	204.074111	12.482499	216.217363	12.253253	229.625017	12.525599	243.425927	13.301491	256.615694	14.516271	268.493481	16.070944	-81.173394	17.864366	-72.283303
762.402400	28.668229	147.448376	27.645887	148.619990	26.592631	150.074493	25.499631	151.842203	24.360000	153.962414	23.169318	156.486202	21.926438	159.480293	20.634656	163.032347	19.303421	167.257700	17.950787	172.307327	16.606795	178.374459	15.317920	185.693215	14.151895	194.512406	13.200409	205.015063	12.573554	217.159710	12.377990	230.497323	12.680268	244.161702	13.478226	257.184021	14.705987	268.903734	16.265696	-80.890092	18.058144	-72.092877
762.817750	28.628462	147.748849	27.608204	148.945535	26.556439	150.427162	25.464573	152.224667	24.325988	154.378050	23.136577	156.939243	21.895586	159.975980	20.606795	163.577037	19.280287	167.858898	17.934915	172.973341	16.601714	179.113262	15.328301	186.509553	14.183467	195.401958	13.259313	205.955127	12.664730	218.100807	12.502800	231.368141	12.834943	244.896043	13.654903	257.751236	14.895602	269.313278	16.460320	-80.607163	18.251783	-71.902598
763.232970	28.589595	148.050204	27.571348	149.271915	26.521033	150.780646	25.430295	152.607939	24.292784	154.794508	23.104714	157.393126	21.865722	160.472504	20.580087	164.122499	19.258523	168.460651	17.920688	173.639385	16.598606	179.850984	15.340994	187.322697	14.217626	196.284674	13.320872	206.883049	12.758244	219.023928	12.629191	232.217364	12.990190	245.609764	13.831214	258.302689	15.084182	185.843795	16.653527	-80.329199	18.443823	-71.714040
763.648130	28.551430	148.352281	27.535135	149.598983	26.486238	151.134801	25.396623	152.991880	24.260210	155.211650	23.073534	157.847715	21.836630	160.969732	20.554277	164.668619	19.237829	169.062898	17.907748	174.305518	16.597039	180.587935	15.355496	188.133424	14.253813	197.162131	13.384512	207.801569	12.853596	219.933085	12.756831	233.049787	13.145900	246.307432	14.007256	258.841872	15.271973	36.778268	16.845643	-80.055090	18.634632	-71.526807
764.063170	28.513511	148.654522	27.499149	149.926196	26.451660	151.489092	25.363168	153.375951	24.227862	155.628918	23.042601	158.302420	21.807815	161.467062	20.528789	165.214803	19.217515	169.665123	17.895260	174.971454	16.596007	181.324343	15.370617	188.942983	14.290676	198.037407	13.448824	208.716513	12.949513	220.837246	12.884822	233.876466	13.301696	246.999762	14.183143	259.377018	15.459442	-89.505410	17.037341	-79.782319	18.824976	-71.340097
764.478090	28.476911	148.958077	27.464382	150.254651	26.418251	151.844600	25.330881	153.761247	24.196734	156.047427	23.012999	158.758378	21.780508	161.965617	20.505060	165.762064	19.199291	170.268022	17.885277	175.637164	16.597954	182.058703	15.389196	189.747112	14.331353	198.901688	13.516964	209.612761	13.048708	221.714785	13.014943	234.672257	13.458174	247.663289	14.358405	259.890387	15.645365	-89.129572	17.226958	-79.516627	19.012986	-71.156043
764.892880	28.440323	149.261536	27.429626	150.583004	26.384851	152.199997	25.298604	154.146423	24.165615	156.465806	22.983405	159.214194	21.753211	162.464016	20.481338	166.309153	19.181074	170.870731	17.875296	176.302666	16.599900	182.792832	15.407769	190.550989	14.372017	199.765699	13.585083	210.508728	13.147872	222.592049	13.145024	235.467798	13.614603	248.326607	14.533613	260.403596	15.831229	-88.753852	17.416515	-79.251020	19.200936	-70.972047
765.307620	28.404844	149.566076	27.395900	150.912391	26.352447	152.556403	25.267327	154.532604	24.135551	156.885200	22.954969	159.671020	21.727229	162.963373	20.459155	166.857030	19.164683	171.473820	17.867497	176.967656	16.604427	183.524719	15.429310	191.349540	14.415902	200.619500	13.656363	211.388045	13.249658	223.446513	13.276724	236.237737	13.771455	248.966601	14.708187	260.899291	16.015724	-88.389171	17.604276	-78.991248	19.386885	-70.790387
765.722230	28.369762	149.870909	27.362543	151.242050	26.320397	152.913062	25.236406	154.919029	24.105861	157.304833	22.926942	160.128074	21.701711	163.462928	20.437513	167.405034	19.148934	172.076876	17.860460	177.632287	16.609851	184.255625	15.451877	192.146020	14.460895	201.469514	13.728723	212.261329	13.352330	224.292808	13.408953	236.998556	13.928411	249.598303	14.882493	261.388756	16.199691	-88.028431	17.791360	-78.733578	19.572086	-70.609590
766.136720	28.335159	150.176124	27.329633	151.572059	26.288781	153.270057	25.205926	155.305781	24.076636	157.724783	22.899427	160.585426	21.676779	163.962737	20.416554	167.953185	19.133993	172.679849	17.854384	178.296382	16.616403	184.985155	15.475723	192.939689	14.507248	202.314550	13.802381	213.126935	13.456033	225.129040	13.541766	237.748452	14.085443	250.220253	15.056440	261.870961	16.382997	-87.672304	17.977607	-78.478407	19.756369	-70.429859
766.551150	28.301513	150.482248	27.297615	151.902928	26.258031	153.627890	25.176324	155.693367	24.048342	158.145562	22.872941	161.043585	21.653021	164.463283	20.396972	168.501880	19.120691	173.282921	17.850259	178.959681	16.625248	185.712209	15.502175	193.728002	14.556385	203.149848	13.878706	213.977334	13.561877	225.945209	13.675825	238.476500	14.242698	250.822674	15.229732	262.338636	16.565039	-87.325389	18.162238	-78.228197	19.938868	-70.252214
766.965450	28.267879	150.788276	27.265608	152.233692	26.227292	153.985610	25.146732	156.080832	24.020057	158.566209	22.846463	161.501599	21.629272	164.963673	20.377396	169.050403	19.107392	173.885804	17.846135	179.622772	16.634090	186.439036	15.528619	194.516067	14.605506	203.984883	13.955008	214.827465	13.667687	226.761121	13.809843	239.204319	14.399905	251.424906	15.402969	262.806165	16.747025	-86.978582	18.346810	-77.978066	20.121310	-70.074624
767.379640	28.235499	151.095445	27.234780	152.565545	26.197702	154.344383	25.118312	156.469323	23.993023	158.987868	22.821376	161.960582	21.607116	165.464891	20.359691	169.599423	19.096317	174.488504	17.844650	180.284338	16.646013	187.161905	15.558527	195.296138	14.658265	204.806020	14.034716	215.656691	13.776139	227.550384	13.945300	239.903902	14.557235	252.002358	15.575220	263.255357	16.927260	-86.643475	18.529191	-77.734368	20.301352	-69.899888
767.793700	28.203242	151.402629	27.204067	152.897401	26.168226	154.703147	25.090007	156.857795	23.966111	159.409497	22.796422	162.419519	21.585111	165.966039	20.342163	170.148329	19.085448	175.091013	17.843405	180.945572	16.658213	187.884204	15.588742	196.075255	14.711339	205.625655	14.114710	216.483775	13.884799	228.336994	14.080849	240.600714	14.714531	252.577390	15.747331	263.702751	17.107285	-86.309528	18.711320	-77.491325	20.481123	-69.725462
768.207700	28.171656	151.710383	27.173989	153.229792	26.139373	155.062430	25.062344	157.246775	23.939886	159.831610	22.772235	162.878899	21.563989	166.467529	20.325668	170.697371	19.075803	175.693228	17.843605	181.605716	16.672084	188.604009	15.620813	196.849620	14.766328	206.437377	14.196453	217.299381	13.994770	229.109422	14.217065	241.282875	14.871813	253.139737	15.918865	264.140769	17.286347	-85.981613	18.892263	-77.251686	20.659605	-69.552644
768.621580	28.140743	152.018659	27.144544	153.562666	26.111144	155.422176	25.035320	157.636202	23.914349	160.254142	22.748812	163.338654	21.543744	166.969287	20.310204	171.246468	19.067376	176.295064	17.845240	182.264681	16.687614	189.321232	15.654721	197.619152	14.823209	207.241127	14.279920	218.103471	14.106026	229.867657	14.353923	241.950390	15.029059	253.689409	16.089801	264.569414	17.464428	-85.659734	19.072003	-77.015462	20.836781	-69.381445
769.035400	28.109944	152.326989	27.115208	153.895586	26.083022	155.781960	25.008408	158.025662	23.888931	160.676698	22.725523	163.798420	21.523652	167.471031	20.294917	171.795504	19.059158	176.896753	17.847120	182.923346	16.703423	190.037897	15.688934	198.387734	14.880395	208.043397	14.363656	218.905522	14.217471	230.623469	14.490861	242.615469	15.186272	254.237001	16.260615	264.996524	17.642325	-85.338859	19.251524	-76.779823	21.013722	-69.210544
769.449040	28.080333	152.636247	27.087003	154.229378	26.056021	156.142563	24.982655	158.415904	23.864762	161.099995	22.703631	164.258816	21.505171	167.973191	20.281519	172.344504	19.053170	177.497540	17.851615	183.579536	16.722230	190.749409	15.726433	199.147013	14.940908	208.830762	14.450357	219.686683	14.331056	231.354244	14.628798	243.255255	15.343317	254.762988	16.430309	265.407716	17.818456	-85.028345	19.428906	-76.550167	21.188353	-69.042626
769.862610	28.050727	152.945452	27.058803	154.563113	26.029024	156.503105	24.956907	158.806080	23.840598	161.523220	22.681744	164.719135	21.486693	168.475267	20.268122	172.893410	19.047182	178.098225	17.856110	184.235615	16.741035	191.460800	15.763925	199.906163	15.001411	209.617995	14.537043	220.467711	14.444622	232.084895	14.766712	243.894933	15.500335	255.288887	16.599974	265.818837	17.994557	-84.717883	19.606259	-76.320550	21.362955	-68.874736
770.276060	28.021935	153.255272	27.031380	154.897416	26.002801	156.864187	24.931963	159.196759	23.817308	161.946896	22.660842	165.179813	21.469355	168.977509	20.256068	173.442116	19.042779	178.698027	17.862459	184.889596	16.761953	192.168085	15.803704	200.658176	15.064187	210.394160	14.625701	221.233707	14.559552	232.798013	14.905188	244.517268	15.657117	255.800150	16.768764	266.219208	18.169352	-84.414439	19.782058	-76.095039	21.535893	-68.708942
770.689450	27.993548	153.565396	27.004343	155.232003	25.976961	157.225538	24.907419	159.587687	23.794453	162.370795	22.640429	165.640669	21.452584	169.479833	20.244680	173.990720	19.039164	179.297391	17.869730	185.542532	16.783921	192.873326	15.844620	201.406638	15.128096	211.164819	14.715342	221.992223	14.675161	233.502409	15.043943	245.130976	15.813782	256.304133	16.937117	266.614229	18.343496	-84.114486	19.957084	-75.871572	21.708003	-68.544191
771.102720	27.965467	153.875678	26.977601	155.566722	25.951418	157.587003	24.883184	159.978712	23.771934	162.794762	22.620396	166.101544	21.436250	169.982088	20.233804	174.539095	19.036149	179.896238	17.877695	186.194461	16.806669	193.576779	15.886365	202.152177	15.192808	211.931152	14.805658	222.745067	14.791211	234.200376	15.182848	245.738449	15.970313	256.802898	17.105114	267.005402	18.517133	-83.817089	20.131518	-75.649651	21.879485	-68.380286
771.515870	27.938296	154.186619	26.951733	155.902041	25.926753	157.949026	24.859870	160.370257	23.750420	163.219184	22.601497	166.562744	21.421227	170.484430	20.224465	175.087097	19.034941	180.493873	17.887759	186.843734	16.831781	194.275243	15.930636	202.889323	15.259991	212.684866	14.898070	223.481211	14.908666	234.879329	15.322286	246.327441	16.126532	257.286188	17.272130	267.385178	18.689341	-83.527239	20.304266	-75.432274	22.049169	-68.218843
771.928890	27.911133	154.497462	26.925873	156.237254	25.902095	158.310935	24.836563	160.761679	23.728913	163.643472	22.582604	167.023800	21.406210	170.986613	20.215129	175.634928	19.033733	181.091320	17.897819	187.492802	16.856886	194.973487	15.974893	203.626238	15.327152	213.438342	14.990452	224.217123	15.026083	235.558068	15.461680	246.916249	16.282701	257.769327	17.439094	267.764834	18.861494	-83.237480	20.476960	-75.214965	22.218800	-68.057450
772.341860	27.884921	154.809008	26.900935	156.573125	25.878368	158.673463	24.814238	161.153665	23.708484	164.068241	22.564934	167.485180	21.392613	171.488829	20.207463	176.182243	19.034485	181.687276	17.910146	188.138730	16.884526	195.665976	16.021826	204.353710	15.396883	214.177941	15.084966	224.935133	15.144877	236.216855	15.601535	247.485970	16.438465	258.236632	17.604971	268.132833	19.032109	-82.955490	20.647858	-75.002406	22.386526	-67.898704
772.754700	27.858914	155.120609	26.876196	156.909036	25.854841	159.036014	24.792124	161.545653	23.688286	164.492987	22.547525	167.946494	21.379315	171.990907	20.200146	176.729293	19.035644	182.282749	17.922941	188.783818	16.912685	196.357069	16.069302	205.079008	15.467128	214.914440	15.179896	225.649212	15.263923	236.871304	15.741446	248.051559	16.594099	258.700510	17.770575	268.498301	19.202353	-82.675196	20.818334	-74.790896	22.553807	-67.740553
773.167420	27.833358	155.432450	26.851894	157.245159	25.831760	159.398744	24.770482	161.937786	23.668609	164.917821	22.530707	168.407804	21.366706	172.492808	20.193637	177.275861	19.037747	182.877222	17.936818	189.427050	16.942042	197.045005	16.118020	205.799362	15.538538	215.643948	15.275757	226.354547	15.383527	237.516248	15.881481	248.608208	16.749456	259.157013	17.935592	268.858344	19.371808	-82.398560	20.987905	-74.581669	22.720139	-67.583725
773.580080	27.808455	155.744728	26.828228	157.581686	25.809324	159.761837	24.749527	162.330240	23.649689	165.342905	22.514753	168.869239	21.355102	172.994592	20.188307	177.821879	19.041231	183.470396	17.952284	190.067744	16.973159	197.728511	16.168570	206.512677	15.611674	216.363420	15.373007	227.047271	15.503982	238.147454	16.021739	249.151921	16.904453	259.602844	18.099797	269.210544	19.540152	-82.127204	21.156199	-74.375727	22.885128	-67.428788
773.992610	27.783559	156.056908	26.804570	157.918106	25.786895	160.124815	24.728578	162.722571	23.630775	165.767855	22.498804	169.330528	21.343502	173.496217	20.182979	178.367724	19.044715	184.063382	17.967744	190.708237	17.004267	198.411802	16.219104	207.225767	15.684786	217.082667	15.470227	227.739777	15.624400	238.778460	16.161953	249.695463	17.059400	260.048535	18.263950	269.562632	19.708443	-81.855934	21.324440	-74.169849	23.050064	-67.273901
774.405030	27.759728	156.369752	26.781954	158.255124	25.765534	160.488326	24.708769	163.115347	23.613125	166.193111	22.484298	169.791879	21.333579	173.997468	20.179617	178.912429	19.050486	184.653918	17.985816	191.344153	17.038235	199.087339	16.272573	207.926893	15.760614	217.785287	15.569582	228.411870	15.746074	239.387649	16.302428	250.218706	17.213702	260.477605	18.426766	124.091611	19.874941	-81.593042	21.490638	-73.969310	23.212859	-67.122212
774.817320	27.735923	156.682512	26.759364	158.592047	25.744200	160.851735	24.688987	163.508009	23.595504	166.618241	22.469823	170.253088	21.323691	174.498556	20.176291	179.456945	19.056297	185.244226	18.003931	191.979788	17.072246	199.762525	16.326079	208.627583	15.836467	218.487386	15.668944	229.083382	15.867733	239.996252	16.442864	250.741416	17.367944	260.906239	18.589507	-23.993340	20.041354	-81.330385	21.656747	-73.768930	23.375565	-66.970629
775.229550	27.712697	156.995590	26.737345	158.929247	25.723453	161.215378	24.669836	163.900848	23.578586	167.043463	22.456153	170.714230	21.314740	174.999305	20.174063	180.000652	19.063383	185.832942	18.023489	192.612595	17.107823	200.433088	16.381169	209.321327	15.913756	219.180070	15.769400	229.743603	15.989995	240.593003	16.583366	251.253249	17.521773	261.325984	18.751470	-89.425273	20.206753	-81.072254	21.821712	-73.571486	23.537081	-66.820855
775.641660	27.689934	157.308866	26.715783	159.266608	25.703177	161.579144	24.651191	164.293760	23.562231	167.468684	22.443127	171.175238	21.306537	175.499696	20.172708	180.543622	19.071481	186.420288	18.044193	193.243040	17.144641	201.099855	16.437510	210.009424	15.992173	219.865143	15.870709	230.394725	16.112717	241.180223	16.723897	251.756338	17.675245	261.738585	18.912785	-89.097699	20.371317	-80.817770	21.985740	-73.376410	23.697625	-66.672546
776.053650	27.667309	157.622132	26.694358	159.603942	25.683043	161.942866	24.632698	164.686606	23.546045	167.893808	22.430293	171.636100	21.298555	175.999863	20.171610	181.086239	19.079873	187.007079	18.065224	193.872626	17.181807	201.765330	16.494193	210.695698	16.070887	220.547858	15.972229	231.043115	16.235532	241.764646	16.864397	252.256890	17.828578	262.149120	19.073880	-88.771669	20.535610	-80.564365	22.149469	-73.182055	23.857861	-66.524700
776.465580	27.645563	157.935888	26.673807	159.941702	25.663814	162.306950	24.615184	165.079723	23.530955	168.319045	22.418718	172.096818	21.292040	176.499433	20.172224	181.627481	19.090243	187.591220	18.088482	194.497599	17.221365	202.423378	16.553264	211.371037	16.151728	221.216056	16.075336	231.674429	16.359189	242.331439	17.004942	252.741399	17.981255	262.546605	19.233796	-88.455355	20.698382	-80.317714	22.311499	-72.992159	24.016339	-66.379686
776.877380	27.623825	158.249545	26.653262	160.279356	25.644592	162.670919	24.597676	165.472717	23.515871	168.744147	22.407146	172.557391	21.285527	176.998844	20.172838	182.168553	19.100610	188.175177	18.111733	195.122374	17.260911	203.081218	16.612316	212.046163	16.232543	221.884043	16.178411	232.305544	16.482808	242.898054	17.145443	253.225755	18.133883	262.943966	19.393661	-88.139141	20.861102	-80.071140	22.473477	-72.802323	24.174767	-66.234718
777.289060	27.602772	158.563476	26.633403	160.617234	25.626085	163.035047	24.580945	165.865777	23.501659	169.169174	22.396578	173.017649	21.280183	177.497537	20.174813	182.708233	19.112542	188.756671	18.136730	195.743060	17.302311	203.732717	16.673187	212.712231	16.314941	222.540306	16.282621	232.923156	16.606973	243.450954	17.285876	253.697762	18.285915	263.331304	19.552535	-87.830411	21.022582	-79.829823	22.634086	-72.616020	24.331787	-66.092054
777.700680	27.582011	158.877518	26.613835	160.955198	25.607882	163.399235	24.564544	166.258856	23.487818	169.594159	22.386436	173.477763	21.275335	177.995914	20.177366	183.247309	19.125137	189.337107	18.162467	196.361997	17.344497	204.381513	16.734828	213.374443	16.398009	223.191583	16.387310	233.535027	16.731367	243.998026	17.426279	254.164521	18.437689	263.714384	19.710985	-87.524861	21.183532	-79.590740	22.794110	-72.431219	24.488207	-65.950371
778.112180	27.561511	159.191596	26.594529	161.293172	25.589954	163.763398	24.548443	166.651870	23.474314	170.019012	22.376682	173.937639	21.270937	178.493879	20.180440	183.785693	19.138328	189.916410	18.188863	196.979155	17.387371	205.027664	16.797130	214.032993	16.481635	223.838251	16.492380	234.141708	16.855916	244.539910	17.566608	254.626649	18.589195	264.093716	19.869025	-87.222127	21.343983	-79.353658	22.953590	-72.247790	24.644074	-65.809606
778.523560	27.541697	159.505925	26.575913	161.631336	25.572749	164.127674	24.533134	167.044902	23.461702	170.443719	22.367957	174.397102	21.267737	178.990986	20.184909	184.322491	19.153113	190.492974	18.217024	197.591868	17.432101	205.667074	16.861226	214.682095	16.566791	224.472941	16.598516	234.734843	16.980940	245.068221	17.706808	255.076652	18.740060	264.463240	20.026048	-86.926752	21.503180	-79.121796	23.111698	-72.067927	24.798539	-65.671220
778.934810	27.521889	159.820154	26.557302	161.969392	25.555550	164.491835	24.517830	167.437810	23.449095	170.868291	22.359236	174.856420	21.264539	179.487936	20.189376	184.859119	19.167894	191.069355	18.245177	198.204388	17.476816	206.306283	16.925302	215.330992	16.651921	225.107431	16.704618	235.327791	17.105924	245.596364	17.846964	255.526514	18.890876	264.832648	20.183022	-86.631470	21.662328	-78.890006	23.269756	-71.888121	24.952956	-65.532878
779.346010	27.502848	160.134689	26.539468	162.307682	25.539173	164.856153	24.503428	167.830748	23.437511	171.292701	22.351696	175.315244	21.262719	179.983854	20.195442	185.393839	19.184497	191.642477	18.275336	198.811676	17.523618	206.937636	16.991371	215.969056	16.738723	225.728401	16.811861	235.905688	17.231390	246.109603	17.986947	255.963163	19.040968	265.191356	20.338870	-86.344247	21.820100	-78.663995	23.426318	-71.712324	25.105856	-65.397271
779.757080	27.483957	160.449188	26.521786	162.645917	25.522956	165.220392	24.489201	168.223578	23.426123	171.716956	22.344382	175.773841	21.261159	180.479433	20.201807	185.928043	19.201438	192.214818	18.305864	199.417800	17.570799	207.567326	17.057796	216.604892	16.825816	226.346643	16.919288	236.480582	17.356911	246.619884	18.126857	256.397197	19.190879	265.547943	20.494460	-86.058626	21.977567	-78.439137	23.582553	-71.537332	25.258425	-65.262219
780.168030	27.465437	160.763726	26.504482	162.984153	25.507140	165.584582	24.475416	168.616283	23.415236	172.140973	22.337644	176.232023	21.260269	180.974305	20.208944	186.461092	19.219251	192.785314	18.337340	200.021101	17.618951	208.192942	17.125129	217.235277	16.913648	226.958251	17.027190	237.048229	17.482594	247.123088	18.266623	256.824983	19.340393	265.899478	20.649471	-85.776836	22.134344	-78.217062	23.738047	-71.364309	25.410248	-65.128545
780.578920	27.447448	161.078408	26.487719	163.322484	25.491900	165.948801	24.462266	169.008915	23.405070	172.564766	22.331740	176.689735	21.260346	181.468294	20.217199	186.992616	19.238328	193.353304	18.370196	200.620488	17.668520	208.812844	17.193792	217.857956	17.002571	227.560442	17.135809	237.605560	17.608547	247.616205	18.406218	257.243861	19.489374	266.243809	20.803688	-85.500506	22.290169	-77.998946	23.892513	-71.194080	25.561035	-64.996825
780.989690	27.429463	161.392998	26.470962	163.660716	25.476664	166.312913	24.449120	169.401433	23.394906	172.988435	22.325837	177.147313	21.260424	181.962138	20.225451	187.523986	19.257400	193.921127	18.403042	201.219701	17.718074	209.432565	17.262435	218.480454	17.091469	228.162457	17.244397	238.162728	17.734463	248.109179	18.545773	257.662616	19.638312	266.588040	20.957859	-85.224257	22.445948	-77.780894	24.046934	-71.023901	25.711777	-64.865144
781.400330	27.412320	161.707781	26.455067	163.999048	25.462351	166.677001	24.436998	169.793760	23.385910	173.411641	22.321287	177.603989	21.262072	182.454384	20.235514	188.052653	19.278511	194.484587	18.438091	201.812249	17.769869	210.042727	17.333151	219.090300	17.182034	228.749260	17.354041	238.703483	17.860724	248.586266	18.684993	258.067457	19.786355	266.921019	21.110743	-84.956586	22.600202	-77.569120	24.199728	-70.858221	25.860891	-64.736663
781.810850	27.395203	162.022480	26.439198	164.337288	25.448066	167.040986	24.424906	170.185970	23.376946	173.834714	22.316772	178.060513	21.263760	182.946449	20.245620	188.581099	19.299668	195.047774	18.473188	202.404458	17.821706	210.652468	17.403901	219.699647	17.272616	229.335505	17.463681	239.243662	17.986959	249.062809	18.824164	258.471826	19.934334	267.253614	21.263551	-84.689212	22.754374	-77.357568	24.352436	-70.692703	26.009921	-64.608300
782.221310	27.378541	162.337248	26.423800	164.675545	25.434287	167.404924	24.413377	170.578029	23.368627	174.257479	22.313003	178.516469	21.266314	183.437541	20.256720	189.107939	19.321937	195.608430	18.509477	202.992862	17.874741	211.256846	17.475742	220.302009	17.364059	229.913492	17.573848	239.775060	18.113343	249.530931	18.963130	258.868842	20.081820	267.580258	21.415664	-84.426400	22.907733	-77.149393	24.504284	-70.529641	26.158094	-64.481717
782.631650	27.362271	162.652023	26.408806	165.013761	25.420943	167.768761	24.402333	170.969891	23.360859	174.679910	22.309871	178.971865	21.269606	183.927719	20.268665	189.633318	19.345152	196.166831	18.546780	203.577917	17.928789	211.856540	17.548504	220.898303	17.456222	230.484328	17.684449	240.298867	18.239836	249.991781	19.101898	259.259509	20.228860	267.901763	21.567158	-84.167530	23.060373	-76.944139	24.655371	-70.368704	26.305512	-64.356676
783.041870	27.346089	162.966723	26.393902	165.351887	25.407696	168.132487	24.391396	171.361615	23.353214	175.102160	22.306880	179.427021	21.273060	184.417567	20.280792	190.158235	19.368567	196.724584	18.584291	204.162078	17.983040	212.455049	17.621443	221.493127	17.548512	231.053486	17.795109	240.820930	18.366315	250.450984	19.240586	259.648746	20.375767	268.222108	21.718484	-83.909557	23.212824	-76.739557	24.806262	-70.208265	26.452738	-64.232004
783.452030	27.330639	163.281540	26.379761	165.690036	25.395274	168.496115	24.381384	171.753069	23.346627	175.523848	22.305117	179.881166	21.277937	184.905702	20.294550	190.680367	19.393796	197.277989	18.623734	204.739792	18.039212	213.044598	17.696107	222.076474	17.642138	231.609276	17.906563	241.328924	18.492989	250.896824	19.378911	260.026349	20.521868	268.533019	21.868698	-83.658846	23.363987	-76.540398	24.955800	-70.051817	26.598630	-64.110272
783.862060	27.315194	163.596258	26.365624	166.028078	25.382857	168.859627	24.371375	172.144398	23.340043	175.945402	22.303354	180.335167	21.282812	185.393682	20.308304	191.202333	19.419017	197.831219	18.663163	205.317322	18.095367	213.633960	17.770748	222.659636	17.735734	232.164890	18.017983	241.836757	18.619623	251.342523	19.517193	260.403832	20.667923	268.843833	22.018864	-83.408214	23.515102	-76.341302	25.105290	-69.895419	26.744476	-63.988578
784.271970	27.300277	163.910958	26.352038	166.366033	25.371040	169.222954	24.362041	172.535393	23.334234	176.366398	22.302490	180.788260	21.288726	185.880200	20.323240	191.722017	19.445545	198.380997	18.703969	205.889866	18.152870	214.216539	17.846580	223.234277	17.830226	232.710739	18.129903	242.334464	18.746331	251.778670	19.655160	260.773046	20.813357	269.147932	22.168201	-83.162787	23.665274	-76.146129	25.253800	-69.741950	26.889363	-63.869079
784.681820	27.285627	164.225649	26.338733	166.703946	25.359527	169.586188	24.353048	172.926219	23.328817	176.787111	22.302081	181.240892	21.295167	186.365978	20.338775	192.240546	19.472736	198.929025	18.745473	206.459882	18.211057	214.795679	17.923015	223.804600	17.925172	233.251638	18.242077	242.827040	18.873077	252.209977	19.792967	261.138069	20.958475	269.448628	22.317119	-82.919999	23.814968	-75.952946	25.401813	-69.589967	27.033765	-63.750691
785.091490	27.271156	164.540214	26.325614	167.041696	25.348219	169.949214	24.344284	173.316776	23.323661	177.207464	22.301973	181.693026	21.301952	186.851058	20.354698	192.758082	19.500348	199.475653	18.787411	207.027980	18.269659	215.372319	17.999803	224.371879	18.020364	233.789133	18.354360	243.316144	18.999790	252.638049	19.930615	261.500296	21.103336	236.810649	22.465713	-82.678988	23.964305	-75.761120	25.549459	-69.439011	27.177811	-63.633085
785.501160	27.257281	164.854818	26.313125	167.379397	25.337600	170.312070	24.336300	173.706992	23.319404	177.627211	22.302906	182.144122	21.309942	187.334453	20.371989	193.272957	19.529468	200.018252	18.830927	207.590276	18.329794	215.941148	18.077929	224.929443	18.116554	234.315616	18.467194	243.793932	19.126581	253.055526	20.067916	261.853356	21.247521	89.620417	22.613410	-82.443788	24.112626	-75.573719	25.696058	-69.291395	27.320843	-63.518015
785.910640	27.243413	165.169276	26.300642	167.716942	25.326987	170.674757	24.328320	174.097027	23.315149	178.046763	22.303839	182.595009	21.317929	187.817624	20.389273	193.787594	19.558574	200.560600	18.874423	208.152311	18.389902	216.509712	18.156020	225.486748	18.212699	234.841856	18.579977	244.271499	19.253313	253.472810	20.205153	262.206252	21.391639	-57.501549	22.761038	-82.208697	24.260879	-75.386405	25.842588	-69.143848	27.463809	-63.402999
786.320070	27.230139	165.483711	26.288788	168.054378	25.317065	171.037215	24.321123	174.486639	23.311796	178.465600	22.305821	183.044737	21.327122	188.298948	20.407922	194.299384	19.589171	201.098715	18.919464	208.708364	18.451493	217.070340	18.235388	226.034340	18.309775	235.357252	18.693254	244.738033	19.380084	253.879821	20.342027	262.550285	21.535085	-89.387547	22.907794	-81.979281	24.408155	-75.203456	25.988120	-68.999640	27.605817	-63.290556
786.729370	27.217033	165.798049	26.277113	168.391687	25.307340	171.399506	24.314148	174.876023	23.308697	178.884118	22.308094	183.494014	21.336650	188.779621	20.426947	194.810235	19.620175	201.635496	18.964924	209.262589	18.513480	217.628593	18.315090	226.579066	18.407084	235.869476	18.806636	245.201356	19.506830	254.283850	20.478760	262.891747	21.678303	-89.106044	23.054264	-81.751514	24.555116	-75.021776	26.133332	-68.856404	27.747518	-63.178863
787.138550	27.204179	166.112282	26.265706	168.728842	25.297910	171.761578	24.307508	175.265098	23.305985	179.302188	22.310814	183.942633	21.346689	189.259324	20.446546	195.319665	19.651800	202.170253	19.011018	209.814041	18.576065	218.183268	18.395293	227.119505	18.504738	236.376988	18.920177	245.659947	19.633544	254.683509	20.615295	263.229444	21.821198	-88.827620	23.200331	-81.526179	24.701636	-74.841984	26.278100	-68.714629	27.888797	-63.068307
787.547610	27.191813	166.426399	26.254819	169.065791	25.289056	172.123326	24.301522	175.653678	23.304028	179.719499	22.314408	184.390092	21.357733	189.737268	20.467271	195.826465	19.684645	202.701209	19.058363	210.360232	18.639835	218.731114	18.476495	227.651728	18.603096	236.875443	19.034059	246.109429	19.760232	255.074749	20.751484	263.559882	21.963504	-88.555126	23.345654	-81.305530	24.847337	-74.665826	26.422041	-68.575665	28.029291	-62.959943
787.956600	27.179449	166.740461	26.243934	169.402682	25.280203	172.485012	24.295536	176.042193	23.302071	180.136740	22.318001	184.837475	21.368774	190.215131	20.487993	196.333178	19.717485	203.232073	19.105700	210.906330	18.703594	219.278865	18.557683	228.183859	18.701437	237.373812	19.147921	246.558833	19.886898	255.465922	20.887649	263.890264	22.105786	-88.282680	23.490953	-81.084918	24.993014	-74.489698	26.565956	-68.436726	28.169762	-62.851596
788.365480	27.167731	167.054362	26.233742	169.739304	25.272121	172.846265	24.290429	176.430023	23.301128	180.552931	22.322769	185.283248	21.381162	190.690555	20.510223	196.836275	19.751949	203.757737	19.154688	211.445304	18.768900	219.817464	18.640159	228.705106	18.800673	237.860320	19.262208	246.996400	20.013516	255.846193	21.023362	264.211256	22.247315	-88.017927	23.635311	-80.870420	25.137666	-74.318358	26.708848	-68.301529	28.309275	-62.746203
788.774290	27.156091	167.368199	26.223633	170.075847	25.264131	173.207418	24.285427	176.817717	23.300306	180.968939	22.327676	185.728769	21.393708	191.165624	20.532629	197.338873	19.786601	204.282711	19.203866	211.983358	18.834380	220.354900	18.722777	229.224989	18.900003	238.345351	19.376530	247.432501	20.140112	256.225117	21.159003	264.531088	22.388736	-87.754124	23.779537	-80.656677	25.282177	-74.147610	26.851599	-68.166795	28.448656	-62.641175
789.182980	27.144769	167.681888	26.213868	170.412175	25.256525	173.568263	24.280862	177.204980	23.299989	181.384315	22.333166	186.173360	21.406919	191.639331	20.555775	197.839510	19.822042	204.804930	19.253837	212.517720	18.900593	220.887673	18.805991	229.739417	18.999731	238.824516	19.491020	247.862803	20.266651	256.598728	21.294396	264.846342	22.529770	-87.494085	23.923293	-80.445942	25.426182	-73.979236	26.993851	-68.033937	28.587575	-62.537642
789.591550	27.133839	167.995417	26.204526	170.748259	25.249390	173.928754	24.276836	177.591736	23.300294	181.798938	22.339374	186.616835	21.420950	192.111392	20.579833	198.337766	19.858459	205.323791	19.304789	213.047565	18.967712	221.414731	18.889947	230.247156	19.099959	239.296483	19.605726	248.285986	20.393128	256.965815	21.429494	265.155974	22.670337	-87.238666	24.066479	-80.238901	25.569573	-73.813778	27.135497	-67.903382	28.725935	-62.435945
790.000000	27.122913	168.308853	26.195187	171.084244	25.242258	174.289139	24.272812	177.978378	23.300600	182.213440	22.345581	187.060181	21.434977	192.583313	20.603884	198.835876	19.894865	205.842499	19.355726	213.577255	19.034811	221.941635	18.973879	230.754745	19.200157	239.768311	19.720398	248.709045	20.519569	257.332794	21.564552	265.465515	22.810863	-86.983322	24.209623	-80.031921	25.712923	-73.648369	27.277102	-67.772865	28.864254	-62.334278
790.408390	27.112671	168.622044	26.186591	171.419843	25.235960	174.648948	24.269746	178.364135	23.302017	182.626616	22.353074	187.501542	21.450471	193.052286	20.629562	199.329675	19.932999	206.355161	19.408391	214.098860	19.103495	222.458423	19.059096	231.250595	19.301214	240.227594	19.835441	249.119766	20.645908	257.688515	21.699115	265.765389	22.950612	-86.735964	24.351825	-79.831366	25.855273	-73.488075	27.417733	-67.646424	29.001694	-62.235892
790.816650	27.102432	168.935135	26.177998	171.755336	25.229664	175.008642	24.266681	178.749769	23.303434	183.039660	22.360564	187.942762	21.465960	193.521110	20.655231	199.823318	19.971121	206.867660	19.461040	214.620298	19.172157	222.975046	19.144286	231.746287	19.402239	240.686730	19.950447	249.530356	20.772207	258.044123	21.833636	266.065168	23.090317	-86.488685	24.493982	-79.630874	25.997578	-73.327832	27.558319	-67.520024	29.139089	-62.137536
791.224790	27.092564	169.248018	26.169810	172.090538	25.223825	175.367922	24.264140	179.134817	23.305457	183.451856	22.368755	188.382752	21.482243	193.988156	20.681776	200.314438	20.010166	207.376685	19.514600	215.137176	19.241642	223.486039	19.230130	232.235532	19.503684	241.139071	20.065614	249.934315	20.898419	258.393699	21.967868	266.359748	23.229592	-86.245703	24.635629	-79.433857	26.139348	-73.170377	27.698393	-67.395866	29.276030	-62.041001
791.632810	27.082998	169.560713	26.161952	172.425484	25.218359	175.726844	24.262026	179.519366	23.307974	183.863338	22.377516	188.821715	21.499173	194.453728	20.709034	200.803476	20.049961	207.882850	19.568900	215.650308	19.311796	223.992416	19.316503	232.719495	19.605467	241.585847	20.180905	250.332847	21.024554	258.738339	22.101857	266.650073	23.368509	-86.006236	24.776853	-79.239684	26.280675	-73.015203	27.838043	-67.273542	29.412593	-61.945955
792.040770	27.073499	169.873335	26.154169	172.760339	25.212976	176.085650	24.260008	179.903762	23.310602	184.274616	22.386404	189.260400	21.516244	194.918919	20.736446	201.291993	20.089918	208.388323	19.623357	216.162555	19.382086	224.497726	19.402979	233.202261	19.707312	242.031375	20.296212	250.730173	21.150660	259.081886	22.235784	266.939459	23.507339	-85.767551	24.917976	-79.046147	26.421899	-72.860543	27.977595	-67.151636	29.549069	-61.851250
792.448610	27.064600	170.185619	26.147044	173.094715	25.208337	176.443774	24.258847	180.287182	23.314224	184.684491	22.396435	189.697041	21.534610	195.381155	20.765278	201.776334	20.131360	208.888085	19.679271	216.667371	19.453683	224.993960	19.490484	233.674748	19.809814	242.466124	20.411769	251.117053	21.276638	259.415945	22.369274	267.220683	23.645522	-85.535655	25.058341	-78.858139	26.562341	-72.710354	28.116411	-67.033356	29.684910	-61.759521
792.856380	27.055702	170.497849	26.139920	173.429033	25.203699	176.801836	24.257687	180.670536	23.317845	185.094295	22.406464	190.133607	21.552973	195.843312	20.794105	202.260592	20.172795	209.387761	19.735176	217.172099	19.525267	225.490108	19.577974	234.147153	19.912299	242.900798	20.527306	251.503867	21.402594	259.749946	22.502742	267.501859	23.783681	-85.303799	25.198683	-78.670164	26.702758	-72.560190	28.255203	-66.915096	29.820727	-61.667808
793.263980	27.047226	170.809747	26.133261	173.762910	25.199588	177.159305	24.257135	181.053075	23.322170	185.502950	22.417302	190.568549	21.572248	196.303182	20.823925	202.741680	20.215261	209.883177	19.792080	217.671373	19.597733	225.979690	19.666144	234.612207	20.015200	243.327855	20.642978	251.883338	21.528426	260.077307	22.635882	267.777302	23.921375	-85.076718	25.338490	-78.486098	26.842633	-72.413211	28.393495	-66.799439	29.956123	-61.578239
793.671510	27.038978	171.121483	26.126855	174.096566	25.195764	177.516472	24.256915	181.435190	23.326878	185.911003	22.428581	191.002631	21.592019	196.761834	20.854288	203.221070	20.258290	210.376303	19.849530	218.167708	19.670682	226.465727	19.754688	235.073290	20.118332	243.750794	20.758729	252.258837	21.654197	260.401075	22.768851	268.049644	24.058824	-84.852221	25.478015	-78.304148	26.982221	-72.267955	28.531521	-66.685192	30.091297	-61.489832
794.078920	27.030855	171.433061	26.120586	174.430026	25.192097	177.873392	24.256874	181.816985	23.331794	186.318628	22.440097	191.436138	21.612056	197.219704	20.884936	203.699410	20.301612	210.868058	19.907259	218.662327	19.743871	226.949740	19.843408	235.532140	20.221562	244.171446	20.874495	252.632147	21.779909	260.722869	22.901702	268.320287	24.196119	-84.629146	25.617368	-78.123368	27.121638	-72.123658	28.669393	-66.571733	30.226342	-61.402079
794.486270	27.023241	171.744323	26.114884	174.763037	25.189077	178.229668	24.257583	182.197856	23.337580	186.724915	22.452613	191.867717	21.633217	197.674815	20.916806	204.173895	20.346199	211.354639	19.966210	219.150338	19.818134	227.425854	19.932958	235.982198	20.325309	244.583036	20.990448	252.996751	21.905511	261.036797	23.034211	268.584154	24.332920	-84.411747	25.756159	-77.947266	27.260497	-71.983196	28.806766	-66.461436	30.360994	-61.316956
794.893490	27.015629	172.055485	26.109184	175.095942	25.186058	178.585830	24.258291	182.578605	23.343364	187.131073	22.465124	192.299158	21.654371	198.129781	20.948666	204.648229	20.390772	211.841065	20.025142	219.638193	19.892373	227.901816	20.022478	236.432112	20.429023	244.994494	21.106365	253.361240	22.031072	261.350626	23.166677	268.847937	24.469678	-84.194417	25.894906	-77.771220	27.399312	-71.842780	28.944096	-66.351173	30.495603	-61.231859
795.300600	27.008485	172.366261	26.104005	175.428329	25.183635	178.941295	24.259689	182.958381	23.349947	187.535873	22.478551	192.728675	21.676549	198.582051	20.981630	205.118866	20.436476	212.322594	20.085156	220.119893	19.967552	228.370504	20.112712	236.874034	20.533170	245.397772	21.222423	253.717919	22.156518	261.657407	23.298831	269.105632	24.606000	-83.982207	26.033167	-77.599418	27.537652	-71.705868	29.081015	-66.243822	30.629905	-61.149198
795.707580	27.001507	172.676831	26.099012	175.760460	25.181423	179.296434	24.261330	183.337727	23.356810	187.940102	22.492298	193.157414	21.699083	199.033265	21.014979	205.588090	20.482571	212.802281	20.145539	220.599307	20.043046	228.836510	20.203177	237.313027	20.637446	245.798064	21.338506	254.071754	22.281894	261.961623	23.430846	269.361112	24.742137	-83.771858	26.171224	-77.429158	27.675793	-71.570229	29.217759	-66.137525	30.764067	-61.067417
796.114500	26.994702	172.987238	26.094212	176.092376	25.179433	179.651281	24.263229	183.716677	23.363972	188.343778	22.506386	193.585385	21.721998	199.483417	21.048735	206.055870	20.529080	213.280082	20.206315	221.076371	20.118878	229.299773	20.293893	237.749026	20.741870	246.195321	21.454632	254.422703	22.407223	262.263240	23.562743	228.394341	24.878118	-83.563405	26.309110	-77.260474	27.813771	-71.435901	29.354368	-66.032322	30.898136	-60.986555
796.521300	26.988334	173.297254	26.089904	176.423770	25.178008	180.005412	24.265785	184.094651	23.371895	188.746078	22.521343	194.011428	21.745884	199.930893	21.083534	206.520007	20.576651	213.753108	20.268097	221.547479	20.195576	229.756070	20.385259	238.177422	20.846680	246.584865	21.570876	254.766313	22.532437	262.558248	23.694353	82.193844	25.013706	-83.359775	26.446567	-77.095801	27.951345	-71.304909	29.490643	-65.929902	31.031980	-60.908033
796.928040	26.981967	173.607224	26.085597	176.755115	25.176584	180.359491	24.268341	184.472568	23.379817	189.148318	22.536298	194.437408	21.769766	200.378303	21.118327	206.984075	20.624216	214.226063	20.329870	222.018516	20.272263	230.212299	20.476611	238.605754	20.951475	246.974351	21.687103	255.109872	22.657633	262.853211	23.825943	-63.985090	25.149275	-83.156176	26.584005	-76.931152	28.088899	-71.173936	29.626899	-65.827497	31.165804	-60.829522
797.334590	26.976097	173.916667	26.081849	177.085769	25.175805	180.712659	24.271645	184.849242	23.388604	189.548854	22.552242	194.861039	21.794745	200.822482	21.154292	207.443816	20.672963	214.693417	20.392753	222.482667	20.349891	230.660565	20.568658	239.025493	21.056672	247.355165	21.803442	255.445214	22.782690	263.140787	23.957213	-89.649627	25.284419	-82.957996	26.720990	-76.771046	28.226039	-71.046756	29.762831	-65.728275	31.299435	-60.753703
797.741090	26.970332	174.225989	26.078222	177.416267	25.175165	181.065624	24.275110	185.225641	23.397578	189.949015	22.568398	195.284156	21.819959	201.265956	21.190507	207.902617	20.721964	215.159556	20.455872	222.945326	20.427720	231.107110	20.660853	239.443375	21.161954	247.734107	21.919802	255.778783	22.907713	263.426768	24.088411	-89.409945	25.419469	-82.760986	26.857875	-76.611919	28.363086	-70.920395	29.898690	-65.629738	31.433021	-60.678464
798.147460	26.964786	174.535030	26.074842	177.746413	25.174808	181.418129	24.278904	185.601430	23.406932	190.348355	22.584985	195.706155	21.845648	201.707927	21.227226	208.359431	20.771469	215.623160	20.519460	223.404908	20.505940	231.550134	20.753330	239.857489	21.267392	248.109280	22.036195	256.108798	23.032667	263.709553	24.219467	-89.173038	25.554338	-82.566335	26.994573	-76.454776	28.499967	-70.795701	30.034428	-65.532609	31.566546	-60.604419
798.553770	26.959620	174.843706	26.071892	178.076075	25.174949	181.769974	24.283277	185.976307	23.416955	190.746420	22.602335	196.126364	21.872184	202.147443	21.264845	208.812947	20.821880	216.082510	20.583894	223.859279	20.584880	231.987164	20.846341	240.265163	21.373149	248.477994	22.152696	256.432713	23.157553	263.986846	24.350327	-88.940902	25.688946	-82.375740	27.130997	-76.301048	28.636614	-70.673881	30.170009	-65.437911	31.700020	-60.532436
798.959960	26.954456	175.152290	26.068944	178.405639	25.175090	182.121714	24.287649	186.351074	23.426975	191.144367	22.619679	196.546450	21.898712	202.586830	21.302453	209.266328	20.872275	216.541723	20.648309	224.313516	20.663797	232.424066	20.939324	240.672717	21.478874	248.846600	22.269162	256.756532	23.282401	264.264056	24.481149	-88.708835	25.823514	-82.185202	27.267381	-76.147366	28.773220	-70.552097	30.305550	-65.343240	31.833454	-60.460475
799.366030	26.949825	175.460309	26.066602	178.734447	25.175935	182.472435	24.292839	186.724456	23.437942	191.540408	22.638097	196.963910	21.926423	203.022629	21.341312	209.714934	20.923922	216.994847	20.713886	224.760374	20.743692	232.852566	21.033029	241.071325	21.585028	249.206261	22.385776	257.071922	23.407163	264.533678	24.611726	-88.483362	25.957757	-82.000295	27.403440	-75.998447	28.909567	-70.434345	30.440951	-65.251993	31.966906	-60.391436
799.771970	26.945254	175.768176	26.064328	179.063078	25.176856	182.822944	24.298116	187.097579	23.449008	191.936128	22.656627	197.380962	21.954256	203.457911	21.380298	210.162889	20.975690	217.447175	20.779571	225.206297	20.823670	233.280024	21.126785	241.468841	21.691198	249.564840	22.502371	257.386300	23.531880	264.802393	24.742239	-88.258676	26.091927	-81.816056	27.539425	-75.850091	29.045847	-70.317068	30.576297	-65.161147	32.100322	-60.322736
800.177860	26.940935	176.075741	26.062343	179.391316	25.178113	183.172934	24.303785	187.469994	23.460527	192.330876	22.675669	197.796687	21.982651	203.891399	21.419874	210.608490	21.028045	217.896522	20.845797	225.648643	20.904100	233.703446	21.220869	241.862085	21.797560	249.919185	22.619030	257.696699	23.656556	265.067536	24.872643	-88.037112	26.225958	-81.634490	27.675278	-75.704008	29.182033	-70.201721	30.711612	-65.071946	32.233789	-60.255444
800.583620	26.936940	176.382866	26.060728	179.718996	25.179800	183.522204	24.309954	187.841441	23.472622	192.724315	22.695364	198.210645	22.011762	204.322519	21.460202	211.051002	21.081144	218.341976	20.912703	226.086332	20.985093	234.121626	21.315359	242.249791	21.904150	250.268046	22.735751	258.001948	23.781160	265.328057	25.002886	-87.819586	26.359789	-81.456378	27.810940	-75.560863	29.318077	-70.088864	30.846867	-64.984870	32.367301	-60.189967
800.989260	26.932946	176.689900	26.059114	180.046579	25.181485	183.871370	24.316121	188.212778	23.484713	193.117638	22.715053	198.624480	22.040863	204.753512	21.500518	211.493383	21.134228	218.787297	20.979590	226.523892	21.066063	234.539682	21.409820	242.637382	22.010710	250.616804	22.852437	258.307106	23.905727	265.588502	25.133091	-87.602125	26.493582	-81.278319	27.946562	-75.417760	29.454081	-69.976040	30.982082	-64.897820	32.500773	-60.124509
801.394780	26.929511	176.996264	26.058142	180.373282	25.183919	184.219349	24.323159	188.582512	23.497810	193.508772	22.735877	199.035325	22.071208	205.180479	21.542134	211.930490	21.188597	219.226005	21.047654	226.953581	21.148013	234.948916	21.505000	243.015714	22.117699	250.956399	22.969286	258.603681	24.030248	265.841208	25.263116	-87.391417	26.627147	-81.106073	28.081987	-75.279621	29.589985	-69.867461	31.117348	-64.814404	32.634484	-60.062173
801.800230	26.926092	177.302560	26.057189	180.699908	25.186373	184.567238	24.330221	188.952141	23.510932	193.899783	22.756728	199.446021	22.101582	205.607268	21.583779	212.367381	21.242992	219.664461	21.115740	227.382986	21.229977	235.357843	21.600183	243.393733	22.224683	251.295688	23.086120	258.899972	24.154747	266.093661	25.393115	-87.180928	26.760684	-80.934012	28.217384	-75.141639	29.725865	-69.759015	31.252594	-64.731101	32.768180	-59.999932
802.205570	26.922961	177.608444	26.056566	181.026009	25.189213	184.914443	24.337732	189.320861	23.524570	194.289564	22.778162	199.855066	22.132588	206.031869	21.626083	212.801449	21.298032	220.099413	21.184411	227.808266	21.312422	235.762195	21.695713	243.766975	22.331869	251.630281	23.203027	259.191868	24.279219	266.342169	25.523027	-86.973899	26.894117	-80.764936	28.352701	-75.006217	29.861721	-69.652764	31.387901	-64.649683	32.902041	-59.939311
802.610840	26.920108	177.913955	26.056265	181.351630	25.192428	185.261015	24.345680	189.688731	23.538712	194.678187	22.800163	200.262544	22.164213	206.454386	21.669030	213.232815	21.353702	220.531002	21.253657	228.229577	21.395342	236.162141	21.791589	244.135611	22.439263	251.960342	23.320016	259.479520	24.403675	266.586867	25.652867	-86.770212	27.027462	-80.598743	28.487952	-74.873269	29.997568	-69.548636	31.523279	-64.570089	33.036074	-59.880260
803.015990	26.917277	178.219348	26.055989	181.677119	25.195672	185.607437	24.353660	190.056425	23.552890	195.066604	22.822202	200.669778	22.195877	206.876613	21.712016	213.663841	21.409407	220.962200	21.322928	228.650453	21.478275	236.561625	21.887465	244.503782	22.546642	252.289956	23.436978	259.766759	24.528096	266.831198	25.782667	-86.566845	27.160764	-80.432823	28.623162	-74.740553	30.133379	-69.444705	31.658629	-64.490663	33.170089	-59.821349
803.421020	26.914982	178.524005	26.056332	182.001645	25.199640	185.952593	24.362485	190.422409	23.568041	195.452716	22.845334	201.073906	22.228727	207.294715	21.756231	214.089562	21.466312	221.386858	21.393286	229.063666	21.562105	236.952657	21.983994	244.863177	22.654419	252.610972	23.554110	260.045959	24.652519	267.068285	25.912375	-86.369830	27.293962	-80.272405	28.758329	-74.612578	30.269266	-69.344860	31.794228	-64.414760	33.304556	-59.765473
803.825930	26.912687	178.828571	26.056676	182.326074	25.203607	186.297646	24.371307	190.788283	23.583188	195.838714	22.868460	201.477914	22.261568	207.712692	21.800434	214.515157	21.523201	221.811390	21.463624	229.476756	21.645910	237.343573	22.080494	245.222466	22.762164	252.931892	23.671208	260.325076	24.776906	267.305303	26.042045	-86.172874	27.427121	-80.112034	28.893455	-74.484642	30.405114	-69.245044	31.929787	-64.338880	33.438983	-59.709614
804.230770	26.910707	179.132683	26.057385	182.649920	25.208002	186.641922	24.380627	191.153123	23.598907	196.223311	22.892228	201.880042	22.295105	208.128196	21.845355	214.937591	21.580787	222.232047	21.534591	229.885345	21.730234	237.729551	22.177373	245.576660	22.870145	253.247834	23.788418	260.599553	24.901316	267.538138	26.171695	-85.979600	27.560260	-79.954866	29.028607	-74.359475	30.541067	-69.147620	32.065560	-64.265071	33.573750	-59.655541
804.635440	26.908964	179.436364	26.058369	182.973231	25.212718	186.985511	24.390322	191.517076	23.615054	196.606740	22.916473	202.280636	22.329156	208.541715	21.890803	215.357519	21.638883	222.649659	21.606013	230.290423	21.814923	238.111696	22.274511	245.926912	22.978274	253.559932	23.905679	260.870453	25.025709	267.767753	26.301293	-85.789158	27.693347	-79.800157	29.163738	-74.236433	30.677060	-69.052029	32.201454	-64.192844	33.708735	-59.602830
805.040100	26.907275	179.739963	26.059418	183.296434	25.217510	187.328959	24.400103	191.880840	23.631302	196.989917	22.940831	202.680896	22.363328	208.954794	21.936375	215.776889	21.697099	223.066595	21.677541	230.694720	21.899700	238.492993	22.371713	246.276292	23.086445	253.871180	24.022962	261.140562	25.150109	267.996654	26.430892	-85.599346	27.826437	-79.645997	29.298882	-74.113869	30.813081	-68.956852	32.337396	-64.120977	33.843792	-59.550430
805.444580	26.906088	180.042743	26.061049	183.618588	25.222982	187.671047	24.410679	192.242809	23.648455	197.370721	22.966200	203.078019	22.398587	209.363792	21.983061	216.191096	21.756388	223.477283	21.750030	231.091837	21.985261	238.866502	22.469485	246.617677	23.194969	254.174638	24.140416	261.403422	25.274554	268.219014	26.560481	-85.415304	27.959534	-79.496869	29.434112	-73.995671	30.949327	-68.865465	32.473742	-64.052391	33.979465	-59.500860
805.849000	26.904900	180.345478	26.062679	183.940693	25.228454	188.013085	24.421252	192.604723	23.665606	197.751469	22.991565	203.475083	22.433839	209.772728	22.029740	216.605241	21.815667	223.887911	21.822508	231.488895	22.070810	239.239957	22.567243	246.959011	23.303478	254.478052	24.257851	261.666243	25.398980	268.441342	26.690050	-85.231289	28.092611	-79.347763	29.569322	-73.877491	31.085552	-68.774091	32.610068	-63.983815	34.115119	-59.451298
806.253300	26.904058	180.647632	26.064712	184.262065	25.234397	188.354171	24.432373	192.965387	23.683385	198.130551	23.017628	203.869947	22.469840	210.178816	22.077182	217.015816	21.875681	224.294239	21.895640	231.881038	22.156894	239.608090	22.665395	247.294914	23.412241	254.776204	24.375428	261.924163	25.523473	268.659251	26.819658	-85.051187	28.225748	-79.202084	29.704660	-73.762296	31.222009	-68.685315	32.746759	-63.917496	34.251288	-59.403681
806.657470	26.903420	180.949397	26.066985	184.582954	25.240621	188.694640	24.443820	193.325252	23.701535	198.508584	23.044102	204.263441	22.506281	210.583146	22.125071	217.424204	21.936123	224.697947	21.969153	232.270198	22.243286	239.973000	22.763767	247.627533	23.521141	255.071179	24.493071	262.179125	25.647986	268.874497	26.949269	-84.873444	28.358901	-79.058466	29.840055	-73.648894	31.358583	-68.598100	32.883646	-63.852531	34.387745	-59.357230
807.061580	26.902866	181.250995	26.069354	184.903635	25.246958	189.034846	24.455397	193.684776	23.719835	198.886175	23.070741	204.656363	22.542899	210.986746	22.173139	217.831688	21.996735	225.100581	22.042816	232.658141	22.329798	240.336611	22.862227	247.958836	23.630095	255.364879	24.610743	262.432903	25.772513	269.088673	27.078890	-84.696647	28.492072	-78.915678	29.975484	-73.536217	31.495220	-68.511515	33.020630	-63.788114	34.524338	-59.311251
807.465580	26.902772	181.551838	26.072264	185.223341	25.253929	189.373773	24.467714	194.042603	23.738978	199.261510	23.098318	205.046320	22.580518	211.386511	22.222227	218.234369	22.058326	225.497467	22.117354	233.039542	22.417030	240.693206	22.961228	248.283005	23.739416	255.651654	24.728641	262.680237	25.897181	269.297023	27.208633	-84.525011	28.625408	-78.777423	30.111182	-73.427506	31.632279	-68.428392	33.158227	-63.726707	34.661759	-59.267869
807.869450	26.902677	181.852584	26.075173	185.542944	25.260898	189.712591	24.480027	194.400315	23.758115	199.636724	23.125887	205.436152	22.618125	211.786148	22.271299	218.636920	22.119896	225.894225	22.191868	233.420820	22.504233	241.049686	23.060197	248.607070	23.848701	255.938337	24.846502	262.927492	26.021810	269.505305	27.338334	-84.353429	28.758701	-78.639212	30.246836	-73.318829	31.769293	-68.345297	33.295780	-63.665320	34.799137	-59.224502
808.273250	26.902946	182.152710	26.078508	185.861750	25.268369	190.050366	24.492924	194.756648	23.777919	200.010113	23.154193	205.823581	22.656518	212.182700	22.321170	219.035637	22.182231	226.286420	22.267062	233.796953	22.591999	241.400659	23.159591	248.925550	23.958285	256.219624	24.964562	263.169733	26.146584	171.339055	27.468177	-84.185882	28.892183	-78.504553	30.382772	-73.213269	31.906721	-68.264925	33.433906	-63.606305	34.937266	-59.183176
808.676940	26.903387	182.452484	26.082046	186.180114	25.276079	190.387579	24.506098	195.112255	23.798037	200.382561	23.182847	206.209790	22.695281	212.577705	22.371413	219.432446	22.244918	226.676361	22.342568	234.170559	22.680018	241.748935	23.259171	249.241302	24.067991	256.498282	25.082695	263.409535	26.271403	26.212201	27.598062	-84.020294	29.025730	-78.371614	30.518815	-73.109217	32.044319	-68.185869	33.572279	-63.548434	35.075728	-59.142832
809.080510	26.903935	182.751996	26.085709	186.498160	25.283934	190.724396	24.519440	195.467359	23.818346	200.754369	23.211711	206.595187	22.734264	212.971695	22.421877	219.828027	22.307812	227.064871	22.418253	234.542570	22.768179	242.095528	23.358853	249.555364	24.177762	256.775319	25.200866	263.647830	26.396246	-89.889212	27.727972	-83.855914	29.159317	-78.239741	30.654930	-73.006098	32.182029	-68.107629	33.710813	-63.491269	35.214407	-59.103093
809.483950	26.904910	183.050723	26.089875	186.815207	25.292381	191.059917	24.533472	195.820757	23.839440	201.123938	23.241441	206.977666	22.774167	213.361961	22.473268	220.219026	22.371590	227.447978	22.494726	234.908514	22.856990	242.435672	23.459033	249.862924	24.287891	257.046097	25.319291	263.880293	26.521292	-89.694304	27.858095	-83.696236	29.293185	-78.112022	30.791446	-72.906629	32.320306	-68.032591	33.850116	-63.436890	35.354076	-59.065746
809.887330	26.905886	183.349405	26.094041	187.132206	25.300827	191.395388	24.547501	196.174102	23.860530	201.493453	23.271166	207.360088	22.814063	213.752169	22.524653	220.609967	22.435359	227.831028	22.571188	235.274404	22.945788	242.775765	23.559197	250.170439	24.398003	257.316835	25.437699	264.112722	26.646320	-89.499425	27.988198	-83.536583	29.427032	-77.984322	30.927943	-72.807175	32.458564	-67.957563	33.989398	-63.382519	35.493724	-59.028405
810.290590	26.907242	183.647359	26.098659	187.448278	25.309805	191.729655	24.562148	196.525875	23.882322	201.860902	23.301663	207.739837	22.854777	214.138998	22.576859	220.996765	22.499909	228.209219	22.648344	235.634890	23.035162	243.110152	23.659809	250.472213	24.508447	257.582038	25.556358	264.340018	26.771566	-89.309204	28.118540	-83.381087	29.561192	-77.860306	31.064872	-72.710970	32.597413	-67.885383	34.129461	-63.330627	35.634362	-58.993184
810.693730	26.908746	183.944978	26.103450	187.763932	25.318988	192.063394	24.577032	196.876973	23.904381	202.227484	23.332454	208.118482	22.895799	214.524446	22.629374	221.381887	22.564750	228.585458	22.725754	235.993217	23.124742	243.442268	23.760576	250.771707	24.619000	257.845049	25.675093	264.565283	26.896875	-89.120822	28.248951	-83.227230	29.695449	-77.737739	31.201943	-72.616041	32.736466	-67.814318	34.269801	-63.279706	35.775357	-58.958792
811.096800	26.910378	184.242323	26.108392	188.079243	25.328347	192.396698	24.592120	197.227510	23.926672	202.593340	23.363499	208.496197	22.937088	214.908729	22.682157	221.765596	22.629843	228.960060	22.803387	236.349730	23.214506	243.772480	23.861487	251.069298	24.729661	258.106235	25.793912	264.788855	27.022261	-88.933980	28.379450	-83.074750	29.829821	-77.616392	31.339175	-72.522189	32.875735	-67.744201	34.410424	-63.229606	35.916707	-58.925099
811.499760	26.912413	184.538886	26.113811	188.393558	25.338269	192.728714	24.607862	197.576368	23.949703	202.956997	23.395357	208.871076	22.979233	215.289431	22.735800	222.144939	22.695750	229.329583	22.881748	236.700605	23.304879	244.096761	23.962878	251.360948	24.840693	258.361725	25.913032	265.007133	27.147926	-88.751951	28.510265	-82.926579	29.964598	-77.498872	31.476949	-72.431721	33.015729	-67.677061	34.551979	-63.182092	36.059217	-58.893610
811.902590	26.914448	184.835353	26.119229	188.707771	25.348188	193.060624	24.623598	197.925113	23.972727	203.320538	23.427205	209.245834	23.021365	215.670010	22.789426	222.524159	22.761637	229.698988	22.960084	237.051366	23.395222	244.420938	24.064237	251.652505	24.951690	258.617133	26.032113	265.225341	27.273550	-88.569981	28.641036	-82.778456	30.099332	-77.381391	31.614679	-72.341282	33.155677	-67.609942	34.693488	-63.134594	36.201680	-58.862131
812.305300	26.916891	185.131015	26.125129	189.020959	25.358674	193.391209	24.639991	198.272129	23.996493	203.681836	23.459864	209.617709	23.064350	216.046972	22.843905	222.899014	22.828333	230.063330	23.039143	237.396558	23.486175	244.739279	24.166089	251.938235	25.063082	258.866949	26.151532	265.438331	27.399504	-88.392745	28.772184	-82.634586	30.234541	-77.267696	31.753034	-72.254193	33.296439	-67.545769	34.836031	-63.089655	36.345413	-58.832826
812.707950	26.919463	185.426404	26.131183	189.333803	25.369340	193.721354	24.656592	198.618574	24.020494	204.042401	23.492780	209.988644	23.107605	216.422761	22.898654	223.272455	22.895283	230.426038	23.118427	237.739956	23.577319	245.055742	24.268092	252.222092	25.174594	259.114968	26.271051	265.649646	27.525555	-88.217028	28.903444	-82.492080	30.369896	-77.155215	31.891582	-72.168178	33.437453	-67.482538	34.978897	-63.045536	36.489542	-58.804215
813.110470	26.922181	185.721417	26.137409	189.646187	25.380209	194.050923	24.673425	198.964293	24.044756	204.402043	23.525979	210.358425	23.151154	216.797137	22.953693	223.644217	22.962505	230.786832	23.197949	238.081269	23.668658	245.370042	24.370249	252.503801	25.286226	259.360935	26.390671	265.859066	27.651708	-88.043040	29.034826	-82.351123	30.505412	-77.044114	32.030349	-72.083383	33.578760	-67.420378	35.122136	-63.002340	36.634134	-58.776380
813.512940	26.925287	186.015647	26.144095	189.957583	25.391618	194.379207	24.690885	199.308341	24.069725	204.759510	23.559950	210.725430	23.195512	217.168054	23.009541	224.011811	23.030493	231.142831	23.278156	238.417322	23.760581	245.678859	24.472887	252.780038	25.398258	259.601658	26.510646	266.063630	27.778221	-87.873493	29.166627	-82.214156	30.641456	-76.936575	32.169799	-72.001751	33.720939	-67.360998	35.266468	-62.961553	36.780056	-58.750576
813.915220	26.928391	186.309739	26.150779	190.268832	25.403023	194.707336	24.708337	199.652227	24.094681	205.116808	23.593905	211.092262	23.239849	217.538795	23.065363	224.379232	23.098448	231.498663	23.358325	238.753216	23.852461	245.987530	24.575476	253.056145	25.510237	259.842267	26.630565	266.268097	27.904674	-87.704027	29.298364	-82.077253	30.777435	-76.829088	32.309183	-71.920158	33.863052	-67.301647	35.410732	-62.920785	36.925908	-58.724785
814.317440	26.931912	186.602998	26.157957	190.579007	25.415011	195.034075	24.726465	199.994299	24.120402	205.471757	23.628692	211.456084	23.285057	217.905790	23.122054	224.742160	23.167229	231.849346	23.439238	239.083499	23.944981	246.290362	24.678608	253.326456	25.622681	260.077318	26.750918	266.467380	28.031582	-87.539279	29.430634	-81.944609	30.914080	-76.725406	32.449412	-71.841945	34.006232	-67.245272	35.556313	-62.882588	37.073344	-58.701143
814.719540	26.935543	186.895959	26.165266	190.888816	25.427153	195.360358	24.744769	200.335798	24.146319	205.825987	23.663691	211.819008	23.330487	218.271690	23.178963	225.103796	23.236212	232.198564	23.520329	239.412199	24.037648	246.591556	24.781857	253.595151	25.735222	260.310826	26.871355	266.665227	28.158579	-87.375834	29.563012	-81.813137	31.050868	-76.622767	32.589831	-71.764656	34.149660	-67.189705	35.702209	-62.845088	37.221165	-58.678081
815.121580	26.939334	187.188563	26.172765	191.198174	25.439517	195.686065	24.763331	200.676558	24.172526	206.179267	23.699005	212.180732	23.376243	218.636114	23.236198	225.463683	23.305503	232.545794	23.601697	239.738743	24.130556	246.890521	24.885310	253.861635	25.847941	260.542224	26.991964	266.861111	28.285760	-87.214182	29.695608	-81.683282	31.187928	-76.521578	32.730598	-71.688654	34.293525	-67.135268	35.848643	-62.808560	37.369629	-58.655824
815.523500	26.943491	187.480356	26.180702	191.506508	25.452397	196.010460	24.782488	201.015629	24.199400	206.530371	23.735046	212.539704	23.422757	218.997153	23.294186	225.819551	23.375507	232.888459	23.683707	240.060329	24.224020	247.184356	24.989239	254.123034	25.961079	260.768770	27.112972	267.052480	28.413369	-87.056658	29.828714	-81.557151	31.325626	-76.423726	32.872175	-71.615618	34.438407	-67.083433	35.996323	-62.774271	37.519584	-58.635423
815.925290	26.947647	187.772055	26.188636	191.814741	25.465273	196.334751	24.801638	201.354591	24.226266	206.881361	23.771076	212.898559	23.469255	219.358075	23.352155	226.175305	23.445488	233.231013	23.765691	240.381812	24.317454	247.478096	25.093134	254.384348	26.074181	260.995243	27.233942	267.243786	28.540937	-86.899185	29.961777	-81.431061	31.463278	-76.325905	33.013707	-71.542606	34.583241	-67.031615	36.143955	-62.739994	37.669491	-58.615029
816.326970	26.952233	188.062821	26.197082	192.121788	25.478752	196.657510	24.821485	201.691568	24.253915	207.229810	23.807952	213.254209	23.516636	219.715057	23.411002	226.526396	23.516300	233.568284	23.848429	240.697588	24.411551	247.765969	25.197609	254.639853	26.187809	261.216166	27.355431	267.429921	28.669075	-86.746447	30.095517	-81.309257	31.601774	-76.231928	33.156293	-71.473009	34.729385	-66.982798	36.293178	-62.708284	37.821283	-58.596739
816.728580	26.956916	188.353341	26.205645	192.428529	25.492368	196.979884	24.841488	202.028055	24.281739	207.577640	23.845018	213.609086	23.564214	220.071098	23.470043	226.876383	23.587295	233.904312	23.931331	241.012026	24.505788	248.052469	25.302205	254.894003	26.301544	261.435796	27.477026	267.614855	28.797329	-86.594807	30.229398	-81.188445	31.740447	-76.138840	33.299103	-71.404200	34.875811	-66.934671	36.442747	-62.677164	37.973490	-58.578932
817.130070	26.961772	188.643421	26.214413	192.734724	25.506225	197.301572	24.861768	202.363673	24.309871	207.924374	23.882416	213.962605	23.612136	220.425494	23.529423	227.224446	23.658609	234.238182	24.014520	241.324160	24.600278	248.336601	25.407022	255.145824	26.415483	261.653202	27.598826	267.797720	28.925812	-86.445059	30.363554	-81.069344	31.879465	-76.047286	33.442348	-71.336756	35.022777	-66.887736	36.592974	-62.647057	38.126475	-58.561945
817.531430	26.966992	188.932670	26.223612	193.039872	25.520587	197.621927	24.882630	202.697580	24.338654	208.268925	23.920518	214.313397	23.660787	220.776561	23.589528	227.568599	23.730610	234.567656	24.098334	241.631580	24.695323	248.615879	25.512333	255.392865	26.529881	261.866032	27.721090	267.976328	29.054810	-86.299210	30.498326	-80.953776	32.019244	-75.958903	33.586544	-71.272139	35.170914	-66.843274	36.744617	-62.619056	38.281131	-58.546660
817.932740	26.972210	189.221883	26.232810	193.344981	25.534948	197.942241	24.903490	203.031446	24.367434	208.613433	23.958615	214.664145	23.709432	221.127585	23.649625	227.912710	23.802603	234.897088	24.182138	241.938961	24.790356	248.895123	25.617631	255.639875	26.644264	262.078836	27.843338	268.154914	29.183792	-86.153378	30.633081	-80.838222	32.159006	-75.870532	33.730723	-71.207530	35.319032	-66.798818	36.896242	-62.591058	38.435768	-58.531377
818.333920	26.977872	189.510059	26.242537	193.648785	25.549930	198.260887	24.925063	203.363181	24.397009	208.955236	23.997571	215.011509	23.758968	221.474515	23.710605	228.252031	23.875435	235.221165	24.266711	242.240603	24.886080	249.168499	25.723555	255.881108	26.759245	262.286129	27.966205	268.328357	29.313471	-86.012264	30.768672	-80.726948	32.299800	-75.786013	33.876177	-71.146340	35.468714	-66.757349	37.049741	-62.565583	38.592607	-58.518106
818.734990	26.983622	189.797968	26.252367	193.952261	25.565034	198.579131	24.946776	203.694417	24.426740	209.296424	24.036692	215.358118	23.808672	221.820549	23.771751	228.590318	23.948421	235.544097	24.351421	242.541025	24.981923	249.440636	25.829582	256.121129	26.874323	262.492270	28.089170	268.500728	29.443263	-85.872129	30.904402	-80.616558	32.440772	-75.702287	34.021858	-71.085851	35.618679	-66.716489	37.203587	-62.540621	38.749856	-58.505242
819.135930	26.989551	190.085392	26.262412	194.255138	25.580389	198.896623	24.968776	204.024708	24.456789	209.636428	24.076156	215.703273	23.858729	222.164841	23.833243	228.926595	24.021735	235.864801	24.436430	242.839082	25.078035	249.710366	25.935856	256.358781	26.989637	262.696162	28.212385	268.671007	29.573342	-85.733917	31.040481	-80.507913	32.582177	-75.620128	34.168078	-71.026752	35.769305	-66.676835	37.358224	-62.516669	38.908034	-58.493165
819.536800	26.995834	190.372007	26.272879	194.556984	25.596239	199.212794	24.991344	204.353309	24.487473	209.974283	24.116303	216.045753	23.909494	222.505895	23.895440	229.259109	24.095720	236.181308	24.522061	243.132663	25.174714	249.975529	26.042656	256.591929	27.105467	262.895765	28.336144	268.837286	29.704040	-85.599390	31.177301	-80.402618	32.724490	-75.540983	34.315415	-70.970334	35.921285	-66.639510	37.514476	-62.494672	39.068094	-58.482617
819.937560	27.002115	190.658543	26.283343	194.858746	25.612084	199.528878	25.013907	204.681819	24.518149	210.312045	24.156440	216.388138	23.960246	222.846856	23.957620	229.591533	24.169686	236.497728	24.607668	243.426164	25.271366	250.240619	26.149428	256.825013	27.221265	263.095314	28.459868	269.003519	29.834701	-85.464901	31.314083	-80.297353	32.866764	-75.461860	34.462712	-70.913932	36.073224	-66.602196	37.670685	-62.472680	39.228109	-58.472071
820.338260	27.008855	190.944050	26.294355	195.159204	25.628574	199.843284	25.037207	205.008168	24.549646	210.647068	24.197460	216.727122	24.011913	223.183708	24.020712	229.919184	24.244527	236.808847	24.694093	243.714037	25.368776	250.499966	26.256918	257.052467	27.337782	263.289464	28.584364	269.164700	29.966245	-85.335048	31.451919	-80.196312	33.010323	-75.386544	34.611572	-70.860913	36.227047	-66.567821	37.829125	-62.453129	39.390710	-58.463397
820.738770	27.015677	191.229240	26.305464	195.459287	25.645174	200.157239	25.060633	205.333974	24.581281	210.981435	24.238626	217.065327	24.063726	223.519653	24.083944	230.245808	24.319495	237.118849	24.780631	244.000742	25.466283	250.758138	26.364493	257.278780	27.454380	263.482532	28.708947	269.324878	30.097892	-85.206109	31.589888	-80.096096	33.154055	-75.311965	34.760653	-70.808542	36.381148	-66.534005	37.987905	-62.434038	39.553715	-58.455072
821.139220	27.022685	191.513968	26.316795	195.758787	25.662036	200.470458	25.084357	205.658846	24.613248	211.314629	24.280147	217.402086	24.115907	223.853870	24.147542	230.570449	24.394814	237.426658	24.867496	244.285132	25.564096	251.013956	26.472362	257.502783	27.571277	263.673404	28.833855	269.483004	30.229917	-85.079061	31.728312	-79.997603	33.298342	-75.238938	34.910412	-70.757548	36.536064	-66.501372	38.147649	-62.415916	39.717834	-58.447469
821.539550	27.030043	191.797826	26.328543	196.057190	25.679387	200.782287	25.108641	205.981964	24.645837	211.645614	24.322335	217.736126	24.168777	224.184844	24.211823	230.891362	24.470787	237.730351	24.954974	244.565172	25.662484	251.265353	26.580781	257.722446	27.688732	263.860155	28.959372	269.637282	30.362647	-84.955565	31.867586	-79.902343	33.443667	-75.168824	35.061437	-70.709134	36.692505	-66.470961	38.309196	-62.399616	39.884038	-58.441222
821.939820	27.037400	192.081642	26.340288	196.355548	25.696735	201.094069	25.132921	206.305034	24.678420	211.976550	24.364517	218.070116	24.221638	224.515767	24.276094	231.212226	24.546749	238.033998	25.042440	244.845171	25.760856	251.516712	26.689184	257.942077	27.806169	264.046878	29.084871	269.791536	30.495357	-84.832087	32.006839	-79.807098	33.588971	-75.098721	35.212439	-70.660728	36.848923	-66.440554	38.470718	-62.383317	40.050218	-58.434975
822.339970	27.045219	192.364335	26.352587	196.652494	25.714729	201.404052	25.157941	206.625812	24.711824	212.304617	24.407579	218.400582	24.275409	224.842494	24.341269	231.528269	24.623585	238.332346	25.130732	245.119576	25.860013	251.762420	26.798355	258.156163	27.924400	264.228305	29.211243	147.551640	30.629084	-84.713180	32.147311	-79.716021	33.735757	-75.032373	35.365237	-70.615641	37.007488	-66.412993	38.634765	-62.369321	40.219305	-58.430391
822.739990	27.053118	192.646753	26.364980	196.949109	25.732833	201.713631	25.183086	206.946098	24.745363	212.632087	24.450785	218.730335	24.329325	225.168389	24.406587	231.843372	24.700554	238.629675	25.219146	245.392917	25.959282	252.007062	26.907632	258.369211	28.042739	264.408746	29.337735	3.692827	30.762955	-84.595114	32.287961	-79.625705	33.882766	-74.966708	35.518312	-70.571153	37.166391	-66.385944	38.799214	-62.355735	40.388860	-58.426101
823.139890	27.061208	192.928650	26.377600	197.245078	25.751202	202.022403	25.208532	207.265373	24.779237	212.958304	24.494346	219.058567	24.383606	225.492492	24.472267	232.156443	24.777872	238.924785	25.307891	245.663935	26.058866	252.249354	27.017222	258.579970	28.161406	264.587007	29.464592	-89.764428	30.897254	-84.478927	32.429130	-79.537103	34.030407	-74.902582	35.672152	-70.528021	37.326210	-66.360046	38.964741	-62.343066	40.559653	-58.422447
823.539730	27.069656	193.209696	26.390648	197.539968	25.770073	202.329800	25.234549	207.582897	24.813743	213.282326	24.538585	219.384108	24.438589	225.813396	24.538648	232.465865	24.855869	239.215892	25.397287	245.930748	26.159076	252.487382	27.127435	258.786565	28.280727	264.761290	29.592179	-89.621815	31.032404	-84.366185	32.571319	-79.451649	34.179281	-74.841291	35.827478	-70.487391	37.487799	-66.336276	39.132336	-62.332093	40.732817	-58.419972
823.939450	27.078103	193.490658	26.403692	197.834768	25.788938	202.637104	25.260558	207.900326	24.848239	213.606251	24.582811	219.709552	24.493555	226.134204	24.605009	232.775194	24.933843	239.506911	25.486655	246.197480	26.259256	252.725337	27.237615	258.993098	28.400013	264.935521	29.719727	-89.479246	31.167513	-84.253477	32.713465	-79.366220	34.328110	-74.780019	35.982757	-70.446773	37.649339	-66.312514	39.299880	-62.321124	40.905929	-58.417497
824.339050	27.087012	193.770433	26.417289	198.128079	25.808450	202.942521	25.287305	208.215383	24.883550	213.927222	24.627908	220.031405	24.549420	226.450782	24.672266	233.079713	25.012690	239.792690	25.576863	246.458736	26.360253	252.957779	27.348619	259.194230	28.520176	265.104599	29.848263	-89.341497	31.303782	-84.145224	32.857007	-79.284857	34.478630	-74.722401	36.140075	-70.409364	37.813299	-66.291456	39.470252	-62.312262	41.082271	-58.416408
824.738590	27.096002	194.049970	26.430983	198.421094	25.828076	203.247571	25.314180	208.529987	24.919004	214.247636	24.673156	220.352587	24.605441	226.766574	24.739677	233.383343	25.091685	240.077506	25.667211	246.718989	26.461386	253.189214	27.459759	259.394378	28.640484	265.272740	29.976963	-89.204621	31.440245	-84.037776	33.000785	-79.204228	34.629437	-74.665441	36.297741	-70.372532	37.977676	-66.270883	39.641113	-62.303777	41.259173	-58.415567
825.138000	27.105185	194.328967	26.444906	198.713442	25.847966	203.551794	25.341356	208.843560	24.954788	214.566783	24.718756	220.672243	24.661823	227.080588	24.807449	233.684972	25.171030	240.360158	25.757898	246.976985	26.562850	253.418380	27.571236	259.592313	28.761154	265.438776	30.106076	-89.069716	31.577197	-83.932150	33.145153	-79.125258	34.780960	-74.609970	36.456269	-70.337001	38.143078	-66.251395	39.813167	-62.296118	41.437439	-58.415237
825.537290	27.114734	194.607031	26.459264	199.004618	25.868365	203.854545	25.369111	209.155279	24.991210	214.883633	24.765037	220.989111	24.718908	227.391333	24.875924	233.982911	25.251063	240.638800	25.849253	247.230787	26.664974	253.643322	27.683387	259.786121	28.882550	265.600878	30.236012	-88.938498	31.715118	-83.829936	33.290683	-79.049404	34.933887	-74.557299	36.616481	-70.303921	38.310473	-66.233955	39.987537	-62.290023	41.618343	-58.415877
825.936460	27.124280	194.885011	26.473619	199.295706	25.888758	204.157205	25.396857	209.466905	25.027621	215.200388	24.811303	221.305884	24.775975	227.701984	24.944378	234.280759	25.331071	240.917359	25.940580	247.484514	26.767067	253.868196	27.795504	259.979871	29.003910	265.762931	30.365908	-88.807319	31.852997	-83.727753	33.436169	-78.973573	35.086767	-74.504644	36.776644	-70.270851	38.477818	-66.216520	40.161854	-62.283929	41.799192	-58.416516
826.335570	27.134299	195.161839	26.488538	199.585336	25.909810	204.458008	25.425352	209.776185	25.064859	215.514232	24.858455	221.619138	24.833958	228.008508	25.013753	234.573944	25.411989	241.190858	26.032803	247.732974	26.870054	254.087768	27.908551	260.168451	29.126284	265.920034	30.496960	-88.680789	31.992238	-83.629873	33.583288	-78.901678	35.241609	-74.455521	36.939146	-70.240861	38.647915	-66.201625	40.339360	-62.279720	41.983655	-58.418228
826.734560	27.144405	195.438373	26.503560	199.874612	25.930980	204.758377	25.453982	210.084938	25.102242	215.827441	24.905761	221.931640	24.892099	228.314168	25.083284	234.866167	25.493056	241.463325	26.125169	247.980370	26.973183	254.306276	28.021743	260.356001	29.248816	266.076157	30.628196	-88.555173	32.131699	-83.532835	33.730674	-78.830548	35.396779	-74.407081	37.102045	-70.211461	38.818487	-66.187215	40.517420	-62.275870	42.168752	-58.420143
827.133420	27.154698	195.714364	26.518803	200.163218	25.952409	205.057915	25.482903	210.392665	25.139946	216.139399	24.953407	222.242651	24.950590	228.618101	25.153164	235.156464	25.574469	241.733725	26.217875	248.225626	27.076652	254.522640	28.135293	260.541462	29.371741	266.230296	30.759885	-88.431418	32.271700	-83.437517	33.878714	-78.760985	35.552738	-74.360041	37.265889	-70.183270	38.990173	-66.173786	40.696772	-62.272721	42.355312	-58.422411
827.532230	27.165366	195.989422	26.534494	200.450642	25.974360	205.355957	25.512419	210.698515	25.178307	216.449034	25.001755	222.550856	25.009806	228.918760	25.223778	235.443085	25.656609	242.000154	26.311302	248.466752	27.180853	254.734855	28.249612	260.722866	29.495514	266.380568	30.892547	-88.311299	32.412848	-83.345570	34.028130	-78.694502	35.710344	-74.315761	37.431695	-70.157468	39.164166	-66.162303	40.878784	-62.270965	42.544878	-58.425382
827.930910	27.176031	196.264391	26.550180	200.737973	25.996304	205.653903	25.541926	211.004265	25.216655	216.758569	25.050086	222.858960	25.069003	229.219322	25.294369	235.729612	25.738723	242.266497	26.404700	248.707800	27.285020	254.947001	28.363893	260.904211	29.619246	266.530791	31.025165	-88.191219	32.553950	-83.253653	34.177496	-78.628041	35.867899	-74.271495	37.597447	-70.131675	39.338101	-66.150823	41.060738	-62.269210	42.734382	-58.428352
828.329470	27.187165	196.538145	26.566426	201.023778	26.018900	205.949929	25.572171	211.307616	25.255817	217.065149	25.099286	223.163528	25.129100	229.515776	25.365869	236.011548	25.821743	242.527907	26.499004	248.943728	27.390116	255.154030	28.479162	261.080555	29.744075	266.676243	31.159050	-88.075628	32.696556	-83.165896	34.328663	-78.565378	36.027612	-74.230616	37.765764	-70.108790	39.515044	-66.141673	41.246152	-62.269056	42.927789	-58.432003
828.727970	27.198397	196.811622	26.582788	201.309239	26.041631	206.245526	25.602568	211.610438	25.295146	217.371084	25.148663	223.467328	25.189381	229.811343	25.437554	236.292497	25.904947	242.788261	26.593490	249.178561	27.495397	255.359968	28.594628	261.255836	29.869123	266.820682	31.293190	-87.960987	32.839465	-83.079019	34.480193	-78.503517	36.187764	-74.190451	37.934605	-70.086517	39.692601	-66.133011	41.432276	-62.269236	43.121997	-58.435796
829.126340	27.209811	197.084561	26.599366	201.594041	26.064611	206.540308	25.633246	211.912258	25.334782	217.675807	25.198367	223.769694	25.249998	230.105265	25.509578	236.571626	25.988488	243.046672	26.688315	249.411398	27.601027	255.563908	28.710467	261.429181	29.994590	266.963269	31.427818	-87.848081	32.982955	-82.993747	34.632426	-78.443114	36.348760	-74.151583	38.104452	-70.065346	39.871338	-66.125214	41.619758	-62.269981	43.317733	-58.439771
829.524600	27.221622	197.356463	26.616415	201.877543	26.088138	206.833461	25.664543	212.212053	25.375098	217.978051	25.248795	224.069099	25.311365	230.395775	25.582362	236.846955	26.072792	243.301011	26.783910	249.640038	27.707451	255.763634	28.827158	261.598437	30.121012	267.101934	31.563554	-87.738859	33.127760	-82.911890	34.786234	-78.385823	36.511643	-74.115489	38.276535	-70.046541	40.052690	-66.119274	41.810243	-62.271939	43.516842	-58.444138
829.922730	27.233428	197.628276	26.633457	202.160953	26.111657	207.126518	25.695830	212.511750	25.415401	218.280196	25.299208	224.368408	25.372713	230.686190	25.655123	237.122194	26.157069	243.555267	26.879473	249.868604	27.813840	255.963294	28.943812	261.767637	30.247393	267.240553	31.699247	-87.629673	33.272518	-82.830060	34.939991	-78.328551	36.674472	-74.079406	38.448562	-70.027743	40.233983	-66.113335	42.000666	-62.273897	43.715886	-58.448505
830.320800	27.245708	197.898893	26.651063	202.442857	26.135832	207.417681	25.727857	212.809082	25.456517	218.579447	25.350488	224.664274	25.434964	230.972625	25.728805	237.393016	26.242278	243.804796	26.975987	250.092288	27.921223	256.158088	29.061543	261.932064	30.374989	267.374618	31.836351	-87.524775	33.418953	-82.752207	35.095754	-78.274908	36.839689	-74.046535	38.623411	-70.011658	40.418565	-66.109483	42.194852	-62.277133	43.919139	-58.453105
830.718750	27.258098	198.169150	26.668800	202.724323	26.160157	207.708310	25.760055	213.105765	25.497818	218.877921	25.401964	224.959233	25.497417	231.258026	25.802689	237.662702	26.327688	244.053120	27.072704	250.314738	28.028818	256.351659	29.179503	262.095298	30.502843	267.507551	31.973760	-87.420936	33.565752	-82.675333	35.251957	-78.222153	37.005438	-74.014447	38.798894	-69.996232	40.603889	-66.106134	42.389893	-62.280676	44.123351	-58.457761
831.116580	27.270658	198.438902	26.686737	203.005167	26.184715	207.998174	25.792514	213.401510	25.539407	219.175267	25.453745	225.252863	25.560185	231.541918	25.876893	237.930727	26.413423	244.299683	27.169752	250.535381	28.136761	256.543424	29.297845	262.256782	30.631133	267.638818	32.111680	-87.318664	33.713163	-82.599907	35.408896	-78.170711	37.172068	-73.983515	38.975420	-69.981769	40.790430	-66.103503	42.586324	-62.284618	44.329117	-58.462407
831.514340	27.283635	198.707586	26.705170	203.284666	26.209847	208.286352	25.825622	213.695157	25.581709	219.470055	25.506290	225.543450	25.623748	231.822327	25.951913	238.194895	26.499987	244.542134	27.267655	250.751790	28.245605	256.730942	29.417174	262.414135	30.760543	267.766141	32.250909	-87.220110	33.862131	-82.527934	35.567691	-78.122408	37.340913	-73.955356	39.154558	-69.969621	40.980008	-66.102602	42.786215	-62.289525	44.538742	-58.467030
831.911930	27.296606	198.976154	26.723595	203.564046	26.234967	208.574407	25.858716	213.988678	25.623994	219.764717	25.558812	225.833914	25.687283	232.102616	26.026900	238.458950	26.586514	244.784483	27.365515	250.968106	28.354402	256.918381	29.536451	262.571422	30.889899	267.893409	32.390079	-87.121598	34.011034	-82.455992	35.726418	-78.074126	37.509685	-73.927210	39.333619	-69.957478	41.169504	-66.101701	42.986022	-62.294430	44.748279	-58.471651
832.309510	27.310050	199.243550	26.742581	203.841945	26.260739	208.860599	25.892545	214.279887	25.667084	220.056561	25.612196	226.121040	25.751720	232.379078	26.102814	238.718781	26.673990	245.022333	27.464361	251.179793	28.464251	257.101205	29.656886	262.724208	31.020573	268.016357	32.530791	-87.027155	34.161769	-82.387825	35.887332	-78.029278	37.681052	-73.902079	39.515733	-69.947827	41.362536	-66.102604	43.189849	-62.300242	44.962276	-58.475996
832.706910	27.323623	199.510492	26.761719	204.119299	26.286685	209.146133	25.926568	214.570309	25.710384	220.347473	25.665801	226.407090	25.816384	232.654328	26.178957	238.977294	26.761698	245.258799	27.563442	251.390069	28.574349	257.282635	29.777597	262.875646	31.151564	268.138023	32.671880	-86.933912	34.312957	-82.320761	36.048795	-77.985428	37.853080	-73.877817	39.698634	-69.938889	41.556489	-66.104020	43.394728	-62.306309	45.177447	-58.480261
833.104250	27.337355	199.776998	26.781045	204.396113	26.312848	209.430996	25.960835	214.859907	25.753953	220.637394	25.719692	226.691977	25.881346	232.928257	26.255408	239.234358	26.849722	245.493731	27.662854	251.598774	28.684801	257.462501	29.898701	263.025563	31.283008	268.258231	32.813501	-86.842039	34.464780	-82.254968	36.211017	-77.942726	38.026010	-73.854558	39.882596	-69.930763	41.751669	-66.106003	43.601000	-62.312612	45.394162	-58.484331
833.501460	27.351535	200.042304	26.800902	204.671437	26.339624	209.714000	25.995794	215.147220	25.798279	220.924556	25.774393	226.973623	25.947153	233.198503	26.332729	239.487372	26.938642	245.724374	27.763204	251.803089	28.796259	257.637990	30.020925	263.171220	31.415736	268.374359	32.956632	-86.754010	34.618401	-82.192738	36.375387	-77.903248	38.201493	-73.834111	40.069556	-69.924921	41.950319	-66.109579	43.811209	-62.319583	45.615235	-58.487857
833.898560	27.365712	200.307536	26.820754	204.946685	26.366394	209.996925	26.030743	215.434454	25.842594	221.211637	25.829078	227.255191	26.012941	233.468673	26.410029	239.740317	27.027538	245.954953	27.863526	252.007347	28.907686	257.813430	30.143114	263.316836	31.548427	268.490454	33.099723	-86.666005	34.771979	-82.130525	36.539711	-77.863781	38.376926	-73.813671	40.256465	-69.919079	42.148914	-66.113154	44.021360	-62.326551	45.836246	-58.491383
834.295590	27.380350	200.571585	26.841151	205.220446	26.393795	210.278005	26.066403	215.719404	25.887689	221.495962	25.884598	227.533521	26.079606	233.735170	26.488237	239.989234	27.117378	246.181270	27.964842	252.207239	29.020192	257.984508	30.266510	263.458196	31.682509	268.602479	33.244451	-86.581834	34.927503	-82.071862	36.706354	-77.827525	38.555109	-73.796012	40.446593	-69.915463	42.351224	-66.118203	44.235708	-62.333993	46.061881	-58.494049
834.692500	27.395142	200.835164	26.861730	205.493631	26.421406	210.558384	26.102299	216.003501	25.933040	221.779273	25.940391	227.810672	26.146555	234.000342	26.566738	240.236709	27.207519	246.406070	28.066475	252.405585	29.133041	258.154050	30.390290	263.598062	31.817035	268.713080	33.389705	-86.498998	35.083658	-82.014433	36.873752	-77.792380	38.734191	-73.779311	40.637781	-69.912610	42.554759	-66.123756	44.451445	-62.341595	46.289048	-58.496420
835.089290	27.410071	201.098312	26.882470	205.766291	26.449201	210.838122	26.138400	216.286828	25.978617	222.061671	25.996424	228.086770	26.213754	234.264333	26.645497	240.482907	27.297928	246.629533	28.168391	252.602569	29.246198	258.322246	30.514419	263.736624	31.951967	268.822438	33.535442	-86.417331	35.240391	-81.958080	37.041844	-77.758201	38.914100	-73.763436	40.829940	-69.910400	42.759416	-66.129709	44.668450	-62.349267	46.517608	-58.498424
835.485960	27.425479	201.360170	26.903777	206.037349	26.477651	211.115856	26.175240	216.567710	26.025001	222.341137	26.053321	228.359444	26.281861	234.524454	26.725201	240.724894	27.389325	246.848556	28.271356	252.795015	29.360500	258.485936	30.639839	263.870800	32.088397	268.927598	33.682945	-86.339630	35.399232	-81.905391	37.212450	-77.727320	39.096987	-73.750389	41.025588	-69.910400	42.968088	-66.137039	44.889977	-62.357184	46.751130	-58.499163
835.882570	27.440885	201.621989	26.925081	206.308367	26.506097	211.393549	26.212073	216.848550	26.071378	222.620560	26.110210	228.632077	26.349959	234.784536	26.804893	240.966845	27.480708	247.067546	28.374305	252.987431	29.474785	258.649600	30.765241	264.004956	32.224805	269.032742	33.830425	-86.261940	35.558049	-81.852710	37.383031	-77.696444	39.279846	-73.737344	41.221206	-69.910400	43.176728	-66.144368	45.111471	-62.365099	46.984617	-58.499903
836.279050	27.456733	201.882610	26.946909	206.577895	26.535146	211.669408	26.249585	217.127151	26.118500	222.897303	26.167896	228.901593	26.418896	235.041109	26.885464	241.204978	27.573014	247.282521	28.478243	253.175753	29.590158	258.809192	30.891874	264.135134	32.362646	269.134087	33.979603	-86.187827	35.718887	-81.803336	37.556019	-77.668531	39.465554	-73.726821	41.420150	-69.912323	43.389189	-66.152801	45.337256	-62.373007	47.222790	-58.499139
836.675480	27.472767	202.142731	26.968956	206.846799	26.564450	211.944501	26.287383	217.404814	26.165935	223.172921	26.225918	229.169802	26.488187	235.296209	26.966404	241.441507	27.665708	247.495810	28.582597	253.362353	29.705989	258.967072	31.019028	264.263640	32.501091	269.233836	34.129497	-86.115217	35.880578	-81.755352	37.730023	-77.641863	39.652462	-73.717357	41.620496	-69.915054	43.603260	-66.161699	45.564848	-62.380912	47.462937	-58.497744
837.071720	27.488911	202.402437	26.991132	207.115209	26.593899	212.219006	26.325343	217.681784	26.213545	223.447737	26.284125	229.437100	26.557670	235.550305	27.047544	241.676965	27.758611	247.707988	28.687174	253.547834	29.822067	259.123849	31.146463	264.391083	32.639869	269.332574	34.279791	-86.043551	36.042753	-81.708230	37.904610	-77.615959	39.840066	-73.708530	41.821660	-69.918254	43.818274	-66.170838	45.793500	-62.388747	47.704239	-58.495861
837.467900	27.505584	202.660792	27.013932	207.381931	26.624067	212.491410	26.364112	217.956177	26.262043	223.719476	26.343286	229.700823	26.628163	235.800379	27.129747	241.908050	27.852641	247.915569	28.792967	253.728623	29.939491	259.275959	31.275432	264.513983	32.780435	269.426940	34.432197	-85.976004	36.207445	-81.664913	38.082187	-77.593453	40.031198	-73.702563	42.026933	-69.923580	44.037988	-66.181085	46.027406	-62.396279	47.951246	-58.491775
837.864010	27.522254	202.919101	27.036728	207.648605	26.654230	212.763766	26.402874	218.230521	26.310532	223.991167	26.402436	229.964499	26.698644	236.050408	27.211936	242.139093	27.946654	248.123113	28.898741	253.909380	30.056894	259.428043	31.404379	264.636861	32.920977	269.521289	34.584576	-85.908470	36.372107	-81.621604	38.259732	-77.570950	40.222296	-73.696598	42.232170	-69.928905	44.257663	-66.191330	46.261271	-62.403810	48.198211	-58.487689
838.259950	27.539351	203.176220	27.060027	207.913812	26.684971	213.034327	26.442284	218.502689	26.359731	224.260278	26.462347	230.225203	26.769930	236.297116	27.294972	242.366548	28.041568	248.326904	29.005493	254.086322	30.175387	259.576340	31.534573	264.756053	33.062980	269.612115	34.738690	-85.844249	36.538838	-81.581343	38.439740	-77.551157	40.416301	-73.692880	42.440790	-69.935844	44.481200	-66.202304	46.499442	-62.410841	48.449825	-58.481439
838.655820	27.556673	203.432730	27.083590	208.178265	26.716016	213.303962	26.482034	218.773732	26.409303	224.528053	26.522659	230.484364	26.841640	236.542100	27.378457	242.592136	28.136958	248.528741	29.112761	254.261279	30.294455	259.722665	31.665427	264.873323	33.205753	269.701104	34.893718	-85.781757	36.706658	-81.542675	38.621044	-77.532779	40.611835	-73.690337	42.651188	-69.943627	44.706768	-66.213661	46.739875	-62.417613	48.703883	-58.474058
839.051570	27.574076	203.688946	27.107248	208.442369	26.747170	213.573180	26.521905	219.044284	26.459006	224.795258	26.583111	230.742881	26.913496	236.786377	27.462095	242.816972	28.232512	248.729800	29.220206	254.435450	30.413723	259.868216	31.796511	264.989845	33.348801	269.789381	35.049075	-85.719929	36.874875	-81.504613	38.802824	-77.514931	40.807932	-73.688225	42.862245	-69.951705	44.933088	-66.225120	46.981146	-62.424223	48.958840	-58.466156
839.447270	27.592057	203.943691	27.131587	208.704643	26.779109	213.840115	26.562659	219.312071	26.509679	225.059169	26.644608	230.997590	26.986466	237.026396	27.546917	243.037211	28.329337	248.926044	29.329043	254.604711	30.534551	260.008875	31.929389	265.101594	33.493950	269.873078	35.206924	-85.662415	37.046058	-81.470520	38.988121	-77.500591	41.008165	-73.688986	43.078094	-69.961760	45.164860	-66.237292	47.228464	-62.429772	49.220287	-58.454765
839.842770	27.610028	204.198308	27.155914	208.966785	26.811030	214.106916	26.603392	219.579723	26.560325	225.322947	26.706075	231.252170	27.059400	237.266293	27.631697	243.257338	28.426113	249.122188	29.437825	254.773886	30.655318	260.149463	32.062200	265.213287	33.639026	269.956733	35.364693	-85.604930	37.217153	-81.436444	39.173325	-77.486258	41.208295	-73.689746	43.293834	-69.971811	45.396515	-66.249458	47.475658	-62.435318	49.481602	-58.443380
840.238220	27.628407	204.451882	27.180721	209.227622	26.843505	214.372117	26.644745	219.845421	26.611654	225.584412	26.768277	231.504087	27.133119	237.503231	27.717316	243.474260	28.523795	249.314986	29.547604	254.939659	30.777209	260.286674	32.196307	265.321687	33.785625	184.278032	35.524271	-85.550426	37.390400	-81.405102	39.361079	-77.474324	41.411421	-73.692442	43.513038	-69.983133	45.632098	-66.261943	47.727187	-62.439839	49.747538	-58.429125
840.633610	27.647055	204.704750	27.205844	209.487579	26.876341	214.636243	26.686504	220.109813	26.663429	225.844333	26.830960	231.754228	27.207353	237.738199	27.803484	243.689053	28.622069	249.505561	29.658034	255.103176	30.899834	260.421648	32.331262	265.427907	33.933219	42.016042	35.685031	-85.497892	37.565054	-81.375567	39.550504	-77.463975	41.616508	-73.696415	43.734513	-69.995293	45.870256	-66.274637	47.981559	-62.443684	50.016504	-58.412977
841.028810	27.665745	204.957372	27.231014	209.747256	26.909230	214.900049	26.728321	220.373844	26.715264	226.103851	26.893705	232.003930	27.281650	237.972697	27.889716	243.903360	28.720411	249.695644	29.768539	255.266207	31.022543	260.556151	32.466318	265.533680	34.080938	-89.806367	35.845946	-85.445742	37.739900	-81.346374	39.740165	-77.453917	41.821879	-73.700613	43.956322	-70.007588	46.108798	-66.287341	48.236356	-62.447365	50.285920	-58.396429
841.423950	27.685078	205.208362	27.256941	210.004915	26.942989	215.161355	26.771113	220.634854	26.768171	226.359797	26.957611	232.249530	27.357190	238.202620	27.977282	244.112766	28.820198	249.880601	29.880641	255.424032	31.147065	260.685469	32.603472	265.634394	34.231125	-89.733233	36.009789	-85.398158	37.918230	-81.321362	39.933947	-77.447510	42.032082	-73.707700	44.183709	-70.021673	46.353639	-66.300244	48.498074	-62.448979	50.562654	-58.374689
841.818970	27.704406	205.459276	27.282859	210.262495	26.976737	215.422582	26.813891	220.895786	26.821062	226.615666	27.021496	232.495055	27.432708	238.432474	28.064821	244.322108	28.919955	250.065502	29.992710	255.581808	31.271549	260.814747	32.740585	265.735078	34.381266	-89.660122	36.173583	-85.350589	38.096507	-81.296356	40.127670	-77.441106	42.242221	-73.714786	44.411027	-70.035753	46.598407	-66.313143	48.759712	-62.450592	50.839304	-58.352955
842.213930	27.724110	205.709218	27.309221	210.518864	27.010994	215.682326	26.857242	221.154928	26.874582	226.869426	27.086064	232.738173	27.508959	238.659661	28.153152	244.528584	29.020576	250.247417	30.105741	255.736557	31.397129	260.941016	32.878970	265.832828	34.532911	-89.589828	36.339163	-85.305668	38.276909	-81.273767	40.323909	-77.436787	42.455303	-73.723481	44.641732	-70.050750	46.846991	-66.325947	49.025518	-62.450659	51.120325	-58.327661
842.608760	27.744130	205.958288	27.335953	210.774158	27.045675	215.940765	26.901067	221.412505	26.928624	227.121352	27.151195	232.979206	27.585815	238.884549	28.242133	244.732596	29.121907	250.426770	30.219563	255.888715	31.523609	261.064713	33.018404	265.928077	34.685796	-89.521931	36.506221	-85.262995	38.459072	-81.253226	40.522237	-77.434233	42.670831	-73.733536	44.875257	-70.066520	47.098752	-66.338668	49.294796	-62.449416	51.404987	-58.299360
843.003480	27.764151	206.207273	27.362685	211.029361	27.080354	216.199108	26.944890	221.669981	26.982661	227.373173	27.216320	233.220133	27.662662	239.109330	28.331103	244.936505	29.223225	250.606025	30.333370	256.040782	31.650073	261.188328	33.157821	266.023253	34.838665	-89.454098	36.673264	-85.220378	38.641222	-81.232730	40.720552	-77.431713	42.886349	-73.743614	45.108775	-70.082298	47.350509	-66.351380	49.564070	-62.448143	51.689643	-58.271000
843.398070	27.784873	206.454415	27.390240	211.282296	27.115977	216.454674	26.989772	221.924120	27.037864	227.621087	27.282711	233.456601	27.740875	239.329192	28.421553	245.135155	29.326166	250.779826	30.448993	256.187309	31.778616	261.306447	33.299665	266.113062	34.994399	-89.391405	36.843718	-85.182584	38.827430	-81.216612	40.923664	-77.432938	43.107475	-73.756511	45.348732	-70.099518	47.609484	-66.363515	49.841183	-62.443374	51.982443	-58.235082
843.792600	27.805591	206.701521	27.417791	211.535192	27.151595	216.710200	27.034648	222.178220	27.093059	227.868963	27.349093	233.693033	27.819076	239.549020	28.511989	245.333775	29.429091	250.953601	30.564599	256.333812	31.907140	261.424548	33.441487	266.202857	35.150109	-89.328721	37.014145	-85.144796	39.013609	-81.200496	41.126744	-77.434163	43.328568	-73.769405	45.588652	-70.116735	47.868419	-66.375649	50.118255	-62.438606	52.275198	-58.199169
844.187010	27.826649	206.947697	27.445738	211.786950	27.187667	216.964348	27.080033	222.430680	27.148814	228.114925	27.416083	233.927298	27.897935	239.766470	28.603140	245.529857	29.532804	251.124743	30.681091	256.477652	32.036682	261.540011	33.584501	266.290079	35.307233	-89.268498	37.186259	-85.109311	39.201794	-81.186461	41.332197	-77.437145	43.552428	-73.783580	45.831743	-70.134522	48.130898	-66.387293	50.399148	-62.431815	52.571877	-58.159085
844.581300	27.848083	207.192853	27.474126	212.037454	27.224243	217.216977	27.125982	222.681329	27.205191	228.358775	27.483748	234.159169	27.977526	239.981291	28.695086	245.723133	29.637394	251.292974	30.798570	256.618544	32.167357	261.652554	33.728842	266.374453	35.465931	-89.210999	37.360247	-85.076377	39.392210	-81.174732	41.540286	-77.442076	43.779361	-73.799175	46.078356	-70.152941	48.397311	-66.398396	50.684288	-62.422780	52.872914	-58.114378
844.975520	27.869513	207.437965	27.502509	212.287914	27.260813	217.469560	27.171923	222.931933	27.261559	228.602582	27.551402	234.391000	28.057103	240.196075	28.787016	245.916375	29.741965	251.461174	30.916027	256.759411	32.298009	261.765077	33.873156	266.458812	35.624600	-89.153510	37.534204	-85.043450	39.582592	-81.163005	41.748338	-77.447005	44.006255	-73.814767	46.324926	-70.171357	48.663677	-66.409498	50.969377	-62.413746	53.173899	-58.069678
845.369630	27.891648	207.681311	27.531714	212.536195	27.298325	217.719478	27.218921	223.179337	27.319090	228.842655	27.620324	234.618603	28.138057	240.406206	28.880450	246.104657	29.848202	251.624223	31.035364	256.895060	32.430826	261.872413	34.020006	266.538105	35.786272	-89.100883	37.711729	-85.015077	39.777210	-81.155385	41.961382	-77.455379	44.238956	-73.832796	46.578124	-70.190685	48.937408	-66.419222	51.262348	-62.399980	53.482884	-58.015525
845.763610	27.913823	207.924465	27.560965	212.784253	27.335887	217.969142	27.265973	223.426452	27.376680	229.082405	27.689309	234.845855	28.219077	240.615965	28.973955	246.292551	29.954516	251.786881	31.154787	257.030323	32.563745	261.979373	34.166977	266.617038	35.948092	-89.048594	37.889435	-84.987015	39.972047	-81.148039	42.174691	-77.463979	44.471969	-73.850982	46.831682	-70.210066	49.211541	-66.428853	51.555750	-62.385905	53.792302	-57.960763
846.157470	27.936291	208.166806	27.590560	213.031321	27.373843	218.217613	27.313466	223.672153	27.434756	229.320521	27.758824	235.071265	28.300675	240.823711	29.068093	246.478310	30.061536	251.947331	31.275014	257.163357	32.697594	262.084123	34.315045	266.693823	36.111214	-88.998362	38.068695	-84.960871	40.168734	-81.142409	42.390177	-77.473988	44.707514	-73.870112	47.088122	-70.229684	49.488861	-66.437648	51.852535	-62.369414	54.105103	-57.901358
846.551270	27.959207	208.408004	27.620679	213.276978	27.412399	218.464369	27.361634	223.915809	27.493578	229.556257	27.829156	235.293980	28.383165	241.028501	29.163212	246.660921	30.169650	252.104518	31.396483	257.293090	32.832879	262.185589	34.464802	266.767408	36.276339	-88.951200	38.250341	-84.937598	40.368254	-81.139354	42.608998	-77.486114	44.946930	-73.890665	47.348964	-70.249664	49.771049	-66.445192	52.154489	-62.349293	54.423075	-57.834965
846.944950	27.982116	208.649129	27.650789	213.522559	27.450943	218.711050	27.409788	224.159390	27.552383	229.791921	27.899466	235.516626	28.465630	241.233228	29.258302	246.843476	30.277730	252.261657	31.517915	257.422782	32.968122	262.287024	34.614513	266.840970	36.441414	-88.904054	38.431932	-84.914332	40.567713	-81.136299	42.827752	-77.498236	45.186274	-73.911212	47.609727	-70.269637	50.053150	-66.452734	52.456351	-62.329179	54.740950	-57.768593
847.338500	28.005679	208.888567	27.681664	213.766076	27.490364	218.955216	27.458925	224.399988	27.612277	230.024119	27.970971	235.735372	28.549402	241.433688	29.354833	247.021503	30.387424	252.414111	31.641186	257.547722	33.105505	262.383746	34.766741	266.909922	36.609480	-88.861316	38.617084	-84.895178	40.771397	-81.136902	43.051476	-77.513330	45.431372	-73.933658	47.877013	-70.289844	50.342421	-66.457970	52.765754	-62.302979	55.066249	-57.690780
847.731990	28.029347	209.127707	27.712660	214.009233	27.529924	219.198950	27.508218	224.640077	27.672342	230.255730	28.042662	235.953462	28.633378	241.633435	29.451589	247.198776	30.497369	252.565789	31.764745	257.671876	33.243221	262.479694	34.919363	266.978118	36.778016	-88.819298	38.802796	-84.876695	40.975748	-81.138100	43.275986	-77.528905	45.677381	-73.956412	48.145332	-70.310087	50.632828	-66.462831	53.076352	-62.275792	55.392722	-57.611115
848.125370	28.053264	209.366174	27.743947	214.251571	27.569813	219.441705	27.557881	224.879009	27.732815	230.486010	28.114801	236.170060	28.717844	241.831562	29.548886	247.374334	30.607923	252.715699	31.888999	257.794247	33.381746	262.573873	35.072940	267.044592	36.947688	-88.778931	38.989864	-84.859744	41.181707	-81.140656	43.502384	-77.545562	45.925574	-73.979818	48.416118	-70.330313	50.925930	-66.466637	53.389752	-62.246003	55.721898	-57.526643
848.518620	28.077719	209.603267	27.775861	214.492222	27.610420	219.682434	27.608349	225.115531	27.794177	230.713508	28.187914	236.383528	28.803380	242.026279	29.647368	247.546273	30.719805	252.861871	32.014772	257.912842	33.522037	262.664301	35.228601	267.107406	37.119836	-88.742079	39.179878	-84.846066	41.391158	-81.146113	43.732878	-77.564535	46.178499	-74.004627	48.692245	-70.350508	51.224866	-66.468194	53.709224	-62.210644	56.056937	-57.431878
848.911740	28.102167	209.840282	27.807765	214.732793	27.651012	219.923083	27.658799	225.351975	27.855519	230.940930	28.261003	236.596926	28.888888	242.220931	29.745817	247.718155	30.831650	253.007995	32.140504	258.031397	33.662282	262.754699	35.384211	267.170198	37.291927	-88.705239	39.369830	-84.832393	41.600540	-81.151569	43.963295	-77.583503	46.431340	-74.029428	48.968281	-70.370696	51.523704	-66.469751	54.028591	-62.175298	56.391865	-57.337145
849.304810	28.127231	210.075777	27.840389	214.971501	27.692430	220.161460	27.710177	225.585729	27.917891	231.165245	28.335230	236.806832	28.975650	242.411768	29.845663	247.885992	30.945073	253.149934	32.268049	258.145714	33.804645	262.840881	35.542324	267.228862	37.466994	-88.672348	39.563323	-84.822391	41.814113	-81.160250	44.198622	-77.604991	46.689835	-74.055614	49.250671	-70.390475	51.829433	-66.468096	54.355044	-62.132512	56.733494	-57.228934
849.697750	28.152466	210.310764	27.873211	215.209600	27.734074	220.399109	27.761808	225.818635	27.980544	231.388594	28.409764	237.015665	29.062751	242.601445	29.945884	248.052609	31.058921	253.290619	32.396081	258.258771	33.947580	262.925817	35.701115	267.286313	37.642871	-88.640609	39.757784	-84.813454	42.028835	-81.169861	44.435301	-77.627202	46.949890	-74.082193	49.534818	-70.410129	52.137067	-66.465512	54.683453	-62.087585	57.076963	-57.116855
850.090640	28.177887	210.545271	27.906250	215.447113	27.775965	220.636057	27.813717	226.050714	28.043505	231.610989	28.484639	237.223435	29.150229	242.789969	30.046526	248.218007	31.173245	253.430045	32.524665	258.370557	34.091161	263.009487	35.860670	267.342532	37.819659	-88.610050	39.953329	-84.805608	42.244841	-81.180423	44.673482	-77.650137	47.211670	-74.109131	49.820893	-70.429555	52.446775	-66.461778	55.013966	-62.040106	57.422366	-57.000215
850.483340	28.203923	210.778167	27.940007	215.682657	27.818678	220.870655	27.866550	226.280021	28.107492	231.830193	28.560646	237.427646	29.238958	242.974641	30.148567	248.379333	31.289155	253.565270	32.655077	258.478103	34.236885	263.088930	36.022765	267.394640	37.999473	-88.583421	40.152474	-84.801399	42.465112	-81.194151	44.916651	-77.675480	47.479179	-74.137264	50.113376	-70.448221	52.763380	-66.454213	55.351469	-61.984122	57.774194	-56.868387
850.875980	28.229955	211.011027	27.973760	215.918166	27.861385	221.105217	27.919375	226.509293	28.171469	232.049363	28.636641	237.631827	29.327674	243.159284	30.250592	248.540634	31.405046	253.700473	32.785470	258.585633	34.382586	263.168362	36.184835	267.446740	38.179258	-88.556796	40.351589	-84.797189	42.685349	-81.207877	45.159784	-77.700820	47.746648	-74.165393	50.405814	-70.466883	53.079936	-66.446649	55.688921	-61.928146	58.125968	-56.736579
851.268550	28.256559	211.242490	28.008177	216.151969	27.904851	221.337713	27.973056	226.736130	28.236399	232.265741	28.713691	237.832885	29.417562	243.340530	30.353931	248.698346	31.522434	253.831973	32.917591	258.689399	34.530315	263.244066	36.349306	267.495191	38.361902	-88.533669	40.554104	-84.796214	42.909598	-81.224403	45.407595	-77.728243	48.019473	-74.194427	50.704212	-70.484536	53.402847	-66.435030	56.032722	-61.863448	58.483407	-56.589345
851.660950	28.283417	211.473226	28.042889	216.384902	27.948653	221.569173	28.027114	226.961765	28.301746	232.480754	28.791201	238.032432	29.507958	243.520145	30.457841	248.854346	31.640471	253.961717	33.050464	258.791391	34.678928	263.318024	36.514828	267.541942	38.545801	-88.512165	40.758116	-84.796732	43.135621	-81.242216	45.657480	-77.756619	48.294674	-74.223868	51.005255	-70.501718	53.728577	-66.421542	56.379332	-61.794747	58.843334	-56.435043
852.053280	28.310387	211.703646	28.077731	216.617455	27.992603	221.800184	28.081337	227.186878	28.367276	232.695174	28.868914	238.231324	29.598581	243.699055	30.562004	249.009607	31.758798	254.090703	33.183673	258.892622	34.827936	263.391226	36.680820	267.587955	38.730262	-88.491361	40.962799	-84.797893	43.362437	-81.260577	45.908289	-77.785387	48.570931	-74.253447	51.307467	-70.518620	54.055540	-66.407107	56.727148	-61.724065	59.204287	-56.277276
852.445500	28.338094	211.932247	28.113429	216.847786	28.037532	222.028528	28.136660	227.408860	28.434031	232.906007	28.947987	238.426219	29.690717	243.873637	30.667868	249.160304	31.879066	254.214972	33.319135	258.989097	34.979591	263.459681	36.849952	267.629322	38.918460	-88.474996	41.171923	-84.803142	43.594495	-81.282439	46.165201	-77.816685	48.854146	-74.283930	51.617371	-70.533765	54.390628	-66.386630	57.082926	-61.640722	59.572067	-56.097334
852.837590	28.365791	212.160773	28.149115	217.078041	28.082445	222.256796	28.191964	227.630769	28.500764	233.116770	29.027034	238.621050	29.782822	244.048162	30.773697	249.310951	31.999294	254.339199	33.454551	259.085540	35.131196	263.528112	37.019028	267.670676	39.106596	-88.458636	41.380977	-84.808389	43.826475	-81.304294	46.422027	-77.847971	49.137266	-74.314403	51.927171	-70.548905	54.725604	-66.366160	57.438587	-61.557407	59.939724	-55.917451
853.229610	28.393996	212.388056	28.185392	217.306783	28.128034	222.483258	28.248030	227.850550	28.568347	233.325102	29.107026	238.813176	29.875985	244.219765	30.880721	249.458510	32.120892	254.460244	33.591560	259.178756	35.284677	263.593343	37.190333	267.708890	39.297385	-88.445272	41.593184	-84.816389	44.062167	-81.328484	46.683162	-77.880877	49.425280	-74.345295	52.242350	-70.562463	55.066196	-66.340855	57.799637	-61.464192	60.311790	-55.720383
853.621520	28.422554	212.614426	28.222080	217.534420	28.174093	222.708408	28.304624	228.068792	28.636519	233.531684	29.187674	239.003360	29.969880	244.389277	30.988573	249.603861	32.243439	254.579020	33.729672	259.269678	35.439460	263.656301	37.363187	267.744878	39.490021	-88.434029	41.807586	-84.826334	44.300448	-81.354321	46.947303	-77.914922	49.716708	-74.376478	52.561283	-70.574902	55.410705	-66.312136	58.164443	-61.363993	60.686916	-55.511194
854.013310	28.451134	212.840656	28.258792	217.761902	28.220178	222.933385	28.361248	228.286846	28.704722	233.738063	29.268354	239.193331	30.063811	244.558568	31.096466	249.748992	32.366032	254.697577	33.867840	259.360386	35.594312	263.719054	37.536124	267.780674	39.682761	-88.422964	42.022115	-84.836435	44.538882	-81.380283	47.211626	-77.949045	50.008344	-74.407665	52.880441	-70.587220	55.755442	-66.283097	58.529449	-61.263162	61.062169	-55.300928
854.405030	28.480570	213.064854	28.296500	217.986907	28.267401	223.155377	28.419157	228.501409	28.774367	233.940456	29.350645	239.378869	30.159550	244.723054	31.206407	249.889067	32.490981	254.810916	34.008760	259.445812	35.752408	263.776507	37.712916	267.811301	39.880091	-88.416843	42.242090	-84.851064	44.783718	-81.410038	47.483360	-77.985697	50.308359	-74.439206	53.208738	-70.596224	56.109609	-66.244711	58.903290	-61.143518	61.444223	-55.058238
854.796630	28.509996	213.288983	28.334196	218.211843	28.314611	223.377302	28.477049	228.715906	28.843990	234.142787	29.432911	239.564349	30.255259	244.887489	31.316314	250.029099	32.615893	254.924221	34.149636	259.531211	35.910456	263.833942	37.889653	267.841918	40.077362	-88.410725	42.461997	-84.865688	45.028478	-81.439783	47.755011	-78.022338	50.608283	-74.470738	53.536935	-70.605226	56.463667	-66.206338	59.277016	-61.023912	61.826161	-54.815623
855.188110	28.539855	213.512033	28.372394	218.435476	28.362393	223.597677	28.535587	228.928598	28.914336	234.343064	29.515984	239.747566	30.351876	245.049485	31.427254	250.166568	32.741995	255.034884	34.291904	259.613932	36.070150	263.888724	38.068350	267.869937	40.276966	-88.407086	42.684675	-84.882570	45.276492	-81.471397	48.030418	-78.060162	50.912432	-74.502268	53.869707	-70.612200	56.822371	-66.162571	59.654955	-60.893585	62.211065	-54.554647
855.579530	28.570186	213.733957	28.411141	218.657740	28.410804	223.816417	28.594833	229.139377	28.985474	234.541157	29.599944	239.928368	30.449491	245.208876	31.539329	250.301292	32.869407	255.142713	34.435702	259.693774	36.231652	263.940650	38.249197	267.895153	40.479130	-88.406128	42.910385	-84.901894	45.528065	-81.505034	48.309932	-78.099270	51.221204	-74.533800	54.207481	-70.616985	57.186159	-66.112969	60.037513	-60.751650	62.599244	-54.273784
855.970760	28.600502	213.955773	28.449869	218.879896	28.459191	224.035052	28.654050	229.350053	29.056578	234.739154	29.683864	240.109083	30.547058	245.368189	31.651351	250.435950	32.996757	255.250490	34.579430	259.773577	36.393075	263.992550	38.429956	267.920357	40.681195	-88.405170	43.135986	-84.921209	45.779516	-81.538655	48.589311	-78.138360	51.529825	-74.565317	54.545091	-70.621767	57.549770	-66.063390	60.419885	-60.609785	62.987234	-53.993057
856.362000	28.631683	214.175628	28.489602	219.099650	28.508729	224.250813	28.714572	229.557366	29.129148	234.933317	29.769430	240.285538	30.646486	245.522917	31.765495	250.565756	33.126561	255.353254	34.726035	259.848300	36.557900	264.039359	38.614760	267.940557	40.888071	-88.408987	43.367279	-84.944869	46.037629	-81.575826	48.876354	-78.179571	51.847021	-74.596438	54.891900	-70.621779	57.922586	-66.001664	60.810339	-60.444019	63.380382	-53.671645
856.753050	28.662919	214.395218	28.529398	219.319102	28.558336	224.466238	28.775169	229.764306	29.201800	235.127075	29.855087	240.461562	30.746015	245.677198	31.879754	250.695108	33.256501	255.455563	34.872801	259.922576	36.722919	264.085735	38.799799	267.960344	41.095234	-88.413187	43.598919	-84.968868	46.296155	-81.613266	49.163876	-78.220934	52.164755	-74.627510	55.239282	-70.621406	58.295964	-65.938987	61.201255	-60.276404	63.773754	-53.347104
857.144040	28.694501	214.613978	28.569597	219.537553	28.608404	224.680472	28.836288	229.969862	29.275040	235.319266	29.941404	240.635857	30.846291	245.829614	31.994870	250.822506	33.387433	255.555857	35.020734	259.994802	36.889321	264.130068	38.986486	267.978123	41.304357	-88.419297	43.832878	-84.994594	46.557391	-81.652090	49.454504	-78.263063	52.485946	-74.658242	55.590335	-70.618745	58.672939	-65.870697	61.595179	-60.097838	64.168727	-53.004048
857.534850	28.726670	214.831275	28.610478	219.754247	28.659252	224.892621	28.898287	230.173007	29.349269	235.508732	30.028835	240.807153	30.947828	245.978804	32.111429	250.946530	33.520042	255.652677	35.170634	260.063499	37.058060	264.170892	39.175957	267.992458	41.516794	-88.428677	44.070762	-85.023271	46.823219	-81.693278	49.750396	-78.306497	52.812997	-74.688383	55.947606	-70.612164	59.056002	-65.792805	61.994179	-59.900543	64.566362	-52.629334
857.925660	28.758840	215.048571	28.651360	219.970941	28.710100	225.104771	28.960286	230.376153	29.423498	235.698198	30.116265	240.978448	31.049366	246.127993	32.227988	251.070555	33.652651	255.749497	35.320535	260.132196	37.226798	264.211716	39.365429	268.006794	41.729232	-88.438058	44.308647	-85.051949	47.089048	-81.734467	50.046288	-78.349930	53.140047	-74.718525	56.304877	-70.605584	59.439066	-65.714913	62.393180	-59.703248	64.963997	-52.254620
858.316280	28.791789	215.263980	28.693143	220.185363	28.761980	225.314226	29.023453	230.576183	29.499041	235.884149	30.205175	241.145881	31.152581	246.273042	32.346474	251.190224	33.787500	255.841830	35.473071	260.196362	37.398664	264.247994	39.558627	268.016702	41.946106	-88.451671	44.551771	-85.084435	47.360988	-81.778662	50.349160	-78.394892	53.474813	-74.747503	56.670242	-70.593034	59.829878	-65.622737	62.798275	-59.478230	65.364013	-51.833357
858.706850	28.824921	215.478944	28.735137	220.399248	28.814101	225.523045	29.086892	230.775479	29.574890	236.069273	30.294430	241.312405	31.256189	246.417116	32.465410	251.308868	33.922872	255.933107	35.626225	260.259463	37.571262	264.283204	39.752697	268.025571	42.164020	-88.466278	44.796124	-85.117814	47.634361	-81.823561	50.653667	-78.440212	53.811386	-74.776207	57.037504	-70.579083	60.222506	-65.527207	63.204796	-59.246703	65.764583	-51.401165
859.097290	28.858290	215.693281	28.777407	220.612390	28.866536	225.730997	29.150686	230.973777	29.651140	236.253282	30.384137	241.477710	31.360310	246.559889	32.584938	251.426152	34.058936	256.022991	35.780194	260.321150	37.744832	264.317012	39.947928	268.033058	42.383315	-88.482188	45.042109	-85.152356	47.909634	-81.869356	50.960337	-78.485928	54.150332	-74.804390	57.407222	-70.562942	60.617412	-65.426569	63.612955	-59.005318	66.165427	-50.952576
859.487670	28.892403	215.905912	28.820540	220.823472	28.919961	225.936510	29.215603	231.169241	29.728657	236.434093	30.475279	241.639482	31.466067	246.698865	32.706349	251.539436	34.197196	256.108756	35.936752	260.378632	37.921474	264.346629	40.146819	268.036394	42.606957	-88.502036	45.293222	-85.190425	48.190866	-81.917886	51.273782	-78.532876	54.496714	-74.831026	57.784649	-70.540196	61.019517	-65.310460	64.026393	-58.734038	66.567434	-50.454223
859.877870	28.926500	216.118445	28.863654	221.034457	28.973360	226.141928	29.280489	231.364615	29.806138	236.614821	30.566379	241.801181	31.571774	246.837777	32.827705	251.652669	34.335392	256.194482	36.093237	260.436088	38.098035	264.376232	40.345618	268.039728	42.830497	-88.521875	45.544220	-85.228477	48.471969	-81.966393	51.587082	-78.579802	54.842937	-74.857649	58.161902	-70.517461	61.421436	-65.194405	64.439641	-58.462884	66.969256	-49.956099
860.268010	28.961291	216.329404	28.907574	221.243537	29.027685	226.345086	29.346427	231.557374	29.884809	236.792592	30.658829	241.959632	31.679025	246.973200	32.950842	251.762240	34.475671	256.276407	36.252181	260.489683	38.277519	264.401954	40.547897	268.039266	43.058169	-88.545342	45.800080	-85.269764	48.758709	-82.017352	51.906758	-78.627676	55.196100	-74.882379	58.546247	-70.487583	61.829766	-65.061855	64.857128	-58.159961	67.370837	-49.405664
860.658080	28.996394	216.539623	28.951858	221.451726	29.082426	226.547192	29.412836	231.748921	29.964014	236.968997	30.751884	242.116586	31.786967	247.107019	33.074777	251.870132	34.616882	256.356593	36.412227	260.541513	38.458316	264.425905	40.751740	268.037076	43.287698	-88.570459	46.058127	-85.312520	49.047987	-82.069423	52.229302	-78.675977	55.552386	-74.906243	58.933780	-70.454454	62.240971	-64.921805	65.276499	-57.842601	67.772263	-48.831459
861.047970	29.031611	216.749462	28.996271	221.659476	29.137313	226.748799	29.479411	231.939909	30.043404	237.144790	30.845148	242.272885	31.895147	247.240149	33.198989	251.977313	34.758419	256.436057	36.572661	260.592621	38.639577	264.449143	40.956141	268.034193	43.517895	-88.596225	46.316963	-85.355843	49.338179	-82.121908	52.552877	-78.724397	55.909781	-74.929669	59.322414	-70.419840	62.653101	-64.778379	65.696315	-57.518767	68.173192	-48.246762
861.437810	29.067747	216.957260	29.041749	221.864758	29.193421	226.947490	29.547373	232.127519	30.124366	237.316772	30.940198	242.425005	32.005371	247.368797	33.325567	252.079764	34.902724	256.510640	36.736366	260.638745	38.824722	264.467382	41.165165	268.026365	43.753575	-88.626697	46.582236	-85.403348	49.635802	-82.177502	52.884815	-78.773823	56.276202	-74.950046	59.720118	-70.374537	63.073119	-64.610456	66.120620	-57.147799	68.571842	-47.585481
861.827510	29.103871	217.164984	29.087211	222.069967	29.249508	227.146110	29.615311	232.315061	30.205298	237.488693	31.035213	242.577071	32.115556	247.497399	33.452100	252.182178	35.046978	256.585195	36.900012	260.684853	39.009801	264.485613	41.374113	268.018540	43.989169	-88.657157	46.847413	-85.450836	49.933319	-82.233077	53.216633	-78.823231	56.642491	-74.970415	60.117679	-70.329249	63.492986	-64.442594	66.544773	-56.776963	68.970348	-46.924437
862.217160	29.140586	217.371389	29.133361	222.273589	29.306384	227.342856	29.684146	232.500448	30.287251	237.658189	31.131390	242.726467	32.227075	247.623131	33.580182	252.281584	35.193049	256.656639	37.065809	260.727780	39.197439	264.500641	41.586108	268.007561	44.228370	-88.690623	47.116819	-85.500982	50.235700	-82.290572	53.553892	-78.873082	57.014596	-74.988326	60.520972	-70.275932	63.917596	-64.256474	66.971037	-56.371109	69.365884	-46.207567
862.606690	29.177764	217.576704	29.180046	222.475908	29.363875	227.538073	29.753679	232.684087	30.369995	237.825726	31.228469	242.873711	32.339632	247.746559	33.709468	252.378580	35.340534	256.725599	37.233279	260.768174	39.387070	264.513123	41.800477	267.994080	44.470385	-88.726470	47.389526	-85.553227	50.541883	-82.349582	53.895403	-78.923274	57.391242	-75.004282	60.928735	-70.216251	64.345884	-64.055897	67.398890	-55.937536	69.758980	-45.446523
862.996090	29.214929	217.781951	29.226715	222.678160	29.421346	227.733224	29.823189	232.867664	30.452712	237.993206	31.325516	243.020907	32.452151	247.869946	33.838710	252.475543	35.487969	256.794535	37.400693	260.808555	39.576638	264.525601	42.014774	267.980604	44.712319	-88.762305	47.662142	-85.605456	50.847963	-82.408572	54.236799	-78.973449	57.767761	-75.020233	61.336361	-70.156590	64.774029	-63.855387	67.826599	-55.504108	70.151945	-44.685732
863.385380	29.253166	217.984811	29.274630	222.877556	29.480246	227.925004	29.894328	233.047355	30.537284	238.156324	31.424682	243.163333	32.567110	247.988229	33.970790	252.567128	35.638741	256.857889	37.572064	260.843243	39.770915	264.532336	42.234674	267.961452	44.960882	-88.803543	47.942504	-85.662423	51.162924	-82.470891	54.588068	-79.024054	58.154714	-75.030793	61.754038	-70.080130	65.209969	-63.616810	68.256443	-54.997864	70.536429	-43.811755
863.774600	29.291407	218.187611	29.322548	223.076888	29.539149	228.116716	29.965471	233.226975	30.621859	238.319368	31.523852	243.305686	32.682074	248.106440	34.102875	252.658643	35.789521	256.921175	37.743445	260.877868	39.965206	264.539011	42.454591	267.942245	45.209470	-88.844828	48.222896	-85.719429	51.477920	-82.533233	54.939374	-79.074655	58.541704	-75.041296	62.171743	-70.003514	65.645912	-63.377890	68.686233	-54.490971	70.920758	-42.936785
864.163700	29.330111	218.389344	29.371002	223.274944	29.598667	228.306937	30.037313	233.404891	30.707231	238.480513	31.623933	243.445963	32.798088	248.222430	34.236187	252.747826	35.941743	256.982054	37.916538	260.910034	40.161536	264.543207	42.676936	267.920586	45.460924	-88.888444	48.506631	-85.778471	51.796732	-82.596961	55.294891	-79.125277	58.933083	-75.049029	62.593558	-69.918518	66.084755	-63.119968	69.116014	-53.947869	71.299810	-42.007425
864.552670	29.369454	218.589628	29.420199	223.471263	29.659036	228.495125	30.110126	233.580478	30.793707	238.639061	31.725276	243.583399	32.915557	248.335378	34.371197	252.833809	36.095964	257.039626	38.092002	260.938819	40.360690	264.543990	42.902640	267.895551	45.716345	-88.935273	48.794992	-85.840322	52.120824	-82.662602	55.656232	-79.175934	59.330539	-75.052949	63.021065	-69.821985	66.527628	-62.835878	69.545821	-53.354894	71.671633	-41.003138
864.941530	29.408787	218.789855	29.469381	223.667526	29.719387	228.683260	30.182918	233.756016	30.880159	238.797563	31.826591	243.720796	33.032994	248.448293	34.506168	252.919768	36.250141	257.097181	38.267417	260.967597	40.559788	264.544773	43.128281	267.870523	45.971695	-88.982089	49.083271	-85.902156	52.444824	-82.728224	56.017472	-79.226577	59.727882	-75.056868	63.448451	-69.725479	66.970376	-62.551868	69.975506	-52.762087	72.043351	-39.999135
865.330320	29.449090	218.987985	29.519690	223.861280	29.781033	228.868452	30.257188	233.928175	30.968301	238.952272	31.929845	243.854045	33.152674	248.556762	34.643760	253.001044	36.407408	257.149867	38.446498	260.991369	40.763249	264.540496	43.359103	267.840480	46.233153	-89.033697	49.378649	-85.968159	52.776884	-82.796591	56.387536	-79.276896	60.134314	-75.053989	63.884099	-69.608900	67.418357	-62.222240	70.403326	-52.082935	72.400796	-38.871252
865.718990	29.489554	219.185688	29.570184	224.054535	29.842890	229.053073	30.331700	234.099689	31.056717	239.106267	32.033414	243.986523	33.272717	248.664415	34.781778	253.081470	36.565180	257.201677	38.626178	261.014250	40.967426	264.535325	43.590777	267.809558	46.495619	-89.086138	49.675201	-86.034881	53.110277	-82.865425	56.759059	-79.327143	60.542240	-75.049909	64.321087	-69.488802	67.867140	-61.884632	70.830696	-51.388695	72.755617	-37.721763
866.107600	29.530338	219.382683	29.621049	224.246945	29.905174	229.236704	30.406699	234.270073	31.145691	239.259003	32.137625	244.117627	33.393505	248.770600	34.920666	253.160351	36.723979	257.251880	38.807081	261.035481	41.173059	264.528480	43.824179	267.776969	46.760118	-89.140165	49.974109	-86.102974	53.446331	-82.935126	57.133469	-79.377140	60.953089	-75.043165	64.760624	-69.360957	68.317251	-61.529353	71.256602	-50.661373	73.104327	-36.527718
866.496030	29.571956	219.577817	29.672880	224.437136	29.968567	229.417744	30.482968	234.437498	31.236115	239.408446	32.243503	244.245134	33.516229	248.872947	35.061818	253.235197	36.885454	257.297885	38.991164	261.052408	41.382478	264.517266	44.062077	267.740032	47.029908	-89.198327	50.279145	-86.174641	53.789307	-83.007089	57.515392	-79.426482	61.371537	-75.029467	65.206782	-69.212901	68.770801	-61.127969	71.678658	-49.847751	73.437067	-35.217453
866.884400	29.613566	219.772921	29.724703	224.627297	30.031951	229.598755	30.559225	234.604897	31.326526	239.557866	32.349365	244.372621	33.638933	248.975278	35.202949	253.310031	37.046903	257.343883	39.175218	261.069333	41.591865	264.506053	44.299939	267.703101	47.299656	-89.256479	50.584134	-86.246296	54.132230	-83.079039	57.897255	-79.475816	61.789921	-75.015772	65.652872	-69.064868	69.224281	-60.726648	72.100650	-49.034255	73.769756	-33.907391
867.272710	29.656019	219.966221	29.777502	224.815315	30.096458	229.777258	30.636768	234.769432	31.418411	239.704083	32.456924	244.496618	33.763608	249.073861	35.346390	253.380909	37.211083	257.385762	39.362516	261.082011	41.805110	264.490524	44.542372	267.661864	47.574767	-89.318758	50.895308	-86.321512	54.482098	-83.153158	58.286583	-79.524138	62.215734	-74.993986	66.105142	-68.893440	69.680133	-60.271643	72.516465	-48.121969	74.082900	-32.475088
867.660830	29.698810	220.158676	29.830692	225.002345	30.161414	229.954623	30.714823	234.932685	31.510882	239.848881	32.565157	244.619084	33.889065	249.170814	35.490749	253.450081	37.376351	257.425880	39.551109	261.092884	42.019900	264.473172	44.786639	267.618821	47.852033	-89.382760	51.208971	-86.398205	54.834758	-83.228163	58.678909	-79.572011	62.644514	-74.968780	66.559840	-68.712176	70.136797	-59.794090	72.929488	-47.168220	74.387632	-30.991610
868.048890	29.741750	220.350784	29.884055	225.188965	30.226569	230.131513	30.793105	235.095399	31.603613	239.993086	32.673692	244.740904	34.014872	249.267079	35.635520	253.518531	37.542107	257.465248	39.740283	261.102986	42.235381	264.455033	45.031726	267.574993	48.130260	-89.447511	51.523737	-86.475538	55.188650	-83.303537	59.072543	-79.619611	63.074561	-74.941834	67.015515	-68.525903	70.593599	-59.304988	73.340802	-46.193803	74.688012	-29.485395
868.436830	29.785759	220.540628	29.938659	225.372877	30.293150	230.305245	30.873024	235.254503	31.698225	240.133277	32.784397	244.858335	34.143205	249.358647	35.783259	253.582023	37.711373	257.499451	39.933631	261.107745	42.455826	264.431426	45.282686	267.525684	48.415360	-89.517509	51.846399	-86.557372	55.551349	-83.381520	59.475545	-79.665360	63.513733	-74.902795	67.478317	-68.304762	71.051705	-58.735435	73.740575	-45.075323	74.958441	-27.820372
868.824710	29.829761	220.730442	29.993254	225.556761	30.359721	230.478949	30.952931	235.413583	31.792821	240.273447	32.895085	244.975748	34.271519	249.450202	35.930974	253.645505	37.880613	257.533649	40.126950	261.112504	42.676237	264.407823	45.533607	267.476382	48.700417	-89.587497	52.169010	-86.639193	55.913992	-83.459491	59.878485	-79.711102	63.952837	-74.863763	67.941046	-68.083656	71.509741	-58.165970	74.140286	-43.957016	75.228828	-26.155607
869.212400	29.874437	220.918754	30.048631	225.738877	30.427191	230.650604	31.033869	235.570342	31.888604	240.411033	33.007145	245.090355	34.401432	249.538759	36.080572	253.705826	38.052085	257.564543	40.322923	261.113851	42.899805	264.380731	45.788260	267.423585	48.989829	-89.660846	52.496603	-86.723887	56.282150	-83.539038	60.287217	-79.755256	64.397431	-74.815645	68.407676	-67.836273	71.967182	-57.535578	74.529726	-42.734064	75.476647	-24.392403
869.600100	29.919688	221.105907	30.104675	225.919611	30.495432	230.820643	31.115694	235.725254	31.985406	240.546547	33.120384	245.202696	34.532720	249.624882	36.231787	253.763564	38.225470	257.592726	40.521170	261.112384	43.126072	264.350749	46.046100	267.367881	49.282958	-89.737001	52.828446	-86.810986	56.655017	-83.619920	60.700902	-79.798119	64.846744	-74.760012	68.877724	-67.567109	72.424328	-56.854656	74.910859	-41.424265	75.705957	-22.547239
869.987610	29.964918	221.292969	30.160692	226.100257	30.563640	230.990599	31.197479	235.880089	32.082161	240.681994	33.233567	245.314983	34.663944	249.710963	36.382928	253.821275	38.398771	257.620895	40.719319	261.110917	43.352228	264.320782	46.303814	267.312205	49.575944	-89.813118	53.160126	-86.898043	57.027700	-83.700761	61.114385	-79.840961	65.295837	-74.704407	69.347542	-67.298076	72.881250	-56.174067	75.291806	-40.115108	75.935154	-20.702979
870.375060	30.011394	221.477483	30.218160	226.277865	30.633521	231.157008	31.281190	236.030884	32.181137	240.812946	33.349325	245.422353	34.798177	249.791759	36.537613	253.873390	38.576271	257.643200	40.922462	261.103327	43.584308	264.284513	46.568510	267.250151	49.877049	45.126213	53.501040	-86.990347	57.410531	-83.784332	61.538404	-79.880134	65.754675	-74.629398	69.823597	-66.972434	73.334587	-55.361823	75.648617	-38.593361	76.118142	-18.697037
870.762330	30.057891	221.661829	30.275649	226.455291	30.703425	231.323224	31.364926	236.181476	32.280141	240.943688	33.465114	245.529512	34.932448	249.872344	36.692344	253.925297	38.753829	257.665301	41.125675	261.095539	43.816477	264.248053	46.833315	267.187914	50.178283	184.460978	53.842102	-87.082783	57.793521	-83.867954	61.962576	-79.919168	66.213625	-74.553783	70.299639	-66.645072	73.787598	-54.545606	76.004467	-37.065294	76.299522	-16.686678
871.149600	30.104903	221.845154	30.333737	226.631498	30.774021	231.488020	31.449459	236.330449	32.380065	241.072625	33.581974	245.634696	35.067970	249.950801	36.848550	253.974944	38.933134	257.685014	41.330965	261.085258	44.051107	264.209004	47.101011	267.123048	50.482866	269.937187	54.186951	-87.177399	58.180639	-83.952649	62.390973	-79.956346	66.676356	-74.468814	70.777724	-66.290028	74.237772	-53.665092	76.347765	-35.442487	76.460147	-14.623076
871.536680	30.152711	222.026769	30.392748	226.805682	30.845681	231.650481	31.535216	236.476780	32.481402	241.198632	33.700475	245.736693	35.205413	250.025841	37.007019	254.020979	39.115127	257.700925	41.539450	261.071024	44.289528	264.165864	47.373168	267.054038	50.792616	269.848178	54.537646	-87.275433	58.574123	-84.039006	62.825870	-79.990558	67.144864	-74.369032	71.258819	-65.891200	74.683222	-52.682910	76.670962	-33.670036	76.587740	-12.475938
871.923710	30.200513	222.208361	30.451752	226.979845	30.917332	231.812920	31.620963	236.623092	32.582726	241.324622	33.818961	245.838677	35.342837	250.100872	37.165468	254.067007	39.297097	257.716835	41.747908	261.056791	44.527918	264.122730	47.645289	266.985037	51.102327	269.759181	54.888294	-87.373454	58.967557	-84.125352	63.260710	-80.024766	67.613311	-74.269262	71.739852	-65.492423	75.128614	-51.700854	76.994117	-31.897813	76.715316	-10.329078
872.310610	30.249403	222.387726	30.512018	227.151380	30.990441	231.972315	31.708389	236.765941	32.685992	241.446760	33.939700	245.936466	35.482904	250.171399	37.327036	254.108233	39.482764	257.727687	41.960757	261.037255	44.771507	264.074074	47.923507	266.910391	51.419069	269.664687	55.246846	-87.476178	59.369517	-84.213868	63.704132	-80.054129	68.089097	-74.145928	72.223713	-65.022698	75.564166	-50.555531	77.284076	-29.915549	76.796065	-8.108799
872.697450	30.298557	222.566531	30.572590	227.322257	31.063901	232.130950	31.796220	236.907931	32.789726	241.567942	34.060985	246.033217	35.623608	250.240815	37.489357	254.148277	39.669325	257.737296	42.174670	261.016419	45.016354	264.024066	48.203201	266.834363	51.737514	269.568850	55.607311	-87.580048	59.773541	-84.302910	64.149629	-80.082299	68.566650	-74.016818	72.708234	-64.535588	75.997272	-49.370209	77.565866	-27.881866	76.865313	-5.870659
873.084110	30.347991	222.744658	30.633486	227.492350	31.137736	232.288690	31.884483	237.048920	32.893958	241.688029	34.182850	246.128785	35.764995	250.308971	37.652487	254.186995	39.856847	257.745515	42.389727	260.994126	45.262558	263.972549	48.484482	266.756793	52.057784	269.471503	55.969810	-87.685194	60.179730	-84.392472	64.597246	-80.108800	69.045874	-73.879908	73.192897	-64.024603	76.426212	-48.131281	77.836482	-25.791946	76.921310	-3.626068
873.470700	30.398506	222.920616	30.695640	227.659872	31.213026	232.443448	31.974428	237.186524	33.000137	241.804355	34.306987	246.220241	35.909046	250.372703	37.818763	254.221002	40.048105	257.748748	42.609219	260.966566	45.514003	263.915531	48.771892	266.673560	52.385090	269.368579	56.340164	-87.795088	60.594309	-84.484031	65.053151	-80.129334	69.531823	-73.714757	73.678792	-63.427029	76.840819	-46.697805	78.067335	-23.496753	76.929757	-1.354941
873.857180	30.449007	223.096525	30.757777	227.827347	31.288294	232.598161	32.064347	237.324088	33.106286	241.920648	34.431088	246.311672	36.053056	250.436416	37.984993	254.255000	40.239309	257.751980	42.828649	260.939014	45.765376	263.858528	49.059219	266.590350	52.712303	269.265685	56.710411	-87.904950	61.008770	-84.575565	65.508926	-80.149862	70.017633	-73.549653	74.164548	-62.829625	77.255308	-45.264738	78.298123	-21.202213	76.938201	0.915540
874.243590	30.500405	223.270654	30.820956	227.992718	31.364769	232.750434	32.155661	237.458892	33.214053	242.033872	34.557077	246.399748	36.199285	250.496513	38.153845	254.285133	40.433625	257.751093	43.051769	260.907112	46.021102	263.796934	49.351619	266.502383	53.045309	269.158081	57.087077	-88.018848	61.430010	-84.668674	65.971262	-80.164430	70.508408	-73.356426	74.649693	-62.143993	77.653333	-43.642216	78.490951	-18.758517	76.908415	3.167952
874.629880	30.552317	223.443705	30.884733	228.156822	31.441934	232.901247	32.247773	237.592051	33.322747	242.145275	34.684146	246.485840	36.346785	250.554478	38.324199	254.312995	40.629725	257.747792	43.277007	260.872665	46.279326	263.732663	49.646931	266.411646	53.381644	269.047740	57.467427	-88.135087	61.855136	-84.762689	66.437349	-80.175502	71.001992	-73.146759	75.134380	-61.406798	78.041630	-41.909000	78.661494	-16.227911	76.856230	5.409314
875.016050	30.604276	223.616585	30.948563	228.320736	31.519158	233.051851	32.339952	237.724985	33.431519	242.256439	34.811307	246.571683	36.494392	250.612182	38.494682	254.340589	40.825978	257.744215	43.502430	260.837933	46.537769	263.668097	49.942499	266.320607	53.718267	268.937102	57.848092	-88.251575	62.280582	-84.856779	66.903720	-80.186086	71.495720	-72.934839	75.618744	-60.662380	78.428315	-40.161561	78.829150	-13.690671	76.801652	7.646393
875.402160	30.657646	223.786739	31.014034	228.481429	31.598285	233.198722	32.434332	237.853680	33.542847	242.362888	34.941451	246.652362	36.645509	250.664299	38.669316	254.362187	41.027152	257.734246	43.733678	260.796374	46.803062	263.596290	50.246016	266.221970	54.063918	268.818870	58.238679	-88.374626	62.716386	-84.953262	67.379891	-80.185482	71.996214	-72.669491	76.099060	-59.746263	78.780555	-38.074017	78.931439	-10.982723	76.691547	9.800440
875.788090	30.710991	223.956815	31.079475	228.642046	31.677375	233.345524	32.528668	237.982316	33.654124	242.469287	35.071535	246.733004	36.796556	250.716392	38.843868	254.383776	41.228231	257.724282	43.964819	260.754834	47.068231	263.524517	50.549392	266.123379	54.409408	268.700693	58.629085	-88.497620	63.151987	-85.049701	67.855841	-80.184878	72.496476	-72.404268	76.579153	-58.830573	79.132630	-35.987446	79.033681	-8.276039	76.581494	11.953483
876.173950	30.765008	224.125572	31.145698	228.801109	31.757371	233.490535	32.624055	238.108921	33.766623	242.573432	35.203050	246.811178	36.949287	250.765820	39.020414	254.402502	41.431676	257.711252	44.198757	260.710005	47.336684	263.449221	50.856564	266.021074	54.759182	268.578747	59.024153	-88.623878	63.592385	-85.147195	68.336202	-80.177680	72.999363	-72.107162	77.055272	-57.810349	79.462961	-33.720643	79.102807	-5.529932	76.447481	14.046278
876.559750	30.819848	224.292735	31.212878	228.958288	31.838477	233.633373	32.720729	238.233063	33.880617	242.674839	35.336317	246.886353	37.104080	250.812009	39.199401	254.417743	41.638014	257.694486	44.436118	260.661168	47.609154	263.369632	51.168378	265.914240	55.114196	268.452203	59.424926	-88.754118	64.038653	-85.245982	68.821966	-80.162451	73.505482	-71.771212	77.526584	-56.662753	79.766834	-31.234204	79.131608	-2.735638	76.284280	16.065841
876.945370	30.874662	224.459819	31.280026	229.115393	31.919545	233.776145	32.817358	238.357146	33.994558	242.776199	35.469521	246.961492	37.258801	250.858176	39.378303	254.432977	41.844256	257.677728	44.673367	260.612353	47.881496	263.290079	51.480047	265.807456	55.469043	268.325719	59.825513	-88.884298	64.484713	-85.344723	69.307504	-80.147229	74.011364	-71.435419	77.997676	-55.515693	80.070565	-28.748925	79.160396	0.057353	76.121155	18.084462
877.330930	30.930799	224.624394	31.348715	229.269535	32.002401	233.915486	32.916063	238.477343	34.110919	242.873230	35.605560	247.031904	37.416862	250.899195	39.561160	254.442654	42.055184	257.654964	44.916148	260.557063	48.160309	263.203540	51.799158	265.693194	55.832232	268.191599	60.235092	-89.021191	64.939897	-85.445435	69.801179	-80.116280	74.521144	-71.021379	78.456049	-54.108411	80.320877	-25.906883	79.125193	2.833515	75.917734	19.962479
877.716370	30.987139	224.788507	31.417639	229.423144	32.085528	234.054221	33.015083	238.596863	34.227646	242.969519	35.742028	247.101516	37.575429	250.939352	39.744617	254.451411	42.266824	257.631215	45.159773	260.500720	48.440110	263.115872	52.119406	265.577731	56.196693	268.056257	60.646038	-89.159153	65.396457	-85.546444	70.296057	-80.082745	75.031421	-70.594546	78.912192	-52.658595	80.562304	-23.006786	79.079442	5.606108	75.707724	21.816760
878.101750	31.043890	224.951815	31.487042	229.575810	32.169212	234.191871	33.114749	238.715161	34.345127	243.064452	35.879380	247.169637	37.735039	250.977895	39.929309	254.458420	42.479928	257.605575	45.405122	260.442320	48.721921	263.025967	52.441954	265.459852	56.563712	267.918400	61.059710	-89.299346	65.855733	-85.648034	70.793255	-80.043105	75.542367	-70.136173	79.362117	-51.104041	80.783449	-20.008602	79.014866	8.345913	75.487157	23.623657
878.487000	31.101793	225.112896	31.557787	229.725863	32.254454	234.326511	33.216224	238.830061	34.464720	243.155615	36.019209	247.233612	37.897572	251.011943	40.117461	254.460560	42.697127	257.574667	45.655300	260.378187	49.009359	262.929819	52.770942	265.335229	56.937890	267.773520	61.481015	-89.445770	66.322617	-85.751251	71.296967	-79.986454	76.055227	-69.589880	79.794765	-49.257526	80.948107	-16.736846	78.897832	10.994631	75.237158	25.298710
878.872130	31.159677	225.273928	31.628510	229.875869	32.339669	234.461109	33.317668	238.944926	34.584275	243.246750	36.158995	247.297568	38.060055	251.045980	40.305554	254.462699	42.914259	257.543767	45.905400	260.314073	49.296708	262.833701	53.099827	265.210645	57.311951	267.628685	61.902190	-89.592147	66.789355	-85.854436	71.800523	-79.929821	76.567927	-69.043757	80.227278	-47.411587	81.112714	-13.466109	78.780834	13.642524	74.987237	26.973241
879.257140	31.218636	225.432900	31.700483	230.023463	32.426337	234.592930	33.420801	239.056655	34.705802	243.334395	36.301095	247.357701	38.225267	251.075856	40.496877	254.460313	43.135212	257.507934	46.159993	260.244564	49.589273	262.731641	53.434643	265.079555	57.692549	267.476966	62.330244	2.825645	67.262831	-85.959089	72.309571	-79.853525	77.080765	-68.390739	80.636062	-45.222217	81.218107	-10.029579	78.620858	16.154635	74.715251	28.526854
879.642090	31.278129	225.590848	31.773077	230.169858	32.513727	234.723371	33.524775	239.166825	34.828309	243.420306	36.444346	247.415935	38.391835	251.103663	40.689806	254.455679	43.358064	257.469648	46.416817	260.172374	49.884430	262.626628	53.772407	264.945231	58.076396	267.321825	62.761718	141.251940	67.739653	-86.064472	72.821350	-79.767455	77.593671	-67.684592	81.033050	-42.862148	81.294068	-6.510646	78.439520	18.599254	74.432298	30.020364
880.026920	31.337721	225.748533	31.845785	230.315955	32.601248	234.853481	33.628901	239.276631	34.950995	243.505824	36.587806	247.473745	38.558652	251.131017	40.883030	254.450560	43.581266	257.430841	46.674054	260.099616	50.180064	262.520990	54.110707	264.810217	58.460825	267.165944	63.193787	269.943155	68.217030	-86.169978	73.333513	-79.678741	78.106221	-66.963254	81.426270	-40.457787	81.363397	-2.988819	78.254367	21.025754	74.147568	31.501309
880.411620	31.398851	225.903327	31.920288	230.458656	32.690857	234.979688	33.735456	239.382017	35.076520	243.586438	36.734603	247.526153	38.729408	251.152455	41.080913	254.438984	43.809968	257.384948	46.937736	260.019032	50.483150	262.406641	54.457423	264.665508	58.854442	266.999634	63.635407	269.777126	68.703572	-86.277508	73.852734	-79.554557	78.615998	-66.037343	81.770906	-37.455765	81.344874	0.584869	78.017821	23.220752	73.838152	32.820933
880.796260	31.459971	226.058096	31.994780	230.601334	32.780451	235.105874	33.841994	239.487385	35.202026	243.667038	36.881377	247.578552	38.900137	251.173889	41.278764	254.427411	44.038634	257.339063	47.201378	259.938460	50.786188	262.292310	54.804085	264.520822	59.247997	266.833349	64.076959	269.611123	69.190039	-86.385022	74.371875	-79.430393	79.125695	-65.111577	82.115490	-34.454212	81.326354	4.157999	77.781312	25.415407	73.528783	34.140350
881.180790	31.521886	226.211365	32.070196	230.742257	32.871121	235.230041	33.949787	239.590478	35.328999	243.745106	37.029876	247.628165	39.072902	251.192271	41.479024	254.412488	44.270139	257.289483	47.468337	259.853763	51.093042	262.173333	55.155023	264.370881	59.646168	266.661281	64.523234	269.439634	69.680937	-86.493570	74.894146	-79.282607	79.631742	-64.039846	82.425104	-31.107720	81.264542	7.658144	77.523457	27.485902	73.209720	35.384116
881.565190	31.584695	226.362940	32.146654	230.881198	32.963003	235.351932	34.058992	239.691006	35.457623	243.820319	37.180315	247.674637	39.247959	251.207216	41.681993	254.393795	44.504837	257.235744	47.739029	259.764420	51.404186	262.049126	55.510770	264.215023	60.049531	266.482700	64.974824	269.261969	70.176816	-86.603281	75.419937	-79.108220	80.133672	-62.803741	82.695329	-27.372797	81.153975	11.076035	77.241566	29.416530	72.879743	36.542660
881.949460	31.647483	226.514464	32.223086	231.020093	33.054853	235.473781	34.168160	239.791501	35.586204	243.895507	37.330704	247.721093	39.422956	251.222156	41.884893	254.375108	44.739455	257.182023	48.009629	259.675108	51.715225	261.924960	55.866397	264.059219	60.452758	266.304180	65.426260	269.084364	70.672527	-86.712954	75.945549	-78.933893	80.635431	-61.568053	82.965463	-23.639138	81.043445	14.492771	76.959769	31.346506	72.549878	37.700811
882.333680	31.711796	226.663225	32.301298	231.155747	33.148778	235.591893	34.279748	239.887771	35.717620	243.965970	37.484428	247.762324	39.601891	251.231336	42.092443	254.350049	44.979543	257.121210	48.286596	259.577792	52.033542	261.791646	56.230115	263.892895	60.864626	266.113810	65.886413	268.895193	71.176247	-86.824595	76.476269	-78.700595	81.124422	-59.940117	83.149240	-19.305020	80.861457	17.634029	76.646615	33.054866	72.206435	38.733045
882.717770	31.776320	226.811519	32.379755	231.290866	33.242988	235.709401	34.391666	239.983372	35.849424	244.035695	37.638608	247.802752	39.781364	251.239641	42.300630	254.324033	45.220381	257.059344	48.564438	259.479296	52.352859	261.656990	56.594942	263.725031	61.277671	265.921706	66.347739	268.704332	71.681019	-86.936497	77.007592	-78.458443	81.611325	-58.253315	83.319884	-14.881378	80.668709	20.732581	76.328813	34.729132	71.861046	39.745886
883.101750	31.841306	226.958919	32.458750	231.424945	33.337825	235.825723	34.504317	240.077636	35.982086	244.103938	37.793798	247.841544	39.962030	251.246144	42.510224	254.296023	45.462871	256.995245	48.844195	259.378260	52.674351	261.519394	56.962161	263.553723	61.693228	265.725615	66.811540	268.509439	72.187983	-87.049003	77.540020	-78.191367	82.091149	-56.388718	83.458573	-10.349976	80.457929	23.724239	76.003745	36.340974	71.512764	40.724298
883.485660	31.907613	227.103928	32.539287	231.556223	33.434459	235.938830	34.619068	240.168254	36.117208	244.168112	37.951884	247.875825	40.146113	251.247655	42.723846	254.262468	45.710088	256.924914	49.129433	259.270122	53.002068	261.373565	57.336236	263.372757	62.116006	265.518347	67.282488	268.303249	72.701337	-87.163252	78.075834	-77.855024	82.551643	-54.030046	83.508750	-5.517040	80.197028	26.421367	75.658333	37.780738	71.156246	41.607855
883.869450	31.973899	227.248892	32.619799	231.687460	33.531062	236.051901	34.733783	240.258843	36.252288	244.232266	38.109920	247.910096	40.330137	251.249166	42.937401	254.228924	45.957227	256.854604	49.414582	259.162017	53.329683	261.227782	57.710194	263.191848	62.538652	265.311144	67.753289	268.097124	73.214531	-87.277464	78.611480	-77.518786	83.011994	-51.672112	83.558911	-0.685614	79.936208	29.117651	75.313030	39.220051	70.799839	42.491135
884.253110	32.041387	227.391663	32.701717	231.816134	33.629306	236.162029	34.850415	240.346103	36.389618	244.292703	38.270607	247.940237	40.517290	251.246092	43.154644	254.190259	46.208682	256.778495	49.704709	259.047236	53.662911	261.074130	58.090266	263.001500	62.967638	265.092726	68.230238	267.879211	73.733043	-87.393280	79.149070	-77.092926	83.442006	-48.650036	83.525308	4.101180	79.640220	31.541824	74.954211	40.522376	70.438511	43.299310
884.636720	32.109499	227.533310	32.784363	231.943493	33.728401	236.270645	34.968041	240.431651	36.528115	244.351226	38.432668	247.968251	40.706064	251.240654	43.373798	254.148951	46.462372	256.699392	49.997415	258.929009	53.999048	260.916415	58.473506	262.806276	63.399912	264.868516	68.710377	267.655213	74.254320	-87.509927	79.687684	-76.620845	83.856396	-45.285434	83.448520	8.865177	79.326088	33.825819	74.588407	41.754136	70.074631	44.068801
885.020140	32.177676	227.674712	32.867085	232.070584	33.827583	236.378971	35.085769	240.516889	36.666730	244.409418	38.594870	247.995916	40.895006	251.234843	43.593150	254.107241	46.716295	256.619843	50.290388	258.810273	54.335479	260.758099	58.857053	262.610317	63.832478	264.643395	69.190758	267.430199	74.775744	-87.626667	80.226089	-76.138230	84.266433	-41.847268	83.365736	13.600170	79.010009	36.088828	74.222010	42.975869	69.710692	44.832704
885.403500	32.247655	227.812944	32.951911	232.193964	33.929221	236.483024	35.206372	240.597286	36.808718	244.462170	38.761043	248.017513	41.088630	251.222267	43.818006	254.057899	46.976636	256.531561	50.590728	258.681324	54.680152	260.587548	59.249473	262.399380	64.274095	264.399864	69.679727	267.184925	75.304403	-87.746107	80.765441	-75.461509	84.601598	-37.052869	83.174149	17.853895	78.656078	37.993402	73.841721	44.027588	69.342520	45.502570
885.786800	32.317623	227.951154	33.036723	232.317325	34.030843	236.587061	35.326956	240.677670	36.950684	244.514913	38.927189	248.039106	41.282223	251.209692	44.042827	254.008566	47.236936	256.443293	50.891022	258.552395	55.024772	260.417023	59.641831	262.188476	64.715644	264.156371	70.168619	266.939690	75.832978	-87.865528	81.304708	-74.784894	84.936711	-32.259220	82.982593	22.106955	78.302203	39.897678	73.461492	45.079142	68.974406	46.172332
886.169980	32.388440	228.087817	33.122527	232.438883	34.133624	236.689028	35.448896	240.755716	37.094241	244.565044	39.095209	248.057783	41.478021	251.193843	44.270235	253.955528	47.500242	256.350757	51.194742	258.418413	55.373185	260.240343	60.038209	261.969832	65.161201	263.903026	70.661200	266.683020	76.364515	-87.986454	81.842859	-73.963017	85.214528	-26.735692	82.750704	26.039195	77.935632	41.656562	73.077005	46.062329	68.605544	46.803575
886.552980	32.460315	228.222530	33.209569	232.558173	34.237850	236.788396	35.572523	240.830825	37.239783	244.611896	39.265564	248.072802	41.676568	251.173891	44.500869	253.897852	47.767293	256.252879	51.502733	258.278107	55.726326	260.055961	60.439594	261.741502	65.611747	263.637353	71.158364	266.412040	76.899722	-88.109257	82.379571	-72.959147	85.420515	-20.297844	82.468284	29.569053	77.553179	43.233091	72.687211	46.959756	68.235772	47.386495
886.935970	32.532189	228.357240	33.296609	232.677460	34.342073	236.887761	35.696148	240.905931	37.385321	244.658747	39.435914	248.087821	41.875109	251.153940	44.731497	253.840178	48.034337	256.155004	51.810716	258.137805	56.079458	259.871584	60.840969	261.513178	66.062282	263.371686	71.655516	266.141067	77.434915	-88.232056	82.916269	-71.955303	85.626497	-13.860163	82.185872	33.098820	77.170735	44.809579	72.297428	47.857159	67.866010	47.969400
887.318790	32.605710	228.489024	33.385573	232.793333	34.448545	236.983215	35.822409	240.976607	37.533954	244.700611	39.609907	248.097244	42.077939	251.127683	44.967141	253.775296	48.307186	256.048709	52.125272	257.987399	56.439790	259.674632	61.249861	261.268621	66.520144	263.084569	72.159206	265.843635	77.975173	-88.358352	83.446354	-70.479197	85.683763	-6.621964	81.848761	36.031128	76.771708	46.158604	71.902826	48.645632	67.496526	48.489527
887.701540	32.679555	228.620209	33.474915	232.908510	34.555459	237.077874	35.949187	241.046387	37.683194	244.741470	39.784615	248.105543	42.281611	251.100164	45.203771	253.708974	48.581173	255.940734	52.441118	257.834979	56.801534	259.475174	61.660222	261.020829	66.979434	262.793172	72.664162	265.540921	78.516397	-88.485337	83.975062	-68.908433	85.711171	0.776243	81.500702	38.843234	76.369390	47.461846	71.507295	49.412166	67.127133	48.997004
888.084170	32.753831	228.750583	33.564762	233.022749	34.662963	237.171463	36.076656	241.114957	37.833245	244.780974	39.960279	248.112323	42.486405	251.070927	45.441711	253.640679	48.856668	255.830437	52.758656	257.679732	57.165105	259.272126	62.072446	260.768267	67.440475	262.495184	73.170598	265.229483	79.058684	-88.613536	84.499402	-67.099002	85.697754	8.042306	81.142862	41.520973	75.964271	48.715503	71.111262	50.154145	66.758267	49.489962
888.466740	32.829709	228.878210	33.656485	233.133773	34.772661	237.261343	36.206695	241.179304	37.986316	244.815713	40.139496	248.113724	42.695372	251.035575	45.684521	253.565328	49.137769	255.711806	53.082491	257.514319	57.535496	259.056160	62.491666	260.498561	67.908162	262.173547	73.682768	264.886830	79.605260	-88.746157	85.008761	-64.441947	85.539626	14.846954	80.750012	43.725035	75.548832	49.794617	70.713077	50.809805	66.390919	49.931932
888.849120	32.905549	229.005773	33.748162	233.244742	34.882305	237.351179	36.336670	241.243619	38.139311	244.850435	40.318624	248.115124	42.904235	251.000240	45.927211	253.490014	49.418729	255.593234	53.406166	257.348988	57.905704	258.840301	62.910678	260.228988	68.375617	261.852069	74.194683	264.544347	80.151564	-88.878711	85.517866	-61.786212	85.381577	21.648222	80.357357	45.928003	75.133600	50.873195	70.315089	51.465138	66.023753	50.373682
889.231450	32.982666	229.131154	33.841332	233.353161	34.993697	237.438076	36.468694	241.304593	38.294715	244.881367	40.500583	248.112234	43.116417	250.960001	46.173760	253.408986	49.704104	255.467827	53.734757	257.175168	58.281161	258.613430	63.334954	259.944314	68.847902	261.508772	74.710557	264.170676	80.700692	-89.016278	85.997826	-57.717763	85.137679	27.492192	79.946871	47.841050	74.713534	51.841295	69.916975	52.063673	65.658630	50.781018
889.613710	33.060607	229.255102	33.935467	233.459908	35.106218	237.523049	36.602041	241.363382	38.451674	244.909825	40.684368	248.106547	43.330739	250.916570	46.422800	253.324241	49.992326	255.337976	54.066519	256.995832	58.660003	258.379406	63.762620	259.649826	69.323289	261.151290	75.228961	263.776715	81.251605	-89.157097	86.458744	-52.729067	84.837857	32.711733	79.524805	49.564972	74.290360	52.737303	69.518818	52.625133	65.294874	51.165887
889.995790	33.138512	229.378991	34.029557	233.566604	35.218686	237.607981	36.735325	241.422144	38.608558	244.938270	40.868066	248.100863	43.544961	250.873159	46.671722	253.239535	50.280414	255.208187	54.398125	256.816581	59.038667	258.145491	64.190084	259.355477	69.798452	260.793976	75.747122	263.382940	81.802260	-89.297849	86.919446	-47.742721	84.538176	37.928816	79.102937	51.288082	73.867385	53.632889	69.120848	53.186329	64.931290	51.550574
890.377810	33.218564	229.499257	34.126162	233.669058	35.334098	237.688023	36.872064	241.475321	38.769497	244.960375	41.056526	248.087944	43.764751	250.821408	46.927093	253.145031	50.575832	255.066519	54.737811	256.622346	59.425814	257.891656	64.625834	259.032903	70.280888	260.393712	76.270841	262.921800	82.356718	-89.451804	87.248298	-37.792080	84.151155	41.634656	78.662706	52.648388	73.440481	54.381486	68.724664	53.668828	64.572156	51.886380
890.759770	33.298628	229.619465	34.222779	233.771449	35.449524	237.767998	37.008819	241.528428	38.930456	244.982406	41.245011	248.074947	43.984569	250.769571	47.182495	253.050433	50.871287	254.924741	55.077534	256.427973	59.812997	257.637637	65.061610	258.710065	70.763330	259.993032	76.794541	262.459981	82.911133	-89.605883	87.575630	-27.787685	83.763221	45.323085	78.222339	54.004442	73.013600	55.128329	68.328562	54.150375	64.213128	52.221589
891.141540	33.379484	229.738235	34.320324	233.872173	35.566035	237.846070	37.146844	241.579370	39.092905	245.001987	41.435243	248.059161	44.206427	250.714512	47.440247	252.952020	51.169388	254.778286	55.420131	256.227597	60.203124	257.375422	65.500138	258.375172	71.247991	259.572867	77.319662	261.963949	83.466396	-38.814395	87.787990	-16.003030	83.356759	48.598132	77.778119	55.256282	72.586590	55.829793	67.933909	54.606601	63.856267	52.540678
891.523250	33.461738	229.854648	34.419507	233.970140	35.684463	237.920966	37.287117	241.626676	39.257994	245.017428	41.628570	248.038636	44.431897	250.653950	47.702162	252.847069	51.472184	254.623799	55.767839	256.016898	60.598516	257.099122	65.943640	258.019602	71.736748	259.119365	77.847553	261.409545	84.023480	98.423199	87.805486	-1.190698	82.918590	51.174271	77.327060	56.332219	72.159068	56.454769	67.541444	55.020195	63.502839	52.832645
891.904850	33.543968	229.971027	34.518661	234.068078	35.802857	237.995841	37.427349	241.673968	39.423036	245.032864	41.821842	248.018116	44.657302	250.593405	47.964001	252.742149	51.774893	254.469356	56.115448	255.806260	60.993794	256.822902	66.387013	257.664134	72.225364	258.665994	78.375293	260.855300	84.580403	235.621244	87.822978	13.617366	82.480547	53.749668	76.876132	57.407846	71.731669	57.079565	67.149093	55.433668	63.149513	53.124528
892.286320	33.627886	230.084523	34.619793	234.162659	35.923569	238.066837	37.570301	241.716832	39.591267	245.043240	42.018850	247.991781	44.887053	250.526073	48.230826	252.629078	52.083179	254.304756	56.469039	255.582298	61.395080	256.528016	66.835808	257.280110	72.718021	258.163487	78.905105	260.202961	85.138670	269.659393	87.598778	25.239984	82.021682	55.765414	76.421213	58.322495	71.305562	57.629190	66.760412	55.803585	62.800902	53.388054
892.667720	33.712357	230.197053	34.721573	234.256118	36.045042	238.136540	37.714146	241.758222	39.760546	245.051934	42.217085	247.963515	45.118231	250.456493	48.499289	252.513306	52.393294	254.136794	56.824592	255.353927	61.798334	256.226952	67.286372	256.886629	73.211986	257.644696	79.435568	259.518087	85.697344	269.430969	87.294317	35.803750	81.555934	57.595133	75.965000	59.183612	70.879915	58.153809	66.372977	56.159009	62.453882	53.642142
893.049010	33.797108	230.309053	34.823681	234.348966	36.166897	238.205548	37.858439	241.798823	39.930350	245.059733	42.415933	247.934222	45.350120	250.385709	48.768559	252.396082	52.704301	253.966998	57.181079	255.123103	62.202488	255.922344	67.737678	256.487475	73.706378	257.115372	79.966008	258.808481	86.255998	269.183868	86.971523	45.686687	81.088411	59.360485	75.508712	60.023238	70.454828	58.667685	65.986389	56.507976	62.107819	53.891935
893.430180	33.883888	230.417647	34.928167	234.437832	36.291538	238.269963	38.005997	241.834151	40.103985	245.061472	42.619258	247.897923	45.587198	250.306656	49.043742	252.268824	53.021854	253.784504	57.544479	254.875275	62.613394	255.593229	68.194749	256.049237	74.204470	256.513815	80.497166	257.930131	86.815431	268.809805	86.523976	50.972702	80.608099	60.692593	75.051158	60.718633	70.032834	59.109615	65.604911	56.813763	61.767672	54.113034
893.811280	33.970652	230.526221	35.032634	234.526681	36.416156	238.334365	38.153528	241.869472	40.277588	245.063211	42.822546	247.861630	45.824233	250.227617	49.318875	252.141589	53.339348	253.602042	57.907812	254.627492	63.024226	255.264174	68.651737	255.611079	74.702472	255.912367	81.028226	257.051942	87.374762	268.435811	86.076511	56.257745	80.127874	62.024457	74.593687	61.413899	69.610917	59.551464	65.223503	57.119495	61.427587	54.334094
894.192260	34.058616	230.632766	35.138504	234.613164	36.542418	238.396031	38.302985	241.901649	40.453445	245.061335	43.028461	247.821122	46.064298	250.143569	49.597437	252.008204	53.660595	253.411671	58.275024	254.368892	63.438706	254.919047	69.111578	255.146072	75.201767	255.257072	81.558112	256.020876	87.933759	267.620854	85.604076	60.280983	79.644297	63.185045	74.137005	62.043774	69.191596	59.958646	64.845516	57.403727	61.091195	54.540588
894.573120	34.147755	230.737320	35.245750	234.697325	36.670293	238.455011	38.454330	241.930741	40.631511	245.055912	43.236951	247.776478	46.307335	250.054606	49.879363	251.868787	53.985519	253.213541	58.646040	254.099682	63.856762	254.558155	69.574217	254.654730	75.702329	254.548957	82.086842	254.839847	88.492427	266.373331	85.107150	63.066404	79.157433	64.177610	73.681099	62.609496	68.774824	60.331817	64.470889	57.666867	60.758428	54.732793
894.953860	34.236866	230.841841	35.352962	234.781460	36.798126	238.513973	38.605627	241.959824	40.809521	245.050492	43.445376	247.731848	46.550296	249.965672	50.161200	251.729414	54.310341	253.015473	59.016939	253.830557	64.274687	254.197377	70.036711	254.163544	76.202733	253.841066	82.615405	253.659191	89.050918	265.126201	84.610380	65.850948	78.670722	65.169862	73.225337	63.175040	68.358184	60.704871	64.096380	57.929924	60.425766	54.924938
895.334530	34.328142	230.942800	35.462714	234.861415	36.928936	238.568090	38.760411	241.983317	40.991609	245.038585	43.658546	247.679622	46.798706	249.867597	50.449156	251.578653	54.641774	252.802496	59.394531	253.540563	64.698647	253.804558	70.503430	253.616124	76.703800	253.009586	83.137643	252.030962	89.215044	208.631483	84.097729	67.623399	78.182412	65.953132	72.772690	63.650595	67.946931	61.027531	63.728242	58.160781	60.099689	55.094880
895.715090	34.419692	231.043242	35.572786	234.940772	37.060120	238.621525	38.915635	242.006034	41.174210	245.025787	43.872313	247.626361	47.047803	249.768288	50.737881	251.426361	54.974031	252.587519	59.772947	253.247768	65.123328	253.407425	70.970608	253.061096	77.204827	252.161286	83.658872	250.341461	89.324759	144.535246	83.583024	69.255857	77.694009	66.707385	72.320592	64.113619	67.536530	61.343158	63.361080	58.387138	59.774607	55.261716
896.095520	34.511851	231.142615	35.683572	235.018889	37.192140	238.673531	39.071836	242.027102	41.357953	245.011083	44.087402	247.570852	47.298408	249.666262	51.028281	251.270647	55.308064	252.367987	60.153097	252.948433	65.549451	252.999881	71.438537	252.486711	77.705220	251.265602	84.175632	248.417153	89.267500	96.038416	83.066986	70.738576	77.206133	67.418349	71.869926	64.555926	67.128012	61.646589	62.995966	58.605481	59.451555	55.422934
896.475890	34.605904	231.238885	35.796578	235.093377	37.326762	238.721321	39.231084	242.043272	41.545255	244.990688	44.306615	247.508593	47.553726	249.556050	51.323927	251.104595	55.647680	252.134684	60.538743	252.629341	65.980243	252.560948	71.909107	251.854123	78.204154	250.227878	84.679517	245.791175	88.712404	94.005362	82.546531	71.776169	76.719405	68.000872	71.423145	64.936853	66.724757	61.913919	62.636639	58.800122	59.134275	55.567542
896.856140	34.699928	231.335125	35.909550	235.167842	37.461341	238.769095	39.390283	242.059436	41.732497	244.970299	44.525760	247.446353	47.808965	249.445873	51.619480	250.938596	55.987189	251.901455	60.924267	252.310351	66.410900	252.122155	72.379528	251.221735	78.702930	249.190482	85.183242	243.166025	88.157483	91.972948	82.026241	72.813435	76.232830	68.583212	70.976504	65.317660	66.321628	62.181165	62.277426	58.994702	58.817096	55.712104
897.236270	34.795550	231.428722	36.024392	235.239204	37.598113	238.813265	39.552045	242.071421	41.922728	244.945006	44.748356	247.378289	48.068121	249.328549	51.919344	250.763455	56.331194	251.655811	61.314057	251.973092	66.844859	251.653245	72.851065	250.530053	79.198027	247.989878	85.661495	239.353366	87.603689	90.934429	81.505932	73.639133	75.748760	69.086586	70.533953	65.657190	65.923372	62.423043	61.923299	59.172212	58.504853	55.844528
897.616270	34.892130	231.520695	36.140356	235.308669	37.736197	238.855233	39.715344	242.080861	42.114749	244.916734	44.973018	247.306691	48.329621	249.206894	52.221785	250.582779	56.677884	251.402649	61.706384	251.624769	67.280764	251.166080	73.323209	249.802396	79.690810	246.690146	86.124177	234.818705	87.050664	90.500829	80.985690	74.335971	75.266286	69.541837	70.093957	65.971553	65.528140	62.649449	61.572320	59.339311	58.195659	55.969546
897.996220	34.988697	231.612656	36.256304	235.378124	37.874263	238.897197	39.878621	242.090299	42.306745	244.888465	45.197651	247.235102	48.591088	249.085255	52.524187	250.402127	57.024528	251.149521	62.098659	251.276491	67.716611	250.678979	73.795291	249.074834	80.183529	245.390584	86.586798	230.284640	86.497711	90.067286	80.465517	75.032718	74.783875	69.997027	69.654020	66.285874	65.132960	62.875826	61.221387	59.506387	57.886506	56.094547
898.376040	35.087887	231.700311	36.375328	235.442540	38.015929	238.933269	40.046101	242.092872	42.503625	244.852121	45.427904	247.153801	48.858885	248.951580	52.833474	250.205832	57.378204	250.874739	62.497313	250.895488	68.156799	250.135762	74.267189	248.229471	80.664807	243.720195	86.944382	221.765372	85.948261	89.822391	79.948408	75.520809	74.307086	70.357163	69.221506	66.546559	64.746017	63.067940	60.878759	59.649895	57.585252	56.202569
898.755800	35.187087	231.787909	36.494364	235.506896	38.157609	238.969277	40.213597	242.095375	42.700524	244.815701	45.658177	247.072415	49.126705	248.817804	53.142782	250.009409	57.731895	250.599782	62.895970	250.514216	68.596963	249.592065	74.739012	247.383054	81.145896	242.046339	87.300857	213.207380	85.398932	89.579429	79.431410	76.006727	73.830428	70.716289	68.789133	66.806665	64.359216	63.259681	60.536267	59.793144	57.284124	56.310403
899.135380	35.287223	231.873890	36.614493	235.569362	38.300567	239.003097	40.382584	242.095324	42.899149	244.776270	45.890424	246.987397	49.396727	248.679481	53.454442	249.806994	58.087908	250.316355	63.296579	250.119761	69.038110	249.024766	75.209667	246.483346	81.619501	240.177432	87.566175	202.815208	84.851395	89.358386	78.916417	76.442992	73.356419	71.048887	68.359852	67.050763	63.975659	63.440830	60.196945	59.928960	56.985954	56.412819
899.514890	35.389110	231.957012	36.736676	235.628463	38.445925	239.032996	40.554370	242.090668	43.101020	244.731385	46.126384	246.895774	49.670902	248.532868	53.770551	249.593642	58.448346	250.017471	63.700979	249.701278	69.481325	248.414542	75.678533	245.486969	82.079932	237.955669	87.667353	189.109729	84.306724	89.176706	78.404693	76.790041	72.886870	71.333890	67.935857	67.266169	63.597689	63.603009	59.863109	60.051468	56.692913	56.505535
899.894290	35.490968	232.040110	36.858824	235.687548	38.591240	239.062885	40.726106	242.086014	43.302832	244.686513	46.362276	246.804177	49.944997	248.386297	54.086568	249.380351	58.808679	249.718674	64.105260	249.282917	69.924412	247.804495	76.147263	244.490882	82.540230	235.734549	87.768502	175.408222	83.762211	88.995079	77.893117	77.136990	72.417457	71.618810	67.511984	67.481512	63.219829	63.765140	59.529370	60.173941	56.399958	56.598225
900.273620	35.594849	232.119932	36.983338	235.742772	38.739324	239.088239	40.901064	242.076028	43.508368	244.635278	46.602406	246.704798	50.223783	248.229842	54.407531	249.153802	59.173776	249.400731	64.513309	248.833908	70.368791	247.137240	76.611525	243.355956	82.975096	232.924465	87.632433	163.043676	83.221481	88.833455	77.386183	77.414939	71.953710	71.861923	67.094423	67.670172	62.848410	63.909086	59.201821	60.283429	56.112711	56.681350
900.652830	35.699485	232.198469	37.108735	235.796492	38.888439	239.111835	41.077224	242.063987	43.715292	244.581599	46.844114	246.602439	50.504312	248.069608	54.730325	248.922188	59.540621	249.075472	64.922711	248.373175	70.813560	246.448059	77.073947	242.167696	83.400035	229.887643	87.404798	151.198421	82.682344	88.679594	76.881165	77.666177	71.492266	72.088832	66.679402	67.848482	62.479568	64.045973	58.876743	60.387876	55.827739	56.760763
901.031920	35.804332	232.276591	37.234378	235.849734	39.037841	239.134881	41.253715	242.051306	43.922596	244.527162	47.086250	246.499155	50.785306	247.908193	55.053589	248.688969	59.907883	248.747837	65.332361	247.908496	71.258196	245.751096	77.535320	240.958804	83.819765	226.751483	87.161978	139.805738	82.143872	88.527051	76.376925	77.911569	71.031681	72.311791	66.265274	68.024134	62.111603	64.180996	58.552486	60.490968	55.543512	56.839168
901.410890	35.911798	232.350453	37.363089	235.897943	39.190822	239.152015	41.434369	242.031628	44.134692	244.464322	47.333804	246.385504	51.072230	247.733430	55.382980	248.437563	60.280809	248.393344	65.745981	247.399469	71.702787	244.967371	77.986729	239.521880	84.184192	222.525779	86.753346	133.296629	81.610954	88.388343	75.879570	78.094193	70.579003	72.492501	65.859565	68.171450	61.752003	64.296168	58.236127	60.579657	55.266485	56.906862
901.789790	36.019244	232.424301	37.491777	235.946144	39.343774	239.169146	41.614989	242.011953	44.346747	244.401494	47.581313	246.271873	51.359100	247.558700	55.712311	248.186204	60.653666	248.038918	66.159524	246.890536	72.147297	244.183791	78.438055	238.085221	84.548551	218.300855	86.344789	126.788723	81.078135	88.249661	75.382307	78.276783	70.126408	72.673177	65.453931	68.318738	61.392470	64.411319	57.919827	60.668330	54.989509	56.974544
902.168580	36.127980	232.496010	37.621972	235.991830	39.498486	239.183316	41.797646	241.988763	44.561139	244.334422	47.831442	246.152951	51.648801	247.377075	56.044489	247.925277	61.029007	247.670027	66.574477	246.356920	72.590720	243.349474	78.881609	236.504019	84.868022	213.391564	85.906260	121.603106	80.548414	88.115198	74.888818	78.436852	69.677973	72.837305	65.052583	68.454430	61.037101	64.518145	57.607400	60.750877	54.716028	57.037634
902.547240	36.238324	232.565056	37.754049	236.034384	39.655391	239.193797	41.982846	241.961191	44.778444	244.262060	48.084842	246.027432	51.942033	247.186856	56.380224	247.652422	61.407450	247.283104	66.991193	245.792535	73.032798	242.451913	79.315485	234.742663	85.131560	207.629352	85.430373	118.065173	80.022545	87.985990	74.400023	78.568860	69.234713	72.980813	64.656570	68.575673	60.686913	64.614599	57.299794	60.825792	54.446895	57.095002
902.925840	36.348651	232.634091	37.886105	236.076932	39.812272	239.204276	42.168017	241.933623	44.995714	244.189709	48.338201	245.901933	52.235219	246.996666	56.715905	247.379610	61.785833	246.896243	67.407843	245.228240	73.474806	241.554494	79.749293	232.981586	85.395057	201.868053	84.954561	114.527799	79.496759	87.856802	73.911305	78.700846	68.791524	73.124299	64.260619	68.696897	60.336780	64.711037	56.992236	60.900695	54.177804	57.152361
903.304320	36.461393	232.699194	38.020983	236.114818	39.972438	239.209227	42.356985	241.899461	45.217317	244.109311	48.596379	245.766299	52.533534	246.793075	57.056610	247.087865	62.168317	246.480079	67.826130	244.612274	73.912694	240.545515	80.161898	230.878940	85.536765	195.014675	84.458324	112.111876	78.976977	87.732907	73.429802	78.802204	68.356085	73.243546	63.872473	68.800483	59.994110	64.794544	56.691541	60.965966	53.914853	57.202451
903.682680	36.574696	232.763324	38.156516	236.151559	40.133365	239.212829	42.546832	241.863701	45.439922	244.026971	48.855669	245.628231	52.833026	246.586269	57.398457	246.791578	62.551707	246.056877	68.244716	243.983871	74.349475	239.509609	80.569240	228.693613	85.648779	187.896980	83.957232	109.969647	78.458781	87.610331	72.950172	78.896078	67.922639	73.356862	63.486322	68.899750	59.653340	64.874883	56.392588	61.028875	53.653461	57.250757
904.060970	36.688481	232.826635	38.292612	236.187334	40.294945	239.215289	42.737431	241.826571	45.663378	243.942953	49.115896	245.488027	53.133495	246.376605	57.741219	246.491175	62.935757	245.627139	68.663335	243.343519	74.784801	238.446519	80.970222	226.420563	85.731545	180.753246	83.454682	107.942666	77.941948	87.488563	72.472127	78.985219	67.490849	73.466182	63.101802	68.996008	59.314104	64.952972	56.095030	61.090090	53.393306	57.297778
904.439090	36.804833	232.885716	38.431702	236.218097	40.460006	239.211804	42.932041	241.782294	45.891380	243.850154	49.381131	245.336649	53.439199	246.151963	58.088918	246.169205	63.323440	245.163178	69.082345	242.640683	75.212788	237.241498	81.338332	223.690080	85.662225	173.470414	82.944289	106.514077	77.431933	87.370934	72.002079	79.049787	67.067449	73.554772	62.725567	69.076664	58.982669	65.019401	55.804571	61.142523	53.139454	57.338131
904.817140	36.921164	232.944786	38.570766	236.248856	40.625037	239.208320	43.126616	241.738026	46.119340	243.757372	49.646317	245.185298	53.744846	245.927363	58.436553	245.847295	63.711052	244.699303	69.501277	241.937977	75.640696	236.036701	81.706373	220.960103	85.592918	166.188931	82.433991	105.085752	76.922013	87.253328	71.532119	79.114344	66.644127	73.643346	62.349402	69.157306	58.651296	65.085818	55.514166	61.194946	52.885649	57.378476
905.195130	37.039123	233.001191	38.711731	236.276444	40.792270	239.201052	43.323718	241.689180	46.350150	243.658921	49.914608	245.026638	54.053671	245.692810	58.787062	245.510787	64.100494	244.211655	69.919545	241.190322	76.061768	234.724826	82.045121	217.885655	85.440963	159.518492	81.922552	103.865693	76.416520	87.137742	71.067240	79.167096	66.226044	73.721393	61.978327	69.229788	58.324659	65.146034	55.228033	61.242653	52.635613	57.415223
905.572940	37.158568	233.055082	38.854429	236.301054	40.961511	239.190243	43.523122	241.636062	46.583553	243.555193	50.185717	244.861185	54.365372	245.449011	59.140146	245.160718	64.491523	243.701903	70.337055	240.400815	76.476301	233.313100	82.356323	214.489608	85.211654	153.422495	81.410212	102.841078	75.915338	87.024086	70.607274	79.208776	65.813005	73.789558	61.612140	69.294603	58.002566	65.200423	54.945994	61.285928	52.389187	57.448587
905.950680	37.277990	233.108962	38.997100	236.325660	41.130720	239.179435	43.722489	241.582953	46.816913	243.451484	50.456777	244.695763	54.677015	245.205257	59.493165	244.810714	64.882479	243.192246	70.754488	239.611456	76.890756	231.901635	82.667467	211.094190	84.982388	147.327627	80.897967	101.816654	75.414249	86.910452	70.147394	79.250449	65.400042	73.857710	61.246022	69.359406	57.680532	65.254802	54.664008	61.329194	52.142807	57.481946
906.328370	37.400242	233.158236	39.143064	236.344771	41.303740	239.162025	43.926216	241.521805	47.055149	243.337707	50.733082	244.517209	54.993907	244.943358	59.850669	244.433543	65.275696	242.637216	71.168949	238.733278	77.288665	230.269699	82.909806	207.066086	84.657935	142.596826	80.387067	101.007490	74.920937	86.799676	69.696255	79.276438	64.995940	73.911164	60.888397	69.412513	57.366318	65.300155	54.389021	61.365542	51.902564	57.510005
906.705870	37.522859	233.206794	39.289452	236.363048	41.477248	239.143633	44.130498	241.459480	47.294001	243.222474	51.010041	244.336771	55.311433	244.678861	60.208674	244.052477	65.669063	242.075643	71.582765	237.842194	77.683898	228.605459	83.141699	202.944962	84.319351	138.073059	79.876616	100.231027	74.429031	86.689382	69.246646	79.300061	64.593363	73.962386	60.532220	69.463839	57.053430	65.344131	54.115217	61.400835	51.663359	57.537255
907.083310	37.646196	233.254145	39.436677	236.379880	41.651722	239.123504	44.335877	241.395031	47.534068	243.104561	51.288284	244.152799	55.630199	244.409406	60.567646	243.663832	66.062683	241.501063	71.995174	236.924723	78.073202	226.873797	83.350833	198.687826	83.966376	133.831576	79.367088	99.490490	73.939248	86.579752	68.799362	79.320513	64.193101	74.010498	60.178231	69.512629	56.742537	65.386125	53.843185	61.434596	51.425700	57.563329
907.460630	37.772103	233.297245	39.586892	236.391613	41.829643	239.097238	44.545174	241.323075	47.778480	242.977160	51.571129	243.956315	55.953417	244.122386	60.930119	243.248346	66.457296	240.880445	72.402724	235.913917	78.441681	224.903795	83.479699	193.949690	83.562531	130.585205	78.860695	98.876548	73.456840	86.472433	68.360172	79.329786	63.800911	74.047645	59.831877	69.552479	56.438607	65.421133	53.577339	61.462963	51.193436	57.585261
907.837830	37.897970	233.340332	39.737059	236.403343	42.007508	239.070981	44.754405	241.251141	48.022814	242.849800	51.853884	243.759894	56.276533	243.835457	61.292476	242.832992	66.851783	240.260024	72.810144	234.903433	78.810044	222.934419	83.608524	189.213060	83.158815	127.339867	78.354463	98.262801	72.974586	86.365148	67.921122	79.339055	63.408845	74.084780	59.485634	69.592317	56.134774	65.456130	53.311578	61.491321	50.961246	57.607185
908.214970	38.025767	233.380213	39.889463	236.411227	42.187945	239.040070	44.966546	241.173453	48.270343	242.715113	52.139961	243.553676	56.602750	243.534547	61.657018	242.395855	67.246184	239.601213	73.212142	233.812630	79.157679	220.759574	83.669130	184.324813	82.733934	124.600354	77.851406	97.712917	72.497908	86.259397	67.488066	79.341766	63.022674	74.115212	59.144905	69.626570	55.835927	65.486709	53.050218	61.516249	50.732878	57.626471
908.591980	38.154990	233.417669	40.043521	236.416208	42.370282	239.005657	45.180833	241.091442	48.520225	242.574930	52.428480	243.340118	56.931232	243.223164	62.023126	241.942392	67.640432	238.913602	73.609962	232.661511	79.489608	218.430294	83.678286	179.323344	82.293190	122.242851	77.350856	97.211309	72.025540	86.154827	67.059627	79.339531	62.641033	74.140581	58.808410	69.656605	55.540906	65.513951	52.792237	61.538585	50.507443	57.643764
908.968870	38.284172	233.455113	40.197530	236.421189	42.552560	238.971255	45.395052	241.009458	48.770028	242.434793	52.716907	243.126628	57.259609	242.911880	62.389116	241.489073	68.034555	238.226211	74.007656	231.510759	79.821431	216.101754	83.687438	174.323467	81.852586	119.886098	76.850466	96.709860	71.553324	86.050290	66.631324	79.337297	62.259513	74.165942	58.472022	69.686630	55.245979	65.541185	52.534337	61.560915	50.282080	57.661051
909.345700	38.416542	233.487255	40.355231	236.419780	42.739068	238.929063	45.614024	240.917780	49.024992	242.282176	53.010591	242.896228	57.592669	242.576075	62.757913	240.996696	68.426992	237.468212	74.392953	230.208250	80.109034	213.402207	83.586393	169.524819	81.393064	118.075586	76.356190	96.282238	71.090276	85.948055	66.212705	79.326567	61.887397	74.182274	58.144343	69.708989	54.958870	65.562290	52.283301	61.578465	50.062651	57.674658
909.722410	38.549158	233.518910	40.513215	236.417797	42.925900	238.886182	45.833358	240.825258	49.280343	242.128482	53.304658	242.664377	57.926050	242.238165	63.126850	240.500954	68.819159	236.704089	74.777018	228.892479	80.392570	210.670088	83.475459	164.745742	80.931980	116.314791	75.862615	95.861391	70.628195	85.846057	65.795085	79.315077	61.516239	74.197789	57.817548	69.730651	54.672553	65.582836	52.032960	61.595580	49.843822	57.687929
910.099000	38.682673	233.548988	40.672237	236.413914	43.113912	238.840988	46.054005	240.729847	49.537097	241.971033	53.600109	242.427383	58.260568	241.892665	63.496238	239.992858	69.210199	235.917023	75.156125	227.526392	80.659763	207.829635	83.337225	160.123829	80.468178	114.660726	75.371150	95.456397	70.168922	85.744722	65.380360	79.301631	61.147851	74.211134	57.493293	69.750435	54.388497	65.601869	51.784594	61.611510	49.626694	57.700288
910.475520	38.818800	233.574670	40.834275	236.404705	43.305364	238.789281	46.278490	240.626272	49.797965	241.802951	53.899644	242.175810	58.598510	241.525647	63.867154	239.449783	69.598359	235.065101	75.521606	226.018329	80.881345	204.683565	83.122379	155.939106	79.996430	113.304608	74.885252	95.095548	69.717194	85.645175	64.973454	79.282695	60.786964	74.218410	57.175925	69.764970	54.110578	65.616672	51.541589	61.624128	49.414182	57.710101
910.851870	38.954864	233.600339	40.996241	236.395499	43.496731	238.737598	46.502873	240.522743	50.058716	241.634944	54.199044	241.924351	58.936299	241.158795	64.237902	238.906954	69.986344	234.213565	75.886921	224.510948	81.102827	201.538916	82.907629	151.756272	79.524896	111.949103	74.399573	94.734861	69.265670	85.545672	64.566732	79.263767	60.426240	74.225683	56.858700	69.779499	53.832784	65.631467	51.298694	61.636741	49.201766	57.719909
911.228150	39.093117	233.622272	41.160726	236.381766	43.690956	238.680325	46.730419	240.412160	50.322803	241.457663	54.501655	241.659982	59.276561	240.772580	64.609195	238.331982	70.370455	233.301037	76.237361	222.869490	81.278415	198.175101	82.644494	148.013375	79.050551	110.764341	73.918913	94.401985	68.820476	85.447594	64.166455	79.241198	60.071631	74.228778	56.547041	69.790352	53.559923	65.643274	51.060085	61.647009	48.993029	57.727919
911.604370	39.232785	233.641779	41.326839	236.365096	43.887030	238.619428	46.960009	240.297002	50.589047	241.274369	54.806338	241.387243	59.618415	240.373810	64.980829	237.736170	70.752036	232.348960	76.578132	221.141074	81.424207	194.669171	82.349963	144.556159	78.574401	109.690444	73.441528	94.087173	68.379406	85.350445	63.770378	79.216266	59.721006	74.229159	56.239007	69.798820	53.290272	65.653139	50.824267	61.655757	48.786688	57.734760
911.980410	39.372385	233.661276	41.492872	236.348433	44.083010	238.558560	47.189488	240.181899	50.855163	241.091163	55.110875	241.114635	59.960104	239.975232	65.352284	237.140643	71.133436	231.397338	76.918741	219.413486	81.569930	191.164917	82.055573	141.100597	78.098478	108.617060	72.964372	93.772511	67.938548	85.253342	63.374491	79.191346	59.370548	74.229541	55.931121	69.807283	53.020751	65.662999	50.588562	61.664500	48.580446	57.741599
912.356380	39.515485	233.674756	41.662923	236.324410	44.283522	238.488584	47.423932	240.055176	51.126422	240.892510	55.420179	240.820255	60.305070	239.543415	65.723339	236.488804	71.506047	230.336765	77.229307	217.451039	81.633595	187.446794	81.707487	138.286392	77.621913	107.734892	72.495551	93.491972	67.507666	85.158446	62.988611	79.161882	59.029489	74.224482	55.631725	69.810883	52.758709	65.668886	50.359334	61.670123	48.379743	57.746051
912.732240	39.658737	233.687901	41.833145	236.299990	44.484225	238.418128	47.658582	239.927849	51.397888	240.693064	55.729657	240.524762	60.650117	239.109894	66.094267	235.834054	71.878070	229.270506	77.538134	215.476243	81.692733	183.717971	81.356550	135.508219	77.145446	106.863479	72.027320	93.213386	67.077453	85.063698	62.603389	79.132177	58.689042	74.219125	55.332881	69.814215	52.497153	65.674552	50.130526	61.675572	48.179401	57.750371
913.108030	39.803055	233.699150	42.004587	236.273251	44.686294	238.344786	47.894709	239.796818	51.670849	240.488641	56.040448	240.222150	60.995902	238.665320	66.464580	235.160209	72.246394	228.166775	77.835425	213.425071	81.725656	179.982810	80.994611	132.890635	76.669622	106.034890	71.561791	92.943137	66.650330	84.969630	62.221219	79.101386	58.351432	74.212403	55.036582	69.816306	52.237826	65.679199	49.903642	61.680223	47.980699	57.754083
913.483700	39.950036	233.705702	42.179071	236.240766	44.891774	238.264288	48.134528	239.656589	51.947554	240.271858	56.354536	239.901860	61.343563	238.193301	66.833423	234.438963	72.605603	226.970061	78.104177	211.184402	81.693638	176.231419	80.605370	130.670510	76.195320	105.312268	71.102888	92.693502	66.230800	84.877228	61.846555	79.067901	58.020800	74.202297	54.746545	69.815323	51.983987	65.681320	49.681491	61.682893	47.786034	57.756290
913.859250	40.096970	233.712251	42.353500	236.208292	45.097189	238.183816	48.374271	239.516406	52.224171	240.055144	56.668524	239.581671	61.691113	237.721434	67.202148	233.717948	72.964698	225.773729	78.372842	208.944448	81.661631	172.481225	80.216254	128.451094	75.721169	104.589878	70.644132	92.443947	65.811404	84.784856	61.472011	79.034427	57.690275	74.192194	54.456601	69.814340	51.730228	65.683440	49.459411	61.685562	47.591431	57.758496
914.234680	40.246277	233.714545	42.530630	236.170585	45.305610	238.096769	48.617225	239.367712	52.503958	239.826850	56.985134	239.244691	62.039740	237.223054	67.568417	232.950310	73.313251	224.485444	78.610780	206.537365	81.574862	168.848048	79.811457	126.503789	75.249592	103.937740	70.191417	92.209190	65.398702	84.693945	61.103990	78.999099	57.365762	74.179642	54.172018	69.811100	51.481147	65.683692	49.241350	61.686771	47.400246	57.759604
914.610050	40.397011	233.714288	42.709386	236.129741	45.515839	238.005779	48.862110	239.213912	52.785653	239.591608	57.303326	238.897632	62.389023	236.708765	67.933224	232.154699	73.655495	223.141997	78.830305	204.030016	81.455262	165.284903	79.397247	124.719545	74.779543	103.327695	69.742309	91.983295	64.989999	84.603905	60.739868	78.962660	57.044843	74.165620	53.890639	69.806507	51.234860	65.682825	49.025691	61.687106	47.211103	57.760054
914.985290	40.547693	233.714030	42.888079	236.088912	45.725996	237.914821	49.106911	239.060165	53.067250	239.356448	57.621408	238.550695	62.738185	236.194654	68.297906	231.359364	73.997620	221.799015	79.049754	201.523536	81.335704	161.722992	78.983181	122.935918	74.309657	102.717860	69.293357	91.757479	64.581438	84.513896	60.375872	78.926233	56.724036	74.151603	53.609358	69.801915	50.988659	65.681957	48.810106	61.687441	47.022026	57.760503
915.360410	40.702108	233.706997	43.071002	236.039702	45.940821	237.813277	49.356628	238.892554	53.353564	239.102224	57.943090	238.175700	63.088058	235.635502	68.656812	230.483646	74.319052	220.298728	79.213306	198.784891	81.141961	158.487482	78.553893	121.472045	73.845047	102.191299	68.853872	91.550519	64.183076	84.426106	60.021703	78.887612	56.412216	74.134506	53.336042	69.794432	50.749376	65.678698	48.600446	61.685916	46.837977	57.759567
915.735470	40.856652	233.699689	43.254071	235.990158	46.155805	237.711317	49.606508	238.724402	53.640028	238.847261	58.264872	237.799615	63.437908	235.074594	69.015430	229.604776	74.639592	218.792245	79.374553	196.037177	80.945220	155.265764	78.124047	120.021432	73.380720	101.668212	68.414837	91.344358	63.785189	84.338419	59.667986	78.848907	56.100808	74.117286	53.063091	69.786831	50.510409	65.675341	48.391059	61.684315	46.654159	57.758574
916.110410	41.012326	233.690230	43.438411	235.937948	46.372177	237.605971	49.857817	238.551782	53.927801	238.586080	58.587517	237.414251	63.787547	234.498550	69.371467	228.698555	74.952121	217.233617	79.516337	193.236864	80.729873	152.165348	77.691548	118.646078	72.918431	101.165354	67.978855	91.143125	63.390496	84.251436	59.317307	78.809713	55.792155	74.099309	52.792568	69.778508	50.273544	65.671384	48.183467	61.682250	46.471862	57.757242
916.485230	41.170775	233.675617	43.625877	235.879331	46.591965	237.492472	50.112659	238.368387	54.218833	238.309895	58.912372	237.006493	64.136835	233.886008	69.721483	227.726440	75.245610	215.549444	79.611580	190.309360	80.469882	149.353993	77.252504	117.450307	72.460816	100.710707	67.549984	90.953601	63.003275	84.166101	58.973743	78.769329	55.489958	74.079512	52.527737	69.768447	50.041603	65.665984	47.980082	61.679075	46.293124	57.755097
916.859920	41.329169	233.661009	43.813278	235.820735	46.811677	237.379012	50.367413	238.185055	54.509764	238.033806	59.237114	236.598877	64.486001	233.273677	70.071377	226.754662	75.538998	213.865855	79.706791	187.382872	80.209981	146.543612	76.813611	116.254951	72.003359	100.256217	67.121263	90.764144	62.616189	84.080796	58.630299	78.728959	55.187867	74.059721	52.262998	69.758391	49.809743	65.660587	47.776766	61.675900	46.114448	57.752953
917.234560	41.490091	233.641640	44.003509	235.756179	47.034450	237.257907	50.625271	237.991527	54.803437	237.743354	59.563436	236.169529	64.834028	232.625430	70.414170	225.717681	75.811728	212.064669	79.757578	184.402111	79.919260	143.989680	76.371746	115.182299	71.550503	99.836023	66.698866	90.583591	62.235617	83.996968	58.292997	78.687859	54.891312	74.038668	52.003117	69.747104	49.582069	65.654172	47.577017	61.671950	45.938783	57.750259
917.609070	41.652477	233.619433	44.195378	235.688084	47.258990	237.132272	50.884914	237.791963	55.098669	237.444408	59.890614	235.727325	65.181283	231.955917	70.752632	224.642056	76.072055	210.193771	79.781833	181.389751	79.610219	141.589510	75.928224	114.183178	71.100515	99.436411	66.280356	90.408403	61.859037	83.914044	57.959451	78.646335	54.598142	74.016867	51.746206	69.735087	49.356955	65.647152	47.379448	61.667538	45.764961	57.747237
917.983520	41.814837	233.597229	44.387217	235.620000	47.483493	237.006657	51.144516	237.592431	55.393854	237.145510	60.217739	235.285191	65.528481	231.286511	71.091040	223.566604	76.332341	208.323172	79.806085	178.377872	79.301227	139.189724	75.484773	113.184216	70.650599	99.036864	65.861914	90.233242	61.482517	83.831133	57.625959	78.604816	54.305019	73.995069	51.489336	69.723071	49.131877	65.640133	47.181912	61.663127	45.591168	57.744216
918.357790	41.981059	233.567492	44.583348	235.542461	47.712579	236.868814	51.408641	237.376430	55.692783	236.823116	60.546425	234.807029	65.872319	230.556773	71.415367	222.381759	76.554847	206.273257	79.761639	175.391545	78.957228	137.144661	75.040162	112.331492	70.208458	98.680046	65.453317	90.069881	61.115934	83.750484	57.301737	78.562578	54.020197	73.971781	51.239715	69.709565	48.913027	65.631878	46.989666	61.657797	45.421832	57.740566
918.731990	42.147431	233.537412	44.779644	235.464499	47.941837	236.730430	51.672931	237.159707	55.991836	236.499693	60.875129	234.327289	66.215946	229.824377	71.738992	221.192074	76.775578	204.215425	79.714039	172.406887	78.611675	135.116264	74.595571	111.485640	69.766748	98.325254	65.045241	89.907091	60.749869	83.669952	56.977995	78.520314	53.735804	73.948428	50.990469	69.695993	48.694501	65.623567	46.797695	61.652426	45.252730	57.736888
919.106080	42.314938	233.505014	44.977189	235.383607	48.172406	236.588241	51.938470	236.937810	56.291830	236.168810	61.203986	233.835949	66.557999	229.072356	72.057326	219.967233	76.983231	202.108400	79.647021	169.460558	78.258672	133.178159	74.151413	110.674193	69.327554	97.981001	64.640154	89.747401	60.386765	83.590111	56.656988	78.477950	53.453846	73.924753	50.743340	69.682087	48.477787	65.614982	46.607263	61.646856	45.084922	57.733083
919.480100	42.485403	233.466743	45.177997	235.295273	48.406413	236.436364	52.207311	236.702724	56.594365	235.818903	61.533411	233.315046	66.896267	228.270355	72.362476	218.652936	77.157973	199.875980	79.530930	166.609386	77.886661	131.466990	73.708103	109.949181	68.894468	97.663170	64.242393	89.595453	60.030935	83.511966	56.342710	78.435310	53.177878	73.900253	50.501420	69.667331	48.265533	65.605699	46.420608	61.640782	44.920289	57.728958
919.854000	42.655813	233.428483	45.378741	235.206967	48.640344	236.284536	52.476066	236.467713	56.896804	235.469108	61.862730	232.794309	67.234426	227.468612	72.667528	217.339060	77.332660	197.644275	79.414877	163.759129	77.514769	129.756370	73.264936	109.224402	68.461521	97.345441	63.844759	89.443553	59.675219	83.433847	56.028533	78.392683	52.901998	73.875760	50.259577	69.652580	48.053347	65.596420	46.234013	61.634710	44.755709	57.724835
920.227780	42.828743	233.385016	45.582235	235.112044	48.877119	236.124011	52.747450	236.220752	57.201039	235.101869	62.191830	232.246154	67.568026	226.620225	72.958753	215.943973	77.475721	195.324463	79.261273	161.039174	77.131608	128.206333	72.823711	108.558637	68.034065	97.046630	63.453403	89.297551	59.325642	83.357219	55.719984	78.350042	52.631102	73.850811	50.022051	69.637325	47.844848	65.586731	46.050535	61.628364	44.593747	57.720563
920.601440	43.003266	233.338217	45.787469	235.012893	49.115688	235.957935	53.020487	235.966164	57.506390	234.723499	62.520752	231.680498	67.898668	225.742059	73.241087	214.497027	77.598508	192.948482	79.083634	158.403000	76.741274	126.759339	72.383781	107.930751	67.610173	96.759970	63.066115	89.155345	58.980037	83.281556	55.415077	78.307396	52.363429	73.825573	49.787317	69.621748	47.638736	65.576782	45.869075	61.621843	44.433481	57.716197
920.975040	43.177761	233.291426	45.992669	234.913758	49.354219	235.791886	53.293480	235.711617	57.811691	234.345191	62.849621	231.114933	68.229257	224.864034	73.523376	213.050313	77.721275	190.572881	78.906023	155.767249	76.351002	125.312576	71.943923	107.302966	67.186350	96.473356	62.678889	89.013161	58.634487	83.205905	55.110218	78.264758	52.095799	73.800339	49.552622	69.606174	47.432656	65.566835	45.687643	61.615323	44.273241	57.711832
921.348510	43.356172	233.236323	46.202103	234.803974	49.597043	235.611743	53.570275	235.437504	58.119222	233.937999	63.177074	230.503475	68.550679	223.907823	73.780271	211.473911	77.791440	188.106545	78.679221	153.372101	75.949146	124.066976	71.508335	106.748353	66.771141	96.211239	62.301167	88.879036	58.298107	83.132520	54.813706	78.222339	51.835518	73.774683	49.324268	69.590086	47.231977	65.556486	45.510770	61.608565	44.116817	57.707390
921.721860	43.534810	233.180642	46.411777	234.693461	49.840103	235.430646	53.847262	235.162072	58.426822	233.528861	63.504328	229.888914	68.871350	222.946300	74.035271	209.888695	77.857820	185.634446	78.448965	150.994883	75.546580	122.836141	71.073183	106.199141	66.356671	95.950952	61.924236	88.745527	57.962483	83.059318	54.517879	78.179949	51.575841	73.749004	49.096436	69.573967	47.031743	65.546112	45.334275	61.601793	43.960713	57.702943
922.095150	43.714509	233.122591	46.622585	234.579900	50.084282	235.245483	54.125179	234.880943	58.734825	233.111220	63.830812	229.260720	69.188801	221.961668	74.282076	208.268029	77.909199	183.153437	78.207698	148.686671	75.142079	121.650262	70.639522	105.666400	65.944640	95.696435	61.549912	88.614030	57.629341	82.986752	54.224295	78.137690	51.318129	73.723289	48.870295	69.557780	46.832946	65.535689	45.158990	61.595008	43.805622	57.698519
922.468320	43.897337	233.057610	46.836732	234.457419	50.331767	235.048415	54.405856	234.583129	59.044053	232.668673	64.155093	228.592601	69.496890	220.909371	74.504969	206.543547	77.916755	180.646031	77.934223	146.579738	74.731866	120.595554	70.210153	105.181708	65.539674	95.458739	61.183146	88.488392	57.303402	82.916034	53.937217	78.095807	51.066123	73.697463	48.649062	69.541392	46.638318	65.525124	44.987216	61.588184	43.653469	57.694155
922.841370	44.080107	232.992650	47.050811	234.334978	50.579173	234.851410	54.686443	234.285410	59.353182	232.226268	64.479271	227.924696	69.804879	219.857413	74.727791	204.819619	77.924309	178.139431	77.660837	144.473482	74.321785	119.541185	69.780923	104.697172	65.134838	95.221120	60.816499	88.362794	56.977569	82.845338	53.650231	78.053937	50.814198	73.671645	48.427901	69.525010	46.443753	65.514562	44.815496	61.581362	43.501365	57.689794
923.214290	44.265291	232.922127	47.267429	234.205317	50.829022	234.644688	54.968922	233.973929	59.662778	231.763114	64.800835	227.223318	70.103912	218.749496	74.929363	203.019472	77.898140	175.651080	77.367770	142.516311	73.909394	118.569526	69.355529	104.243418	64.735548	94.994728	60.455627	88.241310	56.657176	82.776064	53.368129	78.012464	50.566534	73.645876	48.210394	69.508597	46.252285	65.503999	44.646381	61.574597	43.351436	57.685548
923.587160	44.452283	232.847481	47.485955	234.070299	51.080708	234.430749	55.252836	233.652225	59.972759	231.284549	65.120505	226.497087	70.396355	217.600037	75.115237	201.162706	77.847017	173.175923	77.060105	140.669206	73.495243	117.658943	68.932922	103.812383	64.340313	94.776613	60.098985	88.122853	56.340768	82.707832	53.089604	77.971281	50.321994	73.620139	47.995562	69.492160	46.063085	65.493433	44.479171	61.567873	43.203097	57.681387
923.959900	44.639211	232.772860	47.704404	233.935327	51.332308	234.216886	55.536651	233.330633	60.282631	230.806151	65.440063	225.771110	70.688695	216.450980	75.301047	199.306587	77.795911	170.701629	76.752548	138.822745	73.081237	116.748677	68.510461	103.381499	63.945215	94.558575	59.742468	88.004438	56.024472	82.639624	52.811177	77.930111	50.077538	73.594412	47.780806	69.475729	45.873950	65.482871	44.312019	61.561152	43.054810	57.677228
924.332520	44.829933	232.689186	47.926789	233.788532	51.587578	233.986951	55.823060	232.986069	60.592479	230.292791	65.754054	224.988549	70.964244	215.209750	75.449804	197.345520	77.694796	168.310592	76.421386	137.186500	72.666045	115.943715	68.094473	102.990670	63.558700	94.355742	59.394709	87.891878	55.716346	82.573625	52.540039	77.889724	49.839417	73.568951	47.571466	69.459432	45.689394	65.472463	44.148706	61.554652	42.909722	57.673362
924.705080	45.021089	232.604431	48.149620	233.640328	51.843259	233.755107	56.109747	232.638778	60.902286	229.775280	66.067336	224.199264	71.237735	213.957561	75.594076	195.372043	77.587666	165.929882	76.087420	135.575793	72.250761	115.151545	67.679317	102.604716	63.173267	94.154767	59.048049	87.780038	55.409242	82.507900	52.269813	77.849435	49.602089	73.543526	47.362805	69.443153	45.505413	65.462074	43.985876	61.548180	42.765038	57.669532
925.077510	45.213076	232.517484	48.373289	233.489253	52.099674	233.519342	56.396846	232.285828	61.211780	229.249088	66.378814	223.395937	71.506485	212.683437	75.728844	193.379913	77.469883	163.579436	75.749422	134.008709	71.835770	114.379919	67.265896	102.226807	62.789949	93.956985	58.703496	87.669503	55.104082	82.442717	52.001310	77.809379	49.366254	73.518215	47.155418	69.426953	45.322509	65.451761	43.823951	61.541793	42.621109	57.665796
925.449830	45.408420	232.422114	48.600372	233.327102	52.359139	233.268423	56.685812	231.910997	61.520406	228.689347	66.683755	222.538384	71.757490	211.324584	75.827614	191.314802	77.311473	161.341642	75.395742	132.605885	71.421469	113.685617	66.858652	101.879098	62.414280	93.771144	58.366598	87.563817	54.805998	82.379525	51.739082	77.770165	49.135852	73.493311	46.952664	69.411035	45.143514	65.441725	43.665299	61.535724	42.479904	57.662416
925.822020	45.603695	232.326778	48.827376	233.165007	52.618514	233.017591	56.974678	231.536297	61.828924	228.129801	66.988590	221.681130	72.008407	209.966207	75.926349	189.250413	77.153118	159.104629	75.042185	131.203551	71.007313	112.991557	66.451549	101.531510	62.038742	93.585367	58.029818	87.458167	54.508017	82.316355	51.476946	77.730965	48.905530	73.468417	46.749980	69.395122	44.964582	65.431692	43.506702	61.529657	42.338748	57.659037
926.194150	45.801181	232.225630	49.056582	232.995212	52.879762	232.756117	57.264469	231.146110	62.136265	227.546358	67.287975	220.785496	72.245680	208.551476	75.999906	187.155834	76.971164	156.958051	74.681127	129.894580	70.594487	112.339911	66.048709	101.200942	61.668215	93.406577	57.697971	87.355491	54.214557	82.254498	51.218799	77.692388	48.678651	73.443877	46.550223	69.379478	44.788113	65.421918	43.350165	61.523858	42.199302	57.655941
926.566160	46.000657	232.119175	49.287765	232.818392	53.142681	232.484937	57.555058	230.741801	62.442474	226.941121	67.582315	219.854852	72.470410	207.085359	76.050381	185.033959	76.767619	154.894712	74.313258	128.671385	70.182952	111.727240	65.649843	100.886025	61.302344	93.234221	57.370701	87.255558	53.925289	82.193854	50.964354	77.654390	48.454966	73.419667	46.353183	69.364083	44.613932	65.412381	43.195540	61.518305	42.061448	57.653106
926.938110	46.200102	232.012737	49.518912	232.641600	53.405558	232.213801	57.845600	230.337557	62.748633	226.335982	67.876607	218.924359	72.695103	205.619478	76.100848	182.912427	76.564106	152.831705	73.945448	127.448387	69.771484	111.114669	65.251043	100.571160	60.936533	93.061892	57.043484	87.155641	53.636068	82.133220	50.709949	77.616399	48.231317	73.395462	46.156175	69.348691	44.439779	65.402847	43.040941	61.512753	41.923615	57.650271
927.309880	46.403008	231.896567	49.753410	232.451834	53.671088	231.924611	58.136977	229.906822	63.051734	225.689790	68.160099	217.928842	72.894772	204.066471	76.109964	180.777154	76.328487	150.925322	73.569414	126.353019	69.363351	110.559139	64.859381	100.279871	60.578749	92.899624	56.724045	87.060219	53.353919	82.074719	50.461754	77.579532	48.013008	73.371967	45.963697	69.333860	44.269436	65.393837	42.889523	61.507728	41.788423	57.647969
927.681580	46.606586	231.778465	49.988556	232.259495	53.937123	231.631844	58.428495	229.470840	63.354197	225.035464	68.441409	216.920438	73.089427	202.496218	76.110826	178.639334	76.086482	149.050373	73.191773	125.283224	68.955922	110.015046	64.469180	99.993314	60.222601	92.739379	56.406187	86.965703	53.073207	82.016650	50.214821	77.542892	47.795785	73.348616	45.772142	69.319142	44.099870	65.384932	42.738754	61.502810	41.653770	57.645774
928.053220	46.810735	231.658619	50.224234	232.064816	54.203536	231.335795	58.720020	229.030007	63.655898	224.373611	68.720461	215.900377	73.279238	200.912290	76.104634	176.505458	75.839930	147.202528	72.813261	124.232155	68.549253	109.479287	64.080267	99.710306	59.867847	92.580705	56.089661	86.871921	52.793696	81.958949	49.968938	77.506462	47.579463	73.325407	45.581350	69.304539	43.930944	65.376133	42.588519	61.497994	41.519560	57.643681
928.424680	47.018398	231.528288	50.463209	231.856045	54.472341	231.019984	59.011733	228.559963	63.953189	223.666434	68.986144	214.810126	73.440176	199.245838	76.056261	174.394134	75.566073	145.515847	72.429359	123.292543	68.146931	108.993109	63.698868	99.448375	59.521260	92.431344	55.780945	86.782482	52.521231	81.903425	49.729216	77.471264	47.368422	73.303033	45.395030	69.290616	43.765771	65.367960	42.441410	61.493793	41.387940	57.642191
928.796080	47.226027	231.397979	50.702146	231.647309	54.741103	230.704224	59.303398	228.089995	64.250432	222.959370	69.251784	213.720050	73.601088	197.579655	76.007895	172.283151	75.292261	143.829438	72.045520	122.353083	67.744673	108.507009	63.317530	99.186486	59.174729	92.282007	55.472279	86.693058	52.248811	81.847910	49.489533	77.436071	47.157416	73.280662	45.208741	69.276695	43.600624	65.359788	42.294324	61.489592	41.256341	57.640703
929.167360	47.435454	231.261876	50.942703	231.430743	55.010894	230.377395	59.594733	227.603569	64.544580	222.226833	69.509085	212.591876	73.745285	195.876474	75.938228	170.202169	75.006879	142.223904	71.660173	121.463526	67.345122	108.043215	62.940244	98.934361	58.832469	92.137140	55.167646	86.605812	51.980007	81.793552	49.252998	77.401575	46.949101	73.258786	45.024726	69.263185	43.437383	65.351995	42.148826	61.485755	41.126057	57.639565
929.538570	47.647114	231.118690	51.185283	231.204599	55.281996	230.037021	59.885727	227.097001	64.835022	221.463121	69.756283	211.417072	73.869156	194.127886	75.842608	168.157297	74.707350	140.716532	71.272911	120.634559	66.948783	107.606490	62.567813	98.694073	58.495342	91.997687	54.867863	86.521200	51.715553	81.740591	49.020248	77.367921	46.744023	73.237509	44.843444	69.250174	43.276430	65.344663	42.005231	61.482359	40.997346	57.638854
929.909610	47.858678	230.975570	51.427752	230.978558	55.552974	229.696803	60.176587	226.590666	65.125330	220.699759	70.003367	210.242807	73.992969	192.380098	75.747031	166.113361	74.407958	139.209851	70.885826	119.805972	66.552625	107.169965	62.195553	98.453896	58.158370	91.858298	54.568217	86.436626	51.451221	81.687655	48.787605	77.334283	46.539038	73.216241	44.662245	69.237169	43.115551	65.337333	41.861702	61.478965	40.868694	57.638143
930.280580	48.073267	230.822176	51.672846	230.738518	55.825388	229.336643	60.466243	226.054551	65.409179	219.890602	70.234295	209.003387	74.086722	190.584539	75.618221	164.143702	74.093194	137.827414	70.497812	119.048314	66.161352	106.765448	61.830001	98.228126	57.828319	91.725728	54.275047	86.355509	51.192657	81.636647	48.559966	77.301871	46.338319	73.195883	44.484640	69.224933	42.957676	65.330708	41.720664	61.476238	40.742097	57.638067
930.651490	48.288808	230.665489	51.918762	230.493993	56.098236	228.970097	60.755481	225.508899	65.690918	219.066779	70.459996	207.743111	74.170785	188.773778	75.478723	162.198162	73.773513	136.485129	70.109538	118.313574	65.771691	106.371280	61.466645	98.007018	57.500531	91.595366	53.983992	86.275513	50.935977	81.586265	48.333961	77.269857	46.138994	73.175819	44.308209	69.212946	42.800783	65.324310	41.580444	61.473727	40.616174	57.638196
931.022220	48.504481	230.508018	52.164752	230.248406	56.371034	228.602036	61.044420	224.960979	65.971893	218.239511	70.684126	206.478340	74.252312	186.961571	75.336916	160.260818	73.453047	135.152332	69.721485	117.583979	65.382633	105.979493	61.103993	97.787031	57.173436	91.465564	53.693572	86.195817	50.679860	81.536059	48.108445	77.237961	45.940087	73.155843	44.132134	69.201031	42.644193	65.317975	41.440479	61.471274	40.490466	57.638379
931.392880	48.723814	230.337076	52.413743	229.984342	56.645066	228.207509	61.330814	224.373430	66.242965	217.352089	70.885300	205.133742	74.294703	185.113253	75.157875	158.437556	73.117920	133.958371	69.334013	116.929609	65.000124	105.622136	60.749688	97.582983	56.854776	91.343560	53.410964	86.120235	50.430668	81.488253	47.888910	77.207662	45.746265	73.137085	43.960336	69.190158	42.491167	65.312594	41.303468	61.469717	40.367192	57.639406
931.763430	48.943082	230.166185	52.662659	229.720355	56.919016	227.813098	61.617123	223.786055	66.513957	216.464932	71.086415	203.789542	74.337081	183.265485	74.978887	156.614835	72.782892	132.764765	68.946656	116.275433	64.617728	105.264884	60.395489	97.378996	56.536211	91.221591	53.128439	86.044676	50.181551	81.440462	47.669440	77.177373	45.552500	73.118333	43.788589	69.179288	42.338187	65.307215	41.166498	61.468161	40.243954	57.640434
932.133910	49.163675	229.989858	52.912574	229.448869	57.193160	227.407880	61.901962	223.182497	66.780319	215.553683	71.277579	202.416370	74.364095	181.414254	74.787360	154.841096	72.443726	131.618649	68.560122	115.646150	64.238048	104.919227	60.044541	97.180533	56.220867	91.102420	52.848871	85.970650	49.935040	81.393605	47.452215	77.147728	45.360640	73.100086	43.618441	69.168852	42.186541	65.302231	41.030632	61.466973	40.121625	57.641804
932.504270	49.386611	229.803932	53.164252	229.164137	57.467648	226.983573	62.184208	222.550360	67.038511	214.599889	71.451174	200.992024	74.363982	179.556894	74.573689	153.153826	72.097251	130.556379	68.175038	115.060813	63.863159	104.594040	59.699332	96.991824	55.911210	90.988185	52.574519	85.899332	49.693128	81.348398	47.238951	77.119220	45.172141	73.082731	43.451116	69.159183	42.037248	65.297947	40.896716	61.466436	40.000899	57.643779
932.874510	49.609475	229.618067	53.415848	228.879497	57.742047	226.559403	62.466362	221.918428	67.296618	213.646404	71.624713	199.568140	74.363869	177.700135	74.360088	151.467103	71.750889	129.494453	67.790078	114.475667	63.488391	104.268959	59.354235	96.803176	55.601653	90.873987	52.300257	85.828036	49.451295	81.303206	47.025756	77.090721	44.983704	73.065382	43.283845	69.149516	41.888003	65.293665	40.762843	61.465899	39.880212	57.645754
933.244630	49.834652	229.421720	53.669022	228.580301	58.016307	226.114165	62.744924	221.255035	67.544749	212.647415	71.778188	198.096397	74.335891	175.856195	74.126887	149.872973	71.399191	128.508754	67.407418	113.929699	63.118773	103.962460	59.015034	96.623622	55.297845	90.764534	52.031228	85.759432	49.214054	81.259713	46.816504	77.063436	44.798603	73.049000	43.119373	69.140689	41.741087	65.290143	40.630894	61.466067	39.761106	57.648382
933.614690	50.061015	229.219998	53.923005	228.273642	58.290499	225.658124	63.021646	220.575510	67.787764	211.625091	71.921376	196.600109	74.293626	174.018820	73.883637	148.326311	71.044755	127.562136	67.025935	113.403816	62.751795	103.665488	58.678856	96.448731	54.996983	90.657513	51.764880	85.692209	48.979165	81.217092	46.609272	77.036772	44.615214	73.033113	42.956335	69.132293	41.595363	65.287012	40.499931	61.466597	39.642809	57.651345
933.984620	50.287299	229.018348	54.176898	227.967091	58.564593	225.202242	63.298271	219.896223	68.030694	210.603127	72.064514	195.104347	74.251376	172.182091	73.640473	146.780193	70.690444	126.615850	66.644586	112.878118	62.384946	103.368619	58.342795	96.273901	54.696227	90.550530	51.498626	85.625009	48.744358	81.174485	46.402114	77.010118	44.431889	73.017231	42.793355	69.123899	41.449690	65.283882	40.369014	61.467126	39.524554	57.654307
934.354430	50.516771	228.800619	54.432690	227.638087	58.837713	224.713762	63.568279	219.168574	68.256875	209.513957	72.176171	193.550013	74.170097	170.389850	73.373526	145.366211	70.331045	125.766050	66.267452	112.401532	62.025711	103.095498	58.015145	96.111004	54.403560	90.449960	51.239681	85.561573	48.515936	81.134335	46.200419	76.985260	44.253178	73.002807	42.634234	69.116776	41.307224	65.281908	40.240739	61.468720	39.408465	57.658247
934.724180	50.746347	228.582226	54.688527	227.308157	59.110750	224.223940	63.837959	218.438936	68.482296	208.422033	72.286445	191.993369	74.087138	168.599805	73.105588	143.958169	69.971478	124.920560	65.890556	111.927147	61.666860	102.823446	57.687908	95.948649	54.111286	90.349682	50.981091	85.498310	48.287824	81.094297	45.998990	76.960483	44.074694	72.988448	42.475303	69.109710	41.164917	65.279984	40.112598	61.470360	39.292487	57.662229
935.093810	50.976651	228.359390	54.944676	226.971997	59.383223	223.725059	64.105403	217.696010	68.702590	207.312654	72.387841	190.425430	73.994475	166.827902	72.832564	142.583821	69.611246	124.097574	65.515070	111.464200	61.310150	102.557049	57.362950	95.789215	53.821171	90.251024	50.724438	85.436027	48.061397	81.054918	45.799002	76.936201	43.897425	72.974494	42.317391	69.102998	41.023457	65.278379	39.985157	61.472293	39.177082	57.666477
935.463320	51.209235	228.123360	55.201904	226.617315	59.654209	223.199245	64.366441	216.913569	68.907959	206.151288	72.463214	188.823320	73.873244	165.108195	72.544426	141.307609	69.248832	123.340190	65.143488	111.034572	60.959507	102.307096	57.044480	95.638264	53.537215	90.157059	50.473312	85.376586	47.839779	81.017452	45.603118	76.913355	43.723617	72.961721	42.162369	69.097320	40.884391	65.277711	39.859690	61.475083	39.063292	57.671511
935.832700	51.441738	227.887413	55.459041	226.262759	59.925099	222.673616	64.627387	216.131404	69.113255	204.990330	72.538559	187.221773	73.752055	163.389092	72.256389	140.031845	68.886545	122.583072	64.772036	110.605095	60.608988	102.057230	56.726123	95.487367	53.253359	90.063128	50.222274	85.317166	47.618239	80.979999	45.407304	76.890517	43.549870	72.948952	42.007402	69.091644	40.745375	65.277043	39.734267	61.477873	38.949542	57.676543
936.202030	51.675776	227.641218	55.716677	225.893752	60.194344	222.126987	64.882681	215.318940	69.306250	203.792327	72.594071	185.604965	73.611631	161.717933	71.959473	138.822922	68.523686	121.867890	64.403758	110.196984	60.262934	101.818133	56.412422	95.342166	52.973874	89.972444	49.975136	85.259772	47.400079	80.943949	45.214366	76.868753	43.378543	72.937081	41.854453	69.086756	40.608029	65.277091	39.610215	61.481317	38.836910	57.682170
936.571230	51.911030	227.386599	55.974664	225.512874	60.462162	221.563109	65.133236	214.481593	69.489016	202.563950	72.633154	183.975913	73.455320	160.086859	71.655278	137.669611	68.160441	121.187589	64.038194	109.806656	59.920659	101.588005	56.102650	95.201716	52.698075	89.884471	49.731286	85.204070	47.184769	80.909069	45.023856	76.847884	43.209261	72.925954	41.703210	69.082523	40.472098	65.277730	39.487327	61.485302	38.725230	57.688288
936.940310	52.146208	227.132062	56.232567	225.132119	60.729894	220.999413	65.383709	213.644517	69.671722	201.335972	72.672224	182.347390	73.299059	158.456314	71.351182	136.516675	67.797313	120.507509	63.672749	109.416454	59.578496	101.357953	55.792979	95.061312	52.422366	89.796526	49.487514	85.148387	46.969529	80.874200	44.833408	76.827021	43.040034	72.914832	41.552017	69.078290	40.336212	65.278370	39.364480	61.489285	38.613587	57.694404
937.309330	52.383476	226.860915	56.490713	224.727874	60.994151	220.401675	65.623946	212.759472	69.833554	200.054795	72.680407	180.712241	73.116378	156.909196	71.036486	135.457298	67.434632	119.883519	63.312571	109.055023	59.243184	101.142697	55.490296	94.928938	52.153151	89.713278	49.249502	85.095716	46.759262	80.841470	44.647182	76.807830	42.874349	72.905113	41.403771	69.075298	40.202760	65.280132	39.243630	61.494293	38.503568	57.701446
937.678220	52.621071	226.586651	56.748822	224.319228	61.257652	219.797562	65.862133	211.865458	69.991307	198.763770	72.682631	179.076339	72.928660	155.378665	70.719845	134.416305	67.072153	119.270546	62.953525	108.699256	58.909301	100.930364	55.189057	94.798155	51.885275	89.630962	49.012676	85.043644	46.550022	80.809164	44.461830	76.788968	42.709400	72.895667	41.256141	69.072546	40.069820	65.282110	39.123204	61.499497	38.393898	57.708665
938.047000	52.858870	226.309793	57.006805	223.906911	61.520392	219.188164	66.098441	210.964253	70.145555	197.465872	72.680183	177.442512	72.737468	153.862056	70.402078	133.388457	66.710011	118.665214	62.595427	108.347459	58.576551	100.720123	54.888943	94.668539	51.618430	89.549348	48.776761	84.992034	46.341568	80.777191	44.277145	76.770368	42.545014	72.886443	41.108981	69.069989	39.937270	65.284264	39.003101	61.504858	38.284492	57.716026
938.415650	53.098469	226.014726	57.264361	223.468779	61.778360	218.541576	66.322299	210.012320	70.276078	196.118755	72.645771	175.820134	72.522188	152.438138	70.076070	132.448803	66.349560	118.111134	62.243215	108.022221	58.250989	100.523836	54.596011	94.546687	51.358195	89.472401	48.546680	84.943498	46.138134	80.747445	44.096717	76.753532	42.384195	72.878717	40.964788	69.068762	39.807167	65.287619	38.885001	61.511309	38.176714	57.724368
938.784240	53.338030	225.719706	57.521875	223.030718	62.036286	217.895092	66.546121	209.060541	70.406580	194.771857	72.611365	174.198019	72.306943	151.014453	69.750114	131.509303	65.989167	117.557144	61.891060	107.697035	57.925481	100.327581	54.303127	94.424855	51.098002	89.395468	48.316636	84.894969	45.934734	80.717703	43.916318	76.736699	42.223402	72.870992	40.820617	69.067536	39.677086	65.290974	38.766920	61.517759	38.068954	57.732709
939.152710	53.578223	225.415593	57.778806	222.579760	62.291326	217.230222	66.763128	208.084762	70.524968	193.405673	72.562206	172.589825	72.081906	149.635749	69.421417	130.607563	65.630098	117.024658	61.541892	107.383132	57.603433	100.137384	54.013635	94.306475	50.840905	89.320662	48.089310	84.847876	45.733667	80.689027	43.737895	76.720720	42.064265	72.863997	40.677823	69.066954	39.548140	65.294911	38.649770	61.524734	37.961951	57.741523
939.521120	53.819382	225.098547	58.034990	222.110455	62.542367	216.539189	66.970575	207.074799	70.626284	192.011847	72.492199	171.000809	71.842973	148.320157	69.088752	129.758881	65.272790	116.522380	61.196836	107.085066	57.286176	99.955686	53.728846	94.192935	50.588104	89.248839	47.865755	84.802798	45.535837	80.661844	43.562207	76.705944	41.907419	72.858029	40.536928	69.067283	39.420760	65.299669	38.533898	61.532456	37.855984	57.751007
939.889340	54.060417	224.781664	58.291042	221.641393	62.793278	215.848512	67.177916	206.065357	70.727548	190.618739	72.422227	169.412614	71.604163	147.005244	68.756257	128.910636	64.915667	116.020362	60.851959	106.787154	56.969082	99.774082	53.444205	94.079453	50.335433	89.177053	47.642315	84.757742	45.338110	80.634676	43.386611	76.691175	41.750653	72.852065	40.396107	69.067612	39.293445	65.304426	38.418087	61.540173	37.750072	57.760487
940.257510	54.302281	224.448451	58.545599	221.149184	63.038392	215.125269	67.372385	205.015695	70.807330	189.200646	72.328576	167.859411	71.351356	145.764215	68.420610	128.118904	64.561248	115.550117	60.512124	106.506126	56.657637	99.601723	53.165030	93.971358	50.087715	89.108668	47.423206	84.715033	45.144086	80.609279	43.214138	76.677851	41.596497	72.847344	40.257446	69.069047	39.167907	65.310181	38.303723	61.548794	37.645328	57.770774
940.625550	54.544431	224.108321	58.799439	220.647178	63.280944	214.388251	67.561268	203.949067	70.877862	187.772239	72.224781	166.321698	71.092612	144.555286	68.083707	127.351679	64.208094	115.093659	60.174556	106.232432	56.348709	99.433385	52.888287	93.865609	49.842197	89.041763	47.206021	84.673343	44.951711	80.584650	43.043058	76.665151	41.443507	72.843157	40.119754	69.070956	39.043168	65.316364	38.190015	61.557800	37.541116	57.781405
940.993530	54.786541	223.768247	59.053239	220.145254	63.523457	213.651353	67.750121	202.882612	70.948383	186.344065	72.121004	164.784234	70.833910	143.346554	67.746859	126.584579	63.854997	114.637274	59.837042	105.958783	56.039832	99.265074	52.611589	93.759877	49.596719	88.974870	46.988872	84.631661	44.759367	80.560026	42.872007	76.652452	41.290543	72.838972	39.982085	69.072865	38.918449	65.322546	38.076325	61.566805	37.436921	57.792034
941.361390	55.029255	223.403983	59.303958	219.609139	63.756249	212.867317	67.918828	201.762089	70.987661	184.894261	71.986271	163.310043	70.558997	142.237250	67.407526	125.888241	63.506454	114.220447	59.506795	105.706462	55.738824	99.108683	52.342403	93.661258	49.358000	88.912572	46.777607	84.593223	44.572045	80.537891	42.705186	76.641804	41.141104	72.836563	39.847334	69.076359	38.796125	65.330157	37.964584	61.577096	37.334299	57.803812
941.729130	55.271901	223.039402	59.554542	219.072584	63.988793	212.082687	68.087121	200.640958	71.026368	183.444534	71.851028	161.837456	70.283882	141.130080	67.068257	125.193392	63.158104	113.804462	59.176784	105.454603	55.438053	98.952556	52.073438	93.562797	49.119478	88.850377	46.566516	84.554856	44.384872	80.515808	42.538495	76.631197	40.991777	72.834186	39.712679	69.079880	38.673884	65.337791	37.852914	61.587406	37.231738	57.815607
942.096740	55.514485	222.668087	59.803954	218.526572	64.218233	211.285368	68.249450	199.506690	71.056564	181.993303	71.708260	160.384973	70.005336	140.048215	66.728850	124.515586	62.811223	113.397994	58.848833	105.207959	55.139439	98.799406	51.806504	93.466151	48.882771	88.789379	46.356999	84.517348	44.199043	80.494392	42.372935	76.621142	40.843395	72.832289	39.578807	69.083828	38.552287	65.345808	37.741771	61.598061	37.129602	57.827707
942.464290	55.757093	222.277621	60.050295	217.953643	64.439178	210.451875	68.395223	198.334720	71.062972	180.536664	71.544314	158.987552	69.716956	139.036275	66.388773	123.884913	62.468166	113.017828	58.526375	104.975706	54.846617	98.654463	51.545032	93.374501	48.650947	88.731680	46.151718	84.482212	44.016819	80.474824	42.210404	76.612629	40.697534	72.831731	39.447016	69.088974	38.432394	65.354905	37.632010	61.609686	37.028575	57.840669
942.831730	55.999629	221.887272	60.296562	217.380886	64.660056	209.618631	68.540952	197.163102	71.069378	179.080461	71.380416	157.590550	69.428663	138.024638	66.048797	123.254429	62.125212	112.637776	58.204015	104.743521	54.553882	98.509564	51.283639	93.282879	48.419193	88.673998	45.946497	84.447086	43.834650	80.455262	42.047920	76.604118	40.551717	72.831173	39.315265	69.094118	38.312537	65.363999	37.522281	61.621307	36.927577	57.853628
943.199040	56.241759	221.482186	60.539886	216.787589	64.873695	208.758740	68.673477	195.967112	71.058345	177.628900	71.202617	156.238050	69.134751	137.060895	65.709164	122.654949	61.785411	112.275071	57.885801	104.520983	54.265403	98.370274	51.026217	93.194751	48.190968	88.618668	45.744328	84.413682	43.655072	80.437061	41.887614	76.596746	40.407711	72.831609	39.185009	69.100149	38.193904	65.373892	37.413547	61.633644	36.827379	57.867219
943.566280	56.483573	221.064603	60.780752	216.176871	65.081239	207.876240	68.794860	194.750400	71.032577	176.181105	71.013051	154.923006	68.836060	136.137516	65.369782	122.081598	61.448239	111.926984	57.571058	104.306571	53.980491	98.235708	50.772123	93.109564	47.965701	88.565319	45.544716	84.381730	43.477665	80.420006	41.729129	76.590335	40.265221	72.832887	39.056002	69.106929	38.076294	65.384460	37.305640	61.646587	36.727846	57.881347
943.933410	56.725314	220.647144	61.021545	215.566336	65.288722	206.994004	68.916207	193.534052	71.006816	174.733744	70.823542	153.608355	68.537459	135.214414	65.030503	121.508420	61.111168	111.579001	57.256408	104.092223	53.695663	98.101182	50.518105	93.024403	47.740501	88.511986	45.345163	84.349788	43.300311	80.402956	41.570691	76.583926	40.122772	72.834164	38.927033	69.113708	37.958719	65.395026	37.197766	61.659526	36.628342	57.895471
944.300420	56.965884	220.206192	61.256934	214.923453	65.483865	206.071584	69.016336	192.286706	70.955302	173.305160	70.615553	152.363380	68.232366	134.357482	64.692617	120.976846	60.779093	111.254415	56.947956	103.891093	53.417079	97.974496	50.269856	92.944221	47.520403	88.462078	45.150005	84.320398	43.126682	80.387950	41.415375	76.579246	39.982915	72.836959	38.800199	69.121841	37.842885	65.406809	37.091300	61.673558	36.529962	57.910560
944.667360	57.206166	219.760087	61.491098	214.273481	65.676252	205.140371	69.111753	191.032639	70.898088	171.880905	70.403494	151.133989	67.925871	133.515311	64.355080	120.454551	60.448165	110.935050	56.640914	103.692914	53.139912	97.849561	50.022915	92.865151	47.301461	88.412934	44.955843	84.291577	42.953897	80.373399	41.260768	76.574949	39.843649	72.840089	38.673852	69.130273	37.727451	65.418861	36.985159	61.687830	36.431843	57.925861
945.034120	57.446130	219.311382	61.724417	213.620007	65.866982	204.205126	69.204595	189.776457	70.838090	170.460681	70.189718	149.913127	67.618982	132.680377	64.017946	119.936717	60.117981	110.618222	56.334712	103.496199	52.863565	97.725514	49.776722	92.786656	47.083179	88.364192	44.762251	84.263055	42.781598	80.359085	41.106571	76.570851	39.704727	72.843391	38.547794	69.138858	37.612258	65.431048	36.879218	61.702221	36.333890	57.941266
945.400820	57.684097	218.835275	61.950589	212.929400	66.042457	203.226278	69.272789	188.493851	70.750696	169.073173	69.958220	148.769730	67.306831	131.912101	63.683178	119.459938	59.793528	110.324652	56.035294	103.312838	52.593932	97.609544	49.536685	92.713398	46.870311	88.319123	44.573310	84.237316	42.613233	80.347027	40.955662	76.568677	39.568528	72.848388	38.423972	69.148966	37.498884	65.444603	36.774741	61.717833	36.237099	57.957748
945.767460	57.922024	218.359246	62.176723	212.238907	66.217902	202.247591	69.340971	187.211456	70.663316	167.685892	69.726759	147.626520	66.994731	131.143950	63.348464	118.983238	59.469128	110.031129	55.735925	103.129506	52.324343	97.493593	49.296688	92.640153	46.657479	88.274063	44.384400	84.211581	42.444895	80.334971	40.804778	76.566503	39.432352	72.853383	38.300170	69.159072	37.385528	65.458155	36.670280	61.733443	36.140324	57.974228
946.133910	58.158712	217.871903	62.399364	211.533430	66.386487	201.252635	69.398869	185.922797	70.565581	166.316637	69.489357	146.514443	66.681360	130.400509	63.015157	118.521549	59.147271	109.746191	55.439409	102.951188	52.057526	97.380731	49.059207	92.568945	46.446852	88.230453	44.197381	84.186957	42.278157	80.323821	40.655234	76.565103	39.297289	72.859061	38.177287	69.169785	37.272925	65.472253	36.566430	61.749536	36.044038	57.991131
946.500310	58.393427	217.364553	62.616114	210.801413	66.543292	200.228687	69.438960	184.622282	70.449804	164.977619	69.241463	145.455548	66.365543	129.699381	62.684036	118.085557	58.829582	109.475933	55.147619	102.781434	51.795314	97.273140	48.825913	92.501221	46.239893	88.189327	44.013501	84.164242	42.114069	80.314235	40.507902	76.565044	39.164057	72.865927	38.055905	69.181559	37.161540	65.487306	36.463559	61.766482	35.948528	58.008783
946.866640	58.628098	216.857300	62.832822	210.069536	66.700068	199.204935	69.479045	183.322016	70.334048	163.638857	68.993616	144.396854	66.049786	128.998387	62.352979	117.649649	58.511954	109.205728	54.855884	102.611713	51.533152	97.165571	48.592664	92.433509	46.032973	88.148209	43.829657	84.141531	41.950013	80.304652	40.360598	76.564985	39.030850	72.872791	37.934546	69.193331	37.050177	65.502356	36.360707	61.783425	35.853035	58.026431
947.232790	58.860094	216.329346	63.042622	209.310976	66.843927	198.154701	69.500986	182.017473	70.201600	162.336642	68.737110	143.389778	65.732746	128.335992	62.024661	117.236986	58.198716	108.948945	54.568941	102.449953	51.275587	97.062997	48.363564	92.369156	45.829673	88.109523	43.648908	84.120712	41.788565	80.296629	40.215473	76.566271	38.899446	72.880842	37.814667	69.206169	36.940019	65.518358	36.258826	61.801216	35.758313	58.044821
947.598880	59.090585	215.789478	63.248491	208.537051	66.980409	197.089182	69.512544	180.710328	70.059579	161.055199	68.475617	142.412134	65.414934	127.695616	61.697872	116.837583	57.887953	108.699816	54.284708	102.292733	51.020622	96.963272	48.136812	92.306717	45.628421	88.072224	43.469908	84.100973	41.628592	80.289498	40.071578	76.568327	38.769058	72.889573	37.695622	69.219617	36.830539	65.534907	36.157487	61.819495	35.664019	58.063638
947.964840	59.320995	215.249802	63.454288	207.763401	67.116843	196.024042	69.524098	179.403648	69.917609	159.774210	68.214216	141.434837	65.097234	127.055468	61.371198	116.438322	57.577301	108.450776	54.000576	102.135568	50.765748	96.863582	47.910141	92.244301	45.427242	88.034939	43.290972	84.081242	41.468676	80.282370	39.927734	76.570383	38.638717	72.898300	37.576619	69.233060	36.721098	65.551451	36.056185	61.837767	35.569759	58.082448
948.330750	59.546799	214.679263	63.649024	206.951279	67.233624	194.924854	69.509878	178.100562	69.753964	158.550325	67.942660	140.526452	64.778786	126.464518	61.048711	116.068565	57.272791	108.218959	53.722986	101.988786	50.517084	96.770522	47.689039	92.186430	45.230901	88.001008	43.116160	84.064157	41.312225	80.277451	39.786772	76.574357	38.510754	72.908738	37.459558	69.248036	36.613222	65.569371	35.956131	61.857261	35.476479	58.102327
948.696470	59.771999	214.105732	63.842487	206.135479	67.348257	193.822605	69.492927	176.798516	69.588099	157.333124	67.670161	139.625846	64.460419	125.879093	60.726831	115.702128	56.969086	107.989090	53.446231	101.843181	50.269205	96.678213	47.468641	92.129072	45.035174	87.967450	42.941875	84.047363	41.156221	80.272769	39.646188	76.578534	38.383108	72.919353	37.342762	69.263168	36.505567	65.587430	35.856261	61.876875	35.383350	58.122309
949.062130	59.996113	213.526295	64.033586	205.312653	67.458957	192.715117	69.471216	175.499258	69.418610	156.127531	67.396184	138.737495	64.142163	125.302097	60.405859	115.340742	56.666588	107.762204	53.170724	101.699405	50.022496	96.587092	47.249286	92.072540	44.840351	87.934508	42.768359	84.031061	41.000864	80.268500	39.506143	76.583070	38.255907	72.930285	37.226331	69.278585	36.398207	65.605744	35.756627	61.896716	35.290407	58.142488
949.427730	60.215070	212.917641	64.213259	204.454986	67.550513	191.581336	69.426238	174.212791	69.231314	154.977857	67.114813	137.908424	63.824245	124.765894	60.089117	115.003794	56.369789	107.549749	52.901140	101.564466	49.781346	96.501714	47.034887	92.020009	44.649819	87.904560	42.598490	84.017153	40.848568	80.266243	39.368642	76.589363	38.130798	72.942778	37.111605	69.295411	36.292225	65.625319	35.658086	61.917674	35.198319	58.163641
949.793150	60.433918	212.309286	64.392843	203.597741	67.642024	190.448114	69.381283	172.926957	69.044110	153.828749	66.833580	137.079761	63.506483	124.229956	59.772530	114.667011	56.073136	107.337398	52.631690	101.429595	49.540315	96.416378	46.820594	91.967503	44.459381	87.874626	42.428705	84.003253	40.696346	80.263988	39.231208	76.595653	38.005751	72.955266	36.996936	69.312228	36.186294	65.644885	35.559594	61.938623	35.106275	58.184783
950.158510	60.649535	211.685346	64.565774	202.722925	67.723050	189.304341	69.324566	171.652550	68.848722	152.709855	66.549411	136.279956	63.189379	123.713334	59.458344	114.341825	55.779505	107.131981	52.365308	101.299040	49.302136	96.333896	46.608830	91.917019	44.271127	87.846226	42.260772	83.990588	40.545679	80.262781	39.095063	76.602859	37.881765	72.968573	36.883131	69.329778	36.081060	65.665107	35.461655	61.960154	35.014663	58.206431
950.523740	60.860907	211.041167	64.730001	201.825315	67.790388	188.146969	69.252519	170.393226	68.642686	151.630527	66.261453	135.517902	62.873175	123.221979	59.147332	114.031809	55.489857	106.935637	52.102968	101.174136	49.067709	96.255147	46.400394	91.869178	44.085746	87.819833	42.095278	83.979537	40.397059	80.262942	38.960620	76.611260	37.759181	72.982948	36.770469	69.348283	35.976750	65.686185	35.364453	61.982442	34.923626	58.228735
950.888920	61.072250	210.397076	64.894205	200.927828	67.857717	186.989756	69.180481	169.134075	68.436679	150.551347	65.973535	134.755954	62.557015	122.730692	58.836362	113.721835	55.200249	106.739319	51.840663	101.049249	48.833314	96.176409	46.191986	91.821343	43.900390	87.793443	41.929808	83.968487	40.248460	80.263104	38.826194	76.619660	37.636613	72.997322	36.657823	69.366786	35.872454	65.707259	35.267264	62.004726	34.832601	58.251036
951.253910	61.277512	209.727733	65.046684	200.003823	67.907700	185.821464	69.090529	167.900022	68.219359	149.520925	65.682262	134.036837	62.242587	122.267484	58.529503	113.428780	54.915538	106.553249	51.583235	100.930835	48.603408	96.102016	45.987540	91.776629	43.718445	87.769450	41.767227	83.959390	40.102281	80.264926	38.693777	76.629518	37.515698	73.012994	36.546524	69.386456	35.769242	65.729376	35.170936	62.027930	34.742248	58.274133
951.618840	61.480129	209.047309	65.194046	199.068166	67.950103	184.648254	68.992740	166.676864	67.997080	148.511755	65.389503	133.336401	61.928896	121.816523	58.224422	113.143102	54.632950	106.371648	51.327923	100.815243	48.375449	96.029518	45.784814	91.733277	43.537979	87.746502	41.605899	83.951146	39.957150	80.267473	38.562229	76.640015	37.395497	73.029234	36.435808	69.406639	35.666498	65.751950	35.074979	62.051538	34.652183	58.297579
951.983700	61.682707	208.367016	65.341379	198.132689	67.992498	183.475270	68.894970	165.453941	67.774843	147.502779	65.096801	132.636099	61.615265	121.365648	57.919400	112.857479	54.350417	106.190080	51.072660	100.699674	48.147534	95.957034	45.582126	91.689932	43.357548	87.723559	41.444603	83.942903	39.812047	80.270020	38.430707	76.650509	37.275320	73.045471	36.325113	69.426818	35.563774	65.774520	34.979040	62.075141	34.562136	58.321020
952.348390	61.875773	207.651635	65.471322	197.163402	68.010688	182.295049	68.774136	164.272627	67.539325	146.559239	64.800961	131.989634	61.304631	120.949544	57.620145	112.592921	54.074492	106.021428	50.823878	100.592393	47.925537	95.890206	45.384636	91.650710	43.181578	87.703822	41.287076	83.937296	39.670096	80.274831	38.301795	76.662997	37.157283	73.063497	36.216155	69.448600	35.462440	65.798522	34.884197	62.100005	34.472935	58.345549
952.713010	62.068362	206.934735	65.600429	196.192699	68.027744	181.114690	68.652245	163.093459	67.303225	145.618919	64.505025	131.345796	60.994190	120.535138	57.321211	112.329392	53.798923	105.853408	50.575441	100.485518	47.703854	95.823654	45.187422	91.611686	43.005848	87.684238	41.129752	83.931813	39.528315	80.279746	38.173027	76.675577	37.039367	73.081604	36.107296	69.470455	35.361189	65.822588	34.789422	62.124925	34.383788	58.370125
953.077580	62.258548	206.210072	65.725384	195.215320	68.039392	179.934676	68.525616	161.924896	67.064660	144.692715	64.208701	130.712967	60.684557	120.127772	57.023606	112.070159	53.524822	105.688056	50.328423	100.380381	47.483457	95.758305	44.991334	91.573553	42.831080	87.665354	40.973242	83.926911	39.387214	80.285162	38.044820	76.688599	36.921911	73.100107	35.998810	69.492664	35.260236	65.846971	34.694882	62.150123	34.294822	58.394940
953.441960	62.439844	205.456721	65.834983	194.213275	68.031052	178.755951	68.381476	160.795555	66.816982	143.818712	63.910947	130.120850	60.377918	119.746439	56.730916	111.826806	53.256153	105.532568	50.086655	100.281669	47.267818	95.697403	44.799409	91.538711	42.659877	87.649060	40.819740	83.924156	39.248624	80.292426	37.918692	76.703258	36.806157	73.120073	35.891705	69.516185	35.160389	65.872524	34.601211	62.176353	34.206524	58.420639
953.806270	62.621105	204.703514	65.944561	193.211422	68.022714	177.577453	68.237363	159.666431	66.569351	142.944876	63.613251	129.528846	60.071337	119.365180	56.438283	111.583500	52.987535	105.377109	49.844934	100.182975	47.052221	95.636513	44.607522	91.503876	42.488706	87.632770	40.666268	83.921402	39.110061	80.299689	37.792588	76.717914	36.690426	73.140035	35.784621	69.539702	35.060562	65.898073	34.507558	62.202577	34.118243	58.446332
954.170470	62.796462	203.933538	66.044481	192.197129	68.002627	176.403893	68.083784	158.562671	66.317282	142.100650	63.315279	128.958974	59.766773	118.997987	56.148621	111.348843	52.722107	105.227098	49.606255	100.087885	46.839364	95.578155	44.418023	91.470939	42.319576	87.617988	40.514516	83.919908	38.972932	80.308044	37.667668	76.733540	36.575663	73.160866	35.678320	69.564002	34.961360	65.924318	34.414395	62.229411	34.030336	58.472548
954.534550	62.965117	203.144507	66.133434	191.168693	67.969198	175.235927	67.919452	157.487703	66.060169	141.290042	63.016987	128.414229	59.464494	118.646766	55.862329	111.124004	52.460297	105.083271	49.371029	99.996884	46.629618	95.522670	44.231233	91.440156	42.152760	87.604919	40.364714	83.919847	38.837430	80.317641	37.544092	76.750267	36.462000	73.182685	35.572907	69.589190	34.862867	65.951353	34.321786	62.256938	33.942853	58.499359
954.898560	63.133739	202.355628	66.222370	190.140455	67.935774	174.068186	67.755152	156.412942	65.803105	140.479590	62.718753	127.869589	59.162274	118.295611	55.576093	110.899208	52.198537	104.939472	49.135848	99.905902	46.419912	95.467195	44.044478	91.409380	41.985977	87.591852	40.214941	83.919786	38.701954	80.327236	37.420539	76.766991	36.348358	73.204500	35.467515	69.614373	34.764392	65.978383	34.229195	62.284460	33.855387	58.526164
955.262450	63.292343	201.541679	66.295779	189.096962	67.884717	172.914021	67.577763	155.379058	65.540557	139.712115	62.420817	127.356026	58.863416	117.964144	55.294443	110.686624	51.941582	104.803461	48.905201	99.820144	46.214266	95.415452	43.861251	91.381432	41.822197	87.581065	40.067693	83.921645	38.568578	80.338508	37.298718	76.785206	36.236129	73.227657	35.363262	69.640762	34.666820	66.006488	34.137306	62.312922	33.768451	58.553772
955.626220	63.447047	200.718213	66.363175	188.047787	67.826860	171.765333	67.395353	154.361172	65.275945	138.961395	62.123056	126.854571	58.565917	117.640347	55.014621	110.478801	51.686534	104.670486	48.676353	99.736423	46.010230	95.365160	43.679423	91.354584	41.659611	87.571160	39.921450	83.924246	38.436042	80.350426	37.177591	76.803993	36.124468	73.251328	35.259469	69.667610	34.569617	66.035002	34.045707	62.341741	33.681737	58.581683
955.989930	63.601724	199.894881	66.430560	186.998786	67.769012	170.616835	67.212974	153.343454	65.011376	138.210800	61.825344	126.353198	58.268466	117.316603	54.734846	110.271012	51.431529	104.537533	48.447543	99.652716	45.806227	95.314876	43.497625	91.327739	41.497051	87.561256	39.775231	83.926846	38.303527	80.362341	37.056484	76.822776	36.012826	73.274995	35.155694	69.694455	34.472429	66.063512	33.954124	62.370555	33.595036	58.609590
956.353520	63.741673	199.039440	66.476347	185.935242	67.688330	169.494048	67.014989	152.381957	64.741074	137.514437	61.528888	125.890032	57.975843	117.017055	54.461248	110.078374	51.182859	104.414374	48.224654	99.575679	45.607496	95.269418	43.320390	91.304610	41.338372	87.554371	39.632269	83.932013	38.173718	80.376505	36.937602	76.843570	35.902994	73.300472	35.053372	69.722925	34.376390	66.093470	33.863425	62.400636	33.509000	58.638578
956.716980	63.881154	198.183382	66.521502	184.871654	67.607026	168.372383	66.816629	151.422395	64.470703	136.819861	61.232572	125.428115	57.683459	116.718300	54.187921	109.886234	50.934455	104.291536	48.002012	99.498859	45.408984	95.224113	43.143347	91.281594	41.179859	87.547574	39.489450	83.937251	38.044032	80.390727	36.818824	76.864415	35.793252	73.325991	34.951127	69.751431	34.280417	66.123460	33.772783	62.430742	33.423013	58.667586
957.080380	64.017007	197.320656	66.561650	183.806372	67.520814	167.258159	66.615202	150.475719	64.199401	136.136847	60.936743	124.974176	57.392261	116.424601	53.916026	109.697291	50.687490	104.170792	47.780700	99.423483	45.211651	95.179865	42.967321	91.259399	41.022209	87.541450	39.347355	83.943063	37.914947	80.405454	36.700542	76.885710	35.683914	73.351916	34.849206	69.780301	34.184701	66.153771	33.682340	62.461130	33.337174	58.696832
957.443600	64.140105	196.434393	66.584182	182.735035	67.417322	166.170024	66.402966	149.574303	63.924798	135.494456	60.642605	124.548270	57.105213	116.148670	53.649146	109.519580	50.445565	104.057402	47.564052	99.353179	45.018449	95.139331	42.794861	91.240093	40.867586	87.537689	39.207799	83.950894	37.787968	80.421956	36.583993	76.908591	35.575986	73.379267	34.748419	69.810454	34.089877	66.185218	33.592586	62.492510	33.251849	58.726918
957.806760	64.263183	195.548276	66.606711	181.663875	67.313848	165.082068	66.190764	148.673036	63.650241	134.852170	60.348515	124.122434	56.818212	115.872784	53.382311	109.341899	50.203679	103.944031	47.347439	99.282886	44.825279	95.098805	42.622430	91.220789	40.712988	87.533930	39.068266	83.958725	37.661011	80.438456	36.467463	76.931469	35.468076	73.406614	34.647649	69.840602	33.995070	66.216660	33.502848	62.523886	33.166538	58.757000
958.169860	64.378096	194.649401	66.618597	180.592262	67.200665	164.012238	65.972977	147.798402	63.374313	134.232460	60.055715	123.711941	56.533763	115.606651	53.118441	109.170447	49.964725	103.834790	47.133519	99.215485	44.634484	95.060423	42.452041	91.203173	40.560121	87.531565	38.930179	83.967753	37.535253	80.456015	36.351917	76.955297	35.360962	73.434818	34.547515	69.871520	33.900761	66.248788	33.413489	62.555857	33.081506	58.787583
958.532780	64.483689	193.736297	66.618381	179.520464	67.076479	162.963344	65.748907	146.954315	63.096912	133.638606	59.764471	123.319017	56.252303	115.351689	52.858024	109.006132	49.729179	103.730280	46.922726	99.151391	44.446446	95.024491	42.284026	91.187478	40.409268	87.530787	38.793781	83.978142	37.410898	80.474774	36.237524	76.980200	35.254787	73.463988	34.448135	69.903303	33.807047	66.281685	33.324589	62.588497	32.996819	58.818729
958.895630	64.589262	192.823370	66.618165	178.448872	66.952317	161.914652	65.524881	146.110391	62.819564	133.044867	59.473283	122.926170	55.970897	115.096776	52.597658	108.841848	49.493677	103.625790	46.711973	99.087310	44.258445	94.988566	42.116044	91.171787	40.258444	87.530009	38.657409	83.988528	37.286567	80.493529	36.123154	77.005098	35.148633	73.493152	34.348774	69.935081	33.713352	66.314575	33.235706	62.621129	32.912149	58.849869
959.258420	64.681718	191.893681	66.601861	177.381583	66.814518	160.896508	65.293675	145.305723	62.540976	132.482870	59.184428	122.554658	55.693460	114.855491	52.341744	108.686362	49.262519	103.527207	46.505178	99.027418	44.073918	94.955793	41.951044	91.158603	40.110139	87.531323	38.523142	84.000727	37.163976	80.513890	36.010205	77.031442	35.043628	73.523623	34.250326	69.968032	33.620367	66.348507	33.147360	62.654666	32.827865	58.881771
959.621030	64.768841	190.957627	66.579071	176.316488	66.671274	159.891131	65.059671	144.517244	62.262007	131.933925	58.896637	122.191919	55.417745	114.619811	52.087736	108.534492	49.033212	103.431052	46.300068	98.969241	43.890871	94.924305	41.787319	91.146436	39.962915	87.533481	38.389781	84.013653	37.042140	80.534891	35.897880	77.058357	34.939132	73.554607	34.152289	70.001443	33.527709	66.382845	33.059268	62.688553	32.743773	58.913968
959.983580	64.855949	190.021727	66.556284	175.251569	66.528054	158.885919	64.825705	143.728897	61.983084	131.385072	58.608895	121.829239	55.142074	114.384169	51.833771	108.382648	48.803944	103.334913	46.094993	98.911074	43.707855	94.892822	41.623621	91.134271	39.815715	87.535638	38.256443	84.026576	36.920323	80.555888	35.785573	77.085268	34.834654	73.585587	34.054267	70.034849	33.435066	66.417177	32.971190	62.722435	32.659696	58.946159
960.346010	64.924697	189.067785	66.512373	174.199130	66.368235	157.924667	64.583837	142.991114	61.703557	130.875544	58.324759	121.492790	54.871861	114.165366	51.585739	108.241786	48.580379	103.246250	45.895082	98.858272	43.529355	94.865417	41.463789	91.125378	39.671776	87.540543	38.125827	84.041889	36.800754	80.579014	35.675103	77.114097	34.731655	73.618301	33.957420	70.069811	33.343334	66.452889	32.883796	62.757511	32.576108	58.979351
960.708310	64.992551	188.113314	66.467475	173.147644	66.207684	156.965829	64.341677	142.255983	61.424098	130.368055	58.040891	121.157700	54.601999	113.947436	51.338073	108.101492	48.357162	103.157972	45.695484	98.805743	43.351131	94.838215	41.304195	91.116644	39.528041	87.545577	37.995385	84.057310	36.681333	80.602232	35.564758	77.143007	34.628761	73.651087	33.860662	70.104836	33.251677	66.488654	32.796465	62.792632	32.492572	59.012578
961.070560	65.056530	187.156218	66.418409	172.100046	66.044105	156.016413	64.098240	141.530730	61.144721	129.868009	57.757858	120.827550	54.333286	113.732699	51.091622	107.963305	48.135098	103.071143	45.496923	98.754266	43.173812	94.811822	41.145374	91.108564	39.384958	87.551164	37.865488	84.073213	36.562362	80.625882	35.454780	77.172305	34.526165	73.684222	33.764140	70.140174	33.160203	66.524696	32.709273	62.827993	32.409135	59.046006
961.432680	65.104517	186.188071	66.352105	171.068289	65.867982	155.105726	63.849470	140.846141	60.865623	129.398605	57.478213	120.517743	54.069264	113.531103	50.850135	107.833789	47.917753	102.990283	45.302606	98.707128	43.000192	94.788764	40.989715	91.103188	39.244541	87.559041	37.737811	84.091116	36.445225	80.651316	35.346301	77.203212	34.424778	73.718809	33.668575	70.176819	33.069469	66.561894	32.622635	62.864352	32.326095	59.080265
961.794680	65.152487	185.220244	66.285824	170.036874	65.691917	154.195341	63.600783	140.161779	60.586618	128.929357	57.198661	120.208038	53.805331	113.329574	50.608728	107.704317	47.700481	102.909449	45.108354	98.660005	42.826629	94.765714	40.834108	91.097813	39.104171	87.566915	37.610177	84.109013	36.328127	80.676741	35.237857	77.234109	34.323424	73.753384	33.573041	70.213452	32.978765	66.599080	32.536027	62.900699	32.243082	59.114513
962.156620	65.191690	184.248809	66.210691	169.016430	65.509880	153.306105	63.349865	139.498033	60.308107	128.475263	56.921057	119.908365	53.543926	113.134573	50.369938	107.579194	47.485669	102.831649	44.916302	98.615113	42.654979	94.744397	40.680130	91.093854	38.965171	87.575995	37.483684	84.127969	36.211968	80.703116	35.130179	77.265863	34.222684	73.788737	33.477992	70.250782	32.888432	66.636881	32.449692	62.937576	32.160261	59.149202
962.518430	65.219398	183.272785	66.123970	168.010505	65.320046	152.444708	63.096061	138.861393	60.030284	128.041089	56.646046	119.621877	53.285872	112.948153	50.134610	107.459788	47.274111	102.757833	44.727163	98.573149	42.485858	94.725356	40.528308	91.091751	38.827988	87.586652	37.358704	84.148311	36.097058	80.730731	35.023519	77.298737	34.122764	73.825102	33.383590	70.289019	32.798599	66.675482	32.363730	62.975142	32.077704	59.184463
962.880130	65.247099	182.297057	66.037276	167.004886	65.130269	151.583573	62.842334	138.224946	59.752545	127.607048	56.371119	119.335477	53.027897	112.761789	49.899354	107.340418	47.062618	102.684040	44.538081	98.531199	42.316788	94.706321	40.376532	91.089648	38.690847	87.597307	37.233763	84.168646	35.982182	80.758338	34.916891	77.331600	34.022873	73.861457	33.289218	70.327244	32.708793	66.714071	32.277793	63.012697	31.995171	59.219714
963.241700	65.261142	181.319670	65.937692	166.019628	64.932459	150.755192	62.586082	137.618487	59.476065	127.194608	56.099400	119.063366	52.773857	112.584790	49.668089	107.227359	46.854841	102.614697	44.352307	98.492558	42.150584	94.689883	40.227196	91.089685	38.555754	87.609794	37.110526	84.190598	35.868709	80.787393	34.811404	77.365777	33.923898	73.898997	33.195565	70.366534	32.619539	66.753600	32.192263	63.051058	31.912919	59.255628
963.603210	65.268415	180.341448	65.831718	165.044451	64.730665	149.943035	62.328574	137.026885	59.200207	126.792871	55.829267	118.798335	52.521765	112.412431	49.438800	107.117426	46.648905	102.547559	44.168171	98.455559	41.985799	94.674733	40.079066	91.090783	38.421676	87.623191	36.988132	84.213352	35.755930	80.817167	34.706482	77.400607	33.825376	73.937124	33.102268	70.406353	32.530557	66.793596	32.106933	63.089819	31.830806	59.291873
963.964600	65.275686	179.363551	65.725778	164.069598	64.528938	149.131148	62.071153	136.435479	58.924440	126.391268	55.559224	118.533392	52.269757	112.240129	49.209587	107.007530	46.443037	102.480443	43.984095	98.418571	41.821068	94.659588	39.930986	91.091880	38.287642	87.636582	36.865779	84.236099	35.643189	80.846930	34.601594	77.435424	33.726887	73.975239	33.009002	70.446159	32.441605	66.833578	32.021631	63.128566	31.748720	59.328105
964.325870	65.264586	178.388485	65.603617	163.125718	64.317872	148.362687	61.811372	135.881852	58.650878	126.016460	55.293649	118.286190	52.023007	112.079554	48.985621	106.905621	46.242015	102.419026	43.804311	98.385872	41.660042	94.647841	39.786053	91.095802	38.156248	87.652411	36.745616	84.261001	35.532246	80.878639	34.498166	77.472003	33.629561	74.014953	32.916645	70.487396	32.353341	66.874819	31.936827	63.168396	31.666969	59.365226
964.687070	65.251493	177.413880	65.479713	162.185350	64.105825	147.599061	61.551376	135.332413	58.377598	125.644620	55.028601	118.040954	51.776868	111.920279	48.762260	106.804596	46.041552	102.358238	43.625022	98.353643	41.499443	94.636465	39.641484	91.100029	38.025160	87.668502	36.625710	84.286133	35.421516	80.910553	34.394913	77.508768	33.532377	74.054834	32.824401	70.528781	32.265166	66.916191	31.852091	63.208336	31.585269	59.402438
965.048160	65.235725	176.440712	65.353633	161.250236	63.892666	146.841898	61.291244	134.788335	58.104786	125.276535	54.764305	117.798211	51.531567	111.762662	48.539717	106.704713	45.841838	102.298270	43.446394	98.322036	41.339416	94.625583	39.497402	91.104666	37.894484	87.684945	36.506147	84.311576	35.311071	80.942745	34.291894	77.545782	33.435384	74.094940	32.732310	70.570367	32.177111	66.957738	31.767447	63.248425	31.503635	59.439770
965.409120	65.202560	175.475303	65.213211	160.347720	63.671941	146.125469	61.029800	134.278185	57.834564	124.932239	54.504466	117.571262	51.291316	111.615568	48.322133	106.612080	45.646669	102.243536	43.271774	98.294409	41.182842	94.617886	39.356249	91.111972	37.766263	87.703702	36.388622	84.339077	35.202299	80.976791	34.190231	77.584480	33.339472	74.136571	32.641062	70.613323	32.089693	67.000493	31.683262	63.289542	31.422308	59.477945
965.770020	65.169401	174.510054	65.072813	159.445355	63.451254	145.409159	60.768401	133.768119	57.564387	124.588000	54.244669	117.344350	51.051105	111.468498	48.104585	106.519462	45.451532	102.188811	43.097184	98.266786	41.026295	94.610190	39.215120	91.119277	37.638064	87.722455	36.271116	84.366573	35.093545	81.010832	34.088584	77.623171	33.243577	74.178195	32.549829	70.656271	32.002291	67.043240	31.599091	63.330653	31.340995	59.516114
966.130800	65.129158	173.550157	64.926978	158.557571	63.227981	144.709396	60.506837	133.271344	57.295494	124.252994	53.986819	117.123588	50.813024	111.325561	47.889097	106.429719	45.258270	102.136181	42.924242	98.240771	40.871165	94.603791	39.075192	91.127671	37.510871	87.742156	36.154445	84.394912	34.985477	81.045636	33.987495	77.662555	33.148125	74.220446	32.458945	70.699779	31.915151	67.086477	31.515111	63.372181	31.259810	59.554620
966.491460	65.076458	172.599424	64.771556	157.695187	63.000110	144.038529	60.244920	132.797796	57.028788	123.934129	53.732324	116.913577	50.578626	111.189851	47.677178	106.345004	45.068254	102.087219	42.754152	98.217575	40.718484	94.599669	38.937339	91.137981	37.385413	87.763525	36.039213	84.424739	34.878588	81.081789	33.887358	77.703166	33.053431	74.263809	32.368649	70.744281	31.828452	67.130586	31.431446	63.414452	31.178831	59.593730
966.851990	65.023778	171.649033	64.616189	156.833113	62.772321	143.367905	59.983097	132.324419	56.762178	123.615378	53.477920	116.703641	50.344313	111.054190	47.465334	106.260321	44.878307	102.038274	42.584123	98.194387	40.565859	94.595549	38.799535	91.148288	37.260001	87.784886	35.924022	84.454556	34.771737	81.117930	33.787257	77.743763	32.958771	74.307156	32.278385	70.788767	31.741785	67.174678	31.347810	63.456708	31.097881	59.632826
967.212460	64.959990	170.709920	64.452830	155.995254	62.541066	142.722788	59.721403	131.870964	56.497769	123.310385	53.226628	116.502910	50.113331	110.924777	47.256683	106.180033	44.691247	101.992577	42.416620	98.173721	40.415400	94.593482	38.663562	91.160342	37.136119	87.807780	35.810095	84.485749	34.665919	81.155318	33.687988	77.785495	32.864769	74.351533	32.188627	70.834178	31.655491	67.219584	31.264435	63.499655	31.017093	59.672481
967.572810	64.888483	169.778864	64.283941	155.174437	62.307447	142.095574	59.459854	131.431480	56.234950	123.015039	52.977558	116.308631	49.884720	110.799741	47.050299	106.102823	44.506239	101.949149	42.250913	98.154814	40.266483	94.592847	38.528893	91.173610	37.013329	87.831737	35.697073	84.517893	34.560842	81.193565	33.589320	77.828010	32.771245	74.396618	32.099239	70.880222	31.569477	67.265045	31.181258	63.543072	30.936435	59.712517
967.933040	64.816999	168.848118	64.115108	154.353894	62.073906	141.468569	59.198393	130.992142	55.972219	122.719790	52.728571	116.114417	49.656185	110.674746	46.843984	106.025639	44.321293	101.905737	42.085262	98.135914	40.117615	94.592212	38.394268	91.186874	36.890581	87.855686	35.584089	84.550027	34.455800	81.231800	33.490685	77.870510	32.677753	74.441688	32.009881	70.926251	31.483491	67.310491	31.098109	63.586475	30.855804	59.752540
968.293210	64.730903	167.936488	63.936470	153.567275	61.836606	140.875030	58.937692	130.578316	55.712758	122.442091	52.483910	115.932004	49.432178	110.557828	46.641957	105.954199	44.140203	101.866610	41.922974	98.120377	39.971624	94.594345	38.262070	91.202501	36.769854	87.881721	35.472775	84.584034	34.352121	81.271739	33.393143	77.914567	32.585118	74.488173	31.921180	70.973550	31.397985	67.357051	31.015286	63.630820	30.775368	59.793321
968.653200	64.641512	167.029641	63.755678	152.788762	61.598558	140.289404	58.677284	130.170504	55.454164	122.168526	52.240350	115.752369	49.209307	110.442807	46.441002	105.884102	43.960076	101.828481	41.761529	98.105615	39.826357	94.597108	38.130486	91.218662	36.649645	87.908219	35.361893	84.618453	34.248800	81.312050	33.295894	77.958959	32.492723	74.534960	31.832669	71.021116	31.312628	67.403843	30.932576	63.675359	30.695013	59.834256
969.013180	64.551504	166.123812	63.574502	152.011793	61.360389	139.705216	58.416940	129.763767	55.195731	121.895698	51.996991	115.573232	48.986641	110.328131	46.240239	105.814253	43.780121	101.790537	41.600233	98.090999	39.681218	94.599993	37.999010	91.234927	36.529526	87.934809	35.251086	84.652955	34.145540	81.352436	33.198695	78.003420	32.400367	74.581809	31.744189	71.068739	31.227293	67.450684	30.849881	63.719939	30.614668	59.875225
969.372990	64.445240	165.244513	63.383216	151.275240	61.118964	139.158698	58.158188	129.385191	54.941485	121.642204	51.758842	115.407174	48.769312	110.222487	46.044483	105.750896	43.604644	101.757486	41.442833	98.080252	39.539406	94.606079	37.870340	91.253945	36.411750	87.963834	35.142212	84.689655	34.043858	81.394823	33.102765	78.049708	32.309012	74.630316	31.656474	71.117844	31.142519	67.498820	30.767570	63.765615	30.534555	59.917068
969.732730	64.338997	164.365385	63.191966	150.538831	60.877586	138.612287	57.899486	129.006688	54.687288	121.388760	51.520741	115.241148	48.552025	110.116864	45.848764	105.687551	43.429201	101.724441	41.285463	98.069506	39.397621	94.612163	37.741695	91.272959	36.293997	87.992852	35.033360	84.726348	33.942196	81.437203	33.006854	78.095988	32.217674	74.678813	31.568776	71.166939	31.057762	67.546947	30.685275	63.811282	30.454458	59.958904
970.092350	64.228744	163.494289	62.998433	149.813206	60.635660	138.075443	57.641402	128.635219	54.434309	121.140136	51.284074	115.078400	48.336177	110.013523	45.654382	105.625858	43.254948	101.692649	41.129127	98.059759	39.256719	94.619076	37.613795	91.292686	36.176866	88.022502	34.925023	84.763608	33.840955	81.480099	32.911284	78.142737	32.126607	74.727736	31.481286	71.216414	30.973160	67.595404	30.603090	63.857225	30.374430	60.000957
970.451840	64.106829	162.645898	62.798177	149.118329	60.392002	137.565944	57.384950	128.283864	54.184696	120.905307	51.051417	114.925037	48.124362	109.916720	45.463748	105.568909	43.084032	101.664463	40.975683	98.052891	39.118285	94.628388	37.487973	91.314485	36.061463	88.053994	34.818112	84.802532	33.740874	81.524514	32.816643	78.190874	32.036266	74.777919	31.394349	71.267014	30.888957	67.644843	30.521171	63.903994	30.294554	60.043662
970.811280	63.984930	161.797625	62.597949	148.423549	60.148378	137.056516	57.128533	127.932557	53.935119	120.670511	50.818792	114.771695	47.912576	109.819930	45.273141	105.511967	42.913139	101.636280	40.822260	98.046024	38.979869	94.637698	37.362168	91.336281	35.946077	88.085481	34.711215	84.841451	33.640807	81.568923	32.722016	78.239005	31.945938	74.828095	31.307423	71.317607	30.804765	67.694276	30.439264	63.950755	30.214690	60.086361
971.170590	63.856187	160.965100	62.394103	147.748066	59.904128	136.563578	56.873417	127.593231	53.687799	120.443933	50.588749	114.623980	47.703343	109.727097	45.084888	105.457920	42.744333	101.610317	40.670643	98.040942	38.842991	94.648505	37.237657	91.359377	35.831768	88.118126	34.605207	84.881417	33.541464	81.614288	32.627968	78.288009	31.856064	74.879062	31.220843	71.368908	30.720823	67.744323	30.357523	63.998029	30.134920	60.129463
971.529790	63.719863	160.149906	62.186239	147.093853	59.659162	136.088823	56.619716	127.267117	53.442951	120.226418	50.361539	114.482469	47.496914	109.638629	44.899219	105.407068	42.577817	101.586807	40.521009	98.037832	38.707799	94.660969	37.114562	91.383913	35.718641	88.152053	34.500171	84.922543	33.442913	81.660714	32.534552	78.337984	31.766684	74.930909	31.134637	71.420996	30.637150	67.795055	30.275958	64.045874	30.055248	60.173013
971.888850	63.583593	159.335031	61.978456	146.439895	59.414292	135.614253	56.366114	126.941130	53.198198	120.008988	50.134417	114.341015	47.290565	109.550195	44.713623	105.356236	42.411366	101.563305	40.371433	98.034722	38.572660	94.673427	36.991516	91.408439	35.605559	88.185967	34.395177	84.963653	33.344400	81.707123	32.441172	78.387940	31.677339	74.982736	31.048464	71.473064	30.553509	67.845767	30.194425	64.093700	29.975608	60.216546
972.247860	63.438207	158.543925	61.766222	145.812892	59.168998	135.161999	56.114582	126.631209	52.956714	119.802609	49.910935	114.207187	47.087775	109.467175	44.531286	105.309415	42.247793	101.542918	40.224338	98.034146	38.439629	94.688029	36.870239	91.434841	35.493944	88.221561	34.291387	85.006297	33.246861	81.754935	32.348567	78.439184	31.588593	75.035735	30.962736	71.526180	30.470179	67.897391	30.113087	64.142290	29.896061	60.260678
972.606750	63.288776	157.763688	61.552051	145.198142	58.923580	134.719871	55.864048	126.328574	52.716761	119.601240	49.689145	114.076814	46.886634	109.386603	44.350460	105.264406	42.085555	101.523932	40.078395	98.034704	38.307578	94.703587	36.749788	91.462077	35.383017	88.257898	34.188166	85.049617	33.149785	81.803364	32.256334	78.490992	31.500140	75.089247	30.877230	71.579751	30.387011	67.949410	30.031858	64.191209	29.816578	60.305065
972.965580	63.139369	156.983582	61.337915	144.583495	58.678204	134.277816	55.613555	126.025989	52.476848	119.399905	49.467392	113.946464	46.685528	109.306044	44.169663	105.219405	41.923344	101.504949	39.932477	98.035262	38.175549	94.719142	36.629357	91.489308	35.272110	88.294229	34.084962	85.092929	33.052725	81.851785	32.164116	78.542791	31.411702	75.142749	30.791740	71.633313	30.303857	68.001420	29.950642	64.240120	29.737109	60.349446
973.324220	62.979271	156.235863	61.119116	144.003031	58.433035	133.863264	55.366171	125.743061	52.241375	119.212122	49.250433	113.825527	46.489045	109.232235	43.993074	105.179441	41.764832	101.489909	39.789746	98.039044	38.046226	94.737442	36.511199	91.518949	35.163090	88.332728	33.983309	85.138215	32.956924	81.902021	32.072900	78.596250	31.324042	75.197761	30.706830	71.688222	30.221112	68.054600	29.869686	64.290002	29.657769	60.394579
973.682800	62.818057	155.491663	60.899846	143.426259	58.187914	133.451676	55.119143	125.462250	52.006398	119.025799	49.034007	113.705603	46.293075	109.159149	43.816951	105.140016	41.606730	101.475290	39.647369	98.043167	37.917206	94.756032	36.393296	91.548843	35.054282	88.371452	33.881832	85.183705	32.861267	81.952443	31.981800	78.649879	31.236473	75.252927	30.621992	71.743268	30.138419	68.107898	29.788766	64.339981	29.578451	60.439787
974.041260	62.655675	154.751845	60.680168	142.853804	57.942961	133.043471	54.872610	125.183841	51.772055	118.841135	48.818241	113.586838	46.097732	109.086898	43.641394	105.101216	41.449126	101.461159	39.505422	98.047688	37.788552	94.774958	36.275702	91.579030	34.945735	88.410439	33.780571	85.229432	32.765789	82.003081	31.890846	78.703703	31.149022	75.308269	30.537246	71.798470	30.055797	68.161329	29.707897	64.390069	29.499169	60.485077
974.399660	62.483933	154.043909	60.456831	142.313147	57.698704	132.660281	54.629281	124.923222	51.542018	118.668782	48.607030	113.476694	45.906736	109.020882	43.469771	105.067124	41.294970	101.450748	39.366436	98.055284	37.662404	94.796519	36.160204	91.611548	34.838924	88.451531	33.680732	85.277087	32.671456	82.055490	31.800796	78.759159	31.062262	75.365095	30.453005	71.855000	29.973517	68.215915	29.627228	64.441112	29.419964	60.531103
974.757930	62.312253	153.336231	60.233575	141.772686	57.454534	132.277230	54.386040	124.662698	51.312064	118.496491	48.395895	113.366591	45.715809	108.954890	43.298210	105.033044	41.140871	101.440342	39.227499	98.062878	37.536302	94.818072	36.044749	91.644053	34.732153	88.492608	33.580929	85.324724	32.577157	82.107881	31.710778	78.814595	30.975534	75.421900	30.368795	71.911510	29.891266	68.270482	29.546588	64.492136	29.340788	60.577113
975.116090	62.137602	152.640422	60.009362	141.243446	57.210868	131.902834	54.144109	124.408304	51.083755	118.328459	48.186456	113.259489	45.526483	108.891084	43.128089	105.000626	40.988030	101.431256	39.089644	98.071565	37.411116	94.840566	35.930062	91.677392	34.626020	88.534438	33.481651	85.373050	32.483284	82.160906	31.621098	78.870613	30.889068	75.479233	30.284779	71.968490	29.809152	68.325452	29.466032	64.543493	29.261651	60.623375
975.474120	61.956712	151.969154	59.783094	140.737443	56.968182	131.546366	53.904840	124.166613	50.858809	118.169254	47.980491	113.158613	45.340440	108.831818	42.960921	104.971664	40.837769	101.424919	38.954003	98.082535	37.287804	94.865030	35.816946	91.712476	34.521188	88.577845	33.383438	85.422825	32.390270	82.215267	31.532099	78.927858	30.803123	75.537683	30.201147	72.026464	29.727299	68.381280	29.385631	64.595559	29.182577	60.670176
975.832090	61.775852	151.297998	59.556864	140.231524	56.725537	131.189958	53.665611	123.924964	50.633900	118.010075	47.774561	113.057754	45.154428	108.772561	42.793781	104.942706	40.687534	101.418583	38.818385	98.093503	37.164513	94.889490	35.703849	91.747554	34.416374	88.621245	33.285242	85.472591	32.297273	82.269619	31.443114	78.985093	30.717193	75.596123	30.117528	72.084429	29.645459	68.437098	29.305243	64.647617	29.103516	60.716969
976.189940	61.590767	150.645970	59.329529	139.742953	56.483946	130.846721	53.428593	123.692624	50.411651	117.857393	47.571330	112.961512	44.970942	108.716701	42.628902	104.916353	40.539270	101.414336	38.684455	98.106217	37.042649	94.915460	35.591946	91.783977	34.312550	88.665866	33.187856	85.523477	32.204928	82.325003	31.354646	79.043277	30.631657	75.655425	30.034198	72.143161	29.563814	68.493578	29.224968	64.700215	29.024497	60.764169
976.547730	61.401926	150.010758	59.101189	139.269646	56.243258	130.515076	53.193497	123.468481	50.191725	117.710433	47.370458	112.869338	44.789664	108.663835	42.466001	104.892299	40.392728	101.411934	38.551997	98.120474	36.922031	94.942768	35.481085	91.821592	34.209588	88.711572	33.091173	85.575361	32.113148	82.381306	31.266622	79.102308	30.546461	75.715495	29.951113	72.202579	29.482330	68.550651	29.144783	64.753297	28.945506	60.811735
976.905330	61.213186	149.375884	58.872971	138.796591	56.002696	130.183608	52.958526	123.244457	49.971915	117.563551	47.169693	112.777212	44.608482	108.610996	42.303185	104.868258	40.246264	101.409533	38.419611	98.134724	36.801477	94.970061	35.370283	91.859188	34.106680	88.757254	32.994542	85.627217	32.021418	82.437579	31.178645	79.161307	30.461309	75.775534	29.868071	72.261965	29.400890	68.607694	29.064640	64.806351	28.866558	60.859275
977.262880	61.019403	148.766770	58.643761	138.346097	55.763834	129.869057	52.726647	123.032394	49.755707	117.425059	46.972530	112.691096	44.430645	108.562622	42.143351	104.847677	40.102389	101.409936	38.289437	98.151340	36.682789	94.999419	35.261038	91.898631	34.005057	88.804623	32.898958	85.680628	31.930524	82.495293	31.091321	79.221631	30.376649	75.836781	29.785378	72.322428	29.319673	68.665665	28.984609	64.860163	28.787627	60.907383
977.620300	60.823867	148.167120	58.414267	137.903866	55.525659	129.560694	52.495954	122.824703	49.540863	117.289631	46.776725	112.607170	44.254069	108.515869	41.984640	104.828349	39.959491	101.411348	38.160100	98.168803	36.564810	95.029511	35.152387	91.938727	33.903927	88.852584	32.803781	85.734583	31.839961	82.553507	31.004260	79.282414	30.292192	75.898444	29.702836	72.383260	29.238561	68.723952	28.904645	64.914233	28.708726	60.955681
977.977660	60.628364	147.567570	58.184811	137.461708	55.287523	129.252383	52.265300	122.617046	49.326055	117.154225	46.580952	112.523259	44.077523	108.469124	41.825956	104.809024	39.816618	101.412761	38.030785	98.186263	36.446850	95.059597	35.043755	91.978817	33.802815	88.900536	32.708620	85.788529	31.749414	82.611710	30.917214	79.343186	30.207750	75.960097	29.620308	72.444082	29.157463	68.782230	28.824693	64.968292	28.629840	61.003970
978.334840	60.427534	147.000194	57.954862	137.046837	55.051978	128.964332	52.038769	122.423713	49.115880	117.028929	46.389745	112.446650	43.905183	108.427847	41.671006	104.793972	39.676982	101.417657	37.904235	98.206676	36.331224	95.092271	34.937071	92.021232	33.703314	88.950616	32.614773	85.844437	31.659920	82.671732	30.830993	79.405637	30.123932	76.023277	29.538226	72.506265	29.076652	68.841674	28.744891	65.023301	28.550984	61.052965
978.692020	60.226342	146.434945	57.724872	136.633771	54.816598	128.677622	51.812506	122.231329	48.906008	116.904303	46.198835	112.370525	43.733119	108.386932	41.516300	104.779205	39.537558	101.422786	37.777866	98.227285	36.215749	95.125119	34.830512	92.063803	33.603917	89.000839	32.521010	85.900478	31.570495	82.731877	30.744824	79.468201	30.040152	76.086562	29.456171	72.568540	28.995858	68.901197	28.665097	65.078375	28.472127	61.102007
979.049010	60.024607	145.874506	57.495007	136.224655	54.581748	128.393813	51.586962	122.040994	48.696904	116.781126	46.008666	112.295448	43.561732	108.346802	41.362194	104.765047	39.398656	101.428406	37.651945	98.248307	36.100656	95.158323	34.724278	92.106689	33.504792	89.051346	32.427475	85.956777	31.481258	82.792258	30.658810	79.530980	29.956497	76.150038	29.374214	72.630984	28.915139	68.960863	28.585358	65.133559	28.393309	61.151127
979.405940	59.818821	145.342499	57.265201	135.839045	54.349487	128.127319	51.365219	121.862924	48.491963	116.666655	45.822551	112.226710	43.394057	108.311466	41.211371	104.754666	39.262594	101.437134	37.528440	98.271985	35.987599	95.193868	34.619740	92.151692	33.407062	89.103794	32.335071	86.014878	31.392922	82.854313	30.573495	79.595304	29.873361	76.214923	29.292616	72.694682	28.834639	69.021609	28.505713	65.189619	28.314477	61.200886
979.762760	59.613098	144.810655	57.035466	135.453553	54.117298	127.860907	51.143544	121.684909	48.287085	116.552220	45.636492	112.157993	43.226434	108.276142	41.060594	104.744289	39.126573	101.445859	37.404974	98.295656	35.874577	95.229403	34.515234	92.196681	33.309362	89.156225	32.242696	86.072962	31.304613	82.916350	30.488206	79.659608	29.790249	76.279787	29.211043	72.758359	28.754163	69.082335	28.426092	65.245660	28.235670	61.250630
980.119450	59.406192	144.289592	56.806024	135.076763	53.886276	127.600860	50.923434	121.511406	48.083870	116.441004	45.452030	112.091633	43.060263	108.242608	40.911097	104.735329	38.991659	101.455755	37.282451	98.320328	35.762351	95.265820	34.411394	92.242467	33.212214	89.209388	32.150772	86.131721	31.216667	82.979011	30.403201	79.724489	29.707354	76.345176	29.129625	72.822502	28.673789	69.143458	28.346525	65.302019	28.156876	61.300600
980.476010	59.196867	143.789735	56.577082	134.717107	53.657489	127.353353	50.706350	121.346799	47.883882	116.336138	45.270669	112.029928	42.896915	108.212616	40.764087	104.729181	38.858893	101.467977	37.161757	98.346995	35.651666	95.304003	34.308837	92.289849	33.116125	89.264021	32.059711	86.191843	31.129410	83.042937	30.318732	79.790539	29.624859	76.411628	29.048486	72.887592	28.593586	69.205390	28.267038	65.359026	28.078080	61.351039
980.832520	58.987570	143.289949	56.348172	134.357502	53.428734	127.105881	50.489296	121.182215	47.683922	116.231287	45.089334	111.968231	42.733590	108.182628	40.617098	104.723034	38.726146	101.480198	37.041081	98.373659	35.540996	95.342180	34.206295	92.337226	33.020049	89.318646	31.968662	86.251957	31.042165	83.106853	30.234275	79.856580	29.542375	76.478072	28.967359	72.952673	28.513395	69.267312	28.187561	65.416025	27.999295	61.401471
981.188900	58.776832	142.806368	56.119955	134.010742	53.201892	126.867768	50.274688	121.024288	47.486512	116.131218	44.910425	111.910067	42.572462	108.155350	40.472039	104.719054	38.595061	101.494220	36.921820	98.401875	35.431517	95.381737	34.104746	92.385856	32.924792	89.374425	31.878279	86.313141	30.955450	83.171766	30.150230	79.923540	29.460198	76.545354	28.886444	73.018496	28.433333	69.329868	28.108141	65.473530	27.920504	61.452262
981.545230	58.564777	142.337059	55.892310	133.675302	52.976705	126.637906	50.062209	120.872232	47.291325	116.035369	44.733632	111.855024	42.413251	108.130466	40.328663	104.716993	38.465427	101.509841	36.803791	98.431472	35.323075	95.422524	34.004057	92.435606	32.830242	89.431238	31.788469	86.375285	30.869190	83.237575	30.066534	79.991328	29.378277	76.613392	28.805703	73.084990	28.353372	69.392996	28.028756	65.531493	27.841693	61.503380
981.901370	58.352836	141.868000	55.664787	133.340040	52.751638	126.408167	49.849844	120.720257	47.096243	115.939570	44.556934	111.800011	42.254125	108.105597	40.185364	104.714933	38.335862	101.525454	36.685826	98.461054	35.214689	95.463289	33.903423	92.485329	32.735743	89.488021	31.698706	86.437396	30.782976	83.303349	29.982883	80.059080	29.296399	76.681393	28.725005	73.151448	28.273453	69.456091	27.949414	65.589425	27.762924	61.554470
982.257510	58.139412	141.419794	55.438427	133.021077	52.529203	126.190273	49.640717	120.576744	46.904491	115.849894	44.383380	111.749565	42.097828	108.084269	40.044544	104.715736	38.208427	101.543473	36.569666	98.492733	35.107818	95.505931	33.804045	92.536766	32.642273	89.546392	31.609773	86.500994	30.697415	83.370509	29.899729	80.128120	29.214879	76.750570	28.644539	73.218953	28.193656	69.520077	27.870096	65.648068	27.684097	61.606065
982.613460	57.925536	140.979810	55.212633	132.708524	52.307894	125.977030	49.432942	120.436547	46.714115	115.762610	44.211121	111.700894	41.942697	108.064309	39.904747	104.717635	38.081875	101.562404	36.454259	98.525199	35.001583	95.549268	33.705201	92.588831	32.549247	89.605342	31.521205	86.565128	30.612149	83.438165	29.816808	80.197617	29.133540	76.820159	28.564206	73.286824	28.113948	69.584371	27.790829	65.706952	27.605288	61.657826
982.969300	57.711725	140.539962	54.986908	132.396067	52.086653	125.763853	49.225230	120.296394	46.523798	115.675352	44.038916	111.652239	41.787615	108.044355	39.764994	104.719532	37.955362	101.581329	36.338888	98.557655	34.895382	95.592591	33.606387	92.640880	32.456250	89.664273	31.432665	86.629242	30.526910	83.505800	29.733913	80.267093	29.052225	76.889727	28.483898	73.354673	28.034265	69.648645	27.711587	65.765818	27.526504	61.709571
983.325070	57.496769	140.125234	54.763065	132.102977	51.868916	125.564727	49.021653	120.166309	46.337653	115.595430	43.870614	111.609091	41.636031	108.028700	39.628295	104.724924	37.831472	101.603209	36.225739	98.592691	34.791044	95.638235	33.509121	92.695059	32.364520	89.725181	31.345146	86.695205	30.442475	83.575165	29.651630	80.338172	28.971350	76.960759	28.403874	73.423821	27.954730	69.714022	27.632373	65.825558	27.447644	61.761922
983.680790	57.281731	139.712929	54.539426	131.811751	51.651536	125.366952	48.818491	120.037192	46.151925	115.516211	43.702700	111.566469	41.484796	108.013453	39.491902	104.730645	37.707844	101.625366	36.112813	98.627967	34.686896	95.684092	33.412012	92.749432	32.272921	89.786269	31.257733	86.761336	30.358126	83.644685	29.569415	80.409393	28.890526	77.031921	28.323888	73.493084	27.875219	69.779496	27.553172	65.885373	27.368787	61.814324
984.036320	57.066745	139.303501	54.316150	131.522708	51.434673	125.170752	48.615895	119.909202	45.966752	115.437809	43.535299	111.524457	41.334019	107.998677	39.355909	104.736743	37.584564	101.647833	36.000186	98.663508	34.583003	95.730182	33.315121	92.804013	32.181506	89.847545	31.170477	86.827637	30.273907	83.714360	29.487308	80.480756	28.809790	77.103209	28.243973	73.562455	27.795764	69.845058	27.474014	65.945254	27.289960	61.866764
984.391780	56.851249	138.917511	54.095050	131.251541	51.221373	124.987506	48.417359	119.790540	45.785616	115.366241	43.371645	111.487618	41.186588	107.987973	39.222832	104.746175	37.463782	101.673136	35.889676	98.701541	34.480883	95.778516	33.219702	92.860657	32.091297	89.910744	31.084191	86.895734	30.190452	83.785717	29.405779	80.553680	28.729468	77.175924	28.164324	73.633093	27.716444	69.911696	27.394874	66.005977	27.211053	61.919783
984.747130	56.635819	138.531639	53.874019	130.980457	51.008139	124.804317	48.218884	119.671916	45.604535	115.294695	43.208042	111.450790	41.039203	107.977273	39.089795	104.755604	37.343037	101.698431	35.779200	98.739561	34.378796	95.826836	33.124311	92.917285	32.001116	89.973924	30.997932	86.963810	30.107024	83.857052	29.324276	80.626582	28.649171	77.248617	28.084699	73.703709	27.637148	69.978313	27.315758	66.066681	27.132170	61.972785
985.102360	56.420455	138.152984	53.653830	130.714827	50.796129	124.625077	48.021755	119.556143	45.424772	115.225250	43.045653	111.415559	40.892897	107.967832	38.957698	104.766067	37.223098	101.724606	35.669408	98.778355	34.277283	95.875853	33.029400	92.974551	31.911331	90.037697	30.911995	87.032442	30.023851	83.928906	29.242970	80.699965	28.569020	77.321747	28.005174	73.774710	27.557910	70.045254	27.236663	66.127636	27.053276	62.025953
985.457520	56.205119	137.791906	53.435576	130.462493	50.587006	124.455474	47.827822	119.447337	45.248144	115.160950	42.886156	111.384249	40.749163	107.961497	38.827836	104.779090	37.105074	101.752970	35.561236	98.819081	34.177127	95.926621	32.935612	93.033431	31.822464	90.102975	30.826795	87.102492	29.941256	84.002088	29.162101	80.774583	28.489177	77.396002	27.925843	73.846708	27.478763	70.113036	27.157569	66.189248	26.974307	62.079562
985.812560	55.989855	137.430950	53.217397	130.210244	50.377953	124.285929	47.633955	119.338567	45.071576	115.096672	42.726712	111.352950	40.605478	107.955164	38.698018	104.792108	36.987090	101.781325	35.453100	98.859793	34.077005	95.977372	32.841856	93.092292	31.733627	90.168231	30.741624	87.172518	29.858690	84.075246	29.081260	80.849176	28.409362	77.470233	27.846538	73.918682	27.399643	70.180795	27.078501	66.250839	26.895364	62.133153
986.167480	55.774905	137.081097	53.000665	129.966333	50.170888	124.122436	47.442227	119.234195	44.897082	115.035658	42.569169	111.324157	40.463477	107.950829	38.569663	104.806783	36.870357	101.811103	35.346025	98.901766	33.977774	96.029266	32.748840	93.152209	31.645397	90.234476	30.656945	87.243470	29.776511	84.149273	29.000712	80.924576	28.329758	77.545201	27.767371	73.991310	27.320593	70.249105	26.999445	66.312858	26.816383	62.187027
986.522340	55.560260	136.743592	52.785508	129.731696	49.966003	123.965679	47.252853	119.134721	44.724871	114.978284	42.413718	111.298160	40.323331	107.948728	38.442918	104.823314	36.755000	101.842479	35.240114	98.945157	33.879518	96.082450	32.656634	93.213320	31.557830	90.301840	30.572797	87.315473	29.694748	84.224289	28.920477	81.000894	28.250374	77.621010	27.688340	74.064685	27.241605	70.318046	26.920386	66.375369	26.737341	62.241228
986.877010	55.345729	136.406266	52.570466	129.497185	49.761227	123.809007	47.063579	119.035300	44.552751	114.920939	42.258349	111.272178	40.183259	107.946628	38.316240	104.839837	36.639705	101.873838	35.134260	98.988524	33.781315	96.135604	32.564477	93.274398	31.470309	90.369169	30.488694	87.387437	29.613028	84.299265	28.840285	81.077171	28.171033	77.696779	27.609352	74.138021	27.162659	70.386949	26.841370	66.437846	26.658342	62.295401
987.231690	55.131844	136.083260	52.357462	129.273379	49.559128	123.660116	46.877138	118.941570	44.383353	114.867856	42.105459	111.249499	40.045375	107.947189	38.191457	104.858585	36.526027	101.907124	35.029770	99.033615	33.684249	96.190334	32.473259	93.336941	31.383552	90.437873	30.405200	87.460702	29.531779	84.375465	28.760440	81.154592	28.091927	77.773592	27.530497	74.212283	27.083757	70.456634	26.762316	66.500925	26.579237	62.349967
987.586180	54.918419	135.768030	52.145657	129.055377	49.358560	123.515436	46.692303	118.850911	44.215491	114.817062	41.953968	111.228585	39.908728	107.949160	38.067747	104.878503	36.413269	101.941415	34.926060	99.079595	33.587841	96.245869	32.382590	93.400228	31.297248	90.507269	30.322074	87.534617	29.450823	84.452275	28.680822	81.232578	28.012988	77.850918	27.451757	74.286996	27.004921	70.526695	26.683287	66.564290	26.500121	62.404712
987.940610	54.705030	135.452853	51.933888	128.837411	49.158026	123.370781	46.507499	118.760268	44.047658	114.766277	41.802502	111.207674	39.772103	107.951132	37.944058	104.898419	36.300530	101.975700	34.822368	99.125567	33.491448	96.301395	32.291935	93.463503	31.210958	90.576654	30.238962	87.608520	29.369882	84.529071	28.601218	81.310551	27.934062	77.928230	27.373030	74.361697	26.926099	70.596744	26.604270	66.627644	26.421018	62.459448
988.294920	54.492900	135.155004	51.724950	128.632340	48.961004	123.235515	46.326329	118.676517	43.883278	114.720681	41.654167	111.190802	39.638237	107.956372	37.822752	104.921080	36.189824	102.012374	34.720394	99.173674	33.396493	96.358877	32.202469	93.528600	31.125638	90.647749	30.156627	87.684037	29.289545	84.607384	28.522064	81.389939	27.855448	78.006840	27.294488	74.437542	26.847349	70.667749	26.525227	66.691726	26.341802	62.514646
988.649110	54.281081	134.860722	51.516639	128.429920	48.764742	123.102175	46.145940	118.594177	43.719638	114.676143	41.506503	111.174748	39.504962	107.962268	37.701959	104.944287	36.079557	102.049520	34.618793	99.222199	33.301854	96.416738	32.113267	93.594046	31.040537	90.719170	30.074471	87.759860	29.209352	84.685982	28.443022	81.469590	27.776918	78.085689	27.216006	74.513597	26.768634	70.738926	26.446199	66.755937	26.262586	62.569922
989.003230	54.069321	134.566677	51.308400	128.227671	48.568557	122.968959	45.965625	118.511924	43.556066	114.631667	41.358900	111.158740	39.371742	107.968197	37.581214	104.967519	35.969334	102.086684	34.517230	99.270737	33.207248	96.474609	32.024094	93.659499	30.955462	90.790595	29.992339	87.835685	29.129181	84.764581	28.364001	81.549242	27.698407	78.164537	27.137540	74.589649	26.689935	70.810101	26.367187	66.820144	26.183383	62.625192
989.357180	53.859434	134.292087	51.103684	128.039860	48.376565	122.846286	45.789578	118.437452	43.396514	114.593089	41.214923	111.147361	39.241706	107.977895	37.463218	104.993937	35.861454	102.126628	34.417645	99.321775	33.114295	96.534775	31.936291	93.727091	30.871505	90.864038	29.911099	87.913417	29.049702	84.844983	28.285493	81.630576	27.620245	78.244918	27.059278	74.667054	26.611310	70.882407	26.288130	66.885202	26.104036	62.680988
989.711120	53.649553	134.017505	50.898973	127.852053	48.184578	122.723617	45.613535	118.362982	43.236967	114.554512	41.070950	111.135981	39.111673	107.987592	37.345224	105.020355	35.753578	102.166572	34.318063	99.372812	33.021345	96.594938	31.848490	93.794680	30.787550	90.937480	29.829862	87.991146	28.970226	84.925384	28.206987	81.711908	27.542086	78.325296	26.981019	74.744457	26.532686	70.954711	26.209077	66.950259	26.024692	62.736783
990.064880	53.440167	133.746436	50.695022	127.666844	47.993447	122.602845	45.438343	118.289913	43.078213	114.516997	40.927690	111.125433	38.982268	107.997963	37.227774	105.047337	35.646167	102.207005	34.218878	99.424285	32.928730	96.655498	31.760972	93.862637	30.703830	91.011263	29.748818	88.069198	28.890907	85.006085	28.128606	81.793518	27.464022	78.405928	26.902828	74.822081	26.454107	71.027196	26.130046	67.015448	25.945353	62.792652
990.418580	53.232540	133.490427	50.494020	127.492800	47.805720	122.490260	45.266569	118.222931	42.922657	114.484132	40.787303	111.118560	38.855379	108.011356	37.112493	105.076891	35.540602	102.249704	34.121250	99.477807	32.837416	96.717947	31.674526	93.932366	30.620982	91.086725	29.668469	88.148845	28.812122	85.088292	28.050614	81.876535	27.386218	78.487851	26.824777	74.900851	26.375561	71.100634	26.050952	67.081362	25.865872	62.848966
990.772160	53.024984	133.234506	50.293087	127.318815	47.618057	122.377714	45.094853	118.155971	42.767153	114.451278	40.646962	111.111689	38.728534	108.024744	36.997252	105.106435	35.435074	102.292388	34.023654	99.531311	32.746134	96.780375	31.588110	94.002072	30.538162	91.162161	29.588148	88.228465	28.733363	85.170472	27.972648	81.959524	27.308440	78.569748	26.746753	74.979594	26.297041	71.174046	25.971886	67.147254	25.786418	62.905261
991.125610	52.818355	132.984831	50.093528	127.149450	47.431924	122.268561	44.924649	118.091541	42.613051	114.420362	40.507877	111.106358	38.602785	108.039398	36.882957	105.137058	35.330352	102.336021	33.926742	99.585670	32.655423	96.843593	31.502168	94.072518	30.455731	91.238295	29.508138	88.308746	28.654849	85.253277	27.894865	82.043097	27.230789	78.652177	26.668805	75.058805	26.218552	71.247847	25.892810	67.213431	25.706921	62.961720
991.479000	52.613303	132.746356	49.896364	126.988373	47.248473	122.165506	44.757099	118.031665	42.461413	114.392945	40.370996	111.103816	38.478963	108.056354	36.770319	105.169652	35.227041	102.381394	33.831017	99.641607	32.565703	96.908277	31.417042	94.144341	30.373962	91.315734	29.428653	88.390267	28.576737	85.337257	27.817375	82.127773	27.153329	78.735615	26.590956	75.138905	26.140078	71.322387	25.813677	67.280157	25.627303	63.018505
991.832280	52.408315	132.507956	49.699261	126.827347	47.065079	122.062483	44.589602	117.971807	42.309822	114.365536	40.234157	111.101274	38.355179	108.073305	36.657717	105.202236	35.123762	102.426754	33.735323	99.697527	32.476011	96.972940	31.331943	94.216142	30.292218	91.393148	29.349194	88.471762	28.498650	85.421210	27.739908	82.212422	27.075892	78.819027	26.513131	75.218980	26.061629	71.396904	25.734569	67.346863	25.547711	63.075272
992.185420	52.204793	132.278220	49.504197	126.672737	46.883902	121.964192	44.424270	117.915503	42.160230	114.340873	40.099100	111.100926	38.232952	108.092077	36.546453	105.236385	35.021624	102.473498	33.640591	99.754706	32.387125	97.038770	31.247511	94.289038	30.211019	91.471603	29.270170	88.554248	28.420901	85.506101	27.662691	82.297950	26.998624	78.903244	26.435400	75.299765	25.983208	71.472007	25.655430	67.414001	25.468038	63.132287
992.538510	52.002553	132.056267	49.310934	126.523893	46.704690	121.870157	44.260860	117.862399	42.012412	114.318686	39.965625	111.102561	38.112104	108.112499	36.436375	105.271958	34.920495	102.521505	33.546709	99.813037	32.298946	97.105670	31.163664	94.362942	30.130295	91.551016	29.191522	88.637648	28.343440	85.591857	27.585681	82.384291	26.921491	78.988205	26.357739	75.381209	25.904797	71.547656	25.576247	67.481545	25.388275	63.189538
992.891420	51.800416	131.834427	49.117769	126.375125	46.525569	121.776170	44.097534	117.809322	41.864670	114.296511	39.832218	111.104195	37.991317	108.132911	36.326353	105.307512	34.819418	102.569488	33.452874	99.871338	32.210813	97.172535	31.079859	94.436808	30.049612	91.630388	29.112915	88.721005	28.266019	85.677570	27.508711	82.470588	26.844398	79.073124	26.280117	75.462611	25.826426	71.623267	25.497104	67.549054	25.308553	63.246760
993.244320	51.600249	131.623230	48.927228	126.234242	46.349252	121.688035	43.936920	117.760670	41.719415	114.277786	39.701021	111.108616	37.872454	108.155656	36.217982	105.345086	34.719740	102.619278	33.360216	99.931293	32.123659	97.240946	30.996859	94.512138	29.969578	91.711157	29.034818	88.805694	28.188982	85.764553	27.432012	82.558076	26.767472	79.159134	26.202567	75.544976	25.748040	71.699673	25.417870	67.617150	25.228677	63.304315
993.597050	51.401051	131.416860	48.737942	126.096927	46.174262	121.602541	43.777588	117.714006	41.575332	114.260603	39.570868	111.114273	37.754501	108.179426	36.110394	105.383539	34.620731	102.669846	33.268125	99.991956	32.036982	97.310010	30.914254	94.588084	29.889870	91.792510	28.956983	88.890935	28.112153	85.852060	27.355470	82.646051	26.690656	79.245589	26.125086	75.627730	25.669684	71.776397	25.338634	67.685474	25.148769	63.361990
993.949710	51.201892	131.210530	48.548693	125.959640	45.999307	121.517064	43.618287	117.667351	41.431278	114.243424	39.440740	111.119928	37.636572	108.203192	36.002827	105.421985	34.521742	102.720405	33.176052	100.052607	31.950321	97.379061	30.831666	94.664015	29.810177	91.873846	28.879164	88.976159	28.035338	85.939550	27.278943	82.734009	26.613855	79.332027	26.047620	75.710468	25.591344	71.853105	25.259413	67.753786	25.068877	63.419653
994.302250	51.005384	131.016685	48.362774	125.831617	45.827833	121.438479	43.462320	117.625935	41.290268	114.230346	39.313307	111.128914	37.520984	108.229758	35.897270	105.462866	34.424459	102.773147	33.085415	100.115260	31.864858	97.449982	30.750064	94.741716	29.731283	91.956873	28.801976	89.063003	27.959003	86.028580	27.202757	82.823415	26.537270	79.419796	25.970254	75.794375	25.512999	71.930777	25.180095	67.822791	24.988808	63.477690
994.654660	50.809377	130.824977	48.177466	125.705174	45.656992	121.361064	43.306956	117.585404	41.149808	114.217954	39.186361	111.138451	37.405821	108.256782	35.792079	105.504140	34.327491	102.826235	32.995046	100.178226	31.779620	97.521192	30.668652	94.819688	29.652546	92.040154	28.724916	89.150089	27.882771	86.117839	27.126652	82.913033	26.460746	79.507758	25.892928	75.878450	25.434677	72.008584	25.100785	67.891889	24.908735	63.535771
995.007020	50.613460	130.633568	47.992261	125.578951	45.486253	121.283811	43.151689	117.544993	41.009435	114.205656	39.059493	111.148062	37.290727	108.283866	35.686948	105.545464	34.230574	102.879366	32.904721	100.241230	31.694421	97.592435	30.587273	94.897690	29.573837	92.123464	28.647881	89.237201	27.806561	86.207122	27.050565	83.002674	26.384236	79.595740	25.815615	75.962541	25.356366	72.086404	25.021483	67.960995	24.828669	63.593852
995.359190	50.420739	130.455646	47.810904	125.462740	45.319466	121.214045	43.000172	117.510301	40.872466	114.197864	38.935633	111.161351	37.178243	108.314055	35.584057	105.589504	34.135558	102.934932	32.815998	100.306474	31.610557	97.665783	30.506994	94.977688	29.496020	92.208683	28.571552	89.326144	27.730887	86.298149	26.974860	83.093957	26.307966	79.685222	25.738413	76.047956	25.278049	72.165300	24.942070	68.030875	24.748406	63.652332
995.711360	50.228017	130.277723	47.629548	125.346529	45.152679	121.144278	42.848656	117.475608	40.735498	114.190071	38.811774	111.174640	37.065760	108.344245	35.481165	105.633544	34.040542	102.990499	32.727274	100.371719	31.526693	97.739132	30.426715	95.057686	29.418204	92.293901	28.495223	89.415086	27.655213	86.389176	26.899155	83.185240	26.231697	79.774705	25.661212	76.133371	25.199731	72.244197	24.862656	68.100754	24.668142	63.710812
996.063350	50.035986	130.102217	47.448977	125.232111	44.986680	121.075851	42.697878	117.441938	40.599198	114.183082	38.688505	111.188579	36.953791	108.374979	35.378717	105.678055	33.945906	103.046483	32.638875	100.437345	31.443104	97.812832	30.346668	95.138016	29.340581	92.379435	28.419053	89.504328	27.579668	86.480487	26.823551	83.276787	26.155503	79.864429	25.584063	76.218995	25.121446	72.323262	24.783257	68.170748	24.587877	63.769341
996.415280	49.846685	129.937336	47.271593	125.125610	44.823906	121.013376	42.550139	117.412848	40.465645	114.179731	38.567658	111.205505	36.843923	108.408263	35.278069	105.724800	33.852797	103.104493	32.551760	100.504846	31.360586	97.888294	30.267502	95.220027	29.263671	92.466585	28.343444	89.595121	27.504547	86.573284	26.748245	83.369734	26.079491	79.955446	25.506988	76.305755	25.043137	72.403262	24.703749	68.241409	24.507429	63.828214
996.767090	49.657449	129.772511	47.094269	125.019145	44.661188	120.950922	42.402451	117.383769	40.332138	114.176382	38.446852	111.222425	36.734092	108.441535	35.177454	105.771530	33.759721	103.162483	32.464674	100.572324	31.278097	97.963731	30.188363	95.302010	29.186787	92.553705	28.267861	89.685884	27.429450	86.666049	26.672965	83.462649	26.003505	80.046431	25.429940	76.392486	24.964855	72.483234	24.624269	68.312046	24.427009	63.887066
997.118770	49.469418	129.611851	46.918298	124.915787	44.499817	120.890810	42.256022	117.356496	40.199765	114.174468	38.327044	111.240530	36.625126	108.475814	35.077580	105.819146	33.667275	103.221272	32.378121	100.640540	31.196053	98.039862	30.109593	95.384655	29.110203	92.641461	28.192517	89.777257	27.354538	86.759396	26.597818	83.556114	25.927605	80.137919	25.352934	76.479656	24.886576	72.563562	24.544757	68.382929	24.346529	63.946032
997.470400	49.283638	129.459263	46.744877	124.818458	44.340993	120.835251	42.111975	117.332749	40.069536	114.175370	38.209119	111.260967	36.517789	108.512087	34.979100	105.868528	33.576012	103.281663	32.292561	100.710243	31.114833	98.117401	30.031498	95.468645	29.034163	92.730511	28.117598	89.869881	27.279943	86.853938	26.522888	83.650709	25.851830	80.230443	25.275969	76.567738	24.808261	72.644631	24.465139	68.454335	24.265886	64.005251
997.821900	49.097927	129.306732	46.571519	124.721164	44.182228	120.779713	41.967982	117.309010	39.939355	114.176271	38.091238	111.281397	36.410491	108.548347	34.880656	105.917891	33.484782	103.342032	32.207032	100.779920	31.033644	98.194911	29.953432	95.552605	28.958150	92.819528	28.042706	89.962470	27.205375	86.948445	26.447986	83.745270	25.776083	80.322934	25.199032	76.655788	24.729975	72.725670	24.385550	68.525715	24.185273	64.064449
998.173280	48.913971	129.159918	46.400090	124.628149	44.025362	120.727416	41.825753	117.287791	39.810756	114.179195	37.974745	111.303503	36.304396	108.586047	34.783242	105.968529	33.394424	103.403562	32.122239	100.850675	30.953067	98.273440	29.875872	95.637541	28.882548	92.909484	27.968137	90.055965	27.131051	87.043821	26.373255	83.840650	25.700441	80.416179	25.122137	76.744501	24.651673	72.807246	24.305898	68.597467	24.104555	64.123815
998.524600	48.731784	129.018953	46.230612	124.539513	43.870420	120.678440	41.685310	117.269157	39.683759	114.184199	37.859659	111.327337	36.199516	108.625234	34.686869	106.020488	33.304947	103.466296	32.038186	100.922552	30.873107	98.353031	29.798819	95.723495	28.807352	93.000421	27.893887	90.150408	27.056964	87.140108	26.298687	83.936891	25.624892	80.510216	25.045273	76.833913	24.573343	72.889388	24.226164	68.669614	24.023713	64.183365
998.875730	48.549696	128.878064	46.061226	124.450924	43.715562	120.629491	41.544944	117.250533	39.556831	114.189201	37.744635	111.351158	36.094692	108.664400	34.590547	106.072418	33.215518	103.528996	31.954179	100.994390	30.793190	98.432579	29.721807	95.809402	28.732197	93.091308	27.819677	90.244799	26.982917	87.236342	26.224159	84.033080	25.549384	80.604203	24.968450	76.923276	24.495055	72.971486	24.146474	68.741722	23.942916	64.242883
999.226810	48.369882	128.744206	45.894293	124.367617	43.563096	120.584574	41.406786	117.235067	39.431878	114.196754	37.631340	111.377116	35.991360	108.705417	34.495499	106.125997	33.127170	103.593206	31.871078	101.067641	30.714025	98.513472	29.645411	95.896602	28.657537	93.183449	27.745851	90.340401	26.909154	87.333743	26.149822	84.130375	25.473980	80.699208	24.891650	77.013531	24.416718	73.054308	24.066669	68.814329	23.861949	64.302618
999.577820	48.191336	128.614216	45.728723	124.287213	43.411960	120.541871	41.269855	117.221331	39.308022	114.205704	37.519006	111.404242	35.888858	108.747442	34.401160	106.180474	33.039424	103.658235	31.788482	101.141658	30.635282	98.595091	29.569361	95.984499	28.583156	93.276265	27.672244	90.436653	26.835555	87.431771	26.075597	84.228264	25.398642	80.794758	24.814873	77.104264	24.338362	73.137516	23.986811	68.887200	23.780900	64.362466
999.928710	48.012852	128.484271	45.563210	124.206836	43.260875	120.499182	41.132971	117.207601	39.184209	114.214651	37.406711	111.431358	35.786390	108.789454	34.306853	106.234931	32.951708	103.723243	31.705915	101.215649	30.556566	98.676683	29.493338	96.072366	28.508801	93.369050	27.598662	90.532873	26.761982	87.529766	26.001397	84.326120	25.323330	80.890277	24.738121	77.194966	24.260034	73.220695	23.906979	68.960046	23.699879	64.422293
