400.248140	0.279870	0.619573	0.272968	0.644681	0.263888	0.664398	0.253315	0.679287	0.242153	0.689814	0.231496	0.696338	0.222565	0.699097	0.216598	0.698214	0.214711	0.693701	0.217746	0.685453	0.226145	0.673255	0.239892	0.656774	0.258536	0.635562	0.281292	0.609060	0.307186	0.576614	0.335208	0.537523	0.364434	0.491125	0.394109	0.436967	0.423686	0.375086	0.452826	0.306425	0.481379	0.233385
400.746060	0.279001	0.623550	0.271821	0.647325	0.262576	0.665845	0.251989	0.679645	0.240993	0.689155	0.230700	0.694700	0.222330	0.696482	0.217095	0.694589	0.216057	0.688994	0.219981	0.679557	0.229222	0.666017	0.243681	0.647994	0.262842	0.624992	0.285885	0.596398	0.311832	0.561515	0.339691	0.519616	0.368574	0.470061	0.397773	0.412510	0.426781	0.347264	0.455298	0.275769	0.483208	0.201221
401.243900	0.278138	0.627214	0.270694	0.649689	0.261304	0.667039	0.250725	0.679765	0.239918	0.688266	0.230010	0.692829	0.222215	0.693623	0.217714	0.690699	0.217514	0.683993	0.222300	0.673322	0.232342	0.658384	0.247462	0.638749	0.267086	0.613873	0.290365	0.583091	0.316317	0.545669	0.343977	0.500872	0.372492	0.448112	0.401196	0.387219	0.429626	0.318851	0.457517	0.245078	0.484784	0.170011
401.741610	0.277281	0.630553	0.269588	0.651763	0.260073	0.667969	0.249526	0.679639	0.238932	0.687139	0.229431	0.690718	0.222225	0.690512	0.218462	0.686535	0.219086	0.678684	0.224706	0.666736	0.235508	0.650341	0.251236	0.629023	0.271266	0.602184	0.294725	0.569113	0.320636	0.529047	0.348058	0.481256	0.376178	0.425241	0.404370	0.361061	0.432210	0.289827	0.459472	0.214355	0.486097	0.139798
402.239230	0.276425	0.633599	0.268499	0.653574	0.258878	0.668657	0.248383	0.679283	0.238024	0.685783	0.228947	0.688373	0.222340	0.687152	0.219313	0.682096	0.220747	0.673065	0.227171	0.659792	0.238689	0.641880	0.254977	0.618805	0.275363	0.589918	0.298955	0.554468	0.324786	0.511671	0.351940	0.460832	0.379643	0.401588	0.407309	0.334306	0.434553	0.260659	0.461182	0.184332	0.487165	0.111566
402.736760	0.275572	0.636330	0.267427	0.655102	0.257720	0.669083	0.247302	0.678677	0.237201	0.684181	0.228566	0.685776	0.222570	0.683522	0.220276	0.677362	0.222502	0.667112	0.229698	0.652462	0.241888	0.632969	0.258682	0.608058	0.279370	0.577029	0.303045	0.539100	0.328753	0.493478	0.355606	0.439533	0.382868	0.377090	0.409993	0.306906	0.436634	0.231339	0.462628	0.155064	0.487970	0.085474
403.234160	0.274718	0.638791	0.266371	0.656383	0.256598	0.669279	0.246275	0.677849	0.236451	0.682355	0.228274	0.682944	0.222893	0.679638	0.221328	0.672344	0.224326	0.660835	0.232262	0.644757	0.245082	0.623618	0.262338	0.596794	0.283282	0.563542	0.306999	0.523051	0.332549	0.474545	0.359076	0.417496	0.385879	0.351984	0.412452	0.279256	0.438484	0.202463	0.463841	0.127346	0.488543	0.062363
403.731480	0.273864	0.640947	0.265332	0.657388	0.255513	0.669215	0.245310	0.676769	0.235784	0.680276	0.228080	0.679846	0.223322	0.675468	0.222478	0.667006	0.226228	0.654193	0.234869	0.636628	0.248273	0.613771	0.265938	0.584949	0.287087	0.549379	0.310800	0.506233	0.336154	0.454777	0.362325	0.394626	0.388650	0.326191	0.414659	0.251320	0.440076	0.174085	0.464792	0.101365	0.488854	0.042599
404.228670	0.273009	0.642852	0.264307	0.658160	0.254461	0.668930	0.244396	0.675470	0.235185	0.677972	0.227964	0.676511	0.223831	0.671036	0.223699	0.661374	0.228180	0.647213	0.237492	0.628106	0.251441	0.603465	0.269473	0.572570	0.290785	0.534605	0.314458	0.488742	0.339588	0.434318	0.365382	0.371151	0.391214	0.300062	0.416650	0.223606	0.441446	0.146857	0.465521	0.077801	0.488943	0.026597
404.725770	0.272152	0.644462	0.263299	0.658659	0.253447	0.668386	0.243542	0.673915	0.234664	0.675406	0.227942	0.672895	0.224435	0.666297	0.225004	0.655394	0.230189	0.639834	0.240136	0.619121	0.254584	0.592617	0.272933	0.559561	0.294360	0.519110	0.317951	0.470458	0.342822	0.413047	0.368213	0.346961	0.393535	0.273534	0.418388	0.196148	0.442557	0.120977	0.465990	0.057071	0.488770	0.015010
405.222780	0.271293	0.645837	0.262305	0.658937	0.252463	0.667627	0.242736	0.672145	0.234206	0.672615	0.227989	0.669039	0.225108	0.661290	0.226366	0.649111	0.232233	0.632104	0.242782	0.609726	0.257689	0.581293	0.276316	0.546004	0.297822	0.503007	0.321299	0.451534	0.345887	0.391182	0.370858	0.322370	0.395657	0.247036	0.419919	0.169483	0.443459	0.096987	0.466246	0.039479	0.488385	0.007551
405.719670	0.270432	0.646922	0.261327	0.658945	0.251518	0.666607	0.241989	0.670112	0.233826	0.669550	0.228123	0.664885	0.225866	0.655952	0.227798	0.642452	0.234318	0.623940	0.245428	0.599826	0.260749	0.569382	0.279607	0.531775	0.301146	0.486153	0.324471	0.431823	0.348745	0.368585	0.373273	0.297283	0.397535	0.220578	0.421198	0.143795	0.444103	0.075322	0.466242	0.025749	0.487739	0.005175
406.216430	0.269572	0.647789	0.260365	0.658745	0.250606	0.665382	0.241291	0.667870	0.233505	0.666263	0.228322	0.660489	0.226685	0.650343	0.229276	0.635482	0.236424	0.615416	0.248064	0.589509	0.263764	0.556990	0.282815	0.517003	0.304356	0.468718	0.327501	0.411547	0.351441	0.345553	0.375512	0.272086	0.399227	0.194616	0.422284	0.119529	0.444550	0.056212	0.466040	0.015582	0.486892	0.006797
406.713130	0.268713	0.648375	0.259425	0.658278	0.249736	0.663893	0.240655	0.665358	0.233262	0.662690	0.228605	0.655780	0.227582	0.644382	0.230813	0.628109	0.238559	0.606425	0.250688	0.578648	0.266719	0.543972	0.285919	0.501527	0.307419	0.450527	0.330350	0.390537	0.353928	0.321955	0.377522	0.246742	0.400677	0.169292	0.423121	0.097101	0.444744	0.040405	0.465581	0.010026	0.485787	0.013598
407.209720	0.267849	0.648752	0.258494	0.657607	0.248892	0.662201	0.240058	0.662634	0.233066	0.658891	0.228937	0.650820	0.228522	0.638137	0.232377	0.620411	0.240696	0.597058	0.253283	0.567355	0.269613	0.530463	0.288929	0.485516	0.310360	0.431796	0.333053	0.369065	0.356253	0.298129	0.379357	0.221638	0.401944	0.144971	0.423769	0.076677	0.444745	0.027601	0.464927	0.008056	0.484485	0.023822
407.706180	0.266977	0.648840	0.257576	0.656659	0.248081	0.660230	0.239513	0.659622	0.232935	0.654780	0.229339	0.645517	0.229522	0.631504	0.233978	0.612266	0.242835	0.587175	0.255839	0.555468	0.272424	0.516283	0.291811	0.468773	0.313136	0.412325	0.335559	0.346962	0.358355	0.273989	0.380953	0.196862	0.402960	0.122020	0.424158	0.058995	0.444484	0.018900	0.464007	0.010988	0.482915	0.038725
408.202550	0.266103	0.648733	0.256670	0.655518	0.247296	0.658063	0.239006	0.656402	0.232849	0.650444	0.229784	0.639962	0.230557	0.624585	0.235598	0.603792	0.244968	0.576914	0.258360	0.543149	0.275169	0.501625	0.294599	0.451532	0.315792	0.392399	0.337926	0.324562	0.360303	0.249901	0.382384	0.172746	0.403805	0.100587	0.424372	0.043776	0.444043	0.013351	0.462906	0.017143	0.481159	0.056200
408.698820	0.265225	0.648342	0.255782	0.654097	0.246549	0.655611	0.238554	0.652882	0.232829	0.645781	0.230294	0.634041	0.231643	0.617249	0.237244	0.594840	0.247093	0.566101	0.260830	0.530203	0.277819	0.486272	0.297251	0.433568	0.318276	0.371809	0.340092	0.301730	0.362029	0.225888	0.383578	0.149585	0.404402	0.081355	0.424331	0.032127	0.443342	0.012370	0.461540	0.027971	0.479135	0.077405
409.194980	0.264345	0.647763	0.254904	0.652490	0.245825	0.652966	0.238135	0.649155	0.232845	0.640890	0.230840	0.627864	0.232755	0.609620	0.238897	0.585551	0.249200	0.554904	0.263256	0.516827	0.280397	0.470461	0.299807	0.415160	0.320642	0.350877	0.342124	0.278805	0.363608	0.202251	0.384615	0.127513	0.404836	0.064074	0.424123	0.023175	0.442471	0.014362	0.460000	0.041379	0.476932	0.100267
409.691040	0.263459	0.646896	0.254041	0.650594	0.245136	0.650022	0.237767	0.645108	0.232920	0.635646	0.231439	0.621290	0.233906	0.601538	0.240561	0.575742	0.251282	0.543113	0.265615	0.502786	0.282866	0.453940	0.302215	0.396064	0.322826	0.329411	0.343947	0.255733	0.364959	0.179191	0.385411	0.107118	0.405018	0.049802	0.423656	0.018386	0.441335	0.020942	0.458191	0.058772	0.474456	0.125689
410.186980	0.262569	0.645850	0.253187	0.648517	0.244468	0.646887	0.237426	0.640854	0.233026	0.630173	0.232066	0.614456	0.235071	0.593159	0.242222	0.565594	0.253338	0.530941	0.267923	0.488332	0.285260	0.437002	0.304525	0.376607	0.324895	0.307757	0.345641	0.232823	0.366170	0.156863	0.386059	0.088210	0.405047	0.037768	0.423031	0.016264	0.440038	0.030045	0.456216	0.077979	0.471809	0.151947
410.682830	0.261673	0.644510	0.252348	0.646140	0.243833	0.643437	0.237133	0.636259	0.233184	0.624321	0.232738	0.607193	0.236264	0.584290	0.243880	0.554886	0.255352	0.518138	0.270148	0.473191	0.287530	0.419369	0.306674	0.356551	0.326774	0.285788	0.347119	0.210172	0.367148	0.135738	0.386461	0.071751	0.404822	0.029425	0.422145	0.018548	0.438474	0.043315	0.453967	0.100188	0.468880	0.179589
411.178590	0.260777	0.643001	0.251520	0.643589	0.243220	0.639802	0.236868	0.631460	0.233371	0.618241	0.233433	0.599671	0.237467	0.575126	0.245531	0.543844	0.257339	0.504966	0.272322	0.457665	0.289727	0.401378	0.308732	0.336248	0.328544	0.263821	0.348478	0.187965	0.367997	0.115689	0.386727	0.057080	0.404455	0.023402	0.421113	0.023226	0.436760	0.058503	0.451565	0.123477	0.465793	0.207439
411.674220	0.259881	0.641193	0.250714	0.640729	0.242645	0.635838	0.236653	0.626301	0.233609	0.611756	0.234170	0.591690	0.238689	0.565439	0.247170	0.532209	0.259275	0.491140	0.274406	0.441456	0.291796	0.382751	0.310627	0.315506	0.330122	0.241858	0.349623	0.166544	0.368616	0.097550	0.386752	0.045580	0.403838	0.021496	0.419824	0.032156	0.434780	0.077096	0.448889	0.148686	0.462424	0.235659
412.169770	0.258981	0.639222	0.249914	0.637699	0.242086	0.631690	0.236457	0.620938	0.233866	0.605042	0.234919	0.583449	0.239913	0.555456	0.248791	0.520246	0.261174	0.476963	0.276432	0.424902	0.293788	0.363846	0.312427	0.294657	0.331594	0.220115	0.350651	0.145853	0.369110	0.080778	0.386645	0.036023	0.403085	0.021781	0.418394	0.043025	0.432657	0.096963	0.446065	0.174360	0.458900	0.263654
412.665190	0.258074	0.636935	0.249127	0.634339	0.241556	0.627186	0.236301	0.615183	0.234161	0.597888	0.235694	0.574708	0.241137	0.544908	0.250380	0.507653	0.263003	0.462113	0.278348	0.407687	0.295631	0.344407	0.314049	0.273601	0.332860	0.198794	0.351452	0.126562	0.369362	0.066626	0.386287	0.030190	0.402071	0.026267	0.416696	0.057617	0.430257	0.119274	0.442955	0.200925	0.455081	0.291219
413.160520	0.257164	0.634492	0.248347	0.630812	0.241040	0.622502	0.236161	0.609227	0.234472	0.590506	0.236476	0.565710	0.242356	0.534071	0.251948	0.494746	0.264791	0.446942	0.280205	0.390185	0.297400	0.324791	0.315580	0.252603	0.334026	0.177925	0.352144	0.108264	0.369499	0.054033	0.385807	0.026284	0.400931	0.032638	0.414867	0.073621	0.427723	0.142289	0.439707	0.227512	0.451117	0.318316
413.655730	0.256249	0.631720	0.247581	0.626938	0.240553	0.617438	0.236057	0.602848	0.234813	0.582649	0.237274	0.556174	0.243565	0.522632	0.253472	0.481183	0.266498	0.431100	0.281942	0.372083	0.299013	0.304806	0.316926	0.231723	0.334981	0.157995	0.352608	0.092031	0.369393	0.044687	0.385073	0.026396	0.399528	0.042944	0.412768	0.092573	0.424908	0.166773	0.436167	0.254146	0.446849	0.344440
414.150880	0.255332	0.628799	0.246822	0.622904	0.240080	0.612198	0.235968	0.596273	0.235167	0.574571	0.238076	0.546390	0.244765	0.510919	0.254972	0.467332	0.268164	0.414982	0.283623	0.353774	0.300555	0.284774	0.318189	0.211087	0.335843	0.138745	0.352970	0.076993	0.369180	0.036966	0.384227	0.028259	0.398010	0.054724	0.410549	0.112421	0.421970	0.191507	0.432499	0.280514	0.442447	0.369982
414.645870	0.254412	0.625539	0.246080	0.618506	0.239636	0.606559	0.235914	0.589251	0.235549	0.565988	0.238888	0.536039	0.245946	0.498582	0.256418	0.452825	0.269737	0.398239	0.285174	0.334991	0.301934	0.264633	0.319260	0.191007	0.336492	0.121044	0.353103	0.064683	0.368724	0.032949	0.383129	0.034118	0.396230	0.069866	0.408058	0.134311	0.418750	0.216811	0.428537	0.306274	0.437738	0.394196
415.140780	0.253493	0.622136	0.245345	0.613953	0.239204	0.600749	0.235872	0.582038	0.235940	0.557191	0.239700	0.525449	0.247116	0.485989	0.257838	0.438062	0.271271	0.381276	0.286670	0.316091	0.303247	0.244580	0.320255	0.171350	0.337055	0.104209	0.353144	0.053677	0.368170	0.030486	0.381929	0.041437	0.394344	0.086046	0.405458	0.156665	0.415417	0.242057	0.424457	0.331620	0.432905	0.417814
415.635590	0.252574	0.618376	0.244630	0.609013	0.238803	0.594509	0.235863	0.574343	0.236353	0.547853	0.240515	0.514259	0.248259	0.472750	0.259197	0.422649	0.272705	0.363753	0.288032	0.296891	0.304392	0.224745	0.321057	0.152755	0.337405	0.089547	0.352955	0.045947	0.367374	0.031926	0.380476	0.052428	0.392195	0.104839	0.402585	0.180190	0.411799	0.267165	0.420079	0.355931	0.427758	0.439939
416.130310	0.251654	0.614479	0.243919	0.603924	0.238409	0.588104	0.235861	0.566463	0.236770	0.538308	0.241325	0.502844	0.249386	0.459277	0.260526	0.407019	0.274097	0.346076	0.289339	0.277675	0.305473	0.205142	0.321786	0.134748	0.337673	0.075879	0.352679	0.039524	0.366488	0.034730	0.378928	0.064525	0.389948	0.124264	0.399610	0.203848	0.408075	0.292022	0.415591	0.379767	0.422494	0.461501
416.624910	0.250729	0.610199	0.243220	0.598415	0.238038	0.581234	0.235881	0.558063	0.237197	0.528184	0.242121	0.490797	0.250469	0.445149	0.261775	0.390778	0.275372	0.327961	0.290494	0.258414	0.306373	0.186181	0.322308	0.118379	0.337717	0.064984	0.352163	0.036753	0.365348	0.041351	0.377116	0.079715	0.387427	0.145461	0.396351	0.227883	0.404055	0.316185	0.410791	0.402285	0.416903	0.481493
417.119380	0.249804	0.605790	0.242525	0.592766	0.237673	0.574207	0.235906	0.549488	0.237624	0.517867	0.242910	0.478546	0.251534	0.430820	0.262995	0.374370	0.276607	0.309770	0.291599	0.239247	0.307213	0.167587	0.322763	0.102725	0.337688	0.055133	0.351569	0.035190	0.364128	0.049073	0.375220	0.095657	0.384818	0.166963	0.393001	0.251833	0.399939	0.340005	0.405893	0.424333	0.411207	0.500986
417.613800	0.248874	0.600973	0.241843	0.586667	0.237328	0.566680	0.235948	0.540357	0.238053	0.506939	0.243678	0.465644	0.252545	0.415849	0.264125	0.357427	0.277715	0.291324	0.292546	0.220366	0.307865	0.150133	0.323007	0.089304	0.337429	0.048551	0.350731	0.037418	0.362651	0.060259	0.373057	0.113971	0.381932	0.189439	0.389362	0.275532	0.395522	0.362764	0.400676	0.444925	0.405175	0.518925
418.108060	0.247946	0.596037	0.241166	0.580439	0.236989	0.559009	0.235995	0.531065	0.238483	0.495838	0.244437	0.452566	0.253539	0.400717	0.265227	0.340379	0.278787	0.272887	0.293447	0.201690	0.308465	0.133161	0.323193	0.076669	0.337107	0.042978	0.349827	0.040673	0.361104	0.072254	0.370822	0.132727	0.378971	0.211983	0.385644	0.299019	0.391023	0.385153	0.395374	0.465088	0.399052	0.536440
418.602260	0.247021	0.590674	0.240506	0.573739	0.236674	0.550813	0.236059	0.521193	0.238912	0.484109	0.245170	0.438845	0.254474	0.385001	0.266236	0.322936	0.279730	0.254464	0.294187	0.183731	0.308877	0.117896	0.323169	0.066834	0.336558	0.041000	0.348681	0.047600	0.359305	0.087149	0.368322	0.153076	0.375735	0.234790	0.381640	0.321773	0.386224	0.406247	0.389757	0.483744	0.392596	0.552458
419.096340	0.246095	0.585201	0.239849	0.566916	0.236362	0.542481	0.236124	0.511174	0.239339	0.472226	0.245893	0.424975	0.255390	0.369164	0.267217	0.305444	0.280637	0.236128	0.294884	0.166066	0.309240	0.103184	0.323092	0.057787	0.335953	0.039918	0.347475	0.055327	0.357442	0.102576	0.365758	0.173629	0.372432	0.257517	0.377566	0.344267	0.381351	0.426992	0.384062	0.502034	0.386058	0.568131
419.590300	0.245168	0.579266	0.239205	0.559584	0.236065	0.533586	0.236196	0.500540	0.239752	0.459696	0.246575	0.410478	0.256232	0.352821	0.268089	0.287742	0.281401	0.218135	0.295408	0.149600	0.309405	0.090737	0.322795	0.051985	0.335111	0.042528	0.346020	0.066363	0.355319	0.120214	0.362922	0.195035	0.368845	0.279936	0.373197	0.365699	0.376170	0.446320	0.378043	0.518828	0.379177	0.582392
420.084200	0.244242	0.573232	0.238564	0.552141	0.235772	0.524571	0.236270	0.489777	0.240163	0.447036	0.247248	0.395863	0.257059	0.336402	0.268938	0.270051	0.282135	0.200299	0.295896	0.133491	0.309529	0.078866	0.322454	0.046911	0.334222	0.045870	0.344514	0.077969	0.353143	0.138158	0.360031	0.216483	0.365202	0.302202	0.368768	0.386870	0.370927	0.465347	0.371958	0.535327	0.372227	0.596382
420.577940	0.243323	0.566712	0.237939	0.544162	0.235497	0.514967	0.236351	0.478383	0.240560	0.433738	0.247878	0.380677	0.257808	0.319615	0.269674	0.252413	0.282724	0.183222	0.296210	0.119121	0.309455	0.069789	0.321896	0.045372	0.333099	0.052773	0.342764	0.092347	0.350711	0.157594	0.356873	0.238141	0.361281	0.323734	0.364049	0.406779	0.365379	0.482920	0.365552	0.550390	0.364939	0.609063
421.071620	0.242406	0.560105	0.237318	0.536088	0.235223	0.505259	0.236432	0.466882	0.240953	0.420336	0.248499	0.365410	0.258542	0.302800	0.270390	0.234841	0.283287	0.166356	0.296494	0.105139	0.309347	0.061259	0.321300	0.044447	0.331937	0.060219	0.340971	0.107083	0.348235	0.177163	0.353670	0.259743	0.357312	0.345087	0.359281	0.426452	0.359780	0.500246	0.359094	0.565220	0.357595	0.621536
421.565160	0.241492	0.552981	0.236711	0.527447	0.234963	0.494938	0.236512	0.454742	0.241322	0.406323	0.249065	0.349663	0.259187	0.285811	0.270982	0.217658	0.283695	0.150729	0.296595	0.093438	0.309034	0.055942	0.320482	0.047136	0.330538	0.070869	0.338928	0.123934	0.345499	0.197524	0.350196	0.281017	0.353063	0.365393	0.354220	0.444742	0.353877	0.516120	0.352316	0.578682	0.349915	0.632793
422.058620	0.240580	0.545784	0.236106	0.518725	0.234704	0.484531	0.236591	0.442517	0.241686	0.392236	0.249622	0.333870	0.259818	0.268834	0.271556	0.200581	0.284081	0.135338	0.296671	0.082111	0.308692	0.051095	0.319633	0.050293	0.329106	0.081881	0.336852	0.140976	0.342727	0.217909	0.346686	0.302191	0.348775	0.385530	0.349121	0.462838	0.347932	0.531805	0.345496	0.591972	0.342191	0.643899
422.551970	0.239670	0.538032	0.235511	0.509399	0.234450	0.473483	0.236660	0.429648	0.242015	0.377579	0.250113	0.317720	0.260348	0.251927	0.271996	0.184280	0.284302	0.121688	0.296556	0.073550	0.308138	0.049720	0.318553	0.056925	0.327429	0.095585	0.334520	0.159459	0.339690	0.238489	0.342900	0.322645	0.344201	0.404436	0.343723	0.479518	0.341678	0.546092	0.338354	0.603987	0.334133	0.653893
423.045230	0.238762	0.530223	0.234917	0.500011	0.234197	0.462371	0.236729	0.416719	0.242341	0.362877	0.250596	0.301556	0.260868	0.235063	0.272423	0.168108	0.284507	0.108268	0.296421	0.065310	0.307563	0.048704	0.317451	0.063873	0.325729	0.109497	0.332163	0.178020	0.336626	0.259036	0.339087	0.342994	0.339600	0.423204	0.338298	0.496054	0.335395	0.560244	0.331182	0.615882	0.326043	0.663783
423.538360	0.237865	0.521834	0.234340	0.490002	0.233954	0.450617	0.236789	0.403181	0.242632	0.347703	0.251013	0.285232	0.261288	0.218601	0.272716	0.153178	0.284549	0.097112	0.296099	0.060242	0.306780	0.051240	0.316125	0.073970	0.323792	0.125495	0.329558	0.197378	0.333305	0.279288	0.335006	0.362342	0.334721	0.440641	0.332586	0.511189	0.328815	0.573074	0.323704	0.626601	0.317637	0.672659
424.031400	0.236968	0.513406	0.233764	0.479951	0.233712	0.438821	0.236849	0.389607	0.242919	0.332508	0.251425	0.268918	0.261700	0.202195	0.272999	0.138369	0.284579	0.086144	0.295764	0.055408	0.305982	0.054009	0.314784	0.084247	0.321839	0.141588	0.326936	0.216747	0.329966	0.299489	0.330908	0.381606	0.329824	0.457980	0.326856	0.526228	0.322217	0.585816	0.316207	0.637243	0.309212	0.681471
424.524320	0.236080	0.504371	0.233198	0.469259	0.233471	0.426389	0.236889	0.375479	0.243160	0.316977	0.251756	0.252696	0.261998	0.186583	0.273135	0.125299	0.284434	0.077914	0.295231	0.053995	0.304968	0.060198	0.313210	0.097179	0.319642	0.159113	0.324061	0.236326	0.326365	0.318995	0.326539	0.399667	0.324651	0.473930	0.320841	0.539894	0.315329	0.597304	0.308414	0.646789	0.300489	0.689347
425.017150	0.235193	0.495314	0.232633	0.458546	0.233230	0.413937	0.236929	0.361336	0.243399	0.301443	0.252085	0.236492	0.262291	0.171018	0.273266	0.112312	0.284284	0.069799	0.294691	0.052708	0.303947	0.066499	0.311629	0.110183	0.317437	0.176664	0.321177	0.255892	0.322755	0.338463	0.322162	0.417679	0.319468	0.489829	0.314818	0.553511	0.308432	0.608749	0.300613	0.656297	0.291758	0.697192
425.509890	0.234318	0.485624	0.232081	0.447182	0.232990	0.400875	0.236948	0.346725	0.243588	0.285754	0.252330	0.220691	0.262468	0.156684	0.273251	0.101556	0.283959	0.064804	0.293955	0.054922	0.302711	0.075918	0.309819	0.125277	0.314991	0.195044	0.318044	0.275206	0.318888	0.356975	0.317522	0.434396	0.314017	0.504356	0.308521	0.565829	0.301259	0.619034	0.292535	0.664805	0.282754	0.704189
426.002500	0.233444	0.475934	0.231529	0.435819	0.232751	0.387813	0.236968	0.332115	0.243778	0.270070	0.252576	0.204898	0.262644	0.142362	0.273234	0.090816	0.283633	0.059827	0.293217	0.057154	0.301474	0.085348	0.308009	0.140374	0.312545	0.213421	0.314910	0.294512	0.315021	0.375476	0.312881	0.451102	0.308565	0.518872	0.302225	0.578137	0.294085	0.629312	0.284459	0.673306	0.273751	0.711181
426.495030	0.232584	0.465595	0.230991	0.423817	0.232510	0.374196	0.236963	0.317171	0.243911	0.254478	0.252731	0.189887	0.262698	0.129751	0.273065	0.082769	0.283130	0.058223	0.292280	0.062778	0.300021	0.097446	0.305969	0.156951	0.309861	0.232071	0.311529	0.313187	0.310901	0.392829	0.307982	0.466462	0.302853	0.532047	0.295667	0.589215	0.286655	0.638511	0.276133	0.680886	0.264512	0.717394
426.987430	0.231725	0.455259	0.230453	0.411817	0.232270	0.360583	0.236957	0.302230	0.244044	0.238891	0.252887	0.174880	0.262753	0.117143	0.272896	0.074724	0.282626	0.056620	0.291344	0.068400	0.298568	0.109540	0.303930	0.173523	0.307177	0.250717	0.308149	0.331857	0.306782	0.410178	0.303085	0.481817	0.297143	0.545219	0.289111	0.600289	0.279227	0.647707	0.267808	0.688464	0.255276	0.723605
427.479740	0.230879	0.444300	0.229922	0.399235	0.232023	0.346525	0.236920	0.287144	0.244115	0.223681	0.252949	0.161022	0.262682	0.106616	0.272575	0.069595	0.281947	0.058304	0.290213	0.076980	0.296906	0.123651	0.301671	0.190935	0.304264	0.269177	0.304536	0.349660	0.302426	0.426323	0.297949	0.495884	0.291194	0.557161	0.282323	0.610264	0.271576	0.655951	0.259278	0.695231	0.245859	0.729136
427.971950	0.230033	0.433327	0.229392	0.386640	0.231775	0.332458	0.236881	0.272057	0.244184	0.208484	0.253009	0.147197	0.262608	0.096146	0.272250	0.064543	0.281263	0.060074	0.289078	0.085636	0.295239	0.137811	0.299407	0.208366	0.301346	0.287628	0.300917	0.367437	0.298064	0.442434	0.292807	0.509914	0.285240	0.569069	0.275530	0.620207	0.263920	0.664169	0.250744	0.701977	0.236439	0.734647
428.464050	0.229207	0.421786	0.228875	0.373555	0.231522	0.318099	0.236814	0.257054	0.244196	0.193974	0.252980	0.134870	0.262418	0.088034	0.271784	0.062458	0.280418	0.064857	0.287765	0.096697	0.293383	0.153347	0.296944	0.226106	0.298224	0.305571	0.297090	0.384228	0.293493	0.457365	0.287459	0.522757	0.279086	0.579883	0.268546	0.629188	0.256091	0.671561	0.242062	0.708024	0.226908	0.739572
428.956050	0.228382	0.410212	0.228358	0.360443	0.231270	0.303725	0.236744	0.242059	0.244204	0.179508	0.252946	0.122636	0.262222	0.080067	0.271309	0.060553	0.279563	0.069822	0.286441	0.107902	0.291516	0.168964	0.294470	0.243861	0.295090	0.323481	0.293251	0.400956	0.288910	0.472222	0.282099	0.535526	0.272920	0.590629	0.261552	0.638108	0.248252	0.678901	0.233373	0.714029	0.217372	0.744460
429.447940	0.227572	0.398121	0.227848	0.346938	0.231006	0.289216	0.236639	0.227381	0.244149	0.166024	0.252821	0.112187	0.261908	0.074615	0.270696	0.061514	0.278551	0.077403	0.284946	0.120937	0.289466	0.185396	0.291807	0.261525	0.291763	0.340682	0.289217	0.416659	0.284134	0.485963	0.276551	0.547222	0.266576	0.600407	0.254396	0.646188	0.240277	0.685526	0.224582	0.719428	0.207783	0.748840
429.939730	0.226763	0.385983	0.227339	0.333396	0.230741	0.274697	0.236531	0.212737	0.244088	0.152638	0.252687	0.101915	0.261583	0.069411	0.270069	0.062755	0.277524	0.085240	0.283434	0.134149	0.287399	0.201906	0.289126	0.279178	0.288417	0.357811	0.285165	0.432259	0.279341	0.499592	0.270986	0.558811	0.260216	0.610089	0.247226	0.654184	0.232290	0.692079	0.215783	0.724768	0.198192	0.753169
430.431400	0.225970	0.373405	0.226836	0.319586	0.230464	0.260235	0.236387	0.198666	0.243965	0.140521	0.252466	0.093657	0.261146	0.066767	0.269310	0.066632	0.276349	0.095225	0.281763	0.148640	0.285165	0.218765	0.286271	0.296449	0.284897	0.374116	0.280939	0.446846	0.274378	0.512187	0.265261	0.569437	0.253712	0.618919	0.239934	0.661448	0.224214	0.698010	0.206942	0.729583	0.188620	0.757057
430.922970	0.225179	0.360769	0.226333	0.305742	0.230185	0.245783	0.236237	0.184678	0.243833	0.128583	0.252232	0.085683	0.260694	0.064481	0.268533	0.070876	0.275154	0.105509	0.280070	0.163307	0.282907	0.235671	0.283393	0.313663	0.281352	0.390303	0.276690	0.461289	0.269392	0.524636	0.259515	0.579927	0.247189	0.627628	0.232627	0.668608	0.216128	0.703853	0.198096	0.734324	0.179052	0.760882
431.414460	0.224413	0.347798	0.225844	0.291787	0.229901	0.231604	0.236061	0.171527	0.243648	0.118169	0.251922	0.079867	0.260145	0.064680	0.267642	0.077429	0.273831	0.117455	0.278240	0.178769	0.280506	0.252573	0.280369	0.330315	0.277662	0.405629	0.272298	0.474774	0.264272	0.536153	0.253648	0.589572	0.240566	0.635600	0.225249	0.675137	0.208011	0.709164	0.189275	0.738616	0.169584	0.764328
431.905820	0.223653	0.334768	0.225357	0.277813	0.229617	0.217479	0.235879	0.158534	0.243454	0.108040	0.251598	0.074454	0.259579	0.065340	0.266730	0.084410	0.272485	0.129707	0.276385	0.194375	0.278079	0.269470	0.277318	0.346859	0.273944	0.420792	0.267882	0.488077	0.259129	0.547493	0.247760	0.599057	0.233925	0.643434	0.217858	0.681548	0.199891	0.714374	0.180461	0.742823	0.160136	0.767702
432.397090	0.222904	0.321494	0.224870	0.263870	0.229313	0.203821	0.235656	0.146598	0.243197	0.099609	0.251189	0.071224	0.258907	0.068287	0.265698	0.093301	0.271008	0.143146	0.274390	0.210366	0.275508	0.286102	0.274122	0.362728	0.270085	0.435093	0.263328	0.500486	0.253860	0.557993	0.241764	0.607793	0.227202	0.650618	0.210422	0.687407	0.191773	0.719117	0.171717	0.746634	0.150843	0.770741
432.888240	0.222158	0.308164	0.224384	0.249937	0.229005	0.190276	0.235423	0.134915	0.242924	0.091581	0.250759	0.068512	0.258211	0.071775	0.264638	0.102643	0.269499	0.156864	0.272363	0.226446	0.272903	0.302667	0.270893	0.378434	0.266193	0.449188	0.258743	0.512680	0.248563	0.568291	0.235744	0.616349	0.220460	0.657647	0.202976	0.693133	0.183658	0.723747	0.162991	0.750351	0.141590	0.773699
433.379300	0.221433	0.294725	0.223905	0.236218	0.228687	0.177419	0.235159	0.124500	0.242598	0.085372	0.250257	0.067925	0.257426	0.077280	0.263476	0.113484	0.267880	0.171349	0.270219	0.242596	0.270178	0.318796	0.267544	0.393423	0.262186	0.462462	0.254054	0.524065	0.243176	0.577847	0.229656	0.624254	0.213681	0.664118	0.195536	0.698385	0.175606	0.727976	0.154401	0.753728	0.132568	0.776368
433.870270	0.220714	0.281255	0.223429	0.222562	0.228366	0.164765	0.234885	0.114461	0.242256	0.079700	0.249734	0.067965	0.256615	0.083377	0.262285	0.124764	0.266228	0.186058	0.268040	0.258764	0.267419	0.334795	0.264161	0.408198	0.258146	0.475494	0.249334	0.535210	0.237762	0.587184	0.223548	0.631967	0.206893	0.670423	0.188097	0.703496	0.167573	0.732087	0.145853	0.757005	0.123615	0.778951
434.361110	0.220015	0.267807	0.222959	0.209293	0.228033	0.152990	0.234581	0.105841	0.241864	0.075876	0.249143	0.069973	0.255722	0.091163	0.260999	0.137143	0.264474	0.201183	0.265755	0.274773	0.264553	0.350261	0.260675	0.422258	0.254010	0.487765	0.244529	0.545632	0.232282	0.595872	0.217399	0.639115	0.200099	0.676246	0.180702	0.708199	0.159646	0.735851	0.137493	0.759987	0.114956	0.781282
434.851870	0.219324	0.254368	0.222491	0.196162	0.227697	0.141530	0.234265	0.097733	0.241455	0.072717	0.248527	0.072689	0.254799	0.099556	0.259680	0.149916	0.262684	0.216456	0.263433	0.290723	0.261649	0.365534	0.257151	0.436060	0.249840	0.499764	0.239694	0.555793	0.226778	0.604326	0.211235	0.646061	0.193303	0.681896	0.173323	0.712754	0.151758	0.739490	0.129202	0.762862	0.106402	0.783523
435.342500	0.218648	0.241088	0.222026	0.183583	0.227345	0.131108	0.233916	0.091133	0.240994	0.071350	0.247844	0.077146	0.253797	0.109286	0.258272	0.163422	0.260800	0.231862	0.261014	0.306354	0.258650	0.380223	0.253537	0.449171	0.245587	0.511067	0.234792	0.565311	0.221228	0.612211	0.205055	0.652515	0.186531	0.687127	0.166022	0.716953	0.144017	0.742826	0.121147	0.765478	0.098194	0.785540
435.833040	0.217980	0.227877	0.221561	0.171242	0.226986	0.121134	0.233552	0.085185	0.240510	0.070758	0.247133	0.082354	0.252760	0.119595	0.256826	0.177244	0.258874	0.247323	0.258553	0.321846	0.255609	0.394658	0.249884	0.461982	0.241299	0.522068	0.229861	0.574550	0.215659	0.619849	0.198869	0.658756	0.179770	0.692176	0.158754	0.720998	0.136341	0.746031	0.113195	0.767982	0.090136	0.787460
436.323490	0.217327	0.214969	0.221099	0.159609	0.226614	0.112322	0.233157	0.080771	0.239980	0.071832	0.246361	0.089030	0.251652	0.130899	0.255301	0.191490	0.256866	0.262709	0.256008	0.336921	0.252487	0.408501	0.246156	0.474148	0.236949	0.532448	0.224884	0.583225	0.210067	0.626994	0.192694	0.664573	0.173066	0.696864	0.151601	0.724736	0.128853	0.748973	0.105524	0.770260	0.082471	0.789185
436.813810	0.216683	0.202218	0.220639	0.148344	0.226234	0.104110	0.232746	0.077149	0.239425	0.073765	0.245558	0.096463	0.250507	0.142717	0.253736	0.205952	0.254815	0.278052	0.253420	0.351778	0.249324	0.422036	0.242390	0.485980	0.232566	0.542504	0.219885	0.591608	0.204466	0.633883	0.186527	0.670171	0.166391	0.701365	0.144508	0.728315	0.121465	0.751779	0.097999	0.772422	0.075011	0.790809
437.304050	0.216056	0.189904	0.220182	0.137914	0.225843	0.097131	0.232308	0.075016	0.238829	0.077179	0.244701	0.105074	0.249300	0.155225	0.252102	0.220599	0.252693	0.293181	0.250762	0.366178	0.246095	0.435006	0.238567	0.497231	0.228139	0.552016	0.214860	0.599505	0.198866	0.640350	0.180397	0.675408	0.159802	0.705558	0.137562	0.731631	0.114299	0.754361	0.090792	0.774389	0.067979	0.792262
437.794160	0.215441	0.177860	0.219729	0.127996	0.225445	0.090906	0.231854	0.073796	0.238208	0.081499	0.243812	0.114407	0.248055	0.168156	0.250427	0.235356	0.250529	0.308178	0.248063	0.380296	0.242827	0.447627	0.234709	0.508125	0.223686	0.561193	0.209820	0.607103	0.193268	0.646559	0.174291	0.680423	0.153266	0.709563	0.130705	0.734786	0.107271	0.756804	0.083779	0.776235	0.061211	0.793611
438.284180	0.214841	0.166374	0.219276	0.119008	0.225034	0.085928	0.231372	0.073957	0.237547	0.087071	0.242874	0.124628	0.246753	0.181507	0.248692	0.250108	0.248303	0.322866	0.245303	0.393940	0.239504	0.459716	0.230808	0.518495	0.219204	0.569890	0.204773	0.614278	0.187691	0.652402	0.168244	0.685126	0.146839	0.713301	0.124023	0.737712	0.100494	0.759050	0.077111	0.777910	0.054895	0.794808
438.774080	0.214250	0.155292	0.218825	0.110693	0.224615	0.081852	0.230871	0.075119	0.236859	0.093550	0.241899	0.135492	0.245410	0.195163	0.246912	0.264855	0.246031	0.337329	0.242500	0.407239	0.236142	0.471418	0.226875	0.528485	0.214701	0.578240	0.199721	0.621147	0.182130	0.657981	0.162242	0.689603	0.140493	0.716846	0.117466	0.740473	0.093899	0.761152	0.070692	0.779461	0.048907	0.795895
439.263890	0.213676	0.144864	0.218377	0.103359	0.224184	0.078984	0.230347	0.077510	0.236136	0.101043	0.240883	0.146987	0.244019	0.209032	0.245081	0.279472	0.243709	0.351444	0.239649	0.420084	0.232740	0.482643	0.222912	0.538020	0.210186	0.586179	0.194678	0.627658	0.176610	0.663252	0.156319	0.693816	0.134277	0.720165	0.111103	0.743039	0.087575	0.763086	0.064633	0.780863	0.043379	0.796851
439.753600	0.213114	0.134998	0.217932	0.096864	0.223745	0.077149	0.229804	0.080954	0.235383	0.109402	0.239830	0.159022	0.242587	0.223083	0.243206	0.293980	0.241344	0.365260	0.236758	0.432541	0.229303	0.493458	0.218924	0.547165	0.205659	0.593767	0.189644	0.633862	0.171123	0.668260	0.150465	0.697803	0.128174	0.723291	0.104906	0.745439	0.081482	0.764876	0.058882	0.782138	0.038245	0.797693
440.243190	0.212566	0.125854	0.217488	0.091355	0.223295	0.076430	0.229239	0.085439	0.234600	0.118536	0.238739	0.171462	0.241113	0.237186	0.241288	0.308276	0.238936	0.378714	0.233828	0.444573	0.225836	0.503846	0.214918	0.555916	0.201131	0.601004	0.184633	0.639761	0.165692	0.673005	0.144707	0.701566	0.122217	0.726224	0.098917	0.747672	0.075670	0.766518	0.053497	0.783283	0.033568	0.798419
440.732700	0.212031	0.117441	0.217046	0.086843	0.222835	0.076843	0.228652	0.090981	0.233786	0.128454	0.237610	0.184314	0.239596	0.251341	0.239325	0.322360	0.236484	0.391801	0.230860	0.456176	0.222338	0.513804	0.210893	0.564266	0.196603	0.607886	0.179645	0.645352	0.160316	0.677485	0.139044	0.705101	0.116407	0.728961	0.093139	0.749735	0.070144	0.768012	0.048481	0.784296	0.029353	0.799026
441.222080	0.211508	0.109784	0.216605	0.083279	0.222366	0.078242	0.228046	0.097364	0.232945	0.138925	0.236448	0.197385	0.238043	0.265432	0.237326	0.336188	0.233999	0.404533	0.227864	0.467394	0.218821	0.523389	0.206864	0.572277	0.192087	0.614470	0.174694	0.650685	0.155008	0.681743	0.133491	0.708447	0.110755	0.731533	0.087579	0.751655	0.064903	0.769379	0.043826	0.785196	0.025579	0.799530
441.711360	0.211001	0.103036	0.216165	0.080854	0.221885	0.080830	0.227417	0.104759	0.232071	0.150061	0.235247	0.210722	0.236447	0.279446	0.235284	0.349709	0.231473	0.416839	0.224834	0.478151	0.215281	0.532527	0.202827	0.579881	0.187586	0.620695	0.169787	0.655708	0.149783	0.685736	0.128068	0.711563	0.105295	0.733908	0.082280	0.753402	0.060006	0.770594	0.039606	0.785959	0.022334	0.799910
442.200560	0.210504	0.097038	0.215728	0.079297	0.221396	0.084251	0.226772	0.112800	0.231175	0.161565	0.234020	0.224146	0.234823	0.293330	0.233213	0.362964	0.228922	0.428819	0.221784	0.488572	0.211731	0.541350	0.198793	0.587203	0.183108	0.626673	0.164927	0.660518	0.144635	0.689545	0.122761	0.714522	0.099996	0.736145	0.077199	0.755028	0.055388	0.771701	0.035729	0.786626	0.019498	0.800202
442.689640	0.210024	0.092118	0.215293	0.078989	0.220897	0.088872	0.226104	0.121771	0.230247	0.173596	0.232754	0.237693	0.233158	0.307024	0.231102	0.375838	0.226335	0.440331	0.218707	0.498513	0.208167	0.549720	0.194765	0.594118	0.178661	0.632296	0.160133	0.665021	0.139598	0.693090	0.117622	0.717253	0.094932	0.738185	0.072430	0.756480	0.051170	0.772653	0.032348	0.787151	0.017252	0.800365
443.178620	0.209554	0.087907	0.214858	0.079437	0.220390	0.094161	0.225421	0.131205	0.229299	0.185841	0.231465	0.251229	0.231468	0.320547	0.228968	0.388454	0.223729	0.451553	0.215618	0.508166	0.204601	0.557826	0.190748	0.600798	0.174243	0.637714	0.155392	0.669348	0.134643	0.696483	0.112600	0.719852	0.090030	0.740108	0.067872	0.757829	0.047217	0.773512	0.029285	0.787593	0.015377	0.800449
443.667480	0.209099	0.084925	0.214424	0.081201	0.219868	0.100610	0.224713	0.141445	0.228316	0.198458	0.230136	0.264746	0.229737	0.333775	0.226794	0.400621	0.221089	0.462271	0.212506	0.517321	0.201028	0.565472	0.186748	0.607070	0.169874	0.642778	0.150741	0.673368	0.129831	0.699611	0.107784	0.722221	0.085408	0.741831	0.063678	0.759000	0.043720	0.774211	0.026774	0.787887	0.014145	0.800397
444.156250	0.208651	0.082579	0.213990	0.083591	0.219341	0.107564	0.223993	0.151992	0.227318	0.211173	0.228789	0.278191	0.227987	0.346820	0.224603	0.412551	0.218437	0.472738	0.209388	0.526236	0.197459	0.572901	0.182766	0.613150	0.165539	0.647675	0.146146	0.677245	0.125102	0.702615	0.103085	0.724481	0.080941	0.743457	0.059682	0.760084	0.040466	0.774831	0.024549	0.788109	0.013236	0.800278
444.644930	0.208220	0.081583	0.213556	0.087316	0.218799	0.115593	0.223247	0.163195	0.226285	0.224097	0.227402	0.291484	0.226197	0.359479	0.222377	0.423979	0.215757	0.482674	0.206256	0.534643	0.193898	0.579867	0.178819	0.618824	0.161278	0.652219	0.141672	0.680817	0.120552	0.705356	0.098634	0.726511	0.076803	0.744880	0.056106	0.760987	0.037725	0.775286	0.022929	0.788177	0.013013	0.800014
445.133480	0.207797	0.081126	0.213124	0.091532	0.218253	0.123980	0.222491	0.174581	0.225240	0.237041	0.226002	0.304673	0.224394	0.371962	0.220140	0.435202	0.213071	0.492403	0.203126	0.542856	0.190346	0.586661	0.174894	0.624347	0.157054	0.656632	0.137256	0.684275	0.116085	0.707998	0.094295	0.728455	0.072809	0.746226	0.052707	0.761819	0.035196	0.775676	0.021554	0.788186	0.013060	0.799694
445.621920	0.207393	0.082102	0.212695	0.097054	0.217695	0.133321	0.221713	0.186460	0.224165	0.250041	0.224568	0.317595	0.222558	0.383986	0.217875	0.445886	0.210369	0.501587	0.199996	0.550560	0.186820	0.592998	0.171027	0.629470	0.152931	0.660699	0.132993	0.687434	0.111835	0.710378	0.090250	0.730169	0.069195	0.747368	0.049782	0.762467	0.033233	0.775897	0.020828	0.788037	0.013826	0.799223
446.110290	0.206996	0.083506	0.212267	0.102933	0.217134	0.142894	0.220929	0.198431	0.223080	0.263013	0.223125	0.330407	0.220714	0.395858	0.215604	0.456402	0.207665	0.510608	0.196870	0.558114	0.183306	0.599202	0.167183	0.634476	0.148845	0.664665	0.128785	0.690505	0.107662	0.712682	0.086305	0.731816	0.065707	0.748449	0.047008	0.763060	0.031447	0.776066	0.020302	0.787839	0.014807	0.798706
446.598510	0.206619	0.086373	0.211843	0.110038	0.216562	0.153264	0.220122	0.210718	0.221966	0.275890	0.221650	0.342843	0.218840	0.407206	0.213313	0.466347	0.204953	0.519071	0.193757	0.565155	0.179835	0.604951	0.163420	0.639087	0.144887	0.668288	0.124765	0.693278	0.103748	0.714725	0.082700	0.733231	0.062649	0.749322	0.044757	0.763463	0.030272	0.776060	0.020460	0.787473	0.016522	0.798028
447.086670	0.206246	0.089552	0.211419	0.117380	0.215986	0.163769	0.219309	0.223036	0.220845	0.288718	0.220168	0.355181	0.216960	0.418430	0.211017	0.476163	0.202242	0.527411	0.190650	0.572085	0.176376	0.610603	0.159678	0.643612	0.140963	0.671837	0.120793	0.695986	0.099898	0.716711	0.079177	0.734596	0.059693	0.750149	0.042627	0.763823	0.029235	0.776012	0.020770	0.787070	0.018397	0.797313
447.574710	0.205892	0.094176	0.210994	0.125829	0.215396	0.174901	0.218471	0.235504	0.219693	0.301322	0.218653	0.367060	0.215052	0.429087	0.208703	0.485390	0.199529	0.535190	0.187566	0.578507	0.172972	0.615805	0.156035	0.647745	0.137192	0.675045	0.117039	0.698396	0.096342	0.718434	0.076036	0.735725	0.057209	0.750762	0.041059	0.763985	0.028842	0.775779	0.021785	0.786487	0.021010	0.796424
448.062620	0.205540	0.099000	0.210570	0.134416	0.214804	0.186094	0.217629	0.247965	0.218537	0.313871	0.217134	0.378857	0.213141	0.439651	0.206388	0.494524	0.196818	0.542883	0.184488	0.584852	0.169581	0.620941	0.152412	0.651820	0.133450	0.678202	0.113324	0.700762	0.092838	0.720118	0.072959	0.736819	0.054801	0.751343	0.039580	0.764118	0.028547	0.775516	0.022905	0.785877	0.023729	0.795509
448.550480	0.205207	0.105197	0.210146	0.143948	0.214197	0.197724	0.216763	0.260405	0.217351	0.326070	0.215587	0.390118	0.211209	0.449606	0.204064	0.503050	0.194118	0.550009	0.181451	0.590689	0.166268	0.625630	0.148915	0.655506	0.129893	0.681020	0.109867	0.702830	0.089672	0.721538	0.070308	0.737674	0.052911	0.751705	0.038703	0.764044	0.028922	0.775059	0.024740	0.785078	0.027171	0.794407
449.038180	0.204876	0.111499	0.209722	0.153543	0.213590	0.209372	0.215896	0.272828	0.216164	0.338228	0.214039	0.401326	0.209276	0.459504	0.201741	0.511521	0.191422	0.557086	0.178419	0.596483	0.162964	0.630280	0.145433	0.659159	0.126356	0.683808	0.106436	0.704873	0.086540	0.722935	0.067698	0.738509	0.051069	0.752047	0.037879	0.763953	0.029356	0.774584	0.026634	0.784262	0.030672	0.793289
449.525820	0.204567	0.119064	0.209303	0.163913	0.212972	0.221282	0.215008	0.285089	0.214954	0.349946	0.212470	0.411948	0.207330	0.468774	0.199423	0.519383	0.188753	0.563606	0.175447	0.601780	0.159763	0.634496	0.142106	0.662433	0.123040	0.686265	0.103301	0.706622	0.083788	0.724067	0.065558	0.739102	0.049782	0.752167	0.037687	0.763652	0.030477	0.773906	0.029241	0.783247	0.034872	0.791971
450.013340	0.204258	0.126657	0.208884	0.174296	0.212355	0.233191	0.214120	0.297339	0.213743	0.361646	0.210901	0.422551	0.205385	0.478024	0.197105	0.527227	0.186086	0.570108	0.172478	0.607062	0.156566	0.638699	0.138785	0.665695	0.119732	0.688712	0.100176	0.708361	0.081048	0.725192	0.063432	0.739689	0.048512	0.752280	0.037514	0.763343	0.031617	0.773221	0.031867	0.782225	0.039090	0.790648
450.500730	0.203969	0.135354	0.208464	0.185253	0.211723	0.245172	0.213211	0.309284	0.212509	0.372811	0.209312	0.432516	0.203432	0.486621	0.194798	0.534453	0.183458	0.576050	0.169585	0.611849	0.153493	0.642469	0.135647	0.668577	0.116676	0.690824	0.097382	0.709804	0.078727	0.726048	0.061811	0.740029	0.047828	0.752160	0.037991	0.762812	0.033446	0.772319	0.035185	0.780987	0.043963	0.789107
450.988070	0.203679	0.144050	0.208045	0.196210	0.211091	0.257153	0.212302	0.321228	0.211275	0.383975	0.207723	0.442480	0.201480	0.495218	0.192491	0.541678	0.180829	0.581992	0.166692	0.616635	0.150420	0.646238	0.132509	0.671459	0.113621	0.692936	0.094589	0.711246	0.076406	0.726904	0.060191	0.740368	0.047145	0.752040	0.038468	0.762280	0.035275	0.771416	0.038504	0.779749	0.048836	0.787567
451.475250	0.203411	0.153628	0.207630	0.207529	0.210452	0.269049	0.211379	0.332775	0.210026	0.394570	0.206126	0.451812	0.199532	0.503187	0.190211	0.548321	0.178258	0.587410	0.163894	0.620961	0.147492	0.649603	0.129576	0.673988	0.110841	0.694735	0.092150	0.712406	0.074520	0.727502	0.059085	0.740467	0.047044	0.751691	0.039577	0.761527	0.037756	0.770295	0.042455	0.778292	0.054284	0.785803
451.962370	0.203143	0.163227	0.207215	0.218857	0.209813	0.280942	0.210455	0.344311	0.208777	0.405150	0.204529	0.461126	0.197584	0.511141	0.187932	0.554948	0.175688	0.592815	0.161100	0.625275	0.144568	0.652958	0.126649	0.676506	0.108068	0.696525	0.089721	0.713559	0.072646	0.728094	0.057993	0.740560	0.046959	0.751336	0.040702	0.760769	0.040252	0.769168	0.046423	0.776830	0.059745	0.784034
452.449340	0.202891	0.173444	0.206801	0.230342	0.209164	0.292626	0.209518	0.355402	0.207515	0.415167	0.202928	0.469847	0.195647	0.518522	0.185685	0.561051	0.173179	0.597753	0.158406	0.629177	0.141794	0.655951	0.123930	0.678706	0.105570	0.698030	0.087636	0.714453	0.071189	0.728447	0.057385	0.740428	0.047410	0.750766	0.042394	0.759797	0.043315	0.767829	0.050922	0.775152	0.065667	0.782043
452.936250	0.202641	0.183712	0.206386	0.241839	0.208514	0.304291	0.208579	0.366455	0.206252	0.425136	0.201326	0.478517	0.193711	0.525855	0.183440	0.567110	0.170676	0.602652	0.155722	0.633044	0.139033	0.658913	0.121228	0.680879	0.103095	0.699511	0.085581	0.715326	0.069767	0.728779	0.056817	0.740277	0.047906	0.750177	0.044132	0.758808	0.046426	0.766473	0.055465	0.773456	0.071628	0.780035
453.423030	0.202406	0.194377	0.205975	0.253338	0.207859	0.315668	0.207632	0.377047	0.204984	0.434570	0.199727	0.486646	0.191793	0.532676	0.181236	0.572705	0.168245	0.607139	0.153147	0.636549	0.136429	0.661557	0.118739	0.682768	0.100893	0.700738	0.083863	0.715965	0.068745	0.728895	0.056702	0.739918	0.048891	0.749386	0.046374	0.757619	0.050023	0.764913	0.060446	0.771552	0.077946	0.777810
453.909730	0.202174	0.205101	0.205563	0.264835	0.207203	0.327000	0.206683	0.387569	0.203714	0.443923	0.198129	0.494692	0.189878	0.539419	0.179039	0.578230	0.165825	0.611563	0.150590	0.639999	0.133849	0.664153	0.116282	0.684615	0.098733	0.701926	0.082196	0.716570	0.067782	0.728978	0.056654	0.739528	0.049950	0.748565	0.048690	0.756399	0.053692	0.763323	0.065492	0.769616	0.084318	0.775554
454.396300	0.201955	0.216038	0.205154	0.276218	0.206542	0.337995	0.205728	0.397634	0.202443	0.452777	0.196539	0.502247	0.187987	0.545707	0.176889	0.583345	0.163481	0.615625	0.148147	0.643129	0.131428	0.666465	0.114034	0.686207	0.096837	0.702883	0.080850	0.716961	0.067191	0.728859	0.057018	0.738945	0.051443	0.747553	0.051441	0.754987	0.057767	0.761537	0.070887	0.767477	0.090955	0.773084
454.882780	0.201739	0.227021	0.204745	0.287574	0.205880	0.348912	0.204771	0.407592	0.201172	0.461515	0.194951	0.509689	0.186102	0.551890	0.174750	0.588365	0.161155	0.619602	0.145729	0.646186	0.129044	0.668712	0.111835	0.687742	0.095001	0.703788	0.079577	0.717304	0.066685	0.728695	0.057477	0.738317	0.053034	0.746496	0.054290	0.753532	0.061934	0.759706	0.076361	0.765292	0.097652	0.770567
455.369140	0.201533	0.238077	0.204336	0.298740	0.205213	0.359474	0.203811	0.417116	0.199901	0.469800	0.193373	0.516694	0.184245	0.557673	0.172660	0.593028	0.158908	0.623263	0.143426	0.648962	0.126815	0.670709	0.109838	0.689052	0.093418	0.704486	0.078603	0.717454	0.066520	0.728345	0.058305	0.737508	0.055008	0.745259	0.057509	0.751892	0.066433	0.757685	0.082106	0.762908	0.104538	0.767838
455.855410	0.201330	0.249154	0.203927	0.309845	0.204546	0.369922	0.202850	0.426501	0.198631	0.477940	0.191800	0.523560	0.182396	0.563328	0.170587	0.597576	0.156686	0.626823	0.141159	0.651649	0.124635	0.672627	0.107906	0.690290	0.091914	0.705119	0.077724	0.717542	0.066464	0.727936	0.059251	0.736641	0.057102	0.743965	0.060844	0.750194	0.071038	0.755603	0.087936	0.760462	0.111482	0.765043
456.341580	0.201139	0.260195	0.203522	0.320710	0.203878	0.380013	0.201889	0.435480	0.197367	0.485670	0.190244	0.530041	0.180581	0.568632	0.168569	0.601812	0.154548	0.630106	0.139010	0.654091	0.122611	0.674325	0.106171	0.691329	0.090650	0.705567	0.077124	0.717455	0.066717	0.727358	0.060525	0.735607	0.059524	0.742502	0.064486	0.748323	0.075905	0.753341	0.093964	0.757824	0.118546	0.762044
456.827640	0.200952	0.271218	0.203119	0.331473	0.203210	0.389951	0.200929	0.444285	0.196107	0.493226	0.188697	0.536358	0.178780	0.573788	0.166576	0.605915	0.152445	0.633272	0.136910	0.656428	0.120654	0.675931	0.104520	0.692283	0.089488	0.705938	0.076643	0.717295	0.067102	0.726710	0.061937	0.734503	0.062084	0.740968	0.068257	0.746379	0.080883	0.751002	0.100077	0.755105	0.125660	0.758960
457.313600	0.200772	0.282128	0.202716	0.341970	0.202541	0.399544	0.199970	0.452718	0.194854	0.500418	0.187168	0.542336	0.177015	0.578638	0.164637	0.609746	0.150424	0.636197	0.134923	0.658551	0.118844	0.677342	0.103052	0.693058	0.088546	0.706141	0.076412	0.716975	0.067759	0.725905	0.063631	0.733243	0.064918	0.739274	0.072274	0.744269	0.086061	0.748489	0.106327	0.752200	0.132838	0.755676
457.799440	0.200596	0.292974	0.202314	0.352320	0.201871	0.408946	0.199011	0.460945	0.193605	0.507409	0.185649	0.548128	0.175268	0.583319	0.162730	0.613427	0.148448	0.638989	0.132998	0.660555	0.117114	0.678646	0.101685	0.693736	0.087724	0.706252	0.076319	0.716566	0.068567	0.725014	0.065480	0.731897	0.067901	0.737492	0.076426	0.742067	0.091348	0.745879	0.112652	0.749192	0.140050	0.752282
458.285190	0.200427	0.303663	0.201915	0.362403	0.201203	0.418029	0.198057	0.468842	0.192368	0.514084	0.184152	0.553629	0.173559	0.587741	0.160879	0.616877	0.146553	0.641575	0.131182	0.662374	0.115524	0.679782	0.100490	0.694258	0.087103	0.706216	0.076451	0.716016	0.069613	0.723981	0.067568	0.730407	0.071110	0.735563	0.080772	0.739710	0.096782	0.743105	0.119065	0.746008	0.147284	0.748696
458.770840	0.200265	0.314240	0.201517	0.372298	0.200536	0.426886	0.197106	0.476508	0.191139	0.520536	0.182672	0.558926	0.171877	0.591978	0.159070	0.620164	0.144716	0.644016	0.129443	0.664063	0.114034	0.680800	0.099415	0.694671	0.086623	0.706076	0.076740	0.715364	0.070826	0.722849	0.069825	0.728816	0.074477	0.733530	0.085253	0.737244	0.102319	0.740214	0.125541	0.742698	0.154534	0.744976
459.256380	0.200106	0.324634	0.201121	0.381934	0.199871	0.435455	0.196160	0.483884	0.189921	0.526716	0.181213	0.563974	0.170231	0.595993	0.157314	0.623253	0.142955	0.646280	0.127804	0.665592	0.112670	0.681670	0.098494	0.694946	0.086319	0.705804	0.077223	0.714583	0.072241	0.721587	0.072279	0.727093	0.078022	0.731358	0.089880	0.734632	0.107957	0.737165	0.132064	0.739218	0.161773	0.741069
459.741790	0.199952	0.334865	0.200726	0.391338	0.199206	0.443765	0.195217	0.491000	0.188713	0.532650	0.179773	0.568800	0.168617	0.599809	0.155607	0.626164	0.141262	0.648384	0.126256	0.666977	0.111420	0.682409	0.097710	0.695097	0.086173	0.705414	0.077879	0.713687	0.073836	0.720210	0.074908	0.725251	0.081725	0.729062	0.094637	0.731888	0.113685	0.733976	0.138629	0.735585	0.169002	0.736996
460.227140	0.199803	0.344908	0.200333	0.400506	0.198544	0.451822	0.194281	0.497870	0.187518	0.538355	0.178357	0.573418	0.167040	0.603439	0.153954	0.628909	0.139641	0.650340	0.124802	0.668227	0.110286	0.683022	0.097063	0.695130	0.086182	0.704909	0.078700	0.712676	0.075598	0.718717	0.077695	0.723289	0.085566	0.726639	0.099499	0.729008	0.119477	0.730640	0.145211	0.731794	0.176200	0.732749
460.712370	0.199658	0.354737	0.199943	0.409403	0.197885	0.459591	0.193353	0.504459	0.186339	0.543799	0.176968	0.577799	0.165505	0.606858	0.152361	0.631465	0.138103	0.652126	0.123455	0.669323	0.109284	0.683493	0.096572	0.695028	0.086367	0.704274	0.079710	0.711537	0.077551	0.717092	0.080661	0.721191	0.089563	0.724074	0.104480	0.725976	0.125341	0.727139	0.151811	0.727822	0.183360	0.728304
461.197480	0.199517	0.364386	0.199554	0.418090	0.197229	0.467145	0.192431	0.510841	0.185172	0.549052	0.175601	0.582008	0.164003	0.610122	0.150816	0.633884	0.136630	0.653788	0.122191	0.670304	0.108382	0.683856	0.096198	0.694823	0.086680	0.703537	0.080854	0.710296	0.079637	0.715364	0.083750	0.718985	0.093660	0.721393	0.109532	0.722819	0.131240	0.723503	0.158407	0.723700	0.190474	0.723695
461.682500	0.199378	0.373774	0.199166	0.426471	0.196576	0.474384	0.191516	0.516922	0.184023	0.554029	0.174263	0.585968	0.162550	0.613164	0.149340	0.636102	0.135250	0.655268	0.121046	0.671118	0.107627	0.684063	0.095993	0.694468	0.087182	0.702654	0.082196	0.708908	0.081917	0.713484	0.087017	0.716619	0.097905	0.718543	0.114689	0.719480	0.137191	0.719667	0.164996	0.719361	0.197524	0.718846
462.167420	0.199242	0.382999	0.198779	0.434673	0.195926	0.481444	0.190608	0.522834	0.182886	0.558851	0.172947	0.589789	0.161126	0.616081	0.147907	0.638208	0.133926	0.656646	0.119972	0.671838	0.106956	0.684181	0.095885	0.694027	0.087788	0.701686	0.083646	0.707433	0.084300	0.711514	0.090374	0.714159	0.102219	0.715591	0.119888	0.716030	0.143153	0.715711	0.171564	0.714889	0.204521	0.713849
462.652220	0.199109	0.391915	0.198393	0.442533	0.195279	0.488163	0.189712	0.528425	0.181771	0.563380	0.171668	0.593346	0.159761	0.618761	0.146554	0.640102	0.132710	0.657831	0.119032	0.672379	0.106447	0.684129	0.095961	0.693422	0.088594	0.700555	0.085298	0.705793	0.086877	0.709373	0.093902	0.711520	0.106666	0.712446	0.125168	0.712371	0.149138	0.711525	0.178093	0.710162	0.211417	0.708571
463.136930	0.198977	0.400695	0.198010	0.450250	0.194636	0.494743	0.188822	0.533886	0.180668	0.567790	0.170408	0.596797	0.158422	0.621346	0.145239	0.641908	0.131541	0.658936	0.118152	0.672845	0.106008	0.684006	0.096115	0.692747	0.089482	0.699354	0.087033	0.704081	0.089529	0.707158	0.097493	0.708800	0.111157	0.709214	0.130472	0.708617	0.155123	0.707234	0.184596	0.705318	0.218264	0.703162
463.621520	0.198851	0.409130	0.197631	0.457602	0.194001	0.500967	0.187949	0.539015	0.179595	0.571900	0.169195	0.599976	0.157153	0.623688	0.144018	0.643495	0.130495	0.659839	0.117421	0.673123	0.105745	0.683704	0.096467	0.691896	0.090580	0.697976	0.088977	0.702187	0.092376	0.704751	0.101246	0.705875	0.115767	0.705762	0.135838	0.704620	0.161105	0.702675	0.191033	0.700178	0.224984	0.697423
464.106020	0.198725	0.417457	0.197253	0.464845	0.193368	0.507086	0.187081	0.544048	0.178531	0.575922	0.167997	0.603077	0.155905	0.625958	0.142827	0.645016	0.129486	0.660682	0.116737	0.673343	0.105534	0.683346	0.096876	0.690990	0.091737	0.696542	0.090978	0.700236	0.095274	0.702284	0.105039	0.702886	0.120402	0.702238	0.141213	0.700545	0.167078	0.698029	0.197441	0.694941	0.231658	0.691575
464.590420	0.198601	0.425402	0.196878	0.471696	0.192745	0.512831	0.186232	0.548734	0.177501	0.579630	0.166853	0.605897	0.154734	0.627975	0.141740	0.646307	0.128611	0.661310	0.116215	0.673361	0.105511	0.682791	0.097491	0.689890	0.093107	0.694912	0.093187	0.698081	0.098356	0.699600	0.108979	0.699664	0.125132	0.698460	0.146620	0.696190	0.173018	0.693072	0.203751	0.689357	0.238172	0.685339
465.074710	0.198478	0.433270	0.196504	0.478472	0.192123	0.518504	0.185387	0.553355	0.176478	0.583278	0.165720	0.608663	0.153579	0.629943	0.140673	0.647553	0.127761	0.661898	0.115724	0.673339	0.105524	0.682198	0.098145	0.688752	0.094517	0.693242	0.095432	0.695884	0.101469	0.696873	0.112942	0.696394	0.129874	0.694631	0.152027	0.691778	0.178946	0.688051	0.210036	0.683700	0.244650	0.679022
465.558900	0.198358	0.440725	0.196133	0.484836	0.191512	0.523788	0.184564	0.557619	0.175495	0.586605	0.164647	0.611138	0.152511	0.631647	0.139723	0.648557	0.127058	0.662259	0.115408	0.673102	0.105735	0.681395	0.099011	0.687402	0.096141	0.691355	0.097878	0.693460	0.104755	0.693903	0.117032	0.692861	0.134686	0.690512	0.157438	0.687045	0.184808	0.682673	0.216190	0.677643	0.250937	0.672255
466.042970	0.198237	0.448135	0.195763	0.491156	0.190902	0.529032	0.183745	0.561847	0.174516	0.589899	0.163581	0.613583	0.151453	0.633325	0.138785	0.649536	0.126370	0.662597	0.115110	0.672843	0.105966	0.680569	0.099898	0.686030	0.097785	0.689445	0.100343	0.691012	0.108055	0.690907	0.121131	0.689299	0.139501	0.686362	0.162845	0.682277	0.190659	0.677255	0.222326	0.671542	0.257201	0.665439
466.526950	0.198118	0.455108	0.195397	0.497050	0.190304	0.533877	0.182951	0.565711	0.173582	0.592864	0.162584	0.615730	0.150490	0.634730	0.137972	0.650262	0.125838	0.662696	0.114996	0.672353	0.106402	0.679516	0.101002	0.684426	0.099644	0.687296	0.103003	0.688310	0.111514	0.687636	0.125338	0.685439	0.144361	0.681880	0.168229	0.677140	0.196417	0.671423	0.228303	0.664976	0.263247	0.658099
467.010830	0.197998	0.462069	0.195031	0.502933	0.189707	0.538712	0.182158	0.569566	0.172649	0.595820	0.161589	0.617870	0.149530	0.636128	0.137163	0.650983	0.125311	0.662789	0.114886	0.671857	0.106844	0.678457	0.102111	0.682817	0.101507	0.685141	0.105666	0.685601	0.114976	0.684360	0.129546	0.681571	0.149220	0.677391	0.173610	0.671994	0.202171	0.665582	0.234274	0.658399	0.269287	0.650746
467.494600	0.197879	0.468568	0.194670	0.508372	0.189125	0.543136	0.181396	0.573047	0.171769	0.598437	0.160672	0.619703	0.148676	0.637245	0.136492	0.651441	0.124952	0.662633	0.114971	0.671118	0.107497	0.677154	0.103437	0.680958	0.103579	0.682723	0.108511	0.682613	0.118576	0.680779	0.133835	0.677368	0.154093	0.672530	0.178933	0.666432	0.207796	0.659272	0.240052	0.651292	0.275077	0.642797
467.978240	0.197760	0.475066	0.194309	0.513810	0.188543	0.547559	0.180634	0.576526	0.170889	0.601054	0.159754	0.621536	0.147822	0.638362	0.135821	0.651899	0.124592	0.662476	0.115055	0.670378	0.108151	0.675851	0.104763	0.679100	0.105650	0.680307	0.111356	0.679625	0.122175	0.677200	0.138123	0.673167	0.158965	0.667671	0.184255	0.660871	0.213420	0.652964	0.245828	0.644188	0.280866	0.634850
468.461820	0.197643	0.481125	0.193955	0.518834	0.187979	0.551601	0.179906	0.579660	0.170063	0.603358	0.158916	0.623082	0.147076	0.639213	0.135286	0.652107	0.124395	0.662079	0.115325	0.669402	0.109002	0.674308	0.106288	0.676993	0.107905	0.677628	0.114354	0.676356	0.125882	0.673312	0.142462	0.668623	0.163823	0.662428	0.189496	0.654880	0.218899	0.646169	0.251403	0.636533	0.286404	0.626280
468.945280	0.197525	0.487162	0.193602	0.523837	0.187417	0.555625	0.179180	0.582777	0.169239	0.605646	0.158081	0.624614	0.146336	0.640052	0.134757	0.652304	0.124206	0.661671	0.115603	0.668415	0.109862	0.672755	0.107822	0.674876	0.110168	0.674937	0.117359	0.673073	0.129594	0.669410	0.146803	0.664065	0.168679	0.657168	0.194732	0.648870	0.224370	0.639353	0.256966	0.628855	0.291930	0.617684
469.428620	0.197404	0.492802	0.193250	0.528468	0.186866	0.559306	0.178482	0.585583	0.168464	0.607651	0.157318	0.625886	0.145691	0.640648	0.134349	0.652269	0.124161	0.661038	0.116042	0.667203	0.110891	0.670971	0.109522	0.672518	0.112580	0.671990	0.120480	0.669513	0.133378	0.665201	0.151162	0.659166	0.173496	0.651528	0.199871	0.642430	0.229688	0.632052	0.262328	0.620627	0.297214	0.608466
469.911870	0.197281	0.498390	0.192898	0.533050	0.186317	0.562944	0.177787	0.588349	0.167694	0.609619	0.156564	0.627124	0.145057	0.641213	0.133957	0.652205	0.124135	0.660376	0.116501	0.665962	0.111942	0.669159	0.111243	0.670130	0.115010	0.669011	0.123616	0.665918	0.137170	0.660954	0.155524	0.654224	0.178308	0.645839	0.204996	0.635935	0.234986	0.624689	0.267663	0.612330	0.302467	0.599171
470.395020	0.197160	0.503630	0.192554	0.537309	0.185786	0.566285	0.177125	0.590845	0.166976	0.611342	0.155881	0.628135	0.144519	0.641564	0.133681	0.651935	0.124243	0.659512	0.117108	0.664518	0.113144	0.667136	0.113106	0.667519	0.117562	0.665793	0.126843	0.662060	0.141012	0.656417	0.159885	0.648957	0.183067	0.639784	0.210019	0.629027	0.240134	0.616856	0.272809	0.603500	0.307499	0.589275
470.878050	0.197039	0.508791	0.192211	0.541495	0.185260	0.569559	0.176471	0.593281	0.166269	0.613009	0.155215	0.629096	0.144002	0.641868	0.133431	0.651621	0.124380	0.658603	0.117747	0.663028	0.114379	0.665066	0.115001	0.664859	0.120142	0.662521	0.130088	0.658145	0.144864	0.651816	0.164246	0.643619	0.187814	0.633648	0.215017	0.622027	0.245248	0.608920	0.277913	0.594554	0.312480	0.579246
471.360990	0.196913	0.513641	0.191872	0.545393	0.184747	0.572571	0.175844	0.595477	0.165605	0.614456	0.154611	0.629850	0.143566	0.641976	0.133281	0.651115	0.124633	0.657506	0.118509	0.661346	0.115737	0.662797	0.117009	0.661987	0.122814	0.659019	0.133396	0.653975	0.148738	0.646932	0.168585	0.637963	0.192493	0.627155	0.219904	0.614622	0.250212	0.600525	0.282833	0.585090	0.317254	0.568635
471.843810	0.196786	0.518384	0.191533	0.549194	0.184238	0.575494	0.175225	0.597592	0.164957	0.615828	0.154029	0.630535	0.143158	0.642018	0.133164	0.650546	0.124924	0.656345	0.119313	0.659600	0.117136	0.660461	0.119054	0.659043	0.125517	0.655439	0.136724	0.649721	0.152619	0.641954	0.172915	0.632202	0.197150	0.620542	0.224753	0.607082	0.255125	0.591978	0.287691	0.575453	0.321957	0.557829
472.326540	0.196657	0.522860	0.191199	0.552747	0.183743	0.578190	0.174634	0.599500	0.164351	0.617009	0.153505	0.631040	0.142826	0.641889	0.133138	0.649809	0.125316	0.655016	0.120223	0.657680	0.118640	0.657941	0.121192	0.655902	0.128290	0.651645	0.140092	0.645229	0.156505	0.636710	0.177212	0.626141	0.201734	0.613590	0.229494	0.599158	0.259897	0.582996	0.292382	0.565326	0.326473	0.546475
472.809170	0.196527	0.527206	0.190867	0.556181	0.183256	0.580779	0.174057	0.601309	0.163765	0.618098	0.153009	0.631460	0.142529	0.641678	0.133155	0.648991	0.125757	0.653605	0.121184	0.655677	0.120193	0.655333	0.123373	0.652667	0.131096	0.647748	0.143480	0.640624	0.160393	0.631339	0.181493	0.619937	0.206282	0.606477	0.234182	0.591052	0.264601	0.573808	0.296993	0.554967	0.330899	0.534860
473.291690	0.196395	0.531323	0.190540	0.559404	0.182782	0.583174	0.173505	0.602940	0.163219	0.619022	0.152567	0.631723	0.142299	0.641315	0.133251	0.648024	0.126284	0.652042	0.122234	0.653516	0.121830	0.652558	0.125626	0.649251	0.133953	0.643651	0.146891	0.635797	0.164274	0.625719	0.185732	0.613452	0.210757	0.599045	0.238766	0.582586	0.269175	0.564214	0.301453	0.544153	0.335159	0.522740
473.774110	0.196262	0.535288	0.190216	0.562489	0.182318	0.585442	0.172970	0.604454	0.162698	0.619838	0.152159	0.631885	0.142113	0.640852	0.133397	0.646959	0.126868	0.650379	0.123342	0.651251	0.123521	0.649674	0.127925	0.645716	0.136843	0.639424	0.150317	0.630824	0.168148	0.619937	0.189944	0.606783	0.215183	0.591407	0.243281	0.573885	0.273663	0.554355	0.305814	0.533041	0.339310	0.510291
474.256410	0.196125	0.539057	0.189893	0.565393	0.181865	0.587545	0.172455	0.605815	0.162209	0.620510	0.151795	0.631908	0.141983	0.640257	0.133609	0.645759	0.127523	0.648580	0.124520	0.648843	0.125276	0.646635	0.130274	0.642014	0.139765	0.635013	0.153751	0.625646	0.172003	0.613923	0.194108	0.599854	0.219533	0.583473	0.247697	0.564851	0.278032	0.544122	0.310039	0.521514	0.343314	0.497385
474.738620	0.195985	0.542654	0.189573	0.568138	0.181420	0.589501	0.171958	0.607042	0.161748	0.621056	0.151470	0.631812	0.141901	0.639543	0.133877	0.644442	0.128238	0.646660	0.125761	0.646308	0.127088	0.643461	0.132669	0.638165	0.142715	0.630438	0.157192	0.620286	0.175841	0.607704	0.198230	0.592694	0.223818	0.575278	0.252025	0.555522	0.282296	0.533559	0.314145	0.509621	0.347189	0.484079
475.220700	0.195843	0.546089	0.189256	0.570736	0.180987	0.591323	0.171482	0.608143	0.161317	0.621483	0.151185	0.631600	0.141868	0.638716	0.134201	0.643011	0.129012	0.644621	0.127058	0.643648	0.128950	0.640152	0.135101	0.634167	0.145685	0.625700	0.160632	0.614742	0.179655	0.601279	0.202305	0.585299	0.228034	0.566819	0.256266	0.545897	0.286457	0.522666	0.318137	0.497365	0.350940	0.470380
475.702700	0.195697	0.549336	0.188944	0.573160	0.180566	0.592984	0.171028	0.609095	0.160921	0.621769	0.150946	0.631253	0.141892	0.637756	0.134590	0.641444	0.129855	0.642443	0.128422	0.640839	0.130871	0.636683	0.137578	0.629993	0.148680	0.620766	0.164072	0.608980	0.183443	0.594606	0.206327	0.577626	0.232171	0.558045	0.260405	0.535919	0.290496	0.511380	0.321993	0.484676	0.354547	0.456215
476.184600	0.195550	0.552452	0.188634	0.575465	0.180154	0.594535	0.170591	0.609943	0.160549	0.621957	0.150739	0.630810	0.141954	0.636699	0.135022	0.639779	0.130743	0.640162	0.129828	0.637922	0.132827	0.633096	0.140079	0.625690	0.151684	0.615688	0.167504	0.603055	0.187204	0.587751	0.210303	0.569747	0.236246	0.549041	0.264468	0.525682	0.294448	0.499809	0.325752	0.471680	0.358050	0.441728
476.666380	0.195398	0.555360	0.188328	0.577578	0.179756	0.595908	0.170179	0.610626	0.160215	0.621986	0.150583	0.630213	0.142078	0.635489	0.135522	0.637957	0.131702	0.637718	0.131301	0.634830	0.134839	0.629319	0.142618	0.621178	0.154702	0.610376	0.170923	0.596868	0.190921	0.580601	0.214207	0.561536	0.240222	0.539662	0.268408	0.515030	0.298258	0.487780	0.329355	0.458190	0.361388	0.426720
477.148070	0.195245	0.558169	0.188023	0.579599	0.179365	0.597196	0.169781	0.611227	0.159900	0.621938	0.150452	0.629539	0.142232	0.634203	0.136056	0.636057	0.132694	0.635191	0.132805	0.631649	0.136876	0.625445	0.145172	0.616558	0.157723	0.604945	0.174330	0.590547	0.194613	0.573300	0.218071	0.553155	0.244145	0.530094	0.272285	0.504168	0.301997	0.475524	0.332881	0.444459	0.364644	0.411469
477.629670	0.195087	0.560753	0.187725	0.581412	0.178991	0.598291	0.169413	0.611648	0.159630	0.621716	0.150378	0.628695	0.142454	0.632744	0.136664	0.633980	0.133761	0.632477	0.134378	0.628268	0.138967	0.621352	0.147760	0.611696	0.160749	0.599243	0.177712	0.583922	0.198248	0.565657	0.221847	0.544388	0.247953	0.520096	0.276022	0.492831	0.305577	0.462753	0.336234	0.430185	0.367719	0.395667
478.111150	0.194928	0.563264	0.187427	0.583159	0.178623	0.599324	0.169054	0.612008	0.159373	0.621436	0.150322	0.627794	0.142697	0.631228	0.137294	0.631843	0.134850	0.629699	0.135969	0.624818	0.141072	0.617184	0.150353	0.606751	0.163773	0.593448	0.181081	0.577191	0.201860	0.557895	0.225591	0.535489	0.251718	0.509952	0.279711	0.481335	0.309103	0.449814	0.339530	0.415739	0.370734	0.379701
478.592500	0.194761	0.565534	0.187134	0.584682	0.178271	0.600148	0.168727	0.612171	0.159162	0.620963	0.150325	0.626701	0.143010	0.629518	0.138000	0.629504	0.136012	0.626708	0.137625	0.621136	0.143224	0.612761	0.152969	0.601522	0.166790	0.587336	0.184410	0.570105	0.205396	0.549734	0.229226	0.526145	0.255347	0.499314	0.283239	0.469302	0.312451	0.436306	0.342633	0.400714	0.373548	0.363179
479.073760	0.194594	0.567758	0.186841	0.586163	0.177923	0.600931	0.168405	0.612294	0.158961	0.620453	0.150340	0.625571	0.143335	0.627769	0.138719	0.627125	0.137189	0.623673	0.139292	0.617407	0.145384	0.608286	0.155588	0.596237	0.169802	0.581160	0.187727	0.562948	0.208916	0.541493	0.232839	0.516712	0.258949	0.488579	0.286735	0.457166	0.315763	0.422691	0.345699	0.385585	0.376324	0.346567
479.554930	0.194421	0.569728	0.186556	0.587407	0.177596	0.601492	0.168122	0.612205	0.158811	0.619734	0.150421	0.624232	0.143736	0.625806	0.139518	0.624521	0.138440	0.620398	0.141023	0.613418	0.147585	0.603524	0.158220	0.590630	0.172796	0.574625	0.190991	0.555387	0.212346	0.532800	0.236329	0.506778	0.262398	0.477297	0.290056	0.444444	0.318881	0.408473	0.348559	0.369872	0.378885	0.329443
480.036010	0.194248	0.571676	0.186271	0.588631	0.177271	0.602034	0.167841	0.612097	0.158666	0.618998	0.150507	0.622875	0.144143	0.623825	0.140323	0.621898	0.139697	0.617102	0.142757	0.609404	0.149789	0.598736	0.160852	0.584995	0.175786	0.568058	0.194247	0.547791	0.215766	0.524068	0.239807	0.496800	0.265833	0.465968	0.293360	0.431674	0.321981	0.394208	0.351400	0.354116	0.381427	0.312289
480.516970	0.194067	0.573355	0.185991	0.589603	0.176967	0.602337	0.167597	0.611758	0.158575	0.618032	0.150660	0.621287	0.144626	0.621604	0.141206	0.619022	0.141026	0.613534	0.144548	0.605094	0.152026	0.593618	0.163486	0.578992	0.178742	0.561079	0.197433	0.539734	0.219077	0.514824	0.243142	0.486261	0.269098	0.454034	0.296470	0.418276	0.324870	0.379324	0.354017	0.337804	0.383738	0.294721
480.997800	0.193886	0.575033	0.185711	0.590575	0.176663	0.602640	0.167353	0.611419	0.158483	0.617067	0.150813	0.619699	0.145109	0.619384	0.142088	0.616146	0.142355	0.609966	0.146339	0.600785	0.154262	0.588502	0.166119	0.572991	0.181697	0.554103	0.200617	0.531680	0.222388	0.505583	0.246477	0.475724	0.272361	0.442105	0.299579	0.404882	0.327759	0.364445	0.356634	0.321498	0.386048	0.277157
481.478550	0.193699	0.576434	0.185441	0.591285	0.176385	0.602693	0.167152	0.610837	0.158451	0.615860	0.151037	0.617864	0.145670	0.616906	0.143050	0.612996	0.143753	0.606101	0.148181	0.596147	0.156523	0.583023	0.168743	0.566585	0.184606	0.546672	0.203716	0.523120	0.225576	0.495785	0.249655	0.464584	0.275440	0.429540	0.302481	0.390853	0.330423	0.348980	0.359016	0.304731	0.388119	0.259368
481.959200	0.193512	0.577833	0.185171	0.591995	0.176107	0.602746	0.166952	0.610254	0.158419	0.614653	0.151262	0.616029	0.146232	0.614427	0.144011	0.609845	0.145151	0.602235	0.150024	0.591510	0.158783	0.577543	0.171367	0.560178	0.187514	0.539241	0.206813	0.514560	0.228762	0.485986	0.252831	0.453444	0.278517	0.416976	0.305382	0.376824	0.333086	0.333515	0.361396	0.287965	0.390187	0.241581
482.439730	0.193315	0.578980	0.184904	0.592465	0.175847	0.602568	0.166785	0.609445	0.158434	0.613217	0.151545	0.613959	0.146857	0.611703	0.145034	0.606431	0.146601	0.598083	0.151898	0.586556	0.161050	0.571712	0.173967	0.553380	0.190364	0.531375	0.209819	0.505519	0.231824	0.475664	0.255855	0.441749	0.281417	0.403847	0.308087	0.362259	0.335541	0.317606	0.363560	0.270936	0.392034	0.223832
482.920170	0.193118	0.580103	0.184638	0.592914	0.175590	0.602368	0.166622	0.608615	0.158454	0.611761	0.151833	0.611868	0.147488	0.608955	0.146062	0.602992	0.148054	0.593905	0.153775	0.581575	0.163317	0.565850	0.176564	0.546546	0.193207	0.523470	0.212815	0.496434	0.234874	0.465296	0.258864	0.430004	0.284301	0.390669	0.310775	0.347648	0.337976	0.301658	0.365703	0.253885	0.393859	0.206089
483.400510	0.192916	0.581008	0.184380	0.593153	0.175354	0.601966	0.166494	0.607584	0.158519	0.610100	0.152175	0.609566	0.148176	0.605984	0.147143	0.599313	0.149550	0.589462	0.155677	0.576301	0.165586	0.559662	0.179133	0.539351	0.195995	0.515164	0.215724	0.486911	0.237810	0.454457	0.261735	0.417773	0.287027	0.377016	0.313289	0.332623	0.340228	0.285430	0.367656	0.236787	0.395491	0.188657
483.880740	0.192712	0.581868	0.184123	0.593351	0.175122	0.601524	0.166372	0.606513	0.158594	0.608399	0.152528	0.607222	0.148874	0.602969	0.148235	0.595586	0.151054	0.584967	0.157583	0.570969	0.167854	0.553411	0.181696	0.532085	0.198770	0.506779	0.218616	0.477302	0.240723	0.443526	0.264579	0.405447	0.289721	0.363271	0.315769	0.317519	0.342443	0.269149	0.369571	0.219682	0.397084	0.171289
484.360840	0.192501	0.582532	0.183869	0.593360	0.174906	0.600897	0.166277	0.605257	0.158705	0.606509	0.152923	0.604680	0.149616	0.599742	0.149365	0.591630	0.152586	0.580222	0.159499	0.565360	0.170110	0.546852	0.184224	0.524479	0.201483	0.498020	0.221420	0.467289	0.243525	0.432171	0.267292	0.392699	0.292269	0.349141	0.318091	0.302122	0.344491	0.252748	0.371313	0.202734	0.398502	0.154479
484.840880	0.192287	0.583131	0.183617	0.593307	0.174693	0.600209	0.166190	0.603940	0.158827	0.604557	0.153332	0.602071	0.150372	0.596447	0.150507	0.587598	0.154126	0.575393	0.161420	0.559660	0.172363	0.540192	0.186739	0.516760	0.204175	0.489138	0.224196	0.457143	0.246291	0.420677	0.269962	0.379811	0.294769	0.334884	0.320360	0.286629	0.346484	0.236308	0.372998	0.185839	0.399862	0.137855
485.320770	0.192068	0.583562	0.183370	0.593090	0.174497	0.599360	0.166128	0.602460	0.158983	0.602437	0.153778	0.599288	0.151165	0.592962	0.151682	0.583361	0.155688	0.570339	0.163345	0.553710	0.174602	0.533254	0.189219	0.508735	0.206808	0.479924	0.226892	0.446644	0.248958	0.408824	0.272517	0.366584	0.297142	0.320348	0.322492	0.270978	0.348333	0.219916	0.374536	0.169302	0.401072	0.122007
485.800600	0.191847	0.583909	0.183125	0.592793	0.174309	0.598431	0.166079	0.600901	0.159155	0.600234	0.154242	0.596416	0.151977	0.589383	0.152871	0.579022	0.157259	0.565173	0.165272	0.547635	0.176833	0.526179	0.191680	0.500559	0.209413	0.470545	0.229548	0.435971	0.251576	0.396793	0.275016	0.353188	0.299450	0.305673	0.324555	0.255249	0.350111	0.203548	0.376000	0.152942	0.402208	0.106544
486.280300	0.191622	0.584111	0.182886	0.592355	0.174135	0.597362	0.166052	0.599199	0.159354	0.597884	0.154736	0.593388	0.152817	0.585636	0.154084	0.574499	0.158843	0.559804	0.167198	0.541337	0.179045	0.518857	0.194104	0.492113	0.211963	0.460877	0.232131	0.424997	0.254106	0.384469	0.277412	0.339536	0.301648	0.290824	0.326500	0.239492	0.351765	0.187381	0.377337	0.137105	0.403215	0.092014
486.759890	0.191395	0.584211	0.182650	0.591817	0.173970	0.596195	0.166039	0.597396	0.159572	0.595428	0.155250	0.590250	0.153676	0.581769	0.155312	0.569845	0.160436	0.554290	0.169122	0.534879	0.181244	0.511359	0.196502	0.483475	0.214472	0.451003	0.234662	0.413811	0.256572	0.371938	0.279736	0.325702	0.303765	0.275851	0.328360	0.223716	0.353330	0.171357	0.378582	0.121641	0.404130	0.078149
487.239410	0.191163	0.584188	0.182417	0.591159	0.173814	0.594906	0.166043	0.595469	0.159810	0.592843	0.155787	0.586972	0.154557	0.577752	0.156555	0.565027	0.162034	0.548597	0.171040	0.528222	0.183422	0.503643	0.198863	0.474601	0.216930	0.440882	0.237127	0.402377	0.258961	0.359176	0.281973	0.311689	0.305787	0.260797	0.330118	0.208020	0.354789	0.155652	0.379720	0.106810	0.404936	0.065288
487.718780	0.190926	0.584042	0.182186	0.590380	0.173669	0.593495	0.166063	0.593417	0.160069	0.590128	0.156347	0.583557	0.155457	0.573586	0.157813	0.560046	0.163638	0.542723	0.172951	0.521367	0.185580	0.495710	0.201188	0.465492	0.219336	0.430513	0.239527	0.390694	0.261271	0.346186	0.284122	0.297499	0.307712	0.245665	0.331775	0.192407	0.356142	0.140268	0.380751	0.092615	0.405632	0.053436
488.198090	0.190686	0.583797	0.181958	0.589502	0.173532	0.591985	0.166096	0.591262	0.160344	0.587303	0.156923	0.580024	0.156372	0.569292	0.159080	0.554925	0.165243	0.536696	0.174853	0.514343	0.187716	0.487594	0.203480	0.456189	0.221697	0.419944	0.241871	0.378819	0.263516	0.333033	0.286197	0.283206	0.309559	0.230537	0.333349	0.176965	0.357409	0.125283	0.381693	0.079103	0.406240	0.042575
488.677280	0.190440	0.583408	0.181733	0.588483	0.173407	0.590332	0.166147	0.588960	0.160642	0.584324	0.157522	0.576325	0.157307	0.564818	0.160361	0.549607	0.166850	0.530451	0.176743	0.507081	0.189822	0.479218	0.205725	0.446610	0.223995	0.409092	0.244136	0.366672	0.265668	0.319648	0.288169	0.268770	0.311295	0.215418	0.334804	0.161766	0.358555	0.110867	0.382510	0.066562	0.406722	0.033121
489.156340	0.190192	0.582942	0.181511	0.587386	0.173287	0.588600	0.166207	0.586576	0.160951	0.581257	0.158132	0.572533	0.158252	0.560242	0.161646	0.544177	0.168455	0.524085	0.178622	0.499685	0.191910	0.470699	0.207942	0.436882	0.226255	0.398093	0.246355	0.354391	0.267769	0.306165	0.290083	0.254303	0.312969	0.200375	0.336194	0.146798	0.359633	0.096882	0.383259	0.054681	0.407134	0.024554
489.635310	0.189940	0.582315	0.181292	0.586129	0.173181	0.586704	0.166288	0.584022	0.161284	0.578010	0.158767	0.568546	0.159217	0.555455	0.162942	0.538515	0.170057	0.517463	0.180482	0.492012	0.193959	0.461882	0.210101	0.426842	0.228439	0.386784	0.248482	0.341831	0.269763	0.292475	0.291879	0.239764	0.314515	0.185483	0.337452	0.132300	0.360574	0.083781	0.383867	0.044162	0.407406	0.017815
490.114200	0.189685	0.581632	0.181076	0.584814	0.173079	0.584751	0.166376	0.581407	0.161624	0.574698	0.159409	0.564489	0.160187	0.550591	0.164239	0.532770	0.171657	0.510750	0.182333	0.484241	0.195994	0.452961	0.212239	0.416696	0.230595	0.375375	0.250575	0.329187	0.271719	0.278739	0.293634	0.225242	0.316017	0.170701	0.338663	0.118041	0.361468	0.071076	0.384428	0.034202	0.407628	0.011776
490.592960	0.189425	0.580769	0.180865	0.583320	0.172993	0.582611	0.166486	0.578596	0.161991	0.571178	0.160077	0.560208	0.161175	0.545483	0.165545	0.526756	0.173248	0.503744	0.184157	0.476153	0.197981	0.443705	0.214308	0.406209	0.232664	0.363642	0.252563	0.316277	0.273554	0.264852	0.295257	0.210768	0.317378	0.156269	0.339726	0.104543	0.362209	0.059630	0.384833	0.026025	0.407693	0.007969
491.071620	0.189164	0.579870	0.180654	0.581789	0.172909	0.580435	0.166599	0.575747	0.162362	0.567617	0.160749	0.555882	0.162167	0.540325	0.166851	0.520689	0.174836	0.496681	0.185975	0.468003	0.199957	0.434385	0.216362	0.395659	0.234714	0.351853	0.254529	0.303327	0.275366	0.250956	0.296854	0.196334	0.318711	0.141945	0.340760	0.091243	0.362920	0.048481	0.385209	0.018237	0.407728	0.004616
491.550200	0.188897	0.578771	0.180450	0.580055	0.172840	0.578047	0.166735	0.572676	0.162759	0.563818	0.161443	0.551298	0.163174	0.534886	0.168158	0.514314	0.176409	0.489284	0.187756	0.459495	0.201874	0.424693	0.218335	0.384744	0.236662	0.339738	0.256376	0.290145	0.277042	0.237000	0.298302	0.182113	0.319887	0.128228	0.341631	0.079051	0.363463	0.039004	0.385412	0.012654	0.407590	0.003842
492.028660	0.188630	0.577657	0.180245	0.578306	0.172772	0.575644	0.166872	0.569589	0.163156	0.560002	0.162138	0.546696	0.164181	0.529428	0.169465	0.507919	0.177980	0.481864	0.189534	0.450964	0.203786	0.414978	0.220302	0.373808	0.238602	0.327607	0.258213	0.276955	0.278709	0.223051	0.299740	0.167924	0.321053	0.114574	0.342490	0.066959	0.363995	0.029665	0.385604	0.007237	0.407440	0.003249
492.506990	0.188356	0.576322	0.180046	0.576331	0.172720	0.573007	0.167032	0.566253	0.163579	0.555920	0.162855	0.541805	0.165200	0.523655	0.170769	0.501181	0.179528	0.474075	0.191265	0.442044	0.205628	0.404870	0.222175	0.362501	0.240427	0.315177	0.259916	0.263609	0.280225	0.209187	0.301016	0.154180	0.322046	0.101853	0.343170	0.056381	0.364343	0.022433	0.385610	0.004410	0.407102	0.005484
492.985260	0.188082	0.574988	0.179847	0.574357	0.172669	0.570370	0.167192	0.562918	0.164002	0.551838	0.163572	0.536914	0.166219	0.517882	0.172072	0.494444	0.181075	0.466287	0.192996	0.433125	0.207470	0.394763	0.224048	0.351195	0.242252	0.302748	0.261619	0.250265	0.281740	0.195324	0.302292	0.140438	0.323039	0.089133	0.343851	0.045804	0.364691	0.015203	0.385616	0.001584	0.406763	0.007718
493.463380	0.187802	0.573424	0.179653	0.572147	0.172632	0.567486	0.167373	0.559320	0.164446	0.547473	0.164306	0.531715	0.167243	0.511775	0.173365	0.487345	0.182591	0.458114	0.194673	0.423809	0.209234	0.384268	0.225820	0.339548	0.243954	0.290082	0.263181	0.236874	0.283102	0.181717	0.303400	0.127380	0.323857	0.077641	0.344350	0.037053	0.364853	0.010343	0.385431	0.001483	0.406232	0.012728
493.941440	0.187520	0.571852	0.179460	0.569930	0.172595	0.564595	0.167554	0.555714	0.164891	0.543099	0.165040	0.526508	0.168268	0.505657	0.174658	0.480235	0.184106	0.449930	0.196348	0.414482	0.210994	0.373761	0.227588	0.327891	0.245653	0.277410	0.264739	0.223482	0.284458	0.168120	0.304504	0.114346	0.324670	0.066189	0.344843	0.028362	0.365008	0.005559	0.385240	0.001469	0.405695	0.017827
494.419370	0.187235	0.570075	0.179272	0.567499	0.172573	0.561479	0.167754	0.551868	0.165355	0.538466	0.165787	0.521020	0.169295	0.499236	0.175938	0.472800	0.185590	0.441405	0.197971	0.404810	0.212682	0.362933	0.229264	0.315977	0.247241	0.264610	0.266171	0.210178	0.285675	0.154931	0.305460	0.102151	0.325326	0.056085	0.345175	0.021528	0.364999	0.003030	0.384882	0.003877	0.404988	0.025215
494.897190	0.186949	0.568270	0.179086	0.565038	0.172552	0.558332	0.167956	0.547990	0.165821	0.533798	0.166536	0.515493	0.170323	0.492774	0.177216	0.465320	0.187070	0.432832	0.199586	0.395092	0.214360	0.352063	0.230926	0.304031	0.248813	0.251794	0.267586	0.196888	0.286873	0.141802	0.306395	0.090076	0.325961	0.046172	0.345484	0.014955	0.364967	0.000817	0.384501	0.006623	0.404257	0.032923
495.374940	0.186659	0.566277	0.178903	0.562383	0.172542	0.554979	0.168172	0.543890	0.166299	0.528892	0.167292	0.509709	0.171347	0.486034	0.178477	0.457545	0.188515	0.423956	0.201151	0.385078	0.215968	0.340932	0.232503	0.291905	0.250284	0.238946	0.268886	0.183799	0.287947	0.129202	0.307197	0.078943	0.326458	0.037651	0.345651	0.010177	0.364788	0.000645	0.383970	0.011417	0.403374	0.042422
495.852540	0.186366	0.564233	0.178721	0.559675	0.172535	0.551570	0.168392	0.539731	0.166781	0.523921	0.168050	0.503855	0.172371	0.479219	0.179733	0.449692	0.189952	0.414999	0.202700	0.374985	0.217557	0.329734	0.234055	0.279734	0.251727	0.226093	0.270155	0.170768	0.288987	0.116750	0.307963	0.068072	0.326916	0.029514	0.345778	0.005893	0.364570	0.001033	0.383398	0.016770	0.402450	0.052410
496.330080	0.186070	0.562023	0.178543	0.556793	0.172536	0.547976	0.168622	0.535373	0.167272	0.518735	0.168811	0.497770	0.173388	0.472157	0.180971	0.441580	0.191355	0.405783	0.204203	0.364650	0.219083	0.318341	0.235530	0.267464	0.253081	0.213302	0.271324	0.158038	0.289918	0.104917	0.308614	0.058195	0.327255	0.022745	0.345781	0.003258	0.364223	0.003178	0.382696	0.023763	0.401394	0.063713
496.807500	0.185771	0.559738	0.178365	0.553834	0.172541	0.544300	0.168857	0.530928	0.167767	0.513455	0.169574	0.491582	0.174403	0.464986	0.182200	0.433354	0.192744	0.396451	0.205683	0.354208	0.220580	0.306863	0.236969	0.255152	0.254394	0.200540	0.272447	0.145445	0.290800	0.093363	0.309213	0.048764	0.327539	0.016588	0.345728	0.001361	0.363819	0.006106	0.381936	0.031486	0.400279	0.075601
497.284790	0.185471	0.557311	0.178192	0.550724	0.172554	0.540464	0.169101	0.526310	0.168269	0.507990	0.170338	0.485196	0.175411	0.457604	0.183412	0.424912	0.194103	0.386911	0.207120	0.343584	0.222022	0.295261	0.238342	0.242821	0.255629	0.187924	0.273485	0.133230	0.291591	0.082483	0.309715	0.040324	0.327722	0.011702	0.345571	0.000901	0.363308	0.010462	0.381067	0.040440	0.399052	0.088378
497.761990	0.185169	0.554787	0.178021	0.547513	0.172571	0.536520	0.169351	0.521576	0.168775	0.502399	0.171102	0.478676	0.176414	0.450081	0.184612	0.416326	0.195441	0.377229	0.208528	0.332836	0.223427	0.283575	0.239670	0.230476	0.256813	0.175407	0.274466	0.121272	0.292319	0.072057	0.310151	0.032554	0.327836	0.007675	0.345342	0.001412	0.362726	0.015783	0.380124	0.050225	0.397750	0.101757
498.239110	0.184864	0.552140	0.177852	0.544172	0.172594	0.532438	0.169606	0.516694	0.169284	0.496650	0.171866	0.471986	0.177408	0.442381	0.185793	0.407561	0.196751	0.367382	0.209897	0.321955	0.224782	0.271821	0.240940	0.218172	0.257931	0.163091	0.275374	0.109731	0.292969	0.062301	0.310505	0.025704	0.327865	0.004757	0.345026	0.003100	0.362053	0.022193	0.379088	0.060873	0.396354	0.115685
498.716090	0.184556	0.549372	0.177685	0.540703	0.172622	0.528218	0.169867	0.511665	0.169797	0.490742	0.172627	0.465129	0.178393	0.434506	0.186957	0.398621	0.198033	0.357371	0.211228	0.310945	0.226089	0.260001	0.242152	0.205909	0.258983	0.150977	0.276210	0.098607	0.293542	0.053214	0.310777	0.019773	0.327809	0.002945	0.344623	0.005958	0.361290	0.029687	0.377962	0.072377	0.394865	0.130158
499.192990	0.184248	0.546504	0.177521	0.537129	0.172653	0.523887	0.170132	0.506515	0.170312	0.484707	0.173386	0.458136	0.179370	0.426493	0.188105	0.389547	0.199291	0.347243	0.212527	0.299852	0.227356	0.248166	0.243317	0.193734	0.259984	0.139099	0.276989	0.087903	0.294054	0.044748	0.310985	0.014640	0.327687	0.002035	0.344151	0.009711	0.360457	0.037948	0.376764	0.084429	0.393303	0.144921
499.669770	0.183938	0.543491	0.177360	0.533400	0.172692	0.519391	0.170403	0.501189	0.170830	0.478482	0.174143	0.450944	0.180335	0.418276	0.189230	0.380274	0.200515	0.336941	0.213779	0.288640	0.228566	0.236306	0.244415	0.181689	0.260907	0.127566	0.277684	0.077816	0.294475	0.037195	0.311099	0.010682	0.327466	0.002453	0.343578	0.014781	0.359521	0.047337	0.375459	0.097288	0.391631	0.160112
500.146450	0.183626	0.540401	0.177200	0.529591	0.172732	0.514808	0.170677	0.495770	0.171348	0.472160	0.174896	0.443650	0.181293	0.409956	0.190342	0.370906	0.201720	0.326562	0.215007	0.277387	0.229744	0.224467	0.245476	0.169755	0.261789	0.116267	0.278335	0.068108	0.294850	0.030164	0.311164	0.007354	0.327195	0.003541	0.342953	0.020469	0.358531	0.057214	0.374099	0.110454	0.389904	0.175419
500.623050	0.183311	0.537138	0.177042	0.525597	0.172778	0.510029	0.170955	0.490141	0.171868	0.465613	0.175643	0.436123	0.182232	0.401403	0.191424	0.361320	0.202880	0.316006	0.216177	0.266039	0.230853	0.212671	0.246457	0.158070	0.262582	0.105492	0.278887	0.059250	0.295120	0.024308	0.311119	0.005445	0.326809	0.006136	0.342210	0.027553	0.357420	0.068192	0.372616	0.124316	0.388050	0.190996
501.099520	0.182996	0.533822	0.176886	0.521548	0.172825	0.505190	0.171234	0.484449	0.172386	0.459001	0.176386	0.428529	0.183165	0.392785	0.192496	0.351676	0.204027	0.305410	0.217329	0.254682	0.231940	0.200915	0.247413	0.146495	0.263346	0.094916	0.279410	0.050687	0.295359	0.018833	0.311041	0.003970	0.326390	0.009162	0.341432	0.035006	0.356273	0.079433	0.371096	0.138315	0.386158	0.206590
501.575900	0.182677	0.530306	0.176732	0.517285	0.172878	0.500123	0.171517	0.478514	0.172903	0.452133	0.177119	0.420672	0.184076	0.383911	0.193531	0.341805	0.205122	0.294652	0.218414	0.243280	0.232947	0.189300	0.248277	0.135325	0.264009	0.085081	0.279822	0.043234	0.295480	0.014797	0.310839	0.004132	0.325842	0.013818	0.340521	0.043863	0.354990	0.091680	0.369437	0.152847	0.384123	0.222268
502.052190	0.182359	0.526762	0.176579	0.512992	0.172932	0.495025	0.171801	0.472546	0.173419	0.445231	0.177851	0.412782	0.184983	0.375005	0.194561	0.331910	0.206210	0.283880	0.219491	0.231885	0.233942	0.177722	0.249127	0.124232	0.264657	0.075371	0.280218	0.035953	0.295584	0.010970	0.310620	0.004517	0.325277	0.018681	0.339593	0.052881	0.353689	0.104028	0.367758	0.167418	0.382069	0.237929
502.528320	0.182039	0.522991	0.176430	0.508460	0.172991	0.489671	0.172088	0.466307	0.173933	0.438047	0.178568	0.404610	0.185863	0.365835	0.195548	0.321798	0.207238	0.272988	0.220491	0.220530	0.234848	0.166425	0.249874	0.113748	0.265190	0.066658	0.280491	0.030061	0.295558	0.008833	0.310265	0.006707	0.324571	0.025224	0.338521	0.063231	0.352239	0.117219	0.365927	0.182317	0.379857	0.253466
503.004390	0.181719	0.519219	0.176281	0.503926	0.173051	0.484315	0.172376	0.460067	0.174447	0.430862	0.179285	0.396436	0.186743	0.356663	0.196534	0.311685	0.208265	0.262097	0.221490	0.209178	0.235752	0.155134	0.250621	0.103273	0.265723	0.057958	0.280763	0.024185	0.295531	0.006714	0.309909	0.008915	0.323864	0.031781	0.337447	0.073591	0.350788	0.130415	0.364095	0.197214	0.377644	0.268997
503.480350	0.181398	0.515191	0.176136	0.499120	0.173116	0.478671	0.172666	0.453524	0.174955	0.423367	0.179985	0.387960	0.187589	0.347222	0.197469	0.301376	0.209223	0.251142	0.222405	0.197974	0.236556	0.144295	0.251252	0.093638	0.266130	0.050528	0.280900	0.019970	0.295362	0.006499	0.309405	0.013034	0.323003	0.039995	0.336213	0.085146	0.349173	0.144253	0.362094	0.212222	0.375258	0.284209
503.956210	0.181078	0.511165	0.175992	0.494315	0.173182	0.473028	0.172955	0.446982	0.175463	0.415875	0.180684	0.379486	0.188435	0.337784	0.198404	0.291069	0.210182	0.240190	0.223319	0.186773	0.237359	0.133459	0.251884	0.084004	0.266537	0.043100	0.281036	0.015755	0.295193	0.006284	0.308900	0.017152	0.322141	0.048208	0.334980	0.096700	0.347559	0.158088	0.360093	0.227227	0.372873	0.299417
504.431950	0.180753	0.506897	0.175849	0.489255	0.173250	0.467116	0.173244	0.440161	0.175961	0.408100	0.181361	0.370746	0.189246	0.328122	0.199288	0.280628	0.211074	0.229250	0.224151	0.175808	0.238067	0.123165	0.252409	0.075282	0.266826	0.036960	0.281048	0.013129	0.294891	0.007788	0.308258	0.022890	0.321138	0.057721	0.333600	0.109095	0.345793	0.172271	0.357937	0.242144	0.370326	0.314206
504.907590	0.180429	0.502607	0.175707	0.484169	0.173318	0.461178	0.173532	0.433313	0.176458	0.400299	0.182037	0.361980	0.190052	0.318440	0.200166	0.270174	0.211959	0.218313	0.224975	0.164869	0.238765	0.112928	0.252922	0.066654	0.267104	0.030951	0.281047	0.010666	0.294576	0.009467	0.307602	0.028791	0.320120	0.067364	0.332206	0.121573	0.344012	0.186487	0.355765	0.257048	0.367763	0.328949
505.383150	0.180104	0.498103	0.175567	0.478859	0.173388	0.455004	0.173819	0.426224	0.176947	0.392262	0.182694	0.353002	0.190828	0.308598	0.201000	0.259657	0.212785	0.207468	0.225727	0.154247	0.239381	0.103297	0.253343	0.058959	0.267281	0.026181	0.280939	0.009640	0.294149	0.012608	0.306829	0.035978	0.318981	0.077954	0.330686	0.134575	0.342102	0.200817	0.353460	0.271731	0.365063	0.343236
505.858580	0.179780	0.493550	0.175428	0.473497	0.173460	0.448775	0.174106	0.419078	0.177433	0.384170	0.183346	0.343974	0.191596	0.298719	0.201823	0.249127	0.213597	0.196648	0.226462	0.143704	0.239976	0.093815	0.253742	0.051491	0.267434	0.021710	0.280805	0.008962	0.293694	0.016102	0.306027	0.043474	0.317812	0.088768	0.329136	0.147702	0.340162	0.215172	0.351124	0.286356	0.362330	0.357409
506.333890	0.179455	0.488810	0.175292	0.467939	0.173533	0.442343	0.174390	0.411729	0.177911	0.375884	0.183979	0.334783	0.192334	0.288737	0.202605	0.238596	0.214357	0.185984	0.227135	0.133532	0.240499	0.084967	0.254061	0.044932	0.267500	0.018374	0.280578	0.009527	0.293143	0.020783	0.305125	0.051939	0.316540	0.100225	0.327479	0.161110	0.338111	0.229485	0.348673	0.300694	0.359479	0.371133
506.809140	0.179130	0.483991	0.175157	0.462298	0.173607	0.435825	0.174674	0.404293	0.178385	0.367516	0.184605	0.325522	0.193060	0.278711	0.203369	0.228064	0.215095	0.175385	0.227781	0.123517	0.240992	0.076388	0.254346	0.038758	0.267529	0.015519	0.280313	0.010619	0.292550	0.025968	0.304180	0.060816	0.315223	0.111954	0.325777	0.174638	0.336013	0.243781	0.346175	0.314910	0.356578	0.384667
507.284240	0.178806	0.479012	0.175024	0.456489	0.173682	0.429137	0.174954	0.396689	0.178849	0.358994	0.185213	0.316143	0.193759	0.268631	0.204097	0.217580	0.215787	0.164986	0.228372	0.113898	0.241423	0.068431	0.254562	0.033424	0.267485	0.013654	0.279969	0.012734	0.291876	0.032069	0.303151	0.070382	0.313819	0.124082	0.323984	0.188275	0.333821	0.257944	0.343579	0.328821	0.353577	0.397793
507.759280	0.178481	0.473926	0.174891	0.450568	0.173757	0.422333	0.175232	0.388971	0.179306	0.350370	0.185809	0.306683	0.194440	0.258512	0.204801	0.207129	0.216449	0.154720	0.228928	0.104545	0.241812	0.060892	0.254733	0.028651	0.267391	0.012453	0.279573	0.015538	0.291147	0.038787	0.302064	0.080412	0.312356	0.136478	0.322130	0.201986	0.331567	0.272019	0.340919	0.342529	0.350510	0.410647
508.234190	0.178157	0.468706	0.174759	0.444509	0.173832	0.415390	0.175506	0.381121	0.179755	0.341631	0.186389	0.297147	0.195098	0.248381	0.205474	0.196763	0.217072	0.144677	0.229438	0.095585	0.242150	0.053929	0.254847	0.024611	0.267237	0.012070	0.279113	0.019136	0.290351	0.046168	0.300908	0.090897	0.310822	0.149091	0.320203	0.215695	0.329237	0.285923	0.338181	0.355952	0.347361	0.423154
508.709010	0.177831	0.463350	0.174628	0.438308	0.173906	0.408304	0.175777	0.373134	0.180194	0.332774	0.186954	0.287530	0.195732	0.238235	0.206116	0.186485	0.217656	0.134862	0.229902	0.087029	0.242437	0.047556	0.254903	0.021322	0.267021	0.012525	0.278588	0.023552	0.289487	0.054233	0.299682	0.101848	0.309214	0.161927	0.318200	0.229403	0.326830	0.299651	0.335362	0.369083	0.344128	0.435307
509.183720	0.177507	0.457890	0.174498	0.432002	0.173979	0.401115	0.176044	0.365051	0.180626	0.323841	0.187506	0.277873	0.196347	0.228109	0.206733	0.176314	0.218210	0.125271	0.230331	0.078833	0.242683	0.041677	0.254917	0.018627	0.266759	0.013605	0.278014	0.028540	0.288572	0.062739	0.298403	0.113068	0.307552	0.174853	0.316142	0.243048	0.324364	0.313205	0.332483	0.381973	0.340834	0.447187
509.658330	0.177183	0.452266	0.174370	0.425527	0.174052	0.393759	0.176306	0.356816	0.181046	0.314786	0.188038	0.268153	0.196934	0.218014	0.207312	0.166313	0.218716	0.116034	0.230704	0.071206	0.242867	0.036580	0.254863	0.016871	0.266424	0.015676	0.277363	0.034434	0.287576	0.071947	0.297040	0.124715	0.305804	0.187922	0.313995	0.256595	0.321807	0.326486	0.329510	0.394483	0.337441	0.458635
510.132810	0.176860	0.446569	0.174242	0.418978	0.174125	0.386332	0.176566	0.348519	0.181461	0.305687	0.188560	0.258421	0.197506	0.207956	0.207872	0.156420	0.219201	0.106994	0.231052	0.063873	0.243023	0.031863	0.254778	0.015548	0.266056	0.018176	0.276678	0.040696	0.286545	0.081416	0.295640	0.136495	0.304018	0.201005	0.311808	0.270061	0.319209	0.339621	0.326494	0.406810	0.334005	0.469888
510.607210	0.176538	0.440678	0.174115	0.412235	0.174197	0.378718	0.176819	0.340057	0.181860	0.296471	0.189057	0.248653	0.198044	0.197992	0.208387	0.146802	0.219631	0.098457	0.231336	0.057294	0.243107	0.028125	0.254614	0.015339	0.265604	0.021786	0.275904	0.047909	0.285422	0.091561	0.294144	0.148626	0.302132	0.214130	0.309519	0.283325	0.316506	0.352388	0.323370	0.418676	0.330456	0.480642
511.081480	0.176216	0.434744	0.173990	0.405449	0.174268	0.371063	0.177070	0.331562	0.182255	0.287237	0.189548	0.238891	0.198573	0.188068	0.208890	0.137271	0.220046	0.090063	0.231603	0.050914	0.243173	0.024630	0.254431	0.015391	0.265132	0.025640	0.275109	0.055317	0.284276	0.101828	0.292627	0.160804	0.300224	0.227237	0.307206	0.296521	0.313779	0.365055	0.320221	0.430428	0.326882	0.491278
511.555690	0.175897	0.428591	0.173866	0.398446	0.174338	0.363207	0.177312	0.322901	0.182632	0.277905	0.190010	0.229145	0.199060	0.178328	0.209341	0.128149	0.220398	0.082348	0.231798	0.045487	0.243158	0.022305	0.254160	0.016704	0.264565	0.030678	0.274215	0.063671	0.283028	0.112703	0.291002	0.173226	0.298205	0.240269	0.304780	0.309404	0.310934	0.377260	0.316950	0.441641	0.323181	0.501357
512.029790	0.175578	0.422424	0.173742	0.391429	0.174407	0.355339	0.177553	0.314232	0.183008	0.268571	0.190470	0.219406	0.199544	0.168610	0.209788	0.119067	0.220745	0.074693	0.231987	0.040140	0.243136	0.020071	0.253881	0.018110	0.263991	0.035797	0.273313	0.072084	0.281772	0.123609	0.289369	0.185652	0.296179	0.253285	0.302345	0.322256	0.308081	0.389426	0.313670	0.452812	0.319472	0.511393
512.503720	0.175261	0.416012	0.173620	0.384175	0.174473	0.347260	0.177783	0.305406	0.183361	0.259174	0.190894	0.209752	0.199980	0.159188	0.210173	0.110553	0.221018	0.067911	0.232091	0.035951	0.243021	0.019186	0.253502	0.020890	0.263311	0.042129	0.272300	0.081393	0.280399	0.135016	0.287616	0.198193	0.294029	0.266099	0.299783	0.334686	0.305097	0.401041	0.310256	0.463377	0.315622	0.520819
512.977600	0.174944	0.409601	0.173497	0.376922	0.174538	0.339181	0.178012	0.296580	0.183713	0.249777	0.191318	0.200099	0.200415	0.149767	0.210558	0.102040	0.221291	0.061131	0.232196	0.031762	0.242905	0.018301	0.253123	0.023671	0.262630	0.048461	0.271286	0.090700	0.279027	0.146421	0.285864	0.210733	0.291879	0.278911	0.297221	0.347114	0.302113	0.412654	0.306841	0.473941	0.311773	0.530245
513.451350	0.174629	0.402947	0.173375	0.369440	0.174599	0.330909	0.178228	0.287630	0.184041	0.240370	0.191704	0.190608	0.200801	0.140743	0.210879	0.094211	0.221490	0.055335	0.232215	0.028810	0.242697	0.018781	0.252643	0.027768	0.261843	0.055880	0.270161	0.100742	0.277538	0.158165	0.283991	0.223253	0.289605	0.291428	0.294533	0.359066	0.298999	0.423696	0.303293	0.483903	0.307785	0.539081
513.925050	0.174314	0.396282	0.173253	0.361948	0.174659	0.322628	0.178443	0.278674	0.184368	0.230963	0.192089	0.181125	0.201183	0.131740	0.211198	0.086415	0.221684	0.049588	0.232231	0.025920	0.242484	0.019329	0.252159	0.031929	0.261050	0.063354	0.269030	0.110819	0.276044	0.169924	0.282113	0.235771	0.287326	0.303929	0.291839	0.370994	0.295878	0.434709	0.299738	0.493834	0.303791	0.547887
514.398620	0.174003	0.389412	0.173133	0.354271	0.174716	0.314204	0.178646	0.269649	0.184674	0.221605	0.192441	0.171861	0.201522	0.123176	0.211462	0.079316	0.221815	0.044785	0.232173	0.024154	0.242190	0.021054	0.251588	0.037161	0.260167	0.071649	0.267804	0.121391	0.274452	0.181845	0.280134	0.248167	0.284943	0.316104	0.289038	0.382472	0.292648	0.445215	0.296072	0.503249	0.299681	0.556196
514.872070	0.173693	0.382506	0.173012	0.346561	0.174773	0.305755	0.178848	0.260612	0.184975	0.212257	0.192787	0.162639	0.201852	0.114696	0.211715	0.072349	0.221933	0.040161	0.232102	0.022600	0.241881	0.022998	0.251002	0.042592	0.259266	0.080097	0.266561	0.132054	0.272842	0.193793	0.278137	0.260537	0.282541	0.328216	0.286218	0.393864	0.289399	0.455625	0.292384	0.512566	0.295551	0.564411
515.345400	0.173384	0.375430	0.172893	0.338705	0.174825	0.297205	0.179037	0.251551	0.185255	0.203002	0.193102	0.153672	0.202142	0.106673	0.211920	0.066055	0.221994	0.036403	0.231967	0.022026	0.241503	0.025915	0.250340	0.048854	0.258288	0.089133	0.265237	0.143019	0.271148	0.205775	0.276053	0.272728	0.280051	0.340004	0.283308	0.404851	0.286057	0.465600	0.288602	0.521450	0.291324	0.572219
515.818660	0.173077	0.368292	0.172773	0.330795	0.174875	0.288619	0.179222	0.242483	0.185528	0.193782	0.193406	0.144800	0.202418	0.098819	0.212107	0.060012	0.222035	0.032966	0.231809	0.021815	0.241100	0.029191	0.249651	0.055424	0.257281	0.098386	0.263883	0.154095	0.269423	0.217769	0.273937	0.284851	0.277528	0.351671	0.280364	0.415688	0.282681	0.475412	0.284786	0.530175	0.287061	0.579875
516.291810	0.172773	0.361021	0.172654	0.322778	0.174921	0.279973	0.179397	0.233429	0.185783	0.184688	0.193686	0.136201	0.202661	0.091412	0.212253	0.054591	0.222028	0.030290	0.231598	0.022421	0.240639	0.033234	0.248902	0.062607	0.256210	0.108034	0.262463	0.165333	0.267630	0.229718	0.271752	0.296775	0.274934	0.363042	0.277348	0.426181	0.279232	0.484868	0.280894	0.538553	0.282721	0.587209
516.764830	0.172470	0.353668	0.172537	0.314695	0.174965	0.271290	0.179567	0.224387	0.186029	0.175674	0.193950	0.127773	0.202884	0.084284	0.212375	0.049559	0.221993	0.028086	0.231356	0.023535	0.240144	0.037753	0.248116	0.070170	0.255100	0.117926	0.261001	0.176669	0.265795	0.241638	0.269524	0.308575	0.272296	0.374228	0.274287	0.436459	0.275736	0.494101	0.276956	0.546716	0.278334	0.594343
517.237790	0.172170	0.346213	0.172419	0.306539	0.175006	0.262578	0.179727	0.215387	0.186259	0.166803	0.194193	0.119614	0.203080	0.077566	0.212464	0.045068	0.221920	0.026513	0.231070	0.025293	0.239603	0.042843	0.247281	0.078158	0.253939	0.128060	0.259487	0.188067	0.263906	0.253471	0.267240	0.320185	0.269602	0.385162	0.271168	0.446458	0.272182	0.503054	0.272958	0.554611	0.273887	0.601229
517.710630	0.171872	0.338660	0.172300	0.298309	0.175042	0.253840	0.179879	0.206430	0.186474	0.158073	0.194414	0.111723	0.203248	0.071255	0.212521	0.041114	0.221809	0.025563	0.230743	0.027687	0.239016	0.048496	0.246397	0.086566	0.252727	0.138433	0.257921	0.199526	0.261962	0.265217	0.264901	0.331604	0.266851	0.395846	0.267992	0.456181	0.268571	0.511729	0.268902	0.562239	0.269381	0.607871
518.183350	0.171576	0.331038	0.172182	0.290037	0.175076	0.245100	0.180023	0.197533	0.186678	0.149487	0.194619	0.104076	0.203395	0.065295	0.212551	0.037599	0.221669	0.025099	0.230383	0.030551	0.238394	0.054539	0.245476	0.095240	0.251477	0.148933	0.256316	0.210983	0.259979	0.276863	0.262521	0.342857	0.264059	0.406328	0.264775	0.465691	0.264917	0.520193	0.264804	0.569671	0.264832	0.614333
518.655940	0.171282	0.323306	0.172063	0.281696	0.175104	0.236358	0.180156	0.188732	0.186862	0.141128	0.194798	0.096815	0.203508	0.059888	0.212541	0.034777	0.221483	0.025399	0.229972	0.034156	0.237718	0.061200	0.244498	0.104337	0.250166	0.159634	0.254648	0.222439	0.257931	0.288352	0.260076	0.353849	0.261201	0.416495	0.261491	0.474865	0.261196	0.528328	0.260638	0.576794	0.260215	0.620513
519.128480	0.170990	0.315535	0.171945	0.273336	0.175130	0.227631	0.180283	0.179994	0.187039	0.132894	0.194965	0.089750	0.203606	0.054746	0.212514	0.032272	0.221277	0.026033	0.229540	0.038066	0.237018	0.068099	0.243495	0.113580	0.248830	0.170389	0.252953	0.233868	0.255857	0.299754	0.257604	0.364718	0.258315	0.426520	0.258179	0.483896	0.257447	0.536323	0.256445	0.583788	0.255572	0.626577
519.600890	0.170703	0.307653	0.171827	0.264925	0.175151	0.218942	0.180398	0.171422	0.187194	0.124993	0.195103	0.083210	0.203667	0.050315	0.212440	0.030614	0.221018	0.027558	0.229049	0.042794	0.236255	0.075636	0.242426	0.123218	0.247426	0.181285	0.251187	0.245222	0.253711	0.310922	0.255058	0.375256	0.255356	0.436168	0.254793	0.492538	0.253625	0.543946	0.252178	0.590435	0.250856	0.632327
520.073240	0.170416	0.299754	0.171710	0.256510	0.175171	0.210271	0.180510	0.162899	0.187344	0.117177	0.195234	0.076795	0.203719	0.046045	0.212357	0.029139	0.220748	0.029265	0.228546	0.047679	0.235478	0.083286	0.241342	0.132918	0.246007	0.192193	0.249407	0.256547	0.251549	0.322033	0.252498	0.385720	0.252382	0.445736	0.251393	0.501101	0.249788	0.551493	0.247897	0.597013	0.246126	0.638015
520.545410	0.170134	0.291751	0.171592	0.248070	0.175182	0.201694	0.180605	0.154633	0.187467	0.109820	0.195327	0.071058	0.203725	0.042647	0.212219	0.028656	0.220416	0.031964	0.227975	0.053425	0.234630	0.091560	0.240184	0.142954	0.244509	0.203163	0.247547	0.267712	0.249306	0.332832	0.249855	0.395786	0.249326	0.454869	0.247911	0.509229	0.245870	0.558627	0.243536	0.603212	0.241319	0.643363
521.017520	0.169852	0.283746	0.171474	0.239632	0.175193	0.193125	0.180699	0.146382	0.187589	0.102487	0.195419	0.065354	0.203728	0.039289	0.212080	0.028215	0.220081	0.034703	0.227402	0.059203	0.233779	0.099854	0.239022	0.152999	0.243008	0.214130	0.245684	0.278867	0.247060	0.343615	0.247210	0.405832	0.246266	0.463982	0.244425	0.517338	0.241949	0.565743	0.239173	0.609395	0.236509	0.648697
521.489500	0.169576	0.275656	0.171356	0.231215	0.175196	0.184728	0.180774	0.138502	0.187682	0.095760	0.195470	0.060493	0.203681	0.036965	0.211879	0.028895	0.219679	0.038507	0.226755	0.065849	0.232850	0.108727	0.237778	0.163303	0.241422	0.225071	0.243733	0.289775	0.244727	0.354010	0.244476	0.415416	0.243120	0.472611	0.240854	0.524974	0.237945	0.572415	0.234729	0.615174	0.231623	0.653669
521.961430	0.169301	0.267568	0.171239	0.222799	0.175200	0.176331	0.180850	0.130622	0.187775	0.089033	0.195522	0.055632	0.203634	0.034641	0.211679	0.029575	0.219278	0.042311	0.226108	0.072495	0.231920	0.117599	0.236534	0.173606	0.239837	0.236010	0.241783	0.300683	0.242394	0.364404	0.241743	0.425000	0.239973	0.481238	0.237283	0.532608	0.233941	0.579087	0.230286	0.620953	0.226737	0.658641
522.433230	0.169030	0.259432	0.171120	0.214448	0.175194	0.168159	0.180906	0.123166	0.187838	0.082954	0.195533	0.051630	0.203537	0.033322	0.211422	0.031294	0.218811	0.047051	0.225391	0.079857	0.230916	0.126900	0.235212	0.184049	0.238171	0.246843	0.239753	0.311307	0.239979	0.374407	0.238929	0.434143	0.236747	0.489417	0.233634	0.539811	0.229863	0.585360	0.225772	0.626371	0.221786	0.663292
522.904910	0.168760	0.251294	0.171002	0.206105	0.175187	0.160008	0.180961	0.115750	0.187899	0.076934	0.195541	0.047705	0.203436	0.032094	0.211159	0.033105	0.218339	0.051874	0.224668	0.087282	0.229906	0.136238	0.233883	0.194502	0.236499	0.257664	0.237716	0.321904	0.237557	0.384373	0.236109	0.443245	0.233514	0.497554	0.229980	0.546974	0.225778	0.591596	0.221253	0.631755	0.216831	0.667914
523.376460	0.168496	0.243149	0.170882	0.197867	0.175172	0.152110	0.180999	0.108766	0.187933	0.071535	0.195515	0.044565	0.203293	0.031742	0.210847	0.035779	0.217812	0.057432	0.223885	0.095229	0.228832	0.145848	0.232490	0.204992	0.234760	0.268335	0.235611	0.332222	0.235069	0.393988	0.233222	0.451968	0.230217	0.505313	0.226264	0.553780	0.221637	0.597504	0.216682	0.636847	0.211830	0.672276
523.847960	0.168232	0.235002	0.170763	0.189655	0.175155	0.144276	0.181032	0.101891	0.187961	0.066293	0.195480	0.041623	0.203140	0.031611	0.210523	0.038671	0.217271	0.063177	0.223087	0.103307	0.227743	0.155527	0.231080	0.215491	0.233005	0.278967	0.233489	0.342469	0.232564	0.403514	0.230319	0.460594	0.226905	0.512978	0.222533	0.560495	0.217480	0.603330	0.212097	0.641863	0.206817	0.676571
524.319340	0.167973	0.226885	0.170643	0.181575	0.175131	0.136708	0.181052	0.095436	0.187968	0.061624	0.195417	0.039369	0.202951	0.032214	0.210160	0.042248	0.216687	0.069472	0.222242	0.111744	0.226604	0.165358	0.229619	0.225959	0.231198	0.289429	0.231315	0.352458	0.230007	0.412738	0.227366	0.468905	0.223544	0.520334	0.218757	0.566924	0.213283	0.608894	0.207478	0.646646	0.201777	0.680660
524.790590	0.167717	0.218782	0.170524	0.173560	0.175104	0.129267	0.181066	0.089181	0.187965	0.057227	0.195341	0.037444	0.202747	0.033167	0.209777	0.046152	0.216081	0.076028	0.221375	0.120351	0.225442	0.175260	0.228133	0.236410	0.229366	0.299810	0.229117	0.362323	0.227426	0.421816	0.224389	0.477063	0.220161	0.527543	0.214959	0.573214	0.209067	0.614333	0.202842	0.651317	0.196724	0.684652
525.261780	0.167465	0.210731	0.170404	0.165688	0.175071	0.122085	0.181067	0.083310	0.187944	0.053327	0.195241	0.036090	0.202514	0.034701	0.209361	0.050574	0.215439	0.082974	0.220469	0.129186	0.224239	0.185229	0.226606	0.246794	0.227492	0.310027	0.226877	0.371966	0.224804	0.430646	0.221373	0.484970	0.216742	0.534511	0.211129	0.579281	0.204823	0.619570	0.198183	0.655809	0.191654	0.688484
525.732850	0.167215	0.202721	0.170283	0.157932	0.175033	0.115109	0.181059	0.077745	0.187909	0.049824	0.195122	0.035193	0.202257	0.036701	0.208919	0.055408	0.214768	0.090230	0.219532	0.138201	0.223003	0.195249	0.225046	0.257121	0.225584	0.320110	0.224604	0.381431	0.222150	0.439275	0.218327	0.492675	0.213293	0.541283	0.207273	0.585168	0.200557	0.624645	0.193506	0.660156	0.186571	0.692189
526.203800	0.166969	0.194777	0.170163	0.150317	0.174991	0.108366	0.181042	0.072507	0.187860	0.046726	0.194985	0.034742	0.201980	0.039132	0.208452	0.060606	0.214071	0.097739	0.218566	0.147343	0.221739	0.205280	0.223455	0.267367	0.223646	0.330050	0.222301	0.390716	0.219468	0.447713	0.215253	0.500189	0.209820	0.547876	0.203396	0.590891	0.196273	0.629572	0.188818	0.664372	0.181484	0.695778
526.674620	0.166727	0.186917	0.170042	0.142889	0.174943	0.101928	0.181013	0.067696	0.187793	0.044159	0.194825	0.034873	0.201674	0.042129	0.207954	0.066278	0.213338	0.105581	0.217562	0.156654	0.220435	0.215326	0.221825	0.277507	0.221669	0.339802	0.219959	0.399768	0.216748	0.455900	0.212144	0.507454	0.206315	0.554234	0.199491	0.596398	0.191966	0.634306	0.184114	0.668417	0.176390	0.699217
527.145390	0.166487	0.179120	0.169920	0.135581	0.174892	0.095676	0.180977	0.063134	0.187717	0.041886	0.194653	0.035316	0.201353	0.045414	0.207439	0.072180	0.212586	0.113569	0.216539	0.166025	0.219110	0.225356	0.220174	0.287574	0.219671	0.349444	0.217597	0.408692	0.214009	0.463953	0.209018	0.514589	0.202795	0.560471	0.195573	0.601795	0.187650	0.638941	0.179405	0.672374	0.171297	0.702578
527.616030	0.166253	0.171466	0.169798	0.128544	0.174832	0.089841	0.180926	0.059131	0.187618	0.040276	0.194451	0.036455	0.200999	0.049343	0.206884	0.078593	0.211792	0.121885	0.215471	0.175530	0.217740	0.235350	0.218476	0.297476	0.217626	0.358839	0.215190	0.417328	0.211227	0.471708	0.205852	0.521433	0.199239	0.566435	0.191625	0.606944	0.183314	0.643355	0.174685	0.676135	0.166205	0.705768
528.086550	0.166019	0.163862	0.169675	0.121593	0.174771	0.084130	0.180872	0.055285	0.187514	0.038844	0.194243	0.037773	0.200635	0.053428	0.206320	0.085122	0.210987	0.130267	0.214392	0.185051	0.216357	0.245319	0.216767	0.307325	0.215570	0.368165	0.212772	0.425885	0.208435	0.479383	0.202677	0.528201	0.195676	0.572330	0.187673	0.612030	0.178975	0.647713	0.169966	0.679847	0.161117	0.708915
528.557010	0.165792	0.156473	0.169552	0.115017	0.174701	0.078963	0.180800	0.052134	0.187384	0.038201	0.194001	0.039886	0.200232	0.058213	0.205711	0.092172	0.210134	0.138951	0.213262	0.194657	0.214922	0.255192	0.215006	0.316949	0.213463	0.377188	0.210305	0.434107	0.205597	0.486717	0.199461	0.534642	0.192079	0.577922	0.183695	0.616843	0.174621	0.651826	0.165245	0.683343	0.156043	0.711872
529.027340	0.165565	0.149105	0.169428	0.108472	0.174630	0.073840	0.180727	0.049035	0.187252	0.037614	0.193757	0.042052	0.199827	0.063042	0.205100	0.099252	0.209278	0.147647	0.212129	0.204261	0.213484	0.265053	0.213241	0.326552	0.211353	0.386186	0.207835	0.442302	0.202757	0.494025	0.196244	0.541059	0.188481	0.583491	0.179717	0.621635	0.170268	0.655922	0.160526	0.686824	0.150973	0.714815
529.497560	0.165346	0.142047	0.169303	0.102422	0.174549	0.069398	0.180633	0.046769	0.187091	0.037932	0.193476	0.045087	0.199377	0.068596	0.204439	0.106834	0.208369	0.156594	0.210940	0.213882	0.211990	0.274745	0.211420	0.335864	0.209189	0.394824	0.205314	0.450109	0.199870	0.500949	0.192986	0.547113	0.184852	0.588728	0.175719	0.626129	0.165909	0.659752	0.155820	0.690070	0.145938	0.717553
529.967710	0.165126	0.134990	0.169179	0.096373	0.174468	0.064957	0.180539	0.044504	0.186930	0.038251	0.193195	0.048123	0.198928	0.074150	0.203778	0.114415	0.207460	0.165540	0.209752	0.223501	0.210497	0.284435	0.209599	0.345174	0.207025	0.403460	0.202793	0.457916	0.196984	0.507872	0.189730	0.553165	0.181223	0.593964	0.171722	0.630621	0.161551	0.663581	0.151114	0.693316	0.140904	0.720291
530.437740	0.164914	0.128298	0.169054	0.090873	0.174377	0.061236	0.180427	0.043080	0.186742	0.039447	0.192879	0.051962	0.198437	0.080336	0.203072	0.122398	0.206502	0.174646	0.208512	0.233070	0.208950	0.293918	0.207727	0.354174	0.204812	0.411735	0.200228	0.465347	0.194059	0.514429	0.186442	0.558877	0.177574	0.598889	0.167717	0.634836	0.157202	0.667164	0.146437	0.696345	0.135922	0.722837
530.907650	0.164703	0.121635	0.168929	0.085414	0.174285	0.057569	0.180313	0.041719	0.186551	0.040706	0.192561	0.055859	0.197943	0.086567	0.202362	0.130409	0.205540	0.183762	0.207268	0.242633	0.207401	0.303382	0.205852	0.363149	0.202596	0.419982	0.197660	0.472749	0.191131	0.520958	0.183152	0.564562	0.173923	0.603790	0.163712	0.639028	0.152854	0.670728	0.141764	0.699357	0.130945	0.725369
531.377440	0.164499	0.115335	0.168802	0.080471	0.174184	0.054551	0.180183	0.041087	0.186337	0.042694	0.192211	0.060392	0.197413	0.093269	0.201612	0.138689	0.204536	0.192949	0.205982	0.252103	0.205808	0.312637	0.203935	0.371845	0.200340	0.427918	0.195056	0.479836	0.188174	0.527185	0.179841	0.569966	0.170261	0.608438	0.159708	0.642994	0.148522	0.674091	0.137125	0.702193	0.126027	0.727745
531.847170	0.164295	0.109125	0.168675	0.075656	0.174081	0.051693	0.180048	0.040634	0.186116	0.044859	0.191854	0.065080	0.196875	0.100085	0.200852	0.147034	0.203521	0.202153	0.204684	0.261550	0.204205	0.321841	0.202007	0.380473	0.198075	0.435778	0.192445	0.486845	0.185210	0.533337	0.176524	0.575302	0.166596	0.613023	0.155704	0.646905	0.144194	0.677405	0.132495	0.704985	0.121123	0.730084
532.316770	0.164097	0.103259	0.168547	0.071308	0.173969	0.049399	0.179898	0.040789	0.185875	0.047603	0.191472	0.070248	0.196308	0.107232	0.200060	0.155542	0.202473	0.211366	0.203352	0.270884	0.202567	0.330849	0.200047	0.388859	0.195780	0.443378	0.189807	0.493597	0.182226	0.539246	0.173194	0.580414	0.162928	0.617407	0.151708	0.650636	0.139889	0.680560	0.127907	0.707637	0.116283	0.732300
532.786250	0.163900	0.097561	0.168419	0.067186	0.173854	0.047378	0.179741	0.041236	0.185624	0.050627	0.191078	0.075647	0.195726	0.114538	0.199253	0.164128	0.201409	0.220582	0.202003	0.280163	0.200913	0.339762	0.198071	0.397127	0.193470	0.450852	0.187157	0.500224	0.179232	0.545037	0.169859	0.585418	0.159258	0.621693	0.147717	0.654281	0.135597	0.683639	0.123339	0.710222	0.111473	0.734456
533.255680	0.163709	0.092173	0.168289	0.063465	0.173733	0.045821	0.179574	0.042164	0.185358	0.054088	0.190664	0.081389	0.195122	0.122061	0.198422	0.172801	0.200319	0.229771	0.200629	0.289328	0.199234	0.348507	0.196073	0.405200	0.191141	0.458122	0.184490	0.506651	0.176227	0.550640	0.166518	0.590251	0.155592	0.625826	0.143740	0.657789	0.131331	0.686598	0.118813	0.712701	0.106724	0.736520
533.724910	0.163522	0.087045	0.168160	0.060082	0.173607	0.044653	0.179399	0.043491	0.185080	0.057913	0.190235	0.087416	0.194501	0.129764	0.197572	0.181544	0.199209	0.238934	0.199235	0.298396	0.197536	0.357108	0.194056	0.413106	0.188795	0.465219	0.181810	0.512910	0.173213	0.556086	0.163175	0.594941	0.151930	0.629830	0.139777	0.661183	0.127090	0.689456	0.114325	0.715091	0.102029	0.738504
534.194150	0.163337	0.082173	0.168030	0.057015	0.173477	0.043838	0.179214	0.045169	0.184790	0.062043	0.189792	0.093667	0.193863	0.137595	0.196703	0.190322	0.198080	0.248053	0.197821	0.307364	0.195819	0.365576	0.192022	0.420863	0.186435	0.472164	0.179119	0.519023	0.170192	0.561397	0.159831	0.599507	0.148274	0.633724	0.135828	0.664480	0.122874	0.692227	0.109876	0.717405	0.097388	0.740422
534.663210	0.163157	0.077664	0.167898	0.054400	0.173340	0.043524	0.179017	0.047343	0.184483	0.066602	0.189328	0.100235	0.193201	0.145606	0.195809	0.199144	0.196925	0.257107	0.196382	0.316187	0.194078	0.373851	0.189965	0.428405	0.184056	0.478892	0.176414	0.524926	0.167164	0.566513	0.156486	0.603898	0.144628	0.637460	0.131902	0.667636	0.118696	0.694875	0.105483	0.719610	0.092825	0.742244
535.132200	0.162980	0.073343	0.167767	0.052008	0.173200	0.043449	0.178815	0.049742	0.184168	0.071347	0.188855	0.106931	0.192529	0.153679	0.194904	0.207969	0.195758	0.266116	0.194932	0.324934	0.192326	0.382032	0.187900	0.435845	0.181669	0.485518	0.173704	0.530734	0.164133	0.571542	0.153145	0.608209	0.140990	0.641126	0.127990	0.670730	0.114541	0.697467	0.101122	0.721766	0.088306	0.744022
535.601070	0.162808	0.069499	0.167634	0.050185	0.173053	0.043981	0.178600	0.052717	0.183834	0.076569	0.188358	0.113954	0.191830	0.161915	0.193970	0.216805	0.194562	0.275014	0.193452	0.333488	0.190547	0.389974	0.185810	0.443028	0.179263	0.491888	0.170981	0.536299	0.161099	0.576346	0.149810	0.612318	0.137372	0.644611	0.124115	0.673664	0.110443	0.699919	0.096843	0.723797	0.083896	0.745691
536.069820	0.162638	0.065761	0.167501	0.048482	0.172903	0.044635	0.178381	0.055803	0.183496	0.081876	0.187857	0.121032	0.191126	0.170171	0.193031	0.225631	0.193360	0.283882	0.191967	0.341997	0.188763	0.397864	0.183716	0.450156	0.176854	0.498205	0.168257	0.541815	0.158065	0.581105	0.146478	0.616386	0.133761	0.648060	0.120250	0.676566	0.106359	0.702342	0.092584	0.725804	0.079513	0.747337
536.538510	0.162474	0.062617	0.167367	0.047463	0.172745	0.045991	0.178146	0.059525	0.183136	0.087683	0.187327	0.128426	0.190391	0.178555	0.192058	0.234420	0.192125	0.292586	0.190449	0.350263	0.186948	0.405467	0.181597	0.456986	0.174425	0.504229	0.165521	0.547055	0.155031	0.585613	0.143159	0.620228	0.130180	0.651307	0.116438	0.679289	0.102354	0.704607	0.088433	0.727671	0.075275	0.748859
537.007080	0.162310	0.059486	0.167233	0.046456	0.172586	0.047358	0.177910	0.063258	0.182775	0.093495	0.186798	0.135823	0.189655	0.186938	0.191085	0.243205	0.190890	0.301285	0.188932	0.358521	0.185134	0.413064	0.179478	0.463809	0.171997	0.510247	0.162787	0.552289	0.151997	0.590115	0.139842	0.624064	0.126602	0.654550	0.112629	0.682008	0.098352	0.706869	0.084286	0.729535	0.071041	0.750379
537.475520	0.162153	0.057072	0.167097	0.046241	0.172416	0.049507	0.177656	0.067667	0.182388	0.099808	0.186237	0.143507	0.188885	0.195400	0.190076	0.251895	0.189618	0.309764	0.187379	0.366483	0.183289	0.420327	0.177333	0.470292	0.169552	0.515937	0.160046	0.557218	0.148972	0.594340	0.136551	0.627652	0.123071	0.657572	0.108892	0.684531	0.094455	0.708956	0.080283	0.731245	0.066994	0.751762
537.943850	0.161997	0.054658	0.166960	0.046026	0.172246	0.051654	0.177401	0.072075	0.182001	0.106119	0.185677	0.151189	0.188115	0.203860	0.189067	0.260583	0.188346	0.318241	0.185827	0.374443	0.181445	0.427589	0.175189	0.476774	0.167108	0.521626	0.157306	0.562146	0.145948	0.598564	0.133261	0.631240	0.119540	0.660593	0.105157	0.687054	0.090559	0.711044	0.076281	0.732954	0.062947	0.753144
538.412110	0.161848	0.052905	0.166823	0.046511	0.172068	0.054463	0.177132	0.077029	0.181594	0.112807	0.185092	0.159060	0.187317	0.212335	0.188029	0.269148	0.187046	0.326499	0.184249	0.382130	0.179578	0.434556	0.173028	0.482960	0.164655	0.527034	0.154567	0.566815	0.142938	0.602552	0.130002	0.634617	0.116064	0.663427	0.101501	0.689410	0.086772	0.712984	0.072422	0.734533	0.059086	0.754411
538.880250	0.161700	0.051242	0.166686	0.047091	0.171889	0.057362	0.176860	0.082056	0.181183	0.119545	0.184503	0.166955	0.186516	0.220810	0.186987	0.277694	0.185743	0.334726	0.182668	0.389778	0.177708	0.441481	0.170866	0.489105	0.162202	0.532403	0.151830	0.571447	0.139932	0.606508	0.126749	0.637965	0.112595	0.666235	0.097856	0.691744	0.083001	0.714904	0.068584	0.736094	0.055250	0.755662
539.348330	0.161558	0.050144	0.166548	0.048247	0.171702	0.060782	0.176574	0.087492	0.180755	0.126545	0.183893	0.174958	0.185692	0.229257	0.185922	0.286108	0.184416	0.342754	0.181066	0.397191	0.175822	0.448159	0.168693	0.495008	0.159745	0.537543	0.149100	0.575870	0.136945	0.610275	0.123531	0.641143	0.109179	0.668893	0.094287	0.693945	0.079332	0.716706	0.064879	0.737549	0.051584	0.756819
539.816220	0.161417	0.049239	0.166409	0.049601	0.171513	0.064380	0.176285	0.093067	0.180321	0.133631	0.183276	0.182994	0.184860	0.237690	0.184849	0.294474	0.183083	0.350711	0.179458	0.404522	0.173931	0.454750	0.166517	0.500826	0.157287	0.542603	0.146373	0.580220	0.133965	0.613976	0.120326	0.644263	0.105783	0.671498	0.090745	0.696099	0.075701	0.718466	0.061222	0.738969	0.047977	0.757943
540.284060	0.161280	0.048795	0.166269	0.051407	0.171317	0.068369	0.175984	0.098932	0.179873	0.140887	0.182642	0.191080	0.184009	0.246073	0.183758	0.302715	0.181732	0.358497	0.177834	0.411660	0.172028	0.461145	0.164334	0.506453	0.154830	0.547485	0.143654	0.584406	0.131005	0.617531	0.117153	0.647251	0.102436	0.673986	0.087272	0.698150	0.072159	0.720135	0.057683	0.740305	0.044516	0.758992
540.751830	0.161146	0.048648	0.166127	0.053504	0.171116	0.072612	0.175676	0.104985	0.179415	0.148250	0.181997	0.199196	0.183147	0.254421	0.182654	0.310876	0.180369	0.366174	0.176200	0.418673	0.170118	0.467411	0.162146	0.511956	0.152373	0.552251	0.140941	0.588487	0.128058	0.620990	0.114002	0.650155	0.099121	0.676400	0.083843	0.700134	0.068677	0.721744	0.054219	0.741588	0.041151	0.759994
541.219420	0.161017	0.048853	0.165986	0.055933	0.170912	0.077128	0.175362	0.111226	0.178948	0.155709	0.181342	0.207321	0.182274	0.262708	0.181540	0.318927	0.178996	0.373712	0.174558	0.425537	0.168202	0.473528	0.159959	0.517315	0.149921	0.556885	0.138240	0.592448	0.125132	0.624341	0.110883	0.652963	0.095851	0.678728	0.080476	0.702041	0.065275	0.723284	0.050855	0.742811	0.037909	0.760942
541.686950	0.160892	0.049455	0.165845	0.058737	0.170704	0.081954	0.175040	0.117683	0.178471	0.163278	0.180674	0.215458	0.181388	0.270929	0.180413	0.326856	0.177612	0.381098	0.172907	0.432235	0.166281	0.479477	0.157770	0.522515	0.147474	0.561371	0.135552	0.596274	0.122229	0.627572	0.107800	0.655664	0.092632	0.680960	0.077176	0.703864	0.061961	0.724749	0.047603	0.743966	0.034806	0.761829
542.154360	0.160770	0.050298	0.165703	0.061757	0.170492	0.086950	0.174712	0.124249	0.177986	0.170892	0.179998	0.223582	0.180493	0.279094	0.179278	0.334702	0.176221	0.388385	0.171251	0.438828	0.164356	0.485323	0.155582	0.527617	0.145032	0.565766	0.132875	0.600019	0.119344	0.630730	0.104742	0.658299	0.089448	0.683135	0.073923	0.705634	0.058707	0.726168	0.044426	0.745079	0.031793	0.762678
542.621700	0.160651	0.051628	0.165560	0.065218	0.170273	0.092292	0.174373	0.131037	0.177487	0.178598	0.179306	0.231686	0.179580	0.287150	0.178126	0.342381	0.174814	0.395472	0.169583	0.445211	0.162425	0.490962	0.153394	0.532523	0.142599	0.569981	0.130217	0.603600	0.116491	0.633741	0.101734	0.660803	0.086335	0.685192	0.070763	0.707301	0.055572	0.727494	0.041399	0.746109	0.028964	0.763452
543.088870	0.160534	0.053090	0.165416	0.068794	0.170053	0.097718	0.174031	0.137874	0.176985	0.186319	0.178610	0.239773	0.178664	0.295169	0.176970	0.350008	0.173405	0.402501	0.167914	0.451533	0.160494	0.496542	0.151207	0.537374	0.140170	0.574146	0.127568	0.607136	0.113651	0.636711	0.098743	0.663271	0.083244	0.687218	0.067633	0.708939	0.052475	0.728794	0.038418	0.747115	0.026189	0.764205
543.555970	0.160423	0.055121	0.165271	0.072863	0.169826	0.103512	0.173677	0.144927	0.176467	0.194107	0.177897	0.247802	0.177731	0.303036	0.175798	0.357425	0.171982	0.409291	0.166234	0.457609	0.158560	0.501882	0.149026	0.542001	0.137759	0.578105	0.124949	0.610486	0.110859	0.639515	0.095821	0.665591	0.080246	0.689111	0.064625	0.710459	0.049534	0.729988	0.035629	0.748026	0.023647	0.764871
544.023010	0.160313	0.057185	0.165127	0.076959	0.169598	0.109324	0.173323	0.151989	0.175949	0.201895	0.177183	0.255824	0.176797	0.310891	0.174624	0.364828	0.170558	0.416066	0.164555	0.463670	0.156627	0.507208	0.146846	0.546614	0.135348	0.582051	0.122333	0.613825	0.108071	0.642309	0.092904	0.667902	0.077254	0.690997	0.061626	0.711971	0.046602	0.731176	0.032852	0.748931	0.021119	0.765532
544.489870	0.160208	0.059880	0.164980	0.081577	0.169362	0.115502	0.172954	0.159241	0.175412	0.209708	0.176448	0.263738	0.175842	0.318544	0.173432	0.371973	0.169120	0.422558	0.162867	0.469444	0.154692	0.512258	0.144677	0.550970	0.132963	0.585763	0.119759	0.616954	0.105346	0.644915	0.090076	0.670044	0.074383	0.692731	0.058780	0.713349	0.043864	0.732241	0.030311	0.749726	0.018875	0.766092
544.956670	0.160104	0.062574	0.164834	0.086194	0.169125	0.121680	0.172586	0.166492	0.174875	0.217520	0.175714	0.271651	0.174887	0.326197	0.172241	0.379117	0.167681	0.429048	0.161179	0.475217	0.152759	0.517308	0.142507	0.555326	0.130577	0.589475	0.117186	0.620082	0.102621	0.647520	0.087248	0.672186	0.071512	0.694466	0.055935	0.714726	0.041126	0.733307	0.027771	0.750521	0.016630	0.766653
545.423400	0.160007	0.065833	0.164687	0.091258	0.168882	0.128147	0.172207	0.173870	0.174324	0.225313	0.174964	0.279431	0.173916	0.333641	0.171036	0.386010	0.166235	0.435272	0.159488	0.480726	0.150830	0.522107	0.140355	0.559449	0.128223	0.592977	0.114661	0.623020	0.099967	0.649956	0.084516	0.674176	0.068765	0.696065	0.053248	0.715982	0.038584	0.734263	0.025467	0.751216	0.014664	0.767122
545.889950	0.159911	0.069148	0.164540	0.096364	0.168639	0.134641	0.171826	0.181257	0.173772	0.233101	0.174212	0.287196	0.172945	0.341061	0.169830	0.392876	0.164787	0.441467	0.157798	0.486205	0.148904	0.526878	0.138206	0.563547	0.125873	0.596455	0.112142	0.625937	0.097321	0.652373	0.081795	0.676150	0.066032	0.697649	0.050578	0.717224	0.036062	0.735207	0.023188	0.751901	0.012728	0.767582
546.356450	0.159819	0.072902	0.164392	0.101801	0.168390	0.141333	0.171435	0.188712	0.173207	0.240843	0.173448	0.294830	0.171961	0.348297	0.168614	0.399529	0.163333	0.447441	0.156106	0.491470	0.146983	0.531445	0.136073	0.567459	0.123552	0.599764	0.109668	0.628702	0.094738	0.654653	0.079159	0.678002	0.063409	0.699123	0.048047	0.718367	0.033710	0.736061	0.021112	0.752503	0.011031	0.767966
546.822810	0.159728	0.076791	0.164243	0.107339	0.168138	0.148085	0.171042	0.196185	0.172639	0.248569	0.172679	0.302422	0.170973	0.355476	0.167394	0.406116	0.161876	0.453346	0.154415	0.496667	0.145065	0.535949	0.133945	0.571311	0.121241	0.603019	0.107208	0.631420	0.092175	0.656891	0.076549	0.679816	0.060821	0.700563	0.045560	0.719479	0.031412	0.736887	0.019100	0.753079	0.009408	0.768326
547.289060	0.159642	0.081004	0.164094	0.113105	0.167882	0.154958	0.170641	0.203678	0.172062	0.256234	0.171901	0.309894	0.169977	0.362497	0.166168	0.412530	0.160417	0.459074	0.152726	0.501693	0.143156	0.540293	0.131836	0.575018	0.118958	0.606143	0.104789	0.634018	0.089669	0.659022	0.074015	0.681534	0.058329	0.701917	0.043192	0.720514	0.029259	0.737642	0.017260	0.753591	0.007983	0.768627
547.755250	0.159559	0.085416	0.163945	0.119011	0.167623	0.161905	0.170235	0.211185	0.171479	0.263861	0.171117	0.317292	0.168975	0.369423	0.164939	0.418837	0.158957	0.464694	0.151038	0.506614	0.141252	0.544540	0.129737	0.578635	0.116693	0.609186	0.102396	0.636545	0.087197	0.661089	0.071527	0.683194	0.055896	0.703219	0.040896	0.721502	0.027194	0.738354	0.015524	0.754063	0.006679	0.768891
548.221310	0.159478	0.090048	0.163794	0.125063	0.167360	0.168918	0.169824	0.218685	0.170890	0.271424	0.170327	0.324588	0.167968	0.376225	0.163705	0.425011	0.157495	0.470182	0.149354	0.511408	0.139358	0.548669	0.127654	0.582144	0.114453	0.612131	0.100038	0.638984	0.084774	0.663077	0.069101	0.684783	0.053541	0.704457	0.038696	0.722431	0.025243	0.739013	0.013922	0.754486	0.005529	0.769110
548.687260	0.159400	0.094925	0.163642	0.131275	0.167094	0.176004	0.169406	0.226177	0.170293	0.278918	0.169529	0.331772	0.166954	0.382890	0.162468	0.431038	0.156033	0.475522	0.147672	0.516062	0.137474	0.552667	0.125589	0.585535	0.112239	0.614969	0.097719	0.641326	0.082403	0.664979	0.066742	0.686294	0.051271	0.705625	0.036601	0.723297	0.023418	0.739614	0.012468	0.754856	0.004548	0.769279
549.153140	0.159323	0.099937	0.163490	0.137569	0.166825	0.183119	0.168986	0.233653	0.169693	0.286360	0.168728	0.338882	0.165938	0.389468	0.161229	0.436975	0.154571	0.480774	0.145996	0.520632	0.135598	0.556588	0.123537	0.588855	0.110045	0.617744	0.095426	0.643611	0.080067	0.666829	0.064429	0.687760	0.049057	0.706751	0.034575	0.724124	0.021674	0.740179	0.011108	0.755193	0.003674	0.769418
549.618900	0.159252	0.105225	0.163339	0.144031	0.166553	0.190292	0.168560	0.241095	0.169085	0.293697	0.167920	0.345840	0.164916	0.395871	0.159987	0.442728	0.153112	0.485844	0.144328	0.525030	0.133738	0.560350	0.121511	0.592031	0.107890	0.620388	0.093188	0.645780	0.077803	0.668574	0.062207	0.689130	0.046959	0.707791	0.032688	0.724874	0.020096	0.740674	0.009940	0.755464	0.003017	0.769495
550.084530	0.159181	0.110576	0.163187	0.150526	0.166279	0.197472	0.168132	0.248519	0.168476	0.301001	0.167109	0.352755	0.163892	0.402225	0.158745	0.448430	0.151654	0.490866	0.142663	0.529383	0.131883	0.564071	0.119494	0.595169	0.105747	0.622998	0.090966	0.647917	0.075560	0.670292	0.060013	0.690476	0.044893	0.708808	0.030841	0.725602	0.018564	0.741149	0.008824	0.755717	0.002419	0.769555
550.550050	0.159115	0.116218	0.163033	0.157181	0.166001	0.204686	0.167695	0.255874	0.167857	0.308159	0.166290	0.359477	0.162862	0.408363	0.157501	0.453912	0.150199	0.495673	0.141009	0.533534	0.130052	0.567606	0.117513	0.598138	0.103656	0.625456	0.088815	0.649919	0.073409	0.671886	0.057936	0.691711	0.042972	0.709724	0.029168	0.726238	0.017237	0.741538	0.007944	0.755890	0.002085	0.769540
551.015500	0.159049	0.121868	0.162880	0.163839	0.165722	0.211898	0.167258	0.263223	0.167238	0.315310	0.165471	0.366191	0.161833	0.414492	0.156258	0.459384	0.148745	0.500471	0.139357	0.537676	0.128221	0.571132	0.115534	0.601100	0.101567	0.627908	0.086667	0.651914	0.071263	0.673475	0.055865	0.692941	0.041058	0.710637	0.027503	0.726869	0.015919	0.741924	0.007074	0.756060	0.001762	0.769523
551.480830	0.158988	0.127807	0.162726	0.170635	0.165437	0.219109	0.166814	0.270461	0.166610	0.322273	0.164645	0.372671	0.160799	0.420367	0.155015	0.464601	0.147300	0.505023	0.137723	0.541589	0.126422	0.574449	0.113602	0.603872	0.099545	0.630189	0.084610	0.653755	0.069234	0.674925	0.053939	0.694044	0.039322	0.711433	0.026049	0.727395	0.014847	0.742210	0.006483	0.756137	0.001748	0.769418
551.946040	0.158928	0.133744	0.162572	0.177428	0.165153	0.226318	0.166370	0.277698	0.165983	0.329235	0.163819	0.379150	0.159765	0.426242	0.153772	0.469816	0.145855	0.509574	0.136089	0.545501	0.124624	0.577764	0.111671	0.606643	0.097524	0.632469	0.082553	0.655595	0.067204	0.676375	0.052013	0.695146	0.037585	0.712229	0.024596	0.727920	0.013774	0.742497	0.005892	0.756215	0.001734	0.769313
552.411190	0.158872	0.139899	0.162417	0.184304	0.164864	0.233493	0.165918	0.284811	0.165348	0.336012	0.162986	0.385411	0.158728	0.431886	0.152532	0.474804	0.144419	0.513909	0.134476	0.549212	0.122857	0.580897	0.109788	0.609247	0.095569	0.634598	0.080582	0.657299	0.065286	0.677701	0.050226	0.696137	0.036016	0.712922	0.023339	0.728351	0.012928	0.742695	0.005554	0.756209	0.001998	0.769129
552.876220	0.158817	0.146081	0.162262	0.191190	0.164574	0.240663	0.165465	0.291906	0.164712	0.342765	0.162153	0.391643	0.157691	0.437500	0.151293	0.479761	0.142986	0.518214	0.132866	0.552896	0.121096	0.584004	0.107911	0.611830	0.093623	0.636708	0.078623	0.658986	0.063384	0.679011	0.048457	0.697113	0.034468	0.713602	0.022108	0.728769	0.012112	0.742881	0.005251	0.756192	0.002299	0.768935
553.341130	0.158765	0.152404	0.162107	0.198112	0.164282	0.247780	0.165009	0.298884	0.164072	0.349357	0.161317	0.397694	0.156655	0.442926	0.150059	0.484534	0.141564	0.522346	0.131276	0.556419	0.119366	0.586965	0.106079	0.614280	0.091736	0.638697	0.076742	0.660565	0.061578	0.680224	0.046807	0.698000	0.033063	0.714200	0.021042	0.729110	0.011485	0.742996	0.005156	0.756108	0.002826	0.768676
553.805910	0.158716	0.158777	0.161953	0.205046	0.163988	0.254876	0.164551	0.305817	0.163431	0.355891	0.160480	0.403678	0.155619	0.448282	0.148827	0.489241	0.140147	0.526413	0.129694	0.559884	0.117647	0.589874	0.104263	0.616681	0.089872	0.640643	0.074889	0.662104	0.059807	0.681401	0.045200	0.698854	0.031709	0.714768	0.020038	0.729423	0.010925	0.743085	0.005138	0.755999	0.003435	0.768394
554.270630	0.158668	0.165233	0.161797	0.211984	0.163693	0.261914	0.164090	0.312646	0.162786	0.362293	0.159642	0.409518	0.154584	0.453492	0.147599	0.493805	0.138740	0.530348	0.128129	0.563226	0.115954	0.592670	0.102483	0.618982	0.088056	0.642498	0.073099	0.663561	0.058116	0.682502	0.043690	0.699639	0.030470	0.715271	0.019165	0.729677	0.010515	0.743117	0.005282	0.755836	0.004218	0.768060
554.735230	0.158623	0.171749	0.161641	0.218925	0.163395	0.268909	0.163626	0.319400	0.162139	0.368600	0.158802	0.415253	0.153549	0.458597	0.146375	0.498266	0.137341	0.534187	0.126577	0.566480	0.114281	0.595385	0.100730	0.621210	0.086276	0.644288	0.071356	0.664958	0.056483	0.683548	0.042249	0.700374	0.029314	0.715728	0.018386	0.729888	0.010212	0.743109	0.005544	0.755634	0.005126	0.767689
555.199770	0.158579	0.178307	0.161484	0.225855	0.163095	0.275850	0.163159	0.326071	0.161490	0.374809	0.157962	0.420883	0.152517	0.463596	0.145156	0.502627	0.135951	0.537931	0.125040	0.569646	0.112629	0.598022	0.099006	0.623367	0.084535	0.646013	0.069661	0.666296	0.054910	0.684541	0.040881	0.701059	0.028243	0.716139	0.017706	0.730055	0.010017	0.743059	0.005924	0.755393	0.006159	0.767281
555.664120	0.158538	0.184919	0.161328	0.232766	0.162793	0.282717	0.162690	0.332632	0.160838	0.380884	0.157121	0.426371	0.151486	0.468453	0.143944	0.506852	0.134574	0.541549	0.123522	0.572697	0.111006	0.600554	0.097322	0.625427	0.082845	0.647650	0.068032	0.667555	0.053417	0.685463	0.039611	0.701678	0.027285	0.716489	0.017155	0.730165	0.009967	0.742955	0.006460	0.755100	0.007357	0.766822
556.128420	0.158498	0.191547	0.161171	0.239662	0.162490	0.289544	0.162219	0.339136	0.160185	0.386894	0.156280	0.431792	0.150457	0.473244	0.142736	0.511014	0.133204	0.545108	0.122015	0.575694	0.109397	0.603037	0.095657	0.627444	0.081181	0.649248	0.066435	0.668778	0.051964	0.686350	0.038388	0.702266	0.026383	0.716810	0.016668	0.730247	0.009985	0.742825	0.007070	0.754782	0.008631	0.766339
556.592590	0.158462	0.198214	0.161014	0.246514	0.162186	0.296265	0.161747	0.345493	0.159532	0.392736	0.155441	0.437036	0.149433	0.477861	0.141539	0.515010	0.131852	0.548514	0.120535	0.578551	0.107829	0.605392	0.094047	0.629345	0.079586	0.650741	0.064925	0.669905	0.050618	0.687151	0.037291	0.702774	0.025625	0.717055	0.016345	0.730258	0.010185	0.742628	0.007874	0.754399	0.010107	0.765792
557.056700	0.158426	0.204883	0.160858	0.253354	0.161881	0.302965	0.161274	0.351824	0.158879	0.398549	0.154602	0.442250	0.148411	0.482449	0.140345	0.518979	0.130503	0.551894	0.119061	0.581385	0.106267	0.607726	0.092445	0.631228	0.078004	0.652217	0.063431	0.671017	0.049290	0.687936	0.036215	0.703268	0.024893	0.717288	0.016049	0.730256	0.010414	0.742418	0.008710	0.754004	0.011615	0.765234
557.520690	0.158393	0.211567	0.160700	0.260118	0.161574	0.309522	0.160798	0.357970	0.158224	0.404156	0.153764	0.447254	0.147396	0.486831	0.139164	0.522754	0.129179	0.555095	0.117623	0.584055	0.104756	0.609911	0.090911	0.632975	0.076508	0.653570	0.062044	0.672016	0.048092	0.688618	0.035293	0.703665	0.024337	0.717430	0.015950	0.730169	0.010858	0.742126	0.009772	0.753529	0.013355	0.764599
557.984560	0.158360	0.218249	0.160543	0.266879	0.161266	0.316078	0.160323	0.364114	0.157570	0.409761	0.152927	0.452256	0.146381	0.491212	0.137984	0.526528	0.127855	0.558295	0.116186	0.586724	0.103244	0.612095	0.089377	0.634722	0.075013	0.654923	0.060657	0.673015	0.046894	0.689299	0.034371	0.704062	0.023781	0.717571	0.015851	0.730082	0.011302	0.741834	0.010834	0.753055	0.015095	0.763963
558.448300	0.158331	0.224915	0.160386	0.273534	0.160957	0.322463	0.159845	0.370051	0.156915	0.415142	0.152094	0.457031	0.145376	0.495374	0.136823	0.530097	0.126561	0.561306	0.114792	0.589220	0.101793	0.614123	0.087921	0.636325	0.073615	0.656145	0.059392	0.673894	0.045842	0.689870	0.033619	0.704356	0.023420	0.717615	0.015967	0.729901	0.011976	0.741451	0.012136	0.752493	0.017078	0.763242
558.911990	0.158302	0.231580	0.160229	0.280184	0.160648	0.328841	0.159368	0.375979	0.156260	0.420514	0.151261	0.461798	0.144373	0.499529	0.135662	0.533658	0.125267	0.564310	0.113399	0.591710	0.100343	0.616144	0.086469	0.637924	0.072222	0.657363	0.058131	0.674770	0.044795	0.690437	0.032873	0.704646	0.023064	0.717656	0.016090	0.729718	0.012659	0.741066	0.013446	0.751927	0.019068	0.762517
559.375550	0.158276	0.238206	0.160071	0.286727	0.160337	0.335067	0.158889	0.381729	0.155606	0.425698	0.150433	0.466378	0.143379	0.503504	0.134519	0.537053	0.124001	0.567160	0.112045	0.594060	0.098946	0.618039	0.085083	0.639406	0.070913	0.658474	0.056975	0.675547	0.043872	0.690913	0.032270	0.704850	0.022870	0.717616	0.016389	0.729456	0.013528	0.740605	0.014950	0.751288	0.021251	0.761720
559.838990	0.158250	0.244822	0.159913	0.293245	0.160025	0.341256	0.158409	0.387437	0.154952	0.430838	0.149606	0.470913	0.142387	0.507437	0.133381	0.540407	0.122742	0.569974	0.110699	0.596376	0.097561	0.619903	0.083714	0.640861	0.069625	0.659561	0.055842	0.676301	0.042978	0.691368	0.031701	0.705034	0.022714	0.717556	0.016730	0.729175	0.014442	0.740126	0.016498	0.750631	0.023477	0.760906
560.302370	0.158227	0.251391	0.159755	0.299666	0.159714	0.347318	0.157930	0.393001	0.154300	0.435828	0.148784	0.475303	0.141406	0.511231	0.132258	0.543633	0.121506	0.572669	0.109388	0.598585	0.096221	0.621669	0.082402	0.642227	0.068408	0.660565	0.054796	0.676979	0.042185	0.691752	0.031247	0.705151	0.022686	0.717432	0.017209	0.728833	0.015501	0.739587	0.018194	0.749915	0.025848	0.760032
560.765630	0.158205	0.257932	0.159598	0.306036	0.159402	0.353312	0.157451	0.398488	0.153650	0.440739	0.147965	0.479615	0.140430	0.514952	0.131144	0.546790	0.120284	0.575302	0.108094	0.600736	0.094904	0.623382	0.081120	0.643544	0.067229	0.661524	0.053796	0.677616	0.041446	0.692097	0.030855	0.705233	0.022727	0.717274	0.017762	0.728459	0.016637	0.739016	0.019968	0.749167	0.028296	0.759128
561.228760	0.158184	0.264425	0.159441	0.312323	0.159089	0.359204	0.156972	0.403865	0.153001	0.445538	0.147151	0.483817	0.139462	0.518569	0.130044	0.549852	0.119080	0.577847	0.106827	0.602807	0.093622	0.625023	0.079883	0.644795	0.066105	0.662423	0.052861	0.678196	0.040783	0.692389	0.030550	0.705263	0.022862	0.717067	0.018417	0.728036	0.017879	0.738398	0.021848	0.748374	0.030844	0.758177
561.691830	0.158164	0.270868	0.159283	0.318529	0.158776	0.364994	0.156493	0.409129	0.152354	0.450223	0.146340	0.487908	0.138501	0.522082	0.128956	0.552816	0.117895	0.580303	0.105587	0.604797	0.092376	0.626590	0.078691	0.645979	0.065037	0.663259	0.051994	0.678718	0.040199	0.692626	0.030333	0.705241	0.023096	0.716810	0.019177	0.727565	0.019229	0.737733	0.023835	0.747533	0.033495	0.757179
562.154720	0.158144	0.277270	0.159126	0.324674	0.158462	0.370713	0.156015	0.414318	0.151709	0.454832	0.145534	0.491928	0.137548	0.525527	0.127878	0.555719	0.116725	0.582702	0.104366	0.606736	0.091154	0.628110	0.077530	0.647118	0.064007	0.664056	0.051171	0.679202	0.039667	0.692828	0.030175	0.705186	0.023393	0.716521	0.020004	0.727063	0.020646	0.737036	0.025888	0.746661	0.036208	0.756150
562.617550	0.158128	0.283595	0.158969	0.330705	0.158150	0.376297	0.155538	0.419363	0.151067	0.459296	0.144735	0.495807	0.136608	0.528840	0.126821	0.558499	0.115584	0.584990	0.103183	0.608572	0.089983	0.629536	0.076432	0.648173	0.063053	0.664773	0.050438	0.679613	0.039238	0.692961	0.030132	0.705065	0.023816	0.716167	0.020963	0.726497	0.022199	0.736278	0.028076	0.745727	0.039047	0.755060
563.080320	0.158111	0.289896	0.158812	0.336704	0.157837	0.381843	0.155062	0.424369	0.150427	0.463722	0.143938	0.499650	0.135671	0.532120	0.125769	0.561249	0.114449	0.587249	0.102010	0.610383	0.088825	0.630938	0.075350	0.649205	0.062118	0.665469	0.049729	0.680005	0.038835	0.693075	0.030119	0.704927	0.024271	0.715797	0.021956	0.725915	0.023786	0.735503	0.030295	0.744777	0.041916	0.753953
563.542910	0.158097	0.296085	0.158654	0.342552	0.157523	0.387216	0.154586	0.429194	0.149791	0.467969	0.143152	0.503322	0.134751	0.535239	0.124742	0.563850	0.113351	0.589372	0.100885	0.612070	0.087729	0.632227	0.074346	0.650133	0.061279	0.666069	0.049132	0.680306	0.038561	0.693103	0.030248	0.704705	0.024878	0.715346	0.023107	0.725255	0.025532	0.734650	0.032668	0.743749	0.044926	0.752767
564.005430	0.158082	0.302271	0.158497	0.348396	0.157210	0.392587	0.154111	0.434015	0.149156	0.472213	0.142365	0.506991	0.133831	0.538355	0.123715	0.566450	0.112254	0.591494	0.099762	0.613755	0.086634	0.633515	0.073344	0.651059	0.060441	0.666668	0.048536	0.680606	0.038288	0.693130	0.030378	0.704482	0.025487	0.714895	0.024261	0.724593	0.027281	0.733796	0.035042	0.742720	0.047937	0.751580
564.467900	0.158069	0.308312	0.158340	0.354056	0.156898	0.397751	0.153639	0.438625	0.148527	0.476250	0.141592	0.510463	0.132933	0.541289	0.122721	0.568880	0.111202	0.593461	0.098698	0.615298	0.085616	0.634672	0.072437	0.651866	0.059717	0.667153	0.048073	0.680800	0.038165	0.693055	0.030675	0.704161	0.026273	0.714347	0.025596	0.723836	0.029209	0.732846	0.037588	0.741595	0.051102	0.750296
564.930180	0.158056	0.314350	0.158184	0.359713	0.156585	0.402913	0.153166	0.443233	0.147898	0.480285	0.140819	0.513933	0.132036	0.544221	0.121728	0.571310	0.110150	0.595428	0.097636	0.616841	0.084599	0.635828	0.071530	0.652671	0.058993	0.667639	0.047610	0.680993	0.038043	0.692980	0.030971	0.703840	0.027059	0.713799	0.026931	0.723079	0.031137	0.731897	0.040133	0.740470	0.054265	0.749012
565.392400	0.158045	0.320253	0.158027	0.365206	0.156274	0.407898	0.152698	0.447662	0.147277	0.484146	0.140059	0.517239	0.131159	0.547001	0.120765	0.573599	0.109139	0.597266	0.096627	0.618266	0.083650	0.636876	0.070707	0.653376	0.058369	0.668030	0.047262	0.681097	0.038050	0.692820	0.031407	0.703436	0.027992	0.713169	0.028415	0.722241	0.033209	0.730866	0.042811	0.739262	0.057546	0.747644
565.854490	0.158033	0.326130	0.157871	0.370668	0.155963	0.412851	0.152230	0.452058	0.146658	0.487975	0.139302	0.520515	0.130286	0.549753	0.119807	0.575863	0.108136	0.599080	0.095628	0.619669	0.082713	0.637905	0.069898	0.654062	0.057763	0.668404	0.046935	0.681184	0.038079	0.692644	0.031868	0.703017	0.028950	0.712525	0.029925	0.721388	0.035307	0.729821	0.045513	0.738041	0.060847	0.746261
566.316530	0.158024	0.331892	0.157716	0.375997	0.155654	0.417661	0.151766	0.456313	0.146046	0.491668	0.138557	0.523664	0.129431	0.552387	0.118874	0.578018	0.107168	0.600794	0.094674	0.620981	0.081832	0.638849	0.069159	0.654670	0.057237	0.668704	0.046700	0.681201	0.038210	0.692400	0.032438	0.702531	0.030022	0.711815	0.031548	0.720470	0.037513	0.728709	0.048314	0.736751	0.064231	0.744809
566.778380	0.158015	0.337599	0.157561	0.381262	0.155345	0.422406	0.151303	0.460501	0.145437	0.495298	0.137818	0.526753	0.128585	0.554965	0.117954	0.580122	0.106216	0.602463	0.093741	0.622249	0.080978	0.639753	0.068452	0.655241	0.056748	0.668969	0.046507	0.681185	0.038388	0.692124	0.033058	0.702014	0.031147	0.711074	0.033222	0.719520	0.039769	0.727567	0.051159	0.735430	0.067652	0.743326
567.240170	0.158007	0.343215	0.157407	0.386425	0.155038	0.427043	0.150843	0.464584	0.144833	0.498826	0.137087	0.529747	0.127753	0.557456	0.117054	0.582146	0.105291	0.604057	0.092842	0.623450	0.080167	0.640594	0.067796	0.655753	0.056321	0.669178	0.046383	0.681115	0.038642	0.691797	0.033759	0.701446	0.032353	0.710283	0.034978	0.718520	0.042100	0.726373	0.054071	0.734056	0.071129	0.741788
567.701900	0.157998	0.348747	0.157253	0.391492	0.154731	0.431582	0.150385	0.468569	0.144235	0.502262	0.136365	0.532654	0.126934	0.559867	0.116172	0.584095	0.104390	0.605583	0.091976	0.624588	0.079397	0.641377	0.067188	0.656210	0.055949	0.669336	0.046322	0.680996	0.038966	0.691421	0.034534	0.700831	0.033635	0.709444	0.036809	0.717473	0.044502	0.725131	0.057045	0.732633	0.074656	0.740199
568.163450	0.157991	0.354213	0.157098	0.396487	0.154425	0.436047	0.149930	0.472483	0.143640	0.505630	0.135650	0.535498	0.126125	0.562219	0.115305	0.585991	0.103509	0.607060	0.091135	0.625681	0.078656	0.642118	0.066616	0.656627	0.055619	0.669456	0.046308	0.680841	0.039340	0.691010	0.035361	0.700181	0.034970	0.708571	0.038691	0.716391	0.046950	0.723853	0.060059	0.731173	0.078214	0.738572
568.624940	0.157984	0.359562	0.156944	0.401355	0.154121	0.440382	0.149479	0.476270	0.143054	0.508876	0.134947	0.538229	0.125334	0.564466	0.114464	0.587791	0.102663	0.608448	0.090337	0.626692	0.077969	0.642782	0.066109	0.656973	0.055363	0.669508	0.046378	0.680620	0.039806	0.690534	0.036285	0.699468	0.036403	0.707634	0.040666	0.715244	0.049484	0.722509	0.063148	0.729646	0.081830	0.736876
569.086300	0.157977	0.364875	0.156790	0.406184	0.153816	0.444679	0.149029	0.480019	0.142470	0.512088	0.134248	0.540928	0.124550	0.566683	0.113630	0.589564	0.101827	0.609811	0.089553	0.627679	0.077298	0.643425	0.065621	0.657298	0.055130	0.669540	0.046472	0.680380	0.040297	0.690040	0.037236	0.698736	0.037862	0.706679	0.042667	0.714079	0.052041	0.721146	0.066255	0.728099	0.085459	0.735160
569.547610	0.157970	0.370038	0.156637	0.410853	0.153514	0.448813	0.148584	0.483611	0.141895	0.515152	0.133566	0.543488	0.123790	0.568773	0.112831	0.591218	0.101035	0.611065	0.088825	0.628566	0.076697	0.643973	0.065215	0.657534	0.054991	0.669487	0.046670	0.680057	0.040900	0.689466	0.038302	0.697924	0.039436	0.705643	0.044778	0.712831	0.054697	0.719699	0.069444	0.726465	0.089150	0.733353
570.008730	0.157963	0.375195	0.156483	0.415517	0.153212	0.452943	0.148139	0.487198	0.141321	0.518211	0.132885	0.546044	0.123030	0.570860	0.112033	0.592870	0.100245	0.612316	0.088099	0.629450	0.076097	0.644519	0.064810	0.657768	0.054854	0.669432	0.046871	0.679733	0.041506	0.688889	0.039371	0.697110	0.041012	0.704605	0.046890	0.711581	0.057354	0.718251	0.072633	0.724830	0.092841	0.731545
570.469850	0.157957	0.380171	0.156332	0.419989	0.152915	0.456882	0.147703	0.490603	0.140762	0.521097	0.132225	0.548440	0.122303	0.572798	0.111277	0.594385	0.099511	0.613442	0.087442	0.630216	0.075583	0.644955	0.064505	0.657898	0.054829	0.669277	0.047196	0.679311	0.042243	0.688216	0.040574	0.696200	0.042720	0.703469	0.049125	0.710232	0.060119	0.716699	0.075909	0.723087	0.096591	0.729625
570.930790	0.157952	0.385144	0.156181	0.424460	0.152618	0.460821	0.147267	0.494007	0.140202	0.523983	0.131566	0.550835	0.121576	0.574736	0.110522	0.595901	0.098777	0.614568	0.086786	0.630983	0.075069	0.645392	0.064201	0.658028	0.054805	0.669121	0.047521	0.678889	0.042980	0.687543	0.041776	0.695290	0.044428	0.702334	0.051360	0.708884	0.062882	0.715148	0.079183	0.721346	0.100339	0.727706
571.391660	0.157947	0.389958	0.156030	0.428766	0.152324	0.464597	0.146838	0.497255	0.139655	0.526723	0.130927	0.553096	0.120877	0.576549	0.109805	0.597300	0.098092	0.615586	0.086192	0.631650	0.074628	0.645733	0.063981	0.658068	0.054876	0.668879	0.047950	0.678382	0.043827	0.686786	0.043089	0.694294	0.046242	0.701113	0.053691	0.707446	0.065728	0.713505	0.082521	0.719508	0.104128	0.725687
571.852360	0.157942	0.394742	0.155880	0.433041	0.152030	0.468343	0.146410	0.500475	0.139111	0.529436	0.130291	0.555332	0.120182	0.578340	0.109096	0.598679	0.097417	0.616585	0.085608	0.632299	0.074199	0.646058	0.063777	0.658092	0.054965	0.668622	0.048397	0.677860	0.044693	0.686013	0.044421	0.693285	0.048074	0.699876	0.056039	0.705993	0.068588	0.711846	0.085869	0.717655	0.107922	0.723651
572.313050	0.157936	0.399399	0.155731	0.437187	0.151739	0.471962	0.145988	0.503575	0.138576	0.532037	0.129671	0.557463	0.119511	0.580034	0.108416	0.599968	0.096780	0.617501	0.085073	0.632870	0.073829	0.646309	0.063640	0.658045	0.055128	0.668295	0.048925	0.677270	0.045642	0.685173	0.045837	0.692206	0.049986	0.698569	0.058458	0.704467	0.071505	0.710111	0.089259	0.715722	0.111740	0.721531
572.773560	0.157931	0.403994	0.155581	0.441271	0.151449	0.475520	0.145570	0.506616	0.138047	0.534584	0.129058	0.559544	0.118851	0.581682	0.107752	0.601215	0.096163	0.618377	0.084562	0.633404	0.073487	0.646525	0.063535	0.657965	0.055326	0.667936	0.049491	0.676648	0.046631	0.684301	0.047292	0.691095	0.051934	0.697230	0.060909	0.702908	0.074449	0.708342	0.092668	0.713752	0.115567	0.719374
573.234010	0.157925	0.408493	0.155432	0.445259	0.151162	0.478986	0.145156	0.509570	0.137526	0.537048	0.128458	0.561549	0.118208	0.583259	0.107111	0.602397	0.095575	0.619193	0.084087	0.633880	0.073189	0.646686	0.063479	0.657831	0.055580	0.667526	0.050115	0.675975	0.047679	0.683378	0.048805	0.689932	0.053937	0.695836	0.063407	0.701293	0.077431	0.706514	0.096101	0.711722	0.119405	0.717152
573.694340	0.157919	0.412901	0.155284	0.449154	0.150876	0.482362	0.144746	0.512439	0.137014	0.539433	0.127870	0.563480	0.117582	0.584768	0.106493	0.603515	0.095017	0.619949	0.083647	0.634301	0.072932	0.646795	0.063472	0.657647	0.055886	0.667066	0.050796	0.675253	0.048785	0.682405	0.050375	0.688719	0.055992	0.694391	0.065951	0.699625	0.080448	0.704631	0.099558	0.709633	0.123253	0.714869
574.154600	0.157913	0.417245	0.155136	0.452987	0.150592	0.485677	0.144340	0.515252	0.136507	0.541766	0.127292	0.565362	0.116970	0.586232	0.105891	0.604592	0.094480	0.620667	0.083232	0.634686	0.072705	0.646868	0.063497	0.657428	0.056229	0.666572	0.051514	0.674497	0.049929	0.681399	0.051981	0.687471	0.058079	0.692911	0.068522	0.697920	0.083486	0.702709	0.103028	0.707503	0.127104	0.712543
574.614690	0.157908	0.421466	0.154991	0.456696	0.150313	0.488875	0.143942	0.517952	0.136012	0.543995	0.126731	0.567149	0.116382	0.587608	0.105322	0.605586	0.093983	0.621308	0.082867	0.634997	0.072535	0.646873	0.063587	0.657143	0.056641	0.666013	0.052306	0.673676	0.051148	0.680327	0.053658	0.686157	0.060232	0.691362	0.071148	0.696142	0.086564	0.700711	0.106521	0.705294	0.130959	0.710132
575.074710	0.157903	0.425656	0.154845	0.460376	0.150034	0.492044	0.143545	0.520626	0.135520	0.546199	0.126175	0.568913	0.115800	0.588962	0.104760	0.606560	0.093495	0.621929	0.082513	0.635291	0.072378	0.646860	0.063692	0.656841	0.057071	0.665437	0.053116	0.672838	0.052383	0.679238	0.055351	0.684825	0.062398	0.689794	0.073785	0.694347	0.089650	0.698694	0.110018	0.703063	0.134814	0.707699
575.534670	0.157895	0.429691	0.154700	0.463904	0.149759	0.495068	0.143157	0.523163	0.135043	0.548276	0.125640	0.570559	0.115248	0.590206	0.104238	0.607431	0.093058	0.622455	0.082220	0.635493	0.072291	0.646758	0.063876	0.656453	0.057585	0.664776	0.054014	0.671915	0.053707	0.678062	0.057128	0.683404	0.064639	0.688134	0.076483	0.692454	0.092779	0.696575	0.113537	0.700726	0.138668	0.705153
575.994450	0.157888	0.433725	0.154554	0.467430	0.149484	0.498091	0.142769	0.525699	0.134566	0.550351	0.125105	0.572203	0.114696	0.591450	0.103716	0.608302	0.092620	0.622980	0.081927	0.635696	0.072205	0.646657	0.064060	0.656066	0.058099	0.664115	0.054911	0.670993	0.055030	0.676887	0.058905	0.681984	0.066879	0.686475	0.079179	0.690562	0.095907	0.694457	0.117055	0.698389	0.142520	0.702607
576.454160	0.157882	0.437583	0.154411	0.470784	0.149216	0.500949	0.142392	0.528082	0.134107	0.552283	0.124599	0.573714	0.114182	0.592570	0.103244	0.609058	0.092243	0.623395	0.081705	0.635793	0.072202	0.646455	0.064336	0.655579	0.058712	0.663356	0.055910	0.669971	0.056453	0.675611	0.060773	0.680459	0.069199	0.684707	0.081939	0.688555	0.099076	0.692217	0.120589	0.695923	0.146363	0.699923
576.913760	0.157875	0.441437	0.154268	0.474135	0.148947	0.503804	0.142017	0.530461	0.133649	0.554213	0.124093	0.575224	0.113668	0.593687	0.102772	0.609812	0.091868	0.623809	0.081485	0.635889	0.072199	0.646251	0.064613	0.655091	0.059326	0.662596	0.056910	0.668949	0.057876	0.674334	0.062642	0.678933	0.071520	0.682938	0.084698	0.686548	0.102244	0.689976	0.124122	0.693456	0.150204	0.697239
577.373290	0.157868	0.445146	0.154126	0.477346	0.148683	0.506526	0.141650	0.532716	0.133207	0.556027	0.123610	0.576625	0.113186	0.594704	0.102340	0.610471	0.091541	0.624134	0.081324	0.635900	0.072264	0.645964	0.064963	0.654521	0.060017	0.661753	0.057989	0.667844	0.059375	0.672972	0.064580	0.677319	0.073898	0.681077	0.087500	0.684443	0.105438	0.687633	0.127659	0.690879	0.154028	0.694437
577.832640	0.157860	0.448819	0.153985	0.480523	0.148421	0.509217	0.141286	0.534940	0.132769	0.557813	0.123132	0.578002	0.112711	0.595698	0.101917	0.611109	0.091226	0.624438	0.081176	0.635890	0.072344	0.645658	0.065330	0.653932	0.060726	0.660893	0.059085	0.666720	0.060891	0.671590	0.066533	0.675685	0.076289	0.679195	0.090311	0.682317	0.108636	0.685267	0.131196	0.688279	0.157847	0.691610
578.291930	0.157851	0.452383	0.153845	0.483592	0.148162	0.511806	0.140929	0.537071	0.132342	0.559511	0.122672	0.579296	0.112261	0.596615	0.101526	0.611674	0.090949	0.624673	0.081073	0.635815	0.072475	0.645288	0.065753	0.653280	0.061493	0.659967	0.060239	0.665530	0.062462	0.670141	0.068536	0.673981	0.078719	0.677239	0.093150	0.680112	0.111847	0.682817	0.134731	0.685588	0.161647	0.688687
578.751160	0.157841	0.455882	0.153705	0.486600	0.147905	0.514337	0.140576	0.539147	0.131923	0.561159	0.122223	0.580542	0.111824	0.597488	0.101152	0.612197	0.090695	0.624869	0.080995	0.635701	0.072634	0.644880	0.066208	0.652590	0.062293	0.659005	0.061426	0.664302	0.064064	0.668653	0.070566	0.672236	0.081173	0.675240	0.096004	0.677862	0.115067	0.680319	0.138265	0.682847	0.165436	0.685709
579.210210	0.157832	0.459302	0.153566	0.489532	0.147652	0.516796	0.140230	0.541157	0.131514	0.562745	0.121787	0.581732	0.111406	0.598307	0.100802	0.612669	0.090468	0.625016	0.080950	0.635540	0.072831	0.644427	0.066701	0.651854	0.063134	0.657997	0.062652	0.663028	0.065703	0.667117	0.072628	0.670441	0.083650	0.673188	0.098874	0.675555	0.118290	0.677760	0.141793	0.680040	0.169207	0.682661
579.669190	0.157822	0.462630	0.153428	0.492376	0.147402	0.519172	0.139891	0.543088	0.131116	0.564258	0.121367	0.582853	0.111010	0.599062	0.100479	0.613082	0.090274	0.625106	0.080944	0.635324	0.073070	0.643919	0.067241	0.651065	0.064022	0.656935	0.063926	0.661697	0.067386	0.665522	0.074727	0.668585	0.086156	0.671071	0.101762	0.673180	0.121521	0.675128	0.145313	0.677154	0.172958	0.679528
580.128110	0.157812	0.465910	0.153291	0.495175	0.147154	0.521506	0.139556	0.544980	0.130724	0.565735	0.120956	0.583940	0.110624	0.599786	0.100170	0.613464	0.090097	0.625167	0.080957	0.635080	0.073331	0.643383	0.067803	0.650247	0.064933	0.655844	0.065222	0.660337	0.069089	0.663897	0.076843	0.666697	0.088676	0.668921	0.104658	0.670769	0.124752	0.672457	0.148828	0.674228	0.176696	0.676352
580.586850	0.157800	0.469068	0.153155	0.497858	0.146912	0.523731	0.139230	0.546770	0.130347	0.567116	0.120566	0.584939	0.110267	0.600426	0.099897	0.613767	0.089963	0.625152	0.081020	0.634762	0.073647	0.642774	0.068425	0.649358	0.065904	0.654678	0.066576	0.658902	0.070845	0.662193	0.079003	0.664726	0.091227	0.666683	0.107571	0.668264	0.127985	0.669686	0.152327	0.671194	0.180401	0.673059
581.045530	0.157788	0.472210	0.153020	0.500526	0.146670	0.525941	0.138906	0.548547	0.129972	0.568484	0.120179	0.585925	0.109913	0.601054	0.099629	0.614059	0.089835	0.625126	0.081089	0.634433	0.073970	0.642155	0.069053	0.648458	0.066883	0.653503	0.067938	0.657456	0.072607	0.660479	0.081169	0.662744	0.093782	0.664433	0.110486	0.665746	0.131216	0.666902	0.155823	0.668144	0.184101	0.669750
581.504090	0.157774	0.475205	0.152886	0.503053	0.146433	0.528020	0.138594	0.550200	0.129615	0.569738	0.119819	0.586804	0.109596	0.601581	0.099405	0.614255	0.089760	0.625007	0.081219	0.634014	0.074360	0.641445	0.069753	0.647466	0.067933	0.652235	0.069367	0.655913	0.074430	0.658663	0.083383	0.660655	0.096371	0.662070	0.113417	0.663107	0.134444	0.663987	0.159293	0.664955	0.187754	0.666291
581.962520	0.157761	0.478198	0.152752	0.505579	0.146197	0.530097	0.138282	0.551853	0.129259	0.570992	0.119459	0.587682	0.109279	0.602108	0.099181	0.614450	0.089685	0.624888	0.081349	0.633594	0.074750	0.640736	0.070453	0.646474	0.068983	0.650967	0.070796	0.654371	0.076252	0.656848	0.085597	0.658567	0.098959	0.659708	0.116347	0.660470	0.137671	0.661073	0.162762	0.661767	0.191406	0.662832
582.420900	0.157746	0.481045	0.152619	0.507967	0.145968	0.532044	0.137982	0.553384	0.128923	0.572131	0.119127	0.588454	0.108998	0.602533	0.099003	0.614548	0.089664	0.624674	0.081541	0.633082	0.075207	0.639934	0.071221	0.645389	0.070101	0.649603	0.072289	0.652729	0.078130	0.654929	0.087855	0.656368	0.101575	0.657227	0.119287	0.657705	0.140887	0.658023	0.166201	0.658430	0.195007	0.659213
582.879150	0.157730	0.483879	0.152487	0.510341	0.145738	0.533980	0.137683	0.554903	0.128589	0.573259	0.118798	0.589215	0.108720	0.602949	0.098828	0.614637	0.089647	0.624452	0.081737	0.632561	0.075669	0.639124	0.071996	0.644296	0.071226	0.648231	0.073787	0.651079	0.080012	0.653001	0.090116	0.654160	0.104193	0.654737	0.122226	0.654930	0.144101	0.654961	0.169635	0.655081	0.198602	0.655581
583.337280	0.157714	0.486597	0.152357	0.512607	0.145516	0.535813	0.137395	0.556328	0.128272	0.574299	0.118492	0.589893	0.108472	0.603286	0.098690	0.614650	0.089674	0.624156	0.081982	0.631967	0.076183	0.638240	0.072824	0.643128	0.072401	0.646782	0.075333	0.649349	0.081934	0.650988	0.092406	0.651862	0.106827	0.652150	0.125167	0.652051	0.147302	0.651786	0.173040	0.651611	0.202151	0.651817
583.795350	0.157697	0.489275	0.152229	0.514834	0.145295	0.537610	0.137112	0.557719	0.127960	0.575307	0.118194	0.590541	0.108235	0.603593	0.098566	0.614636	0.089716	0.623833	0.082245	0.631347	0.076716	0.637330	0.073671	0.641934	0.073595	0.645305	0.076896	0.647590	0.083872	0.648945	0.094707	0.649532	0.109467	0.649529	0.128110	0.649135	0.150497	0.648572	0.176434	0.648098	0.205685	0.648006
584.253300	0.157680	0.491867	0.152101	0.516981	0.145079	0.539332	0.136836	0.559039	0.127661	0.576249	0.117913	0.591127	0.108020	0.603842	0.098468	0.614564	0.089789	0.623454	0.082542	0.630671	0.077286	0.636365	0.074555	0.640682	0.074826	0.643769	0.078491	0.645769	0.085835	0.646836	0.097026	0.647132	0.112116	0.646833	0.131049	0.646138	0.153678	0.645270	0.179801	0.644489	0.209180	0.644092
584.711120	0.157661	0.494391	0.151973	0.519064	0.144866	0.540994	0.136567	0.560303	0.127371	0.577138	0.117646	0.591663	0.107823	0.604043	0.098392	0.614446	0.089887	0.623031	0.082866	0.629951	0.077885	0.635354	0.075470	0.639385	0.076085	0.642185	0.080111	0.643898	0.087818	0.644676	0.099360	0.644676	0.114771	0.644076	0.133985	0.643076	0.156847	0.641899	0.183146	0.640805	0.212645	0.640095
585.168820	0.157641	0.496860	0.151847	0.521094	0.144656	0.542607	0.136303	0.561522	0.127089	0.577984	0.117390	0.592158	0.107640	0.604205	0.098334	0.614291	0.090006	0.622569	0.083213	0.629193	0.078508	0.634306	0.076408	0.638049	0.077367	0.640562	0.081752	0.641986	0.089817	0.642470	0.101702	0.642172	0.117430	0.641269	0.136917	0.639959	0.160003	0.638467	0.186472	0.637055	0.216083	0.636027
585.626460	0.157620	0.499236	0.151721	0.523036	0.144451	0.544137	0.136048	0.562662	0.126822	0.578757	0.117153	0.592583	0.107481	0.604300	0.098305	0.614070	0.090159	0.622044	0.083599	0.628372	0.079171	0.633193	0.077387	0.636647	0.078687	0.638870	0.083426	0.640001	0.091843	0.640188	0.104062	0.639587	0.120093	0.638373	0.139842	0.636746	0.163140	0.634930	0.189766	0.633192	0.219476	0.631837
586.083980	0.157598	0.501584	0.151596	0.524952	0.144247	0.545643	0.135796	0.563780	0.126559	0.579509	0.116922	0.592988	0.107330	0.604376	0.098285	0.613831	0.090322	0.621501	0.083996	0.627532	0.079846	0.632062	0.078377	0.635226	0.080018	0.637158	0.085108	0.637995	0.093874	0.637883	0.106425	0.636977	0.122756	0.635451	0.142764	0.633505	0.166270	0.631364	0.193048	0.629296	0.222854	0.627611
586.541440	0.157574	0.503814	0.151473	0.526758	0.144049	0.547046	0.135555	0.564800	0.126314	0.580168	0.116716	0.593305	0.107211	0.604368	0.098304	0.613509	0.090529	0.620876	0.084440	0.626610	0.080571	0.630847	0.079416	0.633718	0.081393	0.635356	0.086829	0.635895	0.095934	0.635478	0.108804	0.634259	0.125421	0.632412	0.145671	0.630136	0.169369	0.627659	0.196285	0.625250	0.226172	0.623221
586.998720	0.157550	0.506043	0.151349	0.528563	0.143852	0.548447	0.135315	0.565819	0.126070	0.580827	0.116511	0.593622	0.107092	0.604359	0.098322	0.613187	0.090736	0.620252	0.084885	0.625689	0.081296	0.629632	0.080454	0.632211	0.082768	0.633555	0.088549	0.633795	0.097993	0.633073	0.111182	0.631542	0.128086	0.629375	0.148578	0.626769	0.172467	0.623956	0.199520	0.621205	0.229489	0.618832
587.455930	0.157524	0.508132	0.151229	0.530236	0.143662	0.549724	0.135090	0.566722	0.125848	0.581376	0.116336	0.593834	0.107013	0.604248	0.098387	0.612766	0.090997	0.619527	0.085386	0.624667	0.082079	0.628316	0.081550	0.630598	0.084195	0.631642	0.090312	0.631577	0.100084	0.630542	0.113576	0.628689	0.130747	0.626190	0.151462	0.623243	0.175524	0.620080	0.202695	0.616971	0.232729	0.614237
587.913020	0.157499	0.510220	0.151109	0.531908	0.143473	0.551001	0.134866	0.567625	0.125626	0.581924	0.116161	0.594045	0.106933	0.604137	0.098453	0.612344	0.091257	0.618803	0.085888	0.623646	0.082862	0.627000	0.082646	0.628986	0.085622	0.629730	0.092075	0.629359	0.102173	0.628012	0.115969	0.625836	0.133407	0.623006	0.154346	0.619717	0.178580	0.616204	0.205870	0.612738	0.235968	0.609642
588.370060	0.157471	0.512196	0.150990	0.533475	0.143291	0.552180	0.134653	0.568435	0.125423	0.582383	0.116011	0.594171	0.106884	0.603944	0.098555	0.611841	0.091559	0.617998	0.086433	0.622543	0.083690	0.625598	0.083784	0.627285	0.087087	0.627725	0.093868	0.627043	0.104283	0.625375	0.118368	0.622869	0.136060	0.619698	0.157208	0.616057	0.181599	0.612180	0.208993	0.608344	0.239142	0.604873
588.826970	0.157443	0.514147	0.150872	0.535018	0.143110	0.553335	0.134443	0.569223	0.125223	0.582822	0.115867	0.594277	0.106843	0.603731	0.098665	0.611319	0.091869	0.617174	0.086989	0.621420	0.084528	0.624177	0.084932	0.625565	0.088560	0.625698	0.095667	0.624705	0.106396	0.622715	0.120769	0.619876	0.138711	0.616361	0.160064	0.612366	0.184608	0.608123	0.212103	0.603913	0.242300	0.600064
589.283750	0.157413	0.516013	0.150755	0.536482	0.142935	0.554416	0.134243	0.569940	0.125039	0.583194	0.115741	0.594319	0.106825	0.603455	0.098803	0.610735	0.092211	0.616288	0.087578	0.620235	0.085399	0.622692	0.086111	0.623776	0.090059	0.623601	0.097487	0.622290	0.108520	0.619972	0.123171	0.616796	0.141353	0.612929	0.162898	0.608570	0.187586	0.603953	0.215171	0.599358	0.245406	0.595119
589.740420	0.157383	0.517830	0.150640	0.537898	0.142763	0.555451	0.134049	0.570615	0.124863	0.583526	0.115628	0.594323	0.106822	0.603142	0.098959	0.610114	0.092572	0.615365	0.088186	0.619011	0.086290	0.621167	0.087308	0.621947	0.091575	0.621461	0.099318	0.619829	0.110651	0.617181	0.125573	0.613661	0.143989	0.609439	0.165720	0.604711	0.190544	0.599713	0.218212	0.594727	0.248481	0.590092
590.197020	0.157352	0.519589	0.150525	0.539261	0.142594	0.556437	0.133862	0.571243	0.124697	0.583813	0.115527	0.594282	0.106835	0.602786	0.099133	0.609450	0.092953	0.614398	0.088816	0.617743	0.087202	0.619597	0.088524	0.620069	0.093106	0.619269	0.101161	0.617314	0.112788	0.614331	0.127975	0.610464	0.146616	0.605880	0.168526	0.600776	0.193478	0.595391	0.221223	0.590007	0.251519	0.584967
590.653500	0.157319	0.521273	0.150413	0.540554	0.142431	0.557357	0.133683	0.571808	0.124543	0.584039	0.115444	0.594184	0.106868	0.602373	0.099331	0.608730	0.093361	0.613375	0.089474	0.616417	0.088142	0.617967	0.089766	0.618129	0.094659	0.617011	0.103019	0.614727	0.114932	0.611404	0.130375	0.607183	0.149231	0.602230	0.171310	0.596743	0.196381	0.590960	0.224193	0.585169	0.254509	0.579713
591.109860	0.157285	0.522927	0.150300	0.541817	0.142270	0.558249	0.133509	0.572347	0.124396	0.584240	0.115368	0.594061	0.106911	0.601936	0.099540	0.607987	0.093780	0.612327	0.090144	0.615067	0.089092	0.616311	0.091018	0.616162	0.096219	0.614724	0.104882	0.612110	0.117078	0.608444	0.132773	0.603866	0.151840	0.598541	0.174084	0.592667	0.199269	0.586483	0.227146	0.580280	0.257477	0.574404
591.566160	0.157250	0.524484	0.150189	0.542989	0.142115	0.559055	0.133345	0.572803	0.124265	0.584363	0.115315	0.593861	0.106981	0.601423	0.099780	0.607167	0.094235	0.611204	0.090849	0.613638	0.090077	0.614573	0.092301	0.614108	0.097804	0.612346	0.106761	0.609395	0.119230	0.605378	0.135165	0.600433	0.154431	0.594726	0.176827	0.588454	0.202114	0.581857	0.230043	0.575227	0.260380	0.568916
592.022340	0.157214	0.526035	0.150079	0.544156	0.141960	0.559855	0.133183	0.573254	0.124136	0.584480	0.115263	0.593656	0.107053	0.600906	0.100023	0.606343	0.094691	0.610075	0.091556	0.612205	0.091064	0.612831	0.093586	0.612050	0.099391	0.609961	0.108641	0.606674	0.121382	0.602306	0.137557	0.596994	0.157020	0.590904	0.179567	0.584233	0.204955	0.577222	0.232936	0.570165	0.263278	0.563418
592.478390	0.157175	0.527467	0.149970	0.545209	0.141813	0.560549	0.133035	0.573603	0.124027	0.584499	0.115238	0.593356	0.107159	0.600294	0.100303	0.605424	0.095189	0.608850	0.092305	0.610672	0.092092	0.610984	0.094905	0.609881	0.101005	0.607461	0.110537	0.603826	0.123536	0.599097	0.139936	0.593407	0.159582	0.586920	0.182264	0.579835	0.207739	0.572394	0.235758	0.564892	0.266092	0.557691
592.934330	0.157136	0.528898	0.149862	0.546262	0.141666	0.561242	0.132886	0.573953	0.123918	0.584518	0.115213	0.593056	0.107264	0.599682	0.100584	0.604505	0.095686	0.607625	0.093055	0.609139	0.093119	0.609138	0.096225	0.607713	0.102619	0.604960	0.112433	0.600980	0.125691	0.595889	0.142314	0.589821	0.162142	0.582938	0.184960	0.575439	0.210521	0.567567	0.238579	0.559620	0.268906	0.551965
593.390200	0.157094	0.530225	0.149756	0.547218	0.141527	0.561842	0.132751	0.574213	0.123828	0.584451	0.115213	0.592671	0.107399	0.598986	0.100898	0.603502	0.096220	0.606314	0.093841	0.607516	0.094180	0.607198	0.097574	0.605446	0.104253	0.602353	0.114340	0.598018	0.127844	0.592556	0.144679	0.586098	0.164676	0.578807	0.187615	0.570881	0.213250	0.562563	0.241334	0.554156	0.271644	0.546029
593.845950	0.157053	0.531534	0.149651	0.548157	0.141390	0.562427	0.132618	0.574458	0.123742	0.584369	0.115217	0.592272	0.107540	0.598277	0.101219	0.602484	0.096760	0.604988	0.094632	0.605879	0.095247	0.605242	0.098927	0.603162	0.105891	0.599728	0.116248	0.595038	0.129997	0.589202	0.147041	0.582354	0.167204	0.574652	0.190262	0.566296	0.215969	0.557530	0.244078	0.548660	0.274370	0.540060
594.301570	0.157010	0.532765	0.149547	0.549021	0.141258	0.562940	0.132495	0.574635	0.123670	0.584221	0.115241	0.591808	0.107703	0.597502	0.101564	0.601401	0.097326	0.603595	0.095450	0.604171	0.096338	0.603212	0.100299	0.600800	0.107542	0.597020	0.118162	0.591967	0.132147	0.585751	0.149389	0.578502	0.169708	0.570380	0.192875	0.561583	0.218644	0.552358	0.246769	0.543012	0.277036	0.533925
594.757140	0.156966	0.533956	0.149444	0.549847	0.141129	0.563417	0.132378	0.574776	0.123606	0.584039	0.115274	0.591310	0.107877	0.596694	0.101922	0.600283	0.097905	0.602167	0.096281	0.602427	0.097440	0.601145	0.101682	0.598397	0.109200	0.594268	0.120079	0.588849	0.134294	0.582249	0.151730	0.574596	0.172200	0.566048	0.195471	0.556805	0.221297	0.547114	0.249434	0.537287	0.279672	0.527706
595.212590	0.156921	0.535092	0.149342	0.550621	0.141004	0.563844	0.132267	0.574871	0.123552	0.583810	0.115319	0.590767	0.108067	0.595840	0.102297	0.599120	0.098502	0.600691	0.097129	0.600634	0.098558	0.599025	0.103076	0.595938	0.110865	0.591456	0.121997	0.585666	0.136437	0.578676	0.154059	0.570612	0.174672	0.561632	0.198041	0.551935	0.223917	0.541771	0.252062	0.531453	0.282265	0.521369
595.667910	0.156874	0.536166	0.149241	0.551336	0.140883	0.564215	0.132165	0.574911	0.123509	0.583529	0.115380	0.590171	0.108273	0.594933	0.102691	0.597903	0.099120	0.599160	0.097997	0.598784	0.099693	0.596844	0.104484	0.593415	0.112539	0.588574	0.123917	0.582409	0.138574	0.575022	0.156374	0.566539	0.177123	0.557119	0.200582	0.546960	0.226501	0.536313	0.254646	0.525495	0.284811	0.514898
596.123110	0.156826	0.537209	0.149142	0.552021	0.140765	0.564558	0.132066	0.574924	0.123472	0.583220	0.115448	0.589549	0.108489	0.594000	0.103095	0.596659	0.099747	0.597602	0.098874	0.596904	0.100836	0.594633	0.105898	0.590859	0.114216	0.585658	0.125836	0.579113	0.140706	0.571327	0.158682	0.562422	0.179562	0.552557	0.203107	0.541931	0.229066	0.530796	0.257208	0.519473	0.287331	0.508359
596.578250	0.156776	0.538169	0.149044	0.552628	0.140653	0.564825	0.131980	0.574863	0.123451	0.582841	0.115536	0.588856	0.108728	0.592996	0.103525	0.595342	0.100400	0.595968	0.099776	0.594945	0.102001	0.592338	0.107328	0.588214	0.115902	0.582645	0.127757	0.575713	0.142829	0.567517	0.160969	0.558181	0.181970	0.547860	0.205590	0.536755	0.231580	0.525119	0.259711	0.513278	0.289786	0.501633
597.033260	0.156726	0.539120	0.148946	0.553227	0.140542	0.565085	0.131894	0.574795	0.123431	0.582454	0.115625	0.588156	0.108970	0.591984	0.103957	0.594017	0.101055	0.594327	0.100680	0.592979	0.103168	0.590035	0.108760	0.585559	0.117588	0.579623	0.129676	0.572303	0.144950	0.563697	0.163253	0.553928	0.184374	0.543150	0.208068	0.531565	0.234089	0.519428	0.262208	0.507067	0.292233	0.494890
597.488220	0.156673	0.539969	0.148851	0.553727	0.140439	0.565250	0.131821	0.574635	0.123431	0.581977	0.115739	0.587365	0.109239	0.590881	0.104420	0.592599	0.101742	0.592588	0.101613	0.590910	0.104359	0.587622	0.110208	0.582789	0.119282	0.576474	0.131592	0.568756	0.147055	0.559728	0.165508	0.549513	0.186735	0.538264	0.210492	0.526182	0.236532	0.513528	0.264629	0.500631	0.294597	0.487906
597.942990	0.156621	0.540817	0.148756	0.554227	0.140336	0.565415	0.131749	0.574475	0.123430	0.581500	0.115853	0.586574	0.109508	0.589778	0.104882	0.591182	0.102429	0.590850	0.102546	0.588841	0.105550	0.585211	0.111656	0.580019	0.120975	0.573327	0.133507	0.565210	0.149159	0.555761	0.167762	0.545099	0.189096	0.533379	0.212915	0.520802	0.238974	0.507630	0.267050	0.494197	0.296961	0.480925
598.397710	0.156565	0.541568	0.148662	0.554635	0.140240	0.565491	0.131689	0.574229	0.123447	0.580937	0.115989	0.585698	0.109803	0.588588	0.105372	0.589675	0.103143	0.589018	0.103504	0.586674	0.106761	0.582695	0.113118	0.577136	0.122672	0.570058	0.135416	0.561533	0.151246	0.551650	0.169987	0.540529	0.191415	0.528325	0.215285	0.515238	0.241352	0.501534	0.269398	0.487551	0.299246	0.473717
598.852360	0.156509	0.542306	0.148569	0.555030	0.140145	0.565554	0.131631	0.573970	0.123468	0.580362	0.116129	0.584809	0.110102	0.587386	0.105866	0.588155	0.103860	0.587173	0.104466	0.584493	0.107975	0.580164	0.114582	0.574237	0.124371	0.566772	0.137324	0.557836	0.153329	0.547519	0.172206	0.535937	0.193728	0.523246	0.217646	0.509648	0.243722	0.495410	0.271737	0.480874	0.301519	0.466477
599.306820	0.156452	0.542972	0.148479	0.555356	0.140056	0.565551	0.131583	0.573646	0.123501	0.579722	0.116285	0.583856	0.110420	0.586118	0.106380	0.586567	0.104598	0.585257	0.105445	0.582236	0.109203	0.577552	0.116053	0.571252	0.126070	0.563392	0.139224	0.554038	0.155397	0.543277	0.174400	0.531225	0.196006	0.518037	0.219966	0.503917	0.246041	0.489134	0.274019	0.474036	0.303731	0.459066
599.761230	0.156394	0.543603	0.148389	0.555648	0.139971	0.565516	0.131540	0.573290	0.123542	0.579051	0.116450	0.582871	0.110748	0.584817	0.106904	0.584945	0.105346	0.583305	0.106433	0.579943	0.110437	0.574902	0.117529	0.568225	0.127769	0.559967	0.141121	0.550191	0.157456	0.538982	0.176582	0.526455	0.198268	0.512765	0.222265	0.498117	0.248337	0.482784	0.276274	0.467119	0.305914	0.451573
600.215520	0.156334	0.544184	0.148300	0.555893	0.139889	0.565433	0.131503	0.572888	0.123591	0.578334	0.116625	0.581840	0.111088	0.583469	0.107442	0.583274	0.106106	0.581303	0.107432	0.577595	0.111680	0.572193	0.119008	0.565136	0.129467	0.556474	0.143011	0.546270	0.159502	0.534607	0.178745	0.521599	0.200504	0.507399	0.224533	0.492217	0.250596	0.476327	0.278489	0.460089	0.308054	0.443960
600.669740	0.156272	0.544710	0.148213	0.556083	0.139811	0.565299	0.131473	0.572435	0.123651	0.577565	0.116814	0.580757	0.111442	0.582069	0.107994	0.581549	0.106880	0.579243	0.108442	0.575187	0.112930	0.569418	0.120491	0.561976	0.131164	0.552905	0.144893	0.542267	0.161534	0.530143	0.180886	0.516645	0.202712	0.501929	0.226767	0.486204	0.252817	0.469750	0.280661	0.452932	0.310147	0.436216
601.123780	0.156210	0.545207	0.148126	0.556247	0.139735	0.565138	0.131448	0.571955	0.123715	0.576771	0.117009	0.579648	0.111804	0.580641	0.108553	0.579796	0.107661	0.577154	0.109458	0.572748	0.114185	0.566611	0.121975	0.558780	0.132859	0.549297	0.146769	0.538222	0.163557	0.525633	0.183015	0.511642	0.204905	0.496405	0.228982	0.480135	0.255016	0.463113	0.282810	0.445712	0.312215	0.428407
601.577760	0.156146	0.545628	0.148041	0.556338	0.139666	0.564906	0.131433	0.571406	0.123794	0.575907	0.117220	0.578468	0.112184	0.579141	0.109132	0.577967	0.108460	0.574984	0.110490	0.570223	0.115450	0.563713	0.123464	0.555486	0.134551	0.545584	0.148634	0.534062	0.165558	0.520999	0.185113	0.506504	0.207059	0.490737	0.231150	0.473909	0.257161	0.456310	0.284898	0.438319	0.314218	0.420419
602.031680	0.156081	0.546042	0.147956	0.556421	0.139597	0.564667	0.131419	0.570850	0.123874	0.575036	0.117433	0.577282	0.112565	0.577633	0.109712	0.576131	0.109260	0.572808	0.111523	0.567690	0.116716	0.560806	0.124953	0.552184	0.136242	0.541860	0.150497	0.529891	0.167557	0.516352	0.187208	0.501354	0.209208	0.485054	0.233314	0.467669	0.259300	0.449492	0.286981	0.430910	0.316215	0.412415
602.485410	0.156014	0.546362	0.147874	0.556413	0.139536	0.564338	0.131418	0.570205	0.123971	0.574076	0.117667	0.576004	0.112970	0.576032	0.110316	0.574197	0.110083	0.570528	0.112573	0.565048	0.117993	0.557781	0.126444	0.548754	0.137924	0.538000	0.152341	0.525572	0.169526	0.511545	0.189261	0.496030	0.211305	0.479185	0.235415	0.461232	0.261369	0.442467	0.288986	0.423286	0.318129	0.404194
602.939090	0.155947	0.546682	0.147792	0.556405	0.139475	0.564009	0.131416	0.569561	0.124069	0.573117	0.117902	0.574727	0.113375	0.574432	0.110919	0.572264	0.110905	0.568248	0.113623	0.562406	0.119270	0.554757	0.127935	0.545324	0.139607	0.534139	0.154184	0.521253	0.171494	0.506738	0.191314	0.490707	0.213402	0.473317	0.237516	0.454794	0.263438	0.435442	0.290991	0.415662	0.320043	0.395974
603.392640	0.155877	0.546914	0.147712	0.556312	0.139421	0.563597	0.131426	0.568833	0.124181	0.572073	0.118154	0.573364	0.113799	0.572743	0.111542	0.570237	0.111744	0.565870	0.114687	0.559659	0.120553	0.551621	0.129425	0.541774	0.141280	0.530148	0.156008	0.516792	0.173432	0.501779	0.193326	0.485219	0.215448	0.467274	0.239558	0.448173	0.265441	0.428225	0.292924	0.407844	0.321881	0.387559
603.846130	0.155807	0.547133	0.147632	0.556206	0.139367	0.563172	0.131437	0.568092	0.124296	0.571017	0.118409	0.571988	0.114227	0.571040	0.112169	0.568196	0.112586	0.563478	0.115752	0.556897	0.121838	0.548467	0.130915	0.538204	0.142951	0.526137	0.157829	0.512310	0.175365	0.496796	0.195332	0.479706	0.217486	0.461204	0.241590	0.441523	0.267433	0.420980	0.294845	0.399996	0.323707	0.379116
604.299500	0.155735	0.547286	0.147554	0.556036	0.139319	0.562685	0.131458	0.567289	0.124423	0.569897	0.118677	0.570547	0.114669	0.569269	0.112809	0.566085	0.113441	0.561010	0.116827	0.554054	0.123127	0.545227	0.132403	0.534542	0.144613	0.522025	0.159633	0.507719	0.177274	0.491696	0.197306	0.474068	0.219486	0.455002	0.243578	0.434735	0.269375	0.413592	0.296712	0.392006	0.325475	0.370536
604.752750	0.155663	0.547406	0.147477	0.555834	0.139274	0.562165	0.131483	0.566454	0.124556	0.568745	0.118953	0.569072	0.115119	0.567464	0.113457	0.563937	0.114302	0.558504	0.117906	0.551170	0.124419	0.541943	0.133890	0.530832	0.146270	0.517862	0.161428	0.503073	0.179170	0.486536	0.199263	0.468366	0.221465	0.448733	0.245543	0.427877	0.271292	0.406133	0.298551	0.383945	0.327213	0.361888
605.205870	0.155589	0.547481	0.147401	0.555588	0.139233	0.561603	0.131514	0.565575	0.124696	0.567548	0.119238	0.567553	0.115579	0.565612	0.114114	0.561741	0.115171	0.555946	0.118989	0.548230	0.125711	0.538598	0.135374	0.527058	0.147919	0.513629	0.163210	0.498351	0.181047	0.481297	0.201198	0.462579	0.223417	0.442374	0.247476	0.420926	0.273173	0.398581	0.300352	0.375794	0.328911	0.353156
605.658940	0.155513	0.547503	0.147326	0.555289	0.139196	0.560988	0.131551	0.564645	0.124845	0.566299	0.119533	0.565979	0.116049	0.563704	0.114782	0.559484	0.116048	0.553324	0.120079	0.545223	0.127005	0.535181	0.136854	0.523205	0.149560	0.509311	0.164978	0.493538	0.182904	0.475959	0.203104	0.456688	0.225336	0.435905	0.249371	0.413863	0.275012	0.390915	0.302109	0.367532	0.330563	0.344321
606.111880	0.155437	0.547500	0.147252	0.554968	0.139161	0.560350	0.131591	0.563691	0.124998	0.565026	0.119833	0.564380	0.116524	0.561770	0.115453	0.557200	0.116928	0.550673	0.121170	0.542185	0.128299	0.531731	0.138333	0.519316	0.151196	0.504955	0.166737	0.488684	0.184749	0.470578	0.204998	0.450752	0.227240	0.429390	0.251249	0.406752	0.276833	0.383202	0.303845	0.359225	0.332193	0.335447
606.564700	0.155358	0.547425	0.147180	0.554574	0.139131	0.559640	0.131641	0.562665	0.125163	0.563680	0.120146	0.562706	0.117013	0.559756	0.116138	0.554833	0.117820	0.547934	0.122268	0.539052	0.129593	0.528179	0.139804	0.515318	0.152817	0.500480	0.168474	0.483704	0.186564	0.465061	0.206853	0.444673	0.229097	0.422726	0.253074	0.399490	0.278595	0.375341	0.305519	0.350779	0.333758	0.326452
607.017460	0.155279	0.547346	0.147107	0.554177	0.139101	0.558927	0.131691	0.561636	0.125329	0.562330	0.120461	0.561029	0.117504	0.557739	0.116823	0.552462	0.118712	0.545191	0.123367	0.535914	0.130888	0.524623	0.141275	0.511314	0.154437	0.496000	0.170209	0.478717	0.188377	0.459538	0.208706	0.438587	0.230952	0.416056	0.254897	0.392222	0.280355	0.367474	0.307189	0.342328	0.335319	0.317452
607.470030	0.155197	0.547175	0.147037	0.553689	0.139078	0.558124	0.131752	0.560515	0.125510	0.560887	0.120792	0.559254	0.118010	0.555621	0.117524	0.549984	0.119615	0.542333	0.124471	0.532654	0.132181	0.520934	0.142736	0.507169	0.156036	0.491368	0.171913	0.473569	0.190149	0.453844	0.210507	0.432322	0.232747	0.409201	0.256652	0.384770	0.282041	0.359431	0.308782	0.333719	0.336799	0.308324
607.922610	0.155115	0.547004	0.146967	0.553201	0.139055	0.557320	0.131814	0.559395	0.125690	0.559444	0.121122	0.557479	0.118517	0.553503	0.118225	0.547506	0.120519	0.539476	0.125575	0.529394	0.133474	0.517246	0.144196	0.503024	0.157635	0.486736	0.173617	0.468420	0.191921	0.448150	0.212309	0.426057	0.234542	0.402347	0.258407	0.377319	0.283727	0.351388	0.310375	0.325110	0.338279	0.299197
608.375000	0.155032	0.546755	0.146899	0.552635	0.139039	0.556440	0.131885	0.558196	0.125883	0.557921	0.121467	0.555622	0.119039	0.551297	0.118939	0.544936	0.121430	0.536520	0.126683	0.526028	0.134764	0.513444	0.145646	0.498757	0.159214	0.481974	0.175293	0.463133	0.193656	0.442310	0.214066	0.419643	0.236285	0.395342	0.260104	0.369721	0.285350	0.343211	0.311900	0.316388	0.339689	0.289991
608.827330	0.154949	0.546490	0.146833	0.552055	0.139025	0.555543	0.131959	0.556981	0.126078	0.556381	0.121815	0.553747	0.119563	0.549074	0.119655	0.542346	0.122344	0.533543	0.127791	0.522641	0.136053	0.509619	0.147093	0.494465	0.160790	0.477186	0.176963	0.457818	0.195384	0.436441	0.215814	0.413197	0.238018	0.388306	0.261790	0.362093	0.286959	0.335006	0.313412	0.307642	0.341085	0.280768
609.279540	0.154863	0.546166	0.146767	0.551416	0.139014	0.554589	0.132039	0.555707	0.126282	0.554780	0.122172	0.551809	0.120096	0.546783	0.120378	0.539686	0.123263	0.530491	0.128900	0.519173	0.137338	0.505707	0.148530	0.490081	0.162350	0.472298	0.178610	0.452398	0.197083	0.430464	0.217527	0.406641	0.239711	0.381160	0.263431	0.354361	0.288522	0.326710	0.314874	0.298828	0.342429	0.271510
609.731630	0.154777	0.545807	0.146702	0.550741	0.139006	0.553599	0.132123	0.554396	0.126492	0.553142	0.122535	0.549832	0.120634	0.544452	0.121107	0.536982	0.124186	0.527393	0.130010	0.515655	0.138620	0.501743	0.149961	0.485639	0.163900	0.467350	0.180244	0.446915	0.198764	0.424419	0.219219	0.400016	0.241380	0.373948	0.265046	0.346566	0.290056	0.318359	0.316305	0.289971	0.343741	0.262229
610.183650	0.154689	0.545409	0.146637	0.550029	0.139001	0.552570	0.132212	0.553047	0.126707	0.551463	0.122904	0.547812	0.121179	0.542076	0.121839	0.534231	0.125110	0.524245	0.131120	0.512084	0.139899	0.497720	0.151385	0.481137	0.165439	0.462337	0.181863	0.441363	0.200426	0.418305	0.220889	0.393322	0.243023	0.366667	0.266632	0.338710	0.291559	0.309957	0.317704	0.281083	0.345020	0.252942
610.635560	0.154599	0.544956	0.146575	0.549262	0.139000	0.551486	0.132306	0.551641	0.126929	0.549726	0.123282	0.545732	0.121731	0.539637	0.122579	0.531412	0.126038	0.521023	0.132230	0.508434	0.141173	0.493614	0.152799	0.476544	0.166961	0.457229	0.183459	0.435712	0.202060	0.412088	0.222525	0.386525	0.244629	0.359287	0.268176	0.330763	0.293017	0.301482	0.319056	0.272148	0.346249	0.243646
611.087340	0.154509	0.544485	0.146512	0.548477	0.139000	0.550384	0.132403	0.550217	0.127155	0.547970	0.123662	0.543632	0.122286	0.537176	0.123320	0.528571	0.126967	0.517778	0.133339	0.504760	0.142445	0.489482	0.154209	0.471924	0.168478	0.452092	0.185048	0.430030	0.203685	0.405840	0.224150	0.379697	0.246221	0.351880	0.269706	0.322792	0.294460	0.292991	0.320392	0.263206	0.347463	0.234359
611.539000	0.154418	0.543940	0.146452	0.547617	0.139005	0.549207	0.132509	0.548715	0.127390	0.546134	0.124053	0.541447	0.122851	0.534627	0.124069	0.525636	0.127900	0.514433	0.134446	0.500978	0.143709	0.485234	0.155603	0.467182	0.169971	0.446826	0.186605	0.424215	0.205270	0.399456	0.225730	0.372736	0.247762	0.344348	0.271180	0.314716	0.295843	0.284423	0.321664	0.254232	0.348611	0.225100
611.990600	0.154326	0.543394	0.146392	0.546757	0.139011	0.548030	0.132614	0.547213	0.127625	0.544298	0.124444	0.539263	0.123416	0.532078	0.124817	0.522701	0.128833	0.511089	0.135553	0.497197	0.144973	0.480987	0.156997	0.462440	0.171464	0.441561	0.188163	0.418401	0.206856	0.393074	0.227309	0.365776	0.249303	0.336817	0.272654	0.306640	0.297226	0.275855	0.322937	0.245258	0.349759	0.215843
612.442080	0.154232	0.542758	0.146334	0.545806	0.139022	0.546760	0.132728	0.545617	0.127872	0.542363	0.124847	0.536976	0.123992	0.529419	0.125573	0.519649	0.129768	0.507619	0.136656	0.493283	0.146224	0.476599	0.158370	0.457549	0.172926	0.436139	0.189680	0.412426	0.208394	0.386531	0.228833	0.358662	0.250781	0.329147	0.274059	0.298454	0.298536	0.267222	0.324132	0.236282	0.350828	0.206671
612.893430	0.154137	0.542121	0.146275	0.544854	0.139034	0.545488	0.132843	0.544018	0.128119	0.540427	0.125250	0.534687	0.124568	0.526759	0.126329	0.516596	0.130703	0.504149	0.137760	0.489367	0.147475	0.472209	0.159742	0.452656	0.174388	0.430716	0.191197	0.406450	0.209930	0.379986	0.230355	0.351547	0.252257	0.321476	0.275463	0.290267	0.299843	0.258589	0.325326	0.227310	0.351895	0.197504
613.344730	0.154041	0.541413	0.146218	0.543831	0.139051	0.544145	0.132965	0.542346	0.128375	0.538414	0.125662	0.532317	0.125151	0.524013	0.127091	0.513452	0.131640	0.500580	0.138858	0.485347	0.148715	0.467709	0.161097	0.447647	0.175825	0.425173	0.192682	0.400352	0.211429	0.373322	0.231833	0.344320	0.253685	0.313711	0.276813	0.282013	0.301095	0.249931	0.326462	0.218371	0.352902	0.188450
613.795900	0.153945	0.540684	0.146162	0.542786	0.139069	0.542780	0.133089	0.540652	0.128633	0.536377	0.126076	0.529922	0.125737	0.521241	0.127854	0.510280	0.132576	0.496982	0.139956	0.481296	0.149952	0.463176	0.162447	0.442604	0.177255	0.419593	0.194158	0.394217	0.212915	0.366622	0.233297	0.337061	0.255097	0.305918	0.278147	0.273741	0.302329	0.241268	0.327579	0.209444	0.353890	0.179432
614.246950	0.153847	0.539905	0.146107	0.541691	0.139090	0.541363	0.133218	0.538904	0.128897	0.534285	0.126497	0.527470	0.126327	0.518408	0.128619	0.507043	0.133512	0.493315	0.141048	0.477171	0.151180	0.458565	0.163782	0.437479	0.178666	0.413931	0.195610	0.388000	0.214374	0.359843	0.234730	0.329731	0.256474	0.298071	0.279443	0.265439	0.303522	0.232611	0.328654	0.200573	0.354835	0.170532
614.697940	0.153747	0.539084	0.146053	0.540554	0.139115	0.539903	0.133351	0.537112	0.129166	0.532148	0.126922	0.524969	0.126922	0.515523	0.129387	0.503751	0.134448	0.489591	0.142138	0.472985	0.152401	0.453889	0.165107	0.432287	0.180062	0.408199	0.197042	0.381713	0.215810	0.352998	0.236137	0.322343	0.257822	0.290178	0.280707	0.257112	0.304682	0.223958	0.329694	0.191746	0.355744	0.161728
615.148800	0.153648	0.538233	0.146000	0.539388	0.139141	0.538413	0.133487	0.535288	0.129438	0.529977	0.127350	0.522433	0.127519	0.512601	0.130156	0.500420	0.135382	0.485824	0.143224	0.468755	0.153616	0.449168	0.166423	0.427047	0.181446	0.402419	0.198461	0.375379	0.217229	0.346109	0.237524	0.314918	0.259149	0.282260	0.281948	0.248778	0.305818	0.215323	0.330709	0.182971	0.356628	0.153019
615.599550	0.153547	0.537322	0.145949	0.538160	0.139171	0.536861	0.133629	0.533399	0.129717	0.527737	0.127785	0.519825	0.128120	0.509604	0.130927	0.497008	0.136316	0.481972	0.144304	0.464434	0.154820	0.444351	0.167721	0.421708	0.182807	0.396539	0.199850	0.368947	0.218613	0.339131	0.238872	0.307417	0.260433	0.274290	0.283143	0.240428	0.306905	0.206723	0.331674	0.174299	0.357460	0.144499
616.050170	0.153446	0.536401	0.145897	0.536922	0.139202	0.535298	0.133772	0.531500	0.129996	0.525487	0.128220	0.517206	0.128723	0.506594	0.131698	0.493584	0.137249	0.478106	0.145382	0.460099	0.156022	0.439519	0.169016	0.416354	0.184164	0.390644	0.201235	0.362501	0.219991	0.332140	0.240214	0.299907	0.261709	0.266317	0.284330	0.232081	0.307984	0.198136	0.332630	0.165653	0.358283	0.136019
616.500730	0.153343	0.535400	0.145848	0.535601	0.139238	0.533650	0.133921	0.529513	0.130284	0.523145	0.128664	0.514489	0.129330	0.503481	0.132471	0.490050	0.138178	0.474124	0.146451	0.455641	0.157206	0.434559	0.170287	0.410870	0.185489	0.384619	0.202580	0.355931	0.221324	0.325038	0.241503	0.292310	0.262928	0.258294	0.285457	0.223742	0.308999	0.189635	0.333519	0.157192	0.359038	0.127849
616.951170	0.153240	0.534399	0.145798	0.534281	0.139273	0.532003	0.134071	0.527526	0.130572	0.520803	0.129107	0.511773	0.129938	0.500369	0.133243	0.486517	0.139107	0.470144	0.147520	0.451185	0.158391	0.429601	0.171557	0.405387	0.186813	0.378596	0.203924	0.349363	0.222657	0.317938	0.242791	0.284715	0.264147	0.250273	0.286583	0.215405	0.310014	0.181135	0.334409	0.148733	0.359793	0.119680
617.401490	0.153134	0.533315	0.145750	0.532878	0.139313	0.530269	0.134227	0.525450	0.130866	0.518367	0.129556	0.508959	0.130550	0.497153	0.134016	0.482873	0.140031	0.466046	0.148577	0.446606	0.159556	0.424516	0.172802	0.399776	0.188104	0.372446	0.205228	0.342677	0.223942	0.310738	0.244028	0.277051	0.265308	0.242230	0.287648	0.207110	0.310964	0.172765	0.335232	0.140514	0.360480	0.111887
617.851750	0.153028	0.532222	0.145702	0.531464	0.139354	0.528526	0.134383	0.523363	0.131162	0.515921	0.130006	0.506133	0.131162	0.493924	0.134789	0.479216	0.140954	0.461934	0.149633	0.442013	0.160720	0.419416	0.174043	0.394150	0.189390	0.366282	0.206527	0.335978	0.225221	0.303526	0.245258	0.269379	0.266463	0.234184	0.288705	0.198820	0.311907	0.164411	0.336047	0.132325	0.361159	0.104139
618.301880	0.152921	0.531069	0.145656	0.529990	0.139398	0.526719	0.134545	0.521210	0.131462	0.513405	0.130460	0.503233	0.131776	0.490618	0.135561	0.475478	0.141873	0.457736	0.150680	0.437331	0.161869	0.414225	0.175265	0.388432	0.190652	0.360030	0.207796	0.329201	0.226465	0.296255	0.246449	0.261674	0.267575	0.226146	0.289717	0.190594	0.312802	0.156194	0.336813	0.124363	0.361789	0.096723
618.751890	0.152815	0.529886	0.145610	0.528485	0.139444	0.524881	0.134709	0.519026	0.131766	0.510856	0.130917	0.500298	0.132392	0.487274	0.136334	0.471700	0.142790	0.453497	0.151722	0.432605	0.163011	0.408990	0.176477	0.382670	0.191901	0.353737	0.209051	0.322386	0.227692	0.288955	0.247621	0.253954	0.268666	0.218112	0.290707	0.182400	0.313673	0.148044	0.337555	0.116512	0.362394	0.089470
619.201780	0.152707	0.528663	0.145565	0.526938	0.139493	0.523000	0.134876	0.516796	0.132072	0.508259	0.131376	0.497314	0.133009	0.483878	0.137105	0.467867	0.143703	0.449200	0.152757	0.427819	0.164143	0.403694	0.177674	0.376849	0.193133	0.347388	0.210283	0.315525	0.228895	0.281622	0.248766	0.246224	0.269729	0.210099	0.291666	0.174268	0.314513	0.140009	0.338264	0.108842	0.362965	0.082471
619.651610	0.152598	0.527389	0.145521	0.525340	0.139543	0.521066	0.135047	0.514510	0.132382	0.505604	0.131838	0.494267	0.133627	0.480417	0.137875	0.463964	0.144612	0.444832	0.153784	0.422959	0.165261	0.398322	0.178854	0.370954	0.194342	0.340971	0.211490	0.308606	0.230069	0.274249	0.249878	0.238479	0.270756	0.202110	0.292588	0.166212	0.315315	0.132116	0.338933	0.101393	0.363495	0.075782
620.101320	0.152488	0.526095	0.145478	0.523721	0.139594	0.519110	0.135219	0.512202	0.132693	0.502925	0.132301	0.491197	0.134246	0.476930	0.138644	0.460035	0.145518	0.440435	0.154807	0.418070	0.166374	0.392922	0.180027	0.365031	0.195543	0.334529	0.212687	0.301668	0.231231	0.266865	0.250977	0.230736	0.271768	0.194140	0.293495	0.158198	0.316100	0.124295	0.339586	0.094049	0.364009	0.069236
620.550960	0.152377	0.524730	0.145436	0.522030	0.139650	0.517080	0.135396	0.509817	0.133010	0.500164	0.132768	0.488039	0.134865	0.473351	0.139410	0.456010	0.146416	0.435938	0.155816	0.413079	0.167468	0.387419	0.181175	0.359010	0.196713	0.327998	0.213847	0.294658	0.232352	0.259438	0.252031	0.222995	0.272733	0.186233	0.294350	0.150327	0.316831	0.116715	0.340184	0.087063	0.364467	0.063176
621.000430	0.152266	0.523367	0.145394	0.520340	0.139705	0.515050	0.135572	0.507432	0.133326	0.497404	0.133234	0.484883	0.135485	0.469773	0.140176	0.451987	0.147315	0.431443	0.156826	0.408090	0.168562	0.381919	0.182323	0.352991	0.197883	0.321470	0.215007	0.287651	0.233472	0.252015	0.253085	0.215257	0.273697	0.178330	0.295205	0.142460	0.317563	0.109139	0.340782	0.080081	0.364924	0.057119
621.449830	0.152153	0.521911	0.145354	0.518555	0.139764	0.512923	0.135754	0.504944	0.133647	0.494537	0.133704	0.481613	0.136104	0.466077	0.140937	0.447839	0.148202	0.426819	0.157817	0.402970	0.169630	0.376289	0.183438	0.346851	0.199012	0.314837	0.216119	0.280569	0.234538	0.244561	0.254080	0.207552	0.274597	0.170546	0.295993	0.134825	0.318225	0.101933	0.341307	0.073623	0.365310	0.051752
621.899110	0.152039	0.520457	0.145313	0.516771	0.139823	0.510796	0.135935	0.502457	0.133968	0.491671	0.134174	0.478344	0.136723	0.462382	0.141697	0.443691	0.149090	0.422196	0.158808	0.397851	0.170697	0.370661	0.184552	0.340713	0.200141	0.308206	0.217231	0.273489	0.235605	0.237109	0.255075	0.199850	0.275497	0.162765	0.296780	0.127192	0.318886	0.094728	0.341833	0.067168	0.365695	0.046387
622.348330	0.151926	0.518932	0.145274	0.514915	0.139886	0.508593	0.136122	0.499891	0.134293	0.488721	0.134646	0.474988	0.137342	0.458595	0.142454	0.439449	0.149968	0.417476	0.159786	0.392634	0.171745	0.364939	0.185640	0.334490	0.201238	0.301506	0.218307	0.266366	0.236630	0.229655	0.256025	0.192201	0.276350	0.155113	0.297518	0.119782	0.319496	0.087856	0.342306	0.061167	0.366025	0.041601
622.797420	0.151811	0.517387	0.145236	0.513038	0.139950	0.506370	0.136309	0.497303	0.134620	0.485749	0.135119	0.471609	0.137961	0.454783	0.143210	0.435181	0.150844	0.412728	0.160759	0.387390	0.172788	0.359191	0.186721	0.328243	0.202327	0.294788	0.219372	0.259233	0.237644	0.222201	0.256961	0.184570	0.277189	0.147499	0.298241	0.112438	0.320090	0.081083	0.342763	0.055300	0.366340	0.036984
623.246400	0.151696	0.515792	0.145199	0.511110	0.140016	0.504093	0.136499	0.494659	0.134948	0.482717	0.135592	0.468166	0.138578	0.450906	0.143962	0.430845	0.151712	0.407913	0.161721	0.382080	0.173815	0.353379	0.187783	0.321941	0.203392	0.288028	0.220411	0.252081	0.238628	0.214762	0.257866	0.176997	0.277993	0.140002	0.298928	0.105280	0.320647	0.074576	0.343181	0.049785	0.366616	0.032803
623.695250	0.151581	0.514156	0.145161	0.509138	0.140083	0.501771	0.136691	0.491969	0.135278	0.479637	0.136067	0.464673	0.139195	0.446976	0.144710	0.426455	0.152574	0.403042	0.162673	0.376714	0.174829	0.347516	0.188828	0.315594	0.204439	0.281236	0.221428	0.244914	0.239587	0.207335	0.258744	0.169473	0.278768	0.132600	0.299585	0.098276	0.321174	0.068289	0.343568	0.044562	0.366860	0.028982
624.144040	0.151464	0.512491	0.145125	0.507137	0.140151	0.499418	0.136884	0.489245	0.135609	0.476522	0.136542	0.461143	0.139810	0.443009	0.145456	0.422026	0.153431	0.398133	0.163618	0.371311	0.175834	0.341618	0.189863	0.309219	0.205471	0.274425	0.222429	0.237744	0.240530	0.199925	0.259603	0.161995	0.279524	0.125282	0.300221	0.091397	0.321678	0.062176	0.343933	0.039561	0.367081	0.025428
624.592710	0.151347	0.510764	0.145089	0.505072	0.140222	0.496999	0.137080	0.486452	0.135943	0.473334	0.137017	0.457538	0.140424	0.438962	0.146195	0.417515	0.154279	0.393141	0.164549	0.365828	0.176820	0.335648	0.190873	0.302783	0.206475	0.267575	0.223398	0.230566	0.241436	0.192553	0.260423	0.154616	0.280239	0.118138	0.300814	0.084785	0.322138	0.056431	0.344252	0.035030	0.367256	0.022441
625.041260	0.151230	0.509029	0.145054	0.502998	0.140293	0.494570	0.137276	0.483651	0.136277	0.470137	0.137493	0.453923	0.141037	0.434905	0.146934	0.412995	0.155126	0.388140	0.165478	0.360336	0.177803	0.329670	0.191881	0.296341	0.207475	0.260722	0.224362	0.223392	0.242337	0.185191	0.261238	0.147255	0.280947	0.111024	0.301401	0.078214	0.322591	0.050741	0.344565	0.030569	0.367424	0.019533
625.489750	0.151111	0.507209	0.145020	0.500837	0.140367	0.492051	0.137476	0.480754	0.136612	0.466840	0.137968	0.450204	0.141646	0.430741	0.147665	0.408366	0.155958	0.383030	0.166386	0.354741	0.178760	0.323599	0.192855	0.289829	0.208437	0.253831	0.225282	0.216228	0.243190	0.177907	0.262000	0.140060	0.281600	0.104184	0.301929	0.072045	0.322984	0.045587	0.344816	0.026777	0.367529	0.017408
625.938110	0.150992	0.505390	0.144986	0.498677	0.140441	0.489533	0.137675	0.477858	0.136948	0.463545	0.138442	0.446486	0.142255	0.426578	0.148395	0.403738	0.156790	0.377921	0.167295	0.349147	0.179716	0.317530	0.193829	0.283319	0.209398	0.246943	0.226202	0.209066	0.244042	0.170625	0.262762	0.132868	0.282252	0.097347	0.302457	0.065878	0.323377	0.040435	0.345066	0.022985	0.367634	0.015283
626.386350	0.150872	0.503493	0.144953	0.496435	0.140517	0.486929	0.137878	0.474873	0.137285	0.460156	0.138917	0.442672	0.142860	0.422316	0.149117	0.399010	0.157608	0.372715	0.168183	0.343464	0.180647	0.311385	0.194771	0.276756	0.210323	0.240038	0.227080	0.201939	0.244849	0.163450	0.263474	0.125872	0.282852	0.090814	0.302931	0.060137	0.323713	0.035834	0.345260	0.019861	0.367682	0.013917
626.834470	0.150752	0.501583	0.144921	0.494181	0.140595	0.484313	0.138080	0.471874	0.137623	0.456754	0.139391	0.438842	0.143465	0.418039	0.149837	0.394267	0.158423	0.367495	0.169069	0.337767	0.181573	0.305231	0.195709	0.270186	0.211242	0.233133	0.227952	0.194821	0.245648	0.156293	0.264179	0.118908	0.283444	0.084332	0.303395	0.054465	0.324041	0.031323	0.345444	0.016844	0.367720	0.012673
627.282530	0.150632	0.499616	0.144890	0.491866	0.140673	0.481633	0.138285	0.468810	0.137962	0.453283	0.139865	0.434943	0.144066	0.413690	0.150551	0.389452	0.159228	0.362207	0.169940	0.332008	0.182480	0.299026	0.196623	0.263587	0.212134	0.226229	0.228793	0.187746	0.246414	0.149236	0.264848	0.112115	0.283999	0.078101	0.303821	0.049133	0.324328	0.027239	0.345587	0.014332	0.367716	0.011986
627.730470	0.150512	0.497615	0.144859	0.489517	0.140753	0.478918	0.138491	0.465708	0.138302	0.449773	0.140338	0.431004	0.144665	0.409300	0.151260	0.384597	0.160026	0.356879	0.170801	0.326214	0.183377	0.292794	0.197524	0.256973	0.213010	0.219327	0.229617	0.180698	0.247160	0.142238	0.265496	0.105422	0.284531	0.072018	0.304224	0.044002	0.324592	0.023407	0.345705	0.012115	0.367687	0.011626
628.178280	0.150390	0.495577	0.144828	0.487130	0.140834	0.476163	0.138698	0.462565	0.138641	0.446220	0.140810	0.427020	0.145261	0.404866	0.151965	0.379698	0.160818	0.351510	0.171653	0.320385	0.184260	0.286536	0.198410	0.250348	0.213868	0.212436	0.230420	0.173691	0.247885	0.135320	0.266121	0.098855	0.285039	0.066113	0.304601	0.039103	0.324829	0.019859	0.345797	0.010224	0.367631	0.011616
628.626040	0.150268	0.493483	0.144799	0.484685	0.140916	0.473347	0.138905	0.459359	0.138981	0.442602	0.141280	0.422968	0.145852	0.400364	0.152662	0.374732	0.161598	0.346078	0.172489	0.314502	0.185125	0.280238	0.199272	0.243706	0.214700	0.205560	0.231195	0.166743	0.248578	0.128519	0.266712	0.092475	0.285510	0.060476	0.304941	0.034555	0.325028	0.016741	0.345849	0.008825	0.367535	0.012135
629.073670	0.150146	0.491374	0.144769	0.482224	0.140999	0.470516	0.139113	0.456136	0.139321	0.438967	0.141750	0.418899	0.146442	0.395844	0.153357	0.369749	0.162374	0.340631	0.173322	0.308607	0.185984	0.273933	0.200129	0.237063	0.215525	0.198694	0.231962	0.159819	0.249262	0.121758	0.267293	0.086154	0.285972	0.054920	0.305271	0.030111	0.325216	0.013744	0.345891	0.007561	0.367428	0.012795
629.521180	0.150023	0.489189	0.144741	0.479683	0.141084	0.467601	0.139322	0.452827	0.139661	0.435242	0.142217	0.414740	0.147027	0.391233	0.154041	0.364679	0.163136	0.335104	0.174133	0.302645	0.186817	0.267586	0.200954	0.230414	0.216314	0.191872	0.232688	0.153006	0.249903	0.115193	0.267828	0.080131	0.286385	0.049771	0.305549	0.026186	0.325352	0.011366	0.345879	0.006986	0.367267	0.014175
629.968630	0.149901	0.487003	0.144712	0.477143	0.141168	0.464686	0.139532	0.449518	0.140000	0.431518	0.142684	0.410581	0.147611	0.386622	0.154725	0.359608	0.163897	0.329577	0.174945	0.296684	0.187651	0.261239	0.201779	0.223765	0.217103	0.185050	0.233414	0.146194	0.250543	0.108629	0.268363	0.074109	0.286797	0.044624	0.305827	0.022261	0.325488	0.008988	0.345867	0.006411	0.367106	0.015555
630.415950	0.149777	0.484732	0.144685	0.474513	0.141254	0.461679	0.139743	0.446112	0.140340	0.427695	0.143148	0.406321	0.148188	0.381912	0.155396	0.354444	0.164640	0.323968	0.175732	0.290659	0.188454	0.254859	0.202569	0.217128	0.217851	0.178302	0.234095	0.139536	0.251135	0.102320	0.268845	0.068456	0.287155	0.039968	0.306049	0.018945	0.325566	0.007314	0.345795	0.006601	0.366885	0.017709
630.863160	0.149653	0.482454	0.144657	0.471876	0.141341	0.458665	0.139954	0.442700	0.140679	0.423865	0.143611	0.402054	0.148764	0.377196	0.156066	0.349273	0.165381	0.318353	0.176518	0.284631	0.189254	0.248478	0.203355	0.210493	0.218596	0.171562	0.234773	0.132891	0.251722	0.096031	0.269323	0.062832	0.287509	0.035351	0.306266	0.015675	0.325639	0.005694	0.345719	0.006847	0.366659	0.019921
631.310240	0.149529	0.480112	0.144631	0.469173	0.141428	0.455582	0.140166	0.439217	0.141018	0.419962	0.144072	0.397715	0.149333	0.372409	0.156726	0.344037	0.166108	0.312683	0.177284	0.278565	0.190032	0.242085	0.204115	0.203884	0.219311	0.164897	0.235417	0.126387	0.252274	0.089960	0.269763	0.057513	0.287823	0.031126	0.306443	0.012879	0.325669	0.004606	0.345600	0.007655	0.366389	0.022684
631.757260	0.149404	0.477742	0.144605	0.466441	0.141517	0.452469	0.140379	0.435703	0.141356	0.416028	0.144531	0.393344	0.149900	0.367591	0.157382	0.338773	0.166829	0.306989	0.178043	0.272482	0.190800	0.235687	0.204864	0.197286	0.220012	0.158265	0.236047	0.119945	0.252809	0.083985	0.270187	0.052328	0.288119	0.027075	0.306600	0.010290	0.325680	0.003753	0.345461	0.008710	0.366099	0.025690
632.204160	0.149280	0.475329	0.144579	0.463665	0.141606	0.449311	0.140591	0.432142	0.141694	0.412046	0.144987	0.388925	0.150462	0.362728	0.158031	0.333468	0.167540	0.301263	0.178789	0.266380	0.191553	0.229288	0.205594	0.190715	0.220693	0.151697	0.236654	0.113612	0.253321	0.078172	0.270585	0.047361	0.288389	0.023297	0.306731	0.008022	0.325663	0.003251	0.345294	0.010124	0.365779	0.029037
632.650940	0.149155	0.472866	0.144554	0.460837	0.141695	0.446097	0.140803	0.428526	0.142030	0.408007	0.145440	0.384451	0.151018	0.357811	0.158671	0.328114	0.168239	0.295498	0.179521	0.260255	0.192287	0.222891	0.206304	0.184177	0.221351	0.145205	0.237235	0.107407	0.253804	0.072549	0.270953	0.042652	0.288626	0.019843	0.306828	0.006134	0.325612	0.003165	0.345092	0.011964	0.365425	0.032791
633.097660	0.149030	0.470383	0.144529	0.457988	0.141785	0.442863	0.141015	0.424887	0.142365	0.403947	0.145892	0.379955	0.151572	0.352874	0.159308	0.322744	0.168933	0.289720	0.180246	0.254125	0.193014	0.216498	0.207005	0.177658	0.221998	0.138749	0.237806	0.101262	0.254276	0.067012	0.271308	0.038056	0.288852	0.016526	0.306912	0.004402	0.325549	0.003245	0.344876	0.013969	0.365058	0.036696
633.544250	0.148904	0.467827	0.144505	0.455064	0.141875	0.439552	0.141228	0.421170	0.142699	0.399807	0.146339	0.375381	0.152119	0.347865	0.159932	0.317310	0.169611	0.283895	0.180950	0.247972	0.193715	0.210121	0.207675	0.171206	0.222612	0.132427	0.238339	0.095330	0.254708	0.061778	0.271622	0.033859	0.289033	0.013697	0.306951	0.003226	0.325438	0.003919	0.344613	0.016564	0.364642	0.041144
633.990720	0.148779	0.465272	0.144481	0.452141	0.141966	0.436242	0.141441	0.417453	0.143033	0.395668	0.146787	0.370808	0.152665	0.342856	0.160556	0.311877	0.170289	0.278072	0.181653	0.241822	0.194416	0.203746	0.208346	0.164756	0.223226	0.126106	0.238873	0.089399	0.255140	0.056547	0.271934	0.029662	0.289214	0.010869	0.306989	0.002050	0.325327	0.004592	0.344349	0.019157	0.364226	0.045590
634.437070	0.148653	0.462626	0.144457	0.449123	0.142058	0.432834	0.141653	0.413638	0.143364	0.391430	0.147228	0.366140	0.153200	0.337760	0.161164	0.306372	0.170945	0.272200	0.182329	0.235659	0.195084	0.197409	0.208978	0.158414	0.223797	0.119982	0.239359	0.083769	0.255522	0.051730	0.272195	0.025996	0.289340	0.008671	0.306971	0.001575	0.325158	0.005992	0.344026	0.022451	0.363748	0.050658
634.883360	0.148527	0.459978	0.144434	0.446103	0.142150	0.429424	0.141865	0.409821	0.143695	0.387191	0.147669	0.361471	0.153734	0.332662	0.161771	0.300866	0.171600	0.266329	0.183005	0.229497	0.195752	0.191075	0.209610	0.152076	0.224367	0.113862	0.239844	0.078146	0.255903	0.046923	0.272454	0.022341	0.289464	0.006486	0.306951	0.001115	0.324988	0.007406	0.343701	0.025758	0.363270	0.055739
635.329530	0.148401	0.457262	0.144412	0.443014	0.142243	0.425943	0.142078	0.405931	0.144024	0.382880	0.148105	0.356734	0.154261	0.327504	0.162366	0.295312	0.172238	0.260430	0.183659	0.223340	0.196394	0.184787	0.210213	0.145840	0.224906	0.107915	0.240295	0.072775	0.256246	0.042454	0.272674	0.019106	0.289548	0.004787	0.306889	0.001181	0.324774	0.009351	0.343332	0.029560	0.362746	0.061243
635.775570	0.148275	0.454522	0.144389	0.439900	0.142335	0.422437	0.142289	0.402017	0.144352	0.378544	0.148539	0.351973	0.154784	0.322326	0.162957	0.289743	0.172871	0.254524	0.184306	0.217185	0.197027	0.178518	0.210806	0.139641	0.225433	0.102030	0.240733	0.067495	0.256576	0.038105	0.272880	0.016021	0.289617	0.003261	0.306812	0.001433	0.324544	0.011482	0.342947	0.033536	0.362207	0.066895
636.221560	0.148148	0.451735	0.144367	0.436738	0.142428	0.418882	0.142501	0.398053	0.144678	0.374161	0.148968	0.347167	0.155301	0.317109	0.163538	0.284146	0.173492	0.248605	0.184938	0.211041	0.197644	0.172290	0.211379	0.133525	0.225938	0.096276	0.241148	0.062400	0.256881	0.033998	0.273060	0.013228	0.289658	0.002066	0.306706	0.002033	0.324286	0.013955	0.342533	0.037820	0.361636	0.072799
636.667420	0.148021	0.448902	0.144345	0.433528	0.142520	0.415278	0.142711	0.394040	0.145002	0.369731	0.149394	0.342317	0.155811	0.311854	0.164111	0.278522	0.174101	0.242676	0.185556	0.204909	0.198242	0.166107	0.211932	0.127494	0.226421	0.090656	0.241539	0.057495	0.257160	0.030137	0.273212	0.010732	0.289671	0.001206	0.306571	0.002986	0.323997	0.016771	0.342088	0.042413	0.361035	0.078958
637.113160	0.147895	0.446045	0.144324	0.430294	0.142613	0.411651	0.142921	0.390004	0.145324	0.365278	0.149817	0.337448	0.156318	0.306584	0.164679	0.272888	0.174704	0.236746	0.186166	0.198790	0.198832	0.159954	0.212476	0.121515	0.226893	0.085112	0.241917	0.052694	0.257427	0.026407	0.273351	0.008390	0.289671	0.000515	0.306422	0.004111	0.323694	0.019751	0.341628	0.047149	0.360419	0.085227
637.558840	0.147768	0.443120	0.144303	0.426990	0.142706	0.407952	0.143131	0.385897	0.145644	0.360757	0.150235	0.332516	0.156816	0.301263	0.165233	0.267221	0.175289	0.230810	0.186755	0.192703	0.199398	0.153882	0.212990	0.115682	0.227333	0.079789	0.242261	0.048196	0.257657	0.023061	0.273452	0.006501	0.289630	0.000321	0.306231	0.005745	0.323348	0.023214	0.341125	0.052305	0.359759	0.091826
638.004330	0.147642	0.440195	0.144282	0.423686	0.142800	0.404253	0.143340	0.381791	0.145963	0.356236	0.150652	0.327586	0.157313	0.295944	0.165787	0.261557	0.175873	0.224876	0.187343	0.186619	0.199962	0.147815	0.213505	0.109854	0.227772	0.074472	0.242605	0.043705	0.257886	0.019721	0.273551	0.004618	0.289589	0.000134	0.306040	0.007385	0.323001	0.026681	0.340621	0.057464	0.359098	0.098426
638.449830	0.147515	0.437178	0.144262	0.420289	0.142893	0.400461	0.143548	0.377593	0.146278	0.351628	0.151061	0.322578	0.157797	0.290564	0.166323	0.255859	0.176435	0.218951	0.187903	0.180598	0.200493	0.141883	0.213980	0.104247	0.228169	0.069479	0.242902	0.039643	0.258066	0.016912	0.273600	0.003345	0.289494	0.000600	0.305794	0.009676	0.322598	0.030746	0.340059	0.063124	0.358378	0.105398
638.895140	0.147389	0.434162	0.144242	0.416893	0.142987	0.396670	0.143755	0.373396	0.146594	0.347023	0.151471	0.317573	0.158281	0.285186	0.166859	0.250164	0.176996	0.213028	0.188463	0.174578	0.201023	0.135952	0.214456	0.098643	0.228566	0.064488	0.243200	0.035583	0.258247	0.014104	0.273649	0.002073	0.289399	0.001065	0.305548	0.011966	0.322196	0.034809	0.339497	0.068781	0.357658	0.112368
639.340390	0.147262	0.431076	0.144222	0.413425	0.143080	0.392807	0.143961	0.369129	0.146904	0.342352	0.151872	0.312512	0.158754	0.279770	0.167380	0.244454	0.177538	0.207123	0.189000	0.168624	0.201527	0.130146	0.214902	0.093233	0.228931	0.059770	0.243462	0.031876	0.258389	0.011721	0.273657	0.001275	0.289263	0.002027	0.305259	0.014734	0.321749	0.039298	0.338891	0.074779	0.356893	0.119575
639.785520	0.147136	0.427968	0.144202	0.409935	0.143173	0.388923	0.144165	0.364842	0.147213	0.337663	0.152272	0.307436	0.159223	0.274342	0.167895	0.238740	0.178075	0.201226	0.189529	0.162692	0.202022	0.124378	0.215338	0.087884	0.229284	0.055137	0.243713	0.028278	0.258520	0.009468	0.273654	0.000625	0.289115	0.003140	0.304957	0.017649	0.321290	0.043916	0.338271	0.080882	0.356114	0.126855
640.230530	0.147010	0.424814	0.144182	0.406399	0.143266	0.384992	0.144369	0.360511	0.147520	0.332934	0.152666	0.302328	0.159685	0.268895	0.168402	0.233025	0.178598	0.195352	0.190043	0.156816	0.202500	0.118710	0.215754	0.082683	0.229617	0.050705	0.243941	0.024933	0.258626	0.007510	0.273624	0.000295	0.288939	0.004580	0.304628	0.020869	0.320801	0.048795	0.337622	0.087183	0.355304	0.134262
640.675420	0.146883	0.421616	0.144163	0.402820	0.143359	0.381018	0.144573	0.356139	0.147824	0.328168	0.153056	0.297190	0.160141	0.263430	0.168898	0.227309	0.179110	0.189500	0.190543	0.150994	0.202962	0.113133	0.216152	0.077620	0.229928	0.046459	0.244146	0.021822	0.258709	0.005827	0.273570	0.000264	0.288738	0.006321	0.304272	0.024372	0.320286	0.053916	0.336945	0.093670	0.354468	0.141788
641.120240	0.146757	0.418394	0.144144	0.399216	0.143452	0.377021	0.144775	0.351744	0.148126	0.323383	0.153443	0.292038	0.160592	0.257958	0.169390	0.221595	0.179616	0.183666	0.191035	0.145208	0.203414	0.107616	0.216539	0.072641	0.230229	0.042326	0.244339	0.018847	0.258778	0.004299	0.273503	0.000399	0.288523	0.008226	0.303901	0.028023	0.319756	0.059160	0.336254	0.100244	0.353615	0.149365
641.564940	0.146631	0.415106	0.144125	0.395546	0.143544	0.372959	0.144975	0.347289	0.148424	0.318545	0.153822	0.286846	0.161032	0.252465	0.169866	0.215890	0.180102	0.177878	0.191505	0.139518	0.203841	0.102256	0.216898	0.067891	0.230498	0.038492	0.244499	0.016241	0.258813	0.003191	0.273399	0.000982	0.288270	0.010572	0.303492	0.032075	0.319185	0.064732	0.335520	0.107056	0.352720	0.157081
642.009580	0.146505	0.411817	0.144107	0.391874	0.143636	0.368897	0.145174	0.342833	0.148721	0.313706	0.154201	0.281653	0.161472	0.246972	0.170342	0.210186	0.180588	0.172093	0.191973	0.133833	0.204266	0.096903	0.217256	0.063148	0.230766	0.034669	0.244658	0.013647	0.258847	0.002097	0.273294	0.001576	0.288015	0.012930	0.303081	0.036136	0.318614	0.070312	0.334786	0.113873	0.351824	0.164798
642.454100	0.146379	0.408441	0.144088	0.388116	0.143727	0.364750	0.145371	0.338301	0.149012	0.308803	0.154569	0.276415	0.161897	0.241464	0.170798	0.204507	0.181049	0.166390	0.192413	0.128300	0.204658	0.091787	0.217576	0.058737	0.230993	0.031272	0.244773	0.011562	0.258833	0.001569	0.273139	0.002758	0.287710	0.015850	0.302618	0.040691	0.317988	0.076281	0.333997	0.120953	0.350872	0.172648
642.898500	0.146254	0.405065	0.144069	0.384359	0.143818	0.360605	0.145567	0.333769	0.149304	0.303902	0.154938	0.271179	0.162321	0.235958	0.171254	0.198831	0.181511	0.160689	0.192852	0.122769	0.205050	0.086673	0.217897	0.054327	0.231219	0.027876	0.244888	0.009478	0.258820	0.001042	0.272985	0.003940	0.287405	0.018769	0.302155	0.045245	0.317363	0.082249	0.333207	0.128032	0.349920	0.180496
643.342770	0.146128	0.401622	0.144051	0.380536	0.143909	0.356397	0.145761	0.329181	0.149589	0.298954	0.155298	0.265915	0.162734	0.230449	0.171694	0.193188	0.181952	0.155069	0.193268	0.117378	0.205415	0.081767	0.218188	0.050199	0.231414	0.024832	0.244968	0.007804	0.258770	0.000960	0.272793	0.005570	0.287061	0.022105	0.301652	0.050151	0.316696	0.088482	0.332376	0.135276	0.348925	0.188409
643.786990	0.146003	0.398159	0.144033	0.376693	0.144000	0.352170	0.145954	0.324577	0.149874	0.293994	0.155656	0.260643	0.163143	0.224940	0.172130	0.187556	0.182388	0.149472	0.193678	0.112029	0.205773	0.076923	0.218470	0.046154	0.231599	0.021893	0.245038	0.006252	0.258710	0.001010	0.272590	0.007334	0.286705	0.025565	0.301137	0.055162	0.316017	0.094793	0.331533	0.142569	0.347917	0.196341
644.231080	0.145878	0.394651	0.144015	0.372806	0.144089	0.347902	0.146145	0.319937	0.150154	0.289007	0.156007	0.255358	0.163543	0.219437	0.172555	0.181956	0.182810	0.143942	0.194071	0.106787	0.206112	0.072232	0.218732	0.042312	0.231763	0.019201	0.245085	0.004980	0.258625	0.001357	0.272362	0.009388	0.286323	0.029286	0.300595	0.060386	0.315311	0.101255	0.330660	0.149946	0.346880	0.204294
644.675050	0.145753	0.391101	0.143996	0.368879	0.144178	0.343597	0.146335	0.315264	0.150430	0.283996	0.156353	0.250061	0.163936	0.213940	0.172969	0.176385	0.183219	0.138473	0.194450	0.101644	0.206435	0.067683	0.218975	0.038656	0.231907	0.016735	0.245111	0.003967	0.258518	0.001977	0.272109	0.011710	0.285917	0.033249	0.300027	0.065806	0.314578	0.107856	0.329761	0.157401	0.345816	0.212264
645.118900	0.145628	0.387530	0.143978	0.364931	0.144267	0.339273	0.146523	0.310576	0.150704	0.278974	0.156696	0.244761	0.164324	0.208451	0.173377	0.170837	0.183622	0.133045	0.194820	0.096563	0.206748	0.063221	0.219208	0.035110	0.232040	0.014401	0.245125	0.003098	0.258399	0.002747	0.271844	0.014173	0.285497	0.037335	0.299446	0.071322	0.313832	0.114521	0.328848	0.164885	0.344737	0.220233
645.562680	0.145504	0.383897	0.143961	0.360925	0.144354	0.334895	0.146709	0.305842	0.150974	0.273921	0.157030	0.239451	0.164701	0.202981	0.173771	0.165348	0.184006	0.127725	0.195169	0.091650	0.207037	0.058992	0.219414	0.031864	0.232143	0.012424	0.245107	0.002626	0.258246	0.003924	0.271544	0.017026	0.285041	0.041760	0.298828	0.077103	0.313048	0.121362	0.327895	0.172454	0.343618	0.228201
646.006350	0.145380	0.380264	0.143944	0.356918	0.144442	0.330516	0.146895	0.301109	0.151244	0.268868	0.157365	0.234142	0.165077	0.197513	0.174164	0.159862	0.184390	0.122409	0.195518	0.086741	0.207326	0.054769	0.219619	0.028625	0.232245	0.010455	0.245089	0.002162	0.258093	0.005110	0.271244	0.019886	0.284585	0.046190	0.298209	0.082887	0.312263	0.128205	0.326943	0.180021	0.342499	0.236166
646.449950	0.145257	0.376549	0.143926	0.352833	0.144528	0.326069	0.147076	0.296322	0.151505	0.263783	0.157687	0.228831	0.165437	0.192087	0.174537	0.154473	0.184749	0.117262	0.195837	0.082083	0.207580	0.050884	0.219788	0.025806	0.232307	0.008975	0.245029	0.002228	0.257895	0.006828	0.270898	0.023239	0.284081	0.051035	0.297541	0.088980	0.311427	0.135235	0.325937	0.187659	0.341326	0.244095
646.893370	0.145134	0.372836	0.143909	0.348751	0.144614	0.321624	0.147257	0.291536	0.151767	0.258699	0.158009	0.223523	0.165797	0.186662	0.174909	0.149087	0.185107	0.112116	0.196155	0.077427	0.207835	0.047001	0.219956	0.022989	0.232369	0.007497	0.244969	0.002295	0.257698	0.008546	0.270551	0.026590	0.283577	0.055878	0.296874	0.095070	0.310591	0.142263	0.324933	0.195293	0.340154	0.252019
647.336730	0.145011	0.369061	0.143892	0.344610	0.144699	0.317129	0.147435	0.286712	0.152022	0.253597	0.158322	0.218221	0.166144	0.181281	0.175265	0.143791	0.185446	0.107116	0.196451	0.072980	0.208064	0.043393	0.220096	0.020509	0.232401	0.006400	0.244875	0.002765	0.257465	0.010658	0.270169	0.030296	0.283036	0.061009	0.296167	0.101363	0.309716	0.149402	0.323888	0.202951	0.338940	0.259892
647.779970	0.144889	0.365268	0.143875	0.340453	0.144784	0.312619	0.147611	0.281877	0.152275	0.248489	0.158632	0.212923	0.166487	0.175915	0.175615	0.138524	0.185778	0.102164	0.196740	0.068600	0.208284	0.039872	0.220227	0.018135	0.232423	0.005424	0.244771	0.003362	0.257222	0.012896	0.269775	0.034114	0.282483	0.066229	0.295449	0.107719	0.308829	0.156575	0.322830	0.210615	0.337713	0.267746
648.223140	0.144766	0.361435	0.143857	0.336260	0.144867	0.308079	0.147785	0.277022	0.152524	0.243374	0.158936	0.207637	0.166821	0.170586	0.175955	0.133326	0.186097	0.097319	0.197013	0.064371	0.208488	0.036545	0.220339	0.015991	0.232425	0.004703	0.244646	0.004222	0.256956	0.015382	0.269357	0.038148	0.281905	0.071618	0.294705	0.114185	0.307916	0.163800	0.321746	0.218276	0.336459	0.275552
648.666200	0.144644	0.357564	0.143839	0.332031	0.144949	0.303509	0.147957	0.272146	0.152769	0.238252	0.159232	0.202363	0.167147	0.165295	0.176283	0.128198	0.186403	0.092582	0.197271	0.060290	0.208674	0.033407	0.220433	0.014073	0.232406	0.004232	0.244499	0.005340	0.256668	0.018113	0.268917	0.042395	0.281305	0.077172	0.293937	0.120760	0.306978	0.171075	0.320636	0.225933	0.335179	0.283308
649.109130	0.144522	0.353675	0.143822	0.327788	0.145031	0.298929	0.148127	0.267264	0.153011	0.233132	0.159526	0.197101	0.167468	0.160029	0.176607	0.123111	0.186702	0.087905	0.197521	0.056290	0.208852	0.030369	0.220517	0.012270	0.232378	0.003885	0.244343	0.006582	0.256370	0.020959	0.268467	0.046738	0.280693	0.082797	0.293158	0.127377	0.306028	0.178364	0.319514	0.233579	0.333886	0.291033
649.551940	0.144402	0.349731	0.143804	0.323495	0.145112	0.294309	0.148294	0.262359	0.153248	0.228011	0.159810	0.191869	0.167777	0.154833	0.176914	0.118146	0.186982	0.083407	0.197750	0.052531	0.209006	0.027633	0.220575	0.010818	0.232321	0.003917	0.244156	0.008204	0.256039	0.024157	0.267982	0.051375	0.280046	0.088640	0.292343	0.134127	0.305041	0.185699	0.318354	0.241196	0.332554	0.298665
649.994690	0.144282	0.345788	0.143787	0.319203	0.145193	0.289690	0.148461	0.257455	0.153484	0.222891	0.160095	0.186639	0.168085	0.149638	0.177221	0.113181	0.187263	0.078910	0.197978	0.048773	0.209159	0.024897	0.220632	0.009365	0.232264	0.003950	0.243968	0.009826	0.255709	0.027354	0.267497	0.056012	0.279399	0.094482	0.291529	0.140875	0.304054	0.193034	0.317195	0.248812	0.331222	0.306296
650.437320	0.144162	0.341774	0.143770	0.314850	0.145271	0.285024	0.148622	0.252526	0.153711	0.217780	0.160366	0.181460	0.168376	0.144553	0.177507	0.108393	0.187517	0.074667	0.198176	0.045350	0.209279	0.022569	0.220653	0.008377	0.232168	0.004473	0.243739	0.011927	0.255335	0.030981	0.266967	0.060997	0.278705	0.100569	0.290665	0.147757	0.303018	0.200395	0.315984	0.256361	0.329838	0.313789
650.879880	0.144043	0.337759	0.143752	0.310496	0.145349	0.280358	0.148783	0.247599	0.153937	0.212669	0.160636	0.176283	0.168666	0.139470	0.177792	0.103609	0.187770	0.070429	0.198374	0.041931	0.209399	0.020246	0.220673	0.007394	0.232071	0.005001	0.243510	0.014034	0.254960	0.034613	0.266437	0.065986	0.278010	0.106657	0.289801	0.154639	0.301981	0.207754	0.314773	0.263908	0.328454	0.321278
651.322270	0.143923	0.333695	0.143734	0.306101	0.145425	0.275665	0.148940	0.242662	0.154158	0.207576	0.160898	0.171158	0.168944	0.134481	0.178060	0.098971	0.188005	0.066393	0.198550	0.038773	0.209494	0.018234	0.220667	0.006755	0.231946	0.005885	0.243251	0.016478	0.254554	0.038538	0.265874	0.071202	0.277283	0.112896	0.288904	0.161590	0.300909	0.215109	0.313526	0.271387	0.327032	0.328652
651.764590	0.143804	0.329613	0.143716	0.301692	0.145501	0.270962	0.149096	0.237722	0.154375	0.202489	0.161155	0.166052	0.169217	0.129528	0.178323	0.094388	0.188232	0.062434	0.198719	0.035712	0.209580	0.016338	0.220651	0.006245	0.231811	0.006900	0.242982	0.019048	0.254137	0.042572	0.265300	0.076504	0.276544	0.119189	0.287993	0.168567	0.299824	0.222462	0.312266	0.278842	0.325597	0.335982
652.206790	0.143686	0.325503	0.143699	0.297260	0.145575	0.266245	0.149249	0.232782	0.154588	0.197420	0.161406	0.160988	0.169482	0.124645	0.178576	0.089909	0.188448	0.058615	0.198873	0.032826	0.209651	0.014645	0.220619	0.005954	0.231658	0.008136	0.242693	0.021822	0.253700	0.046778	0.264705	0.081932	0.275783	0.125560	0.287062	0.175571	0.298718	0.229797	0.310982	0.286242	0.324138	0.343231
652.648930	0.143569	0.321358	0.143681	0.292801	0.145649	0.261511	0.149400	0.227840	0.154797	0.192369	0.161650	0.155968	0.169737	0.119842	0.178817	0.085547	0.188650	0.054955	0.199012	0.030138	0.209705	0.013183	0.220568	0.005915	0.231485	0.009624	0.242383	0.024830	0.253241	0.051180	0.264087	0.087506	0.274999	0.132021	0.286105	0.182608	0.297586	0.237115	0.309673	0.293583	0.322653	0.350390
653.090940	0.143452	0.317202	0.143663	0.288333	0.145722	0.256773	0.149549	0.222901	0.155003	0.187330	0.161891	0.150972	0.169989	0.115074	0.179053	0.081236	0.188846	0.051360	0.199144	0.027530	0.209751	0.011811	0.220510	0.005970	0.231304	0.011205	0.242065	0.027921	0.252774	0.055650	0.263461	0.093127	0.274205	0.138506	0.285139	0.189648	0.296444	0.244418	0.308354	0.300894	0.321158	0.357510
653.532840	0.143336	0.312999	0.143645	0.283831	0.145792	0.252019	0.149693	0.217968	0.155202	0.182331	0.162122	0.146057	0.170226	0.110440	0.179272	0.077116	0.189022	0.048017	0.199254	0.025230	0.209773	0.010788	0.220424	0.006395	0.231093	0.013148	0.241716	0.031338	0.252274	0.060385	0.262800	0.098935	0.273377	0.145093	0.284137	0.196710	0.295265	0.251672	0.306997	0.308102	0.319623	0.364485
653.974610	0.143220	0.308797	0.143627	0.279330	0.145863	0.247265	0.149838	0.213037	0.155401	0.177333	0.162352	0.141144	0.170462	0.105806	0.179491	0.072997	0.189198	0.044674	0.199363	0.022929	0.209794	0.009766	0.220337	0.006820	0.230882	0.015090	0.241366	0.034754	0.251774	0.065118	0.262140	0.104741	0.272549	0.151678	0.283136	0.203769	0.294086	0.258923	0.305640	0.315308	0.318088	0.371459
654.416320	0.143105	0.304545	0.143609	0.274792	0.145931	0.242498	0.149976	0.208125	0.155590	0.172396	0.162569	0.136344	0.170683	0.101347	0.179690	0.069121	0.189350	0.041644	0.199444	0.021003	0.209785	0.009159	0.220218	0.007675	0.230636	0.017444	0.240980	0.038529	0.251235	0.070132	0.261440	0.110734	0.271679	0.158352	0.282091	0.210828	0.292864	0.266098	0.304238	0.322377	0.316507	0.378256
654.857910	0.142991	0.300290	0.143591	0.270254	0.145999	0.237732	0.150115	0.203215	0.155779	0.167463	0.162785	0.131551	0.170902	0.096900	0.179887	0.065262	0.189500	0.038634	0.199524	0.019099	0.209774	0.008578	0.220097	0.008556	0.230389	0.019823	0.240592	0.042325	0.250695	0.075162	0.260737	0.116737	0.270807	0.165031	0.281045	0.217885	0.291639	0.273266	0.302834	0.329437	0.314924	0.385040
655.299380	0.142877	0.296002	0.143572	0.265695	0.146065	0.232963	0.150249	0.198327	0.155961	0.162584	0.162992	0.126851	0.171109	0.092592	0.180068	0.061590	0.189632	0.035860	0.199584	0.017471	0.209740	0.008295	0.219952	0.009738	0.230116	0.022482	0.240177	0.046359	0.250127	0.080369	0.260006	0.122850	0.269906	0.171751	0.279968	0.224922	0.290383	0.280365	0.301397	0.336389	0.313308	0.391692
655.740720	0.142763	0.291699	0.143553	0.261128	0.146129	0.228193	0.150380	0.193449	0.156139	0.157731	0.163194	0.122197	0.171310	0.088351	0.180243	0.058008	0.189756	0.033198	0.199635	0.015972	0.209697	0.008155	0.219796	0.011063	0.229831	0.025273	0.239749	0.050504	0.249545	0.085659	0.259261	0.129013	0.268991	0.178489	0.278877	0.231949	0.289113	0.287428	0.299946	0.343288	0.311677	0.398279
656.182010	0.142650	0.287378	0.143534	0.256551	0.146192	0.223426	0.150510	0.188591	0.156314	0.152917	0.163391	0.117606	0.171503	0.084201	0.180408	0.054547	0.189870	0.030684	0.199674	0.014643	0.209640	0.008194	0.219626	0.012565	0.229532	0.028225	0.239306	0.054780	0.248948	0.091043	0.258500	0.135229	0.268058	0.185240	0.277768	0.238954	0.287825	0.294442	0.298476	0.350119	0.310026	0.404785
656.623170	0.142538	0.283033	0.143515	0.251962	0.146254	0.218664	0.150636	0.183760	0.156482	0.148160	0.163578	0.113107	0.171686	0.080183	0.180561	0.051260	0.189969	0.028382	0.199696	0.013555	0.209566	0.008489	0.219435	0.014319	0.229211	0.031404	0.238842	0.059243	0.248327	0.096559	0.257715	0.141518	0.267102	0.192009	0.276634	0.245926	0.286510	0.301385	0.296979	0.356850	0.308347	0.411173
657.064270	0.142427	0.278682	0.143496	0.247371	0.146316	0.213905	0.150760	0.178937	0.156649	0.143419	0.163764	0.108633	0.171866	0.076199	0.180710	0.048017	0.190064	0.026133	0.199714	0.012528	0.209487	0.008847	0.219240	0.016134	0.228885	0.034636	0.238372	0.063747	0.247701	0.102103	0.256925	0.147820	0.266139	0.198777	0.275495	0.252887	0.285189	0.308308	0.295476	0.363555	0.306663	0.417531
657.505250	0.142316	0.274301	0.143477	0.242768	0.146375	0.209160	0.150879	0.174165	0.156807	0.138773	0.163939	0.104306	0.172031	0.072422	0.180841	0.045039	0.190137	0.024201	0.199708	0.011853	0.209380	0.009571	0.219017	0.018300	0.228529	0.038178	0.237870	0.068495	0.247042	0.107811	0.256099	0.154205	0.265141	0.205549	0.274318	0.259786	0.283831	0.315118	0.293934	0.370111	0.304938	0.423718
657.946110	0.142206	0.269921	0.143457	0.238167	0.146434	0.204417	0.150998	0.169394	0.156966	0.134128	0.164113	0.099981	0.172196	0.068645	0.180972	0.042061	0.190210	0.022269	0.199702	0.011178	0.209274	0.010295	0.218794	0.020466	0.228173	0.041719	0.237367	0.073241	0.246383	0.113518	0.255274	0.160587	0.264143	0.212318	0.273142	0.266683	0.282473	0.321926	0.292392	0.376665	0.303214	0.429904
658.386840	0.142097	0.265516	0.143438	0.233561	0.146490	0.199699	0.151112	0.164687	0.157115	0.129593	0.164274	0.095821	0.172345	0.065093	0.181084	0.039366	0.190261	0.020669	0.199671	0.010866	0.209141	0.011386	0.218542	0.022976	0.227786	0.045553	0.236833	0.078209	0.245690	0.119365	0.254414	0.167025	0.263110	0.219070	0.271929	0.273499	0.281078	0.328606	0.290813	0.383060	0.301449	0.435913
658.827450	0.141988	0.261108	0.143418	0.228956	0.146545	0.194986	0.151225	0.159990	0.157263	0.125075	0.164434	0.091686	0.172492	0.061573	0.181193	0.036712	0.190309	0.019115	0.199636	0.010604	0.209004	0.012529	0.218285	0.025534	0.227395	0.049427	0.236294	0.083208	0.244994	0.125229	0.253550	0.173470	0.262072	0.225817	0.270712	0.280302	0.279677	0.335267	0.289228	0.389433	0.299680	0.441895
659.268010	0.141881	0.256686	0.143398	0.224354	0.146599	0.190297	0.151333	0.155345	0.157405	0.120644	0.164584	0.087675	0.172627	0.058219	0.181289	0.034260	0.190342	0.017795	0.199585	0.010592	0.208849	0.013918	0.218009	0.028316	0.226983	0.053487	0.235733	0.088341	0.244274	0.131172	0.252663	0.179938	0.261009	0.232538	0.269469	0.287040	0.278251	0.341835	0.287616	0.395692	0.297883	0.447756
659.708500	0.141773	0.252254	0.143377	0.219753	0.146651	0.185624	0.151439	0.150734	0.157542	0.116268	0.164729	0.083744	0.172755	0.054971	0.181376	0.031939	0.190365	0.016624	0.199522	0.010739	0.208682	0.015467	0.217720	0.031244	0.226556	0.057667	0.235158	0.093560	0.243539	0.137164	0.251760	0.186420	0.259931	0.239242	0.268210	0.293737	0.276808	0.348343	0.285987	0.401880	0.296069	0.453538
660.148800	0.141666	0.247820	0.143357	0.215158	0.146702	0.180970	0.151542	0.146158	0.157676	0.111947	0.164869	0.079890	0.172877	0.051821	0.181456	0.029735	0.190379	0.015584	0.199450	0.011023	0.208504	0.017147	0.217419	0.034287	0.226119	0.061939	0.234572	0.098842	0.242792	0.143188	0.250844	0.192904	0.258839	0.245922	0.266938	0.300390	0.275352	0.354793	0.284344	0.408002	0.294240	0.459252
660.589050	0.141561	0.243376	0.143336	0.210573	0.146750	0.176351	0.151642	0.141649	0.157803	0.107730	0.165000	0.076182	0.172987	0.048861	0.181522	0.027760	0.190378	0.014800	0.199360	0.011575	0.208307	0.019086	0.217098	0.037561	0.225659	0.066394	0.233961	0.104250	0.242021	0.149277	0.249903	0.199396	0.257722	0.252562	0.265639	0.306964	0.273868	0.361138	0.282674	0.414002	0.292382	0.464834
661.029170	0.141455	0.238932	0.143316	0.205991	0.146799	0.171737	0.151740	0.137149	0.157929	0.103526	0.165130	0.072491	0.173096	0.045922	0.181586	0.025808	0.190374	0.014043	0.199268	0.012153	0.208107	0.021049	0.216775	0.040854	0.225197	0.070865	0.233348	0.109667	0.241248	0.155369	0.248960	0.205886	0.256602	0.259195	0.264338	0.313528	0.272382	0.367469	0.281002	0.419987	0.290522	0.470402
661.469180	0.141352	0.234482	0.143294	0.201432	0.146844	0.167185	0.151832	0.132756	0.158045	0.099484	0.165246	0.069022	0.173189	0.043261	0.181630	0.024186	0.190348	0.013646	0.199151	0.013100	0.207880	0.023361	0.216422	0.044449	0.224705	0.075566	0.232704	0.115233	0.240441	0.161527	0.247982	0.212365	0.255448	0.265754	0.263001	0.319969	0.270858	0.373646	0.279290	0.425798	0.288623	0.475786
661.909120	0.141248	0.230033	0.143273	0.196874	0.146890	0.162633	0.151924	0.128364	0.158162	0.095443	0.165363	0.065553	0.173281	0.040601	0.181674	0.022563	0.190322	0.013250	0.199034	0.014046	0.207654	0.025673	0.216070	0.048043	0.224213	0.080267	0.232059	0.120798	0.239634	0.167684	0.247005	0.218843	0.254293	0.272311	0.261664	0.326410	0.269335	0.379821	0.277579	0.431609	0.286723	0.481170
662.348940	0.141146	0.225586	0.143251	0.192343	0.146932	0.158144	0.152010	0.124075	0.158269	0.091552	0.165468	0.062283	0.173359	0.038187	0.181701	0.021224	0.190277	0.013159	0.198895	0.015298	0.207404	0.028265	0.215692	0.051871	0.223694	0.085141	0.231387	0.126467	0.238798	0.173876	0.245998	0.225295	0.253109	0.278794	0.260296	0.332738	0.267780	0.385861	0.275835	0.437270	0.284791	0.486400
662.788640	0.141043	0.221140	0.143229	0.187821	0.146973	0.153671	0.152095	0.119814	0.158374	0.087700	0.165570	0.059066	0.173432	0.035838	0.181724	0.019960	0.190226	0.013147	0.198751	0.016629	0.207147	0.030930	0.215308	0.055761	0.223168	0.090058	0.230708	0.132162	0.237955	0.180076	0.244984	0.231739	0.251916	0.285255	0.258920	0.339036	0.266217	0.391865	0.274083	0.442892	0.282850	0.491590
663.228270	0.140942	0.216700	0.143206	0.183323	0.147013	0.149246	0.152176	0.115628	0.158474	0.083955	0.165664	0.055986	0.173497	0.033655	0.181736	0.018883	0.190162	0.013334	0.198592	0.018153	0.206876	0.033768	0.214908	0.059789	0.222625	0.095074	0.230011	0.137911	0.237095	0.186286	0.243952	0.238156	0.250705	0.291661	0.257525	0.345258	0.264635	0.397779	0.272311	0.448417	0.280888	0.496681
663.667790	0.140842	0.212267	0.143184	0.178849	0.147051	0.144865	0.152254	0.111513	0.158569	0.080308	0.165752	0.053034	0.173553	0.031626	0.181737	0.017980	0.190087	0.013702	0.198421	0.019855	0.206591	0.036765	0.214493	0.063947	0.222068	0.100180	0.229299	0.143708	0.236218	0.192506	0.242902	0.244548	0.249476	0.298014	0.256112	0.351408	0.263034	0.403609	0.270520	0.453852	0.278907	0.501681
664.107180	0.140742	0.207840	0.143161	0.174390	0.147088	0.140511	0.152330	0.107437	0.158661	0.076715	0.165836	0.050150	0.173605	0.029678	0.181733	0.017166	0.190007	0.014162	0.198244	0.021644	0.206299	0.039838	0.214071	0.068164	0.221502	0.105325	0.228578	0.149523	0.235333	0.198724	0.241844	0.250923	0.248239	0.304337	0.254690	0.357520	0.261424	0.409396	0.268721	0.459241	0.276917	0.506634
664.546450	0.140644	0.203428	0.143138	0.169976	0.147123	0.136236	0.152401	0.103482	0.158745	0.073287	0.165909	0.047476	0.173644	0.027978	0.181714	0.016627	0.189909	0.014906	0.198047	0.023703	0.205985	0.043146	0.213626	0.072564	0.220913	0.110592	0.227833	0.155395	0.234422	0.204941	0.240760	0.257247	0.246975	0.310571	0.253241	0.363515	0.259786	0.415050	0.266892	0.464491	0.274897	0.511448
664.985660	0.140545	0.199017	0.143115	0.165562	0.147157	0.131963	0.152472	0.099527	0.158829	0.069860	0.165982	0.044802	0.173682	0.026278	0.181695	0.016088	0.189810	0.015649	0.197849	0.025761	0.205672	0.046454	0.213182	0.076963	0.220323	0.115858	0.227088	0.161267	0.233512	0.211157	0.239676	0.263570	0.245711	0.316804	0.251792	0.369510	0.258148	0.420703	0.265063	0.469740	0.272877	0.516261
665.424740	0.140449	0.194636	0.143091	0.161216	0.147187	0.127804	0.152535	0.095740	0.158903	0.066658	0.166041	0.042408	0.173703	0.024902	0.181655	0.015899	0.189689	0.016744	0.197627	0.028147	0.205332	0.050039	0.212708	0.081572	0.219704	0.121254	0.226312	0.167190	0.232569	0.217352	0.238560	0.269813	0.244414	0.322914	0.250309	0.375353	0.256476	0.426188	0.263198	0.474813	0.270820	0.520899
665.863710	0.140353	0.190257	0.143067	0.156874	0.147218	0.123650	0.152598	0.091960	0.158975	0.063464	0.166100	0.040023	0.173724	0.023538	0.181615	0.015722	0.189567	0.017851	0.197403	0.030544	0.204991	0.053633	0.212234	0.086186	0.219084	0.126653	0.225534	0.173113	0.231626	0.223545	0.237442	0.276052	0.243115	0.329019	0.248825	0.381189	0.254803	0.431665	0.261333	0.479880	0.268763	0.525530
666.302610	0.140258	0.185907	0.143043	0.152589	0.147245	0.119587	0.152657	0.088309	0.159041	0.060438	0.166149	0.037843	0.173732	0.022406	0.181561	0.015792	0.189429	0.019203	0.197163	0.033162	0.204631	0.057410	0.211740	0.090932	0.218443	0.132127	0.224736	0.179058	0.230660	0.229712	0.236301	0.282226	0.241793	0.335031	0.247317	0.386915	0.253104	0.437023	0.259443	0.484824	0.266680	0.530041
666.741390	0.140163	0.181571	0.143018	0.148330	0.147272	0.115565	0.152713	0.084716	0.159103	0.057489	0.166193	0.035756	0.173735	0.021379	0.181500	0.015974	0.189284	0.020664	0.196914	0.035880	0.204262	0.061268	0.211237	0.095736	0.217793	0.137634	0.223927	0.185010	0.229684	0.235865	0.235150	0.288371	0.240460	0.341001	0.245798	0.392590	0.251395	0.442326	0.257542	0.489711	0.264586	0.534497
667.180050	0.140069	0.177256	0.142994	0.144111	0.147297	0.111604	0.152766	0.081207	0.159161	0.054646	0.166231	0.033795	0.173731	0.020492	0.181431	0.016301	0.189129	0.022265	0.196655	0.038721	0.203883	0.065224	0.210723	0.100606	0.217130	0.143175	0.223106	0.190966	0.228695	0.241995	0.233986	0.294471	0.239115	0.346912	0.244266	0.398198	0.249672	0.447558	0.255626	0.494527	0.262478	0.538882
667.618590	0.139976	0.172973	0.142968	0.139948	0.147320	0.107729	0.152814	0.077816	0.159212	0.051953	0.166261	0.032014	0.173716	0.019807	0.181349	0.016836	0.188960	0.024066	0.196381	0.041740	0.203487	0.069321	0.210191	0.105574	0.216450	0.148766	0.222267	0.196927	0.227687	0.248093	0.232803	0.300509	0.237749	0.352740	0.242713	0.403710	0.247930	0.452688	0.253691	0.499239	0.260348	0.543166
668.057070	0.139884	0.168698	0.142943	0.135799	0.147341	0.103875	0.152861	0.074454	0.159261	0.049296	0.166289	0.030274	0.173699	0.019165	0.181265	0.017417	0.188788	0.025910	0.196104	0.044795	0.203088	0.073445	0.209655	0.110559	0.215766	0.154365	0.221424	0.202886	0.226676	0.254181	0.231616	0.306532	0.236380	0.358549	0.241157	0.409200	0.246183	0.457795	0.251751	0.503929	0.258214	0.547428
668.495420	0.139794	0.164479	0.142917	0.131745	0.147360	0.100160	0.152903	0.071278	0.159302	0.046872	0.166305	0.028805	0.173667	0.018820	0.181164	0.018299	0.188598	0.028038	0.195806	0.048094	0.202666	0.077757	0.209096	0.115664	0.215057	0.160016	0.220555	0.208836	0.225638	0.260209	0.230402	0.312456	0.234984	0.364232	0.239573	0.414549	0.244408	0.462753	0.249782	0.508470	0.256051	0.551546
668.933650	0.139704	0.160261	0.142891	0.127693	0.147379	0.096446	0.152945	0.068103	0.159343	0.044449	0.166321	0.027337	0.173636	0.018474	0.181063	0.019181	0.188408	0.030165	0.195508	0.051392	0.202245	0.082067	0.208537	0.120768	0.214348	0.165666	0.219687	0.214784	0.224601	0.266235	0.229188	0.318377	0.233587	0.369913	0.237990	0.419896	0.242633	0.467710	0.247814	0.513010	0.253888	0.555664
669.371830	0.139615	0.156106	0.142864	0.123741	0.147395	0.092878	0.152980	0.065119	0.159374	0.042259	0.166325	0.026137	0.173589	0.018416	0.180945	0.020348	0.188198	0.032555	0.195189	0.054910	0.201801	0.086541	0.207954	0.125971	0.213616	0.171350	0.218793	0.220711	0.223538	0.272192	0.227948	0.324197	0.232165	0.375469	0.236379	0.425106	0.240831	0.472525	0.245818	0.517409	0.251698	0.559645
669.809880	0.139526	0.151963	0.142838	0.119810	0.147410	0.089336	0.153014	0.062170	0.159404	0.040112	0.166327	0.024986	0.173540	0.018410	0.180824	0.021567	0.187985	0.034992	0.194867	0.058466	0.201353	0.091042	0.207368	0.131190	0.212879	0.177040	0.217895	0.226631	0.222470	0.278135	0.226704	0.329996	0.230737	0.381002	0.234764	0.430290	0.239024	0.477314	0.243817	0.521781	0.249504	0.563602
670.247800	0.139438	0.147870	0.142810	0.115953	0.147422	0.085899	0.153044	0.059355	0.159428	0.038126	0.166321	0.024015	0.173482	0.018593	0.180692	0.022970	0.187760	0.037593	0.194531	0.062156	0.200891	0.095637	0.206767	0.136461	0.212126	0.182740	0.216981	0.232528	0.221387	0.284027	0.225443	0.335723	0.229294	0.386449	0.233132	0.435382	0.237200	0.482008	0.241800	0.526062	0.247291	0.567470
670.685670	0.139352	0.143814	0.142783	0.112155	0.147433	0.082543	0.153071	0.056644	0.159446	0.036264	0.166309	0.023183	0.173416	0.018921	0.180551	0.024515	0.187525	0.040322	0.194185	0.065950	0.200418	0.100305	0.206154	0.141771	0.211361	0.188449	0.216055	0.238406	0.220290	0.289878	0.224169	0.341394	0.227837	0.391831	0.231487	0.440404	0.235364	0.486631	0.239769	0.530272	0.245065	0.571271
671.123410	0.139266	0.139786	0.142755	0.108398	0.147443	0.079242	0.153095	0.054002	0.159462	0.034484	0.166293	0.022441	0.173346	0.019342	0.180405	0.026148	0.187285	0.043128	0.193833	0.069803	0.199939	0.105013	0.205534	0.147101	0.210589	0.194157	0.215121	0.244267	0.219186	0.295700	0.222888	0.347028	0.226372	0.397169	0.229834	0.445380	0.233519	0.491208	0.237730	0.534438	0.242831	0.575030
671.561040	0.139182	0.135828	0.142727	0.104746	0.147449	0.076083	0.153114	0.051538	0.159471	0.032912	0.166266	0.021929	0.173263	0.020000	0.180245	0.028006	0.187028	0.046130	0.193463	0.073812	0.199441	0.109825	0.204895	0.152482	0.209797	0.199867	0.214167	0.250088	0.218062	0.301450	0.221585	0.352567	0.224886	0.402398	0.228159	0.450240	0.231653	0.495669	0.235670	0.538490	0.240575	0.578681
671.998540	0.139097	0.131871	0.142698	0.101094	0.147456	0.072925	0.153133	0.049074	0.159479	0.031341	0.166240	0.021417	0.173180	0.020657	0.180086	0.029864	0.186772	0.049132	0.193093	0.077819	0.198944	0.114636	0.204256	0.157861	0.209006	0.205576	0.213213	0.255908	0.216938	0.307198	0.220283	0.358104	0.223400	0.407627	0.226486	0.455099	0.229787	0.500128	0.233610	0.542541	0.238321	0.582332
672.435970	0.139015	0.128023	0.142669	0.097599	0.147459	0.069973	0.153145	0.046867	0.159476	0.030065	0.166200	0.021223	0.173081	0.021634	0.179906	0.032020	0.186495	0.052388	0.192701	0.082018	0.198421	0.119569	0.203592	0.163291	0.208188	0.211271	0.212233	0.261660	0.215786	0.312838	0.218954	0.363505	0.221887	0.412704	0.224784	0.459801	0.227894	0.504430	0.231522	0.546441	0.236037	0.585839
672.873290	0.138932	0.124177	0.142639	0.094105	0.147461	0.067024	0.153157	0.044660	0.159474	0.028789	0.166161	0.021030	0.172982	0.022613	0.179727	0.034177	0.186217	0.055645	0.192309	0.086217	0.197899	0.124501	0.202927	0.168720	0.207371	0.216964	0.211252	0.267410	0.214634	0.318476	0.217624	0.368905	0.220374	0.417780	0.223083	0.464501	0.226001	0.508731	0.229435	0.550339	0.233754	0.589344
673.310490	0.138851	0.120416	0.142609	0.090732	0.147461	0.064229	0.153163	0.042641	0.159463	0.027727	0.166111	0.021062	0.172871	0.023813	0.179535	0.036536	0.185925	0.059068	0.191900	0.090538	0.197361	0.129504	0.202245	0.174171	0.206535	0.222636	0.210253	0.273104	0.213463	0.324033	0.216276	0.374207	0.218842	0.422748	0.221362	0.469090	0.224088	0.512922	0.227328	0.554131	0.231453	0.592751
673.747620	0.138770	0.116691	0.142579	0.087408	0.147459	0.061498	0.153167	0.040699	0.159450	0.026751	0.166057	0.021186	0.172756	0.025104	0.179337	0.038977	0.185626	0.062559	0.191486	0.094909	0.196815	0.134537	0.201556	0.179631	0.205692	0.228299	0.209246	0.278776	0.212285	0.329556	0.214920	0.379468	0.217302	0.427671	0.219634	0.473634	0.222168	0.517068	0.225215	0.557881	0.229144	0.596117
674.184630	0.138691	0.113022	0.142548	0.084161	0.147456	0.058864	0.153169	0.038872	0.159432	0.025903	0.165998	0.021443	0.172633	0.026522	0.179132	0.041531	0.185320	0.066141	0.191062	0.099342	0.196260	0.139602	0.200857	0.185096	0.204838	0.233944	0.208229	0.284409	0.211097	0.335028	0.213553	0.384668	0.215752	0.432531	0.217895	0.478112	0.220238	0.521150	0.223090	0.561570	0.226825	0.599425
674.621520	0.138613	0.109431	0.142517	0.081019	0.147451	0.056363	0.153166	0.037201	0.159409	0.025228	0.165931	0.021880	0.172502	0.028114	0.178916	0.044239	0.185002	0.069846	0.190625	0.103861	0.195691	0.144713	0.200144	0.190568	0.203971	0.239562	0.207198	0.289991	0.209894	0.340429	0.212172	0.389788	0.214187	0.437303	0.216142	0.482502	0.218294	0.525146	0.220952	0.565175	0.224493	0.602656
675.058290	0.138536	0.105860	0.142487	0.077903	0.147445	0.053894	0.153163	0.035568	0.159384	0.024594	0.165862	0.022357	0.172368	0.029744	0.178698	0.046981	0.184681	0.073577	0.190186	0.108396	0.195120	0.149831	0.199429	0.196039	0.203100	0.245172	0.206163	0.295558	0.208688	0.345812	0.210788	0.394887	0.212620	0.442054	0.214387	0.486871	0.216347	0.529121	0.218812	0.568762	0.222158	0.605869
675.495000	0.138460	0.102412	0.142455	0.074952	0.147435	0.051630	0.153152	0.034173	0.159350	0.024220	0.165782	0.023100	0.172221	0.031626	0.178463	0.049941	0.184343	0.077477	0.189728	0.113044	0.194529	0.155003	0.198692	0.201509	0.202208	0.250735	0.205107	0.301043	0.207461	0.351089	0.209383	0.399865	0.211030	0.446677	0.212610	0.491110	0.214379	0.532970	0.216650	0.572228	0.219802	0.608970
675.931580	0.138384	0.098966	0.142423	0.072002	0.147426	0.049367	0.153142	0.032779	0.159316	0.023847	0.165703	0.023844	0.172073	0.033507	0.178229	0.052899	0.184005	0.081377	0.189271	0.117690	0.193938	0.160173	0.197956	0.206978	0.201317	0.256296	0.204051	0.306527	0.206233	0.356364	0.207977	0.404841	0.209441	0.451298	0.210833	0.495349	0.212411	0.536818	0.214490	0.575694	0.217448	0.612071
676.368040	0.138310	0.095651	0.142390	0.069223	0.147413	0.047311	0.153125	0.031622	0.159273	0.023726	0.165611	0.024839	0.171912	0.035621	0.177980	0.056054	0.183650	0.085423	0.188795	0.122428	0.193328	0.165379	0.197201	0.212432	0.200406	0.261802	0.202976	0.311923	0.204986	0.361532	0.206552	0.409698	0.207833	0.455795	0.209038	0.499463	0.210425	0.540546	0.212311	0.579047	0.215076	0.615067
676.804440	0.138236	0.092360	0.142358	0.066475	0.147399	0.045293	0.153108	0.030508	0.159229	0.023652	0.165518	0.025881	0.171749	0.037778	0.177729	0.059246	0.183292	0.089497	0.188317	0.127182	0.192715	0.170591	0.196442	0.217882	0.199491	0.267297	0.201897	0.317303	0.203735	0.366679	0.205123	0.414532	0.206221	0.460268	0.207239	0.503554	0.208436	0.544252	0.210129	0.582378	0.212700	0.618042
677.240720	0.138163	0.089161	0.142324	0.063844	0.147383	0.043415	0.153087	0.029550	0.159179	0.023742	0.165417	0.027083	0.171578	0.040080	0.177467	0.062556	0.182924	0.093655	0.187827	0.131986	0.192090	0.175817	0.195671	0.223316	0.198564	0.272749	0.200806	0.322623	0.202472	0.371755	0.203682	0.419287	0.204598	0.464661	0.205428	0.507565	0.206435	0.547882	0.207936	0.585638	0.210315	0.620952
677.676880	0.138091	0.086037	0.142291	0.061309	0.147366	0.041650	0.153062	0.028719	0.159124	0.023964	0.165311	0.028415	0.171399	0.042499	0.177198	0.065961	0.182547	0.097883	0.187328	0.136829	0.191456	0.181054	0.194890	0.228736	0.197627	0.278168	0.199704	0.327894	0.201199	0.376771	0.202231	0.423979	0.202964	0.468988	0.203608	0.511512	0.204424	0.551450	0.205734	0.588839	0.207921	0.623808
678.112980	0.138020	0.082958	0.142257	0.058830	0.147347	0.039952	0.153036	0.027961	0.159067	0.024262	0.165201	0.029819	0.171217	0.044982	0.176924	0.069418	0.182166	0.102146	0.186823	0.141690	0.190816	0.186294	0.194104	0.234144	0.196684	0.283564	0.198597	0.333136	0.199920	0.381754	0.200774	0.428634	0.201325	0.473278	0.201782	0.515423	0.202409	0.554983	0.203528	0.592008	0.205522	0.626633
678.548950	0.137950	0.080009	0.142223	0.056514	0.147325	0.038445	0.153003	0.027414	0.159003	0.024777	0.165082	0.031430	0.171023	0.047648	0.176637	0.073020	0.181770	0.106509	0.186304	0.146604	0.190161	0.191540	0.193301	0.239521	0.195725	0.288899	0.197473	0.338293	0.198625	0.386639	0.199302	0.433185	0.199670	0.477463	0.199941	0.519229	0.200380	0.558417	0.201308	0.595084	0.203111	0.629373
678.984800	0.137880	0.077062	0.142188	0.054199	0.147303	0.036938	0.152971	0.026866	0.158938	0.025292	0.164963	0.033042	0.170830	0.050313	0.176351	0.076621	0.181375	0.110871	0.185785	0.151517	0.189506	0.196785	0.192499	0.244897	0.194766	0.294232	0.196350	0.343449	0.197330	0.391523	0.197830	0.437735	0.198016	0.481647	0.198101	0.523035	0.198352	0.561850	0.199088	0.598160	0.200701	0.632112
679.420530	0.137813	0.074294	0.142153	0.052103	0.147277	0.035684	0.152932	0.026592	0.158864	0.026083	0.164832	0.034912	0.170622	0.053201	0.176049	0.080395	0.180962	0.115346	0.185248	0.156481	0.188831	0.202026	0.191677	0.250220	0.193788	0.299477	0.195207	0.348493	0.196016	0.396279	0.196339	0.442151	0.196343	0.485696	0.196243	0.526710	0.196306	0.565159	0.196854	0.601119	0.198277	0.634744
679.856200	0.137746	0.071532	0.142117	0.050016	0.147251	0.034440	0.152893	0.026328	0.158789	0.026884	0.164700	0.036792	0.170414	0.056096	0.175746	0.084175	0.180548	0.119824	0.184710	0.161446	0.188156	0.207266	0.190854	0.255542	0.192808	0.304719	0.194063	0.353533	0.194701	0.401030	0.194847	0.446561	0.194670	0.489739	0.194385	0.530380	0.194260	0.568463	0.194619	0.604074	0.195852	0.637372
680.291750	0.137680	0.068902	0.142081	0.048086	0.147223	0.033373	0.152849	0.026253	0.158707	0.027871	0.164561	0.038842	0.170196	0.059136	0.175432	0.088061	0.180123	0.124367	0.184159	0.166436	0.187468	0.212494	0.190018	0.260820	0.191816	0.309895	0.192905	0.358492	0.193373	0.405692	0.193343	0.450879	0.192985	0.493689	0.192516	0.533961	0.192204	0.571682	0.192374	0.606950	0.193420	0.639928
680.727170	0.137615	0.066337	0.142045	0.046234	0.147194	0.032394	0.152804	0.026270	0.158623	0.028950	0.164417	0.040977	0.169973	0.062245	0.175113	0.091999	0.179692	0.128942	0.183602	0.171437	0.186774	0.217715	0.189176	0.266077	0.190817	0.315039	0.191742	0.363410	0.192039	0.410310	0.191832	0.455151	0.191294	0.497594	0.190642	0.537497	0.190143	0.574861	0.190126	0.609788	0.190983	0.642449
681.162540	0.137550	0.063847	0.142008	0.044471	0.147162	0.031514	0.152755	0.026391	0.158535	0.030130	0.164269	0.043203	0.169746	0.065429	0.174788	0.095989	0.179255	0.133548	0.183038	0.176447	0.186073	0.222924	0.188326	0.271307	0.189811	0.320145	0.190572	0.368283	0.190698	0.414878	0.190315	0.459372	0.189597	0.501449	0.188761	0.540986	0.188077	0.577994	0.187873	0.612584	0.188543	0.644931
681.597780	0.137487	0.061485	0.141971	0.042859	0.147129	0.030802	0.152703	0.026686	0.158441	0.031479	0.164112	0.045580	0.169509	0.068737	0.174453	0.100069	0.178806	0.138203	0.182464	0.181470	0.185359	0.228115	0.187465	0.276492	0.188793	0.325187	0.189389	0.373080	0.189345	0.419363	0.188788	0.463508	0.187890	0.505221	0.186871	0.544394	0.186002	0.581050	0.185612	0.615310	0.186097	0.647348
682.032900	0.137424	0.059140	0.141934	0.041267	0.147095	0.030110	0.152649	0.027002	0.158346	0.032848	0.163955	0.047974	0.169271	0.072057	0.174117	0.104157	0.178357	0.142863	0.181888	0.186492	0.184645	0.233301	0.186602	0.281670	0.187774	0.330219	0.188206	0.377866	0.187991	0.423837	0.187259	0.467633	0.186182	0.508981	0.184981	0.547791	0.183927	0.584097	0.183351	0.618027	0.183650	0.649757
682.467900	0.137363	0.056990	0.141896	0.039900	0.147057	0.029665	0.152589	0.027571	0.158243	0.034457	0.163787	0.050579	0.169020	0.075544	0.173767	0.108359	0.177892	0.147582	0.181295	0.191522	0.183913	0.238451	0.185723	0.286776	0.186737	0.335154	0.187006	0.382540	0.186622	0.428190	0.185714	0.471634	0.184459	0.512621	0.183077	0.551074	0.181840	0.587037	0.181080	0.620643	0.181196	0.652075
682.902830	0.137303	0.054839	0.141858	0.038533	0.147019	0.029220	0.152529	0.028139	0.158139	0.036066	0.163620	0.053184	0.168769	0.079031	0.173416	0.112561	0.177427	0.152300	0.180702	0.196551	0.183182	0.243599	0.184843	0.291881	0.185701	0.340088	0.185806	0.387212	0.185252	0.432543	0.184170	0.475635	0.182737	0.516261	0.181173	0.554356	0.179753	0.589976	0.178809	0.623260	0.178742	0.654393
683.337650	0.137243	0.052858	0.141820	0.037360	0.146979	0.028983	0.152464	0.028915	0.158028	0.037869	0.163443	0.055955	0.168507	0.082646	0.173054	0.116846	0.176949	0.157056	0.180097	0.201575	0.182437	0.248708	0.183950	0.296920	0.184650	0.344937	0.184592	0.391789	0.183869	0.436794	0.182614	0.479535	0.181003	0.519802	0.179260	0.557544	0.177658	0.592828	0.176532	0.625795	0.176283	0.656637
683.772340	0.137185	0.050926	0.141780	0.036242	0.146937	0.028804	0.152397	0.029750	0.157914	0.039728	0.163263	0.058774	0.168243	0.086297	0.172688	0.121155	0.176468	0.161822	0.179487	0.206598	0.181688	0.253805	0.183052	0.301938	0.183596	0.349761	0.183375	0.396337	0.182483	0.441016	0.181055	0.483404	0.179267	0.523313	0.177344	0.560704	0.175561	0.595653	0.174254	0.628307	0.173823	0.658859
684.206970	0.137127	0.049100	0.141741	0.035243	0.146893	0.028752	0.152327	0.030710	0.157797	0.041699	0.163078	0.061687	0.167972	0.090018	0.172315	0.125506	0.175979	0.166604	0.178870	0.211612	0.180931	0.258873	0.182146	0.306914	0.182534	0.354533	0.182149	0.400826	0.181090	0.445176	0.179488	0.487213	0.177525	0.526766	0.175422	0.563809	0.173460	0.598427	0.171973	0.630771	0.171362	0.661038
684.641480	0.137070	0.047392	0.141700	0.034376	0.146847	0.028837	0.152253	0.031806	0.157674	0.043795	0.162886	0.064704	0.167693	0.093817	0.171934	0.129905	0.175482	0.171403	0.178243	0.216617	0.180165	0.263911	0.181232	0.311842	0.181463	0.359245	0.180916	0.405251	0.179688	0.449269	0.177915	0.490955	0.175775	0.530153	0.173496	0.566852	0.171354	0.601143	0.169687	0.633183	0.168899	0.663168
685.075870	0.137013	0.045724	0.141660	0.033553	0.146800	0.028969	0.152178	0.032947	0.157550	0.045931	0.162693	0.067753	0.167413	0.097637	0.171551	0.134315	0.174981	0.176205	0.177614	0.221616	0.179396	0.268935	0.180314	0.316752	0.180389	0.363936	0.179680	0.409652	0.178285	0.453339	0.176339	0.494674	0.174025	0.533519	0.171568	0.569875	0.169248	0.603840	0.167402	0.635576	0.166437	0.665283
685.510190	0.136959	0.044244	0.141619	0.032938	0.146751	0.029316	0.152098	0.034295	0.157418	0.048252	0.162490	0.070953	0.167123	0.101566	0.171157	0.138787	0.174469	0.181023	0.176972	0.226592	0.178615	0.273905	0.179384	0.321585	0.179303	0.368535	0.178432	0.413952	0.176869	0.457305	0.174753	0.498289	0.172265	0.536786	0.169633	0.572804	0.167136	0.606451	0.165114	0.637891	0.163974	0.667325
685.944340	0.136904	0.042766	0.141578	0.032324	0.146701	0.029663	0.152018	0.035642	0.157287	0.050573	0.162288	0.074152	0.166832	0.105493	0.170763	0.143257	0.173957	0.185840	0.176330	0.231566	0.177833	0.278873	0.178454	0.326416	0.178217	0.373132	0.177185	0.418251	0.175454	0.461269	0.173168	0.501904	0.170506	0.540051	0.167698	0.575733	0.165025	0.609060	0.162827	0.640204	0.161512	0.669366
686.378480	0.136851	0.041489	0.141537	0.031929	0.146649	0.030233	0.151933	0.037203	0.157147	0.053080	0.162076	0.077498	0.166530	0.109521	0.170355	0.147781	0.173432	0.190663	0.175675	0.236509	0.177038	0.283778	0.177510	0.331162	0.177118	0.377630	0.175924	0.422444	0.174028	0.465125	0.171572	0.505413	0.168738	0.543215	0.165756	0.578566	0.162909	0.611582	0.160538	0.642437	0.159050	0.671334
686.812440	0.136799	0.040243	0.141495	0.031567	0.146596	0.030836	0.151846	0.038793	0.157007	0.055613	0.161863	0.080865	0.166227	0.113563	0.169947	0.152310	0.172905	0.195486	0.175017	0.241445	0.176241	0.288673	0.176565	0.335893	0.176018	0.382111	0.174662	0.426619	0.172601	0.468964	0.169975	0.508905	0.166969	0.546363	0.163814	0.581384	0.160793	0.614090	0.158248	0.644657	0.156589	0.673290
687.246340	0.136747	0.039131	0.141453	0.031346	0.146540	0.031582	0.151756	0.040516	0.156861	0.058259	0.161644	0.084318	0.165917	0.117661	0.169530	0.156865	0.172369	0.200305	0.174351	0.246353	0.175435	0.293521	0.175611	0.340566	0.174909	0.386527	0.173393	0.430726	0.171167	0.472733	0.168373	0.512329	0.165196	0.549447	0.161869	0.584142	0.158676	0.616542	0.155960	0.646826	0.154131	0.675200
687.680110	0.136697	0.038121	0.141410	0.031235	0.146483	0.032435	0.151663	0.042340	0.156712	0.060991	0.161419	0.087836	0.165601	0.121801	0.169108	0.161438	0.171828	0.205122	0.173680	0.251240	0.174623	0.298335	0.174651	0.345195	0.173794	0.390892	0.172118	0.434778	0.169727	0.476449	0.166766	0.515700	0.163419	0.552481	0.159922	0.586853	0.156557	0.618951	0.153671	0.648955	0.151676	0.677075
688.113770	0.136647	0.037173	0.141368	0.031188	0.146425	0.033352	0.151568	0.044221	0.156561	0.063770	0.161192	0.091390	0.165282	0.125962	0.168683	0.166018	0.171282	0.209934	0.173004	0.256112	0.173807	0.303125	0.173688	0.349795	0.172676	0.395226	0.170840	0.438799	0.168286	0.480132	0.165157	0.519040	0.161641	0.555485	0.157974	0.589537	0.154439	0.621334	0.151384	0.651062	0.149223	0.678928
688.547300	0.136599	0.036401	0.141324	0.031325	0.146364	0.034449	0.151469	0.046266	0.156403	0.066687	0.160958	0.095046	0.164955	0.130186	0.168248	0.170621	0.170727	0.214733	0.172318	0.260944	0.172982	0.307853	0.172714	0.354319	0.171549	0.399475	0.169554	0.442730	0.166836	0.483727	0.163542	0.522295	0.159859	0.558409	0.156023	0.592145	0.152320	0.623648	0.149100	0.653105	0.146774	0.680723
688.980770	0.136551	0.035628	0.141281	0.031463	0.146304	0.035546	0.151369	0.048310	0.156245	0.069603	0.160723	0.098701	0.164628	0.134409	0.167813	0.175224	0.170173	0.219532	0.171632	0.265775	0.172157	0.312581	0.171741	0.358841	0.170422	0.403724	0.168268	0.446662	0.165387	0.487322	0.161928	0.525550	0.158077	0.561332	0.154073	0.594753	0.150202	0.625961	0.146815	0.655147	0.144327	0.682518
689.414180	0.136505	0.035083	0.141236	0.031834	0.146239	0.036869	0.151264	0.050557	0.156079	0.072683	0.160479	0.102473	0.164289	0.138698	0.167366	0.179846	0.169605	0.224307	0.170934	0.270547	0.171318	0.317225	0.170755	0.363264	0.169283	0.407862	0.166971	0.450480	0.163929	0.490804	0.160305	0.528696	0.156290	0.564153	0.152119	0.597266	0.148084	0.628188	0.144535	0.657110	0.141887	0.684241
689.847410	0.136458	0.034548	0.141192	0.032216	0.146175	0.038202	0.151159	0.052812	0.155913	0.075769	0.160235	0.106249	0.163950	0.142990	0.166919	0.184466	0.169037	0.229079	0.170235	0.275315	0.170479	0.321863	0.169769	0.367680	0.168143	0.411994	0.165674	0.454292	0.162471	0.494280	0.158683	0.531837	0.154502	0.566968	0.150167	0.599774	0.145968	0.630410	0.142256	0.659068	0.139449	0.685961
690.280580	0.136413	0.034168	0.141147	0.032754	0.146108	0.039683	0.151050	0.055195	0.155742	0.078957	0.159984	0.110095	0.163604	0.147317	0.166463	0.189092	0.168460	0.233829	0.169527	0.280039	0.169631	0.326443	0.168775	0.372026	0.166996	0.416051	0.164370	0.458028	0.161007	0.497681	0.157057	0.534906	0.152713	0.569717	0.148214	0.602219	0.143853	0.632574	0.139981	0.660975	0.137018	0.687632
690.713620	0.136369	0.033871	0.141101	0.033377	0.146040	0.041243	0.150938	0.057649	0.155567	0.082200	0.159729	0.113977	0.163253	0.151664	0.166003	0.193718	0.167879	0.238565	0.168815	0.284737	0.168779	0.330989	0.167776	0.376335	0.165846	0.420067	0.163063	0.461722	0.159540	0.501042	0.155429	0.537935	0.150922	0.572428	0.146261	0.604630	0.141740	0.634707	0.137709	0.662852	0.134593	0.689278
691.146550	0.136326	0.033655	0.141055	0.034080	0.145971	0.042877	0.150824	0.060165	0.155390	0.085490	0.159471	0.117891	0.162899	0.156024	0.165539	0.198343	0.167294	0.243286	0.168099	0.289411	0.167923	0.335502	0.166774	0.380606	0.164692	0.424044	0.161753	0.465377	0.158071	0.504364	0.153799	0.540928	0.149131	0.575105	0.144309	0.607010	0.139628	0.636811	0.135441	0.664704	0.132173	0.690899
691.579410	0.136283	0.033595	0.141009	0.034938	0.145899	0.044655	0.150706	0.062804	0.155208	0.088876	0.159207	0.121866	0.162538	0.160412	0.165068	0.202966	0.166701	0.247978	0.167374	0.294035	0.167059	0.339952	0.165764	0.384807	0.163532	0.427946	0.160438	0.468955	0.156598	0.507612	0.152166	0.543851	0.147339	0.577716	0.142358	0.609328	0.137520	0.638859	0.133180	0.666504	0.129762	0.692474
692.012150	0.136241	0.033542	0.140963	0.035803	0.145827	0.046439	0.150589	0.065447	0.155026	0.092264	0.158942	0.125843	0.162177	0.164800	0.164596	0.207586	0.166108	0.252668	0.166649	0.298657	0.166195	0.344398	0.164754	0.389003	0.162371	0.431844	0.159122	0.472529	0.155124	0.510856	0.150534	0.546769	0.145547	0.580324	0.140407	0.611644	0.135413	0.640903	0.130920	0.668301	0.127353	0.694047
692.444760	0.136201	0.033716	0.140916	0.036890	0.145752	0.048425	0.150466	0.068259	0.154836	0.095777	0.158669	0.129897	0.161805	0.169217	0.164114	0.212194	0.165503	0.257309	0.165913	0.303203	0.165321	0.348751	0.163735	0.393094	0.161201	0.435632	0.157799	0.475994	0.153646	0.513994	0.148898	0.549587	0.143755	0.582837	0.138460	0.613872	0.133313	0.642868	0.128671	0.670026	0.124961	0.695555
692.877260	0.136160	0.033891	0.140869	0.037977	0.145677	0.050411	0.150343	0.071070	0.154646	0.099289	0.158396	0.133950	0.161433	0.173634	0.163631	0.216800	0.164899	0.261948	0.165178	0.307747	0.164446	0.353102	0.162715	0.397183	0.160032	0.439419	0.156476	0.479458	0.152168	0.517131	0.147263	0.552404	0.141963	0.585349	0.136513	0.616099	0.131214	0.644833	0.126423	0.671751	0.122570	0.697062
693.309690	0.136122	0.034230	0.140822	0.039222	0.145600	0.052538	0.150215	0.073996	0.154450	0.102884	0.158116	0.138050	0.161055	0.178063	0.163141	0.221389	0.164286	0.266547	0.164434	0.312233	0.163564	0.357382	0.161689	0.401196	0.158856	0.443126	0.155149	0.482843	0.150686	0.520191	0.145627	0.555149	0.140173	0.587794	0.134570	0.618264	0.129121	0.646740	0.124185	0.673423	0.120193	0.698522
693.742000	0.136084	0.034635	0.140774	0.040530	0.145521	0.054720	0.150086	0.076968	0.154253	0.106511	0.157834	0.142168	0.160673	0.182498	0.162647	0.225971	0.163670	0.271129	0.163688	0.316694	0.162679	0.361634	0.160659	0.405177	0.157679	0.446801	0.153819	0.486195	0.149204	0.523220	0.143991	0.557865	0.138382	0.590211	0.132629	0.620404	0.127032	0.648624	0.121953	0.675074	0.117823	0.699963
694.174260	0.136046	0.035132	0.140725	0.041924	0.145441	0.056978	0.149955	0.079998	0.154052	0.110178	0.157548	0.146307	0.160287	0.186935	0.162150	0.230540	0.163050	0.275685	0.162937	0.321120	0.161790	0.365845	0.159626	0.409115	0.156498	0.450431	0.152488	0.489504	0.147720	0.526207	0.142354	0.560540	0.136593	0.592592	0.130691	0.622510	0.124947	0.650478	0.119727	0.676698	0.115462	0.701379
694.606320	0.136009	0.035763	0.140676	0.043445	0.145359	0.059346	0.149820	0.083116	0.153847	0.113905	0.157256	0.150477	0.159895	0.191375	0.161646	0.235088	0.162424	0.280202	0.162179	0.325495	0.160895	0.369995	0.158589	0.412987	0.155313	0.453995	0.151153	0.492747	0.146234	0.529132	0.140717	0.563156	0.134807	0.594917	0.128757	0.624565	0.122870	0.652285	0.117511	0.678279	0.113115	0.702756
695.038330	0.135973	0.036415	0.140628	0.044984	0.145277	0.061730	0.149686	0.086245	0.153641	0.117638	0.156964	0.154650	0.159502	0.195814	0.161141	0.239633	0.161797	0.284713	0.161421	0.329861	0.160000	0.374135	0.157550	0.416849	0.154127	0.457549	0.149818	0.495980	0.144748	0.532046	0.139080	0.565764	0.133021	0.597235	0.126824	0.626613	0.120794	0.654086	0.115298	0.679854	0.110771	0.704128
695.470280	0.135938	0.037267	0.140578	0.046710	0.145192	0.064273	0.149545	0.089497	0.153429	0.121453	0.156664	0.158860	0.159102	0.200252	0.160627	0.244142	0.161160	0.289162	0.160654	0.334147	0.159096	0.378184	0.156504	0.420614	0.152936	0.461004	0.148479	0.499118	0.143260	0.534869	0.137445	0.568285	0.131239	0.599472	0.124899	0.628588	0.118731	0.655819	0.113103	0.681368	0.108451	0.705444
695.902040	0.135904	0.038120	0.140528	0.048436	0.145106	0.066814	0.149405	0.092747	0.153217	0.125266	0.156364	0.163069	0.158701	0.204688	0.160114	0.248649	0.160524	0.293609	0.159888	0.338431	0.158192	0.382232	0.155459	0.424377	0.151745	0.464457	0.147141	0.502254	0.141773	0.537691	0.135810	0.570805	0.129458	0.601709	0.122975	0.630561	0.116669	0.657551	0.110908	0.682882	0.106131	0.706760
696.333740	0.135871	0.039139	0.140478	0.050312	0.145019	0.069483	0.149261	0.096093	0.153000	0.129138	0.156058	0.167301	0.158293	0.209115	0.159593	0.253122	0.159881	0.298001	0.159114	0.342646	0.157282	0.386201	0.154408	0.428059	0.150550	0.467829	0.145800	0.505310	0.140286	0.540437	0.134177	0.573254	0.127682	0.603879	0.121059	0.632474	0.114619	0.659228	0.108730	0.684345	0.103834	0.708031
696.765320	0.135839	0.040206	0.140428	0.052233	0.144930	0.072187	0.149116	0.099464	0.152781	0.133026	0.155750	0.171539	0.157883	0.213539	0.159070	0.257582	0.159236	0.302375	0.158339	0.346840	0.156371	0.390147	0.153356	0.431716	0.149354	0.471177	0.144458	0.508341	0.138799	0.543159	0.132545	0.575682	0.125908	0.606030	0.119146	0.634369	0.112573	0.660889	0.106558	0.685793	0.101544	0.709288
697.196840	0.135807	0.041369	0.140378	0.054239	0.144840	0.074961	0.148968	0.102886	0.152559	0.136942	0.155439	0.175786	0.157469	0.217953	0.158543	0.262019	0.158586	0.306715	0.157559	0.350991	0.155456	0.394047	0.152301	0.435324	0.148156	0.474476	0.143116	0.511327	0.137312	0.545838	0.130914	0.578069	0.124137	0.608143	0.117239	0.636229	0.110535	0.662518	0.104397	0.687213	0.099269	0.710518
697.628170	0.135776	0.042645	0.140326	0.056345	0.144749	0.077816	0.148818	0.106365	0.152333	0.140892	0.155123	0.180041	0.157051	0.222354	0.158011	0.266426	0.157932	0.311011	0.156775	0.355091	0.154536	0.397890	0.151242	0.438875	0.146956	0.477717	0.141772	0.514257	0.135825	0.548464	0.129286	0.580406	0.122371	0.610210	0.115340	0.638047	0.108508	0.664109	0.102251	0.688598	0.097012	0.711718
698.059450	0.135746	0.043949	0.140275	0.058474	0.144657	0.080690	0.148667	0.109857	0.152106	0.144849	0.154806	0.184297	0.156631	0.226752	0.157478	0.270825	0.157277	0.315296	0.155990	0.359177	0.153616	0.401719	0.150183	0.442411	0.145755	0.480944	0.140429	0.517172	0.134339	0.551077	0.127659	0.582731	0.120607	0.612266	0.113443	0.639855	0.106484	0.665690	0.100108	0.689975	0.094760	0.712910
698.490660	0.135717	0.045426	0.140223	0.060756	0.144563	0.083684	0.148511	0.113432	0.151874	0.148850	0.154483	0.188561	0.156205	0.231125	0.156937	0.275173	0.156614	0.319514	0.155199	0.363184	0.152691	0.405461	0.149120	0.445858	0.144551	0.484083	0.139084	0.520004	0.132855	0.553610	0.126038	0.584981	0.118851	0.614253	0.111558	0.641599	0.104478	0.667214	0.097988	0.691298	0.092537	0.714055
698.921690	0.135688	0.046902	0.140171	0.063036	0.144468	0.086676	0.148356	0.117006	0.151642	0.152849	0.154160	0.192824	0.155778	0.235497	0.156397	0.279520	0.155951	0.323730	0.154408	0.367188	0.151765	0.409202	0.148056	0.449304	0.143348	0.487221	0.137740	0.522834	0.131372	0.556142	0.124417	0.587230	0.117096	0.616239	0.109674	0.643343	0.102473	0.668737	0.095870	0.692622	0.090316	0.715199
699.352660	0.135660	0.048536	0.140119	0.065451	0.144371	0.089773	0.148197	0.120649	0.151405	0.156882	0.153831	0.197086	0.155345	0.239839	0.155850	0.283816	0.155283	0.327879	0.153610	0.371116	0.150835	0.412861	0.146989	0.452666	0.142143	0.490277	0.136396	0.525585	0.129890	0.558600	0.122801	0.589411	0.115350	0.618162	0.107804	0.645029	0.100486	0.670207	0.093776	0.693897	0.088124	0.716300
699.783510	0.135633	0.050205	0.140066	0.067896	0.144273	0.092893	0.148037	0.124306	0.151166	0.160921	0.153500	0.201347	0.154910	0.244175	0.155302	0.288100	0.154613	0.332011	0.152811	0.375026	0.149903	0.416500	0.145921	0.456009	0.140938	0.493313	0.135053	0.528319	0.128410	0.561041	0.121187	0.591576	0.113606	0.620070	0.105937	0.646702	0.098503	0.671665	0.091687	0.695162	0.085940	0.717390
700.214290	0.135606	0.051966	0.140013	0.070417	0.144174	0.096069	0.147875	0.127999	0.150924	0.164974	0.153166	0.205603	0.154472	0.248489	0.154750	0.292351	0.153939	0.336102	0.152010	0.378888	0.148969	0.420089	0.144852	0.459302	0.139732	0.496301	0.133710	0.531005	0.126932	0.563437	0.119577	0.593700	0.111869	0.621941	0.104080	0.648340	0.096533	0.673092	0.089615	0.696399	0.083777	0.718455
700.644960	0.135581	0.053819	0.139959	0.073014	0.144074	0.099303	0.147710	0.131728	0.150680	0.169042	0.152829	0.209854	0.154030	0.252782	0.154194	0.296567	0.153261	0.340150	0.151205	0.382702	0.148032	0.423628	0.143781	0.462544	0.138525	0.499239	0.132368	0.533644	0.125456	0.565790	0.117972	0.595783	0.110139	0.623773	0.102232	0.649944	0.094577	0.674488	0.087559	0.697606	0.081634	0.719494
701.075500	0.135556	0.055702	0.139906	0.075637	0.143973	0.102554	0.147544	0.135467	0.150435	0.173112	0.152491	0.214100	0.153587	0.257065	0.153637	0.300770	0.152583	0.344182	0.150400	0.386498	0.147095	0.427148	0.142710	0.465767	0.137318	0.502159	0.131027	0.536266	0.123982	0.568127	0.116368	0.597851	0.108412	0.625593	0.100389	0.651535	0.092626	0.675872	0.085510	0.698803	0.079500	0.720524
701.505920	0.135533	0.057729	0.139852	0.078377	0.143870	0.105890	0.147375	0.139255	0.150185	0.177197	0.152147	0.218332	0.153139	0.261308	0.153075	0.304914	0.151900	0.348142	0.149590	0.390216	0.146155	0.430587	0.141637	0.468909	0.136112	0.505001	0.129689	0.538813	0.122514	0.570393	0.114774	0.599854	0.106698	0.627352	0.098562	0.653072	0.090696	0.677206	0.083490	0.699955	0.077401	0.721513
701.936280	0.135509	0.059756	0.139798	0.081116	0.143767	0.109226	0.147206	0.143043	0.149935	0.181282	0.151803	0.222563	0.152690	0.265551	0.152512	0.309058	0.151216	0.352102	0.148780	0.393933	0.145214	0.434025	0.140564	0.472050	0.134906	0.507841	0.128350	0.541360	0.121045	0.572659	0.113180	0.601857	0.104985	0.629112	0.096736	0.654608	0.088768	0.678540	0.081470	0.701107	0.075303	0.722502
702.366520	0.135487	0.061924	0.139743	0.083968	0.143661	0.112640	0.147033	0.146873	0.149680	0.185375	0.151453	0.226772	0.152236	0.269749	0.151944	0.313138	0.150527	0.355987	0.147965	0.397568	0.144270	0.437379	0.139489	0.475108	0.133700	0.510602	0.127014	0.543831	0.119583	0.574853	0.111596	0.603793	0.103285	0.630810	0.094930	0.656089	0.086864	0.679824	0.079482	0.702214	0.073243	0.723449
702.796630	0.135465	0.064116	0.139688	0.086839	0.143555	0.116067	0.146860	0.150710	0.149425	0.189469	0.151103	0.230978	0.151780	0.273937	0.151375	0.317207	0.149838	0.359858	0.147150	0.401189	0.143326	0.440718	0.138414	0.478151	0.132494	0.513348	0.125679	0.546287	0.118123	0.577035	0.110014	0.605718	0.101588	0.632498	0.093127	0.657560	0.084966	0.681099	0.077499	0.703312	0.071191	0.724389
703.226680	0.135443	0.066389	0.139633	0.089773	0.143448	0.119536	0.146684	0.154568	0.149166	0.193563	0.150749	0.235166	0.151322	0.278096	0.150803	0.321235	0.149145	0.363682	0.146332	0.404760	0.142381	0.444006	0.137339	0.481144	0.131290	0.516045	0.124347	0.548698	0.116666	0.579175	0.108439	0.607604	0.099901	0.634150	0.091337	0.658999	0.083084	0.682344	0.075538	0.704383	0.069165	0.725304
703.656560	0.135423	0.068736	0.139577	0.092763	0.143340	0.123042	0.146507	0.158443	0.148905	0.197657	0.150393	0.239339	0.150861	0.282226	0.150228	0.325227	0.148450	0.367464	0.145513	0.408285	0.141434	0.447248	0.136264	0.484091	0.130086	0.518699	0.123017	0.551068	0.115214	0.581276	0.106870	0.609454	0.098223	0.635769	0.089559	0.660407	0.081217	0.683562	0.073596	0.705428	0.067162	0.726197
704.086430	0.135403	0.071112	0.139522	0.095775	0.143231	0.126562	0.146328	0.162324	0.148643	0.201750	0.150036	0.243504	0.150398	0.286343	0.149652	0.329202	0.147754	0.371229	0.144693	0.411792	0.140487	0.450471	0.135189	0.487020	0.128883	0.521335	0.121689	0.553421	0.113764	0.583361	0.105304	0.611289	0.096550	0.637374	0.087787	0.661803	0.079357	0.684769	0.071662	0.706464	0.065170	0.727080
704.516110	0.135384	0.073604	0.139466	0.098875	0.143119	0.130137	0.146147	0.166228	0.148378	0.205836	0.149674	0.247637	0.149930	0.290411	0.149071	0.333114	0.147054	0.374920	0.143870	0.415222	0.139538	0.453616	0.134114	0.489873	0.127682	0.523899	0.120366	0.555706	0.112322	0.585383	0.103751	0.613067	0.094892	0.638927	0.086036	0.663151	0.077525	0.685931	0.069763	0.707460	0.063219	0.727927
704.945740	0.135365	0.076096	0.139410	0.101974	0.143008	0.133712	0.145965	0.170131	0.148112	0.209921	0.149313	0.251771	0.149463	0.294478	0.148490	0.337026	0.146354	0.378612	0.143047	0.418652	0.138590	0.456762	0.133039	0.492726	0.126482	0.526462	0.119043	0.557991	0.110881	0.587405	0.102197	0.614844	0.093235	0.640479	0.084285	0.664498	0.075693	0.687093	0.067864	0.708456	0.061268	0.728774
705.375240	0.135348	0.078706	0.139353	0.105159	0.142895	0.137338	0.145780	0.174052	0.147841	0.213994	0.148946	0.255866	0.148990	0.298488	0.147905	0.340867	0.145651	0.382225	0.142221	0.422000	0.137640	0.459825	0.131965	0.495498	0.125285	0.528949	0.117726	0.560204	0.109449	0.589360	0.100658	0.616559	0.091597	0.641975	0.082559	0.665794	0.073893	0.688208	0.066003	0.709409	0.059365	0.729582
705.804630	0.135331	0.081333	0.139296	0.108355	0.142781	0.140970	0.145594	0.177975	0.147570	0.218064	0.148578	0.259955	0.148517	0.302489	0.147319	0.344697	0.144947	0.385826	0.141396	0.425335	0.136690	0.462876	0.130891	0.498259	0.124088	0.531425	0.116410	0.562406	0.108020	0.591305	0.099121	0.618266	0.089962	0.643463	0.080837	0.667082	0.072097	0.689317	0.064149	0.710355	0.057469	0.730385
706.233950	0.135314	0.084028	0.139239	0.111600	0.142666	0.144629	0.145406	0.181904	0.147297	0.222122	0.148208	0.264017	0.148042	0.306452	0.146731	0.348483	0.144241	0.389379	0.140568	0.428620	0.135740	0.465876	0.129818	0.500971	0.122895	0.533854	0.115099	0.564565	0.106597	0.593210	0.097594	0.619935	0.088340	0.644916	0.079132	0.668339	0.070322	0.690397	0.062320	0.711276	0.055604	0.731164
706.663150	0.135298	0.086779	0.139181	0.114885	0.142550	0.148310	0.145217	0.185837	0.147021	0.226170	0.147836	0.268057	0.147564	0.310384	0.146141	0.352231	0.143533	0.392890	0.139740	0.431862	0.134790	0.468834	0.128746	0.503642	0.121703	0.536244	0.113792	0.566687	0.105180	0.595081	0.096075	0.621573	0.086729	0.646341	0.077441	0.669571	0.068565	0.691452	0.060512	0.712176	0.053764	0.731923
707.092220	0.135283	0.089555	0.139124	0.118185	0.142434	0.151999	0.145027	0.189770	0.146745	0.230211	0.147463	0.272084	0.147085	0.314300	0.145550	0.355960	0.142825	0.396380	0.138912	0.435084	0.133840	0.471771	0.127675	0.506293	0.120513	0.538616	0.112487	0.568792	0.103767	0.596936	0.094561	0.623197	0.085124	0.647752	0.075757	0.670790	0.066817	0.692497	0.058716	0.713065	0.051938	0.732673
707.521180	0.135269	0.092420	0.139066	0.121546	0.142316	0.155718	0.144834	0.193706	0.146465	0.234229	0.147086	0.276070	0.146603	0.318159	0.144956	0.359623	0.142115	0.399801	0.138082	0.438234	0.132891	0.474638	0.126606	0.508876	0.119328	0.540922	0.111190	0.570836	0.102364	0.598734	0.093061	0.624769	0.083539	0.649116	0.074099	0.671965	0.065101	0.693503	0.056959	0.713918	0.050159	0.733390
707.950070	0.135255	0.095285	0.139008	0.124906	0.142198	0.159436	0.144641	0.197641	0.146186	0.238247	0.146709	0.280055	0.146121	0.322018	0.144362	0.363287	0.141405	0.403222	0.137253	0.441383	0.131941	0.477504	0.125537	0.511457	0.118143	0.543229	0.109893	0.572880	0.100962	0.600533	0.091563	0.626340	0.081954	0.650480	0.072441	0.673140	0.063385	0.694508	0.055202	0.714771	0.048379	0.734108
708.378850	0.135242	0.098243	0.138949	0.128326	0.142078	0.163181	0.144445	0.201572	0.145903	0.242235	0.146328	0.283990	0.145635	0.325812	0.143765	0.366876	0.140692	0.406563	0.136422	0.444453	0.130993	0.480291	0.124472	0.513964	0.116964	0.545464	0.108606	0.574857	0.099573	0.602269	0.090082	0.627855	0.080393	0.651792	0.070813	0.674268	0.061706	0.695470	0.053490	0.715585	0.046654	0.734788
708.807560	0.135229	0.101212	0.138890	0.131753	0.141957	0.166929	0.144249	0.205501	0.145619	0.246219	0.145947	0.287919	0.145148	0.329598	0.143167	0.370455	0.139979	0.409894	0.135592	0.447511	0.130045	0.483068	0.123408	0.516461	0.115787	0.547689	0.107320	0.576826	0.098187	0.603997	0.088604	0.629362	0.078835	0.653097	0.069190	0.675390	0.060032	0.696427	0.051785	0.716393	0.044937	0.735465
709.236080	0.135217	0.104233	0.138831	0.135212	0.141835	0.170687	0.144051	0.209423	0.145334	0.250180	0.145564	0.291813	0.144660	0.333341	0.142568	0.373987	0.139265	0.413175	0.134761	0.450520	0.129098	0.485796	0.122346	0.518911	0.114614	0.549870	0.106041	0.578753	0.096809	0.605688	0.087139	0.630834	0.077294	0.654370	0.067587	0.676482	0.058383	0.697356	0.050109	0.717177	0.043255	0.736119
709.664550	0.135205	0.107296	0.138772	0.138695	0.141713	0.174455	0.143852	0.213341	0.145046	0.254124	0.145179	0.295680	0.144170	0.337051	0.141967	0.377481	0.138551	0.416417	0.133931	0.453488	0.128152	0.488485	0.121286	0.521323	0.113444	0.552016	0.104767	0.580648	0.095440	0.607348	0.085684	0.632278	0.075765	0.655618	0.066000	0.677551	0.056754	0.698265	0.048457	0.717942	0.041602	0.736756
710.092900	0.135194	0.110377	0.138713	0.142189	0.141590	0.178225	0.143652	0.217254	0.144758	0.258057	0.144794	0.299532	0.143679	0.340743	0.141366	0.380957	0.137836	0.419639	0.133101	0.456437	0.127206	0.491155	0.120227	0.523717	0.112276	0.554145	0.103497	0.582526	0.094075	0.608994	0.084234	0.633709	0.074243	0.656853	0.064421	0.678609	0.055136	0.699163	0.046818	0.718697	0.039963	0.737384
710.521180	0.135183	0.113524	0.138653	0.145721	0.141465	0.182005	0.143450	0.221152	0.144467	0.261956	0.144404	0.303335	0.143186	0.344375	0.140763	0.384366	0.137120	0.422792	0.132271	0.459317	0.126262	0.493757	0.119173	0.526048	0.111115	0.556214	0.102236	0.584349	0.092723	0.610587	0.082802	0.635093	0.072745	0.658044	0.062871	0.679627	0.053553	0.700025	0.045222	0.719419	0.038375	0.737982
710.949340	0.135173	0.116671	0.138593	0.149251	0.141341	0.185785	0.143248	0.225049	0.144175	0.265854	0.144015	0.307136	0.142692	0.348006	0.140159	0.387775	0.136404	0.425944	0.131441	0.462196	0.125319	0.496359	0.118119	0.528377	0.109954	0.558282	0.100976	0.586171	0.091372	0.612180	0.081371	0.636476	0.071247	0.659236	0.061322	0.680645	0.051970	0.700886	0.043626	0.720141	0.036788	0.738579
711.377380	0.135164	0.119883	0.138533	0.152816	0.141215	0.189569	0.143043	0.228925	0.143881	0.269710	0.143623	0.310880	0.142196	0.351569	0.139554	0.391109	0.135687	0.429020	0.130612	0.465000	0.124378	0.498888	0.117070	0.530637	0.108803	0.560285	0.099728	0.587932	0.090038	0.613718	0.079962	0.637808	0.069777	0.660380	0.059808	0.681619	0.050430	0.701708	0.042081	0.720826	0.035261	0.739144
711.805300	0.135156	0.123104	0.138472	0.156385	0.141088	0.193352	0.142837	0.232796	0.143586	0.273559	0.143231	0.314615	0.141699	0.355122	0.138949	0.394432	0.134970	0.432085	0.129783	0.467792	0.123439	0.501405	0.116023	0.532886	0.107652	0.562278	0.098483	0.589685	0.088706	0.615247	0.078557	0.639132	0.068312	0.661517	0.058299	0.682587	0.048897	0.702525	0.040544	0.721506	0.033743	0.739703
712.233150	0.135148	0.126360	0.138412	0.159971	0.140961	0.197135	0.142631	0.236652	0.143290	0.277379	0.142838	0.318314	0.141201	0.358633	0.138343	0.397709	0.134253	0.435103	0.128955	0.470539	0.122501	0.503879	0.114979	0.535094	0.106508	0.564232	0.097245	0.591400	0.087386	0.616742	0.077165	0.640425	0.066864	0.662626	0.056812	0.683530	0.047390	0.703317	0.039038	0.722165	0.032263	0.740243
712.660890	0.135140	0.129646	0.138352	0.163570	0.140833	0.200916	0.142423	0.240493	0.142993	0.281175	0.142442	0.321980	0.140702	0.362107	0.137736	0.400948	0.133537	0.438081	0.128128	0.473246	0.121566	0.506315	0.113939	0.537266	0.105369	0.566152	0.096015	0.593085	0.086075	0.618209	0.075786	0.641692	0.065432	0.663711	0.055344	0.684450	0.045906	0.704090	0.037561	0.722805	0.030814	0.740766
713.088500	0.135133	0.132943	0.138291	0.167172	0.140704	0.204695	0.142215	0.244326	0.142695	0.284959	0.142047	0.325631	0.140203	0.365564	0.137129	0.404169	0.132821	0.441042	0.127302	0.475935	0.120632	0.508734	0.112901	0.539422	0.104233	0.568058	0.094789	0.594756	0.084769	0.619663	0.074413	0.642947	0.064007	0.664785	0.053885	0.685361	0.044434	0.704853	0.036096	0.723437	0.029381	0.741282
713.516050	0.135127	0.136284	0.138230	0.170792	0.140575	0.208466	0.142005	0.248131	0.142395	0.288699	0.141649	0.329227	0.139702	0.368958	0.136522	0.407323	0.132105	0.443935	0.126478	0.478558	0.119702	0.511089	0.111870	0.541517	0.103106	0.569907	0.093576	0.596375	0.083481	0.621069	0.073063	0.644158	0.062610	0.665819	0.052461	0.686234	0.043002	0.705583	0.034680	0.724039	0.028005	0.741769
713.943480	0.135121	0.139624	0.138169	0.174411	0.140445	0.212236	0.141795	0.251936	0.142095	0.292439	0.141251	0.332823	0.139201	0.372351	0.135914	0.410477	0.131389	0.446828	0.125654	0.481181	0.118772	0.513444	0.110838	0.543612	0.101980	0.571756	0.092363	0.597994	0.082192	0.622475	0.071713	0.645369	0.061214	0.666852	0.051036	0.687108	0.041570	0.706313	0.033264	0.724640	0.026630	0.742256
714.370790	0.135116	0.143006	0.138108	0.178043	0.140314	0.215994	0.141583	0.255706	0.141792	0.296127	0.140851	0.336356	0.138699	0.375676	0.135306	0.413558	0.130673	0.449647	0.124832	0.483733	0.117847	0.515730	0.109815	0.545643	0.100865	0.573546	0.091166	0.599557	0.080924	0.623830	0.070388	0.646533	0.059849	0.667843	0.049650	0.687942	0.040185	0.707006	0.031903	0.725207	0.025318	0.742712
714.798030	0.135110	0.146394	0.138046	0.181676	0.140182	0.219748	0.141370	0.259470	0.141489	0.299807	0.140451	0.339879	0.138197	0.378990	0.134698	0.416629	0.129958	0.452455	0.124011	0.486274	0.116923	0.518006	0.108792	0.547664	0.099751	0.575326	0.089970	0.601112	0.079658	0.625176	0.069066	0.647689	0.058489	0.668827	0.048270	0.688770	0.038807	0.707693	0.030550	0.725770	0.024016	0.743164
715.225100	0.135106	0.149801	0.137984	0.185313	0.140050	0.223491	0.141157	0.263211	0.141185	0.303455	0.140050	0.343364	0.137693	0.382261	0.134089	0.419655	0.129244	0.455220	0.123192	0.488772	0.116002	0.520241	0.107775	0.549647	0.098645	0.577070	0.088785	0.602633	0.078406	0.626493	0.067762	0.648818	0.057149	0.669785	0.046915	0.689574	0.037457	0.708359	0.029231	0.726313	0.022753	0.743598
715.652100	0.135102	0.153227	0.137922	0.188953	0.139917	0.227224	0.140942	0.266931	0.140880	0.307074	0.139647	0.346813	0.137189	0.385494	0.133481	0.422642	0.128530	0.457945	0.122375	0.491232	0.115085	0.522441	0.106763	0.551596	0.097546	0.578782	0.087608	0.604125	0.077165	0.627782	0.066471	0.649922	0.055826	0.670720	0.045581	0.690357	0.036134	0.709006	0.027943	0.726838	0.021527	0.744015
716.079040	0.135098	0.156659	0.137859	0.192592	0.139784	0.230952	0.140727	0.270642	0.140574	0.310680	0.139244	0.350249	0.136684	0.388713	0.132872	0.425614	0.127817	0.460656	0.121559	0.493677	0.114168	0.524626	0.105752	0.553531	0.096449	0.580482	0.086436	0.605606	0.075929	0.629061	0.065187	0.651016	0.054511	0.671646	0.044256	0.691132	0.034821	0.709645	0.026667	0.727357	0.020314	0.744426
716.505800	0.135095	0.160115	0.137797	0.196231	0.139650	0.234658	0.140510	0.274314	0.140267	0.314235	0.138840	0.353625	0.136179	0.391866	0.132264	0.428519	0.127106	0.463299	0.120746	0.496058	0.113259	0.526750	0.104751	0.555409	0.095365	0.582128	0.085279	0.607038	0.074713	0.630295	0.063928	0.652068	0.053229	0.672535	0.042970	0.691872	0.033554	0.710253	0.025445	0.727845	0.019164	0.744810
716.932500	0.135092	0.163571	0.137735	0.199869	0.139515	0.238364	0.140293	0.277985	0.139960	0.317790	0.138436	0.357000	0.135674	0.395019	0.131656	0.431424	0.126395	0.465943	0.119934	0.498439	0.112349	0.528874	0.103749	0.557287	0.094281	0.583775	0.084123	0.608470	0.073498	0.631528	0.062670	0.653121	0.051946	0.673423	0.041683	0.692612	0.032287	0.710860	0.024223	0.728334	0.018015	0.745193
717.359130	0.135090	0.167047	0.137672	0.203503	0.139380	0.242043	0.140075	0.281614	0.139651	0.321289	0.138031	0.360313	0.135168	0.398106	0.131049	0.434260	0.125685	0.468519	0.119125	0.500755	0.111445	0.530936	0.102758	0.559107	0.093210	0.585367	0.082984	0.609851	0.072305	0.632715	0.061440	0.654131	0.050698	0.674272	0.040438	0.693317	0.031070	0.711434	0.023059	0.728792	0.016931	0.745549
717.785580	0.135088	0.170525	0.137610	0.207135	0.139244	0.245716	0.139857	0.285232	0.139342	0.324777	0.137626	0.363612	0.134663	0.401178	0.130442	0.437083	0.124977	0.471082	0.118318	0.503058	0.110543	0.532986	0.101768	0.560916	0.092142	0.586950	0.081850	0.611223	0.071117	0.633894	0.060216	0.655132	0.049456	0.675115	0.039201	0.694014	0.029861	0.712002	0.021905	0.729245	0.015860	0.745900
718.211980	0.135087	0.174011	0.137547	0.210760	0.139108	0.249372	0.139638	0.288825	0.139032	0.328232	0.137220	0.366875	0.134158	0.404212	0.129836	0.439866	0.124270	0.473607	0.117513	0.505324	0.109646	0.535001	0.100785	0.562692	0.091082	0.588501	0.080725	0.612567	0.069943	0.635046	0.059008	0.656110	0.048235	0.675934	0.037989	0.694691	0.028682	0.712552	0.020786	0.729681	0.014828	0.746234
718.638240	0.135086	0.177504	0.137484	0.214379	0.138971	0.253009	0.139418	0.292390	0.138722	0.331653	0.136813	0.370099	0.133652	0.407205	0.129229	0.442608	0.123565	0.476091	0.116711	0.507551	0.108753	0.536980	0.099808	0.564434	0.090031	0.590022	0.079612	0.613881	0.068783	0.636172	0.057818	0.657064	0.047035	0.676732	0.036802	0.695347	0.027533	0.713082	0.019701	0.730098	0.013835	0.746552
719.064450	0.135085	0.180999	0.137420	0.217995	0.138834	0.256640	0.139197	0.295946	0.138411	0.335063	0.136406	0.373312	0.133147	0.410187	0.128624	0.445339	0.122861	0.478564	0.115911	0.509768	0.107861	0.538948	0.098833	0.566166	0.088983	0.591533	0.078502	0.615187	0.067627	0.637289	0.056633	0.658010	0.045842	0.677522	0.035622	0.695997	0.026392	0.713607	0.018626	0.730510	0.012855	0.746865
719.490480	0.135085	0.184500	0.137357	0.221595	0.138696	0.260237	0.138975	0.299453	0.138098	0.338415	0.135999	0.376461	0.132641	0.413101	0.128020	0.448002	0.122159	0.480971	0.115116	0.511921	0.106978	0.540856	0.097870	0.567842	0.087949	0.592992	0.077412	0.616445	0.066495	0.638364	0.055479	0.658916	0.044685	0.678275	0.034486	0.696613	0.025303	0.714099	0.017612	0.730893	0.011943	0.747152
719.916440	0.135085	0.188001	0.137293	0.225194	0.138558	0.263833	0.138754	0.302960	0.137786	0.341766	0.135592	0.379608	0.132136	0.416014	0.127416	0.450666	0.121458	0.483377	0.114321	0.514074	0.106095	0.542765	0.096907	0.569518	0.086916	0.594451	0.076322	0.617703	0.065364	0.639437	0.054324	0.659821	0.043529	0.679028	0.033351	0.697229	0.024215	0.714592	0.016597	0.731277	0.011032	0.747439
720.342350	0.135086	0.191505	0.137230	0.228776	0.138419	0.267394	0.138531	0.306420	0.137473	0.345063	0.135184	0.382697	0.131631	0.418867	0.126814	0.453267	0.120760	0.485723	0.113531	0.516169	0.105220	0.544619	0.095955	0.571144	0.085898	0.595863	0.075251	0.618918	0.064257	0.640471	0.053199	0.660690	0.042408	0.679748	0.032257	0.697814	0.023175	0.715056	0.015639	0.731633	0.010185	0.747700
720.768070	0.135087	0.195008	0.137167	0.232353	0.138281	0.270946	0.138308	0.309868	0.137160	0.348345	0.134777	0.385770	0.131127	0.421703	0.126213	0.455852	0.120063	0.488054	0.112743	0.518250	0.104347	0.546459	0.095005	0.572756	0.084883	0.597263	0.074186	0.620122	0.063156	0.641494	0.052082	0.661550	0.041296	0.680459	0.031175	0.698391	0.022148	0.715512	0.014696	0.731983	0.009354	0.747956
721.193730	0.135089	0.198510	0.137103	0.235916	0.138141	0.274477	0.138085	0.313288	0.136847	0.351595	0.134369	0.388808	0.130623	0.424504	0.125612	0.458402	0.119369	0.490351	0.111959	0.520299	0.103480	0.548268	0.094063	0.574341	0.083878	0.598637	0.073131	0.621302	0.062069	0.642496	0.050982	0.662389	0.040204	0.681151	0.030116	0.698950	0.021150	0.715953	0.013785	0.732318	0.008561	0.748197
721.619260	0.135091	0.202009	0.137039	0.239464	0.138001	0.277982	0.137861	0.316675	0.136533	0.354807	0.133961	0.391805	0.130119	0.427262	0.125013	0.460911	0.118677	0.492608	0.111178	0.522309	0.102617	0.550042	0.093129	0.575892	0.082883	0.599980	0.072090	0.622452	0.060999	0.643471	0.049902	0.663203	0.039137	0.681819	0.029087	0.699488	0.020185	0.716374	0.012913	0.732635	0.007811	0.748422
722.044740	0.135093	0.205506	0.136975	0.243009	0.137861	0.281482	0.137637	0.320055	0.136219	0.358010	0.133553	0.394794	0.129616	0.430012	0.124414	0.463411	0.117986	0.494857	0.110399	0.524311	0.101757	0.551809	0.092196	0.577436	0.081891	0.601316	0.071051	0.623598	0.059932	0.644440	0.048826	0.664012	0.038075	0.682484	0.028063	0.700023	0.019226	0.716792	0.012049	0.732948	0.007071	0.748643
722.470030	0.135096	0.208995	0.136911	0.246525	0.137721	0.284937	0.137412	0.323379	0.135905	0.361151	0.133146	0.397716	0.129114	0.432694	0.123818	0.465844	0.117299	0.497041	0.109627	0.526252	0.100906	0.553518	0.091278	0.578926	0.080916	0.602603	0.070036	0.624696	0.058893	0.645367	0.047785	0.664782	0.037054	0.683112	0.027089	0.700523	0.018325	0.717177	0.011250	0.733232	0.006404	0.748838
722.895260	0.135098	0.212484	0.136847	0.250040	0.137581	0.288391	0.137187	0.326702	0.135590	0.364291	0.132738	0.400637	0.128612	0.435376	0.123223	0.468277	0.116613	0.499224	0.108855	0.528193	0.100056	0.555226	0.090359	0.580416	0.079942	0.603889	0.069021	0.625794	0.057855	0.646294	0.046744	0.665552	0.036033	0.683740	0.026114	0.701023	0.017424	0.717563	0.010451	0.733516	0.005738	0.749032
723.320430	0.135102	0.215962	0.136783	0.253529	0.137439	0.291807	0.136962	0.329978	0.135276	0.367379	0.132331	0.403503	0.128111	0.438002	0.122630	0.470654	0.115931	0.501354	0.108090	0.530083	0.099216	0.556887	0.089453	0.581862	0.078984	0.605135	0.068026	0.626855	0.056841	0.647185	0.045733	0.666290	0.035049	0.684338	0.025181	0.701496	0.016571	0.717923	0.009707	0.733777	0.005134	0.749204
723.745420	0.135106	0.219435	0.136719	0.257007	0.137298	0.295208	0.136737	0.333237	0.134961	0.370447	0.131924	0.406350	0.127611	0.440607	0.122038	0.473012	0.115251	0.503466	0.107327	0.531955	0.098379	0.558532	0.088552	0.583292	0.078031	0.606366	0.067038	0.627903	0.055836	0.648065	0.044733	0.667017	0.034076	0.684927	0.024262	0.701959	0.015734	0.718275	0.008982	0.734030	0.004550	0.749369
724.170350	0.135110	0.222900	0.136655	0.260470	0.137156	0.298588	0.136511	0.336470	0.134646	0.373487	0.131517	0.409167	0.127112	0.443183	0.121448	0.475341	0.114574	0.505550	0.106568	0.533802	0.097546	0.560152	0.087657	0.584700	0.077087	0.607577	0.066061	0.628931	0.054844	0.648927	0.043748	0.667728	0.033122	0.685499	0.023366	0.702409	0.014922	0.718614	0.008286	0.734270	0.003999	0.749523
724.595210	0.135114	0.226353	0.136591	0.263909	0.137014	0.301935	0.136285	0.339664	0.134331	0.376485	0.131111	0.411939	0.126614	0.445715	0.120860	0.477627	0.113899	0.507593	0.105814	0.535609	0.096722	0.561735	0.086772	0.586073	0.076156	0.608755	0.065100	0.629930	0.053873	0.649761	0.042787	0.668412	0.032197	0.686049	0.022503	0.702836	0.014150	0.718932	0.007634	0.734491	0.003498	0.749658
725.019900	0.135118	0.229804	0.136526	0.267345	0.136872	0.305278	0.136058	0.342855	0.134016	0.379478	0.130705	0.414706	0.126117	0.448242	0.120273	0.479909	0.113226	0.509632	0.105061	0.537413	0.095898	0.563315	0.085888	0.587444	0.075226	0.609931	0.064140	0.630927	0.052903	0.650593	0.041829	0.669095	0.031275	0.686597	0.021642	0.703262	0.013381	0.719248	0.006986	0.734710	0.003000	0.749793
725.444520	0.135123	0.233233	0.136461	0.270742	0.136730	0.308569	0.135832	0.345983	0.133701	0.382404	0.130299	0.417405	0.125621	0.450701	0.119689	0.482123	0.112559	0.511606	0.104318	0.539155	0.095087	0.564838	0.085022	0.588760	0.074318	0.611057	0.063208	0.631877	0.051966	0.651383	0.040910	0.669739	0.030399	0.687108	0.020836	0.703654	0.012674	0.719534	0.006408	0.734901	0.002582	0.749900
725.869020	0.135128	0.236661	0.136397	0.274137	0.136587	0.311858	0.135605	0.349110	0.133386	0.385329	0.129894	0.420103	0.125126	0.453159	0.119106	0.484337	0.111893	0.513579	0.103574	0.540897	0.094275	0.566360	0.084155	0.590077	0.073409	0.612183	0.062276	0.632828	0.051029	0.652173	0.039991	0.670382	0.029522	0.687619	0.020031	0.704046	0.011968	0.719819	0.005830	0.735091	0.002164	0.750006
726.293460	0.135133	0.240070	0.136332	0.277502	0.136444	0.315108	0.135378	0.352192	0.133071	0.388206	0.129490	0.422752	0.124632	0.455567	0.118526	0.486503	0.111231	0.515507	0.102838	0.542595	0.093474	0.567842	0.083301	0.591356	0.072517	0.613274	0.061363	0.633746	0.050117	0.652933	0.039101	0.670998	0.028681	0.688105	0.019265	0.704414	0.011307	0.720082	0.005304	0.735260	0.001803	0.750093
726.717710	0.135138	0.243469	0.136267	0.280851	0.136301	0.318339	0.135151	0.355253	0.132756	0.391059	0.129086	0.425376	0.124140	0.457951	0.117948	0.488646	0.110572	0.517413	0.102106	0.544274	0.092678	0.569305	0.082453	0.592618	0.071633	0.614349	0.060460	0.634649	0.049216	0.653679	0.038224	0.671601	0.027855	0.688578	0.018517	0.704771	0.010666	0.720335	0.004801	0.735420	0.001468	0.750172
727.141910	0.135144	0.246857	0.136202	0.284184	0.136158	0.321550	0.134924	0.358291	0.132442	0.393889	0.128682	0.427977	0.123648	0.460312	0.117371	0.490766	0.109915	0.519297	0.101376	0.545932	0.091886	0.570749	0.081612	0.593862	0.070757	0.615407	0.059567	0.635537	0.048326	0.654411	0.037362	0.672191	0.027045	0.689039	0.017788	0.705116	0.010047	0.720577	0.004322	0.735570	0.001160	0.750241
727.566040	0.135150	0.250224	0.136137	0.287485	0.136015	0.324722	0.134697	0.361284	0.132128	0.396672	0.128280	0.430530	0.123159	0.462627	0.116798	0.492842	0.109264	0.521139	0.100655	0.547550	0.091105	0.572155	0.080783	0.595071	0.069897	0.616433	0.058694	0.636395	0.047461	0.655115	0.036528	0.672755	0.026269	0.689477	0.017097	0.705439	0.009472	0.720797	0.003893	0.735700	0.000907	0.750291
727.989990	0.135157	0.253590	0.136073	0.290785	0.135871	0.327892	0.134470	0.364276	0.131813	0.399454	0.127878	0.433082	0.122670	0.464940	0.116226	0.494916	0.108612	0.522980	0.099933	0.549167	0.090323	0.573561	0.079955	0.596279	0.069036	0.617459	0.057821	0.637253	0.046595	0.655818	0.035695	0.673319	0.025493	0.689914	0.016407	0.705762	0.008898	0.721018	0.003464	0.735830	0.000654	0.750341
728.413880	0.135164	0.256921	0.136008	0.294037	0.135728	0.331004	0.134243	0.367204	0.131500	0.402168	0.127478	0.435565	0.122184	0.467186	0.115658	0.496925	0.107970	0.524758	0.099223	0.550726	0.089557	0.574912	0.079145	0.597437	0.068201	0.618437	0.056977	0.638066	0.045766	0.656482	0.034904	0.673845	0.024767	0.690316	0.015775	0.706053	0.008388	0.721208	0.003108	0.735931	0.000482	0.750364
728.837650	0.135170	0.260251	0.135943	0.297287	0.135585	0.334113	0.134016	0.370129	0.131187	0.404880	0.127077	0.438046	0.121699	0.469430	0.115090	0.498931	0.107327	0.526534	0.098513	0.552283	0.088791	0.576262	0.078336	0.598593	0.067366	0.619415	0.056135	0.638879	0.044938	0.657144	0.034114	0.674370	0.024043	0.690717	0.015144	0.706342	0.007880	0.721397	0.002754	0.736032	0.000311	0.750386
729.261350	0.135177	0.263558	0.135878	0.300505	0.135441	0.337184	0.133789	0.373013	0.130874	0.407549	0.126679	0.440484	0.121216	0.471631	0.114527	0.500898	0.106690	0.528273	0.097811	0.553803	0.088034	0.577578	0.077540	0.599718	0.066547	0.620363	0.055311	0.639665	0.044133	0.657781	0.033352	0.674872	0.023349	0.691097	0.014549	0.706611	0.007412	0.721568	0.002445	0.736114	0.000191	0.750392
729.684880	0.135185	0.266849	0.135813	0.303701	0.135298	0.340232	0.133562	0.375871	0.130562	0.410190	0.126281	0.442895	0.120734	0.473805	0.113966	0.502839	0.106056	0.529987	0.097114	0.555301	0.087285	0.578873	0.076752	0.600823	0.065737	0.621293	0.054500	0.640434	0.043342	0.658403	0.032606	0.675359	0.022676	0.691463	0.013976	0.706867	0.006971	0.721726	0.002165	0.736186	0.000101	0.750387
730.108340	0.135192	0.270128	0.135748	0.306884	0.135154	0.343263	0.133335	0.378711	0.130250	0.412813	0.125884	0.445287	0.120254	0.475962	0.113407	0.504763	0.105425	0.531685	0.096420	0.556785	0.086539	0.580154	0.075970	0.601915	0.064935	0.622211	0.053697	0.641192	0.042561	0.659014	0.031872	0.675837	0.022016	0.691820	0.013419	0.707115	0.006546	0.721877	0.001903	0.736250	0.000033	0.750376
730.531740	0.135200	0.273378	0.135684	0.310027	0.135010	0.346248	0.133109	0.381501	0.129939	0.415385	0.125488	0.447629	0.119776	0.478069	0.112853	0.506639	0.104801	0.533338	0.095735	0.558225	0.085806	0.581395	0.075202	0.602971	0.064151	0.623095	0.052917	0.641917	0.041808	0.659596	0.031171	0.676288	0.021394	0.692151	0.012906	0.707339	0.006171	0.722005	0.001697	0.736293	0.000024	0.750344
730.954960	0.135207	0.276625	0.135619	0.313169	0.134866	0.349232	0.132882	0.384290	0.129628	0.417956	0.125093	0.449969	0.119299	0.480176	0.112299	0.508514	0.104176	0.534991	0.095050	0.559665	0.085073	0.582636	0.074436	0.604026	0.063368	0.623978	0.052138	0.642643	0.041055	0.660177	0.030471	0.676738	0.020773	0.692482	0.012393	0.707563	0.005797	0.722132	0.001491	0.736335	0.000016	0.750311
731.378110	0.135216	0.279834	0.135554	0.316261	0.134722	0.352160	0.132656	0.387020	0.129318	0.420466	0.124700	0.452249	0.118826	0.482224	0.111751	0.510334	0.103561	0.536590	0.094377	0.561055	0.084355	0.583830	0.073688	0.605038	0.062609	0.624821	0.051388	0.643331	0.040337	0.660724	0.029810	0.677155	0.020198	0.692782	0.011932	0.707759	0.005481	0.722233	0.001350	0.736352	0.000079	0.750255
731.801210	0.135224	0.283039	0.135489	0.319348	0.134579	0.355081	0.132430	0.389742	0.129008	0.422968	0.124307	0.454521	0.118353	0.484264	0.111203	0.512146	0.102947	0.538183	0.093705	0.562440	0.083639	0.585019	0.072943	0.606044	0.061852	0.625660	0.050641	0.644015	0.039623	0.661266	0.029154	0.677569	0.019629	0.693079	0.011478	0.707951	0.005173	0.722331	0.001217	0.736366	0.000151	0.750196
732.224120	0.135232	0.286217	0.135424	0.322404	0.134435	0.357967	0.132205	0.392428	0.128699	0.425434	0.123917	0.456758	0.117883	0.486270	0.110660	0.513926	0.102338	0.539744	0.093041	0.563795	0.082932	0.586180	0.072210	0.607026	0.061111	0.626475	0.049912	0.644677	0.038930	0.661788	0.028523	0.677963	0.019087	0.693359	0.011056	0.708126	0.004900	0.722413	0.001123	0.736366	0.000265	0.750123
732.646970	0.135241	0.289374	0.135359	0.325433	0.134292	0.360825	0.131979	0.395083	0.128391	0.427869	0.123527	0.458963	0.117416	0.488245	0.110120	0.515676	0.101733	0.541278	0.092384	0.565124	0.082234	0.587317	0.071487	0.607985	0.060382	0.627269	0.049198	0.645320	0.038255	0.662292	0.027913	0.678341	0.018570	0.693623	0.010661	0.708286	0.004657	0.722481	0.001063	0.736352	0.000415	0.750037
733.069700	0.135250	0.292523	0.135294	0.328452	0.134148	0.363671	0.131754	0.397726	0.128084	0.430291	0.123138	0.461157	0.116950	0.490209	0.109582	0.517416	0.101131	0.542803	0.091729	0.566444	0.081540	0.588446	0.070769	0.608936	0.059657	0.628056	0.048490	0.645956	0.037587	0.662790	0.027311	0.678714	0.018062	0.693881	0.010277	0.708441	0.004426	0.722544	0.001015	0.736333	0.000579	0.749946
733.492310	0.135259	0.295630	0.135230	0.331422	0.134005	0.366464	0.131530	0.400313	0.127778	0.432657	0.122752	0.463295	0.116488	0.492120	0.109050	0.519105	0.100538	0.544280	0.091085	0.567720	0.080860	0.589534	0.070069	0.609849	0.058957	0.628807	0.047810	0.646559	0.036952	0.663257	0.026747	0.679057	0.017598	0.694112	0.009942	0.708571	0.004250	0.722583	0.001027	0.736291	0.000807	0.749834
733.914860	0.135268	0.298738	0.135165	0.334393	0.133862	0.369256	0.131305	0.402901	0.127472	0.435023	0.122366	0.465433	0.116026	0.494031	0.108518	0.520794	0.099945	0.545756	0.090442	0.568996	0.080180	0.590621	0.069369	0.610761	0.058256	0.629558	0.047130	0.647162	0.036317	0.663724	0.026184	0.679400	0.017134	0.694343	0.009607	0.708701	0.004074	0.722622	0.001040	0.736249	0.001036	0.749722
734.337280	0.135277	0.301806	0.135100	0.337316	0.133719	0.371998	0.131082	0.405435	0.127167	0.437336	0.121982	0.467519	0.115568	0.495892	0.107993	0.522435	0.099361	0.547188	0.089810	0.570230	0.079515	0.591669	0.068687	0.611637	0.057578	0.630275	0.046477	0.647732	0.035713	0.664161	0.025657	0.679715	0.016711	0.694547	0.009319	0.708806	0.003950	0.722637	0.001109	0.736185	0.001326	0.749588
734.759580	0.135286	0.304863	0.135036	0.340228	0.133576	0.374726	0.130858	0.407956	0.126863	0.439636	0.121600	0.469592	0.115111	0.497740	0.107469	0.524064	0.098779	0.548608	0.089181	0.571453	0.078853	0.592708	0.068010	0.612504	0.056905	0.630984	0.045830	0.648295	0.035118	0.664590	0.025140	0.680023	0.016300	0.694744	0.009043	0.708904	0.003839	0.722647	0.001192	0.736116	0.001630	0.749449
735.181820	0.135295	0.307898	0.134971	0.343114	0.133433	0.377427	0.130635	0.410448	0.126560	0.441907	0.121219	0.471637	0.114657	0.499562	0.106949	0.525669	0.098201	0.550005	0.088559	0.572654	0.078201	0.593726	0.067344	0.613352	0.056245	0.631674	0.045199	0.648841	0.034540	0.665005	0.024642	0.680317	0.015912	0.694929	0.008793	0.708989	0.003757	0.722644	0.001306	0.736034	0.001968	0.749299
735.603940	0.135305	0.310903	0.134907	0.345966	0.133290	0.380092	0.130413	0.412904	0.126258	0.444142	0.120841	0.473647	0.114207	0.501348	0.106434	0.527241	0.097631	0.551371	0.087945	0.573826	0.077559	0.594717	0.066691	0.614175	0.055602	0.632342	0.044587	0.649366	0.033985	0.665398	0.024171	0.680592	0.015553	0.695095	0.008576	0.709058	0.003711	0.722625	0.001460	0.735938	0.002349	0.749134
736.025940	0.135316	0.313904	0.134842	0.348814	0.133148	0.382752	0.130190	0.415354	0.125957	0.446371	0.120463	0.475652	0.113758	0.503131	0.105919	0.528809	0.097062	0.552734	0.087333	0.574995	0.076919	0.595705	0.066040	0.614995	0.054960	0.633007	0.043978	0.649888	0.033433	0.665790	0.023703	0.680864	0.015198	0.695259	0.008362	0.709124	0.003670	0.722604	0.001619	0.735839	0.002734	0.748967
736.447810	0.135325	0.316856	0.134777	0.351605	0.133006	0.385352	0.129969	0.417743	0.125657	0.448540	0.120088	0.477598	0.113313	0.504857	0.105413	0.530323	0.096503	0.554046	0.086735	0.576117	0.076296	0.596649	0.065412	0.615774	0.054346	0.633633	0.043400	0.650374	0.032919	0.666148	0.023279	0.681105	0.014892	0.695394	0.008205	0.709163	0.003689	0.722556	0.001842	0.735715	0.003188	0.748776
736.869630	0.135335	0.319807	0.134713	0.354395	0.132864	0.387952	0.129748	0.420133	0.125358	0.450708	0.119714	0.479544	0.112868	0.506584	0.104906	0.531836	0.095945	0.555358	0.086137	0.577238	0.075674	0.597592	0.064783	0.616552	0.053731	0.634259	0.042823	0.650861	0.032405	0.666506	0.022854	0.681346	0.014587	0.695528	0.008047	0.709201	0.003707	0.722508	0.002066	0.735590	0.003643	0.748585
737.291320	0.135345	0.322721	0.134649	0.357145	0.132722	0.390508	0.129528	0.422477	0.125060	0.452833	0.119342	0.481447	0.112429	0.508269	0.104406	0.533312	0.095394	0.556633	0.085550	0.578326	0.075066	0.598505	0.064172	0.617302	0.053137	0.634859	0.042271	0.651321	0.031919	0.666840	0.022462	0.681564	0.014317	0.695641	0.007929	0.709219	0.003770	0.722441	0.002337	0.735447	0.004147	0.748376
737.712950	0.135355	0.325618	0.134585	0.359876	0.132580	0.393044	0.129309	0.424802	0.124764	0.454938	0.118972	0.483330	0.111991	0.509936	0.103909	0.534770	0.094848	0.557893	0.084968	0.579399	0.074464	0.599403	0.063568	0.618039	0.052553	0.635445	0.041729	0.651770	0.031445	0.667163	0.022084	0.681771	0.014064	0.695745	0.007829	0.709228	0.003853	0.722365	0.002629	0.735296	0.004673	0.748159
738.134400	0.135365	0.328496	0.134521	0.362587	0.132439	0.395560	0.129089	0.427106	0.124468	0.457022	0.118603	0.485194	0.111556	0.511584	0.103414	0.536211	0.094306	0.559136	0.084392	0.580456	0.073868	0.600287	0.062972	0.618761	0.051978	0.636020	0.041198	0.652208	0.030985	0.667475	0.021721	0.681969	0.013827	0.695838	0.007748	0.709227	0.003955	0.722280	0.002943	0.735136	0.005221	0.747933
738.555790	0.135375	0.331338	0.134457	0.365256	0.132298	0.398032	0.128871	0.429367	0.124175	0.459064	0.118238	0.487017	0.111124	0.513194	0.102927	0.537614	0.093772	0.560344	0.083826	0.581481	0.073286	0.601140	0.062393	0.619456	0.051424	0.636567	0.040692	0.652620	0.030552	0.667764	0.021391	0.682145	0.013626	0.695911	0.007706	0.709207	0.004101	0.722176	0.003302	0.734958	0.005819	0.747690
738.977050	0.135385	0.334178	0.134392	0.367926	0.132158	0.400504	0.128653	0.431627	0.123881	0.461105	0.117873	0.488840	0.110693	0.514802	0.102440	0.539018	0.093239	0.561552	0.083260	0.582505	0.072705	0.601994	0.061815	0.620150	0.050869	0.637114	0.040186	0.653033	0.030120	0.668052	0.021060	0.682320	0.013425	0.695983	0.007664	0.709186	0.004246	0.722072	0.003661	0.734780	0.006415	0.747446
739.398250	0.135396	0.336967	0.134328	0.370538	0.132017	0.402918	0.128436	0.433828	0.123590	0.463088	0.117512	0.490606	0.110269	0.516358	0.101961	0.540370	0.092718	0.562713	0.082710	0.583485	0.072143	0.602805	0.061259	0.620806	0.050343	0.637626	0.039713	0.653411	0.029726	0.668309	0.020773	0.682465	0.013273	0.696027	0.007677	0.709138	0.004450	0.721941	0.004083	0.734576	0.007078	0.747179
739.819340	0.135406	0.339751	0.134264	0.373146	0.131877	0.405327	0.128219	0.436024	0.123299	0.465068	0.117152	0.492370	0.109846	0.517909	0.101483	0.541720	0.092197	0.563870	0.082161	0.584463	0.071582	0.603615	0.060706	0.621459	0.049819	0.638135	0.039242	0.653787	0.029335	0.668564	0.020489	0.682609	0.013125	0.696069	0.007692	0.709088	0.004658	0.721809	0.004509	0.734370	0.007743	0.746909
740.240300	0.135417	0.342504	0.134201	0.375720	0.131737	0.407701	0.128003	0.438186	0.123010	0.467013	0.116794	0.494099	0.109426	0.519430	0.101011	0.543040	0.091684	0.565000	0.081621	0.585414	0.071033	0.604400	0.060167	0.622089	0.049312	0.638623	0.038792	0.654144	0.028967	0.668799	0.020231	0.682734	0.013006	0.696094	0.007740	0.709022	0.004900	0.721661	0.004970	0.734150	0.008447	0.746626
740.661130	0.135428	0.345231	0.134137	0.378267	0.131598	0.410047	0.127789	0.440320	0.122722	0.468931	0.116438	0.495804	0.109010	0.520926	0.100543	0.544337	0.091177	0.566109	0.081089	0.586346	0.070493	0.605166	0.059639	0.622702	0.048818	0.639094	0.038356	0.654485	0.028617	0.669021	0.019993	0.682845	0.012909	0.696106	0.007812	0.708943	0.005169	0.721501	0.005460	0.733918	0.009180	0.746331
741.081910	0.135438	0.347948	0.134074	0.380803	0.131458	0.412382	0.127575	0.442443	0.122436	0.470838	0.116084	0.497497	0.108595	0.522412	0.100077	0.545624	0.090673	0.567208	0.080561	0.587269	0.069957	0.605924	0.059116	0.623308	0.048331	0.639559	0.037928	0.654820	0.028275	0.669236	0.019765	0.682951	0.012822	0.696111	0.007895	0.708859	0.005449	0.721336	0.005962	0.733682	0.009925	0.746032
741.502560	0.135448	0.350618	0.134010	0.383290	0.131320	0.414667	0.127362	0.444516	0.122151	0.472696	0.115733	0.499144	0.108187	0.523854	0.099620	0.546870	0.090179	0.568269	0.080046	0.588155	0.069439	0.606648	0.058614	0.623881	0.047868	0.639993	0.037529	0.655126	0.027966	0.669424	0.019573	0.683031	0.012777	0.696093	0.008023	0.708752	0.005777	0.721149	0.006514	0.733423	0.010723	0.745711
741.923100	0.135458	0.353288	0.133947	0.385776	0.131181	0.416951	0.127149	0.446588	0.121867	0.474554	0.115383	0.500790	0.107778	0.525295	0.099163	0.548115	0.089685	0.569329	0.079531	0.589041	0.068921	0.607373	0.058113	0.624455	0.047405	0.640428	0.037130	0.655432	0.027657	0.669612	0.019382	0.683111	0.012731	0.696075	0.008152	0.708645	0.006105	0.720961	0.007067	0.733164	0.011521	0.745390
742.343570	0.135469	0.355912	0.133883	0.388214	0.131043	0.419186	0.126938	0.448611	0.121585	0.476365	0.115037	0.502391	0.107375	0.526693	0.098714	0.549320	0.089203	0.570351	0.079031	0.589892	0.068420	0.608063	0.057632	0.624997	0.046967	0.640832	0.036760	0.655710	0.027381	0.669773	0.019228	0.683167	0.012727	0.696033	0.008325	0.708514	0.006481	0.720751	0.007670	0.732884	0.012370	0.745048
742.763850	0.135479	0.358524	0.133820	0.390640	0.130905	0.421408	0.126727	0.450623	0.121305	0.478164	0.114693	0.503981	0.106974	0.528081	0.098267	0.550515	0.088723	0.571364	0.078534	0.590734	0.067924	0.608746	0.057157	0.625532	0.046536	0.641230	0.036398	0.655982	0.027113	0.669929	0.019083	0.683216	0.012733	0.695986	0.008508	0.708378	0.006869	0.720537	0.008284	0.732598	0.013231	0.744701
743.184140	0.135490	0.361112	0.133758	0.393040	0.130768	0.423605	0.126517	0.452609	0.121026	0.479938	0.114350	0.505548	0.106577	0.529447	0.097825	0.551689	0.088250	0.572357	0.078045	0.591557	0.067437	0.609412	0.056693	0.626051	0.046118	0.641613	0.036051	0.656239	0.026864	0.670071	0.018958	0.683252	0.012760	0.695925	0.008715	0.708230	0.007281	0.720310	0.008924	0.732302	0.014118	0.744343
743.604250	0.135501	0.363666	0.133695	0.395406	0.130632	0.425767	0.126308	0.454561	0.120749	0.481680	0.114011	0.507083	0.106184	0.530783	0.097389	0.552835	0.087785	0.573324	0.077566	0.592356	0.066963	0.610054	0.056244	0.626548	0.045717	0.641975	0.035723	0.656478	0.026637	0.670195	0.018859	0.683271	0.012816	0.695848	0.008953	0.708067	0.007726	0.720068	0.009598	0.731990	0.015040	0.743971
744.024290	0.135512	0.366217	0.133632	0.397767	0.130495	0.427926	0.126100	0.456510	0.120472	0.483418	0.113673	0.508615	0.105792	0.532115	0.096954	0.553978	0.087321	0.574288	0.077088	0.593153	0.066490	0.610694	0.055797	0.627043	0.045319	0.642336	0.035398	0.656714	0.026412	0.670317	0.018762	0.683288	0.012875	0.695770	0.009194	0.707902	0.008174	0.719824	0.010275	0.731677	0.015965	0.743597
744.444210	0.135522	0.368715	0.133570	0.400073	0.130360	0.430028	0.125893	0.458403	0.120199	0.485103	0.113339	0.510095	0.105407	0.533400	0.096530	0.555076	0.086870	0.575210	0.076627	0.593909	0.066037	0.611297	0.055374	0.627502	0.044950	0.642663	0.035108	0.656919	0.026226	0.670409	0.018708	0.683277	0.012980	0.695664	0.009485	0.707710	0.008675	0.719555	0.011008	0.731339	0.016945	0.743198
744.864010	0.135532	0.371211	0.133507	0.402378	0.130225	0.432129	0.125687	0.460296	0.119926	0.486787	0.113006	0.511575	0.105023	0.534684	0.096105	0.556174	0.086419	0.576132	0.076166	0.594666	0.065585	0.611900	0.054952	0.627962	0.044581	0.642991	0.034817	0.657124	0.026040	0.670501	0.018654	0.683266	0.013086	0.695557	0.009777	0.707517	0.009176	0.719285	0.011740	0.731001	0.017925	0.742800
745.283750	0.135542	0.373669	0.133445	0.404644	0.130090	0.434191	0.125482	0.462150	0.119656	0.488433	0.112677	0.513020	0.104644	0.535935	0.095689	0.557239	0.085978	0.577023	0.075718	0.595395	0.065148	0.612476	0.054548	0.628397	0.044233	0.643295	0.034551	0.657306	0.025882	0.670572	0.018631	0.683234	0.013225	0.695432	0.010103	0.707306	0.009714	0.718998	0.012510	0.730644	0.018944	0.742384
745.703370	0.135553	0.376107	0.133383	0.406890	0.129956	0.436233	0.125278	0.463984	0.119387	0.490062	0.112350	0.514448	0.104268	0.537169	0.095276	0.558290	0.085542	0.577900	0.075276	0.596110	0.064718	0.613040	0.054152	0.628820	0.043895	0.643587	0.034296	0.657478	0.025737	0.670633	0.018622	0.683193	0.013380	0.695297	0.010447	0.707086	0.010270	0.718701	0.013299	0.730280	0.019981	0.741960
746.122860	0.135563	0.378529	0.133321	0.409119	0.129822	0.438258	0.125075	0.465802	0.119119	0.491674	0.112025	0.515860	0.103895	0.538388	0.094867	0.559326	0.085111	0.578764	0.074839	0.596813	0.064296	0.613592	0.053765	0.629232	0.043566	0.643870	0.034052	0.657641	0.025603	0.670685	0.018627	0.683143	0.013548	0.695154	0.010806	0.706859	0.010842	0.718397	0.014103	0.729907	0.021034	0.741528
746.542240	0.135574	0.380910	0.133259	0.411306	0.129689	0.440242	0.124874	0.467580	0.118855	0.493248	0.111705	0.517235	0.103529	0.539573	0.094466	0.560331	0.084690	0.579599	0.074415	0.597487	0.063889	0.614117	0.053396	0.629619	0.043260	0.644129	0.033833	0.657781	0.025498	0.670715	0.018663	0.683072	0.013751	0.694991	0.011200	0.706611	0.011451	0.718074	0.014946	0.729517	0.022125	0.741078
746.961550	0.135584	0.383291	0.133198	0.413492	0.129556	0.442226	0.124672	0.469358	0.118590	0.494822	0.111384	0.518610	0.103162	0.540758	0.094065	0.561335	0.084270	0.580433	0.073992	0.598161	0.063482	0.614643	0.053028	0.630007	0.042954	0.644387	0.033614	0.657920	0.025394	0.670745	0.018699	0.683001	0.013954	0.694828	0.011595	0.706364	0.012060	0.717751	0.015789	0.729126	0.023216	0.740628
747.380740	0.135594	0.385619	0.133136	0.415627	0.129424	0.444158	0.124474	0.471085	0.118330	0.496346	0.111069	0.519939	0.102803	0.541899	0.093674	0.562298	0.083862	0.581227	0.073585	0.598799	0.063096	0.615134	0.052684	0.630361	0.042676	0.644615	0.033428	0.658031	0.025325	0.670747	0.018775	0.682904	0.014201	0.694638	0.012036	0.706091	0.012717	0.717402	0.016680	0.728710	0.024355	0.740154
747.799870	0.135604	0.387943	0.133074	0.417756	0.129292	0.446083	0.124275	0.472806	0.118069	0.497866	0.110755	0.521263	0.102445	0.543035	0.093284	0.563256	0.083457	0.582018	0.073180	0.599433	0.062712	0.615621	0.052343	0.630712	0.042401	0.644840	0.033245	0.658139	0.025260	0.670746	0.018855	0.682803	0.014451	0.694446	0.012481	0.705815	0.013379	0.717051	0.017576	0.728292	0.025499	0.739678
748.218810	0.135614	0.390236	0.133013	0.419854	0.129161	0.447979	0.124077	0.474498	0.117811	0.499357	0.110444	0.522560	0.102092	0.544147	0.092901	0.564191	0.083059	0.582787	0.072785	0.600047	0.062339	0.616089	0.052016	0.631045	0.042143	0.645047	0.033081	0.658230	0.025216	0.670730	0.018958	0.682687	0.014726	0.694239	0.012952	0.705526	0.014067	0.716686	0.018499	0.727860	0.026668	0.739187
748.637700	0.135624	0.392502	0.132953	0.421925	0.129031	0.449848	0.123881	0.476164	0.117555	0.500824	0.110137	0.523834	0.101743	0.545236	0.092524	0.565105	0.082669	0.583537	0.072400	0.600642	0.061978	0.616540	0.051701	0.631362	0.041899	0.645238	0.032934	0.658305	0.025191	0.670699	0.019081	0.682557	0.015023	0.694019	0.013446	0.705222	0.014779	0.716308	0.019445	0.727415	0.027862	0.738685
749.056520	0.135634	0.394760	0.132892	0.423988	0.128901	0.451710	0.123685	0.477823	0.117300	0.502284	0.109830	0.525101	0.101395	0.546319	0.092149	0.566014	0.082280	0.584281	0.072017	0.601231	0.061620	0.616986	0.051390	0.631674	0.041660	0.645425	0.032791	0.658377	0.025172	0.670664	0.019210	0.682424	0.015326	0.693794	0.013947	0.704915	0.015498	0.715926	0.020398	0.726967	0.029062	0.738179
749.475160	0.135644	0.396969	0.132832	0.426002	0.128772	0.453523	0.123492	0.479435	0.117049	0.503699	0.109530	0.526326	0.101056	0.547362	0.091784	0.566884	0.081906	0.584989	0.071650	0.601787	0.061283	0.617400	0.051104	0.631956	0.041448	0.645585	0.032679	0.658422	0.025187	0.670603	0.019377	0.682265	0.015670	0.693546	0.014489	0.704585	0.016259	0.715522	0.021394	0.726496	0.030303	0.737650
749.893740	0.135654	0.399178	0.132771	0.428015	0.128644	0.455336	0.123299	0.481047	0.116798	0.505114	0.109229	0.527550	0.100716	0.548404	0.091419	0.567754	0.081531	0.585697	0.071284	0.602344	0.060945	0.617815	0.050817	0.632238	0.041236	0.645744	0.032567	0.658467	0.025201	0.670542	0.019544	0.682106	0.016013	0.693297	0.015031	0.704255	0.017020	0.715118	0.022389	0.726026	0.031544	0.737121
750.312190	0.135664	0.401345	0.132711	0.429986	0.128516	0.457107	0.123108	0.482619	0.116550	0.506491	0.108934	0.528739	0.100384	0.549413	0.091063	0.568593	0.081168	0.586375	0.070932	0.602872	0.060624	0.618203	0.050550	0.632495	0.041047	0.645879	0.032482	0.658488	0.025245	0.670458	0.019741	0.681926	0.016389	0.693028	0.015609	0.703904	0.017816	0.714693	0.023420	0.725535	0.032819	0.736572
750.730590	0.135674	0.403497	0.132651	0.431943	0.128388	0.458864	0.122918	0.484177	0.116304	0.507855	0.108640	0.529915	0.100054	0.550410	0.090712	0.569420	0.080810	0.587043	0.070585	0.603390	0.060310	0.618581	0.050290	0.632743	0.040867	0.646005	0.032406	0.658502	0.025299	0.670367	0.019950	0.681738	0.016777	0.692751	0.016198	0.703546	0.018625	0.714260	0.024463	0.725037	0.034105	0.736017
751.148800	0.135683	0.405629	0.132591	0.433880	0.128261	0.460602	0.122729	0.485716	0.116059	0.509200	0.108349	0.531074	0.099728	0.551391	0.090364	0.570233	0.080457	0.587697	0.070245	0.603895	0.060003	0.618947	0.050040	0.632979	0.040698	0.646121	0.032342	0.658505	0.025366	0.670266	0.020173	0.681540	0.017181	0.692465	0.016803	0.703178	0.019450	0.713819	0.025522	0.724530	0.035406	0.735452
751.566960	0.135692	0.407725	0.132531	0.435781	0.128136	0.462305	0.122542	0.487222	0.115818	0.510514	0.108062	0.532202	0.099408	0.552344	0.090024	0.571018	0.080114	0.588325	0.069918	0.604376	0.059712	0.619290	0.049808	0.633194	0.040548	0.646215	0.032301	0.658488	0.025457	0.670146	0.020424	0.681324	0.017612	0.692160	0.017437	0.702792	0.020304	0.713359	0.026610	0.724005	0.036736	0.734870
751.985050	0.135702	0.409821	0.132472	0.437682	0.128010	0.464007	0.122355	0.488728	0.115577	0.511827	0.107775	0.533331	0.099088	0.553296	0.089684	0.571804	0.079771	0.588954	0.069590	0.604857	0.059420	0.619634	0.049575	0.633408	0.040398	0.646310	0.032259	0.658472	0.025549	0.670025	0.020674	0.681108	0.018044	0.691855	0.018071	0.702406	0.021158	0.712900	0.027697	0.723481	0.038065	0.734288
752.402950	0.135711	0.411864	0.132413	0.439530	0.127886	0.465658	0.122171	0.490184	0.115340	0.513093	0.107496	0.534415	0.098778	0.554206	0.089357	0.572549	0.079443	0.589545	0.069281	0.605302	0.059152	0.619943	0.049369	0.633591	0.040279	0.646374	0.032251	0.658425	0.025677	0.669876	0.020963	0.680863	0.018517	0.691523	0.018748	0.701993	0.022055	0.712415	0.028827	0.722930	0.039434	0.733679
752.820800	0.135720	0.413904	0.132353	0.441375	0.127761	0.467307	0.121987	0.491638	0.115103	0.514358	0.107217	0.535497	0.098467	0.555114	0.089030	0.573293	0.079116	0.590134	0.068973	0.605747	0.058884	0.620252	0.049164	0.633772	0.040160	0.646437	0.032244	0.658377	0.025807	0.669726	0.021254	0.680618	0.018991	0.691191	0.019426	0.701580	0.022954	0.711929	0.029958	0.722378	0.040804	0.733070
753.238530	0.135729	0.415913	0.132295	0.443190	0.127638	0.468925	0.121805	0.493062	0.114870	0.515595	0.106941	0.536553	0.098162	0.555998	0.088711	0.574014	0.078799	0.590702	0.068676	0.606170	0.058629	0.620540	0.048974	0.633935	0.040059	0.646482	0.032257	0.658313	0.025959	0.669560	0.021568	0.680357	0.019490	0.690842	0.020129	0.701151	0.023877	0.711427	0.031112	0.721810	0.042197	0.732446
753.656190	0.135738	0.417899	0.132236	0.444981	0.127516	0.470521	0.121624	0.494466	0.114638	0.516811	0.106669	0.537589	0.097862	0.556864	0.088397	0.574718	0.078488	0.591253	0.068388	0.606578	0.058384	0.620814	0.048796	0.634084	0.039971	0.646514	0.032284	0.658236	0.026126	0.669380	0.021899	0.680083	0.020006	0.690480	0.020850	0.700710	0.024818	0.710913	0.032284	0.721232	0.043605	0.731810
754.073730	0.135746	0.419874	0.132178	0.446763	0.127394	0.472108	0.121444	0.495860	0.114407	0.518019	0.106398	0.538617	0.097564	0.557721	0.088085	0.575414	0.078181	0.591797	0.068104	0.606980	0.058144	0.621082	0.048622	0.634227	0.039889	0.646540	0.032318	0.658153	0.026300	0.669196	0.022236	0.679805	0.020529	0.690114	0.021578	0.700264	0.025766	0.710394	0.033463	0.720648	0.045020	0.731169
754.491150	0.135755	0.421805	0.132120	0.448501	0.127273	0.473652	0.121266	0.497214	0.114181	0.519188	0.106134	0.539609	0.097274	0.558545	0.087784	0.576078	0.077887	0.592311	0.067835	0.607353	0.057923	0.621323	0.048471	0.634344	0.039832	0.646541	0.032379	0.658046	0.026504	0.668988	0.022606	0.679503	0.021087	0.689726	0.022340	0.699796	0.026748	0.709853	0.034674	0.720042	0.046465	0.730506
754.908450	0.135763	0.423735	0.132062	0.450238	0.127152	0.475196	0.121089	0.498567	0.113956	0.520357	0.105870	0.540600	0.096984	0.559367	0.087484	0.576741	0.077593	0.592824	0.067567	0.607725	0.057702	0.621563	0.048320	0.634460	0.039775	0.646542	0.032441	0.657939	0.026708	0.668781	0.022976	0.679201	0.021644	0.689337	0.023103	0.699328	0.027730	0.709313	0.035885	0.719436	0.047910	0.729842
755.325680	0.135772	0.425624	0.132004	0.451934	0.127033	0.476700	0.120914	0.499883	0.113734	0.521489	0.105612	0.541558	0.096702	0.560158	0.087194	0.577375	0.077311	0.593309	0.067314	0.608071	0.057498	0.621778	0.048190	0.634552	0.039741	0.646519	0.032528	0.657808	0.026940	0.668550	0.023376	0.678877	0.022232	0.688927	0.023896	0.698837	0.028742	0.708750	0.037125	0.718808	0.049382	0.729157
755.742800	0.135780	0.427501	0.131946	0.453619	0.126914	0.478193	0.120740	0.501187	0.113513	0.522611	0.105355	0.542506	0.096422	0.560940	0.086906	0.578000	0.077033	0.593786	0.067065	0.608409	0.057300	0.621985	0.048065	0.634637	0.039714	0.646489	0.032623	0.657671	0.027180	0.668313	0.023784	0.678547	0.022828	0.688511	0.024698	0.698341	0.029763	0.708182	0.038373	0.718174	0.050860	0.728466
756.159790	0.135788	0.429357	0.131889	0.455284	0.126796	0.479666	0.120567	0.502474	0.113294	0.523716	0.105101	0.543437	0.096147	0.561706	0.086624	0.578610	0.076762	0.594249	0.066824	0.608733	0.057111	0.622180	0.047951	0.634709	0.039698	0.646448	0.032730	0.657523	0.027434	0.668065	0.024207	0.678207	0.023439	0.688084	0.025514	0.697834	0.030798	0.707602	0.039635	0.717529	0.052351	0.727765
756.576720	0.135795	0.431180	0.131832	0.456916	0.126678	0.481108	0.120396	0.503730	0.113079	0.524793	0.104852	0.544341	0.095877	0.562447	0.086350	0.579196	0.076500	0.594689	0.066595	0.609036	0.056936	0.622353	0.047853	0.634763	0.039701	0.646388	0.032857	0.657356	0.027710	0.667799	0.024653	0.677848	0.024074	0.687639	0.026355	0.697311	0.031856	0.707006	0.040919	0.716868	0.053861	0.727046
756.993470	0.135803	0.433002	0.131775	0.458548	0.126561	0.482550	0.120226	0.504986	0.112863	0.525869	0.104603	0.545246	0.095607	0.563187	0.086075	0.579782	0.076238	0.595129	0.066367	0.609338	0.056762	0.622527	0.047756	0.634816	0.039704	0.646328	0.032985	0.657190	0.027986	0.667533	0.025098	0.677490	0.024709	0.687194	0.027196	0.696787	0.032914	0.706409	0.042202	0.716206	0.055371	0.726327
757.410220	0.135810	0.434775	0.131719	0.460131	0.126446	0.483945	0.120059	0.506196	0.112653	0.526902	0.104362	0.546109	0.095348	0.563889	0.085814	0.580331	0.075993	0.595534	0.066157	0.609608	0.056610	0.622670	0.047684	0.634839	0.039736	0.646238	0.033145	0.656995	0.028296	0.667239	0.025580	0.677103	0.025381	0.686722	0.028073	0.696235	0.034008	0.705785	0.043518	0.715517	0.056911	0.725581
757.826780	0.135817	0.436546	0.131662	0.461712	0.126331	0.485338	0.119891	0.507405	0.112443	0.527934	0.104121	0.546971	0.095090	0.564590	0.085553	0.580879	0.075749	0.595939	0.065949	0.609877	0.056459	0.622812	0.047613	0.634861	0.039769	0.646148	0.033304	0.656799	0.028606	0.666944	0.026062	0.676717	0.026053	0.686249	0.028950	0.695684	0.035102	0.705161	0.044835	0.714829	0.058451	0.724834
758.243290	0.135824	0.438286	0.131606	0.463263	0.126217	0.486703	0.119726	0.508588	0.112237	0.528940	0.103885	0.547809	0.094837	0.565268	0.085300	0.581406	0.075514	0.596323	0.065752	0.610127	0.056321	0.622935	0.047557	0.634865	0.039819	0.646040	0.033483	0.656587	0.028936	0.666633	0.026564	0.676313	0.026747	0.685761	0.029849	0.695115	0.036216	0.704521	0.046170	0.714123	0.060007	0.724071
758.659670	0.135831	0.440005	0.131551	0.464794	0.126104	0.488047	0.119563	0.509750	0.112033	0.529928	0.103652	0.548630	0.094589	0.565930	0.085053	0.581917	0.075286	0.596691	0.065563	0.610362	0.056192	0.623044	0.047512	0.634856	0.039881	0.645919	0.033676	0.656362	0.029281	0.666311	0.027081	0.675898	0.027454	0.685260	0.030762	0.694536	0.037344	0.703868	0.047517	0.713405	0.061574	0.723296
759.075930	0.135838	0.441714	0.131495	0.466315	0.125991	0.489383	0.119400	0.510905	0.111830	0.530907	0.103420	0.549442	0.094343	0.566584	0.084808	0.582422	0.075060	0.597054	0.065377	0.610592	0.056068	0.623148	0.047472	0.634842	0.039949	0.645794	0.033874	0.656132	0.029632	0.665983	0.027605	0.675478	0.028169	0.684755	0.031681	0.693951	0.038478	0.703211	0.048870	0.712682	0.063146	0.722515
759.492130	0.135845	0.443382	0.131440	0.467796	0.125879	0.490679	0.119241	0.512022	0.111632	0.531852	0.103195	0.550222	0.094105	0.567207	0.084574	0.582896	0.074849	0.597389	0.065208	0.610794	0.055962	0.623226	0.047453	0.634802	0.040040	0.645644	0.034097	0.655878	0.030010	0.665631	0.028157	0.675035	0.028911	0.684226	0.032628	0.693343	0.039638	0.702531	0.050247	0.711936	0.064738	0.721711
759.908140	0.135852	0.445049	0.131384	0.469276	0.125768	0.491976	0.119081	0.513139	0.111434	0.532796	0.102970	0.551002	0.093867	0.567829	0.084341	0.583370	0.074637	0.597723	0.065038	0.610996	0.055857	0.623304	0.047434	0.634763	0.040131	0.645495	0.034321	0.655624	0.030388	0.665280	0.028709	0.674593	0.029654	0.683698	0.033575	0.692736	0.040797	0.701851	0.051624	0.711191	0.066330	0.720907
760.324160	0.135858	0.446677	0.131330	0.470719	0.125658	0.493236	0.118924	0.514222	0.111240	0.533708	0.102751	0.551750	0.093638	0.568423	0.084117	0.583817	0.074438	0.598031	0.064884	0.611174	0.055770	0.623357	0.047436	0.634700	0.040244	0.645322	0.034568	0.655348	0.030791	0.664906	0.029287	0.674128	0.030423	0.683147	0.034547	0.692106	0.041981	0.701149	0.053022	0.710422	0.067940	0.720081
760.739990	0.135863	0.448293	0.131275	0.472151	0.125549	0.494485	0.118769	0.515294	0.111047	0.534610	0.102534	0.552490	0.093412	0.569008	0.083897	0.584256	0.074243	0.598331	0.064735	0.611344	0.055687	0.623404	0.047443	0.634630	0.040363	0.645143	0.034823	0.655066	0.031201	0.664526	0.029872	0.673657	0.031200	0.682591	0.035527	0.691471	0.043172	0.700440	0.054426	0.709648	0.069555	0.719249
761.155760	0.135869	0.449891	0.131221	0.473564	0.125441	0.495717	0.118614	0.516350	0.110857	0.535496	0.102320	0.553214	0.093189	0.569579	0.083682	0.584681	0.074054	0.598619	0.064592	0.611501	0.055613	0.623439	0.047459	0.634549	0.040493	0.644953	0.035089	0.654772	0.031623	0.664136	0.030469	0.673175	0.031988	0.682024	0.036518	0.690824	0.044373	0.699721	0.055840	0.708863	0.071178	0.718405
761.571410	0.135874	0.451458	0.131167	0.474948	0.125333	0.496920	0.118461	0.517378	0.110670	0.536357	0.102111	0.553914	0.092973	0.570127	0.083475	0.585084	0.073876	0.598885	0.064462	0.611639	0.055553	0.623454	0.047492	0.634449	0.040641	0.644744	0.035373	0.654461	0.032065	0.663727	0.031087	0.672675	0.032796	0.681439	0.037528	0.690160	0.045592	0.698983	0.057269	0.708059	0.072814	0.717543
761.986940	0.135880	0.453025	0.131113	0.476331	0.125225	0.498122	0.118309	0.518406	0.110483	0.537217	0.101903	0.554614	0.092757	0.570674	0.083268	0.585486	0.073698	0.599152	0.064332	0.611776	0.055493	0.623470	0.047525	0.634349	0.040788	0.644536	0.035658	0.654150	0.032507	0.663319	0.031705	0.672176	0.033605	0.680854	0.038538	0.689496	0.046811	0.698245	0.058698	0.707255	0.074450	0.716681
762.402400	0.135885	0.454544	0.131059	0.477669	0.125121	0.499282	0.118160	0.519393	0.110302	0.538038	0.101702	0.555277	0.092551	0.571186	0.083075	0.585856	0.073535	0.599386	0.064221	0.611882	0.055455	0.623456	0.047582	0.634221	0.040963	0.644299	0.035971	0.653811	0.032979	0.662883	0.032353	0.671649	0.034444	0.680242	0.039578	0.688804	0.048057	0.697480	0.060151	0.706424	0.076105	0.715790
762.817750	0.135890	0.456062	0.131006	0.479005	0.125016	0.500440	0.118012	0.520379	0.110121	0.538857	0.101502	0.555938	0.092346	0.571697	0.082883	0.586224	0.073373	0.599620	0.064111	0.611988	0.055418	0.623441	0.047640	0.634092	0.041138	0.644061	0.036285	0.653471	0.033452	0.662447	0.033003	0.671121	0.035283	0.679629	0.040618	0.688112	0.049303	0.696715	0.061603	0.705591	0.077760	0.714898
763.232970	0.135895	0.457552	0.130953	0.480314	0.124912	0.501573	0.117866	0.521340	0.109944	0.539654	0.101306	0.556577	0.092147	0.572187	0.082697	0.586573	0.073220	0.599834	0.064012	0.612075	0.055393	0.623408	0.047712	0.633946	0.041329	0.643807	0.036616	0.653115	0.033942	0.661995	0.033669	0.670578	0.036140	0.679000	0.041674	0.687403	0.050564	0.695933	0.063069	0.704742	0.079424	0.713990
763.648130	0.135899	0.459022	0.130900	0.481603	0.124809	0.502686	0.117721	0.522282	0.109769	0.540433	0.101114	0.557200	0.091953	0.572662	0.082518	0.586906	0.073075	0.600034	0.063920	0.612149	0.055378	0.623362	0.047795	0.633786	0.041531	0.643540	0.036959	0.652746	0.034446	0.661530	0.034348	0.670022	0.037009	0.678359	0.042743	0.686682	0.051835	0.695137	0.064544	0.703880	0.081096	0.713068
764.063170	0.135904	0.460483	0.130847	0.482885	0.124706	0.503792	0.117578	0.523218	0.109595	0.541206	0.100923	0.557817	0.091760	0.573131	0.082341	0.587235	0.072932	0.600230	0.063832	0.612219	0.055366	0.623311	0.047881	0.633622	0.041738	0.643269	0.037307	0.652374	0.034953	0.661061	0.035032	0.669462	0.037883	0.677713	0.043815	0.685956	0.053110	0.694337	0.066022	0.703013	0.082770	0.712142
764.478090	0.135907	0.461905	0.130795	0.484129	0.124605	0.504861	0.117437	0.524119	0.109426	0.541945	0.100739	0.558403	0.091577	0.573569	0.082175	0.587535	0.072804	0.600397	0.063761	0.612261	0.055373	0.623236	0.047988	0.633434	0.041967	0.642974	0.037678	0.651976	0.035485	0.660568	0.035741	0.668877	0.038781	0.677043	0.044910	0.685205	0.054406	0.693513	0.067516	0.702121	0.084457	0.711189
764.892880	0.135911	0.463326	0.130743	0.485372	0.124504	0.505930	0.117297	0.525020	0.109258	0.542685	0.100555	0.558988	0.091394	0.574008	0.082010	0.587835	0.072675	0.600565	0.063689	0.612304	0.055380	0.623160	0.048095	0.633246	0.042197	0.642678	0.038049	0.651580	0.036017	0.660074	0.036450	0.668293	0.039678	0.676373	0.046004	0.684455	0.055701	0.692688	0.069010	0.701228	0.086143	0.710237
765.307620	0.135914	0.464713	0.130692	0.486582	0.124405	0.506967	0.117160	0.525891	0.109094	0.543396	0.100378	0.559546	0.091219	0.574421	0.081855	0.588109	0.072559	0.600709	0.063632	0.612324	0.055404	0.623062	0.048221	0.633035	0.042445	0.642361	0.038441	0.651161	0.036570	0.659560	0.037180	0.667688	0.040596	0.675682	0.047118	0.683683	0.057013	0.691842	0.070518	0.700314	0.087841	0.709262
765.722230	0.135918	0.466087	0.130640	0.487780	0.124307	0.507994	0.117023	0.526751	0.108932	0.544096	0.100203	0.560095	0.091047	0.574824	0.081703	0.588376	0.072446	0.600845	0.063580	0.612336	0.055433	0.622956	0.048353	0.632818	0.042701	0.642037	0.038841	0.650736	0.037130	0.659038	0.037917	0.667075	0.041521	0.674983	0.048238	0.682904	0.058331	0.690988	0.072031	0.699392	0.089541	0.708279
766.136720	0.135921	0.467446	0.130589	0.488963	0.124209	0.509006	0.116888	0.527597	0.108771	0.544783	0.100031	0.560631	0.090878	0.575217	0.081556	0.588631	0.072339	0.600970	0.063534	0.612338	0.055469	0.622840	0.048492	0.632591	0.042965	0.641704	0.039248	0.650301	0.037700	0.658508	0.038663	0.666453	0.042454	0.674275	0.049365	0.682115	0.059654	0.690124	0.073548	0.698460	0.091245	0.707286
766.551150	0.135924	0.468774	0.130539	0.490116	0.124113	0.509989	0.116756	0.528417	0.108615	0.545446	0.099864	0.561143	0.090717	0.575586	0.081418	0.588864	0.072244	0.601074	0.063501	0.612319	0.055519	0.622705	0.048648	0.632344	0.043246	0.641351	0.039674	0.649847	0.038288	0.657958	0.039427	0.665812	0.043405	0.673547	0.050509	0.681306	0.060992	0.689240	0.075077	0.697507	0.092956	0.706272
766.965450	0.135927	0.470101	0.130488	0.491270	0.124016	0.510973	0.116624	0.529236	0.108458	0.546108	0.099698	0.561655	0.090555	0.575955	0.081280	0.589098	0.072148	0.601178	0.063468	0.612300	0.055570	0.622569	0.048803	0.632097	0.043527	0.640998	0.040100	0.649394	0.038876	0.657408	0.040190	0.665170	0.044356	0.672820	0.051652	0.680497	0.062329	0.688357	0.076606	0.696554	0.094666	0.705259
767.379640	0.135929	0.471387	0.130438	0.492383	0.123922	0.511918	0.116496	0.530019	0.108307	0.546735	0.099539	0.562134	0.090404	0.576293	0.081154	0.589301	0.072067	0.601253	0.063451	0.612253	0.055639	0.622406	0.048980	0.631823	0.043830	0.640619	0.040550	0.648914	0.039488	0.656832	0.040978	0.664503	0.045329	0.672065	0.052816	0.679662	0.063685	0.687445	0.078148	0.695573	0.096386	0.704215
767.793700	0.135931	0.472669	0.130388	0.493492	0.123828	0.512859	0.116368	0.530799	0.108157	0.547360	0.099381	0.562610	0.090254	0.576627	0.081029	0.589501	0.071987	0.601326	0.063436	0.612204	0.055711	0.622241	0.049158	0.631547	0.044136	0.640237	0.041002	0.648431	0.040102	0.656253	0.041768	0.663833	0.046303	0.671309	0.053981	0.678824	0.065041	0.686531	0.079690	0.694590	0.098107	0.703169
768.207700	0.135933	0.473929	0.130338	0.494580	0.123735	0.513780	0.116242	0.531559	0.108010	0.547966	0.099227	0.563068	0.090109	0.576945	0.080911	0.589685	0.071915	0.601383	0.063431	0.612139	0.055793	0.622060	0.049348	0.631257	0.044454	0.639841	0.041466	0.647935	0.040729	0.655660	0.042571	0.663148	0.047290	0.670538	0.055157	0.677970	0.066406	0.685601	0.081240	0.693591	0.099831	0.702107
768.621580	0.135934	0.475167	0.130289	0.495646	0.123643	0.514681	0.116118	0.532299	0.107866	0.548553	0.099077	0.563509	0.089970	0.577247	0.080800	0.589853	0.071852	0.601424	0.063435	0.612060	0.055885	0.621866	0.049550	0.630952	0.044785	0.639432	0.041944	0.647424	0.041369	0.655053	0.043386	0.662450	0.048288	0.669752	0.056343	0.677103	0.067780	0.684657	0.082796	0.692576	0.101559	0.701029
769.035400	0.135936	0.476400	0.130240	0.496709	0.123551	0.515578	0.115994	0.533036	0.107723	0.549137	0.098928	0.563947	0.089832	0.577545	0.080691	0.590019	0.071790	0.601463	0.063441	0.611979	0.055980	0.621669	0.049753	0.630645	0.045117	0.639019	0.042423	0.646911	0.042011	0.654444	0.044203	0.661749	0.049288	0.668963	0.057531	0.676232	0.069155	0.683710	0.084352	0.691558	0.103287	0.699948
769.449040	0.135937	0.477593	0.130191	0.497733	0.123462	0.516438	0.115874	0.533738	0.107585	0.549688	0.098787	0.564353	0.089704	0.577813	0.080593	0.590155	0.071742	0.601474	0.063464	0.611869	0.056093	0.621446	0.049978	0.630312	0.045472	0.638581	0.042925	0.646372	0.042676	0.653808	0.045041	0.661021	0.050309	0.668148	0.058737	0.675334	0.070544	0.682734	0.085920	0.690512	0.105022	0.698838
769.862610	0.135939	0.478786	0.130143	0.498758	0.123373	0.517298	0.115755	0.534441	0.107448	0.550239	0.098646	0.564759	0.089576	0.578081	0.080496	0.590292	0.071695	0.601485	0.063487	0.611760	0.056207	0.621222	0.050202	0.629979	0.045826	0.638143	0.043427	0.645833	0.043340	0.653173	0.045880	0.660294	0.051330	0.667333	0.059943	0.674436	0.071934	0.681759	0.087487	0.689466	0.106757	0.697728
770.276060	0.135939	0.479950	0.130095	0.499754	0.123285	0.518132	0.115638	0.535118	0.107314	0.550766	0.098510	0.565142	0.089456	0.578327	0.080408	0.590407	0.071658	0.601475	0.063522	0.611631	0.056334	0.620979	0.050441	0.629626	0.046196	0.637685	0.043945	0.645275	0.044021	0.652518	0.046733	0.659547	0.052364	0.666498	0.061160	0.673518	0.073332	0.680763	0.089061	0.688397	0.108494	0.696595
770.689450	0.135940	0.481099	0.130047	0.500736	0.123198	0.518952	0.115522	0.535782	0.107183	0.551280	0.098378	0.565514	0.089338	0.578562	0.080323	0.590511	0.071627	0.601455	0.063563	0.611492	0.056468	0.620726	0.050687	0.629264	0.046573	0.637219	0.044471	0.644707	0.044709	0.651854	0.047595	0.658790	0.053405	0.665653	0.062383	0.672589	0.074736	0.679756	0.090638	0.687319	0.110233	0.695451
771.102720	0.135940	0.482238	0.129999	0.501708	0.123111	0.519762	0.115407	0.536437	0.107053	0.551786	0.098247	0.565877	0.089223	0.578789	0.080243	0.590608	0.071599	0.601428	0.063608	0.611346	0.056606	0.620466	0.050939	0.628895	0.046957	0.636745	0.045003	0.644133	0.045403	0.651183	0.048462	0.658026	0.054451	0.664800	0.063610	0.671654	0.076143	0.678742	0.092216	0.686232	0.111972	0.694299
771.515870	0.135939	0.483344	0.129953	0.502650	0.123026	0.520544	0.115296	0.537064	0.106928	0.552265	0.098124	0.566215	0.089117	0.578992	0.080172	0.590682	0.071583	0.601378	0.063667	0.611179	0.056760	0.620185	0.051207	0.628505	0.047357	0.636249	0.045552	0.643537	0.046114	0.650490	0.049344	0.657240	0.055512	0.663925	0.064851	0.670695	0.077559	0.677704	0.093801	0.685120	0.113714	0.693122
771.928890	0.135939	0.484451	0.129906	0.503591	0.122942	0.521325	0.115184	0.537691	0.106803	0.552745	0.098000	0.566553	0.089010	0.579194	0.080102	0.590755	0.071568	0.601329	0.063726	0.611011	0.056914	0.619903	0.051475	0.628114	0.047757	0.635754	0.046100	0.642941	0.046825	0.649797	0.050227	0.656454	0.056572	0.663051	0.066091	0.669736	0.078975	0.676666	0.095386	0.684009	0.115455	0.691946
772.341860	0.135938	0.485523	0.129860	0.504499	0.122859	0.522074	0.115076	0.538288	0.106683	0.553195	0.097883	0.566863	0.088913	0.579371	0.080042	0.590804	0.071565	0.601254	0.063800	0.610819	0.057084	0.619598	0.051760	0.627700	0.048176	0.635236	0.046668	0.642321	0.047554	0.649080	0.051127	0.655644	0.057648	0.662151	0.067343	0.668751	0.080401	0.675601	0.096977	0.682871	0.117198	0.690740
772.754700	0.135937	0.486587	0.129813	0.505400	0.122777	0.522817	0.114970	0.538879	0.106564	0.553640	0.097768	0.567168	0.088818	0.579541	0.079985	0.590846	0.071565	0.601174	0.063876	0.610621	0.057257	0.619288	0.052049	0.627281	0.048599	0.634712	0.047240	0.641696	0.048287	0.648358	0.052030	0.654828	0.058727	0.661246	0.068598	0.667761	0.081829	0.674531	0.098568	0.681727	0.118941	0.689529
773.167420	0.135936	0.487635	0.129767	0.506284	0.122696	0.523545	0.114864	0.539455	0.106448	0.554070	0.097656	0.567459	0.088728	0.579699	0.079933	0.590877	0.071571	0.601082	0.063960	0.610412	0.057438	0.618966	0.052347	0.626851	0.049030	0.634177	0.047819	0.641060	0.049028	0.647624	0.052941	0.654001	0.059813	0.660329	0.069859	0.666758	0.083260	0.673448	0.100162	0.680569	0.120684	0.688304
773.580080	0.135935	0.488657	0.129722	0.507146	0.122615	0.524250	0.114761	0.540009	0.106336	0.554480	0.097549	0.567731	0.088643	0.579838	0.079889	0.590889	0.071586	0.600973	0.064054	0.610186	0.057630	0.618627	0.052656	0.626403	0.049474	0.633624	0.048412	0.640406	0.049781	0.646873	0.053864	0.653156	0.060909	0.659394	0.071128	0.665737	0.084697	0.672345	0.101759	0.679391	0.122428	0.687058
773.992610	0.135933	0.489680	0.129676	0.508007	0.122535	0.524954	0.114658	0.540563	0.106223	0.554890	0.097442	0.568002	0.088559	0.579978	0.079845	0.590902	0.071601	0.600863	0.064148	0.609959	0.057823	0.618288	0.052965	0.625956	0.049917	0.633072	0.049004	0.639753	0.050535	0.646122	0.054786	0.652311	0.062004	0.658459	0.072396	0.664715	0.086134	0.671243	0.103355	0.678214	0.124171	0.685812
774.405030	0.135931	0.490662	0.129631	0.508830	0.122458	0.525623	0.114559	0.541083	0.106117	0.555266	0.097344	0.568242	0.088484	0.580086	0.079813	0.590884	0.071631	0.600725	0.064260	0.609704	0.058034	0.617921	0.053295	0.625481	0.050381	0.632492	0.049618	0.639071	0.051308	0.645343	0.055727	0.651437	0.063116	0.657493	0.073678	0.663663	0.087580	0.670108	0.104956	0.677003	0.125912	0.684532
774.817320	0.135928	0.491644	0.129586	0.509652	0.122380	0.526290	0.114461	0.541601	0.106011	0.555642	0.097245	0.568480	0.088411	0.580194	0.079782	0.590866	0.071661	0.600586	0.064371	0.609449	0.058245	0.617554	0.053625	0.625005	0.050846	0.631911	0.050231	0.638390	0.052081	0.644563	0.056668	0.650562	0.064227	0.656527	0.074959	0.662610	0.089026	0.668974	0.106556	0.675792	0.127654	0.683251
775.229550	0.135925	0.492603	0.129541	0.510452	0.122304	0.526937	0.114365	0.542100	0.105908	0.555999	0.097152	0.568701	0.088343	0.580285	0.079758	0.590831	0.071700	0.600431	0.064492	0.609178	0.058467	0.617171	0.053966	0.624513	0.051322	0.631315	0.050856	0.637692	0.052865	0.643766	0.057619	0.649670	0.065347	0.655544	0.076247	0.661540	0.090475	0.667820	0.108158	0.674561	0.129394	0.681950
775.641660	0.135923	0.493545	0.129497	0.511236	0.122229	0.527568	0.114271	0.542584	0.105809	0.556341	0.097062	0.568908	0.088280	0.580361	0.079740	0.590783	0.071746	0.600263	0.064621	0.608894	0.058698	0.616775	0.054315	0.624009	0.051807	0.630706	0.051489	0.636981	0.053658	0.642957	0.058577	0.648765	0.066474	0.654547	0.077540	0.660455	0.091928	0.666652	0.109761	0.673315	0.131133	0.680633
776.053650	0.135920	0.494480	0.129453	0.512014	0.122155	0.528193	0.114177	0.543063	0.105710	0.556679	0.096973	0.569111	0.088218	0.580434	0.079723	0.590731	0.071794	0.600090	0.064751	0.608606	0.058930	0.616376	0.054667	0.623502	0.052294	0.630093	0.052125	0.636267	0.054453	0.642144	0.059537	0.647856	0.067602	0.653546	0.078834	0.659366	0.093382	0.665479	0.111364	0.672065	0.132871	0.679312
776.465580	0.135916	0.495383	0.129410	0.512760	0.122082	0.528788	0.114088	0.543512	0.105617	0.556989	0.096892	0.569286	0.088166	0.580481	0.079718	0.590653	0.071854	0.599893	0.064896	0.608294	0.059178	0.615951	0.055036	0.622969	0.052798	0.629455	0.052778	0.635527	0.055263	0.641305	0.060512	0.646921	0.068742	0.652518	0.080137	0.658248	0.094841	0.664277	0.112968	0.670784	0.134606	0.677959
776.877380	0.135913	0.496284	0.129367	0.513506	0.122009	0.529383	0.113998	0.543961	0.105524	0.557299	0.096811	0.569462	0.088114	0.580527	0.079713	0.590576	0.071915	0.599697	0.065042	0.607981	0.059426	0.615527	0.055404	0.622437	0.053302	0.628818	0.053431	0.634787	0.056074	0.640466	0.061486	0.645985	0.069882	0.651490	0.081439	0.657132	0.096300	0.663076	0.114572	0.669503	0.136341	0.676606
777.289060	0.135909	0.497159	0.129324	0.514225	0.121938	0.529953	0.113911	0.544387	0.105435	0.557585	0.096736	0.569615	0.088069	0.580552	0.079717	0.590478	0.071986	0.599479	0.065198	0.607649	0.059687	0.615083	0.055786	0.621884	0.053819	0.628160	0.054096	0.634027	0.056896	0.639606	0.062471	0.645029	0.071030	0.650440	0.082748	0.655991	0.097762	0.661850	0.116175	0.668198	0.138072	0.675227
777.700680	0.135904	0.498022	0.129282	0.514934	0.121868	0.530512	0.113825	0.544802	0.105348	0.557862	0.096663	0.569759	0.088027	0.580568	0.079725	0.590370	0.072061	0.599253	0.065360	0.607308	0.059953	0.614631	0.056173	0.621324	0.054343	0.627494	0.054767	0.633258	0.057724	0.638737	0.063460	0.644063	0.072182	0.649380	0.084059	0.654841	0.099225	0.660615	0.117780	0.666882	0.139801	0.673838
778.112180	0.135900	0.498875	0.129240	0.515632	0.121798	0.531061	0.113741	0.545208	0.105263	0.558130	0.096592	0.569894	0.087988	0.580575	0.079735	0.590255	0.072140	0.599019	0.065525	0.606959	0.060223	0.614171	0.056564	0.620755	0.054871	0.626821	0.055443	0.632481	0.058556	0.637860	0.064454	0.643089	0.073337	0.648311	0.085373	0.653682	0.100689	0.659370	0.119383	0.665556	0.141529	0.672438
778.523560	0.135895	0.499699	0.129198	0.516303	0.121731	0.531585	0.113659	0.545589	0.105182	0.558375	0.096528	0.570006	0.087957	0.580561	0.079755	0.590118	0.072230	0.598764	0.065703	0.606590	0.060506	0.613690	0.056969	0.620166	0.055411	0.626126	0.056131	0.631683	0.059400	0.636962	0.065457	0.642092	0.074501	0.647220	0.086692	0.652499	0.102155	0.658099	0.120985	0.664204	0.143252	0.671010
778.934810	0.135890	0.500522	0.129157	0.516975	0.121663	0.532109	0.113578	0.545971	0.105101	0.558619	0.096463	0.570119	0.087926	0.580547	0.079775	0.589982	0.072319	0.598509	0.065880	0.606221	0.060789	0.613209	0.057374	0.619577	0.055952	0.625431	0.056819	0.630885	0.060244	0.636063	0.066460	0.641096	0.075664	0.646129	0.088010	0.651316	0.103622	0.656829	0.122587	0.662852	0.144975	0.669583
779.346010	0.135884	0.501315	0.129115	0.517616	0.121597	0.532604	0.113500	0.546324	0.105025	0.558837	0.096406	0.570206	0.087904	0.580508	0.079805	0.589821	0.072420	0.598231	0.066071	0.605827	0.061087	0.612705	0.057794	0.618964	0.056508	0.624712	0.057521	0.630062	0.061101	0.635139	0.067475	0.640073	0.076835	0.645010	0.089335	0.650105	0.105090	0.655530	0.124188	0.661469	0.146692	0.668124
779.757080	0.135878	0.502101	0.129074	0.518251	0.121532	0.533093	0.113423	0.546673	0.104951	0.559049	0.096350	0.570288	0.087883	0.580464	0.079838	0.589656	0.072524	0.597947	0.066264	0.605429	0.061387	0.612196	0.058216	0.618346	0.057066	0.623989	0.058226	0.629235	0.061960	0.634210	0.068491	0.639045	0.078008	0.643886	0.090660	0.648889	0.106559	0.654225	0.125788	0.660081	0.148407	0.666659
780.168030	0.135872	0.502872	0.129034	0.518871	0.121467	0.533568	0.113348	0.547008	0.104879	0.559249	0.096298	0.570358	0.087867	0.580408	0.079875	0.589479	0.072633	0.597652	0.066463	0.605020	0.061693	0.611675	0.058646	0.617717	0.057631	0.623253	0.058938	0.628396	0.062824	0.633269	0.069513	0.638005	0.079185	0.642749	0.091987	0.647659	0.108028	0.652906	0.127386	0.658677	0.150119	0.665178
780.578920	0.135866	0.503621	0.128993	0.519471	0.121404	0.534023	0.113276	0.547324	0.104811	0.559430	0.096250	0.570410	0.087856	0.580335	0.079920	0.589284	0.072751	0.597341	0.066672	0.604594	0.062010	0.611138	0.059085	0.617072	0.058206	0.622501	0.059659	0.627539	0.063698	0.632310	0.070541	0.636946	0.080367	0.641593	0.093318	0.646408	0.109498	0.651565	0.128982	0.657252	0.151826	0.663674
780.989690	0.135859	0.504370	0.128953	0.520070	0.121342	0.534478	0.113203	0.547639	0.104744	0.559611	0.096202	0.570462	0.087845	0.580262	0.079965	0.589090	0.072869	0.597029	0.066881	0.604169	0.062326	0.610601	0.059524	0.616426	0.058782	0.621749	0.060380	0.626682	0.064571	0.631351	0.071569	0.635888	0.081549	0.640437	0.094648	0.645158	0.110967	0.650225	0.130578	0.655827	0.153532	0.662171
781.400330	0.135852	0.505083	0.128914	0.520635	0.121281	0.534900	0.113134	0.547923	0.104682	0.559763	0.096163	0.570484	0.087845	0.580160	0.080021	0.588867	0.073000	0.596690	0.067104	0.603715	0.062658	0.610037	0.059979	0.615752	0.059372	0.620968	0.061116	0.625797	0.065458	0.630363	0.072608	0.634798	0.082739	0.639249	0.095982	0.643874	0.112437	0.648849	0.132170	0.654365	0.155230	0.660628
781.810850	0.135845	0.505795	0.128874	0.521200	0.121221	0.535321	0.113066	0.548206	0.104620	0.559913	0.096123	0.570505	0.087845	0.580057	0.080078	0.588644	0.073131	0.596350	0.067328	0.603261	0.062990	0.609471	0.060435	0.615078	0.059964	0.620187	0.061852	0.624911	0.066344	0.629374	0.073647	0.633707	0.083929	0.638060	0.097317	0.642590	0.113906	0.647474	0.133761	0.652902	0.156927	0.659085
782.221310	0.135838	0.506488	0.128835	0.521746	0.121162	0.535724	0.113000	0.548473	0.104561	0.560046	0.096088	0.570511	0.087850	0.579939	0.080141	0.588406	0.073270	0.595994	0.067560	0.602792	0.063331	0.608891	0.060899	0.614388	0.060563	0.619390	0.062596	0.624009	0.067238	0.628368	0.074692	0.632600	0.085123	0.636853	0.098653	0.641287	0.115375	0.646078	0.135349	0.651419	0.158619	0.657520
782.631650	0.135830	0.507164	0.128797	0.522275	0.121105	0.536113	0.112936	0.548724	0.104506	0.560166	0.096056	0.570503	0.087860	0.579807	0.080209	0.588154	0.073415	0.595626	0.067798	0.602310	0.063679	0.608298	0.061371	0.613686	0.061170	0.618579	0.063346	0.623093	0.068138	0.627348	0.075742	0.631477	0.086320	0.635631	0.099991	0.639968	0.116843	0.644666	0.136935	0.649918	0.160306	0.655938
783.041870	0.135822	0.507836	0.128758	0.522802	0.121047	0.536497	0.112873	0.548972	0.104451	0.560282	0.096026	0.570492	0.087871	0.579673	0.080279	0.587900	0.073561	0.595256	0.068038	0.601826	0.064028	0.607702	0.061844	0.612980	0.061777	0.617766	0.064098	0.622173	0.069038	0.626325	0.076792	0.630352	0.087517	0.634406	0.101329	0.638646	0.118311	0.643250	0.138519	0.648414	0.161991	0.654351
783.452030	0.135814	0.508477	0.128720	0.523297	0.120992	0.536853	0.112813	0.549192	0.104401	0.560371	0.096003	0.570454	0.087891	0.579512	0.080360	0.587620	0.073719	0.594859	0.068290	0.601316	0.064391	0.607080	0.062330	0.612249	0.062399	0.616927	0.064862	0.621227	0.069949	0.625273	0.077851	0.629198	0.088720	0.633150	0.102669	0.637291	0.119777	0.641800	0.140098	0.646874	0.163667	0.652727
783.862060	0.135805	0.509117	0.128683	0.523792	0.120937	0.537208	0.112753	0.549412	0.104352	0.560460	0.095980	0.570417	0.087910	0.579352	0.080440	0.587340	0.073878	0.594463	0.068543	0.600806	0.064753	0.606458	0.062816	0.611517	0.063021	0.616087	0.065626	0.620281	0.070860	0.624222	0.078909	0.628043	0.089922	0.631894	0.104008	0.635937	0.121244	0.640351	0.141677	0.645335	0.165342	0.651104
784.271970	0.135796	0.509734	0.128646	0.524266	0.120883	0.537542	0.112696	0.549611	0.104306	0.560529	0.095962	0.570360	0.087937	0.579172	0.080528	0.587042	0.074044	0.594049	0.068805	0.600277	0.065125	0.605818	0.063313	0.610767	0.063652	0.615228	0.066399	0.619315	0.071778	0.623150	0.079973	0.626867	0.091128	0.630616	0.105349	0.634559	0.122708	0.638877	0.143251	0.643769	0.167009	0.649453
784.681820	0.135786	0.510339	0.128609	0.524727	0.120830	0.537865	0.112641	0.549800	0.104263	0.560588	0.095947	0.570293	0.087967	0.578983	0.080620	0.586734	0.074215	0.593624	0.069072	0.599739	0.065503	0.605168	0.063814	0.610007	0.064287	0.614360	0.067176	0.618339	0.072700	0.622067	0.081040	0.625680	0.092336	0.629326	0.106690	0.633169	0.124171	0.637390	0.144822	0.642190	0.168672	0.647788
785.091490	0.135777	0.510936	0.128572	0.525182	0.120778	0.538181	0.112587	0.549982	0.104222	0.560640	0.095933	0.570219	0.087999	0.578787	0.080714	0.586420	0.074389	0.593194	0.069342	0.599195	0.065883	0.604512	0.064318	0.609241	0.064925	0.613484	0.067955	0.617356	0.073624	0.620978	0.082108	0.624487	0.093544	0.628029	0.108030	0.631772	0.125633	0.635895	0.146391	0.640602	0.170332	0.646114
785.501160	0.135766	0.511507	0.128536	0.525610	0.120727	0.538472	0.112535	0.550140	0.104184	0.560670	0.095926	0.570123	0.088038	0.578570	0.080817	0.586084	0.074573	0.592742	0.069622	0.598629	0.066275	0.603834	0.064833	0.608452	0.065574	0.612586	0.068744	0.616349	0.074556	0.619864	0.083182	0.623267	0.094755	0.626705	0.109371	0.630345	0.127092	0.634371	0.147954	0.638983	0.171982	0.644407
785.910640	0.135756	0.512077	0.128500	0.526039	0.120677	0.538763	0.112484	0.550298	0.104147	0.560699	0.095919	0.570027	0.088077	0.578352	0.080920	0.585747	0.074757	0.592290	0.069902	0.598063	0.066667	0.603156	0.065349	0.607663	0.066222	0.611688	0.069532	0.615343	0.075487	0.618751	0.084256	0.622047	0.095967	0.625381	0.110712	0.628920	0.128550	0.632847	0.149516	0.637365	0.173631	0.642701
786.320070	0.135746	0.512620	0.128464	0.526441	0.120629	0.539029	0.112436	0.550432	0.104115	0.560705	0.095918	0.569909	0.088124	0.578113	0.081032	0.585389	0.074950	0.591816	0.070192	0.597476	0.067069	0.602456	0.065875	0.606852	0.066881	0.610766	0.070329	0.614312	0.076426	0.617612	0.085335	0.620801	0.097181	0.624030	0.112052	0.627465	0.130005	0.631292	0.151071	0.635715	0.175270	0.640961
786.729370	0.135735	0.513156	0.128429	0.526837	0.120581	0.539288	0.112389	0.550560	0.104084	0.560704	0.095918	0.569784	0.088174	0.577867	0.081146	0.585026	0.075146	0.591336	0.070486	0.596882	0.067474	0.601749	0.066403	0.606034	0.067542	0.609839	0.071129	0.613276	0.077367	0.616466	0.086415	0.619548	0.098395	0.622671	0.113392	0.626003	0.131459	0.629729	0.152624	0.634057	0.176906	0.639212
787.138550	0.135724	0.513681	0.128393	0.527221	0.120533	0.539537	0.112344	0.550677	0.104055	0.560694	0.095922	0.569650	0.088226	0.577612	0.081264	0.584652	0.075347	0.590847	0.070784	0.596278	0.067884	0.601033	0.066936	0.605206	0.068207	0.608901	0.071932	0.612228	0.078310	0.615310	0.087497	0.618284	0.099610	0.621301	0.114731	0.624528	0.132910	0.628154	0.154174	0.632384	0.178536	0.637448
787.547610	0.135713	0.514183	0.128359	0.527584	0.120488	0.539766	0.112301	0.550774	0.104030	0.560664	0.095930	0.569497	0.088284	0.577338	0.081390	0.584260	0.075555	0.590339	0.071090	0.595657	0.068302	0.600298	0.067478	0.604360	0.068880	0.607943	0.072743	0.611160	0.079259	0.614132	0.088582	0.616998	0.100826	0.619907	0.116069	0.623029	0.134358	0.626552	0.155717	0.630684	0.180158	0.635655
787.956600	0.135701	0.514685	0.128325	0.527947	0.120442	0.539994	0.112259	0.550872	0.104005	0.560634	0.095939	0.569343	0.088343	0.577064	0.081515	0.583869	0.075763	0.589832	0.071396	0.595035	0.068721	0.599564	0.068020	0.603514	0.069554	0.606986	0.073553	0.610092	0.080207	0.612955	0.089667	0.615711	0.102042	0.618514	0.117407	0.621530	0.135805	0.624951	0.157259	0.628984	0.181779	0.633863
788.365480	0.135689	0.515158	0.128291	0.528282	0.120399	0.540195	0.112220	0.550942	0.103985	0.560578	0.095954	0.569164	0.088410	0.576765	0.081649	0.583452	0.075982	0.589299	0.071714	0.594388	0.069150	0.598804	0.068572	0.602641	0.070237	0.606001	0.074372	0.608997	0.081163	0.611749	0.090757	0.614395	0.103260	0.617088	0.118743	0.619998	0.137247	0.623314	0.158792	0.627247	0.183387	0.632032
788.774290	0.135677	0.515627	0.128257	0.528613	0.120356	0.540392	0.112181	0.551010	0.103966	0.560520	0.095970	0.568982	0.088478	0.576464	0.081785	0.583033	0.076202	0.588764	0.072034	0.593738	0.069581	0.598041	0.069126	0.601765	0.070922	0.605014	0.075192	0.607898	0.082120	0.610539	0.091847	0.613075	0.104478	0.615659	0.120079	0.618461	0.138688	0.621673	0.160324	0.625506	0.184992	0.630196
789.182980	0.135664	0.516081	0.128223	0.528930	0.120314	0.540576	0.112145	0.551064	0.103949	0.560448	0.095990	0.568788	0.088549	0.576149	0.081926	0.582601	0.076427	0.588216	0.072358	0.593075	0.070018	0.597265	0.069685	0.600877	0.071612	0.604013	0.076016	0.606785	0.083079	0.609315	0.092939	0.611739	0.105695	0.614214	0.121413	0.616908	0.140126	0.620014	0.161851	0.623745	0.186591	0.628340
789.591550	0.135651	0.516517	0.128190	0.529230	0.120273	0.540743	0.112110	0.551102	0.103936	0.560361	0.096013	0.568579	0.088626	0.575820	0.082072	0.582153	0.076658	0.587653	0.072689	0.592398	0.070461	0.596474	0.070251	0.599972	0.072307	0.602995	0.076846	0.605654	0.084042	0.608072	0.094033	0.610385	0.106913	0.612749	0.122744	0.615334	0.141560	0.618333	0.163371	0.621961	0.188181	0.626459
790.000000	0.135638	0.516953	0.128157	0.529529	0.120233	0.540910	0.112076	0.551140	0.103923	0.560274	0.096037	0.568369	0.088703	0.575490	0.082219	0.581706	0.076889	0.587090	0.073020	0.591720	0.070904	0.595682	0.070816	0.599068	0.073003	0.601978	0.077675	0.604524	0.085005	0.606830	0.095126	0.609031	0.108131	0.611284	0.124076	0.613760	0.142993	0.616652	0.164891	0.620178	0.189771	0.624578
790.408390	0.135625	0.517357	0.128125	0.529798	0.120195	0.541047	0.112046	0.551149	0.103916	0.560158	0.096068	0.568131	0.088789	0.575133	0.082375	0.581231	0.077132	0.586499	0.073363	0.591014	0.071359	0.594862	0.071393	0.598134	0.073708	0.600930	0.078512	0.603363	0.085974	0.605554	0.096223	0.607642	0.109348	0.609782	0.125404	0.612147	0.144418	0.614930	0.166399	0.618351	0.191345	0.622651
790.816650	0.135611	0.517761	0.128093	0.530066	0.120157	0.541184	0.112016	0.551157	0.103908	0.560042	0.096100	0.567894	0.088874	0.574775	0.082532	0.580756	0.077375	0.585908	0.073705	0.590309	0.071814	0.594042	0.071970	0.597200	0.074413	0.599882	0.079349	0.602201	0.086943	0.604279	0.097320	0.606254	0.110565	0.608281	0.126732	0.610534	0.145843	0.613209	0.167906	0.616524	0.192918	0.620725
791.224790	0.135597	0.518147	0.128062	0.530318	0.120120	0.541304	0.111988	0.551150	0.103904	0.559910	0.096135	0.567640	0.088965	0.574403	0.082694	0.580266	0.077624	0.585302	0.074054	0.589588	0.072275	0.593206	0.072553	0.596249	0.075124	0.598818	0.080190	0.601022	0.087915	0.602985	0.098417	0.604846	0.111782	0.606760	0.128057	0.608900	0.147263	0.611465	0.169406	0.614674	0.194482	0.618774
791.632810	0.135582	0.518518	0.128030	0.530555	0.120084	0.541410	0.111962	0.551130	0.103902	0.559766	0.096173	0.567374	0.089060	0.574018	0.082860	0.579764	0.077877	0.584684	0.074408	0.588854	0.072741	0.592358	0.073140	0.595286	0.075839	0.597739	0.081035	0.599829	0.088889	0.601677	0.099516	0.603422	0.112998	0.605221	0.129379	0.607249	0.148679	0.609703	0.170901	0.612804	0.196039	0.616802
792.040770	0.135567	0.518887	0.127999	0.530789	0.120049	0.541514	0.111936	0.551107	0.103901	0.559619	0.096213	0.567106	0.089155	0.573631	0.083028	0.579259	0.078131	0.584062	0.074763	0.588117	0.073209	0.591506	0.073729	0.594320	0.076554	0.596658	0.081880	0.598632	0.089863	0.600365	0.100615	0.601995	0.114213	0.603680	0.130701	0.605594	0.150095	0.607937	0.172394	0.610931	0.197593	0.614825
792.448610	0.135552	0.519227	0.127968	0.530996	0.120016	0.541591	0.111914	0.551058	0.103905	0.559446	0.096259	0.566812	0.089259	0.573218	0.083204	0.578729	0.078395	0.583416	0.075129	0.587355	0.073686	0.590629	0.074326	0.593327	0.077278	0.595549	0.082732	0.597407	0.090841	0.599023	0.101715	0.600536	0.115428	0.602104	0.132018	0.603903	0.151501	0.606132	0.173875	0.609016	0.199132	0.612806
792.856380	0.135537	0.519566	0.127938	0.531203	0.119983	0.541669	0.111892	0.551009	0.103910	0.559274	0.096305	0.566519	0.089363	0.572806	0.083381	0.578200	0.078659	0.582770	0.075493	0.586593	0.074163	0.589751	0.074924	0.592334	0.078001	0.594441	0.083584	0.596182	0.091819	0.597681	0.102816	0.599078	0.116641	0.600530	0.133334	0.602212	0.152907	0.604328	0.175356	0.607102	0.200671	0.610788
793.263980	0.135522	0.519886	0.127908	0.531391	0.119951	0.541727	0.111872	0.550942	0.103917	0.559083	0.096355	0.566208	0.089471	0.572376	0.083563	0.577652	0.078930	0.582106	0.075865	0.585813	0.074646	0.588855	0.075527	0.591321	0.078730	0.593312	0.084439	0.594935	0.092800	0.596317	0.103916	0.597596	0.117853	0.598930	0.134647	0.600496	0.154306	0.602497	0.176827	0.605159	0.202198	0.608739
793.671510	0.135506	0.520195	0.127878	0.531567	0.119920	0.541776	0.111854	0.550864	0.103927	0.558883	0.096408	0.565888	0.089583	0.571936	0.083749	0.577095	0.079205	0.581432	0.076240	0.585023	0.075133	0.587949	0.076134	0.590299	0.079461	0.592172	0.085297	0.593678	0.093782	0.594942	0.105016	0.596102	0.119064	0.597317	0.135957	0.598766	0.155703	0.600651	0.178294	0.603201	0.203718	0.606672
794.078920	0.135490	0.520498	0.127848	0.531738	0.119889	0.541819	0.111836	0.550781	0.103938	0.558678	0.096463	0.565562	0.089696	0.571492	0.083937	0.576533	0.079481	0.580753	0.076618	0.584227	0.075622	0.587037	0.076742	0.589270	0.080194	0.591026	0.086155	0.592414	0.094764	0.593560	0.106116	0.594601	0.120274	0.595697	0.137265	0.597028	0.157096	0.598797	0.179757	0.601234	0.205235	0.604597
794.486270	0.135473	0.520776	0.127819	0.531886	0.119861	0.541838	0.111822	0.550676	0.103953	0.558450	0.096522	0.565213	0.089816	0.571025	0.084132	0.575948	0.079765	0.580052	0.077003	0.583409	0.076120	0.586102	0.077359	0.588217	0.080934	0.589855	0.087019	0.591124	0.095749	0.592150	0.107217	0.593071	0.121482	0.594046	0.138569	0.595257	0.158481	0.596908	0.181209	0.599230	0.206738	0.602483
794.893490	0.135456	0.521053	0.127790	0.532033	0.119832	0.541857	0.111809	0.550570	0.103968	0.558222	0.096582	0.564865	0.089937	0.570558	0.084327	0.575364	0.080050	0.579350	0.077389	0.582591	0.076617	0.585167	0.077975	0.587164	0.081673	0.588684	0.087882	0.589834	0.096733	0.590740	0.108317	0.591540	0.122689	0.592396	0.139871	0.593487	0.159866	0.595019	0.182660	0.597226	0.208240	0.600369
795.300600	0.135439	0.521309	0.127761	0.532158	0.119806	0.541855	0.111797	0.550443	0.103987	0.557973	0.096647	0.564497	0.090063	0.570071	0.084529	0.574759	0.080341	0.578628	0.077782	0.581752	0.077121	0.584210	0.078597	0.586089	0.082417	0.587490	0.088749	0.588520	0.097720	0.589304	0.109417	0.589983	0.123894	0.590717	0.141169	0.591686	0.161242	0.593098	0.184101	0.595188	0.209729	0.598219
795.707580	0.135422	0.521556	0.127733	0.532275	0.119780	0.541846	0.111787	0.550310	0.104008	0.557718	0.096714	0.564121	0.090192	0.569577	0.084734	0.574148	0.080635	0.577899	0.078178	0.580905	0.077627	0.583246	0.079221	0.585007	0.083163	0.586288	0.089617	0.587197	0.098706	0.587861	0.110517	0.588417	0.125097	0.589028	0.142464	0.589875	0.162615	0.591167	0.185537	0.593139	0.211212	0.596057
796.114500	0.135405	0.521795	0.127705	0.532384	0.119754	0.541828	0.111778	0.550169	0.104030	0.557454	0.096783	0.563738	0.090322	0.569075	0.084941	0.573528	0.080931	0.577162	0.078576	0.580051	0.078136	0.582273	0.079848	0.583916	0.083911	0.585077	0.090485	0.585865	0.099693	0.586407	0.111616	0.586841	0.126298	0.587328	0.143756	0.588053	0.163985	0.589223	0.186969	0.591076	0.212690	0.593880
796.521300	0.135387	0.522012	0.127678	0.532472	0.119730	0.541790	0.111772	0.550007	0.104057	0.557172	0.096856	0.563335	0.090458	0.568554	0.085154	0.572889	0.081235	0.576405	0.078981	0.579176	0.078651	0.581279	0.080480	0.582803	0.084663	0.583843	0.091358	0.584510	0.100682	0.584928	0.112714	0.585237	0.127497	0.585600	0.145043	0.586200	0.165347	0.587247	0.188390	0.588980	0.214154	0.591668
796.928040	0.135368	0.522230	0.127651	0.532560	0.119706	0.541752	0.111766	0.549846	0.104083	0.556889	0.096930	0.562932	0.090594	0.568032	0.085367	0.572249	0.081538	0.575649	0.079385	0.578302	0.079167	0.580286	0.081112	0.581690	0.085415	0.582609	0.092230	0.583154	0.101670	0.583449	0.113812	0.583634	0.128695	0.583872	0.146329	0.584348	0.166708	0.585272	0.189811	0.586884	0.215618	0.589456
797.334590	0.135350	0.522422	0.127624	0.532625	0.119684	0.541691	0.111763	0.549661	0.104114	0.556584	0.097009	0.562507	0.090737	0.567489	0.085587	0.571587	0.081849	0.574869	0.079798	0.577403	0.079689	0.579268	0.081750	0.580552	0.086172	0.581349	0.093105	0.581771	0.102659	0.581941	0.114908	0.582000	0.129889	0.582112	0.147608	0.582461	0.168059	0.583259	0.191218	0.584749	0.217066	0.587203
797.741090	0.135331	0.522610	0.127597	0.532684	0.119663	0.541625	0.111761	0.549472	0.104145	0.556274	0.097090	0.562078	0.090881	0.566940	0.085809	0.570921	0.082161	0.574084	0.080211	0.576500	0.080213	0.578245	0.082390	0.579408	0.086929	0.580084	0.093980	0.580382	0.103649	0.580426	0.116004	0.580360	0.131081	0.580344	0.148886	0.580567	0.169407	0.581240	0.192622	0.582606	0.218510	0.584942
798.147460	0.135312	0.522786	0.127571	0.532733	0.119642	0.541549	0.111760	0.549273	0.104178	0.555953	0.097173	0.561638	0.091028	0.566382	0.086033	0.570244	0.082476	0.573289	0.080628	0.575586	0.080740	0.577212	0.083032	0.578254	0.087689	0.578807	0.094857	0.578981	0.104638	0.578900	0.117099	0.578706	0.132272	0.578563	0.150159	0.578658	0.170751	0.579204	0.194020	0.580446	0.219947	0.582662
798.553770	0.135292	0.522944	0.127545	0.532764	0.119623	0.541455	0.111761	0.549057	0.104215	0.555616	0.097260	0.561182	0.091180	0.565807	0.086263	0.569550	0.082797	0.572476	0.081050	0.574654	0.081272	0.576160	0.083678	0.577080	0.088452	0.577509	0.095735	0.577558	0.105627	0.577350	0.118192	0.577028	0.133458	0.576756	0.151427	0.576722	0.172086	0.577139	0.195408	0.578255	0.221372	0.580348
798.959960	0.135273	0.523102	0.127519	0.532794	0.119604	0.541360	0.111763	0.548840	0.104251	0.555278	0.097346	0.560725	0.091331	0.565232	0.086493	0.568856	0.083117	0.571664	0.081472	0.573722	0.081804	0.575108	0.084324	0.575906	0.089215	0.576212	0.096613	0.576135	0.106617	0.575801	0.119284	0.575351	0.134644	0.574950	0.152695	0.574786	0.173420	0.575074	0.196795	0.576064	0.222796	0.578036
799.366030	0.135253	0.523234	0.127493	0.532799	0.119587	0.541242	0.111767	0.548599	0.104293	0.554917	0.097439	0.560244	0.091489	0.564632	0.086731	0.568138	0.083446	0.570826	0.081902	0.572764	0.082342	0.574029	0.084977	0.574704	0.089982	0.574885	0.097494	0.574682	0.107606	0.574219	0.120374	0.573640	0.135825	0.573107	0.153954	0.572811	0.174744	0.572969	0.198168	0.573830	0.224202	0.575677
799.771970	0.135232	0.523363	0.127468	0.532802	0.119570	0.541120	0.111772	0.548356	0.104335	0.554553	0.097533	0.559760	0.091648	0.564029	0.086969	0.567417	0.083776	0.569986	0.082333	0.571804	0.082881	0.572947	0.085629	0.573499	0.090750	0.573556	0.098374	0.573226	0.108595	0.572634	0.121464	0.571924	0.137004	0.571260	0.155212	0.570832	0.176066	0.570859	0.199538	0.571591	0.225606	0.573314
800.177860	0.135212	0.523479	0.127443	0.532792	0.119554	0.540987	0.111779	0.548100	0.104379	0.554178	0.097629	0.559264	0.091810	0.563415	0.087211	0.566684	0.084109	0.569133	0.082767	0.570831	0.083423	0.571852	0.086284	0.572280	0.091519	0.572212	0.099256	0.571755	0.109583	0.571033	0.122552	0.570192	0.138181	0.569396	0.156465	0.568835	0.177381	0.568729	0.200901	0.569331	0.227002	0.570927
800.583620	0.135191	0.523579	0.127419	0.532766	0.119539	0.540837	0.111788	0.547829	0.104426	0.553786	0.097728	0.558754	0.091976	0.562786	0.087457	0.565935	0.084446	0.568265	0.083205	0.569842	0.083970	0.570740	0.086943	0.571045	0.092290	0.570850	0.100138	0.570264	0.110571	0.569412	0.123637	0.568439	0.139354	0.567509	0.157711	0.566813	0.178688	0.566574	0.202254	0.567044	0.228386	0.568512
800.989260	0.135171	0.523678	0.127395	0.532741	0.119524	0.540688	0.111797	0.547558	0.104473	0.553395	0.097827	0.558245	0.092143	0.562157	0.087702	0.565187	0.084783	0.567397	0.083643	0.568853	0.084516	0.569629	0.087601	0.569810	0.093062	0.569488	0.101021	0.568774	0.111559	0.567792	0.124722	0.566685	0.140526	0.565622	0.158958	0.564793	0.179995	0.564419	0.203607	0.564757	0.229769	0.566097
801.394780	0.135149	0.523750	0.127371	0.532687	0.119512	0.540512	0.111809	0.547261	0.104525	0.552978	0.097933	0.557708	0.092316	0.561501	0.087956	0.564412	0.085128	0.566502	0.084089	0.567836	0.085068	0.568489	0.088264	0.568543	0.093836	0.568094	0.101904	0.567250	0.112545	0.566136	0.125803	0.564894	0.141690	0.563695	0.160194	0.562728	0.181289	0.562218	0.204943	0.562421	0.231133	0.563631
801.800230	0.135128	0.523821	0.127348	0.532634	0.119499	0.540335	0.111822	0.546964	0.104577	0.552560	0.098038	0.557171	0.092489	0.560844	0.088209	0.563636	0.085473	0.565605	0.084534	0.566818	0.085621	0.567347	0.088928	0.567276	0.094611	0.566700	0.102787	0.565725	0.113531	0.564478	0.126884	0.563103	0.142854	0.561767	0.161429	0.560663	0.182581	0.560017	0.206279	0.560085	0.232496	0.561164
802.205570	0.135106	0.523878	0.127324	0.532566	0.119488	0.540145	0.111836	0.546652	0.104632	0.552129	0.098147	0.556620	0.092665	0.560174	0.088466	0.562847	0.085822	0.564695	0.084984	0.565785	0.086177	0.566191	0.089594	0.565993	0.095387	0.565289	0.103671	0.564183	0.114516	0.562803	0.127963	0.561291	0.144015	0.559818	0.162659	0.558576	0.183866	0.557791	0.207605	0.557723	0.233848	0.558669
802.610840	0.135083	0.523921	0.127302	0.532485	0.119478	0.539941	0.111852	0.546328	0.104689	0.551685	0.098259	0.556056	0.092845	0.559491	0.088727	0.562043	0.086174	0.563771	0.085436	0.564738	0.086736	0.565019	0.090262	0.564695	0.096165	0.563861	0.104555	0.562623	0.115501	0.561109	0.129038	0.559461	0.145171	0.557848	0.163883	0.556467	0.185145	0.555543	0.208923	0.555337	0.235190	0.556149
803.015990	0.135061	0.523963	0.127279	0.532403	0.119468	0.539737	0.111869	0.546002	0.104745	0.551239	0.098371	0.555492	0.093025	0.558807	0.088988	0.561239	0.086526	0.562845	0.085889	0.563691	0.087295	0.563847	0.090931	0.563396	0.096943	0.562432	0.105439	0.561063	0.116485	0.559414	0.130113	0.557629	0.146327	0.555878	0.165107	0.554357	0.186422	0.553293	0.210239	0.552949	0.236531	0.553626
803.421020	0.135038	0.523978	0.127257	0.532294	0.119460	0.539506	0.111889	0.545651	0.104807	0.550768	0.098488	0.554901	0.093212	0.558097	0.089256	0.560408	0.086886	0.561893	0.086348	0.562614	0.087860	0.562645	0.091603	0.562066	0.097723	0.560971	0.106323	0.559468	0.117466	0.557683	0.131183	0.555759	0.147474	0.553867	0.166319	0.552203	0.187685	0.550997	0.211539	0.550512	0.237852	0.551052
803.825930	0.135015	0.523993	0.127235	0.532185	0.119451	0.539275	0.111908	0.545300	0.104869	0.550297	0.098606	0.554311	0.093398	0.557386	0.089524	0.559578	0.087245	0.560940	0.086808	0.561539	0.088424	0.561443	0.092276	0.560736	0.098503	0.559511	0.107206	0.557874	0.118447	0.555952	0.132253	0.553889	0.148621	0.551856	0.167530	0.550051	0.188947	0.548702	0.212838	0.548076	0.239173	0.548478
804.230770	0.134991	0.523992	0.127213	0.532060	0.119445	0.539029	0.111930	0.544934	0.104933	0.549811	0.098726	0.553705	0.093588	0.556661	0.089795	0.558732	0.087609	0.559972	0.087270	0.560446	0.088992	0.560224	0.092951	0.559388	0.099284	0.558031	0.108090	0.556260	0.119427	0.554200	0.133319	0.551996	0.149763	0.549821	0.168735	0.547872	0.190201	0.546379	0.214126	0.545611	0.240482	0.545874
804.635440	0.134968	0.523979	0.127191	0.531924	0.119438	0.538772	0.111953	0.544556	0.104999	0.549313	0.098849	0.553088	0.093781	0.555924	0.090070	0.557873	0.087975	0.558991	0.087736	0.559341	0.089562	0.558992	0.093627	0.558027	0.100066	0.556537	0.108973	0.554630	0.120405	0.552432	0.134383	0.550087	0.150901	0.547768	0.169934	0.545674	0.191448	0.544036	0.215407	0.543124	0.241781	0.543246
805.040100	0.134944	0.523963	0.127170	0.531786	0.119433	0.538512	0.111977	0.544176	0.105066	0.548813	0.098973	0.552468	0.093975	0.555184	0.090345	0.557012	0.088342	0.558008	0.088202	0.558233	0.090132	0.557757	0.094303	0.556662	0.100848	0.555040	0.109856	0.552997	0.121383	0.550660	0.135446	0.548174	0.152038	0.545711	0.171133	0.543472	0.192694	0.541689	0.216685	0.540631	0.243079	0.540613
805.444580	0.134919	0.523922	0.127149	0.531623	0.119429	0.538228	0.112003	0.543772	0.105137	0.548290	0.099101	0.551825	0.094174	0.554420	0.090626	0.556126	0.088714	0.556999	0.088673	0.557098	0.090707	0.556494	0.094983	0.555268	0.101631	0.553512	0.110739	0.551332	0.122357	0.548854	0.136503	0.546225	0.153166	0.543617	0.172319	0.541229	0.193925	0.539298	0.217947	0.538094	0.244357	0.537931
805.849000	0.134895	0.523881	0.127129	0.531460	0.119425	0.537944	0.112030	0.543368	0.105208	0.547766	0.099230	0.551181	0.094374	0.553656	0.090907	0.555241	0.089087	0.555990	0.089144	0.555964	0.091281	0.555232	0.095662	0.553875	0.102414	0.551984	0.111621	0.549668	0.123331	0.547049	0.137559	0.544277	0.154294	0.541522	0.173505	0.538987	0.195156	0.536908	0.219208	0.535556	0.245635	0.535250
806.253300	0.134871	0.523824	0.127109	0.531280	0.119422	0.537644	0.112059	0.542947	0.105281	0.547226	0.099362	0.550521	0.094576	0.552876	0.091192	0.554338	0.089463	0.554963	0.089619	0.554811	0.091859	0.553951	0.096344	0.552462	0.103197	0.550436	0.112502	0.547980	0.124303	0.545220	0.138612	0.542303	0.155416	0.539401	0.174683	0.536716	0.196376	0.534487	0.220458	0.532987	0.246900	0.532534
806.657470	0.134846	0.523756	0.127089	0.531091	0.119420	0.537334	0.112089	0.542517	0.105356	0.546676	0.099496	0.549851	0.094781	0.552085	0.091479	0.553425	0.089842	0.553926	0.090096	0.553648	0.092438	0.552658	0.097026	0.551037	0.103981	0.548875	0.113383	0.546280	0.125273	0.543377	0.139661	0.540314	0.156534	0.537263	0.175857	0.534429	0.197591	0.532048	0.221701	0.530398	0.248156	0.529799
807.061580	0.134821	0.523685	0.127069	0.530897	0.119419	0.537020	0.112119	0.542082	0.105432	0.546122	0.099631	0.549177	0.094987	0.551290	0.091768	0.552509	0.090222	0.552885	0.090574	0.552480	0.093018	0.551360	0.097709	0.549607	0.104766	0.547309	0.114263	0.544574	0.126242	0.541528	0.140710	0.538319	0.157650	0.535120	0.177028	0.532134	0.198804	0.529602	0.222941	0.527801	0.249409	0.527055
807.465580	0.134795	0.523590	0.127050	0.530681	0.119419	0.536683	0.112153	0.541626	0.105512	0.545546	0.099771	0.548480	0.095198	0.550472	0.092061	0.551568	0.090606	0.551819	0.091056	0.551287	0.093601	0.550036	0.098394	0.548149	0.105550	0.545713	0.115142	0.542837	0.127208	0.539647	0.141752	0.536289	0.158757	0.532939	0.178188	0.529800	0.200002	0.527114	0.224164	0.525161	0.250645	0.524263
807.869450	0.134769	0.523495	0.127031	0.530465	0.119420	0.536346	0.112186	0.541170	0.105592	0.544970	0.099910	0.547784	0.095410	0.549654	0.092355	0.550627	0.090991	0.550753	0.091538	0.550094	0.094184	0.548713	0.099079	0.546691	0.106334	0.544119	0.116021	0.541101	0.128173	0.537766	0.142794	0.534260	0.159864	0.530759	0.179347	0.527467	0.201201	0.524628	0.225388	0.522520	0.251880	0.521473
808.273250	0.134744	0.523382	0.127012	0.530231	0.119422	0.535992	0.112222	0.540695	0.105675	0.544376	0.100053	0.547070	0.095625	0.548818	0.092652	0.549667	0.091379	0.549668	0.092024	0.548880	0.094769	0.547368	0.099765	0.545211	0.107119	0.542500	0.116898	0.539340	0.129135	0.535859	0.143831	0.532203	0.160964	0.528549	0.180497	0.525102	0.202388	0.522107	0.226598	0.519844	0.253100	0.518645
808.676940	0.134718	0.523260	0.126994	0.529988	0.119424	0.535629	0.112258	0.540213	0.105759	0.543773	0.100197	0.546347	0.095842	0.547974	0.092952	0.548699	0.091770	0.548574	0.092510	0.547657	0.095356	0.546013	0.100452	0.543721	0.107903	0.540870	0.117774	0.537568	0.130095	0.533939	0.144865	0.530133	0.162061	0.526325	0.181643	0.522723	0.203569	0.519571	0.227802	0.517152	0.254313	0.515799
809.080510	0.134692	0.523133	0.126975	0.529740	0.119427	0.535261	0.112295	0.539725	0.105844	0.543166	0.100343	0.545618	0.096059	0.547124	0.093252	0.547725	0.092161	0.547475	0.092998	0.546428	0.095944	0.544652	0.101139	0.542225	0.108686	0.539234	0.118649	0.535788	0.131053	0.532012	0.145898	0.528055	0.163154	0.524094	0.182786	0.520335	0.204747	0.517025	0.229002	0.514449	0.255522	0.512942
809.483950	0.134665	0.522985	0.126958	0.529471	0.119431	0.534872	0.112335	0.539217	0.105932	0.542537	0.100492	0.544869	0.096281	0.546252	0.093556	0.546729	0.092556	0.546352	0.093489	0.545175	0.096534	0.543267	0.101828	0.540702	0.109470	0.537570	0.119522	0.533979	0.132008	0.530054	0.146923	0.525943	0.164239	0.521826	0.183917	0.517909	0.205912	0.514439	0.230187	0.511705	0.256713	0.510041
809.887330	0.134638	0.522836	0.126940	0.529202	0.119436	0.534484	0.112375	0.538708	0.106020	0.541909	0.100641	0.544120	0.096503	0.545380	0.093861	0.545733	0.092951	0.545229	0.093980	0.543923	0.097123	0.541881	0.102516	0.539179	0.110254	0.535907	0.120395	0.532170	0.132962	0.528096	0.147949	0.523833	0.165324	0.519559	0.185048	0.515483	0.207077	0.511854	0.231371	0.508960	0.257904	0.507140
810.290590	0.134610	0.522669	0.126923	0.528914	0.119441	0.534076	0.112417	0.538181	0.106112	0.541261	0.100794	0.543352	0.096729	0.544489	0.094169	0.544717	0.093349	0.544085	0.094474	0.542649	0.097715	0.540472	0.103205	0.537632	0.111037	0.534218	0.121266	0.530335	0.133912	0.526109	0.148968	0.521692	0.166400	0.517260	0.186169	0.513024	0.208229	0.509233	0.232542	0.506178	0.259080	0.504199
810.693730	0.134583	0.522494	0.126906	0.528619	0.119447	0.533661	0.112460	0.537646	0.106204	0.540606	0.100948	0.542576	0.096956	0.543590	0.094479	0.543694	0.093749	0.542934	0.094969	0.541366	0.098307	0.539055	0.103894	0.536076	0.111820	0.532519	0.122136	0.528489	0.134861	0.524112	0.149984	0.519540	0.167473	0.514950	0.187286	0.510553	0.209377	0.506598	0.233706	0.503382	0.260250	0.501242
811.096800	0.134555	0.522313	0.126889	0.528318	0.119454	0.533240	0.112503	0.537105	0.106297	0.539946	0.101103	0.541793	0.097185	0.542685	0.094791	0.542663	0.094150	0.541775	0.095465	0.540077	0.098900	0.537630	0.104583	0.534512	0.112602	0.530812	0.123005	0.526635	0.135807	0.522106	0.150998	0.517378	0.168543	0.512628	0.188399	0.508070	0.210520	0.503952	0.234866	0.500572	0.261414	0.498272
811.499760	0.134527	0.522111	0.126873	0.527996	0.119462	0.532799	0.112548	0.536545	0.106393	0.539265	0.101262	0.540990	0.097417	0.541759	0.095105	0.541611	0.094555	0.540594	0.095964	0.538763	0.099495	0.536181	0.105273	0.532923	0.113383	0.529079	0.123870	0.524752	0.136749	0.520070	0.152005	0.515184	0.169604	0.510273	0.189501	0.505551	0.211650	0.501268	0.236012	0.497723	0.262561	0.495260
811.902590	0.134499	0.521910	0.126856	0.527675	0.119470	0.532359	0.112594	0.535985	0.106490	0.538585	0.101421	0.540188	0.097649	0.540833	0.095420	0.540559	0.094959	0.539414	0.096462	0.537450	0.100090	0.534733	0.105963	0.531335	0.114163	0.527345	0.124736	0.522869	0.137691	0.518034	0.153012	0.512990	0.170665	0.507918	0.190603	0.503032	0.212780	0.498585	0.237157	0.494874	0.263709	0.492248
812.305300	0.134470	0.521689	0.126840	0.527334	0.119480	0.531898	0.112642	0.535405	0.106589	0.537884	0.101583	0.539366	0.097885	0.539886	0.095738	0.539486	0.095367	0.538211	0.096964	0.536115	0.100686	0.533260	0.106653	0.529721	0.114943	0.525585	0.125598	0.520959	0.138628	0.515968	0.154013	0.510765	0.171717	0.505530	0.191694	0.500478	0.213897	0.495863	0.238287	0.491985	0.264840	0.489195
812.707950	0.134441	0.521462	0.126824	0.526987	0.119490	0.531432	0.112691	0.534819	0.106689	0.537177	0.101746	0.538537	0.098122	0.538933	0.096058	0.538407	0.095776	0.537002	0.097467	0.534772	0.101283	0.531780	0.107343	0.528099	0.115723	0.523817	0.126460	0.519039	0.139563	0.513893	0.155011	0.508530	0.172766	0.503131	0.192781	0.497913	0.215010	0.493130	0.239413	0.489084	0.265965	0.486128
813.110470	0.134412	0.521228	0.126809	0.526634	0.119501	0.530959	0.112741	0.534226	0.106790	0.536463	0.101911	0.537701	0.098360	0.537973	0.096379	0.537320	0.096186	0.535785	0.097970	0.533421	0.101880	0.530291	0.108033	0.526468	0.116501	0.522039	0.127320	0.517110	0.140496	0.511808	0.156006	0.506284	0.173811	0.500720	0.193864	0.495335	0.216118	0.490383	0.240532	0.486168	0.267085	0.483046
813.512940	0.134383	0.520974	0.126794	0.526261	0.119513	0.530467	0.112793	0.533614	0.106894	0.535730	0.102079	0.536846	0.098602	0.536993	0.096703	0.536212	0.096599	0.534547	0.098475	0.532048	0.102479	0.528779	0.108724	0.524812	0.117278	0.520235	0.128178	0.515153	0.141424	0.509693	0.156994	0.504007	0.174848	0.498277	0.194936	0.492723	0.217213	0.487600	0.241638	0.483214	0.268189	0.479923
813.915220	0.134354	0.520721	0.126779	0.525889	0.119525	0.529975	0.112845	0.533003	0.106998	0.534998	0.102247	0.535991	0.098843	0.536013	0.097028	0.535105	0.097012	0.533309	0.098980	0.530676	0.103078	0.527268	0.109414	0.523158	0.118054	0.518432	0.129034	0.513197	0.142351	0.507579	0.157982	0.501732	0.175884	0.495836	0.196008	0.490111	0.218307	0.484818	0.242742	0.480261	0.269292	0.476802
814.317440	0.134325	0.520448	0.126765	0.525496	0.119539	0.529463	0.112899	0.532371	0.107105	0.534245	0.102418	0.535115	0.099088	0.535012	0.097355	0.533976	0.097428	0.532047	0.099487	0.529279	0.103677	0.525731	0.110103	0.521476	0.118829	0.516601	0.129887	0.511211	0.143273	0.505434	0.158962	0.499422	0.176910	0.493358	0.197068	0.487462	0.219388	0.481996	0.243832	0.477266	0.270379	0.473636
814.719540	0.134295	0.520169	0.126750	0.525098	0.119552	0.528946	0.112953	0.531734	0.107212	0.533487	0.102589	0.534233	0.099334	0.534005	0.097683	0.532840	0.097844	0.530780	0.099995	0.527876	0.104277	0.524188	0.110792	0.519788	0.119604	0.514762	0.130739	0.509218	0.144193	0.503280	0.159939	0.497104	0.177933	0.490871	0.198124	0.484804	0.220465	0.479164	0.244917	0.474261	0.271461	0.470460
815.121580	0.134265	0.519882	0.126736	0.524693	0.119567	0.528421	0.113008	0.531088	0.107321	0.532721	0.102762	0.533343	0.099582	0.532990	0.098013	0.531696	0.098261	0.529504	0.100503	0.526463	0.104877	0.522634	0.111481	0.518089	0.120377	0.512913	0.131589	0.507212	0.145111	0.501114	0.160914	0.494773	0.178952	0.488371	0.199176	0.482132	0.221536	0.476317	0.245996	0.471240	0.272537	0.467266
815.523500	0.134234	0.519577	0.126722	0.524269	0.119582	0.527878	0.113066	0.530425	0.107432	0.531936	0.102938	0.532435	0.099832	0.531956	0.098345	0.530532	0.098681	0.528207	0.101013	0.525029	0.105478	0.521058	0.112170	0.516366	0.121149	0.511038	0.132435	0.505181	0.146023	0.498921	0.161881	0.492412	0.179962	0.485839	0.200216	0.479426	0.222595	0.473436	0.247062	0.468182	0.273596	0.464035
815.925290	0.134204	0.519273	0.126709	0.523846	0.119598	0.527335	0.113123	0.529762	0.107543	0.531151	0.103114	0.531527	0.100082	0.530921	0.098677	0.529368	0.099101	0.526910	0.101523	0.523596	0.106078	0.519483	0.112858	0.514644	0.121920	0.509164	0.133282	0.503150	0.146935	0.496728	0.162847	0.490052	0.180972	0.483309	0.201257	0.476721	0.223654	0.470555	0.248127	0.465125	0.274656	0.460805
816.326970	0.134173	0.518947	0.126695	0.523401	0.119615	0.526771	0.113183	0.529079	0.107657	0.530345	0.103293	0.530597	0.100336	0.529865	0.099013	0.528182	0.099523	0.525589	0.102035	0.522137	0.106679	0.517881	0.113545	0.512894	0.122688	0.507261	0.134123	0.501088	0.147841	0.494502	0.163806	0.487657	0.181971	0.480741	0.202284	0.473977	0.224699	0.467633	0.249176	0.462026	0.275698	0.457529
816.728580	0.134142	0.518617	0.126682	0.522952	0.119632	0.526203	0.113243	0.528390	0.107772	0.529535	0.103473	0.529663	0.100590	0.528803	0.099349	0.526990	0.099946	0.524263	0.102548	0.520672	0.107280	0.516273	0.114233	0.511137	0.123455	0.505351	0.134964	0.499019	0.148744	0.492268	0.164762	0.485255	0.182968	0.478165	0.203309	0.471224	0.225739	0.464702	0.250221	0.458916	0.276736	0.454243
817.130070	0.134111	0.518279	0.126669	0.522495	0.119650	0.525627	0.113303	0.527694	0.107887	0.528716	0.103653	0.528719	0.100846	0.527733	0.099686	0.525789	0.100370	0.522928	0.103060	0.519197	0.107881	0.514655	0.114919	0.509370	0.124222	0.503429	0.135802	0.496938	0.149645	0.490022	0.165714	0.482839	0.183960	0.475575	0.204329	0.468457	0.226774	0.461755	0.251259	0.455791	0.277766	0.450941
817.531430	0.134079	0.517924	0.126657	0.522021	0.119669	0.525034	0.113366	0.526980	0.108005	0.527879	0.103837	0.527758	0.101104	0.526644	0.100026	0.524568	0.100796	0.521572	0.103574	0.517702	0.108483	0.513015	0.115605	0.507580	0.124986	0.501484	0.136637	0.494831	0.150541	0.487749	0.166660	0.480395	0.184943	0.472955	0.205338	0.465658	0.227797	0.458776	0.252284	0.452630	0.278783	0.447602
817.932740	0.134047	0.517569	0.126644	0.521547	0.119688	0.524440	0.113429	0.526266	0.108123	0.527043	0.104020	0.526797	0.101362	0.525555	0.100365	0.523348	0.101222	0.520217	0.104088	0.516207	0.109084	0.511375	0.116290	0.505790	0.125750	0.499538	0.137471	0.492724	0.151436	0.485476	0.167605	0.477951	0.185926	0.470335	0.206347	0.462860	0.228820	0.455796	0.253309	0.449470	0.279800	0.444263
818.333920	0.134015	0.517192	0.126632	0.521052	0.119708	0.523826	0.113494	0.525530	0.108244	0.526185	0.104207	0.525814	0.101623	0.524444	0.100708	0.522105	0.101649	0.518837	0.104603	0.514686	0.109686	0.509708	0.116974	0.503971	0.126510	0.497562	0.138300	0.490586	0.152324	0.483170	0.168540	0.475471	0.186898	0.467678	0.207343	0.460022	0.229827	0.452776	0.254317	0.446267	0.280798	0.440880
818.734990	0.133983	0.516811	0.126621	0.520553	0.119729	0.523207	0.113559	0.524791	0.108364	0.525323	0.104394	0.524826	0.101884	0.523328	0.101050	0.520857	0.102077	0.517452	0.105118	0.513160	0.110287	0.508035	0.117657	0.502147	0.127270	0.495581	0.139128	0.488442	0.153210	0.480857	0.169474	0.472985	0.187867	0.465014	0.208336	0.457177	0.230832	0.449748	0.255322	0.443056	0.281792	0.437489
819.135930	0.133951	0.516423	0.126609	0.520045	0.119751	0.522580	0.113625	0.524043	0.108486	0.524452	0.104583	0.523830	0.102147	0.522202	0.101394	0.519599	0.102506	0.516057	0.105633	0.511624	0.110888	0.506352	0.118340	0.500312	0.128028	0.493588	0.139954	0.486285	0.154093	0.478531	0.170404	0.470485	0.188831	0.462336	0.209323	0.454317	0.231830	0.446704	0.256320	0.439828	0.282779	0.434080
819.536800	0.133918	0.516017	0.126598	0.519521	0.119773	0.521936	0.113693	0.523278	0.108610	0.523563	0.104773	0.522815	0.102412	0.521059	0.101740	0.518322	0.102937	0.514643	0.106149	0.510067	0.111488	0.504647	0.119022	0.498453	0.128784	0.491570	0.140775	0.484103	0.154971	0.476179	0.171326	0.467956	0.189787	0.459627	0.210300	0.451425	0.232817	0.443628	0.257304	0.436567	0.283751	0.430637
819.937560	0.133885	0.515612	0.126587	0.518998	0.119796	0.521292	0.113760	0.522513	0.108735	0.522675	0.104963	0.521801	0.102678	0.519915	0.102085	0.517045	0.103367	0.513229	0.106666	0.508510	0.112088	0.502943	0.119703	0.496595	0.129539	0.489553	0.141596	0.481921	0.155847	0.473826	0.172247	0.465428	0.190742	0.456920	0.211276	0.448534	0.233802	0.440552	0.258289	0.433307	0.284724	0.427194
820.338260	0.133852	0.515185	0.126576	0.518452	0.119819	0.520627	0.113831	0.521727	0.108862	0.521765	0.105157	0.520764	0.102946	0.518748	0.102434	0.515744	0.103799	0.511790	0.107183	0.506926	0.112689	0.501210	0.120382	0.494708	0.130291	0.487505	0.142412	0.479706	0.156717	0.471440	0.173160	0.462864	0.191686	0.454174	0.212239	0.445604	0.234773	0.437435	0.259257	0.430004	0.285678	0.423708
820.738770	0.133819	0.514755	0.126566	0.517903	0.119843	0.519959	0.113901	0.520936	0.108989	0.520851	0.105351	0.519724	0.103214	0.517577	0.102782	0.514439	0.104232	0.510346	0.107700	0.505339	0.113289	0.499473	0.121060	0.492816	0.131041	0.485453	0.143226	0.477487	0.157584	0.469047	0.174069	0.460295	0.192626	0.451423	0.213199	0.442668	0.235741	0.434312	0.260221	0.426695	0.286630	0.420214
821.139220	0.133786	0.514316	0.126556	0.517345	0.119868	0.519282	0.113972	0.520137	0.109117	0.519928	0.105545	0.518674	0.103483	0.516396	0.103132	0.513124	0.104665	0.508891	0.108217	0.503740	0.113888	0.497725	0.121738	0.490912	0.131790	0.483387	0.144038	0.475254	0.158448	0.466641	0.174975	0.457711	0.193562	0.448657	0.214153	0.439716	0.236702	0.431172	0.261178	0.423368	0.287573	0.416704
821.539550	0.133753	0.513861	0.126546	0.516771	0.119894	0.518587	0.114045	0.519321	0.109247	0.518988	0.105742	0.517607	0.103754	0.515198	0.103483	0.511790	0.105099	0.507417	0.108735	0.502121	0.114487	0.495955	0.122413	0.488986	0.132536	0.481298	0.144844	0.472995	0.159307	0.464209	0.175874	0.455099	0.194489	0.445861	0.215097	0.436733	0.237652	0.428002	0.262123	0.420009	0.288502	0.413160
821.939820	0.133719	0.513405	0.126536	0.516197	0.119919	0.517893	0.114117	0.518506	0.109377	0.518048	0.105939	0.516539	0.104025	0.514000	0.103834	0.510457	0.105533	0.505944	0.109252	0.500502	0.115086	0.494185	0.123088	0.487060	0.133281	0.479209	0.145651	0.470737	0.160165	0.461778	0.176772	0.452488	0.195416	0.443066	0.216041	0.433751	0.238601	0.424832	0.263067	0.416651	0.289431	0.409618
822.339970	0.133685	0.512929	0.126526	0.515602	0.119946	0.517178	0.114192	0.517668	0.109510	0.517086	0.106139	0.515449	0.104299	0.512778	0.104188	0.509098	0.105968	0.504444	0.109770	0.498857	0.115684	0.492387	0.123761	0.485103	0.134022	0.477089	0.146451	0.468447	0.161014	0.459311	0.177660	0.449840	0.196330	0.440234	0.216971	0.430731	0.239535	0.421621	0.263994	0.413252	0.290343	0.406033
822.739990	0.133651	0.512449	0.126517	0.515004	0.119973	0.516460	0.114266	0.516828	0.109643	0.516121	0.106338	0.514355	0.104574	0.511552	0.104541	0.507736	0.106403	0.502940	0.110288	0.497207	0.116281	0.490585	0.124434	0.483143	0.134762	0.474963	0.147251	0.466152	0.161862	0.456840	0.178545	0.447187	0.197243	0.437395	0.217898	0.427704	0.240466	0.418405	0.264918	0.409846	0.291251	0.402441
823.139890	0.133617	0.511960	0.126508	0.514397	0.120000	0.515733	0.114342	0.515978	0.109776	0.515146	0.106539	0.513252	0.104849	0.510316	0.104895	0.506364	0.106839	0.501427	0.110805	0.495546	0.116877	0.488771	0.125105	0.481170	0.135500	0.472826	0.148047	0.463843	0.162706	0.454354	0.179427	0.444520	0.198150	0.434542	0.218819	0.424662	0.241390	0.415173	0.265835	0.406425	0.292151	0.398834
823.539730	0.133582	0.511456	0.126499	0.513774	0.120029	0.514989	0.114419	0.515111	0.109912	0.514154	0.106742	0.512131	0.105125	0.509062	0.105251	0.504973	0.107276	0.499893	0.111322	0.493864	0.117473	0.486936	0.125773	0.479175	0.136234	0.470664	0.148838	0.461510	0.163544	0.451842	0.180300	0.441826	0.199048	0.431661	0.219730	0.421591	0.242303	0.411910	0.266740	0.402972	0.293038	0.395195
823.939450	0.133547	0.510951	0.126490	0.513150	0.120058	0.514245	0.114495	0.514245	0.110047	0.513162	0.106945	0.511011	0.105402	0.507809	0.105606	0.503583	0.107713	0.498360	0.111840	0.492183	0.118069	0.485101	0.126442	0.477180	0.136969	0.468503	0.149629	0.459176	0.164382	0.449331	0.181174	0.439132	0.199945	0.428780	0.220640	0.418520	0.243215	0.408649	0.267644	0.399521	0.293924	0.391558
824.339050	0.133512	0.510426	0.126482	0.512506	0.120087	0.513480	0.114574	0.513357	0.110185	0.512148	0.107150	0.509867	0.105681	0.506532	0.105963	0.502167	0.108150	0.496801	0.112357	0.490474	0.118663	0.483238	0.127107	0.475156	0.137698	0.466312	0.150414	0.456811	0.165211	0.446787	0.182037	0.436404	0.200830	0.425863	0.221536	0.415412	0.244112	0.405349	0.268531	0.396031	0.294792	0.387882
824.738590	0.133477	0.509897	0.126473	0.511858	0.120117	0.512712	0.114653	0.512465	0.110323	0.511130	0.107356	0.508720	0.105960	0.505251	0.106321	0.500748	0.108588	0.495238	0.112874	0.488762	0.119257	0.481369	0.127772	0.473126	0.138426	0.464114	0.151197	0.454440	0.166039	0.444237	0.182898	0.433669	0.201713	0.422940	0.222430	0.412298	0.245006	0.402043	0.269415	0.392535	0.295657	0.384199
825.138000	0.133442	0.509360	0.126465	0.511202	0.120148	0.511935	0.114733	0.511565	0.110462	0.510103	0.107562	0.507563	0.106240	0.503961	0.106679	0.499318	0.109026	0.493664	0.113391	0.487038	0.119849	0.479490	0.128435	0.471085	0.139153	0.461905	0.151977	0.452057	0.166862	0.441673	0.183754	0.430921	0.202591	0.420002	0.223318	0.409169	0.245893	0.398722	0.270293	0.389024	0.296515	0.380502
825.537290	0.133407	0.508806	0.126458	0.510529	0.120179	0.511141	0.114815	0.510648	0.110602	0.509060	0.107769	0.506389	0.106522	0.502652	0.107038	0.497870	0.109464	0.492071	0.113908	0.485295	0.120441	0.477589	0.129096	0.469021	0.139875	0.459672	0.152751	0.449649	0.167679	0.439084	0.184602	0.428145	0.203459	0.417038	0.224195	0.406012	0.246769	0.395373	0.271157	0.385484	0.297359	0.376777
825.936460	0.133372	0.508253	0.126450	0.509857	0.120211	0.510348	0.114896	0.509732	0.110743	0.508017	0.107977	0.505216	0.106803	0.501343	0.107397	0.496422	0.109902	0.490479	0.114424	0.483551	0.121032	0.475689	0.129756	0.466958	0.140597	0.457439	0.153526	0.447241	0.168496	0.436495	0.185450	0.425371	0.204327	0.414074	0.225071	0.402856	0.247644	0.392025	0.272020	0.381945	0.298203	0.373052
826.335570	0.133335	0.507679	0.126443	0.509164	0.120244	0.509534	0.114979	0.508793	0.110885	0.506951	0.108187	0.504019	0.107087	0.500011	0.107757	0.494949	0.110341	0.488860	0.114940	0.481781	0.121621	0.473761	0.130413	0.464866	0.141314	0.455176	0.154293	0.444801	0.169304	0.433873	0.186287	0.422562	0.205182	0.411074	0.225934	0.399664	0.248504	0.388640	0.272868	0.378370	0.299029	0.369292
826.734560	0.133299	0.507101	0.126436	0.508467	0.120276	0.508715	0.115062	0.507851	0.111028	0.505882	0.108397	0.502818	0.107370	0.498675	0.108118	0.493472	0.110779	0.487237	0.115455	0.480006	0.122209	0.471828	0.131069	0.462768	0.142030	0.452908	0.155059	0.442356	0.170110	0.431245	0.187122	0.419747	0.206035	0.408069	0.226795	0.396466	0.249361	0.385249	0.273712	0.374789	0.299852	0.365525
827.133420	0.133263	0.506516	0.126429	0.507763	0.120309	0.507889	0.115145	0.506900	0.111172	0.504803	0.108608	0.501608	0.107655	0.497330	0.108479	0.491985	0.111218	0.485604	0.115970	0.478220	0.122797	0.469884	0.131724	0.460659	0.142743	0.450628	0.155822	0.439898	0.170912	0.428605	0.187953	0.416919	0.206883	0.405050	0.227649	0.393254	0.250212	0.381845	0.274550	0.371194	0.300667	0.361747
827.532230	0.133227	0.505913	0.126422	0.507041	0.120343	0.507046	0.115230	0.505933	0.111317	0.503708	0.108821	0.500381	0.107940	0.495965	0.108841	0.490479	0.111657	0.483950	0.116485	0.476413	0.123383	0.467918	0.132376	0.458526	0.143452	0.448323	0.156580	0.437415	0.171707	0.425939	0.188775	0.414064	0.207721	0.402003	0.228493	0.390015	0.251050	0.378413	0.275374	0.367572	0.301469	0.357941
827.930910	0.133190	0.505311	0.126415	0.506319	0.120377	0.506203	0.115315	0.504966	0.111462	0.502613	0.109033	0.499154	0.108226	0.494601	0.109202	0.488974	0.112096	0.482297	0.116999	0.474607	0.123969	0.465952	0.133027	0.456394	0.144161	0.446019	0.157337	0.434933	0.172502	0.423273	0.189597	0.411211	0.208559	0.398958	0.229336	0.386777	0.251889	0.374982	0.276198	0.363951	0.302271	0.354137
828.329470	0.133154	0.504689	0.126409	0.505578	0.120412	0.505339	0.115402	0.503977	0.111609	0.501496	0.109248	0.497904	0.108512	0.493214	0.109565	0.487444	0.112535	0.480619	0.117512	0.472774	0.124553	0.463958	0.133674	0.454234	0.144864	0.443685	0.158086	0.432420	0.173288	0.420575	0.190408	0.408324	0.209384	0.395879	0.230165	0.383505	0.252712	0.371518	0.277006	0.360299	0.303056	0.350302
828.727970	0.133117	0.504063	0.126403	0.504832	0.120448	0.504471	0.115489	0.502984	0.111756	0.500374	0.109462	0.496649	0.108799	0.491822	0.109927	0.485909	0.112973	0.478935	0.118025	0.470937	0.125136	0.461959	0.134321	0.452068	0.145566	0.441345	0.158834	0.429900	0.174072	0.417871	0.191217	0.405430	0.210207	0.392794	0.230992	0.380226	0.253531	0.368047	0.277810	0.356640	0.303837	0.346461
829.126340	0.133080	0.503430	0.126397	0.504079	0.120484	0.503596	0.115576	0.501983	0.111903	0.499244	0.109678	0.495387	0.109087	0.490422	0.110290	0.484365	0.113412	0.477242	0.118537	0.469089	0.125718	0.459950	0.134965	0.449891	0.146265	0.438995	0.159579	0.427369	0.174852	0.415155	0.192021	0.402525	0.211025	0.389697	0.231813	0.376936	0.254345	0.364565	0.278608	0.352970	0.304611	0.342610
829.524600	0.133043	0.502779	0.126392	0.503308	0.120520	0.502703	0.115665	0.500965	0.112053	0.498097	0.109894	0.494105	0.109375	0.489002	0.110654	0.482801	0.113851	0.475529	0.119049	0.467220	0.126297	0.457918	0.135607	0.447691	0.146960	0.436619	0.160319	0.424813	0.175625	0.412414	0.192817	0.399594	0.211833	0.386574	0.232623	0.373619	0.255147	0.361057	0.279393	0.349275	0.305371	0.338736
829.922730	0.133005	0.502129	0.126386	0.502538	0.120557	0.501810	0.115754	0.499947	0.112202	0.496950	0.110110	0.492825	0.109664	0.487582	0.111017	0.481238	0.114289	0.473816	0.119560	0.465351	0.126877	0.455887	0.136248	0.445491	0.147655	0.434245	0.161058	0.422258	0.176397	0.409673	0.193613	0.396664	0.212641	0.383451	0.233432	0.370304	0.255948	0.357550	0.280178	0.345581	0.306131	0.334863
830.320800	0.132968	0.501460	0.126381	0.501749	0.120594	0.500898	0.115844	0.498908	0.112353	0.495781	0.110328	0.491522	0.109954	0.486140	0.111382	0.479651	0.114727	0.472079	0.120070	0.463456	0.127453	0.453829	0.136885	0.443263	0.148344	0.431841	0.161789	0.419673	0.177161	0.406901	0.194397	0.393702	0.213437	0.380297	0.234228	0.366957	0.256735	0.354013	0.280947	0.341859	0.306875	0.330964
830.718750	0.132930	0.500785	0.126376	0.500954	0.120632	0.499981	0.115934	0.497865	0.112503	0.494607	0.110547	0.490214	0.110244	0.484693	0.111746	0.478059	0.115165	0.470336	0.120579	0.461555	0.128029	0.451766	0.137521	0.441030	0.149032	0.429431	0.162518	0.417082	0.177922	0.404123	0.195179	0.390734	0.214229	0.377137	0.235020	0.363605	0.257519	0.350471	0.281712	0.338131	0.307614	0.327061
831.116580	0.132893	0.500104	0.126371	0.500153	0.120670	0.499057	0.116025	0.496815	0.112655	0.493427	0.110765	0.488899	0.110534	0.483238	0.112110	0.476459	0.115602	0.468584	0.121088	0.459646	0.128604	0.449693	0.138155	0.438786	0.149717	0.427011	0.163245	0.414480	0.178680	0.401335	0.195957	0.387755	0.215017	0.373966	0.235807	0.360242	0.258296	0.346919	0.282471	0.334395	0.308348	0.323150
831.514340	0.132855	0.499406	0.126366	0.499334	0.120709	0.498115	0.116117	0.495746	0.112808	0.492227	0.110985	0.487564	0.110825	0.481762	0.112474	0.474837	0.116039	0.466810	0.121595	0.457714	0.129176	0.447596	0.138785	0.436518	0.150397	0.424566	0.163965	0.411853	0.179429	0.398520	0.196726	0.384750	0.215794	0.370769	0.236583	0.356853	0.259061	0.343342	0.283217	0.330637	0.309067	0.319219
831.911930	0.132816	0.498708	0.126361	0.498515	0.120748	0.497173	0.116209	0.494678	0.112960	0.491029	0.111205	0.486230	0.111117	0.480288	0.112838	0.473216	0.116476	0.465037	0.122102	0.455783	0.129748	0.445500	0.139415	0.434251	0.151076	0.422122	0.164685	0.409227	0.180178	0.395706	0.197494	0.381746	0.216571	0.367573	0.237358	0.353466	0.259826	0.339766	0.283962	0.326880	0.309786	0.315290
832.309510	0.132778	0.497991	0.126357	0.497678	0.120788	0.496212	0.116302	0.493589	0.113114	0.489809	0.111426	0.484874	0.111409	0.478790	0.113203	0.471572	0.116913	0.463240	0.122607	0.453827	0.130317	0.443378	0.140041	0.431958	0.151750	0.419651	0.165397	0.406572	0.180919	0.392864	0.198252	0.378714	0.217336	0.364349	0.238121	0.350052	0.260576	0.336165	0.284692	0.323100	0.310489	0.311341
832.706910	0.132740	0.497269	0.126353	0.496835	0.120828	0.495246	0.116395	0.492496	0.113269	0.488584	0.111648	0.483512	0.111701	0.477287	0.113567	0.469923	0.117349	0.461437	0.123112	0.451864	0.130885	0.441250	0.140666	0.429657	0.152422	0.417173	0.166107	0.403910	0.181657	0.390015	0.199007	0.375675	0.218097	0.361119	0.238879	0.346632	0.261323	0.332559	0.285419	0.319315	0.311188	0.307388
833.104250	0.132702	0.496540	0.126349	0.495987	0.120869	0.494273	0.116489	0.491395	0.113424	0.487352	0.111869	0.482144	0.111994	0.475777	0.113932	0.468265	0.117785	0.459627	0.123617	0.449894	0.131452	0.439113	0.141288	0.427349	0.153092	0.414686	0.166814	0.401239	0.182391	0.387157	0.199759	0.372626	0.218855	0.357879	0.239634	0.343203	0.262064	0.328945	0.286140	0.315523	0.311881	0.303430
833.501460	0.132663	0.495795	0.126345	0.495120	0.120910	0.493282	0.116584	0.490276	0.113580	0.486100	0.112092	0.480756	0.112287	0.474247	0.114297	0.466586	0.118221	0.457794	0.124119	0.447900	0.132016	0.436953	0.141907	0.425015	0.153756	0.412173	0.167514	0.398543	0.183117	0.384273	0.200500	0.369552	0.219602	0.354615	0.240376	0.339750	0.262793	0.325310	0.286847	0.311713	0.312559	0.299458
833.898560	0.132624	0.495049	0.126342	0.494253	0.120951	0.492291	0.116680	0.489158	0.113736	0.484850	0.112315	0.479368	0.112580	0.472717	0.114662	0.464908	0.118656	0.455961	0.124621	0.445907	0.132580	0.434793	0.142525	0.422682	0.154420	0.409662	0.168214	0.395848	0.183843	0.381390	0.201241	0.366479	0.220348	0.351352	0.241118	0.336299	0.263521	0.321675	0.287553	0.307904	0.313238	0.295487
834.295590	0.132585	0.494286	0.126339	0.493368	0.120994	0.491282	0.116776	0.488020	0.113894	0.483579	0.112539	0.477960	0.112874	0.471166	0.115026	0.463208	0.119090	0.454106	0.125121	0.443890	0.133141	0.432608	0.143139	0.420324	0.155079	0.407124	0.168907	0.393126	0.184560	0.378481	0.201972	0.363380	0.221083	0.348064	0.241847	0.332824	0.264236	0.318020	0.288246	0.304078	0.313901	0.291502
834.692500	0.132546	0.493516	0.126335	0.492477	0.121036	0.490266	0.116872	0.486876	0.114052	0.482302	0.112763	0.476545	0.113167	0.469608	0.115391	0.461501	0.119524	0.452243	0.125621	0.441866	0.133700	0.430416	0.143751	0.417957	0.155735	0.404578	0.169597	0.390396	0.185274	0.375563	0.202699	0.360274	0.221814	0.344768	0.242572	0.329343	0.264946	0.314359	0.288933	0.300246	0.314560	0.287514
835.089290	0.132507	0.492741	0.126332	0.491581	0.121079	0.489245	0.116969	0.485726	0.114210	0.481020	0.112988	0.475125	0.113461	0.468044	0.115755	0.459787	0.119957	0.450374	0.126120	0.439835	0.134259	0.428217	0.144361	0.415584	0.156389	0.402026	0.170285	0.387659	0.185985	0.372639	0.203424	0.357161	0.222541	0.341466	0.243292	0.325856	0.265652	0.310693	0.289616	0.296412	0.315214	0.283525
835.485960	0.132468	0.491948	0.126330	0.490666	0.121122	0.488205	0.117067	0.484557	0.114369	0.479717	0.113213	0.473683	0.113756	0.466458	0.116119	0.458051	0.120390	0.448482	0.126616	0.437781	0.134814	0.425994	0.144967	0.413185	0.157037	0.399447	0.170965	0.384896	0.186687	0.369689	0.204137	0.354022	0.223257	0.338141	0.244000	0.322347	0.266344	0.307008	0.290285	0.292563	0.315852	0.279527
835.882570	0.132429	0.491155	0.126327	0.489752	0.121165	0.487165	0.117164	0.483388	0.114528	0.478415	0.113438	0.472242	0.114050	0.464872	0.116483	0.456316	0.120822	0.446590	0.127112	0.435726	0.135369	0.423770	0.145573	0.410787	0.157684	0.396868	0.171645	0.382134	0.187389	0.366739	0.204851	0.350884	0.223972	0.334816	0.244708	0.318839	0.267035	0.303325	0.290953	0.288714	0.316490	0.275529
836.279050	0.132389	0.490345	0.126324	0.488820	0.121209	0.486107	0.117263	0.482201	0.114688	0.477093	0.113664	0.470781	0.114345	0.463267	0.116847	0.454560	0.121253	0.444677	0.127606	0.433650	0.135920	0.421524	0.146174	0.408366	0.158326	0.394267	0.172317	0.379348	0.188083	0.363767	0.205555	0.347724	0.224677	0.331470	0.245405	0.315313	0.267714	0.299626	0.291608	0.284855	0.317114	0.271526
836.675480	0.132349	0.489529	0.126322	0.487881	0.121254	0.485043	0.117362	0.481007	0.114848	0.475764	0.113891	0.469312	0.114640	0.461653	0.117210	0.452795	0.121684	0.442755	0.128100	0.431564	0.136470	0.419269	0.146773	0.405936	0.158965	0.391656	0.172987	0.376553	0.188772	0.360785	0.206255	0.344555	0.225377	0.328116	0.246096	0.311779	0.268388	0.295921	0.292257	0.280992	0.317733	0.267521
837.071720	0.132310	0.488708	0.126320	0.486938	0.121298	0.483974	0.117461	0.479808	0.115008	0.474431	0.114117	0.467839	0.114934	0.460035	0.117574	0.451025	0.122114	0.440828	0.128593	0.429474	0.137019	0.417009	0.147370	0.403500	0.159602	0.389041	0.173654	0.373753	0.189460	0.357799	0.206952	0.341382	0.226074	0.324759	0.246784	0.308243	0.269059	0.292214	0.292903	0.277128	0.318347	0.263517
837.467900	0.132270	0.487867	0.126318	0.485975	0.121343	0.482885	0.117561	0.478588	0.115169	0.473076	0.114344	0.466344	0.115229	0.458393	0.117937	0.449232	0.122542	0.438876	0.129082	0.427358	0.137563	0.414722	0.147963	0.401038	0.160232	0.386398	0.174313	0.370927	0.190137	0.354786	0.207638	0.338184	0.226759	0.321379	0.247458	0.304687	0.269715	0.288493	0.293533	0.273254	0.318946	0.259510
837.864010	0.132230	0.487027	0.126316	0.485012	0.121388	0.481796	0.117661	0.477369	0.115331	0.471721	0.114571	0.464849	0.115524	0.456752	0.118299	0.447439	0.122970	0.436925	0.129572	0.425242	0.138108	0.412436	0.148555	0.398576	0.160863	0.383755	0.174972	0.368100	0.190814	0.351774	0.208324	0.334987	0.227443	0.317999	0.248133	0.301132	0.270371	0.284771	0.294164	0.269382	0.319545	0.255504
838.259950	0.132189	0.486171	0.126314	0.484033	0.121434	0.480691	0.117762	0.476133	0.115493	0.470350	0.114798	0.463337	0.115819	0.455094	0.118662	0.445627	0.123397	0.434955	0.130059	0.423107	0.138650	0.410130	0.149142	0.396094	0.161487	0.381093	0.175624	0.365254	0.191484	0.348743	0.209000	0.331772	0.228117	0.314604	0.248796	0.297563	0.271015	0.281041	0.294782	0.265505	0.320131	0.251501
838.655820	0.132149	0.485307	0.126313	0.483046	0.121481	0.479577	0.117863	0.474888	0.115656	0.468969	0.115026	0.461816	0.116114	0.453425	0.119024	0.443806	0.123823	0.432975	0.130545	0.420961	0.139190	0.407814	0.149727	0.393601	0.162109	0.378419	0.176272	0.362397	0.192149	0.345702	0.209672	0.328547	0.228786	0.311200	0.249453	0.293988	0.271653	0.277306	0.295393	0.261626	0.320710	0.247499
839.051570	0.132109	0.484440	0.126312	0.482056	0.121527	0.478461	0.117964	0.473641	0.115818	0.467586	0.115254	0.460291	0.116409	0.451754	0.119386	0.441981	0.124249	0.430991	0.131031	0.418812	0.139729	0.405494	0.150311	0.391105	0.162730	0.375743	0.176919	0.359537	0.192812	0.342658	0.210342	0.325320	0.229453	0.307795	0.250108	0.290412	0.272288	0.273571	0.296002	0.257747	0.321287	0.243498
839.447270	0.132068	0.483552	0.126311	0.481045	0.121574	0.477322	0.118067	0.472371	0.115982	0.466179	0.115482	0.458742	0.116704	0.450058	0.119747	0.440131	0.124673	0.428981	0.131514	0.416636	0.140263	0.403146	0.150889	0.388581	0.163343	0.373038	0.177557	0.356650	0.193465	0.339588	0.211000	0.322070	0.230107	0.304369	0.250749	0.286819	0.272908	0.269825	0.296595	0.253866	0.321847	0.239504
839.842770	0.132028	0.482665	0.126309	0.480035	0.121620	0.476184	0.118169	0.471102	0.116145	0.464774	0.115710	0.457194	0.116999	0.448362	0.120108	0.438282	0.125097	0.426972	0.131996	0.414462	0.140797	0.400800	0.151467	0.386059	0.163955	0.370336	0.178195	0.353765	0.194118	0.336520	0.211658	0.318821	0.230761	0.300944	0.251389	0.283228	0.273528	0.266081	0.297188	0.249987	0.322407	0.235512
840.238220	0.131987	0.481763	0.126309	0.479010	0.121668	0.475032	0.118272	0.469817	0.116309	0.463352	0.115939	0.455630	0.117293	0.446649	0.120468	0.436415	0.125520	0.424945	0.132476	0.412268	0.141328	0.398435	0.152041	0.383518	0.164563	0.367614	0.178826	0.350862	0.194763	0.333435	0.212307	0.315557	0.231405	0.297508	0.252020	0.279629	0.274138	0.262333	0.297770	0.246109	0.322955	0.231528
840.633610	0.131946	0.480853	0.126308	0.477975	0.121716	0.473869	0.118375	0.468522	0.116473	0.461920	0.116168	0.454055	0.117588	0.444925	0.120827	0.434537	0.125941	0.422906	0.132955	0.410063	0.141857	0.396058	0.152612	0.380964	0.165167	0.364881	0.179453	0.347947	0.195403	0.330339	0.212951	0.312283	0.232044	0.294063	0.252644	0.276023	0.274741	0.258581	0.298344	0.242231	0.323496	0.227549
841.028810	0.131905	0.479941	0.126307	0.476939	0.121764	0.472705	0.118479	0.467226	0.116637	0.460487	0.116397	0.452479	0.117882	0.443200	0.121186	0.432658	0.126363	0.420866	0.133433	0.407857	0.142385	0.393681	0.153182	0.378410	0.165769	0.362148	0.180079	0.345032	0.196042	0.327242	0.213594	0.309010	0.232680	0.290619	0.253267	0.272418	0.275342	0.254831	0.298917	0.238356	0.324035	0.223573
841.423950	0.131864	0.479006	0.126307	0.475880	0.121812	0.471519	0.118583	0.465906	0.116802	0.459029	0.116626	0.450878	0.118177	0.441450	0.121545	0.430752	0.126782	0.418799	0.133907	0.405623	0.142908	0.391275	0.153746	0.375827	0.166364	0.359386	0.180695	0.342090	0.196670	0.324122	0.214224	0.305715	0.233304	0.287157	0.253875	0.268802	0.275926	0.251078	0.299472	0.234486	0.324557	0.219615
841.818970	0.131824	0.478072	0.126306	0.474822	0.121861	0.470333	0.118687	0.464587	0.116967	0.457571	0.116855	0.449277	0.118471	0.439700	0.121903	0.428846	0.127201	0.416732	0.134382	0.403390	0.143430	0.388869	0.154309	0.373246	0.166959	0.356625	0.181311	0.339150	0.197297	0.321003	0.214853	0.302421	0.233927	0.283697	0.254483	0.265188	0.276511	0.247326	0.300028	0.230618	0.325078	0.215658
842.213930	0.131783	0.477125	0.126306	0.473751	0.121910	0.469133	0.118792	0.463254	0.117133	0.456099	0.117084	0.447661	0.118765	0.437935	0.122260	0.426925	0.127618	0.414650	0.134854	0.401140	0.143950	0.386448	0.154868	0.370648	0.167548	0.353849	0.181921	0.336194	0.197918	0.317870	0.215476	0.299115	0.234541	0.280228	0.255081	0.261568	0.277086	0.243573	0.300574	0.226756	0.325589	0.211714
842.608760	0.131741	0.476168	0.126306	0.472669	0.121958	0.467922	0.118897	0.461909	0.117299	0.454616	0.117314	0.446034	0.119059	0.436157	0.122617	0.424992	0.128035	0.412554	0.135324	0.398878	0.144467	0.384013	0.155424	0.368038	0.168133	0.351060	0.182526	0.333227	0.198533	0.314727	0.216092	0.295802	0.235148	0.276753	0.255672	0.257946	0.277654	0.239822	0.301112	0.222900	0.326092	0.207782
843.003480	0.131700	0.475210	0.126306	0.471587	0.122007	0.466711	0.119002	0.460565	0.117464	0.453133	0.117543	0.444406	0.119353	0.434380	0.122973	0.423059	0.128451	0.410459	0.135794	0.396616	0.144985	0.381578	0.155980	0.365428	0.168718	0.348272	0.183131	0.330261	0.199148	0.311584	0.216707	0.292489	0.235755	0.273278	0.256262	0.254324	0.278221	0.236072	0.301649	0.219045	0.326594	0.203852
843.398070	0.131658	0.474230	0.126306	0.470481	0.122058	0.465476	0.119108	0.459195	0.117631	0.451624	0.117772	0.442753	0.119646	0.432576	0.123328	0.421098	0.128864	0.408336	0.136260	0.394325	0.145496	0.379116	0.156528	0.362790	0.169294	0.345457	0.183725	0.327269	0.199751	0.308419	0.217309	0.289158	0.236348	0.269792	0.256837	0.250698	0.278771	0.232327	0.302168	0.215207	0.327078	0.199953
843.792600	0.131617	0.473249	0.126307	0.469375	0.122108	0.464240	0.119213	0.457826	0.117797	0.450115	0.118002	0.441099	0.119939	0.430771	0.123683	0.419137	0.129277	0.406213	0.136725	0.392034	0.146006	0.376653	0.157076	0.360152	0.169869	0.342643	0.184319	0.324278	0.200354	0.305255	0.217911	0.285828	0.236940	0.266306	0.257411	0.247073	0.279320	0.228582	0.302687	0.211370	0.327562	0.196056
844.187010	0.131575	0.472258	0.126307	0.468258	0.122158	0.462994	0.119320	0.456445	0.117964	0.448594	0.118231	0.439433	0.120232	0.428954	0.124037	0.417163	0.129688	0.404077	0.137189	0.389730	0.146515	0.374178	0.157620	0.357501	0.170441	0.339816	0.184908	0.321276	0.200951	0.302082	0.218506	0.282491	0.237524	0.262817	0.257978	0.243448	0.279861	0.224843	0.303198	0.207545	0.328037	0.192177
844.581300	0.131533	0.471253	0.126308	0.467129	0.122208	0.461734	0.119427	0.455051	0.118131	0.447060	0.118460	0.437753	0.120524	0.427123	0.124390	0.415175	0.130098	0.401926	0.137650	0.387412	0.147020	0.371688	0.158160	0.354837	0.171007	0.336976	0.185491	0.318263	0.201540	0.298899	0.219093	0.279146	0.238101	0.259324	0.258536	0.239823	0.280394	0.221110	0.303698	0.203732	0.328502	0.188318
844.975520	0.131492	0.470249	0.126308	0.465999	0.122259	0.460475	0.119533	0.453657	0.118298	0.445526	0.118690	0.436073	0.120816	0.425292	0.124743	0.413187	0.130508	0.399776	0.138110	0.385094	0.147525	0.369198	0.158700	0.352172	0.171574	0.334136	0.186074	0.315249	0.202129	0.295717	0.219681	0.275802	0.238677	0.255831	0.259093	0.236199	0.280926	0.217378	0.304199	0.199920	0.328967	0.184461
845.369630	0.131450	0.469224	0.126309	0.464848	0.122310	0.459193	0.119641	0.452239	0.118465	0.443968	0.118919	0.434369	0.121107	0.423436	0.125095	0.411174	0.130915	0.397599	0.138567	0.382750	0.148024	0.366683	0.159233	0.349484	0.172131	0.331274	0.186646	0.312215	0.202708	0.292516	0.220255	0.272445	0.239240	0.252332	0.259636	0.232578	0.281442	0.213659	0.304684	0.196134	0.329415	0.180645
845.763610	0.131408	0.468198	0.126310	0.463695	0.122361	0.457910	0.119748	0.450820	0.118632	0.442409	0.119148	0.432664	0.121398	0.421578	0.125446	0.409159	0.131322	0.395422	0.139024	0.380405	0.148522	0.364167	0.159766	0.346794	0.172688	0.328411	0.187218	0.309180	0.203285	0.289316	0.220829	0.269089	0.239801	0.248835	0.260178	0.228958	0.281958	0.209942	0.305167	0.192352	0.329862	0.176833
846.157470	0.131366	0.467162	0.126311	0.462533	0.122413	0.456617	0.119855	0.449392	0.118799	0.440840	0.119378	0.430949	0.121689	0.419711	0.125797	0.407134	0.131727	0.393233	0.139478	0.378049	0.149018	0.361640	0.160295	0.344094	0.173241	0.325539	0.187785	0.306138	0.203858	0.286110	0.221397	0.265729	0.240356	0.245336	0.260713	0.225342	0.282466	0.206234	0.305643	0.188583	0.330301	0.173043
846.551270	0.131324	0.466112	0.126313	0.461357	0.122464	0.455309	0.119963	0.447949	0.118967	0.439255	0.119607	0.429217	0.121979	0.417827	0.126145	0.405092	0.132131	0.391028	0.139930	0.375677	0.149510	0.359097	0.160819	0.341380	0.173788	0.322652	0.188346	0.303083	0.204422	0.282894	0.221956	0.262363	0.240903	0.241836	0.261238	0.221729	0.282964	0.202537	0.306108	0.184835	0.330729	0.169283
846.944950	0.131282	0.465062	0.126314	0.460180	0.122516	0.454002	0.120071	0.446506	0.119135	0.437671	0.119836	0.427486	0.122269	0.415943	0.126494	0.403050	0.132534	0.388824	0.140381	0.373306	0.150002	0.356555	0.161343	0.338666	0.174335	0.319766	0.188907	0.300029	0.204986	0.279679	0.222516	0.258999	0.241449	0.238337	0.261764	0.218118	0.283461	0.198842	0.306573	0.181088	0.331157	0.165525
847.338500	0.131239	0.463992	0.126315	0.458984	0.122568	0.452674	0.120179	0.445041	0.119302	0.436064	0.120065	0.425732	0.122558	0.414037	0.126841	0.400986	0.132934	0.386597	0.140828	0.370911	0.150489	0.353990	0.161860	0.335930	0.174874	0.316861	0.189457	0.296959	0.205540	0.276452	0.223063	0.255627	0.241982	0.234839	0.262275	0.214517	0.283945	0.195167	0.307023	0.177376	0.331570	0.161817
847.731990	0.131197	0.462919	0.126317	0.457783	0.122620	0.451343	0.120287	0.443573	0.119470	0.434454	0.120293	0.423975	0.122847	0.412127	0.127187	0.398918	0.133333	0.384366	0.141275	0.368513	0.150974	0.351422	0.162376	0.333191	0.175411	0.313953	0.190006	0.293887	0.206091	0.273223	0.223609	0.252255	0.242512	0.231342	0.262783	0.210918	0.284425	0.191496	0.307470	0.173671	0.331980	0.158118
848.125370	0.131155	0.461839	0.126319	0.456576	0.122673	0.450004	0.120396	0.442097	0.119638	0.432837	0.120522	0.422210	0.123136	0.410209	0.127533	0.396841	0.133731	0.382127	0.141720	0.366106	0.151458	0.348847	0.162890	0.330446	0.175945	0.311040	0.190552	0.290809	0.206639	0.269991	0.224150	0.248882	0.243038	0.227847	0.263287	0.207325	0.284901	0.187836	0.307912	0.169981	0.332384	0.154440
848.518620	0.131113	0.460743	0.126321	0.455353	0.122726	0.448648	0.120504	0.440605	0.119805	0.431202	0.120750	0.420427	0.123424	0.408273	0.127877	0.394747	0.134128	0.379870	0.142161	0.363683	0.151937	0.346255	0.163398	0.327685	0.176473	0.308112	0.191090	0.287721	0.207179	0.266752	0.224681	0.245507	0.243554	0.224355	0.263781	0.203743	0.285365	0.184197	0.308342	0.166322	0.332777	0.150808
848.911740	0.131070	0.459647	0.126323	0.454130	0.122779	0.447293	0.120613	0.439113	0.119973	0.429568	0.120979	0.418645	0.123711	0.406338	0.128222	0.392654	0.134524	0.377614	0.142602	0.361260	0.152415	0.343664	0.163906	0.324925	0.177001	0.305185	0.191628	0.284634	0.207718	0.263514	0.225213	0.242133	0.244070	0.220865	0.264274	0.200163	0.285830	0.180559	0.308772	0.162665	0.333169	0.147177
849.304810	0.131028	0.458533	0.126325	0.452889	0.122832	0.445919	0.120722	0.437601	0.120141	0.427914	0.121206	0.416843	0.123998	0.404383	0.128564	0.390540	0.134917	0.375337	0.143039	0.358817	0.152889	0.341053	0.164407	0.322147	0.177521	0.302243	0.192157	0.281535	0.208247	0.260268	0.225733	0.238757	0.244574	0.217380	0.264755	0.196598	0.286281	0.176948	0.309189	0.159049	0.333547	0.143603
849.697750	0.130986	0.457415	0.126327	0.451642	0.122885	0.444541	0.120831	0.436085	0.120310	0.426254	0.121434	0.415035	0.124285	0.402422	0.128906	0.388420	0.135309	0.373054	0.143476	0.356369	0.153362	0.338438	0.164907	0.319365	0.178039	0.299298	0.192684	0.278433	0.208773	0.257021	0.226250	0.235381	0.245075	0.213898	0.265231	0.193038	0.286728	0.173345	0.309602	0.155446	0.333921	0.140045
850.090640	0.130943	0.456291	0.126330	0.450390	0.122938	0.443156	0.120940	0.434562	0.120478	0.424589	0.121661	0.413222	0.124571	0.400454	0.129247	0.386294	0.135701	0.370766	0.143910	0.353915	0.153832	0.335817	0.165404	0.316578	0.178554	0.296348	0.193208	0.275328	0.209297	0.253773	0.226764	0.232007	0.245572	0.210419	0.265704	0.189485	0.287171	0.169752	0.310010	0.151856	0.334291	0.136507
850.483340	0.130900	0.455149	0.126332	0.449120	0.122992	0.441753	0.121050	0.433021	0.120645	0.422905	0.121888	0.411389	0.124855	0.398468	0.129586	0.384149	0.136089	0.368459	0.144341	0.351443	0.154298	0.333179	0.165895	0.313775	0.179062	0.293386	0.193723	0.272215	0.209810	0.250521	0.227268	0.228634	0.246058	0.206951	0.266165	0.185951	0.287601	0.166192	0.310405	0.148313	0.334647	0.133031
850.875980	0.130858	0.454008	0.126334	0.447851	0.123046	0.440350	0.121159	0.431481	0.120813	0.421221	0.122115	0.409557	0.125140	0.396481	0.129925	0.382004	0.136476	0.366152	0.144772	0.348972	0.154763	0.330541	0.166386	0.310973	0.179570	0.290424	0.194238	0.269101	0.210324	0.247270	0.227771	0.225262	0.246544	0.203483	0.266626	0.182419	0.288031	0.162632	0.310800	0.144770	0.335004	0.129556
851.268550	0.130815	0.452850	0.126337	0.446565	0.123100	0.438931	0.121269	0.429923	0.120981	0.419520	0.122342	0.407707	0.125424	0.394477	0.130262	0.379842	0.136862	0.363828	0.145199	0.346483	0.155223	0.327888	0.166871	0.308158	0.180071	0.287452	0.194746	0.265981	0.210829	0.244016	0.228265	0.221893	0.247019	0.200027	0.267077	0.178907	0.288450	0.159104	0.311184	0.141272	0.335348	0.126140
851.660950	0.130772	0.451686	0.126339	0.445272	0.123154	0.437504	0.121378	0.428358	0.121149	0.417811	0.122568	0.405849	0.125707	0.392466	0.130598	0.377673	0.137246	0.361496	0.145624	0.343988	0.155681	0.325229	0.167354	0.305337	0.180568	0.284475	0.195249	0.262857	0.211329	0.240761	0.228755	0.218527	0.247489	0.196577	0.267522	0.175405	0.288864	0.155592	0.311561	0.137796	0.335686	0.122753
852.053280	0.130729	0.450519	0.126341	0.443976	0.123207	0.436075	0.121488	0.426790	0.121317	0.416100	0.122794	0.403988	0.125989	0.390451	0.130934	0.375500	0.137630	0.359162	0.146048	0.341490	0.156138	0.322567	0.167835	0.302514	0.181064	0.281497	0.195751	0.259734	0.211828	0.237507	0.229243	0.215163	0.247958	0.193130	0.267964	0.171909	0.289276	0.152088	0.311937	0.134331	0.336023	0.119379
852.445500	0.130686	0.449332	0.126345	0.442660	0.123262	0.434625	0.121598	0.425202	0.121484	0.414367	0.123019	0.402106	0.126270	0.388416	0.131268	0.373306	0.138010	0.356807	0.146468	0.338973	0.156590	0.319888	0.168310	0.299676	0.181552	0.278507	0.196244	0.256603	0.212317	0.234253	0.229718	0.211807	0.248414	0.189701	0.268394	0.168444	0.289673	0.148630	0.312298	0.130928	0.336344	0.116088
852.837590	0.130643	0.448145	0.126348	0.441344	0.123316	0.433176	0.121708	0.423614	0.121652	0.412635	0.123245	0.400225	0.126552	0.386381	0.131601	0.371113	0.138390	0.354453	0.146887	0.336456	0.157041	0.317209	0.168784	0.296839	0.182040	0.275518	0.196736	0.253474	0.212805	0.231000	0.230194	0.208453	0.248870	0.186274	0.268823	0.164980	0.290070	0.145172	0.312659	0.127527	0.336666	0.112799
853.229610	0.130600	0.446945	0.126351	0.440015	0.123371	0.431713	0.121819	0.422011	0.121819	0.410888	0.123470	0.398329	0.126832	0.384331	0.131933	0.368906	0.138767	0.352085	0.147303	0.333927	0.157488	0.314519	0.169253	0.293992	0.182522	0.272522	0.197222	0.250342	0.213286	0.227748	0.230662	0.205105	0.249317	0.182861	0.269243	0.161540	0.290458	0.141749	0.313011	0.124172	0.336977	0.109569
853.621520	0.130557	0.445736	0.126354	0.438676	0.123426	0.430240	0.121929	0.420399	0.121986	0.409131	0.123694	0.396424	0.127111	0.382271	0.132263	0.366689	0.139142	0.349708	0.147717	0.331388	0.157932	0.311821	0.169718	0.291139	0.183000	0.269522	0.197703	0.247207	0.213761	0.224497	0.231124	0.201763	0.249758	0.179459	0.269657	0.158117	0.290839	0.138350	0.313355	0.120851	0.337281	0.106381
854.013310	0.130515	0.444526	0.126357	0.437337	0.123481	0.428766	0.122039	0.418786	0.122154	0.407374	0.123919	0.394517	0.127390	0.380211	0.132593	0.364472	0.139518	0.347330	0.148131	0.328850	0.158376	0.309124	0.170183	0.288286	0.183477	0.266523	0.198183	0.244073	0.214236	0.221248	0.231585	0.198423	0.250198	0.176059	0.270070	0.154696	0.291219	0.134955	0.313698	0.117533	0.337584	0.103198
854.405030	0.130471	0.443294	0.126361	0.435975	0.123536	0.427269	0.122149	0.417150	0.122321	0.405593	0.124142	0.392587	0.127668	0.378128	0.132920	0.362231	0.139889	0.344930	0.148539	0.326291	0.158813	0.306407	0.170639	0.285418	0.183945	0.263513	0.198653	0.240936	0.214699	0.218003	0.232033	0.195098	0.250625	0.172688	0.270468	0.151320	0.291584	0.131621	0.314025	0.114297	0.337871	0.100121
854.796630	0.130428	0.442063	0.126364	0.434613	0.123591	0.425773	0.122259	0.415514	0.122487	0.403813	0.124365	0.390657	0.127945	0.376045	0.133247	0.359990	0.140260	0.342531	0.148947	0.323732	0.159249	0.303691	0.171096	0.282551	0.184412	0.260504	0.199122	0.237800	0.215162	0.214760	0.232481	0.191774	0.251051	0.169317	0.270865	0.147944	0.291949	0.128289	0.314352	0.111063	0.338158	0.097045
855.188110	0.130385	0.440820	0.126368	0.433241	0.123647	0.424266	0.122369	0.413867	0.122654	0.402021	0.124588	0.388716	0.128221	0.373950	0.133573	0.357739	0.140629	0.340122	0.149352	0.321164	0.159682	0.300968	0.171548	0.279678	0.184875	0.257491	0.199586	0.234664	0.215618	0.211521	0.232922	0.188461	0.251470	0.165964	0.271256	0.144593	0.292306	0.124990	0.314671	0.107873	0.338437	0.094025
855.579530	0.130342	0.439566	0.126371	0.431856	0.123702	0.422746	0.122479	0.412207	0.122820	0.400217	0.124810	0.386763	0.128496	0.371843	0.133897	0.355476	0.140996	0.337701	0.149754	0.318586	0.160112	0.298236	0.171997	0.276798	0.185332	0.254475	0.200044	0.231527	0.216068	0.208286	0.233356	0.185157	0.251881	0.162628	0.271638	0.141269	0.292654	0.121729	0.314982	0.104731	0.338706	0.091065
855.970760	0.130299	0.438313	0.126375	0.430472	0.123757	0.421228	0.122589	0.410549	0.122987	0.398414	0.125031	0.384810	0.128771	0.369737	0.134221	0.353214	0.141363	0.335282	0.150156	0.316009	0.160541	0.295505	0.172445	0.273920	0.185789	0.251460	0.200502	0.228392	0.216518	0.205054	0.233791	0.181856	0.252292	0.159294	0.272020	0.137946	0.293003	0.118469	0.315293	0.101591	0.338976	0.088107
856.362000	0.130256	0.437037	0.126379	0.429067	0.123812	0.419687	0.122699	0.408868	0.123153	0.396588	0.125253	0.382835	0.129045	0.367609	0.134541	0.350931	0.141725	0.332841	0.150553	0.313413	0.160964	0.292758	0.172885	0.271030	0.186237	0.248439	0.200949	0.225258	0.216957	0.201831	0.234212	0.178575	0.252690	0.155995	0.272389	0.134675	0.293337	0.115278	0.315588	0.098541	0.339230	0.085262
856.753050	0.130213	0.435761	0.126383	0.427660	0.123868	0.418145	0.122809	0.407185	0.123319	0.394761	0.125473	0.380859	0.129318	0.365480	0.134862	0.348646	0.142087	0.330400	0.150949	0.310818	0.161386	0.290012	0.173324	0.268141	0.186684	0.245419	0.201396	0.222126	0.217394	0.198610	0.234633	0.175298	0.253087	0.152701	0.272756	0.131409	0.293669	0.112094	0.315882	0.095500	0.339483	0.082427
857.144040	0.130170	0.434476	0.126386	0.426245	0.123923	0.416594	0.122920	0.405495	0.123485	0.392925	0.125694	0.378874	0.129590	0.363343	0.135181	0.346354	0.142447	0.327952	0.151343	0.308216	0.161805	0.287260	0.173759	0.265248	0.187128	0.242398	0.201838	0.218996	0.217827	0.195395	0.235048	0.172032	0.253478	0.149422	0.273118	0.128165	0.293996	0.108941	0.316169	0.092498	0.339730	0.079640
857.534850	0.130127	0.433178	0.126390	0.424816	0.123979	0.415029	0.123030	0.403789	0.123650	0.391075	0.125914	0.376875	0.129861	0.361192	0.135498	0.344048	0.142804	0.325492	0.151733	0.305603	0.162219	0.284499	0.174189	0.262350	0.187565	0.239376	0.202273	0.215869	0.218251	0.192191	0.235455	0.168784	0.253860	0.146172	0.273469	0.124962	0.294312	0.105842	0.316447	0.089563	0.339966	0.076936
857.925660	0.130083	0.431880	0.126394	0.423387	0.124034	0.413465	0.123140	0.402084	0.123816	0.389225	0.126133	0.374876	0.130131	0.359040	0.135815	0.341743	0.143162	0.323032	0.152123	0.302990	0.162634	0.281739	0.174619	0.259451	0.188002	0.236354	0.202708	0.212743	0.218676	0.188987	0.235862	0.165536	0.254242	0.142921	0.273821	0.121759	0.294628	0.102742	0.316725	0.086628	0.340202	0.074231
858.316280	0.130040	0.430564	0.126398	0.421940	0.124090	0.411882	0.123250	0.400361	0.123980	0.387357	0.126351	0.372859	0.130400	0.356872	0.136129	0.339421	0.143515	0.320557	0.152508	0.300364	0.163043	0.278969	0.175042	0.256548	0.188431	0.233332	0.203134	0.209624	0.219091	0.185800	0.236257	0.162315	0.254613	0.139711	0.274161	0.118611	0.294932	0.099714	0.316990	0.083785	0.340425	0.071638
858.706850	0.129997	0.429244	0.126403	0.420488	0.124146	0.410294	0.123360	0.398634	0.124145	0.385484	0.126569	0.370838	0.130669	0.354699	0.136443	0.337095	0.143868	0.318078	0.152892	0.297736	0.163450	0.276197	0.175464	0.253642	0.188858	0.230310	0.203557	0.206507	0.219503	0.182616	0.236651	0.159101	0.254981	0.136511	0.274497	0.115476	0.295232	0.096703	0.317251	0.080962	0.340645	0.069072
859.097290	0.129953	0.427918	0.126407	0.419032	0.124202	0.408702	0.123469	0.396901	0.124309	0.383607	0.126787	0.368812	0.130936	0.352521	0.136756	0.334764	0.144219	0.315596	0.153274	0.295104	0.163855	0.273424	0.175883	0.250737	0.189282	0.227289	0.203978	0.203393	0.219912	0.179438	0.237041	0.155897	0.255345	0.133325	0.274830	0.112360	0.295529	0.093716	0.317508	0.078170	0.340861	0.066541
859.487670	0.129910	0.426576	0.126411	0.417558	0.124258	0.407092	0.123580	0.395150	0.124473	0.381711	0.127004	0.366768	0.131202	0.350327	0.137066	0.332418	0.144567	0.313099	0.153652	0.292460	0.164254	0.270641	0.176295	0.247827	0.189698	0.224269	0.204390	0.200287	0.220311	0.176277	0.237421	0.152720	0.255698	0.130178	0.275151	0.109298	0.295814	0.090801	0.317753	0.075465	0.341064	0.064117
859.877870	0.129867	0.425234	0.126416	0.416084	0.124314	0.405483	0.123690	0.393401	0.124638	0.379817	0.127220	0.364725	0.131468	0.348134	0.137376	0.330073	0.144914	0.310603	0.154030	0.289818	0.164653	0.267860	0.176707	0.244918	0.190115	0.221251	0.204802	0.197183	0.220711	0.173118	0.237800	0.149544	0.256051	0.127033	0.275472	0.106238	0.296100	0.087886	0.317998	0.072762	0.341267	0.061693
860.268010	0.129824	0.423877	0.126420	0.414595	0.124370	0.403858	0.123799	0.391635	0.124801	0.377907	0.127436	0.362667	0.131732	0.345926	0.137683	0.327714	0.145258	0.308095	0.154403	0.287166	0.165047	0.265071	0.177113	0.242007	0.190524	0.218235	0.205206	0.194088	0.221102	0.169977	0.238171	0.146397	0.256395	0.123928	0.275783	0.103231	0.296374	0.085040	0.318233	0.070144	0.341459	0.059372
860.658080	0.129781	0.422512	0.126424	0.413099	0.124426	0.402226	0.123908	0.389862	0.124964	0.375990	0.127651	0.360603	0.131995	0.343711	0.137989	0.325350	0.145601	0.305583	0.154774	0.284509	0.165439	0.262280	0.177516	0.239095	0.190930	0.215221	0.205607	0.190998	0.221489	0.166844	0.238537	0.143262	0.256734	0.120842	0.276090	0.100249	0.296643	0.082225	0.318462	0.067565	0.341646	0.057097
861.047970	0.129738	0.421146	0.126429	0.411601	0.124482	0.400592	0.124017	0.388087	0.125127	0.374071	0.127865	0.358536	0.132257	0.341495	0.138294	0.322984	0.145943	0.303069	0.155145	0.281853	0.165829	0.259489	0.177919	0.236184	0.191335	0.212209	0.206006	0.187911	0.221874	0.163716	0.238901	0.140135	0.257071	0.117764	0.276394	0.097278	0.296910	0.079425	0.318689	0.065003	0.341831	0.054842
861.437810	0.129694	0.419760	0.126433	0.410084	0.124538	0.398938	0.124127	0.386293	0.125289	0.372133	0.128078	0.356451	0.132518	0.339261	0.138597	0.320602	0.146280	0.300540	0.155510	0.279185	0.166213	0.256691	0.178313	0.233271	0.191731	0.209203	0.206395	0.184839	0.222249	0.160615	0.239254	0.137047	0.257396	0.114742	0.276685	0.094380	0.297164	0.076717	0.318902	0.062553	0.342002	0.052721
861.827510	0.129651	0.418375	0.126438	0.408567	0.124594	0.397285	0.124237	0.384500	0.125451	0.370196	0.128292	0.354367	0.132779	0.337028	0.138899	0.318220	0.146618	0.298013	0.155875	0.276518	0.166597	0.253895	0.178707	0.230360	0.192127	0.206198	0.206784	0.181769	0.222623	0.157514	0.239607	0.133960	0.257720	0.111720	0.276977	0.091483	0.297419	0.074009	0.319116	0.060105	0.342172	0.050601
862.217160	0.129608	0.416977	0.126443	0.407037	0.124650	0.395619	0.124346	0.382694	0.125613	0.368246	0.128504	0.352270	0.133038	0.334784	0.139200	0.315829	0.146952	0.295477	0.156236	0.273844	0.166977	0.251095	0.179097	0.227449	0.192517	0.203198	0.207167	0.178710	0.222991	0.154433	0.239952	0.130901	0.258037	0.108737	0.277260	0.088636	0.297664	0.071364	0.319320	0.057731	0.342334	0.048569
862.606690	0.129565	0.415570	0.126448	0.405498	0.124706	0.393944	0.124454	0.380878	0.125774	0.366286	0.128716	0.350165	0.133296	0.332531	0.139498	0.313429	0.147285	0.292935	0.156594	0.271167	0.167353	0.248292	0.179482	0.224539	0.192903	0.200204	0.207544	0.175661	0.223353	0.151367	0.240291	0.127865	0.258348	0.105784	0.277537	0.085829	0.297903	0.068769	0.319518	0.055418	0.342489	0.046607
862.996090	0.129521	0.414163	0.126453	0.403959	0.124762	0.392269	0.124563	0.379063	0.125935	0.364328	0.128928	0.348060	0.133553	0.330279	0.139797	0.311031	0.147617	0.290394	0.156952	0.268490	0.167729	0.245490	0.179867	0.221630	0.193288	0.197210	0.207922	0.172613	0.223714	0.148302	0.240631	0.124829	0.258659	0.102832	0.277814	0.083022	0.298142	0.066174	0.319716	0.053105	0.342643	0.044647
863.385380	0.129478	0.412735	0.126458	0.402399	0.124818	0.390572	0.124672	0.377226	0.126096	0.362348	0.129137	0.345935	0.133808	0.328008	0.140091	0.308616	0.147944	0.287838	0.157305	0.265803	0.168098	0.242685	0.180243	0.218724	0.193664	0.194229	0.208289	0.169588	0.224064	0.145274	0.240957	0.121848	0.258955	0.099952	0.278076	0.080308	0.298365	0.063695	0.319898	0.050931	0.342782	0.042847
863.774600	0.129435	0.411307	0.126462	0.400839	0.124875	0.388876	0.124780	0.375390	0.126256	0.360368	0.129347	0.343810	0.134063	0.325737	0.140386	0.306201	0.148271	0.285284	0.157657	0.263117	0.168467	0.239880	0.180619	0.215819	0.194039	0.191248	0.208655	0.166564	0.224414	0.142248	0.241283	0.118867	0.259251	0.097074	0.278338	0.077596	0.298588	0.061217	0.320080	0.048758	0.342921	0.041050
864.163700	0.129392	0.409870	0.126467	0.399270	0.124931	0.387170	0.124888	0.373544	0.126416	0.358379	0.129555	0.341677	0.134317	0.323459	0.140678	0.303779	0.148597	0.282724	0.158006	0.260428	0.168832	0.237075	0.180992	0.212916	0.194410	0.188275	0.209016	0.163553	0.224759	0.139239	0.241604	0.115912	0.259542	0.094229	0.278593	0.074926	0.298805	0.058791	0.320255	0.046647	0.343053	0.039323
864.552670	0.129349	0.408421	0.126472	0.397688	0.124987	0.385452	0.124996	0.371688	0.126575	0.356380	0.129763	0.339533	0.134569	0.321171	0.140969	0.301349	0.148919	0.280158	0.158352	0.257734	0.169192	0.234269	0.181359	0.210018	0.194775	0.185311	0.209372	0.160557	0.225096	0.136256	0.241916	0.112991	0.259825	0.091430	0.278840	0.072313	0.299013	0.056435	0.320422	0.044619	0.343176	0.037693
864.941530	0.129305	0.406972	0.126477	0.396108	0.125043	0.383735	0.125104	0.369831	0.126734	0.354381	0.129971	0.337389	0.134821	0.318883	0.141259	0.298920	0.149241	0.277593	0.158697	0.255042	0.169553	0.231464	0.181726	0.207121	0.195140	0.182348	0.209727	0.157563	0.225433	0.133273	0.242229	0.110071	0.260107	0.088632	0.279088	0.069702	0.299222	0.054080	0.320588	0.042593	0.343299	0.036064
865.330320	0.129262	0.405504	0.126482	0.394508	0.125098	0.382000	0.125211	0.367956	0.126892	0.352364	0.130177	0.335229	0.135070	0.316581	0.141546	0.296478	0.149558	0.275018	0.159037	0.252344	0.169907	0.228659	0.182085	0.204230	0.195497	0.179400	0.210072	0.154595	0.225760	0.130330	0.242531	0.107205	0.260378	0.085903	0.279323	0.067178	0.299417	0.051833	0.320741	0.040693	0.343409	0.034580
865.718990	0.129219	0.404034	0.126487	0.392906	0.125154	0.380262	0.125319	0.366079	0.127051	0.350345	0.130383	0.333067	0.135319	0.314276	0.141833	0.294035	0.149874	0.272442	0.159375	0.249646	0.170259	0.225854	0.182443	0.201341	0.195851	0.176456	0.210416	0.151633	0.226085	0.127394	0.242830	0.104349	0.260647	0.083188	0.279556	0.064672	0.299610	0.049605	0.320893	0.038816	0.343516	0.033121
866.107600	0.129176	0.402558	0.126492	0.391297	0.125209	0.378518	0.125427	0.364195	0.127208	0.348320	0.130588	0.330900	0.135567	0.311967	0.142118	0.291587	0.150189	0.269863	0.159712	0.246947	0.170609	0.223051	0.182799	0.198455	0.196203	0.173518	0.210756	0.148680	0.226407	0.124472	0.243126	0.101512	0.260912	0.080497	0.279785	0.062195	0.299799	0.047413	0.321040	0.036982	0.343620	0.031711
866.496030	0.129133	0.401067	0.126497	0.389675	0.125265	0.376759	0.125533	0.362298	0.127365	0.346282	0.130792	0.328720	0.135813	0.309647	0.142400	0.289131	0.150500	0.267277	0.160044	0.244245	0.170954	0.220250	0.183147	0.195578	0.196547	0.170596	0.211088	0.145753	0.226719	0.121587	0.243413	0.098724	0.261166	0.077871	0.280003	0.059798	0.299978	0.045317	0.321176	0.035258	0.343712	0.030428
866.884400	0.129090	0.399576	0.126502	0.388052	0.125321	0.375000	0.125640	0.360401	0.127522	0.344244	0.130995	0.326540	0.136059	0.307327	0.142682	0.286674	0.150811	0.264692	0.160376	0.241543	0.171298	0.217449	0.183496	0.192702	0.196892	0.167675	0.211420	0.142826	0.227032	0.118703	0.243700	0.095938	0.261421	0.075245	0.280222	0.057400	0.300157	0.043222	0.321312	0.033535	0.343804	0.029144
867.272710	0.129047	0.398070	0.126508	0.386414	0.125377	0.373227	0.125747	0.358489	0.127678	0.342192	0.131198	0.324348	0.136303	0.304997	0.142961	0.284209	0.151119	0.262102	0.160704	0.238840	0.171638	0.214651	0.183839	0.189836	0.197229	0.164772	0.211745	0.139927	0.227336	0.115856	0.243977	0.093201	0.261666	0.072683	0.280430	0.055083	0.300325	0.041221	0.321437	0.031922	0.343885	0.027984
867.660830	0.129004	0.396559	0.126513	0.384771	0.125432	0.371449	0.125853	0.356573	0.127834	0.340135	0.131400	0.322151	0.136546	0.302662	0.143239	0.281742	0.151424	0.259510	0.161029	0.236137	0.171975	0.211856	0.184178	0.186974	0.197564	0.161878	0.212066	0.137040	0.227636	0.113027	0.244250	0.090488	0.261907	0.070150	0.280635	0.052801	0.300489	0.039261	0.321558	0.030356	0.343961	0.026877
868.048890	0.128962	0.395046	0.126519	0.383125	0.125488	0.369668	0.125959	0.354654	0.127989	0.338077	0.131601	0.319953	0.136788	0.300326	0.143516	0.279274	0.151729	0.256918	0.161354	0.233434	0.172310	0.209063	0.184517	0.184116	0.197897	0.158987	0.212385	0.134160	0.227935	0.110206	0.244522	0.087785	0.262147	0.067630	0.280837	0.050534	0.300651	0.037320	0.321676	0.028811	0.344036	0.025793
868.436830	0.128919	0.393514	0.126524	0.381462	0.125543	0.367870	0.126065	0.352718	0.128144	0.336002	0.131801	0.317740	0.137028	0.297977	0.143790	0.276796	0.152029	0.254320	0.161673	0.230731	0.172639	0.206275	0.184847	0.181271	0.198221	0.156121	0.212695	0.131316	0.228224	0.107436	0.244783	0.085149	0.262374	0.065195	0.281027	0.048370	0.300800	0.035500	0.321782	0.027405	0.344097	0.024865
868.824710	0.128876	0.391983	0.126530	0.379799	0.125599	0.366072	0.126171	0.350783	0.128298	0.333927	0.132000	0.315528	0.137268	0.295629	0.144063	0.274318	0.152329	0.251722	0.161991	0.228028	0.172968	0.203488	0.185178	0.178427	0.198545	0.153255	0.213004	0.128472	0.228512	0.104667	0.245043	0.082513	0.262601	0.062759	0.281216	0.046207	0.300949	0.033681	0.321888	0.026000	0.344158	0.023936
869.212400	0.128833	0.390441	0.126535	0.378126	0.125654	0.364263	0.126277	0.348837	0.128452	0.331844	0.132198	0.313307	0.137506	0.293274	0.144335	0.271835	0.152626	0.249122	0.162306	0.225327	0.173293	0.200707	0.185503	0.175595	0.198863	0.150408	0.213308	0.125655	0.228793	0.101932	0.245297	0.079923	0.262821	0.060381	0.281398	0.044111	0.301090	0.031941	0.321986	0.024684	0.344211	0.023107
869.600100	0.128790	0.388889	0.126540	0.376442	0.125710	0.362445	0.126382	0.346882	0.128604	0.329752	0.132395	0.311079	0.137742	0.290913	0.144604	0.269348	0.152921	0.246520	0.162618	0.222626	0.173614	0.197930	0.185825	0.172770	0.199176	0.147574	0.213606	0.122857	0.229070	0.099225	0.245544	0.077369	0.263035	0.058047	0.281574	0.042070	0.301224	0.030265	0.322077	0.023442	0.344258	0.022359
869.987610	0.128747	0.387338	0.126546	0.374760	0.125765	0.360628	0.126487	0.344928	0.128757	0.327661	0.132593	0.308851	0.137978	0.288552	0.144873	0.266861	0.153216	0.243919	0.162930	0.219926	0.173935	0.195154	0.186147	0.169947	0.199490	0.144742	0.213904	0.120061	0.229346	0.096520	0.245792	0.074816	0.263249	0.055715	0.281750	0.040030	0.301359	0.028590	0.322168	0.022201	0.344305	0.021611
870.375060	0.128705	0.385766	0.126551	0.373057	0.125820	0.358792	0.126591	0.342956	0.128909	0.325553	0.132788	0.306608	0.138212	0.286180	0.145138	0.264367	0.153505	0.241314	0.163235	0.217229	0.174248	0.192389	0.186459	0.167145	0.199794	0.141943	0.214192	0.117313	0.229611	0.093878	0.246028	0.072345	0.263450	0.053484	0.281913	0.038112	0.301479	0.027056	0.322245	0.021119	0.344336	0.021038
870.762330	0.128662	0.384195	0.126557	0.371355	0.125875	0.356956	0.126695	0.340984	0.129060	0.323445	0.132982	0.304366	0.138445	0.283808	0.145403	0.261873	0.153794	0.238711	0.163540	0.214533	0.174560	0.189625	0.186771	0.164345	0.200098	0.139146	0.214480	0.114567	0.229875	0.091240	0.246263	0.069878	0.263651	0.051258	0.282075	0.036199	0.301599	0.025529	0.322321	0.020042	0.344368	0.020471
871.149600	0.128620	0.382616	0.126562	0.369645	0.125930	0.355112	0.126799	0.339005	0.129211	0.321330	0.133177	0.302118	0.138677	0.281431	0.145666	0.259375	0.154080	0.236106	0.163842	0.211839	0.174870	0.186867	0.187079	0.161555	0.200397	0.136364	0.214763	0.111842	0.230134	0.088629	0.246493	0.067445	0.263846	0.049074	0.282231	0.034336	0.301714	0.024058	0.322392	0.019031	0.344393	0.019974
871.536680	0.128577	0.381025	0.126568	0.367923	0.125985	0.353257	0.126903	0.337015	0.129361	0.319206	0.133369	0.299862	0.138906	0.279048	0.145926	0.256875	0.154363	0.233501	0.164141	0.209150	0.175174	0.184117	0.187382	0.158781	0.200691	0.133606	0.215039	0.109150	0.230386	0.086062	0.246715	0.065068	0.264033	0.046958	0.282380	0.032553	0.301820	0.022679	0.322453	0.018121	0.344410	0.019588
871.923710	0.128534	0.379435	0.126573	0.366201	0.126040	0.351403	0.127007	0.335026	0.129511	0.317083	0.133562	0.297606	0.139136	0.276666	0.146186	0.254374	0.154646	0.230896	0.164439	0.206460	0.175479	0.181369	0.187685	0.156007	0.200984	0.130848	0.215315	0.106459	0.230638	0.083495	0.246937	0.062691	0.264220	0.044842	0.282528	0.030770	0.301926	0.021301	0.322515	0.017212	0.344426	0.019202
872.310610	0.128492	0.377828	0.126579	0.364465	0.126095	0.349533	0.127109	0.333023	0.129660	0.314946	0.133753	0.295339	0.139363	0.274275	0.146442	0.251869	0.154925	0.228292	0.164732	0.203777	0.175778	0.178634	0.187981	0.153256	0.201269	0.128123	0.215582	0.103813	0.230881	0.080988	0.247149	0.060390	0.264397	0.042817	0.282665	0.029095	0.302021	0.020045	0.322565	0.016438	0.344431	0.018961
872.697450	0.128450	0.376218	0.126584	0.362724	0.126149	0.347660	0.127212	0.331017	0.129809	0.312807	0.133942	0.293070	0.139589	0.271883	0.146698	0.249364	0.155203	0.225688	0.165023	0.201095	0.176075	0.175903	0.188276	0.150510	0.201553	0.125407	0.215847	0.101179	0.231121	0.078497	0.247359	0.058108	0.264571	0.040815	0.282799	0.027446	0.302112	0.018819	0.322612	0.015697	0.344432	0.018756
873.084110	0.128408	0.374605	0.126590	0.360980	0.126204	0.345784	0.127314	0.329008	0.129957	0.310666	0.134132	0.290800	0.139814	0.269490	0.146953	0.246858	0.155479	0.223085	0.165313	0.198417	0.176370	0.173177	0.188568	0.147773	0.201833	0.122702	0.216110	0.098559	0.231359	0.076023	0.247566	0.055848	0.264742	0.038839	0.282930	0.025827	0.302201	0.017627	0.322656	0.014994	0.344431	0.018589
873.470700	0.128365	0.372975	0.126596	0.359221	0.126258	0.343893	0.127416	0.326985	0.130104	0.308512	0.134320	0.288519	0.140037	0.267089	0.147204	0.244349	0.155751	0.220484	0.165597	0.195746	0.176659	0.170466	0.188852	0.145059	0.202107	0.120032	0.216364	0.095987	0.231587	0.073611	0.247763	0.053663	0.264903	0.036955	0.283051	0.024315	0.302279	0.016555	0.322689	0.014422	0.344418	0.018564
873.857180	0.128323	0.371347	0.126601	0.357463	0.126312	0.342003	0.127518	0.324963	0.130251	0.306360	0.134508	0.286239	0.140260	0.264690	0.147455	0.241841	0.156023	0.217884	0.165882	0.193077	0.176947	0.167756	0.189137	0.142346	0.202380	0.117363	0.216618	0.093416	0.231816	0.071199	0.247959	0.051479	0.265064	0.035071	0.283171	0.022804	0.302356	0.015483	0.322722	0.013850	0.344406	0.018538
874.243590	0.128280	0.369706	0.126606	0.355693	0.126366	0.340102	0.127620	0.322931	0.130397	0.304197	0.134694	0.283953	0.140480	0.262285	0.147703	0.239331	0.156291	0.215286	0.166162	0.190414	0.177231	0.165060	0.189416	0.139655	0.202647	0.114725	0.216865	0.090885	0.232037	0.068839	0.248148	0.049359	0.265216	0.033263	0.283283	0.021380	0.302425	0.014510	0.322746	0.013385	0.344384	0.018625
874.629880	0.128238	0.368059	0.126612	0.353916	0.126420	0.338195	0.127720	0.320892	0.130542	0.302030	0.134879	0.281662	0.140699	0.259878	0.147949	0.236821	0.156556	0.212690	0.166439	0.187757	0.177511	0.162373	0.189692	0.136978	0.202909	0.112105	0.217108	0.088379	0.232253	0.066510	0.248333	0.047278	0.265364	0.031500	0.283390	0.020007	0.302489	0.013594	0.322764	0.012983	0.344356	0.018778
875.016050	0.128196	0.366411	0.126617	0.352139	0.126473	0.336287	0.127821	0.318854	0.130687	0.299863	0.135064	0.279371	0.140918	0.257472	0.148195	0.234312	0.156822	0.210095	0.166716	0.185101	0.177791	0.159687	0.189967	0.134302	0.203172	0.109487	0.217351	0.085876	0.232470	0.064186	0.248517	0.045201	0.265511	0.029743	0.283497	0.018641	0.302552	0.012685	0.322782	0.012587	0.344328	0.018938
875.402160	0.128155	0.364745	0.126623	0.350345	0.126527	0.334363	0.127922	0.316801	0.130831	0.297684	0.135246	0.277071	0.141134	0.255059	0.148437	0.231800	0.157082	0.207505	0.166987	0.182458	0.178064	0.157025	0.190234	0.131662	0.203425	0.106919	0.217583	0.083438	0.232675	0.061943	0.248689	0.043224	0.265646	0.028104	0.283591	0.017410	0.302602	0.011927	0.322787	0.012354	0.344287	0.019267
875.788090	0.128113	0.363079	0.126629	0.348551	0.126581	0.332440	0.128022	0.314749	0.130974	0.295505	0.135429	0.274771	0.141350	0.252647	0.148679	0.229290	0.157342	0.204916	0.167257	0.179817	0.178336	0.154364	0.190501	0.129023	0.203678	0.104352	0.217815	0.081001	0.232879	0.059702	0.248861	0.041247	0.265781	0.026466	0.283685	0.016180	0.302652	0.011169	0.322791	0.012121	0.344246	0.019595
876.173950	0.128071	0.361406	0.126635	0.346749	0.126634	0.330509	0.128122	0.312690	0.131117	0.293321	0.135610	0.272467	0.141564	0.250233	0.148919	0.226781	0.157600	0.202331	0.167525	0.177183	0.178605	0.151716	0.190763	0.126402	0.203927	0.101810	0.218043	0.078597	0.233079	0.057501	0.249028	0.039320	0.265910	0.024884	0.283772	0.015014	0.302695	0.010482	0.322790	0.011964	0.344198	0.020003
876.559750	0.128030	0.359722	0.126640	0.344938	0.126687	0.328569	0.128221	0.310622	0.131259	0.291130	0.135790	0.270158	0.141776	0.247817	0.149156	0.224272	0.157854	0.199751	0.167788	0.174558	0.178870	0.149082	0.191020	0.123804	0.204170	0.099298	0.218264	0.076232	0.233272	0.055349	0.249188	0.037452	0.266032	0.023372	0.283852	0.013927	0.302732	0.009882	0.322780	0.011899	0.344142	0.020505
876.945370	0.127988	0.358039	0.126646	0.343127	0.126740	0.326630	0.128320	0.308556	0.131401	0.288939	0.135970	0.267850	0.141988	0.245401	0.149392	0.221764	0.158109	0.197171	0.168052	0.171935	0.179135	0.146450	0.191278	0.121206	0.204413	0.096788	0.218485	0.073868	0.233466	0.053198	0.249348	0.035585	0.266154	0.021861	0.283933	0.012841	0.302768	0.009282	0.322770	0.011834	0.344086	0.021008
877.330930	0.127946	0.356341	0.126652	0.341301	0.126793	0.324677	0.128418	0.306477	0.131541	0.286739	0.136147	0.265534	0.142197	0.242982	0.149626	0.219258	0.158358	0.194600	0.168309	0.169327	0.179392	0.143843	0.191527	0.118646	0.204647	0.094327	0.218697	0.071568	0.233649	0.051126	0.249498	0.033813	0.266265	0.020460	0.284002	0.011879	0.302793	0.008817	0.322749	0.011912	0.344018	0.021657
877.716370	0.127905	0.354640	0.126657	0.339473	0.126846	0.322722	0.128516	0.304397	0.131681	0.284537	0.136325	0.263218	0.142405	0.240564	0.149858	0.216753	0.158606	0.192031	0.168565	0.166723	0.179649	0.141242	0.191776	0.116092	0.204880	0.091875	0.218907	0.069279	0.233830	0.049068	0.249645	0.032057	0.266374	0.019078	0.284069	0.010938	0.302815	0.008375	0.322726	0.012014	0.343948	0.022330
878.101750	0.127863	0.352934	0.126662	0.337641	0.126899	0.320764	0.128614	0.302313	0.131821	0.282333	0.136501	0.260901	0.142612	0.238145	0.150089	0.214249	0.158853	0.189465	0.168820	0.164125	0.179904	0.138649	0.192022	0.113551	0.205110	0.089440	0.219115	0.067011	0.234009	0.047036	0.249790	0.030332	0.266479	0.017731	0.284133	0.010035	0.302834	0.007975	0.322699	0.012160	0.343875	0.023047
878.487000	0.127821	0.351215	0.126668	0.335797	0.126951	0.318793	0.128711	0.300220	0.131959	0.280121	0.136676	0.258578	0.142817	0.235724	0.150316	0.211748	0.159096	0.186908	0.169070	0.161543	0.180152	0.136081	0.192261	0.111044	0.205332	0.087050	0.219314	0.064802	0.234179	0.045075	0.249925	0.028691	0.266576	0.016480	0.284187	0.009240	0.302843	0.007691	0.322662	0.012427	0.343791	0.023887
878.872130	0.127780	0.349497	0.126673	0.333953	0.127003	0.316824	0.128808	0.298127	0.132097	0.277909	0.136850	0.256257	0.143021	0.233304	0.150544	0.209248	0.159338	0.184352	0.169319	0.158961	0.180400	0.133513	0.192501	0.108538	0.205555	0.084661	0.219514	0.062592	0.234349	0.043115	0.250060	0.027051	0.266672	0.015230	0.284241	0.008446	0.302852	0.007407	0.322624	0.012694	0.343707	0.024727
879.257140	0.127738	0.347768	0.126679	0.332099	0.127055	0.314845	0.128904	0.296026	0.132234	0.275692	0.137023	0.253932	0.143223	0.230885	0.150768	0.206752	0.159577	0.181805	0.169564	0.156396	0.180643	0.130970	0.192734	0.106066	0.205771	0.082316	0.219706	0.060439	0.234512	0.041221	0.250188	0.025488	0.266760	0.014069	0.284286	0.007750	0.302852	0.007229	0.322578	0.013070	0.343614	0.025676
879.642090	0.127697	0.346032	0.126685	0.330239	0.127107	0.312861	0.129001	0.293921	0.132371	0.273471	0.137194	0.251605	0.143424	0.228465	0.150990	0.204259	0.159813	0.179263	0.169807	0.153840	0.180883	0.128439	0.192965	0.103610	0.205985	0.079992	0.219895	0.058312	0.234671	0.039360	0.250311	0.023965	0.266844	0.012952	0.284327	0.007103	0.302848	0.007102	0.322527	0.013501	0.343516	0.026679
880.026920	0.127656	0.344296	0.126690	0.328379	0.127159	0.310877	0.129097	0.291816	0.132507	0.271250	0.137366	0.249278	0.143624	0.226046	0.151212	0.201766	0.160049	0.176723	0.170048	0.151286	0.181123	0.125912	0.193194	0.101159	0.206197	0.077674	0.220083	0.056192	0.234828	0.037507	0.250434	0.022451	0.266927	0.011845	0.284367	0.006466	0.302843	0.006987	0.322476	0.013942	0.343417	0.027693
880.411620	0.127615	0.342545	0.126696	0.326504	0.127210	0.308880	0.129191	0.289700	0.132642	0.269022	0.137535	0.246947	0.143821	0.223628	0.151430	0.199282	0.160280	0.174199	0.170284	0.148757	0.181355	0.123421	0.193416	0.098757	0.206400	0.075420	0.220262	0.054151	0.234976	0.035750	0.250545	0.021047	0.266999	0.010864	0.284395	0.005966	0.302825	0.007017	0.322411	0.014533	0.343306	0.028855
880.796260	0.127574	0.340794	0.126701	0.324629	0.127261	0.306883	0.129286	0.287585	0.132776	0.266794	0.137704	0.244617	0.144018	0.221211	0.151648	0.196798	0.160511	0.171676	0.170519	0.146228	0.181587	0.120930	0.193637	0.096355	0.206603	0.073167	0.220440	0.052111	0.235123	0.033993	0.250657	0.019644	0.267070	0.009883	0.284423	0.005467	0.302808	0.007047	0.322347	0.015123	0.343194	0.030016
881.180790	0.127533	0.339036	0.126707	0.322748	0.127312	0.304880	0.129380	0.285464	0.132910	0.264563	0.137871	0.242286	0.144213	0.218795	0.151863	0.194318	0.160739	0.169161	0.170751	0.143713	0.181816	0.118459	0.193854	0.093980	0.206802	0.070947	0.220613	0.050112	0.235265	0.032285	0.250763	0.018298	0.267136	0.008966	0.284445	0.005037	0.302785	0.007150	0.322276	0.015788	0.343076	0.031250
881.565190	0.127492	0.337269	0.126712	0.320859	0.127363	0.302871	0.129474	0.283338	0.133043	0.262328	0.138038	0.239953	0.144406	0.216381	0.152076	0.191844	0.160963	0.166656	0.170980	0.141214	0.182040	0.116011	0.194067	0.091635	0.206995	0.068766	0.220780	0.048161	0.235402	0.030634	0.250862	0.017017	0.267194	0.008121	0.284461	0.004685	0.302754	0.007335	0.322198	0.016535	0.342951	0.032565
881.949460	0.127451	0.335502	0.126717	0.318970	0.127414	0.300862	0.129568	0.281213	0.133176	0.260094	0.138204	0.237621	0.144600	0.213967	0.152288	0.189371	0.161187	0.164152	0.171208	0.138717	0.182264	0.113563	0.194279	0.089290	0.207189	0.066585	0.220948	0.046211	0.235538	0.028983	0.250962	0.015736	0.267253	0.007276	0.284476	0.004334	0.302723	0.007520	0.322120	0.017283	0.342826	0.033880
882.333680	0.127411	0.333722	0.126723	0.317069	0.127465	0.298842	0.129661	0.279079	0.133306	0.257854	0.138368	0.235287	0.144789	0.211557	0.152497	0.186908	0.161407	0.161666	0.171431	0.136246	0.182482	0.111154	0.194484	0.086997	0.207373	0.064468	0.221106	0.044339	0.235664	0.027426	0.251051	0.014563	0.267302	0.006550	0.284480	0.004110	0.302681	0.007838	0.322031	0.018164	0.342690	0.035324
882.717770	0.127370	0.331940	0.126728	0.315166	0.127515	0.296821	0.129754	0.276945	0.133437	0.255614	0.138531	0.232954	0.144978	0.209148	0.152705	0.184447	0.161625	0.159184	0.171652	0.133780	0.182698	0.108751	0.194687	0.084711	0.207556	0.062362	0.221264	0.042479	0.235789	0.025883	0.251139	0.013405	0.267349	0.005843	0.284483	0.003906	0.302638	0.008176	0.321941	0.019065	0.342551	0.036788
883.101750	0.127329	0.330154	0.126734	0.313260	0.127565	0.294797	0.129846	0.274808	0.133567	0.253373	0.138693	0.230622	0.145166	0.206741	0.152912	0.181991	0.161842	0.156708	0.171872	0.131324	0.182912	0.106362	0.194889	0.082443	0.207737	0.060278	0.221418	0.040645	0.235911	0.024369	0.251224	0.012282	0.267392	0.005172	0.284482	0.003741	0.302591	0.008555	0.321846	0.020005	0.342409	0.038289
883.485660	0.127289	0.328357	0.126739	0.311344	0.127615	0.292764	0.129938	0.272665	0.133696	0.251128	0.138854	0.228289	0.145352	0.204339	0.153114	0.179544	0.162056	0.154249	0.172086	0.128893	0.183121	0.104007	0.195083	0.080220	0.207911	0.058250	0.221565	0.038880	0.236025	0.022937	0.251300	0.011250	0.267427	0.004602	0.284472	0.003683	0.302535	0.009044	0.321742	0.021056	0.342257	0.039896
883.869450	0.127249	0.326560	0.126745	0.309428	0.127665	0.290732	0.130029	0.270522	0.133824	0.248884	0.139014	0.225957	0.145537	0.201938	0.153317	0.177098	0.162269	0.151791	0.172301	0.126463	0.183329	0.101653	0.195278	0.077998	0.208085	0.056223	0.221711	0.037115	0.236139	0.021506	0.251376	0.010219	0.267462	0.004033	0.284462	0.003626	0.302478	0.009533	0.321638	0.022107	0.342106	0.041503
884.253110	0.127209	0.324754	0.126750	0.307503	0.127714	0.288693	0.130119	0.268374	0.133952	0.246638	0.139172	0.223626	0.145720	0.199542	0.153517	0.174663	0.162477	0.149350	0.172511	0.124057	0.183532	0.099332	0.195467	0.075819	0.208252	0.054249	0.221851	0.035415	0.236246	0.020148	0.251445	0.009271	0.267489	0.003554	0.284444	0.003664	0.302413	0.010119	0.321525	0.023253	0.341945	0.043200
884.636720	0.127169	0.322942	0.126755	0.305574	0.127764	0.286650	0.130210	0.266224	0.134078	0.244390	0.139330	0.221295	0.145901	0.197148	0.153715	0.172233	0.162684	0.146918	0.172718	0.121664	0.183732	0.097028	0.195652	0.073662	0.208417	0.052302	0.221987	0.033748	0.236348	0.018829	0.251509	0.008366	0.267511	0.003123	0.284422	0.003752	0.302344	0.010757	0.321408	0.024450	0.341780	0.044944
885.020140	0.127129	0.321130	0.126760	0.303645	0.127813	0.284608	0.130300	0.264074	0.134205	0.242143	0.139487	0.218966	0.146082	0.194756	0.153912	0.169805	0.162890	0.144489	0.172925	0.119274	0.183932	0.094728	0.195837	0.071509	0.208580	0.050361	0.222123	0.032087	0.236450	0.017516	0.251573	0.007468	0.267533	0.002699	0.284399	0.003848	0.302274	0.011401	0.321290	0.025653	0.341614	0.046694
885.403500	0.127089	0.319305	0.126766	0.301704	0.127861	0.282555	0.130389	0.261917	0.134329	0.239893	0.139641	0.216638	0.146259	0.192372	0.154105	0.167394	0.163090	0.142085	0.173125	0.116922	0.184125	0.092478	0.196014	0.069421	0.208735	0.048499	0.222248	0.030519	0.236541	0.016311	0.251626	0.006691	0.267543	0.002405	0.284364	0.004080	0.302191	0.012184	0.321160	0.026991	0.341435	0.048569
885.786800	0.127048	0.317479	0.126771	0.299763	0.127910	0.280503	0.130478	0.259760	0.134454	0.237643	0.139795	0.214311	0.146437	0.189989	0.154298	0.164983	0.163290	0.139682	0.173325	0.114569	0.184317	0.090228	0.196191	0.067333	0.208889	0.046637	0.222374	0.028951	0.236633	0.015107	0.251679	0.005914	0.267553	0.002111	0.284329	0.004312	0.302109	0.012967	0.321029	0.028328	0.341256	0.050444
886.169980	0.127008	0.315648	0.126776	0.297818	0.127958	0.278447	0.130566	0.257602	0.134577	0.235394	0.139948	0.211986	0.146612	0.187612	0.154488	0.162581	0.163488	0.137292	0.173523	0.112236	0.184506	0.088004	0.196364	0.065276	0.209039	0.044813	0.222495	0.027429	0.236720	0.013954	0.251727	0.005194	0.267558	0.001879	0.284289	0.004607	0.302021	0.013812	0.320893	0.029726	0.341072	0.052375
886.552980	0.126969	0.313810	0.126781	0.295866	0.128007	0.276387	0.130654	0.255441	0.134700	0.233144	0.140099	0.209664	0.146785	0.185242	0.154677	0.160191	0.163683	0.134920	0.173716	0.109927	0.184690	0.085811	0.196532	0.063259	0.209184	0.043038	0.222611	0.025963	0.236801	0.012866	0.251769	0.004546	0.267557	0.001722	0.284242	0.004981	0.301927	0.014736	0.320750	0.031199	0.340881	0.054375
886.935970	0.126930	0.311972	0.126786	0.293914	0.128055	0.274326	0.130741	0.253280	0.134823	0.230894	0.140251	0.207343	0.146959	0.182871	0.154865	0.157802	0.163877	0.132549	0.173910	0.107618	0.184874	0.083618	0.196700	0.061242	0.209329	0.041263	0.222727	0.024498	0.236882	0.011778	0.251810	0.003898	0.267556	0.001566	0.284195	0.005355	0.301833	0.015660	0.320607	0.032673	0.340690	0.056375
887.318790	0.126890	0.310123	0.126791	0.291953	0.128103	0.272259	0.130828	0.251115	0.134943	0.228644	0.140400	0.205027	0.147129	0.180512	0.155048	0.155431	0.164067	0.130204	0.174097	0.105347	0.185052	0.081474	0.196861	0.059287	0.209466	0.039561	0.222834	0.023119	0.236954	0.010788	0.251842	0.003357	0.267545	0.001524	0.284138	0.005846	0.301728	0.016700	0.320453	0.034255	0.340488	0.058474
887.701540	0.126851	0.308272	0.126796	0.289991	0.128150	0.270190	0.130914	0.248950	0.135063	0.226394	0.140548	0.202711	0.147298	0.178155	0.155231	0.153064	0.164256	0.127866	0.174284	0.103084	0.185228	0.079340	0.197020	0.057343	0.209601	0.037875	0.222939	0.021758	0.237024	0.009818	0.251872	0.002838	0.267532	0.001505	0.284078	0.006360	0.301621	0.017762	0.320297	0.035859	0.340283	0.060593
888.084170	0.126811	0.306419	0.126801	0.288026	0.128197	0.268120	0.131000	0.246784	0.135183	0.224145	0.140696	0.200398	0.147466	0.175802	0.155413	0.150703	0.164443	0.125535	0.174468	0.100831	0.185403	0.077220	0.197177	0.055417	0.209735	0.036209	0.223042	0.020420	0.237092	0.008874	0.251900	0.002347	0.267517	0.001516	0.284016	0.006904	0.301511	0.018853	0.320139	0.037491	0.340076	0.062736
888.466740	0.126772	0.304556	0.126806	0.286053	0.128244	0.266045	0.131085	0.244615	0.135301	0.221897	0.140841	0.198091	0.147632	0.173461	0.155591	0.148360	0.164626	0.123232	0.174647	0.098616	0.185572	0.075148	0.197327	0.053550	0.209861	0.034614	0.223137	0.019164	0.237151	0.008022	0.251919	0.001956	0.267492	0.001631	0.283945	0.007556	0.301391	0.020050	0.319971	0.039222	0.339859	0.064968
888.849120	0.126733	0.302693	0.126811	0.284082	0.128291	0.263971	0.131170	0.242446	0.135419	0.219651	0.140986	0.195784	0.147797	0.171120	0.155768	0.146019	0.164808	0.120929	0.174826	0.096401	0.185740	0.073076	0.197478	0.051684	0.209986	0.033019	0.223232	0.017908	0.237211	0.007170	0.251938	0.001566	0.267467	0.001747	0.283874	0.008207	0.301272	0.021246	0.319802	0.040951	0.339642	0.067199
889.231450	0.126694	0.300823	0.126816	0.282104	0.128337	0.261892	0.131254	0.240277	0.135536	0.217405	0.141129	0.193483	0.147960	0.168790	0.155943	0.143693	0.164987	0.118650	0.175001	0.094216	0.185904	0.071043	0.197623	0.049866	0.210106	0.031481	0.223322	0.016718	0.237263	0.006391	0.251951	0.001253	0.267435	0.001944	0.283796	0.008940	0.301145	0.022521	0.319627	0.042754	0.339417	0.069494
889.613710	0.126655	0.298948	0.126821	0.280123	0.128383	0.259810	0.131337	0.238106	0.135652	0.215161	0.141271	0.191186	0.148121	0.166467	0.156115	0.141378	0.165164	0.116385	0.175174	0.092052	0.186065	0.069036	0.197765	0.048078	0.210223	0.029980	0.223407	0.015569	0.237312	0.005659	0.251958	0.000992	0.267399	0.002194	0.283712	0.009726	0.301013	0.023848	0.319446	0.044604	0.339187	0.071831
889.995790	0.126616	0.297074	0.126826	0.278142	0.128429	0.257729	0.131421	0.235937	0.135768	0.212918	0.141413	0.188889	0.148282	0.164145	0.156288	0.139063	0.165340	0.114121	0.175346	0.089888	0.186225	0.067029	0.197906	0.046291	0.210339	0.028480	0.223492	0.014422	0.237360	0.004927	0.251966	0.000730	0.267362	0.002444	0.283629	0.010512	0.300881	0.025174	0.319265	0.046454	0.338958	0.074167
890.377810	0.126578	0.295188	0.126831	0.276152	0.128475	0.255643	0.131503	0.233766	0.135882	0.210678	0.141553	0.186603	0.148440	0.161840	0.156456	0.136777	0.165511	0.111896	0.175512	0.087775	0.186378	0.065087	0.198040	0.044583	0.210446	0.027073	0.223567	0.013381	0.237399	0.004314	0.251963	0.000595	0.267314	0.002825	0.283534	0.011429	0.300738	0.026625	0.319072	0.048418	0.338715	0.076603
890.759770	0.126539	0.293303	0.126835	0.274162	0.128520	0.253557	0.131585	0.231594	0.135995	0.208438	0.141692	0.184317	0.148597	0.159537	0.156624	0.134492	0.165681	0.109672	0.175678	0.085664	0.186531	0.063147	0.198173	0.042877	0.210553	0.025667	0.223643	0.012342	0.237437	0.003702	0.251960	0.000462	0.267266	0.003208	0.283440	0.012347	0.300594	0.028078	0.318879	0.050383	0.338473	0.079039
891.141540	0.126501	0.291414	0.126840	0.272170	0.128566	0.251470	0.131667	0.229424	0.136108	0.206202	0.141829	0.182036	0.148753	0.157242	0.156789	0.132218	0.165849	0.107464	0.175841	0.083574	0.186681	0.061232	0.198303	0.041202	0.210657	0.024298	0.223714	0.011344	0.237471	0.003135	0.251953	0.000376	0.267214	0.003638	0.283340	0.013312	0.300446	0.029574	0.318681	0.052388	0.338226	0.081509
891.523250	0.126463	0.289519	0.126844	0.270173	0.128610	0.249380	0.131748	0.227254	0.136220	0.203968	0.141965	0.179764	0.148906	0.154959	0.156952	0.129964	0.166014	0.105283	0.175999	0.081518	0.186826	0.059361	0.198428	0.039580	0.210755	0.022990	0.223779	0.010415	0.237499	0.002643	0.251939	0.000370	0.267155	0.004151	0.283233	0.014357	0.300290	0.031147	0.318475	0.054461	0.337971	0.084038
891.904850	0.126425	0.287624	0.126849	0.268177	0.128655	0.247290	0.131829	0.225084	0.136332	0.201736	0.142101	0.177492	0.149059	0.152678	0.157115	0.127711	0.166178	0.103103	0.176158	0.079462	0.186972	0.057490	0.198553	0.037957	0.210853	0.021682	0.223845	0.009487	0.237526	0.002152	0.251925	0.000364	0.267096	0.004663	0.283127	0.015402	0.300134	0.032719	0.318270	0.056534	0.337716	0.086566
892.286320	0.126387	0.285722	0.126853	0.266175	0.128699	0.245198	0.131909	0.222915	0.136442	0.199509	0.142235	0.175230	0.149209	0.150414	0.157274	0.125482	0.166338	0.100956	0.176311	0.077451	0.187111	0.055673	0.198671	0.036400	0.210943	0.020449	0.223902	0.008641	0.237546	0.001751	0.251902	0.000453	0.267028	0.005272	0.283011	0.016541	0.299969	0.034379	0.318056	0.058685	0.337452	0.089159
892.667720	0.126349	0.283817	0.126858	0.264171	0.128743	0.243106	0.131988	0.220747	0.136551	0.197284	0.142367	0.172973	0.149357	0.148155	0.157432	0.123262	0.166496	0.098820	0.176462	0.075454	0.187248	0.053874	0.198787	0.034863	0.211032	0.019240	0.223957	0.007823	0.237563	0.001380	0.251878	0.000573	0.266957	0.005912	0.282892	0.017711	0.299801	0.036068	0.317838	0.060861	0.337185	0.091773
893.049010	0.126311	0.281912	0.126863	0.262168	0.128788	0.241014	0.132067	0.218580	0.136660	0.195060	0.142500	0.170718	0.149506	0.145901	0.157589	0.121047	0.166654	0.096691	0.176613	0.073465	0.187385	0.052085	0.198902	0.033339	0.211119	0.018045	0.224011	0.007020	0.237579	0.001025	0.251851	0.000710	0.266886	0.006568	0.282772	0.018896	0.299632	0.037770	0.317618	0.063049	0.336916	0.094397
893.430180	0.126273	0.279999	0.126867	0.260159	0.128831	0.238919	0.132145	0.216415	0.136767	0.192844	0.142629	0.168477	0.149650	0.143668	0.157741	0.118863	0.166806	0.094603	0.176757	0.071528	0.187514	0.050360	0.199010	0.031889	0.211198	0.016936	0.224057	0.006314	0.237586	0.000774	0.251815	0.000955	0.266804	0.007334	0.282643	0.020187	0.299452	0.039570	0.317389	0.065323	0.336636	0.097092
893.811280	0.126236	0.278086	0.126871	0.258151	0.128874	0.236825	0.132223	0.214250	0.136874	0.190628	0.142758	0.166236	0.149795	0.141436	0.157894	0.116679	0.166959	0.092515	0.176902	0.069591	0.187644	0.048635	0.199118	0.030441	0.211278	0.015829	0.224102	0.005609	0.237593	0.000524	0.251779	0.001200	0.266722	0.008100	0.282513	0.021477	0.299273	0.041370	0.317159	0.067596	0.336357	0.099785
894.192260	0.126198	0.276169	0.126875	0.256140	0.128917	0.234730	0.132301	0.212087	0.136980	0.188418	0.142886	0.164005	0.149938	0.139217	0.158043	0.114514	0.167108	0.090452	0.177044	0.067686	0.187770	0.046949	0.199221	0.029037	0.211353	0.014772	0.224143	0.004959	0.237594	0.000334	0.251738	0.001508	0.266635	0.008927	0.282378	0.022826	0.299087	0.043223	0.316923	0.069915	0.336071	0.102516
894.573120	0.126161	0.274248	0.126879	0.254126	0.128959	0.232635	0.132377	0.209927	0.137085	0.186213	0.143012	0.161783	0.150078	0.137012	0.158191	0.112367	0.167255	0.088414	0.177181	0.065812	0.187891	0.045300	0.199320	0.027678	0.211423	0.013766	0.224179	0.004366	0.237591	0.000203	0.251692	0.001877	0.266543	0.009815	0.282236	0.024233	0.298896	0.045128	0.316681	0.072279	0.335779	0.105282
894.953860	0.126124	0.272328	0.126883	0.252113	0.129002	0.230541	0.132454	0.207767	0.137189	0.184008	0.143139	0.159562	0.150219	0.134808	0.158338	0.110222	0.167401	0.086377	0.177319	0.063938	0.188013	0.043652	0.199419	0.026319	0.211493	0.012761	0.224215	0.003772	0.237587	0.000072	0.251646	0.002245	0.266450	0.010702	0.282095	0.025640	0.298705	0.047032	0.316439	0.074643	0.335487	0.108048
895.334530	0.126087	0.270400	0.126888	0.250096	0.129044	0.228446	0.132529	0.205611	0.137292	0.181814	0.143262	0.157357	0.150356	0.132629	0.158481	0.108111	0.167542	0.084384	0.177451	0.062121	0.188128	0.042072	0.199511	0.025040	0.211556	0.011845	0.224242	0.003277	0.237575	0.000046	0.251590	0.002721	0.266348	0.011695	0.281944	0.027145	0.298504	0.049026	0.316187	0.077082	0.335185	0.110873
895.715090	0.126050	0.268472	0.126892	0.248078	0.129086	0.226352	0.132604	0.203456	0.137394	0.179621	0.143386	0.155155	0.150493	0.130454	0.158623	0.106005	0.167683	0.082399	0.177582	0.060312	0.188243	0.040502	0.199602	0.023772	0.211617	0.010942	0.224268	0.002797	0.237562	0.000034	0.251533	0.003211	0.266244	0.012701	0.281791	0.028664	0.298301	0.051032	0.315934	0.079531	0.334881	0.113706
896.095520	0.126013	0.266543	0.126896	0.246061	0.129127	0.224258	0.132678	0.201304	0.137496	0.177433	0.143508	0.152959	0.150628	0.128287	0.158764	0.103911	0.167822	0.080427	0.177711	0.058521	0.188355	0.038952	0.199691	0.022528	0.211676	0.010065	0.224292	0.002345	0.237546	0.000052	0.251473	0.003731	0.266137	0.013737	0.281636	0.030210	0.298095	0.053061	0.315677	0.081999	0.334575	0.116554
896.475890	0.125976	0.264609	0.126900	0.244041	0.129168	0.222166	0.132752	0.199156	0.137596	0.175254	0.143628	0.150779	0.150761	0.126142	0.158901	0.101847	0.167956	0.078495	0.177835	0.056779	0.188461	0.037461	0.199773	0.021352	0.211728	0.009266	0.224309	0.001976	0.237522	0.000158	0.251405	0.004341	0.266023	0.014860	0.281472	0.031836	0.297881	0.055162	0.315412	0.084527	0.334259	0.119448
896.856140	0.125939	0.262675	0.126904	0.242021	0.129209	0.220074	0.132825	0.197009	0.137696	0.173076	0.143748	0.148600	0.150893	0.123999	0.159038	0.099784	0.168090	0.076565	0.177959	0.055038	0.188568	0.035972	0.199856	0.020178	0.211780	0.008467	0.224326	0.001608	0.237499	0.000265	0.251338	0.004950	0.265908	0.015983	0.281308	0.033463	0.297667	0.057263	0.315146	0.087055	0.333943	0.122341
897.236270	0.125902	0.260737	0.126908	0.240000	0.129250	0.217983	0.132898	0.194867	0.137795	0.170907	0.143865	0.146435	0.151023	0.121876	0.159172	0.097748	0.168221	0.074668	0.178079	0.053339	0.188670	0.034533	0.199933	0.019061	0.211827	0.007733	0.224336	0.001310	0.237469	0.000444	0.251263	0.005633	0.265787	0.017176	0.281137	0.035153	0.297445	0.059420	0.314874	0.089628	0.333620	0.125267
897.616270	0.125866	0.258798	0.126912	0.237978	0.129290	0.215893	0.132969	0.192729	0.137892	0.168744	0.143982	0.144279	0.151151	0.119766	0.159304	0.095729	0.168349	0.072794	0.178196	0.051667	0.188769	0.033125	0.200007	0.017980	0.211870	0.007039	0.224343	0.001054	0.237435	0.000667	0.251185	0.006359	0.265661	0.018411	0.280962	0.036883	0.297219	0.061610	0.314597	0.092229	0.333293	0.128214
897.996220	0.125829	0.256858	0.126915	0.235957	0.129331	0.213804	0.133041	0.190590	0.137990	0.166582	0.144098	0.142123	0.151279	0.117656	0.159437	0.093711	0.168478	0.070920	0.178313	0.049995	0.188868	0.031717	0.200081	0.016899	0.211914	0.006345	0.224350	0.000799	0.237401	0.000890	0.251107	0.007085	0.265535	0.019646	0.280787	0.038612	0.296993	0.063800	0.314320	0.094830	0.332965	0.131161
898.376040	0.125793	0.254914	0.126919	0.233935	0.129370	0.211718	0.133112	0.188461	0.138085	0.164435	0.144211	0.139993	0.151403	0.115581	0.159564	0.091738	0.168600	0.069103	0.178423	0.048393	0.188959	0.030392	0.200147	0.015912	0.211948	0.005754	0.224348	0.000653	0.237358	0.001227	0.251019	0.007924	0.265399	0.020988	0.280601	0.040439	0.296756	0.066075	0.314032	0.097498	0.332626	0.134156
898.755800	0.125757	0.252970	0.126923	0.231912	0.129410	0.209632	0.133183	0.186332	0.138180	0.162289	0.144324	0.137863	0.151526	0.113506	0.159690	0.089766	0.168722	0.067287	0.178534	0.046792	0.189050	0.029068	0.200213	0.014927	0.211982	0.005165	0.224345	0.000510	0.237315	0.001565	0.250931	0.008765	0.265263	0.022332	0.280415	0.042267	0.296519	0.068350	0.313743	0.100166	0.332286	0.137151
899.135380	0.125721	0.251025	0.126926	0.229891	0.129449	0.207549	0.133253	0.184208	0.138274	0.160150	0.144436	0.135743	0.151649	0.111445	0.159816	0.087812	0.168843	0.065493	0.178642	0.045217	0.189139	0.027774	0.200276	0.013976	0.212013	0.004613	0.224340	0.000405	0.237268	0.001944	0.250839	0.009645	0.265124	0.023713	0.280226	0.044129	0.296278	0.070653	0.313451	0.102856	0.331943	0.140161
899.514890	0.125686	0.249078	0.126930	0.227869	0.129488	0.205468	0.133321	0.182090	0.138367	0.158024	0.144546	0.133641	0.151769	0.109409	0.159938	0.085889	0.168959	0.063738	0.178746	0.043689	0.189223	0.026535	0.200333	0.013086	0.212039	0.004130	0.224328	0.000373	0.237214	0.002396	0.250740	0.010596	0.264977	0.025161	0.280029	0.046050	0.296030	0.073007	0.313151	0.105585	0.331592	0.143198
899.894290	0.125650	0.247131	0.126933	0.225847	0.129526	0.203389	0.133390	0.179974	0.138460	0.155897	0.144656	0.131539	0.151889	0.107372	0.160060	0.083966	0.169076	0.061983	0.178850	0.042162	0.189308	0.025296	0.200391	0.012197	0.212065	0.003646	0.224316	0.000341	0.237161	0.002848	0.250641	0.011548	0.264830	0.026609	0.279832	0.047972	0.295782	0.075360	0.312851	0.108314	0.331241	0.146235
900.273620	0.125615	0.245181	0.126936	0.223826	0.129564	0.201313	0.133458	0.177866	0.138551	0.153785	0.144764	0.129457	0.152005	0.105364	0.160178	0.082079	0.169188	0.060273	0.178949	0.040688	0.189386	0.024120	0.200443	0.011378	0.212084	0.003238	0.224298	0.000388	0.237101	0.003381	0.250536	0.012578	0.264676	0.028130	0.279627	0.049958	0.295526	0.077767	0.312543	0.111084	0.330882	0.149299
900.652830	0.125579	0.243230	0.126940	0.221806	0.129602	0.199240	0.133525	0.175762	0.138642	0.151679	0.144871	0.127385	0.152121	0.103367	0.160295	0.080207	0.169299	0.058580	0.179046	0.039235	0.189462	0.022968	0.200493	0.010586	0.212101	0.002859	0.224278	0.000466	0.237038	0.003944	0.250427	0.013638	0.264519	0.029679	0.279419	0.051968	0.295266	0.080195	0.312232	0.113869	0.330520	0.152373
901.031920	0.125544	0.241281	0.126943	0.219786	0.129640	0.197168	0.133593	0.173660	0.138732	0.149575	0.144978	0.125315	0.152236	0.101373	0.160411	0.078340	0.169409	0.056894	0.179143	0.037789	0.189538	0.021823	0.200541	0.009802	0.212118	0.002489	0.224256	0.000554	0.236974	0.004517	0.250318	0.014707	0.264361	0.031236	0.279211	0.053985	0.295006	0.082627	0.311920	0.116658	0.330156	0.155450
901.410890	0.125509	0.239328	0.126946	0.217768	0.129677	0.195102	0.133658	0.171570	0.138820	0.147492	0.145081	0.123273	0.152348	0.099417	0.160523	0.076520	0.169514	0.055266	0.179233	0.036413	0.189607	0.020759	0.200583	0.009108	0.212126	0.002216	0.224226	0.000741	0.236902	0.005190	0.250199	0.015873	0.264193	0.032881	0.278992	0.056080	0.294736	0.085123	0.311597	0.119494	0.329782	0.158555
901.789790	0.125474	0.237376	0.126949	0.215750	0.129714	0.193037	0.133724	0.169480	0.138908	0.145408	0.145185	0.121232	0.152459	0.097462	0.160635	0.074700	0.169619	0.053639	0.179323	0.035036	0.189677	0.019695	0.200624	0.008413	0.212134	0.001943	0.224196	0.000928	0.236829	0.005863	0.250080	0.017038	0.264026	0.034527	0.278774	0.058174	0.294466	0.087619	0.311275	0.122329	0.329408	0.161660
902.168580	0.125439	0.235424	0.126952	0.213734	0.129751	0.190976	0.133788	0.167398	0.138995	0.143335	0.145287	0.119205	0.152569	0.095526	0.160745	0.072905	0.169721	0.052041	0.179410	0.033695	0.189742	0.018671	0.200662	0.007763	0.212138	0.001716	0.224162	0.001163	0.236752	0.006583	0.249957	0.018249	0.263854	0.036214	0.278551	0.060304	0.294191	0.090142	0.310947	0.125184	0.329030	0.164777
902.547240	0.125404	0.233471	0.126955	0.211720	0.129788	0.188919	0.133852	0.165324	0.139081	0.141275	0.145386	0.117196	0.152676	0.093613	0.160851	0.071140	0.169820	0.050480	0.179494	0.032398	0.189804	0.017696	0.200696	0.007167	0.212137	0.001547	0.224123	0.001459	0.236670	0.007363	0.249828	0.019516	0.263676	0.037951	0.278322	0.062477	0.293910	0.092700	0.310614	0.128065	0.328644	0.167908
902.925840	0.125370	0.231518	0.126958	0.209706	0.129824	0.186864	0.133916	0.163251	0.139166	0.139215	0.145486	0.115188	0.152783	0.091702	0.160958	0.069376	0.169919	0.048919	0.179578	0.031100	0.189866	0.016721	0.200729	0.006571	0.212137	0.001378	0.224084	0.001754	0.236588	0.008142	0.249700	0.020783	0.263498	0.039689	0.278094	0.064650	0.293629	0.095258	0.310280	0.130945	0.328259	0.171039
903.304320	0.125335	0.229565	0.126961	0.207696	0.129859	0.184816	0.133980	0.161192	0.139250	0.137176	0.145584	0.113208	0.152887	0.089825	0.161061	0.067656	0.170013	0.047412	0.179656	0.029866	0.189922	0.015818	0.200756	0.006054	0.212130	0.001293	0.224037	0.002135	0.236498	0.009007	0.249564	0.022129	0.263312	0.041498	0.277856	0.066884	0.293339	0.097863	0.309938	0.133857	0.327865	0.174187
903.682680	0.125301	0.227613	0.126964	0.205687	0.129894	0.182770	0.134042	0.159136	0.139333	0.135142	0.145681	0.111235	0.152990	0.087959	0.161163	0.065948	0.170105	0.045919	0.179733	0.028648	0.189976	0.014933	0.200782	0.005556	0.212121	0.001229	0.223989	0.002537	0.236407	0.009891	0.249425	0.023495	0.263124	0.043324	0.277617	0.069132	0.293048	0.100479	0.309594	0.136777	0.327469	0.177339
904.060970	0.125267	0.225660	0.126966	0.203679	0.129930	0.180726	0.134105	0.157083	0.139416	0.133112	0.145777	0.109268	0.153092	0.086100	0.161264	0.064250	0.170197	0.044438	0.179809	0.027443	0.190030	0.014062	0.200806	0.005075	0.212111	0.001181	0.223940	0.002956	0.236314	0.010792	0.249285	0.024876	0.262934	0.045163	0.277376	0.071391	0.292754	0.103103	0.309248	0.139701	0.327070	0.180493
904.439090	0.125232	0.223709	0.126969	0.201676	0.129964	0.178693	0.134165	0.155046	0.139497	0.131105	0.145870	0.107331	0.153191	0.084280	0.161360	0.062600	0.170284	0.043015	0.179880	0.026305	0.190076	0.013268	0.200824	0.004676	0.212094	0.001221	0.223883	0.003462	0.236213	0.011779	0.249137	0.026336	0.262736	0.047073	0.277126	0.073708	0.292452	0.105773	0.308892	0.142656	0.326663	0.183662
904.817140	0.125198	0.221758	0.126971	0.199673	0.129999	0.176659	0.134226	0.153009	0.139577	0.129099	0.145964	0.105395	0.153290	0.082461	0.161457	0.060951	0.170372	0.041592	0.179950	0.025168	0.190123	0.012474	0.200841	0.004277	0.212076	0.001260	0.223826	0.003968	0.236112	0.012765	0.248989	0.027797	0.262539	0.048982	0.276877	0.076024	0.292149	0.108441	0.308537	0.145610	0.326255	0.186830
905.195130	0.125165	0.219807	0.126973	0.197673	0.130033	0.174633	0.134286	0.150983	0.139657	0.127107	0.146056	0.103478	0.153387	0.080667	0.161551	0.059332	0.170456	0.040206	0.180017	0.024073	0.190167	0.011727	0.200855	0.003929	0.212055	0.001352	0.223764	0.004528	0.236006	0.013802	0.248835	0.029304	0.262335	0.050933	0.276622	0.078375	0.291841	0.111135	0.308176	0.148580	0.325842	0.190004
905.572940	0.125131	0.217858	0.126976	0.195678	0.130067	0.172613	0.134345	0.148967	0.139735	0.125129	0.146146	0.101580	0.153482	0.078897	0.161643	0.057743	0.170537	0.038855	0.180081	0.023018	0.190207	0.011024	0.200865	0.003629	0.212029	0.001494	0.223698	0.005137	0.235896	0.014887	0.248678	0.030855	0.262127	0.052921	0.276361	0.080756	0.291528	0.113850	0.307810	0.151564	0.325423	0.193184
905.950680	0.125097	0.215908	0.126979	0.193683	0.130101	0.170594	0.134404	0.146951	0.139814	0.123152	0.146236	0.099683	0.153577	0.077127	0.161735	0.056153	0.170618	0.037503	0.180145	0.021963	0.190247	0.010322	0.200875	0.003328	0.212003	0.001636	0.223632	0.005746	0.235785	0.015972	0.248520	0.032406	0.261919	0.054909	0.276101	0.083137	0.291215	0.116565	0.307444	0.154547	0.325005	0.196363
906.328370	0.125064	0.213962	0.126981	0.191693	0.130133	0.168586	0.134462	0.144954	0.139890	0.121201	0.146324	0.097820	0.153667	0.075401	0.161822	0.054618	0.170695	0.036215	0.180203	0.020979	0.190280	0.009699	0.200878	0.003113	0.211970	0.001865	0.223558	0.006443	0.235667	0.017141	0.248353	0.034033	0.261703	0.056964	0.275832	0.085571	0.290893	0.119319	0.307068	0.157553	0.324577	0.199550
906.705870	0.125031	0.212016	0.126983	0.189706	0.130166	0.166580	0.134520	0.142960	0.139965	0.119254	0.146410	0.095963	0.153758	0.073681	0.161909	0.053091	0.170770	0.034937	0.180260	0.020007	0.190313	0.009088	0.200880	0.002911	0.211936	0.002108	0.223483	0.007153	0.235547	0.018323	0.248186	0.035671	0.261485	0.059027	0.275562	0.088012	0.290570	0.122078	0.306692	0.160561	0.324147	0.202737
907.083310	0.124998	0.210071	0.126984	0.187721	0.130198	0.164579	0.134577	0.140972	0.140040	0.117314	0.146496	0.094115	0.153847	0.071974	0.161994	0.051578	0.170844	0.033675	0.180316	0.019054	0.190344	0.008497	0.200880	0.002730	0.211901	0.002373	0.223407	0.007885	0.235426	0.019524	0.248016	0.037328	0.261265	0.061106	0.275290	0.090465	0.290244	0.124845	0.306312	0.163574	0.323716	0.205925
907.460630	0.124965	0.208130	0.126987	0.185743	0.130230	0.162590	0.134633	0.139002	0.140113	0.115400	0.146580	0.092300	0.153933	0.070307	0.162076	0.050114	0.170914	0.032471	0.180368	0.018166	0.190369	0.007979	0.200874	0.002626	0.211858	0.002716	0.223323	0.008693	0.235297	0.020799	0.247839	0.039050	0.261037	0.063241	0.275010	0.092962	0.289910	0.127642	0.305925	0.166603	0.323275	0.209116
907.837830	0.124932	0.206189	0.126989	0.183766	0.130262	0.160601	0.134689	0.137032	0.140187	0.113486	0.146664	0.090485	0.154020	0.068641	0.162158	0.048650	0.170984	0.031267	0.180419	0.017279	0.190395	0.007460	0.200868	0.002522	0.211816	0.003059	0.223240	0.009501	0.235169	0.022072	0.247662	0.040772	0.260809	0.065375	0.274729	0.095457	0.289577	0.130438	0.305538	0.169631	0.322835	0.212306
908.214970	0.124900	0.204250	0.126991	0.181795	0.130294	0.158622	0.134744	0.135076	0.140258	0.111591	0.146746	0.088695	0.154104	0.067006	0.162237	0.047223	0.171051	0.030106	0.180466	0.016439	0.190417	0.006994	0.200858	0.002473	0.211769	0.003459	0.223152	0.010365	0.235036	0.023398	0.247480	0.042539	0.260576	0.067546	0.274443	0.097982	0.289237	0.133254	0.305144	0.172669	0.322389	0.215496
908.591980	0.124867	0.202314	0.126992	0.179828	0.130325	0.156651	0.134798	0.133131	0.140329	0.109711	0.146825	0.086924	0.154186	0.065394	0.162314	0.045825	0.171115	0.028977	0.180511	0.015636	0.190436	0.006567	0.200845	0.002465	0.211719	0.003900	0.223060	0.011269	0.234898	0.024761	0.247294	0.044340	0.260338	0.069746	0.274153	0.100528	0.288893	0.136083	0.304746	0.175714	0.321938	0.218686
908.968870	0.124835	0.200379	0.126994	0.177862	0.130355	0.154680	0.134853	0.131187	0.140400	0.107831	0.146905	0.085153	0.154268	0.063782	0.162391	0.044426	0.171179	0.027849	0.180555	0.014833	0.190454	0.006141	0.200832	0.002458	0.211668	0.004342	0.222968	0.012173	0.234760	0.026124	0.247107	0.046140	0.260101	0.071945	0.273863	0.103073	0.288548	0.138912	0.304349	0.178759	0.321487	0.221875
909.345700	0.124803	0.198448	0.126995	0.175907	0.130386	0.152726	0.134905	0.129266	0.140469	0.105984	0.146983	0.083424	0.154347	0.062221	0.162463	0.043089	0.171238	0.026790	0.180594	0.014108	0.190466	0.005799	0.200812	0.002539	0.211610	0.004872	0.222868	0.013164	0.234615	0.027568	0.246913	0.048011	0.259855	0.074202	0.273563	0.105661	0.288195	0.141769	0.303941	0.181815	0.321027	0.225061
909.722410	0.124771	0.196519	0.126997	0.173953	0.130416	0.150773	0.134957	0.127349	0.140537	0.104140	0.147060	0.081698	0.154425	0.060665	0.162534	0.041757	0.171296	0.025738	0.180632	0.013391	0.190478	0.005465	0.200791	0.002627	0.211552	0.005410	0.222767	0.014162	0.234468	0.029018	0.246717	0.049887	0.259608	0.076464	0.273263	0.108253	0.287842	0.144627	0.303533	0.184871	0.320565	0.228246
910.099000	0.124739	0.194592	0.126998	0.172003	0.130446	0.148827	0.135009	0.125439	0.140605	0.102306	0.147136	0.079986	0.154502	0.059125	0.162605	0.040444	0.171353	0.024707	0.180668	0.012696	0.190487	0.005155	0.200768	0.002741	0.211492	0.005973	0.222664	0.015183	0.234319	0.030489	0.246519	0.051782	0.259359	0.078740	0.272961	0.110855	0.287485	0.147491	0.303122	0.187929	0.320101	0.231429
910.475520	0.124707	0.192669	0.127000	0.170062	0.130475	0.146895	0.135061	0.123549	0.140671	0.100499	0.147210	0.078308	0.154576	0.057626	0.162672	0.039179	0.171406	0.023732	0.180700	0.012065	0.190492	0.004913	0.200740	0.002926	0.211425	0.006606	0.222555	0.016272	0.234164	0.032022	0.246314	0.053730	0.259102	0.081059	0.272651	0.113489	0.287121	0.150375	0.302704	0.190994	0.319629	0.234606
910.851870	0.124675	0.190748	0.127001	0.168122	0.130504	0.144963	0.135112	0.121660	0.140737	0.098693	0.147283	0.076630	0.154650	0.056129	0.162739	0.037915	0.171459	0.022758	0.180732	0.011433	0.190496	0.004671	0.200711	0.003110	0.211359	0.007240	0.222446	0.017361	0.234008	0.033554	0.246110	0.055678	0.258846	0.083377	0.272341	0.116121	0.286756	0.153257	0.302286	0.194057	0.319157	0.237783
911.228150	0.124643	0.188832	0.127003	0.166190	0.130533	0.143045	0.135162	0.119789	0.140801	0.096910	0.147355	0.074982	0.154721	0.054666	0.162803	0.036693	0.171509	0.021832	0.180760	0.010854	0.190497	0.004485	0.200678	0.003351	0.211288	0.007929	0.222332	0.018502	0.233848	0.035135	0.245899	0.057666	0.258584	0.085727	0.272025	0.118776	0.286386	0.156152	0.301861	0.197124	0.318679	0.240954
911.604370	0.124612	0.186919	0.127004	0.164265	0.130561	0.141135	0.135211	0.117930	0.140865	0.095142	0.147425	0.073352	0.154791	0.053227	0.162865	0.035499	0.171556	0.020936	0.180785	0.010309	0.190494	0.004334	0.200643	0.003629	0.211213	0.008655	0.222214	0.019679	0.233683	0.036747	0.245686	0.059682	0.258318	0.088099	0.271706	0.121447	0.286012	0.159055	0.301432	0.200192	0.318196	0.244121
911.980410	0.124581	0.185007	0.127005	0.162340	0.130590	0.139225	0.135259	0.116072	0.140928	0.093375	0.147495	0.071724	0.154861	0.051789	0.162927	0.034304	0.171603	0.020041	0.180811	0.009763	0.190492	0.004184	0.200607	0.003908	0.211139	0.009381	0.222097	0.020855	0.233520	0.038358	0.245472	0.061696	0.258052	0.090470	0.271387	0.124116	0.285638	0.161957	0.301003	0.203259	0.317714	0.247286
912.356380	0.124550	0.183103	0.127006	0.160430	0.130617	0.137338	0.135307	0.114243	0.140989	0.091646	0.147562	0.070143	0.154927	0.050407	0.162984	0.033176	0.171644	0.019220	0.180830	0.009300	0.190483	0.004120	0.200564	0.004274	0.211057	0.010193	0.221972	0.022112	0.233347	0.040042	0.245250	0.063771	0.257777	0.092887	0.271058	0.126817	0.285255	0.164876	0.300565	0.206328	0.317222	0.250440
912.732240	0.124519	0.181201	0.127006	0.158520	0.130644	0.135452	0.135355	0.112416	0.141050	0.089920	0.147629	0.068564	0.154992	0.049029	0.163041	0.032052	0.171686	0.018404	0.180849	0.008842	0.190474	0.004061	0.200521	0.004645	0.210975	0.011010	0.221846	0.023373	0.233175	0.041729	0.245028	0.065849	0.257502	0.095306	0.270729	0.129518	0.284871	0.167795	0.300127	0.209396	0.316729	0.253592
913.108030	0.124488	0.179302	0.127007	0.156616	0.130671	0.133574	0.135402	0.110598	0.141110	0.088206	0.147695	0.067001	0.155057	0.047668	0.163097	0.030948	0.171725	0.017610	0.180867	0.008408	0.190463	0.004028	0.200475	0.005042	0.210890	0.011852	0.221718	0.024658	0.233000	0.043437	0.244802	0.067944	0.257224	0.097739	0.270398	0.132228	0.284485	0.170717	0.299686	0.212464	0.316233	0.256739
913.483700	0.124457	0.177411	0.127008	0.154724	0.130697	0.131712	0.135448	0.108804	0.141168	0.086521	0.147759	0.065475	0.155118	0.046352	0.163149	0.029895	0.171761	0.016873	0.180880	0.008035	0.190447	0.004060	0.200425	0.005504	0.210800	0.012758	0.221584	0.026002	0.232818	0.045197	0.244571	0.070082	0.256940	0.100204	0.270059	0.134959	0.284092	0.173649	0.299237	0.215530	0.315731	0.259875
913.859250	0.124427	0.175520	0.127009	0.152833	0.130724	0.129851	0.135494	0.107010	0.141226	0.084837	0.147822	0.063949	0.155180	0.045035	0.163201	0.028843	0.171797	0.016137	0.180893	0.007663	0.190431	0.004091	0.200374	0.005967	0.210710	0.013664	0.221450	0.027346	0.232637	0.046957	0.244339	0.072219	0.256656	0.102668	0.269721	0.137690	0.283698	0.176580	0.298789	0.218595	0.315228	0.263010
914.234680	0.124396	0.173636	0.127009	0.150953	0.130750	0.128007	0.135538	0.105238	0.141283	0.083180	0.147884	0.062456	0.155239	0.043758	0.163251	0.027835	0.171830	0.015451	0.180902	0.007344	0.190411	0.004179	0.200319	0.006485	0.210615	0.014623	0.221311	0.028738	0.232450	0.048759	0.244102	0.074391	0.256366	0.105157	0.269376	0.140436	0.283299	0.179516	0.298334	0.221657	0.314719	0.266133
914.610050	0.124366	0.171757	0.127010	0.149080	0.130775	0.126171	0.135582	0.103478	0.141339	0.081540	0.147944	0.060983	0.155297	0.042505	0.163298	0.026855	0.171860	0.014795	0.180910	0.007059	0.190388	0.004299	0.200261	0.007037	0.210517	0.015614	0.221169	0.030161	0.232261	0.050587	0.243862	0.076584	0.256073	0.107662	0.269028	0.143191	0.282896	0.182457	0.297876	0.224717	0.314207	0.269250
914.985290	0.124336	0.169879	0.127010	0.147208	0.130801	0.124337	0.135626	0.101719	0.141395	0.079900	0.148005	0.059511	0.155355	0.041252	0.163346	0.025874	0.171891	0.014139	0.180917	0.006773	0.190366	0.004420	0.200203	0.007589	0.210420	0.016605	0.221028	0.031583	0.232071	0.052414	0.243621	0.078776	0.255780	0.110167	0.268681	0.145946	0.282493	0.185397	0.297418	0.227776	0.313694	0.272365
915.360410	0.124307	0.168013	0.127010	0.145355	0.130825	0.122529	0.135669	0.099994	0.141449	0.078304	0.148062	0.058091	0.155408	0.040061	0.163389	0.024965	0.171916	0.013560	0.180918	0.006570	0.190337	0.004627	0.200139	0.008226	0.210315	0.017677	0.220878	0.033079	0.231874	0.054305	0.243373	0.081019	0.255478	0.112707	0.268324	0.148721	0.282081	0.188343	0.296950	0.230827	0.313172	0.275460
915.735470	0.124277	0.166148	0.127011	0.143503	0.130850	0.120722	0.135712	0.098271	0.141502	0.076709	0.148120	0.056673	0.155461	0.038872	0.163432	0.024058	0.171941	0.012985	0.180918	0.006370	0.190307	0.004837	0.200074	0.008866	0.210209	0.018753	0.220728	0.034577	0.231676	0.056198	0.243124	0.083263	0.255175	0.115248	0.267968	0.151497	0.281668	0.191288	0.296482	0.233878	0.312649	0.278555
916.110410	0.124247	0.164287	0.127011	0.141657	0.130874	0.118923	0.135754	0.096560	0.141555	0.075128	0.148176	0.055272	0.155514	0.037703	0.163473	0.023173	0.171965	0.012433	0.180917	0.006195	0.190275	0.005073	0.200007	0.009531	0.210102	0.019852	0.220576	0.036097	0.231475	0.058109	0.242872	0.085521	0.254870	0.117798	0.267608	0.154278	0.281253	0.194234	0.296011	0.236924	0.312123	0.281641
916.485230	0.124218	0.162436	0.127011	0.139826	0.130898	0.117146	0.135794	0.094874	0.141606	0.073580	0.148229	0.053911	0.155563	0.036580	0.163511	0.022339	0.171984	0.011939	0.180912	0.006081	0.190239	0.005370	0.199935	0.010257	0.209988	0.021008	0.220418	0.037668	0.231269	0.060063	0.242614	0.087813	0.254559	0.120372	0.267242	0.157071	0.280831	0.197182	0.295533	0.239963	0.311590	0.284712
916.859920	0.124188	0.160587	0.127011	0.137995	0.130921	0.115368	0.135835	0.093190	0.141656	0.072033	0.148283	0.052550	0.155613	0.035458	0.163549	0.021506	0.172004	0.011445	0.180907	0.005967	0.190203	0.005667	0.199863	0.010984	0.209875	0.022164	0.220260	0.039239	0.231062	0.062017	0.242356	0.090104	0.254248	0.122945	0.266876	0.159864	0.280410	0.200129	0.295056	0.243001	0.311058	0.287781
917.234560	0.124159	0.158746	0.127011	0.136179	0.130944	0.113610	0.135874	0.091529	0.141705	0.070515	0.148335	0.051224	0.155659	0.034376	0.163584	0.020720	0.172020	0.011001	0.180898	0.005906	0.190163	0.006018	0.199786	0.011762	0.209758	0.023369	0.220097	0.040853	0.230851	0.064007	0.242093	0.092424	0.253932	0.125537	0.266504	0.162666	0.279982	0.203076	0.294572	0.246031	0.310519	0.290836
917.609070	0.124130	0.156912	0.127010	0.134371	0.130967	0.111863	0.135913	0.089883	0.141754	0.069015	0.148385	0.049921	0.155705	0.033320	0.163617	0.019962	0.172034	0.010588	0.180887	0.005877	0.190121	0.006402	0.199707	0.012572	0.209637	0.024604	0.219931	0.042494	0.230636	0.066018	0.241827	0.094759	0.253612	0.128139	0.266129	0.165472	0.279550	0.206023	0.294085	0.249055	0.309976	0.293880
917.983520	0.124101	0.155079	0.127010	0.132564	0.130989	0.110116	0.135952	0.088237	0.141802	0.067516	0.148436	0.048617	0.155750	0.032263	0.163650	0.019203	0.172048	0.010174	0.180875	0.005848	0.190079	0.006785	0.199627	0.013382	0.209517	0.025839	0.219765	0.044134	0.230421	0.068029	0.241561	0.097094	0.253292	0.130740	0.265754	0.168278	0.279119	0.208968	0.293597	0.252079	0.309434	0.296924
918.357790	0.124073	0.153261	0.127010	0.130779	0.131011	0.108399	0.135990	0.086630	0.141848	0.066064	0.148483	0.047370	0.155792	0.031272	0.163678	0.018517	0.172057	0.009839	0.180858	0.005900	0.190030	0.007250	0.199542	0.014271	0.209390	0.027146	0.219592	0.045838	0.230199	0.070093	0.241287	0.099468	0.252964	0.133367	0.265370	0.171095	0.278679	0.211911	0.293101	0.255088	0.308882	0.299942
918.731990	0.124044	0.151445	0.127009	0.128995	0.131032	0.106684	0.136027	0.085025	0.141894	0.064614	0.148530	0.046125	0.155833	0.030283	0.163707	0.017834	0.172066	0.009507	0.180841	0.005956	0.189980	0.007718	0.199456	0.015163	0.209262	0.028456	0.219418	0.047544	0.229976	0.072159	0.241012	0.101844	0.252635	0.135994	0.264986	0.173911	0.278239	0.214854	0.292605	0.258095	0.308330	0.302959
919.106080	0.124016	0.149634	0.127009	0.127219	0.131054	0.104979	0.136064	0.083432	0.141939	0.063179	0.148577	0.044898	0.155874	0.029314	0.163734	0.017173	0.172073	0.009198	0.180821	0.006035	0.189929	0.008211	0.199368	0.016078	0.209132	0.029786	0.219243	0.049268	0.229752	0.074238	0.240736	0.104229	0.252304	0.138627	0.264600	0.176729	0.277796	0.217794	0.292105	0.261097	0.307776	0.305966
919.480100	0.123988	0.147835	0.127008	0.125461	0.131075	0.103297	0.136100	0.081868	0.141983	0.061780	0.148621	0.043713	0.155911	0.028393	0.163757	0.016565	0.172076	0.008946	0.180798	0.006175	0.189874	0.008763	0.199274	0.017050	0.208996	0.031170	0.219062	0.051037	0.229521	0.076354	0.240453	0.106641	0.251967	0.141277	0.264206	0.179553	0.277347	0.220730	0.291599	0.264085	0.307214	0.308954
919.854000	0.123959	0.146037	0.127007	0.123703	0.131096	0.101616	0.136135	0.080305	0.142026	0.060382	0.148665	0.042528	0.155948	0.027472	0.163781	0.015958	0.172080	0.008695	0.180775	0.006314	0.189819	0.009315	0.199181	0.018022	0.208861	0.032553	0.218881	0.052806	0.229290	0.078470	0.240170	0.109052	0.251630	0.143925	0.263813	0.182376	0.276897	0.223665	0.291094	0.267073	0.306652	0.311940
920.227780	0.123931	0.144251	0.127006	0.121962	0.131116	0.099956	0.136170	0.078769	0.142068	0.059015	0.148707	0.041380	0.155983	0.026594	0.163802	0.015397	0.172080	0.008493	0.180748	0.006503	0.189759	0.009916	0.199084	0.019041	0.208721	0.033979	0.218695	0.054612	0.229054	0.080614	0.239882	0.111484	0.251287	0.146585	0.263415	0.185201	0.276443	0.226595	0.290582	0.270049	0.306085	0.314908
920.601440	0.123903	0.142473	0.127005	0.120231	0.131135	0.098310	0.136203	0.077249	0.142109	0.057669	0.148748	0.040256	0.156017	0.025743	0.163821	0.014865	0.172078	0.008322	0.180719	0.006725	0.189697	0.010550	0.198984	0.020090	0.208579	0.035431	0.218506	0.056440	0.228816	0.082777	0.239590	0.113929	0.250942	0.149251	0.263013	0.188028	0.275984	0.229521	0.290067	0.273015	0.305514	0.317863
920.975040	0.123876	0.140696	0.127004	0.118501	0.131155	0.096664	0.136237	0.075730	0.142149	0.056323	0.148788	0.039133	0.156050	0.024892	0.163840	0.014334	0.172076	0.008151	0.180690	0.006947	0.189635	0.011184	0.198885	0.021140	0.208437	0.036884	0.218317	0.058268	0.228577	0.084940	0.239299	0.116373	0.250596	0.151918	0.262612	0.190855	0.275526	0.232447	0.289552	0.275982	0.304943	0.320819
921.348510	0.123849	0.138937	0.127003	0.116796	0.131174	0.095051	0.136269	0.074252	0.142188	0.055026	0.148826	0.038067	0.156080	0.024106	0.163855	0.013873	0.172069	0.008056	0.180656	0.007246	0.189567	0.011892	0.198778	0.022259	0.208287	0.038400	0.218121	0.060149	0.228331	0.087143	0.239001	0.118845	0.250243	0.154599	0.262202	0.193684	0.275059	0.235362	0.289029	0.278928	0.304363	0.323745
921.721860	0.123821	0.137180	0.127002	0.115094	0.131193	0.093441	0.136301	0.072777	0.142226	0.053734	0.148863	0.037006	0.156109	0.023324	0.163869	0.013417	0.172062	0.007965	0.180621	0.007550	0.189499	0.012606	0.198672	0.023384	0.208138	0.039920	0.217924	0.062034	0.228085	0.089349	0.238702	0.121318	0.249889	0.157280	0.261792	0.196511	0.274592	0.238275	0.288505	0.281871	0.303783	0.326668
922.095150	0.123794	0.135429	0.127001	0.113400	0.131212	0.091841	0.136333	0.071315	0.142264	0.052455	0.148900	0.035960	0.156137	0.022561	0.163883	0.012981	0.172054	0.007895	0.180585	0.007874	0.189429	0.013340	0.198563	0.024526	0.207986	0.041456	0.217726	0.063932	0.227836	0.091565	0.238401	0.123797	0.249533	0.159965	0.261379	0.199339	0.274123	0.241185	0.287978	0.284808	0.303201	0.329583
922.468320	0.123767	0.133694	0.126999	0.111727	0.131229	0.090269	0.136363	0.069886	0.142300	0.051217	0.148934	0.034962	0.156163	0.021850	0.163893	0.012602	0.172042	0.007884	0.180544	0.008258	0.189354	0.014132	0.198450	0.025723	0.207830	0.043040	0.217522	0.065870	0.227582	0.093810	0.238093	0.126297	0.249170	0.162658	0.260961	0.202165	0.273647	0.244085	0.287445	0.287727	0.302612	0.332473
922.841370	0.123740	0.131960	0.126998	0.110055	0.131247	0.088697	0.136394	0.068457	0.142337	0.049979	0.148968	0.033963	0.156188	0.021139	0.163903	0.012223	0.172029	0.007874	0.180503	0.008642	0.189280	0.014923	0.198336	0.026920	0.207673	0.044623	0.217319	0.067807	0.227328	0.096055	0.237786	0.128796	0.248808	0.165351	0.260543	0.204991	0.273171	0.246984	0.286912	0.290645	0.302022	0.335362
923.214290	0.123714	0.130240	0.126996	0.108400	0.131265	0.087148	0.136424	0.067056	0.142371	0.048774	0.149001	0.033002	0.156211	0.020469	0.163910	0.011888	0.172014	0.007908	0.180459	0.009071	0.189202	0.015759	0.198219	0.028157	0.207513	0.046241	0.217111	0.069773	0.227070	0.098322	0.237474	0.131308	0.248441	0.168049	0.260119	0.207814	0.272690	0.249874	0.286374	0.293548	0.301428	0.338231
923.587160	0.123687	0.128529	0.126994	0.106759	0.131281	0.085615	0.136452	0.065675	0.142404	0.047592	0.149032	0.032067	0.156233	0.019829	0.163915	0.011584	0.171996	0.007976	0.180413	0.009535	0.189121	0.016627	0.198099	0.029425	0.207349	0.047887	0.216900	0.071760	0.226808	0.100604	0.237159	0.133831	0.248071	0.170751	0.259692	0.210635	0.272206	0.252758	0.285832	0.296441	0.300829	0.341085
923.959900	0.123661	0.126818	0.126992	0.105118	0.131298	0.084082	0.136481	0.064295	0.142437	0.046410	0.149063	0.031133	0.156255	0.019189	0.163920	0.011281	0.171979	0.008045	0.180367	0.009998	0.189041	0.017495	0.197979	0.030692	0.207186	0.049531	0.216689	0.073746	0.226546	0.102886	0.236844	0.136352	0.247701	0.173452	0.259265	0.213456	0.271721	0.255640	0.285290	0.299332	0.300230	0.343939
924.332520	0.123635	0.125129	0.126990	0.103505	0.131314	0.082584	0.136508	0.062957	0.142469	0.045278	0.149091	0.030256	0.156273	0.018612	0.163922	0.011045	0.171957	0.008183	0.180315	0.010531	0.188955	0.018429	0.197853	0.032019	0.207016	0.051228	0.216471	0.075775	0.226278	0.105198	0.236522	0.138891	0.247323	0.176159	0.258830	0.216271	0.271229	0.258507	0.284741	0.302199	0.299624	0.346762
924.705080	0.123609	0.123444	0.126988	0.101895	0.131330	0.081091	0.136535	0.061624	0.142500	0.044153	0.149119	0.029386	0.156291	0.018043	0.163922	0.010818	0.171934	0.008329	0.180263	0.011072	0.188868	0.019371	0.197726	0.033354	0.206845	0.052930	0.216253	0.077808	0.226008	0.107513	0.236199	0.141432	0.246945	0.178867	0.258395	0.219086	0.270736	0.261372	0.284190	0.305064	0.299016	0.349581
925.077510	0.123583	0.121763	0.126987	0.100293	0.131345	0.079607	0.136561	0.060302	0.142531	0.043040	0.149146	0.028529	0.156308	0.017488	0.163922	0.010606	0.171910	0.008492	0.180210	0.011629	0.188780	0.020328	0.197598	0.034701	0.206673	0.054644	0.216033	0.079850	0.225737	0.109834	0.235875	0.143975	0.246565	0.181574	0.257958	0.221898	0.270242	0.264232	0.283638	0.307921	0.298407	0.352392
925.449830	0.123557	0.120104	0.126984	0.098717	0.131360	0.078156	0.136587	0.059019	0.142559	0.041973	0.149171	0.027724	0.156322	0.016991	0.163919	0.010454	0.171882	0.008716	0.180152	0.012246	0.188687	0.021342	0.197465	0.036100	0.206495	0.056402	0.215807	0.081927	0.225460	0.112179	0.235545	0.146533	0.246178	0.184285	0.257514	0.224703	0.269740	0.267077	0.283078	0.310756	0.297791	0.355175
925.822020	0.123531	0.118444	0.126982	0.097142	0.131376	0.076705	0.136612	0.057737	0.142587	0.040906	0.149196	0.026920	0.156335	0.016493	0.163915	0.010303	0.171854	0.008940	0.180095	0.012863	0.188593	0.022356	0.197333	0.037499	0.206318	0.058160	0.215582	0.084002	0.225183	0.114524	0.235214	0.149090	0.245792	0.186995	0.257071	0.227507	0.269239	0.269921	0.282519	0.313590	0.297175	0.357956
926.194150	0.123506	0.116799	0.126980	0.095585	0.131390	0.075276	0.136636	0.056481	0.142615	0.039869	0.149219	0.026149	0.156347	0.016033	0.163909	0.010190	0.171824	0.009204	0.180034	0.013519	0.188497	0.023407	0.197196	0.038931	0.206137	0.059944	0.215352	0.086100	0.224903	0.116883	0.234879	0.151655	0.245401	0.189706	0.256623	0.230306	0.268733	0.272754	0.281955	0.316409	0.296554	0.360718
926.566160	0.123481	0.115167	0.126977	0.094044	0.131404	0.073868	0.136660	0.055249	0.142641	0.038861	0.149240	0.025410	0.156357	0.015606	0.163900	0.010113	0.171791	0.009504	0.179971	0.014211	0.188398	0.024491	0.197057	0.040392	0.205953	0.061754	0.215120	0.088216	0.224618	0.119255	0.234541	0.154225	0.245007	0.192416	0.256172	0.233099	0.268223	0.275576	0.281387	0.319213	0.295928	0.363463
926.938110	0.123455	0.113535	0.126974	0.092503	0.131418	0.072459	0.136684	0.054017	0.142668	0.037852	0.149261	0.024671	0.156367	0.015180	0.163891	0.010036	0.171758	0.009804	0.179908	0.014903	0.188299	0.025575	0.196917	0.041854	0.205769	0.063563	0.214887	0.090332	0.224334	0.121626	0.234202	0.156795	0.244613	0.195126	0.255720	0.235892	0.267714	0.278398	0.280819	0.322016	0.295303	0.366207
927.309880	0.123430	0.111926	0.126972	0.090993	0.131431	0.071087	0.136706	0.052829	0.142692	0.036893	0.149280	0.023987	0.156374	0.014813	0.163880	0.010021	0.171722	0.010167	0.179840	0.015656	0.188196	0.026715	0.196773	0.043365	0.205579	0.065413	0.214648	0.092479	0.224044	0.124018	0.233858	0.159375	0.244212	0.197835	0.255262	0.238674	0.267197	0.281201	0.280245	0.324794	0.294671	0.368921
927.681580	0.123405	0.110323	0.126969	0.089488	0.131444	0.069723	0.136728	0.051649	0.142715	0.035944	0.149299	0.023315	0.156381	0.014458	0.163868	0.010020	0.171684	0.010542	0.179772	0.016421	0.188091	0.027867	0.196627	0.044885	0.205388	0.067272	0.214409	0.094632	0.223753	0.126413	0.233513	0.161956	0.243810	0.200544	0.254803	0.241454	0.266680	0.284000	0.279669	0.327567	0.294037	0.371628
928.053220	0.123380	0.108724	0.126967	0.087989	0.131457	0.068365	0.136750	0.050478	0.142738	0.035004	0.149317	0.022652	0.156386	0.014113	0.163855	0.010028	0.171646	0.010927	0.179702	0.017196	0.187985	0.029027	0.196480	0.046414	0.205196	0.069137	0.214169	0.096789	0.223461	0.128811	0.233166	0.164538	0.243407	0.203251	0.254342	0.244231	0.266161	0.286795	0.279091	0.330334	0.293402	0.374329
928.424680	0.123356	0.107150	0.126964	0.086522	0.131469	0.067046	0.136770	0.049351	0.142760	0.034115	0.149332	0.022046	0.156389	0.013830	0.163837	0.010100	0.171603	0.011377	0.179628	0.018032	0.187874	0.030244	0.196328	0.047992	0.204998	0.071042	0.213922	0.098976	0.223163	0.131228	0.232813	0.167127	0.242998	0.205956	0.253875	0.246995	0.265635	0.289570	0.278507	0.333074	0.292760	0.376998
928.796080	0.123331	0.105577	0.126961	0.085054	0.131481	0.065726	0.136790	0.048224	0.142781	0.033227	0.149348	0.021440	0.156391	0.013547	0.163820	0.010172	0.171560	0.011826	0.179554	0.018867	0.187764	0.031461	0.196176	0.049569	0.204801	0.072946	0.213675	0.101163	0.222864	0.133644	0.232460	0.169716	0.242589	0.208659	0.253408	0.249759	0.265109	0.292343	0.277923	0.335813	0.292118	0.379666
929.167360	0.123307	0.104017	0.126957	0.083605	0.131493	0.064428	0.136809	0.047121	0.142801	0.032366	0.149362	0.020864	0.156391	0.013295	0.163801	0.010277	0.171516	0.012308	0.179477	0.019734	0.187650	0.032706	0.196022	0.051171	0.204601	0.074870	0.213426	0.103363	0.222562	0.136068	0.232103	0.172307	0.242176	0.211360	0.252937	0.252515	0.264579	0.295105	0.277335	0.338537	0.291472	0.382317
929.538570	0.123283	0.102475	0.126954	0.082176	0.131504	0.063155	0.136828	0.046048	0.142820	0.031538	0.149374	0.020324	0.156390	0.013083	0.163780	0.010422	0.171468	0.012831	0.179398	0.020639	0.187534	0.033986	0.195863	0.052803	0.204397	0.076818	0.213173	0.105580	0.222256	0.138502	0.231743	0.174901	0.241759	0.214057	0.252462	0.255262	0.264046	0.297852	0.276742	0.341244	0.290821	0.384946
929.909610	0.123259	0.100933	0.126951	0.080748	0.131514	0.061882	0.136846	0.044975	0.142838	0.030711	0.149386	0.019785	0.156389	0.012872	0.163758	0.010568	0.171421	0.013353	0.179318	0.021544	0.187417	0.035265	0.195705	0.054434	0.204193	0.078765	0.212920	0.107797	0.221950	0.140935	0.231383	0.177493	0.241342	0.216753	0.251987	0.258008	0.263512	0.300599	0.276149	0.343949	0.290170	0.387575
930.280580	0.123235	0.099414	0.126947	0.079349	0.131525	0.060645	0.136864	0.043944	0.142856	0.029929	0.149396	0.019297	0.156385	0.012713	0.163734	0.010767	0.171369	0.013929	0.179235	0.022500	0.187296	0.036591	0.195542	0.056104	0.203984	0.080743	0.212661	0.110036	0.221640	0.143381	0.231017	0.180089	0.240919	0.219444	0.251506	0.260740	0.262972	0.303326	0.275550	0.346630	0.289513	0.390174
930.651490	0.123212	0.097903	0.126944	0.077960	0.131535	0.059419	0.136880	0.042925	0.142872	0.029163	0.149405	0.018825	0.156380	0.012572	0.163708	0.010985	0.171316	0.014522	0.179150	0.023472	0.187174	0.037931	0.195377	0.057787	0.203774	0.082730	0.212401	0.112281	0.221327	0.145830	0.230649	0.182686	0.240494	0.222133	0.251023	0.263468	0.262430	0.306046	0.274950	0.349302	0.288854	0.392764
931.022220	0.123189	0.096395	0.126941	0.076573	0.131545	0.058196	0.136897	0.041910	0.142889	0.028401	0.149414	0.018357	0.156374	0.012435	0.163682	0.011206	0.171264	0.015119	0.179065	0.024448	0.187051	0.039274	0.195213	0.059472	0.203563	0.084719	0.212141	0.114527	0.221015	0.148279	0.230282	0.185282	0.240069	0.224820	0.250540	0.266193	0.261888	0.308763	0.274349	0.351971	0.288195	0.395351
931.392880	0.123165	0.094918	0.126937	0.075225	0.131554	0.057019	0.136912	0.040947	0.142903	0.027696	0.149420	0.017952	0.156366	0.012364	0.163652	0.011495	0.171206	0.015782	0.178975	0.025486	0.186923	0.040672	0.195042	0.061203	0.203346	0.086745	0.211874	0.116798	0.220695	0.150741	0.229907	0.187879	0.239637	0.227497	0.250049	0.268901	0.261339	0.311455	0.273740	0.354608	0.287528	0.397902
931.763430	0.123142	0.093442	0.126933	0.073877	0.131563	0.055842	0.136927	0.039985	0.142917	0.026992	0.149426	0.017547	0.156357	0.012292	0.163622	0.011784	0.171149	0.016445	0.178884	0.026523	0.186796	0.042070	0.194872	0.062934	0.203129	0.088769	0.211607	0.119068	0.220375	0.153202	0.229532	0.190475	0.239206	0.230174	0.249559	0.271608	0.260790	0.314147	0.273131	0.357245	0.286861	0.400453
932.133910	0.123119	0.091977	0.126930	0.072544	0.131572	0.054682	0.136942	0.039042	0.142930	0.026310	0.149431	0.017166	0.156347	0.012247	0.163591	0.012099	0.171091	0.017132	0.178793	0.027583	0.186666	0.043489	0.194699	0.064682	0.202910	0.090807	0.211338	0.121346	0.220053	0.155667	0.229155	0.193071	0.238771	0.232847	0.249066	0.274307	0.260238	0.316828	0.272520	0.359869	0.286191	0.402989
932.504270	0.123096	0.090535	0.126925	0.071237	0.131580	0.053553	0.136955	0.038136	0.142942	0.025668	0.149434	0.016828	0.156335	0.012246	0.163557	0.012459	0.171028	0.017864	0.178697	0.028684	0.186532	0.044942	0.194523	0.066459	0.202687	0.092866	0.211065	0.123638	0.219727	0.158138	0.228773	0.195666	0.238332	0.235512	0.248568	0.276992	0.259681	0.319490	0.271903	0.362470	0.285516	0.405500
932.874510	0.123074	0.089093	0.126921	0.069931	0.131588	0.052425	0.136968	0.037230	0.142953	0.025026	0.149437	0.016490	0.156322	0.012245	0.163523	0.012818	0.170966	0.018595	0.178602	0.029784	0.186398	0.046395	0.194347	0.068236	0.202464	0.094925	0.210792	0.125930	0.219401	0.160609	0.228391	0.198261	0.237894	0.238176	0.248071	0.279677	0.259124	0.322151	0.271287	0.365071	0.284841	0.408010
933.244630	0.123051	0.087674	0.126917	0.068653	0.131596	0.051330	0.136981	0.036361	0.142963	0.024426	0.149438	0.016197	0.156307	0.012291	0.163486	0.013224	0.170901	0.019370	0.178504	0.030925	0.186261	0.047884	0.194167	0.070041	0.202237	0.097005	0.210514	0.128235	0.219071	0.163085	0.228005	0.200853	0.237450	0.240831	0.247568	0.282347	0.258562	0.324792	0.270666	0.367649	0.284160	0.410495
933.614690	0.123029	0.086267	0.126913	0.067389	0.131603	0.050252	0.136993	0.035512	0.142973	0.023848	0.149438	0.015927	0.156292	0.012359	0.163447	0.013652	0.170834	0.020168	0.178403	0.032087	0.186122	0.049391	0.193985	0.071861	0.202008	0.099096	0.210235	0.130547	0.218738	0.165563	0.227617	0.203443	0.237004	0.243481	0.247064	0.285008	0.257997	0.327423	0.270042	0.370215	0.283477	0.412966
933.984620	0.123006	0.084860	0.126908	0.066127	0.131611	0.049174	0.137005	0.034662	0.142983	0.023269	0.149438	0.015656	0.156276	0.012428	0.163409	0.014081	0.170768	0.020966	0.178303	0.033249	0.185983	0.050897	0.193803	0.073680	0.201779	0.101186	0.209956	0.132858	0.218405	0.168041	0.227228	0.206033	0.236558	0.246131	0.246559	0.287669	0.257432	0.330054	0.269418	0.372779	0.282794	0.415436
934.354430	0.122984	0.083489	0.126904	0.064905	0.131617	0.048145	0.137015	0.033868	0.142989	0.022750	0.149435	0.015450	0.156256	0.012562	0.163366	0.014575	0.170697	0.021826	0.178198	0.034467	0.185838	0.052453	0.193615	0.075539	0.201543	0.103305	0.209670	0.135186	0.218066	0.170524	0.226833	0.208618	0.236105	0.248766	0.246047	0.290308	0.256861	0.332655	0.268786	0.375310	0.282104	0.417869
934.724180	0.122962	0.082119	0.126899	0.063686	0.131623	0.047118	0.137025	0.033076	0.142996	0.022234	0.149432	0.015246	0.156237	0.012700	0.163324	0.015072	0.170625	0.022689	0.178092	0.035688	0.185694	0.054010	0.193426	0.077399	0.201308	0.105424	0.209383	0.137514	0.217726	0.173008	0.226438	0.211202	0.235652	0.251400	0.245535	0.292945	0.256289	0.335255	0.268154	0.377839	0.281413	0.420300
935.093810	0.122940	0.080759	0.126895	0.062478	0.131628	0.046104	0.137034	0.032299	0.143002	0.021734	0.149428	0.015059	0.156216	0.012854	0.163280	0.015586	0.170553	0.023567	0.177985	0.036922	0.185548	0.055580	0.193237	0.079269	0.201071	0.107550	0.209096	0.139846	0.217385	0.175491	0.226041	0.213784	0.235197	0.254029	0.245021	0.295575	0.255715	0.337847	0.267521	0.380359	0.280720	0.422721
935.463320	0.122919	0.079426	0.126890	0.061303	0.131634	0.045129	0.137043	0.031564	0.143007	0.021281	0.149423	0.014922	0.156193	0.013060	0.163233	0.016150	0.170477	0.024493	0.177874	0.038200	0.185398	0.057185	0.193043	0.081167	0.200829	0.109696	0.208804	0.142189	0.217039	0.177978	0.225638	0.216361	0.234737	0.256646	0.244502	0.298187	0.255136	0.340416	0.266881	0.382852	0.280021	0.425113
935.832700	0.122897	0.078094	0.126885	0.060128	0.131639	0.044154	0.137051	0.030830	0.143012	0.020828	0.149417	0.014785	0.156170	0.013265	0.163186	0.016714	0.170400	0.025418	0.177764	0.039477	0.185248	0.058790	0.192850	0.083065	0.200588	0.111841	0.208511	0.144531	0.216693	0.180463	0.225236	0.218936	0.234277	0.259261	0.243982	0.300798	0.254557	0.342983	0.266242	0.385343	0.279322	0.427503
936.202030	0.122875	0.076783	0.126880	0.058978	0.131644	0.043207	0.137059	0.030128	0.143015	0.020410	0.149409	0.014684	0.156144	0.013507	0.163137	0.017313	0.170322	0.026377	0.177651	0.040784	0.185095	0.060420	0.192653	0.084982	0.200344	0.114000	0.208216	0.146881	0.216343	0.182950	0.224830	0.221508	0.233813	0.261867	0.243459	0.303396	0.253974	0.345534	0.265599	0.387816	0.278620	0.429873
936.571230	0.122854	0.075490	0.126875	0.057850	0.131648	0.042284	0.137065	0.029453	0.143017	0.020020	0.149400	0.014613	0.156117	0.013780	0.163087	0.017943	0.170241	0.027364	0.177535	0.042115	0.184940	0.062071	0.192454	0.086915	0.200096	0.116170	0.207917	0.149235	0.215990	0.185437	0.224422	0.224074	0.233346	0.264465	0.242933	0.305981	0.253388	0.348069	0.264953	0.390271	0.277913	0.432224
936.940310	0.122833	0.074197	0.126870	0.056721	0.131652	0.041361	0.137072	0.028777	0.143020	0.019630	0.149391	0.014542	0.156090	0.014052	0.163036	0.018572	0.170161	0.028350	0.177420	0.043447	0.184784	0.063721	0.192254	0.088847	0.199849	0.118338	0.207618	0.151589	0.215638	0.187923	0.224013	0.226640	0.232880	0.267062	0.242407	0.308565	0.252802	0.350604	0.264307	0.392726	0.277207	0.434575
937.309330	0.122813	0.072937	0.126865	0.055631	0.131656	0.040483	0.137077	0.028151	0.143020	0.019293	0.149380	0.014527	0.156061	0.014380	0.162982	0.019255	0.170077	0.029387	0.177300	0.044823	0.184624	0.065408	0.192050	0.090808	0.199597	0.120526	0.207315	0.153952	0.215280	0.190409	0.223599	0.229197	0.232407	0.269643	0.241875	0.311128	0.252209	0.353112	0.263654	0.395151	0.276495	0.436893
937.678220	0.122792	0.071683	0.126860	0.054549	0.131659	0.039613	0.137082	0.027535	0.143020	0.018967	0.149368	0.014522	0.156030	0.014719	0.162927	0.019948	0.169992	0.030433	0.177179	0.046207	0.184464	0.067102	0.191845	0.092774	0.199344	0.122716	0.207010	0.156316	0.214922	0.192893	0.223184	0.231752	0.231934	0.272220	0.241342	0.313685	0.251616	0.355615	0.263000	0.397569	0.275781	0.439205
938.047000	0.122771	0.070435	0.126854	0.053473	0.131662	0.038751	0.137087	0.026926	0.143020	0.018648	0.149355	0.014525	0.156000	0.015065	0.162872	0.020649	0.169907	0.031487	0.177058	0.047597	0.184303	0.068801	0.191639	0.094742	0.199090	0.124909	0.206705	0.158680	0.214562	0.195377	0.222768	0.234304	0.231460	0.274794	0.240808	0.316239	0.251021	0.358113	0.262345	0.399983	0.275067	0.441511
938.415650	0.122751	0.069223	0.126849	0.052438	0.131665	0.037935	0.137091	0.026368	0.143018	0.018385	0.149340	0.014585	0.155966	0.015469	0.162813	0.021405	0.169817	0.032590	0.176933	0.049031	0.184137	0.070536	0.191428	0.096738	0.198831	0.127118	0.206395	0.161052	0.214198	0.197859	0.222346	0.236846	0.230980	0.277350	0.240268	0.318768	0.250421	0.360582	0.261684	0.402364	0.274346	0.443783
938.784240	0.122731	0.068011	0.126843	0.051404	0.131667	0.037119	0.137095	0.025810	0.143015	0.018122	0.149326	0.014645	0.155933	0.015873	0.162754	0.022161	0.169727	0.033694	0.176807	0.050465	0.183971	0.072271	0.191217	0.098733	0.198572	0.129326	0.206084	0.163423	0.213833	0.200341	0.221925	0.239387	0.230500	0.279905	0.239729	0.321297	0.249821	0.363051	0.261023	0.404745	0.273625	0.446056
939.152710	0.122711	0.066816	0.126838	0.050389	0.131670	0.036325	0.137098	0.025277	0.143012	0.017885	0.149310	0.014732	0.155898	0.016303	0.162694	0.022942	0.169636	0.034821	0.176680	0.051918	0.183803	0.074021	0.191005	0.100740	0.198310	0.131542	0.205771	0.165796	0.213465	0.202820	0.221501	0.241923	0.230017	0.282451	0.239187	0.323814	0.249218	0.365506	0.260359	0.407111	0.272901	0.448312
939.521120	0.122691	0.065644	0.126832	0.049402	0.131671	0.035563	0.137100	0.024779	0.143008	0.017685	0.149292	0.014856	0.155860	0.016770	0.162631	0.023758	0.169542	0.035980	0.176550	0.053400	0.183632	0.075794	0.190789	0.102762	0.198046	0.133767	0.205454	0.168173	0.213094	0.205296	0.221073	0.244450	0.229531	0.284984	0.238640	0.326315	0.248611	0.367941	0.259691	0.409455	0.272173	0.450545
939.889340	0.122671	0.064474	0.126826	0.048416	0.131673	0.034802	0.137101	0.024281	0.143003	0.017484	0.149274	0.014981	0.155823	0.017238	0.162568	0.024575	0.169448	0.037139	0.176420	0.054881	0.183461	0.077566	0.190573	0.104784	0.197781	0.135992	0.205138	0.170549	0.212723	0.207771	0.220645	0.246976	0.229044	0.287516	0.238094	0.328814	0.248004	0.370375	0.259024	0.411798	0.271445	0.452777
940.257510	0.122651	0.063332	0.126820	0.047464	0.131673	0.034079	0.137102	0.023824	0.142997	0.017327	0.149255	0.015150	0.155783	0.017749	0.162502	0.025433	0.169351	0.038335	0.176287	0.056394	0.183287	0.079363	0.190353	0.106825	0.197513	0.138226	0.204818	0.172928	0.212348	0.210242	0.220213	0.249491	0.228553	0.290033	0.237543	0.331293	0.247392	0.372787	0.258351	0.414116	0.270712	0.454983
940.625550	0.122632	0.062204	0.126813	0.046527	0.131674	0.033372	0.137102	0.023385	0.142990	0.017189	0.149234	0.015339	0.155743	0.018279	0.162436	0.026309	0.169253	0.039547	0.176152	0.057921	0.183111	0.081172	0.190132	0.108873	0.197243	0.140465	0.204496	0.175307	0.211971	0.212711	0.219779	0.252002	0.228060	0.292542	0.236990	0.333764	0.246779	0.375187	0.257676	0.416422	0.269977	0.457176
940.993530	0.122612	0.061076	0.126807	0.045589	0.131674	0.032665	0.137102	0.022947	0.142983	0.017051	0.149213	0.015528	0.155702	0.018810	0.162369	0.027185	0.169155	0.040759	0.176017	0.059447	0.182935	0.082980	0.189911	0.110920	0.196973	0.142704	0.204174	0.177685	0.211595	0.215180	0.219346	0.254512	0.227568	0.295051	0.236438	0.336234	0.246165	0.377588	0.257002	0.418728	0.269242	0.459369
941.361390	0.122593	0.059990	0.126801	0.044701	0.131674	0.032013	0.137101	0.022566	0.142974	0.016975	0.149190	0.015778	0.155658	0.019401	0.162299	0.028118	0.169053	0.042022	0.175878	0.061017	0.182754	0.084821	0.189684	0.112990	0.196697	0.144955	0.203846	0.180066	0.211212	0.217640	0.218905	0.257006	0.227069	0.297537	0.235878	0.338675	0.245545	0.379955	0.256320	0.420999	0.268500	0.461526
941.729130	0.122574	0.058905	0.126795	0.043813	0.131673	0.031361	0.137100	0.022187	0.142965	0.016900	0.149167	0.016030	0.155614	0.019993	0.162229	0.029051	0.168950	0.043285	0.175738	0.062587	0.182573	0.086663	0.189458	0.115060	0.196421	0.147205	0.203518	0.182446	0.210829	0.220100	0.218465	0.259500	0.226570	0.300021	0.235319	0.341116	0.244925	0.382321	0.255639	0.423268	0.267758	0.463681
942.096740	0.122555	0.057832	0.126788	0.042939	0.131673	0.030724	0.137098	0.021824	0.142955	0.016840	0.149143	0.016298	0.155570	0.020601	0.162157	0.029999	0.168847	0.044562	0.175597	0.064167	0.182390	0.088512	0.189230	0.117135	0.196144	0.149458	0.203188	0.184825	0.210445	0.222557	0.218024	0.261987	0.226070	0.302498	0.234758	0.343547	0.244303	0.384678	0.254956	0.425528	0.267014	0.465825
942.464290	0.122537	0.056791	0.126782	0.042101	0.131671	0.030127	0.137095	0.021504	0.142944	0.016827	0.149117	0.016612	0.155522	0.021253	0.162083	0.030989	0.168740	0.045875	0.175453	0.065778	0.182204	0.090385	0.188998	0.119226	0.195863	0.151718	0.202854	0.187205	0.210056	0.225007	0.217578	0.264463	0.225565	0.304958	0.234193	0.345957	0.243676	0.387010	0.254268	0.427761	0.266265	0.467942
942.831730	0.122518	0.055751	0.126775	0.041263	0.131670	0.029531	0.137092	0.021184	0.142933	0.016813	0.149091	0.016925	0.155475	0.021905	0.162008	0.031978	0.168633	0.047188	0.175309	0.067389	0.182018	0.092257	0.188766	0.121317	0.195582	0.153978	0.202521	0.189584	0.209667	0.227456	0.217132	0.266937	0.225059	0.307417	0.233628	0.348367	0.243050	0.389342	0.253580	0.429993	0.265516	0.470058
943.199040	0.122500	0.054734	0.126768	0.040453	0.131668	0.028965	0.137088	0.020897	0.142921	0.016833	0.149063	0.017272	0.155426	0.022590	0.161932	0.032997	0.168524	0.048526	0.175162	0.069021	0.181830	0.094145	0.188532	0.123417	0.195298	0.156242	0.202184	0.191962	0.209275	0.229899	0.216683	0.269401	0.224551	0.309862	0.233059	0.350759	0.242420	0.391655	0.252889	0.432205	0.264763	0.472154
943.566280	0.122482	0.053739	0.126761	0.039666	0.131666	0.028424	0.137084	0.020637	0.142907	0.016881	0.149034	0.017648	0.155375	0.023301	0.161854	0.034041	0.168413	0.049887	0.175014	0.070670	0.181639	0.096047	0.188295	0.125526	0.195011	0.158510	0.201845	0.194339	0.208881	0.232338	0.216231	0.271856	0.224040	0.312295	0.232487	0.353138	0.241787	0.393953	0.252194	0.434401	0.264008	0.474233
943.933410	0.122463	0.052744	0.126754	0.038880	0.131663	0.027884	0.137079	0.020376	0.142893	0.016928	0.149005	0.018023	0.155324	0.024012	0.161776	0.035085	0.168302	0.051246	0.174865	0.072319	0.181449	0.097947	0.188058	0.127634	0.194725	0.160777	0.201506	0.196715	0.208487	0.234775	0.215779	0.274310	0.223529	0.314728	0.231916	0.355516	0.241154	0.396249	0.251500	0.436596	0.263252	0.476311
944.300420	0.122445	0.051785	0.126747	0.038135	0.131660	0.027389	0.137073	0.020164	0.142878	0.017026	0.148974	0.018448	0.155271	0.024770	0.161695	0.036171	0.168188	0.052644	0.174713	0.073998	0.181254	0.099870	0.187817	0.129755	0.194434	0.163049	0.201163	0.199088	0.208087	0.237202	0.215322	0.276748	0.223013	0.317139	0.231339	0.357868	0.240516	0.398518	0.250800	0.438761	0.262491	0.478359
944.667360	0.122427	0.050835	0.126740	0.037399	0.131657	0.026904	0.137067	0.019963	0.142862	0.017135	0.148942	0.018883	0.155217	0.025538	0.161613	0.037267	0.168072	0.054050	0.174560	0.075684	0.181058	0.101798	0.187575	0.131880	0.194142	0.165322	0.200818	0.201460	0.207687	0.239627	0.214865	0.279182	0.222496	0.319546	0.230761	0.360215	0.239876	0.400781	0.250099	0.440920	0.261729	0.480399
945.034120	0.122409	0.049889	0.126732	0.036668	0.131654	0.026425	0.137060	0.019768	0.142846	0.017249	0.148910	0.019324	0.155163	0.026312	0.161530	0.038367	0.167957	0.055459	0.174406	0.077372	0.180862	0.103727	0.187332	0.134005	0.193850	0.167594	0.200472	0.203831	0.207286	0.242049	0.214407	0.281614	0.221978	0.321948	0.230183	0.362558	0.239237	0.403039	0.249397	0.443074	0.260966	0.482435
945.400820	0.122392	0.048985	0.126725	0.035984	0.131649	0.025997	0.137053	0.019626	0.142828	0.017417	0.148875	0.019819	0.155105	0.027136	0.161445	0.039513	0.167838	0.056907	0.174249	0.079092	0.180662	0.105679	0.187085	0.136144	0.193553	0.169871	0.200123	0.206198	0.206881	0.244460	0.213943	0.284026	0.221455	0.324328	0.229599	0.364874	0.238592	0.405267	0.248690	0.445197	0.260198	0.484439
945.767460	0.122375	0.048081	0.126718	0.035301	0.131645	0.025569	0.137045	0.019484	0.142810	0.017586	0.148841	0.020313	0.155048	0.027961	0.161359	0.040660	0.167719	0.058355	0.174091	0.080812	0.180461	0.107631	0.186838	0.138282	0.193256	0.172147	0.199773	0.208564	0.206475	0.246870	0.213480	0.286439	0.220933	0.326706	0.229016	0.367190	0.237946	0.407495	0.247983	0.447319	0.259429	0.486443
946.133910	0.122358	0.047195	0.126710	0.034636	0.131640	0.025161	0.137037	0.019363	0.142792	0.017776	0.148805	0.020829	0.154990	0.028805	0.161272	0.041824	0.167598	0.059818	0.173932	0.082543	0.180259	0.109590	0.186590	0.140424	0.192958	0.174424	0.199421	0.210927	0.206068	0.249274	0.213015	0.288843	0.220408	0.329074	0.228431	0.369493	0.237299	0.409710	0.247274	0.449427	0.258659	0.488433
946.500310	0.122340	0.046338	0.126702	0.034004	0.131635	0.024788	0.137027	0.019280	0.142772	0.018005	0.148768	0.021381	0.154929	0.029684	0.161183	0.043019	0.167475	0.061308	0.173770	0.084295	0.180054	0.111564	0.186338	0.142574	0.192655	0.176702	0.199066	0.213286	0.205657	0.251669	0.212546	0.291233	0.219880	0.331425	0.227841	0.371776	0.236648	0.411903	0.246561	0.451513	0.257884	0.490400
946.866640	0.122323	0.045482	0.126695	0.033372	0.131630	0.024416	0.137018	0.019196	0.142752	0.018233	0.148731	0.021934	0.154869	0.030563	0.161094	0.044214	0.167352	0.062798	0.173608	0.086046	0.179850	0.113537	0.186087	0.144723	0.192353	0.178980	0.198710	0.215644	0.205246	0.254063	0.212077	0.293623	0.219351	0.333776	0.227252	0.374059	0.235997	0.414096	0.245848	0.453599	0.257109	0.492366
947.232790	0.122307	0.044655	0.126687	0.032774	0.131624	0.024079	0.137008	0.019150	0.142731	0.018499	0.148693	0.022523	0.154807	0.031476	0.161003	0.045439	0.167226	0.064312	0.173443	0.087817	0.179642	0.115523	0.185832	0.146879	0.192048	0.181257	0.198352	0.217997	0.204832	0.256447	0.211605	0.295998	0.218819	0.336109	0.226658	0.376321	0.235342	0.416266	0.245131	0.455661	0.256330	0.494309
947.598880	0.122290	0.043846	0.126679	0.032195	0.131618	0.023763	0.136998	0.019125	0.142708	0.018786	0.148653	0.023132	0.154743	0.032408	0.160910	0.046681	0.167099	0.065840	0.173277	0.089598	0.179432	0.117516	0.185575	0.149038	0.191741	0.183535	0.197992	0.220346	0.204416	0.258824	0.211130	0.298364	0.218285	0.338431	0.226063	0.378573	0.234685	0.418424	0.244412	0.457711	0.255550	0.496239
947.964840	0.122274	0.043037	0.126671	0.031616	0.131613	0.023446	0.136987	0.019100	0.142686	0.019072	0.148613	0.023741	0.154680	0.033339	0.160817	0.047923	0.166972	0.067368	0.173111	0.091379	0.179222	0.119509	0.185319	0.151197	0.191434	0.185812	0.197632	0.222694	0.204000	0.261201	0.210657	0.300730	0.217751	0.340753	0.225468	0.380823	0.234028	0.420582	0.243693	0.459760	0.254769	0.498169
948.330750	0.122257	0.042271	0.126663	0.031083	0.131606	0.023181	0.136975	0.019128	0.142662	0.019412	0.148570	0.024401	0.154613	0.034318	0.160721	0.049205	0.166841	0.068930	0.172941	0.093186	0.179009	0.121518	0.185058	0.153364	0.191123	0.188089	0.197267	0.225035	0.203579	0.263562	0.210177	0.303075	0.217212	0.343050	0.224868	0.383045	0.233366	0.422709	0.242968	0.461778	0.253983	0.500066
948.696470	0.122241	0.041510	0.126655	0.030556	0.131599	0.022920	0.136962	0.019161	0.142638	0.019756	0.148528	0.025066	0.154547	0.035300	0.160625	0.050491	0.166710	0.070494	0.172770	0.094994	0.178795	0.123529	0.184796	0.155531	0.190811	0.190364	0.196901	0.227374	0.203158	0.265921	0.209698	0.305417	0.216673	0.345343	0.224268	0.385263	0.232704	0.424833	0.242244	0.463792	0.253196	0.501960
949.062130	0.122224	0.040757	0.126647	0.030038	0.131592	0.022669	0.136950	0.019203	0.142614	0.020110	0.148484	0.025740	0.154479	0.036292	0.160528	0.051785	0.166578	0.072065	0.172599	0.096807	0.178580	0.125542	0.184534	0.157698	0.190498	0.192639	0.196535	0.229711	0.202735	0.268277	0.209218	0.307755	0.216133	0.347631	0.223667	0.387476	0.232040	0.426950	0.241518	0.465799	0.252408	0.503847
949.427730	0.122209	0.040043	0.126638	0.029564	0.131584	0.022465	0.136936	0.019293	0.142587	0.020512	0.148439	0.026460	0.154410	0.037324	0.160428	0.053115	0.166443	0.073666	0.172425	0.098642	0.178362	0.127569	0.184268	0.159872	0.190182	0.194912	0.196165	0.232038	0.202309	0.270618	0.208733	0.310073	0.215588	0.349895	0.223061	0.389663	0.231372	0.429040	0.240787	0.467778	0.251616	0.505706
949.793150	0.122193	0.039331	0.126629	0.029090	0.131576	0.022261	0.136922	0.019383	0.142561	0.020913	0.148394	0.027180	0.154340	0.038357	0.160328	0.054444	0.166308	0.075265	0.172250	0.100476	0.178143	0.129595	0.184002	0.162044	0.189865	0.197184	0.195795	0.234365	0.201882	0.272958	0.208248	0.312390	0.215043	0.352159	0.222455	0.391849	0.230704	0.431129	0.240057	0.469756	0.250823	0.507564
950.158510	0.122177	0.038639	0.126620	0.028639	0.131568	0.022080	0.136907	0.019498	0.142534	0.021338	0.148348	0.027922	0.154269	0.039410	0.160227	0.055792	0.166172	0.076880	0.172073	0.102320	0.177923	0.131627	0.183735	0.164219	0.189547	0.199454	0.195422	0.236686	0.201454	0.275290	0.207761	0.314697	0.214496	0.354410	0.221847	0.394021	0.230034	0.433203	0.239324	0.471719	0.250028	0.509407
950.523740	0.122162	0.037975	0.126612	0.028218	0.131559	0.021931	0.136892	0.019645	0.142505	0.021796	0.148301	0.028694	0.154197	0.040491	0.160124	0.057163	0.166033	0.078512	0.171895	0.104178	0.177701	0.133668	0.183464	0.166395	0.189225	0.201722	0.195047	0.239000	0.201022	0.277611	0.207272	0.316989	0.213947	0.356645	0.221235	0.396174	0.229360	0.435258	0.238588	0.473663	0.249230	0.511231
950.888920	0.122147	0.037311	0.126604	0.027797	0.131551	0.021782	0.136877	0.019791	0.142477	0.022253	0.148253	0.029466	0.154124	0.041571	0.160020	0.058533	0.165894	0.080144	0.171716	0.106035	0.177478	0.135708	0.183193	0.168572	0.188904	0.203989	0.194672	0.241314	0.200590	0.279931	0.206782	0.319281	0.213397	0.358879	0.220624	0.398328	0.228687	0.437313	0.237852	0.475606	0.248432	0.513053
951.253910	0.122132	0.036681	0.126595	0.027413	0.131541	0.021672	0.136860	0.019977	0.142447	0.022748	0.148204	0.030274	0.154049	0.042684	0.159915	0.059931	0.165753	0.081798	0.171535	0.107907	0.177252	0.137756	0.182920	0.170750	0.188579	0.206252	0.194293	0.243618	0.200156	0.282237	0.206289	0.321555	0.212844	0.361093	0.220009	0.400459	0.228010	0.439344	0.237112	0.477525	0.247630	0.514852
951.618840	0.122117	0.036066	0.126586	0.027045	0.131532	0.021579	0.136844	0.020181	0.142417	0.023261	0.148154	0.031098	0.153973	0.043810	0.159808	0.061341	0.165611	0.083461	0.171352	0.109786	0.177025	0.139808	0.182645	0.172930	0.188253	0.208513	0.193913	0.245919	0.199719	0.284538	0.205794	0.323822	0.212289	0.363298	0.219393	0.402580	0.227331	0.441365	0.236371	0.479434	0.246826	0.516641
951.983700	0.122102	0.035451	0.126576	0.026676	0.131522	0.021485	0.136827	0.020384	0.142386	0.023773	0.148103	0.031921	0.153897	0.044937	0.159702	0.062750	0.165468	0.085124	0.171169	0.111665	0.176798	0.141859	0.182370	0.175109	0.187927	0.210774	0.193533	0.248218	0.199283	0.286837	0.205299	0.326088	0.211734	0.365503	0.218777	0.404700	0.226652	0.443385	0.235630	0.481342	0.246023	0.518429
952.348390	0.122087	0.034884	0.126567	0.026359	0.131512	0.021444	0.136809	0.020640	0.142354	0.024337	0.148050	0.032793	0.153819	0.046106	0.159592	0.064196	0.165322	0.086815	0.170983	0.113563	0.176567	0.143921	0.182091	0.177289	0.187596	0.213028	0.193149	0.250504	0.198842	0.289117	0.204799	0.328329	0.211174	0.367679	0.218155	0.406791	0.225969	0.445374	0.234883	0.483218	0.245214	0.520185
952.713010	0.122072	0.034318	0.126558	0.026043	0.131501	0.021406	0.136790	0.020898	0.142322	0.024903	0.147998	0.033667	0.153740	0.047277	0.159482	0.065643	0.165176	0.088506	0.170796	0.115462	0.176336	0.145983	0.181812	0.179468	0.187266	0.215281	0.192764	0.252789	0.198401	0.291396	0.204299	0.330569	0.210615	0.369853	0.217534	0.408879	0.225285	0.447361	0.234137	0.485092	0.244404	0.521939
953.077580	0.122058	0.033763	0.126549	0.025739	0.131491	0.021379	0.136772	0.021168	0.142289	0.025480	0.147944	0.034551	0.153661	0.048457	0.159371	0.067098	0.165029	0.090204	0.170608	0.117364	0.176104	0.148047	0.181532	0.181648	0.186935	0.217533	0.192379	0.255070	0.197959	0.293669	0.203799	0.332803	0.210054	0.372022	0.216912	0.410961	0.224600	0.449341	0.233389	0.486959	0.243594	0.523686
953.441960	0.122043	0.033248	0.126540	0.025476	0.131479	0.021395	0.136752	0.021480	0.142254	0.026098	0.147889	0.035474	0.153579	0.049671	0.159258	0.068580	0.164879	0.091923	0.170418	0.119280	0.175868	0.150117	0.181248	0.183827	0.186599	0.219777	0.191990	0.257339	0.197513	0.295926	0.203294	0.335017	0.209489	0.374167	0.216285	0.413017	0.223911	0.451294	0.232637	0.488799	0.242779	0.525407
953.806270	0.122029	0.032732	0.126530	0.025214	0.131468	0.021411	0.136732	0.021793	0.142219	0.026716	0.147834	0.036396	0.153497	0.050885	0.159144	0.070062	0.164730	0.093641	0.170227	0.121195	0.175632	0.152186	0.180964	0.186006	0.186264	0.222022	0.191600	0.259608	0.197067	0.298182	0.202790	0.337230	0.208923	0.376312	0.215658	0.415074	0.223222	0.453247	0.231886	0.490639	0.241965	0.527128
954.170470	0.122015	0.032240	0.126520	0.024976	0.131456	0.021453	0.136712	0.022131	0.142184	0.027359	0.147778	0.037341	0.153414	0.052118	0.159029	0.071560	0.164578	0.095371	0.170035	0.123119	0.175395	0.154259	0.180678	0.188184	0.185927	0.224261	0.191209	0.261868	0.196619	0.300428	0.202284	0.339431	0.208356	0.378442	0.215029	0.417115	0.222531	0.455185	0.231132	0.492464	0.241148	0.528833
954.534550	0.122001	0.031774	0.126511	0.024766	0.131444	0.021523	0.136691	0.022497	0.142147	0.028029	0.147720	0.038311	0.153329	0.053373	0.158913	0.073075	0.164424	0.097115	0.169841	0.125050	0.175156	0.156336	0.180390	0.190361	0.185587	0.226495	0.190815	0.264120	0.196169	0.302662	0.201774	0.341617	0.207787	0.380557	0.214398	0.419139	0.221837	0.457105	0.230375	0.494270	0.240329	0.530521
954.898560	0.121987	0.031308	0.126501	0.024556	0.131431	0.021593	0.136670	0.022864	0.142110	0.028698	0.147662	0.039280	0.153245	0.054627	0.158796	0.074591	0.164271	0.098858	0.169646	0.126982	0.174917	0.158411	0.180102	0.192537	0.185248	0.228729	0.190421	0.266371	0.195718	0.304896	0.201265	0.343803	0.207218	0.382671	0.213767	0.421163	0.221143	0.459025	0.229618	0.496077	0.239509	0.532209
955.262450	0.121973	0.030878	0.126491	0.024384	0.131419	0.021702	0.136647	0.023269	0.142072	0.029404	0.147602	0.040282	0.153158	0.055911	0.158677	0.076129	0.164115	0.100618	0.169449	0.128923	0.174674	0.160491	0.179811	0.194712	0.184905	0.230955	0.190024	0.268609	0.195265	0.307113	0.200752	0.345969	0.206645	0.384764	0.213132	0.423164	0.220446	0.460921	0.228857	0.497860	0.238686	0.533873
955.626220	0.121960	0.030462	0.126480	0.024227	0.131405	0.021826	0.136625	0.023688	0.142034	0.030124	0.147542	0.041298	0.153071	0.057205	0.158557	0.077677	0.163958	0.102385	0.169250	0.130868	0.174430	0.162573	0.179519	0.196885	0.184561	0.233177	0.189626	0.270843	0.194810	0.309323	0.200239	0.348128	0.206070	0.386848	0.212496	0.425156	0.219747	0.462808	0.228096	0.499633	0.237861	0.535528
955.989930	0.121946	0.030046	0.126470	0.024069	0.131392	0.021950	0.136602	0.024107	0.141996	0.030844	0.147482	0.042313	0.152983	0.058499	0.158437	0.079224	0.163801	0.104151	0.169051	0.132813	0.174187	0.164653	0.179227	0.199058	0.184218	0.235399	0.189228	0.273076	0.194355	0.311533	0.199725	0.350286	0.205496	0.388932	0.211861	0.427148	0.219048	0.464695	0.227334	0.501407	0.237037	0.537182
956.353520	0.121933	0.029678	0.126460	0.023963	0.131379	0.022125	0.136578	0.024578	0.141955	0.031612	0.147419	0.043371	0.152893	0.059830	0.158315	0.080801	0.163641	0.105938	0.168850	0.134771	0.173940	0.166738	0.178931	0.201226	0.183870	0.237611	0.188826	0.275292	0.193896	0.313721	0.199207	0.352419	0.204918	0.390988	0.211220	0.429110	0.218345	0.466551	0.226568	0.503149	0.236207	0.538807
956.716980	0.121920	0.029312	0.126450	0.023858	0.131365	0.022302	0.136554	0.025049	0.141915	0.032381	0.147357	0.044430	0.152802	0.061162	0.158192	0.082378	0.163481	0.107725	0.168648	0.136729	0.173692	0.168822	0.178635	0.203394	0.183522	0.239821	0.188423	0.277507	0.193436	0.315908	0.198689	0.354550	0.204339	0.393042	0.210580	0.431070	0.217642	0.468405	0.225802	0.504890	0.235378	0.540430
957.080380	0.121907	0.028957	0.126440	0.023764	0.131351	0.022491	0.136529	0.025532	0.141874	0.033161	0.147294	0.045499	0.152711	0.062502	0.158068	0.083961	0.163320	0.109517	0.168446	0.138688	0.173444	0.170907	0.178339	0.205560	0.183173	0.242028	0.188020	0.279717	0.192976	0.318090	0.198170	0.356675	0.203760	0.395089	0.209938	0.433023	0.216938	0.470252	0.225034	0.506623	0.234547	0.542046
957.443600	0.121894	0.028641	0.126429	0.023711	0.131336	0.022719	0.136504	0.026054	0.141832	0.033977	0.147229	0.046600	0.152618	0.063869	0.157942	0.085566	0.163156	0.111323	0.168240	0.140656	0.173193	0.172993	0.178038	0.207722	0.182821	0.244225	0.187613	0.281913	0.192513	0.320252	0.197648	0.358779	0.203177	0.397112	0.209294	0.434951	0.216231	0.472075	0.224263	0.508332	0.233713	0.543637
957.806760	0.121882	0.028324	0.126419	0.023658	0.131321	0.022948	0.136479	0.026576	0.141789	0.034794	0.147164	0.047702	0.152525	0.065236	0.157815	0.087171	0.162992	0.113130	0.168034	0.142623	0.172942	0.175079	0.177738	0.209883	0.182468	0.246421	0.187206	0.284108	0.192049	0.322414	0.197125	0.360882	0.202593	0.399135	0.208649	0.436879	0.215523	0.473897	0.223492	0.510041	0.232880	0.545228
958.169860	0.121869	0.028031	0.126408	0.023629	0.131306	0.023201	0.136452	0.027122	0.141746	0.035632	0.147098	0.048823	0.152431	0.066620	0.157688	0.088788	0.162827	0.114945	0.167827	0.144595	0.172689	0.177165	0.177436	0.212041	0.182114	0.248611	0.186798	0.286294	0.191583	0.324565	0.196601	0.362972	0.202008	0.401145	0.208002	0.438793	0.214814	0.475704	0.222719	0.511735	0.232044	0.546805
958.532780	0.121857	0.027765	0.126398	0.023628	0.131290	0.023482	0.136426	0.027694	0.141702	0.036495	0.147030	0.049966	0.152335	0.068022	0.157558	0.090419	0.162659	0.116769	0.167618	0.146572	0.172433	0.179251	0.177132	0.214195	0.181758	0.250794	0.186387	0.288469	0.191116	0.326703	0.196074	0.365048	0.201421	0.403139	0.207353	0.440690	0.214102	0.477494	0.221944	0.513412	0.231205	0.548366
958.895630	0.121845	0.027500	0.126387	0.023626	0.131274	0.023763	0.136399	0.028266	0.141658	0.037358	0.146963	0.051108	0.152240	0.069423	0.157429	0.092050	0.162492	0.118592	0.167408	0.148548	0.172178	0.181337	0.176827	0.216349	0.181402	0.252975	0.185976	0.290644	0.190648	0.328840	0.195547	0.367123	0.200834	0.405132	0.206704	0.442586	0.213390	0.479283	0.221169	0.515089	0.230367	0.549926
959.258420	0.121832	0.027269	0.126376	0.023661	0.131258	0.024080	0.136371	0.028873	0.141612	0.038253	0.146894	0.052279	0.152142	0.070848	0.157298	0.093698	0.162323	0.120428	0.167196	0.150530	0.171921	0.183423	0.176521	0.218497	0.181043	0.255147	0.185562	0.292805	0.190178	0.330961	0.195018	0.369179	0.200244	0.407104	0.206051	0.444462	0.212675	0.481051	0.220390	0.516743	0.229525	0.551465
959.621030	0.121821	0.027052	0.126365	0.023711	0.131242	0.024412	0.136343	0.029494	0.141566	0.039160	0.146825	0.053461	0.152044	0.072282	0.157166	0.095353	0.162152	0.122268	0.166983	0.152513	0.171662	0.185507	0.176213	0.220642	0.180683	0.257314	0.185148	0.294960	0.189706	0.333073	0.194487	0.371226	0.199652	0.409067	0.205398	0.446327	0.211958	0.482810	0.219611	0.518389	0.228683	0.552995
959.983580	0.121809	0.026836	0.126354	0.023761	0.131226	0.024744	0.136314	0.030115	0.141520	0.040068	0.146755	0.054642	0.151945	0.073716	0.157034	0.097008	0.161982	0.124108	0.166771	0.154496	0.171404	0.187592	0.175905	0.222787	0.180323	0.259481	0.184733	0.297113	0.189234	0.335185	0.193956	0.373273	0.199061	0.411030	0.204745	0.448193	0.211242	0.484568	0.218831	0.520034	0.227840	0.554524
960.346010	0.121797	0.026667	0.126342	0.023859	0.131208	0.025123	0.136285	0.030781	0.141472	0.041017	0.146683	0.055861	0.151844	0.075179	0.156899	0.098685	0.161808	0.125961	0.166555	0.156485	0.171141	0.189675	0.175593	0.224923	0.179960	0.261633	0.184314	0.299248	0.188759	0.337274	0.193421	0.375294	0.198466	0.412965	0.204087	0.450029	0.210522	0.486297	0.218048	0.521650	0.226993	0.556025
960.708310	0.121785	0.026500	0.126331	0.023959	0.131191	0.025505	0.136255	0.031450	0.141425	0.041968	0.146611	0.057080	0.151743	0.076643	0.156763	0.100363	0.161635	0.127815	0.166339	0.158474	0.170879	0.191757	0.175282	0.227058	0.179596	0.263783	0.183896	0.301381	0.188283	0.339362	0.192887	0.377313	0.197870	0.414899	0.203430	0.451863	0.209802	0.488024	0.217264	0.523265	0.226147	0.557525
961.070560	0.121774	0.026343	0.126320	0.024069	0.131173	0.025896	0.136225	0.032127	0.141376	0.042928	0.146539	0.058307	0.151642	0.078113	0.156627	0.102045	0.161460	0.129671	0.166122	0.160463	0.170616	0.193838	0.174970	0.229191	0.179231	0.265930	0.183477	0.303509	0.187807	0.341444	0.192351	0.379326	0.197274	0.416826	0.202772	0.453691	0.209081	0.489745	0.216480	0.524874	0.225299	0.559019
961.432680	0.121763	0.026225	0.126309	0.024220	0.131155	0.026327	0.136194	0.032843	0.141326	0.043921	0.146465	0.059563	0.151538	0.079607	0.156489	0.103744	0.161283	0.131537	0.165902	0.162456	0.170350	0.195917	0.174654	0.231316	0.178864	0.268064	0.183054	0.305621	0.187327	0.343506	0.191813	0.381317	0.196675	0.418729	0.202111	0.455495	0.208357	0.491441	0.215692	0.526458	0.224448	0.560489
961.794680	0.121751	0.026108	0.126297	0.024370	0.131137	0.026758	0.136163	0.033557	0.141276	0.044915	0.146391	0.060819	0.151434	0.081100	0.156351	0.105442	0.161106	0.133403	0.165683	0.164449	0.170085	0.197995	0.174339	0.233439	0.178496	0.270198	0.182632	0.307732	0.186847	0.345568	0.191274	0.383308	0.196076	0.420632	0.201450	0.457298	0.207633	0.493137	0.214905	0.528042	0.223598	0.561959
962.156620	0.121740	0.026012	0.126286	0.024542	0.131119	0.027210	0.136132	0.034292	0.141226	0.045926	0.146316	0.062090	0.151329	0.082605	0.156212	0.107149	0.160928	0.135274	0.165462	0.166443	0.169817	0.200072	0.174022	0.235559	0.178127	0.272324	0.182208	0.309833	0.186366	0.347618	0.190734	0.385287	0.195475	0.422522	0.200787	0.459089	0.206907	0.494820	0.214115	0.529613	0.222745	0.563417
962.518430	0.121729	0.025944	0.126274	0.024742	0.131100	0.027689	0.136100	0.035053	0.141174	0.046960	0.146240	0.063380	0.151223	0.084126	0.156071	0.108867	0.160748	0.137151	0.165239	0.168439	0.169548	0.202145	0.173703	0.237671	0.177756	0.274440	0.181781	0.311922	0.185882	0.349655	0.190192	0.387249	0.194872	0.424396	0.200122	0.460862	0.206179	0.496486	0.213324	0.531167	0.221890	0.564858
962.880130	0.121719	0.025876	0.126263	0.024942	0.131081	0.028168	0.136068	0.035813	0.141123	0.047993	0.146163	0.064670	0.151116	0.085646	0.155930	0.110584	0.160569	0.139027	0.165016	0.170434	0.169279	0.204218	0.173385	0.239783	0.177384	0.276556	0.181355	0.314011	0.185399	0.351690	0.189650	0.389212	0.194269	0.426269	0.199456	0.462635	0.205451	0.498152	0.212533	0.532721	0.221035	0.566299
963.241700	0.121708	0.025840	0.126251	0.025174	0.131062	0.028679	0.136035	0.036603	0.141070	0.049054	0.146085	0.065982	0.151008	0.087184	0.155787	0.112313	0.160386	0.140910	0.164791	0.172430	0.169008	0.206287	0.173063	0.241887	0.177010	0.278660	0.180927	0.316085	0.184913	0.353709	0.189105	0.391155	0.193663	0.428123	0.198789	0.464388	0.204721	0.499797	0.211740	0.534255	0.220178	0.567722
963.603210	0.121698	0.025820	0.126239	0.025423	0.131042	0.029205	0.136001	0.037407	0.141017	0.050127	0.146007	0.067305	0.150899	0.088730	0.155643	0.114048	0.160203	0.142796	0.164565	0.174427	0.168735	0.208355	0.172741	0.243986	0.176635	0.280757	0.180497	0.318151	0.184426	0.355719	0.188559	0.393089	0.193057	0.429966	0.198121	0.466132	0.203989	0.501433	0.210945	0.535780	0.219319	0.569134
963.964600	0.121687	0.025801	0.126227	0.025672	0.131023	0.029731	0.135967	0.038211	0.140963	0.051200	0.145928	0.068627	0.150791	0.090276	0.155499	0.115783	0.160020	0.144681	0.164339	0.176423	0.168462	0.210422	0.172419	0.246085	0.176261	0.282855	0.180067	0.320217	0.183940	0.357728	0.188012	0.395023	0.192450	0.431809	0.197452	0.467874	0.203258	0.503068	0.210150	0.537305	0.218461	0.570547
964.325870	0.121677	0.025825	0.126215	0.025964	0.131002	0.030300	0.135932	0.039054	0.140908	0.052307	0.145847	0.069979	0.150679	0.091843	0.155353	0.117533	0.159834	0.146575	0.164110	0.178420	0.168186	0.212482	0.172093	0.248173	0.175883	0.284935	0.179634	0.322262	0.183449	0.359715	0.187463	0.396932	0.191840	0.433627	0.196780	0.469590	0.202523	0.504677	0.209352	0.538803	0.217599	0.571934
964.687070	0.121666	0.025854	0.126203	0.026261	0.130982	0.030873	0.135897	0.039902	0.140854	0.053418	0.145767	0.071334	0.150568	0.093413	0.155206	0.119284	0.159648	0.148468	0.163880	0.180416	0.167910	0.214542	0.171767	0.250259	0.175505	0.287014	0.179201	0.324305	0.182959	0.361699	0.186913	0.398838	0.191230	0.435441	0.196108	0.471303	0.201788	0.506283	0.208553	0.540299	0.216738	0.573319
965.048160	0.121656	0.025889	0.126190	0.026565	0.130961	0.031452	0.135862	0.040755	0.140798	0.054533	0.145686	0.072692	0.150456	0.094985	0.155059	0.121037	0.159462	0.150363	0.163650	0.182412	0.167634	0.216600	0.171441	0.252342	0.175126	0.289090	0.178767	0.326345	0.182468	0.363679	0.186363	0.400740	0.190619	0.437251	0.195435	0.473012	0.201052	0.507884	0.207754	0.541791	0.215876	0.574699
965.409120	0.121646	0.025966	0.126178	0.026910	0.130940	0.032071	0.135826	0.041644	0.140741	0.055681	0.145603	0.074076	0.150342	0.096578	0.154910	0.122802	0.159273	0.152263	0.163418	0.184407	0.167354	0.218651	0.171112	0.254414	0.174744	0.291149	0.178330	0.328364	0.181974	0.365637	0.185810	0.402617	0.190005	0.439037	0.194760	0.474696	0.200314	0.509461	0.206952	0.543258	0.215010	0.576057
965.770020	0.121636	0.026043	0.126165	0.027254	0.130919	0.032689	0.135790	0.042533	0.140684	0.056828	0.145520	0.075460	0.150228	0.098170	0.154760	0.124566	0.159084	0.154162	0.163185	0.186402	0.167075	0.220703	0.170783	0.256486	0.174362	0.293209	0.177893	0.330384	0.181480	0.367594	0.185257	0.404495	0.189392	0.440822	0.194084	0.476379	0.199576	0.511037	0.206150	0.544724	0.214145	0.577414
966.130800	0.121627	0.026137	0.126152	0.027616	0.130897	0.033323	0.135753	0.043436	0.140627	0.057988	0.145436	0.076854	0.150114	0.099769	0.154610	0.126336	0.158893	0.156064	0.162952	0.188396	0.166794	0.222751	0.170452	0.258552	0.173979	0.295261	0.177455	0.332395	0.180985	0.369541	0.184703	0.406362	0.188777	0.442596	0.193408	0.478052	0.198836	0.512603	0.205347	0.546181	0.213279	0.578761
966.491460	0.121617	0.026262	0.126140	0.028007	0.130875	0.033986	0.135716	0.044365	0.140568	0.059170	0.145351	0.078267	0.149998	0.101381	0.154458	0.128114	0.158702	0.157969	0.162716	0.190388	0.166512	0.224793	0.170120	0.260608	0.173594	0.297300	0.177015	0.334391	0.180487	0.371473	0.184147	0.408212	0.188160	0.444352	0.192729	0.479706	0.198094	0.514151	0.204542	0.547620	0.212411	0.580092
966.851990	0.121608	0.026386	0.126127	0.028398	0.130853	0.034648	0.135678	0.045295	0.140510	0.060351	0.145266	0.079678	0.149882	0.102993	0.154306	0.129891	0.158510	0.159873	0.162481	0.192380	0.166229	0.226834	0.169787	0.262663	0.173209	0.299339	0.176575	0.336387	0.179990	0.373403	0.183591	0.410061	0.187543	0.446107	0.192051	0.481359	0.197352	0.515698	0.203737	0.549058	0.211542	0.581421
967.212460	0.121598	0.026538	0.126115	0.028817	0.130830	0.035336	0.135640	0.046247	0.140451	0.061553	0.145180	0.081106	0.149764	0.104617	0.154153	0.131676	0.158316	0.161780	0.162243	0.194371	0.165945	0.228870	0.169453	0.264710	0.172822	0.301366	0.176133	0.338369	0.179491	0.375319	0.183033	0.411894	0.186925	0.447846	0.191370	0.482996	0.196609	0.517229	0.202931	0.550481	0.210672	0.582735
967.572810	0.121589	0.026709	0.126102	0.029254	0.130807	0.036042	0.135601	0.047215	0.140390	0.062768	0.145093	0.082545	0.149646	0.106249	0.153998	0.133465	0.158121	0.163688	0.162005	0.196359	0.165659	0.230902	0.169118	0.266751	0.172434	0.303385	0.175689	0.340340	0.178990	0.377223	0.182473	0.413716	0.186305	0.449573	0.190688	0.484622	0.195865	0.518748	0.202123	0.551892	0.209800	0.584039
967.933040	0.121580	0.026880	0.126089	0.029691	0.130784	0.036748	0.135562	0.048183	0.140330	0.063983	0.145006	0.083983	0.149527	0.107880	0.153843	0.135254	0.157926	0.165595	0.161766	0.198347	0.165374	0.232932	0.168782	0.268791	0.172046	0.305403	0.175246	0.342312	0.178490	0.379127	0.181914	0.415537	0.185685	0.451300	0.190006	0.486247	0.195120	0.520267	0.201315	0.553303	0.208929	0.585342
968.293210	0.121571	0.027089	0.126076	0.030165	0.130761	0.037488	0.135523	0.049182	0.140269	0.065225	0.144918	0.085442	0.149406	0.109526	0.153686	0.137051	0.157729	0.167506	0.161526	0.200332	0.165086	0.234955	0.168444	0.270818	0.171655	0.307405	0.174800	0.344264	0.177987	0.381011	0.181352	0.417336	0.185063	0.453004	0.189322	0.487849	0.194373	0.521763	0.200505	0.554692	0.208055	0.586625
968.653200	0.121562	0.027307	0.126063	0.030647	0.130738	0.038236	0.135483	0.050188	0.140207	0.066472	0.144829	0.086906	0.149286	0.111175	0.153529	0.138849	0.157532	0.169416	0.161284	0.202315	0.164797	0.236975	0.168105	0.272841	0.171264	0.309403	0.174354	0.346212	0.177484	0.382889	0.180790	0.419129	0.184440	0.454703	0.188637	0.489446	0.193626	0.523254	0.199694	0.556076	0.207181	0.587902
969.013180	0.121554	0.027527	0.126050	0.031130	0.130714	0.038985	0.135443	0.051195	0.140145	0.067720	0.144740	0.088370	0.149164	0.112825	0.153372	0.140648	0.157335	0.171326	0.161043	0.204298	0.164508	0.238995	0.167766	0.274864	0.170873	0.311400	0.173908	0.348158	0.176980	0.384766	0.180227	0.420922	0.183817	0.456400	0.187953	0.491041	0.192879	0.524744	0.198883	0.557459	0.206307	0.589179
969.372990	0.121545	0.027790	0.126036	0.031657	0.130690	0.039774	0.135402	0.052237	0.140081	0.068997	0.144649	0.089858	0.149041	0.114490	0.153212	0.142456	0.157134	0.173238	0.160799	0.206276	0.164217	0.241003	0.167425	0.276871	0.170478	0.313377	0.173458	0.350082	0.176474	0.386618	0.179662	0.422688	0.183191	0.458071	0.187265	0.492610	0.192128	0.526207	0.198070	0.558816	0.205430	0.590431
969.732730	0.121537	0.028053	0.126023	0.032184	0.130665	0.040563	0.135361	0.053279	0.140018	0.070275	0.144558	0.091345	0.148918	0.116155	0.153053	0.144263	0.156934	0.175149	0.160554	0.208254	0.163925	0.243011	0.167083	0.278877	0.170084	0.315354	0.173009	0.352006	0.175967	0.388469	0.179096	0.424454	0.182565	0.459742	0.186578	0.494179	0.191378	0.527671	0.197256	0.560174	0.204553	0.591683
970.092350	0.121529	0.028328	0.126010	0.032721	0.130641	0.041362	0.135319	0.054330	0.139954	0.071560	0.144466	0.092838	0.148795	0.117823	0.152892	0.146071	0.156733	0.177060	0.160309	0.210229	0.163633	0.245016	0.166741	0.280879	0.169689	0.317324	0.172559	0.353923	0.175460	0.390314	0.178530	0.426213	0.181938	0.461405	0.185890	0.495740	0.190628	0.529127	0.196442	0.561524	0.203676	0.592928
970.451840	0.121521	0.028637	0.125996	0.033291	0.130616	0.042190	0.135277	0.055407	0.139889	0.072866	0.144373	0.094347	0.148669	0.119503	0.152730	0.147885	0.156530	0.178971	0.160062	0.212200	0.163339	0.247011	0.166396	0.282868	0.169291	0.319280	0.172107	0.355822	0.174951	0.392139	0.177962	0.427951	0.181310	0.463047	0.185199	0.497281	0.189875	0.530563	0.195626	0.562855	0.202797	0.594155
970.811280	0.121512	0.028946	0.125983	0.033860	0.130591	0.043019	0.135235	0.056484	0.139824	0.074172	0.144281	0.095856	0.148544	0.121182	0.152568	0.149699	0.156327	0.180881	0.159815	0.214170	0.163045	0.249006	0.166052	0.284857	0.168894	0.321235	0.171654	0.357721	0.174441	0.393965	0.177394	0.429689	0.180681	0.464690	0.184509	0.498821	0.189122	0.531999	0.194810	0.564185	0.201918	0.595382
971.170590	0.121504	0.029276	0.125969	0.034450	0.130566	0.043866	0.135192	0.057577	0.139758	0.075491	0.144187	0.097374	0.148417	0.122868	0.152405	0.151515	0.156123	0.182791	0.159566	0.216137	0.162749	0.250995	0.165706	0.286837	0.168495	0.323179	0.171201	0.359608	0.173931	0.395777	0.176825	0.431415	0.180051	0.466319	0.183818	0.500349	0.188368	0.533422	0.193993	0.565504	0.201038	0.596597
971.529790	0.121496	0.029628	0.125955	0.035061	0.130540	0.044733	0.135148	0.058688	0.139691	0.076825	0.144092	0.098904	0.148289	0.124561	0.152240	0.153335	0.155918	0.184700	0.159317	0.218100	0.162452	0.252977	0.165358	0.288807	0.168095	0.325112	0.170745	0.361482	0.173419	0.397576	0.176254	0.433126	0.179420	0.467933	0.183125	0.501862	0.187613	0.534832	0.193175	0.566809	0.200156	0.597799
971.888850	0.121488	0.029981	0.125941	0.035673	0.130514	0.045601	0.135105	0.059798	0.139625	0.078158	0.143997	0.100433	0.148162	0.126253	0.152075	0.155154	0.155713	0.186609	0.159067	0.220062	0.162155	0.254959	0.165011	0.290777	0.167695	0.327045	0.170290	0.363356	0.172906	0.399374	0.175683	0.434836	0.178789	0.469547	0.182432	0.503375	0.186858	0.536241	0.192357	0.568114	0.199275	0.599000
972.247860	0.121481	0.030364	0.125927	0.036313	0.130488	0.046494	0.135060	0.060931	0.139557	0.079510	0.143901	0.101976	0.148032	0.127954	0.151909	0.156977	0.155505	0.188517	0.158816	0.222019	0.161856	0.256931	0.164661	0.292735	0.167293	0.328963	0.169833	0.365213	0.172392	0.401155	0.175110	0.436529	0.178156	0.471143	0.181738	0.504869	0.186101	0.537632	0.191537	0.569402	0.198392	0.600186
972.606750	0.121474	0.030760	0.125913	0.036966	0.130461	0.047399	0.135016	0.062074	0.139489	0.080870	0.143804	0.103524	0.147902	0.129658	0.151742	0.158801	0.155297	0.190424	0.158563	0.223973	0.161556	0.258899	0.164311	0.294687	0.166890	0.330874	0.169375	0.367063	0.171877	0.402928	0.174536	0.438213	0.177522	0.472731	0.181043	0.506356	0.185343	0.539015	0.190716	0.570681	0.197508	0.601364
972.965580	0.121467	0.031157	0.125899	0.037619	0.130435	0.048303	0.134971	0.063217	0.139421	0.082230	0.143707	0.105072	0.147772	0.131362	0.151575	0.160625	0.155089	0.192331	0.158310	0.225927	0.161256	0.260866	0.163961	0.296638	0.166487	0.332785	0.168917	0.368913	0.171362	0.404700	0.173963	0.439897	0.176889	0.474318	0.180348	0.507841	0.184586	0.540397	0.189896	0.571960	0.196625	0.602542
973.324220	0.121460	0.031592	0.125885	0.038309	0.130407	0.049241	0.134925	0.064388	0.139351	0.083611	0.143609	0.106637	0.147641	0.133075	0.151406	0.162452	0.154879	0.194235	0.158055	0.227872	0.160953	0.262820	0.163608	0.298573	0.166081	0.334676	0.168457	0.370740	0.170845	0.406449	0.173387	0.441556	0.176253	0.475881	0.179650	0.509303	0.183826	0.541757	0.189074	0.573217	0.195739	0.603699
973.682800	0.121452	0.032032	0.125871	0.039003	0.130380	0.050182	0.134880	0.065562	0.139281	0.084996	0.143510	0.108203	0.147509	0.134790	0.151236	0.164279	0.154668	0.196138	0.157801	0.229815	0.160651	0.264773	0.163255	0.300505	0.165676	0.336564	0.167996	0.372565	0.170328	0.408196	0.172811	0.443213	0.175617	0.477441	0.178953	0.510762	0.183066	0.543113	0.188251	0.574472	0.194853	0.604853
974.041260	0.121445	0.032476	0.125857	0.039700	0.130353	0.051126	0.134834	0.066739	0.139211	0.086382	0.143411	0.109770	0.147377	0.136505	0.151066	0.166106	0.154457	0.198040	0.157545	0.231758	0.160348	0.266723	0.162902	0.302435	0.165270	0.338450	0.167536	0.374387	0.169810	0.409939	0.172235	0.444866	0.174981	0.478998	0.178255	0.512218	0.182306	0.544466	0.187429	0.575724	0.193968	0.606004
974.399660	0.121438	0.032958	0.125843	0.040433	0.130325	0.052102	0.134787	0.067942	0.139139	0.087790	0.143311	0.111353	0.147243	0.138229	0.150895	0.167935	0.154244	0.199939	0.157288	0.233692	0.160042	0.268661	0.162547	0.304349	0.164862	0.340316	0.167073	0.376188	0.169290	0.411660	0.171657	0.446496	0.174342	0.480531	0.177556	0.513651	0.181545	0.545798	0.186604	0.576954	0.193080	0.607135
974.757930	0.121432	0.033440	0.125829	0.041166	0.130297	0.053078	0.134740	0.069145	0.139068	0.089197	0.143211	0.112935	0.147109	0.139953	0.150723	0.169764	0.154031	0.201837	0.157030	0.235626	0.159737	0.270598	0.162191	0.306262	0.164454	0.342182	0.166610	0.377988	0.168771	0.413380	0.171079	0.448127	0.173704	0.482064	0.176857	0.515084	0.180783	0.547129	0.185780	0.578184	0.192193	0.608266
975.116090	0.121425	0.033935	0.125814	0.041911	0.130269	0.054064	0.134692	0.070357	0.138996	0.090611	0.143110	0.114522	0.146974	0.141678	0.150551	0.171593	0.153817	0.203734	0.156772	0.237555	0.159431	0.272530	0.161835	0.308169	0.164045	0.344041	0.166146	0.379780	0.168251	0.415091	0.170500	0.449748	0.173065	0.483589	0.176156	0.516508	0.180021	0.548452	0.184955	0.579406	0.191306	0.609389
975.474120	0.121418	0.034458	0.125800	0.042682	0.130241	0.055074	0.134644	0.071589	0.138924	0.092041	0.143007	0.116119	0.146838	0.143409	0.150377	0.173423	0.153602	0.205627	0.156512	0.239478	0.159124	0.274451	0.161477	0.310063	0.163634	0.345884	0.165681	0.381556	0.167728	0.416786	0.169919	0.451352	0.172425	0.485096	0.175455	0.517916	0.179258	0.549759	0.184129	0.580612	0.190417	0.610498
975.832090	0.121412	0.034981	0.125785	0.043452	0.130212	0.056083	0.134596	0.072820	0.138851	0.093470	0.142905	0.117716	0.146703	0.145140	0.150203	0.175253	0.153387	0.207519	0.156252	0.241400	0.158816	0.276372	0.161119	0.311956	0.163224	0.347727	0.165215	0.383331	0.167206	0.418480	0.169338	0.452956	0.171784	0.486603	0.174753	0.519323	0.178494	0.551064	0.183303	0.581818	0.189528	0.611606
976.189940	0.121406	0.035525	0.125770	0.044243	0.130183	0.057110	0.134548	0.074066	0.138778	0.094910	0.142802	0.119320	0.146566	0.146875	0.150029	0.177082	0.153171	0.209409	0.155991	0.243316	0.158507	0.278284	0.160760	0.313839	0.162812	0.349559	0.164749	0.385094	0.166683	0.420161	0.168757	0.454546	0.171143	0.488096	0.174051	0.520716	0.177730	0.552357	0.182476	0.583012	0.188638	0.612702
976.547730	0.121400	0.036088	0.125756	0.045051	0.130154	0.058153	0.134498	0.075324	0.138704	0.096359	0.142698	0.120931	0.146428	0.148613	0.149853	0.178912	0.152953	0.211296	0.155729	0.245227	0.158197	0.280190	0.160399	0.315712	0.162398	0.351379	0.164281	0.386845	0.166158	0.421830	0.168174	0.456123	0.170500	0.489577	0.173347	0.522098	0.176964	0.553639	0.181649	0.584194	0.187748	0.613788
976.905330	0.121394	0.036651	0.125741	0.045858	0.130125	0.059195	0.134449	0.076582	0.138630	0.097808	0.142594	0.122541	0.146290	0.150350	0.149677	0.180741	0.152736	0.213182	0.155466	0.247136	0.157887	0.282094	0.160039	0.317584	0.161985	0.353199	0.163813	0.388596	0.165634	0.423497	0.167591	0.457701	0.169858	0.491057	0.172644	0.523478	0.176199	0.554920	0.180821	0.585376	0.186859	0.614874
977.262880	0.121388	0.037243	0.125726	0.046692	0.130095	0.060260	0.134399	0.077859	0.138554	0.099272	0.142489	0.124160	0.146150	0.152092	0.149499	0.182569	0.152516	0.215063	0.155202	0.249038	0.157575	0.283986	0.159677	0.319443	0.161571	0.355003	0.163343	0.390328	0.165108	0.425147	0.167007	0.459259	0.169214	0.492519	0.171940	0.524841	0.175433	0.556183	0.179992	0.586542	0.185967	0.615943
977.620300	0.121381	0.037846	0.125710	0.047536	0.130065	0.061333	0.134349	0.079143	0.138478	0.100740	0.142383	0.125783	0.146010	0.153834	0.149320	0.184397	0.152297	0.216941	0.154937	0.250935	0.157263	0.285874	0.159314	0.321296	0.161155	0.356800	0.162873	0.392054	0.164581	0.426791	0.166422	0.460810	0.168570	0.493974	0.171235	0.526197	0.174666	0.557440	0.179164	0.587701	0.185076	0.617007
977.977660	0.121375	0.038448	0.125695	0.048379	0.130035	0.062406	0.134299	0.080427	0.138403	0.102208	0.142278	0.127405	0.145870	0.155576	0.149142	0.186225	0.152077	0.218820	0.154673	0.252832	0.156951	0.287761	0.158952	0.323148	0.160740	0.358598	0.162403	0.393780	0.164055	0.428433	0.165838	0.462361	0.167926	0.495429	0.170530	0.527553	0.173900	0.558696	0.178335	0.588860	0.184185	0.618071
978.334840	0.121370	0.039087	0.125680	0.049256	0.130005	0.063508	0.134248	0.081733	0.138326	0.103693	0.142171	0.129037	0.145728	0.157323	0.148962	0.188051	0.151855	0.220691	0.154406	0.254718	0.156636	0.289633	0.158587	0.324982	0.160323	0.360374	0.161931	0.395483	0.163526	0.430052	0.165251	0.463888	0.167280	0.496860	0.169824	0.528886	0.173132	0.559931	0.177505	0.589997	0.183293	0.619114
978.692020	0.121365	0.039728	0.125665	0.050135	0.129974	0.064611	0.134196	0.083041	0.138249	0.105179	0.142063	0.130671	0.145586	0.159070	0.148782	0.189877	0.151633	0.222562	0.154138	0.256603	0.156321	0.291503	0.158222	0.326814	0.159905	0.362149	0.161459	0.397185	0.162998	0.431670	0.164665	0.465414	0.166634	0.498290	0.169117	0.530218	0.172364	0.561165	0.176675	0.591133	0.182400	0.620156
979.049010	0.121359	0.040374	0.125650	0.051018	0.129944	0.065718	0.134145	0.084352	0.138171	0.106667	0.141956	0.132305	0.145444	0.160817	0.148602	0.191701	0.151410	0.224432	0.153871	0.258485	0.156006	0.293370	0.157857	0.328643	0.159487	0.363920	0.160987	0.398882	0.162469	0.433284	0.164078	0.466936	0.165988	0.499716	0.168411	0.531545	0.171596	0.562394	0.175845	0.592266	0.181508	0.621195
979.405940	0.121354	0.041053	0.125635	0.051931	0.129912	0.066851	0.134092	0.085683	0.138093	0.108170	0.141847	0.133948	0.145300	0.162567	0.148420	0.193524	0.151186	0.226294	0.153602	0.260356	0.155690	0.295223	0.157489	0.330455	0.159068	0.365671	0.160513	0.400560	0.161939	0.434876	0.163490	0.468437	0.165341	0.501120	0.167703	0.532853	0.170827	0.563604	0.175014	0.593380	0.180615	0.622216
979.762760	0.121349	0.041732	0.125619	0.052843	0.129881	0.067982	0.134040	0.087013	0.138015	0.109673	0.141738	0.135591	0.145157	0.164317	0.148237	0.195346	0.150962	0.228155	0.153333	0.262226	0.155373	0.297075	0.157122	0.332266	0.158648	0.367423	0.160038	0.402237	0.161409	0.436468	0.162902	0.469937	0.164693	0.502524	0.166995	0.534159	0.170058	0.564813	0.174183	0.594494	0.179722	0.623237
980.119450	0.121343	0.042423	0.125604	0.053766	0.129849	0.069123	0.133987	0.088351	0.137936	0.111180	0.141628	0.137236	0.145012	0.166067	0.148054	0.197167	0.150737	0.230013	0.153063	0.264092	0.155055	0.298921	0.156754	0.334070	0.158228	0.369166	0.159564	0.403906	0.160878	0.438052	0.162313	0.471429	0.164046	0.503920	0.166286	0.535458	0.169289	0.566014	0.173351	0.595601	0.178829	0.624251
980.476010	0.121338	0.043138	0.125588	0.054711	0.129818	0.070283	0.133934	0.089704	0.137856	0.112697	0.141517	0.138887	0.144867	0.167818	0.147870	0.198985	0.150511	0.231865	0.152792	0.265948	0.154736	0.300756	0.156385	0.335860	0.157806	0.370894	0.159088	0.405558	0.160346	0.439619	0.161723	0.472904	0.163397	0.505300	0.165577	0.536740	0.168519	0.567201	0.172519	0.596693	0.177935	0.625251
980.832520	0.121333	0.043854	0.125572	0.055656	0.129786	0.071442	0.133881	0.091056	0.137777	0.114214	0.141407	0.140538	0.144721	0.169569	0.147686	0.200802	0.150284	0.233717	0.152520	0.267804	0.154417	0.302589	0.156016	0.337650	0.157385	0.372622	0.158612	0.407211	0.159814	0.441186	0.161133	0.474379	0.162748	0.506679	0.164868	0.538023	0.167749	0.568387	0.171688	0.597784	0.177041	0.626251
981.188900	0.121329	0.044588	0.125557	0.056618	0.129754	0.072616	0.133827	0.092419	0.137696	0.115739	0.141295	0.142193	0.144575	0.171321	0.147500	0.202617	0.150057	0.235563	0.152248	0.269652	0.154097	0.304414	0.155646	0.339429	0.156962	0.374338	0.158135	0.408850	0.159281	0.442740	0.160542	0.475841	0.162098	0.508046	0.164159	0.539293	0.166978	0.569561	0.170856	0.598864	0.176147	0.627241
981.545230	0.121324	0.045339	0.125541	0.057594	0.129721	0.073802	0.133773	0.093791	0.137615	0.117270	0.141183	0.143852	0.144428	0.173074	0.147314	0.204431	0.149829	0.237405	0.151975	0.271494	0.153776	0.306230	0.155275	0.341198	0.156539	0.376043	0.157657	0.410479	0.158747	0.444282	0.159951	0.477292	0.161448	0.509401	0.163448	0.540552	0.166207	0.570725	0.170023	0.599935	0.175253	0.628221
981.901370	0.121319	0.046089	0.125525	0.058570	0.129689	0.074988	0.133718	0.095163	0.137534	0.118801	0.141071	0.145510	0.144281	0.174826	0.147128	0.206243	0.149601	0.239246	0.151702	0.273335	0.153455	0.308045	0.154904	0.342966	0.156115	0.377748	0.157179	0.412107	0.158213	0.445824	0.159360	0.478741	0.160798	0.510756	0.162739	0.541810	0.165436	0.571888	0.169190	0.601005	0.174359	0.629201
982.257510	0.121315	0.046865	0.125509	0.059568	0.129656	0.076192	0.133663	0.096550	0.137453	0.120342	0.140958	0.147173	0.144132	0.176578	0.146941	0.208052	0.149371	0.241080	0.151427	0.275166	0.153132	0.309848	0.154531	0.344720	0.155690	0.379437	0.156700	0.413718	0.157678	0.447349	0.158767	0.480174	0.160147	0.512094	0.162027	0.543053	0.164664	0.573036	0.168357	0.602060	0.173465	0.630166
982.613460	0.121311	0.047651	0.125493	0.060575	0.129623	0.077402	0.133608	0.097941	0.137370	0.121886	0.140844	0.148838	0.143983	0.178330	0.146753	0.209858	0.149141	0.242910	0.151152	0.276991	0.152809	0.311645	0.154157	0.346467	0.155265	0.381119	0.156221	0.415322	0.157142	0.448866	0.158175	0.481600	0.159495	0.513425	0.161316	0.544288	0.163892	0.574177	0.167525	0.603109	0.172570	0.631126
982.969300	0.121306	0.048436	0.125477	0.061582	0.129590	0.078613	0.133553	0.099332	0.137288	0.123429	0.140731	0.150501	0.143834	0.180081	0.146565	0.211664	0.148911	0.244740	0.150877	0.278817	0.152486	0.313441	0.153784	0.348214	0.154840	0.382800	0.155741	0.416926	0.156607	0.450383	0.157582	0.483025	0.158844	0.514755	0.160605	0.545523	0.163121	0.575318	0.166692	0.604158	0.171676	0.632085
983.325070	0.121302	0.049253	0.125461	0.062616	0.129556	0.079845	0.133496	0.100740	0.137204	0.124983	0.140616	0.152171	0.143683	0.181832	0.146375	0.213465	0.148679	0.246560	0.150599	0.280628	0.152161	0.315221	0.153409	0.349943	0.154412	0.384461	0.155260	0.418508	0.156070	0.451879	0.156988	0.484429	0.158191	0.516065	0.159893	0.546738	0.162348	0.576439	0.165859	0.605187	0.170782	0.633027
983.680790	0.121299	0.050073	0.125445	0.063651	0.129522	0.081080	0.133440	0.102149	0.137120	0.126538	0.140500	0.153840	0.143532	0.183584	0.146185	0.215265	0.148447	0.248379	0.150322	0.282439	0.151836	0.316999	0.153034	0.351669	0.153985	0.386120	0.154779	0.420088	0.155534	0.453373	0.156394	0.485831	0.157539	0.517372	0.159181	0.547951	0.161576	0.577558	0.165026	0.606215	0.169887	0.633968
984.036320	0.121295	0.050895	0.125428	0.064690	0.129488	0.082316	0.133383	0.103559	0.137036	0.128094	0.140385	0.155509	0.143381	0.185334	0.145995	0.217064	0.148215	0.250196	0.150044	0.284246	0.151511	0.318774	0.152660	0.353392	0.153557	0.387776	0.154298	0.421665	0.154997	0.454863	0.155800	0.487230	0.156886	0.518676	0.158469	0.549161	0.160804	0.578674	0.164193	0.607241	0.168994	0.634906
984.391780	0.121291	0.051747	0.125412	0.065754	0.129454	0.083574	0.133326	0.104985	0.136952	0.129659	0.140268	0.157183	0.143229	0.187083	0.145804	0.218857	0.147981	0.252002	0.149765	0.286041	0.151184	0.320533	0.152283	0.355097	0.153129	0.389412	0.153815	0.423222	0.154458	0.456332	0.155205	0.488607	0.156233	0.519960	0.157756	0.550351	0.160031	0.579772	0.163359	0.608249	0.168099	0.635827
984.747130	0.121287	0.052598	0.125396	0.066817	0.129420	0.084831	0.133269	0.106410	0.136867	0.131224	0.140152	0.158855	0.143076	0.188831	0.145612	0.220649	0.147747	0.253809	0.149487	0.287835	0.150857	0.322292	0.151906	0.356801	0.152700	0.391047	0.153332	0.424778	0.153920	0.457801	0.154610	0.489984	0.155580	0.521244	0.157044	0.551540	0.159258	0.580869	0.162526	0.609256	0.167205	0.636749
985.102360	0.121283	0.053459	0.125379	0.067888	0.129385	0.086093	0.133211	0.107840	0.136782	0.132792	0.140035	0.160529	0.142924	0.190578	0.145420	0.222438	0.147512	0.255611	0.149207	0.289623	0.150530	0.324044	0.151529	0.358499	0.152271	0.392676	0.152849	0.426327	0.153382	0.459263	0.154014	0.491354	0.154926	0.522520	0.156331	0.552724	0.158485	0.581960	0.161693	0.610258	0.166311	0.637664
985.457520	0.121279	0.054342	0.125363	0.068979	0.129350	0.087372	0.133153	0.109281	0.136696	0.134366	0.139917	0.162205	0.142769	0.192324	0.145227	0.224223	0.147276	0.257404	0.148926	0.291400	0.150201	0.325783	0.151150	0.360182	0.151840	0.394289	0.152365	0.427859	0.152842	0.460708	0.153418	0.492708	0.154272	0.523781	0.155618	0.553891	0.157712	0.583037	0.160859	0.611245	0.165417	0.638566
985.812560	0.121276	0.055225	0.125347	0.070069	0.129315	0.088649	0.133095	0.110722	0.136610	0.135940	0.139798	0.163880	0.142615	0.194069	0.145034	0.226006	0.147040	0.259197	0.148645	0.293177	0.149873	0.327522	0.150772	0.361865	0.151410	0.395902	0.151881	0.429391	0.152303	0.462153	0.152823	0.494061	0.153618	0.525042	0.154905	0.555059	0.156940	0.584113	0.160026	0.612233	0.164524	0.639468
986.167480	0.121272	0.056122	0.125330	0.071172	0.129280	0.089937	0.133036	0.112169	0.136523	0.137518	0.139680	0.165557	0.142461	0.195812	0.144840	0.227786	0.146804	0.260984	0.148364	0.294946	0.149543	0.329252	0.150393	0.363537	0.150979	0.397503	0.151396	0.430912	0.151763	0.463587	0.152226	0.495404	0.152964	0.526291	0.154192	0.556216	0.156167	0.585179	0.159193	0.613211	0.163630	0.640361
986.522340	0.121269	0.057036	0.125313	0.072289	0.129245	0.091236	0.132977	0.113624	0.136436	0.139100	0.139560	0.167235	0.142305	0.197554	0.144645	0.229561	0.146567	0.262765	0.148081	0.296707	0.149213	0.330971	0.150013	0.365199	0.150547	0.399094	0.150910	0.432422	0.151222	0.465008	0.151629	0.496735	0.152309	0.527529	0.153479	0.557362	0.155394	0.586235	0.158360	0.614179	0.162737	0.641245
986.877010	0.121266	0.057949	0.125297	0.073405	0.129209	0.092534	0.132918	0.115079	0.136348	0.140681	0.139440	0.168912	0.142150	0.199295	0.144450	0.231335	0.146329	0.264545	0.147798	0.298467	0.148883	0.332690	0.149633	0.366859	0.150116	0.400683	0.150425	0.433930	0.150682	0.466429	0.151032	0.498065	0.151655	0.528767	0.152765	0.558507	0.154621	0.587290	0.157527	0.615146	0.161844	0.642129
987.231690	0.121263	0.058883	0.125280	0.074538	0.129174	0.093845	0.132859	0.116542	0.136260	0.142267	0.139320	0.170591	0.141993	0.201034	0.144254	0.233104	0.146091	0.266316	0.147514	0.300216	0.148552	0.334397	0.149251	0.368507	0.149683	0.402258	0.149939	0.435424	0.150141	0.467836	0.150434	0.499380	0.151000	0.529990	0.152052	0.559639	0.153848	0.588332	0.156694	0.616102	0.160951	0.643001
987.586180	0.121260	0.059826	0.125263	0.075678	0.129138	0.095162	0.132799	0.118010	0.136172	0.143856	0.139199	0.172270	0.141836	0.202771	0.144057	0.234869	0.145852	0.268082	0.147230	0.301959	0.148220	0.336096	0.148870	0.370146	0.149250	0.403825	0.149453	0.436909	0.149599	0.469233	0.149837	0.500687	0.150344	0.531205	0.151338	0.560763	0.153075	0.589367	0.155862	0.617051	0.160059	0.643866
987.940610	0.121257	0.060769	0.125246	0.076819	0.129102	0.096479	0.132739	0.119477	0.136084	0.145445	0.139078	0.173948	0.141679	0.204507	0.143861	0.236634	0.145613	0.269848	0.146947	0.303701	0.147889	0.337795	0.148488	0.371785	0.148817	0.405391	0.148966	0.438394	0.149058	0.470631	0.149239	0.501994	0.149689	0.532420	0.150625	0.561887	0.152302	0.590402	0.155029	0.617999	0.159166	0.644732
988.294920	0.121255	0.061736	0.125229	0.077979	0.129065	0.097812	0.132678	0.120955	0.135994	0.147038	0.138956	0.175626	0.141521	0.206240	0.143663	0.238391	0.145373	0.271603	0.146661	0.305430	0.147555	0.339478	0.148105	0.373407	0.148382	0.406940	0.148479	0.439860	0.148515	0.472010	0.148641	0.503282	0.149033	0.533618	0.149911	0.562993	0.151530	0.591420	0.154197	0.618932	0.158275	0.645583
988.649110	0.121252	0.062707	0.125212	0.079143	0.129028	0.099146	0.132617	0.122434	0.135905	0.148633	0.138834	0.177304	0.141363	0.207971	0.143464	0.240146	0.145132	0.273354	0.146375	0.307155	0.147222	0.341157	0.147722	0.375024	0.147948	0.408484	0.147991	0.441323	0.147973	0.473384	0.148042	0.504567	0.148378	0.534811	0.149197	0.564096	0.150757	0.592434	0.153365	0.619861	0.157383	0.646430
989.003230	0.121249	0.063678	0.125195	0.080307	0.128992	0.100481	0.132556	0.123914	0.135815	0.150227	0.138712	0.178982	0.141205	0.209702	0.143266	0.241900	0.144892	0.275106	0.146089	0.308881	0.146889	0.342836	0.147339	0.376642	0.147513	0.410028	0.147504	0.442784	0.147431	0.474758	0.147444	0.505851	0.147723	0.536004	0.148483	0.565199	0.149985	0.593448	0.152533	0.620789	0.156492	0.647278
989.357180	0.121246	0.064677	0.125177	0.081493	0.128955	0.101833	0.132494	0.125404	0.135725	0.151826	0.138588	0.180660	0.141044	0.211427	0.143067	0.243644	0.144649	0.276843	0.145802	0.310588	0.146554	0.344495	0.146955	0.378238	0.147077	0.411550	0.147015	0.444223	0.146888	0.476110	0.146845	0.507112	0.147067	0.537175	0.147770	0.566281	0.149213	0.594443	0.151702	0.621700	0.155602	0.648108
989.711120	0.121244	0.065676	0.125160	0.082680	0.128918	0.103185	0.132433	0.126894	0.135634	0.153426	0.138465	0.182337	0.140884	0.213152	0.142867	0.245388	0.144407	0.278580	0.145515	0.312295	0.146219	0.346155	0.146571	0.379834	0.146642	0.413071	0.146526	0.445662	0.146344	0.477462	0.146246	0.508374	0.146411	0.538346	0.147056	0.567363	0.148440	0.595438	0.150871	0.622611	0.154712	0.648938
990.064880	0.121242	0.066679	0.125143	0.083870	0.128881	0.104539	0.132371	0.128385	0.135543	0.155025	0.138341	0.184013	0.140723	0.214875	0.142667	0.247130	0.144164	0.280314	0.145227	0.313999	0.145884	0.347810	0.146186	0.381426	0.146206	0.414588	0.146037	0.447097	0.145801	0.478810	0.145647	0.509631	0.145755	0.539513	0.146343	0.568441	0.147668	0.596429	0.150041	0.623519	0.153822	0.649765
990.418580	0.121239	0.067704	0.125125	0.085077	0.128843	0.105906	0.132308	0.129886	0.135452	0.156628	0.138216	0.185689	0.140562	0.216594	0.142466	0.248863	0.143921	0.282036	0.144938	0.315689	0.145548	0.349450	0.145801	0.383001	0.145769	0.416088	0.145548	0.448514	0.145257	0.480139	0.145048	0.510872	0.145099	0.540663	0.145629	0.569503	0.146897	0.597404	0.149211	0.624411	0.152933	0.650579
990.772160	0.121237	0.068729	0.125108	0.086285	0.128805	0.107273	0.132246	0.131386	0.135360	0.158230	0.138091	0.187364	0.140401	0.218312	0.142265	0.250596	0.143677	0.283758	0.144649	0.317379	0.145212	0.351089	0.145415	0.384575	0.145332	0.417587	0.145058	0.449930	0.144713	0.481469	0.144448	0.512111	0.144443	0.541813	0.144916	0.570564	0.146126	0.598380	0.148381	0.625303	0.152044	0.651392
991.125610	0.121235	0.069762	0.125091	0.087499	0.128767	0.108645	0.132183	0.132888	0.135268	0.159834	0.137966	0.189038	0.140239	0.220027	0.142064	0.252324	0.143433	0.285475	0.144360	0.319062	0.144875	0.352721	0.145029	0.386142	0.144895	0.419078	0.144569	0.451339	0.144169	0.482790	0.143849	0.513343	0.143788	0.542955	0.144203	0.571618	0.145355	0.599348	0.147551	0.626189	0.151156	0.652199
991.479000	0.121234	0.070812	0.125073	0.088727	0.128729	0.110027	0.132120	0.134396	0.135175	0.161440	0.137840	0.190711	0.140077	0.221737	0.141861	0.254045	0.143188	0.287182	0.144070	0.320734	0.144538	0.354340	0.144642	0.387695	0.144458	0.420555	0.144078	0.452733	0.143625	0.484096	0.143249	0.514561	0.143131	0.544085	0.143489	0.572660	0.144584	0.600305	0.146722	0.627064	0.150268	0.652996
991.832280	0.121232	0.071862	0.125055	0.089954	0.128691	0.111408	0.132056	0.135904	0.135082	0.163045	0.137714	0.192384	0.139914	0.223447	0.141658	0.255765	0.142942	0.288888	0.143780	0.322405	0.144200	0.355959	0.144256	0.389248	0.144020	0.422032	0.143588	0.454126	0.143080	0.485403	0.142650	0.515779	0.142475	0.545214	0.142776	0.573701	0.143813	0.601261	0.145893	0.627938	0.149381	0.653792
992.185420	0.121230	0.072924	0.125038	0.091192	0.128653	0.112797	0.131992	0.137416	0.134989	0.164651	0.137587	0.194055	0.139751	0.225153	0.141455	0.257479	0.142697	0.290586	0.143489	0.324066	0.143862	0.357567	0.143868	0.390789	0.143582	0.423497	0.143097	0.455509	0.142536	0.486698	0.142050	0.516985	0.141820	0.546332	0.142064	0.574731	0.143043	0.602207	0.145064	0.628803	0.148495	0.654580
992.538510	0.121228	0.073999	0.125020	0.092438	0.128614	0.114192	0.131929	0.138932	0.134895	0.166259	0.137460	0.195724	0.139587	0.226856	0.141251	0.259188	0.142450	0.292277	0.143197	0.325720	0.143523	0.359166	0.143481	0.392321	0.143143	0.424952	0.142606	0.456881	0.141991	0.487983	0.141450	0.518182	0.141164	0.547440	0.141352	0.575753	0.142273	0.603145	0.144237	0.629660	0.147609	0.655360
992.891420	0.121227	0.075073	0.125002	0.093685	0.128576	0.115586	0.131865	0.140448	0.134802	0.167866	0.137333	0.197393	0.139422	0.228557	0.141048	0.260896	0.142204	0.293967	0.142906	0.327373	0.143184	0.360764	0.143093	0.393852	0.142704	0.426407	0.142115	0.458252	0.141447	0.489268	0.140850	0.519378	0.140509	0.548548	0.140640	0.576774	0.141504	0.604083	0.143410	0.630516	0.146724	0.656139
993.244320	0.121225	0.076163	0.124985	0.094943	0.128537	0.116990	0.131800	0.141968	0.134707	0.169474	0.137205	0.199059	0.139258	0.230254	0.140843	0.262595	0.141956	0.295647	0.142613	0.329013	0.142845	0.362349	0.142705	0.395369	0.142265	0.427846	0.141623	0.459609	0.140902	0.490538	0.140251	0.520560	0.139853	0.549642	0.139928	0.577782	0.140734	0.605007	0.142583	0.631361	0.145840	0.656908
993.597050	0.121224	0.077259	0.124967	0.096207	0.128498	0.118397	0.131735	0.143490	0.134612	0.171083	0.137077	0.200724	0.139093	0.231947	0.140638	0.264291	0.141709	0.297322	0.142320	0.330648	0.142505	0.363928	0.142315	0.396879	0.141825	0.429279	0.141132	0.460958	0.140357	0.491800	0.139651	0.521735	0.139198	0.550730	0.139216	0.578784	0.139965	0.605926	0.141757	0.632201	0.144956	0.657672
993.949710	0.121222	0.078356	0.124950	0.097471	0.128459	0.119803	0.131670	0.145012	0.134518	0.172691	0.136948	0.202389	0.138928	0.233640	0.140432	0.265986	0.141461	0.298996	0.142028	0.332282	0.142165	0.365506	0.141926	0.398389	0.141386	0.430712	0.140640	0.462308	0.139812	0.493063	0.139051	0.522909	0.138542	0.551817	0.138504	0.579786	0.139197	0.606845	0.140931	0.633040	0.144073	0.658435
994.302250	0.121221	0.079472	0.124931	0.098749	0.128419	0.121220	0.131604	0.146539	0.134422	0.174299	0.136819	0.204050	0.138761	0.235325	0.140226	0.267671	0.141212	0.300657	0.141734	0.333901	0.141824	0.367067	0.141537	0.399881	0.140945	0.432126	0.140148	0.463639	0.139266	0.494308	0.138452	0.524067	0.137887	0.552888	0.137793	0.580772	0.138429	0.607749	0.140106	0.633865	0.143191	0.659185
994.654660	0.121220	0.080591	0.124913	0.100030	0.128379	0.122638	0.131539	0.148067	0.134326	0.175907	0.136690	0.205709	0.138594	0.237009	0.140019	0.269353	0.140963	0.302316	0.141440	0.335516	0.141483	0.368625	0.141147	0.401369	0.140505	0.433537	0.139655	0.464966	0.138721	0.495549	0.137852	0.525221	0.137233	0.553955	0.137083	0.581755	0.137662	0.608649	0.139282	0.634688	0.142310	0.659933
995.007020	0.121219	0.081710	0.124895	0.101311	0.128339	0.124055	0.131473	0.149595	0.134230	0.177515	0.136560	0.207369	0.138428	0.238692	0.139813	0.271034	0.140714	0.303974	0.141146	0.337131	0.141142	0.370182	0.140757	0.402857	0.140065	0.434947	0.139163	0.466293	0.138175	0.496789	0.137252	0.526375	0.136578	0.555022	0.136372	0.582737	0.136895	0.609550	0.138458	0.635510	0.141429	0.660681
995.359190	0.121218	0.082850	0.124877	0.102608	0.128299	0.125484	0.131406	0.151127	0.134133	0.179123	0.136430	0.209023	0.138260	0.240366	0.139605	0.272703	0.140464	0.305616	0.140851	0.338728	0.140800	0.371720	0.140367	0.404325	0.139624	0.436336	0.138670	0.467599	0.137630	0.498010	0.136653	0.527508	0.135924	0.556070	0.135662	0.583701	0.136128	0.610433	0.137635	0.636316	0.140550	0.661413
995.711360	0.121217	0.083990	0.124859	0.103904	0.128259	0.126912	0.131340	0.152659	0.134036	0.180730	0.136299	0.210677	0.138092	0.242040	0.139397	0.274371	0.140213	0.307257	0.140556	0.340326	0.140458	0.373258	0.139976	0.405792	0.139183	0.437725	0.138178	0.468905	0.137084	0.499230	0.136053	0.528641	0.135269	0.557117	0.134952	0.584665	0.135362	0.611316	0.136813	0.637122	0.139671	0.662146
996.063350	0.121216	0.085133	0.124841	0.105203	0.128219	0.128342	0.131273	0.154192	0.133939	0.182337	0.136168	0.212330	0.137925	0.243711	0.139189	0.276037	0.139963	0.308896	0.140261	0.341919	0.140116	0.374791	0.139585	0.407255	0.138742	0.439110	0.137685	0.470206	0.136539	0.500446	0.135454	0.529770	0.134615	0.558161	0.134242	0.585625	0.134596	0.612196	0.135991	0.637924	0.138793	0.662875
996.415280	0.121215	0.086292	0.124822	0.106514	0.128178	0.129779	0.131206	0.155728	0.133842	0.183943	0.136037	0.213978	0.137756	0.245375	0.138981	0.277692	0.139711	0.310521	0.139964	0.343498	0.139774	0.376309	0.139194	0.408702	0.138300	0.440478	0.137193	0.471491	0.135993	0.501645	0.134855	0.530884	0.133962	0.559189	0.133534	0.586571	0.133832	0.613062	0.135171	0.638713	0.137917	0.663592
996.767090	0.121214	0.087452	0.124804	0.107825	0.128138	0.131217	0.131139	0.157263	0.133745	0.185549	0.135905	0.215625	0.137587	0.247037	0.138772	0.279347	0.139460	0.312146	0.139668	0.345075	0.139431	0.377826	0.138802	0.410148	0.137859	0.441846	0.136700	0.472776	0.135448	0.502843	0.134256	0.531997	0.133309	0.560217	0.132825	0.587516	0.133068	0.613927	0.134350	0.639503	0.137041	0.664309
997.118770	0.121214	0.088617	0.124786	0.109140	0.128097	0.132656	0.131072	0.158800	0.133647	0.187154	0.135773	0.217270	0.137418	0.248696	0.138563	0.280996	0.139209	0.313765	0.139372	0.346647	0.139088	0.379337	0.138411	0.411586	0.137418	0.443206	0.136207	0.474053	0.134903	0.504035	0.133658	0.533103	0.132655	0.561239	0.132117	0.588455	0.132304	0.614787	0.133531	0.640286	0.136166	0.665020
997.470400	0.121214	0.089796	0.124767	0.110465	0.128056	0.134102	0.131004	0.160338	0.133548	0.188757	0.135640	0.218911	0.137248	0.250349	0.138353	0.282636	0.138956	0.315373	0.139075	0.348206	0.138744	0.380834	0.138019	0.413012	0.136976	0.444552	0.135714	0.475316	0.134357	0.505214	0.133059	0.534196	0.132002	0.562248	0.131410	0.589382	0.131542	0.615635	0.132713	0.641059	0.135292	0.665722
997.821900	0.121213	0.090974	0.124748	0.111789	0.128015	0.135547	0.130936	0.161877	0.133450	0.190361	0.135507	0.220552	0.137078	0.252001	0.138143	0.284276	0.138704	0.316981	0.138777	0.349765	0.138400	0.382331	0.137627	0.414437	0.136534	0.445898	0.135221	0.476579	0.133812	0.506392	0.132460	0.535289	0.131350	0.563256	0.130702	0.590309	0.130779	0.616483	0.131895	0.641832	0.134419	0.666424
998.173280	0.121213	0.092161	0.124730	0.113120	0.127974	0.136995	0.130868	0.163416	0.133351	0.191962	0.135374	0.222189	0.136908	0.253647	0.137933	0.285909	0.138451	0.318580	0.138480	0.351315	0.138056	0.383818	0.137234	0.415852	0.136092	0.447234	0.134728	0.477832	0.133267	0.507560	0.131862	0.536372	0.130698	0.564255	0.129996	0.591227	0.130018	0.617323	0.131079	0.642598	0.133547	0.667119
998.524600	0.121212	0.093357	0.124711	0.114457	0.127932	0.138448	0.130799	0.164957	0.133252	0.193563	0.135241	0.223822	0.136737	0.255288	0.137722	0.287534	0.138198	0.320171	0.138182	0.352855	0.137711	0.385295	0.136841	0.417256	0.135650	0.448559	0.134234	0.479075	0.132722	0.508718	0.131264	0.537446	0.130046	0.565246	0.129290	0.592137	0.129257	0.618155	0.130263	0.643356	0.132677	0.667806
998.875730	0.121212	0.094553	0.124693	0.115793	0.127891	0.139899	0.130730	0.166497	0.133152	0.195163	0.135107	0.225454	0.136566	0.256928	0.137511	0.289159	0.137945	0.321761	0.137884	0.354394	0.137367	0.386771	0.136449	0.418660	0.135207	0.449884	0.133741	0.480316	0.132177	0.509875	0.130667	0.538518	0.129395	0.566236	0.128584	0.593045	0.128497	0.618986	0.129448	0.644113	0.131807	0.668493
999.226810	0.121212	0.095760	0.124674	0.117138	0.127849	0.141356	0.130661	0.168038	0.133052	0.196761	0.134973	0.227082	0.136394	0.258561	0.137299	0.290775	0.137691	0.323341	0.137586	0.355922	0.137022	0.388235	0.136056	0.420051	0.134765	0.451196	0.133248	0.481546	0.131632	0.511020	0.130069	0.539579	0.128743	0.567214	0.127879	0.593943	0.127738	0.619807	0.128634	0.644860	0.130939	0.669171
999.577820	0.121212	0.096972	0.124655	0.118487	0.127807	0.142815	0.130592	0.169579	0.132952	0.198358	0.134838	0.228707	0.136222	0.260190	0.137087	0.292386	0.137436	0.324914	0.137287	0.357443	0.136676	0.389692	0.135663	0.421435	0.134322	0.452501	0.132755	0.482767	0.131087	0.512158	0.129472	0.540633	0.128093	0.568185	0.127174	0.594835	0.126979	0.620622	0.127821	0.645602	0.130071	0.669844
999.928710	0.121212	0.098185	0.124637	0.119835	0.127765	0.144274	0.130523	0.171120	0.132851	0.199954	0.134703	0.230332	0.136050	0.261818	0.136875	0.293996	0.137182	0.326487	0.136988	0.358964	0.136331	0.391148	0.135270	0.422818	0.133880	0.453805	0.132262	0.483989	0.130543	0.513295	0.128874	0.541686	0.127442	0.569156	0.126470	0.595726	0.126221	0.621436	0.127008	0.646343	0.129204	0.670516
