400.248140	0.275719	0.506010	0.273808	0.506685	0.272497	0.507424	0.271837	0.508247	0.271883	0.509176	0.272689	0.510238	0.274311	0.511463	0.276807	0.512887	0.280234	0.514549	0.284652	0.516494	0.290118	0.518774	0.296697	0.521446	0.304450	0.524577	0.313441	0.528238	0.323738	0.532515	0.335407	0.537497	0.348522	0.543286	0.363156	0.549998	0.379388	0.557756	0.397299	0.566695	0.416977	0.576964
400.746060	0.274565	0.503577	0.272705	0.504216	0.271447	0.504917	0.270840	0.505701	0.270940	0.506590	0.271803	0.507613	0.273481	0.508798	0.276034	0.510180	0.279517	0.511799	0.283991	0.513702	0.289513	0.515940	0.296146	0.518569	0.303952	0.521658	0.312994	0.525279	0.323340	0.529517	0.335057	0.534463	0.348217	0.540219	0.362893	0.546902	0.379165	0.554637	0.397113	0.563560	0.416825	0.573822
401.243900	0.273430	0.501155	0.271621	0.501757	0.270414	0.502421	0.269862	0.503167	0.270016	0.504016	0.270934	0.504998	0.272668	0.506142	0.275277	0.507482	0.278816	0.509059	0.283345	0.510919	0.288922	0.513114	0.295609	0.515701	0.303467	0.518748	0.312559	0.522327	0.322954	0.526526	0.334718	0.531434	0.347922	0.537157	0.362640	0.543810	0.378951	0.551521	0.396935	0.560427	0.416680	0.570681
401.741610	0.272315	0.498746	0.270556	0.499311	0.269401	0.499937	0.268901	0.500644	0.269111	0.501453	0.270083	0.502395	0.271873	0.503496	0.274537	0.504795	0.278132	0.506329	0.282715	0.508146	0.288346	0.510297	0.295086	0.512841	0.302995	0.515845	0.312138	0.519383	0.322580	0.523541	0.334390	0.528412	0.347638	0.534100	0.362396	0.540723	0.378745	0.548409	0.396766	0.557297	0.416543	0.567542
402.239230	0.271214	0.496344	0.269505	0.496873	0.268402	0.497460	0.267955	0.498128	0.268219	0.498898	0.269245	0.499798	0.271090	0.500858	0.273809	0.502115	0.277458	0.503606	0.282096	0.505379	0.287780	0.507486	0.294572	0.509987	0.302533	0.512947	0.311725	0.516444	0.322214	0.520561	0.334070	0.525393	0.347360	0.531046	0.362159	0.537637	0.378546	0.545297	0.396601	0.554167	0.416411	0.564402
402.736760	0.270129	0.493951	0.268471	0.494443	0.267418	0.494992	0.267024	0.495621	0.267341	0.496351	0.268421	0.497210	0.270320	0.498228	0.273094	0.499441	0.276798	0.500889	0.281488	0.502618	0.287226	0.504682	0.294070	0.507138	0.302080	0.510055	0.311321	0.513509	0.321857	0.517585	0.333757	0.522377	0.347089	0.527994	0.361929	0.534554	0.378352	0.542187	0.396442	0.551037	0.416283	0.561260
403.234160	0.269058	0.491566	0.267449	0.492020	0.266448	0.492531	0.266106	0.493121	0.266475	0.493810	0.267609	0.494628	0.269562	0.495604	0.272390	0.496774	0.276148	0.498179	0.280891	0.499864	0.286682	0.501883	0.293576	0.504295	0.301637	0.507168	0.310925	0.510578	0.321507	0.514612	0.333451	0.519365	0.346825	0.524945	0.361704	0.531471	0.378164	0.539077	0.396287	0.547906	0.416159	0.558117
403.731480	0.268003	0.489189	0.266443	0.489606	0.265492	0.490078	0.265202	0.490629	0.265624	0.491278	0.266811	0.492054	0.268818	0.492987	0.271699	0.494114	0.275510	0.495474	0.280306	0.497115	0.286147	0.499089	0.293093	0.501456	0.301202	0.504285	0.310538	0.507651	0.321166	0.511642	0.333152	0.516355	0.346568	0.521897	0.361485	0.528390	0.377981	0.535968	0.396137	0.544775	0.416039	0.554973
404.228670	0.266959	0.486818	0.265449	0.487197	0.264548	0.487632	0.264309	0.488142	0.264783	0.488751	0.266024	0.489485	0.268084	0.490376	0.271018	0.491459	0.274881	0.492775	0.279730	0.494371	0.285622	0.496300	0.292617	0.498622	0.300775	0.501405	0.310158	0.504727	0.320831	0.508675	0.332859	0.513347	0.346316	0.518851	0.361271	0.525310	0.377802	0.532858	0.395991	0.541642	0.415923	0.551826
404.725770	0.265930	0.484455	0.264468	0.484796	0.263618	0.485192	0.263430	0.485662	0.263956	0.486230	0.265249	0.486923	0.267361	0.487770	0.270348	0.488810	0.274263	0.490081	0.279163	0.491632	0.285106	0.493515	0.292151	0.495791	0.300356	0.498529	0.309785	0.501806	0.320502	0.505711	0.332573	0.510341	0.346069	0.515807	0.361061	0.522230	0.377627	0.529748	0.395848	0.538509	0.415810	0.548677
405.222780	0.264912	0.482097	0.263499	0.482401	0.262699	0.482758	0.262562	0.483188	0.263140	0.483716	0.264484	0.484366	0.266648	0.485170	0.269687	0.486165	0.273654	0.487392	0.278605	0.488898	0.284599	0.490735	0.291691	0.492965	0.299944	0.495657	0.309419	0.498889	0.320180	0.502750	0.332292	0.507337	0.345827	0.512763	0.360856	0.519151	0.377457	0.526637	0.395709	0.535374	0.415699	0.545526
405.719670	0.263909	0.479748	0.262544	0.480014	0.261794	0.480332	0.261706	0.480722	0.262336	0.481208	0.263731	0.481816	0.265948	0.482577	0.269038	0.483528	0.273056	0.484710	0.278058	0.486169	0.284100	0.487960	0.291242	0.490144	0.299541	0.492789	0.309061	0.495976	0.319865	0.499791	0.332018	0.504336	0.345591	0.509721	0.360657	0.516072	0.377291	0.523527	0.395574	0.532238	0.415593	0.542373
406.216430	0.262920	0.477408	0.261603	0.477636	0.260902	0.477915	0.260865	0.478266	0.261545	0.478710	0.262992	0.479275	0.265260	0.479993	0.268401	0.480899	0.272469	0.482036	0.277522	0.483449	0.283613	0.485194	0.290802	0.487330	0.299148	0.489928	0.308712	0.493069	0.319558	0.496839	0.331752	0.501341	0.345363	0.506685	0.360464	0.512998	0.377131	0.520420	0.395445	0.529105	0.415492	0.539222
406.713130	0.261950	0.475080	0.260681	0.475271	0.260029	0.475511	0.260042	0.475820	0.260772	0.476223	0.262269	0.476746	0.264588	0.477420	0.267780	0.478282	0.271899	0.479372	0.277000	0.480739	0.283139	0.482436	0.290375	0.484526	0.298767	0.487077	0.308375	0.490170	0.319263	0.493895	0.331496	0.498352	0.345145	0.503654	0.360281	0.509929	0.376981	0.517318	0.395325	0.525976	0.415398	0.536073
407.209720	0.260988	0.472756	0.259766	0.472908	0.259162	0.473109	0.259225	0.473378	0.260005	0.473739	0.261553	0.474219	0.263922	0.474849	0.267164	0.475666	0.271332	0.476711	0.276482	0.478031	0.282670	0.479681	0.289952	0.481723	0.298389	0.484226	0.308040	0.487272	0.318970	0.490950	0.331243	0.495363	0.344928	0.500623	0.360099	0.506859	0.376831	0.514213	0.395204	0.522843	0.415304	0.532920
407.706180	0.260035	0.470435	0.258861	0.470549	0.258304	0.470710	0.258416	0.470939	0.259246	0.471258	0.260844	0.471695	0.263264	0.472282	0.266555	0.473053	0.270772	0.474052	0.275971	0.475325	0.282206	0.476928	0.289534	0.478921	0.298016	0.481377	0.307710	0.484375	0.318680	0.488006	0.330991	0.492373	0.344713	0.497590	0.359918	0.503786	0.376681	0.511105	0.395083	0.519706	0.415210	0.529762
408.202550	0.259092	0.468121	0.257965	0.468196	0.257457	0.468318	0.257618	0.468506	0.258497	0.468783	0.260145	0.469178	0.262614	0.469719	0.265954	0.470446	0.270220	0.471398	0.275467	0.472624	0.281749	0.474179	0.289123	0.476124	0.297648	0.478531	0.307384	0.481481	0.318395	0.485065	0.330744	0.489385	0.344502	0.494559	0.359741	0.500716	0.376535	0.507998	0.394966	0.516569	0.415118	0.526603
408.698820	0.258164	0.465816	0.257083	0.465852	0.256623	0.465935	0.256832	0.466082	0.257761	0.466317	0.259458	0.466667	0.261975	0.467165	0.265365	0.467846	0.269679	0.468751	0.274974	0.469930	0.281302	0.471436	0.288720	0.473333	0.297289	0.475691	0.307067	0.478592	0.318117	0.482128	0.330504	0.486402	0.344297	0.491532	0.359569	0.497647	0.376393	0.504893	0.394852	0.513432	0.415030	0.523444
409.194980	0.257243	0.463515	0.256210	0.463513	0.255797	0.463556	0.256055	0.463661	0.257032	0.463855	0.258778	0.464162	0.261344	0.464615	0.264782	0.465250	0.269144	0.466108	0.274485	0.467239	0.280859	0.468697	0.288323	0.470545	0.296934	0.472854	0.306753	0.475706	0.317842	0.479194	0.330267	0.483421	0.344095	0.488506	0.359399	0.494579	0.376253	0.501787	0.394740	0.510295	0.414943	0.520282
409.691040	0.256336	0.461221	0.255349	0.461181	0.254984	0.461183	0.255289	0.461248	0.256314	0.461399	0.258108	0.461663	0.260723	0.462071	0.264208	0.462659	0.268618	0.463471	0.274006	0.464554	0.280425	0.465963	0.287932	0.467761	0.296586	0.470021	0.306446	0.472823	0.317573	0.476262	0.330034	0.480442	0.343897	0.485481	0.359233	0.491511	0.376117	0.498681	0.394630	0.507157	0.414858	0.517119
410.186980	0.255436	0.458931	0.254495	0.458852	0.254177	0.458815	0.254530	0.458839	0.255602	0.458946	0.257445	0.459167	0.260107	0.459530	0.263640	0.460072	0.268097	0.460837	0.273531	0.461871	0.279995	0.463232	0.287546	0.464980	0.296241	0.467190	0.306141	0.469943	0.317306	0.473332	0.329804	0.477464	0.343700	0.482457	0.359068	0.488443	0.375982	0.495575	0.394522	0.504017	0.414774	0.513953
410.682830	0.254548	0.456647	0.253652	0.456530	0.253380	0.456452	0.253781	0.456435	0.254901	0.456500	0.256791	0.456676	0.259501	0.456995	0.263081	0.457491	0.267584	0.458208	0.273063	0.459194	0.279572	0.460504	0.287165	0.462203	0.295902	0.464363	0.305842	0.467065	0.317045	0.470405	0.329578	0.474487	0.343507	0.479433	0.358906	0.485376	0.375848	0.492468	0.394415	0.500876	0.414690	0.510784
411.178590	0.253670	0.454370	0.252819	0.454214	0.252594	0.454097	0.253041	0.454038	0.254208	0.454060	0.256146	0.454192	0.258903	0.454466	0.262531	0.454915	0.267079	0.455585	0.272603	0.456522	0.279156	0.457783	0.286792	0.459432	0.295569	0.461541	0.305548	0.464192	0.316789	0.467482	0.329357	0.471515	0.343319	0.476413	0.358748	0.482312	0.375719	0.489363	0.394311	0.497736	0.414611	0.507617
411.674220	0.252809	0.452106	0.252004	0.451911	0.251825	0.451753	0.252318	0.451653	0.253532	0.451633	0.255517	0.451721	0.258320	0.451949	0.261994	0.452351	0.266589	0.452973	0.272157	0.453861	0.278752	0.455072	0.286430	0.456670	0.295248	0.458728	0.305266	0.461328	0.316543	0.464566	0.329145	0.468550	0.343140	0.473400	0.358599	0.479254	0.375598	0.486263	0.394215	0.494600	0.414537	0.504451
412.169770	0.251953	0.449845	0.251194	0.449611	0.251060	0.449413	0.251600	0.449271	0.252861	0.449209	0.254892	0.449252	0.257741	0.449434	0.261461	0.449790	0.266101	0.450363	0.271713	0.451202	0.278352	0.452363	0.286072	0.453910	0.294929	0.455917	0.304985	0.458465	0.316298	0.461652	0.328935	0.465586	0.342961	0.470388	0.358450	0.476196	0.375477	0.483163	0.394119	0.491462	0.414464	0.501284
412.665190	0.251108	0.447589	0.250393	0.447316	0.250305	0.447078	0.250890	0.446894	0.252198	0.446789	0.254275	0.446787	0.257170	0.446923	0.260935	0.447233	0.265619	0.447758	0.271275	0.448547	0.277956	0.449658	0.285717	0.451154	0.294615	0.453108	0.304707	0.455605	0.316056	0.458740	0.328727	0.462622	0.342785	0.467376	0.358303	0.473136	0.375356	0.480061	0.394022	0.488322	0.414389	0.498114
413.160520	0.250267	0.445336	0.249597	0.445024	0.249554	0.444746	0.250186	0.444520	0.251539	0.444371	0.253662	0.444326	0.256603	0.444416	0.260413	0.444678	0.265142	0.445155	0.270840	0.445895	0.277564	0.446955	0.285366	0.448399	0.294302	0.450301	0.304432	0.452746	0.315816	0.455829	0.328520	0.459660	0.342609	0.464364	0.358156	0.470077	0.375235	0.476958	0.393926	0.485181	0.414315	0.494942
413.655730	0.249438	0.443088	0.248812	0.442737	0.248814	0.442419	0.249491	0.442152	0.250890	0.441960	0.253058	0.441870	0.256044	0.441914	0.259899	0.442129	0.264671	0.442556	0.270412	0.443247	0.277178	0.444256	0.285019	0.445648	0.293993	0.447498	0.304160	0.449890	0.315580	0.452920	0.328316	0.456700	0.342435	0.461353	0.358011	0.467018	0.375116	0.473855	0.393830	0.482039	0.414241	0.491766
414.150880	0.248615	0.440845	0.248033	0.440455	0.248080	0.440096	0.248802	0.439787	0.250245	0.439552	0.252459	0.439417	0.255490	0.439415	0.259389	0.439583	0.264205	0.439962	0.269989	0.440603	0.276795	0.441560	0.284676	0.442900	0.293688	0.444698	0.303891	0.447036	0.315345	0.450014	0.328114	0.453742	0.342264	0.458343	0.357867	0.463960	0.374998	0.470752	0.393736	0.478897	0.414168	0.488591
414.645870	0.247806	0.438612	0.247267	0.438183	0.247359	0.437783	0.248125	0.437433	0.249614	0.437154	0.251872	0.436975	0.254947	0.436927	0.258889	0.437047	0.263749	0.437377	0.269574	0.437967	0.276421	0.438873	0.284341	0.440161	0.293391	0.441905	0.303629	0.444190	0.315117	0.447115	0.327918	0.450789	0.342097	0.455340	0.357728	0.460907	0.374884	0.467653	0.393645	0.475757	0.414097	0.485416
415.140780	0.247003	0.436384	0.246508	0.435916	0.246644	0.435476	0.247454	0.435083	0.248988	0.434760	0.251291	0.434536	0.254410	0.434442	0.258395	0.434515	0.263297	0.434796	0.269165	0.435335	0.276051	0.436190	0.284010	0.437425	0.293097	0.439116	0.303371	0.441348	0.314892	0.444219	0.327724	0.447840	0.341934	0.452339	0.357591	0.457857	0.374772	0.464556	0.393556	0.472618	0.414029	0.482243
415.635590	0.246216	0.434168	0.245765	0.433660	0.245944	0.433179	0.246799	0.432744	0.248376	0.432379	0.250723	0.432109	0.253886	0.431969	0.257914	0.431993	0.262858	0.432225	0.268766	0.432714	0.275692	0.433517	0.283690	0.434700	0.292814	0.436336	0.303122	0.438514	0.314676	0.441331	0.327539	0.444898	0.341777	0.449344	0.357461	0.454812	0.374667	0.461464	0.393473	0.469482	0.413966	0.479071
416.130310	0.245433	0.431954	0.245025	0.431407	0.245248	0.430885	0.246146	0.430408	0.247768	0.429999	0.250158	0.429685	0.253364	0.429497	0.257436	0.429474	0.262420	0.429657	0.268370	0.430095	0.275335	0.430845	0.283371	0.431975	0.292531	0.433558	0.302874	0.435681	0.314461	0.438444	0.327354	0.441958	0.341621	0.446349	0.357331	0.451767	0.374561	0.458371	0.393390	0.466346	0.413902	0.475898
416.624910	0.244660	0.429745	0.244294	0.429159	0.244560	0.428597	0.245503	0.428077	0.247167	0.427625	0.249601	0.427266	0.252850	0.427032	0.256963	0.426960	0.261989	0.427093	0.267979	0.427480	0.274983	0.428178	0.283056	0.429255	0.292252	0.430783	0.302629	0.432852	0.314248	0.435560	0.327171	0.439018	0.341466	0.443357	0.357202	0.448722	0.374455	0.455278	0.393305	0.463209	0.413837	0.472723
417.119380	0.243890	0.427539	0.243567	0.426914	0.243876	0.426310	0.244862	0.425749	0.246570	0.425253	0.249046	0.424849	0.252338	0.424568	0.256493	0.424448	0.261560	0.424531	0.267589	0.424867	0.274632	0.425513	0.282742	0.426536	0.291974	0.428010	0.302385	0.430024	0.314035	0.432676	0.326988	0.436080	0.341311	0.440365	0.357073	0.445678	0.374349	0.452185	0.393220	0.460071	0.413771	0.469547
417.613800	0.243130	0.425338	0.242849	0.424674	0.243201	0.424030	0.244229	0.423426	0.245980	0.422886	0.248499	0.422436	0.251833	0.422109	0.256029	0.421940	0.261137	0.421974	0.267206	0.422259	0.274286	0.422853	0.282433	0.423822	0.291699	0.425240	0.302143	0.427199	0.313825	0.429795	0.326807	0.433143	0.341156	0.437374	0.356944	0.442634	0.374244	0.449090	0.393135	0.456931	0.413705	0.466367
418.108060	0.242374	0.423141	0.242135	0.422438	0.242529	0.421753	0.243601	0.421107	0.245395	0.420523	0.247956	0.420028	0.251331	0.419654	0.255569	0.419437	0.260717	0.419420	0.266825	0.419654	0.273943	0.420195	0.282126	0.421110	0.291427	0.422474	0.301904	0.424377	0.313617	0.426917	0.326628	0.430209	0.341004	0.434385	0.356816	0.439592	0.374139	0.445998	0.393052	0.453793	0.413640	0.463189
418.602260	0.241634	0.420956	0.241437	0.420213	0.241873	0.419488	0.242987	0.418800	0.244823	0.418172	0.247426	0.417632	0.250842	0.417210	0.255121	0.416945	0.260309	0.416879	0.266455	0.417060	0.273610	0.417548	0.281828	0.418409	0.291164	0.419718	0.301673	0.421565	0.313416	0.424048	0.326456	0.427284	0.340858	0.431404	0.356695	0.436557	0.374039	0.442912	0.392972	0.450659	0.413578	0.460013
419.096340	0.240896	0.418774	0.240741	0.417991	0.241219	0.417225	0.242375	0.416495	0.244252	0.415823	0.246897	0.415237	0.250355	0.414769	0.254674	0.414455	0.259902	0.414339	0.266086	0.414469	0.273278	0.414903	0.281532	0.415709	0.290901	0.416964	0.301442	0.418753	0.313215	0.421180	0.326284	0.424360	0.340713	0.428424	0.356573	0.433522	0.373940	0.439826	0.392892	0.447526	0.413517	0.456838
419.590300	0.240168	0.416597	0.240054	0.415775	0.240574	0.414968	0.241772	0.414195	0.243691	0.413480	0.246377	0.412848	0.249875	0.412333	0.254234	0.411970	0.259500	0.411804	0.265722	0.411882	0.272951	0.412263	0.281240	0.413015	0.290642	0.414213	0.301214	0.415946	0.313017	0.418316	0.326113	0.421438	0.340567	0.425446	0.356451	0.430490	0.373840	0.436740	0.392812	0.444392	0.413453	0.453661
420.084200	0.239443	0.414423	0.239371	0.413562	0.239932	0.412714	0.241171	0.411898	0.243132	0.411139	0.245859	0.410462	0.249398	0.409900	0.253796	0.409489	0.259101	0.409271	0.265360	0.409298	0.272625	0.409626	0.280949	0.410323	0.290385	0.411465	0.300988	0.413141	0.312820	0.415454	0.325943	0.418519	0.340424	0.422470	0.356330	0.427458	0.373741	0.433656	0.392732	0.441258	0.413391	0.450484
420.577940	0.238735	0.412262	0.238703	0.411361	0.239305	0.410472	0.240585	0.409614	0.242587	0.408811	0.245354	0.408089	0.248933	0.407479	0.253371	0.407019	0.258713	0.406751	0.265010	0.406726	0.272310	0.407001	0.280668	0.407642	0.290136	0.408728	0.300770	0.410347	0.312631	0.412602	0.325781	0.415608	0.340286	0.419501	0.356216	0.424434	0.373647	0.430578	0.392657	0.438130	0.413333	0.447311
421.071620	0.238028	0.410102	0.238037	0.409163	0.238680	0.408233	0.240001	0.407332	0.242044	0.406485	0.244852	0.405717	0.248470	0.405061	0.252947	0.404551	0.258327	0.404233	0.264661	0.404156	0.271997	0.404377	0.280388	0.404963	0.289888	0.405992	0.300553	0.407554	0.312442	0.409751	0.325619	0.412699	0.340149	0.416535	0.356102	0.421410	0.373554	0.427500	0.392582	0.435002	0.413275	0.444138
421.565160	0.237335	0.407954	0.237384	0.406975	0.238068	0.406004	0.239429	0.405062	0.241512	0.404170	0.244360	0.403357	0.248018	0.402653	0.252532	0.402095	0.257950	0.401725	0.264319	0.401596	0.271691	0.401762	0.280115	0.402294	0.289647	0.403267	0.300342	0.404770	0.312259	0.406908	0.325462	0.409798	0.340015	0.413575	0.355991	0.418394	0.373463	0.424428	0.392510	0.431878	0.413219	0.440968
422.058620	0.236643	0.405807	0.236733	0.404788	0.237456	0.403776	0.238858	0.402792	0.240981	0.401857	0.243868	0.400997	0.247566	0.400246	0.252118	0.399639	0.257574	0.399219	0.263979	0.399037	0.271385	0.399149	0.279843	0.399625	0.289406	0.400542	0.300130	0.401988	0.312075	0.404067	0.325304	0.406898	0.339882	0.410617	0.355880	0.415378	0.373372	0.421357	0.392437	0.428755	0.413162	0.437798
422.551970	0.235959	0.403665	0.236089	0.402607	0.236853	0.401554	0.238295	0.400527	0.240457	0.399548	0.243383	0.398643	0.247119	0.397844	0.251710	0.397188	0.257201	0.396718	0.263643	0.396482	0.271082	0.396541	0.279573	0.396961	0.289166	0.397821	0.299920	0.399209	0.311893	0.401229	0.325147	0.404000	0.339748	0.407659	0.355768	0.412362	0.373279	0.418285	0.392362	0.425630	0.413103	0.434626
423.045230	0.235277	0.401525	0.235447	0.400427	0.236251	0.399335	0.237733	0.398265	0.239934	0.397242	0.242900	0.396291	0.246674	0.395444	0.251303	0.394739	0.256830	0.394218	0.263307	0.393930	0.270780	0.393935	0.279303	0.394299	0.288928	0.395102	0.299711	0.396431	0.311711	0.398392	0.324990	0.401104	0.339615	0.404704	0.355656	0.409348	0.373187	0.415215	0.392288	0.422507	0.413044	0.431455
423.538360	0.234612	0.399399	0.234820	0.398262	0.235664	0.397128	0.237185	0.396016	0.239426	0.394949	0.242430	0.393952	0.246242	0.393058	0.250908	0.392304	0.256472	0.391732	0.262983	0.391392	0.270489	0.391342	0.279044	0.391650	0.288699	0.392394	0.299510	0.393665	0.311537	0.395567	0.324841	0.398219	0.339489	0.401758	0.355550	0.406343	0.373100	0.412153	0.392218	0.419391	0.412989	0.428288
424.031400	0.233947	0.397274	0.234195	0.396098	0.235078	0.394923	0.236639	0.393768	0.238918	0.392657	0.241962	0.391615	0.245811	0.390674	0.250513	0.389869	0.256114	0.389246	0.262659	0.388854	0.270199	0.388749	0.278785	0.389002	0.288470	0.389688	0.299309	0.390900	0.311363	0.392743	0.324692	0.395334	0.339362	0.398814	0.355444	0.403339	0.373013	0.409091	0.392148	0.416275	0.412934	0.425122
424.524320	0.233293	0.395157	0.233580	0.393942	0.234502	0.392726	0.236101	0.391529	0.238419	0.390373	0.241500	0.389286	0.245387	0.388297	0.250125	0.387444	0.255761	0.386769	0.262340	0.386324	0.269912	0.386165	0.278529	0.386361	0.288244	0.386990	0.299111	0.388143	0.311190	0.389925	0.324543	0.392455	0.339236	0.395874	0.355339	0.400340	0.372926	0.406034	0.392077	0.413161	0.412878	0.421958
425.017150	0.232639	0.393041	0.232965	0.391786	0.233925	0.390530	0.235564	0.389291	0.237920	0.388091	0.241039	0.386957	0.244964	0.385922	0.249738	0.385019	0.255408	0.384293	0.262021	0.383795	0.269626	0.383581	0.278274	0.383722	0.288018	0.384292	0.298913	0.385386	0.311018	0.387108	0.324395	0.389578	0.339110	0.392936	0.355233	0.397342	0.372838	0.402977	0.392007	0.410049	0.412822	0.418795
425.509890	0.231999	0.390937	0.232363	0.389643	0.233363	0.388346	0.235039	0.387064	0.237433	0.385821	0.240589	0.384642	0.244550	0.383558	0.249360	0.382606	0.255065	0.381829	0.261712	0.381278	0.269349	0.381009	0.278027	0.381093	0.287800	0.381606	0.298722	0.382640	0.310852	0.384301	0.324252	0.386710	0.338989	0.390006	0.355131	0.394351	0.372754	0.399926	0.391939	0.406942	0.412768	0.415635
426.002500	0.231360	0.388833	0.231762	0.387500	0.232800	0.386163	0.234514	0.384839	0.236947	0.383552	0.240140	0.382326	0.244137	0.381195	0.248983	0.380194	0.254722	0.379366	0.261402	0.378761	0.269072	0.378438	0.277780	0.378465	0.287581	0.378920	0.298530	0.379895	0.310685	0.381495	0.324109	0.383842	0.338867	0.387077	0.355029	0.391361	0.372671	0.396877	0.391871	0.403835	0.412715	0.412476
426.495030	0.230734	0.386742	0.231174	0.385370	0.232250	0.383991	0.234002	0.382625	0.236471	0.381294	0.239701	0.380023	0.243735	0.378844	0.248615	0.377793	0.254388	0.376914	0.261101	0.376257	0.268801	0.375878	0.277539	0.375848	0.287369	0.376245	0.298344	0.377160	0.310524	0.378699	0.323970	0.380984	0.338749	0.384157	0.354930	0.388379	0.372589	0.393833	0.391804	0.400734	0.412663	0.409321
426.987430	0.230108	0.384650	0.230586	0.383239	0.231699	0.381820	0.233489	0.380412	0.235996	0.379037	0.239263	0.377720	0.243332	0.376493	0.248247	0.375393	0.254055	0.374464	0.260800	0.373753	0.268531	0.373319	0.277299	0.373233	0.287156	0.373571	0.298158	0.374426	0.310362	0.375904	0.323832	0.378127	0.338631	0.381238	0.354832	0.385397	0.372507	0.390791	0.391738	0.397633	0.412610	0.406167
427.479740	0.229491	0.382568	0.230007	0.381117	0.231158	0.379658	0.232985	0.378207	0.235529	0.376788	0.238832	0.375425	0.242936	0.374151	0.247885	0.373002	0.253726	0.372021	0.260503	0.371257	0.268265	0.370768	0.277062	0.370625	0.286947	0.370905	0.297974	0.371699	0.310202	0.373116	0.323694	0.375276	0.338513	0.378324	0.354732	0.382420	0.372424	0.387753	0.391670	0.394536	0.412556	0.403014
427.971950	0.228875	0.380486	0.229428	0.378996	0.230617	0.377495	0.232481	0.376003	0.235062	0.374539	0.238401	0.373132	0.242540	0.371810	0.247524	0.370611	0.253398	0.369579	0.260207	0.368761	0.267999	0.368218	0.276825	0.368018	0.286737	0.368239	0.297789	0.368973	0.310042	0.370328	0.323556	0.372426	0.338396	0.375411	0.354633	0.379445	0.372342	0.384716	0.391603	0.391440	0.412501	0.399863
428.464050	0.228273	0.378417	0.228863	0.376888	0.230089	0.375347	0.231989	0.373812	0.234606	0.372305	0.237981	0.370852	0.242155	0.369483	0.247173	0.368235	0.253079	0.367151	0.259919	0.366280	0.267742	0.365682	0.276596	0.365424	0.286534	0.365587	0.297612	0.366261	0.309888	0.367554	0.323423	0.369589	0.338283	0.372510	0.354538	0.376480	0.372263	0.381689	0.391539	0.388353	0.412450	0.396719
428.956050	0.227672	0.376350	0.228299	0.374782	0.229561	0.373201	0.231499	0.371624	0.234152	0.370072	0.237561	0.368574	0.241770	0.367157	0.246822	0.365860	0.252761	0.364725	0.259633	0.363801	0.267485	0.363147	0.276367	0.362833	0.286332	0.362936	0.297436	0.363549	0.309735	0.364781	0.323291	0.366753	0.338171	0.369610	0.354443	0.373517	0.372185	0.378663	0.391475	0.385267	0.412400	0.393576
429.447940	0.227079	0.374289	0.227743	0.372684	0.229041	0.371062	0.231015	0.369442	0.233704	0.367847	0.237149	0.366303	0.241392	0.364839	0.246477	0.363493	0.252448	0.362306	0.259349	0.361329	0.267231	0.360620	0.276141	0.360248	0.286132	0.360292	0.297260	0.360845	0.309582	0.362014	0.323159	0.363923	0.338058	0.366716	0.354349	0.370559	0.372106	0.375642	0.391409	0.382184	0.412347	0.390435
429.939730	0.226488	0.372230	0.227188	0.370586	0.228523	0.368924	0.230532	0.367262	0.233257	0.365624	0.236737	0.364033	0.241013	0.362522	0.246131	0.361126	0.252134	0.359888	0.259067	0.358858	0.266977	0.358095	0.275916	0.357666	0.285932	0.357650	0.297085	0.358142	0.309429	0.359249	0.323027	0.361095	0.337946	0.363824	0.354254	0.367602	0.372027	0.372621	0.391344	0.379103	0.412294	0.387296
430.431400	0.225903	0.370179	0.226640	0.368496	0.228011	0.366794	0.230056	0.365090	0.232815	0.363408	0.236330	0.361772	0.240640	0.360213	0.245791	0.358768	0.251825	0.357479	0.258787	0.356395	0.266727	0.355577	0.275692	0.355090	0.285735	0.355016	0.296911	0.355447	0.309277	0.356491	0.322896	0.358273	0.337833	0.360937	0.354158	0.364651	0.371946	0.369607	0.391277	0.376025	0.412239	0.384160
430.922970	0.225320	0.368129	0.226094	0.366407	0.227500	0.364665	0.229581	0.362919	0.232375	0.361193	0.235924	0.359512	0.240268	0.357907	0.245451	0.356411	0.251516	0.355071	0.258509	0.353935	0.266477	0.353060	0.275469	0.352516	0.285537	0.352383	0.296737	0.352753	0.309126	0.353735	0.322765	0.355453	0.337720	0.358052	0.354062	0.361701	0.371866	0.366593	0.391210	0.372949	0.412184	0.381024
431.414460	0.224754	0.366096	0.225563	0.364336	0.227005	0.362553	0.229121	0.360766	0.231950	0.358996	0.235532	0.357270	0.239910	0.355617	0.245124	0.354072	0.251221	0.352681	0.258242	0.351491	0.266239	0.350561	0.275257	0.349960	0.285350	0.349768	0.296573	0.350076	0.308983	0.350995	0.322642	0.352649	0.337616	0.355183	0.353974	0.358767	0.371792	0.363594	0.391151	0.369886	0.412136	0.377901
431.905820	0.224191	0.364067	0.225035	0.362267	0.226513	0.360445	0.228664	0.358616	0.231527	0.356803	0.235143	0.355031	0.239553	0.353330	0.244800	0.351738	0.250927	0.350294	0.257979	0.349052	0.266002	0.348066	0.275047	0.347408	0.285165	0.347156	0.296411	0.347403	0.308843	0.348259	0.322522	0.349849	0.337514	0.352318	0.353888	0.355836	0.371721	0.360597	0.391092	0.366826	0.412089	0.374781
432.397090	0.223630	0.362040	0.224510	0.360202	0.226023	0.358339	0.228208	0.356469	0.231105	0.354612	0.234755	0.352795	0.239198	0.351047	0.244476	0.349405	0.250633	0.347911	0.257713	0.346615	0.265764	0.345574	0.274835	0.344858	0.284978	0.344547	0.296246	0.344733	0.308699	0.345526	0.322397	0.347051	0.337406	0.349455	0.353797	0.352907	0.371644	0.357602	0.391028	0.363767	0.412036	0.371661
432.888240	0.223070	0.360013	0.223984	0.358138	0.225533	0.356235	0.227753	0.354322	0.230684	0.352422	0.234366	0.350560	0.238842	0.348765	0.244151	0.347074	0.250338	0.345529	0.257447	0.344179	0.265525	0.343084	0.274622	0.342310	0.284789	0.341939	0.296081	0.342064	0.308554	0.342794	0.322272	0.344254	0.337298	0.346592	0.353705	0.349978	0.371567	0.354608	0.390963	0.360709	0.411981	0.368541
433.379300	0.222520	0.357998	0.223469	0.356084	0.225052	0.354142	0.227306	0.352188	0.230271	0.350244	0.233987	0.348337	0.238494	0.346495	0.243834	0.344755	0.250050	0.343159	0.257187	0.341756	0.265293	0.340605	0.274415	0.339774	0.284606	0.339344	0.295920	0.339407	0.308413	0.340073	0.322150	0.341469	0.337193	0.343741	0.353616	0.347061	0.371491	0.351625	0.390900	0.357660	0.411930	0.365430
433.870270	0.221973	0.355987	0.222957	0.354035	0.224574	0.352052	0.226862	0.350057	0.229861	0.348070	0.233610	0.346117	0.238148	0.344229	0.243519	0.342440	0.249765	0.340792	0.256930	0.339336	0.265063	0.338130	0.274210	0.337242	0.284424	0.336752	0.295760	0.336754	0.308274	0.337357	0.322029	0.338688	0.337090	0.340894	0.353527	0.344147	0.371417	0.348644	0.390838	0.354615	0.411878	0.362321
434.361110	0.221436	0.353987	0.222454	0.351995	0.224106	0.349973	0.226428	0.347937	0.229459	0.345907	0.233240	0.343909	0.237810	0.341974	0.243211	0.340135	0.249486	0.338437	0.256679	0.336928	0.264838	0.335666	0.274010	0.334721	0.284247	0.334172	0.295605	0.334112	0.308139	0.334651	0.321912	0.335917	0.336990	0.338057	0.353442	0.341243	0.371345	0.345673	0.390779	0.351578	0.411830	0.359221
434.851870	0.220902	0.351990	0.221955	0.349960	0.223640	0.347898	0.225996	0.345821	0.229060	0.343748	0.232874	0.341705	0.237474	0.339722	0.242905	0.337835	0.249209	0.336087	0.256430	0.334524	0.264615	0.333207	0.273812	0.332205	0.284073	0.331596	0.295451	0.331474	0.308005	0.331950	0.321797	0.333151	0.336891	0.335224	0.353358	0.338342	0.371274	0.342706	0.390720	0.348544	0.411782	0.356123
435.342500	0.220373	0.349999	0.221460	0.347931	0.223179	0.345830	0.225569	0.343711	0.228665	0.341595	0.232510	0.339508	0.237142	0.337478	0.242603	0.335542	0.248935	0.333743	0.256183	0.332127	0.264394	0.330755	0.273615	0.329695	0.283898	0.329026	0.295298	0.328844	0.307871	0.329256	0.321681	0.330391	0.336791	0.332398	0.353273	0.335449	0.371203	0.339744	0.390660	0.345515	0.411731	0.353030
435.833040	0.219847	0.348010	0.220968	0.345906	0.222720	0.343764	0.225143	0.341604	0.228272	0.339446	0.232148	0.337313	0.236811	0.335237	0.242302	0.333252	0.248662	0.331402	0.255937	0.329733	0.264173	0.328306	0.273419	0.327188	0.283724	0.326460	0.295145	0.326216	0.307738	0.326565	0.321565	0.327634	0.336691	0.329575	0.353188	0.332558	0.371131	0.336785	0.390599	0.342490	0.411680	0.349940
436.323490	0.219326	0.346028	0.220480	0.343886	0.222266	0.341705	0.224721	0.339504	0.227882	0.337303	0.231790	0.335126	0.236483	0.333003	0.242003	0.330970	0.248391	0.329068	0.255693	0.327347	0.263954	0.325865	0.273224	0.324690	0.283551	0.323902	0.294993	0.323597	0.307604	0.323881	0.321449	0.324885	0.336591	0.326759	0.353102	0.329674	0.371057	0.333834	0.390537	0.339471	0.411628	0.346856
436.813810	0.218808	0.344050	0.219996	0.341870	0.221814	0.339650	0.224302	0.337408	0.227495	0.335164	0.231434	0.332943	0.236157	0.330774	0.241706	0.328692	0.248122	0.326739	0.255450	0.324965	0.263737	0.323428	0.273030	0.322196	0.283379	0.321349	0.294841	0.320981	0.307471	0.321202	0.321333	0.322141	0.336491	0.323948	0.353016	0.326795	0.370984	0.330886	0.390475	0.336456	0.411575	0.343775
437.304050	0.218297	0.342080	0.219518	0.339863	0.221370	0.337604	0.223889	0.335321	0.227114	0.333034	0.231084	0.330769	0.235836	0.328553	0.241414	0.326423	0.247858	0.324420	0.255212	0.322593	0.263523	0.321001	0.272839	0.319711	0.283211	0.318805	0.294692	0.318375	0.307341	0.318533	0.321220	0.319406	0.336393	0.321145	0.352932	0.323925	0.370912	0.327947	0.390414	0.333449	0.411524	0.340701
437.794160	0.217790	0.340116	0.219044	0.337861	0.220929	0.335563	0.223481	0.333239	0.226736	0.330910	0.230737	0.328600	0.235519	0.326338	0.241125	0.324160	0.247596	0.322106	0.254977	0.320227	0.263312	0.318579	0.272651	0.317233	0.283044	0.316267	0.294546	0.315776	0.307213	0.315870	0.321108	0.316677	0.336297	0.318349	0.352849	0.321060	0.370841	0.325013	0.390353	0.330447	0.411473	0.337633
438.284180	0.217287	0.338157	0.218574	0.335865	0.220492	0.333528	0.223075	0.331164	0.226363	0.328792	0.230393	0.326438	0.235205	0.324130	0.240839	0.321903	0.247337	0.319799	0.254743	0.317868	0.263102	0.316165	0.272464	0.314762	0.282878	0.313736	0.294399	0.313184	0.307085	0.313214	0.320996	0.313956	0.336200	0.315560	0.352765	0.318203	0.370769	0.322087	0.390292	0.327451	0.411421	0.334570
438.774080	0.216788	0.336203	0.218108	0.333873	0.220057	0.331498	0.222673	0.329093	0.225991	0.326679	0.230051	0.324281	0.234892	0.321927	0.240554	0.319651	0.247079	0.317497	0.254510	0.315514	0.262893	0.313757	0.272278	0.312296	0.282713	0.311211	0.294253	0.310597	0.306957	0.310563	0.320885	0.311240	0.336103	0.312776	0.352682	0.315350	0.370697	0.319166	0.390230	0.324461	0.411368	0.331513
439.263890	0.216295	0.334256	0.217647	0.331889	0.219628	0.329475	0.222275	0.327030	0.225624	0.324574	0.229714	0.322131	0.234584	0.319731	0.240273	0.317408	0.246825	0.315204	0.254281	0.313168	0.262688	0.311356	0.272094	0.309838	0.282550	0.308695	0.294110	0.308019	0.306831	0.307921	0.320775	0.308532	0.336007	0.310001	0.352599	0.312506	0.370626	0.316253	0.390170	0.321478	0.411316	0.328463
439.753600	0.215807	0.332315	0.217191	0.329912	0.219204	0.327459	0.221882	0.324974	0.225262	0.322475	0.229381	0.319989	0.234279	0.317542	0.239996	0.315172	0.246573	0.312917	0.254055	0.310829	0.262485	0.308963	0.271913	0.307388	0.282390	0.306186	0.293968	0.305448	0.306707	0.305287	0.320666	0.305831	0.335913	0.307233	0.352518	0.309669	0.370556	0.313346	0.390109	0.318502	0.411265	0.325419
440.243190	0.215322	0.330380	0.216738	0.327940	0.218783	0.325448	0.221492	0.322923	0.224902	0.320382	0.229050	0.317852	0.233977	0.315360	0.239721	0.312942	0.246324	0.310637	0.253830	0.308497	0.262284	0.306577	0.271734	0.304945	0.282230	0.303683	0.293828	0.302884	0.306583	0.302659	0.320558	0.303137	0.335819	0.304472	0.352437	0.306839	0.370486	0.310446	0.390049	0.315532	0.411213	0.322380
440.732700	0.214842	0.328450	0.216290	0.325973	0.218366	0.323443	0.221105	0.320878	0.224546	0.318295	0.228723	0.315722	0.233678	0.313184	0.239449	0.310718	0.246078	0.308364	0.253608	0.306171	0.262085	0.304197	0.271556	0.302508	0.282072	0.301187	0.293688	0.300326	0.306460	0.300038	0.320451	0.300451	0.335725	0.301717	0.352355	0.304015	0.370415	0.307552	0.389988	0.312569	0.411161	0.319347
441.222080	0.214366	0.326525	0.215845	0.324012	0.217952	0.321444	0.220722	0.318838	0.224192	0.316215	0.228398	0.313597	0.233381	0.311014	0.239179	0.308501	0.245833	0.306097	0.253387	0.303852	0.261887	0.301823	0.271379	0.300079	0.281915	0.298698	0.293549	0.297776	0.306338	0.297424	0.320344	0.297771	0.335632	0.298970	0.352274	0.301198	0.370345	0.304666	0.389927	0.309612	0.411109	0.316321
441.711360	0.213894	0.324607	0.215404	0.322057	0.217542	0.319451	0.220342	0.316806	0.223842	0.314141	0.228077	0.311480	0.233086	0.308852	0.238911	0.306291	0.245591	0.303838	0.253169	0.301541	0.261691	0.299458	0.271204	0.297657	0.281760	0.296217	0.293411	0.295234	0.306217	0.294819	0.320237	0.295100	0.335539	0.296231	0.352193	0.298391	0.370275	0.301787	0.389866	0.306663	0.411055	0.313303
442.200560	0.213425	0.322695	0.214967	0.320108	0.217136	0.317465	0.219966	0.314779	0.223495	0.312073	0.227758	0.309369	0.232795	0.306695	0.238646	0.304087	0.245351	0.301585	0.252953	0.299236	0.261497	0.297099	0.271031	0.295241	0.281606	0.293743	0.293275	0.292700	0.306096	0.292220	0.320131	0.292436	0.335447	0.293499	0.352113	0.295589	0.370205	0.298915	0.389806	0.303720	0.411003	0.310291
442.689640	0.212963	0.320790	0.214536	0.318167	0.216735	0.315486	0.219595	0.312761	0.223152	0.310013	0.227444	0.307266	0.232509	0.304548	0.238385	0.301892	0.245114	0.299340	0.252739	0.296940	0.261305	0.294750	0.270860	0.292836	0.281454	0.291279	0.293141	0.290174	0.305978	0.289631	0.320028	0.289781	0.335356	0.290776	0.352033	0.292798	0.370136	0.296053	0.389746	0.300787	0.410951	0.307288
443.178620	0.212503	0.318888	0.214106	0.316229	0.216336	0.313511	0.219226	0.310746	0.222812	0.307957	0.227132	0.305168	0.232223	0.302404	0.238125	0.299701	0.244878	0.297100	0.252527	0.294649	0.261115	0.292405	0.270690	0.290435	0.281302	0.288820	0.293007	0.287654	0.305860	0.287047	0.319924	0.287132	0.335264	0.288059	0.351954	0.290011	0.370066	0.293195	0.389685	0.297859	0.410898	0.304289
443.667480	0.212047	0.316993	0.213681	0.314298	0.215940	0.311541	0.218859	0.308739	0.222474	0.305909	0.226822	0.303076	0.231939	0.300268	0.237867	0.297519	0.244644	0.294868	0.252316	0.292366	0.260925	0.290068	0.270520	0.288042	0.281151	0.286369	0.292872	0.285142	0.305741	0.284472	0.319819	0.284491	0.335173	0.285351	0.351873	0.287233	0.369995	0.290347	0.389623	0.294939	0.410843	0.301299
444.156250	0.211592	0.315101	0.213257	0.312371	0.215546	0.309576	0.218494	0.306734	0.222137	0.303863	0.226513	0.300988	0.231656	0.298136	0.237609	0.295340	0.244411	0.292640	0.252105	0.290087	0.260736	0.287736	0.270350	0.285654	0.281000	0.283923	0.292738	0.282634	0.305622	0.281902	0.319714	0.281855	0.335080	0.282648	0.351792	0.284460	0.369924	0.287503	0.389560	0.292024	0.410788	0.298313
444.644930	0.211141	0.313216	0.212836	0.310450	0.215155	0.307618	0.218132	0.304737	0.221804	0.301826	0.226206	0.298908	0.231376	0.296011	0.237354	0.293169	0.244179	0.290421	0.251895	0.287817	0.260547	0.285412	0.270181	0.283275	0.280849	0.281485	0.292604	0.280137	0.305503	0.279341	0.319609	0.279229	0.334987	0.279954	0.351709	0.281697	0.369851	0.284669	0.389496	0.289119	0.410731	0.295337
445.133480	0.210693	0.311335	0.212419	0.308533	0.214767	0.305664	0.217772	0.302744	0.221472	0.299792	0.225901	0.296832	0.231097	0.293891	0.237100	0.291002	0.243949	0.288206	0.251687	0.285551	0.260360	0.283094	0.270013	0.280901	0.280699	0.279053	0.292470	0.277644	0.305384	0.276785	0.319504	0.276608	0.334894	0.277266	0.351627	0.278939	0.369779	0.281841	0.389432	0.286219	0.410674	0.292367
445.621920	0.210252	0.309464	0.212007	0.306627	0.214385	0.303721	0.217419	0.300763	0.221147	0.297770	0.225602	0.294768	0.230824	0.291783	0.236851	0.288848	0.243724	0.286004	0.251484	0.283298	0.260176	0.280788	0.269849	0.278540	0.280552	0.276634	0.292339	0.275165	0.305269	0.274244	0.319401	0.274001	0.334803	0.274591	0.351547	0.276195	0.369708	0.279026	0.389369	0.283333	0.410618	0.289409
446.110290	0.209814	0.307597	0.211598	0.304724	0.214005	0.301781	0.217068	0.298785	0.220823	0.295752	0.225305	0.292707	0.230553	0.289679	0.236604	0.286697	0.243499	0.283805	0.251281	0.281049	0.259994	0.278486	0.269686	0.276183	0.280407	0.274220	0.292209	0.272690	0.305154	0.271706	0.319300	0.271399	0.334713	0.271921	0.351467	0.273456	0.369637	0.276216	0.389306	0.280451	0.410563	0.286455
446.598510	0.209383	0.305740	0.211196	0.302832	0.213632	0.299853	0.216723	0.296819	0.220505	0.293746	0.225014	0.290660	0.230286	0.287587	0.236362	0.284560	0.243280	0.281621	0.251083	0.278814	0.259816	0.276198	0.269526	0.273840	0.280264	0.271820	0.292083	0.270231	0.305041	0.269184	0.319200	0.268811	0.334625	0.269267	0.351389	0.270732	0.369569	0.273421	0.389245	0.277585	0.410509	0.283517
447.086670	0.208952	0.303886	0.210796	0.300943	0.213260	0.297927	0.216379	0.294855	0.220188	0.291743	0.224723	0.288614	0.230020	0.285498	0.236119	0.282426	0.243060	0.279438	0.250885	0.276581	0.259638	0.273913	0.269367	0.271500	0.280122	0.269422	0.291956	0.267774	0.304929	0.266665	0.319100	0.266227	0.334537	0.266615	0.351311	0.268011	0.369499	0.270629	0.389184	0.274722	0.410454	0.280582
447.574710	0.208526	0.302039	0.210399	0.299061	0.212891	0.296009	0.216038	0.292899	0.219874	0.289747	0.224434	0.286578	0.229757	0.283418	0.235879	0.280300	0.242843	0.277265	0.250688	0.274359	0.259461	0.271639	0.269208	0.269171	0.279979	0.267036	0.291829	0.265328	0.304816	0.264157	0.318999	0.263654	0.334447	0.263975	0.351231	0.265302	0.369428	0.267849	0.389120	0.271870	0.410397	0.277658
448.062620	0.208101	0.300193	0.210003	0.297181	0.212523	0.294093	0.215698	0.290944	0.219560	0.287753	0.224146	0.284543	0.229493	0.281340	0.235639	0.278177	0.242625	0.275094	0.250491	0.272139	0.259283	0.269367	0.269049	0.266845	0.279837	0.264653	0.291702	0.262884	0.304702	0.261651	0.318898	0.261084	0.334357	0.261338	0.351151	0.262597	0.369357	0.265073	0.389056	0.269021	0.410339	0.274738
448.550480	0.207680	0.298357	0.209610	0.295310	0.212159	0.292187	0.215361	0.289000	0.219249	0.285770	0.223861	0.282519	0.229232	0.279273	0.235401	0.276065	0.242409	0.272935	0.250295	0.269931	0.259107	0.267107	0.268890	0.264531	0.279694	0.262282	0.291574	0.260455	0.304588	0.259160	0.318796	0.258529	0.334266	0.258716	0.351070	0.259906	0.369283	0.262311	0.388990	0.266188	0.410279	0.271832
449.038180	0.207261	0.296522	0.209219	0.293441	0.211795	0.290282	0.215024	0.287058	0.218939	0.283789	0.223576	0.280496	0.228972	0.277207	0.235164	0.273955	0.242193	0.270778	0.250100	0.267724	0.258931	0.264848	0.268731	0.262219	0.279552	0.259914	0.291447	0.258027	0.304473	0.256671	0.318694	0.255975	0.334175	0.256096	0.350988	0.257217	0.369210	0.259552	0.388924	0.263357	0.410219	0.268929
449.525820	0.206849	0.294700	0.208835	0.291585	0.211439	0.288390	0.214695	0.285129	0.218636	0.281821	0.223298	0.278488	0.228718	0.275156	0.234932	0.271860	0.241982	0.268637	0.249909	0.265533	0.258759	0.262607	0.268576	0.259924	0.279413	0.257562	0.291323	0.255617	0.304363	0.254200	0.318595	0.253440	0.334086	0.253494	0.350908	0.254546	0.369139	0.256811	0.388860	0.260544	0.410161	0.266044
450.013340	0.206437	0.292878	0.208452	0.289729	0.211083	0.286499	0.214366	0.283201	0.218333	0.279854	0.223019	0.276480	0.228463	0.273106	0.234701	0.269765	0.241771	0.266496	0.249719	0.263343	0.258587	0.260366	0.268422	0.257630	0.279274	0.255212	0.291199	0.253208	0.304252	0.251729	0.318495	0.250905	0.333998	0.250893	0.350829	0.251876	0.369067	0.254070	0.388795	0.257732	0.410102	0.263161
450.500730	0.206030	0.291067	0.208072	0.287884	0.210731	0.284618	0.214040	0.281284	0.218033	0.277899	0.222744	0.274485	0.228211	0.271069	0.234470	0.267683	0.241562	0.264368	0.249529	0.261168	0.258416	0.258139	0.268267	0.255350	0.279135	0.252877	0.291074	0.250814	0.304139	0.249274	0.318394	0.248387	0.333907	0.248310	0.350747	0.249224	0.368993	0.251348	0.388728	0.254938	0.410041	0.260294
450.988070	0.205623	0.289255	0.207693	0.286039	0.210380	0.282738	0.213714	0.279367	0.217732	0.275943	0.222468	0.272489	0.227958	0.269032	0.234240	0.265602	0.241353	0.262240	0.249340	0.258992	0.258244	0.255913	0.268113	0.253070	0.278996	0.250541	0.290949	0.248421	0.304027	0.246820	0.318293	0.245870	0.333816	0.245726	0.350665	0.246572	0.368919	0.248627	0.388661	0.252144	0.409980	0.257428
451.475250	0.205224	0.287458	0.207322	0.284208	0.210035	0.280872	0.213396	0.277465	0.217439	0.274003	0.222199	0.270510	0.227712	0.267011	0.234015	0.263537	0.241149	0.260130	0.249155	0.256834	0.258077	0.253704	0.267963	0.250809	0.278861	0.248225	0.290827	0.246047	0.303918	0.244386	0.318195	0.243372	0.333728	0.243163	0.350585	0.243941	0.368847	0.245926	0.388595	0.249372	0.409919	0.254583
451.962370	0.204826	0.285661	0.206951	0.282377	0.209691	0.279007	0.213078	0.275564	0.217146	0.272064	0.221930	0.268531	0.227466	0.264990	0.233791	0.261473	0.240946	0.258020	0.248970	0.254676	0.257911	0.251497	0.267813	0.248549	0.278726	0.245910	0.290705	0.243673	0.303808	0.241952	0.318098	0.240876	0.333639	0.240601	0.350505	0.241311	0.368775	0.243226	0.388529	0.246600	0.409859	0.251740
452.449340	0.204431	0.283873	0.206584	0.280557	0.209350	0.277152	0.212762	0.273673	0.216855	0.270136	0.221663	0.266563	0.227221	0.262981	0.233568	0.259422	0.240743	0.255923	0.248787	0.252531	0.257744	0.249303	0.267662	0.246303	0.278591	0.243609	0.290583	0.241316	0.303698	0.239534	0.317998	0.238396	0.333549	0.238056	0.350424	0.238699	0.368700	0.240543	0.388461	0.243847	0.409796	0.248914
452.936250	0.204038	0.282087	0.206217	0.278738	0.209010	0.275299	0.212447	0.271783	0.216565	0.268208	0.221396	0.264596	0.226977	0.260974	0.233345	0.257371	0.240540	0.253827	0.248603	0.250389	0.257578	0.247110	0.267512	0.244058	0.278455	0.241310	0.290461	0.238959	0.303587	0.237118	0.317898	0.235917	0.333459	0.235512	0.350342	0.236088	0.368625	0.237863	0.388392	0.241095	0.409732	0.246091
453.423030	0.203650	0.280312	0.205856	0.276931	0.208674	0.273457	0.212138	0.269906	0.216280	0.266294	0.221134	0.262644	0.226737	0.258980	0.233126	0.255335	0.240340	0.251747	0.248422	0.248261	0.257414	0.244933	0.267363	0.241829	0.278321	0.239028	0.290340	0.236620	0.303479	0.234720	0.317800	0.233457	0.333369	0.232987	0.350260	0.233496	0.368550	0.235202	0.388323	0.238363	0.409669	0.243287
453.909730	0.203263	0.278539	0.205496	0.275125	0.208340	0.271618	0.211829	0.268032	0.215995	0.264383	0.220872	0.260694	0.226497	0.256989	0.232908	0.253301	0.240142	0.249668	0.248241	0.246136	0.257250	0.242759	0.267215	0.239604	0.278187	0.236748	0.290219	0.234284	0.303370	0.232324	0.317701	0.231000	0.333280	0.230466	0.350179	0.230907	0.368476	0.232544	0.388255	0.235634	0.409606	0.240486
454.396300	0.202880	0.276776	0.205140	0.273330	0.208010	0.269789	0.211524	0.266168	0.215713	0.262482	0.220614	0.258755	0.226260	0.255010	0.232691	0.251280	0.239944	0.247603	0.248062	0.244024	0.257088	0.240599	0.267068	0.237393	0.278054	0.234483	0.290099	0.231964	0.303261	0.229945	0.317602	0.228559	0.333189	0.227961	0.350097	0.228336	0.368400	0.229904	0.388185	0.232924	0.409541	0.237705
454.882780	0.202499	0.275015	0.204785	0.271537	0.207680	0.267963	0.211218	0.264306	0.215432	0.260584	0.220355	0.256819	0.226024	0.253033	0.232475	0.249261	0.239747	0.245541	0.247883	0.241916	0.256925	0.238443	0.266921	0.235185	0.277921	0.232222	0.289978	0.229647	0.303151	0.227569	0.317503	0.226122	0.333099	0.225460	0.350014	0.225769	0.368324	0.227268	0.388115	0.230218	0.409476	0.234927
455.369140	0.202121	0.273262	0.204432	0.269752	0.207353	0.266145	0.210916	0.262454	0.215153	0.258695	0.220099	0.254892	0.225789	0.251067	0.232260	0.247253	0.239552	0.243489	0.247705	0.239819	0.256763	0.236297	0.266774	0.232989	0.277787	0.229973	0.289857	0.227343	0.303041	0.225207	0.317403	0.223699	0.333007	0.222974	0.349930	0.223216	0.368247	0.224648	0.388043	0.227528	0.409409	0.232166
455.855410	0.201743	0.271512	0.204081	0.267970	0.207027	0.264330	0.210614	0.260604	0.214875	0.256810	0.219843	0.252968	0.225555	0.249104	0.232046	0.245249	0.239356	0.241441	0.247527	0.237725	0.256601	0.234156	0.266627	0.230798	0.277654	0.227729	0.289736	0.225044	0.302931	0.222850	0.317302	0.221281	0.332915	0.220493	0.349845	0.220669	0.368168	0.222033	0.387971	0.224842	0.409341	0.229410
456.341580	0.201371	0.269772	0.203734	0.266199	0.206706	0.262525	0.210317	0.258766	0.214601	0.254936	0.219591	0.251056	0.225324	0.247153	0.231834	0.243257	0.239163	0.239406	0.247351	0.235645	0.256442	0.232028	0.266482	0.228621	0.277522	0.225500	0.289617	0.222759	0.302822	0.220508	0.317203	0.218879	0.332824	0.218028	0.349762	0.218140	0.368091	0.219435	0.387898	0.222175	0.409274	0.226671
456.827640	0.201001	0.268036	0.203390	0.264432	0.206386	0.260726	0.210022	0.256932	0.214329	0.253067	0.219341	0.249150	0.225094	0.245208	0.231624	0.241271	0.238972	0.237377	0.247177	0.233571	0.256283	0.229907	0.266338	0.226450	0.277392	0.223277	0.289498	0.220482	0.302714	0.218174	0.317104	0.216485	0.332734	0.215570	0.349678	0.215617	0.368014	0.216845	0.387827	0.219516	0.409206	0.223941
457.313600	0.200634	0.266308	0.203048	0.262673	0.206069	0.258934	0.209728	0.255107	0.214058	0.251206	0.219092	0.247252	0.224866	0.243271	0.231415	0.239294	0.238781	0.235358	0.247003	0.231508	0.256125	0.227796	0.266194	0.224290	0.277261	0.221066	0.289379	0.218216	0.302605	0.215852	0.317004	0.214103	0.332642	0.213127	0.349593	0.213109	0.367935	0.214270	0.387753	0.216872	0.409137	0.221226
457.799440	0.200268	0.264584	0.202708	0.260918	0.205753	0.257147	0.209436	0.253286	0.213788	0.249349	0.218843	0.245359	0.224637	0.241340	0.231207	0.237323	0.238591	0.233344	0.246829	0.229450	0.255966	0.225692	0.266050	0.222137	0.277129	0.218861	0.289259	0.215958	0.302495	0.213537	0.316904	0.211729	0.332549	0.210691	0.349507	0.210608	0.367855	0.211703	0.387678	0.214236	0.409066	0.218520
458.285190	0.199907	0.262868	0.202371	0.259171	0.205440	0.255369	0.209147	0.251474	0.213521	0.247503	0.218598	0.243477	0.224412	0.239419	0.231001	0.235362	0.238402	0.231342	0.246657	0.227403	0.255810	0.223599	0.265907	0.219996	0.276999	0.216669	0.289140	0.213713	0.302387	0.211235	0.316804	0.209369	0.332458	0.208269	0.349422	0.208123	0.367776	0.209151	0.387604	0.211616	0.408996	0.215830
458.770840	0.199548	0.261159	0.202037	0.257432	0.205131	0.253598	0.208860	0.249670	0.213257	0.245664	0.218356	0.241601	0.224190	0.237506	0.230797	0.233409	0.238216	0.229347	0.246487	0.225364	0.255655	0.221515	0.265766	0.217863	0.276871	0.214486	0.289022	0.211477	0.302280	0.208943	0.316705	0.207019	0.332367	0.205858	0.349338	0.205648	0.367698	0.206609	0.387530	0.209006	0.408927	0.213151
459.256380	0.199191	0.259455	0.201705	0.255698	0.204823	0.251833	0.208575	0.247871	0.212994	0.243831	0.218114	0.239733	0.223968	0.235600	0.230594	0.231464	0.238030	0.227361	0.246318	0.223334	0.255500	0.219440	0.265625	0.215740	0.276742	0.212313	0.288904	0.209251	0.302171	0.206662	0.316605	0.204680	0.332275	0.203458	0.349252	0.203185	0.367618	0.204080	0.387455	0.206410	0.408856	0.210485
459.741790	0.198836	0.257757	0.201375	0.253969	0.204516	0.250073	0.208291	0.246079	0.212732	0.242005	0.217872	0.237871	0.223746	0.233701	0.230391	0.229526	0.237844	0.225382	0.246148	0.221312	0.255345	0.217373	0.265483	0.213626	0.276612	0.210149	0.288785	0.207034	0.302062	0.204391	0.316504	0.202351	0.332182	0.201069	0.349166	0.200733	0.367536	0.201563	0.387379	0.203825	0.408783	0.207832
460.227140	0.198484	0.256066	0.201047	0.252248	0.204212	0.248321	0.208010	0.244295	0.212473	0.240187	0.217633	0.236018	0.223527	0.231811	0.230190	0.227596	0.237660	0.223412	0.245980	0.219300	0.255192	0.215315	0.265343	0.211521	0.276483	0.207995	0.288667	0.204828	0.301954	0.202131	0.316405	0.200033	0.332089	0.198692	0.349080	0.198294	0.367456	0.199059	0.387302	0.201253	0.408711	0.205191
460.712370	0.198136	0.254383	0.200723	0.250536	0.203911	0.246577	0.207732	0.242519	0.212216	0.238378	0.217397	0.234173	0.223310	0.229930	0.229991	0.225677	0.237479	0.221452	0.245814	0.217298	0.255040	0.213269	0.265204	0.209429	0.276356	0.205853	0.288551	0.202635	0.301847	0.199883	0.316306	0.197729	0.331997	0.196328	0.348994	0.195868	0.367375	0.196569	0.387226	0.198697	0.408639	0.202566
461.197480	0.197790	0.252704	0.200400	0.248828	0.203612	0.244839	0.207455	0.240749	0.211960	0.236575	0.217162	0.232335	0.223094	0.228055	0.229793	0.223764	0.237297	0.219499	0.245647	0.215303	0.254888	0.211230	0.265065	0.207343	0.276229	0.203719	0.288434	0.200450	0.301739	0.197644	0.316207	0.195434	0.331905	0.193974	0.348907	0.193452	0.367294	0.194089	0.387149	0.196150	0.408566	0.199952
461.682500	0.197445	0.251032	0.200080	0.247127	0.203315	0.243107	0.207179	0.238987	0.211706	0.234779	0.216927	0.230505	0.222878	0.226189	0.229595	0.221860	0.237116	0.217555	0.245482	0.213318	0.254736	0.209200	0.264926	0.205268	0.276102	0.201596	0.288317	0.198276	0.301631	0.195418	0.316106	0.193151	0.331811	0.191633	0.348819	0.191050	0.367211	0.191623	0.387070	0.193618	0.408491	0.197352
462.167420	0.197102	0.249365	0.199760	0.245431	0.203018	0.241381	0.206905	0.237229	0.211452	0.232988	0.216694	0.228680	0.222663	0.224328	0.229398	0.219961	0.236935	0.215617	0.245316	0.211338	0.254584	0.207178	0.264787	0.203200	0.275973	0.199480	0.288199	0.196110	0.301522	0.193199	0.316005	0.190877	0.331717	0.189300	0.348731	0.188656	0.367128	0.189167	0.386991	0.191096	0.408415	0.194763
462.652220	0.196761	0.247705	0.199443	0.243742	0.202723	0.239663	0.206631	0.235479	0.211200	0.231206	0.216461	0.226864	0.222449	0.222477	0.229201	0.218073	0.236754	0.213690	0.245150	0.209371	0.254432	0.205168	0.264647	0.201145	0.275845	0.197377	0.288080	0.193957	0.301411	0.190994	0.315902	0.188617	0.331621	0.186984	0.348641	0.186279	0.367042	0.186727	0.386910	0.188592	0.408337	0.192193
463.136930	0.196422	0.246049	0.199127	0.242058	0.202429	0.237949	0.206359	0.233734	0.210949	0.229429	0.216230	0.225054	0.222236	0.220631	0.229006	0.216191	0.236574	0.211769	0.244985	0.207409	0.254281	0.203164	0.264507	0.199095	0.275716	0.195281	0.287962	0.191811	0.301301	0.188796	0.315801	0.186365	0.331525	0.184675	0.348551	0.183910	0.366957	0.184296	0.386829	0.186097	0.408259	0.189631
463.621520	0.196087	0.244404	0.198816	0.240386	0.202141	0.236247	0.206092	0.232002	0.210701	0.227665	0.216002	0.223256	0.222027	0.218798	0.228813	0.214322	0.236397	0.209862	0.244823	0.205462	0.254132	0.201174	0.264370	0.197062	0.275590	0.193201	0.287845	0.189683	0.301193	0.186616	0.315700	0.184131	0.331431	0.182384	0.348462	0.181561	0.366872	0.181885	0.386748	0.183622	0.408182	0.187090
464.106020	0.195754	0.242762	0.198506	0.238716	0.201853	0.234549	0.205825	0.230273	0.210455	0.225904	0.215775	0.221462	0.221818	0.216970	0.228620	0.212457	0.236221	0.207959	0.244661	0.203519	0.253983	0.199189	0.264233	0.195033	0.275464	0.191126	0.287728	0.187559	0.301085	0.184442	0.315599	0.181902	0.331336	0.180099	0.348372	0.179218	0.366787	0.179480	0.386667	0.181153	0.408104	0.184556
464.590420	0.195424	0.241130	0.198198	0.237056	0.201567	0.232860	0.205561	0.228555	0.210210	0.224155	0.215549	0.219680	0.221610	0.215154	0.228429	0.210605	0.236045	0.206069	0.244499	0.201590	0.253834	0.197219	0.264097	0.193020	0.275338	0.189068	0.287612	0.185453	0.300977	0.182285	0.315497	0.179693	0.331241	0.177834	0.348282	0.176894	0.366701	0.177097	0.386585	0.178707	0.408025	0.182045
465.074710	0.195095	0.239500	0.197891	0.235399	0.201283	0.231175	0.205297	0.226839	0.209967	0.222408	0.215324	0.217901	0.221402	0.213340	0.228239	0.208756	0.235870	0.204183	0.244338	0.199664	0.253686	0.195253	0.263960	0.191011	0.275212	0.187013	0.287495	0.183351	0.300868	0.180132	0.315395	0.177488	0.331145	0.175574	0.348192	0.174576	0.366616	0.174718	0.386502	0.176265	0.407946	0.179539
465.558900	0.194769	0.237882	0.197588	0.233753	0.201001	0.229501	0.205036	0.225136	0.209726	0.220675	0.215101	0.216135	0.221197	0.211541	0.228049	0.206922	0.235696	0.202312	0.244178	0.197755	0.253539	0.193303	0.263824	0.189018	0.275086	0.184976	0.287378	0.181267	0.300759	0.177999	0.315293	0.175303	0.331049	0.173335	0.348100	0.172280	0.366528	0.172363	0.386419	0.173849	0.407865	0.177059
466.042970	0.194443	0.236265	0.197285	0.232109	0.200719	0.227829	0.204775	0.223435	0.209485	0.218942	0.214878	0.214372	0.220992	0.209744	0.227860	0.205090	0.235523	0.200443	0.244018	0.195848	0.253391	0.191356	0.263688	0.187028	0.274960	0.182942	0.287261	0.179186	0.300649	0.175869	0.315191	0.173121	0.330952	0.171098	0.348009	0.169988	0.366441	0.170010	0.386335	0.171435	0.407784	0.174582
466.526950	0.194122	0.234660	0.196986	0.230477	0.200441	0.226169	0.204517	0.221746	0.209246	0.217224	0.214658	0.212621	0.220789	0.207961	0.227673	0.203272	0.235350	0.198590	0.243859	0.193957	0.253244	0.189425	0.263552	0.185056	0.274833	0.180926	0.287143	0.177124	0.300539	0.173759	0.315087	0.170961	0.330855	0.168885	0.347916	0.167718	0.366352	0.167683	0.386250	0.169047	0.407701	0.172132
467.010830	0.193800	0.233054	0.196686	0.228845	0.200163	0.224509	0.204259	0.220058	0.209007	0.215506	0.214438	0.210871	0.220586	0.206178	0.227486	0.201456	0.235177	0.196738	0.243699	0.192067	0.253097	0.187495	0.263416	0.183085	0.274707	0.178911	0.287025	0.175063	0.300430	0.171650	0.314984	0.168801	0.330757	0.166672	0.347823	0.165450	0.366263	0.165357	0.386164	0.166660	0.407618	0.169683
467.494600	0.193483	0.231462	0.196391	0.227227	0.199889	0.222864	0.204005	0.218384	0.208771	0.213803	0.214220	0.209138	0.220385	0.204413	0.227301	0.199657	0.235006	0.194904	0.243542	0.190196	0.252951	0.185586	0.263281	0.181135	0.274582	0.176919	0.286908	0.173026	0.300320	0.169566	0.314880	0.166667	0.330659	0.164486	0.347730	0.163209	0.366173	0.163059	0.386077	0.164303	0.407534	0.167264
467.978240	0.193166	0.229871	0.196095	0.225610	0.199614	0.221220	0.203750	0.216711	0.208536	0.212101	0.214003	0.207405	0.220184	0.202648	0.227115	0.197859	0.234835	0.193070	0.243384	0.188326	0.252806	0.183677	0.263146	0.179186	0.274457	0.174927	0.286791	0.170989	0.300211	0.167482	0.314777	0.164534	0.330560	0.162300	0.347636	0.160969	0.366084	0.160761	0.385991	0.161947	0.407451	0.164847
468.461820	0.192855	0.228294	0.195806	0.224008	0.199345	0.219591	0.203501	0.215055	0.208305	0.210415	0.213789	0.205690	0.219987	0.200902	0.226934	0.196079	0.234667	0.191257	0.243229	0.186476	0.252662	0.181789	0.263013	0.177258	0.274333	0.172957	0.286677	0.168976	0.300103	0.165422	0.314675	0.162426	0.330464	0.160142	0.347544	0.158757	0.365995	0.158494	0.385905	0.159621	0.407368	0.162461
468.945280	0.192544	0.226718	0.195517	0.222407	0.199076	0.217963	0.203252	0.213400	0.208075	0.208732	0.213576	0.203976	0.219790	0.199157	0.226753	0.194301	0.234500	0.189444	0.243075	0.184627	0.252519	0.179903	0.262881	0.175332	0.274210	0.170990	0.286562	0.166965	0.299994	0.163365	0.314573	0.160320	0.330367	0.157985	0.347451	0.156547	0.365906	0.156228	0.385819	0.157298	0.407284	0.160078
469.428620	0.192234	0.225151	0.195227	0.220815	0.198807	0.216345	0.203002	0.211755	0.207844	0.207058	0.213362	0.202273	0.219592	0.197423	0.226569	0.192536	0.234331	0.187645	0.242918	0.182793	0.252374	0.178032	0.262746	0.173422	0.274084	0.169039	0.286444	0.164972	0.299883	0.161327	0.314468	0.158235	0.330266	0.155850	0.347354	0.154360	0.365813	0.153987	0.385728	0.154999	0.407197	0.157721
469.911870	0.191924	0.223586	0.194938	0.219224	0.198538	0.214729	0.202753	0.210112	0.207612	0.205387	0.213148	0.200572	0.219394	0.195692	0.226385	0.190772	0.234161	0.185848	0.242761	0.180961	0.252228	0.176163	0.262610	0.171515	0.273957	0.167091	0.286325	0.162981	0.299770	0.159291	0.314361	0.156152	0.330165	0.153718	0.347257	0.152175	0.365719	0.151748	0.385638	0.152705	0.407108	0.155367
470.395020	0.191619	0.222034	0.194655	0.217648	0.198275	0.213127	0.202508	0.208484	0.207386	0.203731	0.212938	0.198888	0.219200	0.193977	0.226207	0.189026	0.233995	0.184069	0.242608	0.179148	0.252086	0.174313	0.262478	0.169628	0.273833	0.165164	0.286209	0.161012	0.299661	0.157278	0.314257	0.154093	0.330066	0.151610	0.347162	0.150017	0.365627	0.149536	0.385549	0.150437	0.407021	0.153042
470.878050	0.191316	0.220486	0.194373	0.216075	0.198013	0.211529	0.202265	0.206859	0.207160	0.202079	0.212730	0.197207	0.219008	0.192266	0.226029	0.187284	0.233831	0.182294	0.242455	0.177339	0.251945	0.172469	0.262346	0.167745	0.273710	0.163241	0.286093	0.159048	0.299552	0.155271	0.314154	0.152039	0.329968	0.149509	0.347068	0.147864	0.365536	0.147331	0.385460	0.148176	0.406935	0.150724
471.360990	0.191015	0.218946	0.194092	0.214511	0.197752	0.209940	0.202022	0.205244	0.206935	0.200437	0.212521	0.195537	0.218815	0.190567	0.225850	0.185554	0.233665	0.180532	0.242302	0.175543	0.251802	0.170638	0.262213	0.165877	0.273586	0.161335	0.285976	0.157100	0.299442	0.153281	0.314049	0.150004	0.329867	0.147426	0.346971	0.145733	0.365442	0.145147	0.385369	0.145938	0.406845	0.148430
471.843810	0.190713	0.217409	0.193811	0.212950	0.197490	0.208354	0.201780	0.203632	0.206710	0.198799	0.212313	0.193871	0.218621	0.188871	0.225671	0.183828	0.233500	0.178775	0.242148	0.173752	0.251658	0.168812	0.262079	0.164015	0.273460	0.159434	0.285857	0.155159	0.299330	0.151297	0.313942	0.147976	0.329765	0.145351	0.346873	0.143608	0.365347	0.142971	0.385276	0.143708	0.406754	0.146145
472.326540	0.190416	0.215882	0.193533	0.211399	0.197232	0.206779	0.201540	0.202032	0.206487	0.197172	0.212107	0.192217	0.218430	0.187189	0.225494	0.182116	0.233335	0.177031	0.241995	0.171976	0.251516	0.167001	0.261947	0.162168	0.273336	0.157549	0.285740	0.153235	0.299219	0.149331	0.313836	0.145966	0.329663	0.143295	0.346774	0.141504	0.365252	0.140817	0.385183	0.141501	0.406664	0.143883
472.809170	0.190120	0.214360	0.193257	0.209854	0.196975	0.205210	0.201301	0.200438	0.206266	0.195552	0.211902	0.190569	0.218240	0.185512	0.225318	0.180410	0.233172	0.175294	0.241843	0.170206	0.251375	0.165198	0.261814	0.160329	0.273212	0.155673	0.285623	0.151319	0.299108	0.147374	0.313731	0.143966	0.329561	0.141249	0.346676	0.139410	0.365157	0.138673	0.385091	0.139305	0.406573	0.141633
473.291690	0.189827	0.212847	0.192984	0.208319	0.196720	0.203650	0.201065	0.198853	0.206047	0.193942	0.211699	0.188932	0.218052	0.183847	0.225143	0.178716	0.233010	0.173569	0.241693	0.168449	0.251235	0.163408	0.261683	0.158504	0.273089	0.153811	0.285507	0.149419	0.298997	0.145433	0.313625	0.141983	0.329460	0.139221	0.346578	0.137335	0.365062	0.136549	0.384998	0.137130	0.406482	0.139404
473.774110	0.189535	0.211341	0.192713	0.206790	0.196468	0.202098	0.200831	0.197276	0.205830	0.192339	0.211497	0.187303	0.217865	0.182191	0.224970	0.177029	0.232849	0.171853	0.241543	0.166702	0.251095	0.161628	0.261553	0.156689	0.272966	0.151960	0.285391	0.147530	0.298888	0.143504	0.313520	0.140010	0.329359	0.137205	0.346481	0.135273	0.364967	0.134437	0.384905	0.134968	0.406391	0.137189
474.256410	0.189245	0.209841	0.192442	0.205267	0.196216	0.200552	0.200597	0.195706	0.205613	0.190743	0.211296	0.185682	0.217678	0.180542	0.224796	0.175352	0.232688	0.170146	0.241393	0.164965	0.250955	0.159858	0.261421	0.154885	0.272843	0.150120	0.285274	0.145652	0.298776	0.141587	0.313414	0.138052	0.329257	0.135204	0.346381	0.133226	0.364869	0.132343	0.384810	0.132824	0.406298	0.134993
474.738620	0.188955	0.208346	0.192172	0.203750	0.195965	0.199012	0.200363	0.194143	0.205396	0.189155	0.211094	0.184067	0.217491	0.178901	0.224622	0.173683	0.232526	0.168448	0.241242	0.163235	0.250814	0.158097	0.261289	0.153091	0.272718	0.148291	0.285156	0.143786	0.298663	0.139682	0.313306	0.136107	0.329152	0.133216	0.346280	0.131193	0.364771	0.130263	0.384714	0.130694	0.406203	0.132813
475.220700	0.188668	0.206859	0.191904	0.202241	0.195716	0.197480	0.200131	0.192587	0.205180	0.187575	0.210893	0.182461	0.217305	0.177269	0.224450	0.172023	0.232365	0.166759	0.241092	0.161517	0.250673	0.156346	0.261157	0.151307	0.272594	0.146473	0.285038	0.141932	0.298551	0.137789	0.313198	0.134174	0.329049	0.131241	0.346179	0.129174	0.364672	0.128198	0.384617	0.128581	0.406109	0.130650
475.702700	0.188384	0.205380	0.191639	0.200740	0.195469	0.195956	0.199902	0.191041	0.204967	0.186004	0.210695	0.180866	0.217121	0.175647	0.224279	0.170374	0.232206	0.165082	0.240944	0.159810	0.250535	0.154608	0.261027	0.149537	0.272470	0.144669	0.284921	0.140092	0.298440	0.135912	0.313091	0.132258	0.328945	0.129283	0.346079	0.127173	0.364574	0.126151	0.384521	0.126487	0.406014	0.128506
476.184600	0.188101	0.203906	0.191374	0.199245	0.195222	0.194439	0.199673	0.189500	0.204754	0.184439	0.210498	0.179277	0.216938	0.174032	0.224109	0.168732	0.232047	0.163412	0.240795	0.158111	0.250396	0.152878	0.260896	0.147775	0.272346	0.142874	0.284804	0.138261	0.298328	0.134045	0.312983	0.130352	0.328841	0.127336	0.345978	0.125183	0.364476	0.124116	0.384424	0.124405	0.405919	0.126376
476.666380	0.187819	0.202440	0.191112	0.197758	0.194977	0.192931	0.199445	0.187969	0.204542	0.182885	0.210301	0.177698	0.216755	0.172428	0.223938	0.167102	0.231888	0.161754	0.240647	0.156424	0.250256	0.151162	0.260764	0.146027	0.272222	0.141092	0.284686	0.136446	0.298214	0.132193	0.312874	0.128462	0.328736	0.125406	0.345875	0.123212	0.364375	0.122101	0.384325	0.122345	0.405821	0.124268
477.148070	0.187539	0.200979	0.190850	0.196276	0.194734	0.191427	0.199218	0.186443	0.204331	0.181337	0.210105	0.176124	0.216572	0.170830	0.223768	0.165478	0.231730	0.160103	0.240499	0.154744	0.250118	0.149452	0.260633	0.144287	0.272098	0.139319	0.284568	0.134639	0.298101	0.130350	0.312766	0.126582	0.328631	0.123486	0.345773	0.121251	0.364275	0.120097	0.384227	0.120296	0.405724	0.122171
477.629670	0.187262	0.199529	0.190592	0.194806	0.194494	0.189935	0.198994	0.184929	0.204123	0.179800	0.209911	0.174564	0.216392	0.169245	0.223600	0.163867	0.231573	0.158466	0.240352	0.153080	0.249980	0.147759	0.260504	0.142563	0.271975	0.137564	0.284451	0.132850	0.297989	0.128527	0.312657	0.124722	0.328526	0.121588	0.345671	0.119312	0.364175	0.118116	0.384129	0.118271	0.405627	0.120101
478.111150	0.186985	0.198082	0.190334	0.193338	0.194254	0.188447	0.198770	0.183419	0.203915	0.178267	0.209717	0.173008	0.216211	0.167664	0.223432	0.162261	0.231417	0.156833	0.240205	0.151420	0.249842	0.146071	0.260374	0.140845	0.271852	0.135815	0.284334	0.131068	0.297877	0.126710	0.312549	0.122869	0.328420	0.119698	0.345568	0.117381	0.364074	0.116143	0.384029	0.116255	0.405529	0.118039
478.592500	0.186710	0.196645	0.190077	0.191881	0.194014	0.186969	0.198547	0.181920	0.203707	0.176746	0.209524	0.171464	0.216031	0.166097	0.223264	0.160670	0.231259	0.155216	0.240058	0.149776	0.249703	0.144399	0.260243	0.139144	0.271728	0.134083	0.284215	0.129304	0.297763	0.124913	0.312438	0.121037	0.328313	0.117829	0.345462	0.115474	0.363971	0.114196	0.383927	0.114265	0.405429	0.116006
479.073760	0.186436	0.195210	0.189821	0.190426	0.193775	0.185494	0.198324	0.180424	0.203500	0.175228	0.209331	0.169923	0.215852	0.164533	0.223097	0.159081	0.231102	0.153601	0.239911	0.148135	0.249564	0.142730	0.260112	0.137446	0.271603	0.132355	0.284096	0.127545	0.297649	0.123121	0.312328	0.119210	0.328206	0.115965	0.345357	0.113572	0.363867	0.112254	0.383825	0.112281	0.405329	0.113978
479.554930	0.186165	0.193788	0.189569	0.188986	0.193540	0.184033	0.198105	0.178942	0.203295	0.173725	0.209141	0.168398	0.215674	0.162985	0.222931	0.157510	0.230947	0.152005	0.239765	0.146513	0.249427	0.141081	0.259982	0.135769	0.271480	0.130649	0.283977	0.125808	0.297535	0.121352	0.312218	0.117407	0.328098	0.114128	0.345253	0.111697	0.363764	0.110341	0.383724	0.110327	0.405228	0.111983
480.036010	0.185895	0.192368	0.189316	0.187546	0.193304	0.182574	0.197886	0.177462	0.203091	0.172224	0.208951	0.166875	0.215497	0.161438	0.222765	0.155940	0.230792	0.150411	0.239619	0.144893	0.249290	0.139434	0.259852	0.134094	0.271357	0.128945	0.283859	0.124074	0.297421	0.119586	0.312108	0.115607	0.327991	0.112293	0.345148	0.109825	0.363661	0.108430	0.383622	0.108376	0.405127	0.109990
480.516970	0.185627	0.190960	0.189066	0.186119	0.193071	0.181128	0.197668	0.175996	0.202888	0.170737	0.208761	0.165367	0.215320	0.159909	0.222600	0.154387	0.230638	0.148834	0.239473	0.143291	0.249153	0.137807	0.259722	0.132441	0.271232	0.127264	0.283740	0.122363	0.297306	0.117844	0.311996	0.113833	0.327882	0.110485	0.345041	0.107982	0.363556	0.106551	0.383518	0.106458	0.405024	0.108032
480.997800	0.185359	0.189552	0.188816	0.184693	0.192837	0.179683	0.197451	0.174531	0.202685	0.169251	0.208572	0.163860	0.215144	0.158379	0.222435	0.152834	0.230483	0.147258	0.239328	0.141690	0.249016	0.136180	0.259592	0.130788	0.271108	0.125583	0.283621	0.120653	0.297192	0.116103	0.311885	0.112060	0.327773	0.108678	0.344934	0.106140	0.363451	0.104672	0.383414	0.104541	0.404921	0.106075
481.478550	0.185097	0.188161	0.188571	0.183283	0.192609	0.178254	0.197238	0.173083	0.202486	0.167783	0.208387	0.162372	0.214971	0.156870	0.222273	0.151303	0.230331	0.145704	0.239185	0.140113	0.248881	0.134578	0.259464	0.129159	0.270986	0.123927	0.283504	0.118970	0.297079	0.114390	0.311775	0.110317	0.327666	0.106903	0.344829	0.104332	0.363348	0.102827	0.383312	0.102660	0.404820	0.104156
481.959200	0.184834	0.186770	0.188326	0.181875	0.192380	0.176826	0.197024	0.171636	0.202288	0.166317	0.208202	0.160884	0.214798	0.155361	0.222111	0.149772	0.230179	0.144150	0.239043	0.138536	0.248746	0.132976	0.259336	0.127531	0.270864	0.122272	0.283387	0.117287	0.296966	0.112678	0.311665	0.108574	0.327559	0.105128	0.344724	0.102523	0.363244	0.100984	0.383209	0.100780	0.404718	0.102238
482.439730	0.184572	0.185390	0.188081	0.180477	0.192151	0.175410	0.196811	0.170201	0.202089	0.164863	0.208015	0.159411	0.214623	0.153867	0.221947	0.148257	0.230026	0.142613	0.238898	0.136976	0.248609	0.131392	0.259205	0.125923	0.270739	0.120639	0.283267	0.115626	0.296849	0.110990	0.311552	0.106857	0.327448	0.103380	0.344615	0.100743	0.363136	0.099170	0.383102	0.098931	0.404611	0.100353
482.920170	0.184311	0.184010	0.187836	0.179080	0.191922	0.173996	0.196597	0.168768	0.201889	0.163410	0.207829	0.157939	0.214449	0.152374	0.221784	0.146743	0.229872	0.141078	0.238753	0.135418	0.248472	0.129811	0.259075	0.124317	0.270614	0.119007	0.283146	0.113968	0.296732	0.109304	0.311439	0.105142	0.327337	0.101635	0.344505	0.098966	0.363028	0.097360	0.382995	0.097087	0.404505	0.098473
483.400510	0.184054	0.182646	0.187596	0.177698	0.191698	0.172596	0.196388	0.167351	0.201694	0.161974	0.207647	0.156484	0.214278	0.150899	0.221624	0.145248	0.229722	0.139562	0.238611	0.133880	0.248337	0.128250	0.258946	0.122733	0.270491	0.117398	0.283028	0.112334	0.296618	0.107643	0.311327	0.103453	0.327227	0.099917	0.344397	0.097218	0.362921	0.095580	0.382889	0.095273	0.404400	0.096625
483.880740	0.183798	0.181284	0.187356	0.176319	0.191474	0.171200	0.196180	0.165937	0.201499	0.160542	0.207465	0.155032	0.214108	0.149428	0.221465	0.143756	0.229572	0.138050	0.238470	0.132346	0.248203	0.126694	0.258819	0.121153	0.270369	0.115794	0.282910	0.110704	0.296503	0.105987	0.311216	0.101769	0.327118	0.098204	0.344290	0.095476	0.362814	0.093806	0.382784	0.093467	0.404295	0.094784
484.360840	0.183542	0.179931	0.187117	0.174950	0.191251	0.169813	0.195971	0.164533	0.201304	0.159120	0.207282	0.153592	0.213937	0.147970	0.221304	0.142278	0.229421	0.136551	0.238327	0.130826	0.248067	0.125153	0.258689	0.119590	0.270245	0.114207	0.282790	0.109093	0.296387	0.104351	0.311101	0.100107	0.327006	0.096514	0.344179	0.093757	0.362705	0.092057	0.382675	0.091687	0.404187	0.092972
484.840880	0.183286	0.178581	0.186878	0.173583	0.191027	0.168430	0.195761	0.163133	0.201109	0.157703	0.207099	0.152156	0.213766	0.146515	0.221142	0.140804	0.229268	0.135057	0.238183	0.129311	0.247930	0.123617	0.258558	0.118032	0.270120	0.112626	0.282669	0.107488	0.296269	0.102721	0.310986	0.098452	0.326893	0.094832	0.344068	0.092045	0.362595	0.090317	0.382565	0.089915	0.404078	0.091169
485.320770	0.183033	0.177242	0.186642	0.172228	0.190806	0.167059	0.195555	0.161745	0.200916	0.156298	0.206918	0.150733	0.213596	0.145074	0.220983	0.139345	0.229118	0.133578	0.238041	0.127812	0.247795	0.122097	0.258429	0.116490	0.269995	0.111063	0.282549	0.105902	0.296152	0.101111	0.310872	0.096817	0.326781	0.093171	0.343957	0.090357	0.362485	0.088601	0.382456	0.088169	0.403969	0.089392
485.800600	0.182781	0.175908	0.186407	0.170879	0.190587	0.165693	0.195349	0.160362	0.200724	0.154898	0.206739	0.149317	0.213428	0.143639	0.220825	0.137892	0.228969	0.132106	0.237900	0.126321	0.247661	0.120585	0.258300	0.114958	0.269871	0.109509	0.282429	0.104325	0.296035	0.099511	0.310758	0.095191	0.326669	0.091520	0.343846	0.088681	0.362375	0.086896	0.382346	0.086436	0.403860	0.087630
486.280300	0.182533	0.174584	0.186174	0.169539	0.190370	0.164338	0.195146	0.158991	0.200534	0.153510	0.206561	0.147912	0.213261	0.142217	0.220668	0.136452	0.228821	0.130647	0.237759	0.124843	0.247527	0.119088	0.258173	0.113440	0.269749	0.107970	0.282310	0.102765	0.295920	0.097928	0.310645	0.093585	0.326557	0.089889	0.343736	0.087024	0.362265	0.085213	0.382237	0.084726	0.403751	0.085890
486.759890	0.182286	0.173267	0.185943	0.168207	0.190154	0.162991	0.194945	0.157628	0.200345	0.152130	0.206384	0.146515	0.213095	0.140804	0.220512	0.135020	0.228674	0.129198	0.237620	0.123376	0.247395	0.117601	0.258046	0.111933	0.269626	0.106443	0.282191	0.101216	0.295805	0.096357	0.310532	0.091992	0.326445	0.088272	0.343625	0.085382	0.362155	0.083545	0.382129	0.083031	0.403643	0.084167
487.239410	0.182041	0.171956	0.185714	0.166882	0.189939	0.161650	0.194744	0.156272	0.200156	0.150758	0.206207	0.145127	0.212929	0.139399	0.220356	0.133599	0.228527	0.127758	0.237480	0.121918	0.247261	0.116125	0.257918	0.110438	0.269503	0.104928	0.282072	0.099681	0.295689	0.094801	0.310418	0.090413	0.326332	0.086670	0.343514	0.083757	0.362044	0.081895	0.382018	0.081355	0.403532	0.082465
487.718780	0.181796	0.170653	0.185484	0.165563	0.189725	0.160318	0.194544	0.154924	0.199969	0.149396	0.206031	0.143748	0.212764	0.138004	0.220200	0.132186	0.228379	0.126329	0.237340	0.120472	0.247128	0.114660	0.257790	0.108955	0.269380	0.103425	0.281952	0.098159	0.295572	0.093258	0.310302	0.088849	0.326219	0.085084	0.343401	0.082148	0.361933	0.080262	0.381907	0.079697	0.403421	0.080782
488.198090	0.181553	0.169355	0.185256	0.164251	0.189511	0.158991	0.194344	0.153582	0.199782	0.148039	0.205855	0.142376	0.212599	0.136616	0.220045	0.130782	0.228232	0.124909	0.237200	0.119034	0.246995	0.113205	0.257662	0.107482	0.269255	0.101933	0.281832	0.096648	0.295454	0.091727	0.310187	0.087297	0.326105	0.083511	0.343288	0.080552	0.361820	0.078644	0.381794	0.078055	0.403309	0.079116
488.677280	0.181310	0.168065	0.185029	0.162948	0.189298	0.157673	0.194144	0.152250	0.199595	0.146692	0.205680	0.141015	0.212434	0.135238	0.219889	0.129390	0.228084	0.123500	0.237060	0.117609	0.246860	0.111763	0.257533	0.106022	0.269131	0.100457	0.281711	0.095152	0.295335	0.090212	0.310070	0.085762	0.325990	0.081956	0.343174	0.078976	0.361706	0.077046	0.381681	0.076436	0.403196	0.077473
489.156340	0.181068	0.166781	0.184803	0.161650	0.189086	0.156361	0.193946	0.150924	0.199408	0.145351	0.205505	0.139659	0.212269	0.133868	0.219734	0.128004	0.227937	0.122098	0.236919	0.116191	0.246726	0.110329	0.257404	0.104571	0.269006	0.098988	0.281590	0.093665	0.295216	0.088707	0.309954	0.084238	0.325875	0.080412	0.343059	0.077412	0.361592	0.075460	0.381567	0.074829	0.403083	0.075843
489.635310	0.180828	0.165506	0.184578	0.160362	0.188875	0.155060	0.193748	0.149609	0.199223	0.144022	0.205331	0.138316	0.212105	0.132511	0.219579	0.126631	0.227790	0.120711	0.236779	0.114788	0.246592	0.108910	0.257275	0.103136	0.268882	0.097536	0.281469	0.092197	0.295097	0.087221	0.309836	0.082735	0.325759	0.078890	0.342944	0.075871	0.361478	0.073900	0.381453	0.073247	0.402968	0.074240
490.114200	0.180589	0.164235	0.184354	0.159078	0.188666	0.153763	0.193552	0.148299	0.199039	0.142697	0.205158	0.136977	0.211942	0.131158	0.219425	0.125264	0.227644	0.119328	0.236640	0.113391	0.246458	0.107497	0.257147	0.101708	0.268757	0.096091	0.281347	0.090735	0.294979	0.085743	0.309719	0.081239	0.325643	0.077376	0.342829	0.074337	0.361363	0.072347	0.381338	0.071674	0.402854	0.072646
490.592960	0.180353	0.162976	0.184133	0.157807	0.188459	0.152479	0.193357	0.147001	0.198857	0.141387	0.204987	0.135653	0.211780	0.129820	0.219272	0.123913	0.227499	0.117963	0.236502	0.112010	0.246326	0.106103	0.257019	0.100298	0.268633	0.094667	0.281227	0.089295	0.294860	0.084286	0.309602	0.079766	0.325528	0.075886	0.342714	0.072830	0.361248	0.070822	0.381223	0.070130	0.402739	0.071084
491.071620	0.180118	0.161720	0.183912	0.156538	0.188252	0.151197	0.193163	0.145706	0.198675	0.140079	0.204816	0.134333	0.211619	0.128486	0.219119	0.122565	0.227354	0.116601	0.236364	0.110634	0.246194	0.104712	0.256891	0.098893	0.268509	0.093247	0.281106	0.087859	0.294741	0.082834	0.309485	0.078298	0.325411	0.074401	0.342599	0.071328	0.361133	0.069302	0.381108	0.068593	0.402624	0.069528
491.550200	0.179885	0.160475	0.183694	0.155282	0.188047	0.149928	0.192971	0.144426	0.198494	0.138786	0.204645	0.133027	0.211458	0.127167	0.218967	0.121233	0.227210	0.115256	0.236226	0.109276	0.246062	0.103340	0.256763	0.097507	0.268385	0.091847	0.280984	0.086445	0.294622	0.081406	0.309368	0.076855	0.325294	0.072943	0.342482	0.069855	0.361016	0.067813	0.380991	0.067087	0.402507	0.068006
492.028660	0.179651	0.159232	0.183475	0.154027	0.187842	0.148661	0.192779	0.143146	0.198313	0.137495	0.204475	0.131722	0.211297	0.125849	0.218815	0.119902	0.227065	0.113913	0.236088	0.107920	0.245929	0.101970	0.256635	0.096124	0.268261	0.090450	0.280863	0.085034	0.294503	0.079980	0.309250	0.075414	0.325177	0.071488	0.342365	0.068384	0.360900	0.066326	0.380875	0.065584	0.402390	0.066486
492.506990	0.179421	0.158004	0.183259	0.152786	0.187639	0.147409	0.192588	0.141883	0.198134	0.136219	0.204307	0.130435	0.211139	0.124551	0.218664	0.118592	0.226922	0.112590	0.235951	0.106585	0.245797	0.100623	0.256508	0.094764	0.268137	0.089077	0.280741	0.083648	0.294384	0.078582	0.309132	0.074003	0.325060	0.070063	0.342248	0.066945	0.360783	0.064873	0.380758	0.064118	0.402273	0.065005
492.985260	0.179190	0.156776	0.183043	0.151546	0.187436	0.146158	0.192398	0.140620	0.197956	0.134944	0.204138	0.129149	0.210980	0.123252	0.218514	0.117281	0.226778	0.111268	0.235814	0.105250	0.245665	0.099276	0.256381	0.093404	0.268013	0.087704	0.280620	0.082263	0.294265	0.077183	0.309014	0.072591	0.324943	0.068638	0.342132	0.065506	0.360667	0.063421	0.380641	0.062651	0.402156	0.063525
493.463380	0.178962	0.155561	0.182828	0.150320	0.187235	0.144921	0.192209	0.139373	0.197778	0.133686	0.203970	0.127879	0.210821	0.121972	0.218363	0.115989	0.226635	0.109965	0.235677	0.103936	0.245533	0.097950	0.256252	0.092067	0.267888	0.086356	0.280497	0.080904	0.294144	0.075812	0.308894	0.071209	0.324824	0.067244	0.342013	0.064101	0.360548	0.062003	0.380522	0.061221	0.402036	0.062083
493.941440	0.178733	0.154346	0.182614	0.149095	0.187034	0.143685	0.192020	0.138126	0.197600	0.132428	0.203803	0.126610	0.210662	0.120692	0.218212	0.114698	0.226491	0.108663	0.235539	0.102622	0.245400	0.096626	0.256124	0.090732	0.267763	0.085009	0.280375	0.079545	0.294023	0.074443	0.308775	0.069827	0.324705	0.065851	0.341894	0.062696	0.360429	0.060587	0.380403	0.059793	0.401917	0.060642
494.419370	0.178508	0.153146	0.182403	0.147885	0.186835	0.142465	0.191834	0.136894	0.197425	0.131187	0.203637	0.125359	0.210506	0.119430	0.218064	0.113426	0.226349	0.107380	0.235403	0.101329	0.245269	0.095323	0.255997	0.089418	0.267639	0.083686	0.280253	0.078212	0.293903	0.073099	0.308656	0.068473	0.324586	0.064486	0.341775	0.061322	0.360310	0.059202	0.380284	0.058398	0.401798	0.059238
494.897190	0.178284	0.151948	0.182192	0.146677	0.186638	0.141246	0.191648	0.135665	0.197250	0.129948	0.203472	0.124110	0.210350	0.118171	0.217915	0.112157	0.226207	0.106100	0.235267	0.100039	0.245138	0.094023	0.255870	0.088108	0.267516	0.082366	0.280132	0.076882	0.293783	0.071759	0.308537	0.067123	0.324468	0.063127	0.341657	0.059952	0.360191	0.057823	0.380165	0.057009	0.401679	0.057838
495.374940	0.178061	0.150761	0.181983	0.145480	0.186441	0.140040	0.191463	0.134450	0.197075	0.128723	0.203308	0.122874	0.210194	0.116926	0.217767	0.110903	0.226066	0.104837	0.235131	0.098767	0.245007	0.092741	0.255743	0.086817	0.267391	0.081066	0.280010	0.075573	0.293662	0.070441	0.308417	0.065797	0.324349	0.061792	0.341538	0.058609	0.360072	0.056471	0.380045	0.055649	0.401558	0.056470
495.852540	0.177839	0.149577	0.181774	0.144287	0.186245	0.138837	0.191278	0.133238	0.196901	0.127501	0.203144	0.121643	0.210038	0.115686	0.217619	0.109653	0.225925	0.103578	0.234995	0.097499	0.244876	0.091464	0.255615	0.085532	0.267266	0.079772	0.279888	0.074270	0.293541	0.069130	0.308297	0.064477	0.324229	0.060464	0.341418	0.057273	0.359952	0.055128	0.379924	0.054297	0.401437	0.055112
496.330080	0.177618	0.148404	0.181566	0.143104	0.186050	0.137645	0.191094	0.132037	0.196728	0.126291	0.202980	0.120424	0.209883	0.114458	0.217471	0.108417	0.225783	0.102333	0.234859	0.096246	0.244744	0.090203	0.255487	0.084263	0.267141	0.078495	0.279765	0.072986	0.293419	0.067838	0.308176	0.063178	0.324108	0.059158	0.341297	0.055961	0.359830	0.053809	0.379802	0.052972	0.401315	0.053780
496.807500	0.177397	0.147234	0.181359	0.141926	0.185855	0.136459	0.190911	0.130841	0.196555	0.125087	0.202816	0.119211	0.209728	0.113237	0.217323	0.107187	0.225641	0.101095	0.234723	0.095000	0.244612	0.088950	0.255359	0.083001	0.267016	0.077226	0.279641	0.071710	0.293297	0.066555	0.308055	0.061889	0.323987	0.057862	0.341176	0.054659	0.359708	0.052500	0.379679	0.051659	0.401192	0.052462
497.284790	0.177178	0.146075	0.181153	0.140758	0.185662	0.135282	0.190729	0.129656	0.196383	0.123893	0.202654	0.118010	0.209574	0.112027	0.217176	0.105970	0.225501	0.099870	0.234588	0.093767	0.244481	0.087710	0.255231	0.081754	0.266891	0.075973	0.279518	0.070450	0.293176	0.065290	0.307934	0.060618	0.323866	0.056586	0.341055	0.053378	0.359586	0.051215	0.379557	0.050369	0.401069	0.051168
497.761990	0.176961	0.144921	0.180950	0.139596	0.185470	0.134112	0.190548	0.128478	0.196212	0.122707	0.202492	0.116816	0.209420	0.110825	0.217030	0.104761	0.225361	0.098654	0.234453	0.092545	0.244351	0.086480	0.255104	0.080518	0.266766	0.074731	0.279395	0.069202	0.293054	0.064037	0.307812	0.059360	0.323745	0.055323	0.340933	0.052110	0.359465	0.049944	0.379435	0.049094	0.400945	0.049890
498.239110	0.176745	0.143775	0.180747	0.138442	0.185279	0.132950	0.190368	0.127308	0.196042	0.121530	0.202331	0.115632	0.209267	0.109633	0.216884	0.103562	0.225221	0.097449	0.234318	0.091333	0.244220	0.085262	0.254977	0.079295	0.266641	0.073502	0.279272	0.067968	0.292932	0.062798	0.307691	0.058117	0.323624	0.054076	0.340811	0.050860	0.359342	0.048691	0.379312	0.047839	0.400822	0.048633
498.716090	0.176530	0.142637	0.180544	0.137296	0.185088	0.131796	0.190189	0.126146	0.195873	0.120362	0.202171	0.114456	0.209114	0.108452	0.216739	0.102374	0.225081	0.096254	0.234183	0.090132	0.244090	0.084056	0.254849	0.078083	0.266516	0.072285	0.279149	0.066748	0.292809	0.061574	0.307569	0.056889	0.323501	0.052845	0.340688	0.049627	0.359219	0.047456	0.379188	0.046603	0.400697	0.047396
499.192990	0.176317	0.141505	0.180344	0.136156	0.184899	0.130649	0.190010	0.124992	0.195704	0.119201	0.202011	0.113288	0.208962	0.107277	0.216594	0.101193	0.224942	0.095068	0.234049	0.088940	0.243960	0.082859	0.254722	0.076882	0.266392	0.071079	0.279025	0.065538	0.292687	0.060361	0.307447	0.055674	0.323379	0.051628	0.340565	0.048408	0.359095	0.046236	0.379064	0.045382	0.400572	0.046176
499.669770	0.176105	0.140382	0.180145	0.135026	0.184712	0.129512	0.189834	0.123850	0.195538	0.118051	0.201853	0.112132	0.208811	0.106115	0.216450	0.100026	0.224804	0.093895	0.233915	0.087763	0.243830	0.081677	0.254596	0.075696	0.266267	0.069890	0.278902	0.064346	0.292565	0.059166	0.307325	0.054477	0.323257	0.050430	0.340443	0.047209	0.358972	0.045037	0.378940	0.044185	0.400448	0.044980
500.146450	0.175894	0.139264	0.179946	0.133901	0.184525	0.128381	0.189657	0.122712	0.195371	0.116906	0.201695	0.110982	0.208661	0.104959	0.216306	0.098864	0.224666	0.092729	0.233782	0.086592	0.243700	0.080502	0.254469	0.074517	0.266142	0.068708	0.278779	0.063162	0.292442	0.057980	0.307202	0.053289	0.323134	0.049242	0.340320	0.046021	0.358849	0.043850	0.378815	0.042999	0.400322	0.043796
500.623050	0.175684	0.138155	0.179748	0.132787	0.184339	0.127260	0.189482	0.121584	0.195205	0.115773	0.201537	0.109844	0.208511	0.103816	0.216162	0.097716	0.224527	0.091576	0.233648	0.085436	0.243570	0.079343	0.254342	0.073355	0.266017	0.067545	0.278655	0.061996	0.292319	0.056813	0.307079	0.052123	0.323011	0.048075	0.340196	0.044856	0.358724	0.042687	0.378689	0.041839	0.400195	0.042640
501.099520	0.175475	0.137051	0.179551	0.131675	0.184153	0.126142	0.189306	0.120461	0.195038	0.114644	0.201379	0.108709	0.208361	0.102677	0.216018	0.096572	0.224389	0.090429	0.233514	0.084285	0.243440	0.078189	0.254214	0.072198	0.265892	0.066386	0.278531	0.060836	0.292196	0.055653	0.306956	0.050963	0.322887	0.046916	0.340072	0.043699	0.358599	0.041532	0.378562	0.040688	0.400068	0.041493
501.575900	0.175266	0.135957	0.179355	0.130575	0.183968	0.125037	0.189132	0.119350	0.194873	0.113529	0.201222	0.107589	0.208211	0.101552	0.215874	0.095444	0.224250	0.089297	0.233380	0.083151	0.243309	0.077052	0.254087	0.071061	0.265766	0.065247	0.278406	0.059697	0.292072	0.054515	0.306832	0.049826	0.322762	0.045782	0.339946	0.042567	0.358472	0.040405	0.378435	0.039566	0.399940	0.040378
502.052190	0.175059	0.134865	0.179160	0.129477	0.183783	0.123934	0.188957	0.118241	0.194707	0.112416	0.201065	0.106471	0.208061	0.100430	0.215730	0.094319	0.224112	0.088168	0.233246	0.082019	0.243179	0.075919	0.253959	0.069926	0.265640	0.064111	0.278281	0.058561	0.291947	0.053380	0.306707	0.048693	0.322637	0.044651	0.339820	0.041440	0.358345	0.039282	0.378308	0.038448	0.399811	0.039267
502.528320	0.174854	0.133787	0.178967	0.128395	0.183601	0.122846	0.188785	0.117149	0.194544	0.111319	0.200910	0.105371	0.207913	0.099326	0.215589	0.093212	0.223975	0.087059	0.233114	0.080908	0.243049	0.074807	0.253832	0.068814	0.265515	0.062999	0.278157	0.057450	0.291824	0.052272	0.306584	0.047587	0.322513	0.043549	0.339695	0.040343	0.358219	0.038192	0.378180	0.037365	0.399683	0.038192
503.004390	0.174650	0.132709	0.178774	0.127312	0.183419	0.121758	0.188613	0.116056	0.194382	0.110222	0.200755	0.104270	0.207765	0.098223	0.215447	0.092105	0.223839	0.085950	0.232981	0.079798	0.242920	0.073695	0.253705	0.067702	0.265390	0.061888	0.278033	0.056340	0.291700	0.051163	0.306460	0.046481	0.322389	0.042448	0.339570	0.039247	0.358093	0.037101	0.378053	0.036282	0.399555	0.037117
503.480350	0.174448	0.131647	0.178584	0.126246	0.183240	0.120687	0.188444	0.114981	0.194221	0.109144	0.200602	0.103189	0.207619	0.097139	0.215306	0.091019	0.223703	0.084863	0.232849	0.078709	0.242792	0.072607	0.253579	0.066614	0.265265	0.060802	0.277910	0.055257	0.291577	0.050084	0.306336	0.045406	0.322265	0.041379	0.339445	0.038184	0.357966	0.036047	0.377925	0.035237	0.399426	0.036083
503.956210	0.174247	0.130586	0.178394	0.125179	0.183061	0.119616	0.188275	0.113907	0.194060	0.108065	0.200449	0.102107	0.207472	0.096055	0.215166	0.089933	0.223567	0.083776	0.232718	0.077621	0.242664	0.071519	0.253454	0.065527	0.265140	0.059717	0.277786	0.054175	0.291453	0.049004	0.306212	0.044332	0.322140	0.040309	0.339320	0.037122	0.357840	0.034993	0.377798	0.034191	0.399297	0.035048
504.431950	0.174045	0.129536	0.178205	0.124125	0.182882	0.118558	0.188104	0.112846	0.193899	0.107001	0.200295	0.101041	0.207326	0.094987	0.215025	0.088864	0.223431	0.082706	0.232585	0.076552	0.242534	0.070451	0.253325	0.064461	0.265014	0.058653	0.277661	0.053115	0.291328	0.047950	0.306087	0.043284	0.322014	0.039268	0.339192	0.036089	0.357711	0.033970	0.377667	0.033180	0.399165	0.034050
504.907590	0.173844	0.128487	0.178015	0.123073	0.182703	0.117502	0.187934	0.111786	0.193737	0.105939	0.200142	0.099977	0.207179	0.093920	0.214883	0.087797	0.223295	0.081638	0.232453	0.075485	0.242403	0.069385	0.253197	0.063397	0.264888	0.057592	0.277534	0.052058	0.291201	0.046897	0.305960	0.042238	0.321887	0.038231	0.339064	0.035060	0.357581	0.032951	0.377536	0.032173	0.399034	0.033055
505.383150	0.173646	0.127451	0.177827	0.122033	0.182525	0.116459	0.187766	0.110741	0.193578	0.104892	0.199989	0.098927	0.207033	0.092870	0.214743	0.086747	0.223159	0.080588	0.232320	0.074436	0.242274	0.068338	0.253070	0.062353	0.264761	0.056552	0.277409	0.051023	0.291076	0.045869	0.305834	0.041217	0.321760	0.037218	0.338936	0.034058	0.357452	0.031960	0.377406	0.031195	0.398902	0.032092
505.858580	0.173448	0.126418	0.177640	0.120996	0.182349	0.115420	0.187599	0.109699	0.193419	0.103848	0.199837	0.097882	0.206887	0.091824	0.214604	0.085700	0.223023	0.079542	0.232188	0.073392	0.242145	0.067296	0.252943	0.061314	0.264635	0.055518	0.277283	0.049993	0.290950	0.044846	0.305708	0.040201	0.321633	0.036212	0.338807	0.033062	0.357322	0.030977	0.377276	0.030225	0.398770	0.031137
506.333890	0.173252	0.125396	0.177455	0.119971	0.182173	0.114392	0.187433	0.108669	0.193261	0.102816	0.199687	0.096850	0.206743	0.090792	0.214465	0.084668	0.222889	0.078511	0.232057	0.072363	0.242017	0.066270	0.252816	0.060292	0.264510	0.054501	0.277158	0.048983	0.290825	0.043844	0.305583	0.039207	0.321506	0.035229	0.338679	0.032090	0.357193	0.030018	0.377145	0.029281	0.398638	0.030210
506.809140	0.173056	0.124379	0.177271	0.118951	0.181999	0.113370	0.187268	0.107644	0.193104	0.101790	0.199537	0.095823	0.206599	0.089765	0.214326	0.083642	0.222754	0.077487	0.231926	0.071341	0.241889	0.065251	0.252690	0.059278	0.264385	0.053492	0.277033	0.047981	0.290700	0.042849	0.305457	0.038222	0.321379	0.034254	0.338551	0.031128	0.357064	0.029070	0.377014	0.028348	0.398506	0.029295
507.284240	0.172862	0.123370	0.177088	0.117940	0.181826	0.112357	0.187104	0.106630	0.192947	0.100775	0.199388	0.094808	0.206455	0.088750	0.214187	0.082628	0.222620	0.076476	0.231796	0.070332	0.241760	0.064246	0.252563	0.058278	0.264260	0.052499	0.276908	0.046995	0.290575	0.041872	0.305330	0.037255	0.321252	0.033299	0.338423	0.030186	0.356934	0.028143	0.376882	0.027438	0.398373	0.028403
507.759280	0.172669	0.122367	0.176905	0.116935	0.181653	0.111350	0.186939	0.105623	0.192791	0.099767	0.199239	0.093799	0.206312	0.087743	0.214049	0.081622	0.222486	0.075472	0.231665	0.069332	0.241632	0.063251	0.252436	0.057288	0.264134	0.051515	0.276783	0.046019	0.290449	0.040906	0.305203	0.036300	0.321124	0.032356	0.338293	0.029258	0.356802	0.027230	0.376750	0.026543	0.398240	0.027528
508.234190	0.172476	0.121372	0.176723	0.115938	0.181480	0.110351	0.186775	0.104623	0.192635	0.098767	0.199089	0.092799	0.206170	0.086744	0.213911	0.080626	0.222352	0.074479	0.231534	0.068342	0.241503	0.062266	0.252309	0.056309	0.264007	0.050544	0.276656	0.045057	0.290322	0.039953	0.305076	0.035359	0.320995	0.031428	0.338163	0.028345	0.356671	0.026334	0.376617	0.025666	0.398105	0.026671
508.709010	0.172285	0.120384	0.176541	0.114948	0.181308	0.109360	0.186612	0.103631	0.192479	0.097775	0.198940	0.091809	0.206027	0.085755	0.213773	0.079639	0.222217	0.073496	0.231403	0.067364	0.241374	0.061293	0.252182	0.055343	0.263881	0.049586	0.276530	0.044108	0.290195	0.039015	0.304948	0.034433	0.320866	0.030517	0.338032	0.027450	0.356539	0.025456	0.376482	0.024807	0.397970	0.025834
509.183720	0.172094	0.119401	0.176361	0.113964	0.181137	0.108375	0.186450	0.102646	0.192324	0.096790	0.198792	0.090826	0.205884	0.084773	0.213635	0.078661	0.222083	0.072521	0.231271	0.066394	0.241245	0.060329	0.252055	0.054386	0.263754	0.048637	0.276403	0.043169	0.290068	0.038088	0.304820	0.033519	0.320737	0.029617	0.337901	0.026567	0.356406	0.024592	0.376348	0.023963	0.397834	0.025012
509.658330	0.171904	0.118428	0.176181	0.112989	0.180967	0.107400	0.186288	0.101671	0.192171	0.095816	0.198644	0.089853	0.205742	0.083803	0.213497	0.077694	0.221949	0.071559	0.231141	0.065437	0.241117	0.059379	0.251927	0.053444	0.263627	0.047704	0.276276	0.042247	0.289941	0.037178	0.304692	0.032623	0.320607	0.028737	0.337770	0.025704	0.356273	0.023748	0.376214	0.023141	0.397698	0.024215
510.132810	0.171715	0.117459	0.176002	0.112019	0.180798	0.106430	0.186127	0.100702	0.192017	0.094847	0.198497	0.088886	0.205600	0.082839	0.213360	0.076733	0.221816	0.070603	0.231010	0.064486	0.240988	0.058435	0.251799	0.052508	0.263500	0.046779	0.276149	0.041332	0.289813	0.036276	0.304563	0.031735	0.320477	0.027865	0.337638	0.024851	0.356140	0.022915	0.376079	0.022330	0.397562	0.023428
510.607210	0.171527	0.116500	0.175825	0.111060	0.180629	0.105471	0.185967	0.099743	0.191864	0.093891	0.198350	0.087932	0.205459	0.081888	0.213223	0.075787	0.221683	0.069661	0.230880	0.063552	0.240859	0.057508	0.251672	0.051590	0.263373	0.045871	0.276022	0.040437	0.289686	0.035394	0.304434	0.030869	0.320347	0.027016	0.337506	0.024020	0.356006	0.022106	0.375943	0.021546	0.397425	0.022669
511.081480	0.171340	0.115545	0.175648	0.110104	0.180462	0.104515	0.185807	0.098789	0.191711	0.092939	0.198204	0.086981	0.205318	0.080941	0.213087	0.074844	0.221550	0.068724	0.230750	0.062621	0.240731	0.056585	0.251545	0.050676	0.263246	0.044967	0.275895	0.039546	0.289558	0.034516	0.304306	0.030007	0.320217	0.026172	0.337374	0.023196	0.355872	0.021304	0.375808	0.020767	0.397288	0.021916
511.555690	0.171156	0.114602	0.175474	0.109162	0.180296	0.103573	0.185650	0.097849	0.191561	0.092000	0.198060	0.086047	0.205179	0.080010	0.212952	0.073918	0.221419	0.067804	0.230621	0.061708	0.240604	0.055681	0.251419	0.049783	0.263121	0.044085	0.275769	0.038677	0.289431	0.033662	0.304177	0.029170	0.320087	0.025354	0.337243	0.022399	0.355739	0.020530	0.375673	0.020019	0.397151	0.021195
512.029790	0.170973	0.113661	0.175299	0.108221	0.180131	0.102633	0.185492	0.096910	0.191411	0.091063	0.197916	0.085113	0.205039	0.079081	0.212818	0.072994	0.221288	0.066885	0.230492	0.060797	0.240477	0.054780	0.251293	0.048890	0.262995	0.043205	0.275643	0.037810	0.289304	0.032810	0.304049	0.028335	0.319957	0.024537	0.337112	0.021604	0.355606	0.019757	0.375537	0.019272	0.397014	0.020477
512.503720	0.170790	0.112732	0.175126	0.107293	0.179966	0.101707	0.185335	0.095986	0.191261	0.090142	0.197772	0.084196	0.204900	0.078168	0.212682	0.072087	0.221156	0.065986	0.230362	0.059906	0.240349	0.053898	0.251166	0.048020	0.262868	0.042348	0.275516	0.036967	0.289176	0.031984	0.303919	0.027527	0.319825	0.023750	0.336978	0.020839	0.355470	0.019018	0.375400	0.018560	0.396875	0.019795
512.977600	0.170607	0.111804	0.174953	0.106366	0.179802	0.100781	0.185178	0.095062	0.191111	0.089222	0.197628	0.083278	0.204762	0.077256	0.212547	0.071181	0.221024	0.065087	0.230233	0.059015	0.240221	0.053017	0.251039	0.047150	0.262741	0.041491	0.275389	0.036124	0.289048	0.031158	0.303790	0.026719	0.319694	0.022962	0.336845	0.020074	0.355335	0.018278	0.375263	0.017848	0.396737	0.019112
513.451350	0.170425	0.110889	0.174781	0.105452	0.179638	0.099869	0.185023	0.094153	0.190961	0.088316	0.197484	0.082378	0.204623	0.076361	0.212412	0.070293	0.220892	0.064206	0.230103	0.058144	0.240093	0.052156	0.250912	0.046302	0.262614	0.040656	0.275261	0.035305	0.288919	0.030357	0.303659	0.025938	0.319562	0.022203	0.336711	0.019339	0.355199	0.017570	0.375125	0.017169	0.396597	0.018466
513.925050	0.170244	0.109975	0.174608	0.104539	0.179475	0.098958	0.184867	0.093245	0.190812	0.087412	0.197340	0.081478	0.204484	0.075467	0.212277	0.069405	0.220760	0.063327	0.229974	0.057275	0.239965	0.051297	0.250784	0.045455	0.262486	0.039823	0.275132	0.034488	0.288789	0.029558	0.303529	0.025158	0.319430	0.021446	0.336577	0.018606	0.355063	0.016864	0.374987	0.016492	0.396457	0.017821
514.398620	0.170064	0.109074	0.174439	0.103640	0.179313	0.098061	0.184712	0.092351	0.190664	0.086523	0.197198	0.080594	0.204346	0.074589	0.212144	0.068535	0.220629	0.062465	0.229845	0.056423	0.239838	0.050457	0.250657	0.044628	0.262360	0.039011	0.275005	0.033693	0.288661	0.028781	0.303399	0.024403	0.319298	0.020714	0.336443	0.017900	0.354927	0.016186	0.374849	0.015845	0.396317	0.017208
514.872070	0.169885	0.108176	0.174270	0.102743	0.179152	0.097168	0.184559	0.091461	0.190517	0.085636	0.197056	0.079713	0.204209	0.073714	0.212011	0.067667	0.220499	0.061607	0.229717	0.055575	0.239710	0.049621	0.250530	0.043805	0.262233	0.038203	0.274878	0.032903	0.288533	0.028010	0.303269	0.023653	0.319166	0.019987	0.336309	0.017199	0.354791	0.015514	0.374711	0.015203	0.396177	0.016600
515.345400	0.169708	0.107287	0.174101	0.101857	0.178991	0.096285	0.184405	0.090581	0.190370	0.084762	0.196915	0.078845	0.204072	0.072853	0.211877	0.066814	0.220368	0.060763	0.229588	0.054742	0.239583	0.048801	0.250403	0.043000	0.262106	0.037413	0.274750	0.032130	0.288403	0.027258	0.303138	0.022923	0.319033	0.019282	0.336174	0.016521	0.354653	0.014865	0.374572	0.014588	0.396036	0.016020
515.818660	0.169531	0.106403	0.173933	0.100975	0.178831	0.095406	0.184253	0.089706	0.190223	0.083892	0.196773	0.077981	0.203935	0.071996	0.211743	0.065966	0.220237	0.059925	0.229459	0.053915	0.239455	0.047986	0.250276	0.042200	0.261978	0.036630	0.274621	0.031365	0.288274	0.026513	0.303006	0.022202	0.318899	0.018585	0.336038	0.015852	0.354516	0.014226	0.374432	0.013982	0.395894	0.015450
516.291810	0.169355	0.105528	0.173766	0.100103	0.178673	0.094537	0.184101	0.088842	0.190078	0.083033	0.196633	0.077129	0.203799	0.071152	0.211611	0.065130	0.220107	0.059100	0.229331	0.053101	0.239328	0.047186	0.250149	0.041415	0.261851	0.035862	0.274493	0.030616	0.288144	0.025785	0.302875	0.021497	0.318766	0.017907	0.335903	0.015202	0.354378	0.013607	0.374292	0.013397	0.395753	0.014903
516.764830	0.169181	0.104659	0.173600	0.099237	0.178515	0.093675	0.183950	0.087985	0.189933	0.082182	0.196493	0.076284	0.203663	0.070315	0.211479	0.064303	0.219978	0.058282	0.229203	0.052296	0.239201	0.046394	0.250023	0.040639	0.261724	0.035103	0.274365	0.029877	0.288015	0.025068	0.302744	0.020804	0.318633	0.017240	0.335768	0.014564	0.354240	0.013001	0.374152	0.012826	0.395611	0.014369
517.237790	0.169007	0.103797	0.173434	0.098378	0.178357	0.092820	0.183799	0.087136	0.189788	0.081338	0.196354	0.075448	0.203528	0.069487	0.211347	0.063484	0.219849	0.057475	0.229076	0.051502	0.239074	0.045614	0.249896	0.039874	0.261597	0.034357	0.274238	0.029151	0.287886	0.024364	0.302613	0.020124	0.318500	0.016587	0.335632	0.013942	0.354102	0.012412	0.374012	0.012272	0.395469	0.013854
517.710630	0.168834	0.102942	0.173270	0.097527	0.178200	0.091973	0.183649	0.086294	0.189644	0.080503	0.196215	0.074620	0.203393	0.068667	0.211215	0.062675	0.219719	0.056677	0.228948	0.050717	0.238948	0.044844	0.249770	0.039121	0.261470	0.033622	0.274109	0.028437	0.287756	0.023673	0.302481	0.019458	0.318366	0.015950	0.335496	0.013335	0.353964	0.011839	0.373871	0.011735	0.395326	0.013357
518.183350	0.168661	0.102093	0.173107	0.096681	0.178043	0.091132	0.183499	0.085459	0.189500	0.079674	0.196076	0.073799	0.203259	0.067855	0.211084	0.061873	0.219590	0.055887	0.228820	0.049941	0.238820	0.044083	0.249642	0.038377	0.261342	0.032897	0.273981	0.027733	0.287625	0.022992	0.302348	0.018803	0.318231	0.015324	0.335358	0.012739	0.353825	0.011278	0.373730	0.011212	0.395183	0.012874
518.655940	0.168489	0.101252	0.172943	0.095844	0.177888	0.090301	0.183350	0.084632	0.189357	0.078855	0.195937	0.072988	0.203123	0.067054	0.210951	0.061083	0.219460	0.055109	0.228692	0.049176	0.238692	0.043335	0.249514	0.037646	0.261214	0.032186	0.273851	0.027044	0.287494	0.022327	0.302216	0.018165	0.318096	0.014715	0.335220	0.012163	0.353684	0.010738	0.373588	0.010710	0.395038	0.012413
519.128480	0.168318	0.100415	0.172780	0.095012	0.177732	0.089473	0.183201	0.083811	0.189213	0.078041	0.195799	0.072183	0.202989	0.066258	0.210820	0.060298	0.219330	0.054337	0.228563	0.048418	0.238565	0.042593	0.249387	0.036922	0.261085	0.031482	0.273721	0.026362	0.287363	0.021670	0.302083	0.017535	0.317960	0.014114	0.335083	0.011596	0.353544	0.010206	0.373445	0.010217	0.394894	0.011961
519.600890	0.168149	0.099590	0.172619	0.094191	0.177579	0.088658	0.183054	0.083002	0.189072	0.077240	0.195661	0.071390	0.202856	0.065477	0.210689	0.059528	0.219202	0.053580	0.228436	0.047675	0.238439	0.041866	0.249260	0.036214	0.260958	0.030795	0.273593	0.025698	0.287232	0.021032	0.301950	0.016925	0.317826	0.013535	0.334946	0.011051	0.353404	0.009697	0.373303	0.009748	0.394750	0.011536
520.073240	0.167980	0.098766	0.172458	0.093372	0.177425	0.087845	0.182907	0.082196	0.188930	0.076441	0.195524	0.070601	0.202722	0.064697	0.210559	0.058760	0.219074	0.052826	0.228309	0.046936	0.238312	0.041144	0.249133	0.035511	0.260830	0.030112	0.273464	0.025039	0.287102	0.020398	0.301817	0.016320	0.317691	0.012961	0.334808	0.010510	0.353264	0.009193	0.373161	0.009285	0.394605	0.011117
520.545410	0.167812	0.097954	0.172299	0.092565	0.177273	0.087045	0.182760	0.081403	0.188789	0.075657	0.195387	0.069825	0.202589	0.063933	0.210428	0.058009	0.218945	0.052088	0.228182	0.046214	0.238185	0.040439	0.249006	0.034826	0.260702	0.029449	0.273335	0.024400	0.286970	0.019786	0.301684	0.015737	0.317554	0.012410	0.334670	0.009995	0.353123	0.008716	0.373017	0.008850	0.394459	0.010726
521.017520	0.167645	0.097143	0.172139	0.091760	0.177120	0.086245	0.182614	0.080610	0.188648	0.074873	0.195251	0.069051	0.202456	0.063169	0.210298	0.057258	0.218816	0.051351	0.228054	0.045493	0.238058	0.039736	0.248879	0.034142	0.260574	0.028787	0.273205	0.023762	0.286839	0.019174	0.301550	0.015155	0.317418	0.011861	0.334531	0.009481	0.352982	0.008240	0.372874	0.008416	0.394314	0.010338
521.489500	0.167480	0.096347	0.171982	0.090969	0.176970	0.085460	0.182469	0.079834	0.188509	0.074105	0.195116	0.068294	0.202324	0.062424	0.210169	0.056525	0.218689	0.050633	0.227928	0.044792	0.237932	0.039053	0.248753	0.033480	0.260447	0.028148	0.273076	0.023148	0.286708	0.018589	0.301417	0.014600	0.317283	0.011339	0.334393	0.008996	0.352841	0.007795	0.372730	0.008014	0.394168	0.009982
521.961430	0.167314	0.095550	0.171824	0.090179	0.176819	0.084676	0.182325	0.079057	0.188369	0.073338	0.194981	0.067537	0.202193	0.061678	0.210040	0.055793	0.218562	0.049916	0.227801	0.044091	0.237806	0.038371	0.248626	0.032818	0.260319	0.027509	0.272947	0.022534	0.286577	0.018003	0.301284	0.014044	0.317147	0.010818	0.334254	0.008511	0.352700	0.007350	0.372587	0.007612	0.394023	0.009627
522.433230	0.167150	0.094766	0.171667	0.089400	0.176669	0.083905	0.182181	0.078295	0.188230	0.072585	0.194846	0.066795	0.202061	0.060949	0.209910	0.055077	0.218435	0.049215	0.227674	0.043408	0.237679	0.037708	0.248499	0.032177	0.260191	0.026891	0.272817	0.021942	0.286445	0.017440	0.301150	0.013514	0.317010	0.010321	0.334115	0.008052	0.352558	0.006934	0.372442	0.007240	0.393876	0.009303
522.904910	0.166986	0.093984	0.171511	0.088624	0.176519	0.083136	0.182037	0.077534	0.188091	0.071833	0.194711	0.066054	0.201930	0.060221	0.209781	0.054363	0.218307	0.048517	0.227548	0.042727	0.237553	0.037046	0.248372	0.031537	0.260063	0.026275	0.272687	0.021353	0.286313	0.016879	0.301015	0.012986	0.316873	0.009828	0.333975	0.007597	0.352416	0.006519	0.372296	0.006870	0.393729	0.008983
523.376460	0.166823	0.093212	0.171355	0.087859	0.176370	0.082379	0.181894	0.076786	0.187952	0.071095	0.194576	0.065327	0.201798	0.059507	0.209652	0.053663	0.218179	0.047834	0.227421	0.042062	0.237425	0.036401	0.248244	0.030914	0.259934	0.025678	0.272556	0.020783	0.286180	0.016339	0.300880	0.012478	0.316735	0.009356	0.333834	0.007165	0.352272	0.006130	0.372150	0.006527	0.393580	0.008689
523.847960	0.166660	0.092443	0.171199	0.087097	0.176221	0.081624	0.181750	0.076040	0.187814	0.070360	0.194441	0.064603	0.201666	0.058796	0.209523	0.052967	0.218051	0.047155	0.227294	0.041401	0.237298	0.035761	0.248116	0.030296	0.259805	0.025085	0.272425	0.020217	0.286047	0.015804	0.300744	0.011976	0.316597	0.008891	0.333693	0.006738	0.352128	0.005747	0.372004	0.006191	0.393432	0.008402
524.319340	0.166498	0.091684	0.171046	0.086345	0.176074	0.080881	0.181609	0.075306	0.187677	0.069636	0.194308	0.063892	0.201536	0.058098	0.209394	0.052285	0.217924	0.046489	0.227168	0.040754	0.237172	0.035135	0.247989	0.029694	0.259676	0.024508	0.272295	0.019668	0.285915	0.015286	0.300609	0.011492	0.316459	0.008444	0.333553	0.006332	0.351985	0.005384	0.371858	0.005875	0.393283	0.008139
524.790590	0.166338	0.090930	0.170893	0.085598	0.175927	0.080143	0.181468	0.074577	0.187541	0.068918	0.194176	0.063186	0.201406	0.057406	0.209267	0.051609	0.217798	0.045829	0.227042	0.040114	0.237046	0.034516	0.247862	0.029098	0.259548	0.023938	0.272166	0.019127	0.285783	0.014776	0.300474	0.011016	0.316321	0.008006	0.333412	0.005935	0.351842	0.005032	0.371712	0.005570	0.393135	0.007885
525.261780	0.166179	0.090183	0.170740	0.084859	0.175781	0.079413	0.181327	0.073857	0.187404	0.068209	0.194043	0.062490	0.201276	0.056724	0.209139	0.050942	0.217672	0.045180	0.226916	0.039485	0.236920	0.033908	0.247735	0.028515	0.259419	0.023381	0.272035	0.018600	0.285650	0.014280	0.300339	0.010555	0.316183	0.007583	0.333271	0.005553	0.351698	0.004696	0.371565	0.005283	0.392986	0.007651
525.732850	0.166020	0.089443	0.170588	0.084126	0.175635	0.078689	0.181186	0.073143	0.187268	0.067507	0.193910	0.061801	0.201146	0.056049	0.209011	0.050283	0.217545	0.044540	0.226790	0.038864	0.236793	0.033310	0.247607	0.027941	0.259290	0.022834	0.271904	0.018082	0.285517	0.013795	0.300203	0.010106	0.316045	0.007173	0.333129	0.005185	0.351553	0.004373	0.371418	0.005010	0.392837	0.007431
526.203800	0.165862	0.088709	0.170437	0.083400	0.175490	0.077971	0.181046	0.072437	0.187133	0.066812	0.193778	0.061119	0.201017	0.055382	0.208884	0.049633	0.217419	0.043908	0.226664	0.038252	0.236667	0.032720	0.247480	0.027376	0.259162	0.022297	0.271774	0.017575	0.285384	0.013321	0.300067	0.009668	0.315906	0.006774	0.332988	0.004829	0.351408	0.004063	0.371271	0.004750	0.392687	0.007225
526.674620	0.165705	0.087983	0.170287	0.082683	0.175346	0.077263	0.180907	0.071740	0.186998	0.066127	0.193647	0.060447	0.200889	0.054726	0.208758	0.048993	0.217293	0.043287	0.226538	0.037653	0.236541	0.032143	0.247354	0.026824	0.259034	0.021773	0.271643	0.017082	0.285251	0.012862	0.299932	0.009245	0.315767	0.006391	0.332846	0.004489	0.351264	0.003770	0.371124	0.004508	0.392537	0.007038
527.145390	0.165549	0.087261	0.170137	0.081970	0.175203	0.076560	0.180768	0.071047	0.186864	0.065446	0.193517	0.059780	0.200760	0.054074	0.208631	0.048359	0.217167	0.042672	0.226412	0.037058	0.236415	0.031572	0.247227	0.026279	0.258905	0.021256	0.271512	0.016596	0.285118	0.012409	0.299796	0.008829	0.315628	0.006016	0.332704	0.004158	0.351119	0.003487	0.370976	0.004276	0.392387	0.006860
527.616030	0.165393	0.086549	0.169988	0.081266	0.175059	0.075867	0.180631	0.070365	0.186729	0.064777	0.193386	0.059125	0.200632	0.053435	0.208504	0.047737	0.217041	0.042069	0.226287	0.036477	0.236289	0.031015	0.247099	0.025748	0.258776	0.020754	0.271381	0.016125	0.284983	0.011974	0.299659	0.008431	0.315489	0.005659	0.332561	0.003846	0.350973	0.003223	0.370827	0.004065	0.392236	0.006705
528.086550	0.165238	0.085839	0.169840	0.080565	0.174916	0.075176	0.180493	0.069685	0.186596	0.064111	0.193255	0.058472	0.200503	0.052798	0.208377	0.047118	0.216915	0.041471	0.226161	0.035900	0.236163	0.030462	0.246972	0.025221	0.258646	0.020256	0.271250	0.015659	0.284849	0.011542	0.299522	0.008038	0.315349	0.005307	0.332419	0.003540	0.350827	0.002965	0.370679	0.003860	0.392085	0.006556
528.557010	0.165083	0.085141	0.169692	0.079876	0.174774	0.074497	0.180355	0.069018	0.186462	0.063457	0.193125	0.057834	0.200375	0.052176	0.208251	0.046514	0.216790	0.040887	0.226036	0.035338	0.236037	0.029925	0.246845	0.024712	0.258517	0.019776	0.271118	0.015212	0.284715	0.011131	0.299385	0.007666	0.315209	0.004977	0.332275	0.003255	0.350681	0.002730	0.370529	0.003679	0.391933	0.006433
529.027340	0.164929	0.084443	0.169545	0.079188	0.174633	0.073819	0.180218	0.068352	0.186329	0.062804	0.192995	0.057196	0.200248	0.051555	0.208125	0.045911	0.216665	0.040304	0.225911	0.034778	0.235911	0.029390	0.246718	0.024204	0.258388	0.019297	0.270986	0.014766	0.284581	0.010720	0.299248	0.007295	0.315069	0.004648	0.332132	0.002972	0.350534	0.002497	0.370380	0.003499	0.391781	0.006311
529.497560	0.164777	0.083759	0.169399	0.078513	0.174492	0.073155	0.180082	0.067701	0.186197	0.062166	0.192866	0.056574	0.200121	0.050950	0.207999	0.045325	0.216539	0.039739	0.225785	0.034236	0.235785	0.028873	0.246590	0.023715	0.258259	0.018840	0.270855	0.014342	0.284447	0.010333	0.299111	0.006947	0.314928	0.004344	0.331988	0.002715	0.350387	0.002292	0.370230	0.003348	0.391629	0.006219
529.967710	0.164624	0.083074	0.169253	0.077838	0.174352	0.072492	0.179946	0.067050	0.186065	0.061529	0.192737	0.055952	0.199994	0.050345	0.207874	0.044739	0.216414	0.039174	0.225660	0.033694	0.235659	0.028356	0.246463	0.023227	0.258130	0.018382	0.270723	0.013918	0.284312	0.009946	0.298973	0.006600	0.314788	0.004040	0.331844	0.002459	0.350240	0.002086	0.370080	0.003197	0.391476	0.006127
530.437740	0.164474	0.082403	0.169109	0.077177	0.174213	0.071842	0.179812	0.066413	0.185935	0.060907	0.192609	0.055346	0.199868	0.049756	0.207749	0.044170	0.216290	0.038626	0.225535	0.033171	0.235534	0.027859	0.246336	0.022758	0.258001	0.017945	0.270592	0.013515	0.284179	0.009581	0.298837	0.006276	0.314648	0.003760	0.331700	0.002227	0.350093	0.001907	0.369931	0.003074	0.391324	0.006064
530.907650	0.164324	0.081733	0.168965	0.076518	0.174074	0.071194	0.179678	0.065778	0.185805	0.060286	0.192481	0.054741	0.199743	0.049168	0.207624	0.043603	0.216166	0.038080	0.225411	0.032649	0.235409	0.027363	0.246210	0.022291	0.257872	0.017510	0.270462	0.013114	0.284045	0.009217	0.298700	0.005953	0.314508	0.003483	0.331557	0.001997	0.349947	0.001729	0.369781	0.002952	0.391172	0.006002
531.377440	0.164176	0.081073	0.168822	0.075869	0.173936	0.070557	0.179545	0.065154	0.185674	0.059677	0.192354	0.054149	0.199617	0.048595	0.207500	0.043049	0.216042	0.037549	0.225287	0.032142	0.235283	0.026883	0.246083	0.021840	0.257744	0.017091	0.270330	0.012731	0.283911	0.008872	0.298562	0.005650	0.314366	0.003225	0.331413	0.001789	0.349799	0.001574	0.369631	0.002854	0.391019	0.005965
531.847170	0.164027	0.080417	0.168679	0.075223	0.173799	0.069923	0.179411	0.064534	0.185544	0.059072	0.192226	0.053560	0.199492	0.048025	0.207376	0.042498	0.215918	0.037021	0.225163	0.031639	0.235158	0.026407	0.245955	0.021393	0.257615	0.016677	0.270199	0.012352	0.283777	0.008532	0.298425	0.005352	0.314225	0.002972	0.331269	0.001586	0.349652	0.001424	0.369480	0.002762	0.390866	0.005934
532.316770	0.163879	0.079769	0.168537	0.074586	0.173662	0.069299	0.179278	0.063923	0.185415	0.058477	0.192099	0.052981	0.199366	0.047465	0.207252	0.041959	0.215794	0.036505	0.225039	0.031148	0.235032	0.025944	0.245828	0.020960	0.257485	0.016277	0.270066	0.011988	0.283641	0.008207	0.298286	0.005070	0.314083	0.002737	0.331123	0.001401	0.349503	0.001292	0.369328	0.002689	0.390711	0.005923
532.786250	0.163731	0.079125	0.168395	0.073954	0.173524	0.068679	0.179145	0.063317	0.185285	0.057886	0.191973	0.052408	0.199241	0.046910	0.207127	0.041426	0.215670	0.035994	0.224914	0.030663	0.234906	0.025487	0.245701	0.020533	0.257355	0.015883	0.269933	0.011631	0.283506	0.007890	0.298147	0.004796	0.313941	0.002509	0.330977	0.001224	0.349354	0.001170	0.369176	0.002625	0.390557	0.005922
533.255680	0.163585	0.078489	0.168254	0.073329	0.173389	0.068067	0.179014	0.062720	0.185156	0.057304	0.191846	0.051844	0.199117	0.046366	0.207003	0.040902	0.215546	0.035494	0.224790	0.030188	0.234781	0.025041	0.245574	0.020118	0.257226	0.015502	0.269801	0.011287	0.283371	0.007586	0.298009	0.004535	0.313799	0.002296	0.330832	0.001061	0.349205	0.001062	0.369024	0.002577	0.390402	0.005937
533.724910	0.163439	0.077859	0.168114	0.072711	0.173254	0.067463	0.178883	0.062130	0.185029	0.056730	0.191721	0.051287	0.198993	0.045829	0.206880	0.040387	0.215423	0.035003	0.224666	0.029723	0.234656	0.024603	0.245447	0.019713	0.257097	0.015130	0.269670	0.010952	0.283236	0.007291	0.297871	0.004285	0.313658	0.002094	0.330687	0.000910	0.349057	0.000967	0.368873	0.002541	0.390248	0.005965
534.194150	0.163294	0.077235	0.167975	0.072099	0.173119	0.066864	0.178752	0.061546	0.184901	0.056162	0.191595	0.050737	0.198869	0.045298	0.206757	0.039879	0.215300	0.034519	0.224543	0.029265	0.234531	0.024174	0.245320	0.019315	0.256967	0.014767	0.269538	0.010627	0.283101	0.007007	0.297732	0.004044	0.313516	0.001901	0.330541	0.000770	0.348908	0.000883	0.368721	0.002517	0.390093	0.006006
534.663210	0.163150	0.076619	0.167836	0.071495	0.172985	0.066273	0.178622	0.060970	0.184774	0.055603	0.191470	0.050196	0.198745	0.044778	0.206634	0.039380	0.215177	0.034044	0.224418	0.028817	0.234405	0.023756	0.245193	0.018929	0.256838	0.014416	0.269405	0.010314	0.282965	0.006735	0.297593	0.003818	0.313373	0.001723	0.330395	0.000645	0.348758	0.000814	0.368568	0.002509	0.389937	0.006064
535.132200	0.163006	0.076006	0.167697	0.070895	0.172851	0.065687	0.178492	0.060398	0.184646	0.055048	0.191345	0.049660	0.198621	0.044262	0.206511	0.038886	0.215053	0.033575	0.224294	0.028375	0.234280	0.023344	0.245065	0.018549	0.256709	0.014071	0.269273	0.010007	0.282829	0.006470	0.297454	0.003598	0.313230	0.001552	0.330249	0.000527	0.348609	0.000753	0.368415	0.002509	0.389781	0.006129
535.601070	0.162863	0.075403	0.167560	0.070304	0.172718	0.065110	0.178363	0.059837	0.184520	0.054504	0.191221	0.049135	0.198499	0.043758	0.206389	0.038405	0.214931	0.033119	0.224171	0.027947	0.234155	0.022945	0.244939	0.018183	0.256579	0.013741	0.269140	0.009715	0.282693	0.006221	0.297314	0.003395	0.313087	0.001398	0.330102	0.000427	0.348459	0.000711	0.368261	0.002529	0.389625	0.006214
536.069820	0.162721	0.074802	0.167423	0.069716	0.172585	0.064536	0.178234	0.059279	0.184394	0.053963	0.191097	0.048613	0.198376	0.043256	0.206267	0.037927	0.214809	0.032666	0.224048	0.027521	0.234030	0.022549	0.244812	0.017819	0.256450	0.013414	0.269008	0.009427	0.282558	0.005975	0.297175	0.003195	0.312945	0.001249	0.329956	0.000331	0.348309	0.000673	0.368108	0.002552	0.389470	0.006304
536.538510	0.162579	0.074213	0.167286	0.069139	0.172454	0.063974	0.178105	0.058732	0.184268	0.053435	0.190973	0.048104	0.198253	0.042768	0.206144	0.037462	0.214686	0.032227	0.223924	0.027110	0.233905	0.022169	0.244685	0.017473	0.256320	0.013104	0.268875	0.009157	0.282421	0.005748	0.297036	0.003015	0.312801	0.001119	0.329809	0.000255	0.348158	0.000656	0.367954	0.002598	0.389313	0.006417
537.007080	0.162438	0.073623	0.167150	0.068562	0.172322	0.063412	0.177976	0.058186	0.184142	0.052906	0.190849	0.047595	0.198130	0.042281	0.206022	0.036998	0.214564	0.031789	0.223800	0.026699	0.233780	0.021790	0.244557	0.017127	0.256190	0.012794	0.268742	0.008887	0.282285	0.005522	0.296896	0.002835	0.312658	0.000989	0.329662	0.000180	0.348008	0.000640	0.367801	0.002645	0.389156	0.006531
537.475520	0.162297	0.073046	0.167015	0.067999	0.172190	0.062863	0.177848	0.057654	0.184017	0.052392	0.190725	0.047100	0.198008	0.041809	0.205900	0.036550	0.214441	0.031367	0.223676	0.026306	0.233655	0.021428	0.244430	0.016800	0.256059	0.012504	0.268608	0.008638	0.282148	0.005316	0.296755	0.002677	0.312514	0.000883	0.329514	0.000130	0.347856	0.000649	0.367646	0.002718	0.388998	0.006672
537.943850	0.162157	0.072469	0.166879	0.067436	0.172059	0.062315	0.177720	0.057122	0.183892	0.051878	0.190602	0.046606	0.197886	0.041337	0.205778	0.036103	0.214319	0.030945	0.223553	0.025913	0.233529	0.021066	0.244302	0.016472	0.255929	0.012214	0.268475	0.008388	0.282011	0.005111	0.296615	0.002519	0.312369	0.000777	0.329366	0.000079	0.347704	0.000658	0.367491	0.002791	0.388840	0.006813
538.412110	0.162018	0.071904	0.166746	0.066884	0.171929	0.061779	0.177594	0.056603	0.183768	0.051377	0.190479	0.046126	0.197764	0.040879	0.205656	0.035669	0.214197	0.030538	0.223430	0.025536	0.233404	0.020721	0.244175	0.016162	0.255799	0.011942	0.268342	0.008157	0.281875	0.004924	0.296474	0.002381	0.312225	0.000691	0.329218	0.000050	0.347552	0.000689	0.367336	0.002887	0.388682	0.006978
538.880250	0.161880	0.071341	0.166612	0.066335	0.171800	0.061245	0.177468	0.056085	0.183644	0.050879	0.190357	0.045648	0.197643	0.040424	0.205535	0.035238	0.214075	0.030134	0.223307	0.025162	0.233280	0.020379	0.244048	0.015855	0.255669	0.011672	0.268209	0.007928	0.281738	0.004741	0.296334	0.002246	0.312081	0.000608	0.329070	0.000023	0.347401	0.000722	0.367181	0.002986	0.388524	0.007146
539.348330	0.161743	0.070787	0.166480	0.065795	0.171672	0.060721	0.177343	0.055579	0.183521	0.050391	0.190236	0.045182	0.197522	0.039980	0.205414	0.034819	0.213954	0.029743	0.223185	0.024800	0.233155	0.020050	0.243921	0.015561	0.255540	0.011417	0.268076	0.007715	0.281602	0.004573	0.296194	0.002127	0.311937	0.000542	0.328922	0.000014	0.347249	0.000775	0.367025	0.003103	0.388366	0.007334
539.816220	0.161607	0.070237	0.166348	0.065259	0.171543	0.060200	0.177217	0.055076	0.183398	0.049908	0.190115	0.044720	0.197401	0.039540	0.205293	0.034405	0.213833	0.029356	0.223062	0.024443	0.233031	0.019725	0.243794	0.015272	0.255410	0.011167	0.267943	0.007508	0.281465	0.004410	0.296053	0.002013	0.311793	0.000482	0.328774	0.000011	0.347098	0.000833	0.366870	0.003227	0.388208	0.007528
540.284060	0.161470	0.069694	0.166216	0.064731	0.171415	0.059688	0.177092	0.054582	0.183275	0.049433	0.189993	0.044266	0.197280	0.039109	0.205172	0.034000	0.213711	0.028979	0.222939	0.024096	0.232906	0.019412	0.243666	0.014995	0.255279	0.010929	0.267809	0.007312	0.281328	0.004260	0.295912	0.001913	0.311647	0.000435	0.328625	0.000022	0.346944	0.000906	0.366713	0.003367	0.388049	0.007738
540.751830	0.161333	0.069155	0.166083	0.064207	0.171286	0.059180	0.176967	0.054092	0.183152	0.048962	0.189871	0.043817	0.197159	0.038684	0.205051	0.033601	0.213588	0.028608	0.222815	0.023756	0.232780	0.019105	0.243538	0.014724	0.255148	0.010698	0.267674	0.007123	0.281189	0.004118	0.295769	0.001822	0.311501	0.000398	0.328475	0.000042	0.346790	0.000989	0.366556	0.003517	0.387888	0.007958
541.219420	0.161197	0.068623	0.165952	0.063690	0.171159	0.058680	0.176842	0.053610	0.183029	0.048500	0.189750	0.043376	0.197038	0.038267	0.204930	0.033210	0.213467	0.028245	0.222692	0.023425	0.232655	0.018807	0.243411	0.014463	0.255017	0.010476	0.267541	0.006944	0.281052	0.003986	0.295628	0.001740	0.311355	0.000371	0.328325	0.000073	0.346637	0.001083	0.366399	0.003677	0.387728	0.008190
541.686950	0.161064	0.068099	0.165823	0.063181	0.171034	0.058188	0.176719	0.053135	0.182909	0.048046	0.189631	0.042944	0.196920	0.037859	0.204811	0.032828	0.213346	0.027892	0.222570	0.023103	0.232532	0.018519	0.243285	0.014211	0.254888	0.010264	0.267408	0.006777	0.280915	0.003866	0.295488	0.001670	0.311211	0.000355	0.328177	0.000117	0.346485	0.001190	0.366243	0.003851	0.387569	0.008436
542.154360	0.160931	0.067579	0.165694	0.062676	0.170908	0.057699	0.176596	0.052666	0.182788	0.047596	0.189511	0.042517	0.196800	0.037456	0.204691	0.032451	0.213226	0.027545	0.222448	0.022786	0.232408	0.018236	0.243158	0.013966	0.254758	0.010059	0.267275	0.006616	0.280778	0.003752	0.295347	0.001607	0.311066	0.000347	0.328027	0.000168	0.346332	0.001304	0.366087	0.004032	0.387410	0.008689
542.621700	0.160797	0.067066	0.165565	0.062179	0.170782	0.057220	0.176473	0.052205	0.182666	0.047156	0.189391	0.042099	0.196680	0.037063	0.204571	0.032085	0.213105	0.027207	0.222325	0.022480	0.232282	0.017965	0.243030	0.013733	0.254627	0.009867	0.267140	0.006467	0.280640	0.003651	0.295204	0.001558	0.310919	0.000354	0.327877	0.000234	0.346178	0.001434	0.365929	0.004231	0.387249	0.008960
543.088870	0.160664	0.066556	0.165436	0.061685	0.170656	0.056742	0.176351	0.051747	0.182545	0.046718	0.189270	0.041683	0.196561	0.036672	0.204451	0.031721	0.212984	0.026873	0.222203	0.022178	0.232157	0.017698	0.242902	0.013503	0.254496	0.009678	0.267006	0.006322	0.280502	0.003554	0.295062	0.001513	0.310773	0.000364	0.327726	0.000305	0.346024	0.001568	0.365771	0.004433	0.387088	0.009235
543.555970	0.160533	0.066057	0.165309	0.061202	0.170533	0.056277	0.176229	0.051300	0.182426	0.046293	0.189152	0.041281	0.196442	0.036295	0.204333	0.031371	0.212864	0.026552	0.222081	0.021890	0.232034	0.017445	0.242775	0.013288	0.254366	0.009504	0.266872	0.006194	0.280364	0.003473	0.294921	0.001484	0.310628	0.000392	0.327577	0.000393	0.345870	0.001721	0.365614	0.004655	0.386927	0.009530
544.023010	0.160402	0.065558	0.165182	0.060719	0.170409	0.055812	0.176108	0.050854	0.182306	0.045868	0.189033	0.040879	0.196324	0.035918	0.204214	0.031021	0.212744	0.026232	0.221960	0.021603	0.231910	0.017192	0.242649	0.013074	0.254237	0.009331	0.266738	0.006066	0.280226	0.003394	0.294779	0.001457	0.310482	0.000420	0.327427	0.000481	0.345715	0.001875	0.365456	0.004878	0.386767	0.009826
544.489870	0.160270	0.065071	0.165055	0.060248	0.170285	0.055358	0.175986	0.050420	0.182186	0.045455	0.188914	0.040490	0.196205	0.035555	0.204095	0.030686	0.212623	0.025927	0.221837	0.021330	0.231785	0.016956	0.242521	0.012877	0.254105	0.009176	0.266603	0.005955	0.280087	0.003333	0.294636	0.001449	0.310334	0.000469	0.327275	0.000592	0.345560	0.002050	0.365297	0.005123	0.386605	0.010145
544.956670	0.160139	0.064583	0.164928	0.059777	0.170161	0.054905	0.175864	0.049987	0.182066	0.045043	0.188795	0.040101	0.196086	0.035192	0.203975	0.030350	0.212502	0.025622	0.221714	0.021058	0.231660	0.016720	0.242393	0.012679	0.253973	0.009020	0.266469	0.005845	0.279948	0.003273	0.294492	0.001441	0.310187	0.000518	0.327124	0.000702	0.345404	0.002226	0.365139	0.005368	0.386442	0.010463
545.423400	0.160011	0.064108	0.164803	0.059318	0.170039	0.054465	0.175745	0.049567	0.181948	0.044645	0.188678	0.039726	0.195969	0.034843	0.203857	0.030030	0.212383	0.025332	0.221593	0.020802	0.231536	0.016500	0.242266	0.012498	0.253843	0.008882	0.266334	0.005753	0.279810	0.003229	0.294350	0.001451	0.310040	0.000587	0.326974	0.000831	0.345250	0.002421	0.364980	0.005634	0.386281	0.010803
545.889950	0.159882	0.063634	0.164678	0.058861	0.169918	0.054026	0.175626	0.049148	0.181830	0.044248	0.188561	0.039353	0.195852	0.034495	0.203739	0.029711	0.212264	0.025044	0.221473	0.020547	0.231412	0.016282	0.242140	0.012319	0.253714	0.008745	0.266201	0.005662	0.279672	0.003188	0.294208	0.001464	0.309894	0.000656	0.326823	0.000963	0.345096	0.002618	0.364822	0.005901	0.386120	0.011144
546.356450	0.159755	0.063169	0.164554	0.058413	0.169796	0.053596	0.175507	0.048739	0.181712	0.043861	0.188444	0.038991	0.195735	0.034159	0.203621	0.029404	0.212145	0.024767	0.221351	0.020304	0.231288	0.016075	0.242013	0.012153	0.253583	0.008622	0.266066	0.005586	0.279534	0.003161	0.294066	0.001492	0.309747	0.000742	0.326672	0.001111	0.344941	0.002832	0.364663	0.006185	0.385958	0.011504
546.822810	0.159627	0.062707	0.164430	0.057968	0.169675	0.053170	0.175387	0.048332	0.181595	0.043478	0.188326	0.038631	0.195617	0.033826	0.203503	0.029100	0.212025	0.024495	0.221229	0.020066	0.231164	0.015873	0.241885	0.011991	0.253453	0.008503	0.265932	0.005513	0.279396	0.003139	0.293923	0.001524	0.309600	0.000832	0.326521	0.001263	0.344785	0.003051	0.364504	0.006475	0.385795	0.011869
547.289060	0.159501	0.062252	0.164307	0.057531	0.169555	0.052752	0.175269	0.047935	0.181477	0.043102	0.188210	0.038281	0.195501	0.033503	0.203385	0.028805	0.211906	0.024232	0.221108	0.019837	0.231040	0.015681	0.241758	0.011839	0.253322	0.008395	0.265797	0.005452	0.279257	0.003129	0.293780	0.001568	0.309453	0.000935	0.326369	0.001428	0.344629	0.003283	0.364345	0.006778	0.385632	0.012248
547.755250	0.159374	0.061802	0.164184	0.057098	0.169435	0.052338	0.175151	0.047542	0.181360	0.042732	0.188094	0.037936	0.195384	0.033184	0.203268	0.028516	0.211787	0.023975	0.220987	0.019614	0.230917	0.015496	0.241632	0.011694	0.253192	0.008294	0.265663	0.005398	0.279119	0.003126	0.293637	0.001619	0.309305	0.001045	0.326218	0.001601	0.344474	0.003524	0.364185	0.007090	0.385469	0.012636
548.221310	0.159248	0.061358	0.164062	0.056671	0.169315	0.051931	0.175033	0.047156	0.181244	0.042369	0.187978	0.037597	0.195267	0.032873	0.203150	0.028234	0.211668	0.023725	0.220865	0.019399	0.230793	0.015319	0.241504	0.011557	0.253061	0.008201	0.265528	0.005353	0.278980	0.003131	0.293494	0.001680	0.309158	0.001165	0.326065	0.001784	0.344317	0.003774	0.364025	0.007412	0.385306	0.013033
548.687260	0.159122	0.060919	0.163939	0.056251	0.169195	0.051530	0.174915	0.046776	0.181127	0.042012	0.187861	0.037266	0.195150	0.032569	0.203032	0.027959	0.211548	0.023483	0.220744	0.019192	0.230668	0.015150	0.241376	0.011429	0.252929	0.008117	0.265393	0.005316	0.278840	0.003147	0.293350	0.001750	0.309009	0.001295	0.325912	0.001978	0.344160	0.004035	0.363864	0.007745	0.385142	0.013442
549.153140	0.158997	0.060485	0.163817	0.055835	0.169076	0.051133	0.174798	0.046401	0.181011	0.041660	0.187745	0.036939	0.195034	0.032270	0.202915	0.027690	0.211429	0.023246	0.220622	0.018990	0.230543	0.014986	0.241248	0.011306	0.252798	0.008039	0.265258	0.005286	0.278700	0.003168	0.293206	0.001827	0.308861	0.001431	0.325759	0.002178	0.344004	0.004303	0.363703	0.008086	0.384978	0.013859
549.618900	0.158874	0.060059	0.163697	0.055427	0.168958	0.050745	0.174682	0.046035	0.180896	0.041318	0.187630	0.036622	0.194919	0.031981	0.202798	0.027431	0.211311	0.023019	0.220502	0.018799	0.230420	0.014833	0.241122	0.011195	0.252667	0.007972	0.265123	0.005268	0.278562	0.003202	0.293062	0.001917	0.308713	0.001581	0.325607	0.002391	0.343847	0.004584	0.363543	0.008440	0.384814	0.014289
550.084530	0.158751	0.059636	0.163577	0.055022	0.168841	0.050360	0.174566	0.045671	0.180780	0.040978	0.187515	0.036308	0.194803	0.031694	0.202682	0.027175	0.211192	0.022796	0.220381	0.018611	0.230297	0.014683	0.240995	0.011087	0.252536	0.007909	0.264987	0.005253	0.278423	0.003239	0.292919	0.002010	0.308565	0.001734	0.325454	0.002608	0.343690	0.004870	0.363383	0.008798	0.384650	0.014724
550.550050	0.158628	0.059222	0.163457	0.054626	0.168723	0.049985	0.174449	0.045318	0.180665	0.040649	0.187400	0.036004	0.194688	0.031418	0.202565	0.026930	0.211074	0.022584	0.220260	0.018436	0.230173	0.014546	0.240867	0.010992	0.252405	0.007860	0.264852	0.005252	0.278282	0.003291	0.292774	0.002118	0.308416	0.001902	0.325301	0.002841	0.343533	0.005171	0.363221	0.009172	0.384485	0.015176
551.015500	0.158505	0.058809	0.163337	0.054231	0.168605	0.049610	0.174333	0.044965	0.180550	0.040319	0.187285	0.035701	0.194572	0.031143	0.202448	0.026685	0.210955	0.022373	0.220139	0.018261	0.230049	0.014410	0.240740	0.010898	0.252274	0.007811	0.264717	0.005253	0.278142	0.003343	0.292630	0.002226	0.308267	0.002070	0.325148	0.003074	0.343375	0.005474	0.363060	0.009547	0.384320	0.015628
551.480830	0.158383	0.058406	0.163218	0.053848	0.168489	0.049247	0.174218	0.044624	0.180436	0.040003	0.187171	0.035411	0.194457	0.030882	0.202332	0.026455	0.210837	0.022177	0.220018	0.018100	0.229925	0.014289	0.240613	0.010820	0.252142	0.007778	0.264582	0.005269	0.278003	0.003413	0.292486	0.002352	0.308118	0.002257	0.324994	0.003327	0.343217	0.005795	0.362898	0.009942	0.384155	0.016100
551.946040	0.158261	0.058004	0.163100	0.053464	0.168372	0.048884	0.174103	0.044283	0.180321	0.039687	0.187056	0.035122	0.194341	0.030621	0.202215	0.026226	0.210719	0.021980	0.219897	0.017940	0.229801	0.014168	0.240486	0.010741	0.252011	0.007745	0.264447	0.005285	0.277863	0.003482	0.292342	0.002478	0.307969	0.002444	0.324841	0.003579	0.343059	0.006117	0.362736	0.010337	0.383990	0.016571
552.411190	0.158141	0.057612	0.162982	0.053091	0.168257	0.048532	0.173989	0.043954	0.180207	0.039382	0.186942	0.034843	0.194227	0.030372	0.202099	0.026008	0.210601	0.021796	0.219776	0.017793	0.229677	0.014061	0.240358	0.010676	0.251880	0.007727	0.264311	0.005317	0.277723	0.003567	0.292197	0.002620	0.307820	0.002648	0.324686	0.003847	0.342901	0.006455	0.362573	0.010749	0.383824	0.017061
552.876220	0.158020	0.057221	0.162864	0.052720	0.168141	0.048181	0.173874	0.043626	0.180093	0.039079	0.186828	0.034567	0.194112	0.030125	0.201983	0.025792	0.210482	0.021614	0.219655	0.017648	0.229553	0.013956	0.240230	0.010614	0.251748	0.007710	0.264174	0.005350	0.277582	0.003654	0.292052	0.002765	0.307670	0.002853	0.324532	0.004118	0.342742	0.006795	0.362411	0.011163	0.383658	0.017553
553.341130	0.157901	0.056839	0.162748	0.052358	0.168026	0.047840	0.173761	0.043308	0.179981	0.038785	0.186715	0.034300	0.193999	0.029888	0.201868	0.025586	0.210365	0.021444	0.219535	0.017514	0.229430	0.013862	0.240103	0.010563	0.251617	0.007706	0.264039	0.005396	0.277443	0.003753	0.291907	0.002922	0.307521	0.003072	0.324378	0.004403	0.342584	0.007150	0.362249	0.011591	0.383493	0.018059
553.805910	0.157782	0.056461	0.162632	0.051999	0.167913	0.047503	0.173648	0.042993	0.179869	0.038496	0.186603	0.034038	0.193885	0.029654	0.201753	0.025385	0.210248	0.021277	0.219416	0.017384	0.229306	0.013772	0.239977	0.010516	0.251487	0.007707	0.263904	0.005446	0.277303	0.003857	0.291762	0.003083	0.307372	0.003296	0.324225	0.004692	0.342426	0.007509	0.362087	0.012024	0.383327	0.018571
554.270630	0.157664	0.056089	0.162516	0.051647	0.167799	0.047172	0.173536	0.042686	0.179757	0.038213	0.186491	0.033783	0.193772	0.029429	0.201638	0.025192	0.210131	0.021118	0.219296	0.017263	0.229183	0.013691	0.239850	0.010479	0.251356	0.007716	0.263769	0.005506	0.277163	0.003971	0.291618	0.003255	0.307223	0.003529	0.324071	0.004992	0.342267	0.007879	0.361924	0.012468	0.383161	0.019093
554.735230	0.157546	0.055721	0.162401	0.051299	0.167685	0.046846	0.173424	0.042383	0.179644	0.037936	0.186378	0.033533	0.193659	0.029209	0.201523	0.025004	0.210014	0.020965	0.219176	0.017148	0.229060	0.013617	0.239723	0.010448	0.251225	0.007732	0.263633	0.005572	0.277023	0.004092	0.291473	0.003435	0.307073	0.003771	0.323917	0.005299	0.342109	0.008257	0.361762	0.012920	0.382995	0.019624
555.199770	0.157429	0.055359	0.162286	0.050956	0.167571	0.046525	0.173312	0.042086	0.179532	0.037664	0.186266	0.033289	0.193545	0.028995	0.201407	0.024822	0.209896	0.020818	0.219055	0.017038	0.228937	0.013548	0.239595	0.010423	0.251093	0.007755	0.263497	0.005646	0.276882	0.004220	0.291328	0.003621	0.306922	0.004019	0.323762	0.005614	0.341949	0.008642	0.361598	0.013381	0.382828	0.020162
555.664120	0.157312	0.055003	0.162171	0.050620	0.167459	0.046211	0.173199	0.041796	0.179420	0.037399	0.186153	0.033052	0.193431	0.028788	0.201292	0.024648	0.209779	0.020679	0.218935	0.016937	0.228813	0.013488	0.239467	0.010407	0.250961	0.007786	0.263361	0.005728	0.276741	0.004357	0.291182	0.003817	0.306772	0.004277	0.323607	0.005939	0.341790	0.009038	0.361435	0.013851	0.382660	0.020711
556.128420	0.157195	0.054650	0.162057	0.050287	0.167346	0.045901	0.173087	0.041509	0.179309	0.037138	0.186041	0.032819	0.193318	0.028586	0.201178	0.024478	0.209662	0.020544	0.218815	0.016840	0.228689	0.013433	0.239340	0.010396	0.250830	0.007822	0.263226	0.005815	0.276600	0.004499	0.291037	0.004017	0.306622	0.004540	0.323451	0.006269	0.341630	0.009438	0.361271	0.014327	0.382493	0.021265
556.592590	0.157079	0.054306	0.161944	0.049964	0.167235	0.045599	0.172977	0.041231	0.179199	0.036887	0.185930	0.032596	0.193206	0.028392	0.201064	0.024318	0.209545	0.020419	0.218696	0.016754	0.228567	0.013388	0.239214	0.010395	0.250699	0.007869	0.263090	0.005914	0.276460	0.004652	0.290892	0.004229	0.306472	0.004816	0.323297	0.006611	0.341471	0.009851	0.361107	0.014815	0.382326	0.021832
557.056700	0.156964	0.053963	0.161831	0.049642	0.167123	0.045299	0.172867	0.040955	0.179089	0.036637	0.185819	0.032374	0.193094	0.028201	0.200950	0.024159	0.209429	0.020296	0.218576	0.016669	0.228444	0.013344	0.239087	0.010397	0.250568	0.007919	0.262954	0.006015	0.276320	0.004808	0.290746	0.004444	0.306322	0.005094	0.323142	0.006956	0.341312	0.010267	0.360944	0.015305	0.382159	0.022400
557.520690	0.156850	0.053630	0.161719	0.049329	0.167013	0.045008	0.172756	0.040689	0.178978	0.036397	0.185709	0.032163	0.192982	0.028021	0.200836	0.024012	0.209312	0.020186	0.218457	0.016597	0.228320	0.013314	0.238960	0.010411	0.250437	0.007981	0.262818	0.006129	0.276179	0.004978	0.290601	0.004673	0.306171	0.005386	0.322987	0.007315	0.341152	0.010697	0.360780	0.015811	0.381992	0.022985
557.984560	0.156736	0.053296	0.161607	0.049016	0.166902	0.044718	0.172646	0.040424	0.178868	0.036158	0.185598	0.031952	0.192870	0.027841	0.200722	0.023865	0.209196	0.020075	0.218337	0.016525	0.228197	0.013283	0.238833	0.010426	0.250305	0.008044	0.262683	0.006243	0.276039	0.005147	0.290455	0.004901	0.306020	0.005677	0.322831	0.007674	0.340992	0.011127	0.360615	0.016316	0.381824	0.023570
558.448300	0.156623	0.052973	0.161495	0.048715	0.166792	0.044439	0.172537	0.040169	0.178759	0.035930	0.185488	0.031753	0.192758	0.027673	0.200609	0.023731	0.209080	0.019977	0.218218	0.016467	0.228075	0.013266	0.238706	0.010454	0.250174	0.008121	0.262547	0.006372	0.275898	0.005332	0.290309	0.005146	0.305869	0.005985	0.322676	0.008049	0.340832	0.011574	0.360451	0.016838	0.381656	0.024170
558.911990	0.156509	0.052651	0.161384	0.048413	0.166682	0.044161	0.172428	0.039915	0.178650	0.035703	0.185378	0.031555	0.192647	0.027506	0.200495	0.023597	0.208964	0.019879	0.218099	0.016408	0.227952	0.013250	0.238579	0.010483	0.250043	0.008198	0.262411	0.006501	0.275757	0.005517	0.290164	0.005391	0.305719	0.006293	0.322520	0.008425	0.340671	0.012021	0.360287	0.017360	0.381488	0.024772
559.375550	0.156397	0.052338	0.161273	0.048121	0.166572	0.043892	0.172319	0.039671	0.178540	0.035486	0.185268	0.031366	0.192535	0.027349	0.200382	0.023474	0.208848	0.019793	0.217979	0.016361	0.227829	0.013245	0.238452	0.010524	0.249911	0.008288	0.262274	0.006643	0.275615	0.005715	0.290017	0.005648	0.305568	0.006615	0.322364	0.008814	0.340511	0.012482	0.360122	0.017896	0.381319	0.025387
559.838990	0.156284	0.052026	0.161162	0.047831	0.166463	0.043625	0.172210	0.039429	0.178431	0.035271	0.185158	0.031181	0.192424	0.027195	0.200268	0.023354	0.208731	0.019709	0.217860	0.016316	0.227706	0.013243	0.238325	0.010567	0.249780	0.008380	0.262137	0.006788	0.275474	0.005915	0.289871	0.005909	0.305416	0.006938	0.322207	0.009206	0.340350	0.012945	0.359956	0.018436	0.381151	0.026005
560.302370	0.156173	0.051722	0.161053	0.047548	0.166355	0.043365	0.172102	0.039195	0.178323	0.035064	0.185049	0.031003	0.192313	0.027048	0.200155	0.023242	0.208616	0.019634	0.217741	0.016281	0.227583	0.013250	0.238198	0.010620	0.249648	0.008482	0.262001	0.006942	0.275333	0.006126	0.289725	0.006179	0.305265	0.007273	0.322051	0.009608	0.340189	0.013419	0.359792	0.018985	0.380982	0.026634
560.765630	0.156062	0.051422	0.160944	0.047270	0.166247	0.043109	0.171994	0.038964	0.178215	0.034861	0.184940	0.030830	0.192203	0.026907	0.200042	0.023134	0.208500	0.019564	0.217622	0.016250	0.227460	0.013262	0.238071	0.010678	0.249517	0.008588	0.261866	0.007101	0.275192	0.006342	0.289579	0.006455	0.305114	0.007613	0.321896	0.010016	0.340028	0.013898	0.359627	0.019540	0.380813	0.027268
561.228760	0.155951	0.051127	0.160835	0.046996	0.166139	0.042859	0.171887	0.038740	0.178107	0.034664	0.184831	0.030662	0.192092	0.026771	0.199929	0.023033	0.208385	0.019499	0.217503	0.016225	0.227337	0.013280	0.237944	0.010742	0.249385	0.008702	0.261729	0.007268	0.275051	0.006565	0.289432	0.006739	0.304963	0.007960	0.321739	0.010431	0.339867	0.014386	0.359462	0.020103	0.380644	0.027910
561.691830	0.155841	0.050837	0.160726	0.046728	0.166031	0.042615	0.171779	0.038521	0.177999	0.034472	0.184722	0.030501	0.191982	0.026641	0.199816	0.022938	0.208268	0.019442	0.217384	0.016208	0.227214	0.013305	0.237817	0.010814	0.249253	0.008823	0.261592	0.007442	0.274909	0.006796	0.289285	0.007029	0.304810	0.008316	0.321582	0.010854	0.339706	0.014881	0.359296	0.020674	0.380474	0.028560
562.154720	0.155731	0.050551	0.160618	0.046463	0.165923	0.042374	0.171672	0.038306	0.177891	0.034285	0.184613	0.030343	0.191871	0.026516	0.199704	0.022848	0.208153	0.019388	0.217264	0.016194	0.227091	0.013335	0.237690	0.010889	0.249121	0.008948	0.261456	0.007621	0.274767	0.007031	0.289138	0.007325	0.304658	0.008676	0.321425	0.011283	0.339544	0.015382	0.359130	0.021250	0.380304	0.029215
562.617550	0.155622	0.050272	0.160511	0.046207	0.165817	0.042141	0.171566	0.038099	0.177785	0.034106	0.184505	0.030194	0.191762	0.026399	0.199592	0.022766	0.208038	0.019343	0.217146	0.016190	0.226969	0.013374	0.237563	0.010975	0.248990	0.009083	0.261319	0.007809	0.274626	0.007276	0.288992	0.007631	0.304506	0.009046	0.321268	0.011721	0.339382	0.015892	0.358964	0.021836	0.380135	0.029881
563.080320	0.155513	0.049994	0.160404	0.045952	0.165711	0.041910	0.171460	0.037894	0.177678	0.033929	0.184397	0.030046	0.191652	0.026285	0.199480	0.022686	0.207923	0.019300	0.217027	0.016188	0.226847	0.013415	0.237436	0.011062	0.248859	0.009221	0.261183	0.008000	0.274484	0.007524	0.288845	0.007940	0.304355	0.009419	0.321112	0.012162	0.339221	0.016405	0.358798	0.022425	0.379965	0.030549
563.542910	0.155405	0.049726	0.160297	0.045706	0.165605	0.041688	0.171354	0.037698	0.177572	0.033761	0.184290	0.029909	0.191542	0.026180	0.199368	0.022616	0.207808	0.019269	0.216909	0.016196	0.226724	0.013467	0.237309	0.011161	0.248727	0.009370	0.261046	0.008202	0.274342	0.007783	0.288698	0.008260	0.304202	0.009803	0.320954	0.012615	0.339059	0.016930	0.358632	0.023026	0.379795	0.031229
564.005430	0.155297	0.049458	0.160191	0.045460	0.165499	0.041467	0.171248	0.037502	0.177465	0.033593	0.184182	0.029772	0.191433	0.026075	0.199256	0.022546	0.207693	0.019237	0.216791	0.016205	0.226602	0.013520	0.237183	0.011260	0.248595	0.009519	0.260909	0.008405	0.274200	0.008042	0.288551	0.008580	0.304050	0.010188	0.320797	0.013068	0.338897	0.017455	0.358465	0.023627	0.379625	0.031909
564.467900	0.155189	0.049199	0.160084	0.045224	0.165393	0.041255	0.171142	0.037317	0.177359	0.033436	0.184074	0.029645	0.191323	0.025981	0.199143	0.022489	0.207577	0.019217	0.216672	0.016227	0.226479	0.013585	0.237055	0.011372	0.248463	0.009681	0.260772	0.008621	0.274058	0.008316	0.288403	0.008914	0.303897	0.010587	0.320639	0.013536	0.338734	0.017996	0.358298	0.024243	0.379454	0.032604
564.930180	0.155082	0.048941	0.159978	0.044989	0.165288	0.041044	0.171037	0.037132	0.177253	0.033280	0.183966	0.029519	0.191214	0.025888	0.199031	0.022431	0.207461	0.019197	0.216553	0.016248	0.226356	0.013649	0.236927	0.011484	0.248331	0.009843	0.260635	0.008836	0.273916	0.008589	0.288255	0.009249	0.303744	0.010986	0.320481	0.014003	0.338572	0.018535	0.358130	0.024859	0.379283	0.033299
565.392400	0.154976	0.048692	0.159873	0.044762	0.165183	0.040842	0.170932	0.036956	0.177148	0.033133	0.183859	0.029403	0.191104	0.025805	0.198919	0.022383	0.207347	0.019188	0.216435	0.016280	0.226233	0.013725	0.236800	0.011607	0.248199	0.010017	0.260498	0.009064	0.273773	0.008874	0.288108	0.009594	0.303592	0.011397	0.320323	0.014483	0.338408	0.019087	0.357963	0.025487	0.379111	0.034006
565.854490	0.154869	0.048444	0.159768	0.044537	0.165079	0.040642	0.170828	0.036783	0.177042	0.032988	0.183753	0.029289	0.190995	0.025724	0.198808	0.022337	0.207232	0.019181	0.216316	0.016313	0.226111	0.013803	0.236673	0.011732	0.248067	0.010193	0.260361	0.009294	0.273631	0.009161	0.287960	0.009942	0.303439	0.011810	0.320165	0.014964	0.338245	0.019642	0.357796	0.026117	0.378940	0.034715
566.316530	0.154764	0.048203	0.159664	0.044319	0.164975	0.040449	0.170724	0.036617	0.176937	0.032850	0.183647	0.029182	0.190887	0.025651	0.198697	0.022300	0.207118	0.019182	0.216198	0.016356	0.225988	0.013890	0.236546	0.011866	0.247935	0.010377	0.260225	0.009532	0.273489	0.009457	0.287813	0.010300	0.303287	0.012232	0.320007	0.015455	0.338083	0.020205	0.357629	0.026756	0.378769	0.035433
566.778380	0.154659	0.047966	0.159561	0.044105	0.164872	0.040260	0.170621	0.036454	0.176833	0.032716	0.183541	0.029079	0.190780	0.025581	0.198586	0.022267	0.207005	0.019188	0.216081	0.016402	0.225867	0.013981	0.236420	0.012004	0.247804	0.010566	0.260088	0.009775	0.273348	0.009758	0.287666	0.010661	0.303134	0.012659	0.319850	0.015950	0.337921	0.020772	0.357462	0.027399	0.378599	0.036155
567.240170	0.154555	0.047734	0.159457	0.043896	0.164770	0.040076	0.170517	0.036297	0.176729	0.032588	0.183435	0.028982	0.190672	0.025518	0.198475	0.022240	0.206891	0.019199	0.215963	0.016455	0.225745	0.014078	0.236293	0.012149	0.247673	0.010762	0.259952	0.010024	0.273206	0.010065	0.287518	0.011030	0.302981	0.013093	0.319692	0.016453	0.337758	0.021346	0.357295	0.028049	0.378428	0.036884
567.701900	0.154451	0.047506	0.159354	0.043692	0.164667	0.039897	0.170414	0.036145	0.176625	0.032465	0.183330	0.028891	0.190564	0.025460	0.198365	0.022218	0.206777	0.019215	0.215845	0.016513	0.225623	0.014181	0.236167	0.012300	0.247541	0.010963	0.259815	0.010280	0.273063	0.010379	0.287370	0.011405	0.302828	0.013533	0.319533	0.016961	0.337595	0.021928	0.357127	0.028706	0.378256	0.037619
568.163450	0.154347	0.047282	0.159252	0.043491	0.164565	0.039721	0.170312	0.035997	0.176521	0.032346	0.183225	0.028803	0.190456	0.025406	0.198254	0.022200	0.206662	0.019236	0.215727	0.016576	0.225501	0.014288	0.236040	0.012455	0.247409	0.011169	0.259677	0.010540	0.272920	0.010697	0.287223	0.011784	0.302675	0.013978	0.319375	0.017475	0.337431	0.022513	0.356959	0.029367	0.378084	0.038359
568.624940	0.154244	0.047065	0.159149	0.043297	0.164462	0.039552	0.170209	0.035855	0.176417	0.032234	0.183119	0.028723	0.190348	0.025360	0.198144	0.022190	0.206548	0.019265	0.215609	0.016646	0.225378	0.014403	0.235913	0.012618	0.247277	0.011383	0.259540	0.010809	0.272778	0.011023	0.287074	0.012173	0.302521	0.014431	0.319216	0.017997	0.337267	0.023107	0.356791	0.030037	0.377912	0.039108
569.086300	0.154141	0.046849	0.159047	0.043105	0.164360	0.039385	0.170106	0.035715	0.176314	0.032124	0.183013	0.028644	0.190240	0.025315	0.198033	0.022181	0.206434	0.019296	0.215491	0.016718	0.225255	0.014521	0.235785	0.012783	0.247145	0.011599	0.259402	0.011080	0.272635	0.011351	0.286926	0.012563	0.302367	0.014886	0.319057	0.018521	0.337103	0.023704	0.356622	0.030709	0.377740	0.039858
569.547610	0.154038	0.046641	0.158945	0.042921	0.164258	0.039227	0.170003	0.035584	0.176210	0.032023	0.182908	0.028574	0.190132	0.025279	0.197922	0.022182	0.206319	0.019336	0.215372	0.016800	0.225132	0.014648	0.235658	0.012958	0.247012	0.011825	0.259264	0.011360	0.272492	0.011690	0.286777	0.012963	0.302213	0.015352	0.318898	0.019056	0.336939	0.024311	0.356453	0.031391	0.377566	0.040619
570.008730	0.153936	0.046433	0.158843	0.042737	0.164156	0.039068	0.169901	0.035454	0.176106	0.031921	0.182802	0.028505	0.190024	0.025244	0.197811	0.022183	0.206205	0.019376	0.215254	0.016883	0.225010	0.014775	0.235531	0.013133	0.246880	0.012052	0.259126	0.011642	0.272348	0.012030	0.286628	0.013364	0.302058	0.015817	0.318738	0.019590	0.336774	0.024918	0.356284	0.032074	0.377393	0.041380
570.469850	0.153835	0.046236	0.158743	0.042563	0.164056	0.038921	0.169801	0.035333	0.176004	0.031830	0.182698	0.028446	0.189918	0.025219	0.197702	0.022196	0.206092	0.019428	0.215137	0.016977	0.224888	0.014914	0.235404	0.013320	0.246748	0.012290	0.258989	0.011935	0.272206	0.012381	0.286481	0.013777	0.301905	0.016296	0.318579	0.020137	0.336610	0.025537	0.356116	0.032769	0.377221	0.042152
570.930790	0.153734	0.046039	0.158643	0.042389	0.163956	0.038773	0.169700	0.035213	0.175902	0.031740	0.182595	0.028388	0.189812	0.025195	0.197592	0.022208	0.205979	0.019479	0.215020	0.017071	0.224767	0.015053	0.235278	0.013507	0.246617	0.012529	0.258853	0.012228	0.272063	0.012732	0.286333	0.014190	0.301752	0.016774	0.318421	0.020684	0.336447	0.026156	0.355947	0.033463	0.377049	0.042925
571.391660	0.153634	0.045849	0.158543	0.042224	0.163856	0.038634	0.169600	0.035101	0.175800	0.031658	0.182491	0.028338	0.189706	0.025180	0.197483	0.022230	0.205866	0.019541	0.214903	0.017175	0.224645	0.015202	0.235151	0.013704	0.246485	0.012778	0.258716	0.012531	0.271921	0.013094	0.286185	0.014614	0.301598	0.017263	0.318261	0.021241	0.336283	0.026785	0.355778	0.034167	0.376876	0.043707
571.852360	0.153534	0.045661	0.158444	0.042060	0.163757	0.038495	0.169499	0.034991	0.175699	0.031579	0.182387	0.028290	0.189599	0.025166	0.197373	0.022253	0.205753	0.019604	0.214786	0.017280	0.224523	0.015352	0.235025	0.013903	0.246353	0.013028	0.258579	0.012836	0.271779	0.013458	0.286037	0.015039	0.301444	0.017753	0.318102	0.021801	0.336119	0.027416	0.355609	0.034873	0.376703	0.044491
572.313050	0.153434	0.045480	0.158345	0.041903	0.163658	0.038364	0.169399	0.034888	0.175597	0.031505	0.182284	0.028249	0.189493	0.025160	0.197264	0.022284	0.205640	0.019674	0.214668	0.017393	0.224401	0.015510	0.234898	0.014110	0.246221	0.013286	0.258441	0.013149	0.271636	0.013829	0.285888	0.015472	0.301290	0.018251	0.317942	0.022368	0.335954	0.028055	0.355440	0.035587	0.376529	0.045283
572.773560	0.153335	0.045301	0.158246	0.041749	0.163559	0.038236	0.169299	0.034788	0.175496	0.031435	0.182180	0.028212	0.189386	0.025157	0.197155	0.022318	0.205527	0.019749	0.214551	0.017509	0.224280	0.015672	0.234771	0.014320	0.246089	0.013548	0.258304	0.013466	0.271492	0.014204	0.285739	0.015909	0.301136	0.018753	0.317783	0.022938	0.335788	0.028698	0.355270	0.036304	0.376355	0.046078
573.234010	0.153236	0.045127	0.158147	0.041599	0.163460	0.038113	0.169199	0.034693	0.175395	0.031370	0.182076	0.028179	0.189280	0.025159	0.197045	0.022358	0.205413	0.019828	0.214433	0.017631	0.224158	0.015840	0.234644	0.014536	0.245957	0.013816	0.258166	0.013789	0.271349	0.014585	0.285590	0.016352	0.300981	0.019261	0.317623	0.023515	0.335623	0.029347	0.355100	0.037028	0.376182	0.046879
573.694340	0.153137	0.044957	0.158048	0.041454	0.163361	0.037994	0.169099	0.034603	0.175293	0.031310	0.181973	0.028151	0.189174	0.025167	0.196936	0.022402	0.205300	0.019913	0.214316	0.017758	0.224035	0.016012	0.234517	0.014758	0.245824	0.014089	0.258028	0.014118	0.271205	0.014972	0.285440	0.016800	0.300826	0.019775	0.317462	0.024097	0.335458	0.030001	0.354930	0.037757	0.376008	0.047685
574.154600	0.153039	0.044791	0.157951	0.041313	0.163262	0.037879	0.169000	0.034516	0.175192	0.031253	0.181870	0.028127	0.189068	0.025178	0.196827	0.022451	0.205187	0.020001	0.214199	0.017890	0.223913	0.016189	0.234390	0.014983	0.245692	0.014366	0.257890	0.014450	0.271061	0.015363	0.285291	0.017252	0.300671	0.020292	0.317302	0.024683	0.335293	0.030658	0.354760	0.038489	0.375834	0.048494
574.614690	0.152942	0.044632	0.157854	0.041178	0.163165	0.037771	0.168902	0.034436	0.175093	0.031204	0.181768	0.028111	0.188963	0.025196	0.196719	0.022506	0.205076	0.020097	0.214082	0.018028	0.223792	0.016373	0.234264	0.015216	0.245560	0.014650	0.257753	0.014790	0.270919	0.015761	0.285143	0.017712	0.300517	0.020817	0.317143	0.025276	0.335128	0.031323	0.354591	0.039228	0.375660	0.049310
575.074710	0.152845	0.044473	0.157757	0.041045	0.163068	0.037664	0.168804	0.034357	0.174993	0.031157	0.181665	0.028096	0.188859	0.025216	0.196610	0.022564	0.204964	0.020194	0.213966	0.018168	0.223671	0.016560	0.234137	0.015451	0.245428	0.014937	0.257616	0.015131	0.270777	0.016160	0.284995	0.018173	0.300363	0.021344	0.316983	0.025871	0.334963	0.031989	0.354422	0.039969	0.375487	0.050128
575.534670	0.152748	0.044323	0.157660	0.040919	0.162971	0.037565	0.168705	0.034287	0.174892	0.031116	0.181563	0.028088	0.188753	0.025244	0.196501	0.022629	0.204850	0.020300	0.213849	0.018317	0.223549	0.016754	0.234010	0.015694	0.245296	0.015232	0.257478	0.015481	0.270632	0.016569	0.284845	0.018644	0.300207	0.021880	0.316822	0.026476	0.334797	0.032664	0.354251	0.040719	0.375311	0.050955
575.994450	0.152650	0.044172	0.157563	0.040793	0.162873	0.037465	0.168606	0.034216	0.174792	0.031076	0.181460	0.028081	0.188647	0.025272	0.196391	0.022695	0.204737	0.020406	0.213731	0.018466	0.223426	0.016949	0.233883	0.015937	0.245164	0.015527	0.257340	0.015832	0.270488	0.016978	0.284695	0.019114	0.300052	0.022416	0.316661	0.027080	0.334631	0.033340	0.354080	0.041469	0.375136	0.051781
576.454160	0.152555	0.044031	0.157468	0.040676	0.162777	0.037376	0.168509	0.034156	0.174693	0.031046	0.181359	0.028084	0.188543	0.025310	0.196284	0.022771	0.204626	0.020522	0.213615	0.018626	0.223306	0.017154	0.233757	0.016192	0.245032	0.015834	0.257202	0.016193	0.270345	0.017398	0.284546	0.019596	0.299897	0.022962	0.316501	0.027694	0.334466	0.034026	0.353910	0.042229	0.374962	0.052617
576.913760	0.152460	0.043889	0.157373	0.040560	0.162681	0.037287	0.168412	0.034095	0.174594	0.031017	0.181258	0.028087	0.188439	0.025349	0.196176	0.022848	0.204514	0.020639	0.213499	0.018785	0.223185	0.017359	0.233631	0.016446	0.244900	0.016140	0.257065	0.016555	0.270202	0.017817	0.284397	0.020078	0.299743	0.023508	0.316341	0.028309	0.334300	0.034712	0.353740	0.042988	0.374788	0.053453
577.373290	0.152365	0.043755	0.157278	0.040451	0.162586	0.037205	0.168316	0.034042	0.174495	0.030995	0.181157	0.028099	0.188334	0.025395	0.196069	0.022932	0.204402	0.020764	0.213383	0.018953	0.223063	0.017573	0.233504	0.016709	0.244768	0.016455	0.256927	0.016925	0.270059	0.018246	0.284248	0.020568	0.299588	0.024063	0.316180	0.028932	0.334134	0.035406	0.353570	0.043756	0.374613	0.054297
577.832640	0.152270	0.043623	0.157183	0.040344	0.162491	0.037124	0.168219	0.033991	0.174397	0.030974	0.181056	0.028112	0.188230	0.025443	0.195961	0.023019	0.204290	0.020890	0.213266	0.019123	0.222942	0.017789	0.233378	0.016974	0.244636	0.016772	0.256789	0.017297	0.269915	0.018676	0.284098	0.021060	0.299433	0.024620	0.316020	0.029556	0.333968	0.036102	0.353399	0.044526	0.374439	0.055142
578.291930	0.152176	0.043496	0.157088	0.040243	0.162396	0.037050	0.168122	0.033945	0.174298	0.030960	0.180954	0.028131	0.188126	0.025498	0.195853	0.023111	0.204178	0.021023	0.213150	0.019299	0.222821	0.018012	0.233251	0.017245	0.244504	0.017095	0.256651	0.017675	0.269771	0.019113	0.283949	0.021558	0.299278	0.025183	0.315859	0.030187	0.333802	0.036803	0.353228	0.045301	0.374263	0.055993
578.751160	0.152082	0.043373	0.156994	0.040144	0.162301	0.036979	0.168026	0.033903	0.174200	0.030949	0.180853	0.028153	0.188021	0.025556	0.195745	0.023207	0.204066	0.021160	0.213033	0.019479	0.222700	0.018238	0.233124	0.017520	0.244372	0.017423	0.256513	0.018057	0.269627	0.019553	0.283799	0.022060	0.299122	0.025750	0.315697	0.030822	0.333635	0.037509	0.353056	0.046080	0.374088	0.056848
579.210210	0.151988	0.043253	0.156900	0.040050	0.162206	0.036912	0.167929	0.033865	0.174101	0.030943	0.180752	0.028180	0.187918	0.025619	0.195638	0.023308	0.203954	0.021301	0.212917	0.019664	0.222579	0.018468	0.232997	0.017800	0.244240	0.017754	0.256375	0.018444	0.269483	0.019998	0.283650	0.022567	0.298967	0.026321	0.315536	0.031461	0.333469	0.038219	0.352885	0.046863	0.373913	0.057706
579.669190	0.151895	0.043139	0.156807	0.039961	0.162112	0.036850	0.167834	0.033833	0.174004	0.030942	0.180652	0.028212	0.187814	0.025686	0.195531	0.023414	0.203843	0.021447	0.212801	0.019854	0.222458	0.018705	0.232872	0.018085	0.244108	0.018091	0.256238	0.018836	0.269340	0.020449	0.283501	0.023079	0.298812	0.026898	0.315376	0.032106	0.333303	0.038934	0.352714	0.047650	0.373737	0.058569
580.128110	0.151802	0.043027	0.156714	0.039875	0.162018	0.036791	0.167739	0.033803	0.173907	0.030943	0.180552	0.028247	0.187711	0.025757	0.195424	0.023522	0.203732	0.021597	0.212686	0.020047	0.222337	0.018944	0.232746	0.018372	0.243976	0.018431	0.256101	0.019231	0.269197	0.020903	0.283351	0.023594	0.298656	0.027478	0.315215	0.032753	0.333137	0.039651	0.352543	0.048441	0.373562	0.059434
580.586850	0.151710	0.042921	0.156622	0.039794	0.161924	0.036738	0.167645	0.033779	0.173810	0.030951	0.180453	0.028288	0.187609	0.025834	0.195317	0.023637	0.203621	0.021753	0.212570	0.020246	0.222216	0.019190	0.232619	0.018667	0.243844	0.018778	0.255963	0.019634	0.269053	0.021363	0.283201	0.024115	0.298500	0.028063	0.315053	0.033406	0.332971	0.040375	0.352372	0.049237	0.373386	0.060305
581.045530	0.151618	0.042816	0.156530	0.039715	0.161831	0.036686	0.167550	0.033757	0.173712	0.030960	0.180353	0.028330	0.187506	0.025913	0.195209	0.023753	0.203510	0.021910	0.212453	0.020447	0.222095	0.019436	0.232492	0.018963	0.243712	0.019126	0.255825	0.020037	0.268910	0.021825	0.283051	0.024638	0.298345	0.028650	0.314892	0.034061	0.332804	0.041100	0.352200	0.050035	0.373211	0.061177
581.504090	0.151526	0.042719	0.156438	0.039643	0.161738	0.036642	0.167455	0.033742	0.173615	0.030976	0.180253	0.028380	0.187402	0.025999	0.195103	0.023878	0.203399	0.022076	0.212337	0.020656	0.221973	0.019691	0.232366	0.019268	0.243580	0.019483	0.255687	0.020449	0.268765	0.022294	0.282901	0.025169	0.298189	0.029246	0.314730	0.034723	0.332637	0.041833	0.352028	0.050840	0.373034	0.062057
581.962520	0.151434	0.042621	0.156346	0.039572	0.161645	0.036598	0.167360	0.033727	0.173518	0.030993	0.180153	0.028431	0.187298	0.026085	0.194996	0.024003	0.203287	0.022241	0.212221	0.020865	0.221852	0.019946	0.232239	0.019572	0.243448	0.019839	0.255548	0.020860	0.268621	0.022764	0.282751	0.025701	0.298033	0.029841	0.314568	0.035386	0.332470	0.042565	0.351856	0.051644	0.372858	0.062936
582.420900	0.151344	0.042531	0.156254	0.039508	0.161552	0.036561	0.167265	0.033721	0.173421	0.031018	0.180054	0.028490	0.187196	0.026180	0.194889	0.024136	0.203176	0.022416	0.212106	0.021082	0.221731	0.020210	0.232112	0.019885	0.243315	0.020204	0.255410	0.021280	0.268476	0.023242	0.282601	0.026240	0.297876	0.030445	0.314406	0.036057	0.332302	0.043306	0.351684	0.052457	0.372682	0.063822
582.879150	0.151253	0.042442	0.156162	0.039445	0.161459	0.036525	0.167171	0.033715	0.173324	0.031043	0.179954	0.028549	0.187093	0.026276	0.194782	0.024271	0.203064	0.022591	0.211990	0.021300	0.221610	0.020475	0.231985	0.020199	0.243182	0.020570	0.255271	0.021701	0.268332	0.023722	0.282450	0.026781	0.297720	0.031050	0.314245	0.036728	0.332134	0.044047	0.351511	0.053270	0.372505	0.064709
583.337280	0.151163	0.042359	0.156072	0.039388	0.161368	0.036497	0.167078	0.033715	0.173229	0.031076	0.179855	0.028616	0.186991	0.026378	0.194676	0.024412	0.202954	0.022773	0.211874	0.021526	0.221489	0.020747	0.231860	0.020520	0.243050	0.020943	0.255134	0.022129	0.268188	0.024208	0.282300	0.027327	0.297564	0.031661	0.314083	0.037406	0.331967	0.044793	0.351340	0.054089	0.372328	0.065601
583.795350	0.151074	0.042279	0.155982	0.039333	0.161277	0.036471	0.166985	0.033719	0.173134	0.031111	0.179757	0.028684	0.186889	0.026483	0.194570	0.024555	0.202843	0.022957	0.211759	0.021754	0.221369	0.021021	0.231734	0.020844	0.242919	0.021318	0.254996	0.022560	0.268044	0.024696	0.282151	0.027877	0.297409	0.032274	0.313921	0.038086	0.331800	0.045542	0.351168	0.054909	0.372153	0.066496
584.253300	0.150985	0.042203	0.155892	0.039283	0.161186	0.036449	0.166892	0.033727	0.173038	0.031151	0.179659	0.028758	0.186788	0.026593	0.194464	0.024703	0.202733	0.023146	0.211643	0.021987	0.221248	0.021301	0.231608	0.021172	0.242787	0.021699	0.254859	0.022995	0.267900	0.025189	0.282001	0.028431	0.297253	0.032892	0.313760	0.038771	0.331634	0.046296	0.350996	0.055734	0.371976	0.067393
584.711120	0.150896	0.042131	0.155803	0.039237	0.161095	0.036431	0.166799	0.033738	0.172943	0.031195	0.179560	0.028836	0.186685	0.026706	0.194359	0.024855	0.202623	0.023339	0.211529	0.022224	0.221128	0.021583	0.231482	0.021504	0.242655	0.022083	0.254720	0.023434	0.267757	0.025686	0.281851	0.028989	0.297097	0.033514	0.313598	0.039459	0.331466	0.047053	0.350824	0.056562	0.371800	0.068294
585.168820	0.150807	0.042061	0.155713	0.039194	0.161005	0.036415	0.166706	0.033753	0.172848	0.031241	0.179462	0.028917	0.186584	0.026823	0.194253	0.025010	0.202513	0.023536	0.211413	0.022464	0.221007	0.021870	0.231355	0.021840	0.242523	0.022471	0.254582	0.023876	0.267613	0.026187	0.281700	0.029550	0.296940	0.034138	0.313436	0.040150	0.331299	0.047813	0.350651	0.057393	0.371623	0.069198
585.626460	0.150719	0.041997	0.155624	0.039156	0.160914	0.036405	0.166613	0.033773	0.172753	0.031293	0.179364	0.029002	0.186482	0.026945	0.194147	0.025172	0.202402	0.023738	0.211298	0.022709	0.220887	0.022162	0.231229	0.022181	0.242391	0.022864	0.254444	0.024324	0.267468	0.026692	0.281550	0.030116	0.296784	0.034768	0.313274	0.040846	0.331131	0.048578	0.350478	0.058229	0.371446	0.070105
586.083980	0.150631	0.041935	0.155535	0.039120	0.160823	0.036397	0.166521	0.033794	0.172659	0.031346	0.179266	0.029089	0.186380	0.027069	0.194041	0.025334	0.202292	0.023942	0.211182	0.022957	0.220766	0.022456	0.231103	0.022523	0.242259	0.023259	0.254306	0.024774	0.267323	0.027199	0.281399	0.030683	0.296627	0.035399	0.313111	0.041543	0.330963	0.049344	0.350305	0.059066	0.371268	0.071014
586.541440	0.150543	0.041878	0.155446	0.039090	0.160733	0.036395	0.166429	0.033823	0.172563	0.031406	0.179168	0.029184	0.186278	0.027200	0.193935	0.025503	0.202181	0.024152	0.211067	0.023211	0.220645	0.022757	0.230976	0.022873	0.242126	0.023660	0.254167	0.025230	0.267178	0.027714	0.281248	0.031258	0.296470	0.036037	0.312948	0.042247	0.330795	0.050116	0.350131	0.059908	0.371090	0.071928
586.998720	0.150454	0.041822	0.155357	0.039060	0.160642	0.036393	0.166336	0.033851	0.172468	0.031466	0.179069	0.029278	0.186176	0.027331	0.193829	0.025673	0.202070	0.024362	0.210951	0.023465	0.220524	0.023057	0.230849	0.023223	0.241993	0.024062	0.254028	0.025687	0.267033	0.028228	0.281096	0.031832	0.296312	0.036675	0.312785	0.042951	0.330626	0.050888	0.349957	0.060751	0.370912	0.072842
587.455930	0.150368	0.041774	0.155270	0.039038	0.160554	0.036399	0.166245	0.033887	0.172375	0.031535	0.178972	0.029381	0.186076	0.027470	0.193724	0.025851	0.201961	0.024582	0.210836	0.023728	0.220404	0.023366	0.230724	0.023581	0.241861	0.024472	0.253890	0.026152	0.266889	0.028750	0.280946	0.032415	0.296156	0.037321	0.312623	0.043662	0.330458	0.051667	0.349785	0.061600	0.370735	0.073763
587.913020	0.150281	0.041726	0.155183	0.039016	0.160465	0.036406	0.166154	0.033924	0.172281	0.031604	0.178875	0.029484	0.185975	0.027609	0.193619	0.026029	0.201851	0.024801	0.210721	0.023991	0.220284	0.023675	0.230598	0.023940	0.241729	0.024882	0.253752	0.026617	0.266745	0.029272	0.280796	0.032998	0.296000	0.037966	0.312460	0.044373	0.330290	0.052446	0.349612	0.062448	0.370558	0.074683
588.370060	0.150195	0.041684	0.155095	0.039001	0.160376	0.036419	0.166063	0.033967	0.172187	0.031679	0.178779	0.029594	0.185874	0.027755	0.193514	0.026214	0.201741	0.025027	0.210606	0.024261	0.220163	0.023991	0.230471	0.024305	0.241597	0.025299	0.253614	0.027088	0.266601	0.029801	0.280645	0.033587	0.295843	0.038618	0.312297	0.045090	0.330121	0.053231	0.349438	0.063303	0.370380	0.075608
588.826970	0.150110	0.041643	0.155008	0.038987	0.160287	0.036433	0.165972	0.034012	0.172093	0.031756	0.178682	0.029705	0.185773	0.027902	0.193409	0.026400	0.201632	0.025254	0.210491	0.024532	0.220043	0.024309	0.230345	0.024671	0.241465	0.025717	0.253475	0.027560	0.266456	0.030331	0.280494	0.034177	0.295686	0.039271	0.312134	0.045808	0.329953	0.054016	0.349265	0.064158	0.370201	0.076533
589.283750	0.150024	0.041608	0.154921	0.038978	0.160199	0.036453	0.165882	0.034062	0.171999	0.031838	0.178585	0.029821	0.185673	0.028055	0.193304	0.026591	0.201522	0.025487	0.210377	0.024809	0.219922	0.024631	0.230219	0.025043	0.241333	0.026140	0.253337	0.028038	0.266311	0.030866	0.280343	0.034772	0.295529	0.039928	0.311971	0.046531	0.329785	0.054806	0.349091	0.065017	0.370024	0.077463
589.740420	0.149939	0.041575	0.154835	0.038972	0.160111	0.036475	0.165792	0.034114	0.171907	0.031923	0.178489	0.029940	0.185573	0.028211	0.193199	0.026786	0.201412	0.025723	0.210262	0.025088	0.219802	0.024957	0.230093	0.025417	0.241201	0.026567	0.253199	0.028519	0.266167	0.031403	0.280193	0.035370	0.295372	0.040589	0.311808	0.047256	0.329617	0.055599	0.348918	0.065878	0.369846	0.078394
590.197020	0.149855	0.041546	0.154749	0.038970	0.160023	0.036501	0.165702	0.034170	0.171814	0.032011	0.178393	0.030063	0.185473	0.028371	0.193095	0.026984	0.201303	0.025962	0.210148	0.025371	0.219682	0.025286	0.229968	0.025795	0.241069	0.026996	0.253061	0.029003	0.266023	0.031944	0.280042	0.035971	0.295215	0.041252	0.311646	0.047984	0.329448	0.056394	0.348745	0.066741	0.369668	0.079327
590.653500	0.149770	0.041522	0.154664	0.038972	0.159936	0.036532	0.165612	0.034231	0.171721	0.032104	0.178297	0.030190	0.185373	0.028535	0.192990	0.027187	0.201194	0.026206	0.210034	0.025659	0.219562	0.025620	0.229842	0.026178	0.240937	0.027430	0.252923	0.029491	0.265878	0.032490	0.279891	0.036576	0.295058	0.041919	0.311483	0.048716	0.329280	0.057193	0.348571	0.067609	0.369490	0.080264
591.109860	0.149686	0.041499	0.154579	0.038975	0.159849	0.036564	0.165523	0.034293	0.171629	0.032199	0.178201	0.030320	0.185273	0.028700	0.192886	0.027392	0.201085	0.026452	0.209919	0.025948	0.219442	0.025956	0.229716	0.026562	0.240805	0.027866	0.252785	0.029981	0.265734	0.033037	0.279741	0.037182	0.294901	0.042588	0.311321	0.049450	0.329111	0.057993	0.348397	0.068477	0.369312	0.081202
591.566160	0.149602	0.041481	0.154494	0.038985	0.159762	0.036602	0.165434	0.034362	0.171537	0.032300	0.178105	0.030455	0.185174	0.028872	0.192782	0.027602	0.200976	0.026704	0.209805	0.026243	0.219323	0.026297	0.229590	0.026953	0.240673	0.028308	0.252646	0.030477	0.265590	0.033590	0.279590	0.037795	0.294744	0.043262	0.311157	0.050188	0.328943	0.058797	0.348224	0.069349	0.369134	0.082143
592.022340	0.149519	0.041465	0.154409	0.038995	0.159676	0.036640	0.165345	0.034431	0.171445	0.032401	0.178009	0.030590	0.185074	0.029044	0.192678	0.027813	0.200868	0.026956	0.209690	0.026539	0.219203	0.026639	0.229465	0.027343	0.240542	0.028750	0.252508	0.030974	0.265445	0.034143	0.279440	0.038407	0.294587	0.043936	0.310994	0.050926	0.328774	0.059602	0.348050	0.070222	0.368955	0.083084
592.478390	0.149435	0.041454	0.154324	0.039012	0.159589	0.036685	0.165256	0.034506	0.171353	0.032509	0.177914	0.030733	0.184974	0.029223	0.192573	0.028031	0.200758	0.027215	0.209576	0.026842	0.219083	0.026988	0.229338	0.027741	0.240409	0.029199	0.252370	0.031477	0.265300	0.034703	0.279288	0.039026	0.294429	0.044617	0.310830	0.051671	0.328605	0.060412	0.347876	0.071100	0.368776	0.084031
592.934330	0.149352	0.041444	0.154240	0.039029	0.159502	0.036730	0.165167	0.034582	0.171260	0.032617	0.177818	0.030875	0.184874	0.029402	0.192469	0.028249	0.200649	0.027475	0.209461	0.027145	0.218962	0.027338	0.229212	0.028139	0.240277	0.029648	0.252231	0.031980	0.265155	0.035262	0.279136	0.039645	0.294272	0.045298	0.310667	0.052416	0.328435	0.061222	0.347701	0.071978	0.368597	0.084978
593.390200	0.149270	0.041441	0.154156	0.039052	0.159417	0.036783	0.165078	0.034664	0.171169	0.032732	0.177723	0.031025	0.184775	0.029588	0.192365	0.028474	0.200540	0.027740	0.209347	0.027455	0.218842	0.027693	0.229086	0.028543	0.240145	0.030104	0.252092	0.032489	0.265010	0.035828	0.278985	0.040270	0.294114	0.045984	0.310503	0.053165	0.328266	0.062038	0.347527	0.072860	0.368418	0.085928
593.845950	0.149188	0.041438	0.154072	0.039076	0.159331	0.036836	0.164990	0.034748	0.171078	0.032848	0.177628	0.031175	0.184676	0.029775	0.192262	0.028700	0.200431	0.028007	0.209233	0.027765	0.218723	0.028050	0.228961	0.028948	0.240013	0.030561	0.251954	0.032999	0.264865	0.036395	0.278834	0.040895	0.293957	0.046671	0.310340	0.053915	0.328097	0.062854	0.347352	0.073743	0.368239	0.086878
594.301570	0.149106	0.041440	0.153989	0.039105	0.159246	0.036894	0.164902	0.034836	0.170987	0.032969	0.177533	0.031331	0.184577	0.029967	0.192159	0.028930	0.200322	0.028279	0.209119	0.028080	0.218603	0.028411	0.228835	0.029358	0.239881	0.031022	0.251816	0.033514	0.264720	0.036966	0.278683	0.041525	0.293800	0.047362	0.310177	0.054670	0.327928	0.063673	0.347177	0.074628	0.368060	0.087831
594.757140	0.149024	0.041445	0.153906	0.039136	0.159160	0.036954	0.164814	0.034927	0.170896	0.033092	0.177439	0.031489	0.184478	0.030161	0.192055	0.029164	0.200214	0.028554	0.209005	0.028398	0.218483	0.028775	0.228709	0.029771	0.239749	0.031485	0.251678	0.034031	0.264575	0.037539	0.278532	0.042157	0.293642	0.048055	0.310013	0.055426	0.327758	0.064494	0.347003	0.075516	0.367881	0.088786
595.212590	0.148943	0.041453	0.153824	0.039171	0.159075	0.037017	0.164726	0.035022	0.170805	0.033219	0.177344	0.031650	0.184379	0.030359	0.191952	0.029400	0.200105	0.028831	0.208891	0.028720	0.218363	0.029142	0.228583	0.030187	0.239617	0.031952	0.251539	0.034552	0.264430	0.038116	0.278380	0.042792	0.293484	0.048750	0.309849	0.056185	0.327589	0.065318	0.346828	0.076405	0.367702	0.089743
595.667910	0.148862	0.041464	0.153741	0.039210	0.158991	0.037085	0.164639	0.035120	0.170714	0.033350	0.177250	0.031815	0.184281	0.030561	0.191848	0.029641	0.199997	0.029113	0.208777	0.029045	0.218243	0.029513	0.228457	0.030606	0.239485	0.032422	0.251401	0.035076	0.264286	0.038695	0.278229	0.043430	0.293327	0.049449	0.309686	0.056946	0.327420	0.066144	0.346654	0.077297	0.367523	0.090701
596.123110	0.148781	0.041478	0.153659	0.039250	0.158906	0.037154	0.164552	0.035220	0.170624	0.033482	0.177156	0.031982	0.184182	0.030765	0.191745	0.029883	0.199889	0.029396	0.208663	0.029372	0.218124	0.029886	0.228331	0.031027	0.239353	0.032894	0.251263	0.035601	0.264141	0.039277	0.278077	0.044070	0.293169	0.050150	0.309522	0.057709	0.327250	0.066972	0.346479	0.078190	0.367343	0.091660
596.578250	0.148701	0.041497	0.153577	0.039296	0.158823	0.037229	0.164465	0.035325	0.170534	0.033620	0.177062	0.032154	0.184084	0.030974	0.191642	0.030131	0.199781	0.029685	0.208550	0.029704	0.218004	0.030265	0.228206	0.031454	0.239221	0.033372	0.251124	0.036132	0.263996	0.039863	0.277926	0.044714	0.293011	0.050854	0.309358	0.058476	0.327081	0.067802	0.346305	0.079087	0.367164	0.092622
597.033260	0.148621	0.041516	0.153495	0.039343	0.158739	0.037304	0.164379	0.035431	0.170444	0.033759	0.176968	0.032327	0.183986	0.031184	0.191539	0.030380	0.199673	0.029975	0.208437	0.030037	0.217885	0.030643	0.228081	0.031881	0.239089	0.033849	0.250986	0.036662	0.263851	0.040449	0.277775	0.045359	0.292853	0.051559	0.309194	0.059243	0.326912	0.068633	0.346130	0.079983	0.366985	0.093585
597.488220	0.148542	0.041541	0.153414	0.039396	0.158655	0.037386	0.164292	0.035544	0.170355	0.033903	0.176874	0.032506	0.183888	0.031400	0.191437	0.030634	0.199565	0.030271	0.208323	0.030376	0.217766	0.031028	0.227955	0.032314	0.238957	0.034333	0.250848	0.037199	0.263707	0.041042	0.277623	0.046009	0.292696	0.052269	0.309030	0.060016	0.326742	0.069469	0.345955	0.080884	0.366806	0.094550
597.942990	0.148463	0.041567	0.153333	0.039448	0.158571	0.037468	0.164206	0.035656	0.170265	0.034048	0.176781	0.032686	0.183790	0.031616	0.191334	0.030889	0.199458	0.030567	0.208210	0.030715	0.217647	0.031413	0.227830	0.032747	0.238826	0.034816	0.250709	0.037736	0.263562	0.041634	0.277472	0.046659	0.292539	0.052979	0.308867	0.060787	0.326572	0.070304	0.345780	0.081784	0.366626	0.095516
598.397710	0.148384	0.041598	0.153252	0.039507	0.158488	0.037555	0.164120	0.035774	0.170175	0.034199	0.176687	0.032871	0.183692	0.031838	0.191231	0.031150	0.199349	0.030868	0.208096	0.031061	0.217527	0.031803	0.227704	0.033186	0.238694	0.035306	0.250571	0.038278	0.263417	0.042231	0.277320	0.047313	0.292381	0.053694	0.308702	0.061563	0.326402	0.071144	0.345604	0.082688	0.366447	0.096485
598.852360	0.148305	0.041631	0.153171	0.039567	0.158405	0.037643	0.164034	0.035892	0.170085	0.034351	0.176593	0.033057	0.183595	0.032061	0.191128	0.031411	0.199241	0.031171	0.207982	0.031407	0.217408	0.032195	0.227578	0.033625	0.238562	0.035796	0.250432	0.038821	0.263271	0.042829	0.277168	0.047969	0.292222	0.054409	0.308537	0.062340	0.326231	0.071983	0.345429	0.083591	0.366266	0.097453
599.306820	0.148227	0.041668	0.153091	0.039631	0.158323	0.037736	0.163948	0.036016	0.169996	0.034507	0.176500	0.033248	0.183497	0.032288	0.191026	0.031677	0.199134	0.031478	0.207869	0.031757	0.217289	0.032591	0.227453	0.034069	0.238430	0.036290	0.250294	0.039368	0.263126	0.043431	0.277017	0.048628	0.292065	0.055127	0.308374	0.063120	0.326062	0.072826	0.345254	0.084498	0.366086	0.098424
599.761230	0.148149	0.041707	0.153011	0.039698	0.158241	0.037832	0.163863	0.036143	0.169908	0.034666	0.176408	0.033442	0.183400	0.032517	0.190924	0.031946	0.199026	0.031787	0.207756	0.032110	0.217170	0.032989	0.227328	0.034515	0.238298	0.036786	0.250156	0.039917	0.262982	0.044035	0.276866	0.049290	0.291907	0.055848	0.308210	0.063901	0.325892	0.073670	0.345079	0.085406	0.365907	0.099396
600.215520	0.148071	0.041750	0.152931	0.039767	0.158159	0.037930	0.163778	0.036272	0.169819	0.034827	0.176315	0.033638	0.183303	0.032750	0.190823	0.032218	0.198919	0.032100	0.207643	0.032465	0.217051	0.033390	0.227203	0.034963	0.238166	0.037285	0.250017	0.040468	0.262837	0.044641	0.276715	0.049953	0.291749	0.056570	0.308046	0.064685	0.325722	0.074516	0.344904	0.086315	0.365726	0.100369
600.669740	0.147993	0.041796	0.152852	0.039840	0.158077	0.038033	0.163693	0.036405	0.169730	0.034993	0.176222	0.033838	0.183206	0.032987	0.190720	0.032493	0.198811	0.032415	0.207530	0.032824	0.216932	0.033795	0.227077	0.035415	0.238035	0.037787	0.249879	0.041023	0.262692	0.045251	0.276563	0.050619	0.291590	0.057295	0.307882	0.065471	0.325552	0.075364	0.344728	0.087226	0.365546	0.101343
601.123780	0.147916	0.041843	0.152773	0.039915	0.157995	0.038137	0.163608	0.036539	0.169642	0.035160	0.176130	0.034039	0.183109	0.033225	0.190618	0.032770	0.198704	0.032733	0.207417	0.033185	0.216813	0.034201	0.226952	0.035869	0.237903	0.038291	0.249740	0.041579	0.262547	0.045862	0.276411	0.051286	0.291432	0.058021	0.307717	0.066257	0.325382	0.076213	0.344553	0.088137	0.365366	0.102318
601.577760	0.147839	0.041895	0.152694	0.039995	0.157914	0.038245	0.163524	0.036678	0.169554	0.035332	0.176038	0.034246	0.183012	0.033468	0.190517	0.033051	0.198597	0.033055	0.207304	0.033550	0.216694	0.034611	0.226827	0.036328	0.237771	0.038799	0.249602	0.042139	0.262402	0.046476	0.276260	0.051958	0.291274	0.058751	0.307553	0.067047	0.325211	0.077064	0.344377	0.089052	0.365186	0.103295
602.031680	0.147763	0.041948	0.152616	0.040075	0.157832	0.038354	0.163439	0.036818	0.169466	0.035504	0.175946	0.034453	0.182915	0.033711	0.190415	0.033333	0.198490	0.033378	0.207191	0.033916	0.216575	0.035022	0.226701	0.036786	0.237640	0.039307	0.249464	0.042699	0.262257	0.047091	0.276108	0.052629	0.291116	0.059481	0.307389	0.067837	0.325041	0.077916	0.344202	0.089966	0.365006	0.104272
602.485410	0.147686	0.042007	0.152538	0.040161	0.157752	0.038469	0.163355	0.036964	0.169378	0.035683	0.175854	0.034666	0.182819	0.033961	0.190313	0.033621	0.198383	0.033707	0.207079	0.034287	0.216456	0.035439	0.226577	0.037250	0.237508	0.039821	0.249326	0.043265	0.262112	0.047711	0.275957	0.053305	0.290958	0.060215	0.307224	0.068631	0.324871	0.078771	0.344026	0.090883	0.364826	0.105252
602.939090	0.147610	0.042066	0.152459	0.040247	0.157671	0.038585	0.163271	0.037110	0.169291	0.035861	0.175762	0.034878	0.182723	0.034210	0.190212	0.033909	0.198276	0.034036	0.206966	0.034658	0.216337	0.035855	0.226452	0.037714	0.237377	0.040335	0.249188	0.043830	0.261967	0.048331	0.275805	0.053981	0.290800	0.060949	0.307060	0.069425	0.324701	0.079626	0.343851	0.091800	0.364645	0.106231
603.392640	0.147535	0.042130	0.152381	0.040339	0.157590	0.038705	0.163188	0.037262	0.169203	0.036045	0.175671	0.035097	0.182626	0.034465	0.190110	0.034202	0.198169	0.034370	0.206854	0.035035	0.216218	0.036277	0.226326	0.038183	0.237245	0.040853	0.249049	0.044400	0.261822	0.048955	0.275653	0.054661	0.290642	0.061687	0.306895	0.070223	0.324530	0.080484	0.343675	0.092719	0.364465	0.107211
603.846130	0.147460	0.042195	0.152303	0.040431	0.157509	0.038826	0.163104	0.037413	0.169116	0.036229	0.175579	0.035316	0.182530	0.034720	0.190009	0.034496	0.198062	0.034704	0.206741	0.035413	0.216099	0.036700	0.226201	0.038653	0.237113	0.041372	0.248911	0.044971	0.261677	0.049579	0.275502	0.055342	0.290484	0.062425	0.306731	0.071020	0.324360	0.081343	0.343499	0.093639	0.364284	0.108192
604.299500	0.147385	0.042264	0.152226	0.040527	0.157430	0.038951	0.163021	0.037570	0.169029	0.036418	0.175488	0.035539	0.182434	0.034980	0.189908	0.034794	0.197956	0.035043	0.206629	0.035794	0.215981	0.037126	0.226076	0.039126	0.236981	0.041895	0.248773	0.045546	0.261532	0.050207	0.275350	0.056026	0.290325	0.063167	0.306566	0.071821	0.324190	0.082203	0.343323	0.094560	0.364104	0.109175
604.752750	0.147310	0.042336	0.152150	0.040626	0.157350	0.039079	0.162938	0.037728	0.168942	0.036609	0.175397	0.035765	0.182338	0.035242	0.189807	0.035094	0.197850	0.035384	0.206516	0.036178	0.215863	0.037554	0.225951	0.039602	0.236850	0.042420	0.248634	0.046122	0.261387	0.050837	0.275199	0.056710	0.290167	0.063909	0.306402	0.072622	0.324020	0.083064	0.343148	0.095483	0.363923	0.110158
605.205870	0.147235	0.042410	0.152073	0.040728	0.157271	0.039210	0.162855	0.037890	0.168856	0.036803	0.175306	0.035993	0.182243	0.035507	0.189706	0.035397	0.197744	0.035727	0.206404	0.036564	0.215744	0.037985	0.225826	0.040079	0.236719	0.042947	0.248496	0.046700	0.261242	0.051468	0.275047	0.057397	0.290009	0.064653	0.306237	0.073425	0.323849	0.083927	0.342972	0.096406	0.363743	0.111142
605.658940	0.147162	0.042488	0.151997	0.040833	0.157192	0.039344	0.162772	0.038054	0.168769	0.037000	0.175215	0.036225	0.182147	0.035774	0.189606	0.035703	0.197637	0.036074	0.206292	0.036953	0.215626	0.038419	0.225702	0.040560	0.236587	0.043476	0.248358	0.047281	0.261097	0.052103	0.274895	0.058087	0.289851	0.065400	0.306073	0.074230	0.323679	0.084791	0.342796	0.097331	0.363562	0.112127
606.111880	0.147088	0.042567	0.151920	0.040939	0.157112	0.039480	0.162690	0.038220	0.168683	0.037199	0.175125	0.036458	0.182051	0.036044	0.189505	0.036011	0.197531	0.036422	0.206179	0.037343	0.215508	0.038854	0.225577	0.041042	0.236455	0.044007	0.248220	0.047863	0.260952	0.052738	0.274743	0.058777	0.289693	0.066147	0.305908	0.075036	0.323508	0.085656	0.342619	0.098256	0.363381	0.113112
606.564700	0.147014	0.042650	0.151844	0.041050	0.157033	0.039619	0.162607	0.038391	0.168597	0.037402	0.175034	0.036695	0.181956	0.036317	0.189404	0.036323	0.197424	0.036774	0.206067	0.037738	0.215389	0.039293	0.225452	0.041528	0.236324	0.044542	0.248081	0.048449	0.260807	0.053377	0.274591	0.059471	0.289534	0.066897	0.305743	0.075843	0.323337	0.086523	0.342443	0.099182	0.363200	0.114098
607.017460	0.146940	0.042733	0.151768	0.041161	0.156954	0.039760	0.162525	0.038562	0.168511	0.037605	0.174943	0.036932	0.181860	0.036591	0.189303	0.036635	0.197318	0.037126	0.205955	0.038132	0.215270	0.039732	0.225327	0.042014	0.236192	0.045077	0.247943	0.049035	0.260661	0.054016	0.274439	0.060165	0.289376	0.067647	0.305579	0.076651	0.323166	0.087391	0.342267	0.100109	0.363019	0.115084
607.470030	0.146867	0.042823	0.151693	0.041277	0.156875	0.039905	0.162443	0.038738	0.168424	0.037814	0.174853	0.037175	0.181765	0.036870	0.189203	0.036953	0.197212	0.037484	0.205842	0.038533	0.215152	0.040177	0.225202	0.042505	0.236060	0.045616	0.247804	0.049625	0.260516	0.054658	0.274287	0.060862	0.289217	0.068401	0.305413	0.077463	0.322995	0.088260	0.342090	0.101038	0.362838	0.116072
607.922610	0.146794	0.042912	0.151617	0.041394	0.156796	0.040050	0.162361	0.038914	0.168338	0.038022	0.174762	0.037418	0.181669	0.037150	0.189102	0.037271	0.197105	0.037842	0.205730	0.038933	0.215033	0.040621	0.225076	0.042996	0.235929	0.046156	0.247666	0.050215	0.260371	0.055301	0.274135	0.061560	0.289058	0.069155	0.305248	0.078274	0.322824	0.089130	0.341913	0.101966	0.362656	0.117059
608.375000	0.146721	0.043007	0.151542	0.041516	0.156719	0.040201	0.162280	0.039096	0.168252	0.038236	0.174672	0.037667	0.181575	0.037434	0.189002	0.037593	0.197000	0.038205	0.205619	0.039337	0.214915	0.041070	0.224952	0.043491	0.235798	0.046700	0.247528	0.050809	0.260226	0.055948	0.273983	0.062260	0.288900	0.069911	0.305084	0.079088	0.322654	0.090002	0.341737	0.102896	0.362475	0.118047
608.827330	0.146649	0.043102	0.151467	0.041639	0.156642	0.040353	0.162199	0.039278	0.168167	0.038452	0.174583	0.037916	0.181481	0.037719	0.188902	0.037917	0.196894	0.038568	0.205507	0.039743	0.214798	0.041520	0.224827	0.043988	0.235667	0.047244	0.247390	0.051404	0.260081	0.056595	0.273832	0.062961	0.288741	0.070668	0.304919	0.079901	0.322483	0.090874	0.341562	0.103827	0.362295	0.119036
609.279540	0.146578	0.043201	0.151393	0.041765	0.156564	0.040508	0.162118	0.039464	0.168082	0.038670	0.174493	0.038168	0.181386	0.038008	0.188802	0.038243	0.196789	0.038935	0.205396	0.040152	0.214680	0.041973	0.224703	0.044486	0.235536	0.047791	0.247252	0.052001	0.259936	0.057245	0.273680	0.063665	0.288583	0.071427	0.304754	0.080717	0.322312	0.091747	0.341386	0.104758	0.362114	0.120025
609.731630	0.146506	0.043302	0.151318	0.041894	0.156487	0.040666	0.162036	0.039652	0.167997	0.038890	0.174403	0.038423	0.181291	0.038298	0.188702	0.038572	0.196683	0.039303	0.205284	0.040562	0.214562	0.042427	0.224579	0.044987	0.235404	0.048340	0.247114	0.052600	0.259791	0.057896	0.273528	0.064370	0.288424	0.072187	0.304589	0.081534	0.322141	0.092621	0.341209	0.105691	0.361933	0.121015
610.183650	0.146434	0.043405	0.151244	0.042025	0.156410	0.040825	0.161955	0.039843	0.167912	0.039113	0.174314	0.038680	0.181197	0.038591	0.188603	0.038903	0.196577	0.039674	0.205173	0.040975	0.214444	0.042884	0.224454	0.045490	0.235273	0.048891	0.246976	0.053201	0.259646	0.058548	0.273376	0.065076	0.288266	0.072948	0.304424	0.082352	0.321970	0.093496	0.341032	0.106623	0.361751	0.122004
610.635560	0.146363	0.043512	0.151170	0.042159	0.156332	0.040988	0.161875	0.040036	0.167828	0.039339	0.174225	0.038940	0.181103	0.038888	0.188503	0.039237	0.196472	0.040048	0.205061	0.041391	0.214325	0.043344	0.224330	0.045995	0.235141	0.049445	0.246838	0.053804	0.259501	0.059204	0.273224	0.065785	0.288107	0.073711	0.304259	0.083171	0.321799	0.094372	0.340855	0.107556	0.361570	0.122995
611.087340	0.146291	0.043620	0.151097	0.042294	0.156255	0.041153	0.161794	0.040231	0.167743	0.039566	0.174136	0.039201	0.181009	0.039185	0.188404	0.039572	0.196367	0.040422	0.204949	0.041807	0.214207	0.043805	0.224205	0.046502	0.235010	0.049999	0.246699	0.054408	0.259356	0.059859	0.273073	0.066494	0.287948	0.074475	0.304094	0.083991	0.321628	0.095249	0.340679	0.108490	0.361388	0.123985
611.539000	0.146221	0.043732	0.151024	0.042434	0.156179	0.041322	0.161714	0.040430	0.167659	0.039798	0.174047	0.039467	0.180914	0.039487	0.188304	0.039911	0.196261	0.040801	0.204838	0.042228	0.214090	0.044269	0.224080	0.047012	0.234879	0.050557	0.246561	0.055016	0.259211	0.060518	0.272920	0.067205	0.287790	0.075242	0.303929	0.084812	0.321457	0.096127	0.340502	0.109425	0.361206	0.124976
611.990600	0.146150	0.043845	0.150951	0.042573	0.156103	0.041490	0.161634	0.040629	0.167575	0.040029	0.173958	0.039732	0.180820	0.039788	0.188204	0.040250	0.196156	0.041180	0.204726	0.042648	0.213972	0.044733	0.223956	0.047521	0.234748	0.051114	0.246423	0.055623	0.259066	0.061176	0.272768	0.067916	0.287631	0.076008	0.303763	0.085634	0.321286	0.097005	0.340326	0.110360	0.361025	0.125966
612.442080	0.146080	0.043962	0.150877	0.042718	0.156026	0.041664	0.161554	0.040833	0.167490	0.040266	0.173868	0.040003	0.180726	0.040094	0.188105	0.040594	0.196051	0.041564	0.204615	0.043074	0.213854	0.045202	0.223831	0.048036	0.234616	0.051676	0.246284	0.056234	0.258921	0.061838	0.272616	0.068631	0.287472	0.076777	0.303598	0.086458	0.321114	0.097885	0.340149	0.111295	0.360843	0.126957
612.893430	0.146010	0.044080	0.150804	0.042863	0.155950	0.041838	0.161474	0.041038	0.167406	0.040502	0.173779	0.040273	0.180632	0.040401	0.188005	0.040938	0.195945	0.041948	0.204503	0.043500	0.213736	0.045670	0.223706	0.048551	0.234484	0.052237	0.246146	0.056845	0.258775	0.062500	0.272464	0.069346	0.287314	0.077546	0.303433	0.087282	0.320942	0.098764	0.339972	0.112230	0.360661	0.127948
613.344730	0.145940	0.044202	0.150731	0.043012	0.155874	0.042016	0.161394	0.041247	0.167322	0.040743	0.173690	0.040548	0.180539	0.040711	0.187906	0.041286	0.195840	0.042336	0.204392	0.043929	0.213618	0.046143	0.223582	0.049068	0.234353	0.052803	0.246008	0.057459	0.258630	0.063165	0.272312	0.070063	0.287155	0.078316	0.303268	0.088107	0.320771	0.099646	0.339795	0.113167	0.360479	0.128940
613.795900	0.145870	0.044325	0.150659	0.043163	0.155798	0.042196	0.161315	0.041457	0.167238	0.040985	0.173602	0.040824	0.180445	0.041023	0.187807	0.041636	0.195735	0.042724	0.204280	0.044358	0.213500	0.046617	0.223458	0.049586	0.234222	0.053369	0.245869	0.058074	0.258485	0.063831	0.272160	0.070781	0.286996	0.079087	0.303103	0.088933	0.320600	0.100527	0.339617	0.114104	0.360297	0.129931
614.246950	0.145801	0.044451	0.150587	0.043316	0.155723	0.042378	0.161236	0.041670	0.167154	0.041230	0.173514	0.041103	0.180352	0.041337	0.187708	0.041988	0.195630	0.043116	0.204169	0.044791	0.213383	0.047093	0.223334	0.050107	0.234091	0.053937	0.245731	0.058691	0.258339	0.064498	0.272008	0.071500	0.286837	0.079860	0.302937	0.089760	0.320428	0.101409	0.339440	0.115041	0.360115	0.130923
614.697940	0.145732	0.044580	0.150515	0.043472	0.155647	0.042562	0.161156	0.041885	0.167071	0.041477	0.173426	0.041384	0.180259	0.041654	0.187609	0.042342	0.195525	0.043509	0.204058	0.045226	0.213266	0.047570	0.223209	0.050631	0.233960	0.054506	0.245593	0.059309	0.258194	0.065166	0.271856	0.072221	0.286678	0.080634	0.302772	0.090588	0.320257	0.102292	0.339263	0.115978	0.359933	0.131915
615.148800	0.145664	0.044710	0.150443	0.043630	0.155572	0.042749	0.161077	0.042102	0.166988	0.041726	0.173338	0.041666	0.180165	0.041972	0.187511	0.042698	0.195421	0.043904	0.203948	0.045662	0.213148	0.048049	0.223085	0.051155	0.233829	0.055077	0.245455	0.059928	0.258049	0.065836	0.271704	0.072942	0.286520	0.081408	0.302607	0.091417	0.320085	0.103175	0.339087	0.116916	0.359751	0.132906
615.599550	0.145595	0.044844	0.150372	0.043791	0.155498	0.042938	0.160999	0.042322	0.166905	0.041979	0.173251	0.041953	0.180072	0.042294	0.187412	0.043057	0.195317	0.044302	0.203837	0.046102	0.213031	0.048532	0.222961	0.051682	0.233698	0.055651	0.245318	0.060550	0.257905	0.066508	0.271552	0.073665	0.286361	0.082184	0.302442	0.092247	0.319914	0.104059	0.338910	0.117854	0.359569	0.133897
616.050170	0.145527	0.044979	0.150301	0.043953	0.155424	0.043129	0.160920	0.042542	0.166823	0.042232	0.173163	0.042239	0.179980	0.042616	0.187314	0.043416	0.195212	0.044701	0.203727	0.046541	0.212914	0.049014	0.222837	0.052209	0.233567	0.056224	0.245180	0.061173	0.257760	0.067180	0.271400	0.074389	0.286202	0.082961	0.302277	0.093077	0.319743	0.104943	0.338733	0.118792	0.359388	0.134888
616.500730	0.145460	0.045118	0.150231	0.044119	0.155350	0.043324	0.160842	0.042768	0.166740	0.042489	0.173076	0.042530	0.179887	0.042943	0.187216	0.043780	0.195108	0.045104	0.203616	0.046985	0.212797	0.049500	0.222714	0.052740	0.233437	0.056801	0.245042	0.061798	0.257615	0.067855	0.271249	0.075115	0.286044	0.083739	0.302111	0.093908	0.319572	0.105827	0.338556	0.119730	0.359206	0.135880
616.951170	0.145392	0.045257	0.150161	0.044285	0.155276	0.043519	0.160764	0.042994	0.166658	0.042746	0.172988	0.042821	0.179794	0.043269	0.187118	0.044144	0.195004	0.045506	0.203506	0.047428	0.212680	0.049986	0.222590	0.053270	0.233306	0.057378	0.244905	0.062423	0.257471	0.068530	0.271097	0.075840	0.285885	0.084517	0.301946	0.094739	0.319401	0.106712	0.338379	0.120668	0.359025	0.136871
617.401490	0.145324	0.045400	0.150090	0.044456	0.155202	0.043718	0.160686	0.043223	0.166575	0.043008	0.172901	0.043117	0.179701	0.043599	0.187019	0.044511	0.194899	0.045913	0.203395	0.047875	0.212562	0.050476	0.222466	0.053805	0.233175	0.057959	0.244766	0.063051	0.257325	0.069207	0.270945	0.076569	0.285726	0.085296	0.301780	0.095571	0.319229	0.107598	0.338201	0.121607	0.358842	0.137862
617.851750	0.145256	0.045544	0.150019	0.044627	0.155127	0.043918	0.160608	0.043452	0.166492	0.043270	0.172813	0.043413	0.179609	0.043930	0.186920	0.044879	0.194795	0.046319	0.203284	0.048323	0.212445	0.050967	0.222341	0.054339	0.233043	0.058539	0.244628	0.063679	0.257180	0.069885	0.270792	0.077297	0.285566	0.086076	0.301615	0.096404	0.319057	0.108483	0.338024	0.122546	0.358659	0.138853
618.301880	0.145190	0.045691	0.149949	0.044801	0.155054	0.044121	0.160530	0.043686	0.166410	0.043535	0.172726	0.043711	0.179516	0.044264	0.186822	0.045250	0.194691	0.046729	0.203173	0.048773	0.212328	0.051459	0.222217	0.054876	0.232912	0.059122	0.244490	0.064310	0.257035	0.070564	0.270640	0.078027	0.285408	0.086858	0.301449	0.097238	0.318885	0.109370	0.337847	0.123485	0.358477	0.139843
618.751890	0.145123	0.045841	0.149879	0.044978	0.154980	0.044326	0.160453	0.043921	0.166329	0.043802	0.172640	0.044012	0.179425	0.044600	0.186725	0.045623	0.194587	0.047141	0.203064	0.049225	0.212211	0.051954	0.222094	0.055414	0.232782	0.059706	0.244353	0.064941	0.256891	0.071244	0.270489	0.078757	0.285249	0.087640	0.301284	0.098072	0.318714	0.110256	0.337670	0.124423	0.358295	0.140834
619.201780	0.145057	0.045992	0.149810	0.045156	0.154907	0.044533	0.160376	0.044159	0.166247	0.044071	0.172553	0.044314	0.179333	0.044938	0.186627	0.045997	0.194483	0.047554	0.202953	0.049678	0.212095	0.052449	0.221970	0.055954	0.232651	0.060291	0.244215	0.065574	0.256746	0.071925	0.270337	0.079489	0.285091	0.088423	0.301119	0.098907	0.318542	0.111143	0.337493	0.125362	0.358113	0.141824
619.651610	0.144991	0.046145	0.149741	0.045337	0.154834	0.044743	0.160299	0.044398	0.166165	0.044342	0.172466	0.044619	0.179240	0.045278	0.186529	0.046373	0.194379	0.047969	0.202843	0.050134	0.211978	0.052947	0.221846	0.056496	0.232520	0.060878	0.244077	0.066208	0.256601	0.072608	0.270185	0.080221	0.284932	0.089206	0.300953	0.099741	0.318371	0.112030	0.337316	0.126302	0.357930	0.142814
620.101320	0.144925	0.046300	0.149671	0.045519	0.154762	0.044953	0.160222	0.044639	0.166084	0.044614	0.172380	0.044925	0.179148	0.045619	0.186431	0.046751	0.194276	0.048386	0.202732	0.050591	0.211861	0.053445	0.221722	0.057038	0.232390	0.061466	0.243939	0.066843	0.256455	0.073291	0.270033	0.080955	0.284773	0.089990	0.300788	0.100577	0.318199	0.112917	0.337138	0.127241	0.357748	0.143803
620.550960	0.144860	0.046459	0.149603	0.045705	0.154689	0.045168	0.160145	0.044884	0.166003	0.044891	0.172294	0.045234	0.179057	0.045963	0.186334	0.047132	0.194172	0.048805	0.202623	0.051050	0.211744	0.053947	0.221599	0.057583	0.232259	0.062056	0.243801	0.067480	0.256311	0.073977	0.269881	0.081689	0.284615	0.090776	0.300623	0.101413	0.318028	0.113805	0.336961	0.128179	0.357566	0.144792
621.000430	0.144794	0.046618	0.149534	0.045890	0.154617	0.045382	0.160069	0.045128	0.165922	0.045167	0.172208	0.045543	0.178965	0.046307	0.186237	0.047513	0.194069	0.049224	0.202513	0.051509	0.211627	0.054448	0.221476	0.058128	0.232129	0.062647	0.243664	0.068117	0.256166	0.074662	0.269729	0.082424	0.284456	0.091561	0.300458	0.102250	0.317856	0.114693	0.336784	0.129118	0.357384	0.145781
621.449830	0.144728	0.046781	0.149465	0.046081	0.154544	0.045601	0.159992	0.045377	0.165840	0.045448	0.172121	0.045857	0.178873	0.046656	0.186139	0.047898	0.193965	0.049647	0.202402	0.051973	0.211510	0.054953	0.221352	0.058676	0.231998	0.063240	0.243525	0.068756	0.256021	0.075349	0.269577	0.083160	0.284296	0.092347	0.300292	0.103087	0.317684	0.115581	0.336606	0.130056	0.357201	0.146769
621.899110	0.144663	0.046943	0.149396	0.046271	0.154471	0.045820	0.159915	0.045625	0.165758	0.045728	0.172034	0.046171	0.178782	0.047004	0.186041	0.048283	0.193860	0.050070	0.202292	0.052436	0.211393	0.055458	0.221228	0.059224	0.231866	0.063833	0.243387	0.069395	0.255876	0.076037	0.269424	0.083897	0.284137	0.093133	0.300125	0.103924	0.317512	0.116469	0.336428	0.130994	0.357018	0.147756
622.348330	0.144598	0.047111	0.149329	0.046465	0.154400	0.046042	0.159839	0.045878	0.165678	0.046012	0.171949	0.046488	0.178691	0.047356	0.185944	0.048671	0.193757	0.050497	0.202182	0.052902	0.211277	0.055965	0.221105	0.059775	0.231736	0.064428	0.243250	0.070037	0.255731	0.076726	0.269273	0.084635	0.283978	0.093921	0.299960	0.104762	0.317340	0.117357	0.336251	0.131933	0.356836	0.148744
622.797420	0.144534	0.047279	0.149261	0.046660	0.154329	0.046266	0.159764	0.046132	0.165598	0.046297	0.171864	0.046806	0.178600	0.047709	0.185848	0.049060	0.193654	0.050924	0.202073	0.053369	0.211161	0.056474	0.220982	0.060326	0.231607	0.065024	0.243113	0.070679	0.255586	0.077416	0.269121	0.085373	0.283820	0.094709	0.299795	0.105600	0.317169	0.118245	0.336074	0.132871	0.356654	0.149731
623.246400	0.144470	0.047450	0.149194	0.046858	0.154258	0.046492	0.159689	0.046387	0.165518	0.046584	0.171779	0.047126	0.178509	0.048064	0.185751	0.049452	0.193552	0.051354	0.201964	0.053838	0.211045	0.056984	0.220858	0.060879	0.231476	0.065622	0.242975	0.071323	0.255442	0.078107	0.268970	0.086112	0.283662	0.095497	0.299630	0.106438	0.316998	0.119134	0.335897	0.133809	0.356472	0.150717
623.695250	0.144406	0.047622	0.149126	0.047057	0.154186	0.046719	0.159613	0.046645	0.165438	0.046873	0.171693	0.047448	0.178418	0.048420	0.185654	0.049844	0.193449	0.051784	0.201854	0.054309	0.210928	0.057496	0.220735	0.061434	0.231346	0.066220	0.242838	0.071967	0.255297	0.078798	0.268818	0.086852	0.283503	0.096286	0.299464	0.107277	0.316826	0.120022	0.335719	0.134746	0.356289	0.151703
624.144040	0.144342	0.047796	0.149059	0.047258	0.154115	0.046949	0.159538	0.046904	0.165357	0.047163	0.171608	0.047772	0.178327	0.048778	0.185557	0.050238	0.193346	0.052216	0.201745	0.054780	0.210812	0.058008	0.220612	0.061989	0.231215	0.066820	0.242700	0.072613	0.255153	0.079491	0.268666	0.087592	0.283344	0.097076	0.299299	0.108115	0.316654	0.120910	0.335542	0.135684	0.356107	0.152688
624.592710	0.144278	0.047973	0.148992	0.047462	0.154044	0.047181	0.159463	0.047166	0.165277	0.047457	0.171523	0.048098	0.178236	0.049139	0.185461	0.050636	0.193243	0.052651	0.201635	0.055254	0.210696	0.058523	0.220489	0.062546	0.231085	0.067421	0.242563	0.073260	0.255008	0.080184	0.268514	0.088334	0.283185	0.097866	0.299134	0.108955	0.316483	0.121799	0.335364	0.136621	0.355924	0.153673
625.041260	0.144215	0.048151	0.148925	0.047666	0.153974	0.047414	0.159388	0.047429	0.165198	0.047750	0.171438	0.048424	0.178146	0.049501	0.185364	0.051033	0.193141	0.053085	0.201526	0.055728	0.210580	0.059038	0.220366	0.063104	0.230955	0.068023	0.242425	0.073907	0.254864	0.080878	0.268362	0.089075	0.283026	0.098656	0.298969	0.109794	0.316311	0.122687	0.335187	0.137558	0.355742	0.154657
625.489750	0.144152	0.048332	0.148859	0.047875	0.153903	0.047651	0.159313	0.047695	0.165118	0.048048	0.171353	0.048754	0.178055	0.049865	0.185268	0.051433	0.193037	0.053523	0.201417	0.056205	0.210464	0.059556	0.220242	0.063664	0.230824	0.068627	0.242288	0.074556	0.254718	0.081574	0.268210	0.089819	0.282868	0.099447	0.298803	0.110634	0.316139	0.123575	0.335009	0.138495	0.355559	0.155641
625.938110	0.144089	0.048514	0.148792	0.048083	0.153833	0.047887	0.159237	0.047961	0.165038	0.048346	0.171268	0.049084	0.177965	0.050229	0.185171	0.051834	0.192934	0.053962	0.201307	0.056682	0.210347	0.060074	0.220119	0.064224	0.230694	0.069231	0.242150	0.075204	0.254573	0.082269	0.268058	0.090561	0.282709	0.100238	0.298637	0.111473	0.315967	0.124463	0.334832	0.139431	0.355376	0.156624
626.386350	0.144026	0.048699	0.148726	0.048295	0.153762	0.048127	0.159163	0.048231	0.164959	0.048647	0.171183	0.049418	0.177874	0.050597	0.185075	0.052237	0.192832	0.054402	0.201198	0.057162	0.210231	0.060594	0.219996	0.064786	0.230564	0.069837	0.242012	0.075855	0.254429	0.082966	0.267906	0.091305	0.282550	0.101030	0.298471	0.112313	0.315795	0.125352	0.334654	0.140366	0.355193	0.157606
626.834470	0.143963	0.048884	0.148659	0.048508	0.153692	0.048368	0.159088	0.048501	0.164879	0.048948	0.171098	0.049753	0.177784	0.050965	0.184979	0.052641	0.192729	0.054843	0.201088	0.057642	0.210115	0.061115	0.219873	0.065349	0.230434	0.070443	0.241875	0.076506	0.254284	0.083663	0.267755	0.092049	0.282391	0.101822	0.298306	0.113153	0.315623	0.126240	0.334477	0.141302	0.355011	0.158587
627.282530	0.143901	0.049073	0.148594	0.048723	0.153622	0.048612	0.159015	0.048774	0.164801	0.049252	0.171014	0.050089	0.177694	0.051335	0.184883	0.053047	0.192627	0.055287	0.200980	0.058124	0.209999	0.061637	0.219751	0.065914	0.230304	0.071051	0.241738	0.077159	0.254140	0.084361	0.267604	0.092794	0.282232	0.102614	0.298141	0.113993	0.315452	0.127128	0.334299	0.142237	0.354828	0.159568
627.730470	0.143840	0.049263	0.148529	0.048940	0.153554	0.048857	0.158941	0.049049	0.164722	0.049557	0.170930	0.050427	0.177605	0.051707	0.184787	0.053455	0.192525	0.055731	0.200871	0.058608	0.209884	0.062161	0.219628	0.066479	0.230174	0.071660	0.241601	0.077812	0.253996	0.085060	0.267452	0.093540	0.282074	0.103406	0.297976	0.114833	0.315280	0.128015	0.334122	0.143171	0.354646	0.160548
628.178280	0.143778	0.049455	0.148464	0.049158	0.153484	0.049103	0.158868	0.049325	0.164643	0.049864	0.170846	0.050766	0.177515	0.052081	0.184692	0.053864	0.192423	0.056177	0.200763	0.059093	0.209769	0.062686	0.219505	0.067045	0.230044	0.072269	0.241464	0.078466	0.253851	0.085759	0.267301	0.094285	0.281916	0.104199	0.297811	0.115673	0.315109	0.128902	0.333944	0.144106	0.354463	0.161528
628.626040	0.143717	0.049649	0.148399	0.049379	0.153415	0.049351	0.158794	0.049603	0.164564	0.050174	0.170762	0.051108	0.177425	0.052456	0.184595	0.054275	0.192321	0.056626	0.200654	0.059579	0.209653	0.063212	0.219382	0.067613	0.229914	0.072880	0.241327	0.079121	0.253707	0.086459	0.267149	0.095032	0.281757	0.104992	0.297645	0.116513	0.314937	0.129790	0.333766	0.145039	0.354281	0.162506
629.073670	0.143655	0.049844	0.148333	0.049600	0.153346	0.049601	0.158720	0.049881	0.164485	0.050483	0.170678	0.051450	0.177335	0.052832	0.184499	0.054686	0.192218	0.057074	0.200545	0.060066	0.209537	0.063739	0.219260	0.068181	0.229785	0.073491	0.241189	0.079776	0.253562	0.087159	0.266997	0.095778	0.281598	0.105785	0.297480	0.117353	0.314765	0.130677	0.333589	0.145972	0.354098	0.163484
629.521180	0.143594	0.050042	0.148268	0.049825	0.153277	0.049853	0.158647	0.050164	0.164407	0.050796	0.170595	0.051795	0.177246	0.053211	0.184404	0.055101	0.192117	0.057525	0.200437	0.060555	0.209422	0.064268	0.219137	0.068752	0.229655	0.074103	0.241053	0.080433	0.253418	0.087860	0.266845	0.096525	0.281440	0.106579	0.297314	0.118194	0.314593	0.131564	0.333412	0.146905	0.353915	0.164461
629.968630	0.143533	0.050241	0.148204	0.050050	0.153208	0.050106	0.158573	0.050446	0.164329	0.051109	0.170511	0.052141	0.177156	0.053590	0.184309	0.055515	0.192015	0.057976	0.200329	0.061044	0.209306	0.064797	0.219015	0.069322	0.229525	0.074716	0.240916	0.081089	0.253274	0.088562	0.266694	0.097273	0.281281	0.107372	0.297149	0.119034	0.314422	0.132451	0.333234	0.147837	0.353733	0.165438
630.415950	0.143472	0.050443	0.148140	0.050279	0.153139	0.050363	0.158500	0.050732	0.164251	0.051425	0.170428	0.052489	0.177067	0.053973	0.184213	0.055932	0.191913	0.058430	0.200220	0.061536	0.209191	0.065329	0.218892	0.069894	0.229395	0.075331	0.240779	0.081747	0.253130	0.089265	0.266542	0.098020	0.281122	0.108166	0.296983	0.119874	0.314250	0.133337	0.333056	0.148768	0.353550	0.166412
630.863160	0.143412	0.050645	0.148076	0.050508	0.153071	0.050619	0.158427	0.051018	0.164173	0.051742	0.170344	0.052837	0.176978	0.054355	0.184118	0.056349	0.191811	0.058884	0.200111	0.062028	0.209075	0.065860	0.218769	0.070467	0.229266	0.075946	0.240642	0.082406	0.252985	0.089968	0.266390	0.098768	0.280964	0.108960	0.296818	0.120714	0.314078	0.134223	0.332878	0.149699	0.353367	0.167387
631.310240	0.143352	0.050850	0.148012	0.050740	0.153003	0.050879	0.158355	0.051306	0.164095	0.052061	0.170261	0.053189	0.176890	0.054740	0.184023	0.056769	0.191710	0.059340	0.200003	0.062522	0.208961	0.066394	0.218648	0.071041	0.229136	0.076562	0.240505	0.083065	0.252841	0.090671	0.266239	0.099517	0.280805	0.109754	0.296653	0.121554	0.313906	0.135108	0.332701	0.150629	0.353184	0.168360
631.757260	0.143292	0.051057	0.147948	0.050973	0.152936	0.051139	0.158282	0.051596	0.164018	0.052382	0.170178	0.053541	0.176801	0.055126	0.183928	0.057190	0.191609	0.059797	0.199896	0.063017	0.208846	0.066928	0.218526	0.071616	0.229007	0.077179	0.240368	0.083725	0.252697	0.091375	0.266088	0.100266	0.280647	0.110549	0.296488	0.122394	0.313735	0.135993	0.332524	0.151559	0.353002	0.169333
632.204160	0.143233	0.051265	0.147885	0.051207	0.152868	0.051402	0.158210	0.051888	0.163940	0.052704	0.170095	0.053895	0.176712	0.055513	0.183834	0.057612	0.191508	0.060255	0.199787	0.063513	0.208731	0.067463	0.218404	0.072192	0.228878	0.077797	0.240231	0.084385	0.252553	0.092079	0.265937	0.101015	0.280489	0.111343	0.296322	0.123234	0.313563	0.136878	0.332347	0.152488	0.352819	0.170304
632.650940	0.143173	0.051475	0.147821	0.051443	0.152800	0.051666	0.158137	0.052180	0.163863	0.053027	0.170012	0.054250	0.176623	0.055901	0.183738	0.058035	0.191406	0.060715	0.199679	0.064010	0.208615	0.067999	0.218282	0.072768	0.228748	0.078415	0.240094	0.085046	0.252408	0.092784	0.265785	0.101765	0.280330	0.112137	0.296157	0.124073	0.313391	0.137762	0.332169	0.153417	0.352637	0.171275
633.097660	0.143113	0.051686	0.147757	0.051680	0.152732	0.051931	0.158064	0.052474	0.163785	0.053351	0.169929	0.054606	0.176535	0.056291	0.183643	0.058459	0.191305	0.061175	0.199570	0.064508	0.208500	0.068536	0.218159	0.073346	0.228618	0.079034	0.239957	0.085708	0.252264	0.093489	0.265634	0.102514	0.280171	0.112932	0.295992	0.124913	0.313219	0.138646	0.331991	0.154345	0.352454	0.172245
633.544250	0.143054	0.051900	0.147694	0.051920	0.152665	0.052199	0.157992	0.052771	0.163708	0.053678	0.169847	0.054965	0.176446	0.056682	0.183549	0.058886	0.191203	0.061638	0.199463	0.065008	0.208385	0.069074	0.218037	0.073924	0.228489	0.079653	0.239820	0.086370	0.252120	0.094195	0.265482	0.103264	0.280013	0.113726	0.295827	0.125752	0.313048	0.139530	0.331814	0.155271	0.352271	0.173213
633.990720	0.142995	0.052114	0.147631	0.052160	0.152597	0.052466	0.157920	0.053068	0.163632	0.054005	0.169765	0.055324	0.176358	0.057074	0.183455	0.059312	0.191102	0.062100	0.199355	0.065508	0.208270	0.069613	0.217915	0.074503	0.228360	0.080273	0.239684	0.087032	0.251976	0.094901	0.265331	0.104013	0.279854	0.114520	0.295661	0.126591	0.312877	0.140413	0.331637	0.156198	0.352089	0.174182
634.437070	0.142936	0.052331	0.147569	0.052404	0.152530	0.052738	0.157849	0.053368	0.163555	0.054335	0.169682	0.055685	0.176269	0.057469	0.183360	0.059741	0.191001	0.062565	0.199247	0.066010	0.208156	0.070154	0.217793	0.075084	0.228230	0.080895	0.239547	0.087696	0.251832	0.095608	0.265180	0.104764	0.279696	0.115315	0.295496	0.127429	0.312705	0.141295	0.331459	0.157123	0.351906	0.175148
634.883360	0.142877	0.052548	0.147506	0.052647	0.152463	0.053009	0.157778	0.053668	0.163478	0.054666	0.169600	0.056047	0.176181	0.057864	0.183266	0.060170	0.190900	0.063030	0.199139	0.066512	0.208041	0.070695	0.217671	0.075664	0.228101	0.081517	0.239411	0.088360	0.251688	0.096314	0.265029	0.105514	0.279537	0.116109	0.295330	0.128268	0.312533	0.142177	0.331281	0.158047	0.351723	0.176114
635.329530	0.142819	0.052768	0.147444	0.052894	0.152397	0.053283	0.157707	0.053970	0.163402	0.054998	0.169518	0.056412	0.176093	0.058261	0.183171	0.060601	0.190800	0.063497	0.199032	0.067016	0.207927	0.071237	0.217549	0.076246	0.227972	0.082139	0.239274	0.089024	0.251544	0.097022	0.264877	0.106265	0.279379	0.116904	0.295165	0.129106	0.312361	0.143059	0.331103	0.158971	0.351540	0.177079
635.775570	0.142761	0.052990	0.147382	0.053141	0.152331	0.053558	0.157636	0.054274	0.163325	0.055332	0.169436	0.056777	0.176005	0.058659	0.183077	0.061034	0.190699	0.063965	0.198925	0.067521	0.207812	0.071780	0.217427	0.076829	0.227843	0.082762	0.239138	0.089689	0.251400	0.097729	0.264726	0.107015	0.279221	0.117698	0.295001	0.129944	0.312190	0.143940	0.330926	0.159894	0.351358	0.178042
636.221560	0.142703	0.053213	0.147320	0.053391	0.152265	0.053834	0.157565	0.054579	0.163249	0.055667	0.169354	0.057144	0.175917	0.059058	0.182983	0.061467	0.190599	0.064434	0.198817	0.068027	0.207698	0.072324	0.217306	0.077412	0.227714	0.083386	0.239001	0.090355	0.251256	0.098437	0.264575	0.107766	0.279063	0.118492	0.294836	0.130781	0.312018	0.144820	0.330749	0.160817	0.351175	0.179005
636.667420	0.142645	0.053437	0.147258	0.053641	0.152199	0.054112	0.157493	0.054886	0.163172	0.056004	0.169272	0.057512	0.175830	0.059458	0.182889	0.061902	0.190497	0.064903	0.198709	0.068534	0.207583	0.072869	0.217184	0.077996	0.227584	0.084010	0.238864	0.091020	0.251112	0.099145	0.264423	0.108517	0.278904	0.119286	0.294670	0.131618	0.311846	0.145700	0.330571	0.161739	0.350992	0.179966
637.113160	0.142587	0.053663	0.147196	0.053893	0.152132	0.054391	0.157422	0.055194	0.163096	0.056341	0.169190	0.057880	0.175742	0.059860	0.182795	0.062337	0.190397	0.065374	0.198602	0.069041	0.207468	0.073414	0.217062	0.078580	0.227455	0.084635	0.238727	0.091686	0.250968	0.099853	0.264272	0.109268	0.278746	0.120080	0.294504	0.132455	0.311674	0.146579	0.330393	0.162659	0.350809	0.180927
637.558840	0.142530	0.053892	0.147135	0.054147	0.152066	0.054672	0.157351	0.055503	0.163020	0.056681	0.169109	0.058251	0.175654	0.060263	0.182701	0.062775	0.190296	0.065847	0.198494	0.069550	0.207354	0.073961	0.216940	0.079166	0.227326	0.085261	0.238591	0.092354	0.250824	0.100562	0.264121	0.110019	0.278588	0.120874	0.294339	0.133292	0.311503	0.147458	0.330216	0.163579	0.350626	0.181886
638.004330	0.142472	0.054120	0.147074	0.054402	0.152000	0.054954	0.157280	0.055813	0.162944	0.057021	0.169027	0.058622	0.175567	0.060667	0.182607	0.063212	0.190196	0.066320	0.198387	0.070059	0.207240	0.074507	0.216819	0.079752	0.227197	0.085887	0.238455	0.093020	0.250681	0.101270	0.263970	0.110770	0.278429	0.121668	0.294174	0.134128	0.311331	0.148337	0.330038	0.164498	0.350443	0.182844
638.449830	0.142416	0.054352	0.147013	0.054659	0.151935	0.055239	0.157210	0.056127	0.162869	0.057364	0.168946	0.058996	0.175480	0.061073	0.182514	0.063652	0.190096	0.066795	0.198280	0.070570	0.207126	0.075056	0.216698	0.080339	0.227068	0.086514	0.238319	0.093688	0.250537	0.101980	0.263819	0.111521	0.278271	0.122461	0.294010	0.134964	0.311160	0.149214	0.329861	0.165416	0.350261	0.183801
638.895140	0.142359	0.054583	0.146952	0.054917	0.151870	0.055524	0.157140	0.056440	0.162794	0.057707	0.168865	0.059370	0.175393	0.061479	0.182421	0.064092	0.189996	0.067269	0.198174	0.071082	0.207012	0.075605	0.216577	0.080927	0.226940	0.087141	0.238183	0.094356	0.250394	0.102689	0.263668	0.112272	0.278113	0.123254	0.293845	0.135799	0.310989	0.150091	0.329684	0.166333	0.350078	0.184757
639.340390	0.142303	0.054818	0.146892	0.055177	0.151805	0.055811	0.157070	0.056756	0.162718	0.058052	0.168784	0.059746	0.175306	0.061887	0.182328	0.064533	0.189896	0.067746	0.198067	0.071594	0.206898	0.076155	0.216455	0.081515	0.226811	0.087769	0.238047	0.095024	0.250250	0.103398	0.263517	0.113023	0.277955	0.124047	0.293680	0.136634	0.310818	0.150967	0.329506	0.167249	0.349895	0.185711
639.785520	0.142246	0.055053	0.146831	0.055438	0.151740	0.056098	0.157000	0.057072	0.162643	0.058398	0.168703	0.060123	0.175219	0.062296	0.182234	0.064976	0.189796	0.068222	0.197960	0.072107	0.206783	0.076705	0.216334	0.082103	0.226682	0.088397	0.237911	0.095692	0.250106	0.104107	0.263366	0.113774	0.277796	0.124840	0.293515	0.137468	0.310646	0.151842	0.329329	0.168165	0.349712	0.186665
640.230530	0.142190	0.055290	0.146771	0.055701	0.151676	0.056388	0.156930	0.057389	0.162568	0.058745	0.168622	0.060500	0.175132	0.062706	0.182141	0.065419	0.189696	0.068701	0.197853	0.072621	0.206669	0.077256	0.216212	0.082693	0.226554	0.089026	0.237774	0.096361	0.249963	0.104817	0.263215	0.114525	0.277638	0.125633	0.293349	0.138302	0.310474	0.152717	0.329151	0.169079	0.349529	0.187617
640.675420	0.142135	0.055528	0.146711	0.055965	0.151611	0.056679	0.156861	0.057708	0.162494	0.059094	0.168542	0.060879	0.175045	0.063118	0.182048	0.065864	0.189597	0.069180	0.197746	0.073135	0.206556	0.077808	0.216091	0.083283	0.226425	0.089655	0.237638	0.097031	0.249820	0.105527	0.263064	0.115277	0.277481	0.126425	0.293184	0.139136	0.310303	0.153591	0.328974	0.169993	0.349347	0.188568
641.120240	0.142079	0.055767	0.146651	0.056229	0.151547	0.056971	0.156791	0.058028	0.162419	0.059443	0.168461	0.061259	0.174959	0.063530	0.181955	0.066309	0.189497	0.069660	0.197639	0.073651	0.206442	0.078361	0.215970	0.083873	0.226297	0.090284	0.237502	0.097700	0.249676	0.106237	0.262913	0.116028	0.277323	0.127217	0.293019	0.139969	0.310132	0.154464	0.328796	0.170905	0.349165	0.189518
641.564940	0.142023	0.056009	0.146591	0.056497	0.151482	0.057265	0.156722	0.058351	0.162344	0.059794	0.168381	0.061641	0.174872	0.063943	0.181862	0.066756	0.189397	0.070141	0.197533	0.074167	0.206328	0.078914	0.215849	0.084464	0.226169	0.090915	0.237366	0.098370	0.249533	0.106947	0.262762	0.116779	0.277165	0.128009	0.292854	0.140802	0.309960	0.155336	0.328619	0.171817	0.348982	0.190466
642.009580	0.141968	0.056250	0.146532	0.056764	0.151418	0.057559	0.156653	0.058673	0.162268	0.060146	0.168300	0.062023	0.174785	0.064357	0.181769	0.067203	0.189298	0.070622	0.197427	0.074684	0.206215	0.079467	0.215728	0.085056	0.226040	0.091545	0.237230	0.099039	0.249389	0.107657	0.262612	0.117529	0.277007	0.128801	0.292689	0.141634	0.309788	0.156209	0.328441	0.172728	0.348799	0.191414
642.454100	0.141912	0.056495	0.146472	0.057034	0.151354	0.057856	0.156584	0.058997	0.162194	0.060499	0.168220	0.062408	0.174699	0.064773	0.181676	0.067652	0.189198	0.071105	0.197320	0.075203	0.206101	0.080022	0.215607	0.085648	0.225911	0.092175	0.237094	0.099710	0.249245	0.108368	0.262461	0.118280	0.276848	0.129592	0.292525	0.142465	0.309617	0.157080	0.328264	0.173637	0.348616	0.192360
642.898500	0.141857	0.056740	0.146413	0.057304	0.151290	0.058153	0.156515	0.059322	0.162120	0.060853	0.168139	0.062792	0.174613	0.065189	0.181582	0.068100	0.189099	0.071588	0.197213	0.075722	0.205987	0.080577	0.215486	0.086241	0.225782	0.092806	0.236958	0.100380	0.249102	0.109078	0.262310	0.119030	0.276690	0.130382	0.292360	0.143296	0.309445	0.157950	0.328086	0.174545	0.348433	0.193305
643.342770	0.141802	0.056987	0.146353	0.057577	0.151226	0.058452	0.156446	0.059649	0.162046	0.061209	0.168059	0.063179	0.174527	0.065607	0.181490	0.068551	0.188999	0.072072	0.197107	0.076241	0.205874	0.081133	0.215365	0.086834	0.225654	0.093438	0.236822	0.101050	0.248958	0.109788	0.262159	0.119780	0.276532	0.131173	0.292195	0.144126	0.309274	0.158819	0.327909	0.175453	0.348250	0.194248
643.786990	0.141747	0.057235	0.146294	0.057850	0.151162	0.058752	0.156377	0.059977	0.161972	0.061566	0.167979	0.063565	0.174440	0.066025	0.181397	0.069003	0.188900	0.072557	0.197001	0.076762	0.205760	0.081689	0.215244	0.087427	0.225526	0.094070	0.236687	0.101721	0.248815	0.110498	0.262008	0.120530	0.276375	0.131963	0.292030	0.144956	0.309102	0.159688	0.327731	0.176359	0.348068	0.195190
644.231080	0.141693	0.057484	0.146235	0.058125	0.151098	0.059053	0.156308	0.060306	0.161897	0.061924	0.167899	0.063954	0.174354	0.066445	0.181305	0.069455	0.188800	0.073043	0.196895	0.077283	0.205647	0.082246	0.215123	0.088021	0.225398	0.094702	0.236551	0.102391	0.248671	0.111208	0.261857	0.121280	0.276217	0.132753	0.291865	0.145785	0.308931	0.160556	0.327554	0.177264	0.347885	0.196131
644.675050	0.141638	0.057735	0.146176	0.058401	0.151034	0.059356	0.156239	0.060636	0.161823	0.062283	0.167819	0.064343	0.174268	0.066865	0.181212	0.069908	0.188701	0.073531	0.196788	0.077804	0.205533	0.082804	0.215002	0.088616	0.225269	0.095334	0.236415	0.103063	0.248528	0.111918	0.261706	0.122030	0.276058	0.133542	0.291699	0.146614	0.308759	0.161423	0.327376	0.178168	0.347702	0.197070
645.118900	0.141583	0.057986	0.146117	0.058678	0.150971	0.059659	0.156171	0.060967	0.161748	0.062643	0.167740	0.064733	0.174182	0.067286	0.181119	0.070361	0.188601	0.074018	0.196682	0.078326	0.205419	0.083362	0.214881	0.089211	0.225141	0.095967	0.236279	0.103734	0.248385	0.112628	0.261556	0.122780	0.275900	0.134330	0.291534	0.147442	0.308587	0.162290	0.327198	0.179072	0.347519	0.198009
645.562680	0.141529	0.058240	0.146059	0.058957	0.150908	0.059965	0.156103	0.061300	0.161675	0.063005	0.167660	0.065124	0.174096	0.067709	0.181028	0.070816	0.188503	0.074507	0.196576	0.078849	0.205306	0.083921	0.214761	0.089806	0.225013	0.096600	0.236143	0.104405	0.248241	0.113338	0.261405	0.123529	0.275742	0.135119	0.291369	0.148269	0.308416	0.163155	0.327021	0.179974	0.347336	0.198945
646.006350	0.141475	0.058495	0.146001	0.059236	0.150845	0.060270	0.156035	0.061633	0.161602	0.063366	0.167581	0.065516	0.174011	0.068132	0.180936	0.071272	0.188404	0.074995	0.196469	0.079373	0.205193	0.084480	0.214640	0.090402	0.224885	0.097233	0.236008	0.105077	0.248098	0.114048	0.261255	0.124278	0.275585	0.135907	0.291205	0.149096	0.308245	0.164019	0.326843	0.180876	0.347153	0.199881
646.449950	0.141422	0.058752	0.145944	0.059518	0.150783	0.060579	0.155968	0.061969	0.161529	0.063731	0.167502	0.065910	0.173926	0.068557	0.180844	0.071728	0.188305	0.075486	0.196364	0.079897	0.205080	0.085040	0.214520	0.090998	0.224757	0.097867	0.235873	0.105748	0.247956	0.114758	0.261104	0.125027	0.275427	0.136695	0.291041	0.149922	0.308074	0.164883	0.326666	0.181775	0.346971	0.200815
646.893370	0.141369	0.059008	0.145886	0.059800	0.150721	0.060887	0.155900	0.062304	0.161456	0.064095	0.167423	0.066304	0.173840	0.068982	0.180752	0.072185	0.188207	0.075976	0.196258	0.080422	0.204967	0.085600	0.214400	0.091595	0.224630	0.098500	0.235738	0.106420	0.247813	0.115468	0.260954	0.125775	0.275270	0.137483	0.290876	0.150747	0.307903	0.165746	0.326490	0.182674	0.346789	0.201748
647.336730	0.141316	0.059267	0.145829	0.060084	0.150659	0.061197	0.155832	0.062642	0.161382	0.064461	0.167344	0.066700	0.173755	0.069408	0.180660	0.072644	0.188108	0.076467	0.196153	0.080948	0.204854	0.086161	0.214280	0.092192	0.224502	0.099134	0.235602	0.107091	0.247670	0.116178	0.260804	0.126523	0.275112	0.138269	0.290712	0.151572	0.307732	0.166608	0.326312	0.183571	0.346606	0.202679
647.779970	0.141262	0.059526	0.145771	0.060369	0.150596	0.061507	0.155765	0.062980	0.161309	0.064827	0.167265	0.067096	0.173670	0.069835	0.180569	0.073102	0.188010	0.076959	0.196047	0.081474	0.204742	0.086722	0.214160	0.092789	0.224374	0.099768	0.235466	0.107763	0.247527	0.116888	0.260654	0.127272	0.274954	0.139055	0.290547	0.152396	0.307561	0.167469	0.326135	0.184468	0.346424	0.203609
648.223140	0.141209	0.059787	0.145714	0.060655	0.150534	0.061819	0.155697	0.063319	0.161236	0.065195	0.167186	0.067493	0.173585	0.070263	0.180477	0.073562	0.187911	0.077451	0.195942	0.082000	0.204629	0.087284	0.214039	0.093387	0.224246	0.100403	0.235331	0.108434	0.247384	0.117597	0.260503	0.128019	0.274797	0.139840	0.290382	0.153219	0.307389	0.168328	0.325958	0.185363	0.346241	0.204538
648.666200	0.141157	0.060049	0.145656	0.060942	0.150471	0.062132	0.155630	0.063660	0.161163	0.065563	0.167107	0.067891	0.173499	0.070692	0.180385	0.074023	0.187812	0.077944	0.195836	0.082527	0.204515	0.087846	0.213918	0.093985	0.224117	0.101037	0.235195	0.109106	0.247241	0.118307	0.260352	0.128766	0.274639	0.140626	0.290217	0.154041	0.307218	0.169187	0.325781	0.186257	0.346058	0.205465
649.109130	0.141104	0.060312	0.145599	0.061229	0.150409	0.062446	0.155563	0.064000	0.161090	0.065933	0.167028	0.068290	0.173414	0.071121	0.180294	0.074484	0.187714	0.078438	0.195730	0.083054	0.204402	0.088408	0.213798	0.094583	0.223990	0.101671	0.235060	0.109778	0.247098	0.119016	0.260202	0.129513	0.274481	0.141410	0.290053	0.154863	0.307046	0.170045	0.325603	0.187150	0.345875	0.206391
649.551940	0.141052	0.060578	0.145542	0.061520	0.150348	0.062762	0.155496	0.064343	0.161018	0.066304	0.166950	0.068690	0.173330	0.071552	0.180202	0.074946	0.187616	0.078933	0.195625	0.083583	0.204290	0.088971	0.213678	0.095181	0.223863	0.102306	0.234925	0.110449	0.246956	0.119725	0.260052	0.130260	0.274324	0.142194	0.289889	0.155684	0.306876	0.170903	0.325427	0.188041	0.345693	0.207314
649.994690	0.141000	0.060843	0.145486	0.061810	0.150287	0.063078	0.155430	0.064686	0.160946	0.066676	0.166872	0.069090	0.173246	0.071983	0.180111	0.075408	0.187518	0.079428	0.195520	0.084112	0.204178	0.089534	0.213558	0.095780	0.223736	0.102941	0.234791	0.111121	0.246814	0.120434	0.259903	0.131007	0.274167	0.142979	0.289725	0.156505	0.306705	0.171760	0.325250	0.188932	0.345511	0.208238
650.437320	0.140947	0.061110	0.145429	0.062102	0.150225	0.063396	0.155363	0.065031	0.160873	0.067048	0.166793	0.069493	0.173161	0.072415	0.180020	0.075872	0.187420	0.079924	0.195415	0.084641	0.204065	0.090098	0.213438	0.096379	0.223608	0.103577	0.234655	0.111793	0.246671	0.121143	0.259752	0.131752	0.274009	0.143761	0.289560	0.157324	0.306534	0.172614	0.325073	0.189821	0.345328	0.209159
650.879880	0.140895	0.061377	0.145372	0.062394	0.150164	0.063714	0.155296	0.065376	0.160801	0.067421	0.166714	0.069895	0.173076	0.072848	0.179929	0.076336	0.187322	0.080420	0.195310	0.085171	0.203953	0.090662	0.213319	0.096978	0.223481	0.104212	0.234520	0.112465	0.246528	0.121852	0.259602	0.132498	0.273852	0.144544	0.289395	0.158143	0.306362	0.173468	0.324895	0.190710	0.345146	0.210079
651.322270	0.140843	0.061647	0.145316	0.062688	0.150102	0.064034	0.155229	0.065723	0.160728	0.067795	0.166636	0.070298	0.172991	0.073281	0.179838	0.076801	0.187223	0.080918	0.195204	0.085701	0.203840	0.091227	0.213199	0.097578	0.223353	0.104847	0.234384	0.113136	0.246385	0.122560	0.259451	0.133243	0.273694	0.145325	0.289230	0.158961	0.306191	0.174321	0.324718	0.191596	0.344963	0.210997
651.764590	0.140792	0.061917	0.145260	0.062982	0.150041	0.064354	0.155163	0.066070	0.160656	0.068170	0.166558	0.070702	0.172907	0.073715	0.179746	0.077266	0.187125	0.081415	0.195099	0.086232	0.203728	0.091791	0.213079	0.098177	0.223225	0.105482	0.234249	0.113808	0.246242	0.123267	0.259301	0.133988	0.273536	0.146106	0.289066	0.159778	0.306020	0.175173	0.324540	0.192482	0.344780	0.211914
652.206790	0.140740	0.062189	0.145204	0.063278	0.149980	0.064676	0.155096	0.066418	0.160585	0.068547	0.166480	0.071107	0.172823	0.074150	0.179656	0.077731	0.187028	0.081913	0.194994	0.086763	0.203616	0.092356	0.212959	0.098777	0.223098	0.106117	0.234114	0.114479	0.246099	0.123975	0.259151	0.134732	0.273379	0.146887	0.288901	0.160594	0.305849	0.176024	0.324363	0.193366	0.344598	0.212829
652.648930	0.140689	0.062461	0.145148	0.063576	0.149919	0.064999	0.155030	0.066768	0.160513	0.068924	0.166402	0.071513	0.172739	0.074586	0.179565	0.078198	0.186930	0.082412	0.194889	0.087295	0.203504	0.092922	0.212839	0.099377	0.222971	0.106753	0.233980	0.115150	0.245957	0.124683	0.259001	0.135476	0.273222	0.147667	0.288737	0.161410	0.305678	0.176874	0.324186	0.194249	0.344415	0.213743
653.090940	0.140639	0.062735	0.145093	0.063874	0.149859	0.065322	0.154964	0.067117	0.160441	0.069302	0.166325	0.071920	0.172655	0.075022	0.179474	0.078665	0.186833	0.082911	0.194784	0.087827	0.203392	0.093487	0.212719	0.099978	0.222844	0.107388	0.233845	0.115821	0.245815	0.125390	0.258851	0.136219	0.273065	0.148446	0.288573	0.162224	0.305507	0.177723	0.324010	0.195131	0.344233	0.214656
653.532840	0.140588	0.063010	0.145037	0.064173	0.149798	0.065647	0.154899	0.067469	0.160370	0.069681	0.166247	0.072328	0.172571	0.075460	0.179383	0.079134	0.186735	0.083411	0.194680	0.088359	0.203280	0.094054	0.212600	0.100578	0.222717	0.108023	0.233710	0.116492	0.245672	0.126097	0.258701	0.136962	0.272907	0.149224	0.288409	0.163038	0.305336	0.178571	0.323832	0.196011	0.344050	0.215567
653.974610	0.140537	0.063285	0.144981	0.064473	0.149737	0.065972	0.154833	0.067821	0.160298	0.070060	0.166169	0.072736	0.172487	0.075897	0.179292	0.079602	0.186638	0.083910	0.194575	0.088891	0.203167	0.094619	0.212481	0.101178	0.222589	0.108658	0.233576	0.117163	0.245530	0.126803	0.258552	0.137704	0.272750	0.150002	0.288244	0.163851	0.305166	0.179418	0.323655	0.196891	0.343868	0.216477
654.416320	0.140487	0.063563	0.144926	0.064775	0.149677	0.066299	0.154767	0.068174	0.160227	0.070441	0.166093	0.073145	0.172403	0.076336	0.179202	0.080072	0.186540	0.084412	0.194471	0.089425	0.203056	0.095187	0.212362	0.101779	0.222463	0.109295	0.233441	0.117834	0.245388	0.127510	0.258402	0.138446	0.272593	0.150780	0.288081	0.164663	0.304995	0.180264	0.323478	0.197769	0.343686	0.217384
654.857910	0.140436	0.063841	0.144872	0.065077	0.149617	0.066627	0.154702	0.068528	0.160156	0.070822	0.166016	0.073554	0.172319	0.076776	0.179112	0.080541	0.186443	0.084913	0.194367	0.089959	0.202944	0.095754	0.212242	0.102380	0.222336	0.109930	0.233306	0.118505	0.245246	0.128216	0.258252	0.139187	0.272436	0.151557	0.287917	0.165475	0.304824	0.181109	0.323302	0.198646	0.343504	0.218290
655.299380	0.140386	0.064120	0.144817	0.065380	0.149557	0.066955	0.154636	0.068883	0.160085	0.071205	0.165938	0.073965	0.172235	0.077215	0.179022	0.081011	0.186346	0.085415	0.194262	0.090493	0.202832	0.096321	0.212123	0.102981	0.222209	0.110566	0.233172	0.119175	0.245103	0.128921	0.258102	0.139928	0.272279	0.152333	0.287752	0.166285	0.304653	0.181952	0.323125	0.199521	0.343321	0.219195
655.740720	0.140335	0.064400	0.144761	0.065684	0.149497	0.067285	0.154571	0.069238	0.160014	0.071587	0.165861	0.074376	0.172152	0.077655	0.178931	0.081482	0.186248	0.085917	0.194157	0.091027	0.202720	0.096888	0.212003	0.103582	0.222082	0.111201	0.233037	0.119845	0.244961	0.129627	0.257952	0.140669	0.272122	0.153108	0.287588	0.167094	0.304482	0.182794	0.322947	0.200395	0.343138	0.220098
656.182010	0.140285	0.064680	0.144707	0.065989	0.149437	0.067615	0.154505	0.069595	0.159943	0.071971	0.165783	0.074787	0.172069	0.078096	0.178841	0.081954	0.186151	0.086419	0.194053	0.091562	0.202608	0.097455	0.211884	0.104183	0.221955	0.111836	0.232902	0.120515	0.244818	0.130332	0.257802	0.141409	0.271964	0.153882	0.287423	0.167902	0.304312	0.183636	0.322770	0.201267	0.342956	0.220999
656.623170	0.140235	0.064963	0.144652	0.066296	0.149378	0.067947	0.154440	0.069952	0.159872	0.072355	0.165707	0.075200	0.171985	0.078538	0.178751	0.082426	0.186054	0.086922	0.193949	0.092097	0.202497	0.098023	0.211765	0.104784	0.221828	0.112471	0.232768	0.121185	0.244676	0.131036	0.257653	0.142148	0.271808	0.154656	0.287260	0.168709	0.304141	0.184476	0.322594	0.202138	0.342774	0.221899
657.064270	0.140186	0.065246	0.144598	0.066603	0.149318	0.068279	0.154376	0.070310	0.159801	0.072740	0.165630	0.075613	0.171902	0.078981	0.178661	0.082898	0.185957	0.087425	0.193845	0.092632	0.202386	0.098591	0.211646	0.105386	0.221702	0.113107	0.232633	0.121855	0.244534	0.131741	0.257503	0.142887	0.271651	0.155429	0.287096	0.169516	0.303970	0.185316	0.322417	0.203009	0.342591	0.222799
657.505250	0.140136	0.065530	0.144544	0.066911	0.149259	0.068612	0.154311	0.070670	0.159731	0.073127	0.165553	0.076028	0.171819	0.079424	0.178571	0.083371	0.185860	0.087930	0.193741	0.093168	0.202274	0.099159	0.211527	0.105987	0.221575	0.113742	0.232499	0.122524	0.244393	0.132444	0.257354	0.143625	0.271494	0.156201	0.286932	0.170322	0.303799	0.186153	0.322240	0.203877	0.342409	0.223695
657.946110	0.140087	0.065815	0.144490	0.067219	0.149200	0.068945	0.154247	0.071029	0.159661	0.073513	0.165476	0.076442	0.171736	0.079868	0.178482	0.083844	0.185764	0.088433	0.193637	0.093704	0.202163	0.099728	0.211408	0.106588	0.221448	0.114377	0.232365	0.123193	0.244251	0.133148	0.257205	0.144363	0.271337	0.156973	0.286768	0.171128	0.303629	0.186991	0.322064	0.204745	0.342227	0.224591
658.386840	0.140038	0.066102	0.144436	0.067530	0.149142	0.069280	0.154183	0.071390	0.159590	0.073901	0.165400	0.076858	0.171653	0.080312	0.178392	0.084319	0.185667	0.088938	0.193533	0.094240	0.202052	0.100296	0.211289	0.107190	0.221322	0.115012	0.232231	0.123862	0.244109	0.133851	0.257056	0.145100	0.271181	0.157744	0.286604	0.171931	0.303459	0.187826	0.321887	0.205610	0.342045	0.225485
658.827450	0.139989	0.066389	0.144383	0.067840	0.149083	0.069616	0.154118	0.071752	0.159520	0.074289	0.165324	0.077274	0.171570	0.080757	0.178303	0.084793	0.185571	0.089443	0.193430	0.094776	0.201940	0.100864	0.211170	0.107791	0.221196	0.115647	0.232097	0.124531	0.243968	0.134554	0.256906	0.145836	0.271024	0.158514	0.286441	0.172734	0.303289	0.188661	0.321711	0.206475	0.341863	0.226377
659.268010	0.139940	0.066677	0.144329	0.068152	0.149024	0.069952	0.154054	0.072114	0.159450	0.074678	0.165248	0.077691	0.171488	0.081202	0.178213	0.085268	0.185474	0.089949	0.193326	0.095313	0.201829	0.101433	0.211052	0.108393	0.221069	0.116282	0.231963	0.125200	0.243826	0.135256	0.256757	0.146572	0.270868	0.159283	0.286277	0.173536	0.303118	0.189494	0.321534	0.207338	0.341681	0.227268
659.708500	0.139891	0.066966	0.144276	0.068465	0.148965	0.070290	0.153990	0.072477	0.159380	0.075067	0.165171	0.078108	0.171405	0.081648	0.178123	0.085743	0.185378	0.090454	0.193222	0.095850	0.201718	0.102002	0.210933	0.108995	0.220943	0.116916	0.231829	0.125868	0.243684	0.135958	0.256608	0.147307	0.270711	0.160052	0.286113	0.174337	0.302948	0.190326	0.321357	0.208200	0.341499	0.228157
660.148800	0.139843	0.067255	0.144222	0.068778	0.148906	0.070628	0.153925	0.072840	0.159309	0.075457	0.165095	0.078526	0.171322	0.082094	0.178034	0.086219	0.185281	0.090960	0.193118	0.096387	0.201607	0.102571	0.210814	0.109596	0.220816	0.117550	0.231695	0.126536	0.243542	0.136659	0.256459	0.148042	0.270554	0.160819	0.285950	0.175137	0.302777	0.191157	0.321180	0.209060	0.341317	0.229044
660.589050	0.139794	0.067546	0.144169	0.069093	0.148848	0.070967	0.153862	0.073205	0.159240	0.075849	0.165020	0.078944	0.171240	0.082541	0.177945	0.086695	0.185185	0.091467	0.193015	0.096924	0.201496	0.103141	0.210696	0.110198	0.220690	0.118185	0.231561	0.127203	0.243401	0.137360	0.256309	0.148776	0.270397	0.161586	0.285786	0.175936	0.302607	0.191987	0.321004	0.209919	0.341135	0.229930
661.029170	0.139746	0.067837	0.144116	0.069408	0.148790	0.071306	0.153798	0.073569	0.159170	0.076240	0.164944	0.079363	0.171158	0.082988	0.177856	0.087172	0.185089	0.091974	0.192911	0.097462	0.201386	0.103710	0.210577	0.110799	0.220564	0.118819	0.231427	0.127870	0.243260	0.138060	0.256160	0.149510	0.270241	0.162353	0.285622	0.176734	0.302437	0.192816	0.320828	0.210777	0.340953	0.230814
661.469180	0.139698	0.068130	0.144063	0.069724	0.148733	0.071647	0.153734	0.073936	0.159101	0.076633	0.164868	0.079783	0.171076	0.083436	0.177767	0.087649	0.184993	0.092481	0.192808	0.098000	0.201275	0.104279	0.210459	0.111400	0.220438	0.119453	0.231294	0.128537	0.243118	0.138760	0.256011	0.150242	0.270085	0.163117	0.285459	0.177530	0.302267	0.193643	0.320652	0.211633	0.340772	0.231696
661.909120	0.139651	0.068423	0.144011	0.070041	0.148675	0.071988	0.153671	0.074302	0.159032	0.077026	0.164793	0.080203	0.170994	0.083884	0.177678	0.088126	0.184898	0.092988	0.192705	0.098538	0.201164	0.104848	0.210341	0.112002	0.220313	0.120087	0.231161	0.129204	0.242977	0.139460	0.255863	0.150975	0.269929	0.163882	0.285296	0.178327	0.302097	0.194469	0.320475	0.212488	0.340590	0.232578
662.348940	0.139603	0.068718	0.143958	0.070359	0.148617	0.072331	0.153608	0.074670	0.158963	0.077420	0.164717	0.080624	0.170912	0.084334	0.177590	0.088604	0.184802	0.093496	0.192602	0.099076	0.201053	0.105418	0.210223	0.112603	0.220187	0.120721	0.231027	0.129870	0.242836	0.140158	0.255714	0.151706	0.269773	0.164645	0.285132	0.179121	0.301927	0.195294	0.320299	0.213341	0.340409	0.233457
662.788640	0.139555	0.069013	0.143905	0.070677	0.148559	0.072673	0.153544	0.075038	0.158893	0.077814	0.164641	0.081045	0.170830	0.084783	0.177501	0.089082	0.184705	0.094003	0.192499	0.099614	0.200942	0.105987	0.210105	0.113204	0.220061	0.121354	0.230893	0.130536	0.242694	0.140856	0.255565	0.152437	0.269616	0.165408	0.284969	0.179915	0.301756	0.196118	0.320123	0.214193	0.340227	0.234335
663.228270	0.139508	0.069309	0.143853	0.070996	0.148501	0.073017	0.153481	0.075407	0.158824	0.078208	0.164566	0.081467	0.170748	0.085233	0.177412	0.089561	0.184609	0.094511	0.192396	0.100153	0.200832	0.106557	0.209987	0.113805	0.219935	0.121988	0.230760	0.131201	0.242553	0.141554	0.255416	0.153167	0.269460	0.166170	0.284805	0.180708	0.301586	0.196940	0.319946	0.215044	0.340045	0.235211
663.667790	0.139461	0.069606	0.143801	0.071317	0.148444	0.073361	0.153419	0.075776	0.158755	0.078604	0.164491	0.081889	0.170666	0.085683	0.177323	0.090040	0.184514	0.095020	0.192293	0.100691	0.200721	0.107126	0.209869	0.114407	0.219809	0.122621	0.230626	0.131866	0.242412	0.142252	0.255267	0.153897	0.269304	0.166931	0.284642	0.181500	0.301416	0.197761	0.319770	0.215893	0.339863	0.236085
664.107180	0.139414	0.069903	0.143749	0.071638	0.148387	0.073705	0.153356	0.076146	0.158686	0.079000	0.164416	0.082312	0.170584	0.086133	0.177234	0.090519	0.184419	0.095528	0.192190	0.101230	0.200611	0.107696	0.209751	0.115008	0.219683	0.123253	0.230493	0.132531	0.242271	0.142949	0.255119	0.154626	0.269148	0.167691	0.284479	0.182291	0.301247	0.198582	0.319594	0.216740	0.339682	0.236958
664.546450	0.139367	0.070202	0.143698	0.071960	0.148330	0.074052	0.153293	0.076517	0.158618	0.079396	0.164341	0.082736	0.170502	0.086584	0.177146	0.090999	0.184323	0.096037	0.192087	0.101768	0.200501	0.108266	0.209633	0.115609	0.219558	0.123886	0.230359	0.133195	0.242130	0.143645	0.254970	0.155353	0.268991	0.168450	0.284316	0.183080	0.301077	0.199401	0.319418	0.217586	0.339500	0.237829
664.985660	0.139320	0.070501	0.143646	0.072281	0.148273	0.074398	0.153230	0.076888	0.158549	0.079793	0.164266	0.083159	0.170421	0.087035	0.177058	0.091478	0.184227	0.096546	0.191984	0.102307	0.200391	0.108835	0.209515	0.116209	0.219432	0.124518	0.230226	0.133859	0.241989	0.144341	0.254822	0.156081	0.268835	0.169209	0.284152	0.183869	0.300907	0.200219	0.319242	0.218431	0.339318	0.238700
665.424740	0.139273	0.070802	0.143594	0.072605	0.148216	0.074745	0.153167	0.077260	0.158481	0.080191	0.164191	0.083584	0.170339	0.087487	0.176970	0.091959	0.184132	0.097056	0.191882	0.102847	0.200281	0.109405	0.209397	0.116810	0.219307	0.125150	0.230093	0.134523	0.241848	0.145036	0.254673	0.156808	0.268679	0.169966	0.283989	0.184656	0.300737	0.201035	0.319066	0.219274	0.339136	0.239566
665.863710	0.139226	0.071103	0.143542	0.072929	0.148159	0.075093	0.153104	0.077632	0.158412	0.080589	0.164116	0.084008	0.170258	0.087940	0.176881	0.092439	0.184037	0.097566	0.191780	0.103386	0.200171	0.109974	0.209280	0.117410	0.219181	0.125782	0.229959	0.135186	0.241707	0.145731	0.254524	0.157534	0.268523	0.170723	0.283827	0.185443	0.300567	0.201850	0.318890	0.220116	0.338954	0.240433
666.302610	0.139180	0.071404	0.143491	0.073254	0.148102	0.075442	0.153042	0.078006	0.158344	0.080988	0.164042	0.084434	0.170177	0.088393	0.176793	0.092920	0.183942	0.098076	0.191677	0.103926	0.200061	0.110544	0.209162	0.118010	0.219056	0.126413	0.229826	0.135849	0.241566	0.146425	0.254376	0.158259	0.268368	0.171479	0.283664	0.186228	0.300397	0.202663	0.318714	0.220957	0.338773	0.241297
666.741390	0.139134	0.071707	0.143439	0.073579	0.148045	0.075790	0.152980	0.078380	0.158275	0.081388	0.163968	0.084860	0.170096	0.088846	0.176706	0.093401	0.183847	0.098585	0.191575	0.104465	0.199951	0.111113	0.209044	0.118610	0.218931	0.127044	0.229693	0.136511	0.241426	0.147118	0.254227	0.158983	0.268212	0.172234	0.283501	0.187013	0.300228	0.203476	0.318538	0.221796	0.338592	0.242160
667.180050	0.139088	0.072010	0.143388	0.073905	0.147989	0.076140	0.152918	0.078754	0.158207	0.081787	0.163893	0.085286	0.170015	0.089299	0.176618	0.093882	0.183752	0.099095	0.191472	0.105004	0.199841	0.111683	0.208927	0.119210	0.218806	0.127675	0.229560	0.137174	0.241285	0.147811	0.254079	0.159707	0.268056	0.172988	0.283338	0.187796	0.300058	0.204287	0.318363	0.222633	0.338410	0.243022
667.618590	0.139041	0.072314	0.143337	0.074232	0.147932	0.076491	0.152856	0.079129	0.158139	0.082188	0.163819	0.085712	0.169934	0.089753	0.176530	0.094363	0.183657	0.099605	0.191369	0.105544	0.199731	0.112252	0.208809	0.119810	0.218680	0.128306	0.229428	0.137835	0.241144	0.148503	0.253931	0.160429	0.267900	0.173741	0.283175	0.188578	0.299888	0.205097	0.318186	0.223468	0.338229	0.243881
668.057070	0.138995	0.072618	0.143286	0.074559	0.147876	0.076842	0.152794	0.079504	0.158071	0.082588	0.163744	0.086139	0.169852	0.090206	0.176442	0.094845	0.183562	0.100115	0.191267	0.106083	0.199621	0.112821	0.208692	0.120410	0.218555	0.128936	0.229295	0.138496	0.241003	0.149195	0.253783	0.161152	0.267745	0.174493	0.283012	0.189359	0.299718	0.205906	0.318010	0.224303	0.338047	0.244739
668.495420	0.138950	0.072924	0.143236	0.074888	0.147820	0.077194	0.152733	0.079881	0.158004	0.082990	0.163670	0.086567	0.169772	0.090661	0.176354	0.095327	0.183467	0.100626	0.191165	0.106623	0.199512	0.113391	0.208575	0.121009	0.218430	0.129566	0.229162	0.139156	0.240862	0.149886	0.253635	0.161873	0.267589	0.175244	0.282849	0.190139	0.299549	0.206713	0.317835	0.225136	0.337866	0.245595
668.933650	0.138905	0.073231	0.143186	0.075216	0.147764	0.077546	0.152671	0.080257	0.157936	0.083392	0.163596	0.086995	0.169691	0.091116	0.176267	0.095810	0.183372	0.101137	0.191063	0.107163	0.199403	0.113961	0.208458	0.121608	0.218305	0.130196	0.229029	0.139816	0.240722	0.150577	0.253486	0.162594	0.267434	0.175994	0.282687	0.190918	0.299380	0.207520	0.317660	0.225968	0.337685	0.246450
669.371830	0.138859	0.073538	0.143135	0.075546	0.147709	0.077899	0.152610	0.080635	0.157869	0.083795	0.163522	0.087424	0.169611	0.091571	0.176180	0.096293	0.183278	0.101648	0.190961	0.107703	0.199293	0.114530	0.208341	0.122207	0.218180	0.130825	0.228897	0.140476	0.240582	0.151267	0.253339	0.163314	0.267278	0.176743	0.282524	0.191695	0.299210	0.208324	0.317484	0.226798	0.337504	0.247302
669.809880	0.138814	0.073846	0.143085	0.075876	0.147653	0.078253	0.152548	0.081012	0.157801	0.084197	0.163448	0.087852	0.169531	0.092026	0.176092	0.096775	0.183183	0.102159	0.190859	0.108243	0.199184	0.115098	0.208224	0.122806	0.218056	0.131453	0.228764	0.141135	0.240442	0.151956	0.253191	0.164033	0.267123	0.177491	0.282362	0.192472	0.299041	0.209127	0.317308	0.227626	0.337323	0.248153
670.247800	0.138769	0.074154	0.143035	0.076207	0.147598	0.078607	0.152487	0.081391	0.157734	0.084600	0.163374	0.088281	0.169450	0.092482	0.176005	0.097259	0.183089	0.102670	0.190758	0.108782	0.199074	0.115667	0.208107	0.123405	0.217931	0.132082	0.228632	0.141793	0.240302	0.152644	0.253043	0.164751	0.266968	0.178238	0.282199	0.193247	0.298872	0.209929	0.317133	0.228453	0.337142	0.249003
670.685670	0.138724	0.074463	0.142985	0.076538	0.147542	0.078961	0.152426	0.081770	0.157666	0.085004	0.163301	0.088711	0.169370	0.092938	0.175918	0.097742	0.182995	0.103181	0.190656	0.109322	0.198965	0.116236	0.207990	0.124003	0.217807	0.132710	0.228499	0.142452	0.240162	0.153332	0.252895	0.165468	0.266813	0.178985	0.282037	0.194021	0.298703	0.210730	0.316957	0.229278	0.336961	0.249850
671.123410	0.138679	0.074773	0.142935	0.076870	0.147486	0.079316	0.152365	0.082149	0.157599	0.085408	0.163227	0.089140	0.169289	0.093395	0.175830	0.098225	0.182900	0.103692	0.190554	0.109861	0.198856	0.116805	0.207873	0.124602	0.217682	0.133338	0.228367	0.143109	0.240022	0.154020	0.252747	0.166185	0.266657	0.179731	0.281874	0.194795	0.298533	0.211530	0.316782	0.230103	0.336780	0.250697
671.561040	0.138635	0.075083	0.142885	0.077203	0.147431	0.079673	0.152303	0.082529	0.157532	0.085813	0.163154	0.089571	0.169209	0.093851	0.175743	0.098709	0.182806	0.104204	0.190453	0.110401	0.198747	0.117374	0.207756	0.125199	0.217557	0.133965	0.228235	0.143766	0.239881	0.154706	0.252599	0.166900	0.266502	0.180475	0.281712	0.195566	0.298364	0.212328	0.316606	0.230925	0.336599	0.251541
671.998540	0.138590	0.075394	0.142835	0.077536	0.147376	0.080029	0.152242	0.082909	0.157465	0.086218	0.163081	0.090001	0.169129	0.094307	0.175656	0.099192	0.182711	0.104715	0.190351	0.110941	0.198637	0.117942	0.207639	0.125797	0.217432	0.134592	0.228102	0.144423	0.239741	0.155393	0.252451	0.167616	0.266347	0.181219	0.281550	0.196337	0.298196	0.213125	0.316431	0.231746	0.336418	0.252384
672.435970	0.138546	0.075706	0.142786	0.077870	0.147322	0.080386	0.152181	0.083290	0.157398	0.086623	0.163008	0.090432	0.169049	0.094765	0.175569	0.099676	0.182617	0.105227	0.190250	0.111481	0.198528	0.118510	0.207523	0.126394	0.217308	0.135218	0.227970	0.145079	0.239601	0.156077	0.252304	0.168330	0.266192	0.181960	0.281387	0.197106	0.298026	0.213920	0.316255	0.232565	0.336237	0.253224
672.873290	0.138501	0.076018	0.142736	0.078204	0.147267	0.080743	0.152121	0.083671	0.157331	0.087029	0.162934	0.090863	0.168969	0.095222	0.175482	0.100160	0.182523	0.105738	0.190148	0.112020	0.198420	0.119078	0.207406	0.126991	0.217184	0.135845	0.227838	0.145734	0.239462	0.156762	0.252157	0.169043	0.266037	0.182702	0.281225	0.197875	0.297857	0.214715	0.316080	0.233384	0.336055	0.254064
673.310490	0.138457	0.076331	0.142687	0.078539	0.147212	0.081101	0.152060	0.084052	0.157264	0.087435	0.162861	0.091294	0.168889	0.095679	0.175396	0.100644	0.182429	0.106249	0.190047	0.112559	0.198311	0.119646	0.207289	0.127588	0.217060	0.136470	0.227706	0.146388	0.239321	0.157445	0.252009	0.169755	0.265882	0.183442	0.281063	0.198642	0.297688	0.215507	0.315904	0.234200	0.335874	0.254901
673.747620	0.138412	0.076644	0.142638	0.078875	0.147157	0.081459	0.152000	0.084434	0.157198	0.087841	0.162788	0.091726	0.168810	0.096137	0.175309	0.101128	0.182335	0.106761	0.189946	0.113099	0.198202	0.120213	0.207172	0.128184	0.216935	0.137096	0.227573	0.147042	0.239181	0.158129	0.251861	0.170467	0.265727	0.184181	0.280901	0.199409	0.297519	0.216298	0.315729	0.235015	0.335693	0.255736
674.184630	0.138369	0.076958	0.142588	0.079212	0.147102	0.081818	0.151940	0.084817	0.157131	0.088248	0.162715	0.092158	0.168730	0.096595	0.175222	0.101613	0.182241	0.107272	0.189844	0.113638	0.198093	0.120781	0.207056	0.128780	0.216811	0.137721	0.227441	0.147696	0.239041	0.158811	0.251714	0.171178	0.265572	0.184919	0.280739	0.200174	0.297350	0.217088	0.315554	0.235828	0.335513	0.256571
674.621520	0.138325	0.077274	0.142539	0.079549	0.147048	0.082178	0.151879	0.085200	0.157065	0.088656	0.162642	0.092590	0.168651	0.097053	0.175136	0.102098	0.182148	0.107784	0.189743	0.114178	0.197984	0.121348	0.206940	0.129376	0.216687	0.138345	0.227310	0.148349	0.238902	0.159493	0.251567	0.171887	0.265417	0.185657	0.280576	0.200937	0.297181	0.217877	0.315379	0.236639	0.335332	0.257403
675.058290	0.138281	0.077589	0.142491	0.079886	0.146994	0.082538	0.151819	0.085583	0.156999	0.089064	0.162569	0.093023	0.168571	0.097511	0.175050	0.102583	0.182055	0.108296	0.189643	0.114717	0.197876	0.121916	0.206823	0.129971	0.216563	0.138969	0.227178	0.149002	0.238762	0.160174	0.251419	0.172596	0.265262	0.186393	0.280414	0.201701	0.297013	0.218665	0.315205	0.237450	0.335152	0.258235
675.495000	0.138238	0.077905	0.142442	0.080224	0.146940	0.082899	0.151759	0.085968	0.156933	0.089472	0.162497	0.093456	0.168492	0.097970	0.174963	0.103067	0.181961	0.108808	0.189542	0.115256	0.197767	0.122483	0.206707	0.130567	0.216439	0.139593	0.227047	0.149654	0.238623	0.160854	0.251272	0.173304	0.265108	0.187128	0.280253	0.202461	0.296844	0.219450	0.315030	0.238258	0.334972	0.259063
675.931580	0.138195	0.078221	0.142394	0.080562	0.146885	0.083259	0.151699	0.086352	0.156867	0.089880	0.162424	0.093889	0.168413	0.098428	0.174877	0.103552	0.181868	0.109320	0.189441	0.115795	0.197659	0.123050	0.206591	0.131162	0.216315	0.140216	0.226915	0.150306	0.238484	0.161533	0.251125	0.174012	0.264953	0.187863	0.280091	0.203222	0.296675	0.220235	0.314854	0.239066	0.334791	0.259890
676.368040	0.138152	0.078539	0.142345	0.080901	0.146832	0.083621	0.151640	0.086737	0.156801	0.090289	0.162352	0.094323	0.168334	0.098887	0.174791	0.104037	0.181775	0.109831	0.189340	0.116334	0.197551	0.123616	0.206475	0.131756	0.216191	0.140839	0.226783	0.150956	0.238345	0.162212	0.250978	0.174718	0.264799	0.188596	0.279929	0.203980	0.296507	0.221018	0.314680	0.239871	0.334611	0.260715
676.804440	0.138108	0.078857	0.142297	0.081241	0.146778	0.083983	0.151580	0.087122	0.156736	0.090698	0.162280	0.094757	0.168255	0.099346	0.174706	0.104523	0.181682	0.110343	0.189240	0.116872	0.197442	0.124182	0.206360	0.132351	0.216068	0.141461	0.226652	0.151607	0.238205	0.162891	0.250832	0.175424	0.264644	0.189328	0.279768	0.204738	0.296338	0.221800	0.314505	0.240676	0.334430	0.261540
677.240720	0.138065	0.079175	0.142249	0.081581	0.146724	0.084345	0.151520	0.087507	0.156670	0.091107	0.162208	0.095191	0.168176	0.099805	0.174620	0.105008	0.181588	0.110854	0.189139	0.117411	0.197334	0.124748	0.206244	0.132944	0.215944	0.142083	0.226520	0.152256	0.238066	0.163568	0.250685	0.176128	0.264490	0.190059	0.279606	0.205495	0.296170	0.222581	0.314331	0.241478	0.334250	0.262362
677.676880	0.138023	0.079494	0.142201	0.081922	0.146671	0.084708	0.151461	0.087893	0.156604	0.091517	0.162136	0.095624	0.168097	0.100265	0.174534	0.105493	0.181495	0.111366	0.189039	0.117950	0.197226	0.125315	0.206128	0.133538	0.215820	0.142704	0.226389	0.152905	0.237927	0.164245	0.250538	0.176832	0.264335	0.190789	0.279445	0.206250	0.296002	0.223360	0.314156	0.242279	0.334069	0.263182
678.112980	0.137980	0.079814	0.142153	0.082262	0.146617	0.085071	0.151402	0.088279	0.156538	0.091926	0.162063	0.096059	0.168019	0.100724	0.174448	0.105978	0.181402	0.111878	0.188938	0.118488	0.197118	0.125880	0.206012	0.134131	0.215697	0.143325	0.226257	0.153554	0.237788	0.164921	0.250391	0.177535	0.264181	0.191519	0.279283	0.207004	0.295833	0.224138	0.313982	0.243079	0.333889	0.264001
678.548950	0.137937	0.080134	0.142105	0.082604	0.146563	0.085435	0.151342	0.088666	0.156473	0.092337	0.161991	0.096493	0.167940	0.101184	0.174362	0.106463	0.181309	0.112389	0.188838	0.119026	0.197010	0.126445	0.205897	0.134724	0.215573	0.143945	0.226126	0.154202	0.237648	0.165595	0.250244	0.178236	0.264027	0.192246	0.279121	0.207756	0.295665	0.224914	0.313807	0.243876	0.333709	0.264818
678.984800	0.137894	0.080454	0.142057	0.082945	0.146510	0.085799	0.151283	0.089053	0.156407	0.092748	0.161920	0.096928	0.167861	0.101644	0.174276	0.106948	0.181216	0.112900	0.188737	0.119564	0.196902	0.127010	0.205781	0.135316	0.215449	0.144564	0.225995	0.154849	0.237509	0.166269	0.250097	0.178938	0.263872	0.192974	0.278960	0.208509	0.295497	0.225690	0.313632	0.244673	0.333528	0.265634
679.420530	0.137852	0.080775	0.142009	0.083288	0.146457	0.086164	0.151224	0.089440	0.156342	0.093159	0.161848	0.097363	0.167782	0.102104	0.174191	0.107433	0.181123	0.113412	0.188637	0.120102	0.196794	0.127575	0.205666	0.135908	0.215326	0.145184	0.225863	0.155495	0.237370	0.166943	0.249950	0.179637	0.263718	0.193699	0.278798	0.209259	0.295329	0.226463	0.313457	0.245467	0.333348	0.266446
679.856200	0.137810	0.081097	0.141962	0.083631	0.146404	0.086529	0.151165	0.089828	0.156277	0.093569	0.161776	0.097798	0.167704	0.102564	0.174105	0.107919	0.181031	0.113923	0.188537	0.120640	0.196687	0.128140	0.205550	0.136500	0.215203	0.145803	0.225732	0.156141	0.237231	0.167616	0.249803	0.180336	0.263564	0.194424	0.278637	0.210009	0.295161	0.227235	0.313283	0.246261	0.333168	0.267259
680.291750	0.137768	0.081419	0.141914	0.083974	0.146351	0.086894	0.151106	0.090216	0.156212	0.093981	0.161704	0.098234	0.167625	0.103024	0.174020	0.108404	0.180938	0.114435	0.188437	0.121178	0.196579	0.128704	0.205435	0.137091	0.215080	0.146421	0.225601	0.156786	0.237092	0.168288	0.249657	0.181034	0.263410	0.195147	0.278476	0.210756	0.294992	0.228006	0.313108	0.247053	0.332989	0.268068
680.727170	0.137726	0.081742	0.141867	0.084318	0.146298	0.087260	0.151048	0.090604	0.156147	0.094392	0.161633	0.098669	0.167547	0.103485	0.173934	0.108890	0.180846	0.114946	0.188337	0.121715	0.196471	0.129268	0.205319	0.137681	0.214957	0.147038	0.225471	0.157431	0.236954	0.168959	0.249511	0.181732	0.263256	0.195869	0.278315	0.211503	0.294824	0.228775	0.312934	0.247843	0.332809	0.268877
681.162540	0.137685	0.082065	0.141821	0.084663	0.146245	0.087626	0.150989	0.090992	0.156082	0.094804	0.161562	0.099105	0.167469	0.103945	0.173849	0.109375	0.180754	0.115457	0.188237	0.122253	0.196364	0.129831	0.205204	0.138271	0.214834	0.147655	0.225340	0.158075	0.236815	0.169630	0.249365	0.182429	0.263103	0.196591	0.278154	0.212249	0.294656	0.229543	0.312760	0.248632	0.332629	0.269684
681.597780	0.137643	0.082389	0.141774	0.085007	0.146193	0.087992	0.150931	0.091382	0.156018	0.095217	0.161491	0.099542	0.167392	0.104405	0.173764	0.109861	0.180661	0.115968	0.188138	0.122790	0.196257	0.130395	0.205089	0.138862	0.214711	0.148272	0.225210	0.158719	0.236677	0.170299	0.249219	0.183124	0.262949	0.197311	0.277993	0.212993	0.294489	0.230310	0.312586	0.249418	0.332449	0.270488
682.032900	0.137602	0.082714	0.141727	0.085352	0.146141	0.088359	0.150873	0.091771	0.155953	0.095629	0.161420	0.099978	0.167314	0.104866	0.173680	0.110347	0.180569	0.116479	0.188038	0.123327	0.196150	0.130959	0.204974	0.139452	0.214589	0.148889	0.225079	0.159361	0.236539	0.170968	0.249073	0.183818	0.262795	0.198031	0.277833	0.213736	0.294321	0.231076	0.312413	0.250204	0.332269	0.271293
682.467900	0.137561	0.083039	0.141681	0.085698	0.146089	0.088726	0.150814	0.092161	0.155889	0.096042	0.161349	0.100414	0.167236	0.105327	0.173595	0.110832	0.180477	0.116990	0.187939	0.123863	0.196043	0.131521	0.204859	0.140041	0.214466	0.149504	0.224949	0.160003	0.236400	0.171636	0.248927	0.184511	0.262642	0.198749	0.277672	0.214477	0.294154	0.231839	0.312239	0.250987	0.332090	0.272093
682.902830	0.137519	0.083363	0.141634	0.086044	0.146037	0.089094	0.150756	0.092551	0.155824	0.096455	0.161278	0.100851	0.167158	0.105787	0.173510	0.111318	0.180385	0.117501	0.187839	0.124399	0.195936	0.132083	0.204745	0.140629	0.214343	0.150120	0.224818	0.160644	0.236262	0.172303	0.248781	0.185204	0.262488	0.199467	0.277511	0.215218	0.293986	0.232602	0.312065	0.251770	0.331910	0.272893
683.337650	0.137478	0.083689	0.141588	0.086390	0.145984	0.089462	0.150698	0.092941	0.155760	0.096868	0.161207	0.101287	0.167081	0.106248	0.173425	0.111803	0.180293	0.118011	0.187740	0.124935	0.195829	0.132646	0.204630	0.141218	0.214221	0.150734	0.224687	0.161284	0.236124	0.172969	0.248635	0.185896	0.262335	0.200182	0.277350	0.215957	0.293819	0.233362	0.311891	0.252550	0.331731	0.273691
683.772340	0.137437	0.084014	0.141541	0.086737	0.145932	0.089830	0.150640	0.093331	0.155696	0.097281	0.161136	0.101723	0.167003	0.106708	0.173340	0.112288	0.180201	0.118522	0.187640	0.125471	0.195721	0.133208	0.204515	0.141805	0.214098	0.151348	0.224557	0.161924	0.235985	0.173634	0.248488	0.186586	0.262181	0.200897	0.277189	0.216695	0.293651	0.234122	0.311717	0.253330	0.331551	0.274487
684.206970	0.137396	0.084341	0.141495	0.087084	0.145880	0.090199	0.150581	0.093721	0.155631	0.097694	0.161065	0.102160	0.166925	0.107169	0.173256	0.112773	0.180109	0.119032	0.187541	0.126007	0.195614	0.133769	0.204400	0.142392	0.213975	0.151961	0.224426	0.162563	0.235847	0.174299	0.248342	0.187276	0.262028	0.201611	0.277028	0.217432	0.293483	0.234880	0.311543	0.254107	0.331371	0.275282
684.641480	0.137355	0.084667	0.141448	0.087432	0.145828	0.090568	0.150524	0.094112	0.155567	0.098108	0.160994	0.102597	0.166847	0.107630	0.173171	0.113259	0.180017	0.119542	0.187441	0.126542	0.195507	0.134330	0.204285	0.142979	0.213852	0.152573	0.224296	0.163201	0.235709	0.174963	0.248196	0.187965	0.261875	0.202323	0.276868	0.218167	0.293315	0.235637	0.311369	0.254883	0.331191	0.276074
685.075870	0.137314	0.084994	0.141402	0.087779	0.145776	0.090937	0.150466	0.094503	0.155503	0.098521	0.160924	0.103033	0.166769	0.108090	0.173086	0.113744	0.179925	0.120052	0.187342	0.127077	0.195400	0.134891	0.204170	0.143565	0.213730	0.153186	0.224165	0.163839	0.235571	0.175627	0.248051	0.188653	0.261721	0.203035	0.276707	0.218902	0.293148	0.236393	0.311195	0.255658	0.331012	0.276866
685.510190	0.137274	0.085323	0.141356	0.088128	0.145725	0.091306	0.150408	0.094895	0.155439	0.098935	0.160853	0.103471	0.166692	0.108551	0.173002	0.114229	0.179833	0.120562	0.187243	0.127613	0.195293	0.135451	0.204056	0.144151	0.213608	0.153797	0.224035	0.164476	0.235433	0.176289	0.247905	0.189339	0.261568	0.203745	0.276547	0.219635	0.292981	0.237146	0.311021	0.256431	0.330833	0.277655
685.944340	0.137233	0.085651	0.141310	0.088476	0.145674	0.091676	0.150350	0.095287	0.155375	0.099349	0.160783	0.103908	0.166615	0.109012	0.172918	0.114714	0.179742	0.121072	0.187144	0.128147	0.195187	0.136011	0.203942	0.144737	0.213486	0.154408	0.223906	0.165113	0.235295	0.176950	0.247760	0.190025	0.261415	0.204455	0.276387	0.220367	0.292813	0.237899	0.310848	0.257203	0.330654	0.278443
686.378480	0.137193	0.085980	0.141265	0.088826	0.145622	0.092046	0.150293	0.095679	0.155311	0.099763	0.160713	0.104346	0.166538	0.109473	0.172834	0.115199	0.179651	0.121581	0.187045	0.128682	0.195080	0.136571	0.203827	0.145322	0.213364	0.155018	0.223775	0.165749	0.235157	0.177610	0.247614	0.190709	0.261262	0.205163	0.276226	0.221097	0.292647	0.238650	0.310675	0.257972	0.330475	0.279228
686.812440	0.137152	0.086308	0.141220	0.089175	0.145571	0.092416	0.150236	0.096071	0.155248	0.100178	0.160642	0.104783	0.166461	0.109934	0.172749	0.115683	0.179559	0.122090	0.186946	0.129216	0.194974	0.137130	0.203713	0.145906	0.213242	0.155628	0.223645	0.166384	0.235019	0.178270	0.247469	0.191393	0.261109	0.205870	0.276066	0.221827	0.292480	0.239400	0.310501	0.258741	0.330295	0.280013
687.246340	0.137112	0.086637	0.141174	0.089525	0.145520	0.092787	0.150178	0.096463	0.155184	0.100593	0.160572	0.105220	0.166384	0.110395	0.172665	0.116168	0.179468	0.122599	0.186847	0.129750	0.194868	0.137689	0.203599	0.146490	0.213120	0.156237	0.223515	0.167018	0.234882	0.178928	0.247323	0.192076	0.260956	0.206576	0.275906	0.222554	0.292313	0.240148	0.310327	0.259507	0.330116	0.280795
687.680110	0.137072	0.086967	0.141129	0.089874	0.145468	0.093157	0.150121	0.096855	0.155121	0.101007	0.160503	0.105658	0.166308	0.110855	0.172582	0.116653	0.179376	0.123108	0.186748	0.130284	0.194761	0.138247	0.203485	0.147074	0.212998	0.156846	0.223386	0.167651	0.234744	0.179586	0.247178	0.192757	0.260803	0.207280	0.275746	0.223281	0.292145	0.240894	0.310154	0.260272	0.329937	0.281576
688.113770	0.137033	0.087297	0.141083	0.090224	0.145417	0.093529	0.150064	0.097248	0.155058	0.101422	0.160433	0.106095	0.166231	0.111316	0.172498	0.117137	0.179285	0.123617	0.186649	0.130817	0.194655	0.138805	0.203371	0.147657	0.212876	0.157453	0.223256	0.168284	0.234607	0.180243	0.247033	0.193438	0.260650	0.207984	0.275586	0.224006	0.291978	0.241640	0.309981	0.261036	0.329758	0.282355
688.547300	0.136993	0.087628	0.141038	0.090575	0.145367	0.093901	0.150008	0.097641	0.154995	0.101837	0.160363	0.106533	0.166154	0.111777	0.172414	0.117622	0.179195	0.124126	0.186551	0.131350	0.194549	0.139363	0.203257	0.148240	0.212754	0.158061	0.223126	0.168915	0.234470	0.180899	0.246888	0.194118	0.260498	0.208687	0.275426	0.224729	0.291812	0.242384	0.309808	0.261797	0.329580	0.283132
688.980770	0.136954	0.087958	0.140993	0.090926	0.145316	0.094273	0.149951	0.098034	0.154932	0.102252	0.160293	0.106971	0.166077	0.112238	0.172331	0.118107	0.179104	0.124634	0.186453	0.131882	0.194443	0.139920	0.203143	0.148822	0.212632	0.158668	0.222997	0.169547	0.234332	0.181555	0.246743	0.194798	0.260346	0.209389	0.275266	0.225453	0.291645	0.243127	0.309635	0.262558	0.329401	0.283909
689.414180	0.136914	0.088290	0.140948	0.091278	0.145266	0.094645	0.149895	0.098427	0.154869	0.102667	0.160224	0.107408	0.166001	0.112699	0.172247	0.118591	0.179013	0.125142	0.186355	0.132415	0.194337	0.140477	0.203029	0.149403	0.212511	0.159274	0.222868	0.170177	0.234195	0.182209	0.246598	0.195475	0.260193	0.210088	0.275107	0.226174	0.291479	0.243867	0.309462	0.263316	0.329222	0.284681
689.847410	0.136875	0.088621	0.140904	0.091629	0.145215	0.095017	0.149838	0.098820	0.154805	0.103083	0.160154	0.107846	0.165925	0.113160	0.172163	0.119075	0.178922	0.125650	0.186257	0.132947	0.194231	0.141034	0.202916	0.149984	0.212390	0.159879	0.222738	0.170807	0.234058	0.182863	0.246453	0.196152	0.260041	0.210788	0.274947	0.226894	0.291313	0.244607	0.309289	0.264074	0.329044	0.285454
690.280580	0.136835	0.088953	0.140859	0.091981	0.145164	0.095389	0.149782	0.099214	0.154742	0.103498	0.160085	0.108284	0.165849	0.113620	0.172080	0.119559	0.178831	0.126158	0.186158	0.133479	0.194125	0.141590	0.202802	0.150565	0.212268	0.160483	0.222609	0.171436	0.233921	0.183515	0.246308	0.196827	0.259888	0.211485	0.274787	0.227613	0.291146	0.245346	0.309116	0.264829	0.328865	0.286224
690.713620	0.136796	0.089285	0.140814	0.092333	0.145114	0.095762	0.149725	0.099608	0.154680	0.103913	0.160015	0.108721	0.165772	0.114081	0.171997	0.120043	0.178741	0.126665	0.186060	0.134010	0.194019	0.142146	0.202689	0.151145	0.212146	0.161087	0.222480	0.172064	0.233784	0.184167	0.246164	0.197502	0.259736	0.212182	0.274628	0.228330	0.290979	0.246083	0.308943	0.265583	0.328686	0.286993
691.146550	0.136757	0.089618	0.140770	0.092685	0.145064	0.096134	0.149669	0.100002	0.154617	0.104329	0.159946	0.109159	0.165696	0.114541	0.171914	0.120527	0.178650	0.127173	0.185962	0.134542	0.193913	0.142701	0.202576	0.151724	0.212025	0.161691	0.222350	0.172691	0.233647	0.184818	0.246019	0.198176	0.259583	0.212878	0.274468	0.229047	0.290813	0.246818	0.308771	0.266336	0.328508	0.287760
691.579410	0.136718	0.089951	0.140725	0.093038	0.145014	0.096507	0.149613	0.100396	0.154555	0.104745	0.159876	0.109597	0.165620	0.115001	0.171831	0.121010	0.178559	0.127679	0.185864	0.135072	0.193808	0.143255	0.202462	0.152303	0.211904	0.162294	0.222221	0.173317	0.233509	0.185468	0.245874	0.198848	0.259431	0.213572	0.274309	0.229762	0.290647	0.247552	0.308598	0.267087	0.328329	0.288525
692.012150	0.136679	0.090284	0.140681	0.093391	0.144964	0.096880	0.149556	0.100790	0.154492	0.105161	0.159807	0.110035	0.165544	0.115462	0.171748	0.121494	0.178468	0.128186	0.185766	0.135603	0.193702	0.143810	0.202349	0.152881	0.211783	0.162897	0.222092	0.173944	0.233372	0.186117	0.245729	0.199521	0.259279	0.214266	0.274150	0.230476	0.290480	0.248285	0.308425	0.267837	0.328151	0.289289
692.444760	0.136641	0.090618	0.140637	0.093744	0.144914	0.097254	0.149501	0.101185	0.154430	0.105577	0.159738	0.110473	0.165468	0.115922	0.171665	0.121977	0.178378	0.128693	0.185668	0.136133	0.193597	0.144363	0.202235	0.153459	0.211662	0.163498	0.221963	0.174568	0.233236	0.186765	0.245585	0.200191	0.259127	0.214958	0.273990	0.231188	0.290314	0.249015	0.308253	0.268584	0.327973	0.290051
692.877260	0.136603	0.090952	0.140593	0.094098	0.144864	0.097628	0.149445	0.101580	0.154368	0.105993	0.159670	0.110911	0.165392	0.116382	0.171582	0.122460	0.178289	0.129199	0.185571	0.136663	0.193492	0.144917	0.202122	0.154036	0.211541	0.164099	0.221835	0.175193	0.233100	0.187412	0.245441	0.200861	0.258975	0.215649	0.273831	0.231900	0.290148	0.249746	0.308080	0.269331	0.327795	0.290812
693.309690	0.136564	0.091286	0.140549	0.094452	0.144814	0.098002	0.149389	0.101975	0.154305	0.106409	0.159601	0.111349	0.165317	0.116843	0.171499	0.122943	0.178199	0.129705	0.185473	0.137192	0.193387	0.145470	0.202009	0.154613	0.211420	0.164699	0.221706	0.175816	0.232963	0.188059	0.245297	0.201529	0.258823	0.216338	0.273672	0.232610	0.289982	0.250474	0.307908	0.270075	0.327616	0.291570
693.742000	0.136526	0.091621	0.140505	0.094806	0.144765	0.098377	0.149333	0.102369	0.154243	0.106825	0.159532	0.111787	0.165241	0.117303	0.171416	0.123426	0.178109	0.130211	0.185375	0.137721	0.193282	0.146022	0.201896	0.155188	0.211299	0.165298	0.221578	0.176439	0.232827	0.188705	0.245152	0.202197	0.258672	0.217027	0.273513	0.233318	0.289816	0.251200	0.307736	0.270818	0.327438	0.292326
694.174260	0.136487	0.091955	0.140461	0.095160	0.144715	0.098751	0.149278	0.102764	0.154181	0.107241	0.159463	0.112225	0.165166	0.117763	0.171334	0.123908	0.178019	0.130717	0.185278	0.138250	0.193176	0.146574	0.201784	0.155764	0.211178	0.165897	0.221449	0.177061	0.232690	0.189349	0.245008	0.202863	0.258520	0.217715	0.273354	0.234026	0.289650	0.251926	0.307563	0.271559	0.327260	0.293082
694.606320	0.136449	0.092291	0.140418	0.095514	0.144665	0.099125	0.149222	0.103159	0.154119	0.107657	0.159395	0.112662	0.165090	0.118223	0.171251	0.124391	0.177928	0.131222	0.185181	0.138778	0.193071	0.147126	0.201671	0.156338	0.211058	0.166495	0.221320	0.177682	0.232553	0.189992	0.244864	0.203528	0.258368	0.218401	0.273195	0.234731	0.289484	0.252650	0.307391	0.272299	0.327082	0.293835
695.038330	0.136411	0.092626	0.140374	0.095869	0.144616	0.099499	0.149166	0.103554	0.154058	0.108073	0.159326	0.113100	0.165014	0.118683	0.171168	0.124873	0.177838	0.131727	0.185083	0.139306	0.192966	0.147677	0.201558	0.156913	0.210937	0.167093	0.221192	0.178303	0.232417	0.190635	0.244720	0.204193	0.258217	0.219087	0.273036	0.235436	0.289318	0.253373	0.307219	0.273038	0.326904	0.294587
695.470280	0.136373	0.092961	0.140331	0.096224	0.144566	0.099874	0.149111	0.103949	0.153996	0.108489	0.159258	0.113537	0.164939	0.119142	0.171086	0.125354	0.177749	0.132231	0.184986	0.139833	0.192861	0.148228	0.201445	0.157487	0.210817	0.167689	0.221063	0.178922	0.232281	0.191276	0.244576	0.204856	0.258065	0.219770	0.272877	0.236139	0.289152	0.254093	0.307046	0.273774	0.326726	0.295336
695.902040	0.136336	0.093297	0.140287	0.096578	0.144517	0.100249	0.149056	0.104344	0.153934	0.108905	0.159189	0.113975	0.164864	0.119602	0.171004	0.125836	0.177659	0.132736	0.184888	0.140360	0.192756	0.148778	0.201332	0.158060	0.210696	0.168286	0.220934	0.179541	0.232145	0.191918	0.244432	0.205519	0.257913	0.220453	0.272718	0.236842	0.288987	0.254814	0.306874	0.274510	0.326548	0.296085
696.333740	0.136298	0.093633	0.140244	0.096934	0.144468	0.100624	0.149000	0.104740	0.153872	0.109321	0.159121	0.114412	0.164789	0.120061	0.170921	0.126317	0.177570	0.133239	0.184791	0.140887	0.192651	0.149328	0.201219	0.158633	0.210576	0.168881	0.220806	0.180158	0.232009	0.192557	0.244288	0.206180	0.257762	0.221134	0.272560	0.237542	0.288821	0.255531	0.306702	0.275243	0.326371	0.296831
696.765320	0.136260	0.093970	0.140200	0.097290	0.144420	0.100999	0.148945	0.105135	0.153811	0.109738	0.159053	0.114850	0.164714	0.120520	0.170839	0.126799	0.177480	0.133743	0.184695	0.141414	0.192547	0.149876	0.201107	0.159205	0.210455	0.169476	0.220678	0.180775	0.231873	0.193196	0.244144	0.206840	0.257611	0.221815	0.272401	0.238242	0.288656	0.256248	0.306530	0.275976	0.326193	0.297576
697.196840	0.136223	0.094307	0.140158	0.097645	0.144371	0.101374	0.148890	0.105531	0.153749	0.110154	0.158985	0.115288	0.164639	0.120979	0.170757	0.127280	0.177390	0.134247	0.184598	0.141940	0.192442	0.150425	0.200995	0.159776	0.210335	0.170070	0.220551	0.181392	0.231737	0.193835	0.244000	0.207499	0.257460	0.222494	0.272243	0.238940	0.288491	0.256964	0.306359	0.276706	0.326016	0.298319
697.628170	0.136185	0.094644	0.140115	0.098001	0.144322	0.101750	0.148835	0.105927	0.153688	0.110570	0.158917	0.115725	0.164564	0.121438	0.170675	0.127761	0.177301	0.134749	0.184501	0.142465	0.192337	0.150973	0.200883	0.160346	0.210215	0.170663	0.220422	0.182007	0.231601	0.194472	0.243857	0.208157	0.257309	0.223172	0.272084	0.239636	0.288325	0.257677	0.306187	0.277435	0.325838	0.299061
698.059450	0.136148	0.094980	0.140072	0.098357	0.144273	0.102126	0.148780	0.106323	0.153627	0.110986	0.158850	0.116162	0.164490	0.121897	0.170593	0.128241	0.177212	0.135252	0.184404	0.142990	0.192233	0.151521	0.200771	0.160917	0.210094	0.171256	0.220294	0.182622	0.231465	0.195109	0.243713	0.208814	0.257157	0.223850	0.271926	0.240333	0.288160	0.258390	0.306015	0.278163	0.325661	0.299802
698.490660	0.136111	0.095318	0.140029	0.098714	0.144225	0.102502	0.148726	0.106718	0.153566	0.111403	0.158782	0.116600	0.164415	0.122356	0.170511	0.128722	0.177122	0.135755	0.184307	0.143515	0.192128	0.152069	0.200658	0.161486	0.209975	0.171847	0.220166	0.183235	0.231329	0.195743	0.243570	0.209470	0.257006	0.224525	0.271768	0.241026	0.287995	0.259101	0.305844	0.278888	0.325483	0.300539
698.921690	0.136074	0.095655	0.139987	0.099070	0.144176	0.102878	0.148671	0.107114	0.153505	0.111819	0.158714	0.117037	0.164340	0.122814	0.170429	0.129202	0.177033	0.136257	0.184211	0.144040	0.192024	0.152616	0.200546	0.162056	0.209855	0.172439	0.220038	0.183849	0.231194	0.196378	0.243427	0.210126	0.256855	0.225200	0.271610	0.241719	0.287830	0.259811	0.305672	0.279612	0.325306	0.301276
699.352660	0.136037	0.095993	0.139944	0.099427	0.144128	0.103254	0.148617	0.107510	0.153444	0.112236	0.158647	0.117474	0.164265	0.123272	0.170347	0.129682	0.176944	0.136759	0.184114	0.144563	0.191920	0.153161	0.200434	0.162624	0.209735	0.173029	0.219911	0.184460	0.231058	0.197011	0.243284	0.210779	0.256705	0.225873	0.271452	0.242410	0.287665	0.260518	0.305501	0.280335	0.325129	0.302010
699.783510	0.136000	0.096331	0.139902	0.099784	0.144079	0.103629	0.148562	0.107905	0.153383	0.112652	0.158579	0.117910	0.164191	0.123731	0.170266	0.130162	0.176856	0.137261	0.184017	0.145087	0.191816	0.153707	0.200322	0.163192	0.209615	0.173619	0.219783	0.185072	0.230923	0.197643	0.243140	0.211432	0.256554	0.226545	0.271293	0.243101	0.287500	0.261225	0.305329	0.281056	0.324952	0.302744
700.214290	0.135964	0.096669	0.139860	0.100141	0.144031	0.104005	0.148508	0.108301	0.153322	0.113068	0.158511	0.118347	0.164117	0.124189	0.170184	0.130641	0.176767	0.137762	0.183921	0.145610	0.191712	0.154252	0.200210	0.163759	0.209495	0.174208	0.219656	0.185682	0.230787	0.198275	0.242997	0.212084	0.256403	0.227216	0.271135	0.243790	0.287335	0.261930	0.305158	0.281776	0.324775	0.303475
700.644960	0.135927	0.097008	0.139818	0.100498	0.143983	0.104382	0.148454	0.108697	0.153262	0.113484	0.158444	0.118784	0.164042	0.124647	0.170103	0.131120	0.176678	0.138262	0.183825	0.146133	0.191608	0.154796	0.200098	0.164325	0.209376	0.174796	0.219528	0.186292	0.230652	0.198905	0.242854	0.212735	0.256253	0.227886	0.270977	0.244477	0.287170	0.262634	0.304987	0.282494	0.324598	0.304204
701.075500	0.135890	0.097346	0.139776	0.100855	0.143936	0.104758	0.148400	0.109093	0.153201	0.113900	0.158376	0.119221	0.163968	0.125104	0.170022	0.131599	0.176589	0.138763	0.183728	0.146656	0.191504	0.155340	0.199987	0.164891	0.209256	0.175384	0.219401	0.186902	0.230516	0.199535	0.242711	0.213385	0.256103	0.228555	0.270819	0.245164	0.287005	0.263337	0.304816	0.283210	0.324421	0.304932
701.505920	0.135854	0.097685	0.139733	0.101212	0.143888	0.105135	0.148346	0.109489	0.153141	0.114316	0.158310	0.119658	0.163894	0.125561	0.169941	0.132078	0.176501	0.139263	0.183633	0.147177	0.191400	0.155884	0.199875	0.165456	0.209137	0.175970	0.219274	0.187509	0.230382	0.200164	0.242569	0.214032	0.255952	0.229222	0.270662	0.245849	0.286841	0.264038	0.304645	0.283925	0.324244	0.305658
701.936280	0.135817	0.098024	0.139691	0.101570	0.143840	0.105511	0.148292	0.109885	0.153081	0.114732	0.158243	0.120094	0.163820	0.126018	0.169860	0.132556	0.176412	0.139763	0.183537	0.147699	0.191296	0.156428	0.199764	0.166021	0.209018	0.176556	0.219147	0.188116	0.230247	0.200792	0.242426	0.214680	0.255802	0.229889	0.270504	0.246534	0.286676	0.264738	0.304474	0.284639	0.324067	0.306384
702.366520	0.135781	0.098363	0.139649	0.101928	0.143792	0.105888	0.148238	0.110282	0.153020	0.115148	0.158176	0.120531	0.163746	0.126475	0.169779	0.133034	0.176324	0.140262	0.183441	0.148219	0.191193	0.156970	0.199653	0.166585	0.208898	0.177141	0.219020	0.188722	0.230112	0.201418	0.242283	0.215326	0.255652	0.230554	0.270347	0.247215	0.286512	0.265436	0.304303	0.285350	0.323890	0.307106
702.796630	0.135745	0.098703	0.139608	0.102285	0.143745	0.106265	0.148184	0.110678	0.152960	0.115564	0.158109	0.120967	0.163673	0.126932	0.169697	0.133512	0.176236	0.140761	0.183345	0.148740	0.191090	0.157512	0.199542	0.167149	0.208779	0.177726	0.218892	0.189328	0.229977	0.202044	0.242141	0.215972	0.255501	0.231218	0.270189	0.247896	0.286348	0.266133	0.304133	0.286061	0.323714	0.307828
703.226680	0.135709	0.099042	0.139566	0.102643	0.143697	0.106642	0.148131	0.111074	0.152899	0.115980	0.158042	0.121403	0.163599	0.127389	0.169616	0.133990	0.176148	0.141260	0.183249	0.149260	0.190986	0.158053	0.199430	0.167711	0.208660	0.178310	0.218765	0.189932	0.229842	0.202669	0.241998	0.216616	0.255351	0.231881	0.270032	0.248576	0.286183	0.266828	0.303962	0.286770	0.323537	0.308547
703.656560	0.135674	0.099382	0.139525	0.103001	0.143650	0.107018	0.148077	0.111470	0.152840	0.116396	0.157975	0.121839	0.163525	0.127845	0.169536	0.134467	0.176059	0.141759	0.183153	0.149779	0.190883	0.158594	0.199319	0.168273	0.208542	0.178893	0.218638	0.190536	0.229707	0.203293	0.241856	0.217259	0.255202	0.232542	0.269875	0.249254	0.286019	0.267521	0.303791	0.287476	0.323361	0.309265
704.086430	0.135638	0.099722	0.139484	0.103359	0.143602	0.107395	0.148023	0.111866	0.152780	0.116812	0.157909	0.122275	0.163451	0.128302	0.169455	0.134944	0.175971	0.142257	0.183058	0.150298	0.190779	0.159134	0.199208	0.168835	0.208423	0.179476	0.218512	0.191139	0.229573	0.203916	0.241713	0.217902	0.255052	0.233202	0.269717	0.249932	0.285855	0.268214	0.303621	0.288182	0.323185	0.309982
704.516110	0.135602	0.100062	0.139442	0.103717	0.143555	0.107772	0.147970	0.112262	0.152720	0.117227	0.157842	0.122710	0.163378	0.128758	0.169374	0.135420	0.175883	0.142754	0.182962	0.150817	0.190676	0.159674	0.199097	0.169395	0.208304	0.180057	0.218385	0.191741	0.229438	0.204537	0.241571	0.218543	0.254902	0.233861	0.269561	0.250607	0.285691	0.268904	0.303450	0.288886	0.323008	0.310696
704.945740	0.135567	0.100402	0.139401	0.104076	0.143508	0.108149	0.147917	0.112658	0.152661	0.117643	0.157775	0.123146	0.163304	0.129213	0.169293	0.135897	0.175795	0.143251	0.182867	0.151336	0.190573	0.160213	0.198986	0.169955	0.208185	0.180638	0.218258	0.192342	0.229304	0.205159	0.241429	0.219183	0.254752	0.234520	0.269404	0.251283	0.285527	0.269595	0.303280	0.289589	0.322832	0.311410
705.375240	0.135531	0.100743	0.139360	0.104434	0.143461	0.108526	0.147863	0.113054	0.152600	0.118058	0.157709	0.123581	0.163231	0.129669	0.169213	0.136373	0.175707	0.143748	0.182771	0.151853	0.190470	0.160751	0.198875	0.170515	0.208066	0.181217	0.218131	0.192942	0.229169	0.205778	0.241286	0.219821	0.254602	0.235176	0.269247	0.251955	0.285363	0.270282	0.303109	0.290289	0.322656	0.312120
705.804630	0.135495	0.101083	0.139319	0.104793	0.143413	0.108903	0.147810	0.113450	0.152540	0.118473	0.157642	0.124016	0.163157	0.130124	0.169133	0.136849	0.175619	0.144244	0.182676	0.152370	0.190367	0.161289	0.198764	0.171074	0.207947	0.181796	0.218005	0.193542	0.229034	0.206397	0.241144	0.220459	0.254452	0.235832	0.269090	0.252627	0.285199	0.270969	0.302939	0.290989	0.322479	0.312830
706.233950	0.135460	0.101424	0.139278	0.105151	0.143366	0.109280	0.147757	0.113846	0.152481	0.118888	0.157576	0.124451	0.163084	0.130579	0.169052	0.137324	0.175531	0.144740	0.182580	0.152886	0.190264	0.161827	0.198653	0.171632	0.207828	0.182375	0.217878	0.194141	0.228900	0.207015	0.241002	0.221095	0.254303	0.236486	0.268932	0.253298	0.285035	0.271655	0.302768	0.291686	0.322303	0.313538
706.663150	0.135425	0.101765	0.139237	0.105510	0.143320	0.109657	0.147704	0.114241	0.152421	0.119303	0.157510	0.124886	0.163011	0.131034	0.168972	0.137799	0.175444	0.145236	0.182485	0.153403	0.190161	0.162364	0.198543	0.172189	0.207710	0.182953	0.217752	0.194738	0.228766	0.207632	0.240860	0.221731	0.254153	0.237139	0.268775	0.253967	0.284871	0.272338	0.302598	0.292383	0.322127	0.314244
707.092220	0.135390	0.102105	0.139196	0.105868	0.143273	0.110034	0.147651	0.114637	0.152362	0.119718	0.157444	0.125320	0.162938	0.131489	0.168892	0.138274	0.175356	0.145731	0.182390	0.153919	0.190058	0.162900	0.198432	0.172746	0.207592	0.183530	0.217626	0.195335	0.228632	0.208248	0.240718	0.222366	0.254004	0.237791	0.268618	0.254635	0.284708	0.273021	0.302427	0.293078	0.321951	0.314949
707.521180	0.135355	0.102446	0.139155	0.106227	0.143227	0.110411	0.147598	0.115033	0.152303	0.120134	0.157378	0.125755	0.162865	0.131943	0.168812	0.138748	0.175269	0.146226	0.182295	0.154433	0.189955	0.163435	0.198322	0.173301	0.207473	0.184106	0.217500	0.195930	0.228498	0.208863	0.240576	0.222999	0.253855	0.238441	0.268462	0.255301	0.284544	0.273702	0.302258	0.293771	0.321775	0.315652
707.950070	0.135320	0.102787	0.139115	0.106586	0.143180	0.110788	0.147545	0.115429	0.152244	0.120549	0.157312	0.126189	0.162792	0.132397	0.168731	0.139223	0.175181	0.146720	0.182200	0.154948	0.189853	0.163971	0.198211	0.173857	0.207355	0.184682	0.217374	0.196526	0.228364	0.209477	0.240435	0.223631	0.253705	0.239091	0.268305	0.255967	0.284381	0.274382	0.302088	0.294463	0.321599	0.316354
708.378850	0.135285	0.103129	0.139074	0.106945	0.143134	0.111165	0.147493	0.115825	0.152185	0.120963	0.157246	0.126623	0.162720	0.132851	0.168652	0.139697	0.175094	0.147214	0.182105	0.155462	0.189750	0.164505	0.198101	0.174412	0.207237	0.185256	0.217248	0.197120	0.228230	0.210090	0.240293	0.224262	0.253556	0.239739	0.268149	0.256631	0.284218	0.275059	0.301918	0.295153	0.321424	0.317053
708.807560	0.135251	0.103471	0.139034	0.107305	0.143088	0.111543	0.147440	0.116220	0.152126	0.121378	0.157180	0.127057	0.162647	0.133304	0.168572	0.140170	0.175007	0.147708	0.182011	0.155976	0.189648	0.165039	0.197990	0.174966	0.207119	0.185830	0.217122	0.197713	0.228097	0.210703	0.240152	0.224893	0.253407	0.240386	0.267993	0.257294	0.284054	0.275736	0.301748	0.295842	0.321249	0.317752
709.236080	0.135216	0.103812	0.138994	0.107664	0.143042	0.111920	0.147388	0.116616	0.152067	0.121792	0.157115	0.127491	0.162574	0.133758	0.168492	0.140643	0.174920	0.148201	0.181916	0.156490	0.189546	0.165573	0.197880	0.175520	0.207001	0.186403	0.216996	0.198306	0.227963	0.211314	0.240010	0.225522	0.253258	0.241032	0.267837	0.257956	0.283891	0.276411	0.301579	0.296529	0.321073	0.318448
709.664550	0.135182	0.104154	0.138954	0.108023	0.142995	0.112297	0.147336	0.117011	0.152008	0.122207	0.157049	0.127925	0.162502	0.134211	0.168412	0.141116	0.174832	0.148694	0.181821	0.157002	0.189443	0.166106	0.197770	0.176072	0.206883	0.186976	0.216870	0.198897	0.227830	0.211924	0.239869	0.226150	0.253109	0.241677	0.267680	0.258616	0.283728	0.277085	0.301410	0.297214	0.320898	0.319142
710.092900	0.135147	0.104495	0.138913	0.108382	0.142949	0.112674	0.147284	0.117407	0.151949	0.122621	0.156984	0.128358	0.162429	0.134664	0.168333	0.141588	0.174745	0.149187	0.181726	0.157515	0.189341	0.166638	0.197660	0.176624	0.206765	0.187548	0.216745	0.199488	0.227696	0.212534	0.239728	0.226778	0.252961	0.242321	0.267524	0.259276	0.283565	0.277758	0.301240	0.297899	0.320723	0.319836
710.521180	0.135113	0.104837	0.138874	0.108741	0.142903	0.113051	0.147231	0.117803	0.151891	0.123035	0.156918	0.128791	0.162357	0.135116	0.168253	0.142060	0.174658	0.149678	0.181632	0.158026	0.189238	0.167169	0.197551	0.177175	0.206648	0.188118	0.216619	0.200078	0.227562	0.213142	0.239587	0.227403	0.252812	0.242963	0.267368	0.259932	0.283401	0.278429	0.301071	0.298581	0.320547	0.320527
710.949340	0.135078	0.105179	0.138834	0.109100	0.142857	0.113427	0.147179	0.118198	0.151832	0.123449	0.156853	0.129224	0.162285	0.135569	0.168173	0.142532	0.174571	0.150170	0.181537	0.158538	0.189136	0.167700	0.197441	0.177726	0.206530	0.188689	0.216493	0.200667	0.227429	0.213749	0.239446	0.228028	0.252663	0.243605	0.267212	0.260589	0.283238	0.279099	0.300901	0.299262	0.320372	0.321218
711.377380	0.135044	0.105521	0.138794	0.109460	0.142812	0.113804	0.147127	0.118593	0.151773	0.123863	0.156788	0.129657	0.162212	0.136021	0.168094	0.143003	0.174484	0.150660	0.181443	0.159048	0.189034	0.168230	0.197331	0.178276	0.206412	0.189257	0.216367	0.201255	0.227296	0.214355	0.239304	0.228651	0.252514	0.244244	0.267057	0.261244	0.283076	0.279766	0.300732	0.299941	0.320197	0.321906
711.805300	0.135010	0.105862	0.138754	0.109819	0.142766	0.114181	0.147075	0.118988	0.151715	0.124277	0.156723	0.130089	0.162140	0.136472	0.168014	0.143475	0.174398	0.151151	0.181349	0.159559	0.188932	0.168760	0.197221	0.178825	0.206295	0.189825	0.216242	0.201842	0.227163	0.214960	0.239163	0.229274	0.252366	0.244883	0.266901	0.261897	0.282913	0.280433	0.300562	0.300619	0.320022	0.322593
712.233150	0.134977	0.106205	0.138714	0.110178	0.142720	0.114559	0.147023	0.119383	0.151656	0.124690	0.156658	0.130521	0.162068	0.136924	0.167935	0.143945	0.174311	0.151641	0.181255	0.160068	0.188831	0.169289	0.197111	0.179373	0.206177	0.190393	0.216117	0.202428	0.227029	0.215565	0.239022	0.229895	0.252217	0.245521	0.266745	0.262550	0.282750	0.281099	0.300393	0.301296	0.319847	0.323278
712.660890	0.134943	0.106547	0.138675	0.110537	0.142674	0.114936	0.146971	0.119778	0.151598	0.125103	0.156593	0.130953	0.161996	0.137375	0.167856	0.144416	0.174225	0.152131	0.181161	0.160577	0.188729	0.169818	0.197002	0.179921	0.206060	0.190960	0.215992	0.203013	0.226896	0.216168	0.238882	0.230515	0.252069	0.246157	0.266589	0.263200	0.282588	0.281763	0.300224	0.301971	0.319672	0.323961
713.088500	0.134909	0.106889	0.138635	0.110896	0.142629	0.115313	0.146919	0.120173	0.151540	0.125516	0.156528	0.131385	0.161924	0.137825	0.167777	0.144886	0.174138	0.152620	0.181067	0.161086	0.188628	0.170346	0.196892	0.180468	0.205943	0.191526	0.215867	0.203598	0.226763	0.216770	0.238741	0.231135	0.251920	0.246792	0.266434	0.263850	0.282425	0.282426	0.300055	0.302645	0.319497	0.324644
713.516050	0.134875	0.107231	0.138596	0.111256	0.142584	0.115690	0.146868	0.120568	0.151482	0.125930	0.156463	0.131817	0.161852	0.138276	0.167698	0.145356	0.174052	0.153109	0.180973	0.161594	0.188526	0.170873	0.196783	0.181015	0.205826	0.192091	0.215742	0.204181	0.226631	0.217371	0.238601	0.231753	0.251772	0.247426	0.266279	0.264498	0.282263	0.283087	0.299887	0.303317	0.319322	0.325324
713.943480	0.134841	0.107574	0.138557	0.111615	0.142539	0.116066	0.146817	0.120963	0.151424	0.126342	0.156398	0.132249	0.161780	0.138726	0.167619	0.145825	0.173966	0.153597	0.180879	0.162102	0.188424	0.171400	0.196674	0.181561	0.205708	0.192656	0.215618	0.204765	0.226498	0.217972	0.238461	0.232370	0.251625	0.248059	0.266124	0.265146	0.282101	0.283748	0.299718	0.303988	0.319148	0.326003
714.370790	0.134808	0.107916	0.138518	0.111975	0.142494	0.116443	0.146766	0.121357	0.151366	0.126755	0.156333	0.132680	0.161709	0.139176	0.167541	0.146293	0.173880	0.154085	0.180786	0.162609	0.188323	0.171926	0.196565	0.182105	0.205592	0.193219	0.215492	0.205346	0.226365	0.218570	0.238320	0.232986	0.251477	0.248690	0.265968	0.265792	0.281939	0.284405	0.299550	0.304657	0.318974	0.326679
714.798030	0.134775	0.108259	0.138479	0.112334	0.142448	0.116820	0.146714	0.121752	0.151308	0.127168	0.156268	0.133110	0.161638	0.139626	0.167462	0.146762	0.173794	0.154573	0.180692	0.163115	0.188222	0.172452	0.196457	0.182650	0.205475	0.193782	0.215367	0.205927	0.226233	0.219169	0.238179	0.233601	0.251329	0.249321	0.265813	0.266436	0.281777	0.285062	0.299381	0.305324	0.318799	0.327355
715.225100	0.134741	0.108602	0.138440	0.112694	0.142403	0.117197	0.146663	0.122146	0.151251	0.127580	0.156204	0.133541	0.161566	0.140075	0.167383	0.147229	0.173708	0.155059	0.180599	0.163621	0.188121	0.172976	0.196347	0.183193	0.205358	0.194344	0.215242	0.206507	0.226100	0.219766	0.238039	0.234215	0.251181	0.249950	0.265658	0.267079	0.281615	0.285718	0.299212	0.305990	0.318625	0.328028
715.652100	0.134708	0.108944	0.138401	0.113053	0.142359	0.117573	0.146612	0.122540	0.151193	0.127992	0.156140	0.133971	0.161494	0.140523	0.167304	0.147697	0.173622	0.155546	0.180505	0.164126	0.188019	0.173501	0.196238	0.183736	0.205241	0.194905	0.215118	0.207086	0.225968	0.220362	0.237899	0.234827	0.251033	0.250578	0.265503	0.267721	0.281453	0.286372	0.299043	0.306654	0.318450	0.328700
716.079040	0.134675	0.109286	0.138362	0.113413	0.142314	0.117950	0.146561	0.122934	0.151135	0.128404	0.156075	0.134402	0.161423	0.140972	0.167226	0.148164	0.173536	0.156032	0.180412	0.164631	0.187918	0.174025	0.196129	0.184278	0.205124	0.195466	0.214993	0.207664	0.225835	0.220958	0.237759	0.235439	0.250886	0.251205	0.265347	0.268362	0.281291	0.287026	0.298875	0.307317	0.318276	0.329372
716.505800	0.134642	0.109629	0.138323	0.113772	0.142269	0.118326	0.146509	0.123328	0.151078	0.128816	0.156011	0.134831	0.161352	0.141420	0.167147	0.148631	0.173450	0.156517	0.180318	0.165135	0.187818	0.174547	0.196020	0.184819	0.205008	0.196025	0.214869	0.208241	0.225703	0.221552	0.237619	0.236049	0.250738	0.251830	0.265192	0.269001	0.281129	0.287676	0.298707	0.307978	0.318102	0.330041
716.932500	0.134609	0.109972	0.138284	0.114131	0.142224	0.118702	0.146458	0.123722	0.151020	0.129228	0.155947	0.135261	0.161280	0.141868	0.167069	0.149098	0.173365	0.157002	0.180225	0.165639	0.187717	0.175069	0.195911	0.185360	0.204891	0.196585	0.214745	0.208818	0.225571	0.222146	0.237479	0.236659	0.250590	0.252455	0.265038	0.269640	0.280968	0.288327	0.298539	0.308639	0.317928	0.330709
717.359130	0.134576	0.110314	0.138246	0.114490	0.142180	0.119079	0.146407	0.124115	0.150963	0.129639	0.155883	0.135691	0.161209	0.142316	0.166991	0.149564	0.173279	0.157487	0.180132	0.166142	0.187616	0.175591	0.195803	0.185900	0.204775	0.197142	0.214620	0.209393	0.225439	0.222738	0.237339	0.237267	0.250443	0.253078	0.264883	0.270276	0.280806	0.288975	0.298371	0.309297	0.317754	0.331375
717.785580	0.134544	0.110657	0.138207	0.114849	0.142135	0.119455	0.146357	0.124509	0.150906	0.130050	0.155819	0.136120	0.161139	0.142763	0.166912	0.150030	0.173193	0.157971	0.180039	0.166645	0.187515	0.176112	0.195694	0.186440	0.204659	0.197699	0.214496	0.209968	0.225306	0.223330	0.237199	0.237875	0.250296	0.253700	0.264729	0.270912	0.280644	0.289623	0.298202	0.309954	0.317580	0.332039
718.211980	0.134511	0.110999	0.138169	0.115209	0.142091	0.119831	0.146306	0.124902	0.150849	0.130461	0.155755	0.136549	0.161068	0.143210	0.166834	0.150495	0.173108	0.158455	0.179946	0.167147	0.187414	0.176632	0.195586	0.186978	0.204542	0.198255	0.214372	0.210542	0.225174	0.223920	0.237060	0.238481	0.250149	0.254321	0.264574	0.271546	0.280483	0.290268	0.298034	0.310610	0.317407	0.332702
718.638240	0.134478	0.111342	0.138131	0.115568	0.142047	0.120207	0.146255	0.125295	0.150791	0.130872	0.155691	0.136977	0.160997	0.143657	0.166756	0.150960	0.173022	0.158938	0.179853	0.167649	0.187313	0.177152	0.195478	0.187516	0.204426	0.198811	0.214248	0.211114	0.225043	0.224509	0.236920	0.239086	0.250002	0.254940	0.264420	0.272178	0.280321	0.290912	0.297867	0.311263	0.317233	0.333362
719.064450	0.134446	0.111685	0.138092	0.115927	0.142002	0.120583	0.146204	0.125688	0.150734	0.131282	0.155627	0.137406	0.160926	0.144103	0.166678	0.151424	0.172937	0.159421	0.179760	0.168150	0.187213	0.177671	0.195370	0.188053	0.204310	0.199366	0.214124	0.211686	0.224911	0.225098	0.236781	0.239690	0.249855	0.255559	0.264266	0.272810	0.280160	0.291556	0.297699	0.311916	0.317059	0.334022
719.490480	0.134414	0.112028	0.138054	0.116286	0.141958	0.120959	0.146154	0.126081	0.150677	0.131692	0.155563	0.137833	0.160856	0.144549	0.166600	0.151888	0.172852	0.159903	0.179667	0.168649	0.187113	0.178189	0.195261	0.188589	0.204194	0.199919	0.214000	0.212257	0.224779	0.225684	0.236642	0.240292	0.249708	0.256176	0.264111	0.273440	0.279999	0.292197	0.297531	0.312567	0.316885	0.334680
719.916440	0.134381	0.112371	0.138016	0.116645	0.141914	0.121334	0.146104	0.126474	0.150620	0.132103	0.155500	0.138261	0.160785	0.144995	0.166522	0.152352	0.172767	0.160384	0.179574	0.169149	0.187013	0.178707	0.195153	0.189125	0.204078	0.200472	0.213876	0.212827	0.224648	0.226271	0.236502	0.240894	0.249561	0.256792	0.263957	0.274069	0.279838	0.292837	0.297364	0.313217	0.316712	0.335337
720.342350	0.134349	0.112714	0.137979	0.117004	0.141870	0.121710	0.146054	0.126867	0.150563	0.132513	0.155436	0.138689	0.160715	0.145440	0.166445	0.152815	0.172682	0.160866	0.179482	0.169648	0.186913	0.179225	0.195045	0.189660	0.203962	0.201025	0.213753	0.213396	0.224516	0.226856	0.236363	0.241494	0.249414	0.257407	0.263803	0.274697	0.279677	0.293476	0.297196	0.313865	0.316539	0.335992
720.768070	0.134317	0.113056	0.137941	0.117363	0.141826	0.122085	0.146003	0.127259	0.150507	0.132923	0.155373	0.139116	0.160644	0.145885	0.166367	0.153278	0.172596	0.161346	0.179389	0.170147	0.186813	0.179741	0.194938	0.190194	0.203847	0.201576	0.213629	0.213964	0.224385	0.227441	0.236224	0.242094	0.249268	0.258021	0.263649	0.275324	0.279516	0.294114	0.297029	0.314512	0.316365	0.336645
721.193730	0.134285	0.113399	0.137903	0.117722	0.141782	0.122461	0.145953	0.127652	0.150450	0.133332	0.155309	0.139543	0.160574	0.146329	0.166290	0.153740	0.172511	0.161826	0.179297	0.170645	0.186712	0.180257	0.194830	0.190727	0.203731	0.202127	0.213506	0.214532	0.224253	0.228024	0.236085	0.242693	0.249121	0.258633	0.263495	0.275949	0.279355	0.294750	0.296862	0.315157	0.316192	0.337297
721.619260	0.134254	0.113742	0.137865	0.118081	0.141738	0.122836	0.145904	0.128044	0.150394	0.133741	0.155246	0.139969	0.160504	0.146774	0.166212	0.154202	0.172427	0.162306	0.179205	0.171143	0.186612	0.180772	0.194722	0.191260	0.203616	0.202676	0.213382	0.215098	0.224122	0.228606	0.235946	0.243290	0.248974	0.259244	0.263341	0.276573	0.279195	0.295385	0.296695	0.315800	0.316019	0.337947
722.044740	0.134222	0.114084	0.137827	0.118440	0.141694	0.123211	0.145854	0.128436	0.150337	0.134150	0.155182	0.140396	0.160434	0.147218	0.166135	0.154663	0.172342	0.162785	0.179112	0.171640	0.186512	0.181287	0.194615	0.191792	0.203500	0.203226	0.213259	0.215663	0.223991	0.229188	0.235807	0.243887	0.248828	0.259855	0.263188	0.277196	0.279034	0.296019	0.296527	0.316443	0.315846	0.338597
722.470030	0.134190	0.114427	0.137790	0.118798	0.141651	0.123587	0.145804	0.128828	0.150280	0.134559	0.155119	0.140822	0.160363	0.147661	0.166058	0.155125	0.172257	0.163264	0.179020	0.172136	0.186413	0.181801	0.194507	0.192323	0.203385	0.203773	0.213136	0.216228	0.223860	0.229768	0.235668	0.244481	0.248681	0.260463	0.263034	0.277817	0.278873	0.296651	0.296360	0.317083	0.315673	0.339243
722.895260	0.134158	0.114770	0.137752	0.119157	0.141608	0.123962	0.145754	0.129220	0.150224	0.134967	0.155057	0.141247	0.160293	0.148104	0.165981	0.155585	0.172173	0.163742	0.178928	0.172632	0.186313	0.182314	0.194399	0.192853	0.203269	0.204321	0.213012	0.216792	0.223729	0.230347	0.235529	0.245076	0.248535	0.261071	0.262881	0.278437	0.278713	0.297282	0.296193	0.317723	0.315500	0.339889
723.320430	0.134126	0.115112	0.137715	0.119515	0.141564	0.124337	0.145705	0.129611	0.150168	0.135376	0.154994	0.141673	0.160223	0.148547	0.165904	0.156046	0.172089	0.164220	0.178836	0.173127	0.186213	0.182827	0.194292	0.193383	0.203154	0.204867	0.212889	0.217355	0.223599	0.230925	0.235391	0.245668	0.248389	0.261678	0.262727	0.279056	0.278552	0.297911	0.296026	0.318361	0.315327	0.340532
723.745420	0.134095	0.115455	0.137678	0.119874	0.141521	0.124711	0.145655	0.130002	0.150112	0.135784	0.154931	0.142098	0.160154	0.148989	0.165827	0.156506	0.172004	0.164697	0.178745	0.173622	0.186114	0.183338	0.194184	0.193912	0.203039	0.205413	0.212767	0.217916	0.223468	0.231503	0.235253	0.246260	0.248243	0.262283	0.262574	0.279673	0.278392	0.298539	0.295860	0.318998	0.315155	0.341175
724.170350	0.134064	0.115797	0.137641	0.120233	0.141478	0.125086	0.145605	0.130393	0.150057	0.136191	0.154868	0.142523	0.160084	0.149431	0.165750	0.156965	0.171920	0.165174	0.178653	0.174116	0.186014	0.183850	0.194077	0.194440	0.202924	0.205958	0.212644	0.218477	0.223338	0.232079	0.235115	0.246851	0.248098	0.262888	0.262421	0.280289	0.278232	0.299166	0.295693	0.319633	0.314983	0.341816
724.595210	0.134033	0.116140	0.137604	0.120591	0.141435	0.125460	0.145556	0.130784	0.150000	0.136599	0.154806	0.142948	0.160014	0.149873	0.165673	0.157423	0.171836	0.165650	0.178561	0.174609	0.185915	0.184360	0.193970	0.194968	0.202809	0.206502	0.212521	0.219037	0.223207	0.232654	0.234977	0.247441	0.247952	0.263491	0.262268	0.280904	0.278072	0.299791	0.295527	0.320266	0.314810	0.342456
725.019900	0.134002	0.116483	0.137567	0.120949	0.141392	0.125835	0.145507	0.131174	0.149944	0.137006	0.154743	0.143372	0.159945	0.150315	0.165596	0.157881	0.171751	0.166126	0.178470	0.175102	0.185815	0.184871	0.193863	0.195495	0.202695	0.207045	0.212398	0.219596	0.223076	0.233229	0.234839	0.248031	0.247806	0.264093	0.262115	0.281519	0.277912	0.300415	0.295360	0.320899	0.314638	0.343095
725.444520	0.133970	0.116825	0.137530	0.121307	0.141349	0.126209	0.145457	0.131565	0.149888	0.137413	0.154680	0.143796	0.159875	0.150755	0.165520	0.158339	0.171667	0.166601	0.178378	0.175594	0.185716	0.185380	0.193756	0.196020	0.202580	0.207587	0.212276	0.220154	0.222946	0.233802	0.234700	0.248617	0.247661	0.264693	0.261962	0.282130	0.277752	0.301037	0.295194	0.321528	0.314466	0.343730
725.869020	0.133939	0.117167	0.137493	0.121665	0.141306	0.126583	0.145408	0.131955	0.149832	0.137820	0.154617	0.144219	0.159805	0.151195	0.165443	0.158797	0.171583	0.167076	0.178286	0.176086	0.185617	0.185888	0.193649	0.196546	0.202464	0.208129	0.212153	0.220712	0.222815	0.234374	0.234562	0.249204	0.247515	0.265293	0.261808	0.282741	0.277592	0.301658	0.295027	0.322158	0.314293	0.344365
726.293460	0.133908	0.117510	0.137456	0.122023	0.141263	0.126957	0.145359	0.132345	0.149777	0.138227	0.154555	0.144642	0.159736	0.151635	0.165366	0.159254	0.171499	0.167550	0.178195	0.176577	0.185518	0.186396	0.193542	0.197070	0.202350	0.208669	0.212030	0.221268	0.222685	0.234945	0.234424	0.249789	0.247369	0.265891	0.261655	0.283351	0.277432	0.302278	0.294861	0.322785	0.314121	0.344998
726.717710	0.133877	0.117852	0.137419	0.122381	0.141221	0.127330	0.145310	0.132735	0.149721	0.138633	0.154492	0.145065	0.159666	0.152075	0.165289	0.159710	0.171415	0.168023	0.178103	0.177068	0.185419	0.186903	0.193435	0.197594	0.202235	0.209209	0.211908	0.221823	0.222555	0.235516	0.234286	0.250373	0.247224	0.266488	0.261503	0.283960	0.277272	0.302896	0.294695	0.323411	0.313949	0.345630
727.141910	0.133846	0.118194	0.137383	0.122739	0.141178	0.127704	0.145261	0.133124	0.149665	0.139039	0.154430	0.145487	0.159597	0.152514	0.165212	0.160167	0.171331	0.168496	0.178011	0.177558	0.185320	0.187409	0.193328	0.198117	0.202121	0.209748	0.211786	0.222378	0.222424	0.236085	0.234148	0.250957	0.247078	0.267084	0.261350	0.284568	0.277113	0.303513	0.294529	0.324036	0.313777	0.346261
727.566040	0.133815	0.118536	0.137346	0.123096	0.141135	0.128077	0.145212	0.133514	0.149610	0.139444	0.154368	0.145909	0.159528	0.152953	0.165136	0.160622	0.171247	0.168969	0.177920	0.178047	0.185221	0.187915	0.193222	0.198639	0.202006	0.210286	0.211663	0.222931	0.222294	0.236653	0.234010	0.251539	0.246933	0.267679	0.261198	0.285173	0.276953	0.304128	0.294363	0.324660	0.313605	0.346889
727.989990	0.133785	0.118878	0.137310	0.123454	0.141092	0.128450	0.145163	0.133903	0.149554	0.139849	0.154305	0.146331	0.159459	0.153392	0.165060	0.161078	0.171164	0.169441	0.177829	0.178535	0.185122	0.188421	0.193116	0.199161	0.201892	0.210824	0.211541	0.223484	0.222164	0.237221	0.233872	0.252120	0.246787	0.268273	0.261046	0.285779	0.276794	0.304743	0.294197	0.325282	0.313433	0.347517
728.413880	0.133754	0.119220	0.137273	0.123811	0.141050	0.128823	0.145114	0.134292	0.149499	0.140255	0.154244	0.146752	0.159390	0.153830	0.164984	0.161533	0.171080	0.169912	0.177738	0.179023	0.185024	0.188925	0.193009	0.199681	0.201778	0.211360	0.211419	0.224035	0.222034	0.237787	0.233735	0.252699	0.246642	0.268865	0.260893	0.286382	0.276634	0.305356	0.294031	0.325902	0.313261	0.348142
728.837650	0.133724	0.119562	0.137237	0.124168	0.141007	0.129196	0.145066	0.134680	0.149444	0.140660	0.154182	0.147174	0.159320	0.154267	0.164908	0.161987	0.170997	0.170383	0.177647	0.179510	0.184925	0.189429	0.192903	0.200201	0.201664	0.211896	0.211298	0.224586	0.221905	0.238352	0.233598	0.253278	0.246498	0.269456	0.260740	0.286984	0.276475	0.305968	0.293865	0.326522	0.313090	0.348767
729.261350	0.133693	0.119904	0.137201	0.124525	0.140965	0.129569	0.145017	0.135069	0.149389	0.141064	0.154120	0.147595	0.159252	0.154704	0.164832	0.162441	0.170914	0.170853	0.177556	0.179997	0.184826	0.189932	0.192797	0.200720	0.201550	0.212431	0.211176	0.225136	0.221775	0.238917	0.233460	0.253856	0.246353	0.270046	0.260588	0.287585	0.276316	0.306579	0.293700	0.327139	0.312918	0.349389
729.684880	0.133663	0.120246	0.137165	0.124882	0.140923	0.129941	0.144968	0.135457	0.149334	0.141468	0.154058	0.148015	0.159183	0.155141	0.164756	0.162894	0.170830	0.171323	0.177465	0.180483	0.184728	0.190434	0.192691	0.201238	0.201436	0.212965	0.211054	0.225685	0.221646	0.239480	0.233323	0.254432	0.246208	0.270635	0.260436	0.288185	0.276157	0.307188	0.293534	0.327756	0.312747	0.350011
730.108340	0.133632	0.120587	0.137129	0.125239	0.140881	0.130313	0.144920	0.135845	0.149279	0.141872	0.153996	0.148435	0.159114	0.155578	0.164680	0.163347	0.170747	0.171792	0.177375	0.180969	0.184630	0.190936	0.192585	0.201756	0.201322	0.213498	0.210932	0.226233	0.221517	0.240042	0.233186	0.255008	0.246063	0.271223	0.260284	0.288784	0.275998	0.307796	0.293369	0.328371	0.312575	0.350631
730.531740	0.133602	0.120929	0.137093	0.125596	0.140839	0.130685	0.144871	0.136233	0.149224	0.142276	0.153934	0.148855	0.159046	0.156014	0.164604	0.163799	0.170664	0.172261	0.177284	0.181454	0.184531	0.191437	0.192479	0.202273	0.201208	0.214030	0.210810	0.226780	0.221387	0.240603	0.233049	0.255582	0.245919	0.271809	0.260132	0.289381	0.275840	0.308402	0.293203	0.328984	0.312404	0.351249
730.954960	0.133572	0.121271	0.137057	0.125952	0.140797	0.131057	0.144823	0.136621	0.149169	0.142680	0.153873	0.149275	0.158977	0.156450	0.164528	0.164251	0.170581	0.172729	0.177194	0.181938	0.184432	0.191938	0.192372	0.202789	0.201094	0.214561	0.210689	0.227327	0.221258	0.241163	0.232912	0.256156	0.245774	0.272395	0.259980	0.289977	0.275681	0.309008	0.293038	0.329597	0.312232	0.351866
731.378110	0.133542	0.121612	0.137021	0.126308	0.140755	0.131429	0.144775	0.137008	0.149114	0.143083	0.153811	0.149694	0.158909	0.156885	0.164452	0.164702	0.170498	0.173196	0.177103	0.182422	0.184334	0.192437	0.192266	0.203304	0.200980	0.215091	0.210567	0.227872	0.221128	0.241722	0.232774	0.256728	0.245630	0.272978	0.259829	0.290571	0.275522	0.309610	0.292873	0.330207	0.312061	0.352481
731.801210	0.133512	0.121954	0.136985	0.126665	0.140713	0.131800	0.144727	0.137395	0.149060	0.143486	0.153750	0.150112	0.158840	0.157320	0.164377	0.165153	0.170415	0.173664	0.177013	0.182905	0.184236	0.192936	0.192161	0.203819	0.200866	0.215621	0.210446	0.228416	0.220999	0.242281	0.232637	0.257299	0.245485	0.273562	0.259677	0.291165	0.275363	0.310213	0.292708	0.330817	0.311890	0.353095
732.224120	0.133482	0.122295	0.136949	0.127021	0.140671	0.132172	0.144679	0.137782	0.149005	0.143888	0.153689	0.150531	0.158772	0.157754	0.164301	0.165603	0.170332	0.174130	0.176922	0.183387	0.184138	0.193435	0.192055	0.204333	0.200753	0.216150	0.210325	0.228960	0.220870	0.242838	0.232501	0.257869	0.245341	0.274144	0.259526	0.291757	0.275204	0.310814	0.292543	0.331424	0.311719	0.353708
732.646970	0.133453	0.122636	0.136914	0.127377	0.140630	0.132543	0.144631	0.138168	0.148951	0.144290	0.153627	0.150949	0.158703	0.158188	0.164226	0.166053	0.170249	0.174596	0.176832	0.183870	0.184041	0.193932	0.191949	0.204846	0.200640	0.216678	0.210204	0.229502	0.220741	0.243394	0.232364	0.258438	0.245196	0.274724	0.259374	0.292348	0.275046	0.311413	0.292378	0.332031	0.311549	0.354318
733.069700	0.133423	0.122977	0.136878	0.127734	0.140588	0.132914	0.144583	0.138555	0.148896	0.144692	0.153566	0.151367	0.158635	0.158621	0.164151	0.166503	0.170166	0.175062	0.176742	0.184351	0.183943	0.194429	0.191844	0.205358	0.200526	0.217206	0.210083	0.230044	0.220613	0.243949	0.232228	0.259006	0.245052	0.275304	0.259223	0.292938	0.274888	0.312012	0.292213	0.332636	0.311378	0.354928
733.492310	0.133394	0.123318	0.136843	0.128089	0.140547	0.133285	0.144535	0.138941	0.148842	0.145094	0.153505	0.151784	0.158567	0.159055	0.164075	0.166952	0.170084	0.175527	0.176652	0.184831	0.183845	0.194925	0.191738	0.205870	0.200414	0.217732	0.209962	0.230584	0.220484	0.244503	0.232091	0.259573	0.244909	0.275882	0.259072	0.293526	0.274730	0.312609	0.292048	0.333240	0.311208	0.355535
733.914860	0.133364	0.123659	0.136807	0.128444	0.140505	0.133655	0.144488	0.139327	0.148788	0.145495	0.153444	0.152201	0.158499	0.159488	0.164000	0.167401	0.170002	0.175991	0.176562	0.185311	0.183748	0.195421	0.191633	0.206381	0.200301	0.218258	0.209841	0.231124	0.220355	0.245057	0.231955	0.260139	0.244765	0.276460	0.258920	0.294114	0.274572	0.313205	0.291884	0.333843	0.311037	0.356143
734.337280	0.133334	0.124000	0.136772	0.128800	0.140464	0.134026	0.144440	0.139713	0.148733	0.145896	0.153383	0.152617	0.158431	0.159920	0.163925	0.167849	0.169919	0.176455	0.176472	0.185790	0.183650	0.195916	0.191528	0.206890	0.200188	0.218782	0.209720	0.231663	0.220226	0.245609	0.231819	0.260703	0.244621	0.277035	0.258769	0.294700	0.274414	0.313799	0.291719	0.334443	0.310867	0.356747
734.759580	0.133305	0.124341	0.136736	0.129155	0.140423	0.134396	0.144392	0.140098	0.148679	0.146297	0.153322	0.153033	0.158363	0.160351	0.163850	0.168296	0.169837	0.176917	0.176382	0.186269	0.183553	0.196410	0.191423	0.207399	0.200074	0.219306	0.209599	0.232201	0.220098	0.246160	0.231683	0.261267	0.244478	0.277611	0.258618	0.295285	0.274256	0.314392	0.291555	0.335042	0.310696	0.357351
735.181820	0.133275	0.124682	0.136701	0.129510	0.140381	0.134766	0.144345	0.140483	0.148625	0.146697	0.153261	0.153449	0.158295	0.160783	0.163775	0.168743	0.169755	0.177380	0.176292	0.186748	0.183455	0.196903	0.191318	0.207908	0.199962	0.219829	0.209478	0.232738	0.219970	0.246711	0.231547	0.261830	0.244334	0.278185	0.258467	0.295869	0.274098	0.314984	0.291390	0.335640	0.310526	0.357954
735.603940	0.133246	0.125022	0.136666	0.129866	0.140340	0.135136	0.144297	0.140868	0.148571	0.147098	0.153201	0.153865	0.158228	0.161214	0.163701	0.169190	0.169673	0.177842	0.176203	0.187225	0.183358	0.197396	0.191213	0.208416	0.199849	0.220351	0.209358	0.233274	0.219841	0.247260	0.231411	0.262391	0.244191	0.278757	0.258317	0.296451	0.273941	0.315575	0.291226	0.336237	0.310356	0.358554
736.025940	0.133217	0.125362	0.136632	0.130221	0.140299	0.135506	0.144250	0.141253	0.148518	0.147498	0.153140	0.154280	0.158161	0.161644	0.163626	0.169636	0.169591	0.178304	0.176114	0.187702	0.183261	0.197888	0.191109	0.208923	0.199737	0.220873	0.209238	0.233810	0.219713	0.247809	0.231276	0.262952	0.244047	0.279329	0.258167	0.297033	0.273783	0.316165	0.291062	0.336833	0.310187	0.359155
736.447810	0.133188	0.125702	0.136597	0.130575	0.140258	0.135875	0.144202	0.141637	0.148464	0.147897	0.153080	0.154695	0.158093	0.162074	0.163551	0.170081	0.169509	0.178765	0.176024	0.188178	0.183164	0.198379	0.191003	0.209429	0.199624	0.221393	0.209117	0.234343	0.219585	0.248355	0.231140	0.263511	0.243904	0.279899	0.258016	0.297612	0.273626	0.316752	0.290898	0.337427	0.310017	0.359752
736.869630	0.133159	0.126043	0.136562	0.130929	0.140217	0.136244	0.144155	0.142020	0.148410	0.148296	0.153019	0.155109	0.158025	0.162504	0.163476	0.170526	0.169426	0.179226	0.175935	0.188654	0.183067	0.198870	0.190898	0.209935	0.199512	0.221913	0.208997	0.234877	0.219458	0.248902	0.231004	0.264070	0.243760	0.280469	0.257866	0.298191	0.273468	0.317340	0.290735	0.338020	0.309847	0.360349
737.291320	0.133130	0.126383	0.136527	0.131284	0.140176	0.136613	0.144108	0.142404	0.148356	0.148694	0.152958	0.155523	0.157958	0.162933	0.163402	0.170971	0.169344	0.179685	0.175845	0.189129	0.182970	0.199360	0.190794	0.210439	0.199399	0.222432	0.208877	0.235409	0.219329	0.249447	0.230868	0.264627	0.243617	0.281037	0.257715	0.298768	0.273310	0.317924	0.290571	0.338611	0.309677	0.360943
737.712950	0.133102	0.126723	0.136493	0.131638	0.140136	0.136982	0.144061	0.142788	0.148302	0.149093	0.152898	0.155936	0.157891	0.163362	0.163328	0.171415	0.169263	0.180144	0.175756	0.189604	0.182873	0.199849	0.190689	0.210943	0.199287	0.222950	0.208757	0.235941	0.219201	0.249991	0.230732	0.265183	0.243474	0.281603	0.257564	0.299345	0.273153	0.318508	0.290407	0.339200	0.309507	0.361537
738.134400	0.133073	0.127062	0.136458	0.131992	0.140095	0.137350	0.144014	0.143171	0.148249	0.149491	0.152838	0.156350	0.157823	0.163791	0.163253	0.171859	0.169181	0.180603	0.175667	0.190078	0.182776	0.200338	0.190585	0.211446	0.199174	0.223467	0.208637	0.236472	0.219073	0.250535	0.230597	0.265739	0.243331	0.282169	0.257414	0.299920	0.272996	0.319091	0.290243	0.339789	0.309337	0.362129
738.555790	0.133044	0.127402	0.136423	0.132346	0.140055	0.137718	0.143967	0.143554	0.148195	0.149889	0.152778	0.156763	0.157756	0.164219	0.163179	0.172302	0.169099	0.181061	0.175578	0.190551	0.182680	0.200826	0.190481	0.211948	0.199062	0.223983	0.208517	0.237001	0.218946	0.251077	0.230462	0.266292	0.243189	0.282733	0.257264	0.300493	0.272839	0.319672	0.290079	0.340376	0.309168	0.362719
738.977050	0.133016	0.127742	0.136389	0.132700	0.140014	0.138086	0.143921	0.143936	0.148142	0.150286	0.152717	0.157176	0.157689	0.164647	0.163105	0.172745	0.169017	0.181519	0.175489	0.191023	0.182583	0.201313	0.190377	0.212450	0.198950	0.224499	0.208398	0.237530	0.218819	0.251618	0.230326	0.266846	0.243046	0.283297	0.257114	0.301067	0.272683	0.320253	0.289916	0.340963	0.308998	0.363309
739.398250	0.132987	0.128081	0.136354	0.133053	0.139973	0.138454	0.143873	0.144319	0.148088	0.150683	0.152657	0.157587	0.157622	0.165073	0.163031	0.173186	0.168936	0.181976	0.175400	0.191495	0.182487	0.201800	0.190272	0.212950	0.198838	0.225013	0.208277	0.238058	0.218691	0.252159	0.230191	0.267397	0.242903	0.283859	0.256964	0.301638	0.272525	0.320831	0.289752	0.341547	0.308829	0.363896
739.819340	0.132958	0.128420	0.136320	0.133406	0.139933	0.138821	0.143826	0.144701	0.148035	0.151080	0.152597	0.157998	0.157555	0.165500	0.162956	0.173628	0.168855	0.182432	0.175310	0.191966	0.182390	0.202286	0.190168	0.213450	0.198727	0.225527	0.208157	0.238585	0.218564	0.252698	0.230056	0.267949	0.242761	0.284421	0.256814	0.302208	0.272368	0.321409	0.289589	0.342130	0.308660	0.364483
740.240300	0.132930	0.128758	0.136286	0.133759	0.139892	0.139189	0.143780	0.145083	0.147982	0.151476	0.152537	0.158410	0.157488	0.165926	0.162882	0.174069	0.168774	0.182888	0.175222	0.192436	0.182294	0.202770	0.190064	0.213950	0.198615	0.226039	0.208038	0.239111	0.218436	0.253237	0.229921	0.268498	0.242619	0.284981	0.256665	0.302777	0.272212	0.321985	0.289426	0.342711	0.308491	0.365068
740.661130	0.132902	0.129097	0.136251	0.134112	0.139852	0.139556	0.143733	0.145464	0.147929	0.151873	0.152477	0.158821	0.157422	0.166351	0.162808	0.174509	0.168692	0.183343	0.175133	0.192906	0.182198	0.203254	0.189960	0.214448	0.198503	0.226552	0.207919	0.239635	0.218309	0.253774	0.229786	0.269046	0.242476	0.285540	0.256515	0.303345	0.272055	0.322561	0.289263	0.343292	0.308322	0.365651
741.081910	0.132874	0.129436	0.136217	0.134465	0.139812	0.139923	0.143687	0.145845	0.147876	0.152269	0.152417	0.159232	0.157355	0.166777	0.162735	0.174950	0.168611	0.183798	0.175045	0.193376	0.182101	0.203738	0.189856	0.214946	0.198391	0.227063	0.207800	0.240160	0.218182	0.254310	0.229652	0.269594	0.242333	0.286098	0.256366	0.303912	0.271899	0.323135	0.289100	0.343871	0.308153	0.366234
741.502560	0.132845	0.129775	0.136183	0.134817	0.139772	0.140290	0.143640	0.146226	0.147823	0.152664	0.152358	0.159641	0.157288	0.167201	0.162661	0.175389	0.168530	0.184252	0.174956	0.193844	0.182005	0.204220	0.189752	0.215442	0.198280	0.227573	0.207680	0.240683	0.218055	0.254845	0.229517	0.270140	0.242191	0.286654	0.256216	0.304477	0.271742	0.323707	0.288937	0.344449	0.307984	0.366814
741.923100	0.132817	0.130113	0.136149	0.135169	0.139731	0.140656	0.143594	0.146606	0.147770	0.153059	0.152298	0.160051	0.157221	0.167625	0.162587	0.175828	0.168449	0.184706	0.174867	0.194312	0.181909	0.204703	0.189648	0.215938	0.198168	0.228083	0.207561	0.241205	0.217927	0.255380	0.229383	0.270686	0.242049	0.287210	0.256066	0.305042	0.271586	0.324278	0.288774	0.345025	0.307815	0.367394
742.343570	0.132789	0.130451	0.136116	0.135521	0.139691	0.141022	0.143547	0.146987	0.147717	0.153453	0.152239	0.160460	0.157155	0.168049	0.162513	0.176266	0.168368	0.185159	0.174779	0.194779	0.181813	0.205184	0.189544	0.216433	0.198057	0.228591	0.207442	0.241726	0.217801	0.255913	0.229248	0.271230	0.241907	0.287764	0.255917	0.305604	0.271429	0.324848	0.288611	0.345600	0.307646	0.367972
742.763850	0.132761	0.130789	0.136082	0.135872	0.139651	0.141388	0.143501	0.147367	0.147665	0.153847	0.152179	0.160869	0.157088	0.168472	0.162439	0.176704	0.168287	0.185611	0.174691	0.195246	0.181717	0.205665	0.189441	0.216928	0.197946	0.229099	0.207323	0.242247	0.217674	0.256446	0.229114	0.271774	0.241765	0.288317	0.255768	0.306166	0.271273	0.325417	0.288448	0.346174	0.307478	0.368549
743.184140	0.132733	0.131127	0.136048	0.136224	0.139612	0.141753	0.143455	0.147746	0.147612	0.154242	0.152120	0.161278	0.157022	0.168895	0.162366	0.177141	0.168206	0.186063	0.174602	0.195712	0.181621	0.206145	0.189338	0.217422	0.197834	0.229606	0.207204	0.242766	0.217548	0.256977	0.228979	0.272316	0.241623	0.288869	0.255619	0.306727	0.271117	0.325985	0.288286	0.346747	0.307309	0.369124
743.604250	0.132705	0.131465	0.136015	0.136576	0.139572	0.142118	0.143409	0.148126	0.147559	0.154635	0.152060	0.161686	0.156956	0.169318	0.162293	0.177578	0.168126	0.186514	0.174514	0.196178	0.181526	0.206624	0.189234	0.217915	0.197723	0.230112	0.207085	0.243285	0.217421	0.257508	0.228845	0.272857	0.241481	0.289420	0.255469	0.307286	0.270961	0.326551	0.288124	0.347318	0.307141	0.369698
744.024290	0.132677	0.131803	0.135981	0.136927	0.139533	0.142483	0.143363	0.148505	0.147507	0.155029	0.152001	0.162094	0.156889	0.169740	0.162220	0.178014	0.168045	0.186965	0.174426	0.196643	0.181430	0.207104	0.189131	0.218407	0.197613	0.230618	0.206966	0.243804	0.217295	0.258038	0.228710	0.273398	0.241340	0.289971	0.255320	0.307845	0.270805	0.327117	0.287962	0.347888	0.306972	0.370271
744.444210	0.132650	0.132140	0.135947	0.137278	0.139493	0.142848	0.143317	0.148884	0.147454	0.155421	0.151941	0.162500	0.156823	0.170162	0.162146	0.178450	0.167964	0.187415	0.174338	0.197106	0.181335	0.207581	0.189028	0.218898	0.197501	0.231122	0.206847	0.244320	0.217168	0.258565	0.228576	0.273937	0.241198	0.290519	0.255172	0.308401	0.270649	0.327679	0.287799	0.348456	0.306804	0.370841
744.864010	0.132622	0.132477	0.135914	0.137628	0.139453	0.143212	0.143271	0.149262	0.147401	0.155814	0.151882	0.162907	0.156756	0.170583	0.162073	0.178885	0.167883	0.187864	0.174250	0.197570	0.181239	0.208058	0.188924	0.219389	0.197390	0.231626	0.206728	0.244836	0.217041	0.259093	0.228442	0.274476	0.241057	0.291067	0.255023	0.308957	0.270493	0.328242	0.287637	0.349023	0.306636	0.371411
745.283750	0.132595	0.132814	0.135880	0.137979	0.139413	0.143576	0.143225	0.149640	0.147349	0.156206	0.151823	0.163313	0.156690	0.171003	0.162000	0.179320	0.167803	0.188313	0.174162	0.198032	0.181144	0.208535	0.188821	0.219879	0.197279	0.232128	0.206610	0.245351	0.216915	0.259619	0.228308	0.275012	0.240915	0.291614	0.254875	0.309511	0.270338	0.328803	0.287474	0.349589	0.306467	0.371979
745.703370	0.132567	0.133151	0.135847	0.138329	0.139374	0.143941	0.143179	0.150018	0.147297	0.156598	0.151765	0.163719	0.156625	0.171423	0.161927	0.179754	0.167723	0.188761	0.174074	0.198494	0.181048	0.209011	0.188719	0.220368	0.197169	0.232630	0.206492	0.245865	0.216789	0.260145	0.228175	0.275548	0.240774	0.292159	0.254726	0.310065	0.270183	0.329362	0.287312	0.350153	0.306300	0.372546
746.122860	0.132540	0.133488	0.135813	0.138679	0.139335	0.144305	0.143134	0.150396	0.147245	0.156990	0.151706	0.164125	0.156559	0.171843	0.161854	0.180188	0.167643	0.189209	0.173986	0.198956	0.180953	0.209486	0.188616	0.220857	0.197059	0.233131	0.206373	0.246378	0.216663	0.260669	0.228041	0.276083	0.240633	0.292703	0.254578	0.310617	0.270028	0.329921	0.287151	0.350717	0.306132	0.373112
746.542240	0.132513	0.133824	0.135780	0.139029	0.139296	0.144668	0.143088	0.150773	0.147193	0.157380	0.151647	0.164530	0.156493	0.172262	0.161781	0.180621	0.167563	0.189656	0.173899	0.199417	0.180858	0.209960	0.188513	0.221344	0.196948	0.233631	0.206255	0.246890	0.216537	0.261193	0.227908	0.276617	0.240492	0.293246	0.254430	0.311169	0.269872	0.330479	0.286989	0.351278	0.305965	0.373676
746.961550	0.132485	0.134160	0.135747	0.139379	0.139257	0.145032	0.143043	0.151150	0.147141	0.157771	0.151588	0.164935	0.156428	0.172681	0.161709	0.181054	0.167483	0.190103	0.173812	0.199878	0.180763	0.210435	0.188410	0.221831	0.196838	0.234131	0.206137	0.247402	0.216412	0.261716	0.227774	0.277151	0.240352	0.293789	0.254282	0.311719	0.269717	0.331036	0.286828	0.351840	0.305797	0.374239
747.380740	0.132458	0.134496	0.135714	0.139728	0.139218	0.145394	0.142997	0.151527	0.147089	0.158161	0.151530	0.165339	0.156362	0.173099	0.161636	0.181486	0.167403	0.190548	0.173724	0.200337	0.180668	0.210907	0.188308	0.222317	0.196727	0.234629	0.206019	0.247912	0.216286	0.262237	0.227641	0.277682	0.240211	0.294329	0.254133	0.312267	0.269562	0.331590	0.286666	0.352398	0.305630	0.374800
747.799870	0.132431	0.134832	0.135681	0.140077	0.139179	0.145757	0.142952	0.151902	0.147037	0.158552	0.151471	0.165742	0.156296	0.173516	0.161563	0.181918	0.167322	0.190993	0.173637	0.200796	0.180572	0.211379	0.188205	0.222802	0.196617	0.235127	0.205901	0.248422	0.216160	0.262758	0.227508	0.278213	0.240069	0.294869	0.253985	0.312815	0.269407	0.332144	0.286504	0.352956	0.305462	0.375360
748.218810	0.132404	0.135168	0.135648	0.140426	0.139140	0.146119	0.142906	0.152278	0.146985	0.158941	0.151412	0.166145	0.156231	0.173933	0.161490	0.182349	0.167242	0.191438	0.173549	0.201254	0.180478	0.211851	0.188103	0.223287	0.196506	0.235624	0.205783	0.248930	0.216034	0.263278	0.227374	0.278743	0.239929	0.295408	0.253837	0.313361	0.269252	0.332696	0.286343	0.353513	0.305295	0.375919
748.637700	0.132377	0.135504	0.135615	0.140775	0.139101	0.146481	0.142861	0.152654	0.146933	0.159330	0.151354	0.166548	0.156166	0.174350	0.161418	0.182779	0.167163	0.191882	0.173462	0.201711	0.180383	0.212322	0.188000	0.223770	0.196396	0.236120	0.205665	0.249438	0.215909	0.263796	0.227241	0.279272	0.239788	0.295946	0.253689	0.313906	0.269098	0.333247	0.286181	0.354069	0.305128	0.376477
749.056520	0.132349	0.135839	0.135583	0.141124	0.139062	0.146843	0.142816	0.153030	0.146881	0.159719	0.151295	0.166951	0.156100	0.174766	0.161345	0.183209	0.167083	0.192326	0.173375	0.202169	0.180288	0.212792	0.187898	0.224253	0.196286	0.236616	0.205547	0.249945	0.215783	0.264315	0.227108	0.279800	0.239648	0.296483	0.253541	0.314451	0.268943	0.333798	0.286020	0.354624	0.304960	0.377034
749.475160	0.132323	0.136175	0.135550	0.141472	0.139023	0.147205	0.142771	0.153404	0.146830	0.160108	0.151237	0.167354	0.156035	0.175182	0.161273	0.183638	0.167004	0.192769	0.173289	0.202625	0.180194	0.213261	0.187796	0.224735	0.196177	0.237110	0.205430	0.250451	0.215658	0.264831	0.226975	0.280326	0.239508	0.297018	0.253394	0.314993	0.268789	0.334346	0.285860	0.355176	0.304793	0.377588
749.893740	0.132297	0.136510	0.135517	0.141821	0.138984	0.147566	0.142726	0.153779	0.146779	0.160496	0.151179	0.167756	0.155970	0.175597	0.161200	0.184067	0.166924	0.193212	0.173202	0.203081	0.180100	0.213730	0.187694	0.225217	0.196067	0.237604	0.205313	0.250957	0.215533	0.265347	0.226843	0.280852	0.239368	0.297552	0.253246	0.315535	0.268634	0.334894	0.285699	0.355728	0.304626	0.378141
750.312190	0.132270	0.136845	0.135485	0.142168	0.138945	0.147927	0.142682	0.154153	0.146728	0.160884	0.151121	0.168157	0.155905	0.176012	0.161128	0.184495	0.166845	0.193653	0.173115	0.203536	0.180006	0.214198	0.187592	0.225697	0.195958	0.238096	0.205196	0.251461	0.215408	0.265862	0.226710	0.281377	0.239227	0.298085	0.253099	0.316076	0.268480	0.335440	0.285538	0.356278	0.304460	0.378693
750.730590	0.132243	0.137179	0.135453	0.142516	0.138907	0.148288	0.142637	0.154527	0.146676	0.161272	0.151062	0.168558	0.155840	0.176427	0.161056	0.184923	0.166766	0.194095	0.173029	0.203990	0.179912	0.214665	0.187490	0.226177	0.195848	0.238587	0.205078	0.251964	0.215283	0.266376	0.226577	0.281900	0.239087	0.298618	0.252952	0.316615	0.268325	0.335986	0.285377	0.356827	0.304293	0.379244
751.148800	0.132217	0.137514	0.135421	0.142864	0.138868	0.148648	0.142592	0.154901	0.146625	0.161658	0.151004	0.168958	0.155775	0.176841	0.160984	0.185351	0.166687	0.194536	0.172942	0.204444	0.179818	0.215132	0.187389	0.226656	0.195739	0.239078	0.204961	0.252466	0.215159	0.266889	0.226445	0.282423	0.238947	0.299149	0.252805	0.317154	0.268171	0.336530	0.285217	0.357374	0.304127	0.379794
751.566960	0.132190	0.137848	0.135388	0.143211	0.138830	0.149008	0.142547	0.155274	0.146574	0.162045	0.150947	0.169358	0.155710	0.177254	0.160912	0.185777	0.166607	0.194975	0.172856	0.204897	0.179723	0.215598	0.187287	0.227134	0.195629	0.239568	0.204844	0.252967	0.215034	0.267400	0.226313	0.282944	0.238808	0.299679	0.252658	0.317691	0.268017	0.337072	0.285056	0.357920	0.303960	0.380342
751.985050	0.132164	0.138182	0.135356	0.143558	0.138792	0.149368	0.142503	0.155648	0.146523	0.162431	0.150889	0.169758	0.155645	0.177667	0.160841	0.186204	0.166528	0.195415	0.172769	0.205350	0.179629	0.216063	0.187185	0.227612	0.195520	0.240058	0.204727	0.253468	0.214909	0.267912	0.226181	0.283465	0.238668	0.300208	0.252511	0.318228	0.267864	0.337615	0.284896	0.358466	0.303794	0.380889
752.402950	0.132138	0.138516	0.135324	0.143904	0.138754	0.149728	0.142458	0.156020	0.146471	0.162817	0.150831	0.170156	0.155581	0.178079	0.160769	0.186629	0.166449	0.195854	0.172683	0.205801	0.179535	0.216527	0.187083	0.228088	0.195411	0.240546	0.204610	0.253967	0.214785	0.268421	0.226048	0.283984	0.238528	0.300736	0.252364	0.318762	0.267710	0.338154	0.284735	0.359010	0.303628	0.381434
752.820800	0.132111	0.138849	0.135292	0.144250	0.138715	0.150087	0.142413	0.156392	0.146420	0.163203	0.150774	0.170555	0.155516	0.178491	0.160697	0.187055	0.166370	0.196292	0.172596	0.206252	0.179441	0.216991	0.186982	0.228564	0.195302	0.241034	0.204493	0.254466	0.214660	0.268931	0.225916	0.284503	0.238389	0.301263	0.252217	0.319296	0.267556	0.338694	0.284575	0.359553	0.303461	0.381979
753.238530	0.132085	0.139182	0.135260	0.144596	0.138677	0.150446	0.142369	0.156764	0.146369	0.163588	0.150716	0.170953	0.155451	0.178903	0.160625	0.187479	0.166291	0.196730	0.172510	0.206703	0.179347	0.217454	0.186880	0.229039	0.195193	0.241521	0.204376	0.254964	0.214535	0.269439	0.225784	0.285020	0.238249	0.301788	0.252070	0.319828	0.267402	0.339231	0.284415	0.360094	0.303295	0.382521
753.656190	0.132059	0.139516	0.135227	0.144942	0.138639	0.150804	0.142324	0.157136	0.146318	0.163972	0.150658	0.171351	0.155387	0.179314	0.160554	0.187903	0.166212	0.197166	0.172423	0.207153	0.179253	0.217916	0.186779	0.229513	0.195084	0.242007	0.204259	0.255461	0.214410	0.269946	0.225652	0.285536	0.238109	0.302313	0.251924	0.320360	0.267249	0.339768	0.284255	0.360634	0.303129	0.383062
754.073730	0.132032	0.139849	0.135195	0.145287	0.138601	0.151162	0.142280	0.157507	0.146267	0.164357	0.150600	0.171749	0.155323	0.179724	0.160482	0.188327	0.166133	0.197603	0.172337	0.207602	0.179160	0.218377	0.186678	0.229987	0.194975	0.242492	0.204143	0.255957	0.214286	0.270452	0.225520	0.286052	0.237969	0.302836	0.251777	0.320890	0.267095	0.340303	0.284095	0.361174	0.302963	0.383603
754.491150	0.132007	0.140181	0.135164	0.145633	0.138563	0.151520	0.142236	0.157878	0.146217	0.164740	0.150543	0.172146	0.155258	0.180134	0.160411	0.188750	0.166055	0.198038	0.172251	0.208050	0.179066	0.218838	0.186577	0.230460	0.194866	0.242976	0.204026	0.256452	0.214162	0.270957	0.225388	0.286566	0.237830	0.303358	0.251631	0.321419	0.266942	0.340837	0.283935	0.361711	0.302797	0.384142
754.908450	0.131981	0.140514	0.135132	0.145978	0.138525	0.151878	0.142192	0.158249	0.146166	0.165124	0.150486	0.172542	0.155194	0.180544	0.160340	0.189172	0.165976	0.198474	0.172165	0.208498	0.178973	0.219299	0.186476	0.230932	0.194757	0.243460	0.203910	0.256947	0.214038	0.271462	0.225257	0.287080	0.237691	0.303880	0.251484	0.321947	0.266789	0.341371	0.283775	0.362248	0.302631	0.384680
755.325680	0.131955	0.140846	0.135100	0.146323	0.138487	0.152236	0.142147	0.158619	0.146115	0.165507	0.150428	0.172938	0.155130	0.180953	0.160268	0.189594	0.165898	0.198908	0.172079	0.208945	0.178880	0.219758	0.186375	0.231403	0.194648	0.243942	0.203794	0.257440	0.213914	0.271965	0.225125	0.287592	0.237553	0.304400	0.251338	0.322473	0.266635	0.341902	0.283616	0.362783	0.302466	0.385216
755.742800	0.131929	0.141178	0.135068	0.146668	0.138449	0.152593	0.142103	0.158989	0.146064	0.165890	0.150371	0.173334	0.155066	0.181361	0.160197	0.190015	0.165819	0.199342	0.171993	0.209392	0.178787	0.220216	0.186274	0.231874	0.194540	0.244424	0.203678	0.257932	0.213790	0.272467	0.224993	0.288104	0.237414	0.304919	0.251192	0.322999	0.266482	0.342433	0.283456	0.363317	0.302301	0.385751
756.159790	0.131903	0.141510	0.135036	0.147012	0.138412	0.152950	0.142059	0.159358	0.146014	0.166272	0.150314	0.173729	0.155001	0.181769	0.160126	0.190436	0.165741	0.199776	0.171907	0.209837	0.178693	0.220674	0.186173	0.232344	0.194431	0.244905	0.203561	0.258424	0.213667	0.272969	0.224862	0.288614	0.237275	0.305437	0.251046	0.323524	0.266329	0.342962	0.283297	0.363850	0.302136	0.386285
756.576720	0.131877	0.141842	0.135005	0.147355	0.138374	0.153306	0.142015	0.159727	0.145963	0.166654	0.150256	0.174124	0.154937	0.182176	0.160054	0.190856	0.165663	0.200208	0.171822	0.210282	0.178600	0.221132	0.186072	0.232812	0.194323	0.245385	0.203445	0.258914	0.213543	0.273469	0.224730	0.289123	0.237136	0.305954	0.250900	0.324047	0.266176	0.343491	0.283137	0.364381	0.301970	0.386817
756.993470	0.131851	0.142174	0.134973	0.147699	0.138337	0.153662	0.141972	0.160096	0.145913	0.167035	0.150199	0.174518	0.154873	0.182584	0.159983	0.191275	0.165584	0.200640	0.171736	0.210727	0.178506	0.221589	0.185972	0.233281	0.194215	0.245864	0.203329	0.259404	0.213419	0.273969	0.224599	0.289631	0.236997	0.306471	0.250753	0.324570	0.266023	0.344019	0.282978	0.364912	0.301805	0.387349
757.410220	0.131826	0.142505	0.134942	0.148042	0.138299	0.154018	0.141928	0.160465	0.145863	0.167416	0.150142	0.174911	0.154809	0.182990	0.159912	0.191694	0.165506	0.201072	0.171651	0.211170	0.178414	0.222044	0.185871	0.233748	0.194106	0.246343	0.203213	0.259893	0.213296	0.274467	0.224468	0.290138	0.236859	0.306985	0.250608	0.325090	0.265871	0.344544	0.282818	0.365440	0.301640	0.387878
757.826780	0.131801	0.142835	0.134910	0.148385	0.138262	0.154374	0.141884	0.160833	0.145813	0.167797	0.150086	0.175304	0.154746	0.183396	0.159841	0.192113	0.165428	0.201503	0.171566	0.211614	0.178321	0.222500	0.185771	0.234215	0.193998	0.246820	0.203097	0.260381	0.213172	0.274965	0.224337	0.290644	0.236721	0.307499	0.250462	0.325611	0.265718	0.345070	0.282659	0.365968	0.301475	0.388407
758.243290	0.131775	0.143166	0.134879	0.148728	0.138224	0.154729	0.141840	0.161201	0.145763	0.168177	0.150029	0.175697	0.154682	0.183801	0.159771	0.192531	0.165351	0.201933	0.171480	0.212056	0.178228	0.222954	0.185670	0.234681	0.193890	0.247297	0.202982	0.260868	0.213049	0.275462	0.224207	0.291150	0.236582	0.308012	0.250317	0.326130	0.265566	0.345593	0.282500	0.366494	0.301310	0.388935
758.659670	0.131750	0.143497	0.134848	0.149071	0.138187	0.155084	0.141797	0.161568	0.145713	0.168557	0.149972	0.176090	0.154618	0.184206	0.159701	0.192949	0.165273	0.202363	0.171395	0.212498	0.178135	0.223407	0.185570	0.235146	0.193782	0.247773	0.202866	0.261354	0.212926	0.275957	0.224076	0.291654	0.236444	0.308524	0.250171	0.326648	0.265414	0.346115	0.282342	0.367020	0.301145	0.389461
759.075930	0.131724	0.143827	0.134816	0.149413	0.138149	0.155439	0.141753	0.161935	0.145663	0.168937	0.149915	0.176482	0.154554	0.184611	0.159630	0.193366	0.165195	0.202792	0.171310	0.212939	0.178042	0.223860	0.185470	0.235611	0.193674	0.248248	0.202751	0.261840	0.212803	0.276452	0.223945	0.292158	0.236306	0.309035	0.250026	0.327165	0.265261	0.346637	0.282183	0.367544	0.300980	0.389986
759.492130	0.131699	0.144157	0.134786	0.149756	0.138112	0.155793	0.141710	0.162302	0.145613	0.169316	0.149859	0.176874	0.154491	0.185014	0.159559	0.193782	0.165117	0.203220	0.171225	0.213380	0.177950	0.224312	0.185369	0.236074	0.193567	0.248723	0.202636	0.262324	0.212679	0.276946	0.223814	0.292660	0.236168	0.309544	0.249881	0.327680	0.265109	0.347157	0.282024	0.368067	0.300816	0.390510
759.908140	0.131674	0.144487	0.134755	0.150097	0.138075	0.156147	0.141667	0.162668	0.145563	0.169694	0.149802	0.177265	0.154428	0.185418	0.159489	0.194198	0.165039	0.203648	0.171140	0.213820	0.177857	0.224764	0.185269	0.236537	0.193459	0.249196	0.202520	0.262808	0.212556	0.277439	0.223684	0.293161	0.236029	0.310053	0.249736	0.328195	0.264957	0.347676	0.281866	0.368589	0.300651	0.391033
760.324160	0.131649	0.144817	0.134724	0.150439	0.138038	0.156501	0.141623	0.163034	0.145513	0.170073	0.149746	0.177655	0.154365	0.185821	0.159418	0.194613	0.164962	0.204076	0.171055	0.214259	0.177765	0.225215	0.185169	0.236998	0.193351	0.249669	0.202405	0.263291	0.212433	0.277931	0.223554	0.293661	0.235892	0.310560	0.249591	0.328708	0.264805	0.348194	0.281707	0.369109	0.300487	0.391553
760.739990	0.131624	0.145146	0.134693	0.150781	0.138001	0.156854	0.141580	0.163399	0.145463	0.170451	0.149689	0.178046	0.154302	0.186223	0.159348	0.195028	0.164884	0.204503	0.170970	0.214698	0.177673	0.225665	0.185069	0.237460	0.193244	0.250141	0.202290	0.263773	0.212311	0.278422	0.223423	0.294161	0.235754	0.311066	0.249446	0.329221	0.264653	0.348710	0.281549	0.369628	0.300322	0.392073
761.155760	0.131599	0.145475	0.134661	0.151122	0.137964	0.157207	0.141537	0.163765	0.145413	0.170828	0.149633	0.178436	0.154238	0.186625	0.159278	0.195442	0.164807	0.204929	0.170885	0.215136	0.177580	0.226114	0.184970	0.237920	0.193137	0.250612	0.202175	0.264254	0.212188	0.278912	0.223293	0.294659	0.235616	0.311572	0.249301	0.329732	0.264501	0.349226	0.281391	0.370146	0.300157	0.392592
761.571410	0.131574	0.145803	0.134631	0.151462	0.137927	0.157560	0.141494	0.164129	0.145363	0.171205	0.149576	0.178824	0.154175	0.187026	0.159207	0.195855	0.164729	0.205355	0.170800	0.215573	0.177488	0.226563	0.184870	0.238379	0.193029	0.251082	0.202060	0.264733	0.212065	0.279401	0.223163	0.295156	0.235479	0.312076	0.249156	0.330242	0.264349	0.349740	0.281232	0.370663	0.299993	0.393109
761.986940	0.131549	0.146132	0.134600	0.151802	0.137890	0.157912	0.141450	0.164494	0.145314	0.171581	0.149520	0.179213	0.154111	0.187427	0.159137	0.196268	0.164651	0.205780	0.170715	0.216009	0.177396	0.227011	0.184770	0.238839	0.192921	0.251551	0.201945	0.265213	0.211943	0.279890	0.223032	0.295652	0.235341	0.312579	0.249011	0.330751	0.264198	0.350254	0.281074	0.371179	0.299829	0.393626
762.402400	0.131524	0.146460	0.134569	0.152143	0.137854	0.158264	0.141408	0.164858	0.145265	0.171958	0.149464	0.179601	0.154048	0.187828	0.159067	0.196681	0.164575	0.206203	0.170630	0.216445	0.177304	0.227458	0.184671	0.239296	0.192815	0.252020	0.201830	0.265691	0.211821	0.280376	0.222902	0.296147	0.235204	0.313081	0.248866	0.331258	0.264047	0.350765	0.280916	0.371693	0.299665	0.394140
762.817750	0.131500	0.146789	0.134538	0.152483	0.137817	0.158616	0.141365	0.165221	0.145216	0.172334	0.149408	0.179990	0.153986	0.188228	0.158998	0.197093	0.164498	0.206627	0.170546	0.216881	0.177212	0.227905	0.184572	0.239754	0.192708	0.252488	0.201715	0.266168	0.211699	0.280863	0.222773	0.296642	0.235067	0.313583	0.248722	0.331765	0.263895	0.351277	0.280759	0.372207	0.299502	0.394654
763.232970	0.131475	0.147117	0.134508	0.152822	0.137780	0.158967	0.141322	0.165585	0.145166	0.172709	0.149352	0.180377	0.153923	0.188628	0.158928	0.197504	0.164421	0.207050	0.170462	0.217315	0.177121	0.228351	0.184472	0.240211	0.192601	0.252955	0.201601	0.266645	0.211577	0.281348	0.222643	0.297135	0.234930	0.314083	0.248578	0.332271	0.263744	0.351786	0.280601	0.372719	0.299338	0.395166
763.648130	0.131450	0.147444	0.134478	0.153162	0.137744	0.159318	0.141279	0.165947	0.145117	0.173084	0.149296	0.180764	0.153860	0.189027	0.158857	0.197915	0.164343	0.207473	0.170377	0.217749	0.177029	0.228796	0.184373	0.240667	0.192494	0.253421	0.201486	0.267121	0.211454	0.281832	0.222514	0.297628	0.234792	0.314582	0.248433	0.332775	0.263593	0.352294	0.280444	0.373229	0.299175	0.395677
764.063170	0.131425	0.147771	0.134447	0.153501	0.137707	0.159669	0.141236	0.166310	0.145067	0.173459	0.149240	0.181151	0.153797	0.189426	0.158787	0.198325	0.164266	0.207895	0.170293	0.218183	0.176937	0.229241	0.184274	0.241122	0.192387	0.253887	0.201372	0.267596	0.211332	0.282316	0.222384	0.298120	0.234655	0.315081	0.248289	0.333279	0.263442	0.352802	0.280286	0.373739	0.299011	0.396187
764.478090	0.131401	0.148098	0.134417	0.153839	0.137671	0.160020	0.141193	0.166672	0.145018	0.173833	0.149184	0.181537	0.153735	0.189823	0.158718	0.198734	0.164190	0.208316	0.170209	0.218615	0.176845	0.229684	0.184175	0.241576	0.192280	0.254351	0.201258	0.268070	0.211210	0.282799	0.222255	0.298610	0.234519	0.315577	0.248145	0.333781	0.263291	0.353308	0.280128	0.374248	0.298848	0.396696
764.892880	0.131376	0.148425	0.134387	0.154178	0.137634	0.160370	0.141151	0.167034	0.144969	0.174206	0.149128	0.181922	0.153672	0.190220	0.158649	0.199143	0.164113	0.208737	0.170125	0.219047	0.176754	0.230127	0.184076	0.242030	0.192174	0.254814	0.201143	0.268543	0.211088	0.283281	0.222125	0.299099	0.234382	0.316074	0.248001	0.334283	0.263140	0.353814	0.279971	0.374756	0.298684	0.397204
765.307620	0.131352	0.148752	0.134357	0.154516	0.137598	0.160719	0.141108	0.167396	0.144920	0.174580	0.149073	0.182307	0.153610	0.190617	0.158579	0.199552	0.164036	0.209157	0.170041	0.219479	0.176662	0.230570	0.183977	0.242483	0.192067	0.255277	0.201029	0.269015	0.210967	0.283761	0.221996	0.299588	0.234246	0.316569	0.247858	0.334784	0.262989	0.354318	0.279813	0.375262	0.298521	0.397710
765.722230	0.131327	0.149078	0.134326	0.154854	0.137562	0.161069	0.141066	0.167757	0.144871	0.174953	0.149017	0.182692	0.153548	0.191013	0.158510	0.199960	0.163959	0.209577	0.169957	0.219909	0.176571	0.231011	0.183878	0.242935	0.191961	0.255739	0.200915	0.269486	0.210845	0.284241	0.221867	0.300075	0.234109	0.317063	0.247714	0.335283	0.262839	0.354821	0.279656	0.375767	0.298358	0.398215
766.136720	0.131303	0.149404	0.134296	0.155191	0.137526	0.161418	0.141023	0.168118	0.144823	0.175326	0.148962	0.183076	0.153485	0.191409	0.158440	0.200368	0.163883	0.209996	0.169873	0.220340	0.176480	0.231452	0.183779	0.243386	0.191855	0.256201	0.200801	0.269957	0.210724	0.284721	0.221737	0.300562	0.233973	0.317556	0.247571	0.335782	0.262688	0.355323	0.279499	0.376271	0.298195	0.398720
766.551150	0.131279	0.149730	0.134266	0.155528	0.137490	0.161767	0.140981	0.168479	0.144774	0.175697	0.148906	0.183460	0.153423	0.191805	0.158371	0.200775	0.163807	0.210414	0.169790	0.220769	0.176389	0.231892	0.183681	0.243837	0.191748	0.256661	0.200687	0.270426	0.210603	0.285198	0.221609	0.301047	0.233837	0.318048	0.247427	0.336278	0.262538	0.355824	0.279343	0.376773	0.298032	0.399222
766.965450	0.131255	0.150056	0.134236	0.155865	0.137454	0.162115	0.140939	0.168839	0.144725	0.176069	0.148851	0.183843	0.153360	0.192200	0.158302	0.201181	0.163730	0.210831	0.169706	0.221198	0.176299	0.232332	0.183582	0.244286	0.191642	0.257121	0.200574	0.270896	0.210481	0.285676	0.221480	0.301533	0.233700	0.318539	0.247284	0.336775	0.262388	0.356324	0.279186	0.377275	0.297870	0.399724
767.379640	0.131231	0.150381	0.134206	0.156201	0.137418	0.162463	0.140896	0.169198	0.144676	0.176440	0.148796	0.184225	0.153298	0.192594	0.158233	0.201587	0.163654	0.211248	0.169622	0.221626	0.176207	0.232770	0.183484	0.244735	0.191536	0.257579	0.200460	0.271363	0.210360	0.286152	0.221351	0.302016	0.233564	0.319028	0.247140	0.337269	0.262237	0.356822	0.279029	0.377775	0.297707	0.400224
767.793700	0.131207	0.150706	0.134176	0.156537	0.137382	0.162811	0.140854	0.169557	0.144627	0.176810	0.148740	0.184608	0.153236	0.192988	0.158163	0.201992	0.163578	0.211664	0.169539	0.222053	0.176116	0.233208	0.183385	0.245184	0.191430	0.258037	0.200347	0.271829	0.210238	0.286627	0.221222	0.302498	0.233428	0.319517	0.246997	0.337763	0.262087	0.357319	0.278872	0.378274	0.297544	0.400723
768.207700	0.131183	0.151031	0.134146	0.156873	0.137346	0.163158	0.140812	0.169916	0.144579	0.177181	0.148685	0.184989	0.153174	0.193381	0.158095	0.202397	0.163502	0.212080	0.169455	0.222480	0.176025	0.233645	0.183287	0.245631	0.191324	0.258494	0.200233	0.272295	0.210117	0.287101	0.221094	0.302980	0.233292	0.320005	0.246853	0.338256	0.261937	0.357815	0.278715	0.378772	0.297382	0.401221
768.621580	0.131159	0.151355	0.134116	0.157209	0.137310	0.163505	0.140770	0.170274	0.144530	0.177551	0.148630	0.185371	0.153112	0.193774	0.158026	0.202801	0.163426	0.212495	0.169372	0.222906	0.175934	0.234082	0.183188	0.246078	0.191218	0.258950	0.200120	0.272761	0.209996	0.287574	0.220965	0.303460	0.233156	0.320492	0.246711	0.338747	0.261787	0.358310	0.278559	0.379269	0.297219	0.401717
769.035400	0.131135	0.151679	0.134086	0.157545	0.137274	0.163852	0.140727	0.170633	0.144482	0.177921	0.148574	0.185753	0.153050	0.194167	0.157957	0.203204	0.163350	0.212910	0.169289	0.223331	0.175843	0.234518	0.183090	0.246524	0.191112	0.259406	0.200006	0.273226	0.209876	0.288047	0.220837	0.303940	0.233020	0.320978	0.246568	0.339239	0.261637	0.358805	0.278403	0.379765	0.297057	0.402213
769.449040	0.131111	0.152003	0.134057	0.157880	0.137239	0.164198	0.140686	0.170990	0.144434	0.178290	0.148520	0.186133	0.152989	0.194558	0.157888	0.203607	0.163274	0.213324	0.169206	0.223756	0.175753	0.234953	0.182992	0.246969	0.191007	0.259860	0.199893	0.273689	0.209755	0.288518	0.220709	0.304419	0.232885	0.321463	0.246425	0.339728	0.261488	0.359298	0.278247	0.380260	0.296895	0.402707
769.862610	0.131088	0.152327	0.134028	0.158215	0.137204	0.164545	0.140645	0.171348	0.144386	0.178658	0.148465	0.186513	0.152927	0.194950	0.157820	0.204010	0.163198	0.213738	0.169123	0.224180	0.175663	0.235388	0.182894	0.247414	0.190902	0.260315	0.199781	0.274152	0.209634	0.288990	0.220581	0.304897	0.232749	0.321947	0.246282	0.340217	0.261339	0.359790	0.278092	0.380754	0.296734	0.403201
770.276060	0.131064	0.152651	0.133998	0.158549	0.137168	0.164891	0.140603	0.171705	0.144338	0.179026	0.148410	0.186892	0.152866	0.195340	0.157751	0.204412	0.163122	0.214150	0.169040	0.224603	0.175573	0.235821	0.182797	0.247858	0.190796	0.260768	0.199667	0.274614	0.209513	0.289459	0.220452	0.305374	0.232613	0.322430	0.246140	0.340704	0.261189	0.360281	0.277936	0.381246	0.296572	0.403693
770.689450	0.131040	0.152973	0.133968	0.158883	0.137132	0.165236	0.140561	0.172061	0.144289	0.179394	0.148355	0.187271	0.152804	0.195730	0.157683	0.204813	0.163046	0.214562	0.168956	0.225026	0.175482	0.236255	0.182699	0.248300	0.190691	0.261220	0.199554	0.275075	0.209393	0.289928	0.220324	0.305850	0.232478	0.322911	0.245997	0.341190	0.261039	0.360770	0.277779	0.381737	0.296410	0.404183
771.102720	0.131016	0.153296	0.133939	0.159217	0.137096	0.165581	0.140519	0.172417	0.144241	0.179761	0.148300	0.187650	0.152742	0.196120	0.157614	0.205213	0.162970	0.214974	0.168873	0.225449	0.175392	0.236687	0.182601	0.248743	0.190585	0.261672	0.199441	0.275535	0.209272	0.290396	0.220196	0.306325	0.232342	0.323392	0.245855	0.341676	0.260890	0.361259	0.277623	0.382227	0.296248	0.404673
771.515870	0.130993	0.153619	0.133910	0.159550	0.137061	0.165925	0.140477	0.172773	0.144193	0.180128	0.148246	0.188028	0.152681	0.196509	0.157545	0.205613	0.162895	0.215385	0.168791	0.225870	0.175302	0.237119	0.182503	0.249184	0.190480	0.262122	0.199328	0.275994	0.209152	0.290863	0.220069	0.306798	0.232207	0.323871	0.245713	0.342160	0.260741	0.361746	0.277468	0.382716	0.296086	0.405161
771.928890	0.130970	0.153941	0.133881	0.159884	0.137026	0.166269	0.140436	0.173129	0.144145	0.180495	0.148191	0.188405	0.152620	0.196898	0.157477	0.206013	0.162820	0.215795	0.168708	0.226291	0.175212	0.237550	0.182406	0.249625	0.190375	0.262572	0.199215	0.276453	0.209032	0.291330	0.219941	0.307272	0.232072	0.324351	0.245570	0.342644	0.260592	0.362233	0.277312	0.383204	0.295925	0.405649
772.341860	0.130947	0.154263	0.133852	0.160217	0.136991	0.166613	0.140395	0.173484	0.144097	0.180861	0.148137	0.188782	0.152558	0.197286	0.157409	0.206412	0.162744	0.216205	0.168626	0.226711	0.175121	0.237980	0.182308	0.250065	0.190270	0.263021	0.199103	0.276910	0.208912	0.291795	0.219814	0.307743	0.231938	0.324828	0.245428	0.343126	0.260443	0.362718	0.277156	0.383690	0.295763	0.406135
772.754700	0.130923	0.154585	0.133822	0.160549	0.136956	0.166957	0.140354	0.173838	0.144049	0.181227	0.148082	0.189159	0.152497	0.197674	0.157340	0.206811	0.162669	0.216614	0.168543	0.227131	0.175031	0.238410	0.182211	0.250504	0.190165	0.263470	0.198991	0.277367	0.208792	0.292259	0.219687	0.308215	0.231803	0.325305	0.245286	0.343608	0.260294	0.363202	0.277001	0.384176	0.295602	0.406621
773.167420	0.130900	0.154906	0.133793	0.160882	0.136921	0.167300	0.140312	0.174192	0.144002	0.181592	0.148028	0.189535	0.152435	0.198061	0.157272	0.207209	0.162594	0.217022	0.168461	0.227550	0.174942	0.238839	0.182113	0.250942	0.190060	0.263917	0.198878	0.277822	0.208672	0.292723	0.219559	0.308685	0.231668	0.325782	0.245144	0.344088	0.260146	0.363686	0.276846	0.384661	0.295441	0.407105
773.580080	0.130877	0.155227	0.133764	0.161213	0.136885	0.167642	0.140270	0.174546	0.143954	0.181957	0.147973	0.189911	0.152374	0.198447	0.157204	0.207606	0.162518	0.217430	0.168378	0.227968	0.174852	0.239267	0.182016	0.251380	0.189956	0.264364	0.198766	0.278277	0.208552	0.293185	0.219432	0.309154	0.231533	0.326256	0.245002	0.344567	0.259997	0.364168	0.276691	0.385144	0.295279	0.407587
773.992610	0.130853	0.155548	0.133735	0.161545	0.136850	0.167985	0.140229	0.174900	0.143906	0.182321	0.147919	0.190286	0.152313	0.198833	0.157136	0.208003	0.162443	0.217838	0.168295	0.228386	0.174762	0.239694	0.181919	0.251817	0.189851	0.264810	0.198654	0.278732	0.208432	0.293648	0.219304	0.309623	0.231398	0.326731	0.244861	0.345045	0.259848	0.364649	0.276536	0.385626	0.295118	0.408069
774.405030	0.130830	0.155869	0.133706	0.161876	0.136815	0.168327	0.140187	0.175252	0.143858	0.182685	0.147865	0.190661	0.152252	0.199219	0.157068	0.208399	0.162368	0.218244	0.168213	0.228802	0.174672	0.240121	0.181822	0.252253	0.189747	0.265255	0.198542	0.279185	0.208313	0.294108	0.219177	0.310089	0.231264	0.327203	0.244719	0.345522	0.259699	0.365129	0.276381	0.386107	0.294957	0.408549
774.817320	0.130807	0.156189	0.133677	0.162207	0.136780	0.168669	0.140146	0.175605	0.143811	0.183048	0.147811	0.191035	0.152191	0.199604	0.157000	0.208795	0.162293	0.218651	0.168131	0.229218	0.174583	0.240547	0.181725	0.252689	0.189642	0.265699	0.198430	0.279637	0.208193	0.294568	0.219050	0.310556	0.231130	0.327675	0.244578	0.345998	0.259551	0.365608	0.276226	0.386587	0.294796	0.409029
775.229550	0.130784	0.156509	0.133648	0.162538	0.136745	0.169011	0.140105	0.175957	0.143763	0.183411	0.147757	0.191409	0.152130	0.199989	0.156932	0.209190	0.162218	0.219056	0.168049	0.229634	0.174493	0.240972	0.181628	0.253123	0.189538	0.266143	0.198318	0.280089	0.208073	0.295027	0.218923	0.311022	0.230995	0.328146	0.244436	0.346473	0.259402	0.366085	0.276071	0.387066	0.294635	0.409507
775.641660	0.130761	0.156829	0.133619	0.162869	0.136710	0.169352	0.140064	0.176309	0.143716	0.183774	0.147703	0.191782	0.152070	0.200372	0.156865	0.209584	0.162144	0.219461	0.167967	0.230049	0.174404	0.241397	0.181531	0.253557	0.189433	0.266585	0.198205	0.280540	0.207954	0.295485	0.218796	0.311486	0.230861	0.328615	0.244295	0.346947	0.259254	0.366562	0.275916	0.387544	0.294475	0.409983
776.053650	0.130738	0.157149	0.133590	0.163199	0.136675	0.169692	0.140024	0.176661	0.143668	0.184136	0.147649	0.192155	0.152009	0.200756	0.156797	0.209978	0.162069	0.219866	0.167885	0.230463	0.174314	0.241821	0.181434	0.253990	0.189328	0.267027	0.198094	0.280990	0.207834	0.295942	0.218670	0.311950	0.230728	0.329085	0.244154	0.347420	0.259106	0.367038	0.275762	0.388021	0.294314	0.410460
776.465580	0.130715	0.157468	0.133562	0.163528	0.136641	0.170033	0.139983	0.177012	0.143621	0.184498	0.147595	0.192528	0.151949	0.201139	0.156730	0.210372	0.161995	0.220269	0.167803	0.230876	0.174225	0.242244	0.181338	0.254422	0.189225	0.267468	0.197982	0.281439	0.207715	0.296398	0.218543	0.312412	0.230594	0.329552	0.244012	0.347892	0.258958	0.367512	0.275607	0.388496	0.294154	0.410934
776.877380	0.130692	0.157787	0.133533	0.163858	0.136606	0.170373	0.139942	0.177363	0.143574	0.184859	0.147541	0.192900	0.151888	0.201521	0.156662	0.210765	0.161920	0.220672	0.167721	0.231290	0.174136	0.242667	0.181241	0.254854	0.189121	0.267909	0.197871	0.281887	0.207596	0.296854	0.218417	0.312874	0.230460	0.330020	0.243871	0.348364	0.258810	0.367986	0.275453	0.388971	0.293994	0.411408
777.289060	0.130669	0.158106	0.133505	0.164187	0.136572	0.170712	0.139901	0.177713	0.143527	0.185220	0.147487	0.193271	0.151828	0.201903	0.156595	0.211157	0.161846	0.221074	0.167640	0.231702	0.174048	0.243089	0.181144	0.255285	0.189017	0.268348	0.197760	0.282335	0.207478	0.297309	0.218290	0.313335	0.230326	0.330486	0.243730	0.348833	0.258663	0.368458	0.275299	0.389445	0.293834	0.411880
777.700680	0.130646	0.158424	0.133477	0.164516	0.136538	0.171052	0.139861	0.178063	0.143479	0.185581	0.147434	0.193642	0.151767	0.202285	0.156528	0.211548	0.161771	0.221477	0.167558	0.232114	0.173959	0.243510	0.181048	0.255716	0.188913	0.268787	0.197648	0.282782	0.207359	0.297763	0.218164	0.313795	0.230192	0.330951	0.243589	0.349302	0.258515	0.368930	0.275145	0.389917	0.293674	0.412352
778.112180	0.130624	0.158743	0.133448	0.164844	0.136504	0.171391	0.139820	0.178412	0.143432	0.185941	0.147380	0.194013	0.151707	0.202666	0.156461	0.211939	0.161697	0.221878	0.167477	0.232525	0.173870	0.243930	0.180952	0.256146	0.188810	0.269225	0.197537	0.283228	0.207241	0.298216	0.218038	0.314255	0.230059	0.331415	0.243449	0.349770	0.258368	0.369401	0.274991	0.390388	0.293514	0.412823
778.523560	0.130601	0.159060	0.133420	0.165172	0.136469	0.171729	0.139779	0.178761	0.143385	0.186300	0.147327	0.194383	0.151646	0.203046	0.156393	0.212330	0.161622	0.222278	0.167395	0.232935	0.173781	0.244350	0.180855	0.256574	0.188706	0.269662	0.197426	0.283672	0.207122	0.298667	0.217911	0.314713	0.229925	0.331878	0.243308	0.350237	0.258220	0.369870	0.274837	0.390858	0.293354	0.413291
778.934810	0.130579	0.159378	0.133391	0.165500	0.136434	0.172067	0.139738	0.179110	0.143338	0.186659	0.147273	0.194752	0.151586	0.203426	0.156326	0.212720	0.161548	0.222679	0.167314	0.233345	0.173692	0.244770	0.180759	0.257002	0.188602	0.270099	0.197315	0.284117	0.207003	0.299118	0.217785	0.315170	0.229792	0.332341	0.243167	0.350704	0.258072	0.370339	0.274683	0.391328	0.293194	0.413760
779.346010	0.130556	0.159694	0.133363	0.165827	0.136400	0.172405	0.139698	0.179458	0.143292	0.187018	0.147220	0.195121	0.151525	0.203805	0.156259	0.213109	0.161474	0.223078	0.167232	0.233754	0.173604	0.245188	0.180663	0.257429	0.188499	0.270534	0.197204	0.284560	0.206884	0.299569	0.217659	0.315626	0.229659	0.332801	0.243027	0.351168	0.257925	0.370805	0.274530	0.391795	0.293035	0.414226
779.757080	0.130534	0.160011	0.133335	0.166155	0.136365	0.172743	0.139658	0.179805	0.143245	0.187376	0.147167	0.195489	0.151465	0.204184	0.156192	0.213498	0.161400	0.223476	0.167151	0.234163	0.173515	0.245605	0.180568	0.257856	0.188395	0.270969	0.197093	0.285002	0.206766	0.300018	0.217533	0.316081	0.229526	0.333261	0.242887	0.351632	0.257778	0.371272	0.274376	0.392262	0.292875	0.414692
780.168030	0.130512	0.160327	0.133307	0.166482	0.136331	0.173080	0.139618	0.180153	0.143198	0.187734	0.147113	0.195857	0.151405	0.204562	0.156125	0.213887	0.161326	0.223874	0.167070	0.234570	0.173427	0.246022	0.180472	0.258282	0.188292	0.271403	0.196982	0.285444	0.206648	0.300467	0.217408	0.316536	0.229393	0.333720	0.242747	0.352095	0.257631	0.371737	0.274222	0.392728	0.292716	0.415157
780.578920	0.130489	0.160644	0.133279	0.166808	0.136298	0.173416	0.139577	0.180500	0.143152	0.188091	0.147060	0.196225	0.151345	0.204940	0.156058	0.214275	0.161252	0.224272	0.166989	0.234977	0.173339	0.246438	0.180376	0.258707	0.188189	0.271836	0.196871	0.285885	0.206529	0.300914	0.217282	0.316989	0.229259	0.334178	0.242607	0.352557	0.257484	0.372201	0.274069	0.393193	0.292556	0.415620
780.989690	0.130467	0.160960	0.133251	0.167135	0.136264	0.173753	0.139537	0.180846	0.143105	0.188448	0.147006	0.196593	0.151286	0.205318	0.155992	0.214662	0.161178	0.224669	0.166908	0.235384	0.173250	0.246855	0.180280	0.259131	0.188086	0.272269	0.196760	0.286325	0.206411	0.301362	0.217156	0.317443	0.229126	0.334637	0.242467	0.353018	0.257338	0.372664	0.273916	0.393657	0.292397	0.416083
781.400330	0.130444	0.161275	0.133222	0.167460	0.136230	0.174088	0.139497	0.181192	0.143058	0.188804	0.146953	0.196959	0.151226	0.205694	0.155925	0.215049	0.161104	0.225065	0.166827	0.235790	0.173162	0.247269	0.180185	0.259554	0.187983	0.272700	0.196649	0.286764	0.206293	0.301807	0.217031	0.317894	0.228994	0.335092	0.242327	0.353478	0.257191	0.373126	0.273763	0.394119	0.292238	0.416544
781.810850	0.130422	0.161591	0.133194	0.167786	0.136196	0.174424	0.139457	0.181539	0.143012	0.189160	0.146900	0.197325	0.151166	0.206070	0.155858	0.215435	0.161031	0.225461	0.166746	0.236195	0.173074	0.247683	0.180089	0.259977	0.187879	0.273131	0.196539	0.287203	0.206175	0.302252	0.216906	0.318344	0.228861	0.335548	0.242187	0.353937	0.257045	0.373587	0.273610	0.394581	0.292078	0.417005
782.221310	0.130400	0.161906	0.133166	0.168111	0.136162	0.174760	0.139417	0.181884	0.142965	0.189516	0.146847	0.197691	0.151107	0.206445	0.155791	0.215821	0.160957	0.225857	0.166666	0.236600	0.172986	0.248097	0.179994	0.260399	0.187776	0.273561	0.196429	0.287640	0.206057	0.302696	0.216781	0.318794	0.228729	0.336003	0.242048	0.354395	0.256898	0.374047	0.273457	0.395042	0.291920	0.417464
782.631650	0.130379	0.162221	0.133139	0.168436	0.136128	0.175094	0.139377	0.182229	0.142919	0.189871	0.146795	0.198056	0.151047	0.206821	0.155725	0.216205	0.160884	0.226251	0.166585	0.237004	0.172898	0.248509	0.179898	0.260821	0.187673	0.273991	0.196319	0.288077	0.205940	0.303139	0.216655	0.319243	0.228596	0.336456	0.241908	0.354852	0.256752	0.374506	0.273304	0.395501	0.291761	0.417922
783.041870	0.130357	0.162536	0.133111	0.168760	0.136095	0.175429	0.139337	0.182574	0.142873	0.190226	0.146742	0.198421	0.150987	0.207196	0.155658	0.216590	0.160811	0.226645	0.166505	0.237407	0.172810	0.248922	0.179803	0.261242	0.187571	0.274420	0.196209	0.288513	0.205822	0.303582	0.216530	0.319692	0.228464	0.336909	0.241769	0.355308	0.256605	0.374965	0.273151	0.395960	0.291603	0.418380
783.452030	0.130335	0.162850	0.133083	0.169084	0.136060	0.175763	0.139297	0.182918	0.142827	0.190580	0.146689	0.198785	0.150928	0.207570	0.155592	0.216974	0.160737	0.227038	0.166424	0.237809	0.172722	0.249333	0.179708	0.261661	0.187468	0.274847	0.196098	0.288948	0.205705	0.304023	0.216405	0.320138	0.228331	0.337361	0.241629	0.355763	0.256459	0.375421	0.272999	0.396417	0.291444	0.418835
783.862060	0.130312	0.163164	0.133055	0.169408	0.136026	0.176098	0.139257	0.183261	0.142781	0.190934	0.146637	0.199149	0.150869	0.207943	0.155526	0.217357	0.160664	0.227432	0.166343	0.238212	0.172635	0.249745	0.179613	0.262081	0.187365	0.275275	0.195988	0.289383	0.205587	0.304465	0.216280	0.320585	0.228199	0.337812	0.241490	0.356217	0.256313	0.375877	0.272846	0.396873	0.291285	0.419291
784.271970	0.130291	0.163478	0.133028	0.169732	0.135993	0.176431	0.139218	0.183605	0.142735	0.191287	0.146584	0.199512	0.150810	0.208316	0.155460	0.217740	0.160591	0.227824	0.166263	0.238613	0.172547	0.250155	0.179518	0.262499	0.187263	0.275701	0.195878	0.289816	0.205470	0.304904	0.216155	0.321030	0.228067	0.338262	0.241351	0.356670	0.256167	0.376332	0.272694	0.397329	0.291127	0.419744
784.681820	0.130269	0.163791	0.133000	0.170055	0.135960	0.176764	0.139178	0.183948	0.142689	0.191640	0.146531	0.199875	0.150750	0.208689	0.155394	0.218122	0.160518	0.228215	0.166182	0.239014	0.172459	0.250564	0.179423	0.262917	0.187161	0.276127	0.195768	0.290248	0.205352	0.305343	0.216031	0.321474	0.227935	0.338711	0.241212	0.357122	0.256021	0.376786	0.272541	0.397783	0.290969	0.420197
785.091490	0.130247	0.164104	0.132973	0.170378	0.135926	0.177096	0.139138	0.184290	0.142643	0.191993	0.146478	0.200238	0.150691	0.209061	0.155327	0.218504	0.160445	0.228606	0.166102	0.239414	0.172372	0.250973	0.179328	0.263335	0.187059	0.276552	0.195659	0.290680	0.205235	0.305782	0.215906	0.321918	0.227804	0.339159	0.241073	0.357573	0.255875	0.377240	0.272389	0.398237	0.290811	0.420649
785.501160	0.130225	0.164416	0.132945	0.170700	0.135893	0.177428	0.139098	0.184632	0.142596	0.192344	0.146426	0.200599	0.150632	0.209433	0.155261	0.218885	0.160371	0.228997	0.166022	0.239813	0.172284	0.251381	0.179233	0.263751	0.186957	0.276975	0.195549	0.291111	0.205118	0.306218	0.215782	0.322360	0.227672	0.339605	0.240934	0.358023	0.255730	0.377691	0.272237	0.398689	0.290653	0.421099
785.910640	0.130204	0.164729	0.132918	0.171023	0.135859	0.177761	0.139059	0.184974	0.142550	0.192696	0.146373	0.200960	0.150573	0.209804	0.155195	0.219265	0.160298	0.229387	0.165942	0.240212	0.172197	0.251788	0.179139	0.264166	0.186854	0.277399	0.195440	0.291541	0.205001	0.306655	0.215657	0.322802	0.227540	0.340052	0.240795	0.358473	0.255584	0.378143	0.272085	0.399140	0.290494	0.421549
786.320070	0.130182	0.165041	0.132891	0.171344	0.135826	0.178092	0.139019	0.185316	0.142504	0.193047	0.146321	0.201321	0.150514	0.210174	0.155129	0.219645	0.160225	0.229776	0.165862	0.240610	0.172110	0.252195	0.179044	0.264581	0.186752	0.277821	0.195331	0.291970	0.204884	0.307090	0.215533	0.323243	0.227408	0.340497	0.240656	0.358921	0.255438	0.378592	0.271933	0.399590	0.290337	0.421997
786.729370	0.130161	0.165353	0.132863	0.171666	0.135793	0.178423	0.138980	0.185657	0.142459	0.193398	0.146269	0.201682	0.150455	0.210544	0.155064	0.220024	0.160152	0.230164	0.165782	0.241007	0.172023	0.252601	0.178950	0.264995	0.186650	0.278242	0.195221	0.292399	0.204767	0.307525	0.215409	0.323683	0.227277	0.340941	0.240518	0.359368	0.255293	0.379041	0.271781	0.400039	0.290179	0.422445
787.138550	0.130140	0.165664	0.132836	0.171987	0.135760	0.178754	0.138941	0.185997	0.142413	0.193748	0.146217	0.202042	0.150396	0.210914	0.154998	0.220403	0.160079	0.230552	0.165702	0.241404	0.171935	0.253007	0.178855	0.265409	0.186549	0.278663	0.195112	0.292828	0.204651	0.307960	0.215285	0.324122	0.227146	0.341385	0.240379	0.359815	0.255148	0.379489	0.271630	0.400487	0.290022	0.422892
787.547610	0.130118	0.165975	0.132809	0.172307	0.135727	0.179084	0.138901	0.186337	0.142368	0.194098	0.146165	0.202401	0.150337	0.211282	0.154932	0.220781	0.160007	0.230939	0.165623	0.241800	0.171848	0.253411	0.178761	0.265821	0.186447	0.279083	0.195003	0.293254	0.204534	0.308392	0.215161	0.324560	0.227014	0.341826	0.240241	0.360260	0.255003	0.379936	0.271478	0.400934	0.289864	0.423337
787.956600	0.130096	0.166286	0.132782	0.172628	0.135694	0.179415	0.138862	0.186677	0.142322	0.194448	0.146113	0.202760	0.150278	0.211651	0.154867	0.221159	0.159935	0.231326	0.165543	0.242196	0.171761	0.253815	0.178667	0.266233	0.186345	0.279503	0.194894	0.293681	0.204417	0.308825	0.215037	0.324999	0.226883	0.342268	0.240103	0.360705	0.254857	0.380383	0.271326	0.401381	0.289707	0.423782
788.365480	0.130075	0.166596	0.132755	0.172948	0.135660	0.179745	0.138823	0.187016	0.142276	0.194796	0.146061	0.203118	0.150219	0.212019	0.154802	0.221536	0.159862	0.231712	0.165464	0.242591	0.171675	0.254218	0.178573	0.266644	0.186243	0.279922	0.194784	0.294106	0.204301	0.309256	0.214913	0.325435	0.226752	0.342708	0.239965	0.361148	0.254713	0.380827	0.271175	0.401825	0.289549	0.424224
788.774290	0.130054	0.166907	0.132728	0.173267	0.135627	0.180074	0.138784	0.187356	0.142231	0.195145	0.146009	0.203476	0.150161	0.212386	0.154736	0.221913	0.159790	0.232098	0.165384	0.242985	0.171588	0.254621	0.178478	0.267055	0.186142	0.280339	0.194675	0.294530	0.204185	0.309686	0.214789	0.325870	0.226621	0.343148	0.239827	0.361591	0.254568	0.381272	0.271024	0.402270	0.289392	0.424667
789.182980	0.130032	0.167217	0.132701	0.173587	0.135594	0.180403	0.138745	0.187694	0.142186	0.195493	0.145957	0.203834	0.150102	0.212753	0.154671	0.222289	0.159718	0.232483	0.165305	0.243379	0.171501	0.255024	0.178384	0.267465	0.186041	0.280756	0.194567	0.294954	0.204069	0.310116	0.214666	0.326305	0.226490	0.343587	0.239689	0.362032	0.254423	0.381715	0.270872	0.402713	0.289235	0.425108
789.591550	0.130011	0.167526	0.132674	0.173906	0.135562	0.180732	0.138706	0.188032	0.142140	0.195840	0.145905	0.204191	0.150044	0.213120	0.154605	0.222665	0.159645	0.232868	0.165225	0.243772	0.171415	0.255425	0.178291	0.267874	0.185940	0.281173	0.194458	0.295377	0.203953	0.310545	0.214542	0.326739	0.226360	0.344025	0.239552	0.362473	0.254279	0.382156	0.270722	0.403154	0.289078	0.425548
790.000000	0.129990	0.167836	0.132647	0.174225	0.135529	0.181060	0.138667	0.188370	0.142095	0.196188	0.145854	0.204548	0.149986	0.213486	0.154540	0.223040	0.159573	0.233252	0.165146	0.244165	0.171328	0.255826	0.178197	0.268283	0.185839	0.281589	0.194350	0.295800	0.203837	0.310974	0.214419	0.327172	0.226229	0.344462	0.239414	0.362913	0.254134	0.382598	0.270571	0.403596	0.288921	0.425988
790.408390	0.129969	0.168145	0.132620	0.174543	0.135496	0.181388	0.138628	0.188707	0.142050	0.196535	0.145802	0.204904	0.149928	0.213851	0.154475	0.223414	0.159501	0.233635	0.165067	0.244556	0.171242	0.256225	0.178103	0.268690	0.185738	0.282004	0.194241	0.296221	0.203721	0.311400	0.214296	0.327604	0.226099	0.344898	0.239276	0.363351	0.253990	0.383038	0.270420	0.404035	0.288765	0.426426
790.816650	0.129948	0.168453	0.132593	0.174861	0.135464	0.181715	0.138589	0.189045	0.142005	0.196881	0.145750	0.205259	0.149869	0.214215	0.154410	0.223788	0.159429	0.234017	0.164988	0.244947	0.171156	0.256625	0.178009	0.269097	0.185636	0.282418	0.194133	0.296642	0.203605	0.311827	0.214173	0.328035	0.225968	0.345333	0.239139	0.363789	0.253846	0.383478	0.270270	0.404475	0.288608	0.426863
791.224790	0.129927	0.168762	0.132566	0.175179	0.135431	0.182042	0.138550	0.189381	0.141960	0.197227	0.145699	0.205614	0.149811	0.214579	0.154345	0.224161	0.159357	0.234399	0.164908	0.245338	0.171069	0.257023	0.177916	0.269503	0.185535	0.282831	0.194024	0.297062	0.203489	0.312252	0.214050	0.328465	0.225838	0.345768	0.239001	0.364226	0.253702	0.383916	0.270119	0.404913	0.288452	0.427299
791.632810	0.129906	0.169070	0.132540	0.175496	0.135398	0.182368	0.138511	0.189717	0.141915	0.197572	0.145647	0.205969	0.149753	0.214943	0.154280	0.224534	0.159285	0.234781	0.164829	0.245727	0.170983	0.257421	0.177822	0.269909	0.185435	0.283244	0.193916	0.297480	0.203373	0.312677	0.213927	0.328895	0.225708	0.346200	0.238864	0.364662	0.253558	0.384353	0.269968	0.405349	0.288295	0.427734
792.040770	0.129885	0.169378	0.132513	0.175814	0.135366	0.182695	0.138472	0.190052	0.141870	0.197917	0.145596	0.206323	0.149694	0.215306	0.154216	0.224906	0.159213	0.235162	0.164750	0.246117	0.170896	0.257819	0.177729	0.270314	0.185334	0.283656	0.193808	0.297899	0.203258	0.313101	0.213804	0.329324	0.225578	0.346633	0.238726	0.365097	0.253414	0.384789	0.269818	0.405785	0.288138	0.428168
792.448610	0.129864	0.169685	0.132487	0.176130	0.135333	0.183020	0.138434	0.190387	0.141825	0.198262	0.145544	0.206676	0.149636	0.215669	0.154151	0.225277	0.159141	0.235542	0.164671	0.246505	0.170810	0.258215	0.177636	0.270718	0.185233	0.284067	0.193700	0.298316	0.203142	0.313524	0.213681	0.329751	0.225448	0.347064	0.238590	0.365531	0.253270	0.385224	0.269668	0.406220	0.287982	0.428601
792.856380	0.129843	0.169992	0.132460	0.176447	0.135300	0.183346	0.138396	0.190722	0.141780	0.198606	0.145493	0.207030	0.149578	0.216031	0.154086	0.225648	0.159070	0.235921	0.164593	0.246893	0.170724	0.258611	0.177543	0.271122	0.185132	0.284477	0.193592	0.298733	0.203028	0.313946	0.213558	0.330178	0.225318	0.347495	0.238453	0.365964	0.253126	0.385659	0.269518	0.406655	0.287826	0.429034
793.263980	0.129823	0.170299	0.132434	0.176762	0.135268	0.183671	0.138357	0.191056	0.141735	0.198949	0.145442	0.207382	0.149521	0.216393	0.154021	0.226019	0.158999	0.236300	0.164514	0.247281	0.170639	0.259006	0.177450	0.271524	0.185032	0.284887	0.193484	0.299149	0.202912	0.314367	0.213436	0.330604	0.225188	0.347925	0.238316	0.366396	0.252982	0.386092	0.269368	0.407088	0.287670	0.429464
793.671510	0.129802	0.170605	0.132407	0.177078	0.135236	0.183996	0.138319	0.191391	0.141691	0.199292	0.145390	0.207734	0.149463	0.216754	0.153956	0.226389	0.158927	0.236679	0.164435	0.247667	0.170553	0.259400	0.177356	0.271926	0.184932	0.285296	0.193376	0.299564	0.202797	0.314788	0.213314	0.331029	0.225058	0.348353	0.238179	0.366827	0.252839	0.386524	0.269218	0.407520	0.287514	0.429894
794.078920	0.129782	0.170911	0.132381	0.177393	0.135204	0.184321	0.138281	0.191724	0.141646	0.199635	0.145339	0.208086	0.149405	0.217115	0.153892	0.226758	0.158855	0.237057	0.164357	0.248054	0.170467	0.259794	0.177263	0.272328	0.184832	0.285704	0.193268	0.299978	0.202682	0.315208	0.213191	0.331454	0.224929	0.348782	0.238043	0.367258	0.252695	0.386956	0.269068	0.407951	0.287359	0.430324
794.486270	0.129761	0.171217	0.132354	0.177708	0.135171	0.184645	0.138242	0.192057	0.141602	0.199977	0.145288	0.208437	0.149347	0.217475	0.153827	0.227127	0.158784	0.237434	0.164279	0.248439	0.170382	0.260187	0.177170	0.272728	0.184731	0.286111	0.193161	0.300392	0.202567	0.315627	0.213069	0.331877	0.224799	0.349208	0.237906	0.367687	0.252552	0.387386	0.268918	0.408381	0.287203	0.430752
794.893490	0.129740	0.171522	0.132328	0.178023	0.135139	0.184968	0.138203	0.192390	0.141557	0.200319	0.145237	0.208788	0.149290	0.217835	0.153763	0.227496	0.158713	0.237810	0.164200	0.248824	0.170296	0.260580	0.177077	0.273128	0.184631	0.286518	0.193053	0.300805	0.202452	0.316046	0.212946	0.332300	0.224670	0.349634	0.237770	0.368116	0.252408	0.387816	0.268768	0.408810	0.287047	0.431179
795.300600	0.129720	0.171827	0.132302	0.178337	0.135107	0.185292	0.138165	0.192722	0.141512	0.200660	0.145186	0.209139	0.149233	0.218194	0.153699	0.227863	0.158641	0.238186	0.164122	0.249208	0.170211	0.260972	0.176985	0.273527	0.184531	0.286923	0.192946	0.301217	0.202337	0.316463	0.212824	0.332722	0.224541	0.350060	0.237633	0.368543	0.252265	0.388244	0.268619	0.409238	0.286891	0.431605
795.707580	0.129700	0.172133	0.132276	0.178651	0.135075	0.185615	0.138127	0.193054	0.141468	0.201001	0.145136	0.209489	0.149175	0.218552	0.153634	0.228230	0.158570	0.238562	0.164044	0.249592	0.170125	0.261364	0.176892	0.273926	0.184431	0.287329	0.192839	0.301628	0.202222	0.316879	0.212702	0.333143	0.224412	0.350484	0.237497	0.368970	0.252123	0.388672	0.268469	0.409665	0.286736	0.432030
796.114500	0.129679	0.172438	0.132250	0.178964	0.135043	0.185938	0.138089	0.193386	0.141424	0.201342	0.145085	0.209838	0.149118	0.218911	0.153570	0.228597	0.158499	0.238937	0.163966	0.249975	0.170040	0.261755	0.176800	0.274324	0.184331	0.287734	0.192732	0.302038	0.202108	0.317295	0.212581	0.333564	0.224283	0.350908	0.237361	0.369396	0.251980	0.389099	0.268320	0.410092	0.286581	0.432454
796.521300	0.129659	0.172741	0.132224	0.179277	0.135011	0.186259	0.138051	0.193717	0.141379	0.201681	0.145034	0.210187	0.149060	0.219268	0.153506	0.228963	0.158428	0.239312	0.163888	0.250357	0.169955	0.262144	0.176708	0.274720	0.184231	0.288137	0.192624	0.302447	0.201994	0.317709	0.212459	0.333982	0.224154	0.351330	0.237225	0.369821	0.251837	0.389524	0.268171	0.410517	0.286426	0.432877
796.928040	0.129639	0.173045	0.132198	0.179591	0.134979	0.186581	0.138013	0.194047	0.141335	0.202021	0.144983	0.210535	0.149003	0.219625	0.153442	0.229328	0.158358	0.239686	0.163810	0.250739	0.169870	0.262533	0.176615	0.275117	0.184132	0.288541	0.192517	0.302857	0.201879	0.318124	0.212337	0.334401	0.224025	0.351752	0.237089	0.370245	0.251694	0.389950	0.268021	0.410942	0.286271	0.433299
797.334590	0.129618	0.173349	0.132172	0.179903	0.134947	0.186902	0.137975	0.194377	0.141291	0.202360	0.144933	0.210883	0.148946	0.219981	0.153378	0.229693	0.158286	0.240058	0.163732	0.251120	0.169785	0.262922	0.176523	0.275512	0.184032	0.288943	0.192410	0.303265	0.201765	0.318537	0.212215	0.334818	0.223896	0.352173	0.236953	0.370668	0.251552	0.390373	0.267873	0.411365	0.286117	0.433720
797.741090	0.129598	0.173652	0.132146	0.180214	0.134915	0.187223	0.137937	0.194707	0.141246	0.202698	0.144882	0.211230	0.148889	0.220337	0.153314	0.230058	0.158215	0.240431	0.163654	0.251500	0.169700	0.263310	0.176431	0.275907	0.183932	0.289344	0.192303	0.303672	0.201651	0.318949	0.212093	0.335235	0.223767	0.352593	0.236817	0.371090	0.251409	0.390796	0.267724	0.411787	0.285962	0.434140
798.147460	0.129578	0.173955	0.132120	0.180526	0.134883	0.187544	0.137899	0.195036	0.141202	0.203037	0.144832	0.211577	0.148831	0.220693	0.153250	0.230422	0.158144	0.240803	0.163576	0.251880	0.169615	0.263697	0.176339	0.276302	0.183833	0.289745	0.192196	0.304079	0.201537	0.319361	0.211972	0.335652	0.223638	0.353013	0.236682	0.371511	0.251266	0.391219	0.267575	0.412208	0.285807	0.434560
798.553770	0.129557	0.174258	0.132094	0.180837	0.134852	0.187864	0.137861	0.195366	0.141158	0.203374	0.144781	0.211923	0.148774	0.221047	0.153186	0.230785	0.158074	0.241174	0.163498	0.252259	0.169530	0.264084	0.176246	0.276695	0.183734	0.290144	0.192090	0.304485	0.201422	0.319772	0.211851	0.336066	0.223509	0.353430	0.236546	0.371932	0.251124	0.391640	0.267426	0.412629	0.285652	0.434977
798.959960	0.129537	0.174560	0.132068	0.181148	0.134820	0.188183	0.137824	0.195695	0.141114	0.203712	0.144731	0.212270	0.148717	0.221402	0.153122	0.231147	0.158003	0.241545	0.163421	0.252638	0.169445	0.264470	0.176154	0.277088	0.183635	0.290544	0.191983	0.304890	0.201308	0.320183	0.211730	0.336481	0.223381	0.353848	0.236410	0.372352	0.250982	0.392061	0.267278	0.413049	0.285497	0.435395
799.366030	0.129517	0.174862	0.132042	0.181459	0.134788	0.188503	0.137786	0.196023	0.141070	0.204048	0.144681	0.212615	0.148660	0.221756	0.153059	0.231509	0.157933	0.241915	0.163343	0.253015	0.169361	0.264855	0.176062	0.277480	0.183536	0.290942	0.191877	0.305294	0.201195	0.320591	0.211609	0.336894	0.223253	0.354264	0.236275	0.372770	0.250840	0.392479	0.267129	0.413467	0.285343	0.435810
799.771970	0.129497	0.175164	0.132016	0.181770	0.134757	0.188823	0.137748	0.196351	0.141027	0.204385	0.144630	0.212960	0.148603	0.222109	0.152996	0.231871	0.157862	0.242285	0.163266	0.253393	0.169276	0.265240	0.175971	0.277872	0.183437	0.291340	0.191771	0.305697	0.201081	0.321000	0.211488	0.337306	0.223125	0.354680	0.236140	0.373187	0.250699	0.392898	0.266981	0.413884	0.285189	0.436226
800.177860	0.129477	0.175465	0.131991	0.182080	0.134725	0.189141	0.137711	0.196678	0.140983	0.204721	0.144580	0.213305	0.148546	0.222462	0.152932	0.232232	0.157792	0.242654	0.163188	0.253770	0.169192	0.265624	0.175879	0.278263	0.183338	0.291738	0.191664	0.306100	0.200967	0.321407	0.211367	0.337718	0.222997	0.355095	0.236005	0.373604	0.250557	0.393315	0.266833	0.414301	0.285034	0.436640
800.583620	0.129457	0.175765	0.131965	0.182389	0.134693	0.189460	0.137673	0.197005	0.140939	0.205057	0.144530	0.213648	0.148490	0.222815	0.152868	0.232593	0.157721	0.243023	0.163111	0.254146	0.169107	0.266007	0.175787	0.278653	0.183239	0.292134	0.191558	0.306502	0.200854	0.321814	0.211246	0.338129	0.222869	0.355509	0.235870	0.374020	0.250415	0.393732	0.266684	0.414717	0.284880	0.437053
800.989260	0.129438	0.176066	0.131940	0.182699	0.134662	0.189778	0.137636	0.197331	0.140895	0.205392	0.144479	0.213992	0.148433	0.223167	0.152805	0.232953	0.157651	0.243391	0.163034	0.254522	0.169022	0.266390	0.175695	0.279043	0.183140	0.292530	0.191452	0.306904	0.200740	0.322221	0.211125	0.338540	0.222740	0.355923	0.235736	0.374435	0.250273	0.394148	0.266536	0.415132	0.284726	0.437466
801.394780	0.129418	0.176366	0.131914	0.183007	0.134631	0.190095	0.137599	0.197657	0.140851	0.205726	0.144429	0.214335	0.148377	0.223518	0.152741	0.233312	0.157581	0.243758	0.162957	0.254896	0.168938	0.266771	0.175604	0.279431	0.183041	0.292924	0.191346	0.307304	0.200627	0.322626	0.211005	0.338949	0.222613	0.356335	0.235601	0.374849	0.250131	0.394562	0.266388	0.415545	0.284572	0.437877
801.800230	0.129398	0.176666	0.131889	0.183316	0.134599	0.190412	0.137561	0.197983	0.140808	0.206060	0.144380	0.214677	0.148320	0.223869	0.152678	0.233671	0.157511	0.244124	0.162880	0.255271	0.168854	0.267153	0.175513	0.279820	0.182943	0.293319	0.191239	0.307704	0.200514	0.323031	0.210884	0.339357	0.222485	0.356746	0.235466	0.375262	0.249990	0.394976	0.266241	0.415958	0.284419	0.438288
802.205570	0.129378	0.176966	0.131863	0.183624	0.134568	0.190728	0.137524	0.198308	0.140764	0.206394	0.144330	0.215019	0.148263	0.224219	0.152615	0.234030	0.157441	0.244490	0.162803	0.255644	0.168770	0.267534	0.175422	0.280207	0.182844	0.293712	0.191133	0.308103	0.200401	0.323434	0.210764	0.339764	0.222357	0.357157	0.235331	0.375675	0.249848	0.395389	0.266093	0.416370	0.284265	0.438697
802.610840	0.129359	0.177265	0.131838	0.183932	0.134537	0.191044	0.137487	0.198633	0.140721	0.206727	0.144280	0.215361	0.148207	0.224569	0.152552	0.234387	0.157371	0.244856	0.162726	0.256017	0.168687	0.267914	0.175331	0.280594	0.182746	0.294105	0.191028	0.308501	0.200288	0.323837	0.210644	0.340171	0.222230	0.357566	0.235197	0.376086	0.249707	0.395801	0.265946	0.416781	0.284111	0.439106
803.015990	0.129339	0.177565	0.131813	0.184240	0.134506	0.191360	0.137450	0.198958	0.140677	0.207060	0.144230	0.215702	0.148151	0.224919	0.152490	0.234745	0.157301	0.245221	0.162649	0.256390	0.168603	0.268294	0.175239	0.280980	0.182647	0.294497	0.190922	0.308899	0.200175	0.324240	0.210523	0.340578	0.222103	0.357975	0.235063	0.376497	0.249566	0.396212	0.265798	0.417192	0.283958	0.439514
803.421020	0.129319	0.177863	0.131787	0.184547	0.134475	0.191676	0.137412	0.199281	0.140634	0.207392	0.144180	0.216043	0.148094	0.225267	0.152426	0.235101	0.157232	0.245585	0.162572	0.256761	0.168518	0.268672	0.175148	0.281365	0.182549	0.294888	0.190817	0.309295	0.200062	0.324641	0.210403	0.340983	0.221976	0.358383	0.234928	0.376906	0.249425	0.396622	0.265651	0.417601	0.283805	0.439920
803.825930	0.129300	0.178162	0.131762	0.184853	0.134443	0.191991	0.137375	0.199605	0.140591	0.207724	0.144130	0.216383	0.148038	0.225615	0.152363	0.235458	0.157162	0.245950	0.162495	0.257132	0.168434	0.269050	0.175057	0.281750	0.182450	0.295279	0.190711	0.309692	0.199949	0.325042	0.210283	0.341387	0.221849	0.358790	0.234794	0.377315	0.249285	0.397031	0.265503	0.418009	0.283652	0.440326
804.230770	0.129280	0.178460	0.131737	0.185159	0.134412	0.192306	0.137338	0.199928	0.140547	0.208056	0.144081	0.216722	0.147982	0.225963	0.152300	0.235813	0.157092	0.246313	0.162418	0.257503	0.168350	0.269428	0.174966	0.282134	0.182352	0.295669	0.190606	0.310087	0.199836	0.325441	0.210163	0.341791	0.221722	0.359196	0.234660	0.377723	0.249144	0.397439	0.265356	0.418417	0.283499	0.440731
804.635440	0.129260	0.178757	0.131712	0.185465	0.134381	0.192621	0.137301	0.200250	0.140504	0.208387	0.144031	0.217061	0.147926	0.226310	0.152238	0.236168	0.157022	0.246675	0.162342	0.257873	0.168267	0.269805	0.174875	0.282517	0.182254	0.296058	0.190500	0.310481	0.199723	0.325840	0.210043	0.342193	0.221594	0.359602	0.234526	0.378130	0.249003	0.397847	0.265209	0.418823	0.283345	0.441135
805.040100	0.129241	0.179054	0.131687	0.185771	0.134350	0.192935	0.137263	0.200573	0.140461	0.208718	0.143981	0.217401	0.147869	0.226657	0.152175	0.236523	0.156952	0.247038	0.162265	0.258243	0.168184	0.270181	0.174784	0.282900	0.182155	0.296446	0.190395	0.310875	0.199611	0.326238	0.209923	0.342596	0.221467	0.360007	0.234392	0.378537	0.248862	0.398254	0.265061	0.419229	0.283192	0.441538
805.444580	0.129222	0.179351	0.131661	0.186077	0.134319	0.193248	0.137227	0.200895	0.140418	0.209047	0.143932	0.217739	0.147814	0.227003	0.152112	0.236877	0.156883	0.247399	0.162189	0.258611	0.168100	0.270556	0.174693	0.283281	0.182058	0.296834	0.190290	0.311268	0.199498	0.326636	0.209803	0.342996	0.221340	0.360410	0.234258	0.378942	0.248722	0.398659	0.264915	0.419633	0.283039	0.441939
805.849000	0.129202	0.179648	0.131636	0.186382	0.134288	0.193561	0.137190	0.201217	0.140375	0.209377	0.143882	0.218077	0.147758	0.227349	0.152049	0.237230	0.156814	0.247760	0.162113	0.258979	0.168016	0.270931	0.174603	0.283663	0.181960	0.297221	0.190185	0.311660	0.199386	0.327033	0.209684	0.343397	0.221213	0.360813	0.234124	0.379347	0.248581	0.399065	0.264768	0.420037	0.282887	0.442341
806.253300	0.129183	0.179945	0.131612	0.186686	0.134258	0.193874	0.137153	0.201538	0.140332	0.209706	0.143833	0.218414	0.147702	0.227694	0.151987	0.237583	0.156745	0.248120	0.162036	0.259347	0.167933	0.271305	0.174513	0.284043	0.181863	0.297608	0.190080	0.312052	0.199274	0.327428	0.209564	0.343796	0.221087	0.361216	0.233990	0.379750	0.248441	0.399469	0.264621	0.420440	0.282735	0.442741
806.657470	0.129164	0.180241	0.131587	0.186990	0.134227	0.194187	0.137116	0.201858	0.140289	0.210035	0.143784	0.218751	0.147646	0.228039	0.151925	0.237935	0.156676	0.248480	0.161960	0.259713	0.167850	0.271679	0.174422	0.284423	0.181765	0.297993	0.189975	0.312442	0.199162	0.327823	0.209445	0.344195	0.220961	0.361617	0.233857	0.380153	0.248301	0.399871	0.264475	0.420842	0.282582	0.443141
807.061580	0.129145	0.180537	0.131562	0.187294	0.134196	0.194499	0.137079	0.202179	0.140246	0.210364	0.143735	0.219087	0.147591	0.228383	0.151863	0.238288	0.156606	0.248840	0.161884	0.260080	0.167767	0.272053	0.174332	0.284803	0.181667	0.298379	0.189870	0.312832	0.199050	0.328218	0.209326	0.344593	0.220835	0.362018	0.233724	0.380555	0.248161	0.400274	0.264329	0.421244	0.282430	0.443540
807.465580	0.129126	0.180832	0.131538	0.187598	0.134166	0.194811	0.137043	0.202498	0.140204	0.210692	0.143686	0.219423	0.147535	0.228727	0.151800	0.238639	0.156537	0.249198	0.161808	0.260445	0.167684	0.272425	0.174242	0.285181	0.181570	0.298763	0.189765	0.313221	0.198938	0.328611	0.209207	0.344990	0.220708	0.362417	0.233591	0.380956	0.248021	0.400675	0.264182	0.421643	0.282277	0.443937
807.869450	0.129107	0.181128	0.131513	0.187902	0.134136	0.195122	0.137007	0.202818	0.140161	0.211019	0.143637	0.219759	0.147480	0.229070	0.151738	0.238990	0.156468	0.249556	0.161733	0.260811	0.167601	0.272797	0.174152	0.285559	0.181472	0.299147	0.189661	0.313610	0.198826	0.329005	0.209088	0.345387	0.220582	0.362816	0.233458	0.381356	0.247881	0.401075	0.264036	0.422043	0.282125	0.444334
808.273250	0.129088	0.181422	0.131488	0.188205	0.134105	0.195433	0.136970	0.203137	0.140118	0.211346	0.143588	0.220093	0.147424	0.229412	0.151676	0.239340	0.156399	0.249914	0.161657	0.261175	0.167518	0.273168	0.174062	0.285936	0.181375	0.299530	0.189557	0.313998	0.198714	0.329397	0.208969	0.345782	0.220456	0.363214	0.233325	0.381756	0.247742	0.401475	0.263890	0.422441	0.281973	0.444729
808.676940	0.129069	0.181716	0.131464	0.188507	0.134075	0.195744	0.136934	0.203456	0.140076	0.211673	0.143539	0.220428	0.147369	0.229754	0.151614	0.239689	0.156330	0.250270	0.161581	0.261540	0.167435	0.273538	0.173972	0.286313	0.181279	0.299912	0.189452	0.314385	0.198602	0.329789	0.208850	0.346177	0.220330	0.363611	0.233192	0.382155	0.247602	0.401874	0.263745	0.422839	0.281821	0.445123
809.080510	0.129050	0.182011	0.131439	0.188809	0.134044	0.196054	0.136898	0.203774	0.140033	0.211999	0.143490	0.220762	0.147313	0.230096	0.151552	0.240039	0.156261	0.250627	0.161505	0.261903	0.167352	0.273909	0.173882	0.286689	0.181182	0.300294	0.189348	0.314772	0.198491	0.330180	0.208731	0.346571	0.220204	0.364008	0.233060	0.382553	0.247463	0.402272	0.263599	0.423236	0.281670	0.445517
809.483950	0.129031	0.182304	0.131414	0.189111	0.134014	0.196364	0.136861	0.204092	0.139991	0.212325	0.143441	0.221095	0.147258	0.230437	0.151490	0.240387	0.156193	0.250983	0.161430	0.262266	0.167270	0.274277	0.173793	0.287064	0.181085	0.300674	0.189244	0.315157	0.198379	0.330569	0.208613	0.346964	0.220078	0.364403	0.232927	0.382949	0.247324	0.402669	0.263453	0.423631	0.281518	0.445910
809.887330	0.129012	0.182597	0.131390	0.189412	0.133983	0.196673	0.136825	0.204409	0.139948	0.212650	0.143393	0.221428	0.147202	0.230778	0.151428	0.240736	0.156124	0.251339	0.161354	0.262628	0.167187	0.274646	0.173703	0.287439	0.180988	0.301054	0.189140	0.315542	0.198268	0.330958	0.208494	0.347356	0.219953	0.364799	0.232794	0.383345	0.247184	0.403065	0.263307	0.424027	0.281366	0.446302
810.290590	0.128993	0.182890	0.131365	0.189713	0.133953	0.196982	0.136789	0.204726	0.139905	0.212975	0.143344	0.221760	0.147147	0.231118	0.151366	0.241083	0.156056	0.251693	0.161279	0.262989	0.167105	0.275014	0.173613	0.287813	0.180891	0.301433	0.189036	0.315926	0.198157	0.331346	0.208376	0.347748	0.219827	0.365192	0.232661	0.383740	0.247045	0.403460	0.263161	0.424420	0.281215	0.446693
810.693730	0.128974	0.183183	0.131341	0.190014	0.133923	0.197291	0.136753	0.205043	0.139863	0.213299	0.143295	0.222093	0.147092	0.231458	0.151304	0.241430	0.155987	0.252047	0.161203	0.263350	0.167022	0.275381	0.173523	0.288186	0.180794	0.301812	0.188932	0.316310	0.198046	0.331734	0.208257	0.348139	0.219702	0.365585	0.232529	0.384135	0.246906	0.403854	0.263016	0.424813	0.281064	0.447084
811.096800	0.128955	0.183475	0.131316	0.190314	0.133893	0.197599	0.136716	0.205359	0.139821	0.213623	0.143246	0.222424	0.147037	0.231797	0.151242	0.241776	0.155919	0.252401	0.161128	0.263710	0.166940	0.275748	0.173434	0.288558	0.180697	0.302191	0.188828	0.316693	0.197934	0.332121	0.208139	0.348529	0.219576	0.365978	0.232396	0.384529	0.246767	0.404248	0.262870	0.425206	0.280913	0.447473
811.499760	0.128937	0.183767	0.131292	0.190614	0.133863	0.197906	0.136680	0.205674	0.139779	0.213946	0.143198	0.222755	0.146982	0.232135	0.151181	0.242122	0.155850	0.252753	0.161053	0.264070	0.166858	0.276114	0.173344	0.288930	0.180601	0.302567	0.188724	0.317075	0.197824	0.332506	0.208021	0.348918	0.219451	0.366369	0.232264	0.384921	0.246628	0.404641	0.262725	0.425597	0.280762	0.447861
811.902590	0.128918	0.184059	0.131267	0.190914	0.133832	0.198214	0.136644	0.205989	0.139736	0.214269	0.143149	0.223086	0.146927	0.232473	0.151119	0.242467	0.155782	0.253106	0.160977	0.264429	0.166775	0.276480	0.173255	0.289301	0.180504	0.302944	0.188620	0.317457	0.197713	0.332892	0.207903	0.349307	0.219325	0.366760	0.232132	0.385313	0.246489	0.405033	0.262580	0.425988	0.280611	0.448249
812.305300	0.128899	0.184351	0.131243	0.191213	0.133802	0.198521	0.136608	0.206303	0.139694	0.214591	0.143100	0.223416	0.146872	0.232811	0.151058	0.242812	0.155713	0.253458	0.160902	0.264787	0.166693	0.276844	0.173166	0.289672	0.180408	0.303320	0.188517	0.317837	0.197602	0.333276	0.207785	0.349694	0.219200	0.367149	0.232000	0.385704	0.246350	0.405424	0.262435	0.426377	0.280460	0.448635
812.707950	0.128880	0.184642	0.131219	0.191511	0.133772	0.198827	0.136571	0.206618	0.139652	0.214913	0.143052	0.223746	0.146817	0.233148	0.150996	0.243156	0.155645	0.253809	0.160827	0.265145	0.166611	0.277208	0.173077	0.290042	0.180311	0.303695	0.188413	0.318217	0.197491	0.333660	0.207667	0.350081	0.219076	0.367539	0.231869	0.386094	0.246211	0.405814	0.262290	0.426765	0.280309	0.449021
813.110470	0.128862	0.184933	0.131194	0.191810	0.133742	0.199134	0.136535	0.206932	0.139610	0.215235	0.143004	0.224075	0.146762	0.233485	0.150935	0.243500	0.155577	0.254160	0.160751	0.265503	0.166529	0.277572	0.172988	0.290411	0.180215	0.304070	0.188310	0.318596	0.197381	0.334044	0.207549	0.350468	0.218951	0.367927	0.231737	0.386484	0.246073	0.406203	0.262145	0.427153	0.280158	0.449406
813.512940	0.128843	0.185223	0.131170	0.192108	0.133712	0.199440	0.136500	0.207246	0.139568	0.215556	0.142956	0.224404	0.146708	0.233821	0.150874	0.243844	0.155509	0.254510	0.160677	0.265859	0.166447	0.277934	0.172899	0.290780	0.180119	0.304444	0.188206	0.318974	0.197270	0.334426	0.207431	0.350853	0.218826	0.368314	0.231605	0.386872	0.245935	0.406591	0.262001	0.427540	0.280007	0.449790
813.915220	0.128825	0.185513	0.131146	0.192406	0.133682	0.199746	0.136464	0.207559	0.139526	0.215877	0.142908	0.224733	0.146653	0.234156	0.150812	0.244187	0.155441	0.254859	0.160602	0.266216	0.166365	0.278297	0.172810	0.291148	0.180023	0.304817	0.188103	0.319352	0.197159	0.334808	0.207314	0.351238	0.218701	0.368701	0.231474	0.387260	0.245797	0.406979	0.261856	0.427927	0.279857	0.450174
814.317440	0.128806	0.185803	0.131122	0.192704	0.133653	0.200051	0.136429	0.207872	0.139484	0.216198	0.142860	0.225060	0.146599	0.234491	0.150751	0.244529	0.155373	0.255208	0.160527	0.266571	0.166284	0.278658	0.172721	0.291516	0.179927	0.305189	0.188000	0.319729	0.197049	0.335188	0.207196	0.351622	0.218577	0.369087	0.231342	0.387647	0.245659	0.407366	0.261712	0.428311	0.279706	0.450556
814.719540	0.128788	0.186092	0.131099	0.193001	0.133623	0.200355	0.136393	0.208184	0.139442	0.216518	0.142812	0.225388	0.146544	0.234826	0.150690	0.244871	0.155305	0.255557	0.160453	0.266926	0.166202	0.279019	0.172633	0.291882	0.179832	0.305561	0.187897	0.320105	0.196939	0.335569	0.207079	0.352005	0.218453	0.369472	0.231211	0.388033	0.245520	0.407752	0.261568	0.428696	0.279556	0.450937
815.121580	0.128770	0.186381	0.131075	0.193298	0.133593	0.200660	0.136357	0.208496	0.139400	0.216837	0.142764	0.225715	0.146490	0.235161	0.150630	0.245212	0.155238	0.255905	0.160378	0.267280	0.166120	0.279380	0.172544	0.292249	0.179736	0.305932	0.187794	0.320481	0.196829	0.335948	0.206962	0.352387	0.218328	0.369857	0.231079	0.388419	0.245382	0.408137	0.261423	0.429080	0.279406	0.451318
815.523500	0.128751	0.186670	0.131051	0.193594	0.133563	0.200964	0.136321	0.208808	0.139359	0.217156	0.142716	0.226041	0.146435	0.235494	0.150568	0.245552	0.155170	0.256252	0.160304	0.267634	0.166039	0.279740	0.172455	0.292614	0.179640	0.306302	0.187691	0.320856	0.196719	0.336327	0.206845	0.352768	0.218204	0.370240	0.230948	0.388803	0.245244	0.408521	0.261279	0.429462	0.279256	0.451697
815.925290	0.128733	0.186958	0.131026	0.193890	0.133534	0.201268	0.136286	0.209119	0.139317	0.217475	0.142668	0.226366	0.146381	0.235827	0.150507	0.245892	0.155103	0.256599	0.160229	0.267987	0.165957	0.280099	0.172367	0.292979	0.179544	0.306672	0.187588	0.321230	0.196608	0.336705	0.206728	0.353149	0.218080	0.370624	0.230817	0.389188	0.245107	0.408906	0.261135	0.429845	0.279106	0.452076
816.326970	0.128715	0.187246	0.131003	0.194185	0.133504	0.201571	0.136250	0.209430	0.139275	0.217793	0.142620	0.226692	0.146327	0.236159	0.150446	0.246231	0.155035	0.256945	0.160155	0.268340	0.165876	0.280457	0.172278	0.293343	0.179449	0.307041	0.187486	0.321603	0.196499	0.337081	0.206611	0.353529	0.217956	0.371005	0.230686	0.389570	0.244969	0.409288	0.260991	0.430225	0.278956	0.452454
816.728580	0.128696	0.187534	0.130979	0.194481	0.133475	0.201873	0.136215	0.209740	0.139234	0.218110	0.142572	0.227016	0.146273	0.236492	0.150385	0.246570	0.154967	0.257291	0.160080	0.268692	0.165795	0.280815	0.172190	0.293706	0.179353	0.307410	0.187383	0.321976	0.196389	0.337458	0.206493	0.353909	0.217832	0.371386	0.230555	0.389952	0.244832	0.409669	0.260847	0.430605	0.278806	0.452831
817.130070	0.128678	0.187821	0.130955	0.194775	0.133445	0.202176	0.136180	0.210050	0.139193	0.218428	0.142524	0.227341	0.146218	0.236823	0.150324	0.246909	0.154899	0.257636	0.160006	0.269044	0.165714	0.281173	0.172101	0.294069	0.179258	0.307778	0.187281	0.322348	0.196279	0.337833	0.206376	0.354287	0.217708	0.371767	0.230425	0.390333	0.244695	0.410050	0.260703	0.430985	0.278657	0.453208
817.531430	0.128660	0.188108	0.130932	0.195070	0.133416	0.202478	0.136144	0.210359	0.139151	0.218744	0.142476	0.227665	0.146164	0.237154	0.150264	0.247246	0.154832	0.257980	0.159932	0.269394	0.165633	0.281529	0.172013	0.294431	0.179163	0.308145	0.187178	0.322720	0.196170	0.338208	0.206260	0.354665	0.217584	0.372146	0.230294	0.390713	0.244557	0.410430	0.260560	0.431363	0.278507	0.453583
817.932740	0.128642	0.188395	0.130908	0.195364	0.133386	0.202779	0.136109	0.210668	0.139110	0.219061	0.142429	0.227989	0.146110	0.237485	0.150203	0.247584	0.154765	0.258324	0.159857	0.269744	0.165552	0.281886	0.171925	0.294792	0.179067	0.308512	0.187076	0.323091	0.196060	0.338583	0.206144	0.355042	0.217461	0.372525	0.230164	0.391093	0.244420	0.410810	0.260416	0.431742	0.278358	0.453958
818.333920	0.128624	0.188681	0.130884	0.195657	0.133357	0.203080	0.136074	0.210977	0.139069	0.219377	0.142381	0.228312	0.146056	0.237814	0.150143	0.247921	0.154698	0.258668	0.159784	0.270094	0.165471	0.282241	0.171837	0.295153	0.178972	0.308877	0.186974	0.323461	0.195951	0.338957	0.206027	0.355418	0.217337	0.372903	0.230033	0.391472	0.244283	0.411189	0.260273	0.432118	0.278209	0.454331
818.734990	0.128606	0.188967	0.130861	0.195951	0.133327	0.203381	0.136038	0.211285	0.139027	0.219692	0.142334	0.228635	0.146002	0.238144	0.150082	0.248258	0.154631	0.259010	0.159710	0.270443	0.165390	0.282596	0.171749	0.295514	0.178877	0.309242	0.186872	0.323830	0.195841	0.339330	0.205910	0.355794	0.217214	0.373281	0.229903	0.391850	0.244146	0.411566	0.260130	0.432494	0.278060	0.454704
819.135930	0.128588	0.189253	0.130837	0.196244	0.133298	0.203682	0.136003	0.211593	0.138986	0.220008	0.142286	0.228957	0.145948	0.238473	0.150022	0.248594	0.154563	0.259353	0.159636	0.270792	0.165309	0.282950	0.171661	0.295874	0.178782	0.309606	0.186769	0.324199	0.195732	0.339702	0.205794	0.356169	0.217090	0.373657	0.229773	0.392228	0.244009	0.411943	0.259986	0.432869	0.277910	0.455076
819.536800	0.128570	0.189538	0.130813	0.196537	0.133269	0.203982	0.135968	0.211900	0.138945	0.220322	0.142239	0.229279	0.145894	0.238802	0.149961	0.248929	0.154496	0.259694	0.159562	0.271139	0.165228	0.283303	0.171573	0.296232	0.178687	0.309970	0.186667	0.324566	0.195623	0.340073	0.205677	0.356542	0.216967	0.374033	0.229643	0.392604	0.243872	0.412319	0.259843	0.433243	0.277761	0.455447
819.937560	0.128552	0.189824	0.130790	0.196829	0.133240	0.204281	0.135932	0.212207	0.138903	0.220636	0.142191	0.229600	0.145840	0.239131	0.149901	0.249264	0.154429	0.260036	0.159488	0.271487	0.165148	0.283657	0.171486	0.296590	0.178593	0.310333	0.186565	0.324934	0.195514	0.340443	0.205561	0.356916	0.216844	0.374408	0.229512	0.392980	0.243735	0.412694	0.259700	0.433617	0.277612	0.455817
820.338260	0.128534	0.190108	0.130766	0.197121	0.133211	0.204581	0.135898	0.212514	0.138862	0.220950	0.142144	0.229921	0.145787	0.239458	0.149841	0.249598	0.154363	0.260377	0.159414	0.271833	0.165067	0.284009	0.171398	0.296948	0.178498	0.310695	0.186463	0.325300	0.195405	0.340813	0.205445	0.357288	0.216721	0.374783	0.229382	0.393355	0.243599	0.413069	0.259558	0.433989	0.277464	0.456187
820.738770	0.128516	0.190393	0.130743	0.197413	0.133182	0.204880	0.135863	0.212820	0.138822	0.221263	0.142097	0.230241	0.145733	0.239786	0.149781	0.249931	0.154296	0.260717	0.159341	0.272179	0.164987	0.284361	0.171311	0.297305	0.178404	0.311057	0.186362	0.325666	0.195297	0.341182	0.205329	0.357660	0.216598	0.375156	0.229253	0.393729	0.243463	0.413442	0.259415	0.434361	0.277315	0.456555
821.139220	0.128499	0.190677	0.130720	0.197704	0.133153	0.205179	0.135828	0.213126	0.138781	0.221576	0.142050	0.230561	0.145679	0.240112	0.149721	0.250265	0.154229	0.261057	0.159267	0.272525	0.164906	0.284713	0.171224	0.297662	0.178309	0.311418	0.186261	0.326032	0.195188	0.341551	0.205214	0.358032	0.216475	0.375529	0.229123	0.394102	0.243327	0.413815	0.259272	0.434733	0.277166	0.456924
821.539550	0.128481	0.190960	0.130697	0.197995	0.133124	0.205476	0.135793	0.213431	0.138739	0.221888	0.142002	0.230880	0.145626	0.240438	0.149661	0.250597	0.154162	0.261395	0.159194	0.272870	0.164826	0.285063	0.171136	0.298017	0.178215	0.311779	0.186159	0.326396	0.195079	0.341918	0.205098	0.358402	0.216352	0.375901	0.228994	0.394475	0.243191	0.414187	0.259130	0.435103	0.277018	0.457290
821.939820	0.128464	0.191243	0.130673	0.198286	0.133094	0.205774	0.135758	0.213736	0.138698	0.222200	0.141955	0.231199	0.145573	0.240764	0.149601	0.250930	0.154096	0.261734	0.159120	0.273215	0.164745	0.285413	0.171049	0.298373	0.178120	0.312139	0.186057	0.326760	0.194970	0.342286	0.204982	0.358771	0.216229	0.376272	0.228864	0.394847	0.243054	0.414559	0.258987	0.435472	0.276869	0.457657
822.339970	0.128446	0.191526	0.130650	0.198576	0.133066	0.206072	0.135723	0.214040	0.138657	0.222511	0.141908	0.231517	0.145519	0.241089	0.149541	0.251261	0.154030	0.262072	0.159047	0.273559	0.164665	0.285762	0.170962	0.298727	0.178026	0.312498	0.185956	0.327123	0.194862	0.342652	0.204867	0.359140	0.216107	0.376642	0.228735	0.395218	0.242918	0.414929	0.258845	0.435841	0.276721	0.458022
822.739990	0.128428	0.191809	0.130627	0.198866	0.133037	0.206369	0.135689	0.214344	0.138617	0.222823	0.141861	0.231835	0.145466	0.241414	0.149481	0.251593	0.153963	0.262410	0.158974	0.273902	0.164585	0.286111	0.170875	0.299081	0.177932	0.312856	0.185855	0.327485	0.194753	0.343018	0.204752	0.359509	0.215985	0.377012	0.228605	0.395588	0.242782	0.415299	0.258703	0.436209	0.276573	0.458386
823.139890	0.128411	0.192092	0.130604	0.199155	0.133008	0.206666	0.135654	0.214648	0.138576	0.223134	0.141815	0.232153	0.145413	0.241738	0.149421	0.251923	0.153897	0.262747	0.158901	0.274245	0.164505	0.286460	0.170788	0.299434	0.177838	0.313214	0.185754	0.327847	0.194645	0.343383	0.204637	0.359876	0.215862	0.377381	0.228476	0.395958	0.242647	0.415668	0.258560	0.436576	0.276425	0.458750
823.539730	0.128393	0.192374	0.130581	0.199444	0.132979	0.206961	0.135620	0.214951	0.138535	0.223444	0.141768	0.232470	0.145360	0.242062	0.149362	0.252253	0.153830	0.263082	0.158828	0.274586	0.164425	0.286807	0.170701	0.299787	0.177744	0.313571	0.185652	0.328208	0.194537	0.343747	0.204522	0.360242	0.215740	0.377749	0.228347	0.396327	0.242511	0.416036	0.258418	0.436942	0.276278	0.459113
823.939450	0.128376	0.192655	0.130558	0.199733	0.132950	0.207257	0.135585	0.215254	0.138495	0.223754	0.141721	0.232787	0.145307	0.242385	0.149302	0.252583	0.153764	0.263418	0.158755	0.274928	0.164345	0.287154	0.170614	0.300140	0.177650	0.313928	0.185551	0.328568	0.194429	0.344111	0.204406	0.360609	0.215618	0.378117	0.228218	0.396695	0.242376	0.416403	0.258276	0.437308	0.276130	0.459476
824.339050	0.128358	0.192936	0.130535	0.200021	0.132922	0.207553	0.135551	0.215556	0.138454	0.224063	0.141674	0.233103	0.145254	0.242707	0.149242	0.252912	0.153698	0.263753	0.158682	0.275269	0.164265	0.287501	0.170527	0.300491	0.177556	0.314283	0.185451	0.328928	0.194321	0.344474	0.204291	0.360974	0.215496	0.378484	0.228089	0.397062	0.242240	0.416770	0.258135	0.437672	0.275983	0.459837
824.738590	0.128341	0.193217	0.130512	0.200310	0.132894	0.207848	0.135516	0.215858	0.138414	0.224372	0.141628	0.233418	0.145201	0.243029	0.149183	0.253241	0.153631	0.264088	0.158609	0.275610	0.164185	0.287847	0.170441	0.300841	0.177462	0.314639	0.185350	0.329287	0.194214	0.344836	0.204176	0.361338	0.215374	0.378850	0.227960	0.397428	0.242105	0.417136	0.257993	0.438036	0.275835	0.460197
825.138000	0.128323	0.193498	0.130489	0.200597	0.132865	0.208143	0.135481	0.216160	0.138373	0.224680	0.141581	0.233734	0.145148	0.243351	0.149124	0.253569	0.153565	0.264422	0.158536	0.275950	0.164106	0.288192	0.170354	0.301192	0.177369	0.314993	0.185249	0.329646	0.194106	0.345198	0.204061	0.361702	0.215252	0.379215	0.227832	0.397794	0.241969	0.417501	0.257851	0.438399	0.275687	0.460557
825.537290	0.128306	0.193778	0.130466	0.200884	0.132836	0.208436	0.135447	0.216461	0.138333	0.224988	0.141534	0.234048	0.145095	0.243673	0.149064	0.253897	0.153499	0.264756	0.158463	0.276289	0.164026	0.288537	0.170267	0.301541	0.177275	0.315347	0.185149	0.330003	0.193998	0.345558	0.203947	0.362065	0.215131	0.379579	0.227704	0.398159	0.241834	0.417864	0.257710	0.438761	0.275540	0.460915
825.936460	0.128289	0.194058	0.130444	0.201171	0.132808	0.208730	0.135412	0.216762	0.138292	0.225296	0.141487	0.234362	0.145041	0.243994	0.149005	0.254224	0.153433	0.265089	0.158391	0.276628	0.163947	0.288881	0.170181	0.301890	0.177182	0.315701	0.185048	0.330360	0.193890	0.345919	0.203832	0.362427	0.215009	0.379943	0.227575	0.398523	0.241699	0.418228	0.257568	0.439122	0.275392	0.461274
826.335570	0.128272	0.194338	0.130421	0.201458	0.132779	0.209024	0.135378	0.217062	0.138252	0.225603	0.141441	0.234676	0.144989	0.244314	0.148946	0.254550	0.153368	0.265421	0.158318	0.276966	0.163868	0.289224	0.170095	0.302238	0.177088	0.316053	0.184948	0.330716	0.193783	0.346278	0.203718	0.362789	0.214888	0.380306	0.227447	0.398886	0.241564	0.418590	0.257428	0.439483	0.275246	0.461631
826.734560	0.128254	0.194617	0.130398	0.201744	0.132751	0.209317	0.135344	0.217362	0.138213	0.225910	0.141395	0.234989	0.144936	0.244633	0.148887	0.254876	0.153303	0.265753	0.158246	0.277303	0.163789	0.289567	0.170008	0.302586	0.176995	0.316406	0.184848	0.331072	0.193675	0.346636	0.203603	0.363150	0.214767	0.380668	0.227318	0.399249	0.241429	0.418952	0.257287	0.439843	0.275099	0.461987
827.133420	0.128237	0.194896	0.130375	0.202031	0.132723	0.209610	0.135310	0.217662	0.138173	0.226216	0.141349	0.235302	0.144884	0.244953	0.148828	0.255202	0.153237	0.266085	0.158174	0.277641	0.163709	0.289909	0.169922	0.302933	0.176902	0.316757	0.184748	0.331427	0.193568	0.346994	0.203489	0.363510	0.214645	0.381030	0.227190	0.399611	0.241295	0.419313	0.257146	0.440202	0.274952	0.462343
827.532230	0.128220	0.195174	0.130353	0.202316	0.132694	0.209902	0.135276	0.217961	0.138132	0.226522	0.141302	0.235615	0.144831	0.245271	0.148769	0.255526	0.153171	0.266416	0.158101	0.277977	0.163630	0.290251	0.169836	0.303280	0.176809	0.317107	0.184647	0.331782	0.193461	0.347351	0.203374	0.363870	0.214524	0.381390	0.227062	0.399972	0.241160	0.419674	0.257005	0.440560	0.274805	0.462698
827.930910	0.128203	0.195453	0.130330	0.202602	0.132666	0.210194	0.135242	0.218260	0.138092	0.226828	0.141256	0.235927	0.144779	0.245590	0.148709	0.255851	0.153105	0.266747	0.158029	0.278314	0.163551	0.290592	0.169750	0.303626	0.176716	0.317457	0.184547	0.332136	0.193354	0.347708	0.203260	0.364229	0.214403	0.381751	0.226934	0.400332	0.241025	0.420034	0.256863	0.440918	0.274658	0.463053
828.329470	0.128186	0.195731	0.130307	0.202886	0.132638	0.210486	0.135208	0.218558	0.138052	0.227133	0.141210	0.236238	0.144727	0.245908	0.148651	0.256175	0.153040	0.267076	0.157956	0.278649	0.163472	0.290932	0.169664	0.303971	0.176623	0.317807	0.184447	0.332488	0.193247	0.348064	0.203146	0.364587	0.214282	0.382110	0.226806	0.400692	0.240891	0.420392	0.256723	0.441274	0.274512	0.463405
828.727970	0.128169	0.196008	0.130285	0.203170	0.132609	0.210777	0.135173	0.218857	0.138011	0.227437	0.141164	0.236550	0.144674	0.246225	0.148592	0.256498	0.152975	0.267405	0.157884	0.278983	0.163393	0.291273	0.169578	0.304315	0.176530	0.318156	0.184347	0.332841	0.193140	0.348419	0.203032	0.364944	0.214161	0.382468	0.226678	0.401050	0.240757	0.420750	0.256582	0.441630	0.274365	0.463758
829.126340	0.128152	0.196286	0.130262	0.203454	0.132581	0.211068	0.135139	0.219154	0.137971	0.227741	0.141117	0.236860	0.144621	0.246542	0.148533	0.256821	0.152909	0.267734	0.157812	0.279318	0.163314	0.291612	0.169493	0.304659	0.176438	0.318504	0.184247	0.333192	0.193033	0.348774	0.202918	0.365301	0.214040	0.382826	0.226551	0.401408	0.240622	0.421108	0.256442	0.441985	0.274219	0.464109
829.524600	0.128134	0.196563	0.130240	0.203738	0.132553	0.211358	0.135105	0.219451	0.137932	0.228045	0.141071	0.237170	0.144569	0.246859	0.148474	0.257143	0.152844	0.268062	0.157740	0.279651	0.163235	0.291950	0.169407	0.305002	0.176345	0.318851	0.184147	0.333543	0.192926	0.349128	0.202804	0.365656	0.213919	0.383183	0.226423	0.401766	0.240488	0.421464	0.256301	0.442339	0.274072	0.464460
829.922730	0.128117	0.196839	0.130217	0.204021	0.132525	0.211649	0.135072	0.219748	0.137892	0.228348	0.141025	0.237480	0.144516	0.247175	0.148415	0.257465	0.152779	0.268390	0.157668	0.279984	0.163156	0.292288	0.169321	0.305345	0.176252	0.319198	0.184047	0.333894	0.192820	0.349481	0.202690	0.366012	0.213798	0.383540	0.226296	0.402123	0.240354	0.421820	0.256161	0.442693	0.273926	0.464810
830.320800	0.128101	0.197115	0.130195	0.204304	0.132497	0.211938	0.135038	0.220044	0.137852	0.228651	0.140979	0.237789	0.144464	0.247490	0.148357	0.257787	0.152713	0.268717	0.157596	0.280317	0.163077	0.292626	0.169235	0.305687	0.176160	0.319544	0.183948	0.334243	0.192713	0.349834	0.202577	0.366366	0.213678	0.383895	0.226169	0.402478	0.240220	0.422175	0.256021	0.443046	0.273781	0.465159
830.718750	0.128084	0.197391	0.130173	0.204587	0.132469	0.212228	0.135004	0.220340	0.137812	0.228953	0.140933	0.238098	0.144412	0.247805	0.148298	0.258108	0.152648	0.269043	0.157525	0.280648	0.162999	0.292963	0.169150	0.306029	0.176067	0.319890	0.183849	0.334592	0.192606	0.350185	0.202463	0.366720	0.213557	0.384250	0.226042	0.402834	0.240087	0.422529	0.255881	0.443398	0.273635	0.465508
831.116580	0.128067	0.197667	0.130150	0.204870	0.132441	0.212517	0.134970	0.220635	0.137772	0.229255	0.140888	0.238406	0.144360	0.248119	0.148240	0.258429	0.152583	0.269369	0.157453	0.280980	0.162920	0.293299	0.169065	0.306370	0.175975	0.320235	0.183750	0.334941	0.192500	0.350537	0.202350	0.367073	0.213437	0.384605	0.225915	0.403189	0.239953	0.422882	0.255741	0.443750	0.273489	0.465856
831.514340	0.128050	0.197942	0.130128	0.205151	0.132413	0.212805	0.134936	0.220930	0.137733	0.229557	0.140842	0.238714	0.144308	0.248433	0.148181	0.258748	0.152518	0.269695	0.157381	0.281311	0.162842	0.293635	0.168979	0.306710	0.175882	0.320579	0.183650	0.335288	0.192394	0.350887	0.202236	0.367425	0.213317	0.384958	0.225787	0.403542	0.239819	0.423235	0.255601	0.444100	0.273343	0.466203
831.911930	0.128033	0.198217	0.130106	0.205433	0.132385	0.213093	0.134902	0.221225	0.137693	0.229858	0.140796	0.239021	0.144256	0.248747	0.148123	0.259067	0.152453	0.270020	0.157310	0.281642	0.162763	0.293971	0.168894	0.307050	0.175790	0.320923	0.183551	0.335635	0.192288	0.351236	0.202123	0.367777	0.213197	0.385311	0.225660	0.403895	0.239686	0.423587	0.255461	0.444450	0.273197	0.466549
832.309510	0.128016	0.198492	0.130084	0.205714	0.132357	0.213381	0.134869	0.221519	0.137653	0.230159	0.140750	0.239328	0.144204	0.249059	0.148065	0.259386	0.152389	0.270344	0.157238	0.281971	0.162685	0.294305	0.168809	0.307389	0.175698	0.321266	0.183452	0.335982	0.192181	0.351585	0.202010	0.368128	0.213077	0.385663	0.225533	0.404247	0.239552	0.423938	0.255321	0.444799	0.273052	0.466894
832.706910	0.127999	0.198766	0.130061	0.205994	0.132330	0.213668	0.134836	0.221813	0.137614	0.230459	0.140705	0.239634	0.144152	0.249372	0.148006	0.259705	0.152324	0.270668	0.157167	0.282300	0.162607	0.294640	0.168724	0.307727	0.175606	0.321608	0.183353	0.336328	0.192075	0.351934	0.201897	0.368478	0.212957	0.386015	0.225406	0.404598	0.239419	0.424288	0.255182	0.445147	0.272907	0.467239
833.104250	0.127983	0.199040	0.130039	0.206274	0.132302	0.213955	0.134802	0.222107	0.137575	0.230759	0.140659	0.239940	0.144100	0.249684	0.147948	0.260023	0.152259	0.270992	0.157095	0.282629	0.162529	0.294973	0.168639	0.308066	0.175514	0.321950	0.183254	0.336673	0.191969	0.352282	0.201784	0.368829	0.212837	0.386366	0.225280	0.404949	0.239286	0.424639	0.255043	0.445495	0.272762	0.467583
833.501460	0.127966	0.199313	0.130017	0.206555	0.132274	0.214242	0.134769	0.222400	0.137535	0.231058	0.140614	0.240246	0.144049	0.249995	0.147890	0.260340	0.152194	0.271315	0.157024	0.282957	0.162451	0.295306	0.168554	0.308403	0.175422	0.322291	0.183155	0.337017	0.191864	0.352629	0.201672	0.369177	0.212717	0.386715	0.225154	0.405299	0.239153	0.424987	0.254903	0.445841	0.272616	0.467926
833.898560	0.127950	0.199586	0.129996	0.206834	0.132247	0.214528	0.134736	0.222692	0.137496	0.231358	0.140569	0.240551	0.143997	0.250306	0.147832	0.260657	0.152130	0.271638	0.156953	0.283285	0.162373	0.295638	0.168469	0.308740	0.175330	0.322632	0.183056	0.337361	0.191758	0.352975	0.201559	0.369526	0.212598	0.387065	0.225027	0.405649	0.239020	0.425336	0.254765	0.446188	0.272471	0.468269
834.295590	0.127934	0.199859	0.129973	0.207114	0.132219	0.214814	0.134702	0.222985	0.137457	0.231656	0.140523	0.240856	0.143946	0.250617	0.147774	0.260973	0.152065	0.271959	0.156882	0.283612	0.162295	0.295970	0.168384	0.309076	0.175239	0.322972	0.182958	0.337704	0.191652	0.353321	0.201446	0.369873	0.212478	0.387413	0.224901	0.405997	0.238887	0.425683	0.254626	0.446533	0.272326	0.468611
834.692500	0.127917	0.200132	0.129951	0.207394	0.132192	0.215100	0.134669	0.223277	0.137417	0.231954	0.140478	0.241160	0.143894	0.250928	0.147717	0.261289	0.152001	0.272281	0.156811	0.283938	0.162217	0.296301	0.168299	0.309411	0.175147	0.323311	0.182859	0.338047	0.191547	0.353666	0.201334	0.370220	0.212359	0.387761	0.224775	0.406345	0.238755	0.426030	0.254487	0.446878	0.272182	0.468952
835.089290	0.127900	0.200404	0.129929	0.207673	0.132164	0.215385	0.134635	0.223568	0.137378	0.232252	0.140433	0.241464	0.143842	0.251238	0.147659	0.261605	0.151937	0.272602	0.156740	0.284264	0.162139	0.296632	0.168215	0.309746	0.175055	0.323650	0.182761	0.338390	0.191441	0.354011	0.201222	0.370567	0.212239	0.388109	0.224650	0.406693	0.238622	0.426377	0.254348	0.447222	0.272037	0.469292
835.485960	0.127884	0.200676	0.129907	0.207951	0.132136	0.215669	0.134602	0.223859	0.137339	0.232549	0.140388	0.241767	0.143791	0.251547	0.147601	0.261920	0.151872	0.272922	0.156669	0.284589	0.162062	0.296962	0.168130	0.310081	0.174964	0.323988	0.182662	0.338730	0.191336	0.354355	0.201109	0.370912	0.212120	0.388455	0.224523	0.407039	0.238490	0.426721	0.254209	0.447564	0.271893	0.469631
835.882570	0.127868	0.200948	0.129885	0.208229	0.132109	0.215954	0.134569	0.224150	0.137301	0.232846	0.140342	0.242070	0.143740	0.251856	0.147543	0.262235	0.151808	0.273242	0.156598	0.284915	0.161984	0.297292	0.168046	0.310415	0.174873	0.324326	0.182564	0.339071	0.191231	0.354698	0.200997	0.371257	0.212001	0.388801	0.224397	0.407385	0.238357	0.427066	0.254070	0.447907	0.271748	0.469970
836.279050	0.127852	0.201219	0.129864	0.208506	0.132082	0.216238	0.134536	0.224440	0.137261	0.233142	0.140297	0.242373	0.143689	0.252164	0.147486	0.262548	0.151744	0.273561	0.156527	0.285239	0.161907	0.297621	0.167962	0.310748	0.174782	0.324663	0.182466	0.339411	0.191126	0.355041	0.200885	0.371601	0.211882	0.389145	0.224272	0.407729	0.238225	0.427410	0.253932	0.448248	0.271603	0.470307
836.675480	0.127835	0.201490	0.129842	0.208783	0.132054	0.216521	0.134503	0.224730	0.137222	0.233438	0.140252	0.242675	0.143638	0.252472	0.147428	0.262862	0.151680	0.273880	0.156457	0.285563	0.161829	0.297949	0.167878	0.311081	0.174691	0.324999	0.182368	0.339750	0.191020	0.355382	0.200773	0.371945	0.211763	0.389490	0.224146	0.408073	0.238092	0.427753	0.253793	0.448589	0.271459	0.470645
837.071720	0.127819	0.201761	0.129820	0.209060	0.132027	0.216804	0.134470	0.225019	0.137183	0.233733	0.140207	0.242976	0.143587	0.252779	0.147371	0.263175	0.151615	0.274198	0.156386	0.285886	0.161752	0.298277	0.167794	0.311413	0.174600	0.325335	0.182270	0.340089	0.190915	0.355724	0.200661	0.372288	0.211644	0.389834	0.224020	0.408417	0.237960	0.428096	0.253655	0.448929	0.271315	0.470982
837.467900	0.127803	0.202031	0.129799	0.209337	0.132000	0.217087	0.134437	0.225308	0.137144	0.234029	0.140162	0.243277	0.143535	0.253086	0.147313	0.263487	0.151552	0.274516	0.156316	0.286208	0.161675	0.298604	0.167709	0.311744	0.174508	0.325669	0.182172	0.340427	0.190810	0.356064	0.200549	0.372630	0.211526	0.390177	0.223895	0.408760	0.237828	0.428437	0.253517	0.449269	0.271171	0.471317
837.864010	0.127787	0.202300	0.129777	0.209613	0.131972	0.217369	0.134403	0.225597	0.137105	0.234324	0.140117	0.243578	0.143484	0.253392	0.147255	0.263799	0.151488	0.274833	0.156245	0.286530	0.161598	0.298931	0.167625	0.312074	0.174417	0.326004	0.182074	0.340765	0.190706	0.356404	0.200437	0.372972	0.211407	0.390519	0.223770	0.409102	0.237696	0.428778	0.253378	0.449608	0.271027	0.471652
838.259950	0.127770	0.202570	0.129756	0.209889	0.131945	0.217651	0.134371	0.225885	0.137067	0.234618	0.140073	0.243878	0.143433	0.253698	0.147198	0.264110	0.151424	0.275149	0.156175	0.286852	0.161520	0.299257	0.167541	0.312405	0.174326	0.326338	0.181976	0.341102	0.190601	0.356743	0.200326	0.373312	0.211288	0.390861	0.223645	0.409444	0.237565	0.429118	0.253241	0.449945	0.270884	0.471986
838.655820	0.127754	0.202839	0.129734	0.210164	0.131918	0.217933	0.134338	0.226173	0.137028	0.234912	0.140028	0.244177	0.143382	0.254003	0.147141	0.264421	0.151360	0.275465	0.156104	0.287173	0.161443	0.299583	0.167458	0.312734	0.174236	0.326671	0.181879	0.341438	0.190496	0.357082	0.200214	0.373652	0.211170	0.391202	0.223520	0.409785	0.237433	0.429458	0.253103	0.450282	0.270740	0.472319
839.051570	0.127738	0.203108	0.129712	0.210439	0.131891	0.218215	0.134306	0.226460	0.136989	0.235205	0.139983	0.244477	0.143331	0.254309	0.147084	0.264731	0.151297	0.275781	0.156034	0.287494	0.161366	0.299908	0.167374	0.313064	0.174145	0.327004	0.181781	0.341774	0.190391	0.357420	0.200103	0.373992	0.211052	0.391542	0.223395	0.410125	0.237302	0.429797	0.252965	0.450619	0.270596	0.472652
839.447270	0.127722	0.203376	0.129691	0.210713	0.131864	0.218495	0.134273	0.226747	0.136951	0.235498	0.139938	0.244776	0.143280	0.254613	0.147026	0.265041	0.151233	0.276096	0.155963	0.287813	0.161289	0.300232	0.167290	0.313392	0.174055	0.327336	0.181684	0.342108	0.190287	0.357757	0.199991	0.374330	0.210933	0.391881	0.223270	0.410464	0.237171	0.430135	0.252827	0.450954	0.270453	0.472984
839.842770	0.127705	0.203644	0.129669	0.210988	0.131837	0.218776	0.134240	0.227034	0.136912	0.235791	0.139894	0.245074	0.143229	0.254917	0.146969	0.265351	0.151169	0.276411	0.155893	0.288133	0.161213	0.300556	0.167206	0.313720	0.173964	0.327667	0.181586	0.342443	0.190183	0.358093	0.199880	0.374669	0.210815	0.392220	0.223145	0.410802	0.237039	0.430473	0.252690	0.451290	0.270309	0.473315
840.238220	0.127689	0.203912	0.129648	0.211262	0.131810	0.219056	0.134207	0.227320	0.136874	0.236083	0.139849	0.245372	0.143179	0.255220	0.146912	0.265660	0.151106	0.276725	0.155823	0.288452	0.161136	0.300879	0.167123	0.314047	0.173874	0.327998	0.181488	0.342777	0.190078	0.358429	0.199769	0.375006	0.210697	0.392558	0.223020	0.411140	0.236908	0.430809	0.252552	0.451624	0.270166	0.473646
840.633610	0.127674	0.204180	0.129627	0.211535	0.131783	0.219336	0.134174	0.227606	0.136835	0.236374	0.139804	0.245669	0.143128	0.255523	0.146855	0.265968	0.151042	0.277038	0.155753	0.288770	0.161059	0.301202	0.167039	0.314374	0.173784	0.328328	0.181391	0.343109	0.189974	0.358764	0.199658	0.375343	0.210579	0.392896	0.222895	0.411477	0.236777	0.431145	0.252415	0.451957	0.270023	0.473975
841.028810	0.127658	0.204447	0.129605	0.211809	0.131756	0.219615	0.134142	0.227892	0.136796	0.236665	0.139760	0.245967	0.143077	0.255826	0.146798	0.266276	0.150978	0.277352	0.155683	0.289088	0.160982	0.301524	0.166956	0.314701	0.173693	0.328658	0.181294	0.343442	0.189870	0.359099	0.199547	0.375679	0.210461	0.393233	0.222770	0.411814	0.236645	0.431480	0.252278	0.452290	0.269880	0.474305
841.423950	0.127642	0.204714	0.129584	0.212082	0.131729	0.219894	0.134109	0.228177	0.136758	0.236956	0.139716	0.246263	0.143027	0.256128	0.146741	0.266584	0.150915	0.277664	0.155613	0.289405	0.160906	0.301846	0.166873	0.315026	0.173603	0.328987	0.181197	0.343774	0.189767	0.359433	0.199436	0.376015	0.210344	0.393569	0.222646	0.412150	0.236515	0.431815	0.252141	0.452622	0.269737	0.474633
841.818970	0.127625	0.204980	0.129563	0.212355	0.131702	0.220173	0.134077	0.228461	0.136720	0.237247	0.139671	0.246560	0.142976	0.256431	0.146684	0.266891	0.150852	0.277976	0.155544	0.289723	0.160829	0.302167	0.166789	0.315351	0.173513	0.329315	0.181100	0.344105	0.189663	0.359767	0.199325	0.376349	0.210226	0.393905	0.222522	0.412485	0.236384	0.432149	0.252004	0.452953	0.269594	0.474961
842.213930	0.127609	0.205246	0.129541	0.212627	0.131676	0.220451	0.134044	0.228746	0.136681	0.237537	0.139627	0.246856	0.142926	0.256732	0.146627	0.267198	0.150789	0.278288	0.155474	0.290039	0.160753	0.302487	0.166706	0.315675	0.173423	0.329643	0.181004	0.344436	0.189559	0.360100	0.199214	0.376684	0.210108	0.394240	0.222398	0.412820	0.236253	0.432482	0.251867	0.453284	0.269452	0.475288
842.608760	0.127594	0.205512	0.129520	0.212899	0.131649	0.220729	0.134012	0.229029	0.136643	0.237827	0.139583	0.247151	0.142875	0.257032	0.146571	0.267504	0.150726	0.278599	0.155404	0.290354	0.160677	0.302808	0.166623	0.315999	0.173333	0.329970	0.180907	0.344766	0.189455	0.360432	0.199104	0.377017	0.209991	0.394574	0.222273	0.413154	0.236123	0.432815	0.251730	0.453614	0.269309	0.475614
843.003480	0.127578	0.205778	0.129499	0.213170	0.131623	0.221006	0.133980	0.229312	0.136605	0.238117	0.139539	0.247446	0.142825	0.257333	0.146514	0.267810	0.150663	0.278910	0.155334	0.290670	0.160600	0.303128	0.166540	0.316323	0.173243	0.330297	0.180810	0.345096	0.189351	0.360764	0.198993	0.377351	0.209874	0.394908	0.222149	0.413488	0.235992	0.433147	0.251593	0.453944	0.269166	0.475940
843.398070	0.127562	0.206043	0.129478	0.213441	0.131596	0.221283	0.133947	0.229595	0.136566	0.238405	0.139494	0.247740	0.142774	0.257632	0.146458	0.268114	0.150600	0.279219	0.155265	0.290984	0.160524	0.303446	0.166457	0.316645	0.173153	0.330623	0.180713	0.345424	0.189248	0.361094	0.198883	0.377683	0.209757	0.395240	0.222025	0.413820	0.235861	0.433477	0.251456	0.454272	0.269023	0.476264
843.792600	0.127546	0.206308	0.129456	0.213713	0.131569	0.221560	0.133915	0.229878	0.136528	0.238693	0.139450	0.248034	0.142724	0.257932	0.146401	0.268419	0.150537	0.279529	0.155196	0.291298	0.160448	0.303765	0.166375	0.316967	0.173063	0.330949	0.180617	0.345752	0.189144	0.361424	0.198772	0.378015	0.209640	0.395572	0.221901	0.414152	0.235731	0.433807	0.251320	0.454600	0.268881	0.476589
844.187010	0.127531	0.206572	0.129435	0.213983	0.131542	0.221837	0.133883	0.230161	0.136490	0.238981	0.139406	0.248328	0.142674	0.258231	0.146344	0.268723	0.150474	0.279838	0.155126	0.291611	0.160372	0.304082	0.166292	0.317288	0.172974	0.331274	0.180520	0.346080	0.189041	0.361754	0.198662	0.378346	0.209522	0.395904	0.221777	0.414483	0.235600	0.434137	0.251183	0.454927	0.268739	0.476912
844.581300	0.127515	0.206836	0.129414	0.214253	0.131515	0.222112	0.133850	0.230442	0.136452	0.239268	0.139362	0.248620	0.142624	0.258529	0.146288	0.269026	0.150411	0.280146	0.155057	0.291925	0.160296	0.304399	0.166209	0.317609	0.172884	0.331597	0.180424	0.346406	0.188938	0.362083	0.198552	0.378676	0.209405	0.396234	0.221654	0.414813	0.235470	0.434466	0.251047	0.455253	0.268597	0.477235
844.975520	0.127499	0.207100	0.129393	0.214522	0.131489	0.222388	0.133818	0.230724	0.136414	0.239555	0.139318	0.248913	0.142573	0.258827	0.146232	0.269329	0.150348	0.280454	0.154987	0.292238	0.160220	0.304716	0.166126	0.317930	0.172795	0.331921	0.180327	0.346733	0.188834	0.362412	0.198442	0.379006	0.209288	0.396564	0.221531	0.415143	0.235340	0.434795	0.250910	0.455580	0.268455	0.477557
845.369630	0.127484	0.207363	0.129372	0.214791	0.131463	0.222663	0.133786	0.231005	0.136377	0.239842	0.139274	0.249205	0.142523	0.259125	0.146176	0.269632	0.150286	0.280761	0.154918	0.292549	0.160144	0.305032	0.166044	0.318250	0.172705	0.332244	0.180231	0.347058	0.188732	0.362739	0.198332	0.379334	0.209172	0.396894	0.221407	0.415471	0.235210	0.435122	0.250774	0.455904	0.268313	0.477878
845.763610	0.127468	0.207627	0.129352	0.215061	0.131437	0.222938	0.133754	0.231285	0.136339	0.240128	0.139230	0.249497	0.142474	0.259422	0.146120	0.269934	0.150223	0.281069	0.154849	0.292861	0.160068	0.305348	0.165961	0.318569	0.172616	0.332566	0.180135	0.347384	0.188629	0.363067	0.198222	0.379663	0.209055	0.397223	0.221284	0.415800	0.235081	0.435450	0.250639	0.456228	0.268171	0.478199
846.157470	0.127453	0.207890	0.129331	0.215329	0.131410	0.223213	0.133722	0.231566	0.136301	0.240414	0.139187	0.249788	0.142424	0.259718	0.146063	0.270236	0.150161	0.281375	0.154780	0.293172	0.159993	0.305663	0.165879	0.318888	0.172527	0.332888	0.180039	0.347708	0.188526	0.363393	0.198112	0.379991	0.208939	0.397551	0.221161	0.416128	0.234951	0.435776	0.250503	0.456552	0.268029	0.478519
846.551270	0.127438	0.208152	0.129310	0.215597	0.131384	0.223487	0.133690	0.231845	0.136263	0.240700	0.139143	0.250079	0.142374	0.260015	0.146007	0.270537	0.150098	0.281681	0.154712	0.293482	0.159917	0.305977	0.165797	0.319206	0.172438	0.333210	0.179943	0.348032	0.188423	0.363719	0.198003	0.380318	0.208822	0.397879	0.221037	0.416455	0.234822	0.436101	0.250367	0.456875	0.267888	0.478838
846.944950	0.127422	0.208414	0.129289	0.215866	0.131358	0.223761	0.133658	0.232125	0.136225	0.240985	0.139099	0.250370	0.142324	0.260311	0.145951	0.270838	0.150036	0.281987	0.154643	0.293793	0.159842	0.306291	0.165715	0.319524	0.172349	0.333531	0.179847	0.348356	0.188320	0.364044	0.197893	0.380644	0.208706	0.398206	0.220914	0.416781	0.234692	0.436427	0.250231	0.457198	0.267747	0.479156
847.338500	0.127406	0.208676	0.129268	0.216133	0.131331	0.224034	0.133626	0.232404	0.136188	0.241269	0.139055	0.250660	0.142274	0.260606	0.145895	0.271138	0.149974	0.282292	0.154574	0.294102	0.159766	0.306604	0.165632	0.319840	0.172260	0.333851	0.179751	0.348678	0.188218	0.364369	0.197784	0.380970	0.208590	0.398532	0.220791	0.417107	0.234563	0.436750	0.250096	0.457519	0.267605	0.479474
847.731990	0.127391	0.208937	0.129247	0.216401	0.131305	0.224307	0.133594	0.232682	0.136150	0.241553	0.139012	0.250950	0.142225	0.260900	0.145839	0.271438	0.149911	0.282596	0.154505	0.294411	0.159690	0.306918	0.165550	0.320157	0.172172	0.334170	0.179655	0.349000	0.188115	0.364692	0.197674	0.381295	0.208473	0.398857	0.220669	0.417432	0.234433	0.437074	0.249960	0.457840	0.267464	0.479791
848.125370	0.127375	0.209198	0.129226	0.216668	0.131279	0.224580	0.133562	0.232961	0.136112	0.241837	0.138968	0.251239	0.142175	0.261195	0.145783	0.271737	0.149849	0.282900	0.154436	0.294719	0.159615	0.307230	0.165468	0.320473	0.172083	0.334489	0.179560	0.349322	0.188012	0.365016	0.197564	0.381620	0.208357	0.399182	0.220546	0.417756	0.234304	0.437397	0.249825	0.458161	0.267323	0.480108
848.518620	0.127360	0.209459	0.129206	0.216934	0.131253	0.224852	0.133531	0.233239	0.136075	0.242121	0.138925	0.251528	0.142126	0.261488	0.145727	0.272036	0.149787	0.283203	0.154368	0.295027	0.159540	0.307542	0.165386	0.320788	0.171994	0.334808	0.179464	0.349643	0.187910	0.365339	0.197455	0.381944	0.208242	0.399507	0.220424	0.418080	0.234175	0.437719	0.249690	0.458480	0.267182	0.480423
848.911740	0.127344	0.209719	0.129186	0.217200	0.131227	0.225124	0.133499	0.233517	0.136037	0.242404	0.138882	0.251816	0.142076	0.261782	0.145672	0.272335	0.149725	0.283507	0.154299	0.295334	0.159466	0.307853	0.165304	0.321103	0.171906	0.335126	0.179369	0.349964	0.187808	0.365662	0.197346	0.382267	0.208126	0.399831	0.220301	0.418403	0.234047	0.438041	0.249555	0.458799	0.267041	0.480738
849.304810	0.127329	0.209980	0.129165	0.217466	0.131201	0.225395	0.133467	0.233794	0.136000	0.242687	0.138838	0.252104	0.142027	0.262075	0.145616	0.272633	0.149663	0.283809	0.154231	0.295641	0.159391	0.308164	0.165223	0.321418	0.171817	0.335443	0.179274	0.350284	0.187706	0.365983	0.197238	0.382590	0.208010	0.400154	0.220179	0.418726	0.233918	0.438361	0.249420	0.459117	0.266900	0.481053
849.697750	0.127314	0.210240	0.129145	0.217732	0.131174	0.225666	0.133435	0.234070	0.135962	0.242969	0.138795	0.252391	0.141977	0.262368	0.145561	0.272930	0.149601	0.284112	0.154162	0.295947	0.159316	0.308474	0.165141	0.321732	0.171729	0.335759	0.179178	0.350603	0.187604	0.366304	0.197129	0.382912	0.207894	0.400476	0.220056	0.419047	0.233789	0.438682	0.249285	0.459435	0.266759	0.481367
850.090640	0.127299	0.210500	0.129124	0.217997	0.131148	0.225937	0.133404	0.234347	0.135924	0.243251	0.138751	0.252678	0.141928	0.262660	0.145505	0.273227	0.149539	0.284413	0.154093	0.296253	0.159241	0.308784	0.165059	0.322045	0.171641	0.336076	0.179083	0.350921	0.187501	0.366625	0.197020	0.383234	0.207778	0.400798	0.219934	0.419369	0.233660	0.439002	0.249150	0.459752	0.266619	0.481680
850.483340	0.127284	0.210759	0.129103	0.218262	0.131122	0.226208	0.133372	0.234622	0.135887	0.243532	0.138708	0.252964	0.141879	0.262952	0.145449	0.273523	0.149477	0.284714	0.154025	0.296558	0.159166	0.309093	0.164977	0.322357	0.171552	0.336391	0.178988	0.351239	0.187399	0.366944	0.196911	0.383554	0.207663	0.401119	0.219812	0.419689	0.233531	0.439320	0.249015	0.460068	0.266478	0.481992
850.875980	0.127269	0.211017	0.129083	0.218526	0.131096	0.226478	0.133340	0.234898	0.135850	0.243812	0.138665	0.253251	0.141830	0.263243	0.145394	0.273819	0.149415	0.285015	0.153957	0.296863	0.159091	0.309402	0.164896	0.322669	0.171464	0.336706	0.178893	0.351557	0.187297	0.367263	0.196802	0.383875	0.207547	0.401440	0.219690	0.420010	0.233403	0.439638	0.248881	0.460384	0.266338	0.482304
851.268550	0.127254	0.211275	0.129062	0.218790	0.131070	0.226747	0.133309	0.235173	0.135812	0.244093	0.138621	0.253536	0.141780	0.263533	0.145338	0.274115	0.149354	0.285315	0.153889	0.297167	0.159016	0.309710	0.164814	0.322981	0.171376	0.337021	0.178798	0.351873	0.187195	0.367582	0.196694	0.384194	0.207432	0.401759	0.219568	0.420329	0.233274	0.439956	0.248746	0.460699	0.266198	0.482614
851.660950	0.127238	0.211533	0.129042	0.219054	0.131044	0.227017	0.133277	0.235448	0.135775	0.244373	0.138578	0.253822	0.141731	0.263823	0.145283	0.274410	0.149292	0.285614	0.153821	0.297471	0.158941	0.310017	0.164733	0.323291	0.171287	0.337335	0.178703	0.352189	0.187094	0.367899	0.196586	0.384513	0.207317	0.402078	0.219446	0.420647	0.233147	0.440273	0.248612	0.461013	0.266057	0.482924
852.053280	0.127223	0.211791	0.129021	0.219318	0.131019	0.227286	0.133246	0.235722	0.135738	0.244653	0.138535	0.254107	0.141681	0.264113	0.145228	0.274705	0.149230	0.285913	0.153753	0.297774	0.158867	0.310325	0.164652	0.323602	0.171199	0.337648	0.178608	0.352505	0.186992	0.368217	0.196477	0.384831	0.207202	0.402397	0.219324	0.420965	0.233019	0.440590	0.248478	0.461326	0.265917	0.483234
852.445500	0.127208	0.212049	0.129001	0.219580	0.130993	0.227555	0.133214	0.235996	0.135701	0.244932	0.138492	0.254391	0.141633	0.264403	0.145173	0.274999	0.149169	0.286212	0.153685	0.298076	0.158792	0.310631	0.164571	0.323912	0.171111	0.337961	0.178514	0.352820	0.186891	0.368534	0.196369	0.385149	0.207087	0.402715	0.219203	0.421282	0.232890	0.440905	0.248344	0.461639	0.265777	0.483543
852.837590	0.127193	0.212306	0.128980	0.219843	0.130968	0.227823	0.133183	0.236270	0.135664	0.245211	0.138450	0.254675	0.141584	0.264692	0.145118	0.275292	0.149107	0.286510	0.153617	0.298379	0.158718	0.310937	0.164490	0.324222	0.171023	0.338273	0.178419	0.353135	0.186790	0.368850	0.196261	0.385466	0.206973	0.403032	0.219081	0.421599	0.232762	0.441220	0.248210	0.461952	0.265638	0.483851
853.229610	0.127178	0.212563	0.128960	0.220106	0.130942	0.228091	0.133152	0.236543	0.135627	0.245490	0.138407	0.254959	0.141535	0.264981	0.145063	0.275586	0.149046	0.286807	0.153549	0.298681	0.158643	0.311243	0.164409	0.324530	0.170936	0.338584	0.178325	0.353448	0.186689	0.369165	0.196153	0.385783	0.206858	0.403349	0.218960	0.421915	0.232634	0.441535	0.248075	0.462263	0.265498	0.484159
853.621520	0.127163	0.212819	0.128940	0.220368	0.130916	0.228358	0.133121	0.236816	0.135591	0.245768	0.138364	0.255242	0.141486	0.265269	0.145007	0.275878	0.148984	0.287105	0.153481	0.298982	0.158569	0.311548	0.164328	0.324839	0.170848	0.338895	0.178231	0.353762	0.186588	0.369480	0.196045	0.386098	0.206743	0.403665	0.218839	0.422230	0.232507	0.441848	0.247941	0.462574	0.265359	0.484466
854.013310	0.127148	0.213076	0.128920	0.220630	0.130890	0.228625	0.133090	0.237088	0.135554	0.246045	0.138322	0.255525	0.141437	0.265557	0.144952	0.276171	0.148923	0.287402	0.153414	0.299283	0.158494	0.311852	0.164247	0.325146	0.170761	0.339207	0.178137	0.354075	0.186487	0.369795	0.195937	0.386414	0.206628	0.403981	0.218718	0.422546	0.232380	0.442162	0.247807	0.462885	0.265219	0.484772
854.405030	0.127134	0.213331	0.128900	0.220891	0.130865	0.228892	0.133059	0.237360	0.135517	0.246322	0.138278	0.255807	0.141388	0.265843	0.144897	0.276462	0.148862	0.287698	0.153346	0.299583	0.158420	0.312155	0.164167	0.325453	0.170674	0.339516	0.178042	0.354386	0.186386	0.370108	0.195829	0.386728	0.206514	0.404295	0.218597	0.422859	0.232252	0.442473	0.247674	0.463194	0.265080	0.485078
854.796630	0.127119	0.213587	0.128880	0.221152	0.130839	0.229159	0.133027	0.237632	0.135480	0.246599	0.138235	0.256089	0.141339	0.266130	0.144842	0.276754	0.148801	0.287993	0.153278	0.299882	0.158346	0.312459	0.164086	0.325760	0.170586	0.339825	0.177948	0.354698	0.186284	0.370421	0.195721	0.387043	0.206399	0.404610	0.218476	0.423172	0.232124	0.442785	0.247540	0.463503	0.264940	0.485383
855.188110	0.127104	0.213842	0.128859	0.221412	0.130814	0.229425	0.132996	0.237903	0.135443	0.246876	0.138193	0.256370	0.141291	0.266416	0.144788	0.277045	0.148740	0.288289	0.153211	0.300182	0.158272	0.312761	0.164005	0.326066	0.170499	0.340134	0.177854	0.355009	0.186184	0.370734	0.195613	0.387356	0.206285	0.404923	0.218355	0.423485	0.231997	0.443096	0.247407	0.463811	0.264801	0.485688
855.579530	0.127089	0.214097	0.128839	0.221672	0.130788	0.229690	0.132965	0.238174	0.135407	0.247152	0.138150	0.256651	0.141242	0.266702	0.144733	0.277335	0.148679	0.288583	0.153143	0.300480	0.158198	0.313064	0.163925	0.326371	0.170412	0.340442	0.177760	0.355320	0.186083	0.371046	0.195506	0.387669	0.206171	0.405236	0.218234	0.423797	0.231870	0.443407	0.247274	0.464119	0.264662	0.485991
855.970760	0.127074	0.214352	0.128819	0.221933	0.130763	0.229955	0.132934	0.238445	0.135370	0.247427	0.138108	0.256932	0.141194	0.266988	0.144678	0.277625	0.148619	0.288878	0.153076	0.300779	0.158125	0.313366	0.163844	0.326676	0.170325	0.340750	0.177666	0.355630	0.185983	0.371358	0.195399	0.387982	0.206057	0.405549	0.218113	0.424110	0.231743	0.443717	0.247141	0.464426	0.264523	0.486294
856.362000	0.127059	0.214606	0.128800	0.222192	0.130737	0.230220	0.132903	0.238715	0.135333	0.247702	0.138066	0.257212	0.141145	0.267273	0.144624	0.277915	0.148558	0.289171	0.153009	0.301076	0.158051	0.313667	0.163764	0.326981	0.170238	0.341057	0.177572	0.355939	0.185882	0.371668	0.195292	0.388293	0.205943	0.405860	0.217993	0.424420	0.231616	0.444026	0.247008	0.464732	0.264384	0.486596
856.753050	0.127044	0.214860	0.128780	0.222451	0.130712	0.230485	0.132873	0.238985	0.135296	0.247977	0.138023	0.257492	0.141097	0.267557	0.144569	0.278204	0.148497	0.289465	0.152942	0.301374	0.157977	0.313968	0.163684	0.327285	0.170151	0.341364	0.177479	0.356247	0.185781	0.371979	0.195185	0.388604	0.205829	0.406171	0.217872	0.424730	0.231489	0.444334	0.246875	0.465038	0.264246	0.486898
857.144040	0.127030	0.215113	0.128760	0.222710	0.130687	0.230749	0.132842	0.239254	0.135260	0.248252	0.137980	0.257772	0.141049	0.267841	0.144515	0.278492	0.148436	0.289758	0.152875	0.301671	0.157904	0.314268	0.163603	0.327588	0.170064	0.341670	0.177385	0.356555	0.185681	0.372289	0.195078	0.388914	0.205715	0.406482	0.217752	0.425040	0.231362	0.444642	0.246742	0.465343	0.264107	0.487200
857.534850	0.127015	0.215366	0.128740	0.222969	0.130661	0.231012	0.132811	0.239523	0.135223	0.248526	0.137938	0.258050	0.141001	0.268125	0.144461	0.278780	0.148375	0.290050	0.152808	0.301967	0.157830	0.314568	0.163523	0.327891	0.169977	0.341976	0.177292	0.356863	0.185581	0.372598	0.194970	0.389224	0.205601	0.406792	0.217632	0.425349	0.231236	0.444949	0.246609	0.465648	0.263969	0.487500
857.925660	0.127001	0.215619	0.128720	0.223227	0.130636	0.231276	0.132780	0.239792	0.135187	0.248800	0.137896	0.258329	0.140952	0.268408	0.144406	0.279068	0.148315	0.290341	0.152741	0.302263	0.157757	0.314867	0.163443	0.328193	0.169891	0.342281	0.177198	0.357170	0.185480	0.372906	0.194863	0.389534	0.205488	0.407101	0.217512	0.425658	0.231109	0.445257	0.246476	0.465952	0.263830	0.487800
858.316280	0.126986	0.215871	0.128700	0.223485	0.130611	0.231539	0.132749	0.240060	0.135151	0.249073	0.137854	0.258607	0.140904	0.268691	0.144352	0.279355	0.148254	0.290633	0.152674	0.302558	0.157684	0.315166	0.163363	0.328495	0.169804	0.342585	0.177105	0.357477	0.185380	0.373214	0.194757	0.389843	0.205374	0.407410	0.217392	0.425966	0.230983	0.445562	0.246344	0.466255	0.263692	0.488099
858.706850	0.126972	0.216124	0.128681	0.223743	0.130586	0.231802	0.132719	0.240328	0.135114	0.249346	0.137812	0.258885	0.140856	0.268973	0.144298	0.279642	0.148193	0.290924	0.152607	0.302853	0.157610	0.315464	0.163284	0.328797	0.169717	0.342889	0.177012	0.357782	0.185281	0.373521	0.194650	0.390151	0.205261	0.407718	0.217272	0.426273	0.230857	0.445868	0.246211	0.466557	0.263554	0.488398
859.097290	0.126957	0.216376	0.128661	0.224000	0.130561	0.232064	0.132688	0.240596	0.135078	0.249619	0.137769	0.259162	0.140808	0.269255	0.144243	0.279928	0.148133	0.291214	0.152540	0.303147	0.157537	0.315762	0.163204	0.329098	0.169630	0.343192	0.176919	0.358088	0.185181	0.373828	0.194543	0.390458	0.205148	0.408025	0.217152	0.426579	0.230731	0.446173	0.246079	0.466859	0.263416	0.488696
859.487670	0.126943	0.216628	0.128641	0.224256	0.130536	0.232326	0.132658	0.240863	0.135042	0.249890	0.137727	0.259439	0.140760	0.269537	0.144189	0.280214	0.148073	0.291504	0.152474	0.303441	0.157464	0.316059	0.163124	0.329398	0.169544	0.343495	0.176825	0.358392	0.185081	0.374134	0.194437	0.390765	0.205035	0.408332	0.217032	0.426885	0.230604	0.446477	0.245947	0.467160	0.263278	0.488993
859.877870	0.126929	0.216879	0.128621	0.224513	0.130511	0.232588	0.132628	0.241129	0.135005	0.250162	0.137685	0.259715	0.140712	0.269818	0.144135	0.280500	0.148013	0.291793	0.152407	0.303734	0.157391	0.316356	0.163044	0.329697	0.169458	0.343797	0.176732	0.358697	0.184981	0.374440	0.194330	0.391071	0.204921	0.408638	0.216912	0.427191	0.230478	0.446781	0.245815	0.467462	0.263140	0.489290
860.268010	0.126914	0.217130	0.128602	0.224769	0.130486	0.232849	0.132597	0.241396	0.134969	0.250433	0.137643	0.259991	0.140664	0.270098	0.144081	0.280784	0.147952	0.292082	0.152340	0.304027	0.157318	0.316652	0.162964	0.329996	0.169372	0.344099	0.176639	0.359000	0.184882	0.374745	0.194224	0.391377	0.204809	0.408944	0.216793	0.427496	0.230352	0.447083	0.245683	0.467762	0.263002	0.489586
860.658080	0.126900	0.217380	0.128582	0.225025	0.130461	0.233110	0.132566	0.241661	0.134933	0.250704	0.137602	0.260267	0.140616	0.270379	0.144027	0.281069	0.147892	0.292371	0.152273	0.304319	0.157245	0.316948	0.162885	0.330295	0.169286	0.344400	0.176546	0.359303	0.184782	0.375049	0.194118	0.391682	0.204696	0.409249	0.216674	0.427800	0.230226	0.447385	0.245551	0.468061	0.262864	0.489881
861.047970	0.126885	0.217631	0.128563	0.225280	0.130436	0.233371	0.132535	0.241927	0.134897	0.250975	0.137560	0.260542	0.140568	0.270658	0.143973	0.281353	0.147832	0.292659	0.152207	0.304611	0.157172	0.317243	0.162805	0.330594	0.169199	0.344701	0.176454	0.359606	0.184683	0.375353	0.194012	0.391986	0.204583	0.409553	0.216554	0.428103	0.230101	0.447687	0.245419	0.468360	0.262726	0.490176
861.437810	0.126871	0.217881	0.128543	0.225535	0.130411	0.233631	0.132505	0.242192	0.134861	0.251245	0.137518	0.260817	0.140521	0.270937	0.143920	0.281636	0.147772	0.292947	0.152141	0.304902	0.157099	0.317538	0.162726	0.330891	0.169114	0.345001	0.176361	0.359908	0.184583	0.375656	0.193906	0.392290	0.204470	0.409857	0.216435	0.428406	0.229975	0.447988	0.245287	0.468657	0.262589	0.490470
861.827510	0.126856	0.218130	0.128524	0.225790	0.130386	0.233891	0.132475	0.242457	0.134825	0.251515	0.137476	0.261091	0.140473	0.271216	0.143866	0.281920	0.147712	0.293234	0.152074	0.305193	0.157026	0.317832	0.162647	0.331188	0.169028	0.345300	0.176269	0.360209	0.184484	0.375959	0.193800	0.392594	0.204358	0.410161	0.216316	0.428708	0.229850	0.448289	0.245156	0.468955	0.262452	0.490764
862.217160	0.126842	0.218380	0.128504	0.226045	0.130361	0.234150	0.132445	0.242721	0.134789	0.251784	0.137435	0.261365	0.140426	0.271495	0.143812	0.282202	0.147652	0.293521	0.152008	0.305484	0.156954	0.318125	0.162568	0.331484	0.168942	0.345599	0.176177	0.360510	0.184385	0.376261	0.193694	0.392897	0.204245	0.410463	0.216197	0.429010	0.229724	0.448589	0.245025	0.469252	0.262315	0.491057
862.606690	0.126828	0.218629	0.128485	0.226299	0.130337	0.234409	0.132415	0.242985	0.134753	0.252053	0.137393	0.261639	0.140378	0.271773	0.143758	0.282484	0.147592	0.293807	0.151942	0.305773	0.156881	0.318418	0.162489	0.331780	0.168857	0.345898	0.176084	0.360811	0.184286	0.376563	0.193588	0.393199	0.204133	0.410765	0.216078	0.429311	0.229599	0.448888	0.244893	0.469549	0.262177	0.491349
862.996090	0.126813	0.218878	0.128465	0.226552	0.130312	0.234668	0.132384	0.243249	0.134717	0.252321	0.137351	0.261912	0.140330	0.272050	0.143705	0.282766	0.147533	0.294093	0.151877	0.306063	0.156809	0.318711	0.162410	0.332076	0.168771	0.346196	0.175992	0.361111	0.184187	0.376864	0.193482	0.393501	0.204020	0.411067	0.215959	0.429612	0.229474	0.449187	0.244761	0.469845	0.262040	0.491641
863.385380	0.126799	0.219125	0.128446	0.226805	0.130287	0.234927	0.132354	0.243513	0.134682	0.252589	0.137310	0.262184	0.140283	0.272327	0.143651	0.283047	0.147473	0.294378	0.151810	0.306352	0.156736	0.319003	0.162331	0.332371	0.168685	0.346493	0.175900	0.361410	0.184088	0.377164	0.193377	0.393802	0.203908	0.411368	0.215840	0.429911	0.229349	0.449484	0.244630	0.470139	0.261904	0.491931
863.774600	0.126785	0.219373	0.128426	0.227058	0.130262	0.235185	0.132324	0.243776	0.134646	0.252857	0.137268	0.262456	0.140235	0.272604	0.143598	0.283328	0.147413	0.294662	0.151744	0.306640	0.156664	0.319295	0.162252	0.332665	0.168600	0.346789	0.175807	0.361708	0.183989	0.377464	0.193271	0.394102	0.203796	0.411668	0.215722	0.430211	0.229224	0.449782	0.244499	0.470434	0.261767	0.492222
864.163700	0.126771	0.219621	0.128407	0.227311	0.130238	0.235442	0.132293	0.244038	0.134610	0.253124	0.137226	0.262728	0.140187	0.272880	0.143545	0.283609	0.147353	0.294947	0.151678	0.306928	0.156592	0.319586	0.162173	0.332959	0.168514	0.347085	0.175715	0.362006	0.183890	0.377764	0.193166	0.394402	0.203684	0.411968	0.215603	0.430509	0.229099	0.450079	0.244368	0.470727	0.261631	0.492512
864.552670	0.126757	0.219868	0.128388	0.227564	0.130213	0.235699	0.132263	0.244300	0.134574	0.253391	0.137185	0.263000	0.140140	0.273156	0.143491	0.283889	0.147293	0.295230	0.151613	0.307215	0.156519	0.319877	0.162094	0.333253	0.168428	0.347381	0.175623	0.362304	0.183792	0.378062	0.193060	0.394701	0.203572	0.412267	0.215484	0.430807	0.228974	0.450375	0.244237	0.471021	0.261494	0.492801
864.941530	0.126743	0.220116	0.128369	0.227816	0.130189	0.235956	0.132234	0.244562	0.134538	0.253658	0.137143	0.263271	0.140093	0.273432	0.143438	0.284169	0.147234	0.295514	0.151547	0.307502	0.156447	0.320167	0.162016	0.333546	0.168343	0.347677	0.175531	0.362601	0.183693	0.378361	0.192955	0.395000	0.203460	0.412566	0.215366	0.431105	0.228850	0.450671	0.244107	0.471314	0.261358	0.493090
865.330320	0.126729	0.220362	0.128349	0.228068	0.130164	0.236213	0.132204	0.244823	0.134503	0.253924	0.137102	0.263542	0.140046	0.273706	0.143385	0.284448	0.147174	0.295797	0.151481	0.307788	0.156375	0.320457	0.161937	0.333838	0.168258	0.347971	0.175439	0.362898	0.183594	0.378658	0.192850	0.395298	0.203348	0.412864	0.215248	0.431402	0.228725	0.450965	0.243976	0.471606	0.261221	0.493377
865.718990	0.126715	0.220609	0.128330	0.228319	0.130140	0.236470	0.132174	0.245084	0.134468	0.254190	0.137061	0.263812	0.139998	0.273981	0.143331	0.284727	0.147115	0.296080	0.151415	0.308074	0.156303	0.320746	0.161859	0.334130	0.168173	0.348265	0.175347	0.363194	0.183496	0.378955	0.192745	0.395596	0.203237	0.413161	0.215129	0.431699	0.228600	0.451260	0.243845	0.471897	0.261085	0.493665
866.107600	0.126701	0.220855	0.128311	0.228570	0.130115	0.236726	0.132144	0.245345	0.134432	0.254455	0.137020	0.264082	0.139951	0.274255	0.143278	0.285005	0.147056	0.296362	0.151350	0.308360	0.156231	0.321035	0.161780	0.334421	0.168088	0.348559	0.175256	0.363490	0.183398	0.379252	0.192640	0.395893	0.203125	0.413458	0.215011	0.431995	0.228476	0.451554	0.243715	0.472188	0.260948	0.493952
866.496030	0.126687	0.221100	0.128292	0.228821	0.130091	0.236981	0.132114	0.245605	0.134396	0.254720	0.136978	0.264351	0.139904	0.274529	0.143225	0.285282	0.146997	0.296643	0.151284	0.308645	0.156159	0.321323	0.161702	0.334712	0.168003	0.348852	0.175164	0.363784	0.183300	0.379548	0.192535	0.396189	0.203014	0.413754	0.214894	0.432289	0.228351	0.451847	0.243585	0.472478	0.260812	0.494238
866.884400	0.126673	0.221346	0.128273	0.229071	0.130066	0.237236	0.132084	0.245866	0.134361	0.254984	0.136937	0.264621	0.139857	0.274803	0.143172	0.285559	0.146938	0.296924	0.151219	0.308929	0.156087	0.321610	0.161623	0.335003	0.167918	0.349145	0.175073	0.364078	0.183201	0.379844	0.192430	0.396486	0.202902	0.414050	0.214776	0.432584	0.228227	0.452140	0.243455	0.472768	0.260676	0.494524
867.272710	0.126659	0.221591	0.128254	0.229321	0.130042	0.237491	0.132054	0.246125	0.134325	0.255248	0.136896	0.264889	0.139810	0.275075	0.143119	0.285836	0.146879	0.297205	0.151153	0.309213	0.156016	0.321898	0.161545	0.335292	0.167834	0.349437	0.174982	0.364372	0.183103	0.380139	0.192326	0.396781	0.202791	0.414345	0.214658	0.432878	0.228103	0.452432	0.243325	0.473057	0.260541	0.494809
867.660830	0.126645	0.221835	0.128235	0.229571	0.130017	0.237746	0.132024	0.246384	0.134290	0.255512	0.136855	0.265157	0.139763	0.275347	0.143066	0.286113	0.146820	0.297485	0.151088	0.309497	0.155944	0.322184	0.161467	0.335582	0.167749	0.349729	0.174891	0.364665	0.183005	0.380433	0.192221	0.397076	0.202680	0.414639	0.214541	0.433172	0.227979	0.452723	0.243195	0.473345	0.260405	0.495093
868.048890	0.126631	0.222080	0.128216	0.229820	0.129993	0.238000	0.131994	0.246643	0.134255	0.255776	0.136814	0.265425	0.139716	0.275619	0.143013	0.286389	0.146761	0.297765	0.151023	0.309781	0.155872	0.322471	0.161389	0.335871	0.167664	0.350021	0.174800	0.364958	0.182908	0.380727	0.192117	0.397370	0.202569	0.414933	0.214423	0.433465	0.227855	0.453015	0.243065	0.473633	0.260269	0.495377
868.436830	0.126617	0.222324	0.128197	0.230069	0.129969	0.238254	0.131965	0.246901	0.134220	0.256039	0.136773	0.265692	0.139670	0.275891	0.142961	0.286664	0.146702	0.298044	0.150958	0.310063	0.155801	0.322756	0.161311	0.336159	0.167580	0.350311	0.174708	0.365250	0.182810	0.381020	0.192012	0.397663	0.202458	0.415226	0.214306	0.433757	0.227732	0.453304	0.242935	0.473920	0.260134	0.495659
868.824710	0.126603	0.222568	0.128178	0.230318	0.129945	0.238507	0.131935	0.247159	0.134185	0.256301	0.136732	0.265959	0.139623	0.276162	0.142908	0.286940	0.146643	0.298323	0.150892	0.310345	0.155729	0.323041	0.161233	0.336447	0.167495	0.350601	0.174617	0.365542	0.182712	0.381313	0.191908	0.397956	0.202347	0.415519	0.214188	0.434049	0.227608	0.453594	0.242805	0.474207	0.259998	0.495942
869.212400	0.126590	0.222811	0.128159	0.230566	0.129921	0.238760	0.131906	0.247417	0.134150	0.256564	0.136692	0.266226	0.139577	0.276433	0.142855	0.287214	0.146584	0.298601	0.150828	0.310627	0.155658	0.323326	0.161155	0.336734	0.167411	0.350890	0.174526	0.365833	0.182615	0.381605	0.191804	0.398249	0.202236	0.415812	0.214071	0.434340	0.227484	0.453883	0.242675	0.474493	0.259863	0.496224
869.600100	0.126576	0.223055	0.128140	0.230814	0.129897	0.239013	0.131876	0.247674	0.134114	0.256826	0.136651	0.266492	0.139530	0.276703	0.142802	0.287489	0.146525	0.298879	0.150763	0.310909	0.155587	0.323610	0.161077	0.337021	0.167327	0.351179	0.174435	0.366123	0.182517	0.381896	0.191700	0.398541	0.202126	0.416103	0.213954	0.434630	0.227361	0.454171	0.242546	0.474779	0.259728	0.496506
869.987610	0.126562	0.223298	0.128122	0.231062	0.129873	0.239265	0.131847	0.247932	0.134079	0.257088	0.136610	0.266758	0.139483	0.276973	0.142750	0.287763	0.146467	0.299157	0.150698	0.311190	0.155515	0.323895	0.160999	0.337308	0.167243	0.351468	0.174344	0.366414	0.182420	0.382188	0.191596	0.398833	0.202016	0.416395	0.213837	0.434921	0.227238	0.454460	0.242417	0.475064	0.259593	0.496787
870.375060	0.126549	0.223540	0.128103	0.231309	0.129849	0.239517	0.131817	0.248188	0.134044	0.257348	0.136569	0.267024	0.139437	0.277243	0.142697	0.288036	0.146408	0.299434	0.150633	0.311470	0.155444	0.324178	0.160922	0.337593	0.167159	0.351755	0.174253	0.366703	0.182322	0.382478	0.191492	0.399123	0.201905	0.416685	0.213720	0.435210	0.227115	0.454747	0.242288	0.475348	0.259458	0.497067
870.762330	0.126535	0.223782	0.128084	0.231556	0.129825	0.239769	0.131788	0.248445	0.134009	0.257609	0.136528	0.267288	0.139390	0.277512	0.142644	0.288309	0.146349	0.299710	0.150568	0.311749	0.155373	0.324461	0.160845	0.337879	0.167075	0.352043	0.174163	0.366992	0.182225	0.382768	0.191388	0.399414	0.201795	0.416975	0.213603	0.435499	0.226992	0.455033	0.242158	0.475632	0.259323	0.497346
871.149600	0.126522	0.224024	0.128065	0.231803	0.129801	0.240020	0.131759	0.248701	0.133975	0.257869	0.136487	0.267553	0.139343	0.277781	0.142592	0.288581	0.146290	0.299987	0.150503	0.312029	0.155302	0.324743	0.160767	0.338164	0.166991	0.352330	0.174072	0.367281	0.182128	0.383058	0.191284	0.399704	0.201684	0.417265	0.213486	0.435787	0.226868	0.455319	0.242029	0.475915	0.259188	0.497626
871.536680	0.126508	0.224266	0.128046	0.232049	0.129777	0.240271	0.131729	0.248956	0.133940	0.258129	0.136447	0.267817	0.139297	0.278049	0.142540	0.288853	0.146232	0.300262	0.150438	0.312307	0.155231	0.325024	0.160690	0.338448	0.166907	0.352616	0.173982	0.367569	0.182031	0.383346	0.191181	0.399993	0.201574	0.417553	0.213369	0.436074	0.226745	0.455605	0.241900	0.476197	0.259053	0.497904
871.923710	0.126494	0.224507	0.128028	0.232295	0.129753	0.240522	0.131700	0.249211	0.133905	0.258389	0.136406	0.268081	0.139251	0.278317	0.142487	0.289125	0.146174	0.300538	0.150374	0.312586	0.155160	0.325306	0.160612	0.338732	0.166823	0.352903	0.173892	0.367856	0.181934	0.383635	0.191077	0.400282	0.201464	0.417842	0.213253	0.436361	0.226622	0.455891	0.241771	0.476479	0.258919	0.498182
872.310610	0.126480	0.224748	0.128009	0.232541	0.129729	0.240772	0.131670	0.249465	0.133870	0.258648	0.136366	0.268344	0.139205	0.278584	0.142435	0.289396	0.146115	0.300812	0.150309	0.312864	0.155089	0.325587	0.160535	0.339015	0.166739	0.353188	0.173802	0.368143	0.181837	0.383923	0.190974	0.400570	0.201354	0.418129	0.213137	0.436648	0.226500	0.456175	0.241643	0.476761	0.258784	0.498459
872.697450	0.126467	0.224989	0.127991	0.232786	0.129705	0.241022	0.131641	0.249720	0.133835	0.258907	0.136325	0.268607	0.139158	0.278851	0.142383	0.289667	0.146057	0.301086	0.150245	0.313142	0.155018	0.325867	0.160458	0.339299	0.166655	0.353472	0.173711	0.368430	0.181741	0.384210	0.190870	0.400858	0.201244	0.418417	0.213020	0.436934	0.226378	0.456459	0.241514	0.477041	0.258650	0.498736
873.084110	0.126453	0.225229	0.127972	0.233031	0.129681	0.241271	0.131612	0.249974	0.133800	0.259165	0.136285	0.268870	0.139112	0.279118	0.142331	0.289938	0.145999	0.301360	0.150181	0.313419	0.154948	0.326148	0.160381	0.339581	0.166572	0.353757	0.173621	0.368716	0.181644	0.384497	0.190767	0.401145	0.201134	0.418703	0.212904	0.437220	0.226255	0.456742	0.241385	0.477322	0.258516	0.499013
873.470700	0.126440	0.225469	0.127953	0.233275	0.129657	0.241521	0.131583	0.250228	0.133766	0.259423	0.136245	0.269132	0.139066	0.279384	0.142279	0.290208	0.145941	0.301634	0.150116	0.313696	0.154877	0.326427	0.160304	0.339863	0.166488	0.354040	0.173531	0.369001	0.181547	0.384783	0.190664	0.401431	0.201024	0.418989	0.212788	0.437504	0.226133	0.457025	0.241257	0.477601	0.258382	0.499288
873.857180	0.126427	0.225708	0.127935	0.233520	0.129634	0.241770	0.131554	0.250481	0.133731	0.259681	0.136205	0.269394	0.139020	0.279650	0.142227	0.290477	0.145883	0.301907	0.150052	0.313972	0.154806	0.326706	0.160227	0.340144	0.166405	0.354324	0.173441	0.369286	0.181451	0.385069	0.190561	0.401717	0.200915	0.419275	0.212672	0.437789	0.226010	0.457307	0.241128	0.477881	0.258248	0.499563
874.243590	0.126413	0.225948	0.127916	0.233764	0.129610	0.242018	0.131525	0.250734	0.133696	0.259938	0.136165	0.269655	0.138974	0.279915	0.142175	0.290746	0.145825	0.302179	0.149988	0.314247	0.154736	0.326984	0.160151	0.340425	0.166321	0.354607	0.173351	0.369570	0.181354	0.385355	0.190458	0.402003	0.200805	0.419560	0.212556	0.438073	0.225888	0.457588	0.241000	0.478159	0.258114	0.499837
874.629880	0.126400	0.226187	0.127898	0.234007	0.129586	0.242266	0.131496	0.250987	0.133662	0.260195	0.136124	0.269916	0.138928	0.280180	0.142123	0.291015	0.145767	0.302451	0.149923	0.314522	0.154665	0.327262	0.160074	0.340705	0.166238	0.354889	0.173261	0.369854	0.181258	0.385639	0.190355	0.402287	0.200696	0.419845	0.212440	0.438356	0.225766	0.457870	0.240872	0.478437	0.257980	0.500111
875.016050	0.126386	0.226426	0.127879	0.234251	0.129562	0.242514	0.131467	0.251239	0.133628	0.260452	0.136084	0.270177	0.138882	0.280445	0.142071	0.291283	0.145709	0.302723	0.149859	0.314797	0.154595	0.327540	0.159997	0.340986	0.166155	0.355172	0.173171	0.370138	0.181161	0.385924	0.190252	0.402572	0.200586	0.420129	0.212324	0.438639	0.225644	0.458151	0.240744	0.478715	0.257846	0.500384
875.402160	0.126373	0.226664	0.127861	0.234494	0.129538	0.242761	0.131438	0.251491	0.133593	0.260708	0.136044	0.270437	0.138836	0.280709	0.142019	0.291551	0.145651	0.302994	0.149796	0.315072	0.154525	0.327816	0.159920	0.341265	0.166072	0.355453	0.173082	0.370420	0.181065	0.386207	0.190149	0.402856	0.200477	0.420412	0.212209	0.438921	0.225522	0.458430	0.240616	0.478991	0.257713	0.500657
875.788090	0.126360	0.226902	0.127842	0.234737	0.129515	0.243008	0.131409	0.251743	0.133559	0.260964	0.136004	0.270697	0.138790	0.280972	0.141967	0.291818	0.145594	0.303265	0.149732	0.315346	0.154455	0.328093	0.159843	0.341544	0.165989	0.355734	0.172992	0.370702	0.180969	0.386490	0.190046	0.403139	0.200368	0.420695	0.212093	0.439202	0.225400	0.458710	0.240488	0.479268	0.257579	0.500929
876.173950	0.126347	0.227140	0.127824	0.234979	0.129491	0.243255	0.131380	0.251994	0.133525	0.261219	0.135964	0.270957	0.138744	0.281236	0.141916	0.292085	0.145536	0.303536	0.149668	0.315619	0.154385	0.328369	0.159767	0.341822	0.165906	0.356014	0.172903	0.370984	0.180873	0.386773	0.189944	0.403422	0.200259	0.420977	0.211978	0.439483	0.225278	0.458988	0.240361	0.479544	0.257446	0.501201
876.559750	0.126333	0.227377	0.127806	0.235221	0.129468	0.243502	0.131351	0.252245	0.133490	0.261474	0.135924	0.271216	0.138699	0.281499	0.141865	0.292352	0.145479	0.303806	0.149605	0.315892	0.154315	0.328645	0.159691	0.342100	0.165823	0.356294	0.172814	0.371265	0.180777	0.387055	0.189842	0.403704	0.200150	0.421259	0.211863	0.439763	0.225157	0.459267	0.240233	0.479819	0.257313	0.501472
876.945370	0.126320	0.227614	0.127788	0.235463	0.129444	0.243748	0.131322	0.252495	0.133456	0.261729	0.135885	0.271474	0.138653	0.281762	0.141813	0.292618	0.145421	0.304076	0.149541	0.316165	0.154245	0.328921	0.159615	0.342378	0.165740	0.356573	0.172725	0.371546	0.180682	0.387336	0.189739	0.403986	0.200041	0.421540	0.211747	0.440043	0.225035	0.459545	0.240106	0.480094	0.257180	0.501743
877.330930	0.126307	0.227851	0.127769	0.235704	0.129421	0.243994	0.131294	0.252745	0.133422	0.261983	0.135845	0.271732	0.138608	0.282024	0.141762	0.292884	0.145363	0.304345	0.149477	0.316437	0.154175	0.329196	0.159538	0.342655	0.165657	0.356852	0.172636	0.371826	0.180586	0.387617	0.189637	0.404267	0.199933	0.421821	0.211632	0.440322	0.224914	0.459822	0.239978	0.480368	0.257047	0.502012
877.716370	0.126294	0.228088	0.127751	0.235945	0.129397	0.244239	0.131265	0.252995	0.133387	0.262236	0.135804	0.271990	0.138562	0.282285	0.141710	0.293149	0.145306	0.304613	0.149414	0.316708	0.154105	0.329470	0.159462	0.342931	0.165575	0.357131	0.172547	0.372106	0.180490	0.387898	0.189535	0.404548	0.199824	0.422101	0.211517	0.440601	0.224792	0.460098	0.239851	0.480641	0.256914	0.502282
878.101750	0.126281	0.228324	0.127733	0.236185	0.129374	0.244485	0.131236	0.253245	0.133353	0.262490	0.135765	0.272248	0.138516	0.282547	0.141658	0.293414	0.145248	0.304882	0.149350	0.316980	0.154036	0.329744	0.159386	0.343208	0.165492	0.357409	0.172457	0.372386	0.180395	0.388178	0.189433	0.404828	0.199715	0.422381	0.211402	0.440879	0.224671	0.460375	0.239723	0.480914	0.256781	0.502551
878.487000	0.126267	0.228560	0.127715	0.236426	0.129351	0.244729	0.131207	0.253493	0.133319	0.262743	0.135725	0.272505	0.138471	0.282807	0.141607	0.293678	0.145190	0.305149	0.149287	0.317250	0.153966	0.330017	0.159310	0.343483	0.165410	0.357686	0.172369	0.372664	0.180299	0.388457	0.189331	0.405107	0.199607	0.422659	0.211287	0.441157	0.224550	0.460650	0.239596	0.481186	0.256648	0.502819
878.872130	0.126254	0.228796	0.127696	0.236666	0.129328	0.244974	0.131179	0.253742	0.133284	0.262996	0.135685	0.272762	0.138425	0.283068	0.141556	0.293942	0.145133	0.305416	0.149223	0.317521	0.153896	0.330290	0.159233	0.343759	0.165327	0.357963	0.172280	0.372943	0.180204	0.388736	0.189229	0.405386	0.199498	0.422938	0.211172	0.441434	0.224429	0.460925	0.239469	0.481459	0.256515	0.503087
879.257140	0.126241	0.229031	0.127678	0.236906	0.129304	0.245218	0.131150	0.253990	0.133250	0.263248	0.135646	0.273018	0.138380	0.283328	0.141505	0.294206	0.145076	0.305683	0.149160	0.317791	0.153826	0.330563	0.159157	0.344033	0.165245	0.358239	0.172191	0.373220	0.180108	0.389015	0.189127	0.405665	0.199390	0.423215	0.211057	0.441710	0.224308	0.461199	0.239342	0.481730	0.256383	0.503354
879.642090	0.126228	0.229266	0.127660	0.237145	0.129281	0.245461	0.131121	0.254238	0.133216	0.263500	0.135606	0.273274	0.138334	0.283587	0.141454	0.294469	0.145019	0.305949	0.149096	0.318060	0.153757	0.330834	0.159082	0.344307	0.165163	0.358515	0.172102	0.373497	0.180013	0.389293	0.189025	0.405943	0.199282	0.423493	0.210943	0.441986	0.224187	0.461473	0.239216	0.482000	0.256250	0.503620
880.026920	0.126215	0.229500	0.127642	0.237384	0.129257	0.245705	0.131093	0.254485	0.133183	0.263752	0.135566	0.273530	0.138289	0.283847	0.141402	0.294732	0.144962	0.306216	0.149033	0.318329	0.153687	0.331106	0.159006	0.344581	0.165080	0.358791	0.172013	0.373774	0.179917	0.389570	0.188923	0.406220	0.199173	0.423770	0.210828	0.442262	0.224067	0.461746	0.239089	0.482271	0.256118	0.503887
880.411620	0.126202	0.229735	0.127624	0.237622	0.129234	0.245948	0.131065	0.254732	0.133148	0.264003	0.135527	0.273785	0.138244	0.284106	0.141351	0.294994	0.144905	0.306481	0.148969	0.318597	0.153618	0.331377	0.158930	0.344854	0.164998	0.359066	0.171924	0.374050	0.179822	0.389847	0.188822	0.406497	0.199065	0.424046	0.210714	0.442537	0.223946	0.462019	0.238963	0.482540	0.255986	0.504152
880.796260	0.126189	0.229969	0.127606	0.237861	0.129211	0.246190	0.131036	0.254979	0.133114	0.264254	0.135487	0.274040	0.138199	0.284364	0.141300	0.295256	0.144848	0.306746	0.148906	0.318865	0.153549	0.331648	0.158854	0.345127	0.164916	0.359341	0.171836	0.374326	0.179727	0.390124	0.188721	0.406774	0.198957	0.424322	0.210600	0.442812	0.223826	0.462292	0.238836	0.482809	0.255854	0.504417
881.180790	0.126176	0.230203	0.127588	0.238099	0.129188	0.246433	0.131008	0.255226	0.133080	0.264505	0.135448	0.274294	0.138154	0.284622	0.141249	0.295518	0.144791	0.307010	0.148843	0.319133	0.153479	0.331918	0.158779	0.345399	0.164834	0.359615	0.171747	0.374601	0.179633	0.390399	0.188619	0.407050	0.198849	0.424597	0.210485	0.443086	0.223705	0.462563	0.238710	0.483078	0.255722	0.504681
881.565190	0.126163	0.230436	0.127570	0.238337	0.129165	0.246675	0.130979	0.255472	0.133047	0.264754	0.135408	0.274548	0.138109	0.284880	0.141198	0.295779	0.144734	0.307275	0.148780	0.319400	0.153410	0.332187	0.158703	0.345671	0.164753	0.359888	0.171659	0.374876	0.179538	0.390675	0.188518	0.407326	0.198742	0.424872	0.210371	0.443359	0.223585	0.462834	0.238584	0.483346	0.255590	0.504945
881.949460	0.126150	0.230669	0.127552	0.238575	0.129142	0.246916	0.130951	0.255718	0.133013	0.265004	0.135369	0.274802	0.138064	0.285137	0.141148	0.296040	0.144677	0.307539	0.148717	0.319667	0.153341	0.332457	0.158628	0.345942	0.164671	0.360161	0.171571	0.375150	0.179443	0.390950	0.188416	0.407601	0.198634	0.425147	0.210257	0.443632	0.223465	0.463105	0.238458	0.483614	0.255458	0.505208
882.333680	0.126137	0.230902	0.127534	0.238812	0.129119	0.247158	0.130922	0.255963	0.132980	0.265254	0.135330	0.275055	0.138019	0.285394	0.141097	0.296300	0.144621	0.307803	0.148655	0.319933	0.153272	0.332725	0.158553	0.346213	0.164589	0.360434	0.171483	0.375424	0.179349	0.391224	0.188315	0.407875	0.198527	0.425420	0.210143	0.443904	0.223345	0.463375	0.238332	0.483880	0.255327	0.505471
882.717770	0.126124	0.231134	0.127516	0.239048	0.129096	0.247399	0.130894	0.256209	0.132946	0.265503	0.135291	0.275308	0.137974	0.285650	0.141046	0.296560	0.144564	0.308066	0.148592	0.320199	0.153203	0.332994	0.158477	0.346483	0.164508	0.360706	0.171395	0.375697	0.179254	0.391498	0.188214	0.408149	0.198419	0.425693	0.210030	0.444176	0.223225	0.463645	0.238206	0.484146	0.255195	0.505733
883.101750	0.126112	0.231366	0.127498	0.239285	0.129073	0.247640	0.130866	0.256454	0.132912	0.265752	0.135252	0.275561	0.137929	0.285907	0.140996	0.296820	0.144507	0.308328	0.148529	0.320464	0.153134	0.333262	0.158402	0.346753	0.164426	0.360978	0.171307	0.375970	0.179160	0.391771	0.188113	0.408422	0.198312	0.425966	0.209916	0.444448	0.223105	0.463914	0.238080	0.484412	0.255063	0.505995
883.485660	0.126099	0.231598	0.127481	0.239521	0.129050	0.247880	0.130838	0.256698	0.132879	0.266000	0.135212	0.275813	0.137884	0.286162	0.140945	0.297078	0.144451	0.308590	0.148467	0.320729	0.153065	0.333529	0.158327	0.347023	0.164345	0.361248	0.171219	0.376242	0.179066	0.392044	0.188013	0.408695	0.198205	0.426238	0.209802	0.444718	0.222985	0.464182	0.237954	0.484678	0.254932	0.506256
883.869450	0.126086	0.231830	0.127463	0.239757	0.129028	0.248119	0.130810	0.256942	0.132845	0.266249	0.135173	0.276064	0.137839	0.286418	0.140894	0.297337	0.144394	0.308852	0.148404	0.320994	0.152996	0.333796	0.158252	0.347292	0.164264	0.361519	0.171131	0.376514	0.178971	0.392316	0.187912	0.408967	0.198097	0.426510	0.209689	0.444989	0.222866	0.464451	0.237829	0.484943	0.254801	0.506517
884.253110	0.126074	0.232061	0.127445	0.239992	0.129005	0.248359	0.130782	0.257185	0.132812	0.266496	0.135134	0.276316	0.137795	0.286673	0.140844	0.297595	0.144338	0.309113	0.148342	0.321258	0.152928	0.334062	0.158178	0.347561	0.164182	0.361789	0.171043	0.376786	0.178877	0.392588	0.187812	0.409239	0.197990	0.426781	0.209575	0.445258	0.222746	0.464718	0.237703	0.485207	0.254670	0.506777
884.636720	0.126061	0.232292	0.127428	0.240227	0.128982	0.248598	0.130754	0.257429	0.132778	0.266743	0.135095	0.276566	0.137750	0.286927	0.140793	0.297853	0.144281	0.309374	0.148279	0.321521	0.152859	0.334328	0.158103	0.347829	0.164101	0.362059	0.170956	0.377057	0.178783	0.392860	0.187711	0.409511	0.197883	0.427052	0.209462	0.445527	0.222626	0.464985	0.237578	0.485470	0.254539	0.507036
885.020140	0.126048	0.232523	0.127410	0.240462	0.128959	0.248838	0.130726	0.257672	0.132744	0.266990	0.135056	0.276817	0.137706	0.287181	0.140742	0.298110	0.144225	0.309635	0.148217	0.321785	0.152790	0.334594	0.158028	0.348097	0.164020	0.362328	0.170868	0.377327	0.178689	0.393131	0.187611	0.409782	0.197776	0.427322	0.209349	0.445796	0.222507	0.465251	0.237452	0.485734	0.254408	0.507296
885.403500	0.126035	0.232753	0.127392	0.240697	0.128936	0.249076	0.130698	0.257914	0.132711	0.267236	0.135017	0.277067	0.137661	0.287435	0.140692	0.298367	0.144169	0.309895	0.148154	0.322047	0.152722	0.334859	0.157953	0.348364	0.163938	0.362596	0.170781	0.377596	0.178595	0.393401	0.187510	0.410052	0.197670	0.427591	0.209236	0.446064	0.222388	0.465516	0.237327	0.485996	0.254277	0.507554
885.786800	0.126022	0.232983	0.127375	0.240931	0.128914	0.249314	0.130670	0.258156	0.132678	0.267482	0.134979	0.277317	0.137616	0.287688	0.140642	0.298624	0.144112	0.310154	0.148092	0.322310	0.152654	0.335124	0.157879	0.348631	0.163857	0.362865	0.170694	0.377865	0.178501	0.393671	0.187410	0.410322	0.197563	0.427860	0.209123	0.446332	0.222268	0.465781	0.237202	0.486258	0.254146	0.507812
886.169980	0.126010	0.233213	0.127357	0.241165	0.128891	0.249552	0.130642	0.258398	0.132644	0.267728	0.134940	0.277566	0.137571	0.287941	0.140592	0.298880	0.144056	0.310414	0.148029	0.322572	0.152586	0.335388	0.157804	0.348897	0.163776	0.363133	0.170606	0.378134	0.178408	0.393940	0.187310	0.410591	0.197457	0.428129	0.209010	0.446599	0.222149	0.466046	0.237077	0.486520	0.254015	0.508070
886.552980	0.125997	0.233442	0.127340	0.241398	0.128868	0.249790	0.130614	0.258640	0.132611	0.267973	0.134901	0.277815	0.137527	0.288193	0.140542	0.299136	0.144000	0.310672	0.147967	0.322833	0.152517	0.335652	0.157729	0.349162	0.163695	0.363400	0.170519	0.378403	0.178314	0.394209	0.187210	0.410860	0.197350	0.428397	0.208897	0.446865	0.222031	0.466311	0.236952	0.486781	0.253885	0.508326
886.935970	0.125985	0.233672	0.127322	0.241632	0.128846	0.250027	0.130586	0.258882	0.132579	0.268219	0.134862	0.278064	0.137483	0.288446	0.140491	0.299391	0.143944	0.310931	0.147905	0.323094	0.152448	0.335916	0.157654	0.349428	0.163615	0.363667	0.170432	0.378671	0.178221	0.394478	0.187110	0.411128	0.197244	0.428665	0.208784	0.447131	0.221912	0.466575	0.236827	0.487042	0.253755	0.508583
887.318790	0.125972	0.233900	0.127305	0.241865	0.128823	0.250264	0.130558	0.259122	0.132545	0.268463	0.134824	0.278313	0.137439	0.288697	0.140441	0.299646	0.143888	0.311189	0.147844	0.323355	0.152381	0.336178	0.157580	0.349692	0.163534	0.363934	0.170345	0.378938	0.178127	0.394746	0.187010	0.411396	0.197137	0.428932	0.208672	0.447397	0.221793	0.466838	0.236702	0.487302	0.253625	0.508839
887.701540	0.125960	0.234129	0.127287	0.242097	0.128801	0.250501	0.130530	0.259363	0.132512	0.268708	0.134785	0.278561	0.137395	0.288949	0.140391	0.299901	0.143833	0.311446	0.147782	0.323615	0.152313	0.336441	0.157506	0.349957	0.163454	0.364200	0.170258	0.379205	0.178033	0.395013	0.186910	0.411663	0.197031	0.429198	0.208559	0.447662	0.221675	0.467100	0.236578	0.487562	0.253494	0.509094
888.084170	0.125947	0.234357	0.127270	0.242329	0.128778	0.250737	0.130503	0.259603	0.132479	0.268952	0.134746	0.278808	0.137350	0.289200	0.140341	0.300155	0.143777	0.311703	0.147720	0.323875	0.152245	0.336703	0.157432	0.350221	0.163373	0.364465	0.170171	0.379471	0.177940	0.395280	0.186810	0.411930	0.196925	0.429464	0.208447	0.447927	0.221556	0.467363	0.236454	0.487821	0.253364	0.509349
888.466740	0.125935	0.234585	0.127253	0.242561	0.128755	0.250973	0.130475	0.259843	0.132445	0.269195	0.134708	0.279056	0.137306	0.289451	0.140291	0.300408	0.143721	0.311960	0.147658	0.324134	0.152177	0.336964	0.157357	0.350484	0.163293	0.364730	0.170084	0.379737	0.177847	0.395546	0.186710	0.412196	0.196819	0.429729	0.208335	0.448191	0.221437	0.467624	0.236329	0.488079	0.253234	0.509603
888.849120	0.125922	0.234812	0.127235	0.242793	0.128733	0.251209	0.130447	0.260082	0.132412	0.269438	0.134669	0.279303	0.137262	0.289701	0.140242	0.300662	0.143665	0.312216	0.147596	0.324393	0.152109	0.337226	0.157283	0.350747	0.163212	0.364995	0.169997	0.380003	0.177754	0.395812	0.186610	0.412462	0.196713	0.429994	0.208222	0.448454	0.221319	0.467886	0.236204	0.488337	0.253104	0.509857
889.231450	0.125910	0.235039	0.127217	0.243024	0.128710	0.251444	0.130419	0.260321	0.132379	0.269681	0.134631	0.279549	0.137217	0.289951	0.140192	0.300915	0.143609	0.312472	0.147535	0.324651	0.152041	0.337486	0.157209	0.351010	0.163131	0.365258	0.169910	0.380268	0.177661	0.396077	0.186511	0.412727	0.196607	0.430259	0.208110	0.448717	0.221200	0.468146	0.236080	0.488595	0.252975	0.510110
889.613710	0.125897	0.235266	0.127200	0.243255	0.128688	0.251679	0.130392	0.260560	0.132346	0.269924	0.134592	0.279795	0.137173	0.290200	0.140142	0.301168	0.143553	0.312727	0.147473	0.324909	0.151973	0.337746	0.157136	0.351272	0.163051	0.365522	0.169824	0.380533	0.177567	0.396342	0.186411	0.412992	0.196501	0.430523	0.207998	0.448980	0.221082	0.468406	0.235956	0.488851	0.252845	0.510363
889.995790	0.125885	0.235493	0.127182	0.243485	0.128665	0.251913	0.130364	0.260798	0.132313	0.270166	0.134553	0.280040	0.137129	0.290449	0.140092	0.301420	0.143498	0.312982	0.147412	0.325167	0.151906	0.338006	0.157062	0.351534	0.162971	0.365785	0.169737	0.380797	0.177474	0.396607	0.186312	0.413257	0.196395	0.430787	0.207886	0.449242	0.220964	0.468666	0.235832	0.489108	0.252715	0.510615
890.377810	0.125873	0.235719	0.127165	0.243716	0.128643	0.252148	0.130337	0.261036	0.132281	0.270408	0.134515	0.280286	0.137086	0.290698	0.140042	0.301672	0.143442	0.313237	0.147350	0.325424	0.151838	0.338266	0.156988	0.351795	0.162891	0.366048	0.169651	0.381060	0.177382	0.396871	0.186213	0.413521	0.196290	0.431050	0.207774	0.449503	0.220846	0.468925	0.235709	0.489364	0.252586	0.510867
890.759770	0.125860	0.235946	0.127148	0.243946	0.128621	0.252382	0.130309	0.261274	0.132248	0.270649	0.134477	0.280531	0.137042	0.290946	0.139992	0.301923	0.143387	0.313491	0.147289	0.325681	0.151771	0.338525	0.156914	0.352056	0.162811	0.366310	0.169564	0.381323	0.177289	0.397135	0.186114	0.413784	0.196184	0.431313	0.207662	0.449764	0.220728	0.469184	0.235585	0.489619	0.252456	0.511118
891.141540	0.125847	0.236172	0.127131	0.244176	0.128599	0.252615	0.130282	0.261512	0.132215	0.270890	0.134439	0.280776	0.136998	0.291194	0.139943	0.302174	0.143331	0.313745	0.147227	0.325938	0.151703	0.338784	0.156841	0.352316	0.162731	0.366572	0.169478	0.381586	0.177197	0.397398	0.186015	0.414047	0.196079	0.431575	0.207551	0.450024	0.220610	0.469442	0.235461	0.489874	0.252327	0.511369
891.523250	0.125835	0.236397	0.127114	0.244405	0.128577	0.252849	0.130254	0.261749	0.132183	0.271131	0.134401	0.281020	0.136954	0.291442	0.139894	0.302425	0.143276	0.313998	0.147166	0.326194	0.151636	0.339042	0.156767	0.352576	0.162652	0.366833	0.169392	0.381848	0.177104	0.397660	0.185916	0.414309	0.195974	0.431836	0.207439	0.450284	0.220493	0.469700	0.235337	0.490128	0.252198	0.511619
891.904850	0.125823	0.236622	0.127097	0.244635	0.128555	0.253082	0.130227	0.261986	0.132150	0.271372	0.134363	0.281264	0.136911	0.291689	0.139844	0.302675	0.143221	0.314252	0.147104	0.326449	0.151569	0.339300	0.156693	0.352836	0.162572	0.367095	0.169306	0.382111	0.177011	0.397923	0.185818	0.414572	0.195869	0.432098	0.207328	0.450544	0.220375	0.469957	0.235214	0.490383	0.252069	0.511870
892.286320	0.125811	0.236847	0.127080	0.244864	0.128532	0.253314	0.130199	0.262222	0.132117	0.271612	0.134324	0.281507	0.136867	0.291936	0.139795	0.302925	0.143165	0.314504	0.147043	0.326704	0.151501	0.339557	0.156620	0.353095	0.162492	0.367355	0.169220	0.382372	0.176919	0.398184	0.185719	0.414833	0.195764	0.432358	0.207216	0.450803	0.220258	0.470213	0.235091	0.490636	0.251940	0.512119
892.667720	0.125799	0.237071	0.127062	0.245092	0.128510	0.253547	0.130172	0.262458	0.132085	0.271851	0.134286	0.281750	0.136823	0.292182	0.139745	0.303174	0.143110	0.314756	0.146982	0.326959	0.151434	0.339813	0.156547	0.353354	0.162412	0.367615	0.169134	0.382633	0.176826	0.398445	0.185620	0.415094	0.195659	0.432618	0.207105	0.451062	0.220140	0.470470	0.234967	0.490889	0.251811	0.512367
893.049010	0.125786	0.237296	0.127045	0.245320	0.128488	0.253779	0.130145	0.262694	0.132052	0.272091	0.134248	0.281993	0.136779	0.292428	0.139696	0.303423	0.143055	0.315008	0.146921	0.327214	0.151366	0.340070	0.156474	0.353612	0.162333	0.367874	0.169048	0.382893	0.176734	0.398706	0.185521	0.415354	0.195554	0.432877	0.206994	0.451320	0.220023	0.470726	0.234844	0.491141	0.251682	0.512616
893.430180	0.125774	0.237520	0.127028	0.245548	0.128466	0.254010	0.130117	0.262929	0.132019	0.272329	0.134210	0.282235	0.136736	0.292673	0.139647	0.303671	0.143000	0.315259	0.146860	0.327467	0.151299	0.340326	0.156400	0.353869	0.162253	0.368133	0.168962	0.383153	0.176642	0.398966	0.185423	0.415614	0.195449	0.433136	0.206883	0.451577	0.219906	0.470980	0.234721	0.491393	0.251554	0.512863
893.811280	0.125762	0.237743	0.127011	0.245775	0.128444	0.254241	0.130090	0.263165	0.131987	0.272568	0.134173	0.282477	0.136693	0.292918	0.139597	0.303920	0.142945	0.315511	0.146799	0.327721	0.151232	0.340581	0.156327	0.354127	0.162173	0.368392	0.168876	0.383412	0.176550	0.399226	0.185325	0.415873	0.195344	0.433395	0.206772	0.451834	0.219789	0.471235	0.234598	0.491644	0.251425	0.513111
894.192260	0.125750	0.237966	0.126994	0.246003	0.128422	0.254473	0.130063	0.263399	0.131955	0.272806	0.134135	0.282719	0.136649	0.293163	0.139548	0.304168	0.142890	0.315761	0.146738	0.327973	0.151165	0.340836	0.156254	0.354383	0.162094	0.368650	0.168791	0.383671	0.176458	0.399486	0.185226	0.416133	0.195239	0.433653	0.206661	0.452090	0.219672	0.471489	0.234475	0.491895	0.251296	0.513357
894.573120	0.125738	0.238189	0.126977	0.246230	0.128400	0.254703	0.130036	0.263633	0.131922	0.273044	0.134097	0.282960	0.136606	0.293408	0.139499	0.304416	0.142835	0.316011	0.146677	0.328226	0.151099	0.341091	0.156181	0.354640	0.162015	0.368907	0.168706	0.383930	0.176366	0.399744	0.185128	0.416391	0.195135	0.433911	0.206550	0.452346	0.219555	0.471743	0.234352	0.492146	0.251168	0.513603
894.953860	0.125726	0.238412	0.126960	0.246457	0.128378	0.254934	0.130009	0.263868	0.131890	0.273282	0.134059	0.283202	0.136562	0.293652	0.139450	0.304663	0.142781	0.316261	0.146616	0.328478	0.151032	0.341345	0.156108	0.354896	0.161937	0.369165	0.168620	0.384188	0.176274	0.400003	0.185030	0.416650	0.195031	0.434169	0.206439	0.452602	0.219438	0.471996	0.234230	0.492396	0.251040	0.513849
895.334530	0.125714	0.238634	0.126943	0.246683	0.128356	0.255164	0.129982	0.264101	0.131858	0.273519	0.134021	0.283442	0.136519	0.293896	0.139401	0.304909	0.142726	0.316510	0.146556	0.328730	0.150965	0.341599	0.156035	0.355151	0.161857	0.369421	0.168535	0.384445	0.176183	0.400260	0.184932	0.416907	0.194926	0.434425	0.206329	0.452857	0.219322	0.472249	0.234107	0.492645	0.250912	0.514094
895.715090	0.125702	0.238857	0.126927	0.246909	0.128334	0.255394	0.129955	0.264335	0.131825	0.273756	0.133983	0.283682	0.136476	0.294140	0.139352	0.305156	0.142671	0.316759	0.146495	0.328981	0.150899	0.341852	0.155962	0.355407	0.161778	0.369678	0.168449	0.384702	0.176091	0.400518	0.184834	0.417164	0.194822	0.434681	0.206219	0.453112	0.219205	0.472501	0.233985	0.492894	0.250784	0.514339
896.095520	0.125690	0.239079	0.126910	0.247135	0.128312	0.255624	0.129928	0.264568	0.131793	0.273992	0.133946	0.283922	0.136433	0.294383	0.139304	0.305402	0.142616	0.317008	0.146435	0.329232	0.150832	0.342105	0.155890	0.355662	0.161699	0.369934	0.168364	0.384959	0.176000	0.400775	0.184735	0.417421	0.194718	0.434937	0.206108	0.453367	0.219089	0.472753	0.233862	0.493142	0.250656	0.514583
896.475890	0.125678	0.239300	0.126893	0.247360	0.128290	0.255852	0.129901	0.264801	0.131761	0.274229	0.133908	0.284161	0.136390	0.294625	0.139255	0.305647	0.142561	0.317256	0.146374	0.329482	0.150766	0.342358	0.155817	0.355915	0.161620	0.370189	0.168279	0.385215	0.175908	0.401032	0.184638	0.417677	0.194614	0.435192	0.205998	0.453620	0.218972	0.473004	0.233740	0.493390	0.250528	0.514827
896.856140	0.125666	0.239521	0.126876	0.247585	0.128268	0.256081	0.129874	0.265033	0.131728	0.274465	0.133870	0.284401	0.136346	0.294867	0.139206	0.305892	0.142507	0.317504	0.146314	0.329732	0.150699	0.342610	0.155744	0.356169	0.161542	0.370444	0.168194	0.385471	0.175817	0.401288	0.184540	0.417932	0.194509	0.435447	0.205888	0.453873	0.218856	0.473254	0.233618	0.493637	0.250400	0.515070
897.236270	0.125654	0.239742	0.126859	0.247809	0.128247	0.256310	0.129847	0.265265	0.131696	0.274700	0.133833	0.284639	0.136303	0.295109	0.139158	0.306137	0.142452	0.317751	0.146253	0.329982	0.150633	0.342862	0.155672	0.356422	0.161463	0.370699	0.168109	0.385727	0.175725	0.401544	0.184443	0.418188	0.194405	0.435701	0.205777	0.454126	0.218740	0.473504	0.233496	0.493884	0.250273	0.515313
897.616270	0.125642	0.239962	0.126842	0.248034	0.128225	0.256538	0.129820	0.265496	0.131664	0.274935	0.133796	0.284877	0.136260	0.295350	0.139109	0.306381	0.142398	0.317998	0.146193	0.330231	0.150566	0.343113	0.155599	0.356675	0.161384	0.370953	0.168024	0.385982	0.175634	0.401799	0.184345	0.418443	0.194302	0.435955	0.205667	0.454378	0.218623	0.473754	0.233374	0.494131	0.250146	0.515555
897.996220	0.125630	0.240183	0.126825	0.248258	0.128203	0.256766	0.129793	0.265728	0.131631	0.275170	0.133758	0.285116	0.136217	0.295592	0.139059	0.306626	0.142344	0.318245	0.146133	0.330481	0.150500	0.343365	0.155527	0.356928	0.161306	0.371206	0.167939	0.386236	0.175543	0.402053	0.184248	0.418697	0.194198	0.436208	0.205557	0.454629	0.218507	0.474004	0.233252	0.494378	0.250018	0.515798
898.376040	0.125618	0.240403	0.126808	0.248481	0.128182	0.256993	0.129766	0.265959	0.131599	0.275404	0.133721	0.285353	0.136175	0.295832	0.139011	0.306869	0.142289	0.318491	0.146072	0.330729	0.150434	0.343614	0.155455	0.357180	0.161227	0.371459	0.167854	0.386490	0.175452	0.402307	0.184150	0.418951	0.194094	0.436461	0.205447	0.454880	0.218391	0.474252	0.233130	0.494623	0.249891	0.516038
898.755800	0.125607	0.240623	0.126792	0.248705	0.128160	0.257220	0.129739	0.266190	0.131568	0.275638	0.133683	0.285590	0.136132	0.296072	0.138963	0.307112	0.142235	0.318737	0.146012	0.330977	0.150367	0.343864	0.155382	0.357431	0.161149	0.371712	0.167769	0.386743	0.175361	0.402561	0.184053	0.419204	0.193991	0.436714	0.205338	0.455131	0.218275	0.474500	0.233008	0.494867	0.249763	0.516279
899.135380	0.125595	0.240842	0.126775	0.248928	0.128138	0.257447	0.129713	0.266420	0.131536	0.275872	0.133646	0.285827	0.136089	0.296312	0.138915	0.307354	0.142181	0.318982	0.145952	0.331224	0.150301	0.344114	0.155310	0.357682	0.161070	0.371965	0.167685	0.386996	0.175270	0.402814	0.183955	0.419457	0.193887	0.436966	0.205228	0.455381	0.218160	0.474748	0.232887	0.495112	0.249636	0.516519
899.514890	0.125583	0.241061	0.126758	0.249151	0.128117	0.257673	0.129686	0.266650	0.131504	0.276105	0.133609	0.286064	0.136046	0.296552	0.138866	0.307596	0.142126	0.319227	0.145892	0.331472	0.150235	0.344363	0.155238	0.357933	0.160992	0.372216	0.167600	0.387248	0.175179	0.403067	0.183859	0.419709	0.193784	0.437217	0.205118	0.455631	0.218044	0.474995	0.232765	0.495356	0.249509	0.516759
899.894290	0.125570	0.241280	0.126742	0.249374	0.128095	0.257899	0.129659	0.266880	0.131472	0.276338	0.133571	0.286300	0.136003	0.296791	0.138818	0.307839	0.142072	0.319472	0.145832	0.331719	0.150169	0.344612	0.155166	0.358184	0.160914	0.372468	0.167516	0.387501	0.175088	0.403320	0.183762	0.419962	0.193681	0.437468	0.205009	0.455880	0.217929	0.475242	0.232644	0.495600	0.249382	0.516998
900.273620	0.125559	0.241499	0.126725	0.249596	0.128073	0.258125	0.129633	0.267109	0.131440	0.276571	0.133534	0.286536	0.135960	0.297030	0.138769	0.308080	0.142018	0.319716	0.145772	0.331965	0.150103	0.344860	0.155094	0.358434	0.160836	0.372719	0.167431	0.387752	0.174998	0.403571	0.183665	0.420213	0.193578	0.437718	0.204899	0.456129	0.217814	0.475489	0.232523	0.495843	0.249256	0.517237
900.652830	0.125547	0.241717	0.126709	0.249818	0.128052	0.258350	0.129606	0.267338	0.131408	0.276803	0.133497	0.286771	0.135918	0.297269	0.138721	0.308322	0.141964	0.319960	0.145713	0.332211	0.150037	0.345108	0.155022	0.358684	0.160758	0.372970	0.167347	0.388004	0.174908	0.403823	0.183568	0.420464	0.193474	0.437968	0.204790	0.456378	0.217699	0.475735	0.232402	0.496085	0.249129	0.517476
901.031920	0.125536	0.241935	0.126693	0.250040	0.128030	0.258576	0.129580	0.267567	0.131376	0.277036	0.133460	0.287007	0.135875	0.297507	0.138673	0.308563	0.141910	0.320203	0.145653	0.332457	0.149971	0.345356	0.154950	0.358933	0.160679	0.373220	0.167263	0.388255	0.174817	0.404074	0.183471	0.420715	0.193371	0.438218	0.204681	0.456626	0.217583	0.475981	0.232281	0.496327	0.249002	0.517714
901.410890	0.125524	0.242153	0.126676	0.250261	0.128009	0.258801	0.129553	0.267795	0.131344	0.277267	0.133423	0.287241	0.135833	0.297745	0.138625	0.308804	0.141857	0.320446	0.145593	0.332702	0.149906	0.345603	0.154878	0.359181	0.160602	0.373470	0.167179	0.388505	0.174727	0.404324	0.183374	0.420965	0.193269	0.438467	0.204572	0.456873	0.217468	0.476225	0.232160	0.496569	0.248876	0.517951
901.789790	0.125513	0.242370	0.126659	0.250482	0.127987	0.259025	0.129527	0.268023	0.131313	0.277499	0.133386	0.287476	0.135790	0.297982	0.138577	0.309044	0.141803	0.320688	0.145533	0.332947	0.149840	0.345850	0.154807	0.359429	0.160524	0.373719	0.167095	0.388755	0.174636	0.404574	0.183278	0.421214	0.193166	0.438716	0.204463	0.457120	0.217353	0.476469	0.232039	0.496810	0.248749	0.518188
902.168580	0.125501	0.242587	0.126643	0.250703	0.127966	0.259250	0.129500	0.268251	0.131281	0.277730	0.133349	0.287710	0.135747	0.298219	0.138529	0.309284	0.141749	0.320931	0.145474	0.333192	0.149775	0.346096	0.154735	0.359677	0.160446	0.373968	0.167011	0.389005	0.174546	0.404824	0.183181	0.421464	0.193063	0.438964	0.204354	0.457366	0.217238	0.476713	0.231918	0.497051	0.248623	0.518425
902.547240	0.125489	0.242804	0.126626	0.250923	0.127944	0.259473	0.129474	0.268478	0.131250	0.277960	0.133312	0.287944	0.135705	0.298456	0.138481	0.309523	0.141695	0.321173	0.145414	0.333435	0.149709	0.346342	0.154664	0.359924	0.160368	0.374216	0.166927	0.389254	0.174456	0.405073	0.183085	0.421713	0.192961	0.439211	0.204245	0.457612	0.217123	0.476957	0.231797	0.497291	0.248497	0.518661
902.925840	0.125477	0.243021	0.126610	0.251144	0.127923	0.259697	0.129447	0.268706	0.131218	0.278191	0.133275	0.288177	0.135662	0.298693	0.138432	0.309762	0.141642	0.321415	0.145355	0.333679	0.149644	0.346588	0.154592	0.360172	0.160290	0.374464	0.166843	0.389503	0.174366	0.405322	0.182989	0.421961	0.192858	0.439459	0.204136	0.457858	0.217008	0.477200	0.231677	0.497531	0.248371	0.518897
903.304320	0.125466	0.243237	0.126594	0.251364	0.127902	0.259921	0.129421	0.268932	0.131187	0.278421	0.133238	0.288410	0.135620	0.298928	0.138385	0.310001	0.141588	0.321656	0.145295	0.333922	0.149579	0.346833	0.154521	0.360418	0.160213	0.374712	0.166760	0.389751	0.174276	0.405570	0.182893	0.422209	0.192756	0.439705	0.204028	0.458103	0.216894	0.477443	0.231556	0.497770	0.248245	0.519132
903.682680	0.125454	0.243453	0.126578	0.251583	0.127881	0.260144	0.129395	0.269158	0.131155	0.278650	0.133201	0.288644	0.135578	0.299164	0.138337	0.310239	0.141534	0.321896	0.145236	0.334165	0.149514	0.347077	0.154450	0.360664	0.160136	0.374959	0.166676	0.389998	0.174186	0.405818	0.182797	0.422456	0.192653	0.439952	0.203920	0.458347	0.216779	0.477685	0.231436	0.498009	0.248119	0.519366
904.060970	0.125442	0.243669	0.126561	0.251802	0.127860	0.260367	0.129369	0.269384	0.131124	0.278880	0.133164	0.288876	0.135536	0.299399	0.138289	0.310477	0.141480	0.322137	0.145176	0.334408	0.149448	0.347321	0.154378	0.360910	0.160059	0.375207	0.166593	0.390246	0.174096	0.406066	0.182701	0.422703	0.192551	0.440199	0.203812	0.458591	0.216665	0.477927	0.231316	0.498248	0.247994	0.519601
904.439090	0.125431	0.243884	0.126545	0.252021	0.127838	0.260589	0.129342	0.269610	0.131093	0.279109	0.133127	0.289108	0.135494	0.299634	0.138241	0.310714	0.141427	0.322376	0.145117	0.334650	0.149383	0.347565	0.154307	0.361155	0.159981	0.375452	0.166509	0.390493	0.174006	0.406312	0.182604	0.422949	0.192448	0.440444	0.203703	0.458835	0.216550	0.478168	0.231196	0.498486	0.247868	0.519834
904.817140	0.125419	0.244099	0.126529	0.252239	0.127817	0.260811	0.129316	0.269836	0.131061	0.279337	0.133091	0.289340	0.135451	0.299868	0.138193	0.310951	0.141374	0.322616	0.145058	0.334891	0.149318	0.347808	0.154236	0.361400	0.159903	0.375698	0.166425	0.390740	0.173917	0.406559	0.182508	0.423196	0.192346	0.440689	0.203594	0.459078	0.216436	0.478409	0.231076	0.498723	0.247742	0.520068
905.195130	0.125408	0.244314	0.126513	0.252458	0.127796	0.261032	0.129290	0.270061	0.131030	0.279566	0.133054	0.289571	0.135409	0.300103	0.138145	0.311188	0.141320	0.322855	0.144999	0.335132	0.149252	0.348051	0.154164	0.361644	0.159826	0.375944	0.166342	0.390986	0.173827	0.406805	0.182413	0.423441	0.192244	0.440933	0.203486	0.459321	0.216322	0.478649	0.230956	0.498960	0.247616	0.520301
905.572940	0.125397	0.244528	0.126496	0.252676	0.127775	0.261254	0.129263	0.270285	0.130998	0.279793	0.133017	0.289802	0.135367	0.300337	0.138098	0.311425	0.141267	0.323094	0.144940	0.335373	0.149187	0.348294	0.154093	0.361888	0.159749	0.376189	0.166259	0.391231	0.173738	0.407050	0.182317	0.423686	0.192142	0.441177	0.203378	0.459563	0.216208	0.478889	0.230836	0.499197	0.247491	0.520533
905.950680	0.125385	0.244743	0.126480	0.252894	0.127754	0.261475	0.129237	0.270510	0.130967	0.280021	0.132981	0.290033	0.135325	0.300570	0.138050	0.311661	0.141214	0.323332	0.144881	0.335614	0.149122	0.348536	0.154022	0.362132	0.159672	0.376434	0.166176	0.391476	0.173649	0.407296	0.182221	0.423931	0.192040	0.441421	0.203270	0.459805	0.216094	0.479129	0.230716	0.499433	0.247366	0.520766
906.328370	0.125374	0.244957	0.126464	0.253111	0.127733	0.261696	0.129211	0.270734	0.130936	0.280248	0.132944	0.290263	0.135284	0.300803	0.138003	0.311897	0.141161	0.323570	0.144822	0.335854	0.149058	0.348778	0.153952	0.362375	0.159595	0.376678	0.166093	0.391720	0.173559	0.407540	0.182126	0.424175	0.191939	0.441664	0.203162	0.460047	0.215980	0.479367	0.230596	0.499669	0.247241	0.520997
906.705870	0.125362	0.245171	0.126448	0.253328	0.127711	0.261916	0.129185	0.270958	0.130904	0.280475	0.132908	0.290493	0.135242	0.301036	0.137956	0.312132	0.141107	0.323808	0.144763	0.336093	0.148993	0.349020	0.153881	0.362618	0.159519	0.376921	0.166010	0.391965	0.173470	0.407785	0.182030	0.424419	0.191837	0.441906	0.203055	0.460287	0.215867	0.479605	0.230477	0.499904	0.247116	0.521227
907.083310	0.125351	0.245384	0.126431	0.253545	0.127690	0.262137	0.129159	0.271181	0.130873	0.280702	0.132872	0.290723	0.135200	0.301268	0.137909	0.312367	0.141054	0.324045	0.144704	0.336333	0.148929	0.349261	0.153810	0.362860	0.159442	0.377165	0.165927	0.392209	0.173380	0.408029	0.181935	0.424663	0.191736	0.442148	0.202947	0.460528	0.215753	0.479843	0.230358	0.500139	0.246991	0.521458
907.460630	0.125339	0.245597	0.126415	0.253761	0.127669	0.262357	0.129133	0.271404	0.130842	0.280928	0.132835	0.290952	0.135158	0.301500	0.137861	0.312601	0.141002	0.324282	0.144645	0.336572	0.148864	0.349501	0.153740	0.363102	0.159365	0.377408	0.165844	0.392452	0.173291	0.408272	0.181840	0.424905	0.191634	0.442390	0.202840	0.460768	0.215639	0.480081	0.230238	0.500373	0.246866	0.521688
907.837830	0.125328	0.245810	0.126399	0.253978	0.127648	0.262576	0.129107	0.271627	0.130810	0.281154	0.132799	0.291181	0.135116	0.301731	0.137813	0.312835	0.140949	0.324518	0.144586	0.336810	0.148799	0.349742	0.153669	0.363344	0.159288	0.377651	0.165761	0.392695	0.173202	0.408515	0.181745	0.425148	0.191533	0.442632	0.202732	0.461008	0.215526	0.480318	0.230118	0.500606	0.246742	0.521918
908.214970	0.125317	0.246022	0.126383	0.254194	0.127627	0.262796	0.129081	0.271850	0.130779	0.281380	0.132762	0.291409	0.135074	0.301963	0.137766	0.313069	0.140896	0.324754	0.144528	0.337048	0.148734	0.349982	0.153599	0.363585	0.159212	0.377893	0.165678	0.392938	0.173113	0.408758	0.181650	0.425390	0.191431	0.442873	0.202625	0.461247	0.215412	0.480555	0.229999	0.500840	0.246617	0.522147
908.591980	0.125305	0.246234	0.126367	0.254410	0.127606	0.263014	0.129055	0.272072	0.130748	0.281605	0.132726	0.291637	0.135033	0.302194	0.137719	0.313302	0.140843	0.324990	0.144469	0.337286	0.148670	0.350221	0.153528	0.363826	0.159135	0.378134	0.165595	0.393180	0.173025	0.409000	0.181555	0.425631	0.191330	0.443114	0.202517	0.461486	0.215299	0.480791	0.229881	0.501072	0.246492	0.522376
908.968870	0.125294	0.246446	0.126351	0.254625	0.127586	0.263233	0.129029	0.272294	0.130718	0.281830	0.132690	0.291865	0.134991	0.302425	0.137672	0.313536	0.140790	0.325226	0.144411	0.337523	0.148605	0.350460	0.153458	0.364066	0.159059	0.378375	0.165513	0.393422	0.172936	0.409242	0.181460	0.425873	0.191229	0.443354	0.202410	0.461724	0.215185	0.481027	0.229762	0.501305	0.246367	0.522604
909.345700	0.125283	0.246658	0.126335	0.254840	0.127565	0.263451	0.129003	0.272515	0.130687	0.282055	0.132654	0.292092	0.134950	0.302655	0.137625	0.313768	0.140738	0.325460	0.144352	0.337760	0.148541	0.350698	0.153387	0.364306	0.158983	0.378616	0.165430	0.393663	0.172848	0.409483	0.181365	0.426114	0.191128	0.443594	0.202303	0.461962	0.215072	0.481262	0.229643	0.501537	0.246243	0.522832
909.722410	0.125271	0.246869	0.126319	0.255055	0.127544	0.263669	0.128978	0.272737	0.130656	0.282279	0.132618	0.292320	0.134908	0.302885	0.137578	0.314001	0.140685	0.325695	0.144294	0.337997	0.148477	0.350937	0.153317	0.364545	0.158906	0.378857	0.165348	0.393904	0.172759	0.409724	0.181270	0.426354	0.191027	0.443833	0.202196	0.462199	0.214959	0.481497	0.229524	0.501768	0.246119	0.523059
910.099000	0.125260	0.247080	0.126303	0.255269	0.127524	0.263887	0.128952	0.272958	0.130625	0.282503	0.132581	0.292546	0.134866	0.303114	0.137531	0.314233	0.140632	0.325929	0.144236	0.338234	0.148413	0.351174	0.153247	0.364785	0.158830	0.379097	0.165265	0.394145	0.172671	0.409965	0.181175	0.426594	0.190927	0.444072	0.202089	0.462436	0.214846	0.481731	0.229405	0.502000	0.245995	0.523286
910.475520	0.125249	0.247291	0.126287	0.255483	0.127503	0.264105	0.128927	0.273178	0.130594	0.282726	0.132545	0.292773	0.134825	0.303344	0.137484	0.314464	0.140580	0.326163	0.144177	0.338470	0.148349	0.351412	0.153177	0.365023	0.158754	0.379336	0.165183	0.394385	0.172582	0.410205	0.181081	0.426833	0.190826	0.444310	0.201982	0.462673	0.214734	0.481965	0.229287	0.502230	0.245871	0.523513
910.851870	0.125238	0.247501	0.126271	0.255697	0.127482	0.264322	0.128901	0.273398	0.130563	0.282950	0.132509	0.292999	0.134783	0.303573	0.137437	0.314696	0.140528	0.326397	0.144119	0.338705	0.148284	0.351650	0.153107	0.365262	0.158678	0.379576	0.165101	0.394625	0.172494	0.410445	0.180986	0.427073	0.190726	0.444547	0.201876	0.462909	0.214621	0.482199	0.229169	0.502460	0.245747	0.523739
911.228150	0.125227	0.247711	0.126255	0.255910	0.127461	0.264539	0.128875	0.273618	0.130533	0.283173	0.132473	0.293225	0.134742	0.303801	0.137390	0.314927	0.140475	0.326630	0.144061	0.338940	0.148220	0.351886	0.153037	0.365500	0.158602	0.379814	0.165019	0.394864	0.172406	0.410684	0.180892	0.427311	0.190625	0.444785	0.201769	0.463145	0.214509	0.482432	0.229050	0.502690	0.245623	0.523964
911.604370	0.125216	0.247921	0.126240	0.256124	0.127441	0.264756	0.128850	0.273838	0.130502	0.283395	0.132438	0.293450	0.134701	0.304029	0.137343	0.315157	0.140422	0.326863	0.144002	0.339175	0.148156	0.352123	0.152967	0.365737	0.158526	0.380053	0.164937	0.395103	0.172318	0.410922	0.180797	0.427550	0.190525	0.445022	0.201662	0.463380	0.214396	0.482665	0.228932	0.502920	0.245499	0.524189
911.980410	0.125205	0.248131	0.126224	0.256337	0.127420	0.264972	0.128824	0.274058	0.130472	0.283617	0.132402	0.293675	0.134660	0.304257	0.137296	0.315388	0.140370	0.327096	0.143944	0.339409	0.148092	0.352359	0.152898	0.365975	0.158450	0.380291	0.164855	0.395342	0.172230	0.411161	0.180703	0.427788	0.190424	0.445259	0.201556	0.463615	0.214284	0.482897	0.228813	0.503149	0.245375	0.524414
912.356380	0.125194	0.248340	0.126208	0.256549	0.127399	0.265188	0.128799	0.274276	0.130441	0.283839	0.132366	0.293900	0.134619	0.304484	0.137250	0.315617	0.140317	0.327328	0.143886	0.339643	0.148029	0.352594	0.152828	0.366211	0.158374	0.380528	0.164773	0.395579	0.172142	0.411398	0.180609	0.428025	0.190324	0.445494	0.201450	0.463849	0.214171	0.483128	0.228695	0.503377	0.245252	0.524638
912.732240	0.125183	0.248549	0.126192	0.256762	0.127379	0.265403	0.128773	0.274495	0.130410	0.284061	0.132330	0.294125	0.134577	0.304711	0.137203	0.315847	0.140265	0.327559	0.143828	0.339876	0.147965	0.352829	0.152758	0.366448	0.158299	0.380765	0.164691	0.395817	0.172054	0.411636	0.180515	0.428261	0.190223	0.445730	0.201344	0.464082	0.214059	0.483359	0.228577	0.503605	0.245129	0.524862
913.108030	0.125172	0.248758	0.126176	0.256974	0.127358	0.265619	0.128748	0.274714	0.130379	0.284283	0.132294	0.294349	0.134536	0.304938	0.137157	0.316076	0.140213	0.327790	0.143770	0.340110	0.147902	0.353063	0.152688	0.366684	0.158223	0.381002	0.164610	0.396054	0.171966	0.411873	0.180421	0.428498	0.190123	0.445966	0.201237	0.464316	0.213947	0.483590	0.228459	0.503832	0.245006	0.525086
913.483700	0.125160	0.248966	0.126161	0.257185	0.127337	0.265834	0.128722	0.274932	0.130349	0.284503	0.132258	0.294573	0.134495	0.305164	0.137110	0.316305	0.140161	0.328021	0.143713	0.340342	0.147838	0.353298	0.152619	0.366919	0.158148	0.381238	0.164528	0.396291	0.171878	0.412110	0.180327	0.428734	0.190023	0.446200	0.201131	0.464549	0.213835	0.483821	0.228342	0.504059	0.244882	0.525309
913.859250	0.125149	0.249175	0.126145	0.257397	0.127317	0.266048	0.128697	0.275149	0.130318	0.284724	0.132222	0.294796	0.134454	0.305390	0.137063	0.316533	0.140109	0.328252	0.143655	0.340575	0.147774	0.353532	0.152549	0.367154	0.158072	0.381474	0.164447	0.396527	0.171790	0.412346	0.180233	0.428970	0.189923	0.446435	0.201025	0.464782	0.213723	0.484051	0.228224	0.504286	0.244759	0.525532
914.234680	0.125138	0.249383	0.126129	0.257608	0.127296	0.266263	0.128671	0.275367	0.130288	0.284945	0.132187	0.295019	0.134413	0.305616	0.137017	0.316761	0.140057	0.328482	0.143597	0.340807	0.147711	0.353766	0.152480	0.367389	0.157997	0.381710	0.164365	0.396763	0.171702	0.412582	0.180140	0.429205	0.189824	0.446669	0.200919	0.465014	0.213611	0.484280	0.228107	0.504512	0.244636	0.525754
914.610050	0.125127	0.249590	0.126114	0.257819	0.127276	0.266477	0.128646	0.275584	0.130258	0.285164	0.132151	0.295242	0.134373	0.305842	0.136971	0.316989	0.140005	0.328712	0.143540	0.341038	0.147648	0.353999	0.152410	0.367623	0.157921	0.381946	0.164284	0.396999	0.171615	0.412818	0.180046	0.429439	0.189724	0.446902	0.200814	0.465245	0.213500	0.484510	0.227989	0.504738	0.244514	0.525976
914.985290	0.125116	0.249798	0.126099	0.258030	0.127256	0.266691	0.128620	0.275801	0.130227	0.285384	0.132115	0.295465	0.134332	0.306067	0.136925	0.317217	0.139953	0.328942	0.143482	0.341270	0.147584	0.354232	0.152341	0.367858	0.157846	0.382181	0.164202	0.397234	0.171527	0.413053	0.179953	0.429674	0.189624	0.447136	0.200708	0.465477	0.213388	0.484739	0.227872	0.504964	0.244391	0.526197
915.360410	0.125106	0.250005	0.126083	0.258240	0.127236	0.266904	0.128595	0.276018	0.130197	0.285604	0.132080	0.295687	0.134291	0.306292	0.136879	0.317444	0.139901	0.329171	0.143425	0.341501	0.147521	0.354464	0.152272	0.368091	0.157771	0.382415	0.164121	0.397468	0.171440	0.413287	0.179859	0.429908	0.189524	0.447368	0.200602	0.465707	0.213277	0.484967	0.227755	0.505189	0.244268	0.526418
915.735470	0.125095	0.250212	0.126067	0.258451	0.127215	0.267117	0.128570	0.276234	0.130166	0.285823	0.132045	0.295909	0.134250	0.306516	0.136833	0.317670	0.139850	0.329400	0.143367	0.341731	0.147458	0.354696	0.152203	0.368324	0.157696	0.382649	0.164040	0.397703	0.171353	0.413521	0.179766	0.430141	0.189425	0.447600	0.200497	0.465938	0.213166	0.485194	0.227638	0.505414	0.244146	0.526638
916.110410	0.125084	0.250419	0.126051	0.258661	0.127195	0.267330	0.128545	0.276449	0.130136	0.286042	0.132010	0.296130	0.134209	0.306740	0.136786	0.317896	0.139798	0.329628	0.143310	0.341962	0.147394	0.354928	0.152134	0.368557	0.157621	0.382883	0.163959	0.397937	0.171265	0.413755	0.179673	0.430374	0.189326	0.447832	0.200391	0.466168	0.213054	0.485422	0.227521	0.505638	0.244023	0.526858
916.485230	0.125073	0.250625	0.126036	0.258870	0.127175	0.267542	0.128519	0.276665	0.130106	0.286260	0.131974	0.296351	0.134168	0.306963	0.136740	0.318122	0.139746	0.329856	0.143253	0.342191	0.147331	0.355159	0.152065	0.368789	0.157546	0.383115	0.163878	0.398170	0.171178	0.413988	0.179579	0.430607	0.189226	0.448063	0.200286	0.466397	0.212943	0.485649	0.227404	0.505861	0.243900	0.527077
916.859920	0.125062	0.250831	0.126021	0.259079	0.127155	0.267755	0.128494	0.276880	0.130075	0.286478	0.131938	0.296572	0.134127	0.307187	0.136694	0.318348	0.139694	0.330083	0.143195	0.342420	0.147268	0.355390	0.151996	0.369021	0.157471	0.383348	0.163797	0.398403	0.171091	0.414221	0.179486	0.430839	0.189127	0.448295	0.200180	0.466626	0.212832	0.485875	0.227287	0.506085	0.243778	0.527296
917.234560	0.125051	0.251037	0.126005	0.259288	0.127134	0.267967	0.128469	0.277095	0.130045	0.286696	0.131903	0.296793	0.134087	0.307410	0.136648	0.318573	0.139643	0.330310	0.143138	0.342649	0.147205	0.355620	0.151927	0.369253	0.157396	0.383580	0.163716	0.398635	0.171005	0.414453	0.179393	0.431071	0.189028	0.448525	0.200075	0.466855	0.212721	0.486101	0.227170	0.506307	0.243656	0.527515
917.609070	0.125040	0.251242	0.125990	0.259496	0.127114	0.268178	0.128444	0.277310	0.130015	0.286914	0.131868	0.297013	0.134046	0.307632	0.136602	0.318798	0.139592	0.330537	0.143081	0.342878	0.147142	0.355851	0.151858	0.369484	0.157321	0.383812	0.163635	0.398868	0.170918	0.414686	0.179300	0.431302	0.188929	0.448755	0.199970	0.467084	0.212610	0.486327	0.227053	0.506530	0.243534	0.527733
917.983520	0.125029	0.251447	0.125975	0.259705	0.127094	0.268390	0.128419	0.277525	0.129985	0.287131	0.131833	0.297233	0.134006	0.307855	0.136556	0.319023	0.139540	0.330764	0.143024	0.343107	0.147080	0.356081	0.151789	0.369716	0.157246	0.384044	0.163555	0.399100	0.170831	0.414918	0.179207	0.431534	0.188830	0.448985	0.199866	0.467312	0.212499	0.486553	0.226936	0.506752	0.243412	0.527951
918.357790	0.125019	0.251652	0.125959	0.259913	0.127074	0.268601	0.128394	0.277738	0.129955	0.287348	0.131797	0.297452	0.133965	0.308077	0.136510	0.319247	0.139489	0.330990	0.142967	0.343335	0.147017	0.356310	0.151721	0.369946	0.157172	0.384275	0.163474	0.399331	0.170744	0.415149	0.179114	0.431764	0.188732	0.449214	0.199761	0.467539	0.212388	0.486778	0.226820	0.506973	0.243290	0.528169
918.731990	0.125009	0.251856	0.125943	0.260120	0.127053	0.268812	0.128369	0.277952	0.129925	0.287564	0.131762	0.297671	0.133925	0.308298	0.136464	0.319471	0.139438	0.331216	0.142910	0.343562	0.146954	0.356539	0.151652	0.370176	0.157097	0.384506	0.163394	0.399562	0.170658	0.415380	0.179021	0.431994	0.188633	0.449443	0.199656	0.467766	0.212277	0.487002	0.226703	0.507195	0.243168	0.528386
919.106080	0.124998	0.252061	0.125928	0.260328	0.127033	0.269023	0.128344	0.278165	0.129895	0.287780	0.131727	0.297890	0.133885	0.308520	0.136418	0.319694	0.139386	0.331442	0.142853	0.343789	0.146891	0.356768	0.151584	0.370406	0.157023	0.384736	0.163313	0.399793	0.170571	0.415610	0.178929	0.432224	0.188534	0.449672	0.199551	0.467992	0.212167	0.487226	0.226587	0.507415	0.243047	0.528602
919.480100	0.124987	0.252265	0.125912	0.260535	0.127013	0.269232	0.128319	0.278379	0.129865	0.287996	0.131692	0.298108	0.133844	0.308740	0.136372	0.319917	0.139335	0.331667	0.142796	0.344016	0.146828	0.356995	0.151515	0.370635	0.156948	0.384966	0.163233	0.400023	0.170485	0.415840	0.178836	0.432453	0.188435	0.449899	0.199447	0.468218	0.212056	0.487450	0.226471	0.507635	0.242925	0.528818
919.854000	0.124976	0.252468	0.125897	0.260742	0.126993	0.269442	0.128294	0.278592	0.129835	0.288212	0.131657	0.298327	0.133804	0.308961	0.136327	0.320140	0.139283	0.331891	0.142739	0.344243	0.146766	0.357223	0.151447	0.370864	0.156874	0.385196	0.163152	0.400253	0.170398	0.416070	0.178744	0.432683	0.188337	0.450127	0.199342	0.468444	0.211945	0.487673	0.226355	0.507855	0.242803	0.529035
920.227780	0.124965	0.252672	0.125882	0.260949	0.126973	0.269652	0.128269	0.278804	0.129805	0.288427	0.131622	0.298545	0.133763	0.309181	0.136281	0.320363	0.139232	0.332116	0.142682	0.344469	0.146703	0.357450	0.151378	0.371092	0.156800	0.385425	0.163072	0.400483	0.170312	0.416299	0.178652	0.432911	0.188238	0.450354	0.199237	0.468669	0.211835	0.487896	0.226239	0.508074	0.242682	0.529250
920.601440	0.124955	0.252875	0.125866	0.261155	0.126953	0.269861	0.128244	0.279016	0.129775	0.288642	0.131586	0.298762	0.133723	0.309401	0.136236	0.320585	0.139181	0.332340	0.142626	0.344694	0.146641	0.357678	0.151310	0.371320	0.156725	0.385654	0.162992	0.400712	0.170226	0.416528	0.178559	0.433139	0.188140	0.450581	0.199133	0.468894	0.211725	0.488118	0.226124	0.508293	0.242561	0.529464
920.975040	0.124944	0.253078	0.125851	0.261361	0.126932	0.270070	0.128219	0.279228	0.129746	0.288857	0.131551	0.298979	0.133683	0.309621	0.136190	0.320807	0.139130	0.332564	0.142569	0.344920	0.146578	0.357905	0.151242	0.371549	0.156651	0.385883	0.162911	0.400941	0.170140	0.416757	0.178467	0.433367	0.188042	0.450808	0.199029	0.469119	0.211614	0.488340	0.226008	0.508512	0.242439	0.529679
921.348510	0.124933	0.253281	0.125836	0.261567	0.126913	0.270279	0.128194	0.279439	0.129716	0.289071	0.131517	0.299196	0.133643	0.309840	0.136144	0.321028	0.139079	0.332787	0.142512	0.345145	0.146516	0.358131	0.151174	0.371776	0.156577	0.386111	0.162831	0.401169	0.170053	0.416985	0.178375	0.433594	0.187943	0.451034	0.198925	0.469343	0.211505	0.488561	0.225892	0.508731	0.242318	0.529893
921.721860	0.124923	0.253483	0.125821	0.261772	0.126893	0.270488	0.128169	0.279651	0.129686	0.289285	0.131482	0.299413	0.133603	0.310059	0.136099	0.321249	0.139028	0.333010	0.142455	0.345370	0.146453	0.358357	0.151106	0.372003	0.156503	0.386338	0.162752	0.401396	0.169967	0.417212	0.178283	0.433821	0.187845	0.451260	0.198821	0.469566	0.211395	0.488782	0.225776	0.508949	0.242197	0.530107
922.095150	0.124912	0.253685	0.125806	0.261977	0.126873	0.270696	0.128145	0.279862	0.129656	0.289498	0.131447	0.299629	0.133563	0.310278	0.136053	0.321470	0.138977	0.333233	0.142399	0.345594	0.146391	0.358582	0.151038	0.372230	0.156429	0.386566	0.162672	0.401624	0.169881	0.417440	0.178191	0.434048	0.187747	0.451485	0.198717	0.469790	0.211285	0.489003	0.225661	0.509166	0.242076	0.530320
922.468320	0.124902	0.253887	0.125791	0.262182	0.126853	0.270903	0.128120	0.280073	0.129627	0.289712	0.131412	0.299845	0.133523	0.310496	0.136008	0.321690	0.138926	0.333455	0.142342	0.345818	0.146329	0.358808	0.150970	0.372456	0.156355	0.386793	0.162592	0.401851	0.169795	0.417666	0.178099	0.434273	0.187649	0.451710	0.198613	0.470013	0.211175	0.489223	0.225545	0.509383	0.241955	0.530533
922.841370	0.124891	0.254089	0.125776	0.262387	0.126833	0.271111	0.128095	0.280283	0.129597	0.289925	0.131378	0.300060	0.133483	0.310714	0.135963	0.321910	0.138876	0.333677	0.142286	0.346042	0.146267	0.359033	0.150902	0.372682	0.156281	0.387020	0.162512	0.402078	0.169709	0.417893	0.178007	0.434499	0.187552	0.451935	0.198509	0.470235	0.211066	0.489443	0.225430	0.509600	0.241834	0.530746
923.214290	0.124881	0.254291	0.125760	0.262591	0.126814	0.271318	0.128071	0.280493	0.129567	0.290138	0.131343	0.300276	0.133443	0.310932	0.135918	0.322130	0.138825	0.333899	0.142230	0.346265	0.146205	0.359258	0.150834	0.372907	0.156208	0.387246	0.162432	0.402305	0.169624	0.418119	0.177915	0.434724	0.187454	0.452158	0.198405	0.470458	0.210956	0.489663	0.225315	0.509816	0.241714	0.530958
923.587160	0.124871	0.254491	0.125746	0.262795	0.126794	0.271525	0.128046	0.280703	0.129538	0.290350	0.131308	0.300491	0.133403	0.311149	0.135872	0.322349	0.138774	0.334120	0.142173	0.346488	0.146144	0.359482	0.150766	0.373133	0.156134	0.387471	0.162353	0.402530	0.169539	0.418345	0.177824	0.434949	0.187356	0.452382	0.198302	0.470679	0.210846	0.489882	0.225200	0.510031	0.241593	0.531169
923.959900	0.124860	0.254692	0.125731	0.262999	0.126774	0.271732	0.128022	0.280912	0.129508	0.290562	0.131274	0.300706	0.133363	0.311366	0.135827	0.322568	0.138723	0.334341	0.142117	0.346710	0.146082	0.359706	0.150698	0.373358	0.156061	0.387697	0.162274	0.402756	0.169453	0.418571	0.177732	0.435174	0.187259	0.452605	0.198198	0.470901	0.210737	0.490101	0.225084	0.510247	0.241473	0.531380
924.332520	0.124850	0.254893	0.125715	0.263202	0.126754	0.271938	0.127997	0.281122	0.129479	0.290774	0.131239	0.300920	0.133323	0.311582	0.135782	0.322787	0.138673	0.334562	0.142061	0.346932	0.146020	0.359929	0.150631	0.373582	0.155987	0.387922	0.162194	0.402981	0.169368	0.418795	0.177641	0.435398	0.187161	0.452828	0.198095	0.471122	0.210628	0.490319	0.224970	0.510462	0.241353	0.531591
924.705080	0.124839	0.255093	0.125700	0.263405	0.126735	0.272144	0.127972	0.281331	0.129449	0.290985	0.131204	0.301134	0.133284	0.311799	0.135737	0.323005	0.138622	0.334782	0.142005	0.347154	0.145958	0.360152	0.150563	0.373806	0.155914	0.388146	0.162115	0.403206	0.169283	0.419019	0.177549	0.435622	0.187063	0.453050	0.197991	0.471342	0.210518	0.490537	0.224855	0.510676	0.241232	0.531801
925.077510	0.124829	0.255293	0.125685	0.263608	0.126715	0.272350	0.127948	0.281539	0.129420	0.291197	0.131170	0.301347	0.133244	0.312015	0.135692	0.323223	0.138572	0.335002	0.141949	0.347376	0.145896	0.360375	0.150496	0.374029	0.155841	0.388371	0.162035	0.403431	0.169197	0.419244	0.177458	0.435845	0.186966	0.453272	0.197888	0.471562	0.210409	0.490754	0.224740	0.510890	0.241112	0.532012
925.449830	0.124818	0.255492	0.125670	0.263811	0.126695	0.272555	0.127923	0.281747	0.129390	0.291408	0.131136	0.301560	0.133204	0.312230	0.135647	0.323441	0.138521	0.335221	0.141893	0.347597	0.145834	0.360597	0.150429	0.374252	0.155767	0.388594	0.161956	0.403654	0.169112	0.419467	0.177367	0.436068	0.186869	0.453494	0.197784	0.471781	0.210301	0.490971	0.224625	0.511104	0.240992	0.532221
925.822020	0.124808	0.255692	0.125655	0.264013	0.126675	0.272761	0.127899	0.281956	0.129361	0.291618	0.131101	0.301773	0.133164	0.312445	0.135602	0.323659	0.138471	0.335440	0.141837	0.347817	0.145773	0.360819	0.150361	0.374475	0.155694	0.388817	0.161877	0.403878	0.169027	0.419690	0.177276	0.436291	0.186771	0.453715	0.197681	0.472001	0.210192	0.491188	0.224511	0.511317	0.240872	0.532430
926.194150	0.124798	0.255891	0.125640	0.264215	0.126656	0.272966	0.127874	0.282163	0.129332	0.291829	0.131067	0.301986	0.133124	0.312660	0.135557	0.323876	0.138421	0.335659	0.141781	0.348038	0.145711	0.361041	0.150294	0.374698	0.155621	0.389040	0.161798	0.404101	0.168942	0.419913	0.177184	0.436513	0.186675	0.453936	0.197578	0.472220	0.210083	0.491404	0.224396	0.511530	0.240752	0.532639
926.566160	0.124787	0.256090	0.125625	0.264417	0.126637	0.273170	0.127850	0.282370	0.129302	0.292038	0.131032	0.302198	0.133085	0.312875	0.135512	0.324093	0.138371	0.335877	0.141725	0.348258	0.145650	0.361262	0.150227	0.374920	0.155548	0.389263	0.161719	0.404324	0.168857	0.420136	0.177093	0.436734	0.186578	0.454156	0.197476	0.472438	0.209974	0.491620	0.224282	0.511742	0.240633	0.532847
926.938110	0.124777	0.256289	0.125610	0.264619	0.126617	0.273375	0.127826	0.282578	0.129273	0.292248	0.130998	0.302411	0.133046	0.313089	0.135467	0.324309	0.138320	0.336096	0.141669	0.348477	0.145588	0.361483	0.150159	0.375142	0.155475	0.389486	0.161640	0.404547	0.168772	0.420358	0.177002	0.436956	0.186481	0.454376	0.197373	0.472656	0.209865	0.491835	0.224168	0.511955	0.240513	0.533055
927.309880	0.124766	0.256487	0.125596	0.264820	0.126598	0.273579	0.127802	0.282784	0.129244	0.292457	0.130963	0.302622	0.133006	0.313303	0.135423	0.324525	0.138270	0.336313	0.141614	0.348697	0.145527	0.361703	0.150092	0.375363	0.155402	0.389708	0.161561	0.404769	0.168687	0.420580	0.176912	0.437177	0.186384	0.454596	0.197270	0.472873	0.209757	0.492050	0.224054	0.512166	0.240394	0.533263
927.681580	0.124756	0.256685	0.125581	0.265021	0.126578	0.273783	0.127778	0.282990	0.129215	0.292667	0.130929	0.302834	0.132967	0.313517	0.135378	0.324740	0.138220	0.336531	0.141558	0.348915	0.145466	0.361923	0.150025	0.375585	0.155329	0.389929	0.161483	0.404990	0.168603	0.420801	0.176821	0.437397	0.186288	0.454815	0.197168	0.473091	0.209649	0.492265	0.223940	0.512378	0.240274	0.533470
928.053220	0.124746	0.256883	0.125566	0.265222	0.126558	0.273986	0.127754	0.283196	0.129186	0.292876	0.130895	0.303045	0.132927	0.313730	0.135334	0.324956	0.138170	0.336748	0.141503	0.349134	0.145404	0.362143	0.149958	0.375806	0.155257	0.390151	0.161404	0.405212	0.168518	0.421023	0.176731	0.437618	0.186191	0.455034	0.197065	0.473308	0.209541	0.492480	0.223826	0.512589	0.240155	0.533678
928.424680	0.124736	0.257081	0.125551	0.265422	0.126539	0.274189	0.127729	0.283402	0.129156	0.293084	0.130861	0.303256	0.132888	0.313943	0.135289	0.325171	0.138120	0.336965	0.141447	0.349353	0.145343	0.362363	0.149892	0.376026	0.155184	0.390371	0.161325	0.405433	0.168433	0.421243	0.176640	0.437837	0.186095	0.455252	0.196963	0.473524	0.209432	0.492693	0.223712	0.512799	0.240036	0.533884
928.796080	0.124726	0.257278	0.125537	0.265623	0.126520	0.274392	0.127705	0.283608	0.129127	0.293292	0.130827	0.303466	0.132849	0.314156	0.135244	0.325386	0.138070	0.337181	0.141392	0.349571	0.145282	0.362582	0.149825	0.376246	0.155111	0.390592	0.161246	0.405654	0.168348	0.421464	0.176550	0.438057	0.185998	0.455470	0.196860	0.473740	0.209324	0.492907	0.223598	0.513010	0.239917	0.534090
929.167360	0.124715	0.257475	0.125522	0.265823	0.126500	0.274595	0.127681	0.283813	0.129098	0.293500	0.130793	0.303677	0.132810	0.314369	0.135200	0.325600	0.138021	0.337397	0.141336	0.349789	0.145222	0.362801	0.149758	0.376466	0.155038	0.390812	0.161168	0.405874	0.168264	0.421684	0.176459	0.438276	0.185902	0.455688	0.196758	0.473956	0.209216	0.493120	0.223485	0.513219	0.239798	0.534296
929.538570	0.124705	0.257671	0.125507	0.266022	0.126481	0.274798	0.127657	0.284018	0.129069	0.293707	0.130759	0.303886	0.132771	0.314581	0.135155	0.325814	0.137971	0.337613	0.141281	0.350006	0.145161	0.363020	0.149691	0.376685	0.154966	0.391032	0.161089	0.406094	0.168180	0.421903	0.176369	0.438495	0.185806	0.455905	0.196656	0.474171	0.209108	0.493333	0.223371	0.513429	0.239679	0.534501
929.909610	0.124695	0.257868	0.125493	0.266221	0.126462	0.275000	0.127633	0.284223	0.129040	0.293914	0.130725	0.304096	0.132732	0.314792	0.135111	0.326028	0.137921	0.337828	0.141225	0.350222	0.145100	0.363238	0.149624	0.376904	0.154894	0.391251	0.161011	0.406313	0.168096	0.422122	0.176279	0.438713	0.185709	0.456122	0.196554	0.474387	0.209000	0.493545	0.223258	0.513638	0.239560	0.534706
930.280580	0.124684	0.258064	0.125478	0.266420	0.126442	0.275201	0.127609	0.284428	0.129011	0.294121	0.130691	0.304305	0.132693	0.315004	0.135067	0.326241	0.137871	0.338043	0.141170	0.350439	0.145039	0.363455	0.149558	0.377122	0.154821	0.391470	0.160933	0.406532	0.168011	0.422340	0.176189	0.438931	0.185613	0.456338	0.196452	0.474601	0.208893	0.493757	0.223144	0.513846	0.239441	0.534910
930.651490	0.124674	0.258260	0.125464	0.266619	0.126423	0.275403	0.127585	0.284632	0.128982	0.294328	0.130657	0.304514	0.132654	0.315215	0.135022	0.326454	0.137822	0.338258	0.141115	0.350655	0.144978	0.363673	0.149491	0.377340	0.154749	0.391689	0.160855	0.406751	0.167927	0.422559	0.176099	0.439148	0.185517	0.456554	0.196350	0.474815	0.208785	0.493968	0.223031	0.514054	0.239323	0.535114
931.022220	0.124664	0.258456	0.125449	0.266818	0.126404	0.275604	0.127561	0.284836	0.128953	0.294534	0.130623	0.304723	0.132615	0.315426	0.134978	0.326667	0.137772	0.338473	0.141060	0.350871	0.144917	0.363890	0.149425	0.377558	0.154677	0.391907	0.160776	0.406969	0.167843	0.422777	0.176009	0.439366	0.185421	0.456770	0.196248	0.475029	0.208678	0.494180	0.222917	0.514262	0.239204	0.535318
931.392880	0.124654	0.258651	0.125434	0.267016	0.126385	0.275805	0.127536	0.285039	0.128924	0.294740	0.130589	0.304931	0.132576	0.315636	0.134934	0.326879	0.137722	0.338687	0.141005	0.351086	0.144857	0.364106	0.149359	0.377775	0.154604	0.392125	0.160698	0.407187	0.167759	0.422995	0.175919	0.439582	0.185326	0.456985	0.196146	0.475242	0.208570	0.494390	0.222804	0.514470	0.239086	0.535521
931.763430	0.124644	0.258846	0.125419	0.267214	0.126365	0.276006	0.127512	0.285242	0.128895	0.294946	0.130556	0.305139	0.132537	0.315846	0.134889	0.327091	0.137673	0.338900	0.140950	0.351302	0.144796	0.364323	0.149292	0.377992	0.154532	0.392343	0.160621	0.407405	0.167675	0.423212	0.175828	0.439799	0.185230	0.457201	0.196045	0.475455	0.208463	0.494601	0.222691	0.514677	0.238967	0.535724
932.133910	0.124634	0.259041	0.125405	0.267411	0.126346	0.276206	0.127488	0.285445	0.128867	0.295151	0.130522	0.305347	0.132498	0.316056	0.134845	0.327303	0.137623	0.339114	0.140895	0.351517	0.144735	0.364539	0.149226	0.378209	0.154460	0.392560	0.160543	0.407622	0.167592	0.423429	0.175739	0.440015	0.185134	0.457415	0.195943	0.475668	0.208355	0.494811	0.222578	0.514883	0.238849	0.535927
932.504270	0.124624	0.259236	0.125390	0.267609	0.126327	0.276406	0.127465	0.285648	0.128838	0.295356	0.130488	0.305554	0.132459	0.316265	0.134801	0.327514	0.137573	0.339327	0.140840	0.351731	0.144675	0.364754	0.149160	0.378425	0.154388	0.392777	0.160465	0.407839	0.167508	0.423645	0.175649	0.440230	0.185039	0.457629	0.195842	0.475879	0.208248	0.495020	0.222466	0.515089	0.238731	0.536129
932.874510	0.124614	0.259430	0.125376	0.267806	0.126308	0.276606	0.127441	0.285850	0.128810	0.295561	0.130454	0.305762	0.132420	0.316475	0.134757	0.327725	0.137524	0.339540	0.140786	0.351945	0.144614	0.364970	0.149093	0.378642	0.154316	0.392994	0.160387	0.408056	0.167424	0.423862	0.175560	0.440445	0.184943	0.457843	0.195740	0.476091	0.208140	0.495229	0.222353	0.515295	0.238613	0.536331
933.244630	0.124604	0.259624	0.125361	0.268003	0.126289	0.276806	0.127417	0.286053	0.128781	0.295766	0.130421	0.305969	0.132381	0.316684	0.134713	0.327936	0.137474	0.339752	0.140731	0.352159	0.144554	0.365185	0.149027	0.378857	0.154245	0.393210	0.160310	0.408272	0.167341	0.424077	0.175471	0.440660	0.184848	0.458057	0.195639	0.476303	0.208033	0.495438	0.222241	0.515501	0.238495	0.536533
933.614690	0.124594	0.259818	0.125347	0.268200	0.126270	0.277005	0.127393	0.286255	0.128753	0.295970	0.130387	0.306175	0.132342	0.316892	0.134669	0.328147	0.137425	0.339964	0.140676	0.352373	0.144494	0.365399	0.148962	0.379073	0.154173	0.393425	0.160232	0.408487	0.167257	0.424293	0.175381	0.440875	0.184752	0.458269	0.195538	0.476514	0.207926	0.495646	0.222128	0.515706	0.238378	0.536734
933.984620	0.124584	0.260012	0.125333	0.268397	0.126251	0.277204	0.127369	0.286457	0.128724	0.296175	0.130353	0.306381	0.132304	0.317100	0.134626	0.328357	0.137376	0.340176	0.140621	0.352586	0.144434	0.365613	0.148896	0.379288	0.154101	0.393641	0.160154	0.408703	0.167173	0.424508	0.175292	0.441089	0.184657	0.458482	0.195437	0.476725	0.207819	0.495854	0.222016	0.515910	0.238260	0.536935
934.354430	0.124574	0.260205	0.125318	0.268592	0.126232	0.277402	0.127345	0.286657	0.128695	0.296378	0.130320	0.306587	0.132265	0.317308	0.134582	0.328567	0.137327	0.340387	0.140567	0.352799	0.144373	0.365827	0.148830	0.379503	0.154030	0.393856	0.160077	0.408918	0.167090	0.424722	0.175203	0.441303	0.184562	0.458694	0.195336	0.476935	0.207713	0.496062	0.221903	0.516115	0.238142	0.537135
934.724180	0.124564	0.260398	0.125304	0.268788	0.126212	0.277601	0.127322	0.286858	0.128667	0.296581	0.130287	0.306793	0.132227	0.317516	0.134538	0.328776	0.137278	0.340599	0.140512	0.353011	0.144313	0.366041	0.148764	0.379717	0.153958	0.394071	0.160000	0.409133	0.167007	0.424936	0.175113	0.441516	0.184467	0.458906	0.195235	0.477145	0.207606	0.496269	0.221791	0.516319	0.238025	0.537335
935.093810	0.124554	0.260591	0.125289	0.268984	0.126193	0.277799	0.127298	0.287059	0.128638	0.296784	0.130253	0.306998	0.132188	0.317724	0.134494	0.328985	0.137229	0.340809	0.140457	0.353224	0.144253	0.366254	0.148698	0.379931	0.153887	0.394285	0.159922	0.409347	0.166924	0.425150	0.175024	0.441729	0.184372	0.459118	0.195134	0.477354	0.207500	0.496476	0.221679	0.516523	0.237907	0.537534
935.463320	0.124544	0.260783	0.125275	0.269179	0.126174	0.277997	0.127274	0.287259	0.128609	0.296987	0.130220	0.307203	0.132150	0.317930	0.134450	0.329194	0.137180	0.341020	0.140403	0.353435	0.144193	0.366466	0.148633	0.380144	0.153815	0.394499	0.159845	0.409561	0.166841	0.425363	0.174935	0.441941	0.184277	0.459329	0.195034	0.477563	0.207394	0.496683	0.221567	0.516725	0.237790	0.537733
935.832700	0.124535	0.260976	0.125261	0.269374	0.126156	0.278194	0.127251	0.287459	0.128581	0.297189	0.130186	0.307407	0.132111	0.318137	0.134407	0.329402	0.137131	0.341230	0.140349	0.353646	0.144133	0.366679	0.148567	0.380357	0.153743	0.394712	0.159768	0.409774	0.166758	0.425576	0.174846	0.442154	0.184182	0.459539	0.194933	0.477772	0.207287	0.496889	0.221455	0.516928	0.237672	0.537932
936.202030	0.124525	0.261168	0.125246	0.269568	0.126137	0.278392	0.127227	0.287659	0.128552	0.297392	0.130153	0.307612	0.132073	0.318344	0.134363	0.329611	0.137082	0.341440	0.140294	0.353857	0.144073	0.366891	0.148501	0.380570	0.153672	0.394925	0.159691	0.409988	0.166675	0.425789	0.174758	0.442366	0.184087	0.459750	0.194832	0.477981	0.207181	0.497094	0.221343	0.517131	0.237555	0.538130
936.571230	0.124515	0.261359	0.125232	0.269763	0.126118	0.278589	0.127203	0.287858	0.128524	0.297593	0.130120	0.307816	0.132035	0.318550	0.134320	0.329819	0.137033	0.341649	0.140240	0.354068	0.144013	0.367103	0.148436	0.380783	0.153601	0.395138	0.159614	0.410201	0.166592	0.426001	0.174669	0.442577	0.183993	0.459960	0.194732	0.478189	0.207074	0.497300	0.221231	0.517333	0.237438	0.538328
936.940310	0.124505	0.261551	0.125217	0.269958	0.126099	0.278786	0.127180	0.288058	0.128496	0.297795	0.130086	0.308020	0.131996	0.318756	0.134276	0.330026	0.136984	0.341858	0.140186	0.354279	0.143954	0.367315	0.148371	0.380996	0.153530	0.395351	0.159537	0.410414	0.166509	0.426214	0.174580	0.442788	0.183898	0.460170	0.194631	0.478396	0.206968	0.497505	0.221119	0.517535	0.237321	0.538526
937.309330	0.124495	0.261742	0.125203	0.270151	0.126080	0.278983	0.127157	0.288257	0.128467	0.297997	0.130053	0.308223	0.131958	0.318961	0.134232	0.330234	0.136935	0.342067	0.140132	0.354489	0.143894	0.367526	0.148305	0.381207	0.153459	0.395563	0.159460	0.410626	0.166427	0.426425	0.174492	0.442998	0.183804	0.460379	0.194531	0.478604	0.206862	0.497709	0.221008	0.517736	0.237204	0.538723
937.678220	0.124485	0.261933	0.125189	0.270345	0.126061	0.279179	0.127133	0.288456	0.128439	0.298198	0.130020	0.308426	0.131919	0.319166	0.134189	0.330440	0.136886	0.342275	0.140077	0.354698	0.143834	0.367736	0.148240	0.381419	0.153388	0.395775	0.159383	0.410837	0.166344	0.426637	0.174403	0.443209	0.183709	0.460588	0.194431	0.478810	0.206756	0.497914	0.220896	0.517937	0.237087	0.538920
938.047000	0.124476	0.262124	0.125175	0.270539	0.126043	0.279375	0.127110	0.288654	0.128411	0.298399	0.129987	0.308629	0.131881	0.319371	0.134146	0.330647	0.136838	0.342484	0.140023	0.354908	0.143774	0.367947	0.148175	0.381630	0.153317	0.395987	0.159306	0.411049	0.166261	0.426848	0.174315	0.443419	0.183615	0.460797	0.194331	0.479017	0.206651	0.498118	0.220785	0.518138	0.236970	0.539117
938.415650	0.124466	0.262314	0.125161	0.270731	0.126024	0.279570	0.127086	0.288852	0.128383	0.298599	0.129954	0.308831	0.131843	0.319575	0.134102	0.330853	0.136789	0.342691	0.139969	0.355117	0.143715	0.368157	0.148109	0.381840	0.153246	0.396198	0.159230	0.411259	0.166179	0.427058	0.174226	0.443628	0.183521	0.461004	0.194231	0.479223	0.206545	0.498321	0.220673	0.518338	0.236854	0.539313
938.784240	0.124456	0.262505	0.125146	0.270924	0.126005	0.279766	0.127063	0.289050	0.128355	0.298799	0.129920	0.309034	0.131804	0.319779	0.134059	0.331059	0.136740	0.342899	0.139916	0.355326	0.143656	0.368367	0.148044	0.382051	0.153175	0.396409	0.159154	0.411470	0.166096	0.427269	0.174138	0.443837	0.183427	0.461212	0.194131	0.479429	0.206439	0.498524	0.220562	0.518538	0.236737	0.539509
939.152710	0.124446	0.262695	0.125132	0.271117	0.125986	0.279961	0.127039	0.289248	0.128326	0.298999	0.129887	0.309236	0.131766	0.319983	0.134016	0.331265	0.136692	0.343107	0.139862	0.355534	0.143596	0.368577	0.147979	0.382261	0.153105	0.396619	0.159077	0.411680	0.166014	0.427479	0.174050	0.444046	0.183333	0.461420	0.194031	0.479634	0.206333	0.498727	0.220451	0.518737	0.236621	0.539705
939.521120	0.124436	0.262884	0.125118	0.271309	0.125968	0.280156	0.127016	0.289445	0.128298	0.299198	0.129854	0.309437	0.131728	0.320187	0.133973	0.331470	0.136644	0.343313	0.139807	0.355742	0.143537	0.368785	0.147914	0.382471	0.153034	0.396829	0.159001	0.411890	0.165932	0.427688	0.173961	0.444255	0.183239	0.461627	0.193931	0.479839	0.206228	0.498929	0.220340	0.518936	0.236505	0.539900
939.889340	0.124427	0.263074	0.125104	0.271501	0.125950	0.280350	0.126993	0.289642	0.128270	0.299397	0.129821	0.309638	0.131690	0.320390	0.133929	0.331675	0.136595	0.343520	0.139753	0.355950	0.143477	0.368994	0.147849	0.382680	0.152963	0.397039	0.158924	0.412100	0.165850	0.427897	0.173873	0.444463	0.183145	0.461834	0.193832	0.480044	0.206123	0.499131	0.220229	0.519135	0.236389	0.540094
940.257510	0.124417	0.263263	0.125090	0.271693	0.125931	0.280545	0.126970	0.289838	0.128242	0.299596	0.129788	0.309840	0.131652	0.320593	0.133886	0.331880	0.136547	0.343726	0.139700	0.356158	0.143418	0.369202	0.147785	0.382889	0.152893	0.397248	0.158848	0.412309	0.165768	0.428106	0.173785	0.444671	0.183051	0.462040	0.193732	0.480249	0.206017	0.499333	0.220118	0.519334	0.236273	0.540289
940.625550	0.124408	0.263452	0.125076	0.271884	0.125912	0.280739	0.126947	0.290034	0.128214	0.299795	0.129755	0.310041	0.131615	0.320796	0.133843	0.332084	0.136499	0.343932	0.139646	0.356365	0.143359	0.369410	0.147720	0.383098	0.152823	0.397457	0.158772	0.412518	0.165686	0.428314	0.173697	0.444879	0.182957	0.462246	0.193632	0.480453	0.205912	0.499534	0.220008	0.519532	0.236156	0.540483
940.993530	0.124398	0.263641	0.125062	0.272076	0.125893	0.280933	0.126923	0.290231	0.128186	0.299994	0.129723	0.310241	0.131577	0.320998	0.133800	0.332288	0.136451	0.344137	0.139593	0.356571	0.143300	0.369618	0.147655	0.383306	0.152752	0.397665	0.158695	0.412727	0.165603	0.428522	0.173610	0.445086	0.182864	0.462452	0.193533	0.480656	0.205807	0.499735	0.219897	0.519730	0.236040	0.540677
941.361390	0.124388	0.263829	0.125048	0.272267	0.125875	0.281126	0.126900	0.290426	0.128159	0.300191	0.129690	0.310441	0.131539	0.321200	0.133757	0.332492	0.136403	0.344343	0.139539	0.356778	0.143241	0.369825	0.147590	0.383514	0.152682	0.397874	0.158620	0.412935	0.165522	0.428730	0.173522	0.445293	0.182770	0.462657	0.193434	0.480859	0.205702	0.499936	0.219787	0.519926	0.235925	0.540870
941.729130	0.124378	0.264017	0.125034	0.272457	0.125857	0.281319	0.126877	0.290622	0.128131	0.300389	0.129657	0.310641	0.131501	0.321402	0.133714	0.332696	0.136354	0.344548	0.139486	0.356984	0.143182	0.370033	0.147526	0.383722	0.152612	0.398082	0.158544	0.413143	0.165440	0.428938	0.173434	0.445499	0.182677	0.462862	0.193335	0.481062	0.205597	0.500136	0.219676	0.520123	0.235809	0.541063
942.096740	0.124368	0.264205	0.125020	0.272648	0.125838	0.281512	0.126854	0.290817	0.128103	0.300587	0.129624	0.310840	0.131463	0.321604	0.133672	0.332899	0.136306	0.344753	0.139432	0.357190	0.143123	0.370239	0.147461	0.383929	0.152542	0.398290	0.158468	0.413351	0.165359	0.429145	0.173347	0.445705	0.182583	0.463067	0.193236	0.481265	0.205492	0.500336	0.219566	0.520320	0.235694	0.541255
942.464290	0.124359	0.264393	0.125006	0.272838	0.125819	0.281704	0.126831	0.291013	0.128075	0.300784	0.129592	0.311040	0.131426	0.321805	0.133629	0.333102	0.136258	0.344957	0.139379	0.357396	0.143064	0.370446	0.147397	0.384136	0.152471	0.398497	0.158392	0.413558	0.165277	0.429351	0.173259	0.445911	0.182490	0.463271	0.193137	0.481467	0.205388	0.500536	0.219456	0.520516	0.235578	0.541447
942.831730	0.124349	0.264580	0.124992	0.273028	0.125801	0.281897	0.126808	0.291208	0.128047	0.300981	0.129559	0.311239	0.131388	0.322005	0.133586	0.333304	0.136210	0.345161	0.139325	0.357601	0.143005	0.370652	0.147332	0.384343	0.152401	0.398704	0.158316	0.413765	0.165195	0.429558	0.173172	0.446117	0.182397	0.463475	0.193037	0.481669	0.205283	0.500735	0.219345	0.520712	0.235463	0.541639
943.199040	0.124340	0.264767	0.124978	0.273218	0.125782	0.282089	0.126784	0.291402	0.128019	0.301177	0.129526	0.311437	0.131350	0.322205	0.133543	0.333506	0.136162	0.345364	0.139272	0.357806	0.142946	0.370858	0.147268	0.384550	0.152331	0.398911	0.158240	0.413972	0.165114	0.429763	0.173085	0.446322	0.182304	0.463678	0.192938	0.481870	0.205178	0.500933	0.219235	0.520908	0.235348	0.541831
943.566280	0.124330	0.264954	0.124964	0.273407	0.125764	0.282281	0.126761	0.291596	0.127991	0.301373	0.129494	0.311636	0.131313	0.322406	0.133500	0.333708	0.136114	0.345567	0.139219	0.358010	0.142887	0.371064	0.147204	0.384756	0.152261	0.399117	0.158164	0.414178	0.165032	0.429969	0.172998	0.446526	0.182211	0.463881	0.192840	0.482071	0.205074	0.501132	0.219125	0.521103	0.235232	0.542021
943.933410	0.124321	0.265141	0.124951	0.273597	0.125745	0.282472	0.126738	0.291790	0.127963	0.301569	0.129461	0.311834	0.131275	0.322606	0.133458	0.333910	0.136066	0.345770	0.139166	0.358214	0.142829	0.371269	0.147140	0.384962	0.152192	0.399323	0.158089	0.414384	0.164951	0.430175	0.172911	0.446730	0.182118	0.464084	0.192741	0.482272	0.204970	0.501330	0.219015	0.521298	0.235117	0.542212
944.300420	0.124311	0.265327	0.124937	0.273785	0.125727	0.282664	0.126715	0.291983	0.127935	0.301765	0.129428	0.312032	0.131237	0.322805	0.133415	0.334111	0.136018	0.345973	0.139112	0.358418	0.142770	0.371473	0.147075	0.385167	0.152122	0.399528	0.158013	0.414589	0.164870	0.430379	0.172824	0.446934	0.182025	0.464286	0.192642	0.482472	0.204865	0.501528	0.218905	0.521492	0.235002	0.542403
944.667360	0.124302	0.265513	0.124923	0.273974	0.125709	0.282855	0.126693	0.292177	0.127908	0.301961	0.129396	0.312229	0.131200	0.323005	0.133373	0.334312	0.135970	0.346175	0.139059	0.358621	0.142712	0.371678	0.147011	0.385372	0.152052	0.399734	0.157938	0.414794	0.164789	0.430584	0.172736	0.447137	0.181932	0.464488	0.192543	0.482672	0.204761	0.501725	0.218795	0.521686	0.234886	0.542593
945.034120	0.124292	0.265699	0.124909	0.274162	0.125690	0.283046	0.126670	0.292370	0.127880	0.302156	0.129363	0.312426	0.131163	0.323204	0.133330	0.334513	0.135923	0.346378	0.139006	0.358825	0.142654	0.371882	0.146947	0.385577	0.151983	0.399939	0.157863	0.414999	0.164707	0.430788	0.172649	0.447341	0.181839	0.464690	0.192445	0.482872	0.204656	0.501922	0.218686	0.521880	0.234771	0.542783
945.400820	0.124283	0.265885	0.124895	0.274350	0.125672	0.283236	0.126647	0.292562	0.127853	0.302351	0.129331	0.312623	0.131125	0.323403	0.133288	0.334713	0.135875	0.346579	0.138953	0.359028	0.142595	0.372085	0.146883	0.385781	0.151913	0.400143	0.157787	0.415203	0.164626	0.430992	0.172562	0.447544	0.181747	0.464891	0.192347	0.483071	0.204553	0.502119	0.218577	0.522073	0.234657	0.542972
945.767460	0.124274	0.266070	0.124881	0.274538	0.125654	0.283426	0.126624	0.292755	0.127825	0.302546	0.129298	0.312820	0.131088	0.323601	0.133245	0.334913	0.135827	0.346781	0.138900	0.359230	0.142536	0.372289	0.146819	0.385985	0.151843	0.400347	0.157712	0.415407	0.164545	0.431196	0.172476	0.447746	0.181654	0.465092	0.192248	0.483270	0.204449	0.502315	0.218467	0.522266	0.234543	0.543161
946.133910	0.124265	0.266255	0.124867	0.274726	0.125635	0.283616	0.126601	0.292947	0.127798	0.302740	0.129266	0.313017	0.131050	0.323799	0.133202	0.335113	0.135780	0.346982	0.138847	0.359433	0.142478	0.372492	0.146756	0.386188	0.151774	0.400551	0.157637	0.415611	0.164464	0.431399	0.172389	0.447949	0.181561	0.465293	0.192150	0.483468	0.204345	0.502511	0.218358	0.522458	0.234428	0.543350
946.500310	0.124255	0.266440	0.124853	0.274913	0.125617	0.283806	0.126578	0.293139	0.127770	0.302934	0.129233	0.313213	0.131013	0.323997	0.133160	0.335312	0.135732	0.347183	0.138794	0.359635	0.142419	0.372695	0.146692	0.386392	0.151704	0.400755	0.157561	0.415814	0.164383	0.431602	0.172302	0.448150	0.181469	0.465493	0.192052	0.483667	0.204241	0.502707	0.218249	0.522651	0.234313	0.543538
946.866640	0.124245	0.266625	0.124840	0.275101	0.125600	0.283996	0.126555	0.293331	0.127743	0.303128	0.129201	0.313409	0.130976	0.324195	0.133117	0.335511	0.135684	0.347384	0.138741	0.359837	0.142361	0.372897	0.146628	0.386595	0.151635	0.400958	0.157486	0.416017	0.164302	0.431804	0.172216	0.448352	0.181377	0.465693	0.191955	0.483865	0.204138	0.502902	0.218140	0.522843	0.234199	0.543726
947.232790	0.124236	0.266809	0.124826	0.275287	0.125581	0.284185	0.126533	0.293523	0.127716	0.303322	0.129169	0.313604	0.130938	0.324392	0.133075	0.335710	0.135637	0.347584	0.138688	0.360038	0.142303	0.373099	0.146564	0.386798	0.151566	0.401161	0.157412	0.416220	0.164222	0.432006	0.172129	0.448553	0.181285	0.465893	0.191857	0.484062	0.204034	0.503097	0.218031	0.523035	0.234084	0.543914
947.598880	0.124226	0.266993	0.124812	0.275474	0.125563	0.284374	0.126510	0.293714	0.127688	0.303515	0.129136	0.313799	0.130902	0.324589	0.133033	0.335909	0.135590	0.347783	0.138636	0.360239	0.142245	0.373301	0.146501	0.387000	0.151496	0.401363	0.157337	0.416422	0.164141	0.432208	0.172043	0.448753	0.181193	0.466092	0.191759	0.484259	0.203931	0.503291	0.217922	0.523226	0.233970	0.544101
947.964840	0.124217	0.267177	0.124798	0.275660	0.125545	0.284563	0.126487	0.293905	0.127661	0.303707	0.129104	0.313994	0.130865	0.324786	0.132991	0.336107	0.135543	0.347983	0.138583	0.360440	0.142188	0.373503	0.146437	0.387203	0.151427	0.401566	0.157262	0.416625	0.164061	0.432410	0.171957	0.448954	0.181101	0.466291	0.191660	0.484456	0.203827	0.503485	0.217812	0.523417	0.233856	0.544288
948.330750	0.124208	0.267361	0.124785	0.275846	0.125527	0.284751	0.126464	0.294095	0.127633	0.303900	0.129072	0.314189	0.130828	0.324982	0.132949	0.336305	0.135495	0.348182	0.138530	0.360640	0.142129	0.373704	0.146374	0.387404	0.151358	0.401768	0.157188	0.416826	0.163980	0.432611	0.171871	0.449154	0.181009	0.466489	0.191563	0.484652	0.203724	0.503679	0.217704	0.523607	0.233742	0.544475
948.696470	0.124199	0.267545	0.124771	0.276032	0.125509	0.284939	0.126442	0.294285	0.127606	0.304093	0.129040	0.314383	0.130791	0.325178	0.132907	0.336503	0.135448	0.348381	0.138478	0.360840	0.142071	0.373905	0.146311	0.387605	0.151289	0.401969	0.157113	0.417028	0.163900	0.432811	0.171785	0.449353	0.180916	0.466687	0.191465	0.484848	0.203621	0.503872	0.217595	0.523797	0.233628	0.544661
949.062130	0.124189	0.267728	0.124758	0.276217	0.125491	0.285127	0.126419	0.294475	0.127578	0.304286	0.129009	0.314577	0.130754	0.325374	0.132865	0.336700	0.135401	0.348580	0.138425	0.361040	0.142013	0.374106	0.146247	0.387806	0.151220	0.402171	0.157038	0.417229	0.163819	0.433012	0.171698	0.449553	0.180824	0.466886	0.191367	0.485044	0.203517	0.504066	0.217487	0.523987	0.233515	0.544847
949.427730	0.124180	0.267911	0.124744	0.276403	0.125473	0.285314	0.126396	0.294665	0.127551	0.304477	0.128976	0.314771	0.130716	0.325569	0.132823	0.336897	0.135354	0.348778	0.138373	0.361239	0.141955	0.374306	0.146184	0.388007	0.151152	0.402372	0.156964	0.417429	0.163739	0.433212	0.171612	0.449752	0.180733	0.467083	0.191270	0.485240	0.203414	0.504258	0.217378	0.524177	0.233401	0.545033
949.793150	0.124171	0.268094	0.124731	0.276588	0.125454	0.285502	0.126374	0.294855	0.127524	0.304669	0.128944	0.314964	0.130679	0.325765	0.132781	0.337094	0.135307	0.348977	0.138321	0.361438	0.141898	0.374506	0.146121	0.388207	0.151083	0.402572	0.156889	0.417630	0.163659	0.433412	0.171527	0.449950	0.180642	0.467280	0.191173	0.485435	0.203311	0.504451	0.217269	0.524366	0.233287	0.545218
950.158510	0.124162	0.268276	0.124717	0.276773	0.125436	0.285689	0.126351	0.295044	0.127497	0.304860	0.128912	0.315158	0.130642	0.325959	0.132739	0.337290	0.135260	0.349175	0.138268	0.361637	0.141840	0.374706	0.146058	0.388408	0.151014	0.402773	0.156815	0.417830	0.163579	0.433611	0.171441	0.450149	0.180550	0.467477	0.191076	0.485630	0.203208	0.504643	0.217161	0.524555	0.233174	0.545403
950.523740	0.124153	0.268458	0.124704	0.276957	0.125418	0.285876	0.126329	0.295233	0.127470	0.305051	0.128880	0.315351	0.130606	0.326154	0.132697	0.337486	0.135212	0.349372	0.138216	0.361835	0.141783	0.374905	0.145994	0.388607	0.150946	0.402972	0.156741	0.418029	0.163499	0.433810	0.171355	0.450347	0.180459	0.467674	0.190979	0.485825	0.203106	0.504835	0.217053	0.524743	0.233061	0.545587
950.888920	0.124144	0.268641	0.124690	0.277142	0.125400	0.286062	0.126307	0.295422	0.127442	0.305242	0.128849	0.315543	0.130569	0.326349	0.132656	0.337682	0.135165	0.349569	0.138164	0.362034	0.141725	0.375104	0.145931	0.388807	0.150877	0.403172	0.156667	0.418229	0.163419	0.434009	0.171270	0.450545	0.180368	0.467870	0.190882	0.486019	0.203003	0.505027	0.216945	0.524932	0.232947	0.545772
951.253910	0.124135	0.268822	0.124677	0.277326	0.125383	0.286248	0.126285	0.295611	0.127415	0.305432	0.128817	0.315736	0.130532	0.326543	0.132614	0.337878	0.135118	0.349766	0.138112	0.362232	0.141668	0.375303	0.145868	0.389006	0.150808	0.403371	0.156592	0.418428	0.163340	0.434208	0.171184	0.450742	0.180277	0.468066	0.190785	0.486213	0.202901	0.505218	0.216837	0.525120	0.232834	0.545956
951.618840	0.124126	0.269004	0.124663	0.277510	0.125365	0.286435	0.126262	0.295799	0.127388	0.305622	0.128785	0.315928	0.130495	0.326737	0.132572	0.338073	0.135072	0.349963	0.138060	0.362429	0.141610	0.375501	0.145806	0.389205	0.150740	0.403570	0.156518	0.418627	0.163260	0.434406	0.171099	0.450939	0.180185	0.468261	0.190688	0.486406	0.202798	0.505409	0.216729	0.525307	0.232721	0.546139
951.983700	0.124116	0.269185	0.124650	0.277694	0.125348	0.286621	0.126240	0.295988	0.127361	0.305813	0.128753	0.316119	0.130459	0.326930	0.132531	0.338268	0.135025	0.350159	0.138008	0.362627	0.141553	0.375699	0.145743	0.389404	0.150671	0.403769	0.156444	0.418826	0.163181	0.434604	0.171013	0.451136	0.180094	0.468456	0.190591	0.486599	0.202696	0.505599	0.216622	0.525495	0.232608	0.546323
952.348390	0.124107	0.269366	0.124636	0.277877	0.125330	0.286806	0.126217	0.296175	0.127335	0.306002	0.128722	0.316311	0.130422	0.327123	0.132489	0.338463	0.134978	0.350355	0.137956	0.362824	0.141495	0.375897	0.145680	0.389602	0.150603	0.403967	0.156370	0.419024	0.163101	0.434801	0.170928	0.451332	0.180003	0.468651	0.190495	0.486792	0.202593	0.505789	0.216514	0.525681	0.232495	0.546506
952.713010	0.124098	0.269547	0.124623	0.278060	0.125312	0.286991	0.126195	0.296362	0.127308	0.306192	0.128690	0.316502	0.130386	0.327316	0.132448	0.338658	0.134932	0.350550	0.137904	0.363020	0.141438	0.376094	0.145617	0.389799	0.150535	0.404165	0.156296	0.419221	0.163022	0.434998	0.170843	0.451529	0.179912	0.468846	0.190398	0.486984	0.202491	0.505979	0.216406	0.525867	0.232382	0.546688
953.077580	0.124089	0.269727	0.124609	0.278243	0.125294	0.287176	0.126172	0.296550	0.127281	0.306381	0.128658	0.316694	0.130349	0.327509	0.132406	0.338852	0.134885	0.350746	0.137852	0.363217	0.141381	0.376292	0.145555	0.389997	0.150466	0.404363	0.156222	0.419419	0.162942	0.435195	0.170758	0.451725	0.179821	0.469040	0.190301	0.487176	0.202389	0.506168	0.216298	0.526054	0.232269	0.546871
953.441960	0.124080	0.269907	0.124596	0.278425	0.125276	0.287361	0.126150	0.296736	0.127254	0.306570	0.128627	0.316884	0.130313	0.327701	0.132365	0.339046	0.134838	0.350940	0.137800	0.363413	0.141324	0.376488	0.145492	0.390194	0.150398	0.404560	0.156149	0.419616	0.162863	0.435391	0.170673	0.451920	0.179730	0.469234	0.190205	0.487367	0.202287	0.506357	0.216191	0.526239	0.232156	0.547052
953.806270	0.124071	0.270087	0.124583	0.278607	0.125258	0.287546	0.126128	0.296923	0.127227	0.306759	0.128595	0.317075	0.130276	0.327894	0.132323	0.339239	0.134792	0.351135	0.137749	0.363609	0.141266	0.376685	0.145429	0.390391	0.150330	0.404757	0.156075	0.419812	0.162783	0.435588	0.170587	0.452115	0.179639	0.469427	0.190108	0.487559	0.202185	0.506546	0.216084	0.526425	0.232044	0.547234
954.170470	0.124062	0.270267	0.124570	0.278789	0.125241	0.287730	0.126106	0.297109	0.127200	0.306947	0.128563	0.317265	0.130240	0.328085	0.132282	0.339432	0.134745	0.351330	0.137697	0.363804	0.141209	0.376881	0.145367	0.390588	0.150262	0.404954	0.156002	0.420009	0.162704	0.435783	0.170502	0.452310	0.179549	0.469620	0.190012	0.487750	0.202083	0.506735	0.215977	0.526610	0.231931	0.547415
954.534550	0.124053	0.270446	0.124556	0.278971	0.125223	0.287914	0.126083	0.297295	0.127173	0.307135	0.128531	0.317455	0.130204	0.328277	0.132240	0.339625	0.134699	0.351524	0.137645	0.363999	0.141153	0.377077	0.145305	0.390784	0.150195	0.405150	0.155928	0.420205	0.162624	0.435979	0.170417	0.452504	0.179458	0.469813	0.189916	0.487941	0.201981	0.506923	0.215869	0.526795	0.231819	0.547596
954.898560	0.124044	0.270625	0.124543	0.279152	0.125205	0.288098	0.126061	0.297481	0.127147	0.307323	0.128500	0.317644	0.130167	0.328468	0.132199	0.339817	0.134652	0.351718	0.137593	0.364194	0.141096	0.377272	0.145242	0.390980	0.150127	0.405346	0.155854	0.420400	0.162545	0.436174	0.170333	0.452698	0.179367	0.470005	0.189820	0.488131	0.201879	0.507111	0.215762	0.526980	0.231706	0.547777
955.262450	0.124034	0.270804	0.124529	0.279334	0.125187	0.288281	0.126039	0.297667	0.127120	0.307510	0.128468	0.317833	0.130131	0.328659	0.132157	0.340010	0.134606	0.351911	0.137542	0.364388	0.141039	0.377467	0.145180	0.391176	0.150059	0.405542	0.155781	0.420596	0.162466	0.436368	0.170248	0.452891	0.179277	0.470197	0.189724	0.488321	0.201778	0.507298	0.215655	0.527164	0.231594	0.547957
955.626220	0.124025	0.270983	0.124516	0.279515	0.125170	0.288465	0.126017	0.297852	0.127093	0.307697	0.128437	0.318022	0.130094	0.328849	0.132116	0.340202	0.134559	0.352105	0.137490	0.364582	0.140982	0.377662	0.145118	0.391371	0.149991	0.405737	0.155708	0.420791	0.162387	0.436563	0.170163	0.453085	0.179187	0.470389	0.189628	0.488511	0.201676	0.507485	0.215548	0.527347	0.231482	0.548136
955.989930	0.124016	0.271162	0.124502	0.279696	0.125152	0.288648	0.125995	0.298037	0.127066	0.307884	0.128406	0.318211	0.130058	0.329040	0.132074	0.340394	0.134513	0.352298	0.137438	0.364777	0.140926	0.377857	0.145056	0.391567	0.149923	0.405933	0.155635	0.420987	0.162308	0.436758	0.170078	0.453278	0.179096	0.470581	0.189532	0.488701	0.201575	0.507672	0.215441	0.527531	0.231370	0.548316
956.353520	0.124007	0.271340	0.124489	0.279876	0.125135	0.288830	0.125973	0.298222	0.127039	0.308070	0.128374	0.318399	0.130022	0.329230	0.132033	0.340585	0.134467	0.352490	0.137387	0.364970	0.140869	0.378051	0.144994	0.391761	0.149856	0.406127	0.155562	0.421181	0.162230	0.436951	0.169994	0.453470	0.179006	0.470772	0.189436	0.488889	0.201474	0.507858	0.215334	0.527714	0.231258	0.548495
956.716980	0.123998	0.271518	0.124476	0.280057	0.125117	0.289013	0.125951	0.298406	0.127013	0.308257	0.128343	0.318587	0.129985	0.329419	0.131992	0.340776	0.134421	0.352683	0.137336	0.365163	0.140812	0.378245	0.144931	0.391956	0.149788	0.406322	0.155488	0.421375	0.162151	0.437144	0.169910	0.453663	0.178916	0.470962	0.189340	0.489078	0.201373	0.508044	0.215228	0.527897	0.231146	0.548674
957.080380	0.123989	0.271696	0.124463	0.280237	0.125099	0.289195	0.125929	0.298591	0.126986	0.308443	0.128311	0.318775	0.129949	0.329609	0.131951	0.340967	0.134375	0.352875	0.137285	0.365357	0.140755	0.378439	0.144869	0.392150	0.149721	0.406516	0.155415	0.421569	0.162073	0.437338	0.169825	0.453855	0.178826	0.471153	0.189245	0.489267	0.201272	0.508230	0.215121	0.528079	0.231034	0.548852
957.443600	0.123980	0.271873	0.124450	0.280417	0.125082	0.289377	0.125907	0.298774	0.126960	0.308629	0.128280	0.318963	0.129913	0.329798	0.131910	0.341158	0.134329	0.353067	0.137233	0.365549	0.140699	0.378632	0.144808	0.392343	0.149653	0.406710	0.155342	0.421762	0.161994	0.437531	0.169741	0.454047	0.178736	0.471343	0.189149	0.489454	0.201171	0.508415	0.215015	0.528261	0.230923	0.549031
957.806760	0.123972	0.272051	0.124437	0.280596	0.125064	0.289558	0.125885	0.298958	0.126933	0.308815	0.128249	0.319150	0.129877	0.329987	0.131869	0.341349	0.134283	0.353258	0.137182	0.365742	0.140642	0.378825	0.144746	0.392537	0.149586	0.406904	0.155270	0.421955	0.161915	0.437723	0.169657	0.454238	0.178647	0.471533	0.189054	0.489642	0.201070	0.508600	0.214909	0.528443	0.230811	0.549209
958.169860	0.123963	0.272228	0.124424	0.280776	0.125047	0.289740	0.125863	0.299142	0.126907	0.309000	0.128218	0.319337	0.129841	0.330176	0.131828	0.341539	0.134236	0.353449	0.137131	0.365934	0.140586	0.379018	0.144684	0.392730	0.149519	0.407097	0.155197	0.422148	0.161836	0.437916	0.169573	0.454429	0.178557	0.471722	0.188958	0.489829	0.200969	0.508785	0.214802	0.528625	0.230700	0.549387
958.532780	0.123954	0.272404	0.124411	0.280955	0.125029	0.289921	0.125841	0.299325	0.126880	0.309185	0.128187	0.319524	0.129805	0.330365	0.131787	0.341728	0.134190	0.353640	0.137080	0.366126	0.140529	0.379210	0.144622	0.392923	0.149451	0.407290	0.155124	0.422341	0.161758	0.438107	0.169489	0.454620	0.178467	0.471912	0.188863	0.490016	0.200868	0.508970	0.214696	0.528806	0.230588	0.549564
958.895630	0.123945	0.272581	0.124398	0.281134	0.125012	0.290102	0.125819	0.299507	0.126854	0.309370	0.128156	0.319711	0.129769	0.330553	0.131747	0.341918	0.134144	0.353831	0.137029	0.366318	0.140473	0.379403	0.144560	0.393116	0.149384	0.407483	0.155051	0.422534	0.161680	0.438299	0.169405	0.454810	0.178378	0.472101	0.188767	0.490203	0.200767	0.509154	0.214590	0.528987	0.230477	0.549741
959.258420	0.123936	0.272758	0.124385	0.281312	0.124995	0.290283	0.125797	0.299690	0.126827	0.309555	0.128125	0.319898	0.129733	0.330741	0.131706	0.342107	0.134098	0.354021	0.136978	0.366509	0.140417	0.379595	0.144498	0.393308	0.149317	0.407675	0.154978	0.422725	0.161601	0.438490	0.169321	0.455000	0.178288	0.472289	0.188672	0.490390	0.200666	0.509338	0.214484	0.529167	0.230366	0.549918
959.621030	0.123927	0.272934	0.124372	0.281491	0.124977	0.290463	0.125776	0.299872	0.126801	0.309739	0.128094	0.320084	0.129698	0.330928	0.131665	0.342296	0.134053	0.354211	0.136927	0.366700	0.140361	0.379787	0.144437	0.393500	0.149250	0.407867	0.154906	0.422917	0.161523	0.438681	0.169238	0.455190	0.178199	0.472477	0.188577	0.490576	0.200566	0.509521	0.214378	0.529348	0.230255	0.550094
959.983580	0.123918	0.273110	0.124359	0.281669	0.124960	0.290644	0.125754	0.300055	0.126775	0.309924	0.128062	0.320270	0.129662	0.331116	0.131624	0.342484	0.134007	0.354401	0.136876	0.366890	0.140305	0.379978	0.144376	0.393691	0.149183	0.408058	0.154833	0.423108	0.161446	0.438872	0.169154	0.455380	0.178109	0.472665	0.188482	0.490762	0.200466	0.509704	0.214272	0.529528	0.230144	0.550270
960.346010	0.123910	0.273286	0.124346	0.281847	0.124943	0.290824	0.125732	0.300237	0.126749	0.310107	0.128032	0.320455	0.129626	0.331302	0.131583	0.342673	0.133961	0.354591	0.136825	0.367081	0.140248	0.380169	0.144314	0.393882	0.149116	0.408249	0.154761	0.423299	0.161368	0.439062	0.169070	0.455569	0.178020	0.472853	0.188388	0.490947	0.200365	0.509886	0.214166	0.529707	0.230033	0.550445
960.708310	0.123901	0.273462	0.124333	0.282024	0.124926	0.291003	0.125711	0.300419	0.126722	0.310290	0.128001	0.320640	0.129591	0.331489	0.131543	0.342861	0.133916	0.354780	0.136774	0.367271	0.140192	0.380360	0.144253	0.394073	0.149050	0.408440	0.154688	0.423490	0.161290	0.439252	0.168986	0.455758	0.177931	0.473040	0.188293	0.491133	0.200265	0.510069	0.214060	0.529887	0.229922	0.550621
961.070560	0.123892	0.273637	0.124319	0.282202	0.124909	0.291183	0.125689	0.300600	0.126696	0.310474	0.127970	0.320825	0.129555	0.331675	0.131502	0.343049	0.133870	0.354969	0.136723	0.367461	0.140136	0.380550	0.144191	0.394264	0.148983	0.408631	0.154616	0.423681	0.161212	0.439442	0.168903	0.455947	0.177842	0.473227	0.188199	0.491318	0.200164	0.510251	0.213954	0.530066	0.229811	0.550796
961.432680	0.123884	0.273812	0.124306	0.282379	0.124891	0.291362	0.125667	0.300781	0.126670	0.310657	0.127939	0.321009	0.129519	0.331861	0.131462	0.343236	0.133824	0.355157	0.136673	0.367650	0.140080	0.380740	0.144130	0.394455	0.148916	0.408822	0.154544	0.423871	0.161134	0.439631	0.168819	0.456135	0.177753	0.473414	0.188104	0.491502	0.200064	0.510433	0.213849	0.530244	0.229701	0.550971
961.794680	0.123875	0.273987	0.124293	0.282556	0.124874	0.291541	0.125645	0.300962	0.126644	0.310839	0.127908	0.321193	0.129483	0.332047	0.131421	0.343424	0.133779	0.355346	0.136623	0.367840	0.140025	0.380930	0.144069	0.394645	0.148850	0.409012	0.154472	0.424060	0.161056	0.439821	0.168736	0.456322	0.177664	0.473600	0.188010	0.491686	0.199964	0.510615	0.213744	0.530423	0.229591	0.551146
962.156620	0.123866	0.274161	0.124281	0.282732	0.124857	0.291720	0.125624	0.301143	0.126618	0.311022	0.127877	0.321378	0.129448	0.332233	0.131381	0.343611	0.133733	0.355534	0.136572	0.368029	0.139969	0.381120	0.144008	0.394835	0.148783	0.409202	0.154400	0.424250	0.160978	0.440009	0.168653	0.456510	0.177575	0.473786	0.187915	0.491870	0.199864	0.510796	0.213639	0.530601	0.229480	0.551320
962.518430	0.123858	0.274335	0.124268	0.282909	0.124840	0.291899	0.125602	0.301323	0.126592	0.311204	0.127846	0.321561	0.129412	0.332418	0.131340	0.343797	0.133688	0.355722	0.136521	0.368217	0.139913	0.381309	0.143946	0.395024	0.148717	0.409391	0.154328	0.424439	0.160901	0.440198	0.168570	0.456698	0.177486	0.473972	0.187821	0.492054	0.199764	0.510977	0.213534	0.530779	0.229370	0.551494
962.880130	0.123849	0.274509	0.124255	0.283086	0.124823	0.292077	0.125581	0.301503	0.126566	0.311387	0.127815	0.321745	0.129377	0.332604	0.131300	0.343983	0.133643	0.355909	0.136471	0.368406	0.139857	0.381497	0.143885	0.395213	0.148650	0.409580	0.154256	0.424628	0.160824	0.440386	0.168487	0.456885	0.177397	0.474158	0.187726	0.492237	0.199665	0.511158	0.213429	0.530956	0.229260	0.551667
963.241700	0.123840	0.274683	0.124242	0.283261	0.124805	0.292255	0.125559	0.301683	0.126539	0.311568	0.127784	0.321929	0.129341	0.332788	0.131260	0.344169	0.133598	0.356096	0.136420	0.368593	0.139802	0.381686	0.143824	0.395402	0.148584	0.409769	0.154184	0.424817	0.160746	0.440573	0.168404	0.457071	0.177309	0.474343	0.187632	0.492420	0.199565	0.511338	0.213324	0.531133	0.229150	0.551841
963.603210	0.123832	0.274857	0.124229	0.283437	0.124788	0.292432	0.125538	0.301863	0.126513	0.311749	0.127754	0.322112	0.129306	0.332973	0.131219	0.344355	0.133553	0.356283	0.136370	0.368781	0.139746	0.381874	0.143764	0.395591	0.148517	0.409958	0.154113	0.425005	0.160669	0.440761	0.168321	0.457258	0.177220	0.474527	0.187538	0.492603	0.199466	0.511518	0.213218	0.531309	0.229040	0.552013
963.964600	0.123823	0.275030	0.124216	0.283612	0.124771	0.292610	0.125516	0.302042	0.126487	0.311930	0.127723	0.322295	0.129270	0.333157	0.131179	0.344541	0.133507	0.356470	0.136320	0.368969	0.139690	0.382063	0.143703	0.395780	0.148451	0.410147	0.154041	0.425193	0.160592	0.440949	0.168238	0.457444	0.177132	0.474712	0.187444	0.492785	0.199366	0.511698	0.213113	0.531486	0.228930	0.552186
964.325870	0.123814	0.275203	0.124204	0.283787	0.124754	0.292787	0.125494	0.302221	0.126461	0.312111	0.127693	0.322477	0.129235	0.333341	0.131139	0.344726	0.133462	0.356656	0.136269	0.369155	0.139635	0.382250	0.143642	0.395967	0.148384	0.410334	0.153969	0.425380	0.160514	0.441135	0.168155	0.457629	0.177043	0.474896	0.187350	0.492967	0.199266	0.511877	0.213008	0.531662	0.228820	0.552358
964.687070	0.123806	0.275376	0.124191	0.283962	0.124737	0.292964	0.125473	0.302400	0.126435	0.312292	0.127662	0.322659	0.129200	0.333525	0.131099	0.344911	0.133416	0.356842	0.136219	0.369342	0.139579	0.382438	0.143582	0.396155	0.148318	0.410522	0.153897	0.425568	0.160437	0.441322	0.168073	0.457814	0.176955	0.475079	0.187256	0.493149	0.199167	0.512056	0.212904	0.531838	0.228709	0.552530
965.048160	0.123797	0.275549	0.124178	0.284137	0.124720	0.293141	0.125451	0.302579	0.126409	0.312472	0.127632	0.322841	0.129164	0.333708	0.131059	0.345096	0.133371	0.357028	0.136168	0.369529	0.139524	0.382625	0.143521	0.396343	0.148252	0.410709	0.153825	0.425755	0.160360	0.441508	0.167990	0.458000	0.176867	0.475262	0.187162	0.493330	0.199068	0.512235	0.212799	0.532013	0.228599	0.552702
965.409120	0.123788	0.275721	0.124166	0.284312	0.124703	0.293317	0.125430	0.302757	0.126383	0.312652	0.127601	0.323023	0.129129	0.333891	0.131019	0.345280	0.133326	0.357213	0.136118	0.369715	0.139468	0.382812	0.143460	0.396530	0.148186	0.410896	0.153754	0.425941	0.160283	0.441693	0.167907	0.458184	0.176779	0.475445	0.187069	0.493511	0.198968	0.512413	0.212695	0.532188	0.228490	0.552873
965.770020	0.123780	0.275893	0.124153	0.284486	0.124686	0.293494	0.125409	0.302935	0.126357	0.312832	0.127571	0.323204	0.129094	0.334074	0.130979	0.345464	0.133282	0.357398	0.136068	0.369901	0.139413	0.382998	0.143400	0.396716	0.148120	0.411083	0.153683	0.426127	0.160206	0.441879	0.167825	0.458368	0.176690	0.475628	0.186975	0.493692	0.198869	0.512591	0.212590	0.532363	0.228381	0.553044
966.130800	0.123771	0.276065	0.124140	0.284660	0.124669	0.293670	0.125387	0.303113	0.126332	0.313012	0.127540	0.323386	0.129059	0.334257	0.130938	0.345648	0.133237	0.357583	0.136018	0.370087	0.139358	0.383184	0.143339	0.396902	0.148054	0.411269	0.153611	0.426313	0.160129	0.442064	0.167742	0.458553	0.176602	0.475811	0.186881	0.493872	0.198770	0.512769	0.212486	0.532538	0.228271	0.553215
966.491460	0.123762	0.276237	0.124127	0.284833	0.124652	0.293845	0.125366	0.303291	0.126306	0.313191	0.127510	0.323566	0.129024	0.334439	0.130898	0.345832	0.133192	0.357768	0.135968	0.370272	0.139303	0.383370	0.143278	0.397089	0.147989	0.411456	0.153540	0.426499	0.160052	0.442249	0.167660	0.458737	0.176515	0.475993	0.186788	0.494052	0.198671	0.512946	0.212382	0.532712	0.228162	0.553385
966.851990	0.123754	0.276409	0.124114	0.285007	0.124635	0.294021	0.125345	0.303468	0.126280	0.313370	0.127479	0.323747	0.128989	0.334621	0.130858	0.346015	0.133147	0.357952	0.135918	0.370457	0.139248	0.383556	0.143218	0.397275	0.147923	0.411642	0.153469	0.426685	0.159976	0.442434	0.167578	0.458921	0.176427	0.476175	0.186694	0.494231	0.198573	0.513123	0.212278	0.532887	0.228053	0.553555
967.212460	0.123745	0.276580	0.124102	0.285180	0.124618	0.294196	0.125323	0.303645	0.126254	0.313549	0.127449	0.323927	0.128953	0.334803	0.130818	0.346198	0.133102	0.358136	0.135869	0.370642	0.139192	0.383741	0.143158	0.397460	0.147857	0.411827	0.153398	0.426870	0.159899	0.442619	0.167496	0.459104	0.176339	0.476357	0.186601	0.494411	0.198474	0.513300	0.212174	0.533060	0.227944	0.553725
967.572810	0.123736	0.276751	0.124089	0.285354	0.124601	0.294371	0.125302	0.303822	0.126228	0.313728	0.127419	0.324107	0.128918	0.334985	0.130778	0.346380	0.133057	0.358320	0.135819	0.370826	0.139137	0.383926	0.143097	0.397645	0.147792	0.412012	0.153327	0.427055	0.159822	0.442803	0.167413	0.459286	0.176251	0.476538	0.186508	0.494590	0.198375	0.513477	0.212070	0.533234	0.227834	0.553895
967.933040	0.123728	0.276921	0.124076	0.285527	0.124584	0.294546	0.125281	0.303999	0.126203	0.313906	0.127389	0.324288	0.128883	0.335166	0.130738	0.346563	0.133012	0.358504	0.135769	0.371011	0.139082	0.384112	0.143037	0.397831	0.147726	0.412198	0.153255	0.427240	0.159745	0.442987	0.167331	0.459469	0.176163	0.476719	0.186414	0.494770	0.198276	0.513653	0.211966	0.533407	0.227725	0.554064
968.293210	0.123719	0.277092	0.124064	0.285699	0.124567	0.294720	0.125260	0.304175	0.126177	0.314084	0.127358	0.324467	0.128849	0.335347	0.130699	0.346745	0.132968	0.358687	0.135720	0.371195	0.139027	0.384296	0.142977	0.398015	0.147661	0.412382	0.153185	0.427424	0.159669	0.443170	0.167249	0.459651	0.176076	0.476900	0.186321	0.494948	0.198178	0.513829	0.211863	0.533579	0.227616	0.554233
968.653200	0.123711	0.277263	0.124051	0.285871	0.124550	0.294895	0.125238	0.304351	0.126152	0.314262	0.127328	0.324646	0.128814	0.335528	0.130659	0.346928	0.132923	0.358870	0.135670	0.371379	0.138973	0.384480	0.142917	0.398200	0.147595	0.412566	0.153114	0.427608	0.159593	0.443353	0.167167	0.459834	0.175989	0.477080	0.186228	0.495126	0.198080	0.514005	0.211759	0.533751	0.227508	0.554402
969.013180	0.123703	0.277433	0.124039	0.286043	0.124533	0.295069	0.125217	0.304527	0.126126	0.314439	0.127298	0.324826	0.128779	0.335709	0.130620	0.347110	0.132878	0.359053	0.135620	0.371563	0.138918	0.384664	0.142857	0.398385	0.147530	0.412751	0.153043	0.427792	0.159516	0.443537	0.167085	0.460016	0.175902	0.477261	0.186136	0.495304	0.197981	0.514180	0.211655	0.533923	0.227399	0.554570
969.372990	0.123694	0.277603	0.124026	0.286215	0.124517	0.295243	0.125196	0.304703	0.126101	0.314617	0.127268	0.325004	0.128744	0.335888	0.130580	0.347291	0.132834	0.359235	0.135571	0.371745	0.138863	0.384848	0.142797	0.398568	0.147464	0.412935	0.152973	0.427975	0.159440	0.443719	0.167004	0.460197	0.175814	0.477440	0.186043	0.495482	0.197883	0.514355	0.211552	0.534095	0.227291	0.554738
969.732730	0.123686	0.277773	0.124014	0.286387	0.124500	0.295417	0.125176	0.304879	0.126075	0.314794	0.127237	0.325183	0.128709	0.336068	0.130540	0.347472	0.132789	0.359417	0.135521	0.371928	0.138809	0.385031	0.142737	0.398752	0.147399	0.413118	0.152902	0.428158	0.159364	0.443901	0.166922	0.460378	0.175727	0.477620	0.185951	0.495659	0.197785	0.514530	0.211448	0.534267	0.227182	0.554906
970.092350	0.123678	0.277942	0.124002	0.286559	0.124484	0.295590	0.125155	0.305054	0.126049	0.314971	0.127207	0.325362	0.128674	0.336248	0.130501	0.347653	0.132745	0.359599	0.135471	0.372111	0.138754	0.385215	0.142678	0.398935	0.147334	0.413302	0.152831	0.428341	0.159289	0.444084	0.166841	0.460558	0.175640	0.477799	0.185858	0.495836	0.197687	0.514705	0.211344	0.534439	0.227074	0.555074
970.451840	0.123669	0.278111	0.123989	0.286730	0.124467	0.295763	0.125133	0.305229	0.126024	0.315148	0.127177	0.325540	0.128640	0.336427	0.130461	0.347834	0.132700	0.359780	0.135422	0.372293	0.138700	0.385398	0.142618	0.399118	0.147269	0.413485	0.152760	0.428523	0.159213	0.444265	0.166759	0.460739	0.175553	0.477978	0.185766	0.496013	0.197589	0.514879	0.211241	0.534610	0.226966	0.555241
970.811280	0.123661	0.278280	0.123977	0.286901	0.124450	0.295936	0.125112	0.305403	0.125998	0.315324	0.127148	0.325718	0.128605	0.336607	0.130422	0.348014	0.132656	0.359962	0.135373	0.372475	0.138645	0.385580	0.142558	0.399301	0.147204	0.413667	0.152690	0.428705	0.159137	0.444447	0.166678	0.460919	0.175466	0.478156	0.185674	0.496189	0.197491	0.515053	0.211138	0.534780	0.226857	0.555407
971.170590	0.123652	0.278449	0.123964	0.287072	0.124433	0.296109	0.125091	0.305578	0.125973	0.315500	0.127118	0.325895	0.128571	0.336786	0.130382	0.348194	0.132612	0.360143	0.135323	0.372657	0.138591	0.385762	0.142498	0.399483	0.147139	0.413849	0.152620	0.428887	0.159061	0.444628	0.166596	0.461099	0.175379	0.478334	0.185581	0.496365	0.197394	0.515226	0.211035	0.534951	0.226749	0.555574
971.529790	0.123644	0.278617	0.123951	0.287242	0.124417	0.296281	0.125070	0.305752	0.125947	0.315676	0.127087	0.326073	0.128536	0.336964	0.130343	0.348374	0.132567	0.360323	0.135274	0.372839	0.138536	0.385944	0.142438	0.399666	0.147074	0.414031	0.152549	0.429069	0.158985	0.444808	0.166515	0.461279	0.175292	0.478512	0.185489	0.496541	0.197296	0.515399	0.210932	0.535121	0.226641	0.555740
971.888850	0.123636	0.278786	0.123939	0.287412	0.124400	0.296453	0.125049	0.305926	0.125922	0.315852	0.127057	0.326250	0.128502	0.337143	0.130304	0.348553	0.132523	0.360504	0.135224	0.373020	0.138482	0.386126	0.142378	0.399848	0.147009	0.414213	0.152479	0.429251	0.158909	0.444989	0.166434	0.461458	0.175206	0.478690	0.185397	0.496717	0.197198	0.515572	0.210829	0.535290	0.226533	0.555907
972.247860	0.123627	0.278954	0.123927	0.287582	0.124384	0.296625	0.125029	0.306100	0.125897	0.316027	0.127027	0.326427	0.128467	0.337321	0.130265	0.348732	0.132479	0.360684	0.135175	0.373201	0.138428	0.386307	0.142319	0.400029	0.146944	0.414394	0.152409	0.429432	0.158834	0.445169	0.166353	0.461637	0.175119	0.478867	0.185304	0.496892	0.197101	0.515745	0.210726	0.535460	0.226425	0.556072
972.606750	0.123619	0.279122	0.123914	0.287752	0.124367	0.296797	0.125008	0.306273	0.125872	0.316201	0.126998	0.326603	0.128432	0.337499	0.130225	0.348911	0.132434	0.360864	0.135126	0.373381	0.138373	0.386488	0.142259	0.400210	0.146879	0.414575	0.152339	0.429612	0.158758	0.445349	0.166272	0.461816	0.175032	0.479044	0.185212	0.497067	0.197003	0.515917	0.210623	0.535629	0.226317	0.556237
972.965580	0.123611	0.279290	0.123902	0.287922	0.124351	0.296969	0.124987	0.306446	0.125846	0.316376	0.126968	0.326779	0.128397	0.337677	0.130186	0.349090	0.132390	0.361044	0.135077	0.373562	0.138319	0.386669	0.142200	0.400392	0.146814	0.414757	0.152269	0.429793	0.158682	0.445529	0.166191	0.461994	0.174945	0.479221	0.185120	0.497242	0.196905	0.516089	0.210521	0.535798	0.226209	0.556402
973.324220	0.123603	0.279457	0.123890	0.288091	0.124334	0.297139	0.124966	0.306619	0.125821	0.316551	0.126938	0.326955	0.128363	0.337854	0.130147	0.349268	0.132346	0.361223	0.135028	0.373742	0.138265	0.386849	0.142141	0.400572	0.146750	0.414937	0.152199	0.429973	0.158607	0.445708	0.166110	0.462172	0.174859	0.479398	0.185028	0.497416	0.196808	0.516261	0.210418	0.535966	0.226102	0.556567
973.682800	0.123594	0.279624	0.123877	0.288260	0.124317	0.297310	0.124945	0.306792	0.125796	0.316725	0.126908	0.327131	0.128328	0.338031	0.130108	0.349446	0.132303	0.361402	0.134979	0.373922	0.138211	0.387029	0.142081	0.400752	0.146685	0.415117	0.152129	0.430153	0.158532	0.445887	0.166029	0.462350	0.174773	0.479574	0.184936	0.497590	0.196711	0.516432	0.210316	0.536134	0.225994	0.556731
974.041260	0.123586	0.279791	0.123865	0.288429	0.124300	0.297481	0.124925	0.306965	0.125770	0.316899	0.126879	0.327307	0.128294	0.338207	0.130069	0.349624	0.132259	0.361582	0.134930	0.374102	0.138157	0.387210	0.142022	0.400933	0.146621	0.415298	0.152059	0.430333	0.158456	0.446066	0.165948	0.462527	0.174687	0.479750	0.184844	0.497764	0.196614	0.516604	0.210213	0.536302	0.225887	0.556896
974.399660	0.123578	0.279958	0.123852	0.288598	0.124284	0.297651	0.124904	0.307137	0.125745	0.317073	0.126849	0.327482	0.128260	0.338384	0.130029	0.349802	0.132215	0.361760	0.134881	0.374280	0.138103	0.387389	0.141963	0.401113	0.146556	0.415477	0.151989	0.430511	0.158381	0.446244	0.165867	0.462704	0.174601	0.479925	0.184753	0.497937	0.196517	0.516774	0.210111	0.536470	0.225780	0.557060
974.757930	0.123570	0.280124	0.123840	0.288767	0.124268	0.297822	0.124883	0.307309	0.125720	0.317247	0.126819	0.327657	0.128226	0.338561	0.129990	0.349980	0.132171	0.361938	0.134832	0.374459	0.138049	0.387569	0.141904	0.401292	0.146492	0.415657	0.151919	0.430690	0.158306	0.446422	0.165786	0.462881	0.174514	0.480101	0.184661	0.498111	0.196420	0.516945	0.210009	0.536637	0.225672	0.557223
975.116090	0.123561	0.280291	0.123828	0.288935	0.124252	0.297992	0.124862	0.307481	0.125695	0.317420	0.126789	0.327832	0.128192	0.338737	0.129951	0.350157	0.132127	0.362117	0.134783	0.374638	0.137995	0.387748	0.141845	0.401472	0.146428	0.415836	0.151849	0.430869	0.158231	0.446600	0.165706	0.463058	0.174428	0.480276	0.184569	0.498284	0.196324	0.517115	0.209907	0.536804	0.225565	0.557387
975.474120	0.123553	0.280457	0.123816	0.289103	0.124235	0.298162	0.124842	0.307652	0.125670	0.317593	0.126760	0.328006	0.128157	0.338913	0.129912	0.350334	0.132083	0.362294	0.134735	0.374817	0.137941	0.387927	0.141786	0.401651	0.146364	0.416015	0.151780	0.431047	0.158155	0.446777	0.165625	0.463235	0.174342	0.480450	0.184478	0.498456	0.196227	0.517285	0.209805	0.536971	0.225458	0.557550
975.832090	0.123545	0.280623	0.123804	0.289271	0.124219	0.298331	0.124821	0.307824	0.125645	0.317766	0.126731	0.328181	0.128123	0.339089	0.129873	0.350511	0.132039	0.362472	0.134686	0.374995	0.137887	0.388105	0.141728	0.401829	0.146299	0.416193	0.151711	0.431225	0.158080	0.446955	0.165545	0.463411	0.174256	0.480625	0.184387	0.498628	0.196130	0.517454	0.209703	0.537138	0.225351	0.557713
976.189940	0.123537	0.280789	0.123792	0.289439	0.124202	0.298501	0.124800	0.307995	0.125620	0.317939	0.126701	0.328355	0.128089	0.339264	0.129834	0.350687	0.131996	0.362649	0.134637	0.375173	0.137834	0.388284	0.141669	0.402008	0.146235	0.416372	0.151641	0.431403	0.158005	0.447132	0.165464	0.463587	0.174171	0.480799	0.184296	0.498800	0.196034	0.517624	0.209601	0.537304	0.225244	0.557875
976.547730	0.123528	0.280954	0.123779	0.289606	0.124186	0.298670	0.124779	0.308165	0.125595	0.318111	0.126672	0.328529	0.128055	0.339439	0.129796	0.350863	0.131952	0.362826	0.134589	0.375351	0.137780	0.388462	0.141610	0.402186	0.146171	0.416550	0.151572	0.431581	0.157931	0.447309	0.165384	0.463762	0.174085	0.480973	0.184204	0.498972	0.195937	0.517793	0.209499	0.537470	0.225138	0.558037
976.905330	0.123520	0.281119	0.123767	0.289773	0.124169	0.298839	0.124758	0.308336	0.125570	0.318283	0.126642	0.328702	0.128021	0.339614	0.129757	0.351039	0.131909	0.363003	0.134540	0.375528	0.137726	0.388640	0.141551	0.402364	0.146107	0.416728	0.151502	0.431758	0.157856	0.447485	0.165304	0.463938	0.174000	0.481146	0.184113	0.499144	0.195841	0.517962	0.209398	0.537636	0.225031	0.558199
977.262880	0.123512	0.281284	0.123755	0.289940	0.124153	0.299008	0.124738	0.308506	0.125545	0.318455	0.126612	0.328875	0.127987	0.339788	0.129719	0.351215	0.131865	0.363179	0.134492	0.375705	0.137673	0.388817	0.141492	0.402541	0.146043	0.416905	0.151433	0.431935	0.157781	0.447661	0.165224	0.464112	0.173914	0.481319	0.184022	0.499315	0.195744	0.518131	0.209296	0.537801	0.224925	0.558361
977.620300	0.123504	0.281449	0.123742	0.290106	0.124136	0.299176	0.124718	0.308676	0.125520	0.318627	0.126583	0.329048	0.127953	0.339962	0.129680	0.351390	0.131821	0.363355	0.134443	0.375881	0.137620	0.388995	0.141433	0.402719	0.145979	0.417082	0.151364	0.432112	0.157706	0.447837	0.165144	0.464287	0.173828	0.481492	0.183931	0.499486	0.195648	0.518299	0.209195	0.537966	0.224818	0.558522
977.977660	0.123496	0.281614	0.123730	0.290273	0.124120	0.299344	0.124697	0.308846	0.125495	0.318798	0.126554	0.329221	0.127919	0.340136	0.129641	0.351565	0.131778	0.363531	0.134395	0.376058	0.137566	0.389172	0.141375	0.402896	0.145915	0.417259	0.151294	0.432289	0.157632	0.448013	0.165064	0.464461	0.173742	0.481665	0.183841	0.499656	0.195551	0.518467	0.209093	0.538131	0.224712	0.558684
978.334840	0.123488	0.281778	0.123718	0.290439	0.124104	0.299512	0.124677	0.309016	0.125470	0.318969	0.126525	0.329393	0.127885	0.340310	0.129603	0.351740	0.131734	0.363706	0.134347	0.376234	0.137513	0.389348	0.141316	0.403073	0.145851	0.417435	0.151225	0.432465	0.157557	0.448188	0.164984	0.464635	0.173657	0.481837	0.183750	0.499826	0.195455	0.518634	0.208992	0.538295	0.224605	0.558844
978.692020	0.123480	0.281942	0.123706	0.290605	0.124088	0.299680	0.124656	0.309185	0.125445	0.319140	0.126495	0.329566	0.127851	0.340483	0.129564	0.351914	0.131691	0.363882	0.134299	0.376410	0.137459	0.389525	0.141258	0.403250	0.145788	0.417612	0.151156	0.432640	0.157483	0.448363	0.164905	0.464809	0.173572	0.482010	0.183659	0.499996	0.195360	0.518802	0.208890	0.538459	0.224499	0.559005
979.049010	0.123472	0.282105	0.123694	0.290771	0.124072	0.299847	0.124635	0.309354	0.125421	0.319311	0.126466	0.329738	0.127817	0.340657	0.129526	0.352089	0.131648	0.364057	0.134250	0.376586	0.137406	0.389701	0.141199	0.403426	0.145724	0.417788	0.151088	0.432816	0.157409	0.448538	0.164825	0.464983	0.173487	0.482182	0.183569	0.500166	0.195264	0.518969	0.208789	0.538623	0.224392	0.559165
979.405940	0.123464	0.282269	0.123682	0.290936	0.124056	0.300014	0.124615	0.309523	0.125396	0.319482	0.126437	0.329909	0.127783	0.340829	0.129487	0.352263	0.131604	0.364232	0.134202	0.376762	0.137353	0.389877	0.141141	0.403602	0.145661	0.417964	0.151019	0.432991	0.157335	0.448712	0.164745	0.465156	0.173402	0.482353	0.183478	0.500335	0.195168	0.519136	0.208688	0.538787	0.224286	0.559325
979.762760	0.123455	0.282433	0.123670	0.291102	0.124040	0.300182	0.124595	0.309692	0.125371	0.319652	0.126407	0.330081	0.127750	0.341002	0.129449	0.352436	0.131561	0.364407	0.134154	0.376937	0.137299	0.390052	0.141083	0.403777	0.145597	0.418139	0.150950	0.433167	0.157260	0.448886	0.164665	0.465329	0.173317	0.482524	0.183388	0.500505	0.195072	0.519302	0.208587	0.538950	0.224180	0.559485
980.119450	0.123447	0.282597	0.123658	0.291267	0.124024	0.300349	0.124574	0.309860	0.125347	0.319822	0.126378	0.330252	0.127716	0.341175	0.129410	0.352610	0.131518	0.364581	0.134106	0.377113	0.137246	0.390228	0.141025	0.403953	0.145534	0.418315	0.150881	0.433341	0.157186	0.449060	0.164585	0.465502	0.173233	0.482695	0.183298	0.500673	0.194976	0.519469	0.208486	0.539114	0.224075	0.559644
980.476010	0.123440	0.282760	0.123646	0.291432	0.124008	0.300515	0.124554	0.310028	0.125322	0.319991	0.126349	0.330423	0.127682	0.341347	0.129372	0.352783	0.131474	0.364755	0.134058	0.377287	0.137193	0.390403	0.140966	0.404128	0.145470	0.418490	0.150812	0.433516	0.157112	0.449234	0.164506	0.465674	0.173148	0.482866	0.183208	0.500842	0.194880	0.519634	0.208386	0.539277	0.223969	0.559803
980.832520	0.123432	0.282922	0.123634	0.291597	0.123992	0.300682	0.124534	0.310196	0.125298	0.320160	0.126321	0.330595	0.127649	0.341519	0.129333	0.352957	0.131431	0.364929	0.134010	0.377462	0.137140	0.390578	0.140908	0.404303	0.145407	0.418665	0.150743	0.433690	0.157039	0.449407	0.164427	0.465846	0.173063	0.483037	0.183117	0.501011	0.194785	0.519800	0.208285	0.539439	0.223863	0.559962
981.188900	0.123424	0.283085	0.123622	0.291761	0.123975	0.300848	0.124513	0.310364	0.125273	0.320330	0.126292	0.330765	0.127615	0.341691	0.129295	0.353129	0.131388	0.365103	0.133961	0.377636	0.137087	0.390752	0.140850	0.404477	0.145344	0.418839	0.150675	0.433864	0.156965	0.449580	0.164348	0.466018	0.172978	0.483207	0.183027	0.501179	0.194690	0.519965	0.208185	0.539602	0.223757	0.560121
981.545230	0.123415	0.283247	0.123610	0.291925	0.123959	0.301014	0.124493	0.310531	0.125248	0.320499	0.126262	0.330936	0.127582	0.341862	0.129257	0.353302	0.131346	0.365276	0.133913	0.377810	0.137034	0.390927	0.140792	0.404652	0.145280	0.419013	0.150606	0.434038	0.156891	0.449753	0.164268	0.466189	0.172893	0.483377	0.182937	0.501346	0.194594	0.520130	0.208084	0.539764	0.223652	0.560279
981.901370	0.123407	0.283409	0.123598	0.292089	0.123943	0.301179	0.124473	0.310699	0.125224	0.320668	0.126233	0.331106	0.127548	0.342034	0.129219	0.353474	0.131303	0.365449	0.133865	0.377983	0.136982	0.391101	0.140734	0.404826	0.145217	0.419187	0.150538	0.434211	0.156817	0.449925	0.164189	0.466361	0.172808	0.483546	0.182847	0.501514	0.194499	0.520295	0.207984	0.539925	0.223546	0.560437
982.257510	0.123399	0.283571	0.123586	0.292252	0.123927	0.301344	0.124453	0.310866	0.125199	0.320837	0.126204	0.331276	0.127515	0.342205	0.129180	0.353646	0.131260	0.365622	0.133817	0.378156	0.136929	0.391274	0.140676	0.405000	0.145154	0.419360	0.150470	0.434384	0.156744	0.450097	0.164110	0.466531	0.172724	0.483715	0.182757	0.501681	0.194404	0.520460	0.207883	0.540087	0.223441	0.560595
982.613460	0.123392	0.283733	0.123574	0.292416	0.123911	0.301510	0.124433	0.311033	0.125175	0.321005	0.126175	0.331445	0.127481	0.342375	0.129142	0.353818	0.131217	0.365795	0.133770	0.378330	0.136876	0.391448	0.140618	0.405173	0.145091	0.419534	0.150401	0.434557	0.156670	0.450269	0.164031	0.466702	0.172640	0.483884	0.182667	0.501848	0.194309	0.520624	0.207783	0.540248	0.223336	0.560752
982.969300	0.123384	0.283895	0.123562	0.292580	0.123895	0.301675	0.124413	0.311200	0.125150	0.321173	0.126146	0.331614	0.127448	0.342546	0.129104	0.353989	0.131174	0.365967	0.133722	0.378503	0.136824	0.391621	0.140560	0.405347	0.145028	0.419707	0.150333	0.434729	0.156596	0.450441	0.163953	0.466872	0.172555	0.484053	0.182578	0.502015	0.194214	0.520789	0.207683	0.540409	0.223231	0.560909
983.325070	0.123376	0.284056	0.123550	0.292743	0.123879	0.301840	0.124392	0.311366	0.125126	0.321340	0.126118	0.331783	0.127414	0.342716	0.129066	0.354160	0.131131	0.366139	0.133674	0.378675	0.136771	0.391794	0.140502	0.405520	0.144965	0.419880	0.150265	0.434901	0.156523	0.450612	0.163874	0.467042	0.172471	0.484221	0.182488	0.502181	0.194119	0.520952	0.207583	0.540570	0.223126	0.561066
983.680790	0.123368	0.284217	0.123539	0.292906	0.123863	0.302004	0.124372	0.311532	0.125101	0.321508	0.126089	0.331952	0.127381	0.342886	0.129028	0.354331	0.131088	0.366311	0.133627	0.378848	0.136718	0.391966	0.140445	0.405693	0.144903	0.420052	0.150197	0.435074	0.156449	0.450783	0.163795	0.467212	0.172387	0.484389	0.182398	0.502347	0.194024	0.521115	0.207483	0.540730	0.223020	0.561223
984.036320	0.123360	0.284378	0.123527	0.293069	0.123847	0.302169	0.124352	0.311698	0.125076	0.321675	0.126060	0.332121	0.127348	0.343056	0.128990	0.354502	0.131046	0.366482	0.133579	0.379020	0.136666	0.392139	0.140387	0.405866	0.144840	0.420225	0.150129	0.435245	0.156376	0.450954	0.163716	0.467382	0.172302	0.484557	0.182309	0.502513	0.193929	0.521279	0.207383	0.540890	0.222915	0.561380
984.391780	0.123352	0.284539	0.123515	0.293231	0.123831	0.302333	0.124332	0.311864	0.125052	0.321842	0.126031	0.332289	0.127314	0.343225	0.128952	0.354673	0.131003	0.366653	0.133532	0.379191	0.136613	0.392311	0.140330	0.406038	0.144777	0.420397	0.150061	0.435416	0.156302	0.451125	0.163637	0.467551	0.172219	0.484725	0.182220	0.502678	0.193834	0.521441	0.207283	0.541050	0.222810	0.561536
984.747130	0.123345	0.284699	0.123503	0.293393	0.123815	0.302496	0.124312	0.312029	0.125027	0.322009	0.126002	0.332457	0.127281	0.343395	0.128914	0.354843	0.130960	0.366824	0.133484	0.379363	0.136560	0.392483	0.140272	0.406210	0.144714	0.420569	0.149993	0.435587	0.156229	0.451295	0.163559	0.467720	0.172135	0.484892	0.182130	0.502843	0.193740	0.521604	0.207183	0.541209	0.222706	0.561691
985.102360	0.123337	0.284859	0.123492	0.293555	0.123799	0.302660	0.124292	0.312194	0.125003	0.322176	0.125974	0.332625	0.127247	0.343564	0.128876	0.355013	0.130918	0.366995	0.133436	0.379534	0.136508	0.392654	0.140214	0.406381	0.144651	0.420740	0.149925	0.435758	0.156156	0.451465	0.163480	0.467889	0.172051	0.485059	0.182041	0.503008	0.193645	0.521767	0.207083	0.541368	0.222601	0.561847
985.457520	0.123329	0.285019	0.123479	0.293716	0.123783	0.302823	0.124272	0.312359	0.124979	0.322342	0.125945	0.332793	0.127214	0.343732	0.128839	0.355183	0.130875	0.367166	0.133389	0.379705	0.136456	0.392826	0.140157	0.406553	0.144588	0.420911	0.149858	0.435929	0.156083	0.451635	0.163402	0.468057	0.171967	0.485226	0.181952	0.503173	0.193551	0.521929	0.206983	0.541527	0.222496	0.562002
985.812560	0.123321	0.285179	0.123467	0.293878	0.123767	0.302987	0.124252	0.312524	0.124955	0.322508	0.125916	0.332961	0.127181	0.343901	0.128801	0.355352	0.130832	0.367336	0.133342	0.379876	0.136404	0.392997	0.140099	0.406724	0.144526	0.421082	0.149790	0.436099	0.156010	0.451804	0.163323	0.468225	0.171883	0.485392	0.181863	0.503337	0.193457	0.522091	0.206884	0.541686	0.222392	0.562157
986.167480	0.123313	0.285339	0.123455	0.294039	0.123752	0.303150	0.124232	0.312689	0.124931	0.322674	0.125888	0.333128	0.127148	0.344069	0.128763	0.355522	0.130790	0.367506	0.133295	0.380046	0.136351	0.393168	0.140042	0.406894	0.144464	0.421252	0.149722	0.436269	0.155937	0.451974	0.163245	0.468393	0.171800	0.485558	0.181774	0.503501	0.193362	0.522252	0.206784	0.541845	0.222288	0.562312
986.522340	0.123306	0.285499	0.123444	0.294200	0.123736	0.303312	0.124212	0.312853	0.124906	0.322840	0.125859	0.333294	0.127115	0.344238	0.128726	0.355691	0.130748	0.367676	0.133248	0.380217	0.136299	0.393338	0.139985	0.407065	0.144402	0.421423	0.149654	0.436439	0.155864	0.452143	0.163167	0.468561	0.171716	0.485724	0.181685	0.503665	0.193268	0.522413	0.206685	0.542002	0.222183	0.562466
986.877010	0.123298	0.285658	0.123432	0.294361	0.123720	0.303475	0.124192	0.313017	0.124882	0.323006	0.125831	0.333461	0.127082	0.344406	0.128688	0.355859	0.130706	0.367845	0.133200	0.380387	0.136247	0.393509	0.139928	0.407235	0.144340	0.421593	0.149586	0.436609	0.155791	0.452311	0.163088	0.468728	0.171633	0.485890	0.181596	0.503828	0.193174	0.522574	0.206586	0.542160	0.222079	0.562620
987.231690	0.123290	0.285817	0.123420	0.294522	0.123705	0.303637	0.124172	0.313181	0.124858	0.323171	0.125802	0.333628	0.127049	0.344573	0.128650	0.356028	0.130663	0.368015	0.133153	0.380557	0.136195	0.393679	0.139871	0.407405	0.144277	0.421763	0.149519	0.436778	0.155719	0.452480	0.163010	0.468895	0.171549	0.486056	0.181507	0.503992	0.193080	0.522735	0.206487	0.542318	0.221975	0.562775
987.586180	0.123282	0.285976	0.123409	0.294683	0.123689	0.303799	0.124152	0.313344	0.124834	0.323336	0.125774	0.333794	0.127016	0.344741	0.128613	0.356196	0.130621	0.368184	0.133106	0.380726	0.136143	0.393849	0.139814	0.407575	0.144215	0.421932	0.149452	0.436947	0.155646	0.452648	0.162932	0.469062	0.171466	0.486221	0.181418	0.504155	0.192986	0.522896	0.206388	0.542475	0.221871	0.562928
987.940610	0.123274	0.286134	0.123397	0.294843	0.123674	0.303962	0.124132	0.313508	0.124810	0.323500	0.125745	0.333960	0.126984	0.344908	0.128575	0.356365	0.130578	0.368353	0.133059	0.380896	0.136091	0.394019	0.139757	0.407745	0.144152	0.422102	0.149384	0.437116	0.155573	0.452816	0.162854	0.469229	0.171382	0.486386	0.181330	0.504318	0.192892	0.523056	0.206289	0.542633	0.221767	0.563082
988.294920	0.123267	0.286293	0.123386	0.295003	0.123658	0.304123	0.124112	0.313671	0.124786	0.323665	0.125716	0.334126	0.126951	0.345075	0.128538	0.356532	0.130536	0.368521	0.133012	0.381065	0.136039	0.394188	0.139700	0.407914	0.144090	0.422271	0.149317	0.437284	0.155501	0.452983	0.162776	0.469395	0.171299	0.486551	0.181241	0.504480	0.192798	0.523216	0.206190	0.542789	0.221664	0.563235
988.649110	0.123259	0.286451	0.123374	0.295163	0.123642	0.304284	0.124093	0.313834	0.124762	0.323829	0.125688	0.334292	0.126918	0.345241	0.128500	0.356700	0.130494	0.368689	0.132965	0.381234	0.135987	0.394357	0.139643	0.408083	0.144028	0.422440	0.149250	0.437452	0.155428	0.453150	0.162699	0.469561	0.171216	0.486715	0.181153	0.504642	0.192705	0.523375	0.206091	0.542946	0.221560	0.563388
989.003230	0.123251	0.286608	0.123363	0.295322	0.123626	0.304445	0.124073	0.313996	0.124738	0.323993	0.125660	0.334458	0.126885	0.345408	0.128463	0.356868	0.130452	0.368858	0.132918	0.381403	0.135935	0.394526	0.139586	0.408253	0.143966	0.422609	0.149182	0.437621	0.155355	0.453318	0.162621	0.469727	0.171133	0.486879	0.181064	0.504804	0.192611	0.523534	0.205992	0.543102	0.221456	0.563540
989.357180	0.123243	0.286766	0.123351	0.295482	0.123610	0.304607	0.124053	0.314159	0.124714	0.324157	0.125631	0.334622	0.126852	0.345574	0.128425	0.357034	0.130409	0.369025	0.132871	0.381570	0.135883	0.394694	0.139529	0.408421	0.143904	0.422776	0.149115	0.437788	0.155283	0.453484	0.162543	0.469892	0.171050	0.487043	0.180976	0.504966	0.192518	0.523693	0.205893	0.543258	0.221352	0.563693
989.711120	0.123235	0.286923	0.123340	0.295641	0.123595	0.304768	0.124033	0.314321	0.124690	0.324321	0.125603	0.334787	0.126819	0.345740	0.128388	0.357201	0.130367	0.369192	0.132824	0.381738	0.135831	0.394862	0.139473	0.408589	0.143843	0.422944	0.149049	0.437955	0.155211	0.453650	0.162466	0.470057	0.170967	0.487206	0.180888	0.505127	0.192424	0.523852	0.205795	0.543414	0.221249	0.563845
990.064880	0.123228	0.287081	0.123328	0.295800	0.123579	0.304928	0.124013	0.314483	0.124666	0.324484	0.125575	0.334951	0.126786	0.345905	0.128350	0.357367	0.130325	0.369360	0.132777	0.381906	0.135780	0.395030	0.139416	0.408757	0.143781	0.423112	0.148982	0.438123	0.155139	0.453816	0.162388	0.470222	0.170884	0.487369	0.180800	0.505288	0.192331	0.524011	0.205696	0.543569	0.221145	0.563997
990.418580	0.123220	0.287238	0.123316	0.295959	0.123564	0.305089	0.123994	0.314645	0.124642	0.324647	0.125547	0.335116	0.126753	0.346070	0.128313	0.357534	0.130284	0.369527	0.132731	0.382073	0.135728	0.395197	0.139359	0.408924	0.143719	0.423279	0.148915	0.438290	0.155067	0.453982	0.162311	0.470387	0.170801	0.487532	0.180712	0.505449	0.192237	0.524169	0.205598	0.543724	0.221042	0.564148
990.772160	0.123213	0.287395	0.123305	0.296118	0.123548	0.305249	0.123975	0.314807	0.124617	0.324810	0.125518	0.335280	0.126721	0.346236	0.128276	0.357700	0.130242	0.369693	0.132684	0.382241	0.135676	0.395365	0.139302	0.409092	0.143658	0.423446	0.148848	0.438456	0.154994	0.454148	0.162234	0.470551	0.170719	0.487695	0.180624	0.505610	0.192144	0.524327	0.205499	0.543879	0.220939	0.564299
991.125610	0.123205	0.287552	0.123293	0.296276	0.123532	0.305409	0.123955	0.314968	0.124594	0.324973	0.125490	0.335444	0.126688	0.346401	0.128239	0.357866	0.130200	0.369860	0.132637	0.382408	0.135625	0.395532	0.139246	0.409259	0.143596	0.423613	0.148781	0.438623	0.154922	0.454314	0.162156	0.470715	0.170637	0.487858	0.180536	0.505770	0.192051	0.524485	0.205401	0.544034	0.220835	0.564451
991.479000	0.123197	0.287708	0.123282	0.296434	0.123517	0.305568	0.123935	0.315129	0.124570	0.325135	0.125462	0.335608	0.126655	0.346565	0.128202	0.358031	0.130158	0.370026	0.132591	0.382575	0.135573	0.395699	0.139189	0.409426	0.143535	0.423780	0.148714	0.438789	0.154850	0.454479	0.162079	0.470879	0.170554	0.488020	0.180448	0.505930	0.191958	0.524642	0.205303	0.544188	0.220732	0.564602
991.832280	0.123190	0.287864	0.123270	0.296592	0.123501	0.305727	0.123915	0.315290	0.124546	0.325298	0.125433	0.335771	0.126623	0.346730	0.128165	0.358197	0.130117	0.370192	0.132544	0.382741	0.135521	0.395866	0.139133	0.409593	0.143473	0.423947	0.148648	0.438954	0.154778	0.454644	0.162002	0.471043	0.170471	0.488182	0.180361	0.506090	0.191865	0.524799	0.205205	0.544343	0.220629	0.564752
992.185420	0.123182	0.288020	0.123259	0.296750	0.123486	0.305887	0.123896	0.315450	0.124523	0.325460	0.125405	0.335934	0.126590	0.346894	0.128128	0.358362	0.130075	0.370358	0.132498	0.382907	0.135470	0.396032	0.139077	0.409759	0.143412	0.424113	0.148581	0.439120	0.154706	0.454808	0.161925	0.471207	0.170389	0.488344	0.180273	0.506250	0.191772	0.524956	0.205107	0.544497	0.220526	0.564903
992.538510	0.123175	0.288176	0.123247	0.296907	0.123471	0.306046	0.123876	0.315611	0.124499	0.325622	0.125377	0.336097	0.126557	0.347058	0.128090	0.358526	0.130033	0.370524	0.132451	0.383073	0.135419	0.396199	0.139020	0.409926	0.143350	0.424279	0.148515	0.439285	0.154635	0.454973	0.161848	0.471370	0.170307	0.488505	0.180185	0.506409	0.191679	0.525113	0.205009	0.544650	0.220423	0.565053
992.891420	0.123167	0.288332	0.123236	0.297065	0.123456	0.306205	0.123857	0.315772	0.124475	0.325783	0.125350	0.336260	0.126525	0.347223	0.128053	0.358691	0.129992	0.370689	0.132405	0.383239	0.135368	0.396365	0.138964	0.410092	0.143289	0.424445	0.148448	0.439450	0.154563	0.455137	0.161771	0.471533	0.170224	0.488666	0.180098	0.506568	0.191587	0.525270	0.204911	0.544804	0.220321	0.565203
993.244320	0.123160	0.288488	0.123224	0.297222	0.123440	0.306364	0.123838	0.315932	0.124452	0.325945	0.125322	0.336422	0.126493	0.347386	0.128016	0.358856	0.129950	0.370854	0.132359	0.383405	0.135317	0.396531	0.138908	0.410258	0.143227	0.424610	0.148382	0.439615	0.154491	0.455301	0.161694	0.471695	0.170142	0.488827	0.180010	0.506727	0.191494	0.525426	0.204814	0.544957	0.220218	0.565352
993.597050	0.123152	0.288643	0.123213	0.297379	0.123425	0.306522	0.123818	0.316091	0.124428	0.326106	0.125294	0.336585	0.126461	0.347549	0.127979	0.359020	0.129909	0.371019	0.132312	0.383570	0.135265	0.396696	0.138852	0.410423	0.143166	0.424775	0.148316	0.439780	0.154420	0.455464	0.161617	0.471858	0.170060	0.488988	0.179923	0.506885	0.191402	0.525582	0.204716	0.545110	0.220116	0.565502
993.949710	0.123145	0.288798	0.123202	0.297536	0.123409	0.306680	0.123799	0.316251	0.124404	0.326267	0.125266	0.336747	0.126429	0.347713	0.127942	0.359184	0.129867	0.371184	0.132266	0.383735	0.135214	0.396861	0.138796	0.410588	0.143105	0.424940	0.148249	0.439945	0.154348	0.455628	0.161540	0.472020	0.169978	0.489148	0.179835	0.507043	0.191309	0.525738	0.204619	0.545262	0.220014	0.565651
994.302250	0.123137	0.288953	0.123190	0.297692	0.123394	0.306838	0.123779	0.316410	0.124381	0.326428	0.125238	0.336909	0.126396	0.347875	0.127906	0.359347	0.129825	0.371348	0.132219	0.383900	0.135163	0.397026	0.138740	0.410753	0.143044	0.425105	0.148183	0.440108	0.154277	0.455791	0.161463	0.472181	0.169896	0.489308	0.179748	0.507201	0.191217	0.525893	0.204521	0.545415	0.219911	0.565799
994.654660	0.123130	0.289107	0.123179	0.297848	0.123379	0.306996	0.123760	0.316569	0.124357	0.326588	0.125210	0.337070	0.126364	0.348038	0.127869	0.359511	0.129784	0.371512	0.132173	0.384064	0.135112	0.397191	0.138684	0.410918	0.142983	0.425269	0.148117	0.440272	0.154206	0.455953	0.161387	0.472343	0.169814	0.489468	0.179661	0.507359	0.191124	0.526048	0.204424	0.545567	0.219808	0.565948
995.007020	0.123122	0.289262	0.123168	0.298004	0.123364	0.307153	0.123741	0.316728	0.124334	0.326748	0.125182	0.337232	0.126331	0.348200	0.127832	0.359674	0.129742	0.371676	0.132127	0.384228	0.135061	0.397356	0.138628	0.411082	0.142922	0.425433	0.148051	0.440435	0.154135	0.456116	0.161310	0.472504	0.169732	0.489627	0.179574	0.507517	0.191032	0.526203	0.204326	0.545719	0.219706	0.566096
995.359190	0.123114	0.289416	0.123156	0.298160	0.123348	0.307310	0.123721	0.316887	0.124310	0.326908	0.125155	0.337393	0.126299	0.348362	0.127795	0.359837	0.129701	0.371840	0.132081	0.384392	0.135010	0.397520	0.138572	0.411246	0.142861	0.425597	0.147984	0.440598	0.154063	0.456278	0.161234	0.472665	0.169651	0.489786	0.179487	0.507674	0.190940	0.526358	0.204229	0.545870	0.219604	0.566244
995.711360	0.123107	0.289570	0.123145	0.298315	0.123333	0.307467	0.123702	0.317045	0.124286	0.327068	0.125127	0.337553	0.126267	0.348524	0.127758	0.360000	0.129660	0.372003	0.132035	0.384556	0.134960	0.397684	0.138516	0.411410	0.142800	0.425761	0.147918	0.440761	0.153992	0.456440	0.161158	0.472825	0.169569	0.489946	0.179400	0.507831	0.190848	0.526512	0.204132	0.546022	0.219502	0.566392
996.063350	0.123100	0.289724	0.123133	0.298471	0.123317	0.307624	0.123683	0.317203	0.124263	0.327228	0.125099	0.337714	0.126234	0.348686	0.127721	0.360162	0.129619	0.372166	0.131989	0.384719	0.134909	0.397847	0.138460	0.411573	0.142739	0.425924	0.147852	0.440924	0.153921	0.456602	0.161081	0.472986	0.169487	0.490105	0.179313	0.507987	0.190755	0.526667	0.204035	0.546173	0.219400	0.566539
996.415280	0.123092	0.289877	0.123122	0.298626	0.123302	0.307781	0.123663	0.317361	0.124239	0.327387	0.125071	0.337874	0.126202	0.348847	0.127685	0.360324	0.129577	0.372329	0.131943	0.384883	0.134858	0.398011	0.138404	0.411737	0.142679	0.426087	0.147786	0.441087	0.153850	0.456764	0.161005	0.473146	0.169406	0.490263	0.179227	0.508144	0.190664	0.526820	0.203938	0.546324	0.219298	0.566687
996.767090	0.123085	0.290030	0.123110	0.298781	0.123287	0.307937	0.123644	0.317519	0.124216	0.327546	0.125043	0.338035	0.126170	0.349008	0.127649	0.360487	0.129536	0.372491	0.131897	0.385046	0.134808	0.398175	0.138349	0.411901	0.142618	0.426250	0.147721	0.441249	0.153779	0.456925	0.160929	0.473306	0.169325	0.490421	0.179140	0.508300	0.190572	0.526974	0.203841	0.546474	0.219196	0.566834
997.118770	0.123078	0.290184	0.123099	0.298935	0.123272	0.308094	0.123624	0.317677	0.124192	0.327705	0.125016	0.338195	0.126138	0.349169	0.127613	0.360649	0.129495	0.372654	0.131852	0.385209	0.134757	0.398338	0.138293	0.412064	0.142558	0.426413	0.147655	0.441412	0.153708	0.457086	0.160852	0.473466	0.169244	0.490579	0.179054	0.508456	0.190480	0.527128	0.203744	0.546625	0.219095	0.566980
997.470400	0.123070	0.290337	0.123088	0.299090	0.123257	0.308250	0.123605	0.317835	0.124169	0.327863	0.124988	0.338355	0.126106	0.349330	0.127576	0.360810	0.129454	0.372816	0.131806	0.385371	0.134706	0.398500	0.138238	0.412226	0.142497	0.426575	0.147590	0.441573	0.153637	0.457247	0.160776	0.473625	0.169162	0.490737	0.178967	0.508612	0.190388	0.527281	0.203648	0.546774	0.218993	0.567127
997.821900	0.123063	0.290490	0.123077	0.299245	0.123242	0.308406	0.123586	0.317992	0.124146	0.328022	0.124960	0.338514	0.126074	0.349491	0.127540	0.360971	0.129413	0.372978	0.131760	0.385534	0.134656	0.398663	0.138182	0.412389	0.142437	0.426737	0.147524	0.441734	0.153567	0.457408	0.160700	0.473784	0.169081	0.490894	0.178881	0.508767	0.190296	0.527434	0.203551	0.546924	0.218891	0.567273
998.173280	0.123055	0.290642	0.123066	0.299399	0.123227	0.308562	0.123567	0.318149	0.124123	0.328180	0.124932	0.338673	0.126042	0.349651	0.127503	0.361132	0.129372	0.373140	0.131714	0.385696	0.134605	0.398825	0.138127	0.412551	0.142376	0.426899	0.147459	0.441895	0.153496	0.457568	0.160625	0.473943	0.169000	0.491051	0.178794	0.508922	0.190205	0.527586	0.203454	0.547074	0.218790	0.567419
998.524600	0.123048	0.290795	0.123055	0.299553	0.123211	0.308717	0.123548	0.318306	0.124099	0.328338	0.124905	0.338833	0.126010	0.349811	0.127466	0.361293	0.129331	0.373301	0.131669	0.385858	0.134554	0.398987	0.138072	0.412713	0.142316	0.427060	0.147393	0.442056	0.153426	0.457728	0.160549	0.474102	0.168919	0.491208	0.178708	0.509077	0.190114	0.527738	0.203358	0.547223	0.218689	0.567565
998.875730	0.123041	0.290947	0.123044	0.299707	0.123196	0.308872	0.123529	0.318463	0.124076	0.328496	0.124878	0.338992	0.125978	0.349970	0.127430	0.361454	0.129290	0.373462	0.131623	0.386020	0.134504	0.399149	0.138017	0.412875	0.142255	0.427222	0.147328	0.442217	0.153355	0.457887	0.160473	0.474261	0.168838	0.491365	0.178622	0.509232	0.190022	0.527890	0.203261	0.547372	0.218588	0.567710
999.226810	0.123033	0.291099	0.123033	0.299860	0.123181	0.309027	0.123510	0.318619	0.124053	0.328654	0.124850	0.339150	0.125947	0.350130	0.127394	0.361614	0.129249	0.373623	0.131578	0.386181	0.134453	0.399310	0.137961	0.413036	0.142195	0.427383	0.147263	0.442378	0.153284	0.458047	0.160397	0.474419	0.168757	0.491522	0.178535	0.509387	0.189931	0.528042	0.203165	0.547521	0.218487	0.567856
999.577820	0.123026	0.291251	0.123022	0.300014	0.123166	0.309182	0.123490	0.318775	0.124029	0.328811	0.124823	0.339309	0.125915	0.350289	0.127357	0.361774	0.129208	0.373784	0.131532	0.386342	0.134403	0.399471	0.137906	0.413197	0.142135	0.427544	0.147197	0.442538	0.153214	0.458206	0.160322	0.474577	0.168676	0.491678	0.178449	0.509541	0.189840	0.528194	0.203069	0.547669	0.218386	0.568001
999.928710	0.123018	0.291402	0.123010	0.300167	0.123151	0.309337	0.123471	0.318931	0.124006	0.328968	0.124796	0.339467	0.125883	0.350449	0.127321	0.361934	0.129167	0.373944	0.131486	0.386503	0.134352	0.399632	0.137850	0.413358	0.142074	0.427704	0.147131	0.442698	0.153143	0.458366	0.160246	0.474735	0.168595	0.491834	0.178363	0.509695	0.189749	0.528345	0.202973	0.547818	0.218285	0.568146
