400.248140	36.433494	220.911195	36.320152	223.556212	36.234633	226.313000	36.179422	229.179946	36.156791	232.154760	36.168766	235.234441	36.217016	238.415398	36.302793	241.693496	36.426862	245.064266	36.589430	248.522968	36.790118	252.064806	37.027900	255.685141	37.301107	259.379559	37.607426	263.144109	37.943919	266.975318	38.307068	-89.129674	38.692845	-85.173070	39.096794	-81.156511	39.514120	-77.081080	39.939814	-72.947443	40.368787	-68.755979
400.746060	36.442066	221.036639	36.331763	223.683032	36.249526	226.440640	36.197817	229.307807	36.178896	232.282172	36.194754	235.360722	36.247025	238.539817	36.336919	241.815324	36.465160	245.182782	36.631903	248.637457	36.836709	252.174638	37.078502	255.789715	37.355550	259.478360	37.665480	263.236710	38.005291	267.061430	38.371412	-89.050259	38.759756	-85.100436	39.165807	-81.090624	39.584721	-77.021807	40.011443	-72.894552	40.440833	-68.709158
401.243900	36.451354	221.160698	36.344115	223.808373	36.265181	226.566708	36.216995	229.433995	36.201799	232.407819	36.221552	235.485144	36.277853	238.662288	36.371872	241.935123	36.504287	245.299191	36.675204	248.749784	36.884125	252.282245	37.129923	255.892025	37.410802	259.574874	37.724332	263.327025	38.067450	267.145258	38.436528	-88.973102	38.827420	-85.030016	39.235558	-81.026894	39.656042	-76.964614	40.083771	-72.843654	40.513559	-68.664229
401.741610	36.461387	221.283303	36.357236	223.932163	36.281627	226.691128	36.236986	229.558430	36.225530	232.531616	36.249190	235.607620	36.309531	238.782721	36.407682	242.052800	36.544274	245.413396	36.719362	248.859850	36.932397	252.387526	37.182192	255.991968	37.466891	259.668999	37.784009	263.414953	38.130421	267.226700	38.502440	-88.898301	38.895863	-84.961904	39.306071	-80.965413	39.728106	-76.909592	40.156820	-72.794837	40.586984	-68.621271
402.239230	36.472028	221.404633	36.370987	224.054598	36.298723	226.814109	36.257643	229.681343	36.249944	232.653810	36.277523	235.728409	36.341915	238.901395	36.444204	242.168647	36.584978	245.525709	36.764239	248.967966	36.981386	252.490822	37.235173	256.089892	37.523689	259.761093	37.844386	263.500844	38.194084	267.306121	38.569035	-88.825487	38.964979	-84.895737	39.377242	-80.905816	39.800816	-76.856383	40.230502	-72.747744	40.661025	-68.579943
402.736760	36.483326	221.524590	36.385419	224.175571	36.316522	226.935539	36.279022	229.802613	36.275095	232.774275	36.306607	235.847378	36.375060	239.018171	36.481497	242.282522	36.626457	245.635978	36.809894	249.073976	37.031150	252.591974	37.288925	256.185639	37.581253	259.850994	37.905520	263.584535	38.258496	267.383359	38.636368	-88.754820	39.034821	-84.831667	39.449127	-80.848252	39.874226	-76.805132	40.304868	-72.702513	40.735733	-68.540375
403.234160	36.495218	221.643318	36.400466	224.295238	36.334955	227.055578	36.301052	229.922418	36.300913	232.893194	36.336371	235.964723	36.408895	239.133244	36.519486	242.394624	36.668637	245.744418	36.856251	249.178109	37.081617	252.691209	37.343378	256.279445	37.639514	259.938935	37.967347	263.666267	38.323592	267.458662	38.704377	-88.686066	39.105331	-84.769466	39.521669	-80.792496	39.948282	-76.755618	40.379869	-72.658937	40.811061	-68.502368
403.731480	36.507779	221.760682	36.416207	224.413452	36.354102	227.174073	36.323817	230.040594	36.327482	233.010391	36.366903	236.080258	36.443510	239.246419	36.558264	242.504749	36.711611	245.850816	36.903404	249.280144	37.132882	252.788304	37.398628	256.371084	37.698566	260.024685	38.029959	263.745809	38.389466	267.531799	38.773155	-88.619454	39.176599	-84.709358	39.594960	-80.738766	40.023074	-76.708049	40.455593	-72.617215	40.887096	-68.466110
404.228670	36.520889	221.876885	36.432516	224.530428	36.373838	227.291256	36.347188	230.157378	36.354671	233.126126	36.398068	236.194259	36.478767	239.357998	36.597691	242.613215	36.755240	245.955505	36.951216	249.380421	37.184806	252.883601	37.454537	256.460905	37.758274	260.108612	38.093226	263.823538	38.455989	267.603125	38.842576	-88.554617	39.248505	-84.650980	39.668881	-80.686710	40.098487	-76.662082	40.531926	-72.577015	40.963729	-68.431282
404.725770	36.534647	221.991739	36.449495	224.645965	36.394267	227.406914	36.371273	230.272543	36.382592	233.240161	36.429978	236.306474	36.514781	239.467717	36.637887	242.719749	36.799643	246.058200	36.999806	249.478649	37.237511	252.976800	37.511227	256.548605	37.818760	260.190410	38.157267	263.899147	38.523280	267.672331	38.912760	-88.491854	39.321167	-84.594626	39.743549	-80.636614	40.174638	-76.617990	40.608984	-72.538597	41.041073	-68.398127
405.222780	36.548945	222.105467	36.467037	224.760308	36.415275	227.521304	36.395954	230.386368	36.411123	233.352775	36.462511	236.417206	36.551428	239.575883	36.678722	242.824672	36.844692	246.159231	37.049046	249.575173	37.290867	253.068262	37.568567	256.634541	37.879895	260.270440	38.221955	263.972988	38.591214	267.739799	38.983581	-88.430803	39.394461	-84.539941	39.818842	-80.588130	40.251406	-76.575444	40.686650	-72.501644	41.119015	-68.366350
405.719670	36.563910	222.217809	36.485270	224.873180	36.436995	227.634131	36.421366	230.498543	36.440404	233.463638	36.495809	236.526113	36.588852	239.682136	36.720343	242.927612	36.890534	246.258213	37.099085	249.669598	37.345023	253.157584	37.626707	256.718306	37.941830	260.348291	38.287436	264.044652	38.659939	267.805125	39.055187	-88.371861	39.468531	-84.487311	39.894902	-80.541630	40.328932	-76.534801	40.765064	-72.466494	41.197693	-68.336269
406.216430	36.579468	222.328959	36.504113	224.984778	36.459343	227.745607	36.447420	230.609289	36.470339	233.573006	36.529770	236.633439	36.626947	239.786747	36.762639	243.028847	36.937054	246.355436	37.149802	249.762222	37.399853	253.245074	37.685517	256.800213	38.004430	260.424272	38.353576	264.114448	38.729314	267.868598	39.127436	-88.314736	39.543235	-84.436452	39.971586	-80.496843	40.407070	-76.495800	40.844079	-72.432905	41.276957	-68.307658
406.713130	36.595797	222.438590	36.523752	225.094750	36.482509	227.855359	36.474310	230.718207	36.501127	233.680462	36.564595	236.738743	36.665919	239.889253	36.805819	243.127897	36.984461	246.450401	37.201405	249.852534	37.455569	253.330209	37.745208	256.879733	38.067905	260.497849	38.420582	264.181841	38.799548	267.929685	39.200534	-88.259951	39.618775	-84.387874	40.049096	-80.454264	40.486019	-76.458916	40.923888	-72.401331	41.356998	-68.280946
407.209720	36.612554	222.547249	36.543835	225.203695	36.506134	227.964025	36.501676	230.825981	36.532404	233.786710	36.599922	236.842794	36.705401	239.990454	36.849518	243.225595	37.032394	246.543976	37.253541	249.941418	37.511822	253.413898	37.805440	256.957800	38.131923	260.569964	38.488135	264.247792	38.870329	267.989357	39.274180	-88.206554	39.694864	-84.340638	40.127153	-80.412972	40.565515	-76.423254	41.004240	-72.370906	41.437577	-68.255299
407.706180	36.629896	222.654585	36.564526	225.311243	36.530391	228.071209	36.529691	230.932195	36.564350	233.891311	36.635935	236.945137	36.745582	240.089873	36.893928	243.321446	37.081049	246.635654	37.306405	250.028352	37.568814	253.495614	37.866416	257.033887	38.196687	260.640082	38.556439	264.311774	38.941861	268.047096	39.348578	-88.155053	39.771706	-84.295235	40.205963	-80.373440	40.645761	-76.389260	41.085339	-72.342051	41.518897	-68.231107
408.202550	36.647717	222.760899	36.585712	225.417705	36.555157	228.177246	36.558231	231.037197	36.596830	233.994638	36.672493	237.046145	36.786317	240.187902	36.938899	243.415862	37.130267	246.725856	37.359837	250.113782	37.626373	253.575797	37.927961	257.108428	38.262020	260.708667	38.625310	264.374217	39.013959	268.103317	39.423539	-88.105032	39.849108	-84.251270	40.285328	-80.335289	40.726558	-76.356582	41.166982	-72.314435	41.600752	-68.208073
408.698820	36.666231	222.865740	36.607619	225.522599	36.580665	228.281625	36.587530	231.140448	36.630088	234.096124	36.709843	237.145224	36.827856	240.283921	36.984684	243.508201	37.180306	246.813924	37.414096	250.197034	37.684758	253.653763	37.990334	257.180730	38.328183	260.775032	38.695007	264.434433	39.086882	268.157339	39.499320	-88.057155	39.927324	-84.209386	40.365504	-80.299138	40.808159	-76.325811	41.249422	-72.288613	41.683391	-68.186719
409.194980	36.685179	222.969639	36.629975	225.626494	36.606637	228.384945	36.617308	231.242581	36.663836	234.196440	36.747692	237.243078	36.869902	240.378669	37.030983	243.599225	37.230867	246.900636	37.468879	250.278905	37.743673	253.730332	38.053238	257.251623	38.394877	260.839978	38.765237	264.493256	39.160339	268.209987	39.575636	-88.010623	40.006074	-84.168804	40.446213	-80.264233	40.890289	-76.296224	41.332387	-72.263905	41.766550	-68.166397
409.691040	36.704801	223.072096	36.653027	225.728861	36.633328	228.486646	36.647828	231.343003	36.698344	234.294961	36.786318	237.339056	36.912739	240.471468	37.078083	243.688232	37.282239	246.985268	37.524480	250.358655	37.803414	253.804753	38.116971	257.320353	38.462402	260.902742	38.836301	264.549935	39.234632	268.260519	39.652788	-87.966161	40.085662	-84.130223	40.527754	-80.231246	40.973251	-76.268459	41.416175	-72.240913	41.850526	-68.147667
410.186980	36.724822	223.173668	36.676493	225.830284	36.660446	228.587349	36.678786	231.442379	36.733302	234.392386	36.825403	237.433887	36.956044	240.563078	37.125658	243.776008	37.334093	247.068641	37.580567	250.437121	37.863644	253.877873	38.181198	257.387770	38.530424	260.964207	38.907864	264.605316	39.309424	268.309784	39.730441	-87.922931	40.165751	-84.092831	40.609799	-80.199397	41.056713	-76.241770	41.500463	-72.218925	41.934996	-68.129868
410.682830	36.745506	223.273797	36.700646	225.930171	36.688277	228.686427	36.710476	231.540049	36.769010	234.488021	36.865255	237.526844	37.000131	240.652744	37.174030	243.861769	37.386753	247.149954	37.637471	250.513486	37.924697	253.948858	38.246253	257.453034	38.599282	261.023540	38.980265	264.658566	39.385058	268.356966	39.808939	-87.881727	40.246687	-84.057396	40.692690	-80.169421	41.141022	-76.216851	41.585595	-72.198592	42.020301	-68.113600
411.178590	36.766648	223.372990	36.725272	226.029065	36.716593	228.784454	36.742664	231.636609	36.805226	234.582486	36.905623	237.618582	37.044741	240.741139	37.222928	243.946223	37.439942	247.229919	37.694908	250.588471	37.986283	254.018445	38.311841	257.516892	38.668672	261.081462	39.053199	264.710422	39.461222	268.402766	39.887965	-87.841874	40.328150	-84.023271	40.776105	-80.140704	41.225849	-76.193133	41.671239	-72.179392	42.106114	-68.098391
411.674220	36.788607	223.470526	36.750742	226.126200	36.745773	228.880621	36.775736	231.731204	36.842343	234.674880	36.946908	237.708163	37.090280	240.827286	37.272762	244.028362	37.494074	247.307497	37.753292	250.661012	38.048819	254.085556	38.378382	257.578256	38.739013	261.136882	39.127081	264.759806	39.538331	268.446115	39.967933	-87.804419	40.410551	-83.991474	40.860452	-80.114223	41.311601	-76.171546	41.757800	-72.162206	42.192832	-68.085058
412.169770	36.810902	223.567293	36.776561	226.222522	36.775315	228.975926	36.809180	231.824892	36.879844	234.766329	36.988585	237.796757	37.136219	240.912414	37.323005	244.109446	37.548621	247.384001	37.812095	250.732462	38.111780	254.151564	38.445352	257.638517	38.809787	261.191204	39.201401	264.808105	39.615884	268.488406	40.048346	-87.767991	40.493400	-83.960661	40.945250	-80.088679	41.397806	-76.150838	41.844814	-72.145834	42.280001	-68.072472
412.665190	36.833845	223.662588	36.803051	226.317288	36.805551	229.069581	36.843342	231.916846	36.918080	234.855970	37.031017	237.883464	37.182927	240.995592	37.374034	244.188510	37.603966	247.458447	37.871706	250.801821	38.175559	254.215457	38.513150	257.696665	38.881396	261.243425	39.276565	264.854324	39.694289	268.528668	40.129619	-87.733531	40.577112	-83.931735	41.030916	-80.064931	41.484884	-76.131819	41.932701	-72.131025	42.368039	-68.061318
413.160520	36.857117	223.757149	36.829882	226.411275	36.836141	229.162418	36.877866	232.007938	36.956690	234.944705	37.073830	237.969230	37.230025	241.077794	37.425460	244.266574	37.659715	247.531866	37.931726	250.870135	38.239753	254.278295	38.581366	257.753759	38.953429	261.294594	39.352158	264.899506	39.773126	268.567919	40.211328	-87.700053	40.661264	-83.903752	41.117025	-80.042078	41.572405	-76.113639	42.021031	-72.116996	42.456519	-68.050877
413.655730	36.881080	223.850189	36.857429	226.503651	36.867471	229.253562	36.913155	232.097245	36.996085	235.031564	37.117447	238.053045	37.277943	241.157974	37.477719	244.342560	37.716311	247.603152	37.992609	250.936283	38.304821	254.338942	38.650465	257.808663	39.026357	261.343574	39.428654	264.942531	39.852873	268.605066	40.293958	-87.668615	40.746344	-83.877731	41.204068	-80.021086	41.660863	-76.097208	42.110298	-72.104593	42.545933	-68.041923
414.150880	36.905374	223.942507	36.885318	226.595261	36.899155	229.343894	36.948805	232.185702	37.035849	235.117536	37.161442	238.135933	37.326245	241.237193	37.530368	244.417557	37.773301	247.673426	38.053889	251.001401	38.370289	254.398555	38.719967	257.862524	39.099692	261.391521	39.505558	264.984539	39.933032	268.641213	40.377000	-87.638144	40.831839	-83.852640	41.291527	-80.000978	41.749737	-76.081608	42.199980	-72.092961	42.635759	-68.033677
414.645870	36.930424	224.033173	36.913990	226.685118	36.931642	229.432369	36.985280	232.272213	37.076456	235.201480	37.206295	238.216704	37.375421	241.314218	37.583901	244.490291	37.831185	247.741387	38.116070	251.064166	38.436668	254.455806	38.790387	257.914005	39.173948	261.437111	39.583389	265.024222	40.014124	268.675080	40.460980	-87.609881	40.918275	-83.829667	41.379930	-79.982885	41.839557	-76.067903	42.290606	-72.083089	42.726523	-68.027045
415.140780	36.955809	224.123135	36.943007	226.774229	36.964484	229.520059	37.022118	232.357894	37.117434	235.284555	37.251526	238.296571	37.424980	241.390305	37.637823	244.562061	37.889462	247.808358	38.178648	251.125926	38.503446	254.512038	38.861208	257.964464	39.248608	261.481683	39.661627	265.062897	40.095624	268.707958	40.545368	-87.582580	41.005122	-83.807621	41.468744	-79.965675	41.929787	-76.055033	42.381642	-72.073998	42.817694	-68.021131
415.635590	36.982042	224.211343	36.972900	226.861479	36.998226	229.605791	37.059879	232.441505	37.159357	235.365463	37.297716	238.374179	37.475514	241.464047	37.692733	244.631417	37.948738	247.872852	38.242236	251.185173	38.571239	254.565720	38.933054	258.012362	39.324297	261.523708	39.740902	265.099048	40.178165	268.738356	40.630803	-87.557690	41.093020	-83.787900	41.558611	-79.950684	42.021069	-76.044259	42.473728	-72.066867	42.909908	-68.017020
416.130310	37.008527	224.298973	37.003053	226.948118	37.032237	229.690878	37.097917	232.524443	37.201564	235.445664	37.344200	238.451056	37.526346	241.537037	37.747949	244.700001	38.008325	247.936558	38.306140	251.243621	38.639353	254.618597	39.005226	258.059461	39.400317	261.564941	39.820513	265.134420	40.261047	268.768000	40.716583	-87.533528	41.181267	-83.768872	41.648831	-79.936347	42.112709	-76.034092	42.566173	-72.060291	43.002482	-68.013409
416.624910	37.035720	224.385009	37.033941	227.033075	37.067012	229.774182	37.136743	232.605520	37.244581	235.523912	37.391514	238.525907	37.578028	241.607941	37.804030	244.766444	38.068798	247.998082	38.370944	251.299854	38.708384	254.669238	39.078328	258.104335	39.477286	261.603974	39.901083	265.167627	40.344905	268.795546	40.803352	-87.511393	41.270516	-83.751778	41.740065	-79.923834	42.205373	-76.025621	42.659646	-72.055265	43.096086	-68.011198
417.119380	37.063143	224.470512	37.065066	227.117469	37.102032	229.856895	37.175821	232.685975	37.287856	235.601515	37.439093	238.600090	37.629982	241.678153	37.860390	244.832178	38.129552	248.058882	38.436036	251.355356	38.777707	254.719147	39.151727	258.148480	39.554556	261.642282	39.981960	265.200125	40.429075	268.822405	40.890439	-87.489918	41.360086	-83.735312	41.831623	-79.911910	42.298364	-76.017695	42.753449	-72.050737	43.190019	-68.009435
417.613800	37.091306	224.554404	37.096962	227.200153	37.137846	229.937815	37.215721	232.764534	37.331977	235.677154	37.487542	238.672228	37.682827	241.746239	37.917662	244.895731	38.191238	248.117455	38.502076	251.408603	38.847999	254.766796	39.226113	258.190366	39.632829	261.678344	40.063859	265.230423	40.514283	268.847120	40.978582	-87.470503	41.450728	-83.720805	41.924267	-79.901827	42.392450	-76.011478	42.848354	-72.047772	43.285056	-68.009077
418.108060	37.119705	224.637755	37.129101	227.282269	37.173910	230.018132	37.255875	232.842466	37.376357	235.752135	37.536255	238.743684	37.735940	241.813625	37.975205	244.958565	38.253197	248.175297	38.568392	251.461107	38.918568	254.813701	39.300779	258.231509	39.711384	261.713668	40.146041	265.259999	40.599777	268.871131	41.067012	-87.451769	41.541659	-83.706949	42.017201	-79.892360	42.486828	-76.005836	42.943550	-72.045337	43.380384	-68.009199
418.602260	37.148979	224.719257	37.162143	227.362436	37.210904	230.096384	37.296983	232.918245	37.421712	235.824845	37.585959	238.812774	37.790061	241.878574	38.033771	245.018892	38.316193	248.230587	38.635760	251.511013	38.990198	254.857997	39.376517	258.270043	39.791023	261.746396	40.229320	265.287025	40.686376	268.892652	41.156558	-87.435447	41.633714	-83.695403	42.111272	-79.885083	42.582347	-76.002244	43.039889	-72.044794	43.476849	-68.011039
419.096340	37.178433	224.800333	37.195372	227.442152	37.248091	230.174163	37.338289	232.993528	37.467271	235.897041	37.635872	238.881333	37.844396	241.942978	38.092556	245.078659	38.379413	248.285308	38.703356	251.560347	39.062061	254.901715	39.452492	258.308003	39.870902	261.778563	40.312844	265.313502	40.773225	268.913639	41.246357	-87.419634	41.726027	-83.684340	42.205603	-79.878257	42.678129	-75.999065	43.136494	-72.044625	43.573581	-68.013211
419.590300	37.208656	224.879716	37.229397	227.520064	37.286103	230.250048	37.380447	233.066819	37.513708	235.967175	37.686688	238.947759	37.899657	242.005175	38.152289	245.136160	38.443600	248.337722	38.771939	251.607356	39.134933	254.943087	39.529498	258.343624	39.951831	261.808440	40.397438	265.337726	40.861165	268.932437	41.337270	-87.405912	41.819474	-83.675258	42.301081	-79.873282	42.775073	-75.997595	43.234271	-72.046001	43.671490	-68.016753
420.084200	37.239067	224.958694	37.263617	227.597549	37.324315	230.325484	37.422810	233.139640	37.560354	236.036816	37.737718	239.013671	37.955136	242.066843	38.212242	245.193120	38.508012	248.389582	38.840749	251.653805	39.208035	254.983895	39.606738	258.378683	40.032997	261.837756	40.482271	265.361401	40.949348	268.950701	41.428427	-87.392707	41.913168	-83.666670	42.396809	-79.868774	42.872269	-75.996560	43.332301	-72.047777	43.769651	-68.020657
420.577940	37.270406	225.035728	37.298794	227.672978	37.363512	230.398758	37.466184	233.210187	37.608036	236.104078	37.789804	239.077106	38.011689	242.125954	38.273287	245.247462	38.573534	248.438763	38.910685	251.697539	39.282277	255.021972	39.685129	258.411019	40.115335	261.864351	40.568289	265.382405	41.038734	268.966372	41.520800	-87.382013	42.008091	-83.660481	42.493779	-79.866537	42.970716	-75.997642	43.431586	-72.051499	43.869066	-68.026318
421.071620	37.301890	225.112431	37.334123	227.748060	37.402863	230.471667	37.509718	233.280351	37.655881	236.170942	37.842056	239.140130	38.068412	242.184640	38.334504	245.301368	38.639230	248.487503	38.980798	251.740826	39.356700	255.059602	39.763704	258.442909	40.197858	261.890508	40.654496	265.402983	41.128312	268.981627	41.613368	-87.371716	42.103212	-83.654669	42.590950	-79.864651	43.069366	-75.999047	43.531075	-72.055514	43.968685	-68.032241
421.565160	37.334247	225.187220	37.370353	227.821124	37.443144	230.542449	37.554206	233.348287	37.704701	236.235488	37.895308	239.200761	38.126156	242.240850	38.396762	245.352728	38.705983	248.533667	39.051989	251.781501	39.432219	255.094620	39.843396	258.472189	40.281512	261.914094	40.741856	265.421057	41.219058	268.994444	41.707124	-87.363756	42.199540	-83.651076	42.689344	-79.864839	43.169251	-76.002364	43.631807	-72.061264	44.069549	-68.039704
422.058620	37.366709	225.261758	37.406693	227.893924	37.483538	230.612955	37.598811	233.415935	37.753641	236.299736	37.948683	239.261082	38.184026	242.296745	38.459148	245.403767	38.772869	248.579504	39.123315	251.821846	39.507877	255.129309	39.923229	258.501143	40.365312	261.937363	40.829364	265.438818	41.309956	269.006962	41.801037	-87.356080	42.296028	-83.647749	42.787900	-79.865272	43.269301	-76.005904	43.732706	-72.067211	44.170582	-68.047338
422.551970	37.399982	225.334515	37.443875	227.964837	37.524807	230.681482	37.644321	233.481518	37.803518	236.361826	38.003021	239.319159	38.242887	242.350351	38.522556	245.452473	38.840805	248.622955	39.195714	251.859795	39.584635	255.161597	40.004192	258.527717	40.450272	261.958306	40.918061	265.454281	41.402074	269.017276	41.896199	-87.350502	42.393791	-83.646386	42.887756	-79.867524	43.370674	-76.011099	43.834943	-72.074626	44.272959	-68.056244
423.045230	37.433352	225.407050	37.481157	228.035516	37.566179	230.749761	37.689934	233.546843	37.853500	236.423649	38.057467	239.376960	38.301857	242.403672	38.586074	245.500886	38.908853	248.666111	39.268227	251.897444	39.661509	255.193585	40.085271	258.553993	40.535350	261.978954	41.006878	265.469458	41.494312	269.027311	41.991484	-87.345191	42.491679	-83.645278	42.987738	-79.870013	43.472173	-76.016513	43.937307	-72.082242	44.375465	-68.065328
423.538360	37.467730	225.477487	37.519477	228.103982	37.608619	230.815699	37.736645	233.609711	37.904607	236.482912	38.113063	239.432108	38.361999	242.454244	38.650784	245.546485	38.978113	248.706413	39.341976	251.932193	39.739638	255.222660	40.167627	258.577364	40.621727	261.996712	41.097015	265.481828	41.587891	269.034610	42.088130	-87.342520	42.590949	-83.646689	43.089122	-79.874870	43.575087	-76.024117	44.041096	-72.091854	44.479398	-68.076193
424.031400	37.502161	225.547782	37.557853	228.172298	37.651117	230.881480	37.783414	233.672417	37.955773	236.542007	38.168718	239.487084	38.422203	242.504641	38.715556	245.591905	39.047436	248.746534	39.415789	251.966761	39.817833	255.251555	40.250050	258.600560	40.708171	262.014298	41.187222	265.494031	41.681542	269.041750	42.184848	-87.339999	42.690294	-83.648240	43.190582	-79.879855	43.678078	-76.031836	44.144962	-72.101567	44.583409	-68.087144
424.524320	37.537462	225.616143	37.597134	228.238576	37.694549	230.945126	37.831146	233.732896	38.007931	236.598779	38.225394	239.539674	38.483455	242.552582	38.781403	245.634807	39.117862	248.784095	39.490732	251.998772	39.897186	255.277888	40.333658	258.621228	40.795830	262.029401	41.278674	265.503809	41.776471	269.046563	42.282874	-87.339679	42.790974	-83.651846	43.293403	-79.886734	43.782454	-76.041264	44.250231	-72.112782	44.688829	-68.099374
425.017150	37.572794	225.684417	37.636445	228.304762	37.738012	231.008676	37.878910	233.793276	38.060122	236.655448	38.282101	239.592158	38.544739	242.600416	38.847284	245.677600	39.188321	248.821548	39.565707	252.030673	39.976572	255.304112	40.417299	258.641789	40.883524	262.044399	41.370161	265.513486	41.871435	269.051279	42.380936	-87.339452	42.891691	-83.655540	43.396261	-79.893692	43.886867	-76.050764	44.355537	-72.124061	44.794287	-68.111660
425.509890	37.609135	225.750580	37.676799	228.368715	37.782552	231.069886	37.927787	233.851191	38.113453	236.709567	38.339980	239.641976	38.607221	242.645513	38.914391	245.717599	39.260032	248.856163	39.641963	252.059695	40.057267	255.327457	40.502280	258.659473	40.972586	262.056565	41.463046	265.520403	41.967827	269.053325	42.480458	-87.341783	42.993897	-83.661652	43.500634	-79.902899	43.992815	-76.062320	44.462394	-72.137180	44.901303	-68.125557
426.002500	37.645473	225.816716	37.717148	228.432640	37.827087	231.131066	37.976656	233.909079	38.166776	236.763658	38.397849	239.691767	38.669692	242.690584	38.981487	245.757574	39.331730	248.890755	39.718206	252.088695	40.137947	255.350781	40.587245	258.677138	41.061631	262.068712	41.555914	265.527304	42.064202	269.055356	42.579962	-87.344126	43.096084	-83.667775	43.604988	-79.912114	44.098744	-76.073883	44.569230	-72.150306	45.008299	-68.139459
426.495030	37.682824	225.880710	37.758551	228.494304	37.872707	231.189859	38.026641	233.964476	38.221248	236.815154	38.456897	239.738882	38.733374	242.732896	39.049821	245.794730	39.404699	248.922470	39.795748	252.114810	40.219957	255.371208	40.673569	258.691928	41.152068	262.078046	41.650208	265.531453	42.162036	269.054724	42.680957	-87.349007	43.199795	-83.676283	43.710895	-79.923541	44.206252	-76.087456	44.677661	-72.165217	45.116899	-68.154904
426.987430	37.720166	225.944687	37.799942	228.555952	37.918315	231.248637	38.076612	234.019857	38.275706	236.866636	38.515930	239.785984	38.797039	242.775196	39.118137	245.831877	39.477649	248.954178	39.873269	252.140919	40.301946	255.391630	40.759871	258.706715	41.242481	262.087378	41.744476	265.535600	42.259844	269.054093	42.781926	-87.353887	43.303479	-83.684788	43.816774	-79.934965	44.313731	-76.101026	44.786063	-72.180123	45.225469	-68.170344
427.479740	37.758421	226.006704	37.842278	228.615531	37.964903	231.305251	38.127602	234.072981	38.331213	236.915751	38.576043	239.830646	38.861816	242.814992	39.187599	245.866469	39.551775	248.983316	39.952001	252.164433	40.385180	255.409485	40.847457	258.718951	41.334219	262.094204	41.840107	265.537316	42.359052	269.051149	42.884334	-87.360955	43.408639	-83.695330	43.924162	-79.948243	44.422748	-76.116247	44.896024	-72.196462	45.335611	-68.186967
427.971950	37.796693	226.068658	37.884629	228.675044	38.011508	231.361799	38.178608	234.126036	38.386736	236.964795	38.636172	239.875236	38.926610	242.854715	39.257077	245.900987	39.625917	249.012382	40.030748	252.187873	40.468431	255.427270	40.935060	258.731119	41.425973	262.100964	41.935753	265.538969	42.458277	269.048145	42.986759	-87.368078	43.513816	-83.705924	44.031568	-79.961567	44.531784	-76.131508	45.006004	-72.212835	45.445771	-68.203618
428.464050	37.835947	226.128517	37.928001	228.732350	38.059161	231.416024	38.230686	234.176664	38.443360	237.011336	38.697432	239.917231	38.992557	242.891767	39.327734	245.932778	39.701267	249.038665	40.110732	252.208526	40.552944	255.442247	41.023953	258.740521	41.519045	262.104989	42.032750	265.537972	42.558886	269.042578	43.090598	-87.377647	43.620436	-83.718810	44.140446	-79.977012	44.642313	-76.148688	45.117497	-72.230900	45.557449	-68.221728
428.956050	37.875254	226.188238	37.971425	228.789511	38.106868	231.470099	38.282819	234.227135	38.500041	237.057716	38.758748	239.959062	39.058561	242.928651	39.398449	245.964399	39.776677	249.064776	40.190776	252.229006	40.637518	255.457052	41.112907	258.749755	41.612179	262.108847	42.129811	265.536816	42.659559	269.036857	43.194503	-87.387361	43.727122	-83.731831	44.249393	-79.992582	44.752911	-76.165981	45.229059	-72.249064	45.669198	-68.239922
429.447940	37.915413	226.246148	38.015733	228.844765	38.155494	231.522167	38.335905	234.275518	38.557705	237.101926	38.821079	239.998656	39.125617	242.963237	39.470247	245.993676	39.853202	249.088529	40.271968	252.247102	40.723278	255.469488	41.203085	258.756650	41.706577	262.110422	42.228175	265.533446	42.761577	269.029005	43.299793	-87.399066	43.835234	-83.746695	44.359798	-80.009820	44.864998	-76.184747	45.342131	-72.268485	45.782473	-68.259133
429.939730	37.955648	226.303870	38.060119	228.899823	38.204202	231.574027	38.389076	234.323687	38.615455	237.145915	38.883498	240.038023	39.192764	242.997591	39.542139	246.022717	39.929823	249.112047	40.353258	252.264962	40.809138	255.481690	41.293368	258.763313	41.801082	262.111772	42.326650	265.529859	42.863709	269.020946	43.405200	-87.410964	43.943466	-83.761737	44.470326	-80.027218	44.977211	-76.203654	45.455331	-72.288026	45.895877	-68.278441
430.431400	37.996700	226.359840	38.105356	228.953037	38.253787	231.623967	38.443158	234.369836	38.674148	237.187807	38.946893	240.075233	39.260913	243.029751	39.615066	246.049519	40.007511	249.133288	40.435652	252.280540	40.896137	255.491624	41.384826	258.767737	41.896803	262.110951	42.426379	265.524166	42.967133	269.010900	43.511942	-87.424741	44.053070	-83.778509	44.582260	-80.046178	45.090860	-76.223925	45.569989	-72.308717	46.010748	-68.298663
430.922970	38.037858	226.415555	38.150704	229.005985	38.303487	231.673630	38.497359	234.415696	38.732964	237.229398	39.010413	240.112137	39.329191	243.061598	39.688125	246.076004	40.085335	249.154208	40.518187	252.295796	40.983281	255.501240	41.476433	258.771847	41.992678	262.109826	42.526267	265.518180	43.070720	269.000579	43.618852	-87.438779	44.162848	-83.795521	44.694373	-80.065354	45.204690	-76.244383	45.684831	-72.329565	46.125804	-68.319009
431.414460	38.079984	226.469257	38.197044	229.056799	38.354207	231.721046	38.552599	234.459221	38.792841	237.268555	39.075016	240.146505	39.398573	243.090836	39.762310	246.099829	40.164304	249.172424	40.601886	252.308331	41.071611	255.508123	41.569250	258.773237	42.089786	262.106007	42.627416	265.509565	43.175595	268.987705	43.727074	-87.455253	44.273964	-83.814839	44.807848	-80.086668	45.319903	-76.266799	45.801071	-72.352152	46.242266	-68.340869
431.905820	38.122279	226.522572	38.243557	229.107206	38.405104	231.768033	38.608019	234.502302	38.852902	237.307250	39.139804	240.180394	39.468145	243.119582	39.836685	246.123154	40.243467	249.190133	40.685782	252.320357	41.160140	255.514495	41.662270	258.774122	42.187101	262.101689	42.728775	265.500463	43.280684	268.974360	43.835515	-87.472175	44.385302	-83.834580	44.921550	-80.108374	45.435347	-76.289573	45.917544	-72.375058	46.358962	-68.363006
432.397090	38.165235	226.574466	38.290763	229.156124	38.456727	231.813466	38.664198	234.543751	38.913755	237.344272	39.205418	240.212575	39.538576	243.146571	39.911958	246.144694	40.323567	249.206064	40.770653	252.330599	41.249690	255.519110	41.756352	258.773286	42.285523	262.095711	42.831287	265.489775	43.386975	268.959538	43.945202	-87.490448	44.497931	-83.855523	45.036582	-80.131117	45.552154	-76.313191	46.035404	-72.398604	46.477060	-68.385556
432.888240	38.208339	226.626012	38.338123	229.204680	38.508511	231.858522	38.720546	234.584805	38.974783	237.380889	39.271214	240.244343	39.609197	243.173139	39.987428	246.165805	40.403873	249.221570	40.855738	252.340417	41.339462	255.523306	41.850667	258.772042	42.384188	262.089341	42.934052	265.478713	43.493530	268.944370	44.055164	-87.509038	44.610843	-83.876748	45.151905	-80.154102	45.669261	-76.337003	46.153570	-72.422298	46.595467	-68.408200
433.379300	38.252235	226.675882	38.386303	229.251468	38.561137	231.901717	38.777761	234.623930	39.036703	237.415497	39.337926	240.274034	39.680759	243.197583	40.063862	246.184760	40.485166	249.234867	40.941841	252.348034	41.430278	255.525303	41.946057	258.768622	42.483956	262.080841	43.037954	265.465593	43.601253	268.927236	44.166327	-87.529502	44.724990	-83.899709	45.268491	-80.178666	45.787655	-76.362213	46.273042	-72.447187	46.715191	-68.431818
433.870270	38.296359	226.725252	38.434717	229.297728	38.614006	231.944360	38.835224	234.662481	39.098878	237.449509	39.404900	240.303109	39.752588	243.221399	40.140570	246.203076	40.566740	249.247513	41.028233	252.355001	41.521389	255.526652	42.041751	258.764562	42.584037	262.071716	43.142177	265.451868	43.709307	268.909526	44.277830	-87.550516	44.839486	-83.923180	45.385436	-80.203691	45.906414	-76.387831	46.392883	-72.472426	46.835287	-68.455720
434.361110	38.341240	226.773016	38.483914	229.342302	38.667679	231.985238	38.893518	234.699194	39.161907	237.481605	39.472750	240.330209	39.825321	243.243186	40.218206	246.219317	40.649268	249.258073	41.115604	252.359862	41.613509	255.525906	42.138483	258.758431	42.685190	262.060555	43.247505	265.436164	43.818498	268.889903	44.390506	-87.573312	44.955186	-83.948309	45.503613	-80.230220	46.026431	-76.414778	46.514003	-72.498794	46.956671	-68.480536
434.851870	38.386389	226.820200	38.533388	229.386266	38.721639	232.025481	38.952107	234.735243	39.225238	237.513011	39.540911	240.356598	39.898372	243.264243	40.296170	246.234810	40.732133	249.267883	41.203321	252.363965	41.705985	255.524408	42.235581	258.751556	42.786722	262.048663	43.353222	265.419750	43.928091	268.869594	44.503596	-87.596747	45.071310	-83.974032	45.622226	-80.257287	46.146891	-76.442201	46.635573	-72.525565	47.078509	-68.505679
435.342500	38.432171	226.866034	38.583520	229.428808	38.776285	232.064234	39.011405	234.769736	39.289307	237.542816	39.609837	240.381339	39.972214	243.283617	40.374953	246.248596	40.815849	249.275976	41.291919	252.366343	41.799377	255.521197	42.333629	258.743001	42.889240	262.035134	43.459965	265.401782	44.038748	268.847828	44.617786	-87.621545	45.188572	-84.000984	45.742011	-80.285431	46.268550	-76.470525	46.758363	-72.553045	47.201579	-68.531324
435.833040	38.478222	226.911282	38.633934	229.470732	38.831223	232.102341	39.071007	234.803553	39.353690	237.571925	39.679089	240.405366	40.046393	243.302263	40.454085	246.261643	40.899926	249.283326	41.380892	252.367975	41.893159	255.517245	42.432082	258.733719	42.992178	262.020898	43.567143	265.383144	44.149858	268.825432	44.732444	-87.646931	45.306318	-84.028465	45.862294	-80.314039	46.390719	-76.499237	46.881672	-72.580829	47.325174	-68.557185
436.323490	38.524879	226.955232	38.684975	229.511290	38.886811	232.139024	39.131283	234.835893	39.418769	237.599499	39.749063	240.427819	40.121318	243.319301	40.533989	246.273063	40.984803	249.289026	41.470695	252.367967	41.987802	255.511665	42.531427	258.722840	43.096043	262.005134	43.675283	265.363029	44.261965	268.801639	44.848136	-87.673602	45.425131	-84.057107	45.983673	-80.343659	46.514014	-76.528794	47.006125	-72.609270	47.449922	-68.583498
436.813810	38.571839	226.998506	38.736331	229.551138	38.942723	232.174966	39.191895	234.867467	39.484196	237.626276	39.819396	240.449456	40.196615	243.335506	40.614279	246.283642	41.070078	249.293874	41.560911	252.367115	42.082872	255.505246	42.631216	258.711139	43.200368	261.988584	43.783900	265.342155	44.374569	268.777129	44.964342	-87.700933	45.544475	-84.086342	46.105598	-80.373795	46.637867	-76.558781	47.131148	-72.638045	47.575244	-68.610039
437.304050	38.619426	227.040460	38.788336	229.589596	38.999308	232.209450	39.253200	234.897517	39.550338	237.651485	39.890464	240.469465	40.272671	243.350043	40.695351	246.292521	41.156159	249.297010	41.651959	252.364541	42.178801	255.497120	42.731895	258.697751	43.305613	261.970367	43.893471	265.319680	44.488157	268.751092	45.081564	-87.729688	45.664867	-84.116882	46.228600	-80.405100	46.762821	-76.589776	47.257288	-72.667646	47.701695	-68.637209
437.794160	38.667388	227.081599	38.840728	229.627198	39.056294	232.243035	39.314918	234.926631	39.616905	237.675730	39.961970	240.488476	40.349178	243.363557	40.776887	246.300358	41.242721	249.299097	41.743501	252.360913	42.275239	255.487951	42.833101	258.683333	43.411406	261.951132	44.003606	265.296227	44.602329	268.724125	45.199390	-87.759310	45.785880	-84.148217	46.352240	-80.437116	46.888428	-76.621384	47.384091	-72.697746	47.828817	-68.664760
438.284180	38.715873	227.121603	38.893664	229.663613	39.113843	232.275384	39.377220	234.954460	39.684078	237.698644	40.034104	240.506130	40.426334	243.375684	40.859097	246.306789	41.329981	249.299769	41.835769	252.355873	42.372433	255.477379	42.935094	258.667546	43.518013	261.930583	44.114591	265.271521	44.717383	268.695983	45.318131	-87.790018	45.907840	-84.180522	46.476857	-80.469962	47.015035	-76.653665	47.511912	-72.728351	47.956964	-68.692626
438.774080	38.764731	227.160781	38.946987	229.699166	39.171793	232.306832	39.439938	234.981356	39.751681	237.720592	40.106685	240.522800	40.503951	243.386807	40.941786	246.312201	41.417737	249.299417	41.928553	252.349811	42.470163	255.465792	43.037643	258.650772	43.625200	261.909084	44.226178	265.245910	44.833064	268.666994	45.437522	-87.821507	46.030472	-84.213525	46.602167	-80.503406	47.142352	-76.686429	47.640456	-72.759318	48.085839	-68.720718
439.263890	38.814123	227.198832	39.000863	229.733528	39.230315	232.337035	39.503247	235.006954	39.819895	237.741194	40.179895	240.538077	40.582220	243.396511	41.025148	246.316171	41.506188	249.297604	42.022056	252.342288	42.568637	255.452758	43.140964	258.632567	43.733188	261.886188	44.338595	265.218944	44.949604	268.636729	45.557805	-87.854185	46.154025	-84.247608	46.728422	-80.537803	47.270637	-76.720000	47.769984	-72.790923	48.215710	-68.749268
439.753600	38.863969	227.235918	39.055209	229.766870	39.289325	232.366170	39.567060	235.031441	39.888630	237.760645	40.253640	240.552163	40.661043	243.405000	41.109082	246.318906	41.595229	249.294540	42.116171	252.333516	42.667743	255.438486	43.244940	258.613138	43.841857	261.862097	44.451718	265.190818	45.066875	268.605376	45.678844	-87.887878	46.278360	-84.282612	46.855481	-80.573013	47.399745	-76.754261	47.900348	-72.823073	48.346426	-68.778208
440.243190	38.914281	227.272000	39.110039	229.799161	39.348835	232.394203	39.631391	235.054783	39.957901	237.778915	40.327943	240.565035	40.740444	243.412247	41.193613	246.320382	41.684892	249.290209	42.210930	252.323473	42.767521	255.422956	43.349614	258.592476	43.951251	261.836810	44.565598	265.161563	45.184935	268.572946	45.800700	-87.922557	46.403539	-84.318500	46.983412	-80.608984	47.529746	-76.789143	48.031623	-72.855688	48.478061	-68.807443
440.732700	38.965069	227.307069	39.165362	229.830390	39.408856	232.421122	39.696255	235.076967	40.027723	237.795989	40.402817	240.576679	40.820436	243.418238	41.278756	246.320584	41.775192	249.284592	42.306351	252.312141	42.867988	255.406150	43.455005	258.570561	44.061390	261.810308	44.680254	265.131163	45.303802	268.539423	45.923394	-87.958238	46.529584	-84.355286	47.112237	-80.645729	47.660663	-76.824656	48.163830	-72.888777	48.610636	-68.836977
441.222080	39.016268	227.341226	39.221113	229.860665	39.469321	232.447049	39.761576	235.098122	40.098018	237.811999	40.478182	240.587233	40.900937	243.423115	41.364427	246.319657	41.866038	249.277845	42.402339	252.299682	42.969045	255.388223	43.561010	258.547554	44.172171	261.782757	44.795577	265.099748	45.423363	268.504961	46.046808	-87.994782	46.656377	-84.392837	47.241831	-80.683124	47.792369	-76.860686	48.296841	-72.922235	48.744021	-68.866721
441.711360	39.067966	227.374292	39.277385	229.889797	39.530326	232.471783	39.827454	235.118040	40.168891	237.826729	40.554144	240.596476	40.982056	243.426654	41.450743	246.317373	41.957552	249.269737	42.499021	252.285862	43.070824	255.368946	43.667768	258.523230	44.283736	261.753939	44.911715	265.067107	45.543774	268.469364	46.171105	-88.032369	46.784083	-84.431313	47.372365	-80.721304	47.925038	-76.897343	48.430834	-72.956141	48.878396	-68.896722
442.200560	39.120063	227.406502	39.334068	229.918030	39.591757	232.495576	39.893774	235.136980	40.240221	237.840444	40.630579	240.604677	41.063664	243.429127	41.537563	246.314005	42.049590	249.260535	42.596247	252.270950	43.173169	255.348589	43.775112	258.497839	44.395913	261.724073	45.028489	265.033475	45.664845	268.432830	46.296087	-88.070819	46.912499	-84.470563	47.503632	-80.760156	48.058459	-76.934550	48.565590	-72.990461	49.013542	-68.926985
442.689640	39.172732	227.437480	39.391343	229.944971	39.653801	232.518017	39.960728	235.154510	40.312206	237.852698	40.707692	240.611378	41.145973	243.430067	41.625109	246.309080	42.142380	249.249758	42.694254	252.254464	43.276324	255.326679	43.883300	258.470914	44.508966	261.692700	45.146177	264.998414	45.786865	268.394949	46.422055	-88.110509	47.041933	-84.510929	47.635950	-80.799974	48.192958	-76.972546	48.701442	-73.025375	49.149795	-68.957623
443.178620	39.225727	227.467751	39.448958	229.971170	39.716197	232.539687	40.028050	235.171240	40.384574	237.864129	40.785203	240.617234	41.228695	243.430144	41.713086	246.303280	42.235620	249.238107	42.792730	252.237105	43.379971	255.303903	43.992001	258.443148	44.622556	261.660526	45.264426	264.962587	45.909470	268.356357	46.548632	-88.150843	47.172001	-84.551854	47.768923	-80.840252	48.328129	-77.010891	48.837978	-73.060510	49.286738	-68.988344
443.667480	39.279294	227.496798	39.507169	229.996084	39.779215	232.560021	40.096018	235.186584	40.457613	237.874132	40.863413	240.621620	41.312146	243.428719	41.801822	246.295962	42.329652	249.224933	42.892034	252.218225	43.484482	255.279623	44.101606	258.413922	44.737090	261.626958	45.383661	264.925424	46.033106	268.316523	46.676281	-88.192299	47.303184	-84.593753	47.903045	-80.881335	48.464479	-77.049844	48.975718	-73.096031	49.424894	-69.019211
444.156250	39.333141	227.525234	39.565671	230.020355	39.842535	232.579685	40.164301	235.201234	40.530980	237.883423	40.941963	240.625275	41.395951	243.426551	41.890927	246.287895	42.424069	249.211007	42.991739	252.198600	43.589413	255.254607	44.211652	258.383977	44.852085	261.592701	45.503379	264.887615	46.157247	268.276087	46.804456	-88.234291	47.434912	-84.636115	48.037731	-80.922789	48.601408	-77.089066	49.114047	-73.131708	49.563644	-69.050111
444.644930	39.387594	227.552377	39.624802	230.043262	39.906511	232.597924	40.233266	235.214410	40.605058	237.891200	41.021253	240.627378	41.480528	243.422800	41.980837	246.278232	42.519326	249.195475	43.092322	252.177386	43.695262	255.228025	44.322657	258.352495	44.968087	261.556969	45.624151	264.848423	46.282485	268.234360	46.933777	-88.277431	47.567827	-84.679468	48.173643	-80.965042	48.739595	-77.128866	49.253656	-73.167720	49.703686	-69.081086
445.133480	39.442302	227.578933	39.684200	230.065560	39.970761	232.615526	40.302514	235.226923	40.679428	237.898289	41.100845	240.628776	41.565417	243.418333	42.071070	246.267841	42.614918	249.179209	43.193253	252.155436	43.801472	255.200714	44.434039	258.320304	45.084480	261.520545	45.745331	264.808565	46.408149	268.192016	47.063540	-88.321142	47.701201	-84.723326	48.310029	-81.007726	48.878268	-77.169009	49.393761	-73.203975	49.844227	-69.112193
445.621920	39.497719	227.603945	39.744332	230.086249	40.035772	232.631446	40.372548	235.237677	40.754610	237.903550	41.181276	240.628299	41.651177	243.411960	42.162203	246.255514	42.711445	249.160986	43.295156	252.131520	43.908693	255.171453	44.546475	258.286214	45.201971	261.482267	45.867653	264.766917	46.535007	268.148013	47.194544	-88.366389	47.835860	-84.768547	48.447741	-81.051576	49.018301	-77.210086	49.535248	-73.240893	49.986164	-69.143667
446.110290	39.553347	227.628479	39.804683	230.106434	40.101008	232.646841	40.442815	235.247890	40.830033	237.908252	41.261956	240.627247	41.737194	243.405000	42.253604	246.242589	42.808250	249.142162	43.397347	252.107004	44.016214	255.141598	44.659224	258.251537	45.319787	261.443421	45.990316	264.724734	46.662219	268.103506	47.325916	-88.412095	47.970902	-84.814175	48.585847	-81.095767	49.158739	-77.251429	49.677148	-73.277994	50.128516	-69.175231
446.598510	39.609709	227.651380	39.865792	230.124895	40.167029	232.660444	40.513894	235.256249	40.906295	237.911039	41.343506	240.624222	41.824107	243.396023	42.345935	246.227616	42.906021	249.121273	43.500543	252.080431	44.124781	255.109699	44.773063	258.214840	45.438744	261.402627	46.114168	264.680707	46.790667	268.057258	47.458576	-88.459382	48.107279	-84.861204	48.725332	-81.141135	49.300591	-77.293691	49.820487	-73.315726	50.272319	-69.207108
447.086670	39.666229	227.673937	39.927066	230.142997	40.233220	232.673670	40.585151	235.264218	40.982743	237.913425	41.425249	240.620788	41.911223	243.386628	42.438478	246.212218	43.004013	249.099961	43.603972	252.053435	44.233592	255.077384	44.887159	258.177740	45.557968	261.361447	46.238302	264.636315	46.919410	268.010672	47.591543	-88.506969	48.243976	-84.908489	48.865148	-81.186705	49.442784	-77.336092	49.964172	-73.353528	50.416470	-69.238978
447.574710	39.723495	227.694915	39.989119	230.159447	40.300226	232.685153	40.657258	235.270384	41.060077	237.913962	41.507915	240.615456	41.999307	243.375294	42.532034	246.194852	43.103065	249.076682	43.708509	252.024474	44.343568	255.043135	45.002476	258.138763	45.678474	261.318463	46.363779	264.590218	47.049562	267.962506	47.725978	-88.555966	48.382202	-84.956972	49.006545	-81.233222	49.586598	-77.379154	50.109509	-73.391664	50.562286	-69.270824
448.062620	39.780861	227.715643	40.051275	230.175637	40.367337	232.696370	40.729473	235.276273	41.137525	237.914213	41.590699	240.609834	42.087513	243.363667	42.625717	246.177193	43.202250	249.053109	43.813187	251.995224	44.453691	255.008603	45.117947	258.099511	45.799141	261.275219	46.489425	264.543878	47.179891	267.914122	47.860600	-88.605154	48.520622	-85.005613	49.148142	-81.279857	49.730620	-77.422288	50.255058	-73.429820	50.708314	-69.302636
448.550480	39.838992	227.734708	40.114230	230.190086	40.435282	232.705794	40.802554	235.280293	41.215875	237.912530	41.674427	240.602241	42.176703	243.350029	42.720426	246.157518	43.302510	249.027501	43.918992	251.963958	44.564995	254.972090	45.234658	258.058330	45.921114	261.230138	46.616439	264.495804	47.311653	267.864187	47.996718	-88.655726	48.660596	-85.055407	49.291345	-81.327377	49.876293	-77.465989	50.402284	-73.468184	50.856031	-69.334271
449.038180	39.897182	227.753599	40.177244	230.204356	40.503288	232.715033	40.875698	235.284122	41.294288	237.910652	41.758220	240.594448	42.265961	243.336189	42.815206	246.137638	43.402841	249.001689	44.024873	251.932490	44.676378	254.935377	45.351450	258.016956	46.043171	261.184868	46.743542	264.447553	47.443508	267.814086	48.132934	-88.706446	48.800672	-85.105329	49.434654	-81.375000	50.022074	-77.509766	50.549622	-73.506592	51.003859	-69.365916
449.525820	39.956277	227.770527	40.241194	230.216566	40.572264	232.722116	40.949851	235.285714	41.373748	237.906463	41.843098	240.584269	42.356344	243.319916	42.911156	246.115279	43.504393	248.973377	44.132026	251.898516	44.789089	254.896179	45.469635	257.973144	46.166681	261.137217	46.872167	264.397045	47.576953	267.761852	48.270806	-88.759093	48.942467	-85.156938	49.579742	-81.424024	50.169679	-77.554601	50.698816	-73.545679	51.153558	-69.397811
450.013340	40.015382	227.787398	40.305154	230.228718	40.641250	232.729141	41.024013	235.287247	41.453218	237.902215	41.927984	240.574030	42.446737	243.303583	43.007117	246.092860	43.605955	248.945008	44.239189	251.864485	44.901811	254.856928	45.587831	257.929282	46.290202	261.089519	47.000805	264.346494	47.710412	267.709581	48.408694	-88.811771	49.084279	-85.208571	49.724847	-81.473063	50.317302	-77.599441	50.848027	-73.584760	51.303277	-69.429689
450.500730	40.075339	227.802413	40.370007	230.238930	40.711165	232.734138	41.099144	235.286681	41.533697	237.895803	42.013930	240.561581	42.538237	243.284999	43.104237	246.068162	43.708732	248.914360	44.347626	251.828178	45.015876	254.815444	45.707436	257.883263	46.415209	261.039766	47.131001	264.294004	47.845503	267.655559	48.548288	-88.865983	49.227869	-85.261470	49.871791	-81.523043	50.466811	-77.644851	50.999158	-73.623979	51.454920	-69.461240
450.988070	40.135289	227.817427	40.434853	230.249140	40.781073	232.739136	41.174266	235.286116	41.614168	237.889393	42.099867	240.549133	42.629726	243.266416	43.201347	246.043467	43.811498	248.883715	44.456052	251.791874	45.129929	254.773964	45.827028	257.837247	46.540202	260.990018	47.261183	264.241519	47.980580	267.601542	48.687867	-88.920189	49.371443	-85.314364	50.018719	-81.573019	50.616305	-77.690256	51.150274	-73.663194	51.606548	-69.492789
451.475250	40.196170	227.830355	40.500661	230.257157	40.851980	232.741840	41.250425	235.283173	41.695715	237.880527	42.186916	240.534158	42.722371	243.245250	43.299661	246.016154	43.915520	248.850434	44.565791	251.752943	45.245353	254.729874	45.948060	257.788651	46.666702	260.937777	47.392943	264.186687	48.117310	267.545310	48.829172	-88.976386	49.516811	-85.368981	50.167501	-81.624388	50.767703	-77.736677	51.303326	-73.702990	51.760126	-69.524439
451.962370	40.257068	227.843229	40.566486	230.265117	40.922904	232.744486	41.326600	235.280170	41.777280	237.871601	42.273982	240.519122	42.815035	243.224022	43.397994	245.988779	44.019562	248.817090	44.675550	251.713950	45.360799	254.685723	46.069114	257.739996	46.793224	260.885479	47.524728	264.131803	48.254065	267.489028	48.970504	-89.032627	49.662207	-85.423634	50.316312	-81.675786	50.919130	-77.783117	51.456409	-73.742797	51.913736	-69.556088
452.449340	40.318771	227.854329	40.633153	230.271224	40.994705	232.745211	41.403692	235.275166	41.859800	237.860619	42.362049	240.501977	42.908746	243.200661	43.497424	245.959239	44.124758	248.781576	44.786523	251.672803	45.477520	254.639446	46.191510	257.689284	46.921162	260.831223	47.658002	264.075071	48.392384	267.431104	49.113473	-89.090305	49.809309	-85.479454	50.466888	-81.728029	51.072370	-77.830013	51.611331	-73.782629	52.069190	-69.587285
452.936250	40.380535	227.865280	40.699885	230.277175	41.066572	232.745776	41.480853	235.269995	41.942391	237.849467	42.450191	240.484659	43.002536	243.177124	43.596937	245.929520	44.230040	248.745884	44.897587	251.631478	45.594336	254.592996	46.314006	257.638405	47.049206	260.776808	47.791389	264.018189	48.530821	267.373049	49.256564	-89.148096	49.956539	-85.535366	50.617597	-81.780337	51.225746	-77.876943	51.766392	-73.822460	52.224783	-69.618441
453.423030	40.443092	227.874434	40.767438	230.281246	41.139294	232.744378	41.558901	235.262798	42.025905	237.836214	42.539294	240.465189	43.097329	243.151385	43.697496	245.897576	44.336415	248.707942	45.009796	251.587906	45.712358	254.544337	46.437767	257.585372	47.178579	260.720317	47.926171	263.959361	48.670720	267.313189	49.401186	-89.207486	50.105359	-85.592618	50.769954	-81.833674	51.380812	-77.924537	51.923172	-73.862538	52.382103	-69.649386
453.909730	40.505761	227.883317	40.835105	230.285034	41.212137	232.742685	41.637074	235.255297	42.109548	237.822646	42.628530	240.445398	43.192262	243.125318	43.798201	245.865300	44.442942	248.669666	45.122164	251.544001	45.830546	254.495352	46.561703	257.532020	47.308136	260.663519	48.061148	263.900246	48.810822	267.253065	49.546021	-89.267109	50.254400	-85.650066	50.922539	-81.887159	51.536115	-77.972226	52.080191	-73.902649	52.539663	-69.680295
454.396300	40.569142	227.890588	40.903519	230.287139	41.285753	232.739239	41.716053	235.245972	42.194032	237.807206	42.718646	240.423689	43.288112	243.097299	43.899867	245.831056	44.550480	248.629417	45.235595	251.498137	45.949852	254.444428	46.686819	257.476784	47.438933	260.604923	48.197428	263.839442	48.952297	267.191408	49.692290	-89.328053	50.404940	-85.708583	51.076675	-81.941407	51.693006	-78.020323	52.238824	-73.942754	52.698837	-69.710754
454.882780	40.632678	227.897492	40.972094	230.288861	41.359537	232.735394	41.795206	235.236234	42.278698	237.791343	42.808951	240.401546	43.384160	243.068839	44.001740	245.796368	44.658236	248.588723	45.349253	251.451831	46.069397	254.393068	46.812188	257.421126	47.569997	260.545924	48.333989	263.778261	49.094067	267.129410	49.838868	-89.389290	50.555804	-85.767337	51.231144	-81.995822	51.850240	-78.068506	52.397804	-73.982854	52.858359	-69.741107
455.369140	40.696897	227.902901	41.041379	230.289017	41.434065	232.729916	41.875137	235.224813	42.364180	237.773738	42.900108	240.377622	43.481103	243.038549	44.104554	245.759830	44.766980	248.546170	45.463954	251.403679	46.190042	254.339884	46.938715	257.363702	47.702285	260.485239	48.471841	263.715495	49.237193	267.065997	49.986868	-89.451762	50.708145	-85.827079	51.387145	-82.050934	52.009044	-78.117032	52.558377	-74.022898	53.019480	-69.770965
455.855410	40.761325	227.907835	41.110883	230.288676	41.508820	232.723920	41.955307	235.212859	42.449911	237.755582	42.991525	240.353137	43.578320	243.007683	44.207655	245.722708	44.876027	248.503031	45.578974	251.354945	46.311023	254.286126	47.065597	257.305723	47.834947	260.424025	48.610089	263.652234	49.380735	267.002141	50.135303	-89.514620	50.860939	-85.887129	51.543615	-82.106260	52.168331	-78.165662	52.719439	-74.062921	53.181091	-69.800663
456.341580	40.826394	227.911272	41.181050	230.286765	41.584263	232.716289	42.036190	235.199209	42.536382	237.735673	43.083714	240.326842	43.676341	242.974988	44.311597	245.683723	44.985951	248.458019	45.694913	251.304324	46.432970	254.230519	47.193496	257.245921	47.968680	260.361051	48.749459	263.587327	49.525457	266.936756	50.284976	-89.578817	51.015023	-85.948296	51.701419	-82.162427	52.328987	-78.214806	52.881891	-74.103084	53.344090	-69.830087
456.827640	40.891724	227.914076	41.251488	230.284192	41.659988	232.707968	42.117364	235.184843	42.623153	237.715025	43.176217	240.299786	43.774688	242.941524	44.415879	245.643954	45.096232	248.412221	45.811225	251.252911	46.555308	254.174137	47.321806	257.185356	48.102848	260.297342	48.889286	263.521734	49.670659	266.870733	50.435150	-89.643572	51.169632	-86.009929	51.859765	-82.218942	52.490200	-78.264161	53.044908	-74.143301	53.507654	-69.859390
457.313600	40.957606	227.915634	41.322504	230.280317	41.736316	232.698299	42.199171	235.169068	42.710588	237.692936	43.269414	240.271262	43.873763	242.906554	44.520927	245.602672	45.207320	248.364897	45.928390	251.199992	46.678548	254.116265	47.451070	257.123358	48.238021	260.232267	49.030176	263.454872	49.816980	266.803584	50.586496	-89.709280	51.325463	-86.072293	52.019377	-82.275920	52.652709	-78.313658	53.209237	-74.183294	53.672528	-69.888068
457.799440	41.023783	227.916509	41.393828	230.275728	41.812966	232.687891	42.281314	235.152522	42.798375	237.670058	43.362979	240.241935	43.973224	242.870763	44.626381	245.560565	45.318837	248.316740	46.046009	251.146253	46.802267	254.057581	47.580840	257.060583	48.373728	260.166451	49.171632	263.387321	49.963896	266.735826	50.738466	-89.775503	51.481945	-86.135050	52.179663	-82.333143	52.815908	-78.363227	53.374265	-74.223159	53.838099	-69.916398
458.285190	41.090495	227.916113	41.465706	230.269809	41.890192	232.676092	42.364053	235.134542	42.886780	237.645697	43.457191	240.211072	44.073359	242.833412	44.732539	245.516863	45.431091	248.266986	46.164401	251.090914	46.926802	253.997307	47.711468	256.996251	48.510338	260.099142	49.314038	263.318365	50.111811	266.666775	50.891486	-89.842865	51.639520	-86.198747	52.341080	-82.391059	52.980269	-78.413196	53.540470	-74.263087	54.004845	-69.944418
458.770840	41.157578	227.914823	41.537969	230.262954	41.967816	232.663316	42.447203	235.115557	42.975615	237.620294	43.551850	240.179134	44.173962	242.794966	44.839182	245.472045	45.543856	248.216113	46.283329	251.034454	47.051899	253.935919	47.842688	256.930832	48.647574	260.030789	49.457102	263.248426	50.260418	266.596821	51.045232	-89.911023	51.797851	-86.263099	52.503279	-82.449457	53.145435	-78.463443	53.707490	-74.303055	54.172406	-69.972218
459.256380	41.225112	227.912502	41.610703	230.255022	42.045933	232.649417	42.530871	235.095410	43.064990	237.593692	43.647075	240.145974	44.275159	242.755270	44.946456	245.425962	45.657283	248.163965	46.402958	250.976724	47.177737	253.873289	47.974692	256.864207	48.785640	259.961292	49.601044	263.177422	50.409950	266.525920	51.199948	2.316829	51.957194	-86.328051	52.666527	-82.508219	53.311671	-78.513772	53.875594	-74.342784	54.341046	-69.999423
459.741790	41.293046	227.909258	41.683855	230.246126	42.124486	232.634514	42.614995	235.074226	43.154844	237.566020	43.742800	240.111725	44.376882	242.714458	45.054286	245.378751	45.771296	248.110680	46.523205	250.917862	47.304227	253.809553	48.107388	256.796509	48.924439	259.890780	49.745761	263.105473	50.560298	266.454178	51.355519	176.994780	52.117431	-86.393535	52.830700	-82.567303	53.478852	-78.564171	54.044655	-74.382295	54.510639	-70.026095
460.227140	41.361396	227.905005	41.757440	230.236171	42.203488	232.618511	42.699586	235.051895	43.245184	237.537163	43.839032	240.076253	44.479134	242.672404	45.162668	245.330281	45.885889	248.056124	46.644063	250.857732	47.431362	253.744557	48.240764	256.727572	49.063954	259.819077	49.891233	263.032402	50.711442	266.381419	51.511925	269.879836	52.278538	-86.459736	52.995774	-82.626894	53.646959	-78.614826	54.214651	-74.421770	54.681162	-70.052408
460.712370	41.430215	227.899608	41.831510	230.225013	42.282992	232.601260	42.784699	235.028261	43.336066	237.506961	43.935831	240.039396	44.581978	242.628943	45.271666	245.280386	46.001128	248.000127	46.765602	250.796168	47.559215	253.678136	48.374897	256.657234	49.204267	259.746029	50.037548	262.958066	50.863474	266.307512	51.669262	269.808283	52.440618	-86.526746	53.161855	-82.687055	53.816098	-78.665766	54.385689	-74.461200	54.852722	-70.078311
461.197480	41.499381	227.893395	41.905941	230.213005	42.362875	232.583118	42.870209	235.003711	43.427363	237.475816	44.033065	240.001571	44.685280	242.584489	45.381148	245.229484	46.116879	247.943120	46.887680	250.733591	47.687639	253.610721	48.509636	256.585937	49.345223	259.672059	50.184542	262.882886	51.016223	266.232846	51.827352	269.736104	52.603484	-86.594230	53.328749	-82.747495	53.986070	-78.716750	54.557568	-74.500407	55.025117	-70.103696
461.682500	41.569065	227.885994	41.980913	230.199758	42.443324	232.563676	42.956312	234.977823	43.519282	237.443289	44.130949	239.962332	44.789267	242.538581	45.491354	245.177108	46.233394	247.884631	47.010565	250.669529	47.816918	253.541849	48.645280	256.513231	49.487140	259.596733	50.332551	262.806465	51.170041	266.157061	51.986566	269.662999	52.767523	-86.662418	53.496855	-82.808352	54.157282	-78.767808	54.730701	-74.539294	55.198757	-70.128329
462.167420	41.639027	227.877920	42.056177	230.185811	42.524076	232.543507	43.042732	234.951179	43.611533	237.409988	44.229183	239.922299	44.893621	242.491869	45.601946	245.123918	46.350317	247.825325	47.133883	250.604659	47.946655	253.472179	48.781409	256.439754	49.629570	259.520682	50.481105	262.729375	51.324434	266.080695	52.146384	269.589418	52.932191	-86.730944	53.665612	-82.869377	54.329160	-78.818830	54.904503	-74.577911	55.373057	-70.152432
462.652220	41.709525	227.868570	42.132003	230.170535	42.605415	232.521958	43.129765	234.923098	43.704426	237.375213	44.328093	239.880755	44.998685	242.443622	45.713285	245.069177	46.468031	247.764458	47.258038	250.538244	48.077278	253.400986	48.918479	256.364802	49.772996	259.443246	50.630711	262.651007	51.479938	266.003214	52.307367	269.514925	53.098075	-86.800121	53.835628	-82.930728	54.502323	-78.869791	55.079597	-74.616019	55.548634	-70.175531
463.136930	41.780270	227.858594	42.208084	230.154603	42.687019	232.499730	43.217074	234.894312	43.797606	237.339704	44.427302	239.838458	45.104063	242.394606	45.824952	245.013650	46.586090	247.702801	47.382556	250.471032	48.208284	253.329004	49.055954	256.289080	49.916851	259.365063	50.780771	262.571930	51.635922	265.925092	52.468855	269.439874	53.264486	-86.869741	54.006189	-82.992380	54.676044	-78.920883	55.255255	-74.654059	55.724769	-70.198342
463.621520	41.851657	227.847029	42.284831	230.137005	42.769315	232.475773	43.305100	234.863730	43.891535	237.302326	44.527293	239.794240	45.210259	242.343622	45.937478	244.956115	46.705050	247.639122	47.508024	250.401777	48.340296	253.255003	49.194491	256.211381	50.061828	259.284968	50.932019	262.491036	51.793157	265.845322	52.631658	269.363388	53.432271	-86.940501	54.178172	-83.054809	54.851220	-78.972317	55.432382	-74.691936	55.902363	-70.220429
464.106020	41.923222	227.835016	42.361762	230.118936	42.851804	232.451325	43.393328	234.832639	43.985675	237.264425	44.627504	239.749487	45.316686	242.292090	46.050247	244.898025	46.824268	247.574881	47.633763	250.331966	48.472596	253.180448	49.333333	256.133144	50.207130	259.204365	51.083610	262.409673	51.950755	265.765134	52.794843	269.286557	53.600454	-87.011515	54.350567	-83.117380	55.026817	-79.023753	55.609933	-74.729655	56.080374	-70.242179
464.590420	41.995455	227.821393	42.439388	230.099179	42.935020	232.425116	43.482315	234.799717	44.080610	237.224646	44.728545	239.702803	45.423986	242.238577	46.163937	244.837926	46.944457	247.508611	47.760531	250.260137	48.605984	253.103889	49.473329	256.052947	50.353654	259.121907	51.236496	262.326594	52.109721	265.683416	52.959465	269.208460	53.770138	-87.083474	54.524514	-83.180484	55.204001	-79.075219	55.789075	-74.766826	56.259954	-70.262742
465.074710	42.067803	227.807454	42.517135	230.079093	43.018362	232.398563	43.571431	234.766442	44.175680	237.184501	44.829729	239.655745	45.531436	242.184681	46.277785	244.777440	47.064812	247.441951	47.887474	250.187919	48.739558	253.026947	49.613524	255.972379	50.500390	259.039093	51.389606	262.243193	52.268923	265.601408	53.124336	269.130126	53.940081	-87.155604	54.698730	-83.243675	55.381459	-79.126673	55.968494	-74.803868	56.439805	-70.283046
465.558900	42.140865	227.791762	42.595625	230.057179	43.102476	232.370104	43.661357	234.731193	44.271594	237.142314	44.931801	239.606584	45.639817	242.128635	46.392613	244.714773	47.186201	247.373094	48.015512	250.113498	48.874292	252.947835	49.754947	255.889691	50.648431	258.954248	51.544098	262.157933	52.429584	265.517729	53.290741	269.050407	54.111625	-87.228747	54.874601	-83.307409	55.560605	-79.178109	56.149609	-74.840236	56.621325	-70.301960
466.042970	42.213987	227.775887	42.674178	230.035075	43.186655	232.341447	43.751350	234.695740	44.367577	237.099918	45.033946	239.557208	45.748275	242.072371	46.507524	244.651887	47.307677	247.304013	48.143643	250.038855	49.009124	252.868505	49.896475	255.806793	50.796584	258.869203	51.698708	262.072486	52.590370	265.433888	53.457279	268.970555	54.283307	-87.301983	55.050616	-83.371188	55.739898	-79.229530	56.330871	-74.876520	56.802987	-70.320714
466.526950	42.287902	227.758104	42.753560	230.010963	43.271700	232.310696	43.842251	234.658114	44.464514	237.055268	45.137089	239.505514	45.857784	242.013741	46.623543	244.586589	47.430328	247.232482	48.273018	249.961764	49.145275	252.786753	50.039405	255.721541	50.946224	258.781913	51.854894	261.984916	52.752825	265.348178	53.625569	268.889143	54.456818	-87.376353	55.228519	-83.435577	55.921117	-79.280918	56.514066	-74.912030	56.986549	-70.337869
467.010830	42.361822	227.740277	42.832946	229.986807	43.356748	232.279900	43.933155	234.620442	44.561453	237.010572	45.240236	239.453773	45.967297	241.955065	46.739565	244.521245	47.552981	247.160906	48.402395	249.884628	49.281429	252.704958	50.182339	255.636247	51.095868	258.694584	52.011085	261.897311	52.915285	265.262439	53.793865	268.807710	54.630337	-87.450735	55.406431	-83.499968	56.102345	-79.332295	56.697268	-74.947514	57.170118	-70.354980
467.494600	42.436563	227.720376	42.913184	229.960491	43.442686	232.246844	44.024985	234.580418	44.659363	236.963447	45.344398	239.399531	46.077877	241.893834	46.856711	244.453289	47.676821	247.086705	48.533028	249.804861	49.418916	252.620541	50.326687	255.548390	51.247012	258.604792	52.168868	261.807446	53.079427	265.174686	53.963932	268.724606	54.805705	-87.526336	55.586254	-83.564998	56.285519	-79.383613	56.882419	-74.982116	57.355594	-70.370301
467.978240	42.511283	227.700480	42.993400	229.934183	43.528601	232.213798	44.116791	234.540405	44.757246	236.916335	45.448532	239.345305	46.188427	241.832619	46.973826	244.385351	47.800628	247.012524	48.663626	249.725115	49.556366	252.536146	50.470996	255.460556	51.398117	258.515025	52.326609	261.717604	53.243525	265.086955	54.133952	268.641525	54.981026	-87.601915	55.766029	-83.630010	56.468644	-79.434917	57.067520	-75.016709	57.541019	-70.385618
468.461820	42.586815	227.678437	43.074461	229.905615	43.615392	232.178401	44.209507	234.497959	44.856076	236.866705	45.553655	239.288478	46.300013	241.768720	47.092028	244.314687	47.925580	246.935561	48.795436	249.642575	49.695099	252.448971	50.616665	255.369992	51.550663	258.422633	52.485880	261.625293	53.409239	264.996994	54.305676	268.556551	55.158128	-87.678945	55.947641	-83.695891	56.653645	-79.486377	57.254498	-75.050631	57.728281	-70.399344
468.945280	42.662367	227.656299	43.155542	229.876948	43.702203	232.142903	44.302244	234.455408	44.954926	236.816969	45.658799	239.231542	46.411620	241.704709	47.210252	244.243912	48.050556	246.858486	48.927270	249.559923	49.833859	252.361686	50.762363	255.279321	51.703240	258.330141	52.645185	261.532889	53.574990	264.906951	54.477439	268.471509	55.335270	-87.756024	56.129297	-83.761797	56.838690	-79.537831	57.441520	-75.084513	57.915583	-70.412991
469.428620	42.738637	227.632485	43.237376	229.846528	43.789807	232.105576	44.395816	234.410958	45.054659	236.765271	45.764878	239.172586	46.524217	241.638648	47.329529	244.171041	48.176652	246.779317	49.060295	249.475172	49.973887	252.272343	50.909415	255.186671	51.857260	258.235787	52.806021	261.438794	53.742363	264.815490	54.650905	268.385402	55.514188	-87.833692	56.312784	-83.827704	57.025591	-79.588567	57.630386	-75.116841	58.104672	-70.424170
469.911870	42.814987	227.608461	43.319293	229.815890	43.877498	232.068021	44.489480	234.366273	45.154489	236.713329	45.871059	239.113382	46.636924	241.572335	47.448921	244.097915	48.302871	246.699894	49.193451	249.390166	50.114056	252.182751	51.056617	255.093783	52.011440	258.141210	52.967028	261.344498	53.909918	264.723863	54.824562	268.299173	55.693306	-87.911422	56.496476	-83.893600	57.212699	-79.639203	57.819458	-75.148965	58.293960	-70.435031
470.395020	42.892043	227.582465	43.401941	229.783191	43.965945	232.028310	44.583927	234.319331	45.255134	236.659049	45.978089	239.051767	46.750517	241.503529	47.569244	244.022237	48.430068	246.617871	49.327643	249.302539	50.255321	252.090525	51.204981	254.998280	52.166856	258.044097	53.129348	261.247810	54.078861	264.630037	54.999685	268.211045	55.873956	-87.990647	56.681755	-83.960461	57.401425	-79.690151	58.010147	-75.180624	58.484827	-70.444564
470.878050	42.969241	227.556035	43.484735	229.750039	44.054544	231.988127	44.678531	234.271894	45.355940	236.604257	46.085286	238.989627	46.864286	241.434180	47.689749	243.946004	48.557457	246.535285	49.462037	249.214344	50.396802	251.997732	51.353575	254.902214	52.322517	257.946439	53.291927	261.150608	54.248080	264.535739	55.175100	268.122511	56.054911	-88.070189	56.867350	-84.027525	57.590474	-79.741158	58.201158	-75.212174	58.676007	-70.453799
471.360990	43.047035	227.528133	43.568153	229.715339	44.143795	231.946337	44.773822	234.222792	45.457470	236.547735	46.193247	238.925702	46.978864	241.363010	47.811112	243.867918	48.685759	246.450820	49.597403	249.124266	50.539316	251.903088	51.503270	254.804353	52.479350	257.847080	53.455753	261.051861	54.418620	264.440115	55.351904	268.032980	56.237315	-88.150320	57.054437	-84.094639	57.781032	-79.791564	58.393663	-75.242362	58.868621	-70.460832
471.843810	43.125016	227.499740	43.651766	229.680124	44.233250	231.904012	44.869327	234.173137	45.559226	236.490638	46.301447	238.861187	47.093693	241.291239	47.932741	243.789221	48.814345	246.365735	49.733070	249.033567	50.682152	251.807836	51.653310	254.705905	52.636551	257.747166	53.619969	260.952609	54.589575	264.344061	55.529143	267.943129	56.420174	-88.230634	57.241993	-84.161759	57.972065	-79.841757	58.586637	-75.272085	59.061683	-70.467120
472.326540	43.203551	227.469822	43.735956	229.643316	44.323306	231.860016	44.965459	234.121747	45.661635	236.431749	46.410331	238.794811	47.209240	241.217547	48.055128	243.708566	48.943730	246.278654	49.869585	248.940853	50.825891	251.710565	51.804309	254.605472	52.794774	257.645337	53.785273	260.851563	54.761682	264.246421	55.707599	267.851940	56.604304	-88.311900	57.430858	-84.229349	58.164427	-79.891813	58.780928	-75.300963	59.256015	-70.471777
472.809170	43.282342	227.439179	43.820412	229.605750	44.413639	231.815226	45.061878	234.069534	45.764344	236.372010	46.519529	238.727552	47.325117	241.142946	48.177862	243.626984	49.073482	246.190628	50.006488	248.847186	50.970044	251.612340	51.955750	254.504101	52.953466	257.542604	53.951077	260.749669	54.934319	264.148033	55.886615	267.760121	56.789021	-88.393611	57.620328	-84.297156	58.357402	-79.941799	58.975825	-75.329434	59.450931	-70.475655
473.291690	43.361617	227.407168	43.905370	229.566742	44.504492	231.768933	45.158838	234.015752	45.867617	236.310637	46.629317	238.658613	47.441612	241.066613	48.301249	243.543618	49.203924	246.100788	50.144125	248.751688	51.114975	251.512289	52.108019	254.400934	53.113041	257.438132	54.117822	260.646153	55.107956	264.048181	56.066685	267.667103	56.974839	-88.476187	57.810936	-84.365378	58.551530	-79.991642	59.171864	-75.357099	59.646941	-70.477994
473.774110	43.441204	227.374263	43.990650	229.526793	44.595680	231.721659	45.256145	233.960949	45.971252	236.248200	46.739484	238.588579	47.558505	240.989152	48.425056	243.459090	49.334809	246.009768	50.282233	248.655000	51.260406	251.411051	52.260822	254.296597	53.273185	257.332529	54.285172	260.541580	55.282236	263.947378	56.247434	267.573307	57.161367	-88.559323	58.002275	-84.433866	58.746400	-80.041388	59.368639	-75.384235	59.843654	-70.479326
474.256410	43.521197	227.340287	44.076356	229.485727	44.687314	231.673220	45.353922	233.904930	46.075382	236.184502	46.850172	238.517244	47.675951	240.910360	48.549449	243.373202	49.466319	245.917369	50.421005	248.556927	51.406547	251.308434	52.414384	254.190917	53.434139	257.225661	54.453386	260.435852	55.457431	263.845590	56.429146	267.478768	57.348897	-88.642869	58.194647	-84.502331	58.942307	-80.090583	59.566428	-75.410200	60.041329	-70.478802
474.738620	43.601551	227.305367	44.162438	229.443676	44.779343	231.623753	45.452115	233.847840	46.179949	236.119693	46.961323	238.444761	47.793888	240.830393	48.674361	243.286113	49.598383	245.823754	50.560366	248.457632	51.553318	251.204598	52.568619	254.084050	53.595811	257.117676	54.622365	260.329103	55.633437	263.742931	56.611711	267.383571	57.537318	-88.726780	58.387932	-84.570778	59.139134	-80.139292	59.765119	-75.435132	60.239858	-70.476642
475.220700	43.682265	227.269374	44.248894	229.400502	44.871760	231.573106	45.550711	233.789523	46.284936	236.053609	47.072913	238.370951	47.912285	240.749055	48.799759	243.197617	49.730960	245.728699	50.700273	248.356878	51.700668	251.099303	52.723472	253.975733	53.758145	257.008285	54.792048	260.221029	55.810191	263.639089	56.795068	267.287383	57.726568	-88.811398	58.582074	-84.639567	59.336826	-80.187878	59.964661	-75.459390	60.439195	-70.473198
475.702700	43.763418	227.232108	44.335805	229.355991	44.964651	231.521057	45.649798	233.729743	46.390436	235.986004	47.185040	238.295557	48.031246	240.666079	48.925751	243.107440	49.864165	245.631925	50.840848	248.254382	51.848728	250.992262	52.879080	253.865685	53.921286	256.897214	54.962591	260.111370	55.987859	263.533828	56.979391	267.190006	57.916830	-88.896867	58.777258	-84.708772	59.535573	-80.236323	60.165243	-75.482851	60.639522	-70.468234
476.184600	43.844864	227.194016	44.423021	229.310611	45.057860	231.468100	45.749218	233.669019	46.496287	235.917416	47.297535	238.219151	48.150597	240.582055	49.052155	243.016190	49.997808	245.534056	50.981888	248.150772	51.997285	250.884106	53.035221	253.754546	54.084995	256.785096	55.133741	260.000742	56.166172	263.427716	57.164394	267.091974	58.107800	-88.982748	58.973170	-84.778054	59.735053	-80.284432	60.366540	-75.505484	60.840519	-70.461899
476.666380	43.926790	227.154590	44.510736	229.263827	45.151590	231.413678	45.849184	233.606767	46.602711	235.847240	47.410635	238.141109	48.270584	240.496338	49.179233	242.923202	50.132165	245.434416	51.123689	248.045361	52.146656	250.774144	53.192231	253.641643	54.249633	256.671281	55.305881	259.888545	56.345537	263.320224	57.350507	266.992877	58.299928	-89.069300	59.170271	-84.847470	59.935729	-80.332003	60.569007	-75.526784	61.042614	-70.453356
477.148070	44.008942	227.114456	44.598686	229.216301	45.245564	231.358480	45.949402	233.543701	46.709399	235.776223	47.524009	238.062189	48.390861	240.409715	49.306616	242.829280	50.266846	245.333820	51.265834	247.938984	52.296394	250.663213	53.349634	253.527777	54.414690	256.556531	55.478469	259.775475	56.525379	263.211957	57.537125	266.893139	58.492585	-89.156284	59.367918	-84.917048	60.136953	-80.379394	60.772006	-75.547500	61.245208	-70.443780
477.629670	44.091625	227.072716	44.687187	229.167095	45.340107	231.301520	46.050215	233.478783	46.816706	235.703295	47.638031	237.981273	48.511817	240.321032	49.434718	242.733234	50.402287	245.231049	51.408789	247.830408	52.446994	250.550073	53.507957	253.411712	54.580730	256.439643	55.652108	259.660410	56.706341	263.101918	57.724927	266.791934	58.686479	-89.244266	59.566838	-84.987011	60.339457	-80.426392	60.976254	-75.566904	61.448971	-70.431871
478.111150	44.174468	227.030494	44.775855	229.117383	45.434824	231.244032	46.151209	233.413318	46.924203	235.629792	47.752253	237.899765	48.632987	240.231740	49.563044	242.636562	50.537968	245.127639	51.551999	247.721184	52.597867	250.436287	53.666573	253.295014	54.747085	256.322151	55.826083	259.544787	56.887661	262.991401	57.913107	266.690370	58.880767	-89.332443	59.766161	-85.056952	60.542364	-80.473095	61.180890	-75.585688	61.653089	-70.418987
478.592500	44.257888	226.986645	44.865126	229.065962	45.530173	231.184752	46.252864	233.345995	47.032393	235.554331	47.867211	237.816240	48.754931	240.140370	49.692194	242.537752	50.674525	245.022043	51.696141	247.609741	52.749737	250.320283	53.826254	253.176138	54.914580	256.202577	56.001276	259.427240	57.070276	262.879232	58.102649	266.587558	59.076477	-89.421319	59.966939	-85.126856	60.746726	-80.518838	61.386932	-75.602416	61.858505	-70.402847
479.073760	44.341413	226.942441	44.954504	229.014168	45.625632	231.125082	46.354635	233.278265	47.140703	235.478448	47.982292	237.732274	48.877006	240.048544	49.821481	242.438471	50.811228	244.915965	51.840439	247.497808	52.901774	250.203783	53.986114	253.056770	55.082266	256.082526	56.176674	259.309245	57.253109	262.766662	58.292424	266.484420	59.272431	-89.510411	60.167968	-85.196829	60.951340	-80.564464	61.593216	-75.618804	62.064142	-70.386122
479.554930	44.425582	226.896237	45.044549	228.960270	45.721784	231.063211	46.457125	233.208229	47.249764	235.400167	48.098158	237.645806	48.999905	239.954118	49.951638	242.336505	50.948853	244.807133	51.985718	247.383073	53.054858	250.084453	54.147095	252.934583	55.251152	255.959738	56.353353	259.188674	57.437307	262.651788	58.483646	266.379399	59.469898	-89.600774	60.370552	-85.267243	61.157510	-80.609478	61.801008	-75.633334	62.271168	-70.366151
480.036010	44.509794	226.849874	45.134637	228.906205	45.817981	231.001164	46.559662	233.138011	47.358875	235.321697	48.214074	237.559143	49.122858	239.859489	50.081852	242.234330	51.086540	244.698088	52.131063	247.268121	53.208013	249.964904	54.308152	252.812182	55.420121	255.836741	56.530121	259.067910	57.621599	262.536747	58.674969	266.274250	59.667470	-89.691209	60.573245	-85.337655	61.363788	-80.654395	62.008901	-75.647653	62.478284	-70.345846
480.516970	44.594703	226.801437	45.225452	228.849959	45.914937	230.936824	46.662993	233.065393	47.468820	235.240735	48.330867	237.469888	49.246738	239.762160	50.213047	242.129377	51.225266	244.586177	52.277518	247.150244	53.362355	249.842419	54.470480	252.686878	55.590450	255.710931	56.708347	258.944530	57.807443	262.419414	58.867930	266.167308	59.866750	-89.782725	60.777687	-85.408182	61.571812	-80.698201	62.218471	-75.659399	62.686931	-70.321364
480.997800	44.679589	226.753014	45.316243	228.793729	46.011867	230.872502	46.766296	232.992794	47.578736	235.159794	48.447628	237.380657	49.370584	239.664858	50.344207	242.024452	51.363955	244.474297	52.423933	247.032399	53.516655	249.719966	54.632764	252.561608	55.760734	255.585154	56.886526	258.821182	57.993237	262.302112	59.060839	266.060395	60.065975	-89.874215	60.982074	-85.478689	61.779779	-80.741995	62.427985	-75.671142	62.895523	-70.296888
481.478550	44.765224	226.702108	45.407805	228.734880	46.109590	230.805437	46.870424	232.917323	47.689506	235.075829	48.565284	237.288272	49.495365	239.564280	50.476352	241.916127	51.503689	244.358923	52.571459	246.910967	53.672138	249.593861	54.796314	252.432679	55.932378	255.455792	57.066160	258.694438	58.180590	262.181733	59.255403	265.950915	60.266939	82.310498	61.188247	-85.549944	61.989534	-80.785175	62.639218	-75.680638	63.105678	-70.268367
481.959200	44.850844	226.651202	45.499351	228.676031	46.207297	230.738374	46.974535	232.841855	47.800257	234.991868	48.682919	237.195891	49.620124	239.463707	50.608475	241.807810	51.643399	244.243558	52.718959	246.789543	53.827594	249.467766	54.959836	252.303759	56.103993	255.326440	57.245763	258.567704	58.367911	262.061364	59.449933	265.841445	60.467868	255.251223	61.394386	-85.621188	62.199254	-80.828344	62.850416	-75.690121	63.315797	-70.239833
482.439730	44.937121	226.598390	45.591584	228.615184	46.305728	230.669207	47.079402	232.764178	47.911806	234.905606	48.801398	237.101111	49.745779	239.360656	50.741549	241.696922	51.784122	244.125550	52.867543	246.665439	53.984212	249.338984	55.124607	252.172188	56.276945	255.194537	57.426799	258.438613	58.556756	261.939014	59.646068	265.730567	60.670465	269.845313	61.602221	-85.691994	62.410646	-80.869717	63.063187	-75.696193	63.527307	-70.206120
482.920170	45.023444	226.545409	45.683866	228.554162	46.404210	230.599856	47.184322	232.686309	48.023410	234.819145	48.919936	237.006124	49.871498	239.257392	50.874689	241.585814	51.924917	244.007317	53.016204	246.541106	54.140913	249.209974	55.289467	252.040393	56.449992	255.062419	57.607937	258.309325	58.745710	261.816500	59.842319	265.619577	60.873184	269.751359	61.810180	-85.762749	62.622158	-80.910917	63.276070	-75.701948	63.738911	-70.171933
483.400510	45.110369	226.490288	45.776768	228.490878	46.503327	230.528131	47.289899	232.605950	48.135697	234.730075	49.039182	236.908407	49.997957	239.151266	51.008609	241.471735	52.066536	243.886004	53.165740	246.413597	54.298551	249.077722	55.455332	251.905337	56.624119	254.927096	57.790238	258.176983	58.935911	261.691187	60.039899	265.506227	61.077298	269.655751	62.019574	-85.834186	62.835101	-80.951534	63.490316	-75.705599	63.951729	-70.133975
483.880740	45.197397	226.434751	45.869775	228.427156	46.602552	230.455945	47.395587	232.525111	48.248098	234.640501	49.158547	236.810164	50.124539	239.044589	51.142659	241.357085	52.208292	243.764100	53.315424	246.285479	54.456346	248.944848	55.621365	251.769657	56.798429	254.791159	57.972737	258.044058	59.126324	261.565341	60.237707	265.392427	61.281652	269.559832	62.229215	-85.905744	63.048288	-80.992027	63.704794	-75.708830	64.164750	-70.095274
484.360840	45.284957	226.377600	45.963338	228.361739	46.702360	230.381974	47.501889	232.442394	48.361144	234.548969	49.278594	236.709872	50.251845	238.935783	51.277477	241.240231	52.350869	243.639916	53.465985	246.155028	54.615081	248.809615	55.788408	251.631624	56.973823	254.652952	58.156397	257.909032	59.317976	261.437711	60.436824	265.277337	61.487364	269.463321	62.440236	-85.976926	63.262827	-81.030896	63.920527	-75.708953	64.378853	-70.051840
484.840880	45.372691	226.319917	46.057081	228.295764	46.802357	230.307414	47.608390	232.359059	48.474399	234.456793	49.398862	236.608906	50.379385	238.826276	51.412543	241.122653	52.493712	243.514984	53.616831	246.023811	54.774122	248.673608	55.955778	251.492818	57.149570	254.514000	58.340433	257.773318	59.510031	261.309497	60.636365	265.161824	61.693518	269.366618	62.651706	-86.047980	63.477806	-81.069226	64.136668	-75.708048	64.593306	-70.006843
485.320770	45.460881	226.260559	46.151294	228.228018	46.902839	230.230994	47.715391	232.273768	48.588175	234.362551	49.519673	236.505785	50.507493	238.714514	51.548210	241.002713	52.637190	243.387604	53.768352	245.890075	54.933888	248.535019	56.123930	251.351423	57.326158	254.372482	58.525377	257.635160	59.703059	261.179072	60.836942	265.044498	61.900761	269.268722	62.864290	-86.119365	63.693885	-81.106752	64.353841	-75.704968	64.808641	-69.958178
485.800600	45.549300	226.200367	46.245743	228.159393	47.003564	230.153648	47.822644	232.187505	48.702213	234.267282	49.640756	236.401591	50.635887	238.601629	51.684178	240.881599	52.780987	243.259006	53.920214	245.755086	55.094019	248.395147	56.292473	251.208739	57.503170	254.229689	58.710777	257.495785	59.896576	261.047546	61.038040	264.926268	62.108551	269.170232	63.077433	-86.190916	63.910517	-81.143880	64.571531	-75.700809	65.024420	-69.907691
486.280300	45.638099	226.138730	46.340580	228.089242	47.104689	230.074694	47.930309	232.099546	48.816679	234.170238	49.762286	236.295526	50.764748	238.486790	51.820637	240.758447	52.925305	243.128289	54.072632	245.617901	55.254746	248.253029	56.461658	251.063780	57.680874	254.084654	58.896926	257.354267	60.090900	260.914098	61.240000	264.806479	62.317246	269.070733	63.291502	-86.262678	64.128057	-81.180177	64.790054	-75.694556	65.240896	-69.853735
486.759890	45.727164	226.076066	46.435690	228.018009	47.206094	229.994598	48.038264	232.010384	48.931445	234.071936	49.884128	236.188135	50.893935	238.370566	51.957440	240.633852	53.069989	242.996068	54.225440	245.479160	55.415889	248.109318	56.631292	250.917208	57.859065	253.938032	59.083600	257.211230	60.285792	260.779286	61.442567	264.685587	62.526576	268.970521	63.506220	-86.334588	64.346235	-81.215881	65.009161	-75.686814	65.457859	-69.797314
487.239410	45.816564	226.012224	46.531148	227.945534	47.307860	229.913192	48.146595	231.919843	49.046603	233.972179	50.006383	236.079225	51.023558	238.252745	52.094705	240.507583	53.215162	242.862106	54.378773	245.338623	55.577595	247.963770	56.801532	250.768788	58.037907	253.789593	59.270976	257.066475	60.481436	260.642953	61.645932	264.563513	62.736741	268.869651	63.721785	-86.406420	64.565236	-81.250539	65.229019	-75.676865	65.675437	-69.737421
487.718780	45.906285	225.947212	46.626940	227.871824	47.409972	229.830486	48.255287	231.827934	49.162135	233.870982	50.129030	235.968811	51.153595	238.133341	52.232410	240.379658	53.360801	242.726420	54.532604	245.196310	55.739836	247.816402	56.972350	250.618539	58.217372	253.639358	59.459026	256.920022	60.677802	260.505116	61.850065	264.440277	62.947709	268.768139	63.938164	-86.478161	64.785025	-81.284143	65.449595	-75.664704	65.893595	-69.674058
488.198090	45.996281	225.881217	46.723016	227.797075	47.512379	229.746681	48.364285	231.734871	49.277990	233.768570	50.252015	235.857111	51.283987	238.012592	52.370489	240.250325	53.506839	242.589266	54.686862	245.052474	55.902536	247.667473	57.143660	250.466709	58.397370	253.487565	59.647649	256.772094	60.874784	260.365967	62.054852	264.316016	63.159361	268.666060	64.155239	-86.549827	65.005488	-81.316818	65.670775	-75.650588	66.112236	-69.607636
488.677280	46.086659	225.813831	46.819489	227.720856	47.615198	229.661322	48.473710	231.640176	49.394292	233.664442	50.375469	235.743595	51.414873	237.889943	52.509089	240.119004	53.653435	242.450041	54.841712	244.906486	56.065874	247.516337	57.315657	250.312648	58.578110	253.333569	59.837073	256.622084	61.072627	260.224965	62.260555	264.190311	63.371968	268.563181	64.373286	-86.621381	65.226891	-81.348175	65.892796	-75.633697	66.331548	-69.536875
489.156340	46.177230	225.745661	46.916158	227.643809	47.718221	229.575090	48.583345	231.544556	49.510811	233.559340	50.499149	235.629057	51.545997	237.766216	52.647941	239.986552	53.800298	242.309637	54.996848	244.759268	56.229519	247.363937	57.487987	250.157308	58.759211	253.178301	60.026889	256.470865	61.270893	260.082885	62.466710	264.063757	63.585049	268.459811	64.591812	-86.692895	65.448754	-81.378792	66.115221	-75.615220	66.551163	-69.463616
489.635310	46.268232	225.675850	47.013270	227.565023	47.821700	229.487023	48.693453	231.446995	49.627822	233.452190	50.623342	235.512370	51.677659	237.640217	52.787363	239.851718	53.947765	242.166749	55.152630	244.609458	56.393858	247.208872	57.661066	249.999269	58.941123	253.020350	60.217583	256.317094	61.470106	259.938528	62.673876	263.935405	63.799188	268.355388	64.811406	-86.764350	65.671649	-81.407895	66.338566	-75.593463	66.771486	-69.385173
490.114200	46.359375	225.605427	47.110528	227.485588	47.925328	229.398270	48.803715	231.348709	49.744992	233.344275	50.747699	235.394875	51.809494	237.513368	52.926966	239.715991	54.095423	242.022919	55.308617	244.458669	56.558417	247.052793	57.834384	249.840191	59.123294	252.861365	60.408558	256.162322	61.669625	259.793264	62.881370	263.806314	64.013673	268.250504	65.031354	-86.835865	65.894883	-81.436515	66.562208	-75.570564	66.992031	-69.304880
490.592960	46.450995	225.533032	47.208274	227.404061	48.029458	229.307304	48.914494	231.248086	49.862697	233.233892	50.872615	235.274776	51.941912	237.383772	53.067183	239.577380	54.243730	241.876046	55.465298	244.304717	56.723721	246.893435	58.008508	249.677758	59.306337	252.699042	60.600483	256.004316	61.870172	259.645068	63.089969	263.674834	64.229318	268.144124	65.252486	-86.907593	66.119257	-81.463599	66.786860	-75.544013	67.213345	-69.218655
491.071620	46.542692	225.460273	47.306101	227.322151	48.133670	229.215933	49.025358	231.147035	49.980489	233.123056	50.997620	235.154197	52.074424	237.253671	53.207499	239.438236	54.392144	241.728614	55.622093	244.150181	56.889149	246.733472	58.182766	249.514707	59.489527	252.536101	60.792568	255.845718	62.070893	259.496340	63.298755	263.542932	64.445162	268.037504	65.473817	-86.979291	66.343821	-81.490292	67.011671	-75.516633	67.434763	-69.131135
491.550200	46.634929	225.385378	47.404483	227.237982	48.238454	229.122168	49.136815	231.043448	50.098898	233.009530	51.123268	235.030769	52.207610	237.120567	53.348525	239.295916	54.541315	241.577860	55.779696	243.992168	57.055445	246.569902	58.357961	249.347983	59.673737	252.369486	60.985759	255.683594	62.272810	259.344432	63.508820	263.408507	64.662350	267.929412	65.696508	-87.050900	66.569685	-81.514792	67.237608	-75.484516	67.656998	-69.036161
492.028660	46.727179	225.310348	47.502877	227.153670	48.343251	229.028253	49.248285	230.939704	50.217318	232.895838	51.248928	234.907166	52.340808	236.987279	53.489564	239.153402	54.690498	241.426901	55.937314	243.833941	57.221758	246.406108	58.533175	249.181028	59.857969	252.202641	61.178975	255.521246	62.474757	259.192322	63.718919	263.273923	64.879575	267.821230	65.919234	-87.122490	66.795580	-81.539129	67.463563	-75.452059	67.879228	-68.940660
492.506990	46.819983	225.232915	47.601836	227.066808	48.448628	228.931640	49.360351	230.833098	50.336354	232.779117	51.375228	234.780358	52.474676	236.850610	53.631307	239.007318	54.840427	241.272175	56.095727	243.671763	57.388927	246.238208	58.709317	249.009858	60.043211	252.031566	61.373293	255.354799	62.677903	259.036480	63.930309	263.136341	65.098154	267.711253	66.143331	-87.194050	67.022771	-81.560996	67.690620	-75.414149	68.102208	-68.836540
492.985260	46.912774	225.155493	47.700782	226.979957	48.553993	228.835039	49.472404	230.726506	50.455374	232.662410	51.501513	234.653566	52.608527	236.713959	53.773033	238.861252	54.990337	241.117469	56.254121	243.509606	57.556075	246.070329	58.885437	248.838710	60.228430	251.860512	61.567586	255.188372	62.881023	258.880656	64.141672	262.998777	65.316705	267.601289	66.367400	-87.265602	67.249934	-81.582860	67.917647	-75.376244	68.325160	-68.732434
493.463380	47.006140	225.075662	47.800320	226.890551	48.659963	228.735725	49.585082	230.617034	50.575048	232.542657	51.628476	234.523546	52.743089	236.573864	53.915511	238.711541	55.141046	240.958915	56.413369	243.343412	57.724140	245.898260	59.062552	248.663245	60.414729	251.685128	61.763059	255.017776	63.085422	258.721092	64.354404	262.858258	65.536694	267.489720	66.592919	-87.336770	67.478458	-81.601610	68.145795	-75.331924	68.548823	-68.618422
493.941440	47.099512	224.995764	47.899866	226.801075	48.765941	228.636336	49.697768	230.507483	50.694729	232.422821	51.755447	234.393439	52.877658	236.433676	54.057997	238.561732	55.291764	240.800258	56.572625	243.177109	57.892216	245.726078	59.239678	248.487664	60.601041	251.509627	61.958548	254.847068	63.289837	258.561428	64.567155	262.717661	65.756703	267.378112	66.818458	-87.407919	67.706998	-81.620259	68.373953	-75.287405	68.772484	-68.504108
494.419370	47.193365	224.913507	47.999897	226.709096	48.872415	228.534292	49.810958	230.395115	50.814924	232.299985	51.882950	234.260143	53.012779	236.290109	54.201059	238.408335	55.443089	240.637804	56.732530	243.006788	58.060994	245.549675	59.417567	248.307728	60.788191	251.329713	62.154957	254.672035	63.495269	258.397776	64.781016	262.573776	65.977888	267.264449	67.045186	-87.479243	67.936653	-81.636496	68.603018	-75.237309	68.996672	-68.380886
494.897190	47.287268	224.830937	48.099976	226.616786	48.978938	228.431898	49.924198	230.282376	50.935168	232.176753	52.010504	234.126427	53.147952	236.146098	54.344173	238.254466	55.594469	240.474851	56.892495	242.835940	58.229838	245.372716	59.595529	248.127218	60.975423	251.149218	62.351458	254.496432	63.700802	258.233598	64.994991	262.429459	66.199194	267.150520	67.272037	-87.550577	68.166420	-81.652394	68.832166	-75.186443	69.220891	-68.256444
495.374940	47.381619	224.746337	48.200516	226.522320	49.085931	228.327207	50.037922	230.167192	51.055914	232.050925	52.138575	233.989939	53.283667	235.999139	54.487857	238.097468	55.746455	240.308563	57.053105	242.661575	58.399375	245.192076	59.774245	247.942891	61.163480	250.964854	62.548863	254.317062	63.907326	258.065966	65.210030	262.282394	66.421626	267.035018	67.500018	-87.621647	68.397232	-81.665501	69.062137	-75.129710	69.445560	-68.122929
495.852540	47.476069	224.661203	48.301154	226.427290	49.193024	228.221916	50.151749	230.051370	51.176764	231.924420	52.266753	233.852728	53.419493	235.851412	54.631657	237.939655	55.898566	240.141408	57.213847	242.486293	58.569056	245.010476	59.953119	247.757567	61.351711	250.779479	62.746463	254.136709	64.114064	257.897433	65.425302	262.134616	66.644305	266.919116	67.728248	-87.692625	68.628267	-81.677839	69.292272	-75.071383	69.670291	-67.986964
496.330080	47.570906	224.574287	48.402190	226.330353	49.300524	228.114593	50.265993	229.933387	51.298046	231.795613	52.395380	233.713066	53.555787	235.701065	54.775950	237.779041	56.051195	239.971281	57.375147	242.307861	58.739336	244.825550	60.132644	247.568791	61.540654	250.590602	62.944843	253.952923	64.321655	257.725778	65.641502	261.984328	66.867962	266.801829	67.957458	-87.763268	68.860198	-81.687448	69.523094	-75.007416	69.895346	-67.842350
496.807500	47.665899	224.486592	48.503384	226.232583	49.408185	228.006384	50.380402	229.814462	51.419498	231.665804	52.524183	233.572337	53.692264	235.549576	54.920434	237.617208	56.204025	239.799861	57.536663	242.128056	58.909850	244.639174	60.312425	247.378511	61.729878	250.400198	63.143534	253.767640	64.529586	257.552763	65.858073	261.832949	67.092011	266.683946	68.187062	-87.833749	69.092483	-81.695837	69.754176	-74.940942	70.120503	-67.693903
497.284790	47.761180	224.397257	48.604866	226.133071	49.516137	227.896323	50.495105	229.693561	51.541246	231.533880	52.653290	233.429352	53.829052	235.395683	55.065242	237.452804	56.357198	239.625689	57.698544	241.945324	59.080759	244.449703	60.492638	247.184997	61.919583	250.206473	63.342763	253.579066	64.738122	257.376666	66.075311	261.679030	67.316773	266.564486	68.417385	-87.904260	69.325419	-81.702085	69.985728	-74.869664	70.345809	-67.537916
497.761990	47.856655	224.306813	48.706543	226.032382	49.624286	227.785010	50.610005	229.571327	51.663195	231.400527	52.782600	233.284844	53.966052	235.240165	55.210270	237.286662	56.510600	239.449659	57.860670	241.760614	59.251935	244.258142	60.673143	246.989300	62.109612	250.010507	63.542354	253.388269	64.947064	257.198488	66.292998	261.523395	67.542015	266.443963	68.648194	-87.974793	69.558795	-81.706887	70.217597	-74.795142	70.571216	-67.376835
498.239110	47.952383	224.215053	48.808478	225.930291	49.732695	227.672199	50.725172	229.447489	51.785416	231.265463	52.912190	233.138507	54.103341	235.082681	55.355601	237.118413	56.664324	239.271378	58.023137	241.573502	59.423478	244.064037	60.854051	246.790928	62.300085	249.811800	63.742441	253.194767	65.156555	257.017815	66.511286	261.365743	67.767897	266.322299	68.879641	-88.045040	69.792737	-81.709406	70.449851	-74.715904	70.796706	-67.208573
498.716090	48.048353	224.121995	48.910655	225.826818	49.841351	227.557910	50.840590	229.322072	51.907895	231.128714	53.042043	232.990367	54.240902	234.923260	55.501217	236.948090	56.818348	239.090881	58.185923	241.384023	59.595366	243.867425	61.035336	246.589921	62.490976	249.610392	63.942995	252.998600	65.366566	256.834682	66.730144	261.206105	67.994385	266.199517	69.111694	-88.114993	70.027213	-81.709654	70.682460	-74.631983	71.022252	-67.033188
499.192990	48.144503	224.027804	49.013014	225.722131	49.950187	227.442328	50.956188	229.195275	52.030554	230.990486	53.172079	232.840639	54.378649	234.762135	55.647024	236.775941	56.972573	238.908420	58.348924	241.192434	59.767487	243.668567	61.216879	246.386550	62.682156	249.406535	64.143875	252.799977	65.576948	256.649236	66.949419	261.044526	68.221325	266.075536	69.344200	-88.184954	70.262089	-81.708196	70.915325	-74.544258	71.247801	-66.851887
499.669770	48.240920	223.931948	49.115638	225.615660	50.059287	227.324842	51.072049	229.066448	52.153477	230.850084	53.302383	232.688575	54.516670	234.598503	55.793111	236.601106	57.127092	238.723072	58.512239	240.997746	59.939950	243.466406	61.398797	246.179704	62.873760	249.199079	64.345231	252.597744	65.787875	256.460390	67.169308	260.880094	68.448930	265.949794	69.577374	-88.254926	70.497550	-81.704231	71.148564	-74.450941	71.473354	-66.661888
500.146450	48.337469	223.835280	49.218395	225.508327	50.168521	227.206434	51.188045	228.936631	52.276536	230.708623	53.432825	232.535372	54.654832	234.433648	55.939346	236.424947	57.281765	238.536298	58.675718	240.801530	60.112590	243.262608	61.580912	245.971128	63.065583	248.989829	64.546836	252.393721	65.999082	256.269871	67.389510	260.714303	68.676870	265.823286	69.810883	-88.324673	70.733293	-81.698624	71.381958	-74.354254	71.698848	-66.466810
500.623050	48.434346	223.736754	49.321482	225.399016	50.278090	227.085910	51.304379	228.804543	52.399939	230.564733	53.563619	232.379555	54.793353	234.265985	56.085956	236.245749	57.436833	238.346250	58.839616	240.601810	60.285681	243.055056	61.763524	245.758587	63.257958	248.776473	64.749066	252.185601	66.210987	256.075525	67.610484	260.545395	68.905637	265.695017	70.045220	-88.393931	70.969743	-81.689311	71.615771	-74.249943	71.924276	-66.260229
501.099520	48.531299	223.637676	49.424645	225.289114	50.387734	226.964751	51.420787	228.671776	52.523416	230.420112	53.694486	232.222951	54.931950	234.097472	56.232643	236.065638	57.591981	238.155213	59.003600	240.401020	60.458865	242.846359	61.946241	245.544825	63.450452	248.561847	64.951432	251.976202	66.423052	255.879972	67.831639	260.375492	69.134602	265.566178	70.279752	-88.463041	71.206351	-81.678816	71.849649	-74.143185	72.149614	-66.049968
501.575900	48.628626	223.536419	49.528181	225.176881	50.497751	226.841092	51.537574	228.536326	52.647277	230.272602	53.825743	232.063237	55.070950	233.925604	56.379743	235.881914	57.747560	237.960274	59.168044	240.196013	60.632550	242.633152	62.129507	245.326261	63.643558	248.342229	65.154487	251.761781	66.635898	255.679682	68.053670	260.201677	69.364516	265.435075	70.515224	-88.531649	71.443764	-81.663835	72.083972	-74.027074	72.374803	-65.825604
502.052190	48.725980	223.434862	49.631743	225.064328	50.607793	226.717090	51.654383	228.400509	52.771159	230.124698	53.957020	231.903098	55.209968	233.753276	56.526861	235.697691	57.903158	237.764794	59.332508	239.990419	60.806256	242.419311	62.312797	245.107020	63.836696	248.121898	65.357583	251.546635	66.848797	255.478697	68.275766	260.027271	69.594504	265.303609	70.750769	-88.600226	71.681228	-81.648244	72.318299	-73.909648	72.599910	-65.599246
502.528320	48.823679	223.330752	49.735646	224.949037	50.718168	226.590160	51.771518	228.261548	52.895359	229.973408	54.088613	231.739312	55.349299	233.577001	56.674299	235.509189	58.059087	237.564689	59.497319	239.779816	60.980340	242.200055	62.496512	244.882018	64.030321	247.895508	65.561255	251.325338	67.062375	255.271821	68.498646	259.847864	69.825358	265.169044	70.987188	-88.668631	71.919406	-81.627691	72.552931	-73.781400	72.824618	-65.356426
503.004390	48.921369	223.226628	49.839539	224.833732	50.828532	226.463216	51.888642	228.122571	53.019547	229.822101	54.220192	231.575508	55.488616	233.400706	56.821721	235.320665	58.214999	237.364560	59.662114	239.569186	61.154407	241.980769	62.680207	244.656981	64.223927	247.669080	65.764907	251.104002	67.275932	255.064906	68.721507	259.668425	70.056192	265.034461	71.223586	-88.737026	72.157561	-81.607084	72.787536	-73.653045	73.049293	-65.113451
503.480350	49.019435	223.119614	49.943797	224.715337	50.939254	226.332954	52.006114	227.980029	53.144076	229.666951	54.352105	231.407553	55.628262	233.219912	56.969474	235.127263	58.371250	237.159116	59.827267	239.352783	61.328863	241.755251	62.864341	244.425233	64.418045	247.435574	65.969167	250.875419	67.490211	254.851024	68.945220	259.483055	70.287977	264.896181	71.460946	-88.805203	72.396481	-81.580449	73.022412	-73.511559	73.273398	-64.850622
503.956210	49.117481	223.012623	50.048033	224.596968	51.049952	226.202720	52.123561	227.837516	53.268580	229.511833	54.483991	231.239634	55.767879	233.039156	57.117197	234.933901	58.527467	236.953716	59.992385	239.136426	61.503282	241.529781	63.048435	244.193533	64.612122	247.202117	66.173384	250.646884	67.704445	254.637186	69.168886	259.297725	70.519714	264.757931	71.698255	-88.873366	72.635351	-81.553820	73.257238	-73.370103	73.497456	-64.587848
504.431950	49.215915	222.903173	50.152659	224.475952	51.161041	226.069644	52.241399	227.691935	53.393475	229.353393	54.616273	231.068113	55.907900	232.854490	57.265333	234.736271	58.684116	236.743661	60.157956	238.915008	61.678190	241.298799	63.233070	243.955913	64.806806	246.962405	66.378295	250.411975	67.919484	254.417266	69.393471	259.107366	70.752450	264.616934	71.936546	-88.940267	72.874986	-81.519999	73.492284	-73.214285	73.720844	-64.304104
504.907590	49.314371	222.793495	50.257306	224.354690	51.272149	225.936306	52.359255	227.546070	53.518387	229.194645	54.748570	230.896258	56.047935	232.669462	57.413484	234.538245	58.840779	236.533174	60.323542	238.693119	61.853115	241.067301	63.417726	243.717737	65.001516	246.722102	66.583238	250.176464	68.134566	254.196770	69.618107	258.916532	70.985243	264.475685	72.174892	-89.007027	73.114653	-81.485456	73.727310	-73.057039	73.944123	-64.018287
505.383150	49.413103	222.681427	50.362217	224.230859	51.383510	225.800201	52.477353	227.397225	53.643528	229.032680	54.881085	230.720907	56.188181	232.480631	57.561840	234.336066	58.997646	236.318138	60.489341	238.466251	62.028272	240.830380	63.602649	243.473685	65.196549	246.475526	66.788581	249.934461	68.350149	253.969945	69.843352	258.720223	71.218741	264.330998	72.413943	-89.073468	73.354838	-81.444955	73.962372	-72.886971	74.166634	-63.713433
505.858580	49.511879	222.568808	50.467168	224.106437	51.494906	225.663461	52.595481	227.247696	53.768695	228.869976	55.013623	230.544753	56.328445	232.290926	57.710211	234.132933	59.154526	236.102056	60.655153	238.238235	62.203444	240.592208	63.787593	243.228273	65.391614	246.227496	66.993974	249.690949	68.565803	253.741646	70.068690	258.522640	71.452353	264.185517	72.653109	-89.139818	73.595092	-81.403028	74.197389	-72.713850	74.388908	-63.404060
506.333890	49.610867	222.454104	50.572321	223.979780	51.606492	225.524305	52.713786	227.095560	53.894027	228.704445	55.146313	230.365526	56.468850	232.097861	57.858715	233.926127	59.311536	235.881953	60.821098	238.005793	62.378762	240.349170	63.972708	242.977558	65.586894	245.973791	67.199648	249.441518	68.781823	253.507526	70.294500	258.320011	71.686521	264.036883	72.892834	-89.205804	73.835728	-81.355351	74.432325	-72.528448	74.610336	-63.076665
506.809140	49.709944	222.338518	50.677559	223.852179	51.718156	225.384130	52.832164	226.942323	54.019426	228.537721	55.279065	230.185002	56.609312	231.903377	58.007272	233.717770	59.468597	235.660151	60.987096	237.771482	62.554138	240.104076	64.157892	242.724603	65.782259	245.717688	67.405438	249.189585	68.997994	253.270945	70.520504	258.115251	71.920919	263.886917	73.132790	-89.271635	74.076522	-81.305242	74.667224	-72.337851	74.831401	-62.741645
507.284240	49.809195	222.221191	50.782960	223.722700	51.829973	225.241933	52.950685	226.786892	54.144958	228.368611	55.411939	230.001875	56.749887	231.706052	58.155933	233.506287	59.625758	235.434901	61.153194	237.533368	62.729623	239.854800	64.343206	242.467074	65.977791	245.456636	67.611447	248.932475	69.214463	253.029260	70.746892	257.906045	72.155772	263.734231	73.373204	-89.336893	74.317603	-81.249497	74.901970	-72.135525	75.051595	-62.389705
507.759280	49.908573	222.102684	50.888481	223.591951	51.941904	225.098369	53.069312	226.629976	54.270589	228.197886	55.544907	229.816987	56.890548	231.506804	58.304674	233.292687	59.782999	235.207319	61.319372	237.292680	62.905195	239.602695	64.528623	242.206453	66.173450	245.192238	67.817620	248.671869	69.431151	252.784129	70.973557	257.693837	72.390951	263.579707	73.613946	-89.401771	74.558896	-81.189965	75.136634	-71.925310	75.271222	-62.026380
508.234190	50.008087	221.982749	50.994131	223.459662	52.053955	224.953139	53.188050	226.471259	54.396320	228.025204	55.677964	229.629958	57.031291	231.305202	58.453490	233.076494	59.940308	234.976869	61.485617	237.048817	63.080841	239.347073	64.714128	241.941955	66.369226	244.923632	68.023956	248.406824	69.648062	252.534591	71.200520	257.477800	72.626490	263.422881	73.855042	-89.465990	74.800385	-81.125164	75.371095	-71.704304	75.489996	-61.647739
508.709010	50.107749	221.861334	51.099923	223.325779	52.166142	224.806185	53.306913	226.310677	54.522166	227.850493	55.811127	229.440715	57.172130	231.101164	58.602397	232.857617	60.097700	234.743451	61.651948	236.801670	63.256578	239.087811	64.899739	241.673448	66.565140	244.650677	68.230476	248.137194	69.865221	252.280502	71.427809	257.257807	72.862422	263.263675	74.096524	-89.529537	75.042099	-81.054943	75.605368	-71.472190	75.707912	-61.253328
509.183720	50.207496	221.738767	51.205790	223.190650	52.278391	224.657883	53.425828	226.148629	54.648053	227.674186	55.944320	229.249723	57.312987	230.895201	58.751311	232.636616	60.255093	234.507674	61.818272	236.551900	63.432308	238.825633	65.085350	241.401707	66.761074	244.374185	68.437050	247.863801	70.082486	252.022624	71.655267	257.034445	73.098578	263.102342	74.338234	-89.592688	75.283910	-80.980352	75.839398	-71.230966	75.925041	-60.846078
509.658330	50.307392	221.614358	51.311790	223.053531	52.390760	224.507424	53.544846	225.984237	54.774028	227.495324	56.077581	229.055935	57.453896	230.686162	58.900260	232.412216	60.412509	234.268124	61.984612	236.297938	63.608054	238.558795	65.270991	241.124803	66.957070	244.092053	68.643744	247.584406	70.299952	251.758704	71.883031	256.805714	73.335127	262.937616	74.580345	-89.655223	75.525915	-80.898829	76.073082	-70.975281	76.140957	-60.418440
510.132810	50.407333	221.489109	51.417828	222.915509	52.503155	224.355987	53.663883	225.818782	54.900010	227.315299	56.210840	228.860871	57.594793	230.475714	59.049187	232.186254	60.569895	234.026836	62.150914	236.042032	63.783761	238.289778	65.456596	240.845472	67.153042	243.807246	68.850438	247.302136	70.517455	251.491866	72.110877	256.574363	73.571802	262.771221	74.822584	-89.717447	75.767949	-80.813816	76.306524	-70.712343	76.356204	-59.980734
510.607210	50.507443	221.361634	51.524015	222.775091	52.615682	224.201953	53.783030	225.650510	55.026080	227.132187	56.344163	228.662420	57.735733	230.261534	59.198136	231.956155	60.727283	233.780949	62.317210	235.780987	63.959461	238.015016	65.642209	240.559751	67.349058	243.515407	69.057242	247.012325	70.735168	251.217380	72.339058	256.336150	73.808929	262.600444	75.065285	-89.778908	76.010188	-80.719780	76.539472	-70.430614	76.569846	-59.516909
511.081480	50.607561	221.233641	51.630203	222.634112	52.728202	224.047313	53.902162	225.481576	55.152127	226.948355	56.477455	228.463175	57.876632	230.046475	59.347034	231.725080	60.884614	233.533969	62.483441	235.518714	64.135090	237.738872	65.827751	240.272475	67.545008	243.221838	69.263993	246.720632	70.952850	250.940954	72.567239	256.096157	74.046087	262.428488	75.308021	-89.840232	76.252395	-80.623462	76.772213	-70.144080	76.782999	-59.046498
511.555690	50.707832	221.102997	51.736519	222.490263	52.840821	223.889572	54.021363	225.309254	55.278212	226.760830	56.610750	228.259869	58.017498	229.826932	59.495871	231.489025	61.041853	233.281423	62.649557	235.250206	64.310593	237.455740	66.013178	239.977367	67.740879	242.919582	69.470736	246.419526	71.170646	250.654855	72.795697	255.847301	74.283677	262.250645	75.551216	-89.900970	76.494747	-80.516023	77.004234	-69.834048	76.994055	-58.543793
512.029790	50.808094	220.972190	51.842823	222.346238	52.953424	223.731638	54.140546	225.136723	55.404274	226.573075	56.744019	228.056308	58.158334	229.607104	59.644672	231.252650	61.199053	233.028516	62.815630	234.981288	64.486049	237.172141	66.198557	239.681730	67.936703	242.616727	69.677436	246.117762	71.388405	250.368070	73.024127	255.597817	74.521250	262.072405	75.794392	-79.237182	76.737051	-80.407596	77.236135	-69.522030	77.204878	-58.038459
512.503720	50.908526	220.838543	51.949272	222.199140	53.066145	223.570352	54.259811	224.960539	55.530382	226.381300	56.877299	227.848312	58.299146	229.382360	59.793410	231.010790	61.356154	232.769459	62.981579	234.705438	64.661368	236.880708	66.383802	239.377272	68.132426	242.304018	69.884122	245.805256	71.606283	250.070179	73.252852	255.338203	74.759288	261.887695	76.038050	91.318691	76.979411	-80.284099	77.466961	-69.179452	77.412895	-57.492385
512.977600	51.008948	220.704910	52.055710	222.052057	53.178853	223.409082	54.379064	224.784374	55.656477	226.189545	57.010566	227.640339	58.439943	229.157640	59.942132	230.768954	61.513239	232.510428	63.147511	234.429618	64.836669	236.589305	66.569027	239.072846	68.328128	241.991343	70.090786	245.492782	71.824137	249.772320	73.481552	255.078616	74.997302	261.703005	76.281682	261.856571	77.221745	-80.160615	77.697762	-68.836909	77.620890	-56.946369
513.451350	51.109533	220.568311	52.162280	221.901758	53.291662	223.244317	54.498382	224.604387	55.782601	225.993601	57.143819	227.427733	58.580684	228.927769	60.090755	230.521352	61.670187	232.244906	63.313269	234.146449	65.011774	236.289567	66.754059	238.758959	68.523671	241.668023	70.297367	245.168604	72.042048	249.462234	73.710510	254.807716	75.235774	261.510969	76.525791	269.863475	77.464082	-80.019974	77.927287	-68.459732	77.825677	-56.355166
513.925050	51.210117	220.431577	52.268848	221.751313	53.404466	223.079394	54.617692	224.424226	55.908715	225.797467	57.277059	227.214916	58.721409	228.697663	60.239359	230.273486	61.827115	231.979086	63.479003	233.862942	65.186853	235.989442	66.939066	238.444631	68.719187	241.344204	70.503924	244.843875	72.259942	249.151571	73.939460	254.536279	75.474246	261.318586	76.769901	269.806474	77.706396	-79.878495	78.156728	-68.080871	78.030286	-55.761777
514.398620	51.310775	220.292089	52.375454	221.597879	53.517268	222.911219	54.736959	224.240503	56.034739	225.597408	57.410162	226.997767	58.861944	228.462724	60.387724	230.020208	61.983751	231.707159	63.644405	233.572506	65.361570	235.681414	67.123690	238.121284	68.914348	241.010147	70.710190	244.507746	72.477680	248.828810	74.168447	254.253367	75.712958	261.118313	77.014304	269.750462	77.948571	-79.720875	78.384811	-67.668820	78.231722	-55.125870
514.872070	51.411425	220.152111	52.482047	221.443915	53.630048	222.742467	54.856194	224.056147	56.160722	225.396653	57.543212	226.779847	59.002415	228.226923	60.536015	229.765965	62.140301	231.434139	63.809711	233.280825	65.536184	235.371961	67.308205	237.796307	69.109404	240.674233	70.916360	244.169542	72.695343	248.503840	74.397395	253.968355	75.951666	260.916596	77.258712	269.694647	78.190671	-79.560254	78.612593	-67.250614	78.432521	-54.482102
515.345400	51.512142	220.009882	52.588677	221.287503	53.742834	222.571038	54.975401	223.868859	56.286638	225.192665	57.676155	226.558335	59.142738	227.987103	60.684112	229.507184	62.296614	231.155976	63.974738	232.983264	65.710485	235.055758	67.492397	237.463560	69.304141	240.329423	71.122267	243.821351	72.912852	248.168175	74.626351	253.673175	76.190564	260.708122	77.503335	269.640712	78.432533	-79.382809	78.838909	-66.799202	78.630101	-53.797409
515.818660	51.612879	219.866827	52.695315	221.130193	53.855615	222.398628	55.094592	223.680497	56.412522	224.987492	57.809052	226.335504	59.282998	227.745808	60.832131	229.246738	62.452830	230.875924	64.139652	232.683541	65.884662	234.737072	67.676459	237.127954	69.498749	239.981337	71.328065	243.469482	73.130291	247.828569	74.855298	253.374246	76.429519	260.497157	77.748024	269.587476	78.674294	-79.199144	79.064670	-66.335521	78.826479	-53.097600
516.291810	51.713627	219.721703	52.801934	220.970635	53.968346	222.223764	55.213693	223.489445	56.538278	224.779342	57.941776	226.109364	59.423040	227.500816	60.979882	228.982127	62.608734	230.591124	64.304210	232.378384	66.058443	234.412114	67.860104	236.785101	69.692948	239.624900	71.533497	243.108127	73.347462	247.478635	75.084142	253.065230	76.668555	260.279045	77.992854	269.535161	78.915798	-79.000236	79.289051	-65.841210	79.019897	-52.360989
516.764830	51.814370	219.575313	52.908527	220.809702	54.081031	222.047400	55.332722	223.296746	56.663937	224.569372	58.074376	225.881198	59.562929	227.253558	61.127448	228.714963	62.764423	230.303411	64.468525	232.069891	66.231957	234.083304	68.043466	236.437792	69.886866	239.263322	71.738675	242.740925	73.564437	247.122332	75.312893	252.749989	76.907609	260.056523	78.237740	269.483425	79.157111	-78.791886	79.512544	-65.327936	79.211452	-51.601615
517.237790	51.915138	219.427284	53.015124	220.646985	54.193692	221.869087	55.451701	223.101899	56.789514	224.357026	58.206861	225.650383	59.702666	227.003321	61.274826	228.444419	62.919886	230.011846	64.632576	231.756957	66.405176	233.749347	68.226513	236.084482	70.080466	238.894765	71.943568	242.365716	73.781209	246.757225	75.541573	252.426077	77.146756	259.827926	78.482760	269.433110	79.398174	-78.568653	79.734717	-64.785822	79.400262	-50.809081
517.710630	52.015919	219.277653	53.121713	220.482527	54.306316	221.688872	55.570617	222.904952	56.914995	224.142359	58.339214	225.416978	59.842236	226.750169	61.421999	228.170567	63.075103	229.716508	64.796344	231.439672	66.578083	233.410345	68.409225	235.725285	70.273726	238.519356	72.148152	241.982637	73.997752	246.383461	75.770154	252.093632	77.385965	259.593353	78.727882	269.384207	79.638960	-78.330736	79.955556	-64.215264	79.586337	-49.983865
518.183350	52.116692	219.126792	53.228273	220.316726	54.418891	221.507183	55.689459	222.706382	57.040375	223.925891	58.471438	225.181558	59.981643	226.494743	61.568975	227.894128	63.230090	229.418194	64.959849	231.118937	66.750694	233.067310	68.591618	235.361345	70.466662	238.138368	72.352430	241.593083	74.214048	246.002468	75.998599	251.753945	77.625168	259.353642	78.973032	269.336648	79.879433	-78.079553	80.175153	-63.619592	79.769981	-49.131121
518.655940	52.217466	218.973974	53.334801	220.148786	54.531404	221.323147	55.808199	222.505227	57.165613	223.706557	58.603474	224.942927	60.120811	226.235697	61.715661	227.613571	63.384731	229.115145	65.122958	230.792719	66.922861	232.717872	68.773530	234.989877	70.659109	237.748534	72.556249	241.193269	74.429982	245.610022	76.226857	251.402792	77.864395	259.105795	79.218258	269.291203	80.119446	-77.807411	80.392818	-62.984228	79.949817	-48.234845
519.128480	52.318217	218.820220	53.441290	219.979826	54.643857	221.137993	55.926860	222.302841	57.290749	223.485854	58.735383	224.702766	60.259827	225.974926	61.862166	227.331048	63.539162	228.809836	65.285828	230.463875	67.094762	232.365351	68.955158	234.614771	70.851263	237.354392	72.759788	240.788389	74.645679	245.211823	76.454963	251.045725	78.103583	258.853515	79.463491	269.246438	80.359208	-77.524936	80.609504	-62.329335	80.127796	-47.318143
519.600890	52.418905	218.663964	53.547673	219.808136	54.756155	220.949847	56.045308	222.097156	57.415613	223.261485	58.866954	224.458509	60.398435	225.709534	62.008189	227.043260	63.693035	228.498477	65.448057	230.127999	67.265954	232.004578	69.136024	234.229921	71.042632	236.948717	72.962579	240.369948	74.860742	244.798220	76.682662	250.672827	78.342671	258.589371	79.708746	269.203490	80.598304	-77.214798	80.823572	-61.622156	80.300808	-46.346753
520.073240	52.519577	218.507205	53.654031	219.635898	54.868416	220.761099	56.163709	221.890805	57.540417	223.036373	58.998451	224.213416	60.536954	225.443194	62.154104	226.754386	63.846783	228.185859	65.610144	229.790650	67.436986	231.642062	69.316717	233.842991	71.233821	236.540547	73.165192	239.948538	75.075651	244.381193	76.910257	250.296352	78.581723	258.322550	79.953989	269.161200	80.837210	-76.897562	81.036968	-60.902151	80.472608	-45.362791
520.545410	52.620190	218.347663	53.760281	219.460621	54.980513	220.569013	56.281886	221.680758	57.664929	222.807139	59.129581	223.963692	60.675024	225.171604	62.299483	226.459510	63.999900	227.866292	65.771512	229.445176	67.607206	231.269945	69.496526	233.444612	71.424087	236.118659	73.366903	239.510821	75.289790	243.945393	77.137358	249.900278	78.820650	258.041076	80.199242	269.122482	81.075161	-76.541565	81.246766	-60.112068	80.637856	-44.310054
521.017520	52.720785	218.188010	53.866512	219.285224	55.092586	220.376794	56.400036	221.470564	57.789409	222.577742	59.260675	223.713784	60.813052	224.899802	62.444815	226.164389	64.152965	227.546439	65.932822	229.099362	67.777362	230.897420	69.676266	233.045740	71.614281	235.696168	73.568541	239.072369	75.503860	243.508721	77.364401	249.503263	79.059538	257.758860	80.444464	269.083907	81.313034	-76.183659	81.456358	-59.318630	80.802768	-43.254278
521.489500	52.821246	218.025011	53.972537	219.106171	55.204384	220.180551	56.517828	221.255927	57.913439	222.343394	59.391219	223.458313	60.950424	224.621689	62.589373	225.862020	64.305132	227.218194	66.093106	228.743706	67.946378	230.513216	69.854760	232.632858	71.803167	235.256747	73.768889	238.613533	75.716793	243.048127	77.590643	249.080630	79.298121	257.456569	80.689600	269.048935	81.549593	-75.775174	81.661244	-58.435776	80.959465	-42.116482
521.961430	52.921695	217.862029	54.078551	218.927138	55.316170	219.984329	56.635607	221.041313	58.037456	222.109071	59.521749	223.202869	61.087781	224.343604	62.733915	225.559682	64.457284	226.889983	66.253374	228.388088	68.115377	230.129053	70.033235	232.220020	71.992033	234.817373	73.969216	238.154745	75.929704	242.587582	77.816862	248.658042	79.536678	257.154311	80.934710	269.013966	81.786127	-75.366732	81.866108	-57.553015	81.116147	-40.978806
522.433230	53.022041	217.695939	54.184405	218.744697	55.427729	219.784360	56.753083	220.822534	58.161089	221.870092	59.651800	222.942174	61.224556	224.059528	62.877764	225.250454	64.608623	226.553732	66.412701	228.022983	68.283311	229.733546	70.210540	231.793459	72.179651	234.361270	74.168298	237.675524	76.141499	242.102691	78.042301	248.208877	79.774972	256.831009	81.179776	268.984269	82.021181	-74.899642	82.065706	-56.571929	81.264042	-39.757973
522.904910	53.122355	217.529610	54.290222	218.561995	55.539241	219.584103	56.870504	220.603435	58.284659	221.630754	59.781779	222.681071	61.361248	223.774985	63.021518	224.940684	64.759856	226.216842	66.571908	227.657117	68.451112	229.337121	70.387701	231.365776	72.367115	233.903783	74.367223	237.194596	76.353145	241.615745	78.267618	247.757450	80.013187	256.505909	81.424781	268.955049	82.256049	-74.427440	82.264789	-55.582320	81.411122	-38.530020
523.376460	53.222545	217.360547	54.395856	218.376292	55.650510	219.380535	56.987613	220.380657	58.407834	221.387295	59.911278	222.415307	61.497361	223.485125	63.164587	224.624772	64.910286	225.872767	66.730192	227.282724	68.617867	228.930454	70.563698	230.925602	72.553340	233.430883	74.564887	236.694602	76.563636	241.105629	78.492087	247.280068	80.251055	256.159558	81.669685	268.931121	82.489342	-73.894501	82.458516	-54.496016	81.549743	-37.227590
523.847960	53.322700	217.190800	54.501441	218.189839	55.761714	219.176139	57.104640	220.156958	58.530905	221.142804	60.040650	222.148377	61.633324	223.193934	63.307478	224.307321	65.060507	225.526891	66.888238	226.906192	68.784351	228.521215	70.739396	230.482290	72.739247	232.954110	74.762225	236.189813	76.773828	240.589682	78.716333	246.796150	80.488826	255.807854	81.914554	268.908530	82.722228	-73.346246	82.650883	-53.385337	81.686223	-35.906401
524.319340	53.422672	217.018615	54.606788	218.000714	55.872616	218.968793	57.221294	219.929983	58.653527	220.894642	60.169484	221.877298	61.768651	222.898003	63.449627	223.984381	65.209874	225.174587	67.045310	226.522017	68.949739	228.102735	70.913884	230.027636	72.923846	232.463214	74.958230	235.667294	76.982764	240.051743	78.939600	246.286822	80.726121	255.434224	82.159232	268.890106	82.953475	-72.737298	82.837980	-52.183329	81.814896	-34.522100
524.790590	53.522542	216.845297	54.712006	217.810347	55.983356	218.760076	57.337752	219.701484	58.775917	220.644772	60.298043	221.604289	61.903654	222.599862	63.591403	223.658880	65.358812	224.819280	67.201895	226.134266	69.114578	227.679921	71.087769	229.567654	73.107795	231.965675	75.153569	235.136419	77.191072	239.503424	79.162368	245.765482	80.963151	255.050219	82.403781	268.873668	83.183905	-72.099562	83.022540	-50.938049	81.939835	-33.107982
525.261780	53.622286	216.670072	54.817054	217.617884	56.093879	218.549040	57.453935	219.470405	58.897968	220.392002	60.426195	221.327974	62.038173	222.297929	63.732606	223.328970	65.507081	224.458766	67.357707	225.740276	69.278538	227.249508	71.260668	229.098247	73.290670	231.456248	75.347783	234.590388	77.398307	238.935896	79.384285	245.221343	81.199775	254.646091	82.648172	268.862649	83.412675	-71.399799	83.201964	-49.607551	82.057657	-31.641841
525.732850	53.721915	216.493349	54.921950	217.423773	56.204210	218.336183	57.569881	219.237300	59.019730	220.136952	60.554003	221.049060	62.172285	221.993008	63.873330	222.995586	65.654794	224.094143	67.512877	225.341359	69.441769	226.813084	71.432751	228.621377	73.472659	230.937393	75.541067	234.032322	77.604651	238.353096	79.605487	244.659058	81.436036	254.225933	82.892401	268.855964	83.640084	-70.650544	83.377253	-48.209112	82.169772	-30.134324
526.203800	53.821393	216.315076	55.026655	217.227958	56.314306	218.121443	57.685542	219.002090	59.141152	219.879535	60.681405	220.767465	62.305922	221.684997	64.013502	222.658601	65.801870	223.725265	67.667319	224.937328	69.604174	226.370396	71.603911	228.136688	73.653639	230.408581	75.733291	233.461359	77.809961	237.753590	79.825836	244.076246	81.671842	253.786608	83.136441	268.853610	83.865901	-69.842911	83.547906	-46.737872	82.275941	-28.588457
526.674620	53.920677	216.134761	55.131116	217.029898	56.424097	217.904224	57.800837	218.764108	59.262135	219.619002	60.808284	220.482341	62.438945	221.372918	64.152958	222.316880	65.948121	223.350791	67.820815	224.526575	69.765505	225.919476	71.773870	227.641729	73.833307	229.866696	75.924138	232.873466	78.013925	237.132162	80.045078	243.466506	81.907065	253.322146	83.380245	268.856928	84.089643	-68.958748	83.712495	-45.171166	82.374328	-26.992255
527.145390	54.019868	215.953354	55.235455	216.830640	56.533737	217.685672	57.915944	218.524638	59.382891	219.356789	60.934893	220.195299	62.571647	221.058631	64.292038	221.972575	66.093932	222.973249	67.973801	224.112111	69.926252	225.463985	71.943168	227.141011	74.012243	229.317385	76.114202	232.275812	78.217112	236.497791	80.263669	242.840341	82.141949	252.841698	83.623931	268.864675	84.311986	-68.022085	83.873204	-43.547066	82.468117	-25.370376
527.616030	54.118844	215.769510	55.339519	216.628706	56.643034	217.464147	58.030630	218.281849	59.503134	219.090825	61.060893	219.903979	62.703627	220.739418	64.430270	221.622504	66.238752	222.588857	68.125641	223.689364	70.085690	224.998286	72.110983	226.627426	74.189533	228.751484	76.302509	231.656345	78.418550	235.834488	80.480795	242.177455	82.376066	252.325506	83.867341	268.882327	84.531187	-66.968010	84.025227	-41.794629	82.551619	-23.691115
528.086550	54.217733	215.585032	55.443478	216.426072	56.752205	217.241847	58.145165	218.038193	59.623201	218.823883	61.186686	219.611537	62.835367	220.418906	64.568223	221.270905	66.383252	222.202641	68.277115	223.264395	70.244710	224.529824	72.278327	226.110322	74.366299	228.180983	76.490251	231.030705	78.619414	235.162773	80.697415	241.503437	82.609886	251.797791	84.110620	268.903158	84.749298	-65.875077	84.174546	-40.006163	82.632208	-21.998850
528.557010	54.316337	215.397555	55.547075	216.220131	56.860926	217.015885	58.259151	217.790443	59.742609	218.552329	61.311692	219.313831	62.966174	220.092313	64.705084	220.912181	66.526477	221.807945	68.427116	222.829146	70.402038	224.048639	72.443752	225.577092	74.540917	227.589513	76.675672	230.377060	78.817933	234.453078	80.912010	240.779377	82.842622	251.218446	84.353563	268.938103	84.962791	-64.608720	84.312028	-38.056122	82.699964	-20.247223
529.027340	54.414892	215.209916	55.650615	216.014012	56.969582	216.789723	58.373064	217.542469	59.861934	218.280519	61.436602	219.015829	63.096875	219.765373	64.841824	220.553041	66.669565	221.412743	68.576963	222.393269	70.559191	223.566655	72.608982	225.042817	74.715318	226.996636	76.860858	229.721464	79.016207	233.740612	81.126376	240.051446	83.075198	250.634784	84.596410	268.974364	85.175801	-63.327071	84.448499	-36.094750	82.766740	-18.492662
529.497560	54.513062	215.018867	55.753675	215.804129	57.077650	216.559377	58.486266	217.289817	59.980409	218.003406	61.560507	218.711767	63.226394	219.431413	64.977180	220.185653	66.811045	221.007671	68.724944	221.945363	70.714196	223.069672	72.771757	224.489345	74.886969	226.378467	77.043023	229.031496	79.211355	232.980264	81.337945	239.257735	83.306178	249.978746	84.838735	269.032080	85.381892	-61.792313	84.569160	-33.941538	82.817933	-16.683164
529.967710	54.611217	214.827847	55.856719	215.594278	57.185702	216.329066	58.599450	217.037202	60.098866	217.726335	61.684393	218.407751	63.355894	219.097503	65.112516	219.818320	66.952504	220.602660	68.872902	221.497524	70.869178	222.572763	72.934508	223.935956	75.058594	225.760391	77.225162	228.341630	79.406475	232.220029	81.549483	238.464141	83.537125	249.322806	85.081024	269.089787	85.587952	-60.257785	84.689804	-31.788646	82.869120	-14.873934
530.437740	54.708908	214.633329	55.959196	215.380579	57.293070	216.094491	58.711820	216.779795	60.216359	217.443858	61.807144	218.097547	63.484065	218.756411	65.246308	219.442537	67.092170	220.187527	69.018796	221.037302	71.021782	222.060351	73.094546	223.362596	75.227143	225.115728	77.403894	227.615050	79.598002	231.407268	81.757693	237.595167	83.766059	248.577416	85.322699	269.174223	85.785156	-58.406668	84.792757	-29.450511	82.904492	-13.026703
530.907650	54.806541	214.438600	56.061607	215.166646	57.400362	215.859658	58.824102	216.522096	60.333752	217.161049	61.929782	217.786961	63.612108	218.414870	65.379954	219.066220	67.231671	219.771745	69.164503	220.576276	71.174175	221.546918	73.254346	222.787900	75.395425	224.469258	77.582333	226.885936	79.789218	230.590827	81.965609	236.720840	83.994790	247.825607	85.564272	269.260611	85.981661	-56.532648	84.894380	-27.099272	82.938691	-11.177107
531.377440	54.903802	214.240936	56.163557	214.949469	57.507094	215.621205	58.935711	216.260345	60.450344	216.873635	62.051472	217.471085	63.739035	218.067179	65.512291	218.682628	67.369645	219.347212	69.308424	220.104489	71.324502	221.019897	73.411750	222.195543	75.560960	223.798988	77.757677	226.123350	79.977086	229.725162	82.170304	235.772430	84.221513	246.978576	85.805311	269.381382	86.168016	-54.309050	84.978807	-24.600707	82.958848	-9.309630
531.847170	55.000965	214.042568	56.265388	214.731513	57.613682	215.381882	59.047148	215.997620	60.566731	216.585113	62.172922	217.153937	63.865682	217.718007	65.644298	218.297281	67.507236	218.920566	69.451900	219.630100	71.474314	220.489587	73.568558	221.598905	75.725813	223.122942	77.932253	225.352628	80.164122	228.847515	82.374198	234.805963	84.447731	246.108312	86.046204	269.510555	86.351877	-52.000097	85.059022	-22.066272	82.975570	-7.437902
532.316770	55.097786	213.841746	56.366801	214.510847	57.719765	215.139536	59.157982	215.731492	60.682403	216.292723	62.293528	216.832343	63.991335	217.363643	65.775143	217.905782	67.643464	218.486474	69.593787	219.146509	71.622266	219.947606	73.723207	220.986970	75.888165	222.426027	78.103959	224.552040	80.347977	227.924636	82.574906	233.767860	84.671819	245.136745	86.286573	269.681840	86.524299	-49.323547	85.123407	-19.430940	82.980447	-5.565393
532.786250	55.194429	213.639766	56.468001	214.288901	57.825593	214.895763	59.268513	215.463756	60.797715	215.998504	62.413711	216.508644	64.116493	217.006819	65.905412	217.511362	67.779019	218.048843	69.734890	218.658539	71.769305	219.400063	73.876796	220.367733	76.049291	221.719135	78.274262	223.737148	80.530275	226.980060	82.774053	232.695340	84.894853	244.116449	86.526661	269.873411	86.691185	-46.470066	85.180151	-16.747276	82.979613	-3.692735
533.255680	55.290739	213.435681	56.568797	214.064626	57.930939	214.649405	59.378473	215.193114	60.912357	215.700987	62.533108	216.181157	64.240733	216.645582	66.034607	217.111711	67.913327	217.604900	69.874541	218.162760	71.914654	218.842587	74.028421	219.735422	76.208131	220.994270	78.441923	222.896161	80.709583	225.994924	82.970076	231.555120	85.115633	242.989129	86.766253	178.069392	86.845773	-43.261042	85.223423	-14.009716	82.969480	-1.830902
533.724910	55.386736	213.229905	56.669221	213.838481	58.035847	214.400971	59.487921	214.920137	61.026400	215.400816	62.651806	215.850614	64.364162	216.280779	66.162862	216.707822	68.046547	217.155833	70.012931	217.660623	72.058543	218.277000	74.178352	219.092401	76.365008	220.254633	78.607320	222.033653	80.886332	224.976231	83.163421	230.358719	85.334453	241.772765	87.005350	9.428409	86.990034	-39.756023	85.255424	-11.228046	82.951580	0.021260
534.194150	55.482506	213.022600	56.769367	213.610643	58.140420	214.150642	59.596968	214.645026	61.139965	215.098215	62.769941	215.517264	64.486927	215.912694	66.290336	216.300026	68.178848	216.702015	70.150239	217.152580	72.201159	217.703846	74.326779	218.439323	76.520106	219.501005	78.770612	221.150454	81.060618	223.924362	83.354055	229.103640	85.551124	240.451130	87.244022	-89.258050	87.121839	-35.949929	85.276770	-8.430519	82.926722	1.857278
534.663210	55.577913	212.813214	56.869077	213.380501	58.244475	213.897733	59.705401	214.367008	61.252809	214.792298	62.887229	215.180077	64.608701	215.540114	66.416651	215.886864	68.309791	216.241659	70.285959	216.636382	72.341914	217.120212	74.473013	217.772270	76.672620	218.727875	78.930857	220.238315	81.231345	222.825940	83.540767	227.765971	85.764662	238.980937	87.481991	-88.821427	87.235948	-31.718975	85.283014	-5.611694	82.892020	3.669672
535.132200	55.673117	212.602759	56.968546	213.149176	58.348244	213.643505	59.813499	214.087505	61.365260	214.484692	63.004059	214.840943	64.729940	215.165250	66.542344	215.470985	68.440009	215.777994	70.420833	216.116060	72.481677	216.531275	74.618080	217.098133	76.823751	217.944793	79.089452	219.311225	81.400103	221.702873	83.725203	226.382056	85.976167	237.414581	87.719544	-88.307848	87.339297	-27.296982	85.282098	-2.801497	82.852861	5.465941
535.601070	55.767816	212.389558	57.067415	212.914812	58.451302	213.385890	59.920757	213.804185	61.476726	214.172747	63.119739	214.496810	64.849834	214.784523	66.666465	215.048131	68.568398	215.305847	70.553569	215.585169	72.618930	215.928761	74.760191	216.405867	76.971379	217.136268	79.243869	218.345948	81.563870	220.516904	83.903866	224.880200	86.182525	235.603147	87.956068	-87.598233	87.415258	-22.387953	85.262946	-0.012928	82.802348	7.221372
536.069820	55.862395	212.175844	57.166141	212.679879	58.554193	213.127637	60.027823	213.520144	61.587968	213.859975	63.235159	214.151719	64.969426	214.402668	66.790238	214.623924	68.696379	214.832040	70.685828	215.052187	72.755625	215.323528	74.901642	215.709922	77.118216	216.322493	79.397329	217.372613	81.726463	219.317190	84.081090	223.350812	86.387400	233.723762	88.192229	-86.802004	87.484458	-17.413502	85.240137	2.761295	82.749606	8.965899
536.538510	55.956412	211.958914	57.264192	212.441379	58.656278	212.865401	60.133932	213.231611	61.698083	213.542071	63.349251	213.800695	65.087461	214.013869	66.912180	214.191414	68.822205	214.348117	70.815548	214.506552	72.889311	214.701957	75.039507	214.992041	77.260734	215.477641	79.545529	216.351959	81.882566	218.037368	84.250333	221.662138	86.584077	231.453767	88.426631	-85.510021	87.515132	-12.058759	85.196408	5.457280	82.684072	10.650474
537.007080	56.050395	211.741981	57.362206	212.202876	58.758321	212.603160	60.239996	212.943070	61.808150	213.224155	63.463289	213.449653	65.205436	213.625043	67.034057	213.758865	68.947959	213.864135	70.945187	213.960827	73.022906	214.080249	75.177270	214.273942	77.403133	214.632434	79.693589	215.330688	82.038499	216.756349	84.419365	219.970692	86.780499	229.174934	88.660909	-84.194438	87.545068	-6.704783	85.152345	8.150413	82.618344	12.333398
537.475520	56.143672	211.521320	57.459376	211.960243	58.859365	212.336303	60.344882	212.649316	61.916827	212.900287	63.575696	213.091733	65.321499	213.228132	67.153687	213.316651	69.071069	213.368347	71.071704	213.400287	73.152793	213.439353	75.310584	213.529932	77.540139	213.750263	79.834973	214.252388	82.185958	215.376390	84.577349	218.070957	86.963494	226.282966	88.890883	-81.319825	87.527484	-1.312860	85.085788	10.701935	82.538900	13.936255
537.943850	56.236927	211.300711	57.556525	211.717666	58.960384	212.069508	60.449743	212.355630	62.025479	212.576495	63.688076	212.733896	65.437535	212.831313	67.273288	212.874539	69.194151	212.872676	71.198191	212.839880	73.282649	212.798608	75.443866	212.786096	77.677113	212.868300	79.976324	213.174341	82.333384	213.996755	84.735297	216.171668	87.146446	223.391677	89.120803	-78.445886	87.509905	4.077797	85.019247	13.252857	82.459474	15.538736
538.412110	56.329455	211.076677	57.652811	211.471303	59.060392	211.798484	60.553414	212.057172	62.132741	212.247268	63.798833	212.369769	65.551673	212.427115	67.390674	212.423609	69.314636	212.366225	71.321615	212.265954	73.408876	212.140345	75.572797	212.018552	77.808771	211.952336	80.111032	212.043364	82.472178	212.523530	84.881327	214.065469	87.311940	219.766416	89.335157	-69.290305	87.452360	9.128817	84.934712	15.646043	82.368973	17.063496
538.880250	56.421861	210.852229	57.748958	211.224483	59.160239	211.526948	60.656898	211.758135	62.239787	211.917379	63.909343	212.004871	65.665526	212.022007	67.507731	211.971585	69.434740	211.858426	71.444593	211.690322	73.534579	211.479852	75.701104	211.247959	77.939675	211.031957	80.244803	210.905444	82.609764	211.037905	85.025700	211.931588	87.475016	216.042047	89.547340	-59.281357	87.389385	14.132388	84.847746	18.017180	82.276986	18.577311
539.348330	56.513645	210.624929	57.844365	210.974494	59.259213	211.251869	60.759360	211.455106	62.345637	211.582923	64.018452	211.634699	65.777742	211.610696	67.622870	211.512129	69.552584	211.341539	71.564906	211.103273	73.657093	210.804508	75.825557	210.457199	78.065831	210.082521	80.372536	209.721945	82.739269	209.470475	85.158209	209.609958	87.616742	211.535465	89.631960	-25.815683	87.297791	18.648945	84.747353	20.240848	82.176475	20.022545
539.816220	56.605182	210.396731	57.939484	210.723508	59.357851	210.975674	60.861434	211.150816	62.451036	211.247020	64.127041	211.262848	65.889357	211.197401	67.737308	211.050286	69.669610	210.821716	71.684260	210.512513	73.778467	210.124305	75.948641	209.659796	78.190310	209.123445	80.498147	208.523212	82.865951	207.875503	85.286593	207.224659	87.751082	206.761746	89.672719	15.697603	87.196396	22.996530	84.642382	22.413041	82.073071	21.443691
540.284060	56.696248	210.166264	58.034043	210.470003	59.455826	210.696655	60.962723	210.843330	62.555511	210.907459	64.234540	210.886751	65.999683	210.779105	67.850225	210.582441	69.784836	210.294525	71.801457	209.912467	73.897247	209.432000	76.068545	208.845920	78.310806	208.140581	80.618585	207.287024	82.985481	206.212904	85.403790	204.681981	87.860986	201.292362	89.569543	41.295026	87.076687	26.902071	84.527817	24.461719	81.963284	22.808152
540.751830	56.787003	209.934350	58.128233	210.214891	59.553363	210.415833	61.063497	210.533800	62.659379	210.565561	64.341326	210.507937	66.109167	210.357608	67.962150	210.110753	69.898887	209.762610	71.917250	209.306463	74.014340	208.731922	76.186383	208.021455	78.428716	207.142408	80.735667	206.026709	83.100375	204.506695	85.513742	202.037713	87.955078	195.373454	89.373277	56.595849	86.945141	30.521377	84.407056	26.430341	81.849379	24.135837
541.219420	56.877242	209.700599	58.221823	209.957744	59.650205	210.132745	61.163467	210.221715	62.762317	210.220751	64.447036	210.125759	66.217406	209.932161	68.072627	209.634344	70.011246	209.224929	72.031055	208.693213	74.129065	208.022438	76.301359	207.184220	78.543070	206.125853	80.848150	204.737589	83.208879	202.748967	85.613414	199.276898	88.024270	189.044210	89.164094	66.440912	86.803391	33.826557	84.280274	28.306204	81.731358	25.420341
541.686950	56.966924	209.464700	58.314763	209.698219	59.746293	209.847009	61.262558	209.906645	62.864234	209.872543	64.551563	209.739663	66.324272	209.502120	68.181501	209.152454	70.121726	208.680567	72.142648	208.071583	74.241150	207.302102	76.413134	206.332292	78.653440	205.088207	80.955469	203.415513	83.310192	200.932459	85.701496	196.383485	88.065337	182.249159	88.940245	70.121552	86.650061	36.777648	84.146648	30.077783	81.608647	26.656425
542.154360	57.056299	209.227643	58.407342	209.437408	59.841955	209.559827	61.361152	209.589940	62.965573	209.522458	64.655412	209.351384	66.430344	209.069500	68.289444	208.667457	70.231104	208.132380	72.252925	207.445124	74.351643	206.575456	76.522949	205.471769	78.761330	204.038167	81.059501	202.074106	83.406787	199.082085	85.781639	193.420181	88.086946	175.407261	88.715211	73.090386	86.491447	39.541881	84.009338	31.787277	81.483239	27.862563
542.621700	57.145081	208.988147	58.499220	209.173894	59.936793	209.269608	61.458778	209.269806	63.065777	209.168437	64.757928	208.958535	66.534846	208.631490	68.395536	208.175986	70.338287	207.576237	72.360576	206.808642	74.458952	205.835746	76.628835	204.593503	78.864234	202.962614	81.156908	200.693016	83.493853	197.162373	85.845715	190.314091	88.069119	168.467858	88.487691	74.617331	86.322064	41.928336	83.864506	33.371542	81.352316	29.008442
543.088870	57.233633	208.747973	58.590831	208.909628	60.031323	208.978549	61.556051	208.948722	63.165573	208.813331	64.859975	208.564426	66.638806	208.191997	68.500998	207.682736	70.444733	207.017913	72.467357	206.169418	74.565221	205.092468	76.733453	203.710408	78.965544	201.880180	81.252210	199.301429	83.577901	195.225277	85.904722	187.179820	88.040767	161.659722	88.260170	76.008379	86.150597	44.228765	83.718003	34.923124	81.220119	30.137885
543.555970	57.321325	208.504581	58.681435	208.641788	60.124679	208.683512	61.651957	208.623143	63.263778	208.453114	64.960168	208.164409	66.740607	207.745581	68.603929	207.181233	70.548194	206.449533	72.570590	205.517626	74.667217	204.332975	76.832826	202.805537	79.060210	200.766962	81.338694	197.863237	83.649225	193.211514	85.942244	183.921267	87.967601	155.400549	88.032322	76.823185	85.970028	46.166406	83.564179	36.337822	81.082315	31.198974
544.023010	57.408958	208.261032	58.771970	208.373776	60.217958	208.388280	61.747773	208.297343	63.361879	208.092642	65.060241	207.764097	66.842268	207.298815	68.706697	206.679306	70.651466	205.880632	72.673598	204.865175	74.768942	203.572623	76.931868	201.899507	79.154454	199.652106	81.424614	196.422621	83.719732	191.194109	85.978406	180.659709	87.892301	149.196631	87.804521	77.621744	85.789078	48.086290	83.409996	37.744768	80.944219	32.255960
544.489870	57.495636	208.013967	58.861387	208.101870	60.309923	208.088685	61.842055	207.966611	63.458186	207.726526	65.158217	207.357254	66.941470	206.844364	68.806568	206.168180	70.751305	205.300498	72.772493	204.198644	74.865672	202.794128	77.024704	200.969221	79.240761	198.503343	81.499855	194.932226	83.774627	189.102237	85.988419	177.333360	87.775701	144.045456	87.577161	78.108604	85.600392	49.667715	83.248548	39.005148	80.800198	33.236002
544.956670	57.582302	207.766933	58.950792	207.830000	60.401877	207.789128	61.936326	207.635921	63.554481	207.360457	65.256181	206.950464	67.040659	206.389972	68.906426	205.657118	70.851131	204.720438	72.871375	203.532199	74.962389	202.015734	77.117528	200.039054	79.327058	197.354727	81.575086	193.442022	83.829515	187.010633	85.998430	174.007439	87.659115	138.894944	87.349830	78.595401	85.411730	51.248936	83.087120	40.265365	80.656197	34.215918
545.423400	57.667882	207.516371	59.038932	207.554223	60.492366	207.485217	62.028897	207.300324	63.648809	206.988809	65.351862	206.537242	67.137190	205.928070	69.003175	205.137128	70.947298	204.129547	72.965905	202.852338	75.053859	201.220233	77.203887	199.086396	79.405120	196.175569	81.639300	191.909569	83.868483	184.866476	85.983092	170.707891	87.514504	134.752832	87.123362	78.928958	85.218074	52.579332	82.920293	41.402370	80.507581	35.128008
545.889950	57.753319	207.265541	59.126911	207.278149	60.582672	207.180972	62.121260	206.964351	63.742901	206.616728	65.447274	206.123515	67.233414	205.465571	69.099569	204.616417	71.043056	203.537767	73.059954	202.171357	75.144758	200.423277	77.289554	198.131789	79.482311	194.993725	81.702364	190.373363	83.905808	182.717737	85.965166	167.412262	87.367080	130.715398	86.897068	79.246718	85.023978	53.883580	82.752976	42.526352	80.358549	36.032822
546.356450	57.837916	207.011784	59.213907	206.998829	60.671829	206.873106	62.212286	206.624301	63.835429	206.239998	65.540859	205.704437	67.327495	204.996806	69.193444	204.088272	71.135820	202.937005	73.150416	201.479277	75.231285	199.612308	77.369778	197.159080	79.552510	193.788103	81.756003	188.806868	83.929564	180.542507	85.926939	164.206741	87.203902	127.369973	86.671499	79.484653	84.826746	55.020297	82.581771	43.558049	80.205973	36.884296
546.822810	57.922231	206.757192	59.300578	206.718583	60.760607	206.564203	62.302874	206.283085	63.927451	205.861934	65.633856	205.283819	67.420890	204.526234	69.286515	203.557974	71.227635	202.333632	73.239748	200.783957	75.316439	198.797231	77.448300	196.181045	79.620533	192.575464	81.806720	187.231445	83.949126	178.359682	85.882456	161.029884	87.035905	124.239004	86.446214	79.697890	84.628599	56.105008	82.409412	44.560991	80.052343	37.719081
547.289060	58.005792	206.500256	59.386370	206.435753	60.848367	206.252414	62.392278	205.938623	64.018100	205.480185	65.725254	204.858956	67.512422	204.050721	69.377401	203.021829	71.316866	201.723230	73.325989	200.080041	75.397847	197.971452	77.522173	195.189506	79.682605	191.345971	81.849483	185.637364	83.957504	176.172591	85.822767	157.972177	86.859477	121.534958	86.221662	79.870284	84.428762	57.081933	82.234597	45.497954	79.896346	38.513797
547.755250	58.088892	206.241880	59.471625	206.151334	60.935504	205.938852	62.480958	205.592167	64.107910	205.096170	65.815674	204.431485	67.602813	203.572175	69.466949	202.482092	71.404515	201.108510	73.410337	199.370847	75.476960	197.139102	77.593198	194.189675	79.741032	190.106132	81.887373	184.031827	83.959030	173.982851	85.753758	154.987433	86.677880	119.092472	85.997554	80.017655	84.227888	57.992827	82.058275	46.394503	79.738896	39.283973
548.221310	58.171412	205.981813	59.556207	205.865039	61.021861	205.623202	62.568733	205.243360	64.196669	204.709483	65.904871	204.000938	67.691775	203.090048	69.554814	201.938130	71.490171	200.488731	73.492302	198.655513	75.553168	196.299221	77.660615	193.180628	79.794836	188.855582	81.919116	182.417042	83.952157	171.803039	85.674502	152.115780	86.492081	116.890754	85.774067	80.142809	84.026151	58.836786	81.880439	47.246084	79.579888	40.025486
548.687260	58.253297	205.719858	59.640052	205.576650	61.107362	205.305221	62.655514	204.891929	64.284272	204.319814	65.992723	203.566961	67.779161	202.603927	69.640825	201.389457	71.573630	199.863314	73.571637	197.933338	75.626172	195.450954	77.724048	192.161320	79.843535	187.593103	81.944068	180.791920	83.936000	169.634042	85.583912	149.368925	86.301623	114.955010	85.551248	80.243417	83.823446	59.606822	81.700915	48.048022	79.419145	40.735369
549.153140	58.334733	205.456667	59.723376	205.286900	61.192262	204.985728	62.741602	204.538802	64.371073	203.928227	66.079648	203.130797	67.865468	202.115281	69.725576	200.837835	71.655602	199.234412	73.649200	197.207008	75.697033	194.597729	77.784835	191.136244	79.888879	186.324643	81.964644	179.163931	83.914117	167.480500	85.487148	146.707439	86.109206	113.143417	85.328884	80.334127	83.620404	60.340019	81.520620	48.823065	79.257552	41.427361
549.618900	58.415252	205.190938	59.805645	204.994358	61.275939	204.663130	62.826279	204.182197	64.456239	203.532705	66.164683	202.690145	67.949575	201.621456	69.807757	200.280169	71.734546	198.598363	73.723147	196.472158	75.763526	193.734343	77.840224	190.099343	79.927377	185.043910	81.976289	177.530011	83.880544	165.358398	85.377776	144.220090	85.912781	111.585172	85.107435	80.404634	83.416662	60.998052	81.338739	49.543245	79.094217	42.082863
550.084530	58.495518	204.924607	59.887620	204.701150	61.359280	204.339793	62.910570	203.824763	64.540960	203.136246	66.249201	202.248423	68.033083	201.126392	69.889238	199.721059	71.812665	197.960621	73.796111	195.735318	75.828829	192.868649	77.894146	189.059924	79.964028	183.761055	81.985558	175.896849	83.844004	163.249220	85.265588	141.779950	85.715691	110.077950	84.886278	80.470712	83.212847	61.639042	81.156545	50.250038	78.930501	42.729051
550.550050	58.574722	204.655287	59.968361	204.404645	61.441191	204.012794	62.993202	203.463228	64.623759	202.735160	66.331478	201.801421	68.113979	200.625242	69.967647	199.154871	71.887147	197.314600	73.864722	194.988757	75.888841	191.991664	77.941521	188.008099	79.992387	182.467329	81.984134	174.265434	83.794057	161.196126	85.140595	139.550049	85.515404	108.799106	84.666208	80.516898	83.008493	62.203887	80.972752	50.897235	78.764903	43.333923
551.015500	58.653868	204.385882	60.049037	204.108048	61.523029	203.685693	63.075751	203.101578	64.706464	202.333943	66.413647	201.354271	68.194751	200.123922	70.045914	198.588485	71.961463	196.668349	73.933139	194.241934	75.948622	191.114394	77.988616	186.956012	80.020399	181.173529	81.982278	172.634702	83.743604	159.146223	85.015188	137.328585	85.315060	107.527532	84.446216	80.562498	82.804162	62.766112	80.788938	51.542216	78.599268	43.937177
551.480830	58.731668	204.112937	60.128157	203.807553	61.603072	203.354275	63.156223	202.735121	64.786769	201.927312	66.493029	200.900983	68.272277	199.615592	70.120380	198.014037	72.031292	196.012786	73.996204	193.484423	76.001931	190.225222	78.027749	185.891964	80.038445	179.872294	81.967864	171.017124	83.678259	157.180528	84.877231	135.342824	85.112255	106.461709	84.227582	80.591286	82.599654	63.254614	80.603781	52.125547	78.431891	44.495977
551.946040	58.809448	203.840062	60.207256	203.507136	61.683093	203.022943	63.236674	202.368758	64.867054	201.520786	66.572391	200.447812	68.349782	199.107393	70.194826	197.439736	72.101103	195.357392	74.059253	192.727108	76.055227	189.336279	78.066873	184.828191	80.056485	178.571394	81.953453	169.399963	83.612931	155.215339	84.739310	133.357574	84.909503	105.396162	84.009003	80.620067	82.395198	63.742990	80.418673	52.708727	78.264557	45.054632
552.411190	58.885994	203.563978	60.284929	203.203187	61.761463	202.687702	63.315219	201.998038	64.945122	201.109381	66.649189	199.989134	68.424297	198.592942	70.265764	196.858314	72.166772	194.693913	74.117363	191.960750	76.102553	188.437763	78.098679	183.755953	80.065455	177.268510	81.927887	167.803928	83.535104	153.338144	84.592029	131.568200	84.705325	104.475000	83.791655	80.636556	82.190806	64.174907	80.232637	53.241998	78.095893	45.575987
552.876220	58.962358	203.287540	60.362395	202.898849	61.839597	202.352028	63.393495	201.626835	65.022881	200.697434	66.725632	199.529845	68.498402	198.077794	70.336225	196.276096	72.231883	194.029534	74.174811	191.193389	76.149084	187.538207	78.129518	182.682863	80.073232	175.965679	81.900862	166.211050	83.455656	151.472943	84.443557	129.804952	84.501009	103.573000	83.574520	80.651429	81.986472	64.599313	80.046525	53.768593	77.927094	46.092323
553.341130	59.037591	203.008420	60.438560	202.591580	61.916234	202.013136	63.470047	201.252069	65.098661	200.281519	66.799783	199.066114	68.569849	197.557663	70.403592	195.688288	72.293360	193.358939	74.227949	190.419356	76.190457	186.632112	78.154104	181.605246	80.073392	174.665777	81.864777	164.643449	83.366693	149.687656	84.288736	128.187981	84.296025	102.766340	83.358485	80.659386	81.782472	64.985068	79.860010	54.259037	77.757551	46.580672
553.805910	59.112399	202.728379	60.514238	202.283306	61.992315	201.673139	63.545959	200.876081	65.173708	199.864240	66.873090	198.600859	68.640318	197.035821	70.469824	195.098562	72.353507	192.686215	74.279514	189.643046	76.229952	185.723814	78.176419	180.526187	80.070789	173.367179	81.825413	163.085305	83.274295	147.931682	84.131642	126.624358	84.090836	101.994406	83.142888	80.664832	81.578630	65.356734	79.673385	54.736280	77.587769	47.058782
554.270630	59.186344	202.446293	60.588921	201.972796	62.067249	201.330680	63.620549	200.497375	65.247226	199.443948	66.944627	198.132244	68.708733	196.510235	70.533648	194.504691	72.410822	192.008986	74.327720	188.862088	76.265420	184.811392	78.193875	179.445364	80.062337	172.074030	81.779282	161.551788	83.175221	146.240548	83.970554	125.161681	83.885420	101.281582	82.928146	80.665015	81.375111	65.701750	79.486532	55.187601	77.417474	47.516210
554.735230	59.259657	202.162787	60.662878	201.660735	62.141347	200.986512	63.694177	200.116782	65.319636	199.021564	67.014885	197.661300	68.775662	195.982051	70.595736	193.907948	72.466097	191.328640	74.373510	188.077926	76.297995	183.896165	78.207844	178.363454	80.049693	170.785002	81.728307	160.036181	83.071378	144.596179	83.806630	123.771614	83.679875	100.611253	82.714051	80.661424	81.171856	66.027603	79.299547	55.620264	77.246840	47.958736
555.199770	59.332319	201.877797	60.736084	201.347050	62.214581	200.640569	63.766810	199.734233	65.390894	198.597019	67.083811	197.187965	68.841046	195.451238	70.656022	193.308340	72.519253	190.645278	74.416792	187.290833	76.327582	182.978721	78.218241	177.281639	80.032825	169.502294	81.672614	158.541693	82.963163	142.999600	83.640347	122.446375	83.474324	99.976069	82.500592	80.654632	80.968907	66.336605	79.112500	56.035859	77.075933	48.387240
555.664120	59.404101	201.590908	60.808277	201.031288	62.286652	200.292356	63.838107	199.349183	65.460611	198.169712	67.150956	196.711577	68.904364	194.917068	70.713906	192.705081	72.569592	189.958084	74.456743	186.500044	76.353202	182.058559	78.223902	176.200206	80.010365	168.228265	81.610683	157.075536	82.849184	141.466705	83.470981	121.207326	83.268815	99.387593	82.288026	80.643600	80.766413	66.623210	78.925416	56.428747	76.904707	48.797068
556.128420	59.475419	201.303075	60.879938	200.714502	62.358113	199.943027	63.908706	198.962914	65.529529	197.741073	67.217181	196.233741	68.966621	194.381331	70.770559	192.100166	72.618495	189.269227	74.495013	185.707790	76.376841	181.137640	78.227231	175.119908	79.985213	166.959926	81.545865	155.624788	82.732705	139.964228	83.300404	120.004972	83.063396	98.818102	82.075910	80.631280	80.564199	66.900782	78.738403	56.812041	76.733422	49.198770
556.592590	59.545519	201.012770	60.950207	200.395038	62.427982	199.590777	63.977479	198.573459	65.596358	197.308952	67.281003	195.752119	69.026101	193.841497	70.823994	191.490921	72.663647	188.576017	74.528886	184.911705	76.395299	180.214740	78.224462	174.042577	79.953025	165.706463	81.473494	154.214323	82.609690	138.541277	83.126658	118.898549	82.858215	98.298245	81.864970	80.615592	80.362718	67.154738	78.551573	57.170255	76.561982	49.579230
557.056700	59.615417	200.722090	61.020243	200.075167	62.497585	199.238085	64.045948	198.183524	65.662837	196.876311	67.344425	195.269935	69.085120	193.301066	70.876894	190.881065	72.708177	187.882229	74.562031	184.115192	76.412903	179.291818	78.220698	172.966201	79.919714	164.456114	81.399964	152.811147	82.485738	137.131133	82.952515	117.806055	82.653117	97.785174	81.654241	80.599281	80.161379	67.405102	78.364798	57.524557	76.390539	49.956296
557.520690	59.683899	200.428514	61.088658	199.752160	62.565328	198.881987	64.112283	197.789881	65.726858	196.439642	67.405011	194.783388	69.140864	192.755983	70.925987	190.266407	72.748263	187.183823	74.589964	183.315076	76.424394	178.368128	78.209791	171.895964	79.878307	163.227294	81.318060	151.459384	82.354975	135.812037	82.775392	116.812875	82.448490	97.320504	81.444880	80.578483	79.960921	67.629833	78.178291	57.851007	76.218953	50.309243
557.984560	59.752363	200.135013	61.157055	199.429237	62.633053	198.525980	64.178602	197.396339	65.790862	196.003087	67.465582	194.296968	69.196593	192.211041	70.975066	189.651908	72.788339	186.485598	74.617890	182.515166	76.435882	177.444677	78.198887	170.826004	79.836911	161.998792	81.236177	150.107970	82.224245	134.493282	82.598316	115.819953	82.243915	96.855955	81.235574	80.557691	79.760516	67.854506	77.991832	58.177373	76.047412	50.662098
558.448300	59.819184	199.838312	61.223572	199.102860	62.698623	198.166249	64.242452	196.998776	65.852039	195.562207	67.522903	193.805943	69.248576	191.661298	71.019819	189.032615	72.823393	185.783094	74.639971	181.712546	76.440563	176.522395	78.180168	169.765859	79.786876	160.797982	81.145702	148.815730	82.086935	133.269487	82.418635	114.922392	82.040007	96.436666	81.027800	80.533444	79.561206	68.055170	77.805864	58.476672	75.875939	50.990911
558.911990	59.885942	199.541529	61.290017	198.776396	62.764113	197.806425	64.306212	196.601113	65.913114	195.121222	67.580107	193.314807	69.300424	191.111444	71.064419	188.413218	72.858271	185.080512	74.661848	180.909911	76.445010	175.600245	78.161182	168.706155	79.736549	159.598244	81.054939	147.525653	81.949411	132.049081	82.238883	114.028202	81.836141	96.018976	80.820100	80.509080	79.361954	68.254989	77.619932	58.775009	75.704486	51.318864
559.375550	59.951333	199.242188	61.354897	198.447182	62.827816	197.443636	64.367922	196.200278	65.971839	194.676853	67.634617	192.820119	69.349172	190.557968	71.105430	187.790361	72.888990	184.375130	74.678905	180.106161	76.443897	174.680741	78.135882	167.657007	79.679403	158.424279	80.957655	146.285741	81.807205	130.902368	82.057504	113.202754	81.632969	95.632666	80.613690	80.481743	79.163665	68.436746	77.434489	59.052569	75.533173	51.627988
559.838990	60.016391	198.942306	61.419398	198.117387	62.891089	197.080222	64.429140	195.798777	66.030002	194.231778	67.688484	192.324695	69.397184	190.003751	71.145593	187.166815	72.918730	183.669228	74.694830	179.302305	76.441482	173.762036	78.109110	166.610534	79.620671	157.256578	80.858862	145.057819	81.663929	129.773136	81.875780	112.393565	81.429999	95.253781	80.407622	80.453715	78.965641	68.614238	77.249197	59.325209	75.361925	51.932642
560.302370	60.080270	198.640331	61.482555	197.785355	62.952826	196.714430	64.488611	195.394749	66.086169	193.784047	67.740065	191.826539	69.442573	189.446842	71.182749	186.540848	72.945012	182.961641	74.706783	178.498441	76.434535	172.846827	78.077290	165.574433	79.556633	156.111627	80.755203	143.870658	81.517344	128.699330	81.693030	111.633222	81.227643	94.897132	80.202609	80.424318	78.768459	68.779501	77.064420	59.583215	75.190934	52.223711
560.765630	60.143509	198.337298	61.544985	197.452196	63.013734	196.347440	64.547141	194.989454	66.141263	193.334988	67.790420	191.327022	69.486559	188.888606	71.218297	185.913713	72.969449	182.253292	74.716620	177.694727	76.425176	171.933652	78.042791	164.544051	79.489783	154.979002	80.648973	142.705418	81.369027	127.655232	81.509768	110.899022	81.025652	94.552387	79.998198	80.394198	78.571763	68.938224	76.879953	59.833382	75.020114	52.507493
561.228760	60.205887	198.032840	61.606432	197.117521	63.073523	195.978842	64.604392	194.582471	66.194898	192.884181	67.839106	190.825748	69.528632	188.328708	71.251648	185.285217	72.991364	181.544287	74.723570	176.891821	76.412556	171.024173	78.004711	163.522758	79.419266	153.864536	80.539515	141.570332	81.218671	126.649242	81.326016	110.196483	80.824221	94.221415	79.794612	80.362575	78.375739	69.088210	76.695914	60.073055	74.849522	52.781390
561.691830	60.267392	197.726873	61.666882	196.781241	63.132174	195.608540	64.660343	194.173695	66.247049	192.431512	67.886090	190.322593	69.568751	187.767019	71.282752	184.655230	73.010699	180.834497	74.727566	176.089617	76.396594	170.118333	77.962959	162.510612	79.344982	152.768490	80.426733	140.465948	81.066203	125.682119	81.141734	109.526255	80.623330	93.904496	79.591838	80.329408	78.180370	69.229274	76.512282	60.302018	74.679139	53.045209
562.154720	60.328241	197.419989	61.726590	196.443997	63.189987	195.237234	64.715343	193.763881	66.298120	191.977803	67.931852	189.818439	69.607484	187.204463	71.312281	184.024675	73.028247	180.124752	74.729545	175.288629	76.378390	169.215896	77.918802	161.505704	79.268315	151.685700	80.311948	139.382025	80.912555	124.739274	80.957250	108.875472	80.422880	93.596242	79.389683	80.295859	77.985541	69.365472	76.329048	60.524831	74.509032	53.303077
562.617550	60.387823	197.111080	61.784859	196.104614	63.246165	194.863692	64.768487	193.351736	66.347079	191.521732	67.975211	189.311972	69.643480	186.639817	71.338694	183.392585	73.042249	179.414638	74.727511	174.489545	76.355714	168.319650	77.869829	160.514556	79.186852	150.628605	80.193101	138.338136	80.756459	123.844151	80.772245	108.262980	80.223179	93.305042	79.188628	80.261529	77.791658	69.492073	76.146490	60.735547	74.339365	53.549265
563.080320	60.447082	196.801704	61.842761	195.764744	63.301928	194.489640	64.821158	192.939073	66.395502	191.065145	68.017961	188.805022	69.678784	186.074772	71.364319	182.760276	73.055357	178.704657	74.724475	173.691251	76.331931	167.425366	77.819688	159.527349	79.104259	149.578364	80.073340	137.304262	80.599856	122.960280	80.587184	107.659111	80.023704	93.017537	78.987876	80.226856	77.598036	69.616285	75.964122	60.943256	74.169828	53.792515
563.542910	60.504820	196.490033	61.898935	195.422474	63.355725	194.113080	64.871595	192.523846	66.441386	190.606000	68.057825	188.295662	69.710802	185.507701	71.386204	182.126784	73.064223	177.995144	74.716668	172.896535	76.302882	166.540215	77.763978	158.558674	79.016267	148.560506	79.949201	136.317814	80.440805	122.129755	80.401811	107.096148	79.825267	92.747550	78.788514	80.190536	77.405608	69.729159	75.782621	61.136702	74.000863	54.021841
564.005430	60.562527	196.178376	61.955076	195.080221	63.409485	193.736541	64.921992	192.108645	66.487227	190.146887	68.097641	187.786346	69.742768	184.940689	71.408033	181.493375	73.073027	177.285752	74.708795	172.102000	76.273764	165.655341	77.708201	157.590422	78.928216	147.543260	79.825025	135.332154	80.281749	121.300042	80.216464	106.533781	79.626874	92.477822	78.589200	80.154202	77.213227	69.841874	75.601161	61.329935	73.831933	54.250951
564.467900	60.618397	195.863928	62.009129	194.735048	63.460874	193.356994	64.969700	191.690400	66.530009	189.684785	68.133979	187.274288	69.770783	184.371529	71.425386	180.858989	73.076781	176.577588	74.695281	171.312697	76.238501	164.782642	77.646038	156.645476	78.834132	146.564759	79.696123	134.400419	80.120188	120.528173	80.030911	106.014430	79.429684	92.226419	78.391471	80.116251	77.022240	69.942591	75.420734	61.507775	73.663718	54.464804
564.930180	60.674243	195.549609	62.063160	194.390017	63.512242	192.977604	65.017388	191.272326	66.572772	189.222872	68.170303	186.762441	69.798787	183.802602	71.442731	180.224864	73.080533	175.869715	74.681773	170.523719	76.203253	163.910302	77.583901	155.700918	78.740087	145.586660	79.567274	133.469066	79.958694	119.756622	79.845434	105.495292	79.232575	91.975119	78.193823	80.078316	76.831332	70.043267	75.240381	61.685542	73.495573	54.678568
565.392400	60.728432	195.233044	62.115314	194.042672	63.561488	192.595868	65.062674	190.851924	66.612824	188.758773	68.203562	186.248727	69.823330	183.232444	71.456179	179.590719	73.079927	175.163987	74.663456	169.740609	76.162839	163.050014	77.516509	154.777895	78.641234	144.642351	79.434819	132.582315	79.795440	119.030852	79.660005	105.009394	79.036608	91.738123	77.997619	80.039520	76.641726	70.134957	75.061061	61.851431	73.328197	54.880332
565.854490	60.782312	194.916161	62.167120	193.695005	63.610344	192.213813	65.107521	190.431216	66.652384	188.294405	68.236268	185.734812	69.847250	182.662214	71.468931	178.956734	73.078545	174.458824	74.644288	168.958745	76.121517	162.192092	77.448199	153.858940	78.541552	143.704295	79.301757	131.703727	79.631914	118.313412	79.474633	104.529532	78.840895	91.503732	77.801723	80.000581	76.452401	70.225025	74.881972	62.015164	73.161002	55.079908
566.316530	60.834810	194.597482	62.217369	193.345506	63.657442	191.829916	65.150386	190.008728	66.689705	187.828407	68.266454	185.219596	69.868342	182.091306	71.478512	178.323170	73.073645	173.755982	74.621275	168.182399	76.076128	161.344782	77.375835	152.958012	78.438253	142.793271	79.166085	130.859264	79.467195	117.629719	79.289394	104.073681	78.646102	91.279763	77.606978	79.961265	76.264138	70.308774	74.703741	62.170320	72.994472	55.270670
566.778380	60.886655	194.278092	62.266883	192.995291	63.703714	191.445311	65.192324	189.585574	66.725984	187.361828	68.295471	184.703968	69.888127	181.520294	71.486635	177.690029	73.067129	173.054461	74.596504	167.408869	76.028887	160.502654	77.301634	152.065694	78.333330	141.894998	79.029263	130.030787	79.301986	116.961779	79.104283	103.629026	78.451802	91.060664	77.412833	79.921789	76.076431	70.389589	74.525970	62.321478	72.828307	55.457314
567.240170	60.937485	193.957443	62.315248	192.643803	63.748690	191.059451	65.232800	189.161230	66.760619	186.894214	68.322636	184.187601	69.905832	180.949070	71.492439	177.057590	73.058053	172.355175	74.568960	166.640061	75.978747	159.669076	77.224605	151.187259	78.225956	141.016645	78.890752	129.226399	79.136089	116.316771	78.919379	103.200224	78.258228	90.848205	77.219556	79.881716	75.889519	70.465761	74.348850	62.466401	72.662651	55.637517
567.701900	60.987377	193.635636	62.362552	192.291144	63.792471	190.672438	65.271927	188.735791	66.793736	186.425650	68.348091	183.670557	69.921617	180.377656	71.496106	176.425805	73.046615	171.657959	74.538858	165.875617	75.925935	158.843392	77.144967	150.321643	78.116321	140.156679	78.750685	128.444242	78.969559	115.692925	78.734669	102.786051	78.065328	90.641876	77.027081	79.841092	75.703343	70.537649	74.172334	62.605570	72.497463	55.811777
568.163450	61.036547	193.313108	62.409048	191.937774	63.835341	190.284751	65.310035	188.309755	66.825711	185.956633	68.372269	183.153309	69.935982	179.806461	71.498201	175.794936	73.033458	170.962787	74.506923	165.114985	75.871242	158.024133	77.063536	149.465903	78.005195	139.310226	78.609652	127.677750	78.802713	115.083515	78.550201	102.381698	77.872989	90.439692	76.835261	79.800166	75.517776	70.606688	73.996334	62.740828	72.332695	55.981933
568.624940	61.084429	192.989081	62.454094	191.582903	63.876578	189.895608	65.346307	187.882382	66.855621	185.486517	68.394133	182.635386	69.947766	179.235330	71.497430	175.165373	73.017160	170.270939	74.471626	164.360860	75.813091	157.216111	76.978788	148.627670	77.891284	138.487915	78.466778	126.939367	78.635192	114.500066	78.366070	101.995013	77.681562	90.244944	76.644520	79.758665	75.333211	70.670575	73.821174	62.869035	72.168593	56.144708
569.086300	61.131926	192.664721	62.498708	191.227716	63.917331	189.506177	65.382039	187.454776	66.884928	185.016258	68.415328	182.117476	69.958808	178.664464	71.495842	174.536473	72.999979	169.580383	74.435397	163.608978	75.754001	156.411684	76.893168	147.794737	77.776670	137.672573	78.323479	126.208770	78.467569	113.923587	78.182104	101.612990	77.490452	90.052151	76.454138	79.717007	75.148984	70.733070	73.646303	62.995316	72.004732	56.305436
569.547610	61.177802	192.338553	62.541495	190.870752	63.956034	189.115060	65.415464	187.025684	66.911652	184.544854	68.433637	181.599044	69.966636	178.094105	71.490708	173.909753	72.978947	168.894669	74.395077	162.866001	75.690766	155.621981	76.803663	146.983897	77.658879	136.886595	78.178172	125.511184	78.299312	113.376753	77.998652	101.250797	77.300507	89.867634	76.265105	79.674618	74.966018	70.789594	73.472499	63.113362	71.841736	56.457456
570.008730	61.223617	192.012479	62.584218	190.513897	63.994669	188.724069	65.448817	186.596738	66.938301	184.073624	68.451867	181.080823	69.974382	177.524005	71.485490	173.283358	72.957831	168.209370	74.354678	162.123560	75.627462	154.832969	76.714108	146.173918	77.541066	136.101616	78.032883	124.814623	78.131112	112.830794	77.815290	100.889190	77.110668	89.683386	76.076182	79.632250	74.783160	70.845983	73.298793	63.231197	71.678831	56.609236
570.469850	61.267315	191.684307	62.624572	190.155011	64.030652	188.331220	65.479210	186.166226	66.961654	183.601373	68.466439	180.562443	69.978090	176.955148	71.475861	172.660427	72.931970	167.530953	74.309323	161.393062	75.559211	154.062872	76.620017	145.391254	77.419651	135.351670	77.885402	124.156277	77.962308	112.318528	77.632625	100.550220	76.922272	89.509167	75.888944	79.590033	74.601912	70.896625	73.126503	63.340572	71.517123	56.751822
570.930790	61.310995	191.356263	62.664910	189.796266	64.066620	187.938525	65.509591	185.735881	66.984998	183.129307	68.481005	180.044265	69.981796	176.386512	71.466235	172.037740	72.906119	166.852801	74.263986	160.662848	75.490987	153.293075	76.525963	144.608896	77.298283	134.602016	77.737979	123.498188	77.793570	111.806462	77.450031	100.211383	76.733950	89.335017	75.701779	79.547832	74.420736	70.947248	72.954280	63.449904	71.355478	56.894351
571.391660	61.352920	191.026565	62.703279	189.435956	64.100387	187.544431	65.537517	185.304454	67.005607	182.656654	68.492539	179.526316	69.982168	175.819386	71.452984	171.418537	72.876393	166.181117	74.214637	159.943408	75.418832	152.539775	76.428379	143.849599	77.174199	133.880995	77.589009	122.870358	77.624541	111.320346	77.268144	99.889541	76.546896	89.168029	75.516043	79.505161	74.240916	70.992792	72.783246	63.552005	71.194829	57.029050
571.852360	61.394520	190.696688	62.741288	189.075493	64.133754	187.150226	65.565000	184.872984	67.025726	182.184060	68.503534	179.008584	69.981950	175.252720	71.439097	170.800160	72.845992	165.510804	74.164597	159.226116	75.346008	151.789648	76.330206	143.094635	77.049678	133.165278	77.439817	122.248087	77.455518	110.838978	77.086443	99.570809	76.360131	89.002363	75.330623	79.462420	74.061398	71.037424	72.612480	63.652793	71.034411	57.162320
572.313050	61.434715	190.365543	62.777723	188.713858	64.165367	186.755006	65.590528	184.440768	67.043673	181.711160	68.512132	178.491245	69.979107	174.687537	71.422368	170.184921	72.812584	164.846052	74.111478	158.517777	75.270207	151.052830	76.229414	142.357747	76.923202	132.471354	77.289568	121.648253	77.286368	110.376478	76.905339	99.264294	76.174365	88.841826	75.146325	79.419300	73.882951	71.078310	72.442654	63.748215	70.874792	57.289732
572.773560	61.474233	190.033926	62.813403	188.351808	64.196141	186.359460	65.615125	184.008365	67.060591	181.238297	68.519599	177.974289	69.975028	174.123269	71.404306	169.571395	72.777770	164.184175	74.056929	157.813928	75.193031	150.322568	76.127427	141.629663	76.795851	131.787967	77.138878	121.059226	77.117222	109.923048	76.724584	98.963655	75.989141	88.683768	74.962627	79.376018	73.705078	71.117414	72.273336	63.841071	70.715609	57.414333
573.234010	61.512683	189.701467	62.847895	187.988998	64.225590	185.963300	65.638252	183.575587	67.075884	180.765431	68.525280	177.457899	69.969007	173.560428	71.384158	168.960573	72.740771	163.526839	74.000173	157.117126	75.113759	149.602448	76.023641	140.914938	76.667203	131.120227	76.987539	120.485910	76.948078	109.482601	76.544328	98.671364	75.804690	88.529232	74.779784	79.332508	73.528024	71.153962	72.104750	63.930211	70.557057	57.534835
573.694340	61.550097	189.368238	62.881231	187.625502	64.253753	185.566601	65.659953	183.142503	67.089606	180.292626	68.529234	176.942128	69.961109	172.999043	71.361997	168.352449	72.701664	162.873987	73.941289	156.427236	75.032469	148.892236	75.918128	140.213233	76.537317	130.467711	76.835595	119.927868	76.778959	109.054771	76.364578	98.387188	75.621010	88.378123	74.597794	79.288783	73.351786	71.188032	71.936895	64.015745	70.399134	57.651355
574.154600	61.586754	189.034550	62.913727	187.261623	64.280988	185.169646	65.680631	182.709349	67.102206	179.820035	68.531967	176.426997	69.951891	172.438922	71.338438	167.746489	72.661109	162.224554	73.880969	155.742413	74.949844	148.189061	75.811499	139.520494	76.406660	129.825412	76.683301	119.379879	76.609904	108.635180	76.185207	98.108379	75.437886	88.229441	74.416419	79.245188	73.176148	71.220766	71.769587	64.099181	70.241697	57.765488
574.614690	61.621912	188.699978	62.944563	186.897010	64.306388	184.772214	65.699288	182.276084	67.112589	179.347898	68.532287	175.913166	69.940069	171.881340	71.312119	167.144847	72.617695	161.581926	73.817814	155.067652	74.864584	147.499839	75.702668	138.845524	76.274486	129.203347	76.530330	118.851793	76.440985	108.231899	76.006598	97.840196	75.255875	88.085564	74.236271	79.201851	73.001709	71.250855	71.603372	64.178466	70.085229	57.874894
575.074710	61.656735	188.365222	62.975026	186.532257	64.331376	184.374699	65.717490	181.842834	67.122474	178.875916	68.532065	175.399696	69.927664	171.324419	71.285184	166.544293	72.573650	160.940969	73.754038	154.395313	74.778759	146.813891	75.593380	138.174625	76.142014	128.585799	76.377249	118.328031	76.272135	107.832063	75.828187	97.574167	75.074133	87.942555	74.056412	79.158385	72.827545	71.280183	71.437406	64.256660	69.928979	57.983088
575.534670	61.689850	188.029298	63.003589	186.166533	64.354256	183.976501	65.733362	181.409375	67.129798	178.404425	68.529046	174.887758	69.912248	170.770545	71.255057	165.948962	72.526325	160.308208	73.687026	153.735020	74.689962	146.144382	75.481661	137.524283	76.007916	127.991142	76.223499	117.826224	76.103524	107.449727	75.650683	97.319071	74.893657	87.803923	73.877926	79.114221	72.654691	71.305604	71.272617	64.329280	69.773745	58.085105
575.994450	61.722951	187.693506	63.032141	185.800952	64.377127	183.578459	65.749228	180.976086	67.137119	177.933118	68.526029	174.376020	69.896838	170.216888	71.224943	165.353863	72.479018	159.675695	73.620041	153.074984	74.601199	145.475134	75.369985	136.874195	75.873871	127.396717	76.069810	117.324613	75.934980	107.067540	75.473249	97.064075	74.713253	87.665346	73.699511	79.070075	72.481906	71.331015	71.107892	64.401872	69.618572	58.187082
576.454160	61.753817	187.356449	63.058222	185.434381	64.397271	183.179854	65.762109	180.542863	67.141181	177.462812	68.519489	173.866633	69.877668	169.667536	71.190889	164.765764	72.427706	159.053805	73.549167	152.430066	74.508920	144.826010	75.255482	136.248663	75.737968	126.829090	75.915386	116.848442	75.766745	106.705710	75.296899	96.822233	74.534372	87.532795	73.522772	79.026365	72.310761	71.353217	70.944679	64.469268	69.464750	58.283034
576.913760	61.784647	187.019457	63.084266	185.067885	64.417377	182.781336	65.774950	180.109744	67.145203	176.992630	68.512908	173.357395	69.858456	169.118367	71.156795	164.177890	72.376357	158.432192	73.478263	151.785486	74.416619	144.177285	75.140971	135.623579	75.602075	126.261926	75.760989	116.372694	75.598554	106.344214	75.120604	96.580610	74.355553	87.400348	73.346095	78.982671	72.139676	71.375374	70.781523	64.536586	69.310980	58.378890
577.373290	61.813724	186.681650	63.108374	184.700829	64.435356	182.382646	65.785456	179.677004	67.146687	176.523630	68.503593	172.850491	69.836342	168.573126	71.119688	163.596156	72.321975	157.819577	73.404456	151.153387	74.321755	143.544738	75.024464	135.017751	75.464967	125.715282	75.606237	115.915987	75.430786	105.997648	74.945302	96.348387	74.178036	87.271932	73.170817	78.938821	71.969957	71.394638	70.619619	64.599501	69.158326	58.469713
577.832640	61.842386	186.343775	63.132026	184.333776	64.452837	181.984059	65.795419	179.244506	67.147584	176.055070	68.493651	172.344306	69.813565	168.028986	71.081898	163.016046	72.266911	157.209257	73.330005	150.524395	74.226332	142.916153	74.907538	134.416585	75.327627	125.173571	75.451457	115.463839	75.263177	105.654653	74.770291	96.118417	74.000884	87.144493	72.995925	78.894951	71.800613	71.413226	70.458062	64.661378	69.005983	58.559340
578.291930	61.869690	186.005316	63.154180	183.966355	64.468674	181.585412	65.803586	178.812403	67.146535	175.587555	68.481622	171.840080	69.788585	167.488085	71.041833	162.440871	72.209580	156.606064	73.253412	149.905098	74.129045	142.299891	74.789199	133.829797	75.189456	124.646898	75.296480	115.025427	75.095935	105.322293	74.596050	95.895091	73.824724	87.019864	72.822092	78.850901	71.632294	71.429655	70.297450	64.719997	68.854484	58.645234
578.751160	61.896214	185.666541	63.175474	183.598745	64.483568	181.186753	65.810723	178.380550	67.144369	175.120666	68.468400	171.337005	69.762343	166.949070	71.000466	161.868557	72.150954	156.006990	73.175596	149.291392	74.030695	141.690726	74.670058	133.251281	75.050817	124.128874	75.141398	114.594913	74.928912	104.996048	74.422258	95.675584	73.649142	86.896855	72.648876	78.806752	71.464571	71.444847	70.137390	64.776745	68.703476	58.728983
579.210210	61.921696	185.327527	63.195626	183.231081	64.497216	180.788301	65.816513	177.949278	67.140755	174.654871	68.453636	170.835741	69.734493	166.412823	70.957459	161.300275	72.090717	155.413510	73.096288	148.685070	73.931078	141.090710	74.549988	132.683196	74.911675	123.621563	74.986263	114.174088	74.762231	104.677318	74.249091	95.460876	73.474340	86.776053	72.476495	78.762775	71.297669	71.458845	69.978095	64.831502	68.553165	58.810369
579.669190	61.945950	184.988124	63.214433	182.863237	64.509395	180.389971	65.820712	177.518557	67.135425	174.190225	68.437045	170.336463	69.704731	165.879683	70.912500	160.736586	72.028558	154.826464	73.015191	148.087295	73.829934	140.501332	74.428782	132.127274	74.771896	123.126771	74.831018	113.764594	74.595903	104.367383	74.076609	95.251780	73.300405	86.657828	72.305049	78.718990	71.131686	71.471434	69.819655	64.883920	68.403630	58.888983
580.128110	61.969599	184.648590	63.232578	182.495375	64.520851	179.991787	65.824127	177.088209	67.129257	173.726269	68.419565	169.838304	69.674046	165.348241	70.866606	160.175336	71.965489	154.242764	72.933260	147.493869	73.728094	139.917249	74.307082	131.577285	74.631868	122.637966	74.675775	113.360422	74.429793	104.061506	73.904500	95.045214	73.126927	86.540697	72.134086	78.675172	70.966175	71.483229	69.661654	64.935103	68.254492	58.966155
580.586850	61.991684	184.308735	63.249010	182.127486	64.530441	179.594002	65.825520	176.658847	67.120924	173.264120	68.399790	169.343060	69.640975	164.821211	70.818301	159.620412	71.900076	153.667729	72.849178	146.911701	73.624466	139.346862	74.184113	131.042639	74.491207	122.164642	74.520551	112.970003	74.264257	103.766121	73.733362	94.845187	72.954641	86.426397	71.964375	78.631276	70.801890	71.492976	69.504791	64.983097	68.106387	59.039600
581.045530	62.013552	183.968874	63.265205	181.759638	64.539775	179.196321	65.826638	176.229678	67.112297	172.802281	68.379708	168.848285	69.607587	164.294858	70.769678	159.066427	71.834359	153.093944	72.764825	146.331117	73.520618	138.778358	74.060997	130.510060	74.350484	121.693368	74.365351	112.581385	74.098819	103.472099	73.562371	94.646010	72.782530	86.312468	71.794850	78.587376	70.637784	71.502463	69.348097	65.030677	67.958434	59.112558
581.504090	62.033469	183.628649	63.279269	181.391823	64.546793	178.799223	65.825260	175.801856	67.101000	172.342826	68.356813	168.357308	69.571290	163.774157	70.718130	158.520452	71.765826	152.530974	72.677932	145.764361	73.414686	138.226416	73.936439	129.995733	74.209074	121.240252	74.210229	112.208731	73.934112	103.190162	73.392566	94.454361	72.611851	86.201806	71.626843	78.543393	70.475154	71.509589	69.192783	65.074549	67.811730	59.181159
581.962520	62.053380	183.288520	63.293329	181.024112	64.553808	178.402237	65.823882	175.374156	67.089706	171.883500	68.333925	167.866470	69.535003	163.253603	70.666597	157.974633	71.697312	151.968164	72.591063	145.197766	73.308783	137.674630	73.811916	129.481552	74.067703	120.787264	74.055152	111.836183	73.769451	102.908306	73.222810	94.262765	72.441219	86.091175	71.458884	78.499422	70.312570	71.516714	69.037512	65.118408	67.665067	59.249741
582.420900	62.071289	182.948132	63.305208	180.656563	64.558461	178.006008	65.819960	174.948017	67.075707	171.426846	68.308205	167.379763	69.495807	162.739073	70.612170	157.437190	71.626039	151.416467	72.501729	144.645163	73.200899	137.139319	73.686057	128.985256	73.925747	120.351830	73.900223	111.478917	73.605560	102.637986	73.054260	94.078374	72.272036	85.983735	71.292446	78.455485	70.151479	71.521692	68.883641	65.158817	67.519682	59.314219
582.879150	62.089014	182.607815	63.316889	180.289130	64.562901	177.609955	65.815814	174.522135	67.061470	170.970554	68.282239	166.893557	69.456363	162.225220	70.557501	156.900639	71.554539	150.865911	72.412199	144.093957	73.092867	136.605621	73.560115	128.490688	73.783778	119.918077	73.745349	111.123108	73.441782	102.368767	72.885864	93.894675	72.103027	85.876609	71.126189	78.411562	69.990564	71.526478	68.729935	65.198907	67.374451	59.378315
583.337280	62.105065	182.267468	63.326751	179.922055	64.565384	177.214768	65.809573	174.097820	67.045025	170.516753	68.253971	166.411051	69.414583	161.716607	70.500527	156.371208	71.480873	150.324609	72.320765	143.554172	72.983330	136.085146	73.433191	128.010253	73.641417	119.498046	73.590661	110.779196	73.278672	102.108570	72.718471	93.716744	71.935213	85.772244	70.961193	78.368009	69.830896	71.529963	68.577407	65.236666	67.230306	59.439534
583.795350	62.120516	181.927124	63.335961	179.555123	64.567167	176.819905	65.802584	173.674083	67.027789	170.063862	68.224881	165.929887	69.371967	161.209889	70.442730	155.844347	71.406434	149.786641	72.228653	143.018496	72.873258	135.569426	73.305922	127.534897	73.498920	119.082944	73.436044	110.439558	73.115807	101.851615	72.551444	93.540886	71.767834	85.668871	70.796655	78.324589	69.671680	71.532983	68.425306	65.273589	67.086554	59.499721
584.253300	62.134773	181.586877	63.343882	179.188572	64.567561	176.425826	65.794120	173.251651	67.008999	169.612969	68.194186	165.451621	69.327728	160.707189	70.383350	155.322841	71.330526	149.255516	72.135279	142.491117	72.762227	135.063144	73.178071	127.069459	73.356259	118.677315	73.281661	110.107996	72.953499	101.600672	72.385199	93.368757	71.601358	85.567138	70.633060	78.281158	69.513385	71.534840	68.274075	65.308633	66.943598	59.557660
584.711120	62.148065	181.246732	63.350762	178.822357	64.566834	176.032407	65.784466	172.830304	66.988957	169.163720	68.162198	164.975729	69.282181	160.207768	70.322696	154.805697	71.253438	148.729955	72.040895	141.970474	72.650430	134.564520	73.049759	126.612061	73.213477	118.279363	73.127478	109.782979	72.791653	101.354601	72.219598	93.199652	71.435624	85.466734	70.470239	78.237721	69.355845	71.535759	68.123556	65.342158	66.801294	59.613779
585.168820	62.160564	180.906728	63.356786	178.456489	64.565192	175.639607	65.773839	172.409938	66.967899	168.715924	68.129166	164.501884	69.235592	159.711135	70.261037	154.292203	71.175428	148.208978	71.945731	141.455302	72.538056	134.072026	72.921120	126.161018	73.070633	117.887407	72.973485	109.463034	72.630200	101.112293	72.054532	93.032883	71.270500	85.367371	70.308050	78.194295	69.198926	71.535962	67.973621	65.374514	66.659531	59.668484
585.626460	62.171711	180.566857	63.361347	178.091102	64.561983	175.247741	65.761545	171.991116	66.945096	168.270470	68.094338	164.031387	69.187207	159.219111	70.197637	153.784789	71.095818	147.695676	71.849204	140.949325	72.424658	133.589862	72.791877	125.720700	72.927638	117.505581	72.819767	109.151664	72.469371	100.876343	71.890329	92.870056	71.106367	85.269756	70.146892	78.150874	69.043020	71.534938	67.824638	65.404880	66.518649	59.720791
586.083980	62.182463	180.227136	63.365486	177.725976	64.558325	174.856281	65.748780	171.572888	66.921803	167.825847	68.059013	163.562026	69.138328	158.728583	70.133770	153.279287	71.015789	147.184722	71.752336	140.446096	72.311022	133.110721	72.662519	125.283467	72.784655	117.126635	72.666181	108.842709	72.308770	100.642178	71.726420	92.708339	70.942563	85.172638	69.986074	78.107466	68.887445	71.533581	67.675969	65.434693	66.378056	59.772423
586.541440	62.191475	179.887726	63.367753	177.361633	64.552668	174.466222	65.733905	171.156863	66.896311	167.384463	68.021442	163.097223	69.087208	158.244200	70.067754	152.781767	70.933816	146.683677	71.653847	139.954566	72.196203	132.644529	72.532508	124.859502	72.641580	116.760097	72.513023	108.544173	72.149019	100.415703	71.563643	92.551387	70.780052	85.077633	69.826599	78.064066	68.733184	71.530741	67.528546	65.462079	66.238608	59.821110
586.998720	62.200483	179.548451	63.370020	176.997433	64.547013	174.076317	65.719036	170.741002	66.870829	166.943252	67.983885	162.632603	69.036108	157.760007	70.001764	152.284443	70.851875	146.182829	71.555398	139.463228	72.081429	132.178520	72.402548	124.435703	72.498561	116.393703	72.359926	108.245754	71.989331	100.189317	71.400930	92.394497	70.617604	84.982665	69.667186	78.020682	68.578984	71.527901	67.381180	65.489455	66.099214	59.869779
587.455930	62.207282	179.209713	63.369914	176.634368	64.538837	173.688337	65.701515	170.328091	66.842600	166.506304	67.943534	162.173855	68.982254	157.283625	69.933161	151.797108	70.767585	145.694247	71.455005	138.986172	71.965261	131.728138	72.271828	124.027765	72.355457	116.042058	72.207359	107.959733	71.830666	99.972179	71.239589	92.243510	70.456715	84.890571	69.509399	77.977745	68.426394	71.523764	67.235344	65.514396	65.961240	59.915375
587.913020	62.214074	178.871066	63.369802	176.271401	64.530656	173.300463	65.683991	169.915297	66.814370	166.069482	67.903186	161.715244	68.928406	156.807389	69.864569	151.309930	70.683311	145.205827	71.354633	138.509281	71.849120	131.277918	72.141141	123.619979	72.212389	115.690546	72.054834	107.673821	71.672045	99.755124	71.078293	92.092579	70.295873	84.798509	69.351657	77.934819	68.273848	71.519625	67.089549	65.539324	65.823306	59.960951
588.370060	62.219155	178.532937	63.367863	175.909451	64.520538	172.914246	65.664436	169.504982	66.784048	165.636175	67.860727	161.261422	68.872486	156.337440	69.794028	150.830698	70.597312	144.727025	71.252869	138.043448	71.732014	130.839633	72.009987	123.224149	72.069361	115.350008	71.902809	107.397007	71.514291	99.544746	70.918108	91.945792	70.136279	84.708313	69.195208	77.891938	68.122567	71.514221	66.944954	65.562148	65.686485	60.003942
588.826970	62.223833	178.195016	63.365494	175.547832	64.509969	172.528519	65.644410	169.095355	66.753243	165.203806	67.817784	160.808841	68.816094	155.869089	69.723047	150.353458	70.510930	144.250608	71.150804	137.580333	71.614712	130.404267	71.878759	122.831231	71.926378	115.012137	71.750940	107.122402	71.356782	99.335990	70.758225	91.800017	69.977021	84.618577	69.039104	77.849079	67.971621	71.508521	66.800677	65.584472	65.549961	60.046313
589.283750	62.227172	177.857733	63.361700	175.187252	64.497898	172.144353	65.622824	168.687945	66.720840	164.774470	67.773244	160.360278	68.758157	155.405890	69.650634	149.882606	70.423305	143.781786	71.047761	137.125805	71.496768	129.978047	71.747267	122.447382	71.783513	114.682533	71.599530	106.854649	71.200004	99.132299	70.599262	91.657458	69.818781	84.530396	68.884051	77.806441	67.821711	71.502072	66.657388	65.605400	65.414360	60.086915
589.740420	62.229695	177.520861	63.357039	174.827329	64.484912	171.761163	65.600288	168.281913	66.687466	164.347010	67.727734	159.914192	68.699283	154.945861	69.577353	149.415679	70.334927	143.317625	70.944129	136.676543	71.378440	129.557430	71.615623	122.069087	71.640731	114.357991	71.448410	106.591089	71.043682	98.931708	70.440871	91.516871	69.661174	84.443167	68.729649	77.763942	67.672441	71.495166	66.514710	65.625476	65.279330	60.126435
590.197020	62.231308	177.184446	63.351412	174.468147	64.470911	171.379077	65.576701	167.877441	66.653020	163.921664	67.681160	159.470881	68.639384	154.489366	69.503131	148.953084	70.245742	142.858565	70.839875	136.232994	71.259715	129.142834	71.483832	121.696700	71.498051	114.038791	71.297617	106.331922	70.887859	98.734343	70.283094	91.378311	69.504246	84.356898	68.575947	77.721540	67.523861	71.487728	66.372690	65.644603	65.144911	60.164762
590.653500	62.231722	176.848654	63.344515	174.109961	64.455574	170.998471	65.551731	167.475046	66.617166	163.499126	67.633186	159.031250	68.578141	154.037553	69.427675	148.496220	70.155499	142.406250	70.734806	135.796999	71.140476	128.736191	71.351857	121.332118	71.355516	113.726647	71.147263	106.078554	70.732703	98.541240	70.126137	91.242432	69.348223	84.271897	68.423177	77.679271	67.376199	71.479590	66.231544	65.662479	65.011305	60.201514
591.109860	62.231635	176.513212	63.337087	173.752294	64.439685	170.618586	65.526191	167.073631	66.580739	163.077880	67.584648	158.593277	68.516363	153.587803	69.351737	148.041846	70.064852	141.956815	70.629439	135.364180	71.021064	128.332853	71.219846	120.970742	71.213080	113.417378	70.997127	105.827539	70.577858	98.349862	69.969553	91.107642	69.192606	84.187416	68.270822	77.637063	67.228945	71.471177	66.090787	65.679854	64.878062	60.237630
591.566160	62.229963	176.178640	63.327984	173.396012	64.422045	170.240713	65.498838	166.675023	66.542476	162.660410	67.534295	158.160225	68.452850	153.144244	69.274227	147.595001	69.972869	141.516146	70.523054	134.941071	70.901026	127.939651	71.087634	120.619225	71.070859	113.116960	70.847571	105.583769	70.423884	98.163790	69.814033	90.976192	69.038161	84.104516	68.119671	77.595020	67.082870	71.461896	65.951156	65.695663	64.745871	60.271762
592.022340	62.228194	175.844213	63.318778	173.039913	64.404301	169.863071	65.471382	166.276703	66.504110	162.243293	67.483844	157.727601	68.389250	152.701194	69.196642	147.148745	69.880832	141.076137	70.416639	134.518669	70.780985	127.547168	70.955447	120.268393	70.928692	112.817147	70.698093	105.340489	70.270006	97.978076	69.658621	90.844967	68.883831	84.021722	67.968634	77.552988	66.936907	71.452556	65.811632	65.711363	64.613779	60.305756
592.478390	62.224513	175.511020	63.307558	172.685678	64.384454	169.488105	65.441772	165.882044	66.463575	161.831021	67.431267	157.301189	68.323639	152.265868	69.117246	146.711762	69.787292	140.646801	70.309123	134.107948	70.660309	127.166732	70.823134	119.929157	70.786893	112.527638	70.549411	105.105557	70.117250	97.798404	69.504557	90.717471	68.730960	83.940600	67.819090	77.510974	66.792411	71.442013	65.673500	65.725048	64.482989	60.337245
592.934330	62.220833	175.177908	63.296340	172.331527	64.364613	169.113229	65.412170	165.487479	66.423050	161.418848	67.378703	156.874879	68.258044	151.830646	69.037869	146.274884	69.693775	140.217569	70.201632	133.697327	70.539662	126.786388	70.690852	119.590002	70.645129	112.238199	70.400766	104.870683	69.964531	97.618775	69.350531	90.590007	68.578127	83.859497	67.669582	77.468971	66.647951	71.431473	65.535402	65.738729	64.352230	60.368726
593.390200	62.215373	174.846055	63.283252	171.979241	64.342830	168.740953	65.380583	165.096416	66.380543	161.011252	67.324208	156.454380	68.190637	151.402570	68.956882	145.846487	69.598926	139.798001	70.093175	133.297187	70.418477	126.416777	70.558483	119.261131	70.503704	111.957895	70.252837	104.643256	69.812825	97.444628	69.197710	90.466054	68.426606	83.780152	67.521425	77.427301	66.504816	71.420205	65.398575	65.750959	64.222665	60.398306
593.845950	62.209614	174.514493	63.269853	171.627352	64.320726	168.369203	65.348670	164.706035	66.337712	160.604522	67.269402	156.034959	68.122942	150.975798	68.875643	145.419618	69.503876	139.380159	69.984582	132.898907	70.297231	126.049061	70.426130	118.934069	70.362371	111.679196	70.105064	104.417137	69.661324	97.271445	69.045128	90.342721	68.275342	83.701122	67.373530	77.385698	66.361939	71.408817	65.261994	65.762941	64.093331	60.427559
594.301570	62.202519	174.184037	63.255056	171.277040	64.297182	167.999611	65.315291	164.318509	66.293423	160.201456	67.213190	155.620111	68.053943	150.554582	68.793263	144.999266	69.407913	138.969646	69.875350	132.508489	70.175667	125.689310	70.293793	118.614568	70.221374	111.407160	69.957902	104.196414	69.510642	97.102205	68.893505	90.221895	68.125115	83.623319	67.226693	77.344283	66.220101	71.396844	65.126410	65.773801	63.964927	60.455358
594.757140	62.194741	173.854136	63.239546	170.927521	64.272900	167.631108	65.281163	163.932425	66.248388	159.800246	67.156258	155.207585	67.984275	150.136189	68.710297	144.582228	69.311479	138.562861	69.765788	132.122072	70.053937	125.333615	70.161458	118.298917	70.080545	111.138518	69.811046	103.978437	69.360373	96.934974	68.742367	90.102344	67.975412	83.546140	67.080389	77.302964	66.078788	71.384571	64.991329	65.784089	63.836995	60.482414
595.212590	62.186043	173.525102	63.223078	170.579204	64.247636	167.264210	65.246045	163.548432	66.202375	159.401685	67.098390	154.798333	67.913752	149.721717	68.626593	144.169734	69.214464	138.161140	69.655845	131.741025	69.932043	124.983310	70.029189	117.988341	69.939993	110.874318	69.664647	103.764038	69.210700	96.770345	68.591916	89.984435	67.826444	83.469751	66.934833	77.261745	65.938210	71.371880	64.856949	65.793601	63.709720	60.508470
595.667910	62.176295	173.197056	63.205518	170.232253	64.221249	166.899140	65.209796	163.166820	66.155246	159.006142	67.039454	154.392814	67.842250	149.311716	68.542043	143.762422	69.116784	137.765195	69.545465	131.366103	69.809959	124.639156	69.896993	117.683555	69.799755	110.615186	69.518767	103.553719	69.061704	96.608684	68.442246	89.868399	67.678314	83.394262	66.790128	77.220639	65.798469	71.358711	64.723367	65.802226	63.583195	60.533382
596.123110	62.166014	172.869596	63.187406	169.886086	64.194297	166.535094	65.172981	162.786510	66.107565	158.612227	66.979994	153.989272	67.770276	148.904057	68.457095	143.357789	69.018800	137.372198	69.434894	130.994281	69.687814	124.298086	69.764862	117.381656	69.659702	110.358575	69.373175	103.345435	68.913072	96.448515	68.292993	89.753323	67.530626	83.319263	66.645874	77.179639	65.659170	71.345356	64.590209	65.810461	63.457069	60.557773
596.578250	62.154285	172.543527	63.167791	169.541835	64.165810	166.173598	65.134621	162.409493	66.058367	158.222474	66.919091	153.590830	67.696987	148.502476	68.371020	142.960146	68.919944	136.986923	69.323749	130.630606	69.565431	123.965138	69.632829	117.087367	69.520064	110.108614	69.228273	103.142516	68.765338	96.292276	68.144775	89.640767	67.384047	83.245543	66.502753	77.138896	65.520985	71.331490	64.458117	65.817649	63.331949	60.580770
597.033260	62.142419	172.217690	63.148037	169.197874	64.137182	165.812460	65.096123	162.032912	66.009039	157.833241	66.858068	153.193002	67.623594	148.101601	68.284865	142.563292	68.821034	136.602498	69.212583	130.267807	69.443063	123.633051	69.500848	116.793874	69.380510	109.859343	69.083481	102.940149	68.617733	96.136441	67.996700	89.528472	67.237617	83.171955	66.359782	77.098182	65.382945	71.317573	64.326165	65.824729	63.206959	60.603623
597.488220	62.128775	171.893652	63.126442	168.856384	64.106674	165.454579	65.055744	161.660528	65.957875	157.449250	66.795315	152.801555	67.548636	147.708259	68.197387	142.175046	68.721112	136.227498	69.100776	129.914847	69.320462	123.310707	69.369048	116.509447	69.241522	109.617934	68.939571	102.744079	68.471253	95.985186	67.849912	89.419081	67.092558	83.099781	66.218200	77.057674	65.246272	71.302949	64.195525	65.830456	63.083198	60.624715
597.942990	62.115136	171.569749	63.104856	168.515035	64.076180	165.096847	65.015383	161.288301	65.906733	157.065420	66.732588	152.410272	67.473710	147.315082	68.109946	141.786962	68.621232	135.852654	68.989016	129.562036	69.197912	122.988497	69.237303	116.225140	69.102591	109.376625	68.795720	102.548090	68.324835	95.833994	67.703186	89.309736	66.947559	83.027637	66.076678	77.017184	65.109655	71.288331	64.064939	65.836181	62.959489	60.645798
598.397710	62.099864	171.247641	63.081588	168.176098	64.043977	164.742268	64.973323	160.920070	65.853943	156.686548	66.668316	152.024980	67.397408	146.928914	68.021361	141.406792	68.520501	135.486409	68.876750	129.218141	69.075223	122.675031	69.105788	115.948908	68.964228	109.142283	68.652726	102.357649	68.179486	95.686806	67.557664	89.202903	66.803842	82.956691	65.936452	76.976816	64.974307	71.273021	63.935566	65.840640	62.836922	60.665247
598.852360	62.084361	170.925836	63.058082	167.837552	64.011534	164.388190	64.931025	160.552464	65.800924	156.308439	66.603833	151.640599	67.320920	146.543805	67.932625	141.027808	68.419663	135.121446	68.764426	128.875572	68.952531	122.362862	68.974324	115.673871	68.825966	108.908970	68.509875	102.168029	68.034310	95.540211	67.412336	89.096444	66.660328	82.885926	65.796431	76.936471	64.839160	71.257613	63.806385	65.844917	62.714536	60.684458
599.306820	62.067558	170.605668	63.033244	167.501147	63.977752	164.036844	64.887404	160.188265	65.746635	155.934476	66.538171	151.261140	67.243394	146.164386	67.843038	140.655186	68.318208	134.763325	68.651759	128.540028	68.829786	122.057562	68.843093	115.405173	68.688198	108.681147	68.367733	101.982833	67.890010	95.396892	67.267995	88.992149	66.517857	82.816335	65.657470	76.896488	64.705059	71.241939	63.678208	65.848481	62.593100	60.702655
599.761230	62.050129	170.286257	63.007762	167.165741	63.943323	163.686779	64.843142	159.825672	65.691730	155.562473	66.471937	150.884013	67.165361	145.787668	67.753034	140.285590	68.216449	134.408463	68.538916	128.207832	68.707003	121.755538	68.711962	115.139499	68.550657	108.455942	68.225921	101.799747	67.746117	95.255135	67.124116	88.888885	66.375875	82.747302	65.519007	76.856674	64.571449	71.226137	63.550504	65.851702	62.472109	60.720365
600.215520	62.031857	169.968000	62.981425	166.831828	63.908034	163.338600	64.798039	159.465407	65.636022	155.193285	66.404969	150.510206	67.086693	145.414753	67.662527	139.920205	68.114346	134.058084	68.425908	127.880206	68.584248	121.457934	68.581043	114.877854	68.413496	108.234178	68.084626	101.619385	67.602845	95.115336	66.980922	88.786844	66.234612	82.678850	65.381269	76.816914	64.438547	71.209984	63.423478	65.854282	62.351755	60.737248
600.669740	62.012652	169.650977	62.954137	166.499522	63.871789	162.992460	64.751997	159.107672	65.579418	154.827163	66.337178	150.140023	67.007311	145.045998	67.571448	139.559433	68.011849	133.712623	68.312703	127.557596	68.461506	121.165182	68.450341	114.620633	68.276736	108.016192	67.943885	101.442014	67.460239	94.977686	66.838465	88.686142	66.094127	82.611032	65.244315	76.777207	64.306411	71.193441	63.297184	65.856153	62.232089	60.753217
601.123780	61.992957	169.334738	62.926352	166.168201	63.835051	162.647537	64.705476	158.751413	65.522363	154.462798	66.268983	149.771878	66.927586	144.679547	67.480107	139.201187	67.909185	133.369826	68.199437	127.237677	68.338813	120.875018	68.319796	114.365771	68.140227	107.800228	67.803474	101.266259	67.318023	94.841224	66.696436	88.586220	65.954088	82.543629	65.107809	76.737616	64.174715	71.176781	63.171314	65.857740	62.112823	60.768789
601.577760	61.971936	169.020299	62.897216	165.839201	63.796964	162.305542	64.657634	158.398764	65.464054	154.102778	66.199645	149.408831	66.846874	144.318904	67.387979	138.849341	67.805976	133.033816	68.085904	126.924637	68.216136	120.591489	68.189547	114.116968	68.004260	107.589455	67.663815	101.094648	67.176711	94.707803	66.555416	88.488283	65.815108	82.477270	64.972373	76.698293	64.044073	71.159795	63.046455	65.858571	61.994512	60.783315
602.031680	61.950794	168.706077	62.867959	165.510470	63.758756	161.963873	64.609676	158.046506	65.405638	153.743218	66.130212	149.046313	66.766084	143.958852	67.295793	138.498137	67.702735	132.698476	67.972365	126.612270	68.093480	120.308601	68.059346	113.868746	67.868365	107.379178	67.524246	100.923434	67.035505	94.574672	66.414509	88.390536	65.676245	82.411011	64.837054	76.658998	63.913547	71.142780	62.921706	65.859331	61.876305	60.797741
602.485410	61.928013	168.394317	62.837044	165.184878	63.718902	161.626103	64.560122	157.698987	65.345723	153.389302	66.059424	148.690348	66.684142	143.606189	67.202719	138.155001	67.598916	132.371617	67.858586	126.308434	67.970943	120.033892	67.929602	113.627941	67.733235	107.175236	67.385692	100.757262	66.895500	94.445229	66.274923	88.295181	65.538764	82.346004	64.703132	76.620013	63.784384	71.125347	62.798268	65.859144	61.759338	60.810859
602.939090	61.905234	168.082592	62.806133	164.859321	63.679052	161.288370	64.510574	157.351507	65.285814	153.035426	65.988644	148.334422	66.602209	143.253565	67.109655	137.811903	67.495108	132.044794	67.744820	126.004632	67.848420	119.759214	67.799872	113.387162	67.598119	106.971317	67.247154	100.591109	66.755512	94.315801	66.135353	88.199836	65.401299	82.281005	64.569225	76.581032	63.655236	71.107916	62.674843	65.858957	61.642384	60.823976
603.392640	61.880986	167.773173	62.773742	164.536674	63.637740	160.954227	64.459617	157.008380	65.224587	152.686689	65.916689	147.984421	66.519294	142.907585	67.015847	137.476008	67.390832	131.725482	67.630898	125.708343	67.726051	119.491680	67.670599	113.152824	67.463725	106.772857	67.109548	100.429273	66.616614	94.189495	65.996977	88.106480	65.265077	82.216997	64.436569	76.542226	63.527314	71.090016	62.552595	65.857839	61.526536	60.835853
603.846130	61.856513	167.464139	62.741124	164.214506	63.596204	160.620669	64.408446	156.665958	65.163161	152.338780	65.844558	147.635371	66.436234	142.562665	66.921933	137.141260	67.286493	131.407362	67.516961	125.413245	67.603718	119.225279	67.541409	112.919505	67.329455	106.575262	66.972098	100.268120	66.477899	94.063684	65.858797	88.013441	65.129060	82.153149	64.304119	76.503451	63.399594	71.072046	62.430539	65.856576	61.410870	60.847537
604.299500	61.830898	167.156978	62.707360	163.894677	63.553539	160.289978	64.356191	156.326968	65.100730	151.994902	65.771534	147.290936	66.352431	142.222882	66.827464	136.812043	67.181817	131.094988	67.402918	125.123865	67.481513	118.964308	67.412570	112.691088	67.195735	106.381843	66.835365	100.110304	66.340017	93.940340	65.721532	87.922042	64.993995	82.090211	64.172628	76.464975	63.272817	71.053904	62.309391	65.854788	61.296063	60.858452
604.752750	61.804700	166.850818	62.673011	163.576089	63.510300	159.960802	64.303387	155.989783	65.037790	151.653139	65.698062	146.948917	66.268259	141.885780	66.732721	136.485710	67.076980	130.785606	67.288834	124.837458	67.359389	118.706159	67.283928	112.465217	67.062314	106.190593	66.699019	99.954223	66.202581	93.818279	65.584753	87.831497	64.859436	82.027749	64.041647	76.426657	63.146540	71.035677	62.188723	65.852731	61.181713	60.868972
605.205870	61.777770	166.546000	62.637934	163.259154	63.466350	159.633627	64.249907	155.654972	64.974234	151.314134	65.624051	146.610018	66.183654	141.552120	66.637672	136.163051	66.971980	130.480004	67.174741	124.554778	67.237414	118.451523	67.155580	112.242484	66.929314	106.001995	66.563194	99.800232	66.065742	93.697735	65.448618	87.741928	64.725546	81.965783	63.911334	76.388442	63.020917	71.017243	62.068683	65.850243	61.067955	60.878904
605.658940	61.749954	166.242721	62.601973	162.944128	63.421537	159.308778	64.195603	155.322934	64.909923	150.978362	65.549377	146.274785	66.098510	141.222515	66.542234	135.844728	66.866759	130.178867	67.060609	124.276507	67.115588	118.201044	67.027556	112.023467	66.796790	105.816536	66.427963	99.648713	65.929588	93.578986	65.313225	87.653511	64.592427	81.904400	63.781793	76.350343	62.896047	70.998556	61.949367	65.847239	60.954881	60.888135
606.111880	61.721751	165.940222	62.565628	162.630054	63.376352	158.985066	64.140950	154.992229	64.845296	150.644120	65.474435	145.941275	66.013155	140.894790	66.446654	135.528395	66.761476	129.879765	66.946498	124.000231	66.993864	117.952434	66.899711	111.806118	66.664511	105.632479	66.293031	99.498303	65.793773	93.461044	65.178193	87.565619	64.459680	81.843293	63.652625	76.312313	62.771542	70.979776	61.830402	65.844020	60.842137	60.897068
606.564700	61.692351	165.639915	62.528092	162.318685	63.330008	158.664617	64.085201	154.665390	64.779666	150.314337	65.398631	145.612812	65.927104	140.572593	66.350584	135.217931	66.655937	129.586679	66.832381	123.729863	66.872378	117.709369	66.772331	111.593717	66.532900	105.452587	66.158928	99.351183	65.658907	93.345493	65.044180	87.479274	64.327985	81.782990	63.524515	76.274470	62.648075	70.960699	61.712428	65.840144	60.730330	60.905099
607.017460	61.662895	165.339760	62.490501	162.007495	63.283613	158.344376	64.029405	154.338788	64.713996	149.984823	65.322794	145.284645	65.841031	140.250715	66.254504	134.907799	66.550401	129.293927	66.718279	123.459820	66.750920	117.466607	66.644991	111.381585	66.401338	105.272922	66.024884	99.204243	65.524105	93.230074	64.910235	87.393017	64.196359	81.722736	63.396475	76.236642	62.524675	70.941611	61.594518	65.836237	60.618584	60.913085
607.470030	61.631942	165.042533	62.451432	161.699868	63.235791	158.028394	63.972271	154.017171	64.647118	149.661044	65.245920	144.962889	65.754148	139.935830	66.157877	134.605048	66.444609	129.008674	66.604225	123.197115	66.629815	117.230703	66.518289	111.175551	66.270659	105.098391	65.891919	99.061357	65.390522	93.117616	64.777605	87.308685	64.066091	81.663499	63.269789	76.199078	62.402599	70.922196	61.477883	65.831556	60.508043	60.919991
607.922610	61.600988	164.745299	62.412363	161.392235	63.187968	157.712404	63.915135	153.695546	64.580238	149.337258	65.169045	144.641126	65.667262	139.620939	66.061247	134.302290	66.338815	128.723416	66.490168	122.934404	66.508708	116.994793	66.391585	110.969512	66.139976	104.923857	65.758951	98.918469	65.256936	93.005155	64.644972	87.224351	63.935820	81.604261	63.143100	76.161513	62.280519	70.902780	61.361246	65.826874	60.397500	60.926897
608.375000	61.568730	164.450771	62.372009	161.087860	63.138908	157.400278	63.856845	153.378416	64.512326	149.018579	65.091297	144.325048	65.579703	139.312193	65.964169	134.005981	66.232828	128.444696	66.376188	122.678065	66.387935	116.764838	66.265457	110.768784	66.010081	104.753828	65.626937	98.779185	65.124427	92.895387	64.513490	87.141852	63.806739	81.546098	63.017609	76.124383	62.159612	70.883290	61.245737	65.821738	60.288027	60.933076
608.827330	61.536204	164.156814	62.331392	160.784171	63.089594	157.088963	63.798319	153.062228	64.444203	148.700970	65.013373	144.010158	65.492010	139.004729	65.867002	133.711017	66.126806	128.167339	66.262229	122.423053	66.267236	116.536123	66.139454	110.569161	65.880354	104.584735	65.495126	98.640652	64.992146	92.786180	64.382251	87.059736	63.677910	81.488159	62.892371	76.087343	62.038953	70.863785	61.130467	65.816510	60.178780	60.939105
609.279540	61.502786	163.864787	62.289902	160.482803	63.039449	156.780384	63.739024	152.749212	64.375398	148.386955	64.934884	143.699238	65.403890	138.701536	65.769577	133.420503	66.020702	127.894455	66.148371	122.172366	66.146821	116.311407	66.013896	110.373067	65.751214	104.418588	65.364013	98.504426	64.860643	92.678640	64.251841	86.978688	63.549929	81.430765	62.767978	76.050414	61.919120	70.844044	61.015987	65.810786	60.070282	60.944456
609.731630	61.468821	163.573981	62.247878	160.182898	62.988795	156.473525	63.679261	152.438186	64.306180	148.075191	64.856053	143.390799	65.315515	138.401009	65.672004	133.132767	65.914557	127.624361	66.034586	121.924374	66.026593	116.089184	65.888625	110.179172	65.622450	104.254277	65.233345	98.369639	64.729633	92.572140	64.121956	86.898309	63.422485	81.373712	62.644120	76.013556	61.799810	70.824159	60.902008	65.804757	59.962258	60.949388
610.183650	61.434266	163.284483	62.205279	159.884555	62.937595	156.168501	63.618996	152.129266	64.236522	147.765798	64.776859	143.084972	65.226871	138.103272	65.574266	132.847924	65.808365	127.357169	65.920873	121.679184	65.906552	115.869551	65.763649	109.987563	65.494067	104.091883	65.103129	98.236370	64.599128	92.466756	63.992607	86.818669	63.295592	81.317064	62.520812	75.976825	61.681039	70.804181	60.788546	65.798470	59.854722	60.953944
610.635560	61.398852	162.996902	62.161844	159.588499	62.885601	155.866163	63.557999	151.823425	64.166221	147.459875	64.697136	142.782965	65.137835	137.809617	65.476290	132.567315	65.702108	127.094223	65.807268	121.438089	65.786786	115.653705	65.639104	109.799296	65.366244	103.932295	64.973578	98.105319	64.469364	92.363005	63.864046	86.740111	63.169506	81.261010	62.398312	75.940282	61.563057	70.784066	60.675842	65.791805	59.747902	60.957951
611.087340	61.363175	162.710022	62.118155	159.293264	62.833369	155.564772	63.496789	151.518659	64.095739	147.155146	64.617270	142.482253	65.048703	137.517336	65.378271	132.288117	65.595862	126.832681	65.693732	121.198339	65.667143	115.439098	65.514731	109.612120	65.238635	103.773622	64.844274	97.974993	64.339870	92.259788	63.735768	86.661911	63.043710	81.205159	62.276100	75.903810	61.445356	70.763920	60.563409	65.785027	59.641339	60.961787
611.539000	61.326364	162.425798	62.073369	159.001177	62.780099	155.267047	63.434634	151.218088	64.024433	146.855112	64.536736	142.186665	64.959089	137.230513	65.279980	132.014548	65.489567	126.576747	65.580376	120.963974	65.547901	115.229456	65.390958	109.429322	65.111802	103.618615	64.715884	97.847567	64.211382	92.158702	63.608556	86.585133	62.919007	81.150104	62.154979	75.867601	61.328720	70.743620	60.452000	65.777774	59.535747	60.964918
611.990600	61.289558	162.141611	62.028589	158.709128	62.726836	154.969361	63.372487	150.917557	63.953137	146.555118	64.456212	141.891116	64.869487	136.943728	65.181703	131.741015	65.383285	126.320848	65.467035	120.729640	65.428675	115.019843	65.267202	109.246548	64.984986	103.463629	64.587511	97.720158	64.082912	92.057631	63.481362	86.508365	62.794320	81.095056	62.033874	75.831397	61.212098	70.723322	60.340606	65.770521	59.430169	60.968048
612.442080	61.251438	161.860597	61.982539	158.420826	62.672381	154.676018	63.309258	150.621968	63.880910	146.260628	64.374948	141.601554	64.779362	136.663267	65.083147	131.473976	65.276992	126.071391	65.353943	120.501462	65.309953	114.815874	65.144183	109.068721	64.859097	103.312762	64.460214	97.595984	63.955630	91.958920	63.355420	86.433135	62.670915	81.040822	61.914042	75.795411	61.096721	70.702758	60.230403	65.762636	59.325719	60.970287
612.893430	61.213301	161.579729	61.936474	158.132685	62.617917	154.382850	63.246024	150.326569	63.808684	145.966337	64.293692	141.312201	64.689252	136.383019	64.984614	131.207151	65.170728	125.822141	65.240889	120.273480	65.191275	114.612083	65.021215	108.891049	64.733263	103.162025	64.332976	97.471914	63.828409	91.860287	63.229540	86.357960	62.547571	80.986622	61.794271	75.759439	60.981402	70.682194	60.120257	65.754740	59.221323	60.972506
613.344730	61.174122	161.301401	61.889408	157.847538	62.562515	154.093133	63.181944	150.035079	63.735730	145.676382	64.211852	141.027541	64.598731	136.107721	64.885863	130.945384	65.064450	125.577901	65.128028	120.050281	65.072984	114.412683	64.898807	108.717239	64.608141	103.014532	64.206567	97.350424	63.702099	91.763577	63.104624	86.284092	62.425212	80.933189	61.675484	75.723777	60.867046	70.661570	60.011038	65.746506	59.117806	60.974182
613.795900	61.134632	161.023930	61.842044	157.563388	62.506838	153.804557	63.117619	149.744870	63.662571	145.387840	64.129853	140.744404	64.508107	135.834021	64.787070	130.685247	64.958194	125.335271	65.015257	119.828616	64.954843	114.214690	64.776603	108.544667	64.483270	102.868078	64.080446	97.229764	63.576102	91.667486	62.980037	86.210647	62.303187	80.880007	61.557031	75.688220	60.753016	70.640934	59.902133	65.738169	59.014586	60.975690
614.246950	61.094455	160.748359	61.794027	157.281439	62.450558	153.518499	63.052761	149.457486	63.588966	145.102396	64.047516	140.464589	64.417269	135.563801	64.688198	130.428642	64.852000	125.096113	64.902688	119.610246	64.837040	114.019702	64.654856	108.374720	64.358956	102.723814	63.954959	97.110828	63.450796	91.572662	62.856171	86.138048	62.181899	80.827296	61.439309	75.652819	60.639699	70.620204	59.793912	65.729543	58.912014	60.976768
614.697940	61.053706	160.474335	61.745465	157.001284	62.393775	153.234497	62.987457	149.172411	63.514988	144.819488	63.964893	140.187496	64.326246	135.296431	64.589251	130.174932	64.745848	124.859803	64.790278	119.394578	64.719506	113.827180	64.533476	108.206926	64.235091	102.581345	63.829985	96.993308	63.326048	91.478876	62.732891	86.066142	62.061208	80.774969	61.322181	75.617544	60.526962	70.599395	59.686247	65.720676	58.809967	60.977490
615.148800	61.012546	160.201510	61.696516	156.722513	62.336636	152.952064	62.921841	148.889082	63.440753	144.538490	63.882080	139.912442	64.235109	135.031180	64.490272	129.923367	64.639750	124.625593	64.678004	119.180898	64.602187	113.636473	64.412383	108.040724	64.111573	102.440211	63.705404	96.876851	63.201725	91.385887	62.610056	85.994784	61.940968	80.722971	61.205501	75.582412	60.414662	70.578576	59.579003	65.711685	58.708320	60.978003
615.599550	60.970539	159.931023	61.646763	156.446454	62.278757	152.672718	62.855569	148.609200	63.365973	144.261269	63.798854	139.641432	64.143709	134.770136	64.391192	129.676065	64.533724	124.395562	64.565966	118.971177	64.485267	113.449380	64.291831	107.877694	63.988717	102.301734	63.581577	96.762509	63.078220	91.294484	62.488080	85.924513	61.821603	80.671624	61.089691	75.547558	60.303211	70.557733	59.472576	65.702441	58.607449	60.978093
616.050170	60.928411	159.660989	61.596897	156.170908	62.220778	152.393944	62.789214	148.329945	63.291130	143.984725	63.715588	139.371135	64.052295	134.509828	64.292128	129.429499	64.427741	124.166246	64.454001	118.762129	64.368444	113.262897	64.171400	107.715196	63.866001	102.163702	63.457906	96.648519	62.954881	91.203341	62.366274	85.854419	61.702409	80.620381	60.974052	75.512746	60.191926	70.536880	59.366307	65.693149	58.506728	60.978104
616.500730	60.885219	159.393984	61.546026	155.898851	62.161879	152.119122	62.722054	148.055097	63.215622	143.712977	63.631826	139.105939	63.960577	134.254820	64.192973	129.188269	64.321876	123.942145	64.342375	118.558000	64.252158	113.080878	64.051681	107.556590	63.744142	102.028907	63.335205	96.537085	62.832594	91.114083	62.245564	85.785590	61.584329	80.569853	60.859521	75.478189	60.081723	70.515912	59.261075	65.683452	58.406991	60.977498
616.951170	60.842038	159.127051	61.495168	155.626867	62.102994	151.844374	62.654912	147.780321	63.140133	143.441301	63.548087	138.840814	63.868884	133.999881	64.093845	128.947103	64.216040	123.718104	64.230779	118.353925	64.135902	112.898908	63.931993	107.398025	63.622315	101.894148	63.212536	96.425682	62.710339	91.024848	62.124887	85.716779	61.466281	80.519339	60.745021	75.443641	59.971549	70.494948	59.155871	65.673758	58.307280	60.976892
617.401490	60.797859	158.863099	61.443377	155.358305	62.043267	151.573492	62.587040	147.509815	63.064059	143.174262	63.463929	138.580599	63.776957	133.749996	63.994680	128.711013	64.110381	123.498981	64.119554	118.154459	64.020206	112.721099	63.813034	107.243057	63.501352	101.762353	63.090837	96.316587	62.589125	90.937286	62.005291	85.649050	61.349327	80.469386	60.631603	75.409219	59.862427	70.473758	59.051676	65.663563	58.208524	60.975593
617.851750	60.753564	158.599535	61.391478	155.090186	61.983442	151.303106	62.519086	147.239855	62.987921	142.907813	63.379728	138.321007	63.685010	133.500751	63.895522	128.475564	64.004753	123.280477	64.008386	117.955575	63.904591	112.543815	63.694176	107.088541	63.380506	101.630933	62.969268	96.207783	62.468050	90.849935	61.885838	85.581459	61.232517	80.419507	60.518327	75.374815	59.753443	70.452542	58.947616	65.653309	58.109893	60.974210
618.301880	60.708479	158.338434	61.338839	154.824872	61.922950	151.035858	62.450559	146.973355	62.911322	142.645085	63.295198	138.065345	63.592882	133.255553	63.796338	128.244162	63.899260	123.065913	63.897509	117.760400	63.789413	112.369905	63.575881	106.936988	63.260332	101.502010	62.848454	96.100994	62.347787	90.764126	61.767236	85.514967	61.116571	80.370335	60.405909	75.340785	59.645299	70.431429	58.844363	65.642941	58.012031	60.972550
618.751890	60.663014	158.078575	61.285844	154.560968	61.862138	150.770182	62.381759	146.708586	62.834507	142.384216	63.210515	137.811644	63.500677	133.012372	63.697155	128.014776	63.793845	122.853310	63.786790	117.567071	63.674464	112.197674	63.457878	106.786908	63.140503	101.374328	62.728026	95.995207	62.227939	90.679083	61.649065	85.449024	61.001063	80.321517	60.293926	75.306943	59.537581	70.410369	58.741520	65.632517	57.914558	60.970755
619.201780	60.617097	157.820296	61.232436	154.298852	61.800960	150.506498	62.312654	146.445987	62.757462	142.125676	63.125687	137.560376	63.408419	132.771673	63.598018	127.787855	63.688575	122.643079	63.676313	117.375950	63.559845	112.027425	63.340282	106.638537	63.021144	101.248056	62.608115	95.890518	62.108639	90.594837	61.531459	85.383600	60.886123	80.272973	60.182507	75.273170	59.430408	70.389210	58.639200	65.621868	57.817581	60.968640
619.651610	60.570615	157.563910	61.178510	154.038884	61.739323	150.245211	62.243163	146.186004	62.680118	141.869949	63.040665	137.312048	63.316078	132.533977	63.498917	127.563918	63.583464	122.435725	63.566110	117.187506	63.445608	111.859579	63.223162	106.492237	62.902339	101.123491	62.488816	95.787159	61.989990	90.511554	61.414524	85.318802	60.771861	80.224758	60.071759	75.239475	59.323886	70.367925	58.537503	65.610941	57.721193	60.966131
620.101320	60.523900	157.308378	61.124370	153.779872	61.677499	149.984983	62.173516	145.927174	62.602658	141.615448	62.955569	137.065000	63.223713	132.297585	63.399844	127.341273	63.478430	122.229615	63.456033	117.000224	63.331542	111.692785	63.106253	106.346854	62.783777	100.999692	62.369784	95.684414	61.871626	90.428737	61.297883	85.254332	60.657894	80.176751	59.961303	75.205884	59.217651	70.346659	58.436081	65.599964	57.625067	60.963522
620.550960	60.476348	157.055586	61.069454	153.523951	61.614983	149.728190	62.103284	145.672104	62.524740	141.364968	62.870161	136.822164	63.131196	132.065493	63.300785	127.122899	63.373580	122.027625	63.346306	116.816797	63.217978	111.529476	62.989978	106.204509	62.665957	100.878435	62.251578	95.583702	61.754145	90.347459	61.182161	85.190944	60.544860	80.129420	59.851769	75.172622	59.112318	70.325442	58.335526	65.588808	57.529763	60.960564
621.000430	60.428814	156.802892	61.014557	153.268131	61.552490	149.471499	62.033078	145.417134	62.446851	141.114587	62.784784	136.579424	63.038714	131.833493	63.201764	126.904612	63.268771	121.825716	63.236621	116.633443	63.104457	111.366234	62.873749	106.062222	62.548182	100.757226	62.133418	95.483030	61.636711	90.266213	61.066483	85.127580	60.431869	80.082108	59.742278	75.139372	59.007026	70.304232	58.235009	65.577656	57.434496	60.957608
621.449830	60.380334	156.553602	60.958802	153.016139	61.489249	149.219041	61.962260	145.166747	62.368508	140.869075	62.699135	136.341749	62.946153	131.606626	63.102870	126.691384	63.164295	121.628648	63.127464	116.454574	62.991644	111.206997	62.758382	105.923376	62.431397	100.638842	62.016342	95.384552	61.520423	90.186558	60.951985	85.065247	60.320064	80.035335	59.633957	75.106248	58.902867	70.282807	58.135578	65.566033	57.340256	60.953985
621.899110	60.331868	156.304378	60.903062	152.764214	61.426025	148.966650	61.891460	144.916426	62.290186	140.623629	62.613508	136.104139	62.853616	131.379819	63.004002	126.478213	63.059847	121.431632	63.018337	116.275752	62.878861	111.047803	62.643046	105.784566	62.314643	100.520489	61.899297	95.286100	61.404166	90.106925	60.837518	85.002931	60.208289	79.988574	59.525665	75.073133	58.798736	70.261387	58.036173	65.554413	57.246041	60.950364
622.348330	60.282596	156.057984	60.846584	152.515459	61.362152	148.717747	61.820120	144.669886	62.211453	140.382197	62.527617	135.870690	62.760972	131.157237	62.905190	126.269222	62.955617	121.238634	62.909588	116.100680	62.766600	110.892000	62.528355	105.648725	62.198637	100.404645	61.783079	95.189685	61.288792	90.028863	60.723965	84.941760	60.097440	79.942579	59.418293	75.040456	58.695504	70.240134	57.937637	65.542741	57.152650	60.946528
622.797420	60.233103	155.812470	60.789906	152.267683	61.298108	148.469918	61.748643	144.424502	62.132621	140.141986	62.441671	135.638504	62.668320	130.935933	62.806419	126.061493	62.851477	121.046848	62.800974	115.926738	62.654517	110.737218	62.413879	105.513777	62.082877	100.289556	61.667130	95.093882	61.173703	89.951274	60.610706	84.880937	59.986886	79.896817	59.311215	75.007913	58.592558	70.218936	57.839376	65.531058	57.059522	60.942630
623.246400	60.183135	155.568866	60.732804	152.022029	61.233701	148.224408	61.676880	144.181615	62.053593	139.904403	62.355625	135.409027	62.575674	130.717349	62.707762	125.856427	62.747558	120.857596	62.692683	115.755132	62.542848	110.584518	62.299896	105.380615	61.967673	100.175933	61.551783	94.999226	61.059247	89.874521	60.498096	84.820664	59.876983	79.851355	59.204777	74.975457	58.490233	70.197652	57.741709	65.519153	56.966956	60.938409
623.695250	60.132782	155.326853	60.675359	151.778139	61.169003	147.980826	61.604890	143.940801	61.974409	139.669000	62.269505	135.181794	62.483041	130.501020	62.609208	125.653565	62.643829	120.670442	62.584665	115.585460	62.431528	110.433544	62.186327	105.248931	61.852937	100.063526	61.436943	94.905519	60.945321	89.798461	60.386029	84.760850	59.767625	79.806142	59.098874	74.943075	58.388427	70.176301	57.644539	65.507068	56.874861	60.933924
624.144040	60.082141	155.085992	60.617655	151.535527	61.104084	147.738638	61.532723	143.701476	61.895102	139.435162	62.183318	134.956171	62.390403	130.286310	62.510712	125.452290	62.540222	120.484802	62.476828	115.417190	62.320441	110.283826	62.073038	105.118337	61.738517	99.952029	61.322447	94.812539	60.831758	89.722953	60.274335	84.701426	59.658642	79.761175	58.993342	74.910817	58.286983	70.154972	57.547716	65.494924	56.783095	60.929318
624.592710	60.030887	154.847560	60.559403	151.295610	61.038697	147.499392	61.460185	143.465297	61.815530	139.204631	62.096990	134.733952	62.297754	130.075024	62.412338	125.254368	62.436869	120.302359	62.369368	115.251879	62.209846	110.136764	61.960338	104.990047	61.624764	99.842456	61.208679	94.721095	60.718963	89.648614	60.163429	84.642830	59.550452	79.716730	58.888596	74.878822	58.186304	70.133691	57.451626	65.482656	56.692026	60.924459
625.041260	59.979569	154.609504	60.501097	151.056102	60.973269	147.260584	61.387620	143.229581	61.735949	138.974581	62.010668	134.512222	62.205131	129.864225	62.314008	125.056918	62.333579	120.120362	62.261989	115.086978	62.099346	109.990067	61.847745	104.862072	61.511129	99.733144	61.095036	94.629857	60.606296	89.574430	60.052654	84.584341	59.442392	79.672350	58.783978	74.846855	58.085749	70.112408	57.355656	65.470363	56.601070	60.919557
625.489750	59.927496	154.374556	60.442121	150.820032	60.907274	147.025507	61.314611	142.997850	61.656069	138.748708	61.924204	134.294773	62.112529	129.657704	62.215870	124.863643	62.230647	119.942317	62.155124	114.925717	61.989502	109.846609	61.735929	104.736886	61.398367	99.626134	60.982337	94.540435	60.494622	89.501588	59.942895	84.526760	59.335351	79.628501	58.680364	74.815095	57.986166	70.091064	57.260620	65.457799	56.511000	60.914224
625.938110	59.875438	154.139676	60.383162	150.584030	60.841298	146.790497	61.241623	142.766185	61.576212	138.522900	61.837764	134.077386	62.019954	129.451244	62.117761	124.670424	62.127745	119.764324	62.048290	114.764502	61.879690	109.703192	61.624145	104.611735	61.285638	99.519154	60.869670	94.451038	60.382980	89.428768	59.833166	84.469196	59.228341	79.584664	58.576779	74.783344	57.886613	70.069725	57.165611	65.445238	56.420956	60.908893
626.386350	59.822689	153.907872	60.323596	150.351398	60.774820	146.559134	61.168255	142.538403	61.496110	138.301131	61.751231	133.864120	61.927444	129.248889	62.019875	124.481204	62.025223	119.590124	61.941984	114.606779	61.770537	109.562894	61.513134	104.489274	61.173771	99.414414	60.757933	94.363428	60.272311	89.357299	59.724434	84.412582	59.122331	79.541423	58.474178	74.751881	57.788018	70.048422	57.071519	65.432512	56.331782	60.903243
626.834470	59.769841	153.676612	60.263947	150.119359	60.708277	146.328407	61.094843	142.311293	61.415987	138.080059	61.664703	133.651561	61.834965	129.047236	61.922047	124.292666	61.922784	119.416571	61.835786	114.449650	61.661515	109.423126	61.402271	104.367271	61.062067	99.310056	60.646370	94.276123	60.161823	89.286064	59.615886	84.356133	59.016504	79.498287	58.371756	74.720472	57.689599	70.027129	56.977596	65.419763	56.242766	60.897544
627.282530	59.716484	153.447594	60.203849	149.889777	60.641361	146.100336	61.021147	142.086991	61.335680	137.861910	61.578097	133.441979	61.742523	128.848555	61.824372	124.107013	61.820611	119.245751	61.729957	114.295043	61.552955	109.285619	61.291953	104.247229	60.950971	99.207343	60.535463	94.190143	60.052023	89.215846	59.508043	84.300422	58.911384	79.455635	58.270034	74.689330	57.591858	70.005926	56.884325	65.406960	56.154371	60.891677
627.730470	59.662837	153.219933	60.143501	149.661678	60.574240	145.873865	60.947299	141.864374	61.255280	137.645513	61.491463	133.234180	61.650120	128.651652	61.726805	123.923087	61.718612	119.076564	61.624365	114.141942	61.444688	109.149462	61.181974	104.128357	60.840253	99.105614	60.424961	94.104955	59.942647	89.146239	59.400632	84.245154	58.806697	79.413275	58.168741	74.658350	57.494532	69.984779	56.791454	65.394127	56.066356	60.885711
628.178280	59.608923	152.993657	60.082924	149.435088	60.506938	145.649007	60.873325	141.643459	61.174816	137.430874	61.404833	133.028159	61.557790	128.456506	61.629378	123.740855	61.616820	118.908971	61.519042	113.990295	61.336745	109.014590	61.072364	104.010587	60.729940	99.004790	60.314891	94.020478	59.833719	89.077156	59.293676	84.190238	58.702464	79.371118	58.067893	74.627444	57.397638	69.963599	56.698997	65.381178	55.978732	60.879566
628.626040	59.554586	152.769402	60.021982	149.210702	60.439343	145.426514	60.799138	141.425045	61.094231	137.218821	61.318179	132.824755	61.465537	128.263951	61.532131	123.561125	61.515308	118.743732	61.414091	113.840795	61.229255	108.881617	60.963275	103.894442	60.620205	98.905298	60.205438	93.937049	59.725431	89.008843	59.187373	84.135836	58.598884	79.329254	57.967686	74.596641	57.301365	69.942364	56.607133	65.368046	55.891670	60.873147
629.073670	59.500143	152.545781	59.960953	148.987002	60.371682	145.204748	60.724910	141.207391	61.013631	137.007549	61.231540	132.622142	61.373327	128.072176	61.434957	123.382147	61.413897	118.579201	61.309268	113.691944	61.121915	108.749224	60.854356	103.778799	60.510656	98.806227	60.096182	93.853959	59.617347	88.940792	59.081277	84.081625	58.495509	79.287515	57.867681	74.565910	57.205288	69.921154	56.515459	65.354903	55.804787	60.866687
629.521180	59.445097	152.325113	59.899406	148.766511	60.303603	144.986408	60.650381	140.993332	60.932859	136.799991	61.144866	132.423290	61.281229	127.884124	61.338040	123.206772	61.312878	118.418063	61.204965	113.546211	61.015212	108.619613	60.746171	103.665562	60.401914	98.709167	59.987792	93.772484	59.510165	88.873982	58.976101	84.028315	58.393054	79.246363	57.768583	74.535506	57.110094	69.900048	56.424632	65.341686	55.718708	60.860013
629.968630	59.390059	152.104474	59.837867	148.546050	60.235534	144.768097	60.575861	140.779302	60.852098	136.592461	61.058204	132.224465	61.189142	127.696097	61.241135	123.031421	61.211873	118.256947	61.100677	113.400498	60.908523	108.490020	60.638001	103.552341	60.293187	98.612120	59.879417	93.691021	59.402998	88.807181	58.870940	83.975012	58.290614	79.205217	57.669499	74.505106	57.014913	69.878944	56.333817	65.328471	55.632640	60.853339
630.415950	59.334415	151.887008	59.775820	148.329023	60.167066	144.553449	60.501070	140.569117	60.771204	136.388882	60.971557	132.029614	61.097223	127.511980	61.144548	122.859833	61.111336	118.099361	60.996991	113.258009	60.802554	108.363285	60.530650	103.441574	60.185361	98.517107	59.771996	93.611172	59.296824	88.741596	58.766785	83.922553	58.189179	79.164593	57.571401	74.474944	56.920688	69.857849	56.243917	65.315076	55.547443	60.846345
630.863160	59.278739	151.669831	59.713749	148.112303	60.098584	144.339124	60.426275	140.359270	60.690319	136.185646	60.884931	131.835106	61.005338	127.328199	61.048007	122.688567	61.010855	117.942078	60.893373	113.115796	60.696662	108.236794	60.423385	103.331017	60.077627	98.422269	59.664672	93.531462	59.190749	88.676118	58.662730	83.870170	58.087843	79.124018	57.473400	74.444807	56.826555	69.836760	56.154106	65.301671	55.462330	60.839328
631.310240	59.222616	151.455103	59.651302	147.898222	60.029811	144.127608	60.351287	140.152351	60.609344	135.985409	60.798328	131.643618	60.913589	127.147395	60.951718	122.520163	60.910735	117.787484	60.790214	112.976046	60.591319	108.112499	60.316743	103.222359	59.970572	98.329025	59.558071	93.453042	59.085422	88.611633	58.559436	83.818511	57.987267	79.083931	57.376148	74.414950	56.733151	69.815779	56.064993	65.288234	55.377879	60.832169
631.757260	59.166297	151.241457	59.588690	147.685305	59.960910	143.917330	60.276213	139.946726	60.528329	135.786496	60.711736	131.453462	60.821902	126.967905	60.855540	122.353021	60.810774	117.634077	60.687258	112.837382	60.486218	107.989172	60.210375	103.114540	59.863817	98.236485	59.451790	93.375191	58.980427	88.547588	58.456478	83.767173	57.887028	79.044059	57.279227	74.385217	56.640069	69.794845	55.976189	65.274783	55.293720	60.824947
632.204160	59.109732	151.029353	59.525880	147.474043	59.891866	143.708795	60.201057	139.742910	60.447300	135.589430	60.625197	131.265149	60.730339	126.790216	60.759557	122.187604	60.711074	117.482276	60.584624	112.700174	60.381491	107.867127	60.104425	103.007813	59.757516	98.144840	59.345985	93.298043	58.875922	88.484064	58.354016	83.716192	57.787281	79.004393	57.182788	74.355564	56.547453	69.773885	55.887832	65.261220	55.209984	60.817549
632.650940	59.052871	150.819073	59.462830	147.264738	59.822648	143.502319	60.125799	139.541233	60.366249	135.394550	60.538718	131.079016	60.638921	126.614660	60.663801	122.024227	60.611678	117.332376	60.482368	112.564690	60.277205	107.746600	59.998968	102.902380	59.651749	98.054255	59.240741	93.221726	58.771996	88.421157	58.252138	83.665631	57.688115	78.964968	57.086918	74.326005	56.455386	69.752890	55.800001	65.247524	55.126746	60.809941
633.097660	58.995887	150.609557	59.399681	147.056250	59.753358	143.296706	60.050498	139.340450	60.285186	135.200581	60.452261	130.893794	60.547560	126.439995	60.568136	121.861703	60.512407	117.183275	60.380264	112.429934	60.173097	107.626721	59.893710	102.797506	59.546197	97.964138	59.135725	93.145788	58.668304	88.358543	58.150498	83.615284	57.589185	78.925687	56.991281	74.296527	56.363546	69.731928	55.712386	65.233818	55.043714	60.802290
633.544250	58.938455	150.402732	59.336165	146.850645	59.683797	143.094141	59.975030	139.142825	60.204069	135.009832	60.365872	130.711795	60.456388	126.268482	60.472779	121.702194	60.413557	117.036997	60.278687	112.297755	60.069606	107.509131	59.789146	102.694612	59.441396	97.875680	59.031505	93.071187	58.565434	88.296965	58.049691	83.565688	57.491085	78.886913	56.896460	74.267337	56.272497	69.711076	55.625530	65.220074	54.961401	60.794484
633.990720	58.881038	150.195964	59.272667	146.645095	59.614253	142.891630	59.899582	138.945254	60.122974	134.819134	60.279505	130.529844	60.365241	126.097016	60.377447	121.542728	60.314733	116.890758	60.177137	112.165612	59.966144	107.391573	59.684611	102.591745	59.336624	97.787246	58.927314	92.996606	58.462591	88.235403	57.948910	83.516107	57.393011	78.848149	56.801664	74.238156	56.181473	69.690229	55.538697	65.206333	54.879109	60.786680
634.437070	58.823114	149.992438	59.208760	146.443009	59.544417	142.692755	59.823971	138.751443	60.041854	134.632255	60.193257	130.351697	60.274356	125.929261	60.282522	121.386806	60.216450	116.747816	60.076249	112.036464	59.863450	107.276661	59.580932	102.491147	59.232778	97.700693	58.824093	92.923526	58.360749	88.174974	57.849142	83.467325	57.295943	78.809889	56.707853	74.209225	56.091403	69.669418	55.452779	65.192458	54.797686	60.778608
634.883360	58.765186	149.789008	59.144853	146.241022	59.474584	142.493982	59.748367	138.557737	59.960744	134.445481	60.107022	130.173653	60.183489	125.761606	60.187618	121.230980	60.118191	116.604962	59.975388	111.907397	59.760787	107.161819	59.477284	102.390610	59.128965	97.614191	58.720907	92.850487	58.258942	88.114578	57.749409	83.418566	57.198910	78.771645	56.614074	74.180304	56.001365	69.648611	55.366891	65.178583	54.716292	60.770532
635.329530	58.706870	149.588091	59.080637	146.041705	59.404529	142.298014	59.672637	138.366924	59.879612	134.261639	60.020874	129.998529	60.092818	125.596800	60.093017	121.077871	60.020336	116.464649	59.875024	111.780645	59.658699	107.049041	59.374279	102.291857	59.025847	97.529188	58.618454	92.778664	58.157890	88.055130	57.650439	83.370515	57.102637	78.733887	56.521043	74.151676	55.912050	69.627938	55.281697	65.164707	54.635556	60.762352
635.775570	58.648428	149.388102	59.016323	145.843370	59.334408	142.103075	59.596877	138.177172	59.798489	134.078870	59.934775	129.824472	60.002235	125.433033	59.998541	120.925753	59.922644	116.325261	59.774854	111.654737	59.556835	106.937014	59.271522	102.193755	58.922994	97.444732	58.516280	92.707286	58.057125	87.996030	57.551758	83.322723	57.006651	78.696307	56.428294	74.123159	55.823008	69.607315	55.196765	65.150833	54.555070	60.754137
636.221560	58.589768	149.189688	58.951842	145.646708	59.264177	141.909880	59.521070	137.989209	59.717385	133.897907	59.848763	129.652202	59.911808	125.270997	59.904288	120.775278	59.825237	116.187394	59.675027	111.530200	59.455361	106.826187	59.169194	102.096675	58.820602	97.361115	58.414586	92.636568	57.956851	87.937422	57.453571	83.275266	56.911155	78.658927	56.336024	74.094721	55.734430	69.586673	55.112275	65.136862	54.475002	60.745764
636.667420	58.530897	148.992903	58.887202	145.451773	59.193846	141.718483	59.445227	137.803092	59.636316	133.718803	59.762854	129.481773	59.821556	125.110742	59.810278	120.626494	59.728138	116.051090	59.575562	111.407074	59.354300	106.716597	59.067320	102.000646	58.718693	97.278364	58.313396	92.566532	57.857091	87.879321	57.355902	83.228156	56.816171	78.621754	56.244256	74.066368	55.646336	69.566015	55.028247	65.122797	54.395373	60.737230
637.113160	58.471921	148.796998	58.822484	145.257768	59.123468	141.528054	59.369371	137.617965	59.555268	133.540698	59.677004	129.312331	59.731399	124.951445	59.716400	120.478619	59.631201	115.915634	59.476291	111.284719	59.253457	106.607691	58.965685	101.905211	58.617040	97.196110	58.212472	92.496901	57.757604	87.821539	57.258507	83.181283	56.721460	78.584745	56.152756	74.038118	55.558501	69.545407	54.944469	65.108736	54.315980	60.728667
637.558840	58.412597	148.603550	58.757497	145.066367	59.052908	141.340346	59.293427	137.435629	59.474231	133.365408	59.591272	129.145677	59.641462	124.794860	59.622843	120.333322	59.534679	115.782578	59.377522	111.164547	59.153190	106.500725	58.864687	101.811456	58.516069	97.115265	58.112267	92.428416	57.658855	87.764653	57.161858	83.135074	56.627490	78.548195	56.061981	74.010151	55.471371	69.524931	54.861366	65.094679	54.237226	60.720008
638.004330	58.353293	148.410216	58.692534	144.875080	58.982375	141.152752	59.217515	137.253406	59.393229	133.190227	59.505578	128.979129	59.551566	124.638375	59.529330	120.188120	59.438205	115.649608	59.278802	111.044453	59.052973	106.393829	58.763740	101.717761	58.415150	97.034472	58.012113	92.359975	57.560158	87.707802	57.065259	83.088892	56.533569	78.511666	55.971253	73.982200	55.384286	69.504464	54.778307	65.080628	54.158514	60.711352
638.449830	58.293554	148.220068	58.627235	144.687156	58.911619	140.968647	59.141502	137.074760	59.312259	133.018651	59.420046	128.816131	59.461969	124.485340	59.436243	120.046192	59.342277	115.519679	59.180737	110.927119	58.953506	106.289381	58.663619	101.626174	58.315119	96.955448	57.912883	92.292969	57.462411	87.652067	56.969618	83.043537	56.440601	78.475703	55.881460	73.954580	55.298104	69.484139	54.696113	65.066567	54.080623	60.702559
638.895140	58.233841	148.030001	58.561963	144.499311	58.840892	140.784621	59.065522	136.896190	59.231323	132.847148	59.334551	128.653204	59.372411	124.332370	59.343195	119.904324	59.246391	115.389804	59.082713	110.809836	58.854081	106.184978	58.563540	101.534626	58.215131	96.876457	57.813696	92.225992	57.364705	87.596356	56.874017	82.998201	56.347672	78.439755	55.791704	73.926972	55.211958	69.463822	54.613954	65.052512	54.002766	60.693770
639.340390	58.173855	147.842282	58.496496	144.313927	58.770057	140.603144	58.989524	136.720221	59.150466	132.678244	59.249235	128.492837	59.283126	124.181859	59.250516	119.764777	59.150959	115.262072	58.985221	110.694480	58.755253	106.082258	58.464113	101.444512	58.115831	96.798646	57.715227	92.159943	57.267731	87.541340	56.779150	82.953347	56.255467	78.404095	55.702656	73.899493	55.126496	69.443497	54.532448	65.038331	53.925525	60.684770
639.785520	58.113799	147.655328	58.430984	144.129344	58.699205	140.422493	58.913539	136.545092	59.069651	132.510179	59.163993	128.333297	59.193945	124.032139	59.157971	119.625976	59.055690	115.135028	58.887916	110.579744	58.656632	105.980080	58.364908	101.354859	58.016765	96.721216	57.617001	92.094195	57.171004	87.486551	56.684530	82.908651	56.163505	78.368531	55.613845	73.872059	55.041263	69.423175	54.451162	65.024115	53.848492	60.675708
640.230530	58.053549	147.470071	58.365332	143.946541	58.628273	140.243685	58.837537	136.371833	58.988889	132.343988	59.078871	128.175600	59.104951	123.884205	59.065679	119.488866	58.960732	115.009553	58.790975	110.466434	58.558422	105.879172	58.266153	101.266307	57.918178	96.644712	57.519273	92.029207	57.074785	87.432365	56.590422	82.864411	56.072052	78.333293	55.525532	73.844837	54.956513	69.402964	54.370337	65.009933	53.771899	60.666614
640.675420	57.993120	147.286395	58.299552	143.765398	58.557267	140.066594	58.761521	136.200315	58.908175	132.179544	58.993860	128.019621	59.016135	123.737934	58.973622	119.353331	58.866066	114.885537	58.694377	110.354451	58.460599	105.779446	58.167817	101.178780	57.820037	96.569071	57.422011	91.964927	56.979040	87.378739	56.496792	82.820595	55.981075	78.298360	55.437684	73.817813	54.872214	69.382857	54.289943	64.995782	53.695715	60.657492
641.120240	57.932612	147.103561	58.233721	143.585134	58.486241	139.890408	58.685518	136.029716	58.827507	132.016014	58.908929	127.864537	58.927430	123.592521	58.881710	119.218604	58.771574	114.762268	58.597978	110.243139	58.362996	105.680307	58.069720	101.091756	57.722149	96.493848	57.325009	91.900982	56.883561	87.325368	56.403427	82.776961	55.890359	78.263543	55.350091	73.790849	54.788161	69.362765	54.209785	64.981608	53.619754	60.648316
641.564940	57.871884	146.922969	58.167743	143.407215	58.415148	139.716636	58.609536	135.861569	58.746949	131.854924	58.824199	127.711845	58.839016	123.449403	58.790172	119.086038	58.677534	114.640993	58.502103	110.133619	58.265976	105.582741	57.972253	101.006077	57.624927	96.419743	57.228695	91.837930	56.788783	87.272674	56.310763	82.733811	55.800334	78.229039	55.263175	73.764045	54.704761	69.342714	54.130252	64.967369	53.544385	60.638991
642.009580	57.811158	146.742466	58.101769	143.229389	58.344062	139.542957	58.533565	135.693515	58.666404	131.693927	58.739486	127.559241	58.750621	123.306370	58.698657	118.953551	58.583520	114.519791	58.406255	110.024166	58.168985	105.485233	57.874818	100.920449	57.527736	96.345680	57.132412	91.774913	56.694038	87.220008	56.218131	82.690682	55.710341	78.194549	55.176290	73.737251	54.621391	69.322667	54.050748	64.953130	53.469043	60.629664
642.454100	57.750140	146.564960	58.035603	143.054684	58.272893	139.372477	58.457621	135.528706	58.586007	131.536158	58.655040	127.409795	58.662612	123.166369	58.607637	118.823921	58.490103	114.401220	58.311095	109.917085	58.072759	105.389819	57.778208	100.836614	57.431418	96.273114	57.037034	91.713097	56.600209	87.168272	56.126419	82.648235	55.621259	78.160516	55.090291	73.710720	54.538878	69.302712	53.972064	64.938849	53.394479	60.620186
642.898500	57.689138	146.387501	57.969454	142.880026	58.201743	139.202043	58.381698	135.363941	58.505632	131.378431	58.570616	127.260389	58.574627	123.026405	58.516640	118.694325	58.396711	114.282682	58.215961	109.810033	57.976558	105.294430	57.681625	100.752801	57.335126	96.200567	56.941681	91.651299	56.506406	87.116549	56.034731	82.605799	55.532201	78.126492	55.004316	73.684197	54.456387	69.282762	53.893401	64.924571	53.319936	60.610711
643.342770	57.627917	146.212432	57.903165	142.707850	58.130536	139.034159	58.305808	135.201745	58.425382	131.223267	58.486411	127.113488	58.486949	122.888847	58.426042	118.566996	58.303796	114.166236	58.121373	109.704878	57.880962	105.200717	57.585695	100.670437	57.239522	96.129237	56.847041	91.590494	56.413330	87.065611	55.943771	82.563949	55.443861	78.092881	54.919044	73.657932	54.374575	69.262944	53.815389	64.910316	53.246007	60.601174
643.786990	57.566633	146.038075	57.836837	142.536414	58.059314	138.867035	58.229930	135.040314	58.345171	131.068865	58.402273	126.967331	58.399366	122.752004	58.335564	118.440341	58.211024	114.050412	58.026948	109.600286	57.785548	105.107503	57.489962	100.588505	57.144125	96.058269	56.752615	91.529984	56.320471	87.014907	55.853029	82.522273	55.355737	78.059393	54.833982	73.631744	54.292966	69.243165	53.737571	64.896068	53.172263	60.591618
644.231080	57.505240	145.865253	57.770448	142.366569	57.988088	138.701535	58.154108	134.880521	58.265076	130.916077	58.318309	126.822744	58.312015	122.616661	58.245373	118.315089	58.118589	113.935874	57.932904	109.496846	57.690552	105.015294	57.394675	100.507429	57.049196	95.988008	56.658668	91.470037	56.228098	86.964626	55.762772	82.480898	55.268090	78.026095	54.749386	73.605650	54.211807	69.223401	53.660181	64.881768	53.098925	60.581956
644.675050	57.443744	145.693846	57.704004	142.198191	57.916858	138.537533	58.078336	134.722236	58.185087	130.764777	58.234508	126.679604	58.224879	122.482700	58.155446	118.191131	58.026465	113.822521	57.839210	109.394467	57.595939	104.924012	57.299799	100.427142	56.954697	95.918397	56.565164	91.410608	56.136172	86.914736	55.672961	82.439801	55.180883	77.992971	54.665219	73.579643	54.131063	69.203650	53.583187	64.867420	53.025961	60.572196
645.118900	57.382191	145.523291	57.637531	142.030692	57.845627	138.374429	58.002594	134.564852	58.105159	130.614372	58.150800	126.537337	58.137868	122.349575	58.065672	118.067959	57.934521	113.709895	57.745721	109.292749	57.501551	104.833318	57.205163	100.347365	56.860449	95.849220	56.471919	91.351538	56.044508	86.865134	55.583413	82.398927	55.093934	77.960011	54.581304	73.553749	54.050562	69.183966	53.506426	64.853102	52.953219	60.562436
645.562680	57.320441	145.354964	57.570936	141.865500	57.774353	138.213686	57.926892	134.409838	58.025355	130.466326	58.067300	126.397372	58.051148	122.218657	57.976268	117.946867	57.843016	113.599194	57.652736	109.192777	57.407720	104.744177	57.111125	100.268937	56.766831	95.781189	56.379324	91.293415	55.953505	86.816290	55.494528	82.358640	55.007643	77.927481	54.498033	73.528149	53.970682	69.164454	53.430260	64.838858	52.881043	60.552674
646.006350	57.258703	145.186720	57.504355	141.700392	57.703097	138.053027	57.851209	134.254906	57.945573	130.318360	57.983826	126.257485	57.964456	122.087812	57.886893	117.825843	57.751541	113.488556	57.559783	109.092862	57.313922	104.655086	57.017122	100.190552	56.673249	95.713196	56.286766	91.235322	55.862538	86.767472	55.405678	82.318372	54.921385	77.894965	54.414795	73.502560	53.890833	69.144949	53.354124	64.824618	52.808895	60.542912
646.449950	57.196764	145.021372	57.437666	141.538280	57.631837	137.895415	57.775629	134.103041	57.866004	130.173420	57.900672	126.120538	57.878191	121.959777	57.798046	117.707457	57.660687	113.380346	57.467528	108.995134	57.220890	104.567924	56.923936	100.113831	56.580523	95.646598	56.195089	91.178369	55.772463	86.719552	55.317719	82.278775	54.836009	77.862922	54.332413	73.477265	53.811812	69.125593	53.278782	64.810403	52.737498	60.533074
646.893370	57.134850	144.856090	57.371003	141.376233	57.560605	137.737868	57.700079	133.951238	57.786468	130.028538	57.817553	125.983647	57.791961	121.831794	57.709235	117.589118	57.569870	113.272181	57.375310	108.897446	57.127896	104.480798	56.830788	100.037142	56.487835	95.580026	56.103450	91.121440	55.682426	86.671652	55.229795	82.239193	54.750667	77.830891	54.250065	73.451980	53.732824	69.106246	53.203470	64.796195	52.666130	60.523239
647.336730	57.072798	144.692944	57.304278	141.216376	57.489386	137.582546	57.624621	133.801665	57.707105	129.885854	57.734688	125.848882	57.706062	121.705835	57.620827	117.472671	57.479521	113.165746	57.283617	108.801310	57.035473	104.395034	56.738249	99.961616	56.395783	95.514425	56.012462	91.065286	55.593049	86.624349	55.142531	82.200049	54.665971	77.799151	54.168348	73.426858	53.654444	69.086952	53.128738	64.781952	52.595311	60.513298
647.779970	57.010718	144.530509	57.237548	141.057249	57.418187	137.427964	57.549211	133.652832	57.627816	129.743899	57.651922	125.714820	57.620288	121.580545	57.532567	117.356850	57.389341	113.059884	57.192112	108.705687	56.943252	104.309722	56.645925	99.886475	56.303954	95.449146	55.921702	91.009391	55.503902	86.577246	55.055496	82.161052	54.581499	77.767509	54.086848	73.401793	53.576276	69.067680	53.054206	64.767702	52.524681	60.503325
648.223140	56.948562	144.369480	57.170789	140.899567	57.347010	137.274843	57.473874	133.505455	57.548652	129.603373	57.569334	125.582144	57.534743	121.456571	57.444582	117.242257	57.299478	112.955146	57.100960	108.611073	56.851415	104.225293	56.554008	99.812092	56.212550	95.384494	55.831378	90.954003	55.415193	86.530536	54.968897	82.122340	54.497458	77.736059	54.005769	73.376838	53.498510	69.048447	52.980061	64.753432	52.454418	60.493288
648.666200	56.886338	144.209849	57.104008	140.743323	57.275860	137.123176	57.398617	133.359529	57.469619	129.464268	57.486930	125.450848	57.449430	121.333908	57.356876	117.128886	57.209936	112.851526	57.010165	108.517463	56.759965	104.141743	56.462502	99.738463	56.121573	95.320469	55.741491	90.899121	55.326924	86.484215	54.882736	82.083913	54.413851	77.704801	53.925110	73.351993	53.421149	69.029253	52.906304	64.739143	52.384522	60.483188
649.109130	56.824085	144.050978	57.037224	140.587858	57.204733	136.972298	57.323410	133.214389	57.390664	129.325940	57.404629	125.320302	57.364246	121.211962	57.269323	117.016187	57.120568	112.748529	56.919564	108.424417	56.668724	104.058695	56.371217	99.665273	56.030827	95.256818	55.651840	90.844553	55.238892	86.438150	54.796811	82.045688	54.330476	77.673697	53.844679	73.327259	53.344008	69.010134	52.832757	64.724897	52.314826	60.473104
649.551940	56.761709	143.894330	56.970388	140.434676	57.133632	136.823738	57.248307	133.071565	57.311895	129.189899	57.322594	125.191971	57.279405	121.092134	57.182184	116.905474	57.031678	112.647367	56.829496	108.333035	56.578066	103.977131	56.280550	99.593377	55.940725	95.194274	55.562852	90.790911	55.151533	86.392836	54.711556	82.008056	54.247761	77.643041	53.764891	73.302850	53.267493	68.991228	52.759807	64.710772	52.245696	60.463063
649.994690	56.699341	143.737703	56.903561	140.281515	57.062540	136.675197	57.173215	132.928761	57.233138	129.053877	57.240570	125.063658	57.194575	120.972323	57.095058	116.794777	56.942800	112.546219	56.739441	108.241666	56.487419	103.895578	56.189895	99.521492	55.850636	95.131739	55.473876	90.737276	55.064185	86.347528	54.626312	81.970429	54.165058	77.612390	53.685115	73.278445	53.190989	68.972326	52.686868	64.696649	52.176576	60.453024
650.437320	56.636886	143.583681	56.836736	140.131018	56.991544	136.529340	57.098316	132.788617	57.154670	128.920455	57.158932	124.937851	57.110219	120.854876	57.008489	116.686281	56.854557	112.447070	56.650084	108.152077	56.397523	103.815572	56.100032	99.450917	55.761366	95.070285	55.385733	90.684494	54.977675	86.302866	54.541903	81.933254	54.083171	77.582021	53.606134	73.254169	53.115245	68.953432	52.614656	64.682430	52.108145	60.442808
650.879880	56.574440	143.429714	56.769920	139.980576	56.920561	136.383538	57.023430	132.648527	57.076218	128.787084	57.077311	124.812095	57.025882	120.737477	56.921940	116.577829	56.766335	112.347960	56.560750	108.062523	56.307650	103.735597	56.010193	99.380369	55.672119	95.008854	55.297614	90.631730	54.891188	86.258219	54.457516	81.896089	54.001308	77.551660	53.527176	73.229899	53.039523	68.934540	52.542463	64.668211	52.039733	60.432590
651.322270	56.511928	143.277759	56.703108	139.832179	56.849649	136.239798	56.948690	132.510493	56.997982	128.655723	56.995977	124.688270	56.941901	120.621912	56.835809	116.471086	56.678586	112.250418	56.471937	107.974380	56.218339	103.656865	55.920947	99.310891	55.583486	94.948321	55.210122	90.579702	54.805334	86.214155	54.373756	81.859369	53.920060	77.521613	53.448816	73.205833	52.964379	68.915755	52.470824	64.654021	51.971843	60.422334
651.764590	56.449393	143.126555	56.636299	139.684545	56.778765	136.096828	56.874004	132.373226	56.919829	128.525111	56.914751	124.565167	56.858055	120.507033	56.749836	116.364981	56.591014	112.153462	56.383319	107.886764	56.129239	103.578597	55.831922	99.241813	55.495082	94.888125	55.122864	90.527948	54.719716	86.170309	54.290231	81.822815	53.839043	77.491683	53.370679	73.181843	52.889452	68.897009	52.399392	64.639841	51.904150	60.412063
652.206790	56.386821	142.976651	56.569495	139.538242	56.707933	135.955194	56.799415	132.237281	56.841819	128.395796	56.833713	124.443316	56.774440	120.393343	56.664132	116.259987	56.503749	112.057525	56.295038	107.800069	56.040499	103.501146	55.743278	99.173444	55.407073	94.828530	55.036009	90.476693	54.634503	86.126864	54.207109	81.786570	53.758423	77.461986	53.292929	73.158012	52.814898	68.878363	52.328315	64.625709	51.836793	60.401798
652.648930	56.324197	142.828201	56.502686	139.393428	56.637149	135.815055	56.724923	132.102816	56.763957	128.267936	56.752876	124.322871	56.691073	120.280986	56.578721	116.156239	56.416816	111.962733	56.207126	107.714404	55.952155	103.424610	55.655050	99.105871	55.319498	94.769609	54.949598	90.425996	54.549734	86.083868	54.124432	81.750672	53.678241	77.432547	53.215603	73.134359	52.740756	68.859826	52.257632	64.611629	51.769808	60.391537
653.090940	56.261576	142.680324	56.435900	139.249194	56.566407	135.675497	56.650495	131.968927	56.686179	128.140635	56.672142	124.202961	56.607827	120.169137	56.493447	116.052962	56.330036	111.868372	56.119378	107.629126	55.863986	103.348412	55.567005	99.038589	55.232111	94.710933	54.863377	90.375501	54.465156	86.041029	54.041943	81.714893	53.598243	77.403193	53.138458	73.110760	52.666786	68.841318	52.187114	64.597554	51.702981	60.381263
653.532840	56.198914	142.534530	56.369146	139.107068	56.495767	135.538057	56.576246	131.837138	56.608655	128.015380	56.591732	124.085015	56.524971	120.059148	56.408629	115.951411	56.243766	111.775590	56.032188	107.545262	55.776415	103.273456	55.479590	98.972370	55.145371	94.653150	54.777813	90.325735	54.381240	85.998758	53.960108	81.679544	53.518889	77.374138	53.061941	73.087349	52.593417	68.822900	52.117170	64.583489	51.636699	60.370935
653.974610	56.136271	142.388779	56.302411	138.964984	56.425148	135.400658	56.502019	131.705387	56.531153	127.890162	56.511345	123.967104	56.442139	119.949191	56.323835	115.849890	56.157522	111.682836	55.945024	107.461423	55.688870	103.198521	55.392200	98.906172	55.058657	94.595384	54.692275	90.275984	54.297348	85.956500	53.878298	81.644205	53.439557	77.345091	52.985445	73.063944	52.520070	68.804487	52.047247	64.569427	51.570436	60.360609
654.416320	56.073567	142.245493	56.235694	138.825416	56.354634	135.265780	56.427983	131.576132	56.453928	127.767380	56.431322	123.851540	56.359751	119.841453	56.239559	115.750444	56.071858	111.591981	55.858495	107.379297	55.602006	103.125102	55.305526	98.841287	54.972684	94.538734	54.607493	90.227155	54.214217	85.914990	53.797245	81.609445	53.360970	77.316472	52.909673	73.040838	52.447420	68.786258	51.977991	64.555453	51.504803	60.350290
654.857910	56.010876	142.102395	56.168995	138.686038	56.284144	135.131092	56.353978	131.447063	56.376739	127.644780	56.351342	123.736149	56.277413	119.733879	56.155335	115.651151	55.986251	111.501265	55.772028	107.297297	55.515207	103.051794	55.218919	98.776500	54.886779	94.482167	54.522780	90.178394	54.131154	85.873537	53.716260	81.574730	53.282449	77.287885	52.833965	73.017757	52.374832	68.768045	51.908794	64.541488	51.439226	60.339974
655.299380	55.948183	141.960986	56.102353	138.548355	56.213771	134.998103	56.280149	131.319670	56.299787	127.523805	56.271654	123.622311	56.195419	119.627766	56.071507	115.553208	55.901084	111.411776	55.686036	107.216389	55.428913	102.979438	55.132838	98.712527	54.801416	94.426274	54.438615	90.130172	54.048641	85.832498	53.635817	81.540315	53.204459	77.259501	52.758772	72.994785	52.302740	68.749866	51.840068	64.527493	51.374097	60.329580
655.740720	55.885500	141.820400	56.035749	138.411500	56.143465	134.865942	56.206415	131.193092	56.222960	127.403621	56.192117	123.509229	56.113602	119.522364	55.987880	115.455921	55.816139	111.322883	55.600285	107.136011	55.342872	102.907546	55.047021	98.648952	54.716323	94.370709	54.354724	90.082214	53.966401	85.791661	53.555645	81.506048	53.126736	77.231216	52.683836	72.971868	52.230897	68.731707	51.771579	64.513486	51.309192	60.319150
656.182010	55.822808	141.680874	55.969172	138.275724	56.073221	134.734854	56.132781	131.067575	56.146269	127.284470	56.112751	123.397138	56.031990	119.417901	55.904487	115.359510	55.731455	111.234793	55.514818	107.056358	55.257133	102.836297	54.961521	98.585933	54.631556	94.315619	54.271164	90.034651	53.884494	85.751144	53.475803	81.472032	53.049335	77.203119	52.609215	72.949086	52.159357	68.713633	51.703379	64.499525	51.244561	60.308731
656.623170	55.760112	141.542877	55.902642	138.141504	56.003074	134.605312	56.059299	130.943586	56.069782	127.166806	56.033639	123.286475	55.950681	119.314790	55.821439	115.264359	55.647154	111.147859	55.429766	106.977747	55.171838	102.765972	54.876482	98.523713	54.547265	94.261211	54.188086	89.987658	53.803071	85.711087	53.396443	81.438381	52.972407	77.175290	52.535053	72.926498	52.088258	68.695683	51.635603	64.485631	51.180330	60.298329
657.064270	55.697422	141.405256	55.836131	138.007661	55.932960	134.476147	55.985861	130.819967	55.993351	127.049501	55.954597	123.176156	55.869452	119.212004	55.738480	115.169509	55.562953	111.061199	55.344822	106.899383	55.086656	102.695865	54.791562	98.461682	54.463095	94.206963	54.105131	89.940796	53.721770	85.671137	53.317204	81.404811	52.895597	77.147523	52.461007	72.903951	52.017270	68.677758	51.567932	64.471748	51.116199	60.287927
657.505250	55.634733	141.269764	55.769692	137.875965	55.862992	134.349127	55.912641	130.698451	55.917213	126.934243	55.875917	123.067798	55.788650	119.111065	55.656010	115.076372	55.479291	110.976106	55.260461	106.822429	55.002093	102.626995	54.707289	98.400722	54.379589	94.153624	54.022851	89.894684	53.641146	85.631787	53.238631	81.371699	52.819442	77.120096	52.387598	72.881631	51.946895	68.659967	51.500847	64.457920	51.052622	60.277516
657.946110	55.572061	141.134310	55.703271	137.744304	55.793042	134.222141	55.839442	130.576969	55.841095	126.819017	55.797258	122.959470	55.707869	119.010153	55.573562	114.983260	55.395653	110.891037	55.176122	106.745496	54.917553	102.558144	54.623039	98.339779	54.296105	94.100299	53.940593	89.848584	53.560543	85.592448	53.160080	81.338595	52.743308	77.092677	52.314208	72.859318	51.876539	68.642181	51.433781	64.444096	50.989062	60.267107
658.386840	55.509409	141.001020	55.636941	137.614825	55.723260	134.097336	55.766484	130.457629	55.765290	126.705867	55.718981	122.853128	55.627537	118.911116	55.491622	114.891890	55.312573	110.807557	55.092389	106.669990	54.833654	102.490557	54.539455	98.279931	54.213306	94.047899	53.859028	89.803250	53.480632	85.553725	53.082215	81.305974	52.667846	77.065614	52.241470	72.837250	51.806811	68.624548	51.367313	64.430344	50.926072	60.256702
658.827450	55.446774	140.868062	55.570639	137.485679	55.653517	133.972864	55.693576	130.338615	55.689545	126.593031	55.640776	122.747086	55.547286	118.812362	55.409770	114.800785	55.229591	110.724317	55.008760	106.594701	54.749863	102.423160	54.455983	98.220249	54.130621	93.995640	53.777579	89.758034	53.400836	85.515096	53.004463	81.273427	52.592496	77.038606	52.168839	72.815222	51.737185	68.606940	51.300943	64.416604	50.863175	60.246300
659.268010	55.384166	140.736519	55.504411	137.357955	55.583896	133.849795	55.620839	130.220981	55.614019	126.481532	55.562836	122.642317	55.467342	118.714802	55.328265	114.710781	55.146989	110.642081	54.925537	106.520303	54.666500	102.356546	54.372957	98.161237	54.048393	93.943940	53.696590	89.713272	53.321501	85.476824	52.927168	81.241148	52.517591	77.011785	52.096641	72.793306	51.667976	68.589383	51.234970	64.402865	50.800652	60.235856
659.708500	55.321580	140.605896	55.438236	137.231157	55.514359	133.727642	55.548218	130.104245	55.538641	126.370902	55.485073	122.538374	55.387603	118.618018	55.246989	114.621494	55.064639	110.560497	54.842584	106.446486	54.583421	102.290442	54.290226	98.102660	53.966467	93.892606	53.615903	89.668806	53.242470	85.438785	52.850173	81.209043	52.442979	76.985084	52.024728	72.771465	51.599040	68.571861	51.169257	64.389127	50.738375	60.225388
660.148800	55.259028	140.476129	55.372124	137.105218	55.444913	133.606342	55.475717	129.988344	55.463410	126.261079	55.407484	122.435203	55.308062	118.521960	55.165932	114.532882	54.982528	110.479530	54.759887	106.373226	54.500610	102.224829	54.207771	98.044512	53.884823	93.841638	53.535503	89.624648	53.163724	85.400995	52.773459	81.177135	52.368643	76.958533	51.953082	72.749733	51.530362	68.554410	51.103790	64.375429	50.676331	60.214934
660.589050	55.196496	140.347942	55.306088	136.980867	55.375595	133.486626	55.403398	129.873996	55.388414	126.152756	55.330177	122.333468	55.228851	118.427255	55.085248	114.445526	54.900824	110.399710	54.677629	106.301004	54.418265	102.160131	54.125799	97.987159	53.803673	93.791350	53.455604	89.581057	53.085478	85.363665	52.697239	81.145585	52.294793	76.932253	51.881907	72.728199	51.462137	68.537089	51.038756	64.361803	50.614696	60.204504
661.029170	55.133985	140.219948	55.240078	136.856708	55.306310	133.367099	55.331118	129.759832	55.313463	126.044612	55.252921	122.231902	55.149695	118.332708	55.004623	114.358317	54.819184	110.320026	54.595438	106.228904	54.335989	102.095541	54.043898	97.929901	53.722595	93.741142	53.375778	89.537533	53.007304	85.326390	52.621089	81.114080	52.221011	76.906008	51.810798	72.706691	51.393977	68.519785	50.973783	64.348187	50.553119	60.194078
661.469180	55.071528	140.094161	55.174190	136.734761	55.237225	133.249765	55.259108	129.647822	55.238855	125.938550	55.176077	122.132322	55.071015	118.240035	54.924532	114.272848	54.738128	110.241932	54.513873	106.158229	54.254372	102.032218	53.962680	97.873742	53.642217	93.691871	53.296656	89.494789	52.929834	85.289752	52.545639	81.083078	52.147910	76.880145	51.740353	72.685455	51.326454	68.502660	50.909419	64.334672	50.492119	60.183684
661.909120	55.009081	139.968393	55.108313	136.612833	55.168150	133.132449	55.187110	129.535830	55.164259	125.832506	55.099245	122.032759	54.992348	118.147376	54.844453	114.187392	54.657084	110.163850	54.432321	106.087565	54.172767	101.968905	53.881475	97.817591	53.561851	93.642607	53.217548	89.452051	52.852377	85.253119	52.470201	81.052080	52.074821	76.854288	51.669919	72.664222	51.258941	68.485539	50.845066	64.321158	50.431129	60.173293
662.348940	54.946709	139.844375	55.042571	136.492653	55.099269	133.016859	55.115366	129.425519	55.089973	125.728083	55.022780	121.934738	54.914096	118.056156	54.764837	114.103261	54.576541	110.086969	54.351299	106.017972	54.091719	101.906525	53.800846	97.762242	53.482071	93.594010	53.139029	89.409854	52.775508	85.216909	52.395339	81.021398	52.002298	76.828646	51.600031	72.643120	51.191953	68.468475	50.781211	64.307641	50.370611	60.162848
662.788640	54.884370	139.720837	54.976879	136.372953	55.030452	132.901741	55.043702	129.315667	55.015784	125.624102	54.946424	121.837138	54.835968	117.965329	54.685357	114.019492	54.496143	110.010416	54.270432	105.948671	54.010833	101.844400	53.720383	97.707112	53.402458	93.545596	53.060680	89.367807	52.698807	85.180816	52.320643	80.990803	51.929937	76.803067	51.530299	72.622056	51.125115	68.451430	50.717500	64.294125	50.310229	60.152392
663.228270	54.822071	139.598492	54.911266	136.254449	54.961754	132.787808	54.972197	129.206973	54.941791	125.521241	54.870303	121.740601	54.758105	117.875506	54.606172	113.936653	54.416068	109.934713	54.189909	105.880138	53.930307	101.782956	53.640292	97.652574	53.323228	93.497691	52.982715	89.326186	52.622490	85.145073	52.246326	80.960487	51.857946	76.777701	51.460927	72.601151	51.058624	68.434494	50.654119	64.280676	50.250160	60.141965
663.667790	54.759816	139.477264	54.845733	136.137065	54.893175	132.674984	54.900846	129.099360	54.867987	125.419425	54.794405	121.645060	54.680498	117.786620	54.527268	113.854682	54.336298	109.859805	54.109712	105.812322	53.850123	101.722148	53.560555	97.598589	53.244359	93.450262	52.905113	89.284964	52.546535	85.109656	52.172368	80.930432	51.786307	76.752535	51.391896	72.580394	50.992461	68.417661	50.591051	64.267290	50.190386	60.131567
664.107180	54.697600	139.356600	54.780257	136.020242	54.824671	132.562713	54.829589	128.992287	54.794294	125.318127	54.718634	121.550011	54.603033	117.698197	54.448520	113.773138	54.256697	109.785285	54.029693	105.744853	53.770124	101.661646	53.481008	97.544871	53.165683	93.403058	52.827705	89.243931	52.470772	85.074391	52.098600	80.900496	51.714854	76.727459	51.323043	72.559699	50.926470	68.400867	50.528147	64.253922	50.130768	60.121172
664.546450	54.635462	139.237600	54.714915	135.905082	54.756357	132.452085	54.758577	128.886820	54.720902	125.218367	54.643209	121.456428	54.525961	117.611145	54.370209	113.692863	54.177566	109.711923	53.950173	105.678419	53.690648	101.602055	53.402000	97.491943	53.087552	93.356522	52.750849	89.203453	52.395560	85.039573	52.025374	80.870910	51.643929	76.702645	51.254704	72.539182	50.860971	68.384180	50.465713	64.240604	50.071593	60.110781
664.985660	54.573332	139.118616	54.649582	135.789938	54.688052	132.341471	54.687575	128.781367	54.647519	125.118621	54.567793	121.362857	54.448900	117.524105	54.291908	113.612599	54.098446	109.638572	53.870665	105.611994	53.611183	101.542472	53.323002	97.439022	53.009433	93.309991	52.674003	89.162980	52.320357	85.004761	51.952158	80.841329	51.573013	76.677835	51.186374	72.518668	50.795481	68.367496	50.403287	64.227287	50.012426	60.100391
665.424740	54.511319	139.001728	54.584434	135.676883	54.620000	132.232913	54.616893	128.677915	54.574522	125.020806	54.492831	121.271119	54.372347	117.438782	54.214164	113.533923	54.019927	109.566662	53.791795	105.546865	53.532384	101.484032	53.244691	97.387089	52.932011	93.264300	52.597860	89.123201	52.245853	84.970513	51.879629	80.812183	51.502769	76.653347	51.118694	72.498386	50.730616	68.350956	50.341457	64.214046	49.953824	60.090011
665.863710	54.449325	138.884939	54.519308	135.563925	54.551974	132.124450	54.546239	128.574556	54.501555	124.923080	54.417902	121.179465	54.295829	117.353538	54.136457	113.455320	53.941446	109.494817	53.712967	105.481796	53.453626	101.425644	53.166421	97.335202	52.854632	93.218649	52.521759	89.083454	52.171389	84.936292	51.807140	80.783059	51.432564	76.628875	51.051053	72.478118	50.665788	68.334425	50.279661	64.200810	49.895255	60.079634
666.302610	54.387408	138.769628	54.454309	135.452435	54.484122	132.017436	54.475809	128.472607	54.428858	124.826708	54.343283	121.089098	54.219663	117.269502	54.059138	113.377834	53.863383	109.423991	53.634577	105.417640	53.375329	101.368067	53.088625	97.284018	52.777737	93.173598	52.446140	89.044208	52.097407	84.902476	51.735128	80.754259	51.362825	76.604652	50.983863	72.458023	50.601391	68.318012	50.218278	64.187639	49.837076	60.069280
666.741390	54.325539	138.655005	54.389380	135.341629	54.416363	131.911095	54.405495	128.371315	54.356297	124.730967	54.268818	120.999328	54.143670	117.186026	53.982009	113.300865	53.785524	109.353637	53.556402	105.353908	53.297255	101.310866	53.011057	97.233160	52.701075	93.128827	52.370755	89.005195	52.023657	84.868849	51.663345	80.725610	51.293309	76.580546	50.916888	72.438011	50.537203	68.301655	50.157094	64.174500	49.779084	60.058940
667.180050	54.263737	138.541235	54.324546	135.231674	54.348728	131.805588	54.335331	128.270831	54.283912	124.636002	54.194557	120.910293	54.067901	117.103234	53.905124	113.224527	53.707927	109.283856	53.478502	105.290688	53.219467	101.254112	52.933783	97.182689	52.624708	93.084382	52.295668	88.966450	51.950203	84.835437	51.591852	80.697126	51.224076	76.556559	50.850188	72.418081	50.473277	68.285346	50.096160	64.161378	49.721328	60.048592
667.618590	54.202024	138.428676	54.259840	135.122929	54.281261	131.701266	54.265375	128.171494	54.211774	124.542142	54.120578	120.822301	53.992445	117.021416	53.828581	113.149086	53.630696	109.214889	53.400990	105.228195	53.142079	101.197993	52.856922	97.132767	52.548757	93.040398	52.221000	88.928087	51.877164	84.802331	51.520767	80.668874	51.155240	76.532740	50.783872	72.398267	50.409722	68.269102	50.035577	64.148279	49.663906	60.038233
668.057070	54.140334	138.316409	54.195168	135.014474	54.213837	131.597230	54.195471	128.072434	54.139695	124.448548	54.046666	120.734563	53.917065	116.939835	53.752119	113.073866	53.553552	109.146125	53.323570	105.165885	53.064786	101.142038	52.780158	97.082988	52.472905	92.996538	52.146431	88.889830	51.804225	84.769312	51.449779	80.640693	51.086499	76.508979	50.717649	72.378497	50.346255	68.252890	49.975079	64.135203	49.606563	60.027889
668.495420	54.078766	138.206025	54.130677	134.907883	54.146654	131.495033	54.125865	127.975164	54.067974	124.356673	53.973163	120.648464	53.842141	116.859795	53.676156	113.000073	53.476943	109.078669	53.246715	105.104757	52.988083	101.087141	52.703999	97.034133	52.397669	92.953479	52.072481	88.852257	51.731900	84.736862	51.379397	80.612976	51.018351	76.485588	50.651997	72.359007	50.283338	68.236884	49.915107	64.122271	49.549719	60.017634
668.933650	54.017215	138.095672	54.066204	134.801321	54.079490	131.392865	54.056278	127.877920	53.996272	124.264823	53.899680	120.562387	53.767239	116.779777	53.600213	112.926300	53.400356	109.011232	53.169882	105.043646	52.911402	101.032258	52.627861	96.985293	52.322454	92.910432	51.998551	88.814693	51.659594	84.704421	51.309035	80.585265	50.950222	76.462204	50.586364	72.339521	50.220438	68.220883	49.855151	64.109342	49.492891	60.007381
669.371830	53.955796	137.986983	54.001918	134.696411	54.012567	131.292313	53.986987	127.782251	53.924915	124.174480	53.826590	120.477736	53.692772	116.701087	53.524747	112.853750	53.324276	108.944904	53.093582	104.983526	52.835274	100.978242	52.552289	96.937203	52.247813	92.868018	51.925196	88.777647	51.587859	84.672397	51.239232	80.557882	50.882638	76.439056	50.521259	72.320200	50.158046	68.204977	49.795678	64.096451	49.436519	59.997120
669.809880	53.894418	137.878620	53.937684	134.591824	53.945706	131.192078	53.917768	127.686889	53.853639	124.084431	53.753592	120.393362	53.618405	116.622655	53.449386	112.781438	53.248307	108.878792	53.017398	104.923600	52.759265	100.924395	52.476838	96.889261	52.173295	92.825728	51.851963	88.740704	51.516246	84.640457	51.169549	80.530563	50.815171	76.415956	50.456267	72.300913	50.095761	68.189092	49.736308	64.083570	49.380244	59.986860
670.247800	53.833139	137.771405	53.873585	134.488373	53.879017	131.092955	53.848757	127.592602	53.782605	123.995414	53.680865	120.309963	53.544339	116.545138	53.374352	112.709969	53.172688	108.813447	52.941580	104.864361	52.683634	100.871159	52.401776	96.841850	52.099168	92.783892	51.779122	88.704144	51.445022	84.608827	51.100248	80.503492	50.748077	76.393048	50.391635	72.281766	50.033823	68.173303	49.677268	64.070747	49.324282	59.976625
670.685670	53.771929	137.665058	53.809583	134.385781	53.812452	130.994672	53.779897	127.499130	53.711750	123.907176	53.608338	120.227301	53.470497	116.468312	53.299560	112.639140	53.097327	108.748685	52.866034	104.805641	52.608285	100.818386	52.327004	96.794840	52.025332	92.742401	51.706572	88.667875	51.374087	84.577431	51.031232	80.476606	50.681261	76.370284	50.327274	72.262724	49.972142	68.157585	49.618473	64.057965	49.268552	59.966407
671.123410	53.710780	137.559280	53.745660	134.283754	53.745985	130.896943	53.711153	127.406193	53.641025	123.819450	53.535959	120.145123	53.396815	116.391938	53.224941	112.568728	53.022149	108.684301	52.790679	104.747263	52.533134	100.765913	52.252432	96.748091	51.951700	92.701133	51.634226	88.631792	51.303354	84.546189	50.962415	80.449843	50.614638	76.347613	50.263098	72.243749	49.910641	68.141913	49.559849	64.045211	49.212983	59.956200
671.561040	53.649756	137.454901	53.681906	134.183114	53.679734	130.800577	53.642668	127.314572	53.570601	123.732980	53.463921	120.064136	53.323508	116.316673	53.150726	112.499340	52.947401	108.620849	52.715773	104.689725	52.458449	100.714178	52.178335	96.701985	51.878549	92.660412	51.562362	88.596166	51.233100	84.515325	50.894067	80.423379	50.548472	76.325166	50.199365	72.224938	49.849565	68.126350	49.501630	64.032520	49.157795	59.946017
671.998540	53.588751	137.350552	53.618171	134.082505	53.613502	130.704239	53.574203	127.222978	53.500197	123.646536	53.391903	119.983173	53.250222	116.241431	53.076534	112.429972	52.872674	108.557417	52.640890	104.632203	52.383786	100.662458	52.104259	96.655893	51.805420	92.619704	51.490520	88.560551	51.162866	84.484470	50.825740	80.396923	50.482326	76.302725	50.135650	72.206133	49.788507	68.110793	49.443427	64.019833	49.102624	59.935836
672.435970	53.527924	137.248097	53.554677	133.983760	53.547571	130.609727	53.506096	127.133151	53.430207	123.561786	53.320351	119.903809	53.177446	116.167682	53.002892	112.361976	52.798534	108.495231	52.566621	104.575799	52.309757	100.611727	52.030832	96.610656	51.732946	92.579727	51.419332	88.525544	51.093279	84.454112	50.758049	80.370858	50.416799	76.280588	50.072534	72.187543	49.728023	68.095377	49.385772	64.007225	49.047970	59.925684
672.873290	53.467113	137.145673	53.491201	133.885046	53.481657	130.515245	53.438006	127.043352	53.360236	123.477063	53.248818	119.824471	53.104691	116.093956	52.929271	112.294002	52.724414	108.433066	52.492373	104.519412	52.235749	100.561012	51.957426	96.565433	51.660493	92.539762	51.348165	88.490548	51.023712	84.423763	50.690376	80.344800	50.351291	76.258457	50.009436	72.168959	49.667556	68.079965	49.328133	63.994619	48.993332	59.915535
673.310490	53.406440	137.044586	53.427906	133.787654	53.415966	130.422044	53.370181	126.954794	53.290568	123.393523	53.177624	119.746251	53.032306	116.021273	52.856049	112.226989	52.650715	108.371773	52.418565	104.463806	52.162195	100.510984	51.884483	96.520810	51.588506	92.500309	51.277464	88.455978	50.954607	84.393762	50.623158	80.319019	50.286224	76.236534	49.946765	72.150524	49.607499	68.064656	49.270883	63.982071	48.939063	59.905402
673.747620	53.345828	136.944048	53.364689	133.690805	53.350369	130.329370	53.302466	126.866745	53.221028	123.310471	53.106571	119.668491	52.960076	115.949019	52.782993	112.160372	52.577193	108.310839	52.344941	104.408521	52.088829	100.461239	51.811733	96.476434	51.516712	92.461065	51.206956	88.421584	50.885696	84.363903	50.556127	80.293353	50.221341	76.214695	49.884271	72.132152	49.547611	68.049388	49.213796	63.969546	48.884947	59.895277
674.184630	53.285305	136.844338	53.301587	133.594771	53.284913	130.237499	53.234918	126.779472	53.151676	123.228161	53.035728	119.591435	52.888075	115.877423	52.710184	112.094366	52.503931	108.250463	52.271588	104.353742	52.015744	100.411947	51.739268	96.432453	51.445208	92.422165	51.136737	88.387485	50.817068	84.334291	50.489376	80.267888	50.156731	76.193021	49.822041	72.113908	49.487978	68.034215	49.156950	63.957090	48.831060	59.885197
674.621520	53.224899	136.745748	53.238636	133.499841	53.219644	130.146715	53.167590	126.693249	53.082575	123.146858	52.965164	119.515331	52.816381	115.806719	52.637703	112.029189	52.431017	108.190845	52.198599	104.299647	51.943035	100.363268	51.667185	96.389008	51.374090	92.383730	51.066905	88.353786	50.748823	84.305012	50.423002	80.242695	50.092489	76.171569	49.760165	72.095839	49.428685	68.019168	49.100429	63.944725	48.777480	59.875180
675.058290	53.164535	136.647420	53.175735	133.405169	53.154433	130.056182	53.100329	126.607267	53.013548	123.065784	52.894680	119.439443	52.744772	115.736217	52.565313	111.964196	52.358198	108.131395	52.125708	104.245703	51.870426	100.314722	51.595204	96.345680	51.303075	92.345393	50.997174	88.320170	50.680677	84.275801	50.356725	80.217557	50.028341	76.150158	49.698381	72.077799	49.369480	68.004143	49.043991	63.932372	48.723980	59.865167
675.495000	53.104344	136.550630	53.113057	133.312011	53.089494	129.967122	53.033384	126.522712	52.944880	122.986066	52.824598	119.364834	52.673601	115.666908	52.493392	111.900295	52.285876	108.072939	52.053332	104.192647	51.798347	100.266954	51.523763	96.303032	51.232601	92.307633	50.927985	88.287031	50.613069	84.246981	50.290975	80.192728	49.964705	76.128981	49.637092	72.059924	49.310748	67.989226	48.988005	63.920076	48.670904	59.855169
675.931580	53.044170	136.453869	53.050397	133.218880	53.024574	129.878089	52.966459	126.438181	52.876233	122.906372	52.754537	119.290246	52.602451	115.597620	52.421493	111.836412	52.213575	108.014499	51.980978	104.139606	51.726289	100.219200	51.452344	96.260398	51.162149	92.269885	50.858817	88.253903	50.545481	84.218169	50.225244	80.167907	49.901087	76.107810	49.575821	72.042054	49.252034	67.974314	48.932035	63.907783	48.617843	59.845175
676.368040	52.984179	136.358629	52.987966	133.127252	52.959931	129.790512	52.899854	126.355056	52.807950	122.828023	52.684879	119.216926	52.531739	115.529513	52.350061	111.773620	52.141765	107.957053	51.909137	104.087460	51.654759	100.172239	51.381460	96.218451	51.092237	92.232734	50.790186	88.221277	50.478425	84.189773	50.160035	80.143421	49.837977	76.086900	49.515040	72.024382	49.193789	67.959544	48.876513	63.895581	48.565208	59.835227
676.804440	52.924228	136.263679	52.925584	133.035912	52.895344	129.703213	52.833315	126.272199	52.739741	122.749930	52.615301	119.143847	52.461114	115.461632	52.278722	111.711036	52.070054	107.899796	51.837396	104.035484	51.583334	100.125430	51.310682	96.176636	51.022431	92.195697	50.721660	88.188748	50.411473	84.161455	50.094929	80.118999	49.774967	76.066041	49.454356	72.006750	49.135636	67.944801	48.821079	63.883397	48.512655	59.825289
677.240720	52.864401	136.169707	52.863358	132.945529	52.830944	129.616853	52.766991	126.190243	52.671774	122.672696	52.545990	119.071580	52.390777	115.394506	52.207690	111.649149	51.998665	107.843172	51.765991	103.984074	51.512252	100.079124	51.240253	96.135263	50.952976	92.159036	50.653485	88.156535	50.344867	84.133401	50.030162	80.094788	49.712287	76.045346	49.393989	71.989237	49.077789	67.930143	48.765935	63.871269	48.460376	59.815380
677.676880	52.804680	136.076533	52.801262	132.855929	52.766697	129.531260	52.700846	126.109022	52.604006	122.596164	52.476898	118.999976	52.320677	115.327997	52.136909	111.587830	51.927541	107.787065	51.694861	103.933128	51.441451	100.033229	51.170112	96.094250	50.883810	92.122681	50.585598	88.124579	50.278545	84.105562	49.965672	80.070749	49.649877	76.024785	49.333884	71.971824	49.020193	67.915554	48.711029	63.859186	48.408322	59.805495
678.112980	52.745021	135.983803	52.739243	132.766766	52.702540	129.446089	52.634804	126.028209	52.536353	122.520018	52.407932	118.928736	52.250713	115.261826	52.066273	111.526823	51.856569	107.731239	51.623888	103.882435	51.370811	99.987557	51.100132	96.053428	50.814806	92.086491	50.517873	88.092763	50.212383	84.077835	49.901339	80.046799	49.587620	76.004291	49.273926	71.954461	48.962737	67.900999	48.656257	63.847122	48.356395	59.795617
678.548950	52.685534	135.892333	52.677436	132.678841	52.638634	129.362116	52.569049	125.948553	52.469022	122.444970	52.339319	118.858527	52.181131	115.196616	51.996044	111.466699	51.786020	107.676210	51.553354	103.832459	51.300621	99.942518	51.030608	96.013151	50.746261	92.050768	50.450604	88.061340	50.146673	84.050428	49.837448	80.023104	49.525792	75.983992	49.214382	71.937241	48.905678	67.886537	48.601862	63.835109	48.304825	59.785756
678.984800	52.626063	135.800888	52.615646	132.590940	52.574745	129.278166	52.503312	125.868919	52.401709	122.369942	52.270725	118.788337	52.111568	115.131424	51.925835	111.406591	51.715492	107.621197	51.482840	103.782496	51.230451	99.897490	50.961103	95.972885	50.677736	92.015054	50.383353	88.029927	50.080981	84.023028	49.773575	79.999415	49.463982	75.963698	49.154855	71.920026	48.848634	67.872078	48.547482	63.823100	48.253270	59.775899
679.420530	52.566815	135.711111	52.554131	132.504675	52.511181	129.195818	52.437947	125.790822	52.334813	122.296384	52.202590	118.719536	52.042499	115.067527	51.856149	111.347675	51.645516	107.567279	51.412901	103.733517	51.160868	99.853335	50.892195	95.933394	50.609809	91.980006	50.316701	87.999080	50.015878	83.996100	49.710278	79.976114	49.402731	75.943717	49.095868	71.903051	48.792111	67.857797	48.493597	63.811216	48.202182	59.766120
679.856200	52.507583	135.621406	52.492634	132.418480	52.447636	129.113538	52.372604	125.712791	52.267941	122.222889	52.134481	118.650794	51.973457	115.003685	51.786492	111.288809	51.575570	107.513409	51.342991	103.684580	51.091316	99.809217	50.823317	95.893937	50.541912	91.944985	50.250078	87.968257	49.950804	83.969193	49.647011	79.952830	49.341508	75.923750	49.036909	71.886086	48.735613	67.843525	48.439737	63.799338	48.151117	59.756346
680.291750	52.448517	135.532842	52.431336	132.333408	52.384326	129.032345	52.307526	125.635806	52.201365	122.150390	52.066694	118.582991	51.904763	114.940720	51.717204	111.230755	51.506009	107.460275	51.273479	103.636307	51.022171	99.765692	50.754854	95.854995	50.474429	91.910415	50.183867	87.937815	49.886136	83.942607	49.584144	79.929809	49.280674	75.903990	48.978325	71.869281	48.679473	67.829372	48.386218	63.787542	48.100374	59.746623
680.727170	52.389542	135.444856	52.370147	132.248903	52.321142	128.951700	52.242589	125.559350	52.134945	122.078392	51.999078	118.515661	51.836252	114.878196	51.648110	111.173112	51.436648	107.407512	51.204174	103.588371	50.953239	99.722466	50.686605	95.816313	50.407162	91.876072	50.117869	87.907565	49.821680	83.916184	49.521483	79.906920	49.220041	75.884333	48.919936	71.852558	48.623519	67.815280	48.332877	63.775787	48.049798	59.736926
681.162540	52.330657	135.357488	52.309066	132.165003	52.258084	128.871643	52.177797	125.483462	52.068686	122.006935	51.931638	118.448840	51.767930	114.816147	51.579215	111.115904	51.367497	107.355147	51.135085	103.540792	50.884527	99.679559	50.618580	95.777912	50.340120	91.841972	50.052095	87.877522	49.757444	83.889933	49.459037	79.884171	49.159618	75.864791	48.861748	71.835921	48.567760	67.801253	48.279720	63.764077	47.999398	59.727257
681.597780	52.271928	135.271165	52.248174	132.082127	52.195247	128.792579	52.113256	125.408532	52.002705	121.936392	51.864500	118.382879	51.699930	114.754898	51.510663	111.059434	51.298704	107.303454	51.066366	103.493819	50.816193	99.637191	50.550937	95.739984	50.273464	91.808285	49.986703	87.847829	49.693585	83.863972	49.396960	79.861661	49.099552	75.845441	48.803905	71.819431	48.512332	67.787336	48.226877	63.752445	47.949296	59.717635
682.032900	52.213233	135.184984	52.187320	131.999390	52.132452	128.713648	52.048761	125.333730	51.936774	121.865970	51.797415	118.317032	51.631985	114.693755	51.442168	111.003061	51.229970	107.251851	50.997708	103.446925	50.747921	99.594894	50.483356	95.702117	50.206868	91.774650	49.921373	87.818181	49.629786	83.838049	49.334941	79.839181	49.039544	75.826116	48.746116	71.802960	48.456956	67.773433	48.174084	63.740822	47.899242	59.708019
682.467900	52.154770	135.100268	52.126743	131.918086	52.069975	128.636108	51.984626	125.260255	51.871241	121.796810	51.730760	118.252372	51.564504	114.633715	51.374162	110.947700	51.161748	107.201166	50.929575	103.400857	50.680186	99.553326	50.416316	95.664887	50.140815	91.741555	49.856584	87.788989	49.566520	83.812501	49.273442	79.817005	48.980039	75.807023	48.688816	71.786664	48.402045	67.759650	48.121735	63.729272	47.849604	59.698438
682.902830	52.096316	135.015567	52.066175	131.836796	52.007509	128.558581	51.920501	125.186793	51.805719	121.727661	51.664116	118.187723	51.497034	114.573684	51.306168	110.892348	51.093536	107.150490	50.861453	103.354796	50.612463	99.511765	50.349287	95.627663	50.074772	91.708466	49.791805	87.759802	49.503264	83.786957	49.211953	79.794833	48.920545	75.787934	48.631525	71.770371	48.347143	67.745869	48.069395	63.717725	47.799975	59.688858
683.337650	52.038059	134.932066	52.005841	131.756680	51.945312	128.482196	51.856679	125.114425	51.740530	121.659549	51.597836	118.124045	51.429952	114.514560	51.238581	110.837827	51.025749	107.100568	50.793769	103.309411	50.545185	99.470802	50.282710	95.590961	50.009181	91.675825	49.727472	87.730993	49.440448	83.761723	49.150895	79.772908	48.861470	75.769037	48.574637	71.754224	48.292628	67.732187	48.017422	63.706241	47.750693	59.679312
683.772340	51.979872	134.848930	51.945588	131.676920	51.883207	128.406157	51.792958	125.042389	51.675452	121.591752	51.531675	118.060662	51.362996	114.455710	51.171127	110.783558	50.958098	107.050875	50.726227	103.264232	50.478050	99.430020	50.216277	95.554417	49.943734	91.643321	49.663283	87.702299	49.377773	83.736585	49.089976	79.751059	48.802529	75.750200	48.517878	71.738124	48.238237	67.718537	47.965566	63.694778	47.701522	59.669777
684.206970	51.921806	134.766522	51.885479	131.597872	51.821267	128.330801	51.729423	124.971011	51.610577	121.524579	51.465735	117.997867	51.296276	114.397405	51.103920	110.729789	50.890706	107.001637	50.658950	103.219460	50.411186	99.389599	50.150117	95.518188	49.878560	91.611086	49.599364	87.673833	49.315364	83.711638	49.029317	79.729363	48.743840	75.731483	48.461362	71.722111	48.184079	67.704952	47.913932	63.683356	47.652561	59.660262
684.641480	51.863881	134.684925	51.825534	131.519617	51.759516	128.256206	51.666099	124.900364	51.545934	121.458103	51.400045	117.935726	51.229821	114.339707	51.036992	110.676579	50.823604	106.952906	50.591973	103.175141	50.344626	99.349579	50.084265	95.482309	49.813693	91.579152	49.535750	87.645622	49.253257	83.686904	48.968952	79.707839	48.685435	75.712902	48.405121	71.706199	48.130182	67.691439	47.862547	63.671980	47.603836	59.650772
685.075870	51.806014	134.603625	51.765657	131.441650	51.697841	128.181891	51.602859	124.829985	51.481382	121.391882	51.334452	117.873827	51.163468	114.282233	50.970173	110.623578	50.756614	106.904366	50.525109	103.130995	50.278182	99.309715	50.018530	95.446568	49.748942	91.547339	49.472251	87.617515	49.191263	83.662258	48.908698	79.686389	48.627139	75.694383	48.348983	71.690336	48.076386	67.677966	47.811256	63.660634	47.555201	59.641303
685.510190	51.748359	134.523628	51.706031	131.364954	51.636452	128.108820	51.539940	124.760794	51.417184	121.326792	51.269241	117.812995	51.097524	114.225756	50.903785	110.571502	50.690072	106.856673	50.458705	103.087617	50.212209	99.270539	49.953268	95.411434	49.684669	91.516059	49.409227	87.589866	49.129734	83.637999	48.848899	79.665268	48.569285	75.676131	48.293271	71.674689	48.022999	67.664662	47.760356	63.649416	47.506932	59.631927
685.944340	51.690727	134.443663	51.646427	131.288287	51.575086	128.035777	51.477046	124.691629	51.353011	121.261728	51.204055	117.752188	51.031606	114.169302	50.837423	110.519446	50.623556	106.808999	50.392326	103.044255	50.146261	99.231378	49.888033	95.376314	49.620420	91.484791	49.346227	87.562228	49.068230	83.613750	48.789123	79.644156	48.511454	75.657887	48.237582	71.659048	47.969633	67.651363	47.709476	63.638203	47.458682	59.622555
686.378480	51.633311	134.364975	51.587078	131.212870	51.514013	127.963940	51.414477	124.623630	51.289195	121.197767	51.139258	117.692416	50.966101	114.113810	50.771493	110.468274	50.557489	106.762129	50.326412	103.001620	50.080783	99.192858	49.823272	95.341760	49.556646	91.454011	49.283698	87.535007	49.007191	83.589851	48.729801	79.623324	48.454062	75.639868	48.182316	71.643581	47.916672	67.638192	47.658981	63.627079	47.410798	59.613236
686.812440	51.575950	134.286508	51.527791	131.137667	51.453007	127.892310	51.351981	124.555830	51.225458	121.133993	51.074544	117.632820	50.900684	114.058482	50.705653	110.417254	50.491515	106.715396	50.260594	102.959109	50.015402	99.154449	49.758607	95.307304	49.492968	91.423316	49.221263	87.507858	48.946244	83.566013	48.670570	79.602541	48.396757	75.621890	48.127136	71.628146	47.863794	67.625044	47.608564	63.615972	47.362987	59.603929
687.246340	51.518749	134.208852	51.468688	131.063256	51.392208	127.821441	51.289715	124.488756	51.161970	121.070909	51.010096	117.573871	50.835548	114.003754	50.640109	110.366782	50.425848	106.669160	50.195089	102.917039	49.950339	99.116434	49.694264	95.273189	49.429609	91.392913	49.159145	87.480953	48.885608	83.542374	48.611642	79.581922	48.339748	75.604037	48.072239	71.612803	47.811186	67.611961	47.558404	63.604903	47.315418	59.594640
687.680110	51.461680	134.131829	51.409736	130.989463	51.331578	127.751166	51.227635	124.422247	51.098684	121.008361	50.945864	117.515424	50.770639	113.949493	50.574803	110.316737	50.360426	106.623312	50.129834	102.875314	49.885531	99.078727	49.630178	95.239340	49.366506	91.362738	49.097279	87.454240	48.825219	83.518890	48.552957	79.561430	48.282973	75.586282	48.017567	71.597534	47.758795	67.598928	47.508450	63.593865	47.268043	59.585366
688.113770	51.404690	134.055216	51.350875	130.916070	51.271050	127.681280	51.165669	124.356110	51.035521	120.946167	50.881763	117.457310	50.705869	113.895543	50.509641	110.266981	50.295155	106.577728	50.064733	102.833830	49.820880	99.041235	49.566247	95.205683	49.303559	91.332732	49.035569	87.427674	48.764984	83.495534	48.494420	79.541045	48.226344	75.568617	47.963036	71.582338	47.706537	67.585954	47.458624	63.582872	47.220788	59.576126
688.547300	51.347899	133.979724	51.292245	130.843774	51.210786	127.612455	51.103992	124.290991	50.972677	120.884940	50.818002	117.400109	50.641462	113.842447	50.444860	110.218016	50.230278	106.532871	50.000037	102.793008	49.756640	99.004332	49.502731	95.172552	49.241028	91.303189	48.974271	87.401511	48.705153	83.472527	48.436280	79.520951	48.170098	75.551196	47.908874	71.567341	47.654633	67.573141	47.409134	63.572003	47.173854	59.566980
688.980770	51.291116	133.904243	51.233623	130.771487	51.150531	127.543641	51.042325	124.225880	50.909843	120.823723	50.754251	117.342915	50.577064	113.789358	50.380087	110.169057	50.165411	106.488021	49.935350	102.752192	49.692409	98.967434	49.439222	95.139425	49.178506	91.273649	48.912982	87.375352	48.645331	83.449523	48.378147	79.500860	48.113861	75.533778	47.854720	71.552347	47.602735	67.560329	47.359651	63.561136	47.126926	59.557836
689.414180	51.234592	133.830080	51.175298	130.700487	51.090608	127.476068	50.981026	124.161961	50.847406	120.763632	50.690931	117.286779	50.513119	113.737250	50.315790	110.121000	50.101033	106.443985	49.871164	102.712111	49.628687	98.931189	49.376227	95.106870	49.116494	91.244601	48.852196	87.349610	48.586007	83.426862	48.320498	79.481054	48.058093	75.516579	47.801019	71.537522	47.551271	67.547640	47.310578	63.550353	47.080385	59.548739
689.847410	51.178103	133.756008	51.117011	130.629575	51.030724	127.408581	50.919769	124.098123	50.785014	120.703618	50.627656	117.230715	50.449222	113.685208	50.251541	110.073004	50.036704	106.400004	49.807029	102.672081	49.565014	98.894990	49.313281	95.074356	49.054531	91.215587	48.791458	87.323898	48.526730	83.404227	48.262896	79.461269	48.002369	75.499398	47.747361	71.522711	47.499847	67.534961	47.261544	63.539577	47.033881	59.539648
690.280580	51.121792	133.682820	51.058928	130.559517	50.971069	127.341917	50.858764	124.035070	50.722894	120.644348	50.564672	117.175348	50.385632	113.633813	50.187611	110.025601	49.972705	106.356565	49.743230	102.632534	49.501682	98.859220	49.250681	95.042215	48.992910	91.186899	48.731060	87.298459	48.467786	83.381823	48.205619	79.441668	47.946960	75.482365	47.694006	71.508011	47.448714	67.522363	47.212787	63.528855	46.987638	59.530587
690.713620	51.065591	133.610129	51.000969	130.489938	50.911552	127.275715	50.797912	123.972459	50.660936	120.585497	50.501859	117.120372	50.322223	113.582782	50.123869	109.978531	49.908899	106.313430	49.679630	102.593258	49.438551	98.823690	49.188281	95.010283	48.931489	91.158393	48.670861	87.273175	48.409035	83.359549	48.148532	79.422172	47.891735	75.465417	47.640827	71.493375	47.397751	67.509811	47.164191	63.518163	46.941546	59.521544
691.146550	51.009493	133.537911	50.943127	130.420822	50.852166	127.209959	50.737200	123.910274	50.599131	120.527050	50.439210	117.065776	50.258985	113.532104	50.060306	109.931787	49.845278	106.270590	49.616217	102.554249	49.375610	98.788399	49.126072	94.978562	48.870258	91.130069	48.610850	87.248047	48.350469	83.337405	48.091624	79.402785	47.836684	75.448557	47.587816	71.478810	47.346948	67.497312	47.115747	63.507511	46.895598	59.512528
691.579410	50.953579	133.466591	50.885496	130.352586	50.793016	127.145052	50.676745	123.848901	50.537606	120.469372	50.376858	117.011903	50.196062	113.482098	49.997070	109.885661	49.781994	106.228312	49.553150	102.515749	49.313021	98.753561	49.064213	94.947242	48.809378	91.102091	48.551186	87.223216	48.292243	83.315510	48.035048	79.383604	47.781956	75.431867	47.535114	71.464378	47.296440	67.484911	47.067584	63.496932	46.849917	59.503562
692.012150	50.897688	133.395330	50.827889	130.284407	50.733891	127.080199	50.616318	123.787580	50.476109	120.411744	50.314535	116.958076	50.133169	113.432135	49.933865	109.839575	49.718743	106.186071	49.490115	102.477282	49.250463	98.718753	49.002386	94.915948	48.748531	91.074135	48.491554	87.198406	48.234048	83.293632	47.978502	79.364439	47.727256	75.415189	47.482440	71.449958	47.245959	67.472519	47.019446	63.486359	46.804260	59.494601
692.444760	50.842072	133.325431	50.770593	130.217545	50.675115	127.016621	50.556274	123.727484	50.415026	120.355275	50.252653	116.905339	50.070739	113.383192	49.871145	109.794434	49.655989	106.144699	49.427589	102.439599	49.188420	98.684652	48.941078	94.885279	48.688200	91.046734	48.432430	87.174077	48.176354	83.272169	47.922447	79.345622	47.673031	75.398798	47.430225	71.435771	47.195915	67.460324	46.971726	63.475936	46.758996	59.485753
692.877260	50.786470	133.255550	50.713312	130.150699	50.616354	126.953058	50.496246	123.667403	50.353959	120.298820	50.190786	116.852616	50.008325	113.334260	49.808441	109.749304	49.593251	106.103337	49.365080	102.401926	49.126394	98.650559	48.879786	94.854618	48.627884	91.019340	48.373322	87.149755	48.118675	83.250711	47.866406	79.326811	47.618821	75.382412	47.378023	71.421589	47.145885	67.448132	46.924019	63.465516	46.713743	59.476907
693.309690	50.731076	133.186582	50.656267	130.084748	50.557852	126.890352	50.436498	123.608134	50.293194	120.243135	50.129242	116.800618	49.946248	113.285998	49.746087	109.704786	49.530875	106.062530	49.302937	102.364751	49.064739	98.616907	48.818867	94.824345	48.567939	90.992277	48.314581	87.125714	48.061356	83.229485	47.810715	79.308191	47.564948	75.366177	47.326147	71.407522	47.096167	67.436020	46.876607	63.455151	46.668769	59.468090
693.742000	50.675776	133.117992	50.599327	130.019165	50.499464	126.827999	50.376876	123.549201	50.232562	120.187767	50.067838	116.748917	49.884318	113.238011	49.683885	109.660520	49.468655	106.021951	49.240952	102.327781	49.003244	98.583436	48.758108	94.794232	48.508153	90.965350	48.255997	87.101788	48.004193	83.208356	47.755174	79.289651	47.511220	75.350006	47.274410	71.393505	47.046583	67.423941	46.829322	63.444809	46.623914	59.459287
694.174260	50.620593	133.049914	50.542518	129.954080	50.441223	126.766126	50.317411	123.490727	50.172100	120.132833	50.006614	116.697621	49.822578	113.190400	49.621878	109.616599	49.406636	105.981686	49.179173	102.291093	48.941957	98.550217	48.697556	94.764339	48.448573	90.938613	48.197617	87.078024	47.947229	83.187365	47.699827	79.271223	47.457681	75.333924	47.222854	71.379555	46.997171	67.411915	46.782200	63.434503	46.579215	59.450507
694.606320	50.565599	132.982615	50.485920	129.889748	50.383213	126.704982	50.258199	123.432948	50.111906	120.078555	49.945675	116.646936	49.761135	113.143357	49.560179	109.573203	49.344933	105.941896	49.117716	102.254833	48.880994	98.517378	48.637326	94.734780	48.389316	90.912167	48.139555	87.054508	47.890576	83.166581	47.644784	79.252965	47.404437	75.317980	47.171581	71.365711	46.948029	67.399969	46.735334	63.424253	46.534761	59.441765
695.038330	50.510637	132.915437	50.429355	129.825533	50.325241	126.643949	50.199027	123.375276	50.051756	120.024379	49.884780	116.596346	49.699740	113.096403	49.498528	109.529887	49.283280	105.902180	49.056309	102.218640	48.820082	98.484600	48.577148	94.705275	48.330110	90.885766	48.081543	87.031032	47.833971	83.145832	47.589789	79.234735	47.351239	75.302059	47.120353	71.351885	46.898929	67.388037	46.688508	63.414014	46.490344	59.433031
695.470280	50.455931	132.849421	50.373081	129.762443	50.267589	126.583997	50.140204	123.318636	49.991980	119.971182	49.824284	116.546677	49.638761	113.050306	49.437312	109.487362	49.222071	105.863184	48.995357	102.183098	48.759628	98.452399	48.517432	94.676281	48.271361	90.859817	48.023984	87.007944	47.777811	83.125413	47.535225	79.216778	47.298458	75.286359	47.069526	71.338242	46.850215	67.376243	46.642050	63.403880	46.446270	59.424369
695.902040	50.401250	132.783434	50.316832	129.699382	50.209963	126.524071	50.081406	123.262021	49.932230	119.918009	49.763815	116.497028	49.577809	113.004228	49.376123	109.444855	49.160888	105.824205	48.934432	102.147571	48.699200	98.420213	48.457742	94.647299	48.212637	90.833880	47.966450	86.984866	47.721675	83.105003	47.480685	79.198828	47.245700	75.270666	47.018722	71.324604	46.801522	67.364453	46.595611	63.393751	46.402215	59.415710
696.333740	50.346791	132.718430	50.260832	129.637276	50.152611	126.465068	50.022906	123.206287	49.872801	119.865669	49.703682	116.448166	49.517210	112.958880	49.315299	109.403021	49.100084	105.785842	48.873889	102.112608	48.639160	98.388533	48.398439	94.618765	48.154299	90.808333	47.909297	86.962127	47.665913	83.084881	47.426511	79.181126	47.193295	75.255181	46.968257	71.311134	46.753154	67.352800	46.549481	63.383724	46.358453	59.407130
696.765320	50.292411	132.653729	50.204919	129.575466	50.095355	126.406349	49.964507	123.150825	49.813480	119.813585	49.643663	116.399546	49.456728	112.913757	49.254596	109.361395	49.039405	105.747670	48.813473	102.077817	48.579248	98.357009	48.339264	94.590369	48.096088	90.782907	47.852269	86.939493	47.610272	83.064848	47.372456	79.163500	47.141005	75.239762	46.917903	71.297717	46.704893	67.341190	46.503453	63.373729	46.314786	59.398574
697.196840	50.238166	132.589580	50.149157	129.514186	50.038263	126.348144	49.906287	123.095853	49.754350	119.761965	49.583846	116.351358	49.396458	112.869037	49.194112	109.320138	48.978948	105.709835	48.753283	102.043326	48.519563	98.325752	48.280318	94.562210	48.038104	90.757686	47.795464	86.917035	47.554852	83.044966	47.318615	79.145996	47.088923	75.224439	46.867748	71.284376	46.656821	67.329637	46.457605	63.363776	46.271290	59.390045
697.628170	50.184098	132.526107	50.093592	129.453557	49.981383	126.290565	49.848299	123.041479	49.695463	119.710912	49.524286	116.303697	49.336457	112.824809	49.133904	109.279333	48.918772	105.672412	48.693379	102.009200	48.460166	98.294822	48.221660	94.534340	47.980406	90.732715	47.738942	86.894792	47.499708	83.025267	47.265043	79.128644	47.037101	75.209235	46.817845	71.271131	46.608988	67.318156	46.411985	63.353876	46.228008	59.381551
698.059450	50.130075	132.462806	50.038076	129.393096	49.924558	126.233147	49.790368	122.987259	49.636638	119.660004	49.464791	116.256173	49.276523	112.780707	49.073765	109.238644	48.858668	105.635096	48.633548	101.975172	48.400842	98.263978	48.163074	94.506547	47.922781	90.707812	47.682490	86.872608	47.444634	83.005618	47.211539	79.111334	46.985345	75.194067	46.768005	71.257913	46.561215	67.306696	46.366422	63.343992	46.184781	59.373070
698.490660	50.076303	132.400542	49.982838	129.333655	49.868040	126.176703	49.732767	122.933966	49.578165	119.609974	49.405667	116.209473	49.216975	112.737370	49.014029	109.198662	48.798977	105.598424	48.574136	101.941734	48.341941	98.233662	48.104909	94.479218	47.865575	90.683319	47.626450	86.850776	47.389965	82.986267	47.158427	79.094276	46.933970	75.179108	46.718530	71.244862	46.513793	67.295369	46.321189	63.334210	46.141867	59.364663
698.921690	50.022552	132.338303	49.927623	129.274238	49.811545	126.120282	49.675191	122.880695	49.519717	119.559966	49.346568	116.162793	49.157451	112.694050	48.954318	109.158697	48.739310	105.561767	48.514749	101.908310	48.283066	98.203359	48.046768	94.451901	47.808393	90.658836	47.570434	86.828954	47.335318	82.966923	47.105337	79.077225	46.882617	75.164155	46.669076	71.231816	46.466391	67.284047	46.275975	63.324432	46.098972	59.356260
699.352660	49.969043	132.277027	49.872674	129.215739	49.755341	126.064751	49.617926	122.828272	49.461601	119.510755	49.287819	116.116864	49.098295	112.651429	48.894983	109.119375	48.680029	105.525694	48.455753	101.875409	48.224583	98.173522	47.989023	94.424996	47.751601	90.634712	47.514805	86.807444	47.281049	82.947844	47.052616	79.060392	46.831618	75.149382	46.619963	71.218915	46.419314	67.272837	46.231074	63.314735	46.056368	59.347911
699.783510	49.915601	132.215978	49.817799	129.157458	49.699215	126.009432	49.560745	122.776049	49.403573	119.461735	49.229162	116.071114	49.039236	112.608972	48.835746	109.080206	48.620847	105.489759	48.396857	101.842633	48.166203	98.143796	47.931380	94.398190	47.694910	90.610674	47.459276	86.786009	47.226877	82.928828	46.999989	79.043611	46.780711	75.134652	46.570937	71.206050	46.372322	67.261654	46.186252	63.305060	46.013840	59.339576
700.214290	49.862310	132.155512	49.763091	129.099746	49.643270	125.954654	49.503760	122.724342	49.345753	119.413202	49.170722	116.025821	48.980401	112.566943	48.776742	109.041427	48.561904	105.454183	48.338203	101.810181	48.108065	98.114362	47.873979	94.371641	47.638461	90.586861	47.403984	86.764767	47.172938	82.909977	46.947588	79.026970	46.730022	75.120038	46.522122	71.193276	46.325530	67.250543	46.141621	63.295439	45.971491	59.331282
700.644960	49.809176	132.095639	49.708555	129.042614	49.587515	125.900426	49.446977	122.673160	49.288147	119.365168	49.112509	115.980993	48.921800	112.525348	48.717980	109.003046	48.503208	105.418973	48.279799	101.778060	48.050178	98.085224	47.816829	94.345355	47.582261	90.563280	47.348936	86.743721	47.119239	82.891295	46.895420	79.010473	46.679560	75.105541	46.473524	71.180596	46.278946	67.239507	46.097187	63.285873	45.929328	59.323030
701.075500	49.756109	132.035985	49.654093	128.985694	49.531837	125.846403	49.390277	122.622174	49.230629	119.317319	49.054386	115.936340	48.863292	112.483915	48.659314	108.964815	48.444610	105.383900	48.221494	101.746063	47.992391	98.056199	47.759777	94.319169	47.526160	90.539785	47.293985	86.722753	47.065635	82.872679	46.843344	78.994032	46.629187	75.091092	46.425012	71.167956	46.232444	67.228502	46.052830	63.276334	45.887239	59.314798
701.505920	49.703293	131.977296	49.599909	128.929711	49.476461	125.793283	49.333900	122.572053	49.173454	119.270288	48.996625	115.892455	48.805162	112.443196	48.601036	108.927244	48.386406	105.349433	48.163592	101.714617	47.935008	98.027669	47.703129	94.293423	47.470456	90.516677	47.239429	86.702124	47.012415	82.854359	46.791645	78.977839	46.579177	75.076850	46.376850	71.155491	46.186275	67.217636	46.008788	63.266906	45.845451	59.306650
701.936280	49.650485	131.918615	49.545733	128.873736	49.421093	125.740171	49.277530	122.521939	49.116286	119.223264	48.938872	115.848576	48.747040	112.402482	48.542766	108.889679	48.328211	105.314971	48.105698	101.683175	47.877632	97.999143	47.646489	94.267681	47.414760	90.493571	47.184881	86.681498	46.959203	82.836040	46.739954	78.961648	46.529174	75.062609	46.328694	71.143027	46.140113	67.206771	45.964753	63.257480	45.803668	59.298504
702.366520	49.597937	131.860868	49.491841	128.818654	49.366033	125.687921	49.221490	122.472641	49.059467	119.177007	48.881482	115.805416	48.689293	112.362434	48.484882	108.852726	48.270414	105.281060	48.048203	101.652232	47.820658	97.971058	47.590251	94.242330	47.359461	90.470808	47.130722	86.661163	46.906373	82.817965	46.688632	78.945658	46.479527	75.048533	46.280883	71.130687	46.094279	67.196001	45.921030	63.248120	45.762178	59.290401
702.796630	49.545448	131.803298	49.438012	128.763742	49.311040	125.635834	49.165521	122.423498	49.002722	119.130896	48.824169	115.762393	48.631626	112.322512	48.427080	108.815888	48.212699	105.247254	47.990792	101.621383	47.763769	97.943057	47.534097	94.217053	47.304245	90.448110	47.076645	86.640883	46.853624	82.799936	46.637389	78.929707	46.429956	75.034488	46.233144	71.118372	46.048514	67.185251	45.877373	63.238775	45.720749	59.282308
703.226680	49.493117	131.746320	49.384356	128.709405	49.256235	125.584296	49.109754	122.374880	48.946191	119.085284	48.767080	115.719837	48.574191	112.283025	48.369517	108.779453	48.155226	105.213818	47.933626	101.590868	47.707126	97.915357	47.478188	94.192044	47.249274	90.425647	47.022808	86.620808	46.801110	82.782085	46.586374	78.913909	46.380607	75.020570	46.185616	71.106162	46.002953	67.174585	45.833910	63.229496	45.679503	59.274265
703.656560	49.440942	131.689890	49.330870	128.655598	49.201613	125.533264	49.054182	122.326747	48.889867	119.040132	48.710206	115.677712	48.516979	112.243941	48.312182	108.743389	48.097985	105.180723	47.876694	101.560662	47.650720	97.887936	47.422515	94.167282	47.194537	90.403401	46.969201	86.600924	46.748821	82.764398	46.535577	78.898251	46.331470	75.006769	46.138292	71.094050	45.957586	67.163998	45.790631	63.220278	45.638433	59.266271
704.086430	49.388826	131.633671	49.277449	128.601996	49.147061	125.482429	48.998685	122.278800	48.833621	118.995156	48.653414	115.635752	48.459853	112.205008	48.254935	108.707466	48.040834	105.147756	47.819854	101.530572	47.594405	97.860618	47.366932	94.142611	47.139889	90.381235	46.915682	86.581108	46.696619	82.746769	46.484865	78.882642	46.282414	74.993008	46.091045	71.081969	45.912293	67.153437	45.747422	63.211080	45.597429	59.258290
704.516110	49.336963	131.578316	49.224304	128.549230	49.092807	125.432397	48.943505	122.231614	48.777706	118.950893	48.596968	115.594460	48.403086	112.166696	48.198059	108.672114	47.984058	105.115311	47.763396	101.500954	47.538470	97.833724	47.311729	94.118313	47.085617	90.359396	46.862532	86.561573	46.644775	82.729378	46.434502	78.867231	46.233696	74.979410	46.044124	71.070020	45.867309	67.142979	45.704507	63.201960	45.556700	59.250365
704.945740	49.285106	131.522966	49.171166	128.496470	49.038559	125.382371	48.888331	122.184433	48.721798	118.906636	48.540529	115.553172	48.346326	112.128388	48.141189	108.636765	47.927290	105.082870	47.706944	101.471338	47.482542	97.806832	47.256532	94.094018	47.031351	90.337559	46.809389	86.542041	46.592938	82.711989	46.384145	78.851822	46.184985	74.965813	45.997208	71.058073	45.822331	67.132524	45.661597	63.192841	45.515977	59.242441
705.375240	49.233518	131.468533	49.118320	128.444591	48.984624	125.333190	48.833490	122.138057	48.666243	118.863143	48.484459	115.512599	48.289945	112.090745	48.084707	108.602024	47.870918	105.050980	47.650889	101.442222	47.427015	97.780384	47.201734	94.070117	46.977480	90.316066	46.756634	86.522806	46.541480	82.694855	46.334158	78.836624	46.136629	74.952390	45.950635	71.046266	45.777679	67.122176	45.618998	63.183802	45.475548	59.234573
705.804630	49.181980	131.414243	49.065528	128.392850	48.930745	125.284143	48.778709	122.091806	48.610751	118.819769	48.428455	115.472138	48.233631	112.053205	48.028293	108.567377	47.814615	105.019177	47.594904	101.413183	47.371558	97.754006	47.147006	94.046278	46.923677	90.294628	46.703946	86.503618	46.490088	82.677761	46.284235	78.821460	46.088334	74.938994	45.904121	71.034483	45.733085	67.111847	45.576453	63.174776	45.435170	59.226716
706.233950	49.130609	131.360530	49.012917	128.341671	48.877063	125.235632	48.724136	122.046069	48.555478	118.776877	48.372678	115.432129	48.177553	112.016086	47.972121	108.533123	47.758558	104.987733	47.539169	101.384469	47.316349	97.727920	47.092526	94.022699	46.870120	90.273420	46.651501	86.484632	46.438933	82.660839	46.234541	78.806444	46.040261	74.925724	45.857820	71.022801	45.688694	67.101600	45.534101	63.165818	45.394973	59.218909
706.663150	49.079384	131.307305	48.960466	128.290968	48.823552	125.187578	48.669744	122.000766	48.500396	118.734393	48.317099	115.392503	48.121681	111.979323	47.916159	108.499202	47.702714	104.956592	47.483651	101.356030	47.261357	97.702080	47.038262	93.999342	46.816776	90.252408	46.599266	86.465817	46.387983	82.644064	46.185047	78.791555	45.992381	74.912560	45.811703	71.011206	45.644480	67.091422	45.491917	63.156916	45.354933	59.211145
707.092220	49.028238	131.254318	48.908099	128.240493	48.770131	125.139742	48.615448	121.955670	48.445412	118.692106	48.261623	115.353062	48.065915	111.942731	47.860305	108.465439	47.646980	104.925596	47.428243	101.327723	47.206475	97.676360	46.984108	93.976090	46.763541	90.231488	46.547137	86.447083	46.337138	82.627359	46.135654	78.776725	45.944599	74.899446	45.765681	70.999653	45.600356	67.081279	45.449818	63.148040	45.314975	59.203401
707.521180	48.977336	131.202151	48.855995	128.190807	48.716994	125.092661	48.561454	121.911295	48.390743	118.650503	48.206477	115.314261	48.010487	111.906735	47.804800	108.432221	47.591599	104.895101	47.373190	101.299872	47.151952	97.651052	46.930308	93.953204	46.710659	90.210889	46.495355	86.428628	46.286632	82.610897	46.086589	78.762099	45.897135	74.886503	45.719964	70.988241	45.556523	67.071248	45.407994	63.139255	45.275278	59.195727
707.950070	48.926442	131.149993	48.803901	128.141128	48.663866	125.045588	48.507468	121.866928	48.336083	118.608907	48.151339	115.275466	47.955068	111.870744	47.749305	108.399008	47.536227	104.864611	47.318145	101.272026	47.097437	97.625749	46.876517	93.930322	46.657785	90.190295	46.443580	86.410176	46.236134	82.594438	46.037533	78.747475	45.849679	74.873562	45.674255	70.976830	45.512697	67.061219	45.366177	63.130471	45.235589	59.188053
708.378850	48.875817	131.098733	48.752099	128.092313	48.611050	124.999348	48.453812	121.823350	48.281772	118.568053	48.096564	115.237369	47.900024	111.835404	47.694191	108.366394	47.481246	104.834672	47.263495	101.244678	47.043316	97.600891	46.823118	93.907838	46.605299	90.170049	46.392185	86.392030	46.186006	82.578243	45.988836	78.733078	45.802570	74.860811	45.628879	70.965577	45.469189	67.051319	45.324663	63.121785	45.196182	59.180456
708.807560	48.825234	131.047597	48.700342	128.043617	48.558282	124.953223	48.400207	121.779880	48.227514	118.527302	48.041844	115.199369	47.845037	111.800155	47.639136	108.333863	47.426323	104.804810	47.208904	101.217399	46.989253	97.576095	46.769778	93.885410	46.552869	90.149851	46.340847	86.373926	46.135934	82.562085	45.940193	78.718713	45.755513	74.848088	45.583552	70.954345	45.425728	67.041438	45.283195	63.113114	45.156819	59.172869
709.236080	48.774835	130.997024	48.648782	127.995466	48.505724	124.907617	48.346823	121.736908	48.173488	118.487020	47.987363	115.161810	47.790297	111.765314	47.584332	108.301710	47.371654	104.775290	47.154569	101.190432	46.935448	97.551580	46.716693	93.863232	46.500692	90.129877	46.289757	86.356015	46.086103	82.546093	45.891786	78.704489	45.708683	74.835484	45.538444	70.943210	45.382475	67.031635	45.241923	63.104506	45.117642	59.165332
709.664550	48.724573	130.946898	48.597371	127.947745	48.453324	124.862424	48.293608	121.694330	48.119637	118.447109	47.933064	115.124599	47.735744	111.730797	47.529720	108.269857	47.317180	104.746043	47.100430	101.163711	46.881840	97.527288	46.663805	93.841252	46.448708	90.110081	46.238858	86.338258	46.036457	82.530232	45.843558	78.690377	45.662027	74.822973	45.493502	70.932150	45.339383	67.021894	45.200803	63.095946	45.078609	59.157833
710.092900	48.674388	130.896986	48.546042	127.900232	48.401011	124.817428	48.240484	121.651938	48.065882	118.407375	47.878864	115.087552	47.681293	111.696432	47.475212	108.238143	47.262810	104.716923	47.046396	101.137106	46.828336	97.503099	46.611020	93.819362	46.396826	90.090363	46.188060	86.320569	45.986910	82.514430	45.795426	78.676314	45.615463	74.810502	45.448649	70.921124	45.296374	67.012177	45.159763	63.087406	45.039651	59.150347
710.521180	48.624437	130.847803	48.494966	127.853425	48.348970	124.773104	48.187647	121.610182	48.012426	118.368243	47.824974	115.051064	47.627160	111.662587	47.421028	108.206906	47.208772	104.688237	46.992696	101.110894	46.775164	97.479259	46.558567	93.797780	46.345273	90.070911	46.137581	86.303111	45.937676	82.498824	45.747598	78.662414	45.569192	74.798161	45.404076	70.910208	45.253635	67.002541	45.118976	63.078927	45.000933	59.142900
710.949340	48.574501	130.798634	48.443904	127.806631	48.296943	124.728792	48.134824	121.568438	47.958986	118.329122	47.771099	115.014585	47.573042	111.628751	47.366860	108.175677	47.154749	104.659559	46.939011	101.084690	46.722007	97.455426	46.506129	93.776204	46.293734	90.051465	46.087117	86.285657	45.888457	82.483223	45.699783	78.648517	45.522933	74.785823	45.359516	70.899294	45.210908	66.992908	45.078201	63.070450	44.962225	59.135456
711.377380	48.524836	130.750325	48.393134	127.760665	48.245227	124.685276	48.082329	121.527452	47.905888	118.290717	47.717581	114.978779	47.519291	111.595539	47.313067	108.145027	47.101106	104.631411	46.885707	101.058964	46.669233	97.432029	46.454069	93.755017	46.242568	90.032364	46.037020	86.268508	45.839597	82.467882	45.652318	78.634847	45.477012	74.773678	45.315280	70.888536	45.168488	66.983404	45.037718	63.062076	44.923792	59.128094
711.805300	48.475219	130.702144	48.342416	127.714821	48.193565	124.641877	48.029890	121.486577	47.852848	118.252419	47.664124	114.943072	47.465602	111.562418	47.259337	108.114462	47.047526	104.603341	46.832467	101.033310	46.616523	97.408695	46.402072	93.733888	46.191465	90.013314	45.986984	86.251404	45.790797	82.452580	45.604910	78.621210	45.431146	74.761563	45.271098	70.877801	45.126119	66.973919	44.997286	63.053718	44.885405	59.120745
712.233150	48.425771	130.654483	48.291879	127.669481	48.142095	124.598961	47.977654	121.446162	47.800022	118.214553	47.610886	114.907773	47.412139	111.529678	47.205837	108.084247	46.994179	104.575593	46.779462	101.007949	46.564047	97.385626	46.350308	93.712995	46.140592	89.994473	45.937175	86.234483	45.742217	82.437439	45.557716	78.607709	45.385487	74.749563	45.227114	70.867164	45.083939	66.964517	44.957032	63.045425	44.847187	59.113448
712.660890	48.376469	130.607261	48.241498	127.624567	48.090793	124.556452	47.925593	121.406137	47.747378	118.177053	47.557837	114.872819	47.358870	111.497259	47.152536	108.054328	46.941033	104.548119	46.726660	100.982837	46.511772	97.362779	46.298745	93.692301	46.089918	89.975810	45.887561	86.217715	45.693827	82.422434	45.510707	78.594322	45.340005	74.737661	45.183299	70.856611	45.041921	66.955183	44.916933	63.037189	44.809116	59.106195
713.088500	48.327244	130.560247	48.191199	127.579851	48.039577	124.514133	47.873622	121.366292	47.694828	118.139725	47.504886	114.838026	47.305700	111.464990	47.099335	108.024548	46.887988	104.520771	46.673960	100.957841	46.459599	97.340036	46.247283	93.671702	46.039343	89.957229	45.838045	86.201021	45.645532	82.407492	45.463790	78.580992	45.294612	74.725807	45.139570	70.846097	44.999986	66.945883	44.876912	63.028978	44.771119	59.098963
713.516050	48.278261	130.513980	48.141161	127.535851	47.988637	124.472501	47.821945	121.327096	47.642582	118.103011	47.452250	114.803811	47.252855	111.433257	47.046464	107.995265	46.835279	104.493879	46.621594	100.933262	46.407764	97.317669	46.196155	93.651438	45.989098	89.938946	45.788852	86.184591	45.597552	82.392778	45.417178	78.567859	45.249516	74.714119	45.096126	70.835724	44.958321	66.936697	44.837147	63.020859	44.733364	59.091801
713.943480	48.229291	130.467725	48.091137	127.491863	47.937711	124.430881	47.770282	121.287911	47.590350	118.066308	47.399628	114.769606	47.200025	111.401534	46.993607	107.965991	46.782584	104.466995	46.569243	100.908690	46.355943	97.295308	46.145042	93.631181	45.938866	89.920668	45.739673	86.168165	45.549586	82.378067	45.370580	78.554730	45.204433	74.702435	45.052694	70.825353	44.916668	66.927514	44.797394	63.012742	44.695619	59.084641
714.370790	48.180586	130.422242	48.041395	127.448617	47.887085	124.389970	47.718932	121.249403	47.538445	118.030241	47.347345	114.735991	47.147540	111.370363	46.941105	107.937226	46.730246	104.440574	46.517252	100.884535	46.304479	97.273324	46.094284	93.611257	45.888986	89.902683	45.690835	86.151993	45.501954	82.363576	45.324306	78.541783	45.159660	74.690901	45.009562	70.815105	44.875301	66.918427	44.757910	63.004703	44.658130	59.077540
714.798030	48.131928	130.376881	47.991703	127.405489	47.836511	124.349173	47.667636	121.211001	47.486596	117.994274	47.295120	114.702470	47.095115	111.339279	46.888664	107.908541	46.677968	104.414227	46.465322	100.860447	46.253075	97.251399	46.043586	93.591386	45.839165	89.884746	45.642056	86.135861	45.454379	82.349119	45.278086	78.528865	45.114940	74.679391	44.966480	70.804876	44.833982	66.909355	44.718472	62.996676	44.620684	59.070449
715.225100	48.083439	130.331996	47.942192	127.362820	47.786128	124.308813	47.616542	121.173016	47.434957	117.958699	47.243109	114.669317	47.042911	111.308536	46.836445	107.880169	46.625916	104.388167	46.413619	100.836619	46.201899	97.229709	45.993111	93.571725	45.789565	89.866992	45.593494	86.119890	45.407015	82.334801	45.232072	78.516066	45.070419	74.667982	44.923587	70.794731	44.792845	66.900351	44.679207	62.988702	44.583400	59.063398
715.652100	48.035094	130.287528	47.892834	127.320554	47.735906	124.268837	47.565618	121.135395	47.383496	117.923466	47.191280	114.636488	46.990894	111.278092	46.784417	107.852071	46.574056	104.362358	46.362109	100.813020	46.150917	97.208225	45.942828	93.552247	45.740153	89.849401	45.545118	86.104061	45.359831	82.320603	45.186232	78.503370	45.026066	74.656662	44.880855	70.784658	44.751862	66.891406	44.640088	62.980773	44.546255	59.056380
716.079040	47.986810	130.243226	47.843540	127.278449	47.685753	124.229016	47.514766	121.097921	47.332109	117.888372	47.139527	114.603788	46.938955	111.247769	46.732468	107.824085	46.522276	104.336652	46.310679	100.789514	46.100014	97.186824	45.892624	93.532843	45.690819	89.831876	45.496818	86.088291	45.312722	82.306457	45.140465	78.490719	44.981783	74.645377	44.838190	70.774616	44.710944	66.882486	44.601029	62.972864	44.509167	59.049379
716.505800	47.938783	130.199649	47.794523	127.237044	47.635890	124.189863	47.464216	121.061084	47.281034	117.853878	47.088102	114.571649	46.887347	111.217971	46.680857	107.796585	46.470839	104.311390	46.259592	100.766410	46.049451	97.165787	45.842759	93.513764	45.641819	89.814642	45.448845	86.072776	45.265933	82.292531	45.095007	78.478259	44.937799	74.634252	44.795813	70.764708	44.670297	66.873679	44.562230	62.965043	44.472321	59.042447
716.932500	47.890763	130.156078	47.745512	127.195644	47.586035	124.150717	47.413673	121.024252	47.229967	117.819390	47.036683	114.539514	46.835746	111.188177	46.629253	107.769090	46.419410	104.286131	46.208512	100.743309	45.998895	97.144753	45.792902	93.494687	45.592825	89.797411	45.400879	86.057264	45.219151	82.278608	45.049556	78.465800	44.893821	74.623128	44.753441	70.754802	44.629655	66.864873	44.523437	62.957223	44.435481	59.035516
717.359130	47.842999	130.113243	47.696773	127.154953	47.536469	124.112250	47.363434	120.988064	47.179217	117.785515	46.985588	114.507958	46.784479	111.158917	46.577988	107.742089	46.368321	104.261328	46.157775	100.720626	45.948684	97.124096	45.743384	93.475950	45.544168	89.780476	45.353242	86.042012	45.172687	82.264916	45.004415	78.453541	44.850142	74.612176	44.711356	70.745037	44.589288	66.856184	44.484903	62.949502	44.398886	59.028665
717.785580	47.795302	130.070563	47.648105	127.114410	47.486978	124.073926	47.313270	120.952011	47.128546	117.751769	46.934574	114.476522	46.733296	111.129768	46.526806	107.715192	46.317317	104.236620	46.107122	100.698029	45.898556	97.103517	45.693950	93.457284	45.495593	89.763603	45.305685	86.026814	45.126301	82.251274	44.959350	78.441324	44.806536	74.601260	44.669341	70.735303	44.548988	66.847519	44.446433	62.941802	44.362352	59.021830
718.211980	47.747755	130.028298	47.599596	127.074265	47.437653	124.035982	47.263282	120.916320	47.078056	117.718362	46.883747	114.445402	46.682303	111.100914	46.475818	107.688565	46.266509	104.212160	46.056665	100.675658	45.848623	97.083141	45.644708	93.438797	45.447207	89.746890	45.258313	86.011758	45.080098	82.237750	44.914461	78.429208	44.763100	74.590430	44.627489	70.725640	44.508842	66.838913	44.408109	62.934148	44.325956	59.015031
718.638240	47.700368	129.986463	47.551258	127.034531	47.388507	123.998430	47.213481	120.881002	47.027759	117.685305	46.833120	114.414608	46.631512	111.072364	46.425037	107.662216	46.215909	104.187955	46.006417	100.653517	45.798897	97.062975	45.595671	93.420494	45.399024	89.730344	45.211140	85.996847	45.034088	82.224349	44.869759	78.417198	44.719846	74.579688	44.585810	70.716053	44.468861	66.830366	44.369940	62.926542	44.289706	59.008268
719.064450	47.653031	129.944755	47.502973	126.994919	47.339417	123.960995	47.163737	120.845795	46.977522	117.652351	46.782555	114.383912	46.580783	111.043905	46.374318	107.635952	46.165373	104.163827	45.956233	100.631447	45.749234	97.042871	45.546697	93.402248	45.350902	89.713847	45.164027	85.981979	44.988138	82.210985	44.825114	78.405220	44.676646	74.568974	44.544184	70.706488	44.428930	66.821837	44.331820	62.918949	44.253502	59.001517
719.490480	47.605961	129.903748	47.454970	126.955986	47.290624	123.924208	47.114306	120.811202	46.927608	117.619974	46.732320	114.353759	46.530396	111.015952	46.323945	107.610157	46.115183	104.140129	45.906397	100.609764	45.699919	97.023112	45.498067	93.384316	45.303117	89.697625	45.117246	85.967349	44.942508	82.197830	44.780781	78.393418	44.633745	74.558410	44.502844	70.697045	44.389276	66.813409	44.293961	62.911436	44.217544	58.994826
719.916440	47.558899	129.862749	47.406975	126.917060	47.241839	123.887426	47.064882	120.776614	46.877702	117.587603	46.682094	114.323610	46.480018	110.988004	46.273579	107.584367	46.065001	104.116434	45.856569	100.588085	45.650611	97.003356	45.449445	93.366386	45.255340	89.681405	45.070473	85.952721	44.896886	82.184678	44.736455	78.381618	44.590850	74.547848	44.461511	70.687605	44.349628	66.804982	44.256109	62.903925	44.181591	58.988136
720.342350	47.512075	129.822428	47.359234	126.878789	47.193322	123.851274	47.015737	120.742623	46.828084	117.555802	46.632164	114.293993	46.429940	110.960552	46.223521	107.559037	46.015129	104.093163	45.807051	100.566797	45.601613	96.983959	45.401129	93.348778	45.207866	89.665474	45.023996	85.938352	44.851553	82.171752	44.692409	78.370017	44.548226	74.537457	44.420438	70.678312	44.310225	66.796682	44.218490	62.896518	44.145859	58.981534
720.768070	47.465328	129.782289	47.311575	126.840693	47.144890	123.815289	46.966679	120.708792	46.778557	117.524154	46.582327	114.264517	46.379957	110.933233	46.173558	107.533829	45.965353	104.070005	45.757630	100.545614	45.552711	96.964656	45.352908	93.331255	45.160486	89.649621	44.977610	85.924051	44.806310	82.158887	44.648449	78.358471	44.505686	74.527113	44.379446	70.669058	44.270899	66.788416	44.180943	62.889140	44.110196	58.974955
721.193730	47.418718	129.742514	47.264059	126.802946	47.096609	123.779636	46.917781	120.675278	46.729195	117.492801	46.532659	114.235321	46.330145	110.906174	46.123770	107.508861	45.915754	104.047065	45.708384	100.524628	45.503984	96.945533	45.304860	93.313892	45.113276	89.633909	44.931390	85.909873	44.761229	82.146128	44.604646	78.347014	44.463297	74.516846	44.338597	70.659870	44.231711	66.780203	44.143528	62.881803	44.074656	58.968408
721.619260	47.372279	129.703179	47.216724	126.765621	47.048516	123.744386	46.869079	120.642147	46.680036	117.461806	46.483199	114.206462	46.280546	110.879429	46.074197	107.484184	45.866371	104.024392	45.659354	100.503883	45.455473	96.926629	45.257028	93.296721	45.066276	89.618367	44.885375	85.895845	44.716347	82.133500	44.561037	78.335668	44.421095	74.506675	44.297928	70.650760	44.192694	66.772054	44.106274	62.874518	44.039269	58.961901
722.044740	47.325874	129.663929	47.169425	126.728377	47.000463	123.709212	46.820418	120.609089	46.630918	117.430881	46.433783	114.177669	46.230991	110.852744	46.024668	107.459563	45.817032	104.001770	45.610369	100.483184	45.407005	96.907766	45.209238	93.279587	45.019319	89.602859	44.839403	85.881846	44.671506	82.120896	44.517467	78.324343	44.378931	74.496521	44.257295	70.641665	44.153712	66.763917	44.069053	62.867243	44.003913	58.955401
722.470030	47.279744	129.625382	47.122417	126.691806	46.952715	123.674682	46.772072	120.576639	46.582126	117.400530	46.384702	114.149414	46.181778	110.826556	45.975485	107.435400	45.768042	103.979569	45.561733	100.462869	45.358883	96.889245	45.161789	93.262763	44.972699	89.587622	44.793761	85.868088	44.626985	82.108501	44.474209	78.313198	44.337066	74.486515	44.216949	70.632690	44.115002	66.755877	44.032091	62.860048	43.968800	58.948965
722.895260	47.233621	129.586840	47.075416	126.655240	46.904974	123.640157	46.723733	120.544193	46.533341	117.370184	46.335628	114.121163	46.132573	110.800372	45.926309	107.411240	45.719058	103.957372	45.513103	100.442556	45.310767	96.870726	45.114347	93.245941	44.926085	89.572387	44.748126	85.854333	44.582471	82.096109	44.430957	78.302054	44.295207	74.476509	44.176608	70.623716	44.076298	66.747837	43.995134	62.852854	43.933693	58.942530
723.320430	47.187728	129.548905	47.028657	126.619263	46.857487	123.606199	46.675659	120.512290	46.484831	117.340350	46.286834	114.093392	46.083654	110.774639	45.877424	107.387499	45.670367	103.935561	45.464768	100.422599	45.262945	96.852531	45.067195	93.229411	44.879756	89.557415	44.702767	85.840809	44.538228	82.083922	44.387967	78.291092	44.253601	74.466662	44.136511	70.614883	44.037826	66.739919	43.958396	62.845760	43.898793	58.936178
723.745420	47.141927	129.511183	46.981996	126.583492	46.810101	123.572439	46.627691	120.480576	46.436430	117.310695	46.238151	114.065790	46.034847	110.749063	45.828653	107.363904	45.621789	103.913886	45.416547	100.402765	45.215236	96.834448	45.020156	93.212982	44.833537	89.542536	44.657516	85.827366	44.494091	82.071809	44.345080	78.280194	44.212093	74.456870	44.096507	70.606100	43.999444	66.732043	43.921744	62.838701	43.863974	58.929855
724.170350	47.096246	129.473762	46.935461	126.548009	46.762847	123.538950	46.579860	120.449118	46.388170	117.281282	46.189613	114.038415	45.986189	110.723698	45.780031	107.340503	45.573362	103.892388	45.368475	100.383093	45.167676	96.816511	44.973263	93.196683	44.787463	89.527771	44.612407	85.814025	44.450091	82.059781	44.302325	78.269371	44.170714	74.447141	44.056626	70.597367	43.961178	66.724208	43.885202	62.831675	43.829259	58.923557
724.595210	47.050743	129.436791	46.889113	126.512953	46.715788	123.505865	46.532233	120.418043	46.340119	117.252229	46.141289	114.011378	45.937749	110.698648	45.731629	107.317392	45.525157	103.871153	45.320625	100.363660	45.120336	96.798790	44.926588	93.180580	44.741601	89.513175	44.567508	85.800835	44.406294	82.047882	44.259767	78.258658	44.129523	74.437508	44.016927	70.588709	43.923085	66.716436	43.848826	62.824696	43.794697	58.917296
725.019900	47.005271	129.399868	46.842798	126.477944	46.668762	123.472824	46.484639	120.387009	46.292103	117.223215	46.093002	113.984379	45.889345	110.673633	45.683262	107.294312	45.476988	103.849948	45.272811	100.344254	45.073032	96.781093	44.879948	93.164498	44.695774	89.498598	44.522644	85.787663	44.362531	82.035998	44.217240	78.247958	44.088364	74.427885	43.977257	70.580061	43.885020	66.708671	43.812475	62.817724	43.760161	58.911041
725.444520	46.960072	129.363636	46.796773	126.443604	46.622041	123.440428	46.437360	120.356586	46.244411	117.194775	46.045046	113.957914	45.841278	110.649112	45.635238	107.271690	45.429163	103.829166	45.225340	100.325232	45.026070	96.763742	44.833644	93.148721	44.650281	89.484295	44.478102	85.774724	44.319083	82.024319	44.175019	78.237432	44.047498	74.418409	43.937868	70.571537	43.847223	66.701006	43.776378	62.810835	43.725865	58.904850
725.869020	46.914886	129.327414	46.750762	126.409274	46.575333	123.408041	46.390095	120.326172	46.196733	117.166343	45.997104	113.931457	45.793224	110.624599	45.587228	107.249074	45.381352	103.808390	45.177882	100.306214	44.979120	96.746395	44.787354	93.132949	44.604800	89.469996	44.433573	85.761788	44.275647	82.012643	44.132809	78.226910	44.006644	74.408936	43.898491	70.563016	43.809438	66.693343	43.740291	62.803948	43.691579	58.898661
726.293460	46.869901	129.291699	46.704960	126.375429	46.528846	123.376116	46.343059	120.296196	46.149291	117.138329	45.949403	113.905389	45.745416	110.600449	45.539466	107.226797	45.333791	103.787921	45.130674	100.287477	44.932418	96.729304	44.741309	93.117405	44.559560	89.455901	44.389281	85.749036	44.232439	82.001126	44.090821	78.216525	43.966003	74.399581	43.859318	70.554593	43.771847	66.685762	43.704388	62.797127	43.657465	58.892524
726.717710	46.825023	129.256225	46.659270	126.341811	46.482476	123.344409	46.296144	120.266428	46.101973	117.110512	45.901829	113.879505	45.697737	110.576471	45.491834	107.204680	45.286359	103.767597	45.083595	100.268872	44.885845	96.712334	44.695390	93.101969	44.514444	89.441902	44.345110	85.736370	44.189350	81.989684	44.048949	78.206207	43.925474	74.390282	43.820252	70.546216	43.734357	66.678221	43.668581	62.790337	43.623442	58.886413
727.141910	46.780247	129.221001	46.613687	126.308435	46.436217	123.312932	46.249344	120.236878	46.054773	117.082900	45.854377	113.853814	45.650182	110.552674	45.444327	107.182731	45.239053	103.747428	45.036641	100.250409	44.839395	96.695492	44.649595	93.086650	44.469449	89.428007	44.301058	85.723797	44.146376	81.978325	44.007188	78.195959	43.885051	74.381044	43.781288	70.537893	43.696965	66.670725	43.632868	62.783586	43.589506	58.880333
727.566040	46.735672	129.186274	46.568314	126.275536	46.390176	123.281913	46.202770	120.207762	46.007806	117.055693	45.807165	113.828506	45.602869	110.529237	45.397066	107.161112	45.191992	103.727567	44.989933	100.232227	44.793190	96.678905	44.604040	93.071565	44.424691	89.414319	44.257236	85.711407	44.103629	81.967129	43.965644	78.185850	43.844837	74.371929	43.742524	70.529677	43.659763	66.663318	43.597337	62.776909	43.555743	58.874314
727.989990	46.691115	129.151562	46.522960	126.242651	46.344154	123.250907	46.156216	120.178658	45.960859	117.028497	45.759972	113.803209	45.555576	110.505810	45.349824	107.139502	45.144952	103.707714	44.943244	100.214052	44.747004	96.662325	44.558505	93.056485	44.379951	89.400637	44.213433	85.699022	44.060900	81.955937	43.924118	78.175746	43.804641	74.362817	43.703777	70.521465	43.622578	66.655914	43.561821	62.770235	43.521995	58.868298
728.413880	46.646838	129.117530	46.477901	126.210428	46.298440	123.220528	46.109981	120.150155	45.914243	117.001871	45.713113	113.778447	45.508624	110.482872	45.302926	107.118347	45.098257	103.688277	44.896902	100.196262	44.701162	96.646092	44.513310	93.041714	44.335544	89.387232	44.169954	85.686879	44.018484	81.944956	43.882898	78.165828	43.764738	74.353865	43.665311	70.513386	43.585662	66.648622	43.526557	62.763653	43.488485	58.862357
728.837650	46.602581	129.083524	46.432862	126.178230	46.252747	123.190172	46.063767	120.121675	45.867647	116.975266	45.666275	113.753704	45.461693	110.459953	45.256050	107.097209	45.051584	103.668856	44.850582	100.178487	44.655341	96.629871	44.468136	93.026955	44.291156	89.373838	44.126494	85.674746	43.976088	81.933983	43.841697	78.155919	43.724852	74.344919	43.626863	70.505313	43.548762	66.641334	43.491310	62.757075	43.454990	58.856420
729.261350	46.558503	129.049962	46.388013	126.146453	46.207251	123.160223	46.017757	120.093578	45.821261	116.949022	45.619653	113.729300	45.414981	110.437354	45.209393	107.076368	45.005131	103.649709	44.804481	100.160960	44.609739	96.613877	44.423177	93.012402	44.246982	89.360628	44.083243	85.662777	43.933895	81.923157	43.800690	78.146134	43.685156	74.336080	43.588595	70.497331	43.512034	66.634125	43.456226	62.750563	43.421648	58.850536
729.684880	46.514552	129.016686	46.343295	126.114948	46.161892	123.130534	45.971887	120.065728	45.775018	116.923010	45.573179	113.705114	45.368419	110.414961	45.162886	107.055717	44.958828	103.630738	44.758531	100.143591	44.564286	96.598027	44.378365	92.997981	44.202952	89.347538	44.040134	85.650916	43.891840	81.912426	43.759816	78.136431	43.645589	74.327311	43.550449	70.489408	43.475422	66.626968	43.421253	62.744094	43.388411	58.844687
730.108340	46.470678	128.983585	46.298660	126.083611	46.116618	123.101005	45.926106	120.038029	45.728866	116.897142	45.526797	113.681063	45.321949	110.392693	45.116474	107.035182	44.912620	103.611873	44.712674	100.126320	44.518927	96.582265	44.333645	92.983637	44.159013	89.334517	43.997113	85.639114	43.849871	81.901747	43.719024	78.126773	43.606101	74.318581	43.512380	70.481518	43.438882	66.619838	43.386349	62.737647	43.355239	58.838856
730.531740	46.427018	128.950978	46.254247	126.052752	46.071576	123.071933	45.880566	120.010762	45.682960	116.871684	45.480665	113.657394	45.275733	110.370778	45.070320	107.014976	44.866670	103.593308	44.667074	100.109322	44.473822	96.566750	44.289175	92.969515	44.115320	89.321689	43.954334	85.627485	43.808135	81.891217	43.678460	78.117244	43.566831	74.309962	43.474520	70.473724	43.402541	66.612783	43.351632	62.731260	43.322243	58.833074
730.954960	46.383375	128.918386	46.209853	126.021906	46.026554	123.042873	45.835044	119.983507	45.637074	116.846237	45.434553	113.633736	45.229537	110.348873	45.024186	106.994779	44.820741	103.574752	44.621493	100.092331	44.428737	96.551241	44.244725	92.955398	44.071646	89.308868	43.911572	85.615861	43.766418	81.880690	43.637913	78.107719	43.527577	74.301347	43.436675	70.465932	43.366216	66.605731	43.316929	62.724876	43.289261	58.827294
731.378110	46.339990	128.886387	46.165728	125.991630	45.981811	123.014359	45.789811	119.956769	45.591484	116.821276	45.388743	113.610532	45.183647	110.327393	44.978358	106.974972	44.775119	103.556556	44.576221	100.075669	44.383955	96.536033	44.200575	92.941549	44.028267	89.296284	43.869098	85.604447	43.724978	81.870348	43.597637	78.098354	43.488583	74.292869	43.399079	70.458252	43.330127	66.598775	43.282451	62.718570	43.256491	58.821576
731.801210	46.296640	128.854462	46.121640	125.961426	45.937105	122.985914	45.744616	119.930096	45.545934	116.796375	45.342973	113.587384	45.137799	110.305966	44.932572	106.955213	44.729538	103.538405	44.530990	100.059048	44.339213	96.520861	44.156466	92.927733	43.984928	89.283730	43.826663	85.593059	43.683576	81.860028	43.557397	78.089009	43.449624	74.284409	43.361517	70.450585	43.294071	66.591832	43.248004	62.712274	43.223749	58.815866
732.224120	46.253458	128.822917	46.077727	125.931588	45.892581	122.957815	45.699609	119.903753	45.500576	116.771788	45.297400	113.564532	45.092149	110.284816	44.886986	106.935713	44.684159	103.520491	44.485959	100.042647	44.294671	96.505890	44.112554	92.914100	43.941781	89.271341	43.784416	85.581817	43.642359	81.849839	43.517334	78.079779	43.410835	74.276050	43.324117	70.443009	43.258171	66.584964	43.213704	62.706044	43.191147	58.810211
732.646970	46.210416	128.791701	46.033958	125.902066	45.848208	122.930016	45.654758	119.877696	45.455377	116.747473	45.251989	113.541936	45.046664	110.263908	44.841566	106.916438	44.638947	103.502783	44.441094	100.026435	44.250294	96.491092	44.068805	92.900624	43.898795	89.259095	43.742325	85.570703	43.601294	81.839764	43.477417	78.070649	43.372187	74.267778	43.286852	70.435512	43.222400	66.578160	43.179527	62.699871	43.158661	58.804604
733.069700	46.167430	128.760601	45.990250	125.872654	45.803896	122.902323	45.609971	119.851740	45.410243	116.723253	45.206645	113.519429	45.001246	110.243082	44.796213	106.897238	44.593802	103.485146	44.396296	100.010289	44.205984	96.476352	44.025121	92.887202	43.855873	89.246896	43.700296	85.559631	43.560289	81.829725	43.437560	78.061551	43.333595	74.259534	43.249642	70.428039	43.186680	66.571377	43.145399	62.693715	43.126220	58.799011
733.492310	46.124685	128.730048	45.946793	125.843765	45.759848	122.875132	45.565454	119.826262	45.365387	116.699484	45.161583	113.497346	44.956113	110.222646	44.751148	106.878402	44.548944	103.467848	44.351785	99.994452	44.161959	96.461891	43.981716	92.874031	43.813225	89.234921	43.658534	85.548763	43.519542	81.819862	43.397953	78.052611	43.295248	74.251422	43.212665	70.420678	43.151179	66.564693	43.111480	62.687637	43.093976	58.793482
733.914860	46.081946	128.699499	45.903343	125.814879	45.715806	122.847946	45.520943	119.800787	45.320538	116.675718	45.116527	113.475267	44.910987	110.202214	44.706089	106.859569	44.504093	103.450552	44.307280	99.978617	44.117939	96.447432	43.938317	92.860861	43.770582	89.222948	43.616778	85.537896	43.478801	81.810001	43.358351	78.043671	43.256906	74.243310	43.175693	70.413318	43.115684	66.558010	43.077565	62.681560	43.061737	58.787953
734.337280	46.039437	128.669444	45.860132	125.786469	45.672011	122.821213	45.476686	119.775740	45.275948	116.652350	45.071736	113.453562	44.866128	110.182133	44.661301	106.841057	44.459512	103.433547	44.263044	99.963046	44.074184	96.433215	43.895180	92.847907	43.728196	89.211166	43.575273	85.527194	43.438306	81.800287	43.318986	78.034853	43.218789	74.235305	43.138936	70.406043	43.080396	66.551396	43.043847	62.675540	43.029681	58.782468
734.759580	45.996995	128.639519	45.816992	125.758184	45.628287	122.794600	45.432503	119.750805	45.231432	116.629088	45.027021	113.431956	44.821347	110.162144	44.616591	106.822631	44.415008	103.416619	44.218885	99.947546	44.030505	96.419061	43.852118	92.835010	43.685882	89.199435	43.533842	85.516536	43.397880	81.790611	43.279689	78.026067	43.180737	74.227328	43.102242	70.398790	43.045168	66.544801	43.010184	62.669534	42.997678	58.776996
735.181820	45.954678	128.609892	45.773981	125.730186	45.584698	122.768260	45.388460	119.726134	45.187060	116.606078	44.982451	113.410584	44.776713	110.142376	44.572029	106.804412	44.370653	103.399885	44.174874	99.932225	43.986974	96.405071	43.809201	92.822264	43.643712	89.187842	43.492549	85.506003	43.357589	81.781048	43.240522	78.017382	43.142810	74.219439	43.065669	70.391619	43.010053	66.538275	42.976630	62.663590	42.965778	58.771577
735.603940	45.912531	128.580663	45.731146	125.702570	45.541293	122.742284	45.344606	119.701813	45.142883	116.583402	44.938079	113.389525	44.732278	110.122902	44.527668	106.786467	44.326499	103.383409	44.131064	99.917143	43.943642	96.391301	43.766481	92.809720	43.601736	89.176432	43.451444	85.495636	43.317480	81.771635	43.201532	78.008832	43.105052	74.211667	43.029257	70.384556	42.975093	66.531840	42.943222	62.657726	42.934017	58.766229
736.025940	45.870412	128.551477	45.688341	125.674995	45.497919	122.716347	45.300782	119.677529	45.098737	116.560761	44.893738	113.368498	44.687875	110.103458	44.483339	106.768550	44.282378	103.366958	44.087285	99.902084	43.900341	96.377550	43.723791	92.797195	43.559790	89.165038	43.410368	85.485283	43.277399	81.762233	43.162569	78.000292	43.067322	74.203905	42.992872	70.377501	42.940157	66.525412	42.909838	62.651868	42.902278	58.760885
736.447810	45.828557	128.522831	45.645812	125.647940	45.454830	122.690907	45.257252	119.653711	45.054890	116.538556	44.849701	113.347883	44.643780	110.084390	44.439317	106.750983	44.238563	103.350827	44.043811	99.887310	43.857344	96.364058	43.681401	92.784896	43.518135	89.153843	43.369577	85.475102	43.237596	81.752980	43.123871	77.991878	43.029849	74.196252	42.956732	70.370526	42.905456	66.519052	42.876675	62.646060	42.870747	58.755578
736.869630	45.786707	128.494188	45.603288	125.620887	45.411746	122.665470	45.213727	119.629896	45.011048	116.516353	44.805670	113.327271	44.599690	110.065325	44.395299	106.733418	44.194753	103.334697	44.000343	99.872538	43.814351	96.350567	43.639016	92.772600	43.476485	89.142650	43.328791	85.464923	43.197797	81.743728	43.085178	77.983465	42.992381	74.188599	42.920596	70.363552	42.870759	66.512692	42.843515	62.640253	42.839219	58.750271
737.291320	45.745058	128.465991	45.560972	125.594261	45.368877	122.640438	45.170423	119.606466	44.967432	116.494517	44.761868	113.307004	44.555832	110.046586	44.351517	106.716154	44.151178	103.318843	43.957109	99.858025	43.771589	96.337311	43.596857	92.760515	43.435057	89.131652	43.288221	85.454918	43.158209	81.734629	43.046690	77.975191	42.955108	74.181064	42.884648	70.356685	42.836240	66.506424	42.810525	62.634524	42.807850	58.745030
737.712950	45.703499	128.437992	45.518750	125.567825	45.326106	122.615589	45.127219	119.583209	44.923917	116.472846	44.718169	113.286893	44.512079	110.027993	44.307839	106.699025	44.107709	103.303113	43.913980	99.843626	43.728929	96.324161	43.554799	92.748526	43.393729	89.120741	43.247750	85.444991	43.118715	81.725599	43.008295	77.966979	42.917922	74.173582	42.848784	70.349865	42.801801	66.500196	42.777611	62.628830	42.776553	58.739819
738.134400	45.662044	128.410192	45.476636	125.541581	45.283445	122.590922	45.084128	119.560125	44.880518	116.451338	44.674589	113.266934	44.468446	110.009542	44.264281	106.682027	44.064358	103.287506	43.870969	99.829339	43.686387	96.311111	43.512856	92.736628	43.352515	89.109911	43.207388	85.435136	43.079329	81.716634	42.970003	77.958821	42.880836	74.166149	42.813016	70.343086	42.767454	66.494004	42.744784	62.623166	42.745337	58.734631
738.555790	45.620780	128.382794	45.434719	125.515723	45.240988	122.566627	45.041247	119.537396	44.837335	116.430161	44.631228	113.247284	44.425033	109.991377	44.220945	106.665296	44.021229	103.272148	43.828176	99.815277	43.644064	96.298264	43.471127	92.724916	43.311512	89.099247	43.167232	85.425430	43.040142	81.707799	42.931900	77.950774	42.843934	74.158816	42.777425	70.336389	42.733276	66.487883	42.712115	62.617561	42.714273	58.729491
738.977050	45.579529	128.355404	45.392816	125.489872	45.198544	122.542339	44.998379	119.514673	44.794165	116.408990	44.587880	113.227640	44.381633	109.973218	44.177622	106.648570	43.978114	103.256795	43.785397	99.801219	43.601754	96.285421	43.429412	92.713208	43.270521	89.088586	43.127088	85.415728	43.000967	81.698967	42.893810	77.942729	42.807045	74.151484	42.741844	70.329695	42.699108	66.481763	42.679456	62.611957	42.683218	58.724352
739.398250	45.538533	128.328560	45.351180	125.464546	45.156376	122.518547	44.955796	119.492421	44.751283	116.388263	44.544823	113.208413	44.338528	109.955451	44.134595	106.632209	43.935294	103.241773	43.742912	99.787464	43.559734	96.272856	43.387985	92.701747	43.229809	89.078142	43.087217	85.406220	42.962057	81.690307	42.855978	77.934835	42.770402	74.144279	42.706499	70.323111	42.665163	66.475733	42.647009	62.606428	42.652362	58.719274
739.819340	45.497562	128.301754	45.309570	125.439256	45.114233	122.494789	44.913239	119.470203	44.708430	116.367567	44.501795	113.189214	44.295451	109.937710	44.091595	106.615873	43.892501	103.226772	43.700455	99.773730	43.517741	96.260311	43.346585	92.690304	43.189124	89.067714	43.047372	85.396727	42.923173	81.681658	42.818170	77.926951	42.733782	74.137082	42.671176	70.316534	42.631239	66.469709	42.614582	62.600904	42.621525	58.714201
740.240300	45.456757	128.275300	45.268131	125.414304	45.072269	122.471356	44.870864	119.448290	44.665760	116.347164	44.458955	113.170290	44.252564	109.920225	44.048787	106.599774	43.849900	103.211994	43.658188	99.760202	43.475936	96.247953	43.305368	92.679032	43.148620	89.057443	43.007703	85.387372	42.884459	81.673136	42.780527	77.919180	42.697321	74.129986	42.636004	70.310043	42.597460	66.463761	42.582293	62.595444	42.590817	58.709183
740.661130	45.416081	128.249114	45.226824	125.389607	45.030442	122.448168	44.828627	119.426608	44.623234	116.326982	44.416261	113.151575	44.209822	109.902933	44.006127	106.583855	43.807445	103.197382	43.616067	99.746829	43.434274	96.235736	43.264292	92.667891	43.108255	89.047291	42.968170	85.378122	42.845876	81.664708	42.743012	77.911493	42.660982	74.122964	42.600950	70.303615	42.563792	66.457869	42.550109	62.590032	42.560208	58.704206
741.081910	45.375460	128.223034	45.185575	125.365012	44.988674	122.425078	44.786452	119.405020	44.580769	116.306886	44.373629	113.132941	44.167143	109.885717	43.963529	106.568006	43.765053	103.182834	43.574009	99.733514	43.392674	96.223572	43.223277	92.656797	43.067950	89.037181	42.928696	85.368909	42.807350	81.656311	42.705551	77.903834	42.624696	74.115966	42.565946	70.297207	42.530173	66.451993	42.517970	62.584633	42.529642	58.699240
741.502560	45.335060	128.197391	45.144556	125.340837	44.947142	122.402385	44.744521	119.383812	44.538554	116.287146	44.331247	113.114639	44.124717	109.868813	43.921184	106.552441	43.722915	103.168550	43.532201	99.720433	43.351324	96.211624	43.182508	92.645895	43.027884	89.027242	42.889454	85.359846	42.769050	81.648044	42.668307	77.896286	42.588619	74.109062	42.531141	70.290882	42.496743	66.446181	42.486012	62.579286	42.499247	58.694314
741.923100	45.294671	128.171756	45.103549	125.316668	44.905621	122.379698	44.702601	119.362611	44.496349	116.267411	44.288876	113.096341	44.082303	109.851914	43.878850	106.536880	43.680787	103.154268	43.490404	99.707355	43.309984	96.199679	43.141749	92.634996	42.987828	89.017305	42.850222	85.350786	42.730761	81.639779	42.631073	77.888740	42.552551	74.102161	42.496346	70.284557	42.463322	66.440371	42.454061	62.573941	42.468860	58.689389
742.343570	45.254505	128.146591	45.062771	125.292951	44.864340	122.357444	44.660924	119.341819	44.454392	116.248064	44.246757	113.078410	44.040145	109.835356	43.836772	106.521642	43.638915	103.140283	43.448862	99.694552	43.268896	96.187980	43.101236	92.624322	42.948014	89.007572	42.811225	85.341910	42.692699	81.631681	42.594058	77.881336	42.516697	74.095384	42.461754	70.278342	42.430094	66.434658	42.422295	62.568677	42.438644	58.684532
742.763850	45.214406	128.121543	45.022061	125.269345	44.823129	122.335297	44.619320	119.321128	44.412507	116.228812	44.204712	113.060570	43.998061	109.818881	43.794769	106.506481	43.597117	103.126371	43.407394	99.681816	43.227880	96.176340	43.060795	92.613702	42.908272	88.997888	42.772296	85.333079	42.654703	81.623623	42.557108	77.873967	42.480904	74.088637	42.427221	70.272154	42.396923	66.428970	42.390583	62.563433	42.408478	58.679694
743.184140	45.174422	128.096740	44.981472	125.245977	44.782040	122.313378	44.577841	119.300654	44.370753	116.209765	44.162797	113.042922	43.956108	109.802587	43.752897	106.491489	43.555450	103.112615	43.366056	99.669226	43.186993	96.164835	43.020480	92.603204	42.868652	88.988314	42.733489	85.324346	42.616826	81.615652	42.520271	77.866679	42.445220	74.081961	42.392793	70.266026	42.363850	66.423334	42.358964	62.558235	42.378402	58.674894
743.604250	45.134602	128.072266	44.941055	125.222925	44.741128	122.291763	44.536543	119.280468	44.329183	116.190989	44.121069	113.025531	43.914341	109.786532	43.711214	106.476720	43.513970	103.099067	43.324903	99.656828	43.146288	96.153508	42.980348	92.592867	42.829209	88.978884	42.694856	85.315744	42.579117	81.607796	42.483598	77.859496	42.409690	74.075377	42.358513	70.259978	42.330920	66.417766	42.327478	62.553098	42.348453	58.670145
744.024290	45.094805	128.047824	44.900660	125.199905	44.700237	122.270177	44.495267	119.260310	44.287637	116.172240	44.079364	113.008164	43.872598	109.770501	43.669554	106.461972	43.472514	103.085538	43.283774	99.644448	43.105607	96.142197	42.940239	92.582545	42.789788	88.969467	42.656245	85.307153	42.541428	81.599949	42.446945	77.852322	42.374181	74.068802	42.324252	70.253935	42.298009	66.412203	42.296008	62.547966	42.318519	58.665400
744.444210	45.055261	128.023866	44.860526	125.177351	44.659617	122.249029	44.454268	119.240568	44.246368	116.153886	44.037943	112.991162	43.831142	109.754812	43.628181	106.447539	43.431344	103.072297	43.242928	99.632328	43.065207	96.131122	42.900403	92.572434	42.750637	88.960241	42.617894	85.298727	42.503991	81.592248	42.410536	77.845271	42.338906	74.062330	42.290216	70.247980	42.265310	66.406713	42.264743	62.542888	42.288774	58.660699
744.864010	45.015728	127.999916	44.820404	125.154803	44.619009	122.227888	44.413280	119.220832	44.205111	116.135537	43.996534	112.974164	43.789697	109.739128	43.586820	106.433110	43.390187	103.059059	43.202094	99.620212	43.024818	96.120050	42.860580	92.562326	42.711497	88.951017	42.579555	85.290304	42.466565	81.584548	42.374138	77.838222	42.303641	74.055860	42.256190	70.242026	42.232620	66.401223	42.233487	62.537812	42.259038	58.655999
745.283750	44.976381	127.976343	44.780473	125.132616	44.578598	122.207093	44.372493	119.201426	44.164060	116.117500	43.955333	112.957464	43.748461	109.723721	43.545667	106.418939	43.349237	103.046062	43.161467	99.608316	42.984633	96.109180	42.820956	92.552404	42.672553	88.941961	42.541407	85.282033	42.429327	81.576986	42.337919	77.831292	42.268549	74.049497	42.222328	70.236168	42.200089	66.395814	42.202379	62.532807	42.229443	58.651360
745.703370	44.937132	127.952956	44.740642	125.110606	44.538290	122.186469	44.331812	119.182182	44.123116	116.099617	43.914241	112.940909	43.707334	109.708450	43.504623	106.404894	43.308396	103.033182	43.120947	99.596529	42.944556	96.098410	42.781438	92.542572	42.633712	88.932987	42.503359	85.273837	42.392186	81.569492	42.301794	77.824422	42.233548	74.043187	42.188553	70.230357	42.167641	66.390445	42.171349	62.527838	42.199922	58.646752
746.122860	44.897969	127.929737	44.700903	125.088757	44.498075	122.166000	44.291227	119.163085	44.082269	116.081873	43.873246	112.924486	43.666305	109.693302	43.463678	106.390965	43.267654	103.020410	43.080526	99.584841	42.904575	96.087732	42.742014	92.532824	42.594964	88.924089	42.465402	85.265711	42.355134	81.562059	42.265753	77.817608	42.198628	74.036927	42.154856	70.224591	42.135266	66.385116	42.140390	62.522903	42.170468	58.642172
746.542240	44.858999	127.906911	44.661364	125.067288	44.458064	122.145893	44.250850	119.144332	44.041636	116.064457	43.832467	112.908373	43.625494	109.678443	43.422952	106.377310	43.227129	103.007891	43.040321	99.573390	42.864807	96.077269	42.702801	92.523273	42.556423	88.915370	42.427645	85.257747	42.318275	81.554770	42.229900	77.810927	42.163888	74.030784	42.121332	70.218928	42.103054	66.379878	42.109585	62.518046	42.141160	58.637661
746.961550	44.820036	127.884089	44.621831	125.045822	44.418059	122.125790	44.210481	119.125582	44.001009	116.047045	43.791695	112.892262	43.584690	109.663586	43.382232	106.363656	43.186611	102.995373	43.000123	99.561940	42.825046	96.066808	42.663595	92.513724	42.517889	88.906652	42.389895	85.249784	42.281421	81.547482	42.194052	77.804248	42.129154	74.024641	42.087814	70.213265	42.070847	66.374641	42.078786	62.513190	42.111856	58.633150
747.380740	44.781308	127.861697	44.582541	125.024766	44.378304	122.106077	44.170366	119.107207	43.960641	116.029980	43.751183	112.876473	43.544147	109.649030	43.341774	106.350276	43.146353	102.983108	42.960182	99.550717	42.785538	96.056554	42.624638	92.504357	42.479596	88.898097	42.352381	85.241960	42.244798	81.540316	42.158427	77.797668	42.094632	74.018585	42.054498	70.207671	42.038834	66.369458	42.048169	62.508378	42.082724	58.628669
747.799870	44.742608	127.839352	44.543279	125.003754	44.338579	122.086404	44.130281	119.088871	43.920304	116.012952	43.710701	112.860718	43.503635	109.634506	43.301347	106.336926	43.106126	102.970870	42.920272	99.539519	42.746061	96.046321	42.585710	92.495010	42.441332	88.889560	42.314896	85.234152	42.208201	81.533163	42.122829	77.791100	42.060135	74.012538	42.021206	70.202085	42.006845	66.364281	42.017573	62.503570	42.053612	58.624193
748.218810	44.704059	127.817292	44.504172	124.983017	44.299014	122.066995	44.090359	119.070782	43.880131	115.996160	43.670387	112.845187	43.463292	109.620191	43.261087	106.323772	43.066067	102.958813	42.880527	99.528488	42.706748	96.036242	42.546944	92.485804	42.403226	88.881149	42.277564	85.226460	42.171754	81.526114	42.087374	77.784625	42.025777	74.006573	41.988046	70.196571	41.974980	66.359168	41.987097	62.498817	42.024612	58.619765
748.637700	44.665636	127.795487	44.465195	124.962525	44.259583	122.047820	44.050574	119.052914	43.840096	115.979576	43.630213	112.829856	43.423091	109.606062	43.220970	106.310793	43.026148	102.946918	42.840922	99.517606	42.667573	96.026299	42.508314	92.476725	42.365255	88.872853	42.240363	85.218873	42.135431	81.519160	42.052041	77.778233	41.991537	74.000680	41.954996	70.191122	41.943221	66.354112	41.956722	62.494113	41.995707	58.615380
749.056520	44.627255	127.773755	44.426261	124.942103	44.220196	122.028712	44.010833	119.035110	43.800107	115.963054	43.590086	112.814583	43.382936	109.591988	43.180898	106.297865	42.986276	102.935070	42.801362	99.506768	42.628443	96.016397	42.469728	92.467682	42.327326	88.864590	42.203203	85.211316	42.099149	81.512233	42.016747	77.771866	41.957334	73.994809	41.921983	70.185692	41.911496	66.349073	41.926379	62.489423	41.966833	58.611008
749.475160	44.589116	127.752479	44.387578	124.922122	44.181063	122.010028	43.971352	119.017707	43.760383	115.946915	43.550227	112.799668	43.343048	109.578253	43.141097	106.285249	42.946670	102.923514	42.762070	99.496202	42.589575	96.006749	42.431399	92.458870	42.289649	88.856538	42.166289	85.203948	42.063107	81.505474	41.981682	77.765650	41.923350	73.989076	41.889182	70.180380	41.879975	66.344138	41.896227	62.484823	41.938140	58.606714
749.893740	44.550982	127.731207	44.348900	124.902144	44.141937	121.991346	43.931877	119.000305	43.720666	115.930778	43.510373	112.784754	43.303165	109.564521	43.101301	106.272634	42.907071	102.911960	42.722784	99.485638	42.550713	95.997101	42.393076	92.450060	42.251976	88.848487	42.129380	85.196580	42.027069	81.498717	41.946621	77.759436	41.889371	73.983343	41.856386	70.175069	41.848459	66.339204	41.866078	62.480224	41.909451	58.602420
750.312190	44.513048	127.710304	44.310426	124.882517	44.103020	121.972998	43.892617	118.983226	43.681165	115.914942	43.470738	112.770126	43.263505	109.551053	43.061725	106.260269	42.867692	102.900636	42.683715	99.475284	42.512066	95.987642	42.354964	92.441421	42.214511	88.840591	42.092670	85.189353	41.991226	81.492086	41.911750	77.753332	41.855573	73.977706	41.823763	70.169844	41.817104	66.334343	41.836086	62.475688	41.880907	58.598176
750.730590	44.475181	127.689526	44.272023	124.863010	44.064175	121.954765	43.853430	118.966257	43.641739	115.899207	43.431177	112.755595	43.223921	109.537674	43.022226	106.247989	42.828389	102.889390	42.644719	99.465002	42.473492	95.978247	42.316925	92.432840	42.177117	88.832748	42.056029	85.182174	41.955448	81.485497	41.876942	77.747267	41.821837	73.972100	41.791198	70.164647	41.785805	66.329507	41.806147	62.471173	41.852412	58.593950
751.148800	44.437418	127.668925	44.233728	124.843673	44.025440	121.936694	43.814355	118.949440	43.602426	115.883618	43.391731	112.741200	43.184452	109.524422	42.982841	106.235827	42.789200	102.878253	42.605837	99.454820	42.435030	95.968944	42.278995	92.424343	42.139829	88.824980	42.019493	85.175060	41.919772	81.478967	41.842232	77.741253	41.788194	73.966541	41.758723	70.159488	41.754592	66.324704	41.776288	62.466686	41.823994	58.589747
751.566960	44.399819	127.648628	44.195600	124.824630	43.986879	121.918904	43.775456	118.932889	43.563292	115.868279	43.352465	112.727038	43.145161	109.511390	42.943635	106.223870	42.750189	102.867304	42.567132	99.444808	42.396743	95.959801	42.241236	92.415991	42.102708	88.817342	41.983121	85.168061	41.884255	81.472539	41.807674	77.735325	41.754698	73.961059	41.726388	70.154393	41.723512	66.319957	41.746555	62.462244	41.795694	58.585586
751.985050	44.362226	127.628335	44.157479	124.805590	43.948324	121.901118	43.736563	118.916341	43.524165	115.852942	43.313206	112.712878	43.105878	109.498360	42.904436	106.211914	42.711184	102.856356	42.528434	99.434799	42.358463	95.950660	42.203483	92.407640	42.065593	88.809706	41.946754	85.161062	41.848743	81.466111	41.773121	77.729399	41.721207	73.955579	41.694058	70.149299	41.692437	66.315211	41.716826	62.457804	41.767400	58.581425
752.402950	44.324887	127.608499	44.119618	124.786989	43.910032	121.883746	43.697941	118.900187	43.485311	115.837982	43.274224	112.699069	43.066872	109.485658	42.865514	106.200263	42.672455	102.845691	42.490008	99.425049	42.320452	95.941753	42.165994	92.399502	42.028737	88.802261	41.910640	85.154236	41.813473	81.459837	41.738803	77.723610	41.687941	73.950212	41.661943	70.144309	41.661567	66.310549	41.687292	62.453437	41.739287	58.577323
752.820800	44.287561	127.588683	44.081771	124.768406	43.871755	121.866391	43.659333	118.884050	43.446470	115.823037	43.235256	112.685275	43.027880	109.472970	42.826607	106.188624	42.633741	102.835036	42.451596	99.415310	42.282455	95.932855	42.128518	92.391372	41.991894	88.794824	41.874538	85.147417	41.778216	81.453570	41.704497	77.717827	41.654688	73.944850	41.629838	70.139322	41.630708	66.305892	41.657769	62.449073	41.711183	58.573223
753.238530	44.250385	127.569137	44.044079	124.750082	43.833637	121.849285	43.620887	118.868148	43.407793	115.808315	43.196452	112.671690	42.989053	109.460477	42.787865	106.177166	42.595192	102.824549	42.413348	99.405726	42.244617	95.924100	42.091200	92.383373	41.955204	88.787503	41.838584	85.140704	41.743105	81.447395	41.670331	77.712126	41.621568	73.939563	41.597862	70.134400	41.599971	66.301288	41.628359	62.444755	41.683188	58.569163
753.656190	44.213319	127.549792	44.006501	124.731951	43.795636	121.832364	43.582560	118.852423	43.369237	115.793758	43.157770	112.658262	42.950349	109.448129	42.749244	106.165845	42.556764	102.814186	42.375220	99.396259	42.206897	95.915452	42.053999	92.375470	41.918628	88.780269	41.802741	85.134070	41.708101	81.441290	41.636267	77.706486	41.588546	73.934330	41.565979	70.129524	41.569323	66.296725	41.599034	62.440472	41.655273	58.565131
754.073730	44.176309	127.530537	43.968979	124.713907	43.757693	121.815528	43.544292	118.836777	43.330740	115.779277	43.119147	112.644906	42.911704	109.435849	42.710684	106.154586	42.518396	102.803883	42.337151	99.386846	42.169235	95.906854	42.016855	92.367613	41.882108	88.773079	41.766952	85.127474	41.673151	81.435219	41.602255	77.700877	41.555574	73.929126	41.534144	70.124674	41.538720	66.292184	41.569752	62.436209	41.627398	58.561117
754.491150	44.139517	127.511684	43.931680	124.696248	43.719979	121.799063	43.506255	118.821488	43.292481	115.765131	43.080762	112.631868	42.873299	109.423872	42.672363	106.143608	42.480264	102.793845	42.299318	99.377674	42.131808	95.898482	41.979939	92.359961	41.845813	88.766078	41.731381	85.121051	41.638409	81.429302	41.568447	77.695405	41.522797	73.924046	41.502496	70.119935	41.508294	66.287742	41.540639	62.432031	41.599682	58.557178
754.908450	44.102735	127.492836	43.894392	124.678594	43.682276	121.782603	43.468230	118.806202	43.254233	115.750990	43.042389	112.618834	42.834904	109.411898	42.634053	106.132634	42.442144	102.783811	42.261495	99.368505	42.094391	95.890111	41.943034	92.352310	41.809527	88.759080	41.695821	85.114629	41.603678	81.423387	41.534648	77.689936	41.490030	73.918968	41.470858	70.115198	41.477876	66.283300	41.511535	62.427853	41.571974	58.553240
755.325680	44.066146	127.474332	43.857301	124.661271	43.644775	121.766454	43.430410	118.791210	43.216191	115.737126	43.004225	112.606060	42.796720	109.400167	42.595952	106.121885	42.404232	102.773983	42.223878	99.359528	42.057175	95.881914	41.906326	92.344820	41.773435	88.752220	41.660448	85.108333	41.569128	81.417584	41.501024	77.684567	41.457431	73.913973	41.439380	70.110531	41.447612	66.278919	41.482574	62.423727	41.544402	58.549343
755.742800	44.029618	127.455928	43.820274	124.644045	43.607338	121.750396	43.392656	118.776304	43.178216	115.723343	42.966129	112.593362	42.758603	109.388507	42.557918	106.111201	42.366387	102.764216	42.186328	99.350608	42.020024	95.873767	41.869683	92.337377	41.737404	88.745401	41.625137	85.102073	41.534638	81.411815	41.467456	77.679227	41.424886	73.909002	41.407954	70.105885	41.417397	66.274556	41.453658	62.419615	41.516875	58.545459
756.159790	43.993194	127.437699	43.783353	124.626985	43.570010	121.734497	43.355012	118.761550	43.140351	115.709704	42.928144	112.580800	42.720598	109.376972	42.519996	106.100637	42.328653	102.754559	42.148887	99.341788	41.982981	95.865713	41.833145	92.330016	41.701477	88.738659	41.589925	85.095881	41.500246	81.406105	41.433983	77.673940	41.392432	73.904079	41.376614	70.101280	41.387264	66.270230	41.424822	62.415534	41.489420	58.541600
756.576720	43.956922	127.419746	43.746588	124.610186	43.532841	121.718850	43.317529	118.747036	43.102651	115.696293	42.890324	112.568452	42.682759	109.365635	42.482240	106.090261	42.291083	102.745073	42.111608	99.333127	41.946100	95.857805	41.796765	92.322786	41.665704	88.732039	41.554864	85.089796	41.465998	81.400491	41.400650	77.668735	41.360111	73.899231	41.345401	70.096741	41.357254	66.265961	41.396101	62.411501	41.462074	58.537782
756.993470	43.920665	127.401801	43.709839	124.593395	43.495688	121.703210	43.280063	118.732527	43.064967	115.682888	42.852521	112.556109	42.644937	109.354304	42.444500	106.079890	42.253529	102.735592	42.074345	99.324469	41.909235	95.849901	41.760400	92.315558	41.629947	88.725423	41.519817	85.083713	41.431765	81.394879	41.367332	77.663534	41.327803	73.894386	41.314202	70.092204	41.327256	66.261694	41.367393	62.407469	41.434739	58.533965
757.410220	43.884645	127.384300	43.673333	124.577033	43.458784	121.687980	43.242850	118.718410	43.027540	115.669856	42.814976	112.544120	42.607373	109.343306	42.407019	106.069825	42.216232	102.726398	42.037337	99.316080	41.872618	95.842241	41.724281	92.308559	41.594429	88.719009	41.485002	85.077819	41.397756	81.389439	41.334230	77.658485	41.295704	73.889678	41.283203	70.087785	41.297446	66.257530	41.338863	62.403530	41.407572	58.530227
757.826780	43.848645	127.366814	43.636849	124.560684	43.421900	121.672763	43.205659	118.704306	42.990134	115.656835	42.777452	112.532142	42.569830	109.332320	42.369558	106.059769	42.178957	102.717213	42.000350	99.307699	41.836023	95.834588	41.688183	92.301567	41.558931	88.712602	41.450207	85.071930	41.363766	81.384004	41.301145	77.653441	41.263623	73.884974	41.252221	70.083371	41.267653	66.253370	41.310349	62.399594	41.380420	58.526493
758.243290	43.812789	127.349579	43.600511	124.544577	43.385167	121.657776	43.168620	118.690420	42.952882	115.644020	42.740083	112.520356	42.532443	109.321513	42.332253	106.049884	42.141835	102.708188	41.963516	99.299462	41.799577	95.827070	41.652232	92.294695	41.523577	88.706305	41.415552	85.066140	41.329912	81.378655	41.268192	77.648474	41.231667	73.880336	41.221358	70.079016	41.237974	66.249260	41.281943	62.395702	41.353369	58.522796
758.659670	43.777043	127.332526	43.564287	124.528646	43.348549	121.642957	43.131699	118.676694	42.915750	115.631354	42.702833	112.508710	42.495175	109.310836	42.295066	106.040122	42.104830	102.699277	41.926798	99.291330	41.763246	95.819649	41.616394	92.287910	41.488333	88.700088	41.381005	85.060422	41.296163	81.373369	41.235338	77.643563	41.199807	73.875746	41.190587	70.074705	41.208383	66.245188	41.253619	62.391842	41.326398	58.519128
759.075930	43.741351	127.315556	43.528118	124.512795	43.311987	121.628213	43.094834	118.663039	42.878674	115.618757	42.665640	112.497128	42.457965	109.300220	42.257937	106.030417	42.067884	102.690418	41.890136	99.283246	41.726971	95.812272	41.580610	92.281166	41.453142	88.693909	41.346510	85.054737	41.262464	81.368114	41.202533	77.638679	41.167995	73.871180	41.159861	70.070416	41.178834	66.241134	41.225336	62.387998	41.299464	58.515472
759.492130	43.705858	127.298936	43.492152	124.497280	43.275634	121.613794	43.058181	118.649693	42.841813	115.606449	42.628665	112.485821	42.420973	109.289865	42.221023	106.020954	42.031153	102.681781	41.853686	99.275371	41.690905	95.805086	41.545030	92.274599	41.418152	88.687888	41.312208	85.049196	41.228951	81.362989	41.169909	77.633910	41.136356	73.866719	41.129299	70.066215	41.149443	66.237158	41.197201	62.384221	41.272668	58.511873
759.908140	43.670382	127.282324	43.456203	124.481772	43.239298	121.599381	43.021544	118.636354	42.804969	115.594147	42.591707	112.474519	42.383997	109.279514	42.184127	106.011496	41.994439	102.673148	41.817253	99.267500	41.654856	95.797904	41.509467	92.268035	41.383177	88.681871	41.277922	85.043658	41.195454	81.357866	41.137300	77.629143	41.104731	73.862260	41.098752	70.062016	41.120066	66.233184	41.169078	62.380446	41.245885	58.508275
760.324160	43.635087	127.266040	43.420441	124.466578	43.203151	121.585268	42.985099	118.623298	42.768318	115.582120	42.554944	112.463473	42.347215	109.269404	42.147426	106.002260	41.957917	102.664723	41.781010	99.259819	41.618995	95.790897	41.474089	92.261633	41.348382	88.675999	41.243811	85.038250	41.162126	81.352862	41.104854	77.624484	41.073263	73.857894	41.068354	70.057899	41.090830	66.229283	41.141090	62.376732	41.219229	58.504731
760.739990	43.599861	127.249857	43.384749	124.451480	43.167074	121.571245	42.948726	118.610328	42.731738	115.570175	42.518254	112.452506	42.310506	109.259366	42.110797	105.993091	41.921466	102.656360	41.744838	99.252196	41.583204	95.783942	41.438780	92.255278	41.313654	88.670171	41.209765	85.032882	41.128862	81.347894	41.072469	77.619858	41.041853	73.853557	41.038011	70.053806	41.061647	66.225403	41.113153	62.373038	41.192621	58.501203
761.155760	43.564725	127.233819	43.349149	124.436520	43.131092	121.557355	42.912449	118.597485	42.695256	115.558347	42.481660	112.441649	42.273894	109.249431	42.074265	105.984018	41.885112	102.648086	41.708762	99.244653	41.547507	95.777062	41.403562	92.248989	41.279014	88.664402	41.175805	85.027568	41.095681	81.342972	41.040164	77.615271	41.010520	73.849253	41.007743	70.049743	41.032534	66.221547	41.085282	62.369363	41.166075	58.497691
761.571410	43.529741	127.218023	43.313705	124.421794	43.095269	121.543687	42.876335	118.584850	42.658938	115.546715	42.445230	112.430978	42.237446	109.239667	42.037897	105.975104	41.848921	102.639962	41.672848	99.237245	41.511968	95.770304	41.368497	92.242808	41.244525	88.658732	41.141991	85.022342	41.062641	81.338127	41.007994	77.610750	40.979318	73.845003	40.977600	70.045728	41.003538	66.217733	41.057523	62.365721	41.139636	58.494206
761.986940	43.494767	127.202232	43.278271	124.407072	43.059457	121.530023	42.840231	118.572220	42.622631	115.535086	42.408810	112.420310	42.201008	109.229906	42.001540	105.966192	41.812741	102.631839	41.636943	99.229840	41.476440	95.763548	41.333442	92.236629	41.210045	88.653063	41.108186	85.017117	41.029610	81.333282	40.975834	77.606229	40.948124	73.840756	40.947465	70.041714	40.974551	66.213919	41.029772	62.362079	41.113204	58.490722
762.402400	43.460031	127.186883	43.243078	124.392778	43.023891	121.516768	42.804377	118.559985	42.586576	115.523835	42.372645	112.410000	42.164828	109.220484	41.965436	105.957601	41.776812	102.624016	41.601287	99.222718	41.441156	95.757055	41.298629	92.230697	41.175803	88.647623	41.074612	85.012102	40.996803	81.328629	40.943889	77.601884	40.917137	73.836671	40.917527	70.037848	40.945752	66.210237	41.002198	62.358557	41.086938	58.487343
762.817750	43.425311	127.171552	43.207902	124.378502	42.988342	121.503528	42.768540	118.547766	42.550538	115.512598	42.336498	112.399705	42.128665	109.211075	41.929351	105.949023	41.740901	102.616205	41.565649	99.215606	41.405889	95.750571	41.263834	92.224775	41.141578	88.642192	41.041054	85.007095	40.964011	81.323983	40.911959	77.597546	40.886164	73.832593	40.887604	70.033989	40.916966	66.206561	40.974637	62.355040	41.060684	58.483968
763.232970	43.390726	127.156429	43.172866	124.364423	42.952935	121.490479	42.732847	118.535723	42.514645	115.501529	42.300495	112.389563	42.092646	109.201812	41.893410	105.940579	41.705132	102.608517	41.530152	99.208608	41.370761	95.744191	41.229173	92.218943	41.107484	88.636841	41.007624	85.002159	40.931344	81.319400	40.880149	77.593262	40.855305	73.828560	40.857789	70.030166	40.888284	66.202915	40.947174	62.351547	41.034523	58.480613
763.648130	43.356244	127.141466	43.137935	124.350496	42.917636	121.477578	42.697262	118.523816	42.478861	115.490588	42.264602	112.379542	42.056737	109.192662	41.857578	105.932239	41.669472	102.600925	41.494762	99.201697	41.335737	95.737891	41.194615	92.213181	41.073490	88.631551	40.974292	84.997278	40.898770	81.314864	40.848429	77.589021	40.824532	73.824563	40.828056	70.026371	40.859681	66.199291	40.919785	62.348072	41.008431	58.477273
764.063170	43.321807	127.126569	43.103051	124.336633	42.882383	121.464738	42.661725	118.511968	42.443125	115.479703	42.228756	112.369573	42.020875	109.183560	41.821794	105.923946	41.633859	102.593375	41.459418	99.194825	41.300760	95.731628	41.160102	92.207454	41.039540	88.626293	40.941002	84.992425	40.866238	81.310354	40.816750	77.584802	40.793798	73.820586	40.798360	70.022595	40.831113	66.195684	40.892430	62.344612	40.982371	58.473945
764.478090	43.287573	127.112024	43.068373	124.323106	42.847342	121.452218	42.626402	118.500430	42.407607	115.469107	42.193131	112.359883	41.985231	109.174718	41.786226	105.915899	41.598463	102.586053	41.424287	99.188165	41.265992	95.725559	41.125795	92.201907	41.005790	88.621202	40.907908	84.987725	40.833893	81.305983	40.785252	77.580706	40.763239	73.816718	40.768832	70.018917	40.802703	66.192164	40.865223	62.341230	40.956451	58.470683
764.892880	43.253349	127.097482	43.033707	124.309583	42.812312	121.439702	42.591089	118.488895	42.372100	115.458515	42.157516	112.350196	41.949597	109.165880	41.750669	105.907854	41.563078	102.578733	41.389166	99.181506	41.231236	95.719493	41.091499	92.196363	40.972050	88.616113	40.874824	84.983026	40.801559	81.301613	40.753764	77.576611	40.732689	73.812851	40.739312	70.015240	40.774303	66.188646	40.838025	62.337848	40.930539	58.467421
765.307620	43.219302	127.083238	42.999220	124.296349	42.777464	121.427460	42.555962	118.477624	42.336779	115.448176	42.122088	112.340745	41.914154	109.157265	41.715300	105.900017	41.527878	102.571609	41.354230	99.175030	41.196659	95.713593	41.057379	92.190974	40.938483	88.611166	40.841907	84.978456	40.769388	81.297360	40.722431	77.572623	40.702289	73.809080	40.709935	70.011647	40.746037	66.185202	40.810957	62.334532	40.904749	58.464219
765.722230	43.185326	127.069102	42.964806	124.283219	42.742689	121.415317	42.520909	118.466448	42.301533	115.437927	42.086734	112.331379	41.878786	109.148731	41.680006	105.892255	41.492752	102.564556	41.319369	99.168618	41.162155	95.707754	41.023330	92.185641	40.904984	88.606269	40.809056	84.973932	40.737281	81.293150	40.691161	77.568672	40.671949	73.805344	40.680616	70.008085	40.717825	66.181786	40.783941	62.331239	40.879008	58.461039
766.136720	43.151433	127.055093	42.930477	124.270209	42.708001	121.403289	42.485944	118.455381	42.266375	115.427781	42.051470	112.322110	41.843506	109.140287	41.644801	105.884577	41.457714	102.557581	41.284593	99.162279	41.127736	95.701982	40.989365	92.180369	40.871568	88.601428	40.776285	84.969457	40.705250	81.288983	40.659965	77.564761	40.641681	73.801643	40.651364	70.004554	40.689678	66.178397	40.756986	62.327969	40.853324	58.457876
766.551150	43.117697	127.041336	42.896307	124.257438	42.673475	121.391493	42.451143	118.444530	42.231381	115.417841	42.016372	112.313035	41.808389	109.132025	41.609760	105.877068	41.422839	102.550764	41.249977	99.156085	41.093476	95.696345	40.955553	92.175218	40.838302	88.596694	40.743659	84.965081	40.673360	81.284905	40.628904	77.560929	40.611543	73.798010	40.622237	70.001082	40.661650	66.175061	40.730142	62.324744	40.827745	58.454750
766.965450	43.083971	127.027583	42.862148	124.244672	42.638960	121.379699	42.416353	118.433682	42.196398	115.407903	41.981285	112.303964	41.773283	109.123766	41.574729	105.869561	41.387974	102.543949	41.215372	99.149892	41.059226	95.690709	40.921753	92.170069	40.805046	88.591963	40.711044	84.960707	40.641480	81.280827	40.597853	77.557097	40.581415	73.794378	40.593119	69.997611	40.633631	66.171726	40.703307	62.321520	40.802173	58.451624
767.379640	43.050452	127.014152	42.828200	124.232218	42.604661	121.368202	42.381781	118.423115	42.161636	115.398228	41.946419	112.295138	41.738399	109.115738	41.539917	105.862270	41.353326	102.537333	41.180982	99.143885	41.025186	95.685237	40.888158	92.165069	40.771992	88.587368	40.678624	84.956452	40.609788	81.276858	40.566985	77.553357	40.551460	73.790825	40.564167	69.994211	40.605769	66.168444	40.676619	62.318341	40.776742	58.448537
767.793700	43.016961	127.000755	42.794281	124.219797	42.570392	121.356734	42.347239	118.412577	42.126905	115.388581	41.911583	112.286337	41.703545	109.107733	41.505134	105.855001	41.318708	102.530737	41.146621	99.137895	40.991174	95.679781	40.854592	92.160084	40.738966	88.582787	40.646232	84.952210	40.578124	81.272899	40.536142	77.549627	40.521528	73.787281	40.535238	69.990818	40.577930	66.165168	40.649952	62.315168	40.751331	58.445455
768.207700	42.983589	126.987551	42.760484	124.207559	42.536244	121.345446	42.312821	118.402208	42.092298	115.379096	41.876871	112.277691	41.668817	109.099874	41.470477	105.847869	41.284214	102.524269	41.112382	99.132022	40.957283	95.674437	40.821143	92.155199	40.706054	88.578299	40.613950	84.948052	40.546567	81.269018	40.505402	77.545966	40.491696	73.783799	40.506403	69.987480	40.550181	66.161944	40.623371	62.312040	40.726000	58.442412
768.621580	42.950339	126.974541	42.726810	124.195506	42.502222	121.334338	42.278530	118.392008	42.057819	115.369775	41.842289	112.269200	41.634219	109.092159	41.435950	105.840875	41.249848	102.517928	41.078268	99.126265	40.923516	95.669205	40.787815	92.150416	40.673260	88.573904	40.581783	84.943978	40.515121	81.265213	40.474768	77.542376	40.461966	73.780379	40.477667	69.984196	40.522525	66.158770	40.596880	62.308956	40.700754	58.439408
769.035400	42.917112	126.961567	42.693161	124.183488	42.468225	121.323262	42.244264	118.381841	42.023366	115.360484	41.807731	112.260737	41.599646	109.084472	41.401448	105.833906	41.215507	102.511612	41.044179	99.120532	40.889774	95.663993	40.754511	92.145652	40.640490	88.569526	40.549639	84.939922	40.483698	81.261423	40.444155	77.538799	40.432257	73.776972	40.448951	69.980924	40.494887	66.155607	40.570407	62.305882	40.675524	58.436412
769.449040	42.884105	126.948960	42.659736	124.171828	42.434456	121.312526	42.210230	118.372001	41.989146	115.351505	41.773407	112.252570	41.565304	109.077065	41.367177	105.827197	41.181395	102.505543	41.010317	99.115034	40.856253	95.658998	40.721426	92.141091	40.607931	88.565332	40.517702	84.936037	40.452474	81.257787	40.413737	77.535366	40.402735	73.773696	40.420413	69.977771	40.467419	66.152549	40.544092	62.302901	40.650442	58.433501
769.862610	42.851104	126.936355	42.626317	124.160169	42.400693	121.301791	42.176202	118.362162	41.954931	115.342528	41.739089	112.244405	41.530969	109.069660	41.332912	105.820488	41.147290	102.499475	40.976461	99.109538	40.822738	95.654003	40.688346	92.136532	40.575378	88.561139	40.485771	84.932152	40.421256	81.254153	40.383325	77.531932	40.373217	73.770421	40.391880	69.974619	40.439956	66.149492	40.517781	62.299921	40.625366	58.430590
770.276060	42.818252	126.923959	42.593050	124.148707	42.367084	121.291243	42.142328	118.352502	41.920872	115.333714	41.704928	112.236393	41.496789	109.062396	41.298802	105.813913	41.113336	102.493525	40.942756	99.104148	40.789372	95.649103	40.655412	92.132056	40.542967	88.557023	40.453977	84.928335	40.390170	81.250576	40.353039	77.528547	40.343820	73.767185	40.363461	69.971495	40.412602	66.146458	40.491576	62.296959	40.600388	58.427691
770.689450	42.785473	126.911668	42.559858	124.137344	42.333552	121.280788	42.108531	118.342930	41.886890	115.324981	41.670845	112.228457	41.462687	109.055202	41.264768	105.807403	41.079458	102.487634	40.909126	99.098812	40.756081	95.644248	40.622549	92.127621	40.510627	88.552945	40.422251	84.924550	40.359149	81.247027	40.322815	77.525185	40.314484	73.763968	40.335099	69.968385	40.385303	66.143437	40.465422	62.294005	40.575459	58.424797
771.102720	42.752759	126.899477	42.526732	124.126076	42.300086	121.270425	42.074801	118.333445	41.852977	115.316332	41.636830	112.220602	41.428654	109.048083	41.230802	105.800965	41.045648	102.481810	40.875562	99.093538	40.722854	95.639455	40.589751	92.123242	40.478349	88.548917	40.390586	84.920812	40.328188	81.243522	40.292648	77.521862	40.285203	73.760786	40.306790	69.965309	40.358054	66.140444	40.439314	62.291078	40.550575	58.421927
771.515870	42.720222	126.887577	42.493785	124.115091	42.266803	121.260335	42.041256	118.324219	41.819249	115.307935	41.603000	112.212983	41.394807	109.041190	41.197021	105.794740	41.012023	102.476186	40.842180	99.088451	40.689804	95.634840	40.557127	92.119028	40.446242	88.545040	40.359084	84.917212	40.297386	81.240143	40.262636	77.518656	40.256069	73.757710	40.278623	69.962334	40.330938	66.137538	40.413334	62.288228	40.525809	58.419126
771.928890	42.687695	126.875682	42.460848	124.104110	42.233531	121.250249	42.007723	118.314996	41.785533	115.299541	41.569181	112.205367	41.360971	109.034298	41.163250	105.788516	40.978409	102.470565	40.808808	99.083365	40.656765	95.630227	40.524513	92.114815	40.414145	88.541164	40.327592	84.913614	40.266594	81.236765	40.232633	77.515452	40.226945	73.754634	40.250465	69.959359	40.303831	66.134632	40.387361	62.285379	40.501051	58.416326
772.341860	42.655349	126.864075	42.428096	124.093409	42.200446	121.240429	41.974379	118.306029	41.752008	115.291388	41.535555	112.197981	41.327325	109.027624	41.129671	105.782497	40.944983	102.465134	40.775622	99.078457	40.623910	95.625774	40.492077	92.110754	40.382220	88.537427	40.296270	84.910138	40.235964	81.233499	40.202787	77.512347	40.197970	73.751650	40.222450	69.956460	40.276860	66.131798	40.361516	62.282593	40.476414	58.413580
772.754700	42.623050	126.852532	42.395393	124.082769	42.167410	121.230669	41.941085	118.297119	41.718533	115.283287	41.501979	112.190646	41.293728	109.020997	41.096141	105.776522	40.911605	102.459745	40.742484	99.073587	40.591103	95.621355	40.459687	92.106726	40.350340	88.533720	40.264992	84.906689	40.205376	81.230259	40.172982	77.509263	40.169033	73.748686	40.194472	69.953578	40.249925	66.128979	40.335706	62.279820	40.451810	58.410846
773.167420	42.590844	126.841119	42.362784	124.072252	42.134470	121.221027	41.907888	118.288320	41.685155	115.275291	41.468500	112.183408	41.260230	109.014462	41.062708	105.770631	40.878323	102.454433	40.709440	99.068790	40.558387	95.617002	40.427388	92.102755	40.318549	88.530065	40.233799	84.903289	40.174872	81.227059	40.143257	77.506216	40.140174	73.745753	40.166568	69.950724	40.223060	66.126182	40.309962	62.277065	40.427268	58.408127
773.580080	42.558766	126.829895	42.330306	124.061913	42.101661	121.211557	41.874822	118.279685	41.651910	115.267449	41.435154	112.176311	41.226865	109.008062	41.029408	105.764860	40.845171	102.449232	40.676526	99.064096	40.525797	95.612745	40.395213	92.098866	40.286878	88.526485	40.202723	84.899958	40.144481	81.223920	40.113639	77.503222	40.111421	73.742863	40.138764	69.947909	40.196289	66.123418	40.284308	62.274335	40.402808	58.405427
773.992610	42.526697	126.818675	42.297838	124.051577	42.068863	121.202090	41.841767	118.271052	41.618675	115.259608	41.401819	112.169217	41.193511	109.001664	40.996118	105.759090	40.812030	102.444032	40.643621	99.059403	40.493218	95.608490	40.363049	92.094980	40.255217	88.522906	40.171658	84.896628	40.114100	81.220782	40.084030	77.500229	40.082676	73.739974	40.110968	69.945095	40.169527	66.120655	40.258661	62.271606	40.378356	58.402727
774.405030	42.494849	126.807807	42.265593	124.041584	42.036291	121.192946	41.808940	118.262730	41.585671	115.252067	41.368714	112.162406	41.160385	108.995529	40.963055	105.753576	40.779115	102.439072	40.610941	99.054931	40.460858	95.604440	40.331099	92.091285	40.223766	88.519502	40.140794	84.893456	40.083914	81.217790	40.054612	77.497369	40.054110	73.737209	40.083343	69.942391	40.142927	66.117988	40.233169	62.268964	40.354050	58.400105
774.817320	42.463015	126.796948	42.233363	124.031600	42.003733	121.183811	41.776128	118.254416	41.552681	115.244534	41.335623	112.155603	41.127273	108.989402	40.930006	105.748068	40.746214	102.434118	40.578275	99.050464	40.428513	95.600394	40.299162	92.087595	40.192328	88.516102	40.109944	84.890289	40.053740	81.214802	40.025206	77.494513	40.025557	73.734447	40.055730	69.939689	40.116338	66.115323	40.207687	62.266325	40.329754	58.397485
775.229550	42.431302	126.786270	42.201256	124.021789	41.971301	121.174843	41.743443	118.246259	41.519817	115.237149	41.302660	112.148940	41.094289	108.983408	40.897084	105.742684	40.713438	102.429279	40.545731	99.046103	40.396288	95.596446	40.267343	92.083995	40.161005	88.512784	40.079206	84.887197	40.023675	81.211881	39.995903	77.491717	39.997103	73.731736	40.028212	69.937033	40.089840	66.112698	40.182291	62.263721	40.305538	58.394895
775.641660	42.399691	126.775737	42.169253	124.012118	41.938975	121.166007	41.710864	118.238229	41.487059	115.229882	41.269803	112.142391	41.061412	108.977522	40.864269	105.737399	40.680767	102.424531	40.513290	99.041827	40.364164	95.592576	40.235623	92.080467	40.129779	88.509533	40.048561	84.884166	39.993700	81.209013	39.966685	77.488969	39.968733	73.729067	40.000775	69.934414	40.063418	66.110104	40.156968	62.261144	40.281389	58.392330
776.053650	42.368116	126.765252	42.137287	124.002492	41.906686	121.157216	41.678324	118.230241	41.454340	115.222656	41.236985	112.135879	41.028574	108.971671	40.831491	105.732147	40.648134	102.419815	40.480885	99.037581	40.332076	95.588734	40.203939	92.076965	40.098588	88.506305	40.017951	84.881157	39.963758	81.206166	39.937500	77.486239	39.940394	73.726414	39.973366	69.931810	40.037024	66.107524	40.131671	62.258580	40.257265	58.389775
776.465580	42.336729	126.755067	42.105511	123.993155	41.874590	121.148702	41.645979	118.222520	41.421819	115.215682	41.204363	112.129609	40.995932	108.966046	40.798909	105.727109	40.615694	102.415302	40.448672	99.033527	40.300176	95.585069	40.172438	92.073624	40.067573	88.503229	39.987511	84.878284	39.933983	81.203448	39.908477	77.483624	39.912210	73.723865	39.946104	69.929295	40.010769	66.105029	40.106504	62.256089	40.233267	58.387284
776.877380	42.305352	126.744884	42.073744	123.983820	41.842505	121.140191	41.613643	118.214801	41.389308	115.208711	41.171752	112.123341	40.963300	108.960422	40.766337	105.722073	40.583264	102.410790	40.416468	99.029474	40.268285	95.581406	40.140946	92.070284	40.036568	88.500153	39.957082	84.875412	39.904218	81.200730	39.879462	77.481010	39.884035	73.721317	39.918851	69.926781	39.984522	66.102534	40.081345	62.253598	40.209277	58.384793
777.289060	42.274129	126.734927	42.042135	123.974700	41.810577	121.131888	41.581467	118.207277	41.356957	115.201929	41.139302	112.117250	40.930828	108.954966	40.733924	105.717192	40.550992	102.406423	40.384420	99.025552	40.236546	95.577867	40.109604	92.067058	40.005708	88.497181	39.926793	84.872634	39.874588	81.198095	39.850579	77.478470	39.855983	73.718836	39.891717	69.924330	39.958390	66.100093	40.056294	62.251154	40.185387	58.382343
777.700680	42.242971	126.725067	42.010595	123.965672	41.778716	121.123673	41.549360	118.199837	41.324675	115.195227	41.106921	112.111232	40.898425	108.949580	40.701579	105.712379	40.518787	102.402118	40.352438	99.021686	40.204872	95.574381	40.078325	92.063880	39.974910	88.494254	39.896565	84.869896	39.845017	81.195495	39.821752	77.475961	39.827985	73.716383	39.864634	69.921906	39.932306	66.097675	40.031289	62.248728	40.161540	58.379909
778.112180	42.211878	126.715292	41.979119	123.956726	41.746921	121.115535	41.517319	118.192472	41.292460	115.188594	41.074606	112.105282	40.866089	108.944257	40.669300	105.707623	40.486648	102.397867	40.320521	99.017872	40.173261	95.570940	40.047109	92.060745	39.944173	88.491365	39.866396	84.867193	39.815502	81.192926	39.792979	77.473480	39.800039	73.713956	39.837601	69.919503	39.906269	66.095275	40.006330	62.246318	40.137735	58.377489
778.523560	42.180941	126.705741	41.947801	123.947998	41.715289	121.107601	41.485441	118.185304	41.260408	115.182145	41.042453	112.099507	40.833914	108.939100	40.637182	105.703022	40.454665	102.393758	40.288760	99.014193	40.141804	95.567620	40.016043	92.057722	39.913583	88.488575	39.836369	84.864581	39.786125	81.190440	39.764338	77.471076	39.772220	73.711592	39.810690	69.917155	39.880348	66.092921	39.981479	62.243950	40.114031	58.375103
778.934810	42.150013	126.696193	41.916493	123.939272	41.683667	121.099669	41.453573	118.178138	41.228365	115.175697	41.010310	112.093734	40.801749	108.933945	40.605073	105.698422	40.422693	102.389651	40.257009	99.010516	40.110358	95.564300	39.984987	92.054701	39.883003	88.485786	39.806352	84.861971	39.756757	81.187955	39.735706	77.468673	39.744410	73.709230	39.783787	69.914808	39.854435	66.090568	39.956636	62.241582	40.090334	58.372719
779.346010	42.119260	126.686905	41.885361	123.930796	41.652222	121.091979	41.421883	118.171197	41.196503	115.169469	40.978349	112.088165	40.769764	108.928981	40.573142	105.694002	40.390899	102.385713	40.225432	99.006992	40.079081	95.561126	39.954096	92.051812	39.852584	88.483121	39.776490	84.859469	39.727539	81.185568	39.707218	77.466357	39.716739	73.706946	39.757016	69.912530	39.828647	66.088278	39.931912	62.239268	40.066752	58.370381
779.757080	42.088549	126.677669	41.854271	123.922369	41.620821	121.084336	41.390237	118.164300	41.164685	115.163285	40.946432	112.082636	40.737823	108.924054	40.541255	105.689618	40.359148	102.381808	40.193897	99.003499	40.047846	95.557981	39.923245	92.048948	39.822205	88.480481	39.746666	84.856988	39.698358	81.183200	39.678766	77.464058	39.689103	73.704679	39.730278	69.910266	39.802891	66.086002	39.907217	62.236964	40.043197	58.368052
780.168030	42.057930	126.668565	41.823277	123.914070	41.589516	121.076817	41.358689	118.157524	41.132964	115.157211	40.914611	112.077214	40.705980	108.919229	40.509464	105.685328	40.327492	102.377992	40.162456	99.000088	40.016704	95.554913	39.892485	92.046157	39.791914	88.477905	39.716929	84.854570	39.669261	81.180888	39.650395	77.461810	39.661543	73.702458	39.703614	69.908043	39.777203	66.083761	39.882588	62.234694	40.019705	58.365753
780.578920	42.027438	126.659650	41.792411	123.905954	41.558341	121.069475	41.327273	118.150919	41.101376	115.151295	40.882923	112.071944	40.674268	108.914549	40.477806	105.681175	40.295966	102.374303	40.131143	98.996796	39.985686	95.551957	39.861849	92.043471	39.761741	88.475422	39.687308	84.852241	39.640276	81.178656	39.622131	77.459635	39.634086	73.700304	39.677047	69.905881	39.751609	66.081573	39.858047	62.232472	39.996295	58.363496
780.989690	41.996954	126.650737	41.761554	123.897840	41.527176	121.062135	41.295866	118.144316	41.069797	115.145381	40.851244	112.066676	40.642565	108.909869	40.446156	105.677022	40.264448	102.370615	40.099838	98.993506	39.954677	95.549001	39.831221	92.040785	39.731577	88.472940	39.657695	84.849912	39.611300	81.176425	39.593875	77.457460	39.606638	73.698151	39.650489	69.903718	39.726022	66.079385	39.833513	62.230250	39.972892	58.361240
781.400330	41.966674	126.642120	41.730903	123.890010	41.496218	121.055061	41.264668	118.137965	41.038428	115.139714	40.819776	112.061639	40.611070	108.905406	40.414714	105.673076	40.233135	102.367116	40.068735	98.990393	39.923868	95.546206	39.800786	92.038247	39.701603	88.470599	39.628265	84.847707	39.582499	81.174307	39.565791	77.455386	39.579351	73.696084	39.624084	69.901636	39.700584	66.077265	39.809118	62.228088	39.949619	58.359034
781.810850	41.936407	126.633513	41.700266	123.882189	41.465273	121.047995	41.233484	118.131622	41.007073	115.134055	40.788322	112.056609	40.579591	108.900949	40.383286	105.669135	40.201837	102.363624	40.037647	98.987286	39.893072	95.543416	39.770365	92.035713	39.671642	88.468263	39.598847	84.845505	39.553711	81.172193	39.537718	77.453316	39.552076	73.694020	39.597690	69.899556	39.675157	66.075148	39.784734	62.225929	39.926357	58.356831
782.221310	41.906254	126.625071	41.669744	123.874527	41.434445	121.041083	41.202416	118.125428	40.975835	115.128534	40.756985	112.051711	40.548228	108.896617	40.351973	105.665312	40.170653	102.360244	40.006671	98.984283	39.862387	95.540723	39.740051	92.033269	39.641785	88.466006	39.569531	84.843379	39.525021	81.170149	39.509740	77.451307	39.524892	73.692014	39.571384	69.897528	39.649811	66.073077	39.760428	62.223809	39.903167	58.354663
782.631650	41.876201	126.616772	41.639325	123.867001	41.403721	121.034305	41.171453	118.119360	40.944703	115.123134	40.725753	112.046927	40.516970	108.892394	40.320765	105.661590	40.139572	102.356960	39.975797	98.981368	39.831800	95.538115	39.709834	92.030903	39.612022	88.463817	39.540306	84.841319	39.496420	81.168164	39.481846	77.449350	39.497790	73.690057	39.545157	69.895543	39.624538	66.071045	39.736192	62.221724	39.880044	58.352524
783.041870	41.846178	126.608505	41.608935	123.859506	41.373027	121.027557	41.140519	118.113321	40.913600	115.117760	40.694550	112.042169	40.485742	108.888195	40.289587	105.657891	40.108520	102.353696	39.944952	98.978473	39.801243	95.535525	39.679645	92.028552	39.582286	88.461645	39.511108	84.839273	39.467844	81.166191	39.453976	77.447406	39.470712	73.688111	39.518953	69.893567	39.599288	66.069021	39.711977	62.219646	39.856940	58.350393
783.452030	41.816335	126.600507	41.578728	123.852268	41.342518	121.021055	41.109774	118.107517	40.882684	115.112609	40.663536	112.037622	40.454700	108.884196	40.258593	105.654380	40.077651	102.350605	39.914286	98.975741	39.770860	95.533088	39.649629	92.026343	39.552719	88.459605	39.482073	84.837342	39.439426	81.164323	39.426257	77.445559	39.443778	73.686249	39.492886	69.891664	39.574169	66.067066	39.687886	62.217628	39.833953	58.348313
783.862060	41.786502	126.592511	41.548531	123.845032	41.312018	121.014554	41.079039	118.101714	40.851778	115.107460	40.632531	112.033077	40.423667	108.880198	40.227609	105.650870	40.046792	102.347514	39.883631	98.973011	39.740488	95.530651	39.619623	92.024135	39.523162	88.457565	39.453048	84.835412	39.411016	81.162455	39.398547	77.443713	39.416853	73.684388	39.466828	69.889762	39.549059	66.065111	39.663803	62.215610	39.810973	58.346234
784.271970	41.756806	126.584702	41.518472	123.837979	41.281660	121.008228	41.048444	118.096077	40.821014	115.102470	40.601668	112.028680	40.392776	108.876340	40.196765	105.647490	40.016071	102.344548	39.853111	98.970395	39.710249	95.528318	39.589746	92.022022	39.493730	88.455613	39.424144	84.833564	39.382725	81.160661	39.370952	77.441932	39.390036	73.682585	39.440873	69.887912	39.524047	66.063200	39.639812	62.213630	39.788081	58.344188
784.681820	41.727179	126.576988	41.488483	123.831019	41.251372	121.001990	41.017921	118.090523	40.790322	115.097561	40.570875	112.024359	40.361958	108.872554	40.165992	105.644175	39.985420	102.341647	39.822659	98.967837	39.680077	95.526039	39.559936	92.019958	39.464362	88.453706	39.395303	84.831756	39.354494	81.158903	39.343415	77.440185	39.363275	73.680812	39.414971	69.886089	39.499085	66.061311	39.615868	62.211670	39.765235	58.342159
785.091490	41.697608	126.569340	41.458552	123.824121	41.221142	120.995812	40.987456	118.085027	40.759688	115.092705	40.540141	112.020089	40.331197	108.868815	40.135275	105.640906	39.954825	102.338787	39.792264	98.965318	39.649961	95.523795	39.530180	92.017927	39.435047	88.451828	39.366514	84.829976	39.326312	81.157170	39.315926	77.438459	39.336560	73.679060	39.389113	69.884285	39.474165	66.059439	39.591964	62.209724	39.742425	58.340142
785.501160	41.668189	126.561910	41.428775	123.817429	41.191067	120.989833	40.957146	118.079723	40.729210	115.088026	40.509564	112.015991	40.300590	108.865240	40.104712	105.637790	39.924383	102.336067	39.762018	98.962930	39.619992	95.521673	39.500567	92.016009	39.405872	88.450049	39.337859	84.828288	39.298261	81.155520	39.288560	77.436809	39.309964	73.677375	39.363369	69.882541	39.449353	66.057620	39.568163	62.207823	39.719710	58.338163
785.910640	41.638783	126.554485	41.399012	123.810740	41.161006	120.983856	40.926849	118.074422	40.698745	115.083350	40.479002	112.011896	40.269997	108.861666	40.074164	105.634675	39.893954	102.333349	39.731786	98.960543	39.590037	95.519552	39.470967	92.014091	39.376710	88.448272	39.309217	84.826601	39.270222	81.153871	39.261207	77.435159	39.283381	73.675691	39.337636	69.880797	39.424552	66.055802	39.544373	62.205924	39.697006	58.336186
786.320070	41.609532	126.547284	41.369405	123.804272	41.131103	120.978088	40.896714	118.069319	40.668442	115.078866	40.448598	112.007981	40.239563	108.858263	40.043774	105.631724	39.863681	102.330783	39.701709	98.958300	39.560231	95.517565	39.441514	92.012297	39.347691	88.446612	39.280713	84.825019	39.242316	81.152322	39.233983	77.433598	39.256920	73.674085	39.312020	69.879125	39.399863	66.054047	39.520688	62.204081	39.674401	58.334260
786.729370	41.580331	126.540149	41.339851	123.797868	41.101253	120.972379	40.866631	118.064273	40.638192	115.074438	40.418246	112.004118	40.209183	108.854910	40.013437	105.628820	39.833460	102.328259	39.671682	98.956099	39.530474	95.515616	39.412109	92.010539	39.318720	88.444985	39.252256	84.823467	39.214455	81.150801	39.206803	77.432062	39.230501	73.672502	39.286445	69.877473	39.375212	66.052311	39.497039	62.202254	39.651830	58.332349
787.138550	41.551204	126.533109	41.310369	123.791554	41.071478	120.966759	40.836624	118.059310	40.608017	115.070089	40.387971	112.000330	40.178877	108.851626	39.983174	105.625981	39.803312	102.325798	39.641728	98.953954	39.500789	95.513720	39.382774	92.008829	39.289816	88.443403	39.223864	84.821957	39.186658	81.149316	39.179683	77.430559	39.204140	73.670949	39.260926	69.875847	39.350614	66.050597	39.473441	62.200448	39.629306	58.330455
787.547610	41.522213	126.526252	41.281023	123.785414	41.041841	120.961310	40.806756	118.054510	40.577981	115.065895	40.357834	111.996689	40.148711	108.848480	39.953046	105.623269	39.773299	102.323458	39.611904	98.951919	39.471234	95.511926	39.353567	92.007212	39.261035	88.441907	39.195592	84.820528	39.158977	81.147899	39.152676	77.429120	39.177887	73.669454	39.235508	69.874271	39.326112	66.048928	39.449933	62.198681	39.606868	58.328595
787.956600	41.493226	126.519396	41.251683	123.779276	41.012208	120.955862	40.776893	118.049711	40.547949	115.061701	40.327702	111.993047	40.118550	108.845335	39.922923	105.620558	39.743292	102.321117	39.582086	98.949885	39.441685	95.510131	39.324365	92.005596	39.232260	88.440413	39.167326	84.819099	39.131302	81.146482	39.125672	77.427681	39.151638	73.667960	39.210094	69.872695	39.301615	66.047258	39.426429	62.196915	39.584435	58.326735
788.365480	41.464416	126.512788	41.222523	123.773377	40.982757	120.950641	40.747211	118.045131	40.518101	115.057715	40.297754	111.989605	40.088568	108.842377	39.892982	105.618022	39.713462	102.318945	39.552445	98.948007	39.412308	95.508486	39.295329	92.004116	39.203646	88.439044	39.139216	84.817781	39.103777	81.145172	39.098814	77.426335	39.125530	73.666549	39.184814	69.871195	39.277243	66.045659	39.403045	62.195210	39.562113	58.324928
788.774290	41.435631	126.506211	41.193388	123.767508	40.953331	120.945448	40.717554	118.040577	40.488278	115.053754	40.267832	111.986186	40.058611	108.839442	39.863067	105.615508	39.683658	102.316793	39.522829	98.946148	39.382955	95.506858	39.266316	92.002654	39.175056	88.437690	39.111130	84.816478	39.076274	81.143874	39.071976	77.425000	39.099441	73.665148	39.159554	69.869704	39.252891	66.044068	39.379677	62.193512	39.539808	58.323126
789.182980	41.406940	126.499758	41.164349	123.761758	40.924001	120.940371	40.687993	118.036134	40.458552	115.049899	40.238006	111.982867	40.028751	108.836602	39.833245	105.613084	39.653947	102.314726	39.493304	98.944368	39.353691	95.505303	39.237392	92.001258	39.146552	88.436397	39.083126	84.815232	39.048851	81.142629	39.045217	77.423714	39.073426	73.663791	39.134364	69.868253	39.228605	66.042512	39.356374	62.191844	39.517563	58.321353
789.591550	41.378360	126.493458	41.135423	123.756157	40.894787	120.935437	40.658548	118.031826	40.428943	115.046174	40.208295	111.979668	39.999008	108.833878	39.803537	105.610771	39.624350	102.312762	39.463889	98.942685	39.324535	95.503838	39.208576	91.999946	39.118152	88.435178	39.055221	84.814056	39.021526	81.141447	39.018551	77.422490	39.047501	73.662489	39.109260	69.866850	39.204400	66.040997	39.333148	62.190213	39.495391	58.319614
790.000000	41.349789	126.487160	41.106506	123.750557	40.865582	120.930504	40.629112	118.027519	40.399342	115.042450	40.178593	111.976471	39.969273	108.831154	39.773838	105.608459	39.594761	102.310799	39.434483	98.941002	39.295387	95.502373	39.179768	91.998634	39.089760	88.433960	39.027325	84.812881	38.994209	81.140266	38.991894	77.421265	39.021584	73.661186	39.084164	69.865448	39.180202	66.039482	39.309929	62.188583	39.473225	58.317875
790.408390	41.321408	126.481118	41.077782	123.745204	40.836569	120.925805	40.599872	118.023438	40.369935	115.038939	40.149085	111.973480	39.939731	108.828624	39.744332	105.606328	39.565361	102.309001	39.405263	98.939475	39.266424	95.501049	39.151137	91.997456	39.061540	88.432866	38.999598	84.811816	38.967054	81.139188	38.965391	77.420128	38.995813	73.659962	39.059208	69.864117	39.156140	66.038027	39.286837	62.187007	39.451178	58.316180
790.816650	41.293035	126.475078	41.049067	123.739853	40.807566	120.921108	40.570641	118.019357	40.340537	115.035428	40.119587	111.970490	39.910198	108.826095	39.714835	105.604198	39.535970	102.307203	39.376053	98.937949	39.237471	95.499725	39.122515	91.996279	39.033329	88.431773	38.971879	84.810750	38.939907	81.138111	38.938897	77.418991	38.970051	73.658738	39.034260	69.862787	39.132087	66.036572	39.263752	62.185431	39.429137	58.314486
791.224790	41.264771	126.469181	41.020462	123.734637	40.778673	120.916541	40.541522	118.015402	40.311252	115.032037	40.090200	111.967610	39.880776	108.823669	39.685448	105.602166	39.506687	102.305499	39.346949	98.936507	39.208621	95.498482	39.093995	91.995174	39.005218	88.430747	38.944257	84.809749	38.912852	81.137087	38.912492	77.417904	38.944375	73.657559	39.009394	69.861495	39.108109	66.035154	39.240739	62.183885	39.407166	58.312818
791.632810	41.236597	126.463401	40.991947	123.729532	40.749872	120.912080	40.512496	118.011548	40.282059	115.028744	40.060905	111.964821	39.851445	108.821328	39.656152	105.600214	39.477493	102.303871	39.317933	98.935134	39.179856	95.497305	39.065560	91.994128	38.977189	88.429776	38.916713	84.808799	38.885874	81.136106	38.886161	77.416857	38.918771	73.656416	38.984596	69.860235	39.084196	66.033766	39.217787	62.182365	39.385253	58.311173
792.040770	41.208447	126.457648	40.963456	123.724452	40.721094	120.907645	40.483493	118.007719	40.252889	115.025473	40.031634	111.962054	39.822138	108.819008	39.626878	105.598281	39.448323	102.302261	39.288940	98.933779	39.151113	95.496145	39.037146	91.993097	38.949181	88.428818	38.889190	84.807862	38.858915	81.135137	38.859849	77.415822	38.893185	73.655283	38.959816	69.858983	39.060299	66.032385	39.194851	62.180851	39.363354	58.309534
792.448610	41.180472	126.452131	40.935142	123.719605	40.692497	120.903435	40.454668	118.004103	40.223902	115.022405	40.002544	111.959480	39.793013	108.816873	39.597782	105.596523	39.419329	102.300815	39.260119	98.932581	39.122541	95.495130	39.008896	91.992201	38.921334	88.427981	38.861824	84.807035	38.832109	81.134271	38.833681	77.414882	38.867737	73.654238	38.935166	69.857810	39.036526	66.031076	39.172036	62.179399	39.341565	58.307950
792.856380	41.152502	126.446615	40.906833	123.714758	40.663905	120.899226	40.425849	118.000487	40.194919	115.019337	39.973459	111.956907	39.763892	108.814740	39.568691	105.594766	39.390341	102.299368	39.231302	98.931384	39.093974	95.494116	38.980651	91.991306	38.893492	88.427144	38.834462	84.806207	38.805308	81.133407	38.807517	77.413943	38.842293	73.653192	38.910520	69.856637	39.012758	66.029766	39.149224	62.177948	39.319780	58.306367
793.263980	41.124662	126.441266	40.878654	123.710070	40.635444	120.895167	40.397163	117.997017	40.166068	115.016408	39.944505	111.954468	39.734901	108.812729	39.539730	105.593126	39.361480	102.298031	39.202613	98.930287	39.065530	95.493195	38.952528	91.990498	38.865767	88.426392	38.807214	84.805457	38.778615	81.132611	38.781460	77.413064	38.816951	73.652202	38.885973	69.855513	38.989082	66.028499	39.126499	62.176536	39.298079	58.304817
793.671510	41.096890	126.436008	40.850545	123.705468	40.607052	120.891190	40.368548	117.993625	40.137288	115.013554	39.915620	111.952102	39.705979	108.810786	39.510838	105.591550	39.332687	102.296753	39.173992	98.929246	39.037152	95.492325	38.924469	91.989740	38.838105	88.425686	38.780025	84.804748	38.751980	81.131852	38.755459	77.412219	38.791662	73.651241	38.861477	69.854416	38.965456	66.027256	39.103818	62.175144	39.276422	58.303286
794.078920	41.069161	126.430799	40.822479	123.700914	40.578704	120.887259	40.339976	117.990276	40.108552	115.010740	39.886780	111.949774	39.677101	108.808879	39.481989	105.590007	39.303937	102.295507	39.145411	98.928234	39.008815	95.491481	38.896450	91.989006	38.810481	88.425002	38.752875	84.804059	38.725382	81.131113	38.729493	77.411391	38.766407	73.650296	38.837013	69.853332	38.941860	66.026024	39.081167	62.173764	39.254792	58.301764
794.486270	41.041579	126.425786	40.794562	123.696551	40.550507	120.883511	40.311556	117.987103	40.079966	115.008092	39.858091	111.947598	39.648374	108.807123	39.453289	105.588602	39.275333	102.294395	39.116973	98.927345	38.980618	95.490751	38.868570	91.988375	38.782991	88.424409	38.725854	84.803456	38.698908	81.130454	38.703645	77.410635	38.741266	73.649413	38.812657	69.852307	38.918368	66.024839	39.058614	62.172426	39.233251	58.300279
794.893490	41.014006	126.420775	40.766654	123.692189	40.522319	120.879764	40.283146	117.983931	40.051389	115.005445	39.829412	111.945424	39.619655	108.805368	39.424599	105.587197	39.246737	102.293283	39.088544	98.926456	38.952430	95.490021	38.840698	91.987744	38.755510	88.423815	38.698841	84.802854	38.672442	81.129795	38.677805	77.409880	38.716134	73.648531	38.788308	69.851281	38.894883	66.023656	39.036067	62.171088	39.211717	58.298793
795.300600	40.986575	126.415955	40.738891	123.688011	40.494278	120.876195	40.254881	117.980929	40.022959	115.002964	39.800879	111.943408	39.591083	108.803760	39.396052	105.585933	39.218285	102.292302	39.060257	98.925692	38.924378	95.489410	38.812959	91.987224	38.728158	88.423328	38.671954	84.802345	38.646099	81.129222	38.652084	77.409204	38.691113	73.647722	38.764068	69.850320	38.871500	66.022534	39.013617	62.169805	39.190276	58.297357
795.707580	40.959201	126.411204	40.711186	123.683900	40.466296	120.872690	40.226673	117.977989	39.994587	115.000542	39.772404	111.941449	39.562568	108.802204	39.367562	105.584719	39.189889	102.291367	39.032026	98.924972	38.896382	95.488842	38.785273	91.986743	38.700859	88.422877	38.645117	84.801870	38.619806	81.128678	38.626411	77.408555	38.666138	73.646940	38.739871	69.849383	38.848158	66.021435	38.991207	62.168541	39.168871	58.295938
796.114500	40.931881	126.406520	40.683535	123.679852	40.438367	120.869245	40.198520	117.975106	39.966269	114.998175	39.743984	111.939541	39.534107	108.800697	39.339125	105.583553	39.161546	102.290476	39.003846	98.924292	38.868436	95.488311	38.757637	91.986296	38.673607	88.422458	38.618328	84.801424	38.593557	81.128161	38.600780	77.407930	38.641204	73.646179	38.715713	69.848464	38.824854	66.020352	38.968832	62.167291	39.147500	58.294531
796.521300	40.904695	126.402004	40.656018	123.675967	40.410572	120.865955	40.170504	117.972368	39.938088	114.995946	39.715699	111.937766	39.505780	108.799316	39.310822	105.582507	39.133334	102.289697	38.975794	98.923718	38.840618	95.487873	38.730123	91.985936	38.646475	88.422117	38.591655	84.801051	38.567420	81.127711	38.575257	77.407365	38.616373	73.645471	38.691654	69.847591	38.801643	66.019309	38.946545	62.166076	39.126210	58.293154
796.928040	40.877513	126.397489	40.628506	123.672081	40.382782	120.862665	40.142491	117.969631	39.909911	114.993718	39.687418	111.935991	39.477457	108.797935	39.282522	105.581461	39.105126	102.288918	38.947745	98.923144	38.812805	95.487435	38.702613	91.985576	38.619347	88.421775	38.564986	84.800679	38.541287	81.127262	38.549738	77.406800	38.591546	73.644763	38.667598	69.846719	38.778436	66.018266	38.924261	62.164861	39.104924	58.291778
797.334590	40.850485	126.393167	40.601150	123.668382	40.355150	120.859553	40.114638	117.967069	39.881894	114.991652	39.659296	111.934370	39.449292	108.796701	39.254380	105.580549	39.077072	102.288267	38.919850	98.922687	38.785138	95.487110	38.675249	91.985318	38.592361	88.421531	38.538454	84.800394	38.515284	81.126889	38.524344	77.406305	38.566841	73.644117	38.643656	69.845904	38.755338	66.017273	38.902081	62.163690	39.083736	58.290439
797.741090	40.823490	126.388888	40.573829	123.664723	40.327552	120.856480	40.086821	117.964544	39.853912	114.989621	39.631209	111.932782	39.421161	108.795497	39.226272	105.579665	39.049051	102.287644	38.891987	98.922256	38.757503	95.486810	38.647917	91.985082	38.565406	88.421307	38.511951	84.800127	38.489310	81.126532	38.498978	77.405824	38.542162	73.643485	38.619740	69.845101	38.732264	66.016289	38.879923	62.162529	39.062569	58.289108
798.147460	40.796569	126.384695	40.546580	123.661148	40.300029	120.853489	40.059076	117.962096	39.826004	114.987663	39.603194	111.931264	39.393103	108.794361	39.198237	105.578845	39.021102	102.287079	38.864195	98.921881	38.729938	95.486559	38.620652	91.984895	38.538516	88.421127	38.485512	84.799900	38.463398	81.126214	38.473672	77.405377	38.517539	73.642883	38.595878	69.844326	38.709241	66.015331	38.857814	62.161389	39.041449	58.287797
798.553770	40.769764	126.380653	40.519448	123.657719	40.272622	120.850640	40.031448	117.959780	39.798212	114.985834	39.575297	111.929869	39.365162	108.793341	39.170316	105.578138	38.993266	102.286617	38.836514	98.921602	38.702482	95.486398	38.593493	91.984792	38.511729	88.421022	38.459172	84.799742	38.437584	81.125963	38.448459	77.404990	38.493005	73.642334	38.572102	69.843601	38.686298	66.014416	38.835781	62.160287	39.020400	58.286518
798.959960	40.742967	126.376611	40.492325	123.654292	40.245224	120.847792	40.003829	117.957465	39.770428	114.984006	39.547408	111.928474	39.337229	108.792322	39.142403	105.577432	38.965439	102.286156	38.808842	98.921323	38.675035	95.486237	38.566343	91.984690	38.484951	88.420916	38.432840	84.799584	38.411777	81.125712	38.423254	77.404602	38.468479	73.641785	38.548333	69.842875	38.663363	66.013502	38.813755	62.159186	38.999358	58.285240
799.366030	40.716335	126.372789	40.465369	123.651077	40.217994	120.845146	39.976379	117.955346	39.742814	114.982368	39.519689	111.927259	39.309464	108.791470	39.114656	105.576884	38.937776	102.285848	38.781330	98.921186	38.647745	95.486210	38.539347	91.984711	38.458320	88.420931	38.406652	84.799537	38.386108	81.125559	38.398182	77.404307	38.444081	73.641321	38.524687	69.842223	38.640543	66.012655	38.791839	62.158145	38.978417	58.284017
799.771970	40.689728	126.368992	40.438440	123.647887	40.190791	120.842523	39.948956	117.953250	39.715227	114.980751	39.491996	111.926064	39.281726	108.790637	39.086934	105.576355	38.910140	102.285556	38.753843	98.921066	38.620480	95.486198	38.512374	91.984745	38.431713	88.420959	38.380488	84.799503	38.360461	81.125416	38.373133	77.404022	38.419703	73.640866	38.501061	69.841579	38.617743	66.011816	38.769942	62.157112	38.957494	58.282800
800.177860	40.663200	126.365292	40.411589	123.644787	40.163667	120.839986	39.921613	117.951237	39.687719	114.979213	39.464382	111.924944	39.254066	108.789876	39.059291	105.575892	38.882579	102.285328	38.726432	98.921005	38.593288	95.486241	38.485474	91.984831	38.405177	88.421032	38.354392	84.799510	38.334880	81.125311	38.348146	77.403771	38.395386	73.640440	38.477491	69.840962	38.594997	66.011000	38.748095	62.156099	38.936619	58.281600
800.583620	40.636776	126.361716	40.384842	123.641803	40.136650	120.837562	39.894377	117.949334	39.660319	114.977777	39.436874	111.923922	39.226513	108.789207	39.031753	105.575514	38.855122	102.285179	38.699122	98.921020	38.566194	95.486356	38.458670	91.984982	38.378737	88.421162	38.328387	84.799569	38.309389	81.125255	38.323243	77.403564	38.371150	73.640053	38.453998	69.840380	38.572323	66.010214	38.726316	62.155112	38.915811	58.280424
800.989260	40.610360	126.358142	40.358103	123.638820	40.109640	120.835139	39.867149	117.947430	39.632927	114.976341	39.409374	111.922901	39.198967	108.788539	39.004223	105.575137	38.827673	102.285031	38.671820	98.921036	38.539108	95.486470	38.431873	91.985134	38.352304	88.421292	38.302389	84.799627	38.283905	81.125199	38.298347	77.403356	38.346921	73.639666	38.430512	69.839798	38.549657	66.009428	38.704544	62.154125	38.895010	58.279248
801.394780	40.584118	126.354791	40.331542	123.636060	40.082808	120.832931	39.840098	117.945727	39.605712	114.975098	39.382052	111.922061	39.171597	108.788048	38.976867	105.574928	38.800394	102.285039	38.644687	98.921195	38.512189	95.486720	38.405239	91.985412	38.326025	88.421539	38.276544	84.799795	38.258565	81.125243	38.273592	77.403240	38.322827	73.639364	38.407154	69.839292	38.527112	66.008708	38.682889	62.153198	38.874314	58.278125
801.800230	40.557885	126.351448	40.304990	123.633307	40.055986	120.830728	39.813056	117.944029	39.578507	114.973861	39.354739	111.921226	39.144237	108.787562	38.949521	105.574724	38.773125	102.285051	38.617562	98.921359	38.485278	95.486974	38.378613	91.985693	38.299755	88.421790	38.250706	84.799965	38.233234	81.125290	38.248845	77.403125	38.298741	73.639064	38.383804	69.838788	38.504574	66.007991	38.661241	62.152273	38.853624	58.277004
802.205570	40.531746	126.348218	40.278532	123.630659	40.029257	120.828628	39.786109	117.942431	39.551395	114.972718	39.327520	111.920484	39.116969	108.787161	38.922266	105.574600	38.745947	102.285139	38.590527	98.921595	38.458455	95.487295	38.352072	91.986038	38.273569	88.422098	38.224949	84.800189	38.207981	81.125385	38.224172	77.403056	38.274725	73.638803	38.360522	69.838318	38.482101	66.007306	38.639652	62.151376	38.832992	58.275907
802.610840	40.505695	126.345098	40.252162	123.628115	40.002617	120.826628	39.759252	117.940931	39.524373	114.971666	39.300390	111.919832	39.089789	108.786843	38.895096	105.574553	38.718856	102.285300	38.563577	98.921901	38.431714	95.487681	38.325610	91.986443	38.247462	88.422463	38.199267	84.800464	38.182802	81.125527	38.199570	77.403032	38.250776	73.638581	38.337305	69.837882	38.459691	66.006654	38.618119	62.150507	38.812415	58.274834
803.015990	40.479658	126.341987	40.225807	123.625579	39.975992	120.824636	39.732410	117.939439	39.497365	114.970623	39.273274	111.919186	39.062624	108.786531	38.867942	105.574513	38.691778	102.285466	38.536640	98.922212	38.404987	95.488072	38.299163	91.986852	38.221369	88.422832	38.173598	84.800743	38.157635	81.125673	38.174979	77.403010	38.226839	73.638361	38.314099	69.837448	38.437291	66.006003	38.596598	62.149641	38.791848	58.273763
803.421020	40.453785	126.339079	40.199618	123.623243	39.949535	120.822834	39.705736	117.938129	39.470527	114.969754	39.246328	111.918701	39.035626	108.786373	38.840954	105.574621	38.664863	102.285772	38.509864	98.922651	38.378417	95.488582	38.272869	91.987368	38.195422	88.423305	38.148074	84.801117	38.132605	81.125901	38.150521	77.403059	38.203030	73.638210	38.291012	69.837078	38.415005	66.005404	38.575186	62.148819	38.771384	58.272733
803.825930	40.427920	126.336173	40.173437	123.620908	39.923086	120.821033	39.679070	117.936819	39.443697	114.968886	39.219390	111.918216	39.008635	108.786216	38.813974	105.574730	38.637956	102.286078	38.483096	98.923090	38.351854	95.489092	38.246583	91.987884	38.169484	88.423778	38.122558	84.801490	38.107582	81.126130	38.126070	77.403109	38.179228	73.638058	38.267933	69.836707	38.392726	66.004805	38.553781	62.147997	38.750925	58.271702
804.230770	40.402154	126.333384	40.147355	123.618689	39.896737	120.819344	39.652503	117.935615	39.416966	114.968119	39.192550	111.917827	38.981743	108.786148	38.787092	105.574922	38.611144	102.286464	38.456421	98.923605	38.325383	95.489670	38.220386	91.988467	38.143632	88.424308	38.097123	84.801917	38.082641	81.126408	38.101697	77.403204	38.155500	73.637945	38.244925	69.836370	38.370514	66.004237	38.532439	62.147204	38.730526	58.270696
804.635440	40.376468	126.330686	40.121354	123.616558	39.870471	120.817738	39.626018	117.934491	39.390317	114.967428	39.165791	111.917513	38.954934	108.786148	38.760290	105.575178	38.584412	102.286912	38.429825	98.924176	38.298989	95.490300	38.194264	91.989100	38.117852	88.424883	38.071759	84.802383	38.057769	81.126723	38.077390	77.403333	38.131835	73.637862	38.221978	69.836058	38.348359	66.003694	38.511152	62.146432	38.710177	58.269708
805.040100	40.350801	126.328010	40.095372	123.614449	39.844223	120.816153	39.599551	117.933387	39.363686	114.966755	39.139050	111.917216	38.928142	108.786165	38.733506	105.575451	38.557696	102.287375	38.403246	98.924761	38.272611	95.490944	38.168158	91.989745	38.092087	88.425469	38.046409	84.802860	38.032911	81.127049	38.053097	77.403472	38.108184	73.637787	38.199043	69.835754	38.326216	66.003157	38.489875	62.145667	38.689839	58.268726
805.444580	40.325297	126.325538	40.069556	123.612529	39.818139	120.814752	39.573252	117.932461	39.337223	114.966252	39.112476	111.917083	38.901514	108.786341	38.706883	105.575870	38.531142	102.287977	38.376824	98.925480	38.246389	95.491712	38.142204	91.990504	38.066471	88.426163	38.021205	84.803437	38.008191	81.127468	38.028937	77.403698	38.084658	73.637790	38.176229	69.835523	38.304187	66.002685	38.468707	62.144959	38.669604	58.267794
805.849000	40.299797	126.323067	40.043744	123.610610	39.792060	120.813351	39.546958	117.931536	39.310763	114.965749	39.085906	111.916951	38.874889	108.786517	38.680265	105.576290	38.504591	102.288578	38.350406	98.926200	38.220170	95.492480	38.116253	91.991264	38.040859	88.426857	37.996004	84.804015	37.983475	81.127887	38.004781	77.403923	38.061136	73.637793	38.153418	69.835291	38.282161	66.002213	38.447542	62.144250	38.649373	58.266862
806.253300	40.274408	126.320729	40.018044	123.608823	39.766094	120.812078	39.520775	117.930732	39.284416	114.965364	39.059448	111.916928	38.848378	108.786799	38.653758	105.576812	38.478151	102.289275	38.324095	98.927007	38.194057	95.493333	38.090404	91.992101	38.015346	88.427624	37.970899	84.804661	37.958851	81.128369	37.980713	77.404204	38.037700	73.637850	38.130688	69.835108	38.260213	66.001786	38.426450	62.143580	38.629209	58.265965
806.657470	40.249089	126.318472	39.992414	123.607115	39.740199	120.810882	39.494663	117.930001	39.258139	114.965049	39.033062	111.916971	38.821938	108.787144	38.627321	105.577394	38.451781	102.290027	38.297852	98.927867	38.168010	95.494237	38.064619	91.992986	37.989896	88.428436	37.945854	84.805348	37.934286	81.128887	37.956702	77.404519	38.014318	73.637940	38.108010	69.834955	38.238315	66.001385	38.405405	62.142933	38.609089	58.265089
807.061580	40.223798	126.316248	39.966812	123.605438	39.714334	120.809715	39.468581	117.929299	39.231892	114.964762	39.006705	111.917040	38.795526	108.787515	38.600912	105.578000	38.425438	102.290802	38.271637	98.928748	38.141989	95.495161	38.038861	91.993890	37.964471	88.429263	37.920834	84.806051	37.909744	81.129419	37.932713	77.404847	37.990959	73.638041	38.085354	69.834811	38.216438	66.000993	38.384378	62.142294	38.588987	58.264221
807.465580	40.198653	126.314204	39.941357	123.603934	39.688615	120.808713	39.442647	117.928757	39.205793	114.964627	38.980493	111.917259	38.769258	108.788023	38.574647	105.578737	38.399235	102.291702	38.245561	98.929747	38.116104	95.496196	38.013235	91.994898	37.939173	88.430185	37.895939	84.806840	37.885322	81.130033	37.908841	77.405251	37.967708	73.638208	38.062802	69.834728	38.194660	66.000654	38.363447	62.141705	38.568974	58.263397
807.869450	40.173516	126.312161	39.915910	123.602430	39.662905	120.807712	39.416721	117.928215	39.179702	114.964491	38.954290	111.917478	38.742997	108.788532	38.548390	105.579474	38.373041	102.292601	38.219493	98.930745	38.090228	95.497231	37.987617	91.995905	37.913883	88.431106	37.871052	84.807629	37.860908	81.130646	37.884976	77.405654	37.944464	73.638374	38.040257	69.834645	38.172889	66.000316	38.342522	62.141116	38.548967	58.262572
808.273250	40.148490	126.310248	39.890576	123.601054	39.637307	120.806834	39.390909	117.927790	39.153724	114.964468	38.928200	111.917801	38.716850	108.789140	38.522243	105.580304	38.346955	102.293590	38.193531	98.931827	38.064455	95.498341	37.962102	91.996984	37.888694	88.432096	37.846259	84.808480	37.836586	81.131315	37.861199	77.406108	37.921307	73.638586	38.017794	69.834601	38.151194	66.000012	38.321670	62.140558	38.529028	58.261773
808.676940	40.123523	126.308397	39.865301	123.599739	39.611769	120.806014	39.365156	117.927420	39.127805	114.964498	38.902168	111.918174	38.690762	108.789796	38.496155	105.581179	38.320926	102.294622	38.167625	98.932949	38.038736	95.499487	37.936640	91.998095	37.863557	88.433119	37.821517	84.809361	37.812314	81.132011	37.837469	77.406585	37.898196	73.638821	37.995374	69.834577	38.129539	65.999725	38.300856	62.140015	38.509126	58.260987
809.080510	40.098594	126.306586	39.840065	123.598462	39.586269	120.805232	39.339442	117.927086	39.101926	114.964563	38.876176	111.918579	38.664712	108.790483	38.470105	105.582083	38.294934	102.295681	38.141756	98.934095	38.013054	95.500656	37.911214	91.999229	37.838455	88.434161	37.796808	84.810259	37.788074	81.132723	37.813770	77.407078	37.875114	73.639068	37.972983	69.834564	38.107911	65.999449	38.280068	62.139481	38.489248	58.260209
809.483950	40.073799	126.304936	39.814962	123.597338	39.560905	120.804598	39.313863	117.926895	39.076183	114.964763	38.850318	111.919115	38.638795	108.791292	38.444187	105.583105	38.269074	102.296848	38.116017	98.935341	37.987499	95.501922	37.885910	92.000451	37.813469	88.435281	37.772215	84.811229	37.763943	81.133503	37.790177	77.407631	37.852132	73.639370	37.950687	69.834601	38.086376	65.999216	38.259367	62.138985	38.469452	58.259467
809.887330	40.049008	126.303287	39.789863	123.596215	39.535545	120.803964	39.288287	117.926704	39.050444	114.964963	38.824463	111.919650	38.612882	108.792102	38.418272	105.584127	38.243218	102.298014	38.090280	98.936587	37.961948	95.503187	37.860609	92.001673	37.788487	88.436401	37.747625	84.812198	37.739817	81.134281	37.766587	77.408185	37.829153	73.639671	37.928395	69.834638	38.064844	65.998982	38.238668	62.138489	38.449658	58.258725
810.290590	40.024336	126.301775	39.764885	123.595225	39.510306	120.803457	39.262833	117.926633	39.024825	114.965278	38.798730	111.920294	38.587089	108.793015	38.392475	105.585245	38.217477	102.299273	38.064657	98.937922	37.936506	95.504531	37.835416	92.002967	37.763611	88.437592	37.723137	84.813234	37.715790	81.135117	37.743092	77.408790	37.806266	73.640019	37.906190	69.834717	38.043394	65.998786	38.218046	62.138026	38.429938	58.258010
810.693730	39.999713	126.300317	39.739960	123.594287	39.485119	120.802998	39.237430	117.926609	38.999257	114.965639	38.773047	111.920980	38.561347	108.793969	38.366728	105.586402	38.191786	102.300568	38.039082	98.939291	37.911112	95.505906	37.810269	92.004290	37.738781	88.438810	37.698693	84.814296	37.691805	81.135975	37.719638	77.409415	37.783418	73.640385	37.884021	69.834812	38.021980	65.998604	38.197458	62.137576	38.410248	58.257306
811.096800	39.975132	126.298906	39.715076	123.593394	39.459974	120.802583	39.212071	117.926625	38.973730	114.966038	38.747407	111.921703	38.535646	108.794958	38.341023	105.587592	38.166135	102.301895	38.013547	98.940689	37.885756	95.507309	37.785159	92.005639	37.713987	88.440051	37.674284	84.815378	37.667855	81.136854	37.696218	77.410057	37.760602	73.640768	37.861883	69.834923	38.000594	65.998436	38.176896	62.137138	38.390585	58.256612
811.499760	39.950678	126.297639	39.690317	123.592640	39.434955	120.802303	39.186838	117.926773	38.948330	114.966560	38.721893	111.922546	38.510069	108.796062	38.315441	105.588889	38.140606	102.303321	37.988130	98.942180	37.860519	95.508803	37.760164	92.007072	37.689304	88.441367	37.649983	84.816528	37.644006	81.137797	37.672896	77.410759	37.737879	73.641205	37.839834	69.835079	37.979293	65.998310	38.156417	62.136736	38.370997	58.255951
811.902590	39.926231	126.296372	39.665565	123.591887	39.409944	120.802024	39.161614	117.926920	38.922938	114.967083	38.696388	111.923388	38.484500	108.797165	38.289868	105.590186	38.115084	102.304747	37.962721	98.943671	37.835290	95.510297	37.735176	92.008504	37.664628	88.442683	37.625690	84.817677	37.620164	81.138741	37.649582	77.411460	37.715164	73.641641	37.817792	69.835236	37.957999	65.998184	38.135944	62.136335	38.351415	58.255291
812.305300	39.901911	126.295262	39.640943	123.591286	39.385062	120.801889	39.136518	117.927210	38.897676	114.967742	38.671009	111.924363	38.459059	108.798392	38.264420	105.591602	38.089686	102.306287	37.937435	98.945268	37.810179	95.511890	37.710305	92.010031	37.640065	88.444089	37.601506	84.818910	37.596429	81.139759	37.626368	77.412230	37.692545	73.642143	37.795843	69.835451	37.936793	65.998114	38.115553	62.135983	38.331911	58.254673
812.707950	39.877632	126.294203	39.616362	123.590733	39.360222	120.801800	39.111464	117.927545	38.872456	114.968446	38.645673	111.925380	38.433660	108.799657	38.239013	105.593055	38.064329	102.307863	37.912190	98.946899	37.785107	95.513515	37.685473	92.011588	37.615540	88.445523	37.577357	84.820169	37.572728	81.140800	37.603189	77.413022	37.669959	73.642665	37.773924	69.835685	37.915617	65.998062	38.095191	62.135647	38.312434	58.254070
813.110470	39.853406	126.293196	39.591834	123.590231	39.335435	120.801760	39.086463	117.927926	38.847289	114.969194	38.620389	111.926438	38.408312	108.800963	38.213657	105.594546	38.039023	102.309475	37.886994	98.948565	37.760084	95.515173	37.660688	92.013176	37.591062	88.446985	37.553253	84.821455	37.549071	81.141867	37.580051	77.413837	37.647412	73.643207	37.752044	69.835937	37.894477	65.998026	38.074862	62.135325	38.292988	58.253480
813.512940	39.829299	126.292331	39.567426	123.589863	39.310768	120.801852	39.061582	117.928430	38.822242	114.970059	38.595226	111.927608	38.383084	108.802375	38.188419	105.596140	38.013833	102.311185	37.861912	98.950325	37.735171	95.516917	37.636011	92.014843	37.566687	88.448520	37.529250	84.822809	37.525510	81.143000	37.557006	77.414712	37.624957	73.643803	37.730250	69.836241	37.873417	65.998032	38.054610	62.135041	38.273614	58.252925
813.915220	39.805203	126.291465	39.543030	123.589495	39.286114	120.801945	39.036712	117.928933	38.797207	114.970925	38.570075	111.928778	38.357868	108.803787	38.163192	105.597732	37.988655	102.312895	37.836842	98.952083	37.710269	95.518661	37.611346	92.016510	37.542324	88.450055	37.505258	84.824163	37.501961	81.144132	37.533972	77.415587	37.602512	73.644399	37.708467	69.836545	37.852367	65.998038	38.034368	62.134757	38.254249	58.252371
814.317440	39.781230	126.290740	39.518756	123.589264	39.261582	120.802167	39.011967	117.929565	38.772294	114.971914	38.545045	111.930065	38.332773	108.805313	38.138085	105.599432	37.963595	102.314701	37.811886	98.953934	37.685481	95.520488	37.586791	92.018258	37.518068	88.451664	37.481371	84.825586	37.478512	81.145325	37.511034	77.416520	37.580158	73.645045	37.686770	69.836892	37.831400	65.998083	38.014204	62.134509	38.234958	58.251847
814.719540	39.757295	126.290053	39.494522	123.589071	39.237089	120.802425	38.987260	117.930231	38.747421	114.972935	38.520055	111.931384	38.307717	108.806868	38.113016	105.601159	37.938573	102.316533	37.786968	98.955808	37.660730	95.522338	37.562272	92.020028	37.493848	88.453294	37.457517	84.827028	37.455096	81.146534	37.488127	77.417468	37.557834	73.645704	37.665103	69.837252	37.810461	65.998138	37.994065	62.134272	38.215693	58.251332
815.121580	39.733409	126.289420	39.470337	123.588929	39.212645	120.802734	38.962604	117.930944	38.722597	114.974002	38.495114	111.932746	38.282709	108.808464	38.087996	105.602925	37.913597	102.318401	37.762096	98.957716	37.636025	95.524221	37.537797	92.021827	37.469670	88.454950	37.433705	84.828493	37.431719	81.147767	37.465258	77.418436	37.535546	73.646382	37.643470	69.837627	37.789555	65.998209	37.973958	62.134047	38.196456	58.250829
815.523500	39.709633	126.288911	39.446262	123.588908	39.188315	120.803160	38.938060	117.931769	38.697887	114.975174	38.470283	111.934205	38.257812	108.810154	38.063086	105.604780	37.888728	102.320354	37.737331	98.959703	37.611421	95.526180	37.513422	92.023692	37.445588	88.456671	37.409986	84.830014	37.408435	81.149054	37.442478	77.419451	37.513343	73.647103	37.621916	69.838041	37.768723	65.998317	37.953922	62.133852	38.177287	58.250352
815.925290	39.685865	126.288402	39.422196	123.588886	39.163993	120.803586	38.913524	117.932594	38.673184	114.976345	38.445461	111.935665	38.232922	108.811843	38.038184	105.606634	37.863868	102.322307	37.712573	98.961690	37.586826	95.528139	37.489055	92.025555	37.421514	88.458390	37.386275	84.831535	37.385157	81.150342	37.419704	77.420465	37.491146	73.647823	37.600369	69.838454	37.747898	65.998424	37.933892	62.133657	38.158123	58.249875
816.326970	39.662224	126.288038	39.398257	123.589002	39.139798	120.804144	38.889117	117.933545	38.648608	114.977638	38.420765	111.937243	38.208158	108.813644	38.013405	105.608593	37.839129	102.324359	37.687935	98.963770	37.562349	95.530182	37.464802	92.027503	37.397552	88.460184	37.362670	84.833128	37.361982	81.151689	37.397030	77.421535	37.469044	73.648593	37.578912	69.838915	37.727160	65.998569	37.913944	62.133499	38.139036	58.249428
816.728580	39.638614	126.287707	39.374349	123.589149	39.115634	120.804732	38.864741	117.934525	38.624063	114.978959	38.396101	111.938849	38.183425	108.815470	37.988657	105.610576	37.814421	102.326433	37.663326	98.965872	37.537901	95.532244	37.440578	92.029471	37.373617	88.461995	37.339093	84.834736	37.338834	81.153049	37.374381	77.422616	37.446966	73.649374	37.557478	69.839387	37.706444	65.998722	37.894017	62.133349	38.119968	58.248989
817.130070	39.615061	126.287436	39.350499	123.589356	39.091528	120.805378	38.840422	117.935561	38.599575	114.980332	38.371495	111.940505	38.158749	108.817344	37.963964	105.612605	37.789767	102.328552	37.638770	98.968015	37.513505	95.534346	37.416404	92.031474	37.349732	88.463840	37.315564	84.836376	37.315731	81.154440	37.351776	77.423726	37.424931	73.650182	37.536085	69.839882	37.685767	65.998897	37.874127	62.133217	38.100936	58.248567
817.531430	39.591619	126.287293	39.326760	123.589687	39.067533	120.806143	38.816214	117.936713	38.575199	114.981817	38.346999	111.942265	38.134183	108.819319	37.939380	105.614729	37.765221	102.330766	37.614319	98.970245	37.489212	95.536529	37.392329	92.033553	37.325944	88.465757	37.292129	84.838082	37.292719	81.155895	37.329257	77.424896	37.402978	73.651046	37.514773	69.840424	37.665165	65.999121	37.854307	62.133125	38.081971	58.248181
817.932740	39.568179	126.287149	39.303024	123.590018	39.043541	120.806909	38.792009	117.937864	38.550826	114.983302	38.322506	111.944026	38.109620	108.821294	37.914799	105.616854	37.740678	102.332980	37.589871	98.972473	37.464921	95.538712	37.368257	92.035632	37.302158	88.467674	37.268698	84.839787	37.269710	81.157349	37.306741	77.426066	37.381029	73.651909	37.493463	69.840966	37.644566	65.999345	37.834490	62.133033	38.063008	58.247795
818.333920	39.544870	126.287150	39.279421	123.590488	39.019680	120.807806	38.767935	117.939145	38.526586	114.984909	38.298144	111.945903	38.085186	108.823380	37.890345	105.619085	37.716262	102.335290	37.565548	98.974796	37.440752	95.540986	37.344305	92.037792	37.278488	88.469666	37.245377	84.841563	37.246808	81.158867	37.284329	77.427294	37.359178	73.652823	37.472245	69.841556	37.624054	65.999606	37.814757	62.132979	38.044124	58.247442
818.734990	39.521591	126.287181	39.255848	123.590987	38.995851	120.808730	38.743894	117.940452	38.502378	114.986539	38.273813	111.947803	38.060783	108.825488	37.865923	105.621338	37.691875	102.337618	37.541255	98.977136	37.416612	95.543278	37.320381	92.039967	37.254845	88.471674	37.222084	84.843353	37.223932	81.160396	37.261942	77.428533	37.337351	73.653747	37.451050	69.842156	37.603565	65.999875	37.795046	62.132931	38.025259	58.247096
819.135930	39.498370	126.287268	39.232333	123.591541	38.972081	120.809708	38.719910	117.941809	38.478226	114.988221	38.249539	111.949752	38.036438	108.827641	37.841556	105.623633	37.667544	102.339987	37.517017	98.979515	37.392525	95.545603	37.296509	92.042175	37.231253	88.473711	37.198839	84.845172	37.201104	81.161953	37.239601	77.429796	37.315569	73.654693	37.429898	69.842774	37.583116	66.000163	37.775372	62.132899	38.006430	58.246764
819.536800	39.475248	126.287467	39.208918	123.592205	38.948413	120.810791	38.696029	117.943264	38.454175	114.990001	38.225365	111.951795	38.012192	108.829883	37.817289	105.626012	37.643310	102.342434	37.492872	98.981968	37.368530	95.547995	37.272729	92.044448	37.207750	88.475809	37.175679	84.847047	37.178357	81.163562	37.217339	77.431105	37.293862	73.655681	37.408818	69.843429	37.562737	66.000487	37.755763	62.132898	37.987660	58.246456
819.937560	39.452133	126.287666	39.185509	123.592869	38.924752	120.811873	38.672154	117.944719	38.430130	114.991781	38.201198	111.953837	37.987953	108.832125	37.793029	105.628390	37.619082	102.344880	37.468734	98.984420	37.344542	95.550385	37.248955	92.046719	37.184253	88.477906	37.152525	84.848921	37.155616	81.165170	37.195084	77.432413	37.272161	73.656668	37.387743	69.844083	37.542362	66.000811	37.736159	62.132896	37.968897	58.246149
820.338260	39.429148	126.288020	39.162230	123.593679	38.901220	120.813100	38.648409	117.946316	38.406216	114.993691	38.177162	111.956005	37.963842	108.834489	37.768895	105.630885	37.594979	102.347439	37.444718	98.986980	37.320674	95.552880	37.225295	92.049089	37.160867	88.480094	37.129481	84.850878	37.132981	81.166853	37.172926	77.433794	37.250555	73.657723	37.366760	69.844799	37.522073	66.001187	37.716636	62.132944	37.950209	58.245887
820.738770	39.406198	126.288402	39.138986	123.594516	38.877722	120.814353	38.624699	117.947939	38.382336	114.995626	38.153160	111.958196	37.939765	108.836876	37.744795	105.633400	37.570909	102.350018	37.420736	98.989559	37.296839	95.555392	37.201667	92.051475	37.137513	88.482297	37.106468	84.852848	37.110375	81.168549	37.150797	77.435187	37.228976	73.658789	37.345803	69.845527	37.501808	66.001572	37.697137	62.133001	37.931543	58.245633
821.139220	39.383299	126.288839	39.115795	123.595406	38.854277	120.815658	38.601041	117.949609	38.358509	114.997607	38.129210	111.960431	37.915740	108.839304	37.720746	105.635955	37.546890	102.352635	37.396803	98.992173	37.273051	95.557936	37.178086	92.053891	37.114204	88.484527	37.083498	84.854845	37.087812	81.170269	37.128710	77.436601	37.207436	73.659874	37.324884	69.846270	37.481579	66.001973	37.677671	62.133071	37.912910	58.245391
821.539550	39.360498	126.289379	39.092703	123.596396	38.830932	120.817060	38.577484	117.951368	38.334781	114.999678	38.105358	111.962750	37.891813	108.841812	37.696793	105.638584	37.522966	102.355323	37.372963	98.994851	37.249354	95.560541	37.154595	92.056362	37.090983	88.486809	37.060610	84.856888	37.065328	81.172034	37.106701	77.438051	37.185971	73.660991	37.304035	69.847042	37.461418	66.002404	37.658268	62.133165	37.894337	58.245170
821.939820	39.337701	126.289920	39.069614	123.597385	38.807590	120.818461	38.553929	117.953128	38.311058	115.001749	38.081509	111.965067	37.867889	108.844319	37.672844	105.641214	37.499045	102.358010	37.349127	98.997529	37.225661	95.563146	37.131106	92.058833	37.067765	88.489090	37.037727	84.858931	37.042847	81.173800	37.084696	77.439502	37.164509	73.662109	37.283190	69.847815	37.441260	66.002834	37.638869	62.133260	37.875766	58.244948
822.339970	39.315032	126.290603	39.046656	123.598514	38.784379	120.819995	38.530504	117.955018	38.287463	115.003940	38.057790	111.967506	37.844092	108.846939	37.649021	105.643951	37.475249	102.360800	37.325411	99.000303	37.202087	95.565844	37.107734	92.061391	37.044657	88.491451	37.014951	84.861048	37.020472	81.175632	37.062790	77.441017	37.143144	73.663286	37.262435	69.848642	37.421189	66.003309	37.619550	62.133395	37.857273	58.244763
822.739990	39.292392	126.291311	39.023727	123.599668	38.761196	120.821551	38.507108	117.956932	38.263898	115.006153	38.034101	111.969966	37.820323	108.849579	37.625226	105.646708	37.451480	102.363608	37.301724	99.003093	37.178540	95.568557	37.084388	92.063964	37.021576	88.493826	36.992201	84.863178	36.998121	81.177475	37.040907	77.442543	37.121801	73.664473	37.241702	69.849478	37.401139	66.003791	37.600252	62.133537	37.838798	58.244585
823.139890	39.269809	126.292078	39.000854	123.600879	38.738071	120.823164	38.483770	117.958899	38.240391	115.008418	38.010469	111.972474	37.796612	108.852265	37.601488	105.649509	37.427767	102.366458	37.278090	99.005923	37.155046	95.571306	37.061095	92.066571	36.998545	88.496234	36.969499	84.865339	36.975817	81.179346	37.019070	77.444096	37.100502	73.665685	37.221011	69.850335	37.381128	66.004295	37.580991	62.133697	37.820359	58.244423
823.539730	39.247323	126.292957	38.978078	123.602197	38.715043	120.824882	38.460530	117.960964	38.216981	115.010782	37.986932	111.975073	37.772996	108.855039	37.577843	105.652394	37.404145	102.369386	37.254548	99.008830	37.131641	95.574125	37.037888	92.069243	36.975598	88.498705	36.946879	84.867557	36.953590	81.181271	36.997308	77.445701	37.079273	73.666941	37.200387	69.851232	37.361181	66.004838	37.561792	62.133892	37.801976	58.244292
823.939450	39.224844	126.293835	38.955308	123.603514	38.692021	120.826599	38.437296	117.963028	38.193578	115.013146	37.963403	111.977671	37.749387	108.857811	37.554206	105.655279	37.380530	102.372314	37.231013	99.011737	37.108242	95.576943	37.014687	92.071914	36.952659	88.501175	36.924266	84.869774	36.931371	81.183196	36.975552	77.447305	37.058051	73.668198	37.179770	69.852128	37.341240	66.005381	37.542599	62.134087	37.783599	58.244161
824.339050	39.202490	126.294837	38.932665	123.604956	38.669127	120.828432	38.414189	117.965206	38.170300	115.015615	37.939997	111.980373	37.725902	108.860683	37.530690	105.658253	37.357035	102.375328	37.207596	99.014722	37.084959	95.579838	36.991598	92.074657	36.929828	88.503709	36.901757	84.872050	36.909252	81.185176	36.953893	77.448953	37.036922	73.669495	37.159242	69.853066	37.321383	66.005954	37.523485	62.134311	37.765296	58.244053
824.738590	39.180160	126.295862	38.910047	123.606419	38.646257	120.830285	38.391106	117.967404	38.147046	115.018102	37.916616	111.983092	37.702442	108.863572	37.507199	105.661244	37.333564	102.378358	37.184202	99.017722	37.061697	95.582745	36.968531	92.077413	36.907018	88.506254	36.879269	84.874336	36.887154	81.187167	36.932253	77.450608	37.015811	73.670800	37.138732	69.854012	37.301544	66.006533	37.504386	62.134539	37.747008	58.243949
825.138000	39.157886	126.296945	38.887485	123.607937	38.623444	120.832192	38.368080	117.969654	38.123849	115.020640	37.893291	111.985859	37.679037	108.866508	37.483762	105.664278	37.310147	102.381430	37.160861	99.020761	37.038488	95.585691	36.945514	92.080204	36.884258	88.508833	36.856829	84.876654	36.865103	81.189185	36.910658	77.452291	36.994743	73.672130	37.118263	69.854978	37.281743	66.007133	37.485324	62.134786	37.728755	58.243863
825.537290	39.135710	126.298138	38.865023	123.609561	38.600730	120.834203	38.345154	117.972002	38.100752	115.023271	37.870065	111.988716	37.655731	108.869530	37.460423	105.667398	37.286828	102.384579	37.137613	99.023878	37.015372	95.588710	36.922587	92.083061	36.861583	88.511477	36.834473	84.879033	36.843133	81.191256	36.889140	77.454027	36.973749	73.673507	37.097863	69.855987	37.262009	66.007773	37.466325	62.135068	37.710562	58.243810
825.936460	39.113541	126.299332	38.842567	123.611185	38.578023	120.836213	38.322236	117.974350	38.077662	115.025902	37.846847	111.991572	37.632432	108.872551	37.437090	105.670517	37.263515	102.387728	37.114372	99.026993	36.992262	95.591729	36.899667	92.085917	36.838916	88.514121	36.812124	84.881411	36.821169	81.193327	36.867628	77.455763	36.952762	73.674883	37.077469	69.856995	37.242280	66.008412	37.447332	62.135350	37.692375	58.243756
826.335570	39.091492	126.300659	38.820232	123.612936	38.555437	120.838345	38.299438	117.976818	38.054690	115.028649	37.823747	111.994541	37.609249	108.875677	37.413873	105.673737	37.240314	102.390974	37.091243	99.030200	36.969261	95.594828	36.876853	92.088853	36.816352	88.516836	36.789875	84.883856	36.799301	81.195462	36.846210	77.457555	36.931862	73.676310	37.057159	69.858049	37.222632	66.009095	37.428414	62.135670	37.674258	58.243736
826.734560	39.069471	126.302011	38.797925	123.614710	38.532879	120.840500	38.276668	117.979308	38.031747	115.031416	37.800677	111.997530	37.586094	108.878821	37.390683	105.676976	37.217141	102.394237	37.068142	99.033424	36.946288	95.597942	36.854065	92.091803	36.793814	88.519563	36.767651	84.886313	36.777457	81.197608	36.824815	77.459357	36.910984	73.677747	37.036871	69.859111	37.203003	66.009786	37.409515	62.135997	37.656160	58.243722
827.133420	39.047503	126.303411	38.775671	123.616532	38.510374	120.842702	38.253951	117.981842	38.008857	115.034226	37.777658	112.000559	37.562992	108.882004	37.367546	105.680251	37.194019	102.397534	37.045090	99.036679	36.923362	95.601088	36.831325	92.094780	36.771322	88.522316	36.745470	84.888794	36.755655	81.199776	36.803461	77.461180	36.890147	73.679203	37.016620	69.860191	37.183410	66.010491	37.390651	62.136338	37.638093	58.243720
827.532230	39.025627	126.304908	38.753510	123.618449	38.487962	120.845000	38.231326	117.984465	37.986061	115.037123	37.754731	112.003669	37.539982	108.885266	37.344499	105.683597	37.170986	102.400899	37.022123	99.039998	36.900519	95.604298	36.808668	92.097814	36.748908	88.525122	36.723367	84.891326	36.733928	81.201988	36.782177	77.463045	36.869377	73.680697	36.996435	69.861304	37.163878	66.011225	37.371846	62.136705	37.620080	58.243740
827.930910	39.003759	126.306405	38.731355	123.620365	38.465557	120.847296	38.208708	117.987087	37.963273	115.040018	37.731812	112.006778	37.516979	108.888526	37.321460	105.686943	37.147960	102.404263	36.999165	99.043317	36.877683	95.607507	36.786018	92.100846	36.726501	88.527926	36.701270	84.893856	36.712207	81.204199	36.760901	77.464910	36.848614	73.682190	36.976256	69.862417	37.144352	66.011958	37.353047	62.137071	37.602074	58.243760
828.329470	38.982007	126.308024	38.709317	123.622401	38.443270	120.849702	38.186209	117.989818	37.940601	115.043018	37.709009	112.009986	37.494090	108.891879	37.298532	105.690379	37.125046	102.407714	36.976316	99.046712	36.854955	95.610788	36.763471	92.103951	36.704195	88.530797	36.679271	84.896444	36.690579	81.206465	36.739714	77.466822	36.827937	73.683729	36.956159	69.863570	37.124905	66.012726	37.334320	62.137468	37.584136	58.243807
828.727970	38.960281	126.309668	38.687305	123.624463	38.421010	120.852132	38.163736	117.992573	37.917955	115.046040	37.686233	112.013215	37.471227	108.895250	37.275629	105.693832	37.102158	102.411183	36.953492	99.050123	36.832251	95.614083	36.740947	92.107071	36.681913	88.533683	36.657294	84.899044	36.668973	81.208742	36.718547	77.468743	36.807280	73.685276	36.936081	69.864731	37.105476	66.013501	37.315609	62.137870	37.566215	58.243860
829.126340	38.938606	126.311362	38.665345	123.626571	38.398801	120.854607	38.141315	117.995371	37.895360	115.049104	37.663507	112.016484	37.448414	108.898662	37.252777	105.697323	37.079317	102.414687	36.930716	99.053569	36.809595	95.617411	36.718468	92.110219	36.659675	88.536595	36.635361	84.901669	36.647409	81.211044	36.697421	77.470687	36.786661	73.686844	36.916039	69.865911	37.086082	66.014294	37.296932	62.138289	37.548325	58.243926
829.524600	38.917031	126.313161	38.643486	123.628779	38.376692	120.857184	38.118992	117.998264	37.872864	115.052258	37.640879	112.019841	37.425700	108.902159	37.230023	105.700893	37.056571	102.418266	36.908032	99.057091	36.787030	95.620808	36.696079	92.113430	36.637525	88.539567	36.613511	84.904352	36.625928	81.213398	36.676373	77.472681	36.766116	73.688454	36.896067	69.867129	37.066756	66.015127	37.278319	62.138741	37.530494	58.244022
829.922730	38.895463	126.314959	38.621634	123.630987	38.354590	120.859760	38.096677	118.001156	37.850377	115.055411	37.618259	112.023198	37.402993	108.905655	37.207277	105.704461	37.033832	102.421844	36.885356	99.060612	36.764472	95.624204	36.673697	92.116641	36.615382	88.542537	36.591668	84.907034	36.604453	81.215752	36.655333	77.474673	36.745578	73.690064	36.876102	69.868348	37.047436	66.015959	37.259711	62.139194	37.512669	58.244118
830.320800	38.874005	126.316879	38.599893	123.633313	38.332600	120.862448	38.074474	118.004154	37.828000	115.058669	37.595751	112.026654	37.380395	108.909249	37.184638	105.708126	37.011201	102.425510	36.862785	99.064215	36.742017	95.627677	36.651414	92.119927	36.593333	88.545579	36.569918	84.909782	36.583065	81.218162	36.634376	77.476719	36.725121	73.691725	36.856215	69.869612	37.028188	66.016828	37.241174	62.139682	37.494909	58.244247
830.718750	38.852580	126.318828	38.578185	123.635666	38.310642	120.865163	38.052304	118.007178	37.805656	115.061951	37.573276	112.030134	37.357829	108.912865	37.162031	105.711812	36.988602	102.429196	36.840244	99.067836	36.719592	95.631169	36.629161	92.123230	36.571314	88.548636	36.548197	84.912545	36.561705	81.220585	36.613445	77.478777	36.704690	73.693398	36.836353	69.870887	37.008964	66.017706	37.222658	62.140179	37.477171	58.244384
831.116580	38.831198	126.320817	38.556521	123.638058	38.288729	120.867913	38.030179	118.010238	37.783356	115.065267	37.550845	112.033646	37.335308	108.916512	37.139466	105.715526	36.966045	102.432909	36.817746	99.071484	36.697207	95.634684	36.606948	92.126555	36.549333	88.551713	36.526512	84.915325	36.540381	81.223027	36.592550	77.480851	36.684292	73.695084	36.816522	69.872175	36.989770	66.018596	37.204171	62.140686	37.459459	58.244528
831.514340	38.809913	126.322902	38.534952	123.640543	38.266912	120.870754	38.008149	118.013389	37.761151	115.068669	37.528507	112.037239	37.312880	108.920236	37.116993	105.719310	36.943576	102.436690	36.795335	99.075195	36.674909	95.638259	36.584819	92.129932	36.527433	88.554839	36.504905	84.918150	36.519134	81.225516	36.571729	77.482963	36.663965	73.696805	36.796757	69.873495	36.970639	66.019515	37.185743	62.141217	37.441801	58.244694
831.911930	38.788637	126.324985	38.513393	123.643028	38.245104	120.873593	37.986129	118.016537	37.738956	115.072070	37.506178	112.040830	37.290462	108.923958	37.094530	105.723092	36.921117	102.440470	36.772933	99.078905	36.652619	95.641832	36.562700	92.133308	36.505543	88.557963	36.483307	84.920974	36.497895	81.228003	36.550917	77.485074	36.643646	73.698525	36.777001	69.874815	36.951517	66.020434	37.167322	62.141747	37.424152	58.244859
832.309510	38.767466	126.327187	38.491941	123.645625	38.223403	120.876545	37.964216	118.019795	37.716868	115.075574	37.483955	112.044523	37.268148	108.927774	37.072171	105.726969	36.898761	102.444339	36.750633	99.082700	36.630427	95.645488	36.540675	92.136762	36.483745	88.561163	36.461800	84.923867	36.476743	81.230549	36.530186	77.487245	36.623405	73.700299	36.757320	69.876181	36.932464	66.021398	37.148969	62.142318	37.406566	58.245061
832.706910	38.746335	126.329422	38.470530	123.648254	38.201743	120.879529	37.942343	118.023081	37.694822	115.079106	37.461772	112.048243	37.245874	108.931615	37.049851	105.730871	36.876444	102.448232	36.728371	99.086518	36.608273	95.649166	36.518688	92.140237	36.461984	88.564382	36.440328	84.926778	36.455624	81.233111	36.509487	77.489431	36.603196	73.702088	36.737668	69.877561	36.913441	66.022374	37.130642	62.142901	37.389007	58.245273
833.104250	38.725243	126.331695	38.449157	123.650920	38.180121	120.882548	37.920509	118.026401	37.672813	115.082671	37.439627	112.051996	37.223637	108.935488	37.027568	105.734802	36.854163	102.452152	36.706144	99.090361	36.586154	95.652868	36.496734	92.143735	36.440255	88.567623	36.418887	84.929710	36.434535	81.235694	36.488817	77.491635	36.583015	73.703892	36.718044	69.878956	36.894442	66.023363	37.112340	62.143495	37.371470	58.245496
833.501460	38.704255	126.334077	38.427887	123.653693	38.158604	120.885669	37.898779	118.029817	37.650907	115.086328	37.417586	112.055838	37.201502	108.939449	37.005387	105.738815	36.831982	102.456149	36.684014	99.094276	36.564130	95.656641	36.474872	92.147302	36.418616	88.570924	36.397533	84.932701	36.413529	81.238333	36.468228	77.493889	36.562911	73.705741	36.698493	69.880395	36.875514	66.024387	37.094104	62.144124	37.353993	58.245749
833.898560	38.683274	126.336459	38.406624	123.656465	38.137094	120.888790	37.877055	118.033231	37.629007	115.089985	37.395552	112.059680	37.179374	108.943408	36.983212	105.742826	36.809807	102.460145	36.661891	99.098190	36.542112	95.660413	36.453016	92.150868	36.396983	88.574223	36.376185	84.935691	36.392529	81.240972	36.447645	77.496143	36.542812	73.707589	36.678947	69.881834	36.856591	66.025411	37.075874	62.144752	37.336521	58.246002
834.295590	38.662392	126.338945	38.385461	123.659340	38.115683	120.892009	37.855432	118.036744	37.607208	115.093738	37.373617	112.063611	37.157345	108.947455	36.961134	105.746922	36.787728	102.464222	36.639861	99.102183	36.520187	95.664255	36.431250	92.154499	36.375437	88.577587	36.354919	84.938739	36.371611	81.243662	36.427140	77.498446	36.522787	73.709484	36.659472	69.883314	36.837734	66.026476	37.057706	62.145415	37.319110	58.246287
834.692500	38.641549	126.341468	38.364338	123.662250	38.094312	120.895261	37.833849	118.040290	37.585449	115.097523	37.351722	112.067572	37.135356	108.951531	36.939095	105.751047	36.765687	102.468325	36.617868	99.106201	36.498297	95.668118	36.409520	92.158151	36.353926	88.580972	36.333687	84.941807	36.350726	81.246369	36.406666	77.500766	36.502792	73.711395	36.640027	69.884806	36.818905	66.027554	37.039564	62.146088	37.301724	58.246582
835.089290	38.620740	126.344019	38.343250	123.665188	38.072976	120.898540	37.812300	118.043861	37.563725	115.101332	37.329861	112.071556	37.113401	108.955628	36.917089	105.755191	36.743680	102.472448	36.595909	99.110237	36.476440	95.672000	36.387821	92.161819	36.332446	88.584372	36.312485	84.944887	36.329869	81.249089	36.386219	77.503097	36.482823	73.713316	36.620607	69.886308	36.800100	66.028640	37.021445	62.146769	37.284359	58.246884
835.485960	38.600035	126.346670	38.322266	123.668220	38.051746	120.901912	37.790857	118.047523	37.542105	115.105224	37.308103	112.075620	37.091548	108.959802	36.895184	105.759407	36.721772	102.476639	36.574046	99.114338	36.454678	95.675943	36.366215	92.165544	36.311054	88.587822	36.291372	84.948017	36.309096	81.251855	36.365852	77.505470	36.462931	73.715274	36.601257	69.887843	36.781366	66.029754	37.003392	62.147474	37.267056	58.247206
835.882570	38.579333	126.349320	38.301286	123.671252	38.030520	120.905283	37.769417	118.051185	37.520488	115.109116	37.286348	112.079684	37.069698	108.963975	36.873283	105.763622	36.699868	102.480830	36.552187	99.118438	36.432919	95.679886	36.344611	92.169269	36.289666	88.591272	36.270261	84.951146	36.288327	81.254621	36.345488	77.507843	36.443042	73.717232	36.581911	69.889378	36.762634	66.030867	36.985341	62.148179	37.249755	58.247528
836.279050	38.558728	126.352062	38.280401	123.674375	38.009388	120.908742	37.748071	118.054928	37.498966	115.113089	37.264688	112.083825	37.047941	108.968223	36.851473	105.767908	36.678052	102.485088	36.530417	99.122601	36.411245	95.683887	36.323093	92.173048	36.268359	88.594773	36.249229	84.954320	36.267632	81.257429	36.325197	77.510253	36.423223	73.719226	36.562633	69.890943	36.743965	66.032008	36.967349	62.148911	37.232511	58.247872
836.675480	38.538163	126.354841	38.259557	123.677535	37.988297	120.912238	37.726765	118.058706	37.477482	115.117096	37.243067	112.087998	37.026221	108.972502	36.829701	105.772224	36.656275	102.489374	36.508685	99.126790	36.389608	95.687912	36.301609	92.176850	36.247085	88.598297	36.228230	84.957514	36.246968	81.260253	36.304938	77.512678	36.403434	73.721234	36.543384	69.892522	36.725322	66.033160	36.949381	62.149653	37.215289	58.248226
837.071720	38.517630	126.357644	38.238745	123.680717	37.967238	120.915754	37.705492	118.062503	37.456032	115.121123	37.221479	112.092190	37.004535	108.976799	36.807961	105.776556	36.634528	102.493675	36.486983	99.130993	36.368001	95.691952	36.280156	92.180665	36.225842	88.601832	36.207259	84.960719	36.226333	81.263089	36.284705	77.515114	36.383670	73.723251	36.524159	69.894108	36.706702	66.034320	36.931436	62.150402	37.198088	58.248586
837.467900	38.497200	126.360558	38.218038	123.684006	37.946283	120.919370	37.684326	118.066399	37.434688	115.125242	37.199994	112.096473	36.982954	108.981179	36.786324	105.780969	36.612882	102.498055	36.465377	99.135266	36.346490	95.696063	36.258794	92.184546	36.204688	88.605429	36.186375	84.963981	36.205782	81.265978	36.264551	77.517598	36.363984	73.725309	36.505004	69.895735	36.688152	66.035517	36.913558	62.151182	37.180948	58.248973
837.864010	38.476774	126.363471	38.197336	123.687294	37.925333	120.922984	37.663164	118.070295	37.413347	115.129361	37.178514	112.100756	36.961376	108.985558	36.764690	105.785381	36.591239	102.502434	36.443775	99.139539	36.324984	95.700173	36.237436	92.188426	36.183538	88.609025	36.165494	84.967242	36.185235	81.268867	36.244402	77.520082	36.344300	73.727367	36.485854	69.897361	36.669606	66.036714	36.895682	62.151961	37.163811	58.249360
838.259950	38.456441	126.366474	38.176726	123.690668	37.904477	120.926684	37.642095	118.074272	37.392100	115.133560	37.157126	112.105116	36.939889	108.990012	36.743147	105.789865	36.569686	102.506880	36.422262	99.143880	36.303562	95.704343	36.216162	92.192364	36.162469	88.612676	36.144691	84.970554	36.164763	81.271803	36.224325	77.522611	36.324687	73.729467	36.466770	69.899024	36.651122	66.037944	36.877867	62.152772	37.146732	58.249776
838.655820	38.436157	126.369525	38.156164	123.694087	37.883669	120.930429	37.621072	118.078292	37.370899	115.137800	37.135786	112.109516	36.918448	108.994506	36.721651	105.794386	36.548179	102.511362	36.400795	99.148256	36.282185	95.708544	36.194931	92.196333	36.141442	88.616355	36.123929	84.973895	36.144330	81.274763	36.204286	77.525163	36.305108	73.731591	36.447722	69.900706	36.632670	66.039191	36.860082	62.153598	37.129681	58.250206
839.051570	38.415895	126.372590	38.135624	123.697521	37.862883	120.934188	37.600072	118.082326	37.349721	115.142053	37.114468	112.113928	36.897029	108.999011	36.700176	105.798918	36.526693	102.515854	36.379348	99.152642	36.260828	95.712754	36.173720	92.200310	36.120435	88.620041	36.103185	84.977242	36.123915	81.277729	36.184264	77.527721	36.285547	73.733719	36.428689	69.902393	36.614233	66.040444	36.842313	62.154428	37.112645	58.250640
839.447270	38.395739	126.375760	38.115192	123.701059	37.842205	120.938049	37.579181	118.086459	37.328652	115.146398	37.093256	112.118427	36.875715	109.003600	36.678804	105.803531	36.505308	102.520422	36.357999	99.157098	36.239567	95.717035	36.152602	92.204352	36.099520	88.623784	36.082531	84.980645	36.103585	81.280749	36.164324	77.530323	36.266062	73.735887	36.409730	69.904120	36.595867	66.041730	36.824608	62.155287	37.095669	58.251097
839.842770	38.375593	126.378928	38.094770	123.704595	37.821537	120.941909	37.558300	118.090590	37.307593	115.150740	37.072054	112.122923	36.854412	109.008187	36.657444	105.808142	36.483934	102.524987	36.336661	99.161551	36.218317	95.721314	36.131495	92.208393	36.078616	88.627526	36.061887	84.984045	36.083266	81.283766	36.144394	77.532924	36.246588	73.738053	36.390780	69.905846	36.577511	66.043015	36.806912	62.156146	37.078702	58.251554
840.238220	38.355524	126.382176	38.074425	123.708207	37.800946	120.945840	37.537496	118.094789	37.286609	115.155152	37.050928	112.127485	36.833184	109.012836	36.636156	105.812812	36.462633	102.529610	36.315394	99.166059	36.197137	95.725641	36.110455	92.212480	36.057775	88.631314	36.041306	84.987487	36.063006	81.286821	36.124522	77.535559	36.227170	73.740252	36.371883	69.907599	36.559205	66.044326	36.789264	62.157028	37.061780	58.252033
840.633610	38.335507	126.385477	38.054132	123.711869	37.780407	120.949819	37.516743	118.099033	37.265675	115.159611	37.029854	112.132092	36.812008	109.017527	36.614918	105.817521	36.441381	102.534270	36.294175	99.170602	36.176004	95.730000	36.089461	92.216597	36.036979	88.635133	36.020768	84.990956	36.042788	81.289901	36.104689	77.538217	36.207790	73.742472	36.353023	69.909370	36.540933	66.045653	36.771648	62.157925	37.044889	58.252526
841.028810	38.315510	126.388785	38.033859	123.715540	37.759888	120.953805	37.496010	118.103284	37.244761	115.164075	37.008799	112.136704	36.790851	109.022223	36.593699	105.822235	36.420148	102.538936	36.272975	99.175150	36.154890	95.734364	36.068485	92.220719	36.016200	88.638956	36.000247	84.994429	36.022586	81.292985	36.084873	77.540879	36.188425	73.744696	36.334177	69.911144	36.522676	66.046984	36.754047	62.158825	37.028010	58.253022
841.423950	38.295631	126.392216	38.013704	123.719332	37.739487	120.957912	37.475396	118.107653	37.223967	115.168649	36.987863	112.141425	36.769808	109.027026	36.572597	105.827049	36.399027	102.543696	36.251886	99.179790	36.133884	95.738820	36.047617	92.224922	35.995524	88.642857	35.979824	84.997975	36.002479	81.296135	36.065148	77.543607	36.169148	73.746978	36.315415	69.912974	36.504496	66.048364	36.736520	62.159772	37.011202	58.253557
841.818970	38.275758	126.395645	37.993556	123.723123	37.719093	120.962017	37.454787	118.112020	37.203180	115.173221	36.966932	112.146145	36.748772	109.031827	36.551500	105.831862	36.377913	102.548455	36.230804	99.184428	36.112884	95.743275	36.026754	92.229124	35.974855	88.646757	35.959407	85.001519	35.982379	81.299285	36.045429	77.546335	36.149877	73.749260	36.296659	69.914804	36.486322	66.049744	36.718998	62.160718	36.994399	58.254092
842.213930	38.255952	126.399140	37.973475	123.726976	37.698766	120.966181	37.434246	118.116445	37.182459	115.177849	36.946067	112.150916	36.727802	109.036678	36.530467	105.836725	36.356862	102.553260	36.209783	99.189112	36.091944	95.747767	36.005949	92.233365	35.954241	88.650690	35.939045	85.005097	35.962332	81.302465	36.025761	77.549090	36.130654	73.751565	36.277949	69.916656	36.468192	66.051144	36.701517	62.161681	36.977635	58.254642
842.608760	38.236206	126.402688	37.953455	123.730880	37.678499	120.970395	37.413765	118.120918	37.161799	115.182524	36.925261	112.155730	36.706892	109.041570	36.509492	105.841629	36.335869	102.558104	36.188819	99.193832	36.071058	95.752292	35.985197	92.237639	35.933678	88.654652	35.918735	85.008703	35.942335	81.305670	36.006140	77.551867	36.111476	73.753891	36.259281	69.918526	36.450103	66.052560	36.684074	62.162657	36.960907	58.255206
843.003480	38.216467	126.406236	37.933442	123.734784	37.658239	120.974609	37.393292	118.125391	37.141146	115.187199	36.904462	112.160543	36.685989	109.046461	36.488524	105.846533	36.314883	102.562947	36.167861	99.198551	36.050179	95.756816	35.964452	92.241913	35.913123	88.658613	35.898431	85.012308	35.922345	81.308875	35.986526	77.554644	36.092304	73.756216	36.240620	69.920397	36.432019	66.053976	36.666637	62.163633	36.944185	58.255769
843.398070	38.196852	126.409900	37.913551	123.738800	37.638105	120.978929	37.372942	118.129967	37.120614	115.191974	36.883786	112.165456	36.665206	109.051447	36.467677	105.851521	36.294014	102.567876	36.147018	99.203344	36.029412	95.761416	35.943817	92.246254	35.892674	88.662640	35.878229	85.015969	35.902450	81.312135	35.967004	77.557468	36.073222	73.758588	36.222044	69.922305	36.414018	66.055427	36.649279	62.164641	36.927534	58.256359
843.792600	38.177241	126.413563	37.893664	123.742815	37.617974	120.983248	37.352596	118.134543	37.100086	115.196747	36.863113	112.170369	36.644427	109.056432	36.446833	105.856509	36.273149	102.572804	36.126178	99.208136	36.008649	95.766015	35.923184	92.250594	35.872229	88.666668	35.858030	85.019629	35.882558	81.315394	35.947486	77.560291	36.054143	73.760960	36.203471	69.924214	36.396020	66.056877	36.631923	62.165650	36.910886	58.256949
844.187010	38.157690	126.417281	37.873839	123.746882	37.597904	120.987621	37.332311	118.139168	37.079620	115.201568	36.842502	112.175325	36.623708	109.061458	36.426048	105.861538	36.252342	102.577768	36.105396	99.212966	35.987943	95.770649	35.902607	92.254966	35.851837	88.670724	35.837883	85.023318	35.862717	81.318679	35.928016	77.563138	36.035109	73.763353	36.184941	69.926142	36.378064	66.058345	36.614606	62.166673	36.894275	58.257553
844.581300	38.138206	126.421060	37.854082	123.751006	37.577901	120.992052	37.312095	118.143849	37.059223	115.206442	36.821959	112.180331	36.603057	109.066529	36.405329	105.866613	36.231599	102.582774	36.084677	99.217840	35.967299	95.775320	35.882089	92.259373	35.831505	88.674812	35.817791	85.027039	35.842932	81.321991	35.908599	77.566010	36.016126	73.765768	36.166460	69.928091	36.360153	66.059831	36.597331	62.167712	36.877706	58.258173
844.975520	38.118726	126.424837	37.834330	123.755130	37.557902	120.996483	37.291882	118.148528	37.038829	115.211314	36.801419	112.185335	36.582409	109.071600	36.384613	105.871687	36.210860	102.587778	36.063961	99.222712	35.946659	95.779991	35.861576	92.263779	35.811176	88.678899	35.797702	85.030760	35.823150	81.325302	35.889186	77.568883	35.997147	73.768183	36.147982	69.930040	36.342245	66.061317	36.580060	62.168751	36.861140	58.258793
845.369630	38.099370	126.428746	37.814701	123.759385	37.538028	121.001036	37.271793	118.153328	37.018559	115.216306	36.781002	112.190457	36.561881	109.076788	36.364017	105.876872	36.190239	102.592892	36.043362	99.227688	35.926130	95.784759	35.841172	92.268283	35.790952	88.683079	35.777719	85.034567	35.803466	81.328695	35.869868	77.571833	35.978258	73.770671	36.129592	69.932056	36.324419	66.062867	36.562866	62.169849	36.844645	58.259464
845.763610	38.080029	126.432663	37.795087	123.763647	37.518168	121.005595	37.251719	118.158134	36.998303	115.221305	36.760598	112.195585	36.541368	109.081982	36.343434	105.882063	36.169633	102.598011	36.022777	99.232669	35.905616	95.789533	35.820782	92.272792	35.770741	88.687263	35.757748	85.038378	35.783795	81.332091	35.850562	77.574788	35.959381	73.773163	36.111213	69.934075	36.306603	66.064421	36.545684	62.170951	36.828159	58.260139
846.157470	38.060737	126.436620	37.775523	123.767948	37.498359	121.010192	37.231695	118.162978	36.978097	115.226338	36.740245	112.200746	36.520904	109.087207	36.322901	105.887283	36.149074	102.603157	36.002239	99.237674	35.885147	95.794331	35.800437	92.277322	35.750574	88.691468	35.737820	85.042209	35.764164	81.335506	35.831294	77.577758	35.940542	73.775667	36.092869	69.936106	36.288822	66.065984	36.528533	62.172061	36.811705	58.260821
846.551270	38.041515	126.440640	37.756028	123.772308	37.478620	121.014846	37.211741	118.167878	36.957959	115.231425	36.719960	112.205959	36.500509	109.092480	36.302435	105.892546	36.128580	102.608346	35.981765	99.242718	35.864741	95.799168	35.780152	92.281886	35.730466	88.695704	35.717948	85.046069	35.744588	81.338949	35.812079	77.580750	35.921754	73.778191	36.074574	69.938156	36.271085	66.067561	36.511424	62.173183	36.795291	58.261513
846.944950	38.022298	126.444659	37.736539	123.776666	37.458886	121.019498	37.191792	118.172777	36.937828	115.236510	36.699682	112.211170	36.480119	109.097751	36.281975	105.897808	36.108093	102.613533	35.961297	99.247761	35.844341	95.804004	35.759874	92.286448	35.710365	88.699939	35.698083	85.049928	35.725019	81.342392	35.792870	77.583742	35.902971	73.780714	36.056284	69.940205	36.253353	66.069138	36.494320	62.174304	36.778882	58.262205
847.338500	38.003186	126.448769	37.717154	123.781115	37.439258	121.024242	37.171948	118.177759	36.917800	115.241676	36.679504	112.216457	36.459831	109.103095	36.261615	105.903141	36.087703	102.618788	35.940924	99.252870	35.824035	95.808897	35.739686	92.291066	35.690351	88.704227	35.678301	85.053833	35.705532	81.345874	35.773740	77.586771	35.884264	73.783272	36.038064	69.942286	36.235691	66.070743	36.477281	62.175450	36.762534	58.262919
847.731990	37.984093	126.452894	37.697788	123.785579	37.419648	121.029001	37.152122	118.182755	36.897791	115.246854	36.659345	112.221756	36.439561	109.108451	36.241272	105.908485	36.067331	102.624053	35.920568	99.257988	35.803747	95.813800	35.719515	92.295692	35.670354	88.708523	35.658536	85.057745	35.686060	81.349362	35.754624	77.589806	35.865570	73.785836	36.019858	69.944372	36.218041	66.072352	36.460255	62.176600	36.746197	58.263637
848.125370	37.965044	126.457063	37.678466	123.790086	37.400083	121.033799	37.132341	118.187791	36.877828	115.252071	36.639232	112.227093	36.419335	109.113844	36.220974	105.913866	36.047002	102.629354	35.900255	99.263140	35.783499	95.818735	35.699384	92.300350	35.650396	88.712848	35.638808	85.061686	35.666625	81.352878	35.735544	77.592868	35.846910	73.788425	36.001685	69.946481	36.200423	66.073983	36.443257	62.177770	36.729887	58.264373
848.518620	37.946085	126.461326	37.659236	123.794686	37.380609	121.038683	37.112652	118.192915	36.857956	115.257373	36.619209	112.232515	36.399199	109.119316	36.200764	105.919326	36.026761	102.634731	35.880028	99.268363	35.763335	95.823743	35.679333	92.305079	35.630517	88.717237	35.619156	85.065688	35.647263	81.356454	35.716534	77.595988	35.828317	73.791068	35.983575	69.948638	36.182865	66.075660	36.426316	62.178984	36.713631	58.265147
848.911740	37.927133	126.465588	37.640012	123.799284	37.361141	121.043566	37.092970	118.198038	36.838090	115.262673	36.599194	112.237934	36.379069	109.124787	36.180561	105.924785	36.006527	102.640105	35.859807	99.273585	35.743177	95.828748	35.659289	92.309806	35.610644	88.721625	35.599511	85.069689	35.627908	81.360029	35.697530	77.599108	35.809730	73.793711	35.965471	69.950795	36.165314	66.077337	36.409381	62.180198	36.697381	58.265920
849.304810	37.908267	126.469926	37.620876	123.803953	37.341759	121.048522	37.073373	118.203227	36.818308	115.268040	36.579262	112.243416	36.359024	109.130320	36.160439	105.930298	35.986373	102.645533	35.839665	99.278857	35.723096	95.833800	35.639321	92.314574	35.590843	88.726052	35.579937	85.073727	35.608619	81.363637	35.678591	77.602254	35.791205	73.796376	35.947427	69.952972	36.147817	66.079034	36.392499	62.181426	36.681181	58.266708
849.697750	37.889431	126.474285	37.601770	123.808642	37.322407	121.053499	37.053807	118.208435	36.798556	115.273424	36.559360	112.248914	36.339008	109.135869	36.140348	105.935827	35.966248	102.650974	35.819552	99.284142	35.703043	95.838863	35.619380	92.319353	35.571069	88.730489	35.560389	85.077774	35.589356	81.367252	35.659676	77.605408	35.772703	73.799047	35.929405	69.955154	36.130341	66.080737	36.375637	62.182657	36.665000	58.267499
850.090640	37.870623	126.478668	37.582692	123.813354	37.303084	121.058497	37.034269	118.213663	36.778832	115.278828	36.539486	112.254432	36.319019	109.141436	36.120282	105.941373	35.946149	102.656431	35.799464	99.289444	35.683015	95.843941	35.599464	92.324145	35.551319	88.734939	35.540864	85.081832	35.570115	81.370878	35.640782	77.608571	35.754222	73.801728	35.911403	69.957345	36.112883	66.082446	36.358792	62.183896	36.648836	58.268296
850.483340	37.851908	126.483129	37.563706	123.818145	37.283855	121.063566	37.014823	118.218964	36.759202	115.284302	36.519703	112.260017	36.299121	109.147062	36.100306	105.946978	35.926138	102.661944	35.779463	99.294798	35.663072	95.849068	35.579630	92.328980	35.531648	88.739429	35.521415	85.085928	35.550948	81.374539	35.621960	77.611765	35.735810	73.804439	35.893465	69.959565	36.095487	66.084175	36.342006	62.185154	36.632725	58.269109
850.875980	37.833196	126.487589	37.544723	123.822935	37.264629	121.068635	36.995380	118.224263	36.739575	115.289775	36.499923	112.265601	36.279226	109.152688	36.080333	105.952583	35.906131	102.667456	35.759464	99.300151	35.643131	95.854193	35.559799	92.333815	35.511980	88.743920	35.501969	85.090023	35.531783	81.378200	35.603142	77.614958	35.717401	73.807150	35.875530	69.961785	36.078095	66.085903	36.325221	62.186413	36.616618	58.269923
851.268550	37.814565	126.492125	37.525821	123.827798	37.245482	121.073778	36.976017	118.229633	36.720027	115.295315	36.480222	112.271250	36.259408	109.158378	36.060438	105.958248	35.886198	102.673028	35.739540	99.305558	35.623263	95.859373	35.540038	92.338702	35.492382	88.748459	35.482589	85.094164	35.512683	81.381901	35.584383	77.618192	35.699049	73.809895	35.857651	69.964035	36.060754	66.087662	36.308488	62.187696	36.600556	58.270760
851.660950	37.795976	126.496693	37.506963	123.832693	37.226379	121.078955	36.956698	118.235034	36.700523	115.300884	36.460565	112.276926	36.239633	109.164096	36.040587	105.963939	35.866307	102.678627	35.719657	99.310989	35.603436	95.864576	35.520317	92.343612	35.472822	88.753018	35.463246	85.098325	35.493618	81.385619	35.565659	77.621443	35.680730	73.812656	35.839804	69.966298	36.043445	66.089434	36.291784	62.188990	36.584522	58.271607
852.053280	37.777407	126.501278	37.488124	123.837602	37.207295	121.084144	36.937399	118.240448	36.681038	115.306466	36.440928	112.282615	36.219877	109.169827	36.020754	105.969643	35.846435	102.684236	35.699792	99.316431	35.583626	95.869790	35.500613	92.348533	35.453279	88.757588	35.443920	85.102496	35.474570	81.389347	35.546950	77.624702	35.662426	73.815424	35.821971	69.968569	36.026148	66.091212	36.275093	62.190291	36.568499	58.272460
852.445500	37.758945	126.505964	37.469392	123.842608	37.188321	121.089426	36.918207	118.245954	36.661661	115.312139	36.421396	112.288390	36.200227	109.175644	36.001023	105.975430	35.826666	102.689922	35.680027	99.321952	35.563914	95.875074	35.481004	92.353521	35.433826	88.762223	35.424682	85.106727	35.455607	81.393135	35.528324	77.628015	35.644201	73.818242	35.804212	69.970885	36.008923	66.093032	36.258467	62.191634	36.552541	58.273349
852.837590	37.740490	126.510649	37.450666	123.847613	37.169352	121.094706	36.899022	118.251458	36.642290	115.317811	36.401872	112.294164	36.180584	109.181459	35.981299	105.981216	35.806903	102.695606	35.660268	99.327472	35.544208	95.880357	35.461401	92.358507	35.414381	88.766857	35.405450	85.110957	35.436651	81.396922	35.509704	77.631326	35.625982	73.821060	35.786459	69.973200	35.991703	66.094851	36.241846	62.192975	36.536588	58.274237
853.229610	37.722101	126.515393	37.432008	123.852678	37.150451	121.100045	36.879905	118.257019	36.622985	115.323536	36.382413	112.299990	36.161006	109.187323	35.961639	105.987047	35.787203	102.701336	35.640572	99.333032	35.524562	95.885681	35.441858	92.363533	35.394993	88.771526	35.386275	85.115219	35.417748	81.400738	35.491135	77.634665	35.607811	73.823904	35.768754	69.975539	35.974528	66.096692	36.225269	62.194335	36.520674	58.275142
853.621520	37.703763	126.520180	37.413401	123.857785	37.131601	121.105424	36.860839	118.262620	36.603731	115.329298	36.363004	112.305854	36.141479	109.193219	35.942028	105.992911	35.767552	102.707098	35.620923	99.338620	35.504962	95.891033	35.422360	92.368586	35.375649	88.776221	35.367143	85.119504	35.398885	81.404574	35.472606	77.638023	35.589678	73.826765	35.751084	69.977896	35.957387	66.098549	36.208723	62.195708	36.504791	58.276058
854.013310	37.685435	126.524969	37.394804	123.862894	37.112759	121.110805	36.841782	118.268221	36.584486	115.335061	36.343605	112.311718	36.121960	109.199117	35.922425	105.998775	35.747909	102.712860	35.601284	99.344209	35.485372	95.896386	35.402871	92.373640	35.356314	88.780915	35.348020	85.123789	35.380031	81.408411	35.454085	77.641382	35.571553	73.829627	35.733422	69.980252	35.940254	66.100406	36.192185	62.197081	36.488915	58.276975
854.405030	37.667210	126.529853	37.376312	123.868094	37.094022	121.116274	36.822829	118.273909	36.565345	115.340906	36.324310	112.317662	36.102543	109.205091	35.902926	106.004713	35.728365	102.718691	35.581741	99.349866	35.465876	95.901802	35.383472	92.378747	35.337068	88.785661	35.328981	85.128126	35.361260	81.412296	35.435643	77.644782	35.553505	73.832526	35.715832	69.982643	35.923188	66.102292	36.175711	62.198479	36.473098	58.277913
854.796630	37.648992	126.534735	37.357825	123.873292	37.075291	121.121741	36.803881	118.279594	36.546211	115.346750	36.305020	112.323605	36.083132	109.211063	35.883433	106.010650	35.708828	102.724520	35.562205	99.355522	35.446386	95.907215	35.364079	92.383853	35.317827	88.790406	35.309948	85.132461	35.342494	81.416181	35.417206	77.648182	35.535463	73.835424	35.698247	69.985034	35.906126	66.104177	36.159241	62.199877	36.457286	58.278852
855.188110	37.630833	126.539668	37.339399	123.878541	37.056620	121.127258	36.784994	118.285328	36.527136	115.352641	36.285789	112.329591	36.063779	109.217080	35.863996	106.016629	35.689347	102.730390	35.542723	99.361216	35.426950	95.912666	35.344740	92.388997	35.298638	88.795185	35.290965	85.136827	35.323776	81.420094	35.398815	77.651610	35.517464	73.838347	35.680703	69.987447	35.889106	66.106085	36.142810	62.201296	36.441509	58.279809
855.579530	37.612736	126.544658	37.321033	123.883845	37.038011	121.132831	36.766168	118.291116	36.508123	115.358583	36.266618	112.335627	36.044487	109.223145	35.844617	106.022655	35.669924	102.736306	35.523298	99.366953	35.407571	95.918158	35.325454	92.394181	35.279500	88.800002	35.272032	85.141229	35.305107	81.424039	35.380472	77.655068	35.499509	73.841297	35.663202	69.989887	35.872126	66.108017	36.126417	62.202737	36.425768	58.280787
855.970760	37.594648	126.549645	37.302676	123.889146	37.019411	121.138401	36.747351	118.296901	36.489118	115.364523	36.247457	112.341659	36.025203	109.229207	35.825247	106.028679	35.650510	102.742219	35.503881	99.372687	35.388201	95.923647	35.306178	92.399363	35.260372	88.804816	35.253108	85.145629	35.286448	81.427981	35.362137	77.658525	35.481562	73.844247	35.645709	69.992326	35.855154	66.109948	36.110032	62.204177	36.410035	58.281764
856.362000	37.576656	126.554727	37.284417	123.894541	37.000909	121.144059	36.728631	118.302768	36.470210	115.370549	36.228392	112.347775	36.006014	109.235347	35.805971	106.034774	35.631187	102.748204	35.484556	99.378490	35.368916	95.929200	35.286987	92.404603	35.241326	88.809689	35.234263	85.150082	35.267863	81.431974	35.343874	77.662025	35.463684	73.847240	35.628284	69.994800	35.838245	66.111912	36.093705	62.205646	36.394358	58.282767
856.753050	37.558681	126.559814	37.266174	123.899941	36.982423	121.149721	36.709927	118.308639	36.451318	115.376578	36.209344	112.353894	35.986842	109.241490	35.786713	106.040873	35.611881	102.754192	35.465247	99.384296	35.349647	95.934755	35.267812	92.409845	35.222296	88.814564	35.215432	85.154536	35.249294	81.435969	35.325626	77.665528	35.445821	73.850235	35.610872	69.997276	35.821350	66.113878	36.077391	62.207117	36.378693	58.283771
857.144040	37.540747	126.564936	37.247973	123.905374	36.963978	121.155417	36.691265	118.314545	36.432467	115.382638	36.190336	112.360043	35.967710	109.247663	35.767494	106.047000	35.592614	102.760205	35.445975	99.390126	35.330416	95.940333	35.248673	92.415110	35.203300	88.819459	35.196636	85.159009	35.230758	81.439981	35.307409	77.669048	35.427988	73.853245	35.593488	69.999766	35.804481	66.115856	36.061103	62.208598	36.363052	58.284784
857.534850	37.522888	126.570118	37.229846	123.910864	36.945608	121.161169	36.672678	118.320508	36.413691	115.388747	36.171402	112.366241	35.948650	109.253885	35.748345	106.053175	35.573417	102.766261	35.426772	99.395997	35.311253	95.945951	35.229600	92.420414	35.184368	88.824388	35.177902	85.163515	35.212281	81.444021	35.289251	77.672596	35.410210	73.856277	35.576156	70.002280	35.787662	66.117854	36.044862	62.210097	36.347454	58.285813
857.925660	37.505030	126.575300	37.211719	123.916353	36.927238	121.166921	36.654091	118.326472	36.394914	115.394857	36.152467	112.372440	35.929590	109.260108	35.729197	106.059349	35.554220	102.772316	35.407568	99.401868	35.292090	95.951568	35.210526	92.425718	35.165436	88.829316	35.159169	85.168020	35.193804	81.448061	35.271093	77.676144	35.392432	73.859309	35.558824	70.004794	35.770842	66.119852	36.028621	62.211595	36.331855	58.286841
858.316280	37.487268	126.580569	37.193691	123.921929	36.908968	121.172756	36.635603	118.332512	36.376236	115.401045	36.133630	112.378715	35.910628	109.266403	35.710146	106.065594	35.535117	102.778444	35.388457	99.407806	35.273018	95.957251	35.191540	92.431082	35.146589	88.834303	35.140518	85.172581	35.175405	81.452155	35.253010	77.679739	35.374727	73.862388	35.541562	70.007347	35.754089	66.121887	36.012442	62.213130	36.316317	58.287902
858.706850	37.469529	126.585858	37.175687	123.927525	36.890721	121.178611	36.617138	118.338570	36.357583	115.407252	36.114817	112.385008	35.891690	109.272714	35.691117	106.071854	35.516038	102.784588	35.369369	99.413760	35.253968	95.962948	35.172575	92.436461	35.127763	88.839303	35.121887	85.177155	35.157025	81.456261	35.234945	77.683344	35.357040	73.865479	35.524316	70.009910	35.737352	66.123931	35.996278	62.214673	36.300794	58.288970
859.097290	37.451822	126.591169	37.157715	123.933141	36.872506	121.184486	36.598705	118.344648	36.338960	115.413478	36.096036	112.391319	35.872783	109.279042	35.672118	106.078131	35.496988	102.790747	35.350310	99.419727	35.234947	95.968659	35.153638	92.441852	35.108964	88.844316	35.103282	85.181740	35.138672	81.460377	35.216905	77.686959	35.339377	73.868577	35.507094	70.012480	35.720636	66.125982	35.980135	62.216223	36.285290	58.290044
859.487670	37.434196	126.596548	37.139821	123.938824	36.854369	121.190425	36.580351	118.350789	36.320416	115.419765	36.077331	112.397687	35.853950	109.285424	35.653195	106.084463	35.478011	102.796953	35.331323	99.425744	35.215994	95.974416	35.134770	92.447284	35.090233	88.849370	35.084742	85.186363	35.120382	81.464526	35.198924	77.690608	35.321771	73.871701	35.489926	70.015077	35.703972	66.128055	35.964042	62.217791	36.269831	58.291136
859.877870	37.416578	126.601924	37.121935	123.944503	36.836240	121.196361	36.562005	118.356928	36.301880	115.426050	36.058636	112.404052	35.835127	109.291803	35.634281	106.090792	35.459043	102.803157	35.312344	99.431758	35.197049	95.980171	35.115911	92.452714	35.071511	88.854422	35.066210	85.190983	35.102100	81.468673	35.180952	77.694255	35.304172	73.874824	35.472767	70.017673	35.687315	66.130126	35.947956	62.219358	36.254378	58.292227
860.268010	37.399032	126.607361	37.104122	123.950242	36.818183	121.202354	36.543731	118.363120	36.283415	115.432387	36.040009	112.410469	35.816372	109.298233	35.615435	106.097167	35.440142	102.809408	35.293432	99.437813	35.178171	95.985963	35.097114	92.458181	35.052848	88.859506	35.047737	85.195633	35.083873	81.472850	35.163034	77.697925	35.286626	73.877971	35.455655	70.020292	35.670705	66.132219	35.931912	62.220942	36.238968	58.293331
860.658080	37.381519	126.612825	37.086343	123.956007	36.800161	121.208371	36.525491	118.369337	36.264984	115.438746	36.021417	112.416909	35.797652	109.304685	35.596622	106.103563	35.421275	102.815678	35.274552	99.443887	35.159324	95.991772	35.078347	92.463663	35.034213	88.864603	35.029291	85.200296	35.065674	81.477040	35.145142	77.701607	35.269104	73.881128	35.438567	70.022919	35.654116	66.134320	35.915889	62.222533	36.223577	58.294441
861.047970	37.364029	126.618300	37.068586	123.961782	36.782160	121.214399	36.507272	118.375563	36.246576	115.445116	36.002846	112.423358	35.778953	109.311146	35.577831	106.109967	35.402428	102.821957	35.255693	99.449968	35.140497	95.997589	35.059601	92.469152	35.015599	88.869708	35.010865	85.204966	35.047493	81.481236	35.127269	77.705295	35.251601	73.884292	35.421496	70.025552	35.637545	66.136426	35.899882	62.224128	36.208202	58.295556
861.437810	37.346635	126.623868	37.050926	123.967647	36.764258	121.220517	36.489152	118.381881	36.228265	115.451572	35.984373	112.429889	35.760351	109.317690	35.559133	106.116451	35.383674	102.828310	35.236925	99.456122	35.121758	96.003478	35.040940	92.474714	34.997068	88.874880	34.992519	85.209698	35.029390	81.485490	35.109469	77.709039	35.234167	73.887507	35.404493	70.028229	35.621038	66.138573	35.883937	62.225764	36.192883	58.296707
861.827510	37.329248	126.629433	37.033273	123.973510	36.746362	121.226633	36.471038	118.388196	36.209961	115.458027	35.965907	112.436418	35.741755	109.324231	35.540442	106.122932	35.364926	102.834660	35.218163	99.462273	35.103025	96.009365	35.022287	92.480274	34.978544	88.880051	34.974179	85.214428	35.011294	81.489741	35.091677	77.712782	35.216740	73.890720	35.387497	70.030905	35.604537	66.140720	35.867998	62.227399	36.177570	58.297858
862.217160	37.311919	126.635050	37.015678	123.979423	36.728525	121.232796	36.452982	118.394557	36.191714	115.464524	35.947497	112.442990	35.723215	109.330812	35.521806	106.129453	35.346233	102.841050	35.199453	99.468462	35.084345	96.015286	35.003683	92.485863	34.960069	88.885250	34.955887	85.219188	34.993243	81.494019	35.073927	77.716548	35.199354	73.893956	35.370539	70.033602	35.588073	66.142885	35.852094	62.229049	36.162290	58.299022
862.606690	37.294639	126.640706	36.998134	123.985376	36.710739	121.238995	36.434975	118.400952	36.173515	115.471053	35.929135	112.449593	35.704722	109.337425	35.503217	106.136002	35.327588	102.847469	35.180790	99.474679	35.065710	96.021233	34.985124	92.491474	34.941638	88.890472	34.937636	85.223970	34.975232	81.498316	35.056217	77.720332	35.182004	73.897207	35.353616	70.036315	35.571643	66.145063	35.836221	62.230711	36.147039	58.300197
862.996090	37.277364	126.646359	36.980595	123.991326	36.692959	121.245193	36.416975	118.407346	36.155323	115.477580	35.910779	112.456195	35.686236	109.344035	35.484634	106.142550	35.308949	102.853887	35.162132	99.480895	35.047081	96.027177	34.966571	92.497083	34.923212	88.895692	34.919392	85.228750	34.957228	81.502612	35.038512	77.724114	35.164660	73.900457	35.336699	70.039028	35.555219	66.147241	35.820353	62.232371	36.131794	58.301372
863.385380	37.260192	126.652097	36.963159	123.997358	36.675278	121.251470	36.399076	118.413817	36.137231	115.484185	35.892526	112.462871	35.667850	109.350713	35.466150	106.149164	35.290404	102.860366	35.143570	99.487170	35.028543	96.033179	34.948106	92.502749	34.904871	88.900960	34.901231	85.233573	34.939303	81.506948	35.020882	77.727936	35.147390	73.903742	35.319852	70.041769	35.538859	66.149445	35.804548	62.234056	36.116608	58.302566
863.774600	37.243024	126.657834	36.945726	124.003389	36.657602	121.257748	36.381182	118.420287	36.119144	115.490789	35.874276	112.469546	35.649469	109.357392	35.447671	106.155777	35.271864	102.866846	35.125012	99.493444	35.010008	96.039181	34.929644	92.508415	34.886535	88.906228	34.883074	85.238395	34.921381	81.511283	35.003257	77.731758	35.130124	73.907026	35.303009	70.044510	35.522503	66.151648	35.788745	62.235741	36.101425	58.303760
864.163700	37.225906	126.663611	36.928343	124.009460	36.639975	121.264063	36.363337	118.426794	36.101106	115.497430	35.856075	112.476257	35.631135	109.364104	35.429240	106.162425	35.253371	102.873357	35.106499	99.499749	34.991520	96.045211	34.911227	92.514108	34.868241	88.911523	34.864958	85.243244	34.903500	81.515644	34.985670	77.735601	35.112895	73.910331	35.286201	70.047270	35.506180	66.153869	35.772974	62.237443	36.086271	58.304969
864.552670	37.208853	126.669445	36.911025	124.015585	36.622415	121.270432	36.345558	118.433353	36.083134	115.504122	35.837939	112.483017	35.612865	109.370864	35.410872	106.169120	35.234940	102.879912	35.088047	99.506097	34.973092	96.051283	34.892870	92.519838	34.850003	88.916856	34.846897	85.248128	34.885672	81.520039	34.968135	77.739473	35.095715	73.913663	35.269440	70.050056	35.489901	66.156116	35.757245	62.239167	36.071155	58.306201
864.941530	37.191806	126.675278	36.893712	124.021708	36.604859	121.276799	36.327784	118.439909	36.065167	115.510812	35.819807	112.489775	35.594600	109.377623	35.392509	106.175813	35.216515	102.886466	35.069600	99.512443	34.954670	96.057353	34.874517	92.525567	34.831770	88.922187	34.828841	85.253012	34.867850	81.524432	34.950604	77.743345	35.078540	73.916995	35.252684	70.052842	35.473627	66.158361	35.741519	62.240891	36.056044	58.307432
865.330320	37.174844	126.681185	36.876487	124.027904	36.587390	121.283235	36.310096	118.446535	36.047286	115.517567	35.801761	112.496595	35.576419	109.384443	35.374228	106.182562	35.198172	102.893076	35.051233	99.518841	34.936323	96.063475	34.856240	92.531345	34.813612	88.927566	34.810855	85.257939	34.850094	81.528866	34.933138	77.747254	35.061427	73.920361	35.235986	70.055660	35.457410	66.160634	35.725849	62.242638	36.040984	58.308683
865.718990	37.157902	126.687104	36.859283	124.034110	36.569942	121.289681	36.292429	118.453172	36.029424	115.524331	35.783735	112.503424	35.558258	109.391272	35.355966	106.189320	35.179847	102.899695	35.032885	99.525246	34.917995	96.069604	34.837981	92.537130	34.795472	88.932951	34.792887	85.262874	34.832355	81.533305	34.915688	77.751168	35.044329	73.923733	35.219303	70.058483	35.441207	66.162912	35.710192	62.244389	36.025936	58.309937
866.107600	37.140990	126.693045	36.842108	124.040339	36.552524	121.296151	36.274791	118.459829	36.011592	115.531116	35.765738	112.510275	35.540127	109.398122	35.337732	106.196097	35.161551	102.906331	35.014564	99.531669	34.899694	96.075749	34.819748	92.542931	34.777356	88.938350	34.774943	85.267820	34.814640	81.537756	34.898261	77.755094	35.027253	73.927114	35.202641	70.061315	35.425024	66.165198	35.694553	62.246148	36.010906	58.311198
866.496030	37.124156	126.699047	36.825010	124.046628	36.535185	121.302679	36.257232	118.466541	35.993839	115.537955	35.747818	112.517179	35.522072	109.405024	35.319575	106.202925	35.143329	102.913014	34.996317	99.538138	34.881465	96.081934	34.801583	92.548772	34.759307	88.943784	34.757063	85.272799	34.796986	81.542240	34.880895	77.759050	35.010233	73.930522	35.186033	70.064168	35.408892	66.167506	35.678962	62.247926	35.995923	58.312475
866.884400	37.107324	126.705047	36.807914	124.052915	36.517848	121.309207	36.239677	118.473252	35.976089	115.544794	35.729900	112.524083	35.504019	109.411925	35.301421	106.209752	35.125109	102.919695	34.978072	99.544607	34.863240	96.088117	34.783421	92.554613	34.741261	88.949219	34.739185	85.277777	34.779336	81.546724	34.863532	77.763006	34.993217	73.933930	35.169428	70.067022	35.392763	66.169815	35.663373	62.249704	35.980941	58.313753
867.272710	37.090568	126.711111	36.790894	124.059267	36.500585	121.315796	36.222194	118.480023	35.958413	115.551691	35.712056	112.531042	35.486039	109.418879	35.283338	106.216630	35.106960	102.926428	34.959896	99.551124	34.845081	96.094350	34.765324	92.560498	34.723279	88.954698	34.721370	85.282796	34.761745	81.551243	34.846225	77.766996	34.976255	73.937372	35.152875	70.069906	35.376683	66.172150	35.647832	62.251506	35.966003	58.315054
867.660830	37.073851	126.717199	36.773911	124.065642	36.483360	121.322408	36.204751	118.486816	35.940775	115.558612	35.694251	112.538022	35.468098	109.425852	35.265292	106.223526	35.088848	102.933179	34.941758	99.557659	34.826957	96.100601	34.747263	92.566399	34.705332	88.960193	34.703588	85.287830	34.744187	81.555776	34.828948	77.770999	34.959323	73.940828	35.136351	70.072802	35.360631	66.174495	35.632317	62.253318	35.951090	58.316364
868.048890	37.057148	126.723297	36.756944	124.072026	36.466150	121.329029	36.187322	118.493618	35.923152	115.565540	35.676461	112.545010	35.450171	109.432834	35.247261	106.230431	35.070751	102.939938	34.923633	99.564201	34.808847	96.106859	34.729216	92.572306	34.687397	88.965695	34.685819	85.292870	34.726642	81.560315	34.811683	77.775008	34.942403	73.944288	35.119837	70.075703	35.344589	66.176844	35.616812	62.255134	35.936185	58.317677
868.436830	37.040535	126.729471	36.740068	124.078481	36.449032	121.335718	36.169984	118.500491	35.905619	115.572531	35.658760	112.552063	35.432331	109.439878	35.229317	106.237398	35.052736	102.946755	34.905590	99.570799	34.790818	96.113169	34.711247	92.578261	34.669538	88.971238	34.668124	85.297955	34.709166	81.564897	34.794487	77.779054	34.925547	73.947780	35.103385	70.078635	35.328606	66.179224	35.601362	62.256977	35.921335	58.319013
868.824710	37.023925	126.735644	36.723194	124.084935	36.431917	121.342406	36.152648	118.507363	35.888088	115.579521	35.641062	112.559115	35.414494	109.446921	35.211374	106.244365	35.034725	102.953570	34.887551	99.577395	34.772791	96.119479	34.693281	92.584215	34.651682	88.976781	34.650432	85.303038	34.691692	81.569478	34.777294	77.783099	34.908693	73.951272	35.086936	70.081568	35.312627	66.181603	35.585915	62.258819	35.906486	58.320349
869.212400	37.007375	126.741861	36.706382	124.091432	36.414863	121.349137	36.135373	118.514274	35.870617	115.586553	35.623424	112.566204	35.396717	109.454001	35.193492	106.251365	35.016772	102.960419	34.869567	99.584025	34.754821	96.125819	34.675369	92.590201	34.633879	88.982354	34.632791	85.308149	34.674269	81.574083	34.760148	77.787167	34.891886	73.954785	35.070530	70.084520	35.296687	66.183999	35.570507	62.260677	35.891674	58.321699
869.600100	36.990869	126.748117	36.689614	124.097966	36.397850	121.355908	36.118140	118.521222	35.853189	115.593622	35.605827	112.573326	35.378981	109.461115	35.175651	106.258396	34.998860	102.967299	34.851624	99.590686	34.736888	96.132187	34.657494	92.596214	34.616112	88.987953	34.615184	85.313284	34.656880	81.578709	34.743033	77.791254	34.875108	73.958317	35.054154	70.087490	35.280775	66.186409	35.555124	62.262549	35.876886	58.323062
869.987610	36.974371	126.754370	36.672854	124.104497	36.380846	121.362676	36.100916	118.528167	35.835770	115.600688	35.588239	112.580445	35.361254	109.468225	35.157819	106.265423	34.980957	102.974176	34.833688	99.597344	34.718964	96.138552	34.639628	92.602225	34.598354	88.993550	34.597586	85.318417	34.639499	81.583333	34.725927	77.795340	34.858339	73.961847	35.037785	70.090458	35.264871	66.188819	35.539749	62.264421	35.862106	58.324423
870.375060	36.957963	126.760697	36.656183	124.111104	36.363934	121.369511	36.083782	118.535179	35.818440	115.607819	35.570740	112.587629	35.343615	109.475394	35.140073	106.272513	34.963139	102.981112	34.815837	99.604053	34.701122	96.144968	34.621842	92.608283	34.580672	88.999191	34.580062	85.323588	34.622189	81.587993	34.708889	77.799463	34.841636	73.965408	35.021478	70.093452	35.249026	66.191251	35.524430	62.266312	35.847376	58.325803
870.762330	36.941566	126.767023	36.639523	124.117711	36.347034	121.376345	36.066660	118.542191	35.801122	115.614948	35.553252	112.594812	35.325988	109.482562	35.122338	106.279601	34.945331	102.988046	34.797997	99.610760	34.683291	96.151382	34.604068	92.614340	34.563000	89.004832	34.562548	85.328759	34.604890	81.592653	34.691862	77.803584	34.824942	73.968968	35.005180	70.096445	35.233191	66.193683	35.509121	62.268203	35.832655	58.327183
871.149600	36.925206	126.773381	36.622901	124.124348	36.330169	121.383211	36.049575	118.549233	35.783839	115.622108	35.535800	112.602024	35.308396	109.489759	35.104638	106.286715	34.927557	102.995006	34.780190	99.617492	34.665492	96.157820	34.586323	92.620418	34.545359	89.010492	34.545064	85.333949	34.587618	81.597331	34.674862	77.807722	34.808274	73.972543	34.988907	70.099452	35.217379	66.196128	35.493832	62.270105	35.817954	58.328573
871.536680	36.908911	126.779786	36.606345	124.131031	36.313370	121.390124	36.032557	118.556321	35.766624	115.629311	35.518414	112.609281	35.290869	109.496997	35.087001	106.293868	34.909847	103.002002	34.762444	99.624260	34.647754	96.164290	34.568636	92.626528	34.527776	89.016183	34.527636	85.339167	34.570399	81.602039	34.657913	77.811883	34.791655	73.976140	34.972683	70.102479	35.201610	66.198594	35.478585	62.272025	35.803295	58.329977
871.923710	36.892619	126.786191	36.589792	124.137713	36.296573	121.397036	36.015542	118.563407	35.749410	115.636512	35.501031	112.616536	35.273344	109.504234	35.069367	106.301019	34.892139	103.008997	34.744701	99.631028	34.630018	96.170760	34.550952	92.632638	34.510195	89.021873	34.510210	85.344385	34.553183	81.606746	34.640967	77.816044	34.775038	73.979737	34.956460	70.105505	35.185843	66.201060	35.463340	62.273945	35.788637	58.331380
872.310610	36.876413	126.792671	36.573323	124.144469	36.279862	121.404018	35.998610	118.570563	35.732282	115.643780	35.483730	112.623855	35.255902	109.511538	35.051815	106.308235	34.874512	103.016054	34.727037	99.637855	34.612359	96.177289	34.533343	92.638804	34.492686	89.027616	34.492854	85.349653	34.536034	81.611499	34.624085	77.820250	34.758484	73.983377	34.940295	70.108574	35.170133	66.203560	35.448149	62.275897	35.774029	58.332816
872.697450	36.860229	126.799170	36.556877	124.151242	36.263174	121.411016	35.981700	118.577735	35.715176	115.651064	35.466452	112.631189	35.238482	109.518857	35.034284	106.315466	34.856906	103.023125	34.709394	99.644696	34.594720	96.183832	34.515755	92.644984	34.475196	89.033371	34.475516	85.354932	34.518903	81.616262	34.607219	77.824468	34.741946	73.987028	34.924145	70.111652	35.154437	66.206069	35.432971	62.277858	35.759435	58.334259
873.084110	36.844072	126.805681	36.540458	124.158027	36.246513	121.418025	35.964818	118.584917	35.698097	115.658359	35.449201	112.638533	35.221088	109.526186	35.016780	106.322705	34.839326	103.030205	34.691776	99.651545	34.577107	96.190383	34.498192	92.651171	34.457731	89.039132	34.458202	85.360219	34.501796	81.621031	34.590376	77.828689	34.725430	73.990683	34.908016	70.114733	35.138762	66.208582	35.417813	62.279822	35.744858	58.335705
873.470700	36.827988	126.812243	36.524112	124.164864	36.229925	121.425086	35.948009	118.592149	35.681090	115.665703	35.432023	112.645924	35.203766	109.533556	34.999345	106.329988	34.821815	103.037325	34.674226	99.658433	34.559559	96.196969	34.480693	92.657388	34.440327	89.044925	34.440948	85.365537	34.484746	81.625830	34.573589	77.832934	34.708966	73.994358	34.891939	70.117830	35.123134	66.211112	35.402700	62.281800	35.730323	58.337162
873.857180	36.811907	126.818804	36.507771	124.171699	36.213342	121.432145	35.931205	118.599379	35.664089	115.673045	35.414850	112.653313	35.186449	109.540925	34.981916	106.337268	34.804309	103.044443	34.656680	99.665318	34.542017	96.203553	34.463199	92.663604	34.422929	89.050716	34.423698	85.370853	34.467702	81.630628	34.556808	77.837177	34.692506	73.998032	34.875866	70.120926	35.107511	66.213642	35.387591	62.283777	35.715793	58.338619
874.243590	36.795889	126.825413	36.491491	124.178581	36.196820	121.439251	35.914461	118.606654	35.647147	115.680430	35.397736	112.660746	35.169191	109.548335	34.964545	106.344585	34.786860	103.051598	34.639190	99.672239	34.524528	96.210171	34.445757	92.669854	34.405583	89.056538	34.406499	85.376197	34.450704	81.635449	34.540071	77.841445	34.676091	74.001730	34.859835	70.124044	35.091927	66.216188	35.372520	62.285771	35.701297	58.340089
874.629880	36.779909	126.832050	36.475251	124.185489	36.180336	121.446383	35.897757	118.613954	35.630244	115.687840	35.380661	112.668202	35.151971	109.555768	34.947211	106.351924	34.769449	103.058775	34.621737	99.679179	34.507075	96.216808	34.428350	92.676123	34.388269	89.062376	34.389332	85.381554	34.433737	81.640282	34.523366	77.845728	34.659705	74.005440	34.843832	70.127174	35.076369	66.218743	35.357473	62.287773	35.686825	58.341567
875.016050	36.763939	126.838689	36.459019	124.192399	36.163862	121.453517	35.881062	118.621256	35.613350	115.695250	35.363594	112.675659	35.134759	109.563201	34.929887	106.359263	34.752046	103.065952	34.604294	99.686120	34.489631	96.223446	34.410951	92.682392	34.370965	89.068215	34.372173	85.386913	34.416778	81.645116	34.506668	77.850011	34.643327	74.009151	34.827837	70.130305	35.060818	66.221299	35.342433	62.289777	35.672359	58.343046
875.402160	36.748063	126.845414	36.442882	124.199392	36.147484	121.460731	35.864461	118.628638	35.596550	115.702741	35.346621	112.683192	35.117642	109.570710	34.912654	106.366678	34.734732	103.073199	34.586937	99.693131	34.472273	96.230151	34.393634	92.688726	34.353741	89.074116	34.355092	85.392331	34.399896	81.650009	34.490040	77.854347	34.627018	74.012910	34.811906	70.133484	35.045329	66.223900	35.327451	62.291820	35.657948	58.344562
875.788090	36.732194	126.852136	36.426753	124.206382	36.131113	121.467942	35.847868	118.636016	35.579758	115.710229	35.329655	112.690721	35.100532	109.578215	34.895429	106.374089	34.717426	103.080442	34.569588	99.700139	34.454923	96.236852	34.376325	92.695056	34.336525	89.080014	34.338019	85.397746	34.383022	81.654900	34.473420	77.858681	34.610716	74.016667	34.795982	70.136661	35.029848	66.226500	35.312476	62.293862	35.643544	58.346077
876.173950	36.716368	126.858890	36.410666	124.213404	36.114785	121.475184	35.831318	118.643424	35.563009	115.717744	35.312731	112.698279	35.083463	109.585748	34.878245	106.381527	34.700161	103.087712	34.552278	99.707172	34.437611	96.243576	34.359055	92.701408	34.319345	89.085933	34.320980	85.403180	34.366181	81.659808	34.456833	77.863032	34.594444	74.020439	34.780088	70.139850	35.014395	66.229112	35.297528	62.295914	35.629165	58.347601
876.559750	36.700594	126.865684	36.394630	124.220465	36.098508	121.482466	35.814818	118.650868	35.546311	115.725294	35.295858	112.705873	35.066443	109.593316	34.861110	106.388997	34.682943	103.095015	34.535015	99.714237	34.420345	96.250329	34.341830	92.707786	34.302209	89.091878	34.303984	85.408637	34.349380	81.664738	34.440285	77.867403	34.578208	74.024231	34.764229	70.143055	34.998975	66.231738	35.282612	62.297979	35.614816	58.349136
876.945370	36.684828	126.872474	36.378602	124.227523	36.082238	121.489745	35.798326	118.658309	35.529620	115.732841	35.278993	112.713464	35.049430	109.600880	34.843983	106.396464	34.665734	103.102314	34.517760	99.721298	34.403087	96.257078	34.324613	92.714162	34.285081	89.097821	34.286995	85.414091	34.332587	81.669666	34.423745	77.871772	34.561980	74.028020	34.748378	70.146259	34.983563	66.234362	35.267703	62.300043	35.600474	58.350670
877.330930	36.669138	126.879324	36.362652	124.234641	36.066046	121.497081	35.781912	118.665809	35.513006	115.740444	35.262205	112.721106	35.032493	109.608496	34.826930	106.403983	34.648596	103.109662	34.500577	99.728403	34.385897	96.263871	34.307462	92.720577	34.268016	89.103801	34.270069	85.419583	34.315853	81.674626	34.407263	77.876168	34.545808	74.031837	34.732577	70.149485	34.968201	66.237006	35.252839	62.302125	35.586175	58.352221
877.716370	36.653466	126.886182	36.346719	124.241766	36.049871	121.504424	35.765514	118.673316	35.496409	115.748054	35.245434	112.728755	35.015574	109.616118	34.809893	106.411508	34.631476	103.117017	34.483411	99.735514	34.368724	96.270670	34.290327	92.726996	34.250968	89.109785	34.253159	85.425079	34.299134	81.679590	34.390795	77.880567	34.529651	74.035656	34.716790	70.152714	34.952851	66.239653	35.237987	62.304210	35.571888	58.353775
878.101750	36.637819	126.893058	36.330812	124.248909	36.033721	121.511783	35.749143	118.680840	35.479837	115.755680	35.228688	112.736419	34.998680	109.623755	34.792880	106.419047	34.614379	103.124384	34.466268	99.742637	34.351574	96.277481	34.273215	92.733428	34.233941	89.115780	34.236269	85.430585	34.282435	81.684563	34.374347	77.884975	34.513512	74.039483	34.701021	70.155951	34.937517	66.242306	35.223151	62.306300	35.557616	58.355334
878.487000	36.622241	126.899985	36.314976	124.256101	36.017642	121.519190	35.732842	118.688408	35.463335	115.763352	35.212009	112.744129	34.981853	109.631432	34.775934	106.426624	34.597348	103.131788	34.449188	99.749797	34.334487	96.284327	34.256164	92.739894	34.216973	89.121806	34.219436	85.436119	34.265792	81.689563	34.357950	77.889411	34.497422	74.043331	34.685302	70.159211	34.922229	66.244981	35.208360	62.308406	35.543384	58.356905
878.872130	36.606668	126.906911	36.299144	124.263291	36.001568	121.526595	35.716546	118.695974	35.446837	115.771021	35.195336	112.751836	34.965031	109.639107	34.758993	106.434199	34.580322	103.139190	34.432114	99.756955	34.317405	96.291170	34.239118	92.746359	34.200010	89.127829	34.202608	85.441652	34.249153	81.694561	34.341559	77.893845	34.481338	74.047177	34.669588	70.162469	34.906945	66.247655	35.193573	62.310512	35.529157	58.358476
879.257140	36.591161	126.913887	36.283378	124.270530	35.985559	121.534048	35.700316	118.703587	35.430405	115.778734	35.178728	112.759586	34.948274	109.646826	34.742115	106.441815	34.563358	103.146632	34.415101	99.764149	34.300382	96.298050	34.222130	92.752858	34.183103	89.133886	34.185835	85.447217	34.232568	81.699589	34.325218	77.898305	34.465302	74.051050	34.653920	70.165748	34.891706	66.250348	35.178828	62.312637	35.514968	58.360064
879.642090	36.575686	126.920889	36.267643	124.277793	35.969582	121.541525	35.684117	118.711223	35.414006	115.786470	35.162152	112.767357	34.931548	109.654568	34.725269	106.449451	34.546425	103.154095	34.398118	99.771362	34.283389	96.304949	34.205169	92.759375	34.166225	89.139960	34.169089	85.452797	34.216010	81.704631	34.308902	77.902778	34.449290	74.054935	34.638273	70.169038	34.876488	66.253050	35.164104	62.314772	35.500799	58.361662
880.026920	36.560222	126.927894	36.251920	124.285059	35.953616	121.549005	35.667929	118.718862	35.397617	115.794209	35.145587	112.775130	34.914833	109.662312	34.708434	106.457090	34.529504	103.161560	34.381146	99.778578	34.266407	96.311849	34.188219	92.765893	34.149357	89.146035	34.152353	85.458379	34.199462	81.709676	34.292596	77.907253	34.433287	74.058822	34.622636	70.172329	34.861279	66.255753	35.149388	62.316908	35.486638	58.363261
880.411620	36.544847	126.934961	36.236285	124.292387	35.937739	121.556548	35.651829	118.726563	35.381316	115.802010	35.129108	112.782964	34.898203	109.670110	34.691684	106.464785	34.512664	103.169077	34.364255	99.785848	34.249503	96.318800	34.171347	92.772459	34.132564	89.152158	34.135689	85.464002	34.182982	81.714759	34.276356	77.911767	34.417348	74.062744	34.607058	70.175654	34.846128	66.258486	35.134724	62.319070	35.472528	58.364881
880.796260	36.529475	126.942027	36.220652	124.299715	35.921865	121.564090	35.635732	118.734263	35.365017	115.809810	35.112632	112.790796	34.881575	109.677907	34.674936	106.472479	34.495827	103.176592	34.347367	99.793117	34.232601	96.325749	34.154478	92.779024	34.115774	89.158279	34.119028	85.469625	34.166504	81.719842	34.260119	77.916280	34.401412	74.066664	34.591483	70.178979	34.830980	66.261218	35.120063	62.321231	35.458420	58.366501
881.180790	36.514148	126.949129	36.205066	124.307077	35.906037	121.571664	35.619681	118.741996	35.348765	115.817641	35.096202	112.798661	34.864994	109.685735	34.658233	106.480203	34.479034	103.184137	34.330521	99.800412	34.215742	96.332725	34.137650	92.785614	34.099023	89.164424	34.102406	85.475271	34.150063	81.724948	34.243918	77.920813	34.385510	74.070604	34.575941	70.182321	34.815862	66.263967	35.105432	62.323408	35.444340	58.368136
881.565190	36.498875	126.956270	36.189533	124.314480	35.890261	121.579275	35.603683	118.749765	35.332566	115.825507	35.079824	112.806561	34.848465	109.693598	34.641582	106.487961	34.462293	103.191715	34.313724	99.807738	34.198931	96.339731	34.120869	92.792234	34.082316	89.170594	34.085827	85.480942	34.133665	81.730080	34.227759	77.925367	34.369647	74.074566	34.560437	70.185682	34.800779	66.266735	35.090836	62.325602	35.430292	58.369787
881.949460	36.483606	126.963409	36.174005	124.321880	35.874491	121.586882	35.587690	118.757532	35.316373	115.833370	35.063451	112.814459	34.831942	109.701458	34.624935	106.495715	34.445557	103.199291	34.296932	99.815062	34.182126	96.346735	34.104093	92.798851	34.065616	89.176763	34.069254	85.486612	34.117272	81.735211	34.211605	77.929920	34.353790	74.078527	34.544938	70.189042	34.785701	66.269503	35.076245	62.327795	35.416249	58.371438
882.333680	36.468416	126.970608	36.158556	124.329337	35.858800	121.594550	35.571776	118.765355	35.300256	115.841288	35.047155	112.822410	34.815494	109.709373	34.608362	106.503519	34.428893	103.206916	34.280214	99.822435	34.165391	96.353786	34.087386	92.805513	34.048982	89.182976	34.052744	85.492322	34.100941	81.740377	34.195509	77.934508	34.337988	74.082521	34.529493	70.192432	34.770673	66.272296	35.061700	62.330011	35.402251	58.373109
882.717770	36.453242	126.977814	36.143123	124.336801	35.843126	121.602225	35.555878	118.773185	35.284157	115.849212	35.030875	112.830366	34.799061	109.717294	34.591805	106.511329	34.412246	103.214547	34.263512	99.829814	34.148672	96.360843	34.070695	92.812179	34.032364	89.189195	34.036249	85.498036	34.084625	81.745546	34.179427	77.939100	34.322201	74.086518	34.514060	70.195825	34.755658	66.275091	35.047167	62.332231	35.388264	58.374782
883.101750	36.438096	126.985037	36.127718	124.344282	35.827479	121.609916	35.540009	118.781031	35.268085	115.857152	35.014624	112.838337	34.782657	109.725229	34.575276	106.519153	34.395625	103.222191	34.246836	99.837206	34.131979	96.367911	34.054028	92.818858	34.015770	89.195424	34.019777	85.503762	34.068331	81.750725	34.163367	77.943702	34.306434	74.090524	34.498648	70.199226	34.740662	66.277895	35.032652	62.334457	35.374295	58.376461
883.485660	36.423016	126.992313	36.112382	124.351815	35.811899	121.617657	35.524205	118.788928	35.252080	115.865142	34.998440	112.846357	34.766317	109.733207	34.558812	106.527023	34.379067	103.229876	34.230222	99.844640	34.115346	96.375017	34.037419	92.825574	33.999233	89.201686	34.003362	85.509523	34.052090	81.755936	34.147357	77.948336	34.290716	74.094557	34.483282	70.202653	34.725711	66.280724	35.018180	62.336704	35.360363	58.378158
883.869450	36.407941	126.999586	36.097050	124.359346	35.796325	121.625396	35.508407	118.796822	35.236080	115.873130	34.982260	112.854374	34.749983	109.741183	34.542354	106.534891	34.362514	103.237560	34.213612	99.852071	34.098719	96.382121	34.020815	92.832288	33.982701	89.207946	33.986951	85.515283	34.035854	81.761145	34.131352	77.952968	34.275002	74.098589	34.467921	70.206080	34.710765	66.283553	35.003712	62.338950	35.346436	58.379855
884.253110	36.392924	127.006897	36.081775	124.366913	35.780808	121.633169	35.492666	118.804748	35.220136	115.881148	34.966137	112.862419	34.733705	109.749189	34.525949	106.542785	34.346017	103.245271	34.197054	99.859525	34.082143	96.389249	34.004261	92.839023	33.966217	89.214227	33.970588	85.521058	34.019663	81.766370	34.115391	77.957612	34.259330	74.102631	34.452599	70.209516	34.695857	66.286388	34.989279	62.341203	35.332542	58.381558
884.636720	36.377936	127.014229	36.066529	124.374499	35.765319	121.640960	35.476954	118.812691	35.204220	115.889182	34.950042	112.870480	34.717454	109.757212	34.509573	106.550693	34.329547	103.252998	34.180523	99.866991	34.065592	96.396390	33.987733	92.845769	33.949757	89.220520	33.954248	85.526841	34.003494	81.771602	34.099452	77.962263	34.243678	74.106679	34.437297	70.212958	34.680967	66.289227	34.974864	62.343459	35.318665	58.383264
885.020140	36.362961	127.021560	36.051294	124.382085	35.749843	121.648750	35.461253	118.820633	35.188317	115.897215	34.933958	112.878540	34.701216	109.765233	34.493208	106.558600	34.313089	103.260723	34.164003	99.874457	34.049054	96.403530	33.971216	92.852515	33.933310	89.226812	33.937920	85.532624	33.987337	81.776835	34.083524	77.966913	34.228036	74.110726	34.422006	70.216399	34.666087	66.292066	34.960458	62.345716	35.304797	58.384971
885.403500	36.348066	127.028951	36.036142	124.389730	35.734450	121.656601	35.445635	118.828633	35.172494	115.905308	34.917954	112.886659	34.685056	109.773308	34.476922	106.566561	34.296706	103.268498	34.147560	99.881973	34.032587	96.410716	33.954771	92.859303	33.916930	89.233144	33.921656	85.538447	33.971244	81.782105	34.067658	77.971599	34.212456	74.114806	34.406770	70.219868	34.651260	66.294930	34.946103	62.347996	35.290977	58.386698
885.786800	36.333173	127.036341	36.020993	124.397375	35.719060	121.664450	35.430019	118.836631	35.156673	115.913399	34.901952	112.894777	34.668899	109.781382	34.460638	106.574521	34.280325	103.276271	34.131120	99.889489	34.016124	96.417901	33.938329	92.866090	33.900554	89.239475	33.905396	85.544269	33.955154	81.787375	34.051793	77.976283	34.196878	74.118886	34.391537	70.223337	34.636435	66.297793	34.931750	62.350275	35.277160	58.388425
886.169980	36.318325	127.043762	36.005886	124.405049	35.703713	121.672330	35.414447	118.844660	35.140897	115.921520	34.885994	112.902922	34.652786	109.789484	34.444396	106.582509	34.263987	103.284070	34.114720	99.897029	33.999700	96.425112	33.921926	92.872902	33.884216	89.245830	33.889172	85.550113	33.939100	81.792666	34.035963	77.980987	34.181332	74.122985	34.376335	70.226822	34.621640	66.300673	34.917425	62.352570	35.263368	58.390164
886.552980	36.303534	127.051222	35.990836	124.412761	35.688421	121.680249	35.398933	118.852728	35.125178	115.929675	34.870094	112.911101	34.636729	109.797619	34.428209	106.590530	34.247702	103.291901	34.098374	99.904600	33.983329	96.432353	33.905573	92.879746	33.867927	89.252214	33.872997	85.555984	33.923092	81.797985	34.020178	77.985716	34.165828	74.127108	34.361174	70.230329	34.606884	66.303574	34.903136	62.354882	35.249612	58.391920
886.935970	36.288743	127.058682	35.975786	124.420472	35.673130	121.688167	35.383419	118.860795	35.109459	115.937831	34.854194	112.919280	34.620673	109.805754	34.412023	106.598551	34.231417	103.299732	34.082029	99.912171	33.966959	96.439593	33.889220	92.886589	33.851638	89.258599	33.856822	85.561855	33.907084	81.803303	34.004394	77.990444	34.150324	74.131231	34.346014	70.233835	34.592128	66.306476	34.888848	62.357195	35.235855	58.393676
887.318790	36.274027	127.066192	35.960813	124.428233	35.657915	121.696131	35.367978	118.868908	35.093815	115.946031	34.838367	112.927506	34.604688	109.813934	34.395908	106.606614	34.215205	103.307605	34.065751	99.919783	33.950657	96.446872	33.872934	92.893466	33.835414	89.265017	33.840709	85.567759	33.891135	81.808648	33.988666	77.995201	34.134876	74.135379	34.330905	70.237366	34.577422	66.309396	34.874607	62.359527	35.222142	58.395450
887.701540	36.259327	127.073711	35.945856	124.436003	35.642715	121.704103	35.352554	118.877029	35.078188	115.954239	34.822555	112.935741	34.588719	109.822121	34.379810	106.614685	34.199008	103.315486	34.049489	99.927401	33.934369	96.454158	33.856663	92.900349	33.819204	89.271441	33.824611	85.573669	33.875200	81.813997	33.972951	77.999963	34.119440	74.139531	34.315807	70.240903	34.562728	66.312319	34.860377	62.361861	35.208439	58.397227
888.084170	36.244649	127.081243	35.930921	124.443785	35.627538	121.712087	35.337153	118.885161	35.062583	115.962459	34.806766	112.943984	34.572772	109.830319	34.363733	106.622766	34.182833	103.323376	34.033248	99.935028	33.918103	96.461451	33.840412	92.907240	33.803014	89.277873	33.808531	85.579586	33.859283	81.819354	33.957254	78.004731	34.104021	74.143688	34.300727	70.244443	34.548049	66.315247	34.846162	62.364200	35.194751	58.399008
888.466740	36.230036	127.088823	35.916052	124.451616	35.612426	121.720120	35.321818	118.893340	35.047042	115.970724	34.791042	112.952268	34.556888	109.838559	34.347719	106.630886	34.166718	103.331304	34.017066	99.942693	33.901893	96.468777	33.824216	92.914166	33.786879	89.284335	33.792504	85.585532	33.843418	81.824739	33.941605	78.009521	34.088648	74.147865	34.285691	70.248001	34.533412	66.318195	34.831985	62.366554	35.181099	58.400801
888.849120	36.215430	127.096399	35.901189	124.459443	35.597322	121.728148	35.306490	118.901514	35.031508	115.978986	34.775325	112.960547	34.541012	109.846794	34.331713	106.639002	34.150612	103.339227	34.000893	99.950354	33.885692	96.476100	33.808028	92.921088	33.770752	89.290794	33.776485	85.591474	33.827561	81.830121	33.925964	78.014308	34.073282	74.152040	34.270662	70.251557	34.518781	66.321141	34.817816	62.368907	35.167455	58.402594
889.231450	36.200876	127.104013	35.886378	124.467307	35.582269	121.736213	35.291213	118.909722	35.016024	115.987281	34.759658	112.968862	34.525186	109.855061	34.315755	106.647150	34.134553	103.347183	33.984766	99.958044	33.869537	96.483453	33.791885	92.928039	33.754667	89.297279	33.760507	85.597441	33.811743	81.835526	33.910362	78.019118	34.057954	74.156235	34.255668	70.255132	34.504183	66.324103	34.803678	62.371274	35.153841	58.404399
889.613710	36.186356	127.111651	35.871600	124.475193	35.567251	121.744300	35.275970	118.917953	35.000575	115.995595	34.744027	112.977200	34.509394	109.863346	34.299830	106.655319	34.118525	103.355160	33.968672	99.965752	33.853413	96.490826	33.775773	92.935006	33.738611	89.303780	33.744557	85.603422	33.795952	81.840944	33.894786	78.023941	34.042651	74.160443	34.240699	70.258719	34.489608	66.327075	34.789563	62.373651	35.140247	58.406211
889.995790	36.171844	127.119286	35.856830	124.483075	35.552239	121.752383	35.260735	118.926179	34.985132	116.003906	34.728402	112.985534	34.493609	109.871628	34.283912	106.663484	34.102506	103.363132	33.952585	99.973456	33.837298	96.498195	33.759668	92.941970	33.722562	89.310277	33.728615	85.609401	33.780169	81.846360	33.879219	78.028763	34.027356	74.164650	34.225736	70.262304	34.475041	66.330045	34.775454	62.376027	35.126661	58.408023
890.377810	36.157418	127.126988	35.842146	124.491025	35.537313	121.760531	35.245584	118.934473	34.969776	116.012285	34.712861	112.993931	34.477907	109.879975	34.268077	106.671708	34.086566	103.371161	33.936577	99.981217	33.821257	96.505618	33.743637	92.948988	33.706586	89.316826	33.712743	85.615428	33.764453	81.851822	33.863714	78.033627	34.012121	74.168898	34.210831	70.265927	34.460528	66.333050	34.761397	62.378432	35.113120	58.409863
890.759770	36.142994	127.134690	35.827466	124.498975	35.522390	121.768679	35.230436	118.942767	34.954423	116.020663	34.697323	113.002327	34.462208	109.888321	34.252245	106.679932	34.070631	103.379190	33.920573	99.988977	33.805219	96.513040	33.727610	92.956005	33.690614	89.323374	33.696874	85.621454	33.748740	81.857283	33.848212	78.038491	33.996889	74.173147	34.195930	70.269550	34.446019	66.336054	34.747343	62.380838	35.099582	58.411704
891.141540	36.128608	127.142413	35.812823	124.506946	35.507505	121.776848	35.215326	118.951080	34.939108	116.029059	34.681822	113.010741	34.446547	109.896685	34.236449	106.688174	34.054731	103.387237	33.904604	99.996755	33.789216	96.520479	33.711616	92.963039	33.674676	89.329937	33.681037	85.627495	33.733058	81.862759	33.832741	78.043369	33.981686	74.177407	34.181057	70.273183	34.431536	66.339069	34.733314	62.383254	35.086069	58.413553
891.523250	36.114276	127.150177	35.798235	124.514957	35.492675	121.785058	35.200270	118.959432	34.923846	116.037493	34.666374	113.019192	34.430938	109.905087	34.220706	106.696454	34.038883	103.395321	33.888684	100.004569	33.773263	96.527952	33.695671	92.970104	33.658782	89.336530	33.665246	85.633567	33.717419	81.868263	33.817311	78.048273	33.966522	74.181688	34.166220	70.276838	34.417089	66.342104	34.719319	62.385690	35.072589	58.415420
891.904850	36.099948	127.157939	35.783651	124.522966	35.477849	121.793265	35.185218	118.967782	34.908589	116.045925	34.650930	113.027640	34.415333	109.913487	34.204966	106.704731	34.023040	103.403403	33.872769	100.012380	33.757315	96.535422	33.679730	92.977167	33.642893	89.343121	33.649459	85.639637	33.701785	81.873765	33.801884	78.053176	33.951362	74.185968	34.151388	70.280492	34.402645	66.345138	34.705328	62.388126	35.059112	58.417286
892.286320	36.085680	127.165737	35.769127	124.531010	35.463084	121.801504	35.170228	118.976162	34.893392	116.054388	34.635547	113.036119	34.399788	109.921914	34.189285	106.713034	34.007254	103.411508	33.856911	100.020215	33.741422	96.542914	33.663842	92.984247	33.627056	89.349732	33.633721	85.645723	33.686199	81.879281	33.786505	78.058090	33.936248	74.190259	34.136599	70.284155	34.388243	66.348179	34.691375	62.390566	35.045671	58.419156
892.667720	36.071433	127.173547	35.754624	124.539065	35.448341	121.809753	35.155260	118.984551	34.878216	116.062862	34.620187	113.044607	34.384264	109.930349	34.173625	106.721344	33.991488	103.419621	33.841073	100.028057	33.725549	96.550413	33.647973	92.991332	33.611239	89.356349	33.618001	85.651814	33.670630	81.884801	33.771143	78.063007	33.921150	74.194554	34.121826	70.287822	34.373855	66.351222	34.677435	62.393007	35.032242	58.421027
893.049010	36.057201	127.181362	35.740136	124.547124	35.433613	121.818008	35.140307	118.992945	34.863054	116.071340	34.604840	113.053100	34.368754	109.938789	34.157978	106.729659	33.975736	103.427738	33.825248	100.035903	33.709689	96.557916	33.632118	92.998422	33.595434	89.362970	33.602293	85.657908	33.655073	81.890325	33.755792	78.067928	33.906064	74.198852	34.107063	70.291491	34.359478	66.354269	34.663506	62.395451	35.018822	58.422900
893.430180	36.043044	127.189226	35.725723	124.555232	35.418957	121.826310	35.125426	119.001390	34.847967	116.079864	34.589565	113.061641	34.353316	109.947275	34.142403	106.738017	33.960053	103.435898	33.809490	100.043790	33.693895	96.565456	33.616327	93.005552	33.579691	89.369627	33.586648	85.664035	33.639576	81.895882	33.740497	78.072880	33.891031	74.203179	34.092351	70.295184	34.345148	66.357340	34.649621	62.397914	35.005447	58.424792
893.811280	36.028890	127.197088	35.711314	124.563338	35.404305	121.834611	35.110548	119.009834	34.832883	116.088386	34.574293	113.070180	34.337881	109.955760	34.126830	106.746373	33.944372	103.444057	33.793736	100.051675	33.678104	96.572996	33.600538	93.012682	33.563951	89.376282	33.571005	85.670161	33.624082	81.901438	33.725205	78.077832	33.876000	74.207506	34.077642	70.298876	34.330822	66.360410	34.635739	62.400376	34.992073	58.426683
894.192260	36.014782	127.204984	35.696950	124.571478	35.389699	121.842945	35.095716	119.018308	34.817844	116.096939	34.559067	113.078749	34.322492	109.964273	34.111303	106.754761	33.928736	103.452244	33.778025	100.059589	33.662354	96.580565	33.584792	93.019838	33.548251	89.382963	33.555401	85.676313	33.608625	81.907018	33.709949	78.082805	33.861004	74.211853	34.062965	70.302591	34.316526	66.363499	34.621886	62.402857	34.978728	58.428591
894.573120	36.000718	127.212914	35.682632	124.579652	35.375140	121.851311	35.080930	119.026813	34.802850	116.105522	34.543886	113.087348	34.307147	109.972816	34.095821	106.763179	33.913144	103.460459	33.762358	100.067530	33.646646	96.588163	33.569086	93.027021	33.532590	89.389669	33.539835	85.682491	33.593204	81.912621	33.694729	78.087800	33.846043	74.216220	34.048320	70.306328	34.302262	66.366605	34.608064	62.405356	34.965411	58.430515
894.953860	35.986659	127.220841	35.668319	124.587824	35.360586	121.859674	35.066149	119.035316	34.787861	116.114103	34.528710	113.095943	34.291807	109.981356	34.080344	106.771594	33.897557	103.468671	33.746695	100.075469	33.630943	96.595759	33.553386	93.034202	33.516935	89.396374	33.524274	85.688667	33.577788	81.918221	33.679514	78.092794	33.831086	74.220586	34.033680	70.310063	34.288002	66.369711	34.594246	62.407854	34.952098	58.432438
895.334530	35.972671	127.228815	35.654074	124.596040	35.346100	121.868083	35.051438	119.043865	34.772942	116.122731	34.513603	113.104583	34.276534	109.989941	34.064931	106.780049	33.882035	103.476925	33.731096	100.083447	33.615304	96.603390	33.537746	93.041417	33.501339	89.403110	33.508769	85.694872	33.562426	81.923849	33.664351	78.097814	33.816177	74.224976	34.019088	70.313816	34.273788	66.372833	34.580471	62.410369	34.938825	58.434374
895.715090	35.958697	127.236794	35.639843	124.604259	35.331628	121.876498	35.036741	119.052419	34.758036	116.131363	34.498509	113.113227	34.261275	109.998529	34.049531	106.788506	33.866527	103.485182	33.715510	100.091429	33.599677	96.611023	33.522118	93.048635	33.485754	89.409849	33.493277	85.701080	33.547075	81.929478	33.649199	78.102837	33.801280	74.229369	34.004507	70.317570	34.259585	66.375957	34.566705	62.412884	34.925561	58.436312
896.095520	35.944746	127.244784	35.625636	124.612490	35.317179	121.884923	35.022068	119.060982	34.743153	116.140004	34.483439	113.121880	34.246039	110.007126	34.034155	106.796973	33.851041	103.493447	33.699947	100.099418	33.584072	96.618663	33.506512	93.055860	33.470191	89.416595	33.477804	85.707294	33.531745	81.935115	33.634067	78.107865	33.786401	74.233767	33.989944	70.321330	34.245397	66.379086	34.552956	62.415404	34.912311	58.438253
896.475890	35.930853	127.252814	35.611487	124.620760	35.302790	121.893388	35.007451	119.069581	34.728328	116.148681	34.468426	113.130568	34.230861	110.015757	34.018835	106.805476	33.835609	103.501744	33.684438	100.107440	33.568519	96.626333	33.490957	93.063112	33.454677	89.423368	33.462379	85.713533	33.516462	81.940777	33.618977	78.112912	33.771565	74.238184	33.975419	70.325108	34.231246	66.382232	34.539241	62.417938	34.899094	58.440207
896.856140	35.916964	127.260841	35.597342	124.629028	35.288405	121.901850	34.992840	119.078177	34.713508	116.157355	34.453417	113.139254	34.215687	110.024385	34.003520	106.813976	33.820182	103.510038	33.668933	100.115458	33.552971	96.634001	33.475407	93.070362	33.439168	89.430139	33.446958	85.719770	33.501183	81.946437	33.603893	78.117956	33.756733	74.242599	33.960899	70.328886	34.217098	66.385376	34.525531	62.420471	34.885881	58.442159
897.236270	35.903125	127.268900	35.583249	124.637328	35.274071	121.910343	34.978279	119.086804	34.698738	116.166059	34.438458	113.147968	34.200562	110.033040	33.988254	106.822502	33.804804	103.518358	33.653474	100.123500	33.537469	96.641693	33.459901	93.077635	33.423702	89.436932	33.431580	85.726027	33.485945	81.952113	33.588848	78.123020	33.741939	74.247030	33.946416	70.332676	34.202986	66.388533	34.511853	62.423013	34.872699	58.444122
897.616270	35.889319	127.276977	35.569190	124.645646	35.259769	121.918852	34.963751	119.095449	34.684002	116.174780	34.423532	113.156697	34.185468	110.041712	33.973021	106.831043	33.789457	103.526693	33.638046	100.131554	33.521998	96.649399	33.444424	93.084921	33.408265	89.443736	33.416230	85.732295	33.470733	81.957798	33.573829	78.128093	33.727171	74.251469	33.931956	70.336474	34.188898	66.391696	34.498196	62.425562	34.859539	58.446090
897.996220	35.875515	127.285053	35.555133	124.653962	35.245469	121.927359	34.949226	119.104093	34.669268	116.183499	34.408607	113.165425	34.170377	110.050382	33.957790	106.839583	33.774113	103.535027	33.622620	100.139607	33.506528	96.657104	33.428949	93.092206	33.392831	89.450539	33.400883	85.738563	33.455523	81.963482	33.558811	78.133167	33.712404	74.255907	33.917499	70.340271	34.174811	66.394859	34.484542	62.428110	34.846380	58.448058
898.376040	35.861793	127.293183	35.541156	124.662333	35.231250	121.935919	34.934781	119.112789	34.654614	116.192268	34.393764	113.174205	34.155364	110.059101	33.942635	106.848169	33.758845	103.543407	33.607270	100.147708	33.491131	96.664850	33.413547	93.099533	33.377464	89.457381	33.385601	85.744865	33.440376	81.969205	33.543855	78.138272	33.697694	74.260375	33.903096	70.344093	34.160777	66.398046	34.470937	62.430681	34.833267	58.450045
898.755800	35.848074	127.301313	35.527182	124.670704	35.217034	121.944478	34.920339	119.121484	34.639964	116.201035	34.378924	113.182984	34.140355	110.067819	33.927483	106.856754	33.743581	103.551787	33.591923	100.155809	33.475738	96.672594	33.398147	93.106860	33.362101	89.464221	33.370322	85.751167	33.425231	81.974927	33.528902	78.143377	33.682988	74.264842	33.888696	70.347915	34.146745	66.401233	34.457336	62.433253	34.820157	58.452031
899.135380	35.834389	127.309460	35.513242	124.679090	35.202853	121.953053	34.905932	119.130194	34.625347	116.209818	34.364117	113.191777	34.125380	110.076551	33.912365	106.865353	33.728349	103.560181	33.576608	100.163922	33.460376	96.680352	33.382778	93.114199	33.346768	89.471074	33.355072	85.757481	33.410116	81.980659	33.513977	78.148492	33.668308	74.269319	33.874322	70.351747	34.132737	66.404429	34.443757	62.435831	34.807068	58.454024
899.514890	35.820756	127.317643	35.499356	124.687510	35.188725	121.961661	34.891576	119.138939	34.610782	116.218634	34.349361	113.200603	34.110456	110.085316	33.897297	106.873984	33.713165	103.568606	33.561340	100.172064	33.445061	96.688141	33.367454	93.121562	33.331479	89.477954	33.339865	85.763822	33.395044	81.986413	33.499090	78.153629	33.653668	74.273816	33.859986	70.355601	34.118764	66.407643	34.430211	62.438426	34.794011	58.456032
899.894290	35.807126	127.325823	35.485474	124.695928	35.174601	121.970266	34.877225	119.147680	34.596220	116.227448	34.334608	113.209426	34.095538	110.094078	33.882233	106.882613	33.697985	103.577029	33.546077	100.180204	33.429750	96.695928	33.352134	93.128923	33.316194	89.484832	33.324663	85.770161	33.379976	81.992164	33.484208	78.158763	33.639031	74.278311	33.845653	70.359454	34.104795	66.410856	34.416668	62.441019	34.780958	58.458040
900.273620	35.793556	127.334045	35.471649	124.704387	35.160535	121.978914	34.862931	119.156460	34.581717	116.236305	34.319914	113.218289	34.080674	110.102880	33.867226	106.891280	33.682861	103.585486	33.530867	100.188380	33.414491	96.703748	33.336866	93.136320	33.300959	89.491743	33.309509	85.776530	33.364953	81.997948	33.469370	78.163927	33.624436	74.282835	33.831360	70.363329	34.090864	66.414089	34.403162	62.443633	34.767939	58.460066
900.652830	35.780012	127.342282	35.457850	124.712861	35.146494	121.987576	34.848664	119.165253	34.567240	116.245175	34.305246	113.227165	34.065835	110.111695	33.852244	106.899960	33.667762	103.593954	33.515683	100.196567	33.399255	96.711580	33.321620	93.143730	33.285747	89.498667	33.294378	85.782910	33.349951	82.003743	33.454552	78.169100	33.609860	74.287369	33.817085	70.367211	34.076951	66.417329	34.389673	62.446254	34.754935	58.462098
901.031920	35.766478	127.350521	35.444062	124.721336	35.132464	121.996239	34.834407	119.174047	34.552773	116.254047	34.290588	113.236042	34.051007	110.120512	33.837273	106.908640	33.652673	103.602424	33.500508	100.204756	33.384030	96.719413	33.306385	93.151140	33.270545	89.505591	33.279256	85.789290	33.334958	82.009538	33.439744	78.174274	33.595293	74.291903	33.802818	70.371095	34.063046	66.420571	34.376191	62.448876	34.741940	58.464131
901.410890	35.753015	127.358804	35.430344	124.729854	35.118505	122.004945	34.820222	119.182888	34.538378	116.262958	34.276000	113.244959	34.036248	110.129365	33.822368	106.917357	33.637649	103.610933	33.485398	100.212978	33.368870	96.727280	33.291213	93.158582	33.255403	89.512544	33.264191	85.795700	33.320022	82.015358	33.424991	78.179472	33.580777	74.296456	33.788601	70.375001	34.049188	66.423832	34.362754	62.451513	34.728983	58.466178
901.789790	35.739554	127.367086	35.416628	124.738370	35.104549	122.013649	34.806040	119.191728	34.523984	116.271867	34.261415	113.253874	34.021492	110.138216	33.807466	106.926073	33.622629	103.619441	33.470291	100.221200	33.353712	96.735146	33.276044	93.166023	33.240264	89.519497	33.249128	85.802109	33.305088	82.021178	33.410241	78.184670	33.566264	74.301009	33.774385	70.378906	34.035332	66.427093	34.349319	62.454149	34.716030	58.468225
902.168580	35.726129	127.375388	35.402949	124.746907	35.090629	122.022374	34.791894	119.200586	34.509626	116.280795	34.246865	113.262808	34.006772	110.147086	33.792598	106.934806	33.607643	103.627966	33.455218	100.229438	33.338588	96.743028	33.260906	93.173478	33.225156	89.526463	33.234097	85.808530	33.290184	82.027008	33.395518	78.189877	33.551778	74.305572	33.760196	70.382820	34.021501	66.430362	34.335907	62.456793	34.703098	58.470277
902.547240	35.712747	127.383714	35.389315	124.755470	35.076755	122.031125	34.777791	119.209466	34.495311	116.289745	34.232359	113.271767	33.992094	110.155978	33.777774	106.943563	33.592700	103.636511	33.440187	100.237698	33.323505	96.750929	33.245807	93.180952	33.210085	89.533445	33.219103	85.814966	33.275316	82.032853	33.380829	78.195098	33.537326	74.310148	33.746039	70.386743	34.007700	66.433641	34.322523	62.459445	34.690195	58.472337
902.925840	35.699368	127.392038	35.375683	124.764032	35.062882	122.039874	34.763691	119.218346	34.480999	116.298693	34.217856	113.280724	33.977420	110.164869	33.762951	106.952318	33.577760	103.645055	33.425159	100.245956	33.308424	96.758829	33.230710	93.188424	33.195017	89.540426	33.204112	85.821401	33.260450	82.038696	33.366143	78.200318	33.522876	74.314724	33.731884	70.390666	33.993902	66.436919	34.309140	62.462097	34.677294	58.474397
903.304320	35.686053	127.400407	35.362114	124.772635	35.049073	122.048663	34.749653	119.227264	34.466751	116.307681	34.203414	113.289717	33.962806	110.173799	33.748191	106.961110	33.562878	103.653634	33.410189	100.254249	33.293399	96.766761	33.215669	93.195927	33.180004	89.547438	33.189172	85.827865	33.245634	82.044570	33.351504	78.205563	33.508472	74.319323	33.717773	70.394610	33.980144	66.440217	34.295799	62.464767	34.664429	58.476473
903.682680	35.672757	127.408784	35.348564	124.781245	35.035282	122.057458	34.735634	119.236189	34.452523	116.316675	34.188991	113.298718	33.948211	110.182736	33.733449	106.969908	33.548015	103.662218	33.395238	100.262548	33.278391	96.774699	33.200646	93.203435	33.165008	89.554456	33.174248	85.834334	33.230834	82.050451	33.336880	78.210814	33.494082	74.323928	33.703676	70.398559	33.966399	66.443519	34.282472	62.467442	34.651576	58.478553
904.060970	35.659475	127.417168	35.335028	124.789863	35.021505	122.066261	34.721630	119.245122	34.438308	116.325677	34.174582	113.307725	33.933630	110.191679	33.718720	106.978712	33.533165	103.670809	33.380299	100.270853	33.263396	96.782644	33.185635	93.210949	33.150024	89.561478	33.159337	85.840809	33.216046	82.056335	33.322267	78.216070	33.479703	74.328536	33.689589	70.402512	33.952665	66.446825	34.269153	62.470119	34.638732	58.480635
904.439090	35.646260	127.425592	35.321560	124.798520	35.007795	122.075103	34.707693	119.254094	34.424158	116.334718	34.160241	113.316769	33.919115	110.200656	33.704055	106.987552	33.518379	103.679438	33.365420	100.279193	33.248463	96.790623	33.170684	93.218499	33.135097	89.568532	33.144481	85.847314	33.201310	82.062243	33.307708	78.221352	33.465374	74.333166	33.675550	70.406487	33.938977	66.450148	34.255875	62.472814	34.625928	58.482734
904.817140	35.633047	127.434013	35.308095	124.807176	34.994087	122.083943	34.693759	119.263064	34.410011	116.343757	34.145902	113.325811	33.904602	110.209632	33.689393	106.996389	33.503596	103.688065	33.350544	100.287532	33.233533	96.798601	33.155736	93.226047	33.120172	89.575584	33.129628	85.853818	33.186577	82.068150	33.293151	78.226633	33.451048	74.337795	33.661513	70.410462	33.925291	66.453471	34.242600	62.475507	34.613126	58.484832
905.195130	35.619873	127.442459	35.294668	124.815856	34.980419	122.092807	34.679864	119.272057	34.395903	116.352820	34.131600	113.334876	33.890128	110.218631	33.674769	107.005249	33.488850	103.696712	33.335706	100.295890	33.218637	96.806597	33.140822	93.233612	33.105281	89.582654	33.114807	85.860339	33.171876	82.074074	33.278623	78.231928	33.436750	74.342438	33.647504	70.414447	33.911630	66.456805	34.229350	62.478211	34.600348	58.486938
905.572940	35.606741	127.450925	35.281282	124.824556	34.966792	122.101691	34.666009	119.281067	34.381836	116.361902	34.117339	113.343958	33.875694	110.227647	33.660185	107.014127	33.474143	103.705373	33.320908	100.304263	33.203780	96.814607	33.125944	93.241190	33.090426	89.589739	33.100020	85.866874	33.157211	82.080011	33.264127	78.237235	33.422483	74.347094	33.633524	70.418442	33.897997	66.460149	34.216127	62.480924	34.587596	58.489051
905.950680	35.593610	127.459390	35.267898	124.833253	34.953168	122.110572	34.652158	119.290076	34.367772	116.370983	34.103081	113.353039	33.861263	110.236662	33.645604	107.023003	33.459440	103.714033	33.306112	100.312635	33.188925	96.822616	33.111069	93.248767	33.075574	89.596823	33.085235	85.873407	33.142548	82.085948	33.249634	78.242540	33.408219	74.351748	33.619547	70.422436	33.884367	66.463492	34.202906	62.483636	34.574846	58.491164
906.328370	35.580542	127.467895	35.254578	124.841992	34.939607	122.119493	34.638369	119.299126	34.353771	116.380101	34.088884	113.362162	33.846893	110.245716	33.631082	107.031916	33.444793	103.722730	33.291372	100.321041	33.174125	96.830659	33.096249	93.256377	33.060775	89.603936	33.070503	85.879967	33.127931	82.091909	33.235189	78.247868	33.394000	74.356425	33.605613	70.426451	33.870777	66.466852	34.189722	62.486362	34.562132	58.493290
906.705870	35.567490	127.476403	35.241273	124.850733	34.926062	122.128416	34.624596	119.308178	34.339785	116.389219	34.074704	113.371286	33.832538	110.254771	33.616576	107.040830	33.430162	103.731428	33.276648	100.329448	33.159342	96.838703	33.081443	93.263989	33.045992	89.611049	33.055786	85.886528	33.113329	82.097871	33.220759	78.253196	33.379794	74.361102	33.591692	70.430466	33.857200	66.470213	34.176549	62.489090	34.549429	58.495417
907.083310	35.554456	127.484922	35.227987	124.859484	34.912535	122.137349	34.610841	119.317240	34.325817	116.398348	34.060542	113.380419	33.818201	110.263835	33.602088	107.049752	33.415548	103.740135	33.261940	100.337864	33.144574	96.846756	33.066654	93.271609	33.031223	89.618171	33.041084	85.893096	33.098742	82.103840	33.206342	78.258531	33.365601	74.365785	33.577783	70.434487	33.843636	66.473580	34.163389	62.491822	34.536737	58.497548
907.460630	35.541483	127.493480	35.214761	124.868273	34.899068	122.146322	34.597146	119.326340	34.311910	116.407517	34.046439	113.389585	33.803923	110.272935	33.587657	107.058708	33.400994	103.748875	33.247289	100.346313	33.129861	96.854839	33.051918	93.279258	33.016506	89.625322	33.026431	85.899691	33.084204	82.109836	33.191970	78.263894	33.351454	74.370492	33.563916	70.438531	33.830112	66.476968	34.150268	62.494573	34.524079	58.499697
907.837830	35.528514	127.502036	35.201539	124.877059	34.885606	122.155292	34.583454	119.335437	34.298007	116.416683	34.032340	113.398748	33.789649	110.282031	33.573230	107.067661	33.386444	103.757612	33.232642	100.354760	33.115153	96.862920	33.037187	93.286904	33.001793	89.632471	33.011784	85.906284	33.069671	82.115831	33.177602	78.269256	33.337311	74.375197	33.550054	70.442575	33.816592	66.480356	34.137151	62.497323	34.511425	58.501845
908.214970	35.515587	127.510618	35.188360	124.885873	34.872186	122.164287	34.569806	119.344560	34.284147	116.425872	34.018284	113.407937	33.775416	110.291153	33.558846	107.076639	33.371933	103.766374	33.218036	100.363229	33.100483	96.871024	33.022493	93.294573	32.987117	89.639639	32.997171	85.912898	33.055171	82.121844	33.163268	78.274633	33.323199	74.379918	33.536222	70.446630	33.803101	66.483755	34.124061	62.500084	34.498797	58.504004
908.591980	35.502695	127.519218	35.175216	124.894706	34.858801	122.173299	34.556194	119.353701	34.270322	116.435077	34.004261	113.417144	33.761219	110.300291	33.544495	107.085633	33.357454	103.775152	33.203463	100.371715	33.085847	96.879144	33.007833	93.302255	32.972473	89.646821	32.982588	85.919525	33.040699	82.127870	33.148962	78.280020	33.309113	74.384650	33.522415	70.450695	33.789634	66.487163	34.110993	62.502854	34.486192	58.506170
908.968870	35.489807	127.527816	35.162077	124.903537	34.845420	122.182308	34.542586	119.362839	34.256502	116.444278	33.990244	113.426349	33.747025	110.309426	33.530150	107.094624	33.342980	103.783928	33.188894	100.380197	33.071216	96.887262	32.993177	93.309936	32.957832	89.654001	32.968009	85.926150	33.026231	82.133894	33.134661	78.285406	33.295032	74.389380	33.508613	70.454757	33.776171	66.490571	34.097930	62.505623	34.473590	58.508335
909.345700	35.476985	127.536457	35.149005	124.912406	34.832106	122.191360	34.529043	119.372018	34.242745	116.453523	33.976292	113.435591	33.732897	110.318597	33.515867	107.103657	33.328570	103.792739	33.174385	100.388715	33.056643	96.895412	32.978577	93.317649	32.943247	89.661214	32.953484	85.932805	33.011817	82.139946	33.120409	78.290820	33.280998	74.394133	33.494855	70.458843	33.762750	66.493996	34.084907	62.508410	34.461026	58.510515
909.722410	35.464172	127.545100	35.135942	124.921275	34.818802	122.200414	34.515511	119.381198	34.228998	116.462769	33.962350	113.444834	33.718778	110.327768	33.501594	107.112690	33.314169	103.801551	33.159885	100.397234	33.042080	96.903563	32.963987	93.325363	32.928672	89.668428	32.938968	85.939461	32.997412	82.145999	33.106165	78.296234	33.266973	74.398887	33.481106	70.462930	33.749336	66.497422	34.071892	62.511198	34.448470	58.512695
910.099000	35.451382	127.553752	35.122901	124.930155	34.805520	122.209477	34.502001	119.390387	34.215274	116.472023	33.948430	113.454087	33.704681	110.336949	33.487343	107.121732	33.299791	103.810371	33.145407	100.405760	33.027538	96.911722	32.949417	93.333085	32.914116	89.675649	32.924472	85.946124	32.983025	82.152058	33.091939	78.301655	33.252965	74.403647	33.467373	70.467024	33.735939	66.500853	34.058893	62.513990	34.435927	58.514879
910.475520	35.438647	127.562439	35.109914	124.939072	34.792292	122.218575	34.488544	119.399608	34.201603	116.481307	33.934562	113.463374	33.690635	110.346164	33.473143	107.130800	33.285462	103.819222	33.130979	100.414315	33.013042	96.919909	32.934893	93.340835	32.899604	89.682894	32.910020	85.952812	32.968679	82.158140	33.077754	78.307099	33.238995	74.408427	33.453678	70.471138	33.722577	66.504300	34.045926	62.516797	34.423415	58.517077
910.851870	35.425916	127.571121	35.096933	124.947984	34.779069	122.227668	34.475093	119.408825	34.187938	116.490587	33.920701	113.472657	33.676596	110.355376	33.458949	107.139865	33.271140	103.828069	33.116558	100.422865	32.998554	96.928092	32.920375	93.348582	32.885100	89.690136	32.895575	85.959497	32.954340	82.164218	33.063576	78.312540	33.225032	74.413204	33.439989	70.475250	33.709221	66.507746	34.032964	62.519602	34.410909	58.519273
911.228150	35.413230	127.579829	35.083995	124.956921	34.765890	122.236784	34.461685	119.418066	34.174316	116.499894	33.906881	113.481963	33.662598	110.364609	33.444796	107.148954	33.256858	103.836938	33.102176	100.431439	32.984104	96.936296	32.905896	93.356348	32.870632	89.697397	32.881164	85.966199	32.940035	82.170313	33.049429	78.317995	33.211100	74.417995	33.426329	70.479371	33.695893	66.511203	34.020029	62.522417	34.398429	58.521479
911.604370	35.400571	127.588552	35.071084	124.965874	34.752740	122.245914	34.448305	119.427323	34.160722	116.509216	33.893089	113.491282	33.648629	110.373858	33.430671	107.158059	33.242603	103.845822	33.087820	100.440028	32.969681	96.944514	32.891443	93.364127	32.856189	89.704670	32.866776	85.972913	32.925754	82.176418	33.035305	78.323457	33.197189	74.422794	33.412690	70.483499	33.682583	66.514668	34.007111	62.525239	34.385966	58.523690
911.980410	35.387919	127.597271	35.058179	124.974822	34.739596	122.255041	34.434932	119.436575	34.147135	116.518535	33.879304	113.500598	33.634665	110.383101	33.416553	107.167159	33.228354	103.854701	33.073471	100.448612	32.955265	96.952728	32.876997	93.371902	32.841752	89.711939	32.852395	85.979623	32.911480	82.182520	33.021186	78.328917	33.183284	74.427591	33.399056	70.487624	33.669280	66.518131	33.994199	62.528059	34.373509	58.525901
912.356380	35.375335	127.606032	35.045343	124.983812	34.726519	122.264211	34.421627	119.445869	34.133615	116.527892	33.865587	113.509952	33.620770	110.392384	33.402499	107.176296	33.214169	103.863617	33.059184	100.457232	32.940910	96.960978	32.862608	93.379708	32.827374	89.719243	32.838072	85.986363	32.897258	82.188651	33.007121	78.334402	33.169429	74.432414	33.385469	70.491773	33.656022	66.521614	33.981330	62.530896	34.361091	58.528126
912.732240	35.362758	127.614792	35.032515	124.992802	34.713450	122.273382	34.408330	119.455163	34.120103	116.537249	33.851877	113.519306	33.606882	110.401666	33.388454	107.185432	33.199992	103.872532	33.044905	100.465851	32.926561	96.969228	32.848227	93.387513	32.813003	89.726547	32.823756	85.993101	32.883043	82.194782	32.993062	78.339888	33.155580	74.437238	33.371888	70.495922	33.642771	66.525098	33.968468	62.533734	34.348679	58.530352
913.108030	35.350203	127.623566	35.019709	125.001805	34.700403	122.282564	34.395055	119.464468	34.106613	116.546618	33.838189	113.528672	33.593016	110.410960	33.374430	107.194579	33.185836	103.881459	33.030647	100.474481	32.912233	96.977488	32.833866	93.395330	32.798651	89.733860	32.809458	85.999850	32.868847	82.200922	32.979021	78.345383	33.141747	74.442069	33.358323	70.500079	33.629535	66.528589	33.955620	62.536578	34.336280	58.532583
913.483700	35.337700	127.632373	35.006956	125.010839	34.687410	122.291776	34.381832	119.473803	34.093177	116.556016	33.824553	113.538067	33.579199	110.420284	33.360456	107.203757	33.171730	103.890415	33.016438	100.483137	32.897953	96.985774	32.819553	93.403175	32.784345	89.741198	32.795203	86.006622	32.854692	82.207084	32.965020	78.350903	33.127954	74.446918	33.344796	70.504255	33.616333	66.532097	33.942806	62.539438	34.323912	58.534828
913.859250	35.325202	127.641178	34.994207	125.019869	34.674420	122.300985	34.368613	119.483136	34.079745	116.565411	33.810922	113.547460	33.565388	110.429605	33.346486	107.212931	33.157629	103.899369	33.002234	100.491790	32.883676	96.994057	32.805244	93.411017	32.770043	89.748533	32.780953	86.013393	32.840542	82.213244	32.951024	78.356422	33.114165	74.451766	33.331274	70.508430	33.603136	66.535605	33.929995	62.542297	34.311549	58.537073
914.234680	35.312750	127.650009	34.981505	125.028926	34.661477	122.310219	34.355442	119.492493	34.066359	116.574831	33.797336	113.556878	33.551621	110.438949	33.332562	107.222130	33.143572	103.908345	32.988071	100.500469	32.869443	97.002363	32.790975	93.418880	32.755781	89.755887	32.766741	86.020184	32.826430	82.219424	32.937062	78.361956	33.100411	74.456632	33.317785	70.512620	33.589970	66.539125	33.917214	62.545169	34.299213	58.539329
914.610050	35.300325	127.658855	34.968829	125.037999	34.648561	122.319469	34.342298	119.501867	34.052999	116.584267	33.783777	113.566311	33.537882	110.448308	33.318664	107.231342	33.129540	103.917335	32.973934	100.509164	32.855234	97.010683	32.776730	93.426755	32.741541	89.763253	32.752552	86.026989	32.812340	82.225616	32.923121	78.367500	33.086678	74.461509	33.304314	70.516818	33.576822	66.542653	33.904450	62.548047	34.286893	58.541593
914.985290	35.287905	127.667698	34.956159	125.047068	34.635649	122.328717	34.329159	119.511237	34.039644	116.593700	33.770222	113.575741	33.524147	110.457664	33.304771	107.240552	33.115514	103.926322	32.959802	100.517855	32.841030	97.018999	32.762490	93.434628	32.727307	89.770616	32.738368	86.033791	32.798255	82.231805	32.909184	78.373043	33.072949	74.466385	33.290849	70.521014	33.563679	66.546180	33.891690	62.550924	34.274577	58.543856
915.360410	35.275550	127.676577	34.943555	125.056177	34.622804	122.338002	34.316085	119.520645	34.026354	116.603169	33.756733	113.585207	33.510478	110.467055	33.290942	107.249795	33.101550	103.935341	32.945732	100.526574	32.826887	97.027346	32.748310	93.442532	32.713130	89.778010	32.724238	86.040616	32.784221	82.238017	32.895301	78.378606	33.059267	74.471278	33.277429	70.525229	33.550580	66.549722	33.878971	62.553815	34.262300	58.546130
915.735470	35.263200	127.685457	34.930956	125.065285	34.609963	122.347287	34.303015	119.530054	34.013070	116.612638	33.743249	113.594673	33.496813	110.476446	33.277118	107.259037	33.087590	103.944361	32.931666	100.535293	32.812748	97.035693	32.734134	93.450435	32.698957	89.785404	32.710113	86.047441	32.770191	82.244230	32.881421	78.384168	33.045589	74.476171	33.264013	70.529444	33.537484	66.553265	33.866256	62.556707	34.250027	58.548403
916.110410	35.250874	127.694346	34.918380	125.074402	34.597145	122.356581	34.289968	119.539471	33.999808	116.622115	33.729787	113.604146	33.483170	110.485846	33.263316	107.268288	33.073652	103.953388	32.917622	100.544021	32.798630	97.044047	32.719979	93.458345	32.684804	89.792804	32.696007	86.054272	32.756181	82.250447	32.867560	78.389737	33.031929	74.481069	33.250614	70.533664	33.524405	66.556812	33.853556	62.559602	34.237769	58.550681
916.485230	35.238597	127.703266	34.905851	125.083544	34.584379	122.365901	34.276971	119.548914	33.986595	116.631618	33.716376	113.613643	33.469576	110.495268	33.249562	107.277562	33.059761	103.962439	32.903624	100.552771	32.784557	97.052423	32.705867	93.466275	32.670694	89.800222	32.681941	86.061124	32.742211	82.256682	32.853734	78.395322	33.018306	74.485982	33.237250	70.537896	33.511358	66.560372	33.840888	62.562508	34.225539	58.552967
916.859920	35.226325	127.712182	34.893327	125.092683	34.571616	122.375217	34.263978	119.558353	33.973387	116.641118	33.702968	113.623137	33.455986	110.504688	33.235812	107.286832	33.045875	103.971486	32.889630	100.561519	32.770488	97.060797	32.691759	93.474201	32.656588	89.807638	32.667881	86.067973	32.728247	82.262914	32.839914	78.400905	33.004687	74.490893	33.223890	70.542127	33.498315	66.563931	33.828224	62.565412	34.213314	58.555253
917.234560	35.214096	127.721125	34.880849	125.101852	34.558898	122.384563	34.251030	119.567820	33.960223	116.650646	33.689604	113.632660	33.442439	110.514136	33.222103	107.296130	33.032032	103.980562	32.875679	100.570294	32.756459	97.069195	32.677690	93.482152	32.642519	89.815079	32.653857	86.074845	32.714316	82.269170	32.826128	78.406509	32.991101	74.495823	33.210559	70.546377	33.485301	66.567506	33.815587	62.568332	34.201115	58.557552
917.609070	35.201897	127.730083	34.868401	125.111035	34.546208	122.393923	34.238112	119.577300	33.947090	116.660189	33.676269	113.642197	33.428921	110.523600	33.208424	107.305443	33.018217	103.989651	32.861755	100.579083	32.742459	97.077607	32.663649	93.490116	32.628477	89.822534	32.639859	86.081728	32.700410	82.275439	32.812366	78.412123	32.977537	74.500763	33.197250	70.550637	33.472307	66.571089	33.802970	62.571261	34.188935	58.559859
917.983520	35.189700	127.739039	34.855956	125.120217	34.533521	122.403282	34.225196	119.586779	33.933958	116.669731	33.662937	113.651733	33.415405	110.533062	33.194747	107.314753	33.004404	103.998738	32.847834	100.587870	32.728460	97.086018	32.649609	93.498078	32.614437	89.829987	32.625864	86.088610	32.686506	82.281706	32.798606	78.417737	32.963976	74.505703	33.183943	70.554897	33.459316	66.574671	33.790354	62.574189	34.176756	58.562165
918.357790	35.177568	127.748026	34.843574	125.129430	34.520900	122.412672	34.212346	119.596289	33.920890	116.679304	33.649668	113.661300	33.401955	110.542552	33.181134	107.324095	32.990652	104.007851	32.833972	100.596681	32.714520	97.094454	32.635628	93.506069	32.600454	89.837461	32.611923	86.095514	32.672655	82.287993	32.784896	78.423370	32.950463	74.510659	33.170684	70.559168	33.446370	66.578266	33.777781	62.577128	34.164616	58.564481
918.731990	35.165442	127.757014	34.831198	125.138643	34.508285	122.422062	34.199500	119.605799	33.907828	116.688876	33.636404	113.670867	33.388510	110.552041	33.167526	107.333436	32.976906	104.016964	32.820116	100.605491	32.700585	97.102890	32.621651	93.514060	32.586477	89.844935	32.597986	86.102417	32.658808	82.294279	32.771191	78.429003	32.936955	74.515615	33.157431	70.563439	33.433429	66.581860	33.765212	62.580067	34.152479	58.566797
919.106080	35.153337	127.766011	34.818843	125.147864	34.495690	122.431459	34.186676	119.615317	33.894787	116.698455	33.623162	113.680441	33.375085	110.561538	33.153939	107.342784	32.963179	104.026085	32.806280	100.614308	32.686670	97.111332	32.607694	93.522056	32.572518	89.852415	32.584068	86.109326	32.644979	82.300571	32.757503	78.434639	32.923463	74.520576	33.144192	70.567714	33.420502	66.585459	33.752657	62.583008	34.140357	58.569115
919.480100	35.141280	127.775036	34.806536	125.157112	34.483141	122.440882	34.173899	119.624862	33.881793	116.708058	33.609967	113.690037	33.361704	110.571058	33.140396	107.352155	32.949497	104.035230	32.792486	100.623149	32.672798	97.119793	32.593779	93.530068	32.558597	89.859914	32.570189	86.116254	32.631187	82.306877	32.743850	78.440289	32.910004	74.525549	33.130984	70.572003	33.407606	66.589068	33.740130	62.585958	34.128262	58.571440
919.854000	35.129226	127.784059	34.794233	125.166358	34.470596	122.450301	34.161127	119.634404	33.868803	116.717657	33.596776	113.699631	33.348328	110.580574	33.126858	107.361523	32.935818	104.044373	32.778696	100.631986	32.658930	97.128251	32.579868	93.538078	32.544680	89.867411	32.556314	86.123180	32.617399	82.313181	32.730202	78.445938	32.896550	74.530521	33.117781	70.576291	33.394713	66.592677	33.727607	62.588906	34.116171	58.573765
920.227780	35.117216	127.793105	34.781974	125.175628	34.458097	122.459747	34.148398	119.643969	33.855858	116.727281	33.583629	113.709249	33.334996	110.590115	33.113361	107.370914	32.922183	104.053537	32.764950	100.640849	32.645103	97.136734	32.565995	93.546112	32.530803	89.874929	32.542475	86.130125	32.603647	82.319506	32.716589	78.451606	32.883128	74.535511	33.104609	70.580594	33.381850	66.596300	33.715113	62.591870	34.104107	58.576103
920.601440	35.105236	127.802165	34.769744	125.184913	34.445627	122.469209	34.135699	119.653548	33.842942	116.736919	33.570511	113.718882	33.321693	110.599671	33.099894	107.380319	32.908578	104.062714	32.751231	100.649726	32.631304	97.145233	32.552149	93.554160	32.516952	89.882461	32.528661	86.137081	32.589921	82.325843	32.702999	78.457288	32.869730	74.540511	33.091460	70.584907	33.369008	66.599932	33.702640	62.594843	34.092061	58.578449
920.975040	35.093257	127.811224	34.757516	125.194197	34.433160	122.478669	34.123002	119.663125	33.830029	116.746556	33.557395	113.728513	33.308392	110.609225	33.086429	107.389722	32.894975	104.071889	32.737515	100.658602	32.617507	97.153729	32.538305	93.562206	32.503103	89.889992	32.514850	86.144036	32.576196	82.332180	32.689411	78.462968	32.856333	74.545511	33.078313	70.589220	33.356167	66.603563	33.690168	62.597816	34.080017	58.580795
921.348510	35.081341	127.820319	34.745352	125.203517	34.420755	122.488161	34.110368	119.672739	33.817177	116.756230	33.544341	113.738178	33.295152	110.618813	33.073024	107.399156	32.881429	104.081098	32.723856	100.667507	32.603766	97.162255	32.524518	93.570279	32.489308	89.897549	32.501091	86.151021	32.562521	82.338538	32.675872	78.468669	32.842984	74.550533	33.065209	70.593552	33.343369	66.607212	33.677736	62.600803	34.068010	58.583155
921.721860	35.069433	127.829414	34.733196	125.212837	34.408359	122.497652	34.097743	119.682352	33.804333	116.765903	33.531295	113.747843	33.281921	110.628401	33.059628	107.408591	32.867892	104.090307	32.710205	100.676411	32.590034	97.170781	32.510738	93.578352	32.475520	89.905106	32.487341	86.158005	32.548855	82.344896	32.662341	78.474369	32.829642	74.555555	33.052112	70.597884	33.330578	66.610861	33.665309	62.603789	34.056010	58.585515
922.095150	35.057544	127.838518	34.721059	125.222165	34.395982	122.507153	34.085136	119.691975	33.791509	116.775585	33.518268	113.757517	33.268709	110.637998	33.046251	107.418035	32.854373	104.099525	32.696572	100.685324	32.576319	97.179315	32.496976	93.586433	32.461749	89.912671	32.473607	86.164997	32.535203	82.351262	32.648824	78.480077	32.816314	74.560583	33.039029	70.602223	33.317800	66.614515	33.652896	62.606782	34.044021	58.587880
922.468320	35.045709	127.847651	34.708974	125.231521	34.383660	122.516685	34.072582	119.701627	33.778739	116.785293	33.505294	113.767220	33.255550	110.647624	33.032927	107.427510	32.840905	104.108770	32.682990	100.694264	32.562653	97.187876	32.483262	93.594542	32.448026	89.920262	32.459918	86.172012	32.521596	82.357653	32.635349	78.485811	32.803025	74.565631	33.025985	70.606579	33.305058	66.618188	33.640516	62.609792	34.032065	58.590260
922.841370	35.033878	127.856782	34.696894	125.240873	34.371342	122.526214	34.060032	119.711275	33.765972	116.794999	33.492324	113.776919	33.242395	110.657247	33.019607	107.436982	32.827441	104.118011	32.669412	100.703201	32.548991	97.196434	32.469552	93.602647	32.434307	89.927849	32.446233	86.179025	32.507993	82.364043	32.621878	78.491543	32.789741	74.570677	33.012946	70.610933	33.292320	66.621860	33.628141	62.612802	34.020113	58.592639
923.214290	35.022086	127.865930	34.684853	125.250244	34.359062	122.535759	34.047521	119.720940	33.753244	116.804720	33.479392	113.786634	33.229277	110.666885	33.006323	107.446467	32.814015	104.127269	32.655871	100.712153	32.535365	97.205006	32.455876	93.610767	32.420622	89.935451	32.432580	86.186049	32.494421	82.370443	32.608437	78.497283	32.776486	74.575733	32.999933	70.615298	33.279607	66.625540	33.615790	62.615817	34.008183	58.595023
923.587160	35.010321	127.875093	34.672839	125.259629	34.346808	122.545318	34.035038	119.730618	33.740542	116.814455	33.466487	113.796360	33.216186	110.676534	32.993065	107.455963	32.800615	104.136540	32.642354	100.721116	32.521762	97.213588	32.442224	93.618897	32.406958	89.943063	32.418950	86.193081	32.480870	82.376853	32.595017	78.503029	32.763250	74.580797	32.986937	70.619671	33.266913	66.629226	33.603455	62.618835	33.996269	58.597409
923.959900	34.998560	127.884254	34.660830	125.269011	34.334559	122.554873	34.022559	119.740292	33.727845	116.824186	33.453586	113.806083	33.203099	110.686180	32.979812	107.465455	32.787219	104.145808	32.628842	100.730077	32.508165	97.222168	32.428577	93.627025	32.393299	89.950673	32.405324	86.200111	32.467323	82.383260	32.581601	78.508774	32.750019	74.585858	32.973947	70.624042	33.254222	66.632912	33.591125	62.621852	33.984359	58.599795
924.332520	34.986856	127.893441	34.648878	125.278422	34.322365	122.564455	34.010137	119.749994	33.715205	116.833947	33.440741	113.815836	33.190068	110.695851	32.966612	107.474975	32.773876	104.155098	32.615381	100.739060	32.494618	97.230770	32.414979	93.635175	32.379690	89.958301	32.391744	86.207161	32.453822	82.389685	32.568228	78.514534	32.736830	74.590934	32.960997	70.628424	33.241570	66.636606	33.578831	62.624880	33.972484	58.602190
924.705080	34.975159	127.902630	34.636935	125.287836	34.310179	122.574040	33.997723	119.759698	33.702573	116.843711	33.427905	113.825591	33.177046	110.705524	32.953421	107.484497	32.760541	104.164390	32.601928	100.748045	32.481078	97.239374	32.401388	93.643327	32.366088	89.965931	32.378172	86.214213	32.440328	82.396112	32.554862	78.520296	32.723647	74.596010	32.948055	70.632807	33.228924	66.640302	33.566543	62.627909	33.960614	58.604586
925.077510	34.963480	127.911825	34.625008	125.297255	34.298012	122.583630	33.985327	119.769407	33.689959	116.853479	33.415086	113.835351	33.164040	110.715202	32.940247	107.494024	32.747223	104.173686	32.588492	100.757035	32.467555	97.247983	32.387813	93.651483	32.352501	89.973565	32.364615	86.221269	32.426849	82.402543	32.541510	78.526062	32.710478	74.601091	32.935125	70.637193	33.216292	66.644000	33.554268	62.630941	33.948756	58.606985
925.449830	34.951853	127.921051	34.613134	125.306702	34.285900	122.593251	33.972984	119.779144	33.677398	116.863274	33.402321	113.845139	33.151086	110.724911	32.927126	107.503580	32.733956	104.183012	32.575107	100.766057	32.454082	97.256618	32.374288	93.659664	32.338960	89.981226	32.351102	86.228351	32.413413	82.408996	32.528200	78.531851	32.697349	74.606193	32.922231	70.641599	33.203695	66.647716	33.542026	62.633989	33.936929	58.609399
925.822020	34.940231	127.930274	34.601265	125.316147	34.273792	122.602869	33.960646	119.788878	33.664841	116.873065	33.389559	113.854925	33.138136	110.734617	32.914010	107.513132	32.720694	104.192335	32.561726	100.775075	32.440614	97.265251	32.360767	93.667842	32.325424	89.988884	32.337594	86.235430	32.399982	82.415448	32.514895	78.537638	32.684224	74.611292	32.909342	70.646003	33.191103	66.651430	33.529789	62.637036	33.925107	58.611811
926.194150	34.928643	127.939515	34.589430	125.325609	34.261718	122.612504	33.948341	119.798632	33.652317	116.882875	33.376831	113.864726	33.125220	110.744340	32.900926	107.522702	32.707464	104.201674	32.548377	100.784109	32.427177	97.273901	32.347275	93.676037	32.311917	89.996557	32.324115	86.242524	32.386577	82.421912	32.501616	78.543437	32.671124	74.616403	32.896478	70.650418	33.178533	66.655154	33.517572	62.640091	33.913304	58.614231
926.566160	34.917089	127.948770	34.577629	125.335086	34.249677	122.622154	33.936069	119.808401	33.639826	116.892701	33.364136	113.874540	33.112337	110.754078	32.887873	107.532287	32.694266	104.211025	32.535059	100.793154	32.413771	97.282566	32.333812	93.684245	32.298440	90.004243	32.310665	86.249631	32.373199	82.428386	32.488364	78.549247	32.658048	74.621524	32.883638	70.654843	33.165985	66.658886	33.505377	62.643154	33.901523	58.616658
926.938110	34.905536	127.958024	34.565829	125.344561	34.237637	122.631803	33.923799	119.818169	33.627337	116.902525	33.351443	113.884353	33.099456	110.763814	32.874822	107.541870	32.681071	104.220375	32.521743	100.802198	32.400366	97.291229	32.320351	93.692451	32.284964	90.011927	32.297217	86.256737	32.359823	82.434859	32.475113	78.555056	32.644974	74.626643	32.870800	70.659268	33.153439	66.662618	33.493183	62.646216	33.889743	58.619084
927.309880	34.894042	127.967309	34.554087	125.354068	34.225656	122.641482	33.911587	119.827965	33.614907	116.912380	33.338808	113.894199	33.086633	110.773579	32.861828	107.551482	32.667930	104.229757	32.508482	100.811271	32.387015	97.299920	32.306944	93.700685	32.271538	90.019639	32.283818	86.263865	32.346495	82.441360	32.461908	78.560891	32.631946	74.631786	32.858004	70.663711	33.140934	66.666371	33.481028	62.649296	33.877998	58.621527
927.681580	34.882561	127.976599	34.542358	125.363579	34.213687	122.651166	33.899389	119.837765	33.602491	116.922240	33.326185	113.904051	33.073822	110.783349	32.848847	107.561098	32.654802	104.239144	32.495233	100.820349	32.373675	97.308615	32.293549	93.708924	32.258124	90.027356	32.270430	86.270997	32.333178	82.447865	32.448715	78.566730	32.618929	74.636933	32.845217	70.668158	33.128438	66.670128	33.468882	62.652380	33.866260	58.623973
928.053220	34.871090	127.985893	34.530639	125.373094	34.201729	122.660853	33.887201	119.847569	33.590084	116.932103	33.313573	113.913906	33.061021	110.793122	32.835876	107.570717	32.641683	104.248533	32.481994	100.829429	32.360344	97.317312	32.280163	93.717165	32.244719	90.035074	32.257051	86.278132	32.319870	82.454372	32.435529	78.572570	32.605919	74.642082	32.832438	70.672606	33.115949	66.673887	33.456743	62.655465	33.854529	58.626420
928.424680	34.859673	127.995212	34.518976	125.382633	34.189826	122.670566	33.875068	119.857398	33.577732	116.941988	33.301016	113.923782	33.048273	110.802919	32.822959	107.580359	32.628616	104.257945	32.468807	100.838532	32.347064	97.326029	32.266825	93.725429	32.231363	90.042811	32.243716	86.285288	32.306606	82.460893	32.422385	78.578422	32.592949	74.647245	32.819699	70.677070	33.103498	66.677653	33.444639	62.658560	33.842833	58.628876
928.796080	34.848258	128.004528	34.507315	125.392171	34.177925	122.680276	33.862937	119.867224	33.565382	116.951871	33.288461	113.933657	33.035528	110.812714	32.810043	107.589998	32.615552	104.267355	32.455622	100.847634	32.333786	97.334745	32.253488	93.733691	32.218010	90.050547	32.230384	86.292443	32.293345	82.467413	32.409243	78.584273	32.579981	74.652408	32.806962	70.681533	33.091048	66.681419	33.432537	62.661654	33.831139	58.631331
929.167360	34.836874	128.013858	34.495684	125.401721	34.166055	122.689999	33.850837	119.877063	33.553062	116.961767	33.275935	113.943543	33.022812	110.822520	32.797157	107.599649	32.602517	104.276776	32.442465	100.856746	32.320536	97.343473	32.240180	93.741963	32.204682	90.058293	32.217078	86.299605	32.280109	82.473943	32.396125	78.590134	32.567037	74.657577	32.794247	70.686000	33.078620	66.685192	33.420454	62.664753	33.819464	58.633790
929.538570	34.825525	128.023204	34.484088	125.411288	34.154219	122.699738	33.838771	119.886919	33.540776	116.971679	33.263444	113.953444	33.010130	110.832342	32.784303	107.609315	32.589515	104.286213	32.429340	100.865874	32.307318	97.352215	32.226904	93.750247	32.191382	90.066053	32.203802	86.306779	32.266900	82.480485	32.383035	78.596008	32.554118	74.662754	32.781555	70.690475	33.066214	66.688972	33.408394	62.667859	33.807810	58.636254
929.909610	34.814181	128.032545	34.472497	125.420850	34.142389	122.709473	33.826710	119.896770	33.528497	116.981587	33.250959	113.963341	32.997454	110.842159	32.771456	107.618976	32.576519	104.295645	32.416221	100.874997	32.294105	97.360954	32.213633	93.758527	32.178088	90.073809	32.190531	86.313950	32.253697	82.487024	32.369951	78.601880	32.541205	74.667928	32.768869	70.694947	33.053814	66.692751	33.396339	62.670963	33.796162	58.638717
930.280580	34.802883	128.041915	34.460952	125.430437	34.130605	122.719232	33.814696	119.906645	33.516263	116.991519	33.238518	113.973263	32.984823	110.852000	32.758653	107.628664	32.563567	104.305099	32.403145	100.884143	32.280934	97.369715	32.200402	93.766827	32.164836	90.081586	32.177298	86.321141	32.240531	82.493581	32.356902	78.607764	32.528325	74.673119	32.756214	70.699437	33.041445	66.696543	33.384313	62.674078	33.784538	58.641190
930.651490	34.791602	128.051293	34.449423	125.440029	34.118837	122.728998	33.802698	119.916527	33.504045	117.001458	33.226094	113.983193	32.972208	110.861848	32.745867	107.638359	32.550630	104.314559	32.390083	100.893295	32.267778	97.378482	32.187185	93.775132	32.151598	90.089368	32.164078	86.328337	32.227378	82.500144	32.343865	78.613653	32.515456	74.678315	32.743572	70.703930	33.029087	66.700337	33.372298	62.677196	33.772925	58.643666
931.022220	34.780330	128.060667	34.437904	125.449620	34.107079	122.738761	33.790709	119.926406	33.491837	117.011394	33.213679	113.993120	32.959602	110.871693	32.733089	107.648052	32.537703	104.324017	32.377032	100.902444	32.254632	97.387246	32.173978	93.783436	32.138370	90.097148	32.150868	86.335531	32.214234	82.506705	32.330837	78.619540	32.502597	74.683510	32.730938	70.708423	33.016737	66.704132	33.360290	62.680314	33.761318	58.646141
931.392880	34.769114	128.070067	34.426442	125.459243	34.095378	122.748554	33.778778	119.936318	33.479685	117.021362	33.201321	114.003077	32.947053	110.881571	32.720367	107.657771	32.524829	104.333505	32.364032	100.911624	32.241539	97.396038	32.160821	93.791770	32.125189	90.104953	32.137705	86.342751	32.201137	82.513288	32.317852	78.625451	32.489780	74.688727	32.718344	70.712934	33.004424	66.707944	33.348318	62.683447	33.749747	58.648631
931.763430	34.757902	128.079465	34.414984	125.468864	34.083682	122.758345	33.766850	119.946227	33.467537	117.031327	33.188967	114.013031	32.934507	110.891446	32.707648	107.667488	32.511959	104.342990	32.351036	100.920800	32.228450	97.404828	32.147668	93.800101	32.112012	90.112756	32.124547	86.349968	32.188043	82.519869	32.304872	78.631360	32.476968	74.693943	32.705754	70.717443	32.992115	66.711755	33.336350	62.686580	33.738178	58.651121
932.133910	34.746714	128.088876	34.403550	125.478497	34.072008	122.768147	33.754946	119.956147	33.455414	117.041303	33.176637	114.022997	32.921985	110.901332	32.694952	107.677217	32.499112	104.352487	32.338063	100.929987	32.215382	97.413628	32.134537	93.808443	32.098856	90.120569	32.111409	86.357197	32.174968	82.526461	32.291910	78.637278	32.464173	74.699166	32.693181	70.721960	32.979823	66.715573	33.324397	62.689719	33.726625	58.653616
932.504270	34.735566	128.098314	34.392157	125.488152	34.060376	122.777972	33.743084	119.966088	33.443333	117.051297	33.164348	114.032983	32.909505	110.911236	32.682298	107.686968	32.486306	104.362006	32.325132	100.939193	32.202351	97.422446	32.121445	93.816804	32.085737	90.128401	32.098306	86.364445	32.161927	82.533070	32.278982	78.643215	32.451410	74.704402	32.680640	70.726489	32.967560	66.719405	33.312472	62.692869	33.715098	58.656120
932.874510	34.724423	128.107749	34.380767	125.497804	34.048748	122.787793	33.731226	119.976025	33.431255	117.061288	33.152064	114.042965	32.897028	110.921136	32.669647	107.696716	32.473505	104.371523	32.312205	100.948396	32.189325	97.431262	32.108356	93.825162	32.072621	90.136231	32.085208	86.371690	32.148889	82.539677	32.266058	78.649150	32.438651	74.709637	32.668102	70.731017	32.955300	66.723235	33.300550	62.696019	33.703575	58.658624
933.244630	34.713322	128.117199	34.369421	125.507474	34.037162	122.797634	33.719410	119.985981	33.419220	117.071300	33.139820	114.052967	32.884592	110.931056	32.657037	107.706481	32.460743	104.381055	32.299315	100.957616	32.176338	97.440097	32.095305	93.833536	32.059542	90.144077	32.072145	86.378948	32.135887	82.546298	32.253165	78.655097	32.425923	74.714886	32.655594	70.735559	32.943069	66.727075	33.288655	62.699177	33.692077	58.661137
933.614690	34.702243	128.126657	34.358097	125.517152	34.025598	122.807484	33.707616	119.995948	33.407205	117.081323	33.127598	114.062978	32.872176	110.940985	32.644448	107.716256	32.448001	104.390595	32.286445	100.966846	32.163370	97.448943	32.082272	93.841919	32.046482	90.151932	32.059100	86.386212	32.122902	82.552928	32.240289	78.661052	32.413211	74.720143	32.643101	70.740107	32.930853	66.730920	33.276774	62.702341	33.680591	58.663654
933.984620	34.691168	128.136112	34.346777	125.526827	34.014038	122.817332	33.695825	120.005911	33.395194	117.091342	33.115380	114.072986	32.859765	110.950911	32.631863	107.726027	32.435264	104.400132	32.273580	100.976072	32.150407	97.457785	32.069245	93.850299	32.033426	90.159784	32.046059	86.393474	32.109923	82.559554	32.227418	78.667005	32.400503	74.725398	32.630612	70.744654	32.918641	66.734764	33.264898	62.705504	33.669110	58.666170
934.354430	34.680150	128.145596	34.335513	125.536529	34.002535	122.827205	33.684093	120.015900	33.383241	117.101388	33.103217	114.083021	32.847411	110.960864	32.619334	107.735821	32.422581	104.409695	32.260768	100.985325	32.137496	97.466649	32.056267	93.858700	32.020420	90.167657	32.033065	86.400758	32.096987	82.566201	32.214592	78.672974	32.387838	74.730665	32.618163	70.749213	32.906466	66.738621	33.253057	62.708678	33.657662	58.668696
934.724180	34.669135	128.155080	34.324253	125.546230	33.991037	122.837079	33.672365	120.025889	33.371291	117.111434	33.091059	114.093055	32.835061	110.970817	32.606809	107.745616	32.409902	104.419258	32.247961	100.994578	32.124588	97.475512	32.043293	93.867100	32.007418	90.175531	32.020074	86.408042	32.084056	82.572847	32.201769	78.678942	32.375175	74.735932	32.605716	70.753771	32.894295	66.742477	33.241219	62.711854	33.646217	58.671223
935.093810	34.658138	128.164568	34.313010	125.555937	33.979557	122.846957	33.660654	120.035882	33.359359	117.121483	33.078918	114.103093	32.822728	110.980774	32.594301	107.755415	32.397240	104.428825	32.235170	101.003835	32.111698	97.484380	32.030335	93.875506	31.994432	90.183408	32.007100	86.415329	32.071139	82.579496	32.188961	78.684915	32.362527	74.741203	32.593284	70.758333	32.882137	66.746336	33.229393	62.715030	33.634784	58.673750
935.463320	34.647186	128.174074	34.301813	125.565666	33.968121	122.856855	33.648987	120.045896	33.347472	117.131550	33.066823	114.113149	32.810439	110.990751	32.581836	107.765234	32.384620	104.438411	32.222421	101.013110	32.098848	97.493266	32.017417	93.883929	31.981483	90.191301	31.994163	86.422634	32.058260	82.586158	32.176187	78.690900	32.349912	74.746489	32.580884	70.762906	32.870009	66.750204	33.217596	62.718213	33.623378	58.676285
935.832700	34.636238	128.183577	34.290619	125.575391	33.956689	122.866750	33.637324	120.055906	33.335590	117.141614	33.054731	114.123201	32.798155	111.000724	32.569376	107.775049	32.372005	104.447992	32.209676	101.022382	32.086003	97.502149	32.004504	93.892350	31.968540	90.199192	31.981231	86.429936	32.045386	82.592817	32.163418	78.696883	32.337301	74.751773	32.568488	70.767477	32.857885	66.754070	33.205803	62.721395	33.611976	58.678818
936.202030	34.625323	128.193100	34.279459	125.585134	33.945291	122.876661	33.625695	120.065933	33.323740	117.151696	33.042673	114.133272	32.785902	111.010714	32.556947	107.784884	32.359421	104.457593	32.196961	101.031669	32.073187	97.511047	31.991620	93.900788	31.955625	90.207099	31.968327	86.437252	32.032537	82.599491	32.150675	78.702879	32.324715	74.757067	32.556116	70.772059	32.845783	66.757947	33.194032	62.724587	33.600593	58.681361
936.571230	34.614439	128.202638	34.268330	125.594888	33.933924	122.886585	33.614097	120.075972	33.311921	117.161791	33.030646	114.143356	32.773679	111.020717	32.544548	107.794731	32.346867	104.467206	32.184276	101.040967	32.060399	97.519957	31.978764	93.909238	31.942737	90.215017	31.955448	86.444578	32.019712	82.606175	32.137956	78.708884	32.312152	74.762368	32.543766	70.776650	32.833702	66.761831	33.182280	62.727787	33.589229	58.683910
936.940310	34.603559	128.212173	34.257204	125.604639	33.922561	122.896505	33.602503	120.086008	33.300106	117.171883	33.018623	114.153437	32.761459	111.030716	32.532153	107.804576	32.334317	104.476817	32.171595	101.050262	32.047615	97.528864	31.965912	93.917686	31.929853	90.222933	31.942573	86.451903	32.006891	82.612856	32.125240	78.714887	32.299593	74.767667	32.531420	70.781240	32.821625	66.765714	33.170533	62.730986	33.577868	58.686459
937.309330	34.592725	128.221729	34.246127	125.614412	33.911244	122.906449	33.590956	120.096070	33.288337	117.181999	33.006644	114.163542	32.749287	111.040739	32.519804	107.814442	32.321811	104.486447	32.158958	101.059581	32.034875	97.537792	31.953101	93.926151	31.917009	90.230868	31.929737	86.459244	31.994110	82.619559	32.112560	78.720908	32.287069	74.772985	32.519106	70.785843	32.809579	66.769611	33.158814	62.734196	33.566537	58.689016
937.678220	34.581903	128.231287	34.235062	125.624187	33.899940	122.916396	33.579421	120.106135	33.276581	117.192117	32.994679	114.173649	32.737128	111.050764	32.507468	107.824309	32.309318	104.496077	32.146335	101.068903	32.022148	97.546722	31.940304	93.934616	31.904177	90.238805	31.916913	86.466587	31.981339	82.626263	32.099891	78.726931	32.274556	74.778304	32.506803	70.790448	32.797544	66.773509	33.147104	62.737407	33.555214	58.691574
938.047000	34.571092	128.240846	34.224007	125.633963	33.888646	122.926344	33.567896	120.116200	33.264836	117.202236	32.982724	114.183757	32.724979	111.060790	32.495143	107.834177	32.296835	104.505709	32.133721	101.078226	32.009432	97.555654	31.927515	93.943084	31.891355	90.246742	31.904099	86.473931	31.968578	82.632968	32.087231	78.732955	32.262052	74.783624	32.494508	70.795053	32.785516	66.777408	33.135402	62.740619	33.543899	58.694134
938.415650	34.560335	128.250431	34.213005	125.643768	33.877406	122.936317	33.556424	120.126286	33.253143	117.212378	32.970821	114.193887	32.712882	111.070836	32.482866	107.844069	32.284402	104.515368	32.121154	101.087572	31.996761	97.564609	31.914773	93.951575	31.878578	90.254699	31.891328	86.481297	31.955859	82.639690	32.074613	78.738997	32.249587	74.788960	32.482251	70.799674	32.773525	66.781320	33.123735	62.743842	33.532614	58.696703
938.784240	34.549578	128.260015	34.202004	125.653571	33.866168	122.946289	33.544953	120.136370	33.241452	117.222519	32.958920	114.204017	32.700787	111.080881	32.470591	107.853960	32.271971	104.525025	32.108589	101.096916	31.984093	97.573563	31.902033	93.960064	31.865804	90.262654	31.878560	86.488662	31.943142	82.646411	32.061996	78.745037	32.237123	74.794294	32.469996	70.804294	32.761535	66.785231	33.112069	62.747065	33.521330	58.699271
939.152710	34.538849	128.269607	34.191030	125.663382	33.854956	122.956270	33.533510	120.146465	33.229787	117.232669	32.947047	114.214157	32.688718	111.090938	32.458344	107.863859	32.259566	104.534692	32.096051	101.106269	31.971450	97.582526	31.889318	93.968563	31.853053	90.270620	31.865815	86.496035	31.930448	82.653140	32.049402	78.751085	32.224681	74.799636	32.457760	70.808921	32.749564	66.789149	33.100421	62.750293	33.510064	58.701846
939.521120	34.528154	128.279214	34.180090	125.673209	33.843779	122.966268	33.522103	120.156578	33.218158	117.242835	32.935208	114.224314	32.676682	111.101015	32.446131	107.873775	32.247194	104.544375	32.083546	101.115638	31.958840	97.591507	31.876634	93.977077	31.840333	90.278603	31.853100	86.503421	31.917781	82.659883	32.036835	78.757145	32.212263	74.804991	32.445549	70.813559	32.737616	66.793076	33.088796	62.753531	33.498819	58.704429
939.889340	34.517464	128.288816	34.169157	125.683030	33.832607	122.976260	33.510701	120.166686	33.206534	117.252996	32.923375	114.234467	32.664652	111.111086	32.433924	107.883686	32.234829	104.554053	32.071047	101.125001	31.946236	97.600483	31.863957	93.985587	31.827620	90.286581	31.840390	86.510804	31.905121	82.666623	32.024275	78.763202	32.199851	74.810343	32.433344	70.818195	32.725673	66.797000	33.077177	62.756767	33.487581	58.707011
940.257510	34.506816	128.298441	34.158264	125.692872	33.821476	122.986271	33.499340	120.176814	33.194951	117.263178	32.911582	114.244638	32.652663	111.121174	32.421756	107.893618	32.222502	104.563749	32.058586	101.134385	31.933667	97.609475	31.851315	93.994115	31.814940	90.294576	31.827714	86.518206	31.892493	82.673377	32.011744	78.769273	32.187470	74.815707	32.421167	70.822843	32.713758	66.800936	33.065583	62.760013	33.476366	58.709600
940.625550	34.496187	128.308072	34.147392	125.702719	33.810365	122.996287	33.487999	120.186948	33.183387	117.273365	32.899810	114.254814	32.640694	111.131266	32.409607	107.903555	32.210195	104.573450	32.046144	101.143775	31.921118	97.618472	31.838691	94.002648	31.802278	90.302576	31.815055	86.525613	31.879882	82.680136	31.999230	78.775350	32.175105	74.821076	32.409006	70.827496	32.701858	66.804876	33.054003	62.763262	33.465166	58.712191
940.993530	34.485561	128.317702	34.136521	125.712565	33.799256	123.006301	33.476659	120.197080	33.171826	117.283551	32.888040	114.264988	32.628727	111.141356	32.397461	107.913491	32.197890	104.583150	32.033704	101.153163	31.908571	97.627467	31.826070	94.011180	31.789619	90.310574	31.802399	86.533020	31.867274	82.686893	31.986718	78.781425	32.162742	74.826444	32.396847	70.832148	32.689960	66.808815	33.042425	62.766510	33.453967	58.714782
941.361390	34.474992	128.327361	34.125709	125.722441	33.788206	123.016345	33.465379	120.207239	33.160324	117.293766	32.876326	114.275192	32.616817	111.151478	32.385371	107.923454	32.185640	104.592880	32.021318	101.162578	31.896077	97.636492	31.813500	94.019742	31.777009	90.318598	31.789790	86.540448	31.854712	82.693679	31.974250	78.787526	32.150422	74.831835	32.384729	70.836821	32.678102	66.812774	33.030882	62.769775	33.442802	58.717391
941.729130	34.464428	128.337018	34.114902	125.732314	33.777160	123.026387	33.454103	120.217395	33.148827	117.303979	32.864616	114.285394	32.604911	111.161598	32.373286	107.933414	32.173395	104.602607	32.008937	101.171992	31.883589	97.645515	31.800934	94.028302	31.764405	90.326619	31.777187	86.547875	31.842154	82.700463	31.961788	78.793626	32.138107	74.837224	32.372615	70.841492	32.666247	66.816733	33.019344	62.773039	33.431641	58.719999
942.096740	34.453880	128.346677	34.104112	125.742191	33.766132	123.036433	33.442844	120.227555	33.137347	117.314195	32.852924	114.295598	32.593023	111.171721	32.361218	107.943378	32.161167	104.612338	31.996573	101.181409	31.871117	97.654541	31.788386	94.036864	31.751817	90.334644	31.764600	86.555305	31.829612	82.707249	31.949340	78.799727	32.125806	74.842615	32.360516	70.846165	32.654406	66.820693	33.007818	62.776306	33.420492	58.722608
942.464290	34.443373	128.356352	34.093362	125.752087	33.755144	123.046499	33.431625	120.237735	33.125906	117.324430	32.841273	114.305819	32.581174	111.181861	32.349188	107.953361	32.148977	104.622085	31.984246	101.190844	31.858680	97.663584	31.775873	94.045439	31.739262	90.342686	31.752045	86.562750	31.817102	82.714046	31.936923	78.805837	32.113533	74.848016	32.348444	70.850845	32.642591	66.824661	32.996318	62.779579	33.409366	58.725223
942.831730	34.432869	128.366024	34.082615	125.761979	33.744159	123.056563	33.420408	120.247911	33.114468	117.334662	32.829625	114.316038	32.569329	111.191998	32.337161	107.963341	32.136791	104.631829	31.971923	101.200277	31.846247	97.672625	31.763364	94.054012	31.726712	90.350726	31.739495	86.570193	31.804595	82.720841	31.924510	78.811946	32.101265	74.853415	32.336376	70.855523	32.630779	66.828628	32.984822	62.782852	33.398244	58.727837
943.199040	34.422397	128.375710	34.071900	125.771883	33.733206	123.066636	33.409225	120.258099	33.103062	117.344904	32.818009	114.326267	32.557515	111.202146	32.325167	107.973332	32.124635	104.641586	31.959630	101.209719	31.833844	97.681676	31.750883	94.062595	31.714189	90.358775	31.726971	86.577645	31.792115	82.727645	31.912122	78.818063	32.089021	74.858822	32.324330	70.860210	32.618989	66.832599	32.973346	62.786130	33.387140	58.730454
943.566280	34.411950	128.385410	34.061210	125.781796	33.722278	123.076717	33.398068	120.268297	33.091683	117.355156	32.806418	114.336508	32.545726	111.212306	32.313197	107.983335	32.112503	104.651353	31.947361	101.219170	31.821465	97.690737	31.738426	94.071188	31.701690	90.366833	31.714469	86.585106	31.779656	82.734456	31.899754	78.824187	32.076796	74.864235	32.312302	70.864902	32.607216	66.836575	32.961887	62.789412	33.376052	58.733074
943.933410	34.401506	128.395107	34.050522	125.791706	33.711354	123.086795	33.386915	120.278493	33.080306	117.365405	32.794830	114.346745	32.533941	111.222462	32.301231	107.993334	32.100375	104.661117	31.935096	101.228617	31.809090	97.699796	31.725972	94.079779	31.689194	90.374889	31.701970	86.592565	31.767201	82.741265	31.887390	78.830310	32.064576	74.869646	32.300277	70.869594	32.595446	66.840549	32.950431	62.792694	33.364968	58.735693
944.300420	34.391110	128.404819	34.039882	125.801637	33.700478	123.096895	33.375806	120.288708	33.068975	117.375673	32.783287	114.357002	32.522201	111.232636	32.289310	108.003351	32.088291	104.670898	31.922873	101.238085	31.796756	97.708870	31.713559	94.088387	31.676738	90.382960	31.689510	86.600038	31.754783	82.748090	31.875061	78.836447	32.052389	74.875072	32.288286	70.874296	32.583709	66.844534	32.939005	62.795983	33.353912	58.738321
944.667360	34.380725	128.414534	34.029254	125.811573	33.689613	123.106999	33.364709	120.298926	33.057656	117.385945	32.771756	114.367263	32.510472	111.242812	32.277399	108.013370	32.076218	104.680682	31.910661	101.247556	31.784433	97.717945	31.701156	94.096999	31.664291	90.391035	31.677061	86.607512	31.742375	82.754918	31.862742	78.842587	32.040211	74.880501	32.276304	70.878999	32.571980	66.848521	32.927587	62.799275	33.342863	58.740952
945.034120	34.370350	128.424246	34.018636	125.821507	33.678759	123.117101	33.353622	120.309142	33.046347	117.396214	32.760236	114.377521	32.498754	111.252987	32.265499	108.023388	32.064155	104.690465	31.898460	101.257026	31.772121	97.727020	31.688764	94.105609	31.651855	90.399108	31.664622	86.614986	31.729977	82.761746	31.850432	78.848725	32.028042	74.885929	32.264331	70.883703	32.560261	66.852508	32.916177	62.802566	33.331824	58.743582
945.400820	34.360027	128.433988	34.008071	125.831466	33.667954	123.127231	33.342588	120.319385	33.035090	117.406513	32.748767	114.387808	32.487086	111.263193	32.253648	108.033434	32.052142	104.700277	31.886307	101.266521	31.759855	97.736124	31.676417	94.114245	31.639463	90.407207	31.652225	86.622490	31.717620	82.768597	31.838162	78.854889	32.015911	74.891376	32.252395	70.888428	32.548575	66.856514	32.904799	62.805874	33.320815	58.746227
945.767460	34.349705	128.443728	33.997507	125.841424	33.657151	123.137360	33.331555	120.329626	33.023835	117.416809	32.737299	114.398094	32.475420	111.273397	32.241798	108.043479	32.040131	104.710087	31.874156	101.276015	31.747591	97.745226	31.664072	94.122880	31.627073	90.415305	31.639830	86.629992	31.705264	82.775448	31.825894	78.861051	32.003783	74.896822	32.240460	70.893152	32.536891	66.860520	32.893423	62.809181	33.309807	58.748872
946.133910	34.339408	128.453473	33.986967	125.851386	33.646373	123.147492	33.320547	120.339871	33.012605	117.427110	32.725856	114.408383	32.463779	111.283604	32.229974	108.053528	32.028144	104.719900	31.862028	101.285513	31.735351	97.754333	31.651750	94.131519	31.614706	90.423407	31.627457	86.637496	31.692930	82.782302	31.813646	78.867217	31.991674	74.902271	32.228545	70.897880	32.525224	66.864528	32.882065	62.812491	33.298816	58.751519
946.500310	34.329143	128.463234	33.976461	125.861363	33.635630	123.157636	33.309572	120.350133	33.001408	117.437425	32.714447	114.418687	32.452171	111.293824	32.218183	108.063592	32.016188	104.729726	31.849933	101.295026	31.723142	97.763454	31.639459	94.140171	31.602368	90.431522	31.615113	86.645010	31.680622	82.789168	31.801425	78.873392	31.979590	74.907731	32.216653	70.902615	32.513580	66.868545	32.870728	62.815808	33.287844	58.754172
946.866640	34.318880	128.472994	33.965956	125.871338	33.624889	123.167779	33.298600	120.360393	32.990212	117.447738	32.703040	114.428989	32.440565	111.304042	32.206395	108.073653	32.004235	104.739550	31.837839	101.304537	31.710935	97.772574	31.627170	94.148821	31.590032	90.439635	31.602771	86.652523	31.668317	82.796032	31.789206	78.879565	31.967508	74.913189	32.204764	70.907349	32.501938	66.872561	32.859393	62.819125	33.276874	58.756824
947.232790	34.308655	128.482763	33.955490	125.881324	33.614186	123.177934	33.287665	120.370664	32.979055	117.458063	32.691671	114.439302	32.428996	111.314273	32.194643	108.083726	31.992319	104.749387	31.825782	101.314059	31.698763	97.781704	31.614915	94.157481	31.577729	90.447759	31.590461	86.660046	31.656043	82.802903	31.777018	78.885747	31.955456	74.918655	32.192903	70.912090	32.490323	66.876581	32.848084	62.822446	33.265929	58.759481
947.598880	34.298451	128.492539	33.945044	125.891317	33.603502	123.188098	33.276751	120.380942	32.967918	117.468398	32.680323	114.449622	32.417447	111.324513	32.182910	108.093806	31.980423	104.759232	31.813743	101.323588	31.686610	97.790840	31.602679	94.166148	31.565445	90.455890	31.578168	86.667576	31.643787	82.809780	31.764846	78.891933	31.943419	74.924127	32.181056	70.916836	32.478722	66.880603	32.836789	62.825769	33.254997	58.762140
947.964840	34.288250	128.502311	33.934601	125.901307	33.592823	123.198258	33.265841	120.391217	32.956785	117.478728	32.668979	114.459939	32.405902	111.334749	32.171182	108.103883	31.968531	104.769074	31.801708	101.333115	31.674461	97.799973	31.590447	94.174812	31.553165	90.464017	31.565880	86.675104	31.631535	82.816654	31.752678	78.898118	31.931387	74.929596	32.169214	70.921579	32.467125	66.884624	32.825498	62.829092	33.244069	58.764798
948.330750	34.278100	128.512112	33.924209	125.911324	33.582194	123.208442	33.254981	120.401516	32.945702	117.489083	32.657683	114.470284	32.394406	111.345008	32.159501	108.113986	31.956685	104.778943	31.789720	101.342668	31.662357	97.809132	31.578258	94.183504	31.540927	90.472169	31.553632	86.682655	31.619323	82.823552	31.740548	78.904327	31.919390	74.935088	32.157404	70.926343	32.455562	66.888666	32.814237	62.832431	33.233169	58.767470
948.696470	34.267960	128.521912	33.913828	125.921338	33.571576	123.218624	33.244131	120.411812	32.934631	117.499435	32.646398	114.480628	32.382922	111.355265	32.147831	108.124086	31.944850	104.788809	31.777743	101.352219	31.650265	97.818290	31.566080	94.192196	31.528701	90.480319	31.541396	86.690206	31.607121	82.830449	31.728428	78.910535	31.907403	74.940579	32.145604	70.931106	32.444007	66.892709	32.802986	62.835771	33.222277	58.770143
949.062130	34.257830	128.531714	33.903457	125.931355	33.560968	123.228809	33.233292	120.422111	32.923570	117.509789	32.635123	114.490973	32.371447	111.365525	32.136171	108.134190	31.933026	104.798677	31.765776	101.361773	31.638181	97.827450	31.553912	94.200889	31.516483	90.488472	31.529168	86.697758	31.594928	82.837350	31.716316	78.916746	31.895425	74.946073	32.133813	70.935871	32.432461	66.896754	32.791741	62.839113	33.211393	58.772818
949.427730	34.247744	128.541538	33.893130	125.941394	33.550403	123.239018	33.222497	120.432434	32.912552	117.520165	32.623892	114.501339	32.360015	111.375809	32.124555	108.144318	31.921243	104.808565	31.753850	101.371349	31.626139	97.836633	31.541783	94.209601	31.504304	90.496645	31.516978	86.705329	31.582769	82.844271	31.704239	78.922971	31.883479	74.951579	32.122053	70.940649	32.420944	66.900810	32.780523	62.842465	33.200534	58.775503
949.793150	34.237663	128.551357	33.882808	125.951428	33.539844	123.249221	33.211708	120.442752	32.901540	117.530536	32.612666	114.511699	32.348589	111.386088	32.112945	108.154442	31.909466	104.818449	31.741930	101.380919	31.614102	97.845811	31.529661	94.218307	31.492130	90.504814	31.504793	86.712895	31.570617	82.851188	31.692166	78.929194	31.871539	74.957082	32.110299	70.945425	32.409432	66.904863	32.769309	62.845816	33.189681	58.778186
950.158510	34.227607	128.561186	33.872511	125.961474	33.529310	123.259435	33.200944	120.453082	32.890552	117.540920	32.601466	114.522070	32.337188	111.396379	32.101359	108.164575	31.897714	104.828346	31.730033	101.390502	31.602088	97.855000	31.517561	94.227027	31.479978	90.512995	31.492630	86.720473	31.558486	82.858114	31.680115	78.935426	31.859618	74.962596	32.098563	70.950211	32.397938	66.908925	32.758113	62.849175	33.178843	58.780877
950.523740	34.217585	128.571028	33.862248	125.971533	33.518811	123.269662	33.190215	120.463425	32.879598	117.551319	32.590299	114.532456	32.325820	111.406683	32.089806	108.174720	31.885994	104.838260	31.718170	101.400099	31.590106	97.864204	31.505492	94.235763	31.467857	90.521190	31.480496	86.728067	31.546383	82.865052	31.668091	78.941671	31.847724	74.968125	32.086853	70.955009	32.386467	66.912996	32.746941	62.852544	33.168027	58.783577
950.888920	34.207565	128.580869	33.851987	125.981591	33.508312	123.279887	33.179487	120.473767	32.868646	117.561717	32.579133	114.542839	32.314454	111.416986	32.078255	108.184864	31.874276	104.848174	31.706308	101.409694	31.578126	97.873406	31.493425	94.244497	31.455738	90.529384	31.468364	86.735659	31.534283	82.871990	31.656069	78.947915	31.835831	74.973653	32.075144	70.959807	32.374999	66.917066	32.735770	62.855912	33.157213	58.786277
951.253910	34.197585	128.590720	33.841766	125.991659	33.497855	123.290124	33.168799	120.484119	32.857734	117.572125	32.568008	114.553237	32.303128	111.427301	32.066743	108.195021	31.862597	104.858095	31.694483	101.419302	31.566183	97.882619	31.481393	94.253241	31.443653	90.537589	31.456267	86.743263	31.522214	82.878937	31.644078	78.954169	31.823970	74.979187	32.063465	70.964609	32.363558	66.921144	32.724626	62.859286	33.146423	58.788981
951.618840	34.187622	128.600576	33.831562	126.001732	33.487414	123.300367	33.158127	120.494477	32.846840	117.582538	32.556899	114.563642	32.291819	111.437622	32.055247	108.205183	31.850933	104.868020	31.682674	101.428916	31.554255	97.891838	31.469376	94.261989	31.431584	90.545799	31.444183	86.750872	31.510159	82.885889	31.632101	78.960428	31.812120	74.984725	32.051798	70.969415	32.352129	66.925226	32.713494	62.862662	33.135644	58.791687
951.983700	34.177661	128.610430	33.821360	126.011803	33.476975	123.310608	33.147457	120.504832	32.835948	117.592949	32.545792	114.574044	32.280511	111.447941	32.043753	108.215343	31.839272	104.877944	31.670867	101.438528	31.542329	97.901054	31.457362	94.270735	31.419517	90.554008	31.432102	86.758480	31.498106	82.892839	31.620126	78.966685	31.800273	74.990262	32.040133	70.974219	32.340701	66.929307	32.702363	62.866037	33.124867	58.794393
952.348390	34.167749	128.620301	33.811208	126.021891	33.466587	123.320869	33.136837	120.515207	32.825105	117.603376	32.534736	114.584460	32.269253	111.458277	32.032309	108.225523	31.827658	104.887887	31.659109	101.448154	31.530450	97.910288	31.445394	94.279499	31.407493	90.562229	31.420063	86.766098	31.486096	82.899803	31.608191	78.972953	31.788464	74.995806	32.028504	70.979035	32.329309	66.933396	32.691264	62.869420	33.114122	58.797104
952.713010	34.157841	128.630170	33.801060	126.031978	33.456202	123.331128	33.126222	120.525580	32.814267	117.613803	32.523683	114.594875	32.258000	111.468612	32.020869	108.235701	31.816049	104.897829	31.647354	101.457779	31.518575	97.919521	31.433430	94.288261	31.395474	90.570450	31.408028	86.773714	31.474090	82.906766	31.596259	78.979221	31.776658	75.001350	32.016879	70.983850	32.317920	66.937485	32.680169	62.872803	33.103380	58.799815
953.077580	34.147945	128.640045	33.790923	126.042069	33.445830	123.341390	33.115618	120.535957	32.803441	117.624233	32.512642	114.605294	32.246757	111.478950	32.009439	108.245883	31.804451	104.907775	31.635610	101.467408	31.506710	97.928757	31.421476	94.297027	31.383464	90.578673	31.396003	86.781334	31.462093	82.913732	31.584337	78.985490	31.764861	75.006897	32.005262	70.988667	32.306539	66.941576	32.669082	62.876187	33.092645	58.802527
953.441960	34.138092	128.649936	33.780828	126.052174	33.435501	123.351662	33.105057	120.546346	32.792655	117.634677	32.501645	114.615728	32.235557	111.489299	31.998051	108.256075	31.792894	104.917730	31.623906	101.477049	31.494886	97.938003	31.409560	94.305803	31.371493	90.586907	31.384015	86.788965	31.450130	82.920707	31.572448	78.991768	31.753098	75.012455	31.993676	70.993490	32.295189	66.945671	32.658023	62.879576	33.081936	58.805243
953.806270	34.128240	128.659826	33.770736	126.062277	33.425174	123.361932	33.094497	120.556733	32.781872	117.645120	32.490649	114.626159	32.224358	111.499647	31.986665	108.266264	31.781340	104.927683	31.612205	101.486688	31.483063	97.947248	31.397647	94.314578	31.359524	90.595140	31.372028	86.796595	31.438170	82.927681	31.560562	78.998044	31.741337	75.018011	31.982093	70.998313	32.283840	66.949765	32.646967	62.882964	33.071230	58.807958
954.170470	34.118414	128.669720	33.760669	126.072388	33.414872	123.372210	33.083965	120.567127	32.771115	117.655570	32.479679	114.636597	32.213185	111.510004	31.975304	108.276463	31.769811	104.937645	31.600527	101.496335	31.471265	97.956500	31.385757	94.323360	31.347577	90.603381	31.360064	86.804232	31.426232	82.934661	31.548696	79.004327	31.729596	75.023574	31.970528	71.003140	32.272509	66.953864	32.635927	62.886356	33.060539	58.810677
954.534550	34.108617	128.679620	33.750633	126.082507	33.404598	123.382499	33.073462	120.577529	32.760388	117.666028	32.468738	114.647044	32.202041	111.520370	31.963972	108.286671	31.758309	104.947617	31.588877	101.505990	31.459493	97.965761	31.373894	94.332152	31.335657	90.611630	31.348126	86.811879	31.414317	82.941650	31.536854	79.010618	31.717876	75.029143	31.958986	71.007974	32.261198	66.957970	32.624906	62.889752	33.049867	58.813399
954.898560	34.098822	128.689518	33.740597	126.092625	33.394326	123.392786	33.062962	120.587930	32.749663	117.676484	32.457798	114.657489	32.190899	111.530735	31.952641	108.296877	31.746810	104.957587	31.577230	101.515643	31.447725	97.975020	31.362032	94.340942	31.323738	90.619878	31.336189	86.819524	31.402406	82.948637	31.525014	79.016908	31.706159	75.034711	31.947445	71.012806	32.249889	66.962075	32.613888	62.893147	33.039197	58.816121
955.262450	34.089065	128.699436	33.730601	126.102758	33.384094	123.403088	33.052499	120.598347	32.738977	117.686955	32.446897	114.667949	32.179795	111.541114	31.941349	108.307100	31.735347	104.967573	31.565619	101.525313	31.435991	97.984296	31.350206	94.349746	31.311854	90.628142	31.324285	86.827181	31.390525	82.955636	31.513205	79.023210	31.694471	75.040290	31.935932	71.017649	32.238608	66.966188	32.602895	62.896552	33.028551	58.818850
955.626220	34.079325	128.709361	33.720623	126.112897	33.373880	123.413393	33.042053	120.608768	32.728308	117.697429	32.436012	114.678412	32.168707	111.551496	31.930074	108.317327	31.723900	104.977565	31.554024	101.534989	31.424273	97.993577	31.338396	94.358556	31.299984	90.636410	31.312396	86.834841	31.378660	82.962638	31.501410	79.029516	31.682797	75.045870	31.924433	71.022494	32.227338	66.970304	32.591914	62.899959	33.017916	58.821583
955.989930	34.069587	128.719284	33.710645	126.123033	33.363667	123.423696	33.031608	120.619188	32.717641	117.707901	32.425129	114.688873	32.157621	111.561877	31.918800	108.327552	31.712456	104.987554	31.542431	101.544662	31.412557	98.002856	31.326587	94.367363	31.288117	90.644676	31.300508	86.842500	31.366796	82.969639	31.489617	79.035820	31.671124	75.051451	31.912935	71.027339	32.216071	66.974419	32.580935	62.903367	33.007283	58.824314
956.353520	34.059902	128.729225	33.700721	126.133191	33.353507	123.434025	33.021218	120.629631	32.707027	117.718402	32.414299	114.699364	32.146587	111.572284	31.907579	108.337801	31.701063	104.997570	31.530889	101.554362	31.400891	98.012159	31.314826	94.376195	31.276296	90.652967	31.288666	86.850186	31.354976	82.976668	31.477865	79.042150	31.659492	75.057053	31.901476	71.032207	32.204841	66.978555	32.569989	62.906791	32.996682	58.827064
956.716980	34.050223	128.739163	33.690803	126.143346	33.343352	123.444352	33.010833	120.640071	32.696417	117.728901	32.403475	114.709851	32.135559	111.582688	31.896363	108.348047	31.689676	105.007584	31.519352	101.564058	31.389230	98.021460	31.303071	94.385024	31.264481	90.661255	31.276829	86.857870	31.343161	82.983694	31.466119	79.048478	31.647865	75.062655	31.890021	71.037073	32.193616	66.982689	32.559048	62.910214	32.986085	58.829814
957.080380	34.040556	128.749105	33.680896	126.153504	33.333210	123.454682	33.000460	120.650515	32.685820	117.739402	32.392663	114.720342	32.124544	111.593096	31.885158	108.358297	31.678301	105.017600	31.507826	101.573759	31.377580	98.030764	31.291326	94.393857	31.252677	90.669547	31.265003	86.865557	31.331356	82.990724	31.454382	79.054808	31.636247	75.068259	31.878576	71.041942	32.182399	66.986826	32.548116	62.913640	32.975496	58.832565
957.443600	34.030929	128.759059	33.671030	126.163677	33.323109	123.465023	32.990128	120.660970	32.675265	117.749913	32.381893	114.730845	32.113570	111.603515	31.873994	108.368562	31.666965	105.027626	31.496340	101.583472	31.365969	98.040083	31.279620	94.402706	31.240909	90.677852	31.253213	86.873255	31.319586	82.997763	31.442679	79.061146	31.624661	75.073870	31.867161	71.046820	32.171211	66.990968	32.537213	62.917072	32.964933	58.835319
957.806760	34.021304	128.769011	33.661167	126.173848	33.313010	123.475363	32.979797	120.671424	32.664712	117.760422	32.371125	114.741345	32.102598	111.613933	31.862832	108.378824	31.655632	105.037650	31.484857	101.593183	31.354360	98.049401	31.267916	94.411552	31.229144	90.686156	31.241425	86.880952	31.307818	83.004800	31.430977	79.067482	31.613077	75.079481	31.855747	71.051696	32.160024	66.995110	32.526312	62.920503	32.954372	58.838073
958.169860	34.011703	128.778972	33.651327	126.184028	33.302934	123.485711	32.969491	120.681888	32.654181	117.770941	32.360380	114.751855	32.091649	111.624360	31.851692	108.389095	31.644320	105.047684	31.473395	101.602904	31.342773	98.058726	31.256233	94.420407	31.217399	90.694467	31.229657	86.888657	31.296069	83.011844	31.419295	79.073827	31.601511	75.085098	31.844351	71.056577	32.148854	66.999258	32.515426	62.923939	32.943827	58.840831
958.532780	34.002132	128.788940	33.641516	126.194215	33.292889	123.496064	32.959216	120.692360	32.643680	117.781468	32.349664	114.762371	32.080730	111.634797	31.840583	108.399373	31.633038	105.057727	31.461962	101.612631	31.331213	98.068057	31.244577	94.429267	31.205681	90.702782	31.217915	86.896369	31.284346	83.018894	31.407637	79.080179	31.589968	75.090721	31.832978	71.061461	32.137705	67.003412	32.504560	62.927378	32.933301	58.843591
958.895630	33.992563	128.798906	33.631708	126.204399	33.282846	123.506415	32.948943	120.702830	32.633181	117.791994	32.338951	114.772885	32.069813	111.645231	31.829476	108.409649	31.621758	105.067768	31.450531	101.622356	31.319656	98.077387	31.232924	94.438126	31.193966	90.711095	31.206176	86.904078	31.272624	83.025942	31.395981	79.086529	31.578428	75.096344	31.821607	71.066344	32.126558	67.007564	32.493695	62.930816	32.922777	58.846351
959.258420	33.983030	128.808890	33.621936	126.214598	33.272839	123.516783	32.938705	120.713313	32.622718	117.802533	32.328272	114.783415	32.058931	111.655679	31.818403	108.419941	31.610512	105.077825	31.439133	101.632097	31.308132	98.086732	31.221302	94.446999	31.182281	90.719426	31.194465	86.911803	31.260932	83.033006	31.384353	79.092891	31.566915	75.101979	31.810261	71.071239	32.115436	67.011726	32.482853	62.934264	32.912274	58.849121
959.621030	33.973515	128.818877	33.612183	126.224798	33.262850	123.527155	32.928486	120.723798	32.612275	117.813073	32.317613	114.793947	32.048067	111.666128	31.807350	108.430235	31.599286	105.087883	31.427754	101.641840	31.296626	98.096080	31.209698	94.455874	31.170613	90.727762	31.182772	86.919530	31.249257	83.040075	31.372741	79.099254	31.555417	75.107617	31.798930	71.076135	32.104329	67.015890	32.472025	62.937713	32.901784	58.851893
959.983580	33.964001	128.828863	33.602432	126.234996	33.252863	123.537524	32.918268	120.734281	32.601833	117.823612	32.306956	114.804478	32.037205	111.676575	31.796298	108.440528	31.588061	105.097941	31.416376	101.651582	31.285122	98.105427	31.198096	94.464747	31.158947	90.736096	31.171081	86.927255	31.237584	83.047142	31.361131	79.105616	31.543921	75.113255	31.787601	71.081031	32.093223	67.020052	32.461199	62.941163	32.891295	58.854664
960.346010	33.954535	128.838866	33.592728	126.245215	33.242923	123.547912	32.908098	120.744785	32.591440	117.834171	32.296346	114.815026	32.026390	111.687042	31.785292	108.450838	31.576881	105.108018	31.405044	101.661342	31.273662	98.114794	31.186538	94.473641	31.147323	90.744445	31.159430	86.934996	31.225948	83.054223	31.349558	79.111994	31.532461	75.118903	31.776306	71.085941	32.082149	67.024227	32.450403	62.944621	32.880836	58.857443
960.708310	33.945075	128.848866	33.583030	126.255432	33.232989	123.558297	32.897934	120.755286	32.581052	117.844727	32.285743	114.825571	32.015581	111.697508	31.774292	108.461145	31.565707	105.118093	31.393717	101.671099	31.262207	98.124159	31.174985	94.482534	31.135706	90.752793	31.147786	86.942736	31.214319	83.061302	31.337991	79.118371	31.521006	75.124550	31.765017	71.090851	32.071080	67.028401	32.439611	62.948079	32.870382	58.860221
961.070560	33.935625	128.858870	33.573343	126.265651	33.223066	123.568685	32.887781	120.765790	32.570675	117.855287	32.275150	114.836120	32.004782	111.707976	31.763303	108.471457	31.554544	105.128172	31.382401	101.680861	31.250763	98.133528	31.163442	94.491430	31.124097	90.761145	31.136151	86.950479	31.202699	83.068384	31.326432	79.124751	31.509560	75.130201	31.753736	71.095763	32.060019	67.032577	32.428828	62.951540	32.859934	58.863001
961.432680	33.926218	128.868888	33.563698	126.275884	33.213186	123.579087	32.877671	120.776308	32.560341	117.865862	32.264599	114.846684	31.994027	111.718464	31.752356	108.481787	31.543423	105.138264	31.371125	101.690641	31.239358	98.142913	31.151938	94.500342	31.112527	90.769513	31.124552	86.958240	31.191115	83.075482	31.314908	79.131147	31.498147	75.135868	31.742487	71.100689	32.048989	67.036765	32.418074	62.955012	32.849513	58.865791
961.794680	33.916814	128.878903	33.554056	126.286114	33.203310	123.589485	32.867564	120.786822	32.550010	117.876435	32.254052	114.857245	31.983275	111.728948	31.741412	108.492114	31.532305	105.148354	31.359853	101.700418	31.227957	98.152295	31.140438	94.509252	31.100960	90.777878	31.112957	86.965998	31.179534	83.082577	31.303388	79.137541	31.486738	75.141532	31.731241	71.105613	32.037962	67.040952	32.407323	62.958484	32.839096	58.868581
962.156620	33.907431	128.888923	33.544436	126.296350	33.193455	123.599891	32.857479	120.797346	32.539701	117.887015	32.243526	114.867815	31.972544	111.739438	31.730489	108.502448	31.521207	105.158452	31.348601	101.710201	31.216576	98.161683	31.128956	94.518168	31.089412	90.786251	31.101380	86.973762	31.167971	83.089679	31.291885	79.143940	31.475344	75.147202	31.720011	71.110541	32.026950	67.045143	32.396587	62.961959	32.828691	58.871374
962.518430	33.898078	128.898948	33.534845	126.306594	33.183631	123.610306	32.847423	120.807879	32.529420	117.897603	32.233030	114.878396	31.961842	111.749936	31.719595	108.512791	31.510137	105.168560	31.337378	101.719993	31.205223	98.171080	31.117502	94.527093	31.077891	90.794631	31.089828	86.981532	31.156432	83.096790	31.280405	79.150347	31.463973	75.152877	31.708802	71.115474	32.015958	67.049339	32.385870	62.965437	32.818305	58.874170
962.880130	33.888727	128.908971	33.525257	126.316835	33.173810	123.620718	32.837370	120.818409	32.519142	117.908189	32.222537	114.888974	31.951144	111.760430	31.708704	108.523131	31.499071	105.178665	31.326157	101.729781	31.193873	98.180473	31.106050	94.536014	31.066372	90.803009	31.078280	86.989301	31.144896	83.103899	31.268928	79.156752	31.452605	75.158551	31.697596	71.120406	32.004970	67.053534	32.375156	62.968914	32.807923	58.876966
963.241700	33.879410	128.919004	33.515702	126.327087	33.164021	123.631139	32.827350	120.828947	32.508898	117.918782	32.212077	114.899558	31.940478	111.770934	31.697846	108.533481	31.488037	105.188780	31.314969	101.739580	31.182553	98.189876	31.094629	94.544946	31.054883	90.811396	31.066761	86.997079	31.133388	83.111014	31.257479	79.163164	31.441262	75.164231	31.686414	71.125343	31.994004	67.057733	32.364463	62.972396	32.797561	58.879764
963.603210	33.870109	128.929044	33.506163	126.337344	33.154247	123.641565	32.817346	120.839489	32.498671	117.929379	32.201633	114.910146	31.929828	111.781442	31.687003	108.543835	31.477019	105.198900	31.303795	101.749385	31.171249	98.199284	31.083223	94.553882	31.043408	90.819786	31.055255	87.004862	31.121894	83.118133	31.246042	79.169579	31.429933	75.169916	31.675245	71.130282	31.983050	67.061933	32.353781	62.975881	32.787210	58.882565
963.964600	33.860812	128.939080	33.496627	126.347598	33.144477	123.651987	32.807346	120.850027	32.488447	117.939972	32.191193	114.920731	31.919182	111.791947	31.676164	108.554185	31.466005	105.209016	31.292625	101.759187	31.159949	98.208689	31.071821	94.562815	31.031937	90.828173	31.043754	87.012643	31.110404	83.125249	31.234610	79.175992	31.418607	75.175598	31.664079	71.135220	31.972100	67.066133	32.343102	62.979365	32.776862	58.885365
964.325870	33.851556	128.949133	33.487134	126.357866	33.134750	123.662423	32.797388	120.860579	32.478266	117.950582	32.180793	114.931330	31.908576	111.802468	31.665366	108.564547	31.455030	105.219144	31.281495	101.769000	31.148687	98.218108	31.060456	94.571760	31.020502	90.836573	31.032288	87.020433	31.098947	83.132375	31.223209	79.182413	31.407313	75.181286	31.652944	71.140167	31.961179	67.070340	32.332452	62.982852	32.766540	58.888169
964.687070	33.842307	128.959186	33.477648	126.368133	33.125030	123.672859	32.787437	120.871130	32.468090	117.961191	32.170400	114.941929	31.897977	111.812990	31.654574	108.574908	31.444062	105.229271	31.270371	101.778813	31.137432	98.227527	31.049098	94.580705	31.009073	90.844972	31.020828	87.028224	31.087497	83.139502	31.211814	79.188834	31.396024	75.186974	31.641814	71.145113	31.950262	67.074548	32.321807	62.986340	32.756223	58.890973
965.048160	33.833066	128.969239	33.468171	126.378401	33.115318	123.683294	32.777496	120.881682	32.457923	117.971801	32.160017	114.952527	31.887387	111.823510	31.643791	108.585270	31.433103	105.239399	31.259256	101.788627	31.126185	98.236946	31.037748	94.589651	30.997654	90.853372	31.009376	87.036015	31.076054	83.146629	31.200428	79.195256	31.384744	75.192663	31.630692	71.150061	31.939354	67.078757	32.311168	62.989828	32.745912	58.893778
965.409120	33.823869	128.979301	33.458738	126.388681	33.105652	123.693746	32.767600	120.892249	32.447801	117.982425	32.149678	114.963144	31.876842	111.834044	31.633053	108.595653	31.422188	105.249547	31.248184	101.798458	31.114980	98.246381	31.026439	94.598615	30.986275	90.861791	30.997963	87.043822	31.064649	83.153776	31.189078	79.201694	31.373498	75.198369	31.619603	71.155020	31.928476	67.082976	32.300559	62.993328	32.735629	58.896594
965.770020	33.814674	128.989362	33.449308	126.398960	33.095987	123.704195	32.757705	120.902814	32.437681	117.993048	32.139342	114.973758	31.866299	111.844576	31.622317	108.606033	31.411274	105.259693	31.237115	101.808288	31.103777	98.255815	31.015132	94.607578	30.974898	90.870208	30.986551	87.051628	31.053246	83.160921	31.177731	79.208132	31.362254	75.204074	31.608515	71.159979	31.917600	67.087194	32.289952	62.996828	32.725348	58.899409
966.130800	33.805499	128.999427	33.439896	126.409242	33.086341	123.714648	32.747829	120.913382	32.427580	118.003674	32.129025	114.984376	31.855775	111.855113	31.611599	108.616416	31.400379	105.269842	31.226063	101.818122	31.092592	98.265252	31.003843	94.616543	30.963538	90.878629	30.975156	87.059438	31.041860	83.168068	31.166399	79.214572	31.351025	75.209782	31.597442	71.164941	31.906738	67.091415	32.279357	63.000329	32.715079	58.902225
966.491460	33.796356	129.009504	33.430516	126.419533	33.076726	123.725110	32.737984	120.923959	32.417511	118.014309	32.118740	114.995003	31.845282	111.865660	31.600912	108.626806	31.389514	105.279999	31.215040	101.827964	31.081435	98.274698	30.992582	94.625516	30.952204	90.887057	30.963789	87.067258	31.030500	83.175219	31.155090	79.221019	31.339819	75.215494	31.586392	71.169911	31.895898	67.095641	32.268784	63.003835	32.704829	58.905044
966.851990	33.787215	129.019577	33.421139	126.429821	33.067114	123.735568	32.728142	120.934532	32.407445	118.024940	32.108458	115.005626	31.834792	111.876203	31.590228	108.637193	31.378652	105.290151	31.204021	101.837804	31.070283	98.284140	30.981325	94.634486	30.940875	90.895482	30.952425	87.075076	31.019143	83.182368	31.143786	79.227464	31.328617	75.221205	31.575345	71.174879	31.885062	67.099866	32.258215	63.007339	32.694582	58.907862
967.212460	33.778103	129.029661	33.411791	126.440121	33.057532	123.746038	32.718330	120.945118	32.397409	118.035584	32.098204	115.016262	31.824331	111.886759	31.579572	108.647594	31.367819	105.300318	31.193029	101.847656	31.059157	98.293598	30.970094	94.643470	30.929571	90.903921	30.941086	87.082905	31.007810	83.189530	31.132504	79.233921	31.317437	75.226927	31.564319	71.179855	31.874245	67.104102	32.247664	63.010852	32.684354	58.910688
967.572810	33.769013	129.039751	33.402464	126.450428	33.047972	123.756515	32.708540	120.955711	32.387395	118.046235	32.087971	115.026904	31.813892	111.897321	31.568938	108.658002	31.357008	105.310493	31.182059	101.857515	31.048053	98.303064	30.958883	94.652463	30.918286	90.912367	30.929766	87.090740	30.996495	83.196700	31.121241	79.240384	31.306275	75.232657	31.553311	71.184837	31.863445	67.108344	32.237127	63.014369	32.674141	58.913518
967.933040	33.759925	129.049837	33.393140	126.460731	33.038416	123.766989	32.698753	120.966301	32.377384	118.056882	32.077741	115.037542	31.803456	111.907880	31.558308	108.668407	31.346200	105.320665	31.171092	101.867370	31.036952	98.312526	30.947676	94.661453	30.907006	90.920810	30.918449	87.098573	30.985184	83.203868	31.109982	79.246846	31.295117	75.238384	31.542306	71.189816	31.852648	67.112585	32.226594	63.017885	32.663931	58.916348
968.293210	33.750875	129.059935	33.383855	126.471046	33.028897	123.777475	32.689004	120.976906	32.367410	118.067543	32.067549	115.048198	31.793057	111.918456	31.547714	108.678826	31.335427	105.330851	31.160161	101.877242	31.025886	98.322003	30.936503	94.670455	30.895759	90.929267	30.907165	87.106420	30.973905	83.211050	31.098752	79.253320	31.283987	75.244122	31.531327	71.194807	31.841876	67.116831	32.216086	63.021410	32.653744	58.919185
968.653200	33.741837	129.070032	33.374583	126.481360	33.019390	123.787958	32.679268	120.987510	32.357450	118.078202	32.057371	115.058851	31.782672	111.929030	31.537134	108.689244	31.324668	105.341034	31.149242	101.887113	31.014833	98.331479	30.925342	94.679455	30.884524	90.937723	30.895892	87.114267	30.962637	83.218232	31.087534	79.259793	31.272868	75.249859	31.520360	71.199797	31.831116	67.121077	32.205589	63.024936	32.643566	58.922022
969.013180	33.732802	129.080129	33.365312	126.491674	33.009885	123.798443	32.669533	120.998115	32.347492	118.088861	32.047194	115.069506	31.772288	111.939605	31.526555	108.699663	31.313910	105.351219	31.138325	101.896984	31.003782	98.340955	30.914184	94.688457	30.873291	90.946180	30.884622	87.122114	30.951371	83.225415	31.076318	79.266267	31.261750	75.255597	31.509394	71.204789	31.820356	67.125324	32.195094	63.028462	32.633390	58.924860
969.372990	33.723817	129.090247	33.356093	126.502009	33.000432	123.808948	32.659851	121.008736	32.337583	118.099543	32.037070	115.080179	31.761955	111.950201	31.516027	108.710105	31.303202	105.361428	31.127458	101.906878	30.992778	98.350453	30.903072	94.697485	30.862103	90.954662	30.873395	87.129982	30.940147	83.232618	31.065142	79.272762	31.250672	75.261356	31.498466	71.209801	31.809632	67.129593	32.184630	63.032004	32.623246	58.927715
969.732730	33.714834	129.100364	33.346875	126.512343	32.990981	123.819452	32.650171	121.019355	32.327676	118.110222	32.026948	115.090850	31.751624	111.960795	31.505501	108.720545	31.292496	105.371635	31.116593	101.916769	30.981776	98.359949	30.891961	94.706512	30.850917	90.963143	30.862171	87.137848	30.928925	83.239820	31.053969	79.279256	31.239596	75.267115	31.487540	71.214813	31.798911	67.133861	32.174169	63.035546	32.613103	58.930569
970.092350	33.705865	129.110480	33.337671	126.522676	32.981543	123.829955	32.640504	121.029975	32.317783	118.120901	32.016839	115.101521	31.741306	111.971389	31.494989	108.730986	31.281804	105.381843	31.105741	101.926662	30.970787	98.369446	30.880864	94.715539	30.839744	90.971624	30.850959	87.145715	30.917715	83.247023	31.042807	79.285751	31.228531	75.272873	31.476624	71.219823	31.788199	67.138128	32.163718	63.039087	32.602970	58.933423
970.451840	33.696929	129.120600	33.328499	126.533016	32.972140	123.840465	32.630870	121.040603	32.307925	118.131587	32.006763	115.112198	31.731022	111.981990	31.484508	108.741432	31.271144	105.392057	31.094920	101.936563	30.959829	98.378952	30.869797	94.724571	30.828601	90.980110	30.839775	87.153589	30.906533	83.254230	31.031672	79.292251	31.217492	75.278636	31.465733	71.224834	31.777511	67.142396	32.153289	63.042631	32.592858	58.936275
970.811280	33.687995	129.130719	33.319329	126.543354	32.962738	123.850974	32.621238	121.051229	32.298067	118.142271	31.996688	115.122874	31.720739	111.992589	31.474029	108.751878	31.260485	105.402269	31.084100	101.946462	30.948873	98.388457	30.858732	94.733601	30.817459	90.988595	30.828592	87.161462	30.895352	83.261437	31.020538	79.298750	31.206454	75.284397	31.454843	71.229844	31.766824	67.146663	32.142861	63.046175	32.582747	58.939127
971.170590	33.679083	129.140842	33.310181	126.553695	32.953358	123.861485	32.611627	121.061858	32.288233	118.152958	31.986634	115.133554	31.710478	112.003191	31.463572	108.762326	31.249848	105.412483	31.073301	101.956364	30.937938	98.397964	30.847687	94.742633	30.806337	90.997081	30.817429	87.169338	30.884190	83.268645	31.009422	79.305249	31.195434	75.290159	31.443970	71.234855	31.756153	67.150929	32.132449	63.049717	32.572651	58.941978
971.529790	33.670194	129.150971	33.301058	126.564040	32.944000	123.872000	32.602039	121.072491	32.278422	118.163649	31.976604	115.144239	31.700239	112.013796	31.453137	108.772778	31.239232	105.422699	31.062526	101.966268	30.927024	98.407474	30.836663	94.751668	30.795235	91.005568	30.806287	87.177217	30.873048	83.275855	30.998325	79.311750	31.184432	75.295922	31.433115	71.239868	31.745499	67.155196	32.122053	63.053257	32.562570	58.944830
971.888850	33.661309	129.161096	33.291939	126.574382	32.934647	123.882511	32.592456	121.083121	32.268615	118.174335	31.966578	115.154920	31.690004	112.024397	31.442707	108.783227	31.228621	105.432912	31.051754	101.976168	30.916114	98.416979	30.825644	94.760700	30.784138	91.014052	30.795150	87.185093	30.861911	83.283063	30.987233	79.318248	31.173434	75.301684	31.422264	71.244878	31.734849	67.159462	32.111661	63.056796	32.552493	58.947681
972.247860	33.652455	129.171231	33.282850	126.584735	32.925325	123.893034	32.582904	121.093763	32.258838	118.185035	31.956584	115.165612	31.679801	112.035012	31.432307	108.793687	31.218040	105.443140	31.041012	101.986082	30.905233	98.426499	30.814653	94.769746	30.773068	91.022552	30.784038	87.192981	30.850799	83.290282	30.976165	79.324756	31.162459	75.307455	31.411435	71.249899	31.724221	67.163736	32.101289	63.060345	32.542435	58.950538
972.606750	33.643617	129.181367	33.273777	126.595091	32.916022	123.903559	32.573370	121.104409	32.249078	118.195738	31.946607	115.176307	31.669615	112.045631	31.421924	108.804149	31.207477	105.453372	31.030287	101.995999	30.894368	98.436022	30.803677	94.778796	30.762014	91.031056	30.772941	87.200872	30.839701	83.297505	30.965111	79.331267	31.151498	75.313230	31.400620	71.254924	31.713605	67.168013	32.090930	63.063896	32.532387	58.953398
972.965580	33.634782	129.191502	33.264706	126.605445	32.906719	123.914083	32.563837	121.115053	32.239320	118.206439	31.936632	115.187000	31.659430	112.056248	31.411543	108.814610	31.196915	105.463603	31.019563	102.005915	30.883505	98.445544	30.792704	94.787844	30.750961	91.039559	30.761846	87.208761	30.828605	83.304727	30.954059	79.337778	31.140539	75.319003	31.389806	71.259947	31.702991	67.172289	32.080572	63.067446	32.522342	58.956258
973.324220	33.625990	129.201651	33.255682	126.615810	32.897461	123.924621	32.554351	121.125709	32.229608	118.217155	31.926701	115.197710	31.649291	112.066878	31.401206	108.825089	31.186397	105.473848	31.008882	102.015848	30.872685	98.455080	30.781771	94.796907	30.739949	91.048078	30.750791	87.216664	30.817547	83.311965	30.943044	79.344304	31.129616	75.324791	31.379026	71.264986	31.692409	67.176578	32.070244	63.071008	32.512324	58.959127
973.682800	33.617204	129.211801	33.246664	126.626176	32.888209	123.935159	32.544870	121.136364	32.219901	118.227871	31.916776	115.208421	31.639158	112.077510	31.390876	108.835570	31.175885	105.484093	30.998207	102.025782	30.861870	98.464617	30.770845	94.805970	30.728942	91.056597	30.739742	87.224568	30.806494	83.319204	30.932034	79.350832	31.118697	75.330580	31.368251	71.270025	31.681832	67.180867	32.059921	63.074570	32.502311	58.961996
974.041260	33.608426	129.221949	33.237653	126.636540	32.878964	123.945696	32.535398	121.147018	32.210203	118.238585	31.906860	115.219131	31.629033	112.088140	31.380553	108.846049	31.165381	105.494338	30.987540	102.035714	30.851064	98.474153	30.759926	94.815034	30.717944	91.065115	30.728700	87.232472	30.795449	83.326442	30.921032	79.357359	31.107786	75.336369	31.357483	71.275064	31.671262	67.185157	32.049604	63.078132	32.492305	58.964866
974.399660	33.599688	129.232116	33.228680	126.646923	32.869760	123.956251	32.525964	121.157688	32.200545	118.249315	31.896983	115.229855	31.618946	112.098787	31.370269	108.856544	31.154915	105.504603	30.976910	102.045662	30.840295	98.483707	30.749043	94.824117	30.706980	91.073649	30.717691	87.240396	30.784436	83.333697	30.910060	79.363903	31.096905	75.342171	31.346743	71.280112	31.660718	67.189458	32.039312	63.081706	32.482323	58.967746
974.757930	33.590954	129.242279	33.219710	126.657301	32.860560	123.966801	32.516534	121.168354	32.190891	118.260041	31.887109	115.240575	31.608864	112.109431	31.359989	108.867035	31.144452	105.514864	30.966285	102.055606	30.829530	98.493257	30.738164	94.833198	30.696019	91.082180	30.706686	87.248318	30.773427	83.340948	30.899092	79.370444	31.086027	75.347972	31.336007	71.285158	31.650178	67.193758	32.029024	63.085278	32.472345	58.970624
975.116090	33.582236	129.252444	33.210758	126.667682	32.851376	123.977354	32.507120	121.179023	32.181253	118.270771	31.877252	115.251298	31.598797	112.120078	31.349725	108.877529	31.134006	105.525127	30.955675	102.065554	30.818780	98.502812	30.727301	94.842281	30.685075	91.090715	30.695697	87.256242	30.762433	83.348203	30.888139	79.376988	31.075163	75.353776	31.325284	71.290207	31.639651	67.198061	32.018747	63.088853	32.462377	58.973505
975.474120	33.573549	129.262616	33.201838	126.678071	32.842224	123.987915	32.497739	121.189703	32.171646	118.281511	31.867428	115.262030	31.588763	112.130734	31.339494	108.888031	31.123591	105.535398	30.945095	102.075513	30.808059	98.512378	30.716467	94.851375	30.674159	91.099262	30.684734	87.264175	30.751466	83.355466	30.877211	79.383541	31.064323	75.359588	31.314584	71.295266	31.629145	67.202371	32.008493	63.092433	32.452429	58.976390
975.832090	33.564865	129.272787	33.192919	126.688457	32.833073	123.998473	32.488359	121.200382	32.162041	118.292250	31.857605	115.272761	31.578730	112.141388	31.329264	108.898532	31.113178	105.545667	30.934518	102.085470	30.797341	98.521942	30.705635	94.860466	30.663244	91.107808	30.673774	87.272106	30.740500	83.362729	30.866285	79.390093	31.053485	75.365400	31.303886	71.300324	31.618641	67.206681	31.998240	63.096012	32.442483	58.979276
976.189940	33.556205	129.282959	33.184026	126.698849	32.823947	124.009035	32.479004	121.211064	32.152461	118.302992	31.847806	115.283496	31.568721	112.152047	31.319057	108.909040	31.102789	105.555943	30.923963	102.095433	30.786645	98.531512	30.694825	94.869561	30.652352	91.116356	30.662835	87.280041	30.729555	83.369994	30.855379	79.396647	31.042666	75.371214	31.293206	71.305384	31.608155	67.210992	31.988004	63.099593	32.432552	58.982162
976.547730	33.547565	129.293136	33.175153	126.709246	32.814842	124.019602	32.469669	121.221751	32.142901	118.313739	31.838027	115.294238	31.558732	112.162712	31.308869	108.919555	31.092418	105.566226	30.913429	102.105402	30.775968	98.541087	30.684034	94.878659	30.641476	91.124908	30.651912	87.287982	30.718627	83.377263	30.844489	79.403203	31.031863	75.377031	31.282541	71.310448	31.597683	67.215305	31.977781	63.103175	32.422635	58.985050
976.905330	33.538930	129.303307	33.166285	126.719638	32.805742	124.030163	32.460340	121.232432	32.133346	118.324480	31.828253	115.304974	31.548749	112.173371	31.298688	108.930064	31.082053	105.576503	30.902899	102.115366	30.765297	98.550658	30.673248	94.887753	30.630607	91.133456	30.640995	87.295918	30.707705	83.384529	30.833604	79.409756	31.021066	75.382845	31.271882	71.315509	31.587217	67.219616	31.967564	63.106756	32.412723	58.987937
977.262880	33.530324	129.313489	33.157447	126.730036	32.796671	124.040735	32.451040	121.243122	32.123822	118.335230	31.818510	115.315718	31.538796	112.184041	31.288536	108.940580	31.071717	105.586787	30.892399	102.125339	30.754654	98.560236	30.662489	94.896857	30.619764	91.142013	30.630104	87.303862	30.696806	83.391803	30.822744	79.416319	31.010291	75.388664	31.261245	71.320575	31.576771	67.223932	31.957366	63.110341	32.402830	58.990826
977.620300	33.521732	129.323671	33.148622	126.740434	32.787614	124.051307	32.441754	121.253811	32.114310	118.345980	31.808781	115.326462	31.528856	112.194711	31.278398	108.951095	31.061395	105.597070	30.881912	102.135311	30.744024	98.569813	30.651743	94.905962	30.608934	91.150570	30.619226	87.311805	30.685921	83.399078	30.811894	79.422882	30.999527	75.394483	31.250618	71.325642	31.566337	67.228248	31.947177	63.113927	32.392946	58.993715
977.977660	33.513141	129.333852	33.139800	126.750830	32.778558	124.061877	32.432469	121.264499	32.104800	118.356727	31.799053	115.337203	31.518918	112.205380	31.268262	108.961608	31.051075	105.607351	30.871426	102.145282	30.733395	98.579388	30.640999	94.915065	30.598106	91.159125	30.608350	87.319747	30.675036	83.406352	30.801047	79.429445	30.988765	75.400301	31.239994	71.330707	31.555904	67.232564	31.936991	63.117513	32.383064	58.996603
978.334840	33.504596	129.344047	33.131022	126.761244	32.769550	124.072460	32.423232	121.275204	32.095339	118.367492	31.789372	115.347966	31.509026	112.216064	31.258171	108.972141	31.040800	105.617655	30.860986	102.155273	30.722811	98.588984	30.630298	94.924189	30.587320	91.167702	30.597514	87.327711	30.664191	83.413646	30.790238	79.436024	30.978040	75.406140	31.229404	71.335791	31.545503	67.236893	31.926836	63.121112	32.373211	58.999506
978.692020	33.496054	129.354244	33.122247	126.771659	32.760545	124.083045	32.413998	121.285911	32.085880	118.378259	31.779693	115.358730	31.499137	112.226749	31.248083	108.982676	31.030527	105.627962	30.850547	102.165266	30.712230	98.598582	30.619599	94.933316	30.576536	91.176281	30.586680	87.335677	30.653348	83.420941	30.779431	79.442605	30.967317	75.411980	31.218816	71.340876	31.535105	67.241223	31.916683	63.124711	32.363360	59.002409
979.049010	33.487523	129.364438	33.113483	126.782071	32.751551	124.093626	32.404774	121.296614	32.076432	118.389023	31.770025	115.369490	31.489259	112.237431	31.238005	108.993208	31.020265	105.638264	30.840120	102.175256	30.701659	98.608177	30.608911	94.942440	30.565763	91.184858	30.575857	87.343640	30.642516	83.428234	30.768634	79.449185	30.956604	75.417818	31.208237	71.345960	31.524715	67.245553	31.906538	63.128310	32.353517	59.005313
979.405940	33.479028	129.374645	33.104757	126.792495	32.742593	124.104222	32.395587	121.307330	32.067019	118.399798	31.760394	115.380260	31.479417	112.248130	31.227963	109.003755	31.010039	105.648580	30.829727	102.185260	30.691122	98.617790	30.598256	94.951579	30.555022	91.193449	30.565065	87.351616	30.631714	83.435541	30.757866	79.455775	30.945917	75.423668	31.197686	71.351053	31.514351	67.249894	31.896418	63.131919	32.343697	59.008222
979.762760	33.470536	129.384848	33.096033	126.802916	32.733638	124.114814	32.386402	121.318043	32.057609	118.410570	31.750765	115.391027	31.469578	112.258826	31.217925	109.014299	30.999816	105.658893	30.819337	102.195262	30.680588	98.627400	30.587605	94.960715	30.544284	91.202038	30.554277	87.359590	30.620915	83.442845	30.747101	79.462363	30.935234	75.429515	31.187137	71.356143	31.503990	67.254233	31.886301	63.135526	32.333879	59.011131
980.119450	33.462061	129.395051	33.087326	126.813338	32.724700	124.125408	32.377234	121.328757	32.048217	118.421345	31.741154	115.401798	31.459756	112.269523	31.207903	109.024845	30.989610	105.669207	30.808964	102.205266	30.670070	98.637011	30.576969	94.969853	30.533561	91.210629	30.543504	87.367566	30.610131	83.450152	30.736350	79.468954	30.924565	75.435364	31.176602	71.361236	31.493642	67.258574	31.876195	63.139134	32.324072	59.014042
980.476010	33.453615	129.405258	33.078648	126.823765	32.715792	124.136009	32.368098	121.339477	32.038855	118.432128	31.731573	115.412578	31.449964	112.280225	31.197911	109.035400	30.979432	105.679531	30.798619	102.215276	30.659580	98.646627	30.566361	94.978999	30.522865	91.219228	30.532756	87.375550	30.599372	83.457466	30.725623	79.475553	30.913920	75.441218	31.166089	71.366334	31.483315	67.262922	31.866111	63.142747	32.314286	59.016956
980.832520	33.445171	129.415464	33.069971	126.834190	32.706886	124.146609	32.358963	121.350196	32.029494	118.442910	31.721993	115.423357	31.440173	112.290925	31.187921	109.045953	30.969256	105.689853	30.788276	102.225286	30.649092	98.656242	30.555755	94.988143	30.512171	91.227826	30.522010	87.383533	30.588615	83.464780	30.714898	79.482152	30.903277	75.447071	31.155577	71.371431	31.472990	67.267268	31.856027	63.146359	32.304501	59.019871
981.188900	33.436751	129.425677	33.061319	126.844621	32.698003	124.157212	32.349851	121.360919	32.020158	118.453695	31.712438	115.434138	31.430406	112.301632	31.177955	109.056510	30.959104	105.700179	30.777956	102.235300	30.638626	98.665864	30.545170	94.997291	30.501498	91.236428	30.511286	87.391520	30.577877	83.472097	30.704193	79.488756	30.892652	75.452930	31.145083	71.376532	31.462682	67.271616	31.845960	63.149974	32.294731	59.022787
981.545230	33.428350	129.435898	33.052688	126.855058	32.689139	124.167819	32.340759	121.371647	32.010841	118.464485	31.702902	115.444923	31.420659	112.312345	31.168007	109.067072	30.948970	105.710509	30.767654	102.245321	30.628179	98.675493	30.534604	95.006445	30.490842	91.245035	30.500578	87.399513	30.567156	83.479418	30.693504	79.495364	30.882042	75.458794	31.134604	71.381637	31.452388	67.275966	31.835905	63.153591	32.284972	59.025705
981.901370	33.419954	129.446115	33.044061	126.865489	32.680280	124.178422	32.331672	121.382369	32.001530	118.475269	31.693371	115.455702	31.410916	112.323053	31.158065	109.077628	30.938842	105.720835	30.757358	102.255336	30.617737	98.685117	30.524043	95.015593	30.480192	91.253638	30.489876	87.407502	30.556441	83.486736	30.682820	79.501970	30.871437	75.464655	31.124130	71.386740	31.442099	67.280313	31.825855	63.157206	32.275219	59.028622
982.257510	33.411588	129.456339	33.035463	126.875930	32.671451	124.189036	32.322614	121.393104	31.992247	118.486066	31.683869	115.466497	31.401203	112.333774	31.148151	109.088198	30.928742	105.731175	30.747090	102.265365	30.607322	98.694753	30.513508	95.024758	30.469568	91.262254	30.479198	87.415504	30.545749	83.494066	30.672159	79.508585	30.860854	75.470526	31.113676	71.391852	31.431829	67.284670	31.815825	63.160829	32.265485	59.031546
982.613460	33.403237	129.466561	33.026880	126.886369	32.662639	124.199649	32.313572	121.403839	31.982981	118.496860	31.674383	115.477291	31.391506	112.344493	31.138253	109.098767	30.918658	105.741517	30.736838	102.275394	30.596923	98.704388	30.502988	95.033924	30.458959	91.270871	30.468535	87.423507	30.535072	83.501399	30.661512	79.515201	30.850285	75.476397	31.103237	71.396966	31.421572	67.289029	31.805807	63.164453	32.255763	59.034471
982.969300	33.394889	129.476779	33.018299	126.896805	32.653829	124.210259	32.304533	121.414571	31.973717	118.507652	31.664900	115.488083	31.381812	112.355209	31.128358	109.109333	30.908577	105.751855	30.726588	102.285420	30.586527	98.714020	30.492471	95.043086	30.448354	91.279485	30.457875	87.431508	30.524399	83.508729	30.650868	79.521814	30.839720	75.482267	31.092800	71.402078	31.411318	67.293386	31.795792	63.168075	32.246044	59.037395
983.325070	33.386577	129.487011	33.009757	126.907253	32.645056	124.220881	32.295531	121.425313	31.964490	118.518456	31.655453	115.498885	31.372154	112.365937	31.118499	109.119912	30.898531	105.762203	30.716374	102.295459	30.576165	98.723665	30.481988	95.052257	30.437781	91.288110	30.447246	87.439517	30.513755	83.516067	30.640253	79.528436	30.829182	75.488145	31.082390	71.407199	31.401089	67.297750	31.785801	63.171703	32.236345	59.040322
983.680790	33.378270	129.497243	33.001219	126.917702	32.636287	124.231503	32.286534	121.436055	31.955267	118.529261	31.646010	115.509686	31.362499	112.376665	31.108645	109.130491	30.888489	105.772551	30.706163	102.305498	30.565807	98.733311	30.471509	95.061427	30.427211	91.296734	30.436622	87.447525	30.503115	83.523406	30.629641	79.535058	30.818648	75.494023	31.071983	71.412320	31.390864	67.302114	31.775813	63.175330	32.226649	59.043249
984.036320	33.369971	129.507470	32.992689	126.928146	32.627527	124.242121	32.277546	121.446792	31.946053	118.540060	31.636577	115.520483	31.352854	112.387389	31.098800	109.141066	30.878457	105.782895	30.695962	102.315533	30.555459	98.742952	30.461039	95.070594	30.416651	91.305356	30.426007	87.455531	30.492484	83.530742	30.619039	79.541678	30.808122	75.499899	31.061585	71.417439	31.380648	67.306476	31.765833	63.178956	32.216962	59.046176
984.391780	33.361709	129.517705	32.984197	126.938601	32.618804	124.252746	32.268596	121.457539	31.936878	118.550870	31.627181	115.531290	31.343247	112.398123	31.088990	109.151650	30.868461	105.793252	30.685796	102.325578	30.545145	98.752607	30.450603	95.079777	30.406124	91.313988	30.415422	87.463551	30.481883	83.538088	30.608466	79.548308	30.797624	75.505781	31.051214	71.422562	31.370456	67.310845	31.755876	63.182589	32.207298	59.049107
984.747130	33.353449	129.527936	32.975707	126.949053	32.610083	124.263368	32.259648	121.468283	31.927705	118.561676	31.617789	115.542094	31.333642	112.408853	31.079184	109.162232	30.858468	105.803606	30.675632	102.335620	30.534834	98.762259	30.440171	95.088957	30.395600	91.322617	30.404841	87.471567	30.471286	83.545433	30.597897	79.554937	30.787129	75.511662	31.040846	71.427684	31.360268	67.315213	31.745923	63.186221	32.197637	59.052038
985.102360	33.345203	129.538167	32.967231	126.959504	32.601377	124.273991	32.250714	121.479028	31.918545	118.572483	31.608410	115.552898	31.324051	112.419584	31.069392	109.172814	30.848489	105.813960	30.665483	102.345663	30.524536	98.771910	30.429751	95.098137	30.385089	91.331248	30.394273	87.479584	30.460701	83.552778	30.587340	79.561567	30.776646	75.517544	31.030489	71.432806	31.350090	67.319581	31.735980	63.189853	32.187985	59.054968
985.457520	33.336985	129.548405	32.958782	126.969960	32.592699	124.284621	32.241807	121.489780	31.909414	118.583297	31.599059	115.563709	31.314488	112.430322	31.059627	109.183403	30.838536	105.824322	30.655360	102.355716	30.514264	98.781567	30.419356	95.107323	30.374601	91.339889	30.383729	87.487608	30.450140	83.560129	30.576805	79.568203	30.766185	75.523435	31.020153	71.437936	31.339932	67.323955	31.726056	63.193487	32.178351	59.057900
985.812560	33.328769	129.558638	32.950336	126.980413	32.584025	124.295248	32.232904	121.500528	31.900285	118.594108	31.589711	115.574517	31.304928	112.441057	31.049865	109.193988	30.828587	105.834680	30.645240	102.365766	30.503996	98.791221	30.408965	95.116505	30.364118	91.348528	30.373189	87.495629	30.439582	83.567478	30.566273	79.574837	30.755727	75.529324	31.009821	71.443063	31.329778	67.328327	31.716135	63.197121	32.168720	59.060831
986.167480	33.320578	129.568879	32.941914	126.990872	32.575373	124.305882	32.224024	121.511283	31.891181	118.604926	31.580387	115.585334	31.295392	112.451801	31.040128	109.204585	30.818661	105.845049	30.635144	102.375824	30.493751	98.800887	30.398596	95.125699	30.353656	91.357176	30.362669	87.503660	30.429044	83.574837	30.555761	79.581480	30.745288	75.535221	30.999506	71.448200	31.319641	67.332708	31.706230	63.200763	32.159104	59.063771
986.522340	33.312411	129.579129	32.933517	127.001342	32.566746	124.316527	32.215170	121.522048	31.882102	118.615756	31.571088	115.596164	31.285881	112.462557	31.030415	109.215195	30.808759	105.855432	30.625071	102.385896	30.483528	98.810569	30.388251	95.134907	30.343217	91.365837	30.352172	87.511707	30.418527	83.582210	30.545268	79.588134	30.734868	75.541128	30.989209	71.453350	31.309520	67.337099	31.696343	63.204417	32.149504	59.066722
986.877010	33.304248	129.589373	32.925125	127.011805	32.558124	124.327167	32.206320	121.532806	31.873028	118.626580	31.561794	115.606988	31.276375	112.473308	31.020706	109.225800	30.798863	105.865809	30.615004	102.395961	30.473312	98.820245	30.377911	95.144110	30.332784	91.374493	30.341679	87.519748	30.408016	83.589578	30.534782	79.594786	30.724453	75.547033	30.978918	71.458496	31.299406	67.341488	31.686460	63.208069	32.139908	59.069671
987.231690	33.296111	129.599625	32.916757	127.022278	32.549527	124.337814	32.197495	121.543576	31.863977	118.637414	31.552524	115.617820	31.266893	112.484069	31.011022	109.236411	30.788989	105.876196	30.604959	102.406037	30.463117	98.829929	30.367592	95.153321	30.322371	91.383158	30.331207	87.527799	30.397524	83.596955	30.524313	79.601446	30.714057	75.552946	30.968643	71.463648	31.289307	67.345881	31.676592	63.211724	32.130327	59.072623
987.586180	33.287990	129.609875	32.908407	127.032750	32.540948	124.348459	32.188687	121.554345	31.854945	118.648248	31.543272	115.628652	31.257427	112.494831	31.001355	109.247021	30.779133	105.886581	30.594932	102.416111	30.452940	98.839611	30.357289	95.162533	30.311974	91.391824	30.320752	87.535851	30.387047	83.604333	30.513860	79.608107	30.703676	75.558860	30.958383	71.468801	31.279222	67.350273	31.666737	63.215379	32.120759	59.075573
987.940610	33.279871	129.620124	32.900058	127.043221	32.532370	124.359103	32.179882	121.565113	31.845913	118.659081	31.534021	115.639481	31.247964	112.505590	30.991690	109.257629	30.769279	105.896965	30.584907	102.426184	30.442764	98.849292	30.346989	95.171743	30.301579	91.400487	30.310298	87.543901	30.376572	83.611710	30.503408	79.614767	30.693296	75.564774	30.948124	71.473952	31.269140	67.354664	31.656884	63.219034	32.111192	59.078524
988.294920	33.271784	129.630382	32.891742	127.053696	32.523825	124.369751	32.171108	121.575884	31.836915	118.669917	31.524803	115.650317	31.238534	112.516353	30.982056	109.268245	30.759457	105.907354	30.574913	102.436265	30.432619	98.858980	30.336719	95.180961	30.291214	91.409155	30.299872	87.551955	30.366125	83.619091	30.492984	79.621432	30.682942	75.570688	30.937891	71.479106	31.259080	67.359058	31.647054	63.222689	32.101646	59.081476
988.649110	33.263706	129.640641	32.883435	127.064170	32.515289	124.380398	32.162343	121.586653	31.827926	118.680750	31.515595	115.661150	31.229113	112.527113	30.972432	109.278860	30.749644	105.917741	30.564929	102.446344	30.422483	98.868668	30.326458	95.190178	30.280857	91.417821	30.289455	87.560008	30.355687	83.626470	30.482569	79.628095	30.672596	75.576601	30.927666	71.484260	31.249028	67.363452	31.637231	63.226344	32.092107	59.084428
989.003230	33.255630	129.650897	32.875131	127.074643	32.506754	124.391042	32.153580	121.597419	31.818939	118.691582	31.506388	115.671982	31.219694	112.537871	30.962811	109.289472	30.739834	105.928127	30.554946	102.456421	30.412349	98.878353	30.316199	95.199394	30.270503	91.426486	30.279040	87.568060	30.345251	83.633848	30.472155	79.634758	30.662252	75.582512	30.917443	71.489412	31.238978	67.367845	31.627410	63.229998	32.082570	59.087380
989.357180	33.247595	129.661153	32.866866	127.085120	32.498260	124.401695	32.144859	121.608194	31.809993	118.702418	31.497221	115.682818	31.210314	112.548638	30.953228	109.300093	30.730062	105.938518	30.545001	102.466505	30.402253	98.888048	30.305976	95.208616	30.260185	91.435163	30.268660	87.576118	30.334848	83.641234	30.461774	79.641425	30.651938	75.588431	30.907249	71.494567	31.228955	67.372244	31.617615	63.233655	32.073059	59.090332
989.711120	33.239560	129.671408	32.858601	127.095598	32.489767	124.412348	32.136139	121.618968	31.801047	118.713255	31.488054	115.693655	31.200935	112.559405	30.943646	109.310714	30.720290	105.948909	30.535056	102.476588	30.392157	98.897743	30.295754	95.217838	30.249867	91.443839	30.258279	87.584175	30.324446	83.648620	30.451394	79.648092	30.641625	75.594351	30.897055	71.499722	31.218934	67.376644	31.607821	63.237311	32.063548	59.093283
990.064880	33.231536	129.681663	32.850349	127.106073	32.481285	124.422999	32.127430	121.629741	31.792113	118.724090	31.478899	115.704490	31.191567	112.570170	30.934076	109.321333	30.710531	105.959300	30.525123	102.486671	30.382073	98.907436	30.285544	95.227059	30.239561	91.452514	30.247911	87.592233	30.314055	83.656006	30.441024	79.654760	30.631322	75.600271	30.886872	71.504878	31.208922	67.381043	31.598036	63.240969	32.054047	59.096236
990.418580	33.223546	129.691934	32.842130	127.116562	32.472838	124.433661	32.118755	121.640527	31.783214	118.734944	31.469780	115.715344	31.182235	112.580953	30.924541	109.331967	30.700805	105.969710	30.515225	102.496774	30.372023	98.917145	30.275366	95.236296	30.229286	91.461206	30.237573	87.600310	30.303694	83.663411	30.430682	79.661444	30.621047	75.606208	30.876714	71.510051	31.198935	67.385455	31.588274	63.244642	32.044567	59.099201
990.772160	33.215558	129.702201	32.833915	127.127047	32.464395	124.444319	32.110084	121.651309	31.774317	118.745794	31.460664	115.726194	31.172906	112.591733	30.915009	109.342599	30.691083	105.980118	30.505329	102.506874	30.361975	98.926851	30.265191	95.245530	30.219014	91.469895	30.227238	87.608384	30.293336	83.670813	30.420343	79.668126	30.610775	75.612143	30.866559	71.515223	31.188951	67.389866	31.578515	63.248313	32.035091	59.102166
991.125610	33.207587	129.712468	32.825715	127.137533	32.455967	124.454978	32.101428	121.662092	31.765437	118.756642	31.451564	115.737043	31.163593	112.602512	30.905493	109.353231	30.681376	105.990525	30.495450	102.516974	30.351943	98.936558	30.255032	95.254766	30.208757	91.478585	30.216918	87.616458	30.282991	83.678216	30.410018	79.674809	30.600516	75.618077	30.856417	71.520394	31.178980	67.394277	31.568768	63.251984	32.025625	59.105131
991.479000	33.199641	129.722741	32.817541	127.148024	32.447563	124.465644	32.092798	121.672882	31.756582	118.767494	31.442488	115.747898	31.154304	112.613297	30.896000	109.363870	30.671693	106.000938	30.485593	102.527079	30.341933	98.946272	30.244894	95.264011	30.198521	91.487280	30.206619	87.624539	30.272667	83.685622	30.399712	79.681495	30.590276	75.624014	30.846293	71.525568	31.169025	67.398690	31.559038	63.255656	32.016173	59.108098
991.832280	33.191698	129.733010	32.809369	127.158511	32.439162	124.476307	32.084170	121.683668	31.747729	118.778343	31.433415	115.758749	31.145019	112.624078	30.886509	109.374506	30.662013	106.011347	30.475740	102.537181	30.331926	98.955984	30.234759	95.273253	30.188288	91.495972	30.196323	87.632617	30.262346	83.693026	30.389409	79.688180	30.580040	75.629949	30.836172	71.530740	31.159073	67.403102	31.549311	63.259327	32.006725	59.111065
992.185420	33.183779	129.743280	32.801221	127.169003	32.430785	124.486974	32.075567	121.694459	31.738901	118.789198	31.424367	115.769606	31.135757	112.634864	30.877044	109.385148	30.652357	106.021764	30.465910	102.547290	30.321943	98.965704	30.224648	95.282502	30.178078	91.504674	30.186049	87.640704	30.252046	83.700438	30.379127	79.694873	30.569823	75.635893	30.826070	71.535920	31.149139	67.407521	31.539601	63.263005	31.997293	59.114037
992.538510	33.175879	129.753555	32.793094	127.179501	32.422430	124.497647	32.066984	121.705256	31.730093	118.800062	31.415339	115.780470	31.126515	112.645659	30.867599	109.395800	30.642721	106.032189	30.456099	102.557409	30.311979	98.975434	30.214556	95.291758	30.167885	91.513386	30.175792	87.648802	30.241764	83.707860	30.368861	79.701575	30.559621	75.641847	30.815983	71.541108	31.139221	67.411947	31.529903	63.266690	31.987875	59.117015
992.891420	33.167983	129.763824	32.784970	127.189994	32.414079	124.508315	32.058406	121.716048	31.721290	118.810921	31.406316	115.791329	31.117277	112.656448	30.858159	109.406446	30.633090	106.042609	30.446294	102.567522	30.302020	98.985160	30.204469	95.301010	30.157698	91.522094	30.165540	87.656896	30.231487	83.715278	30.358601	79.708274	30.549425	75.647797	30.805901	71.546294	31.129307	67.416371	31.520211	63.270374	31.978461	59.119991
993.244320	33.160112	129.774103	32.776871	127.200493	32.405752	124.518991	32.049852	121.726846	31.712512	118.821787	31.397317	115.802195	31.108064	112.667245	30.848743	109.417099	30.623482	106.053038	30.436511	102.577642	30.292083	98.994892	30.194402	95.310270	30.147532	91.530807	30.155309	87.664995	30.221229	83.722703	30.348359	79.714980	30.539247	75.653753	30.795837	71.551486	31.119409	67.420798	31.510534	63.274059	31.969061	59.122969
993.597050	33.152255	129.784383	32.768787	127.210991	32.397439	124.529667	32.041311	121.737643	31.703748	118.832651	31.388334	115.813059	31.098867	112.678042	30.839341	109.427751	30.613889	106.063466	30.426743	102.587760	30.282161	99.004623	30.184350	95.319530	30.137381	91.539518	30.145091	87.673092	30.210984	83.730127	30.338131	79.721686	30.529082	75.659709	30.785785	71.556677	31.109522	67.425226	31.500869	63.277743	31.959672	59.125945
993.949710	33.144400	129.794661	32.760705	127.221487	32.389128	124.540340	32.032773	121.748438	31.694986	118.843513	31.379352	115.823921	31.089671	112.688837	30.829940	109.438400	30.604298	106.073891	30.416978	102.597876	30.272241	99.014352	30.174300	95.328789	30.127231	91.548227	30.134876	87.681188	30.200741	83.737550	30.327905	79.728391	30.518918	75.665663	30.775735	71.561867	31.099638	67.429652	31.491206	63.281427	31.950285	59.128921
994.302250	33.136578	129.804941	32.752655	127.231987	32.380851	124.551017	32.024268	121.759240	31.686257	118.854381	31.370402	115.834791	31.080508	112.699637	30.820573	109.449058	30.594739	106.084323	30.407243	102.608001	30.262351	99.024087	30.164281	95.338055	30.117111	91.556945	30.124689	87.689291	30.190526	83.744978	30.317705	79.735098	30.508780	75.671620	30.765709	71.567058	31.089777	67.434081	31.481564	63.285114	31.940919	59.131899
994.654660	33.128763	129.815217	32.744613	127.242483	32.372582	124.561691	32.015772	121.770040	31.677535	118.865246	31.361460	115.845658	31.071353	112.710435	30.811214	109.459713	30.585188	106.094753	30.397516	102.618124	30.252469	99.033820	30.154269	95.347321	30.106999	91.565661	30.114509	87.697392	30.180319	83.752405	30.307512	79.741804	30.498649	75.677575	30.755689	71.572247	31.079923	67.438509	31.471930	63.288800	31.931560	59.134876
995.007020	33.120950	129.825492	32.736573	127.252978	32.364315	124.572364	32.007277	121.780839	31.668816	118.876110	31.352520	115.856525	31.062200	112.721231	30.801856	109.470366	30.575639	106.105181	30.387792	102.628246	30.242590	99.043552	30.144260	95.356585	30.096889	91.574377	30.104332	87.705492	30.170114	83.759830	30.297321	79.748509	30.488521	75.683530	30.745672	71.577436	31.070071	67.442936	31.462297	63.292485	31.922202	59.137853
995.359190	33.113176	129.835777	32.728571	127.263481	32.356085	124.583041	31.998822	121.791641	31.660136	118.886978	31.343619	115.867396	31.053085	112.732035	30.792536	109.481025	30.566127	106.115617	30.378104	102.638375	30.232747	99.053289	30.134286	95.365851	30.086814	91.583099	30.094188	87.713595	30.159941	83.767262	30.287162	79.755220	30.478422	75.689489	30.735684	71.582629	31.060247	67.447367	31.452690	63.296172	31.912868	59.140832
995.711360	33.105402	129.846062	32.720570	127.273985	32.347855	124.593719	31.990367	121.802442	31.651455	118.897846	31.334718	115.878267	31.043970	112.742839	30.783217	109.491684	30.556615	106.126052	30.368416	102.648505	30.222903	99.063026	30.124312	95.375118	30.076738	91.591821	30.084045	87.721698	30.149768	83.774694	30.277003	79.761932	30.468324	75.695449	30.725696	71.587822	31.050422	67.451798	31.443083	63.299858	31.903535	59.143811
996.063350	33.097639	129.856344	32.712580	127.284485	32.339638	124.604394	31.981924	121.813241	31.642787	118.908712	31.325829	115.889136	31.034867	112.753641	30.773909	109.502341	30.547115	106.136486	30.358741	102.658633	30.213072	99.072763	30.114350	95.384385	30.066674	91.600542	30.073913	87.729803	30.139607	83.782126	30.266856	79.768644	30.458236	75.701409	30.715719	71.593017	31.040608	67.456230	31.433486	63.303546	31.894211	59.146791
996.415280	33.089911	129.866633	32.704626	127.294997	32.331458	124.615080	31.973516	121.824054	31.634155	118.919592	31.316977	115.900018	31.025800	112.764456	30.764637	109.513014	30.537651	106.146936	30.349100	102.668777	30.203275	99.082521	30.104421	95.393672	30.056643	91.609282	30.063813	87.737928	30.129477	83.789574	30.256737	79.775373	30.448177	75.707386	30.705769	71.598229	31.030819	67.460679	31.423914	63.307250	31.884911	59.149784
996.767090	33.082186	129.876919	32.696674	127.305505	32.323281	124.625763	31.965111	121.834862	31.625527	118.930468	31.308128	115.910896	31.016736	112.775267	30.755369	109.523683	30.528190	106.157383	30.339462	102.678918	30.193482	99.092275	30.094496	95.402957	30.046615	91.618018	30.053717	87.746050	30.119350	83.797020	30.246622	79.782099	30.438120	75.713360	30.695823	71.603439	31.021033	67.465127	31.414345	63.310953	31.875614	59.152777
997.118770	33.074476	129.887204	32.688737	127.316012	32.315118	124.636445	31.956721	121.845671	31.616912	118.941343	31.299293	115.921775	31.007688	112.786079	30.746115	109.534352	30.518744	106.167829	30.329839	102.689059	30.183702	99.102029	30.084584	95.412240	30.036600	91.626755	30.043634	87.754173	30.109236	83.804467	30.236519	79.788826	30.428077	75.719337	30.685888	71.608649	31.011259	67.469574	31.404787	63.314655	31.866327	59.155769
997.470400	33.066790	129.897495	32.680825	127.326523	32.306979	124.647133	31.948355	121.856485	31.608322	118.952225	31.290481	115.932662	30.998662	112.796899	30.736885	109.545026	30.509321	106.178281	30.320239	102.699208	30.173945	99.111788	30.074695	95.421528	30.026607	91.635498	30.033571	87.762301	30.099141	83.811922	30.226436	79.795560	30.418050	75.725319	30.675970	71.613865	31.001501	67.474025	31.395244	63.318358	31.857054	59.158763
997.821900	33.059107	129.907782	32.672915	127.337030	32.298842	124.657817	31.939992	121.867295	31.599734	118.963102	31.281673	115.943545	30.989640	112.807714	30.727657	109.555697	30.499902	106.188729	30.310642	102.709353	30.164192	99.121545	30.064808	95.430812	30.016617	91.644238	30.023512	87.770427	30.089050	83.819375	30.216357	79.802291	30.408028	75.731299	30.666055	71.619078	30.991747	67.478474	31.385704	63.322060	31.847785	59.161756
998.173280	33.051443	129.918071	32.665026	127.347539	32.290726	124.668503	31.931649	121.878106	31.591167	118.973982	31.272885	115.954429	30.980639	112.818531	30.718450	109.566371	30.490502	106.199180	30.301065	102.719499	30.154457	99.131303	30.054941	95.440101	30.006646	91.652982	30.013470	87.778555	30.078976	83.826829	30.206295	79.809024	30.398023	75.737281	30.656157	71.624293	30.982008	67.482924	31.376179	63.325764	31.838529	59.164751
998.524600	33.043797	129.928363	32.657156	127.358051	32.282628	124.679192	31.923326	121.888922	31.582619	118.984867	31.264118	115.965316	30.971656	112.829352	30.709262	109.577049	30.481120	106.209636	30.291507	102.729650	30.144741	99.141065	30.045091	95.449396	29.996692	91.661734	30.003446	87.786687	30.068919	83.834286	30.196247	79.815760	30.388032	75.743267	30.646272	71.629512	30.972282	67.487376	31.366666	63.329472	31.829285	59.167748
998.875730	33.036155	129.938650	32.649291	127.368558	32.274535	124.689876	31.915006	121.899731	31.574076	118.995746	31.255354	115.976198	30.962678	112.840166	30.700079	109.587722	30.471743	106.220086	30.281953	102.739795	30.135029	99.150821	30.035247	95.458687	29.986744	91.670480	29.993426	87.794815	30.058867	83.841738	30.186206	79.822492	30.378048	75.749249	30.636392	71.634728	30.962562	67.491826	31.357159	63.333177	31.820046	59.170743
999.226810	33.028537	129.948939	32.641447	127.379070	32.266465	124.700565	31.906710	121.910546	31.565556	119.006628	31.246613	115.987085	30.953723	112.850987	30.690918	109.598402	30.462388	106.230544	30.272421	102.749947	30.125339	99.160587	30.025423	95.467983	29.976815	91.679231	29.983426	87.802948	30.048833	83.849197	30.176182	79.829230	30.368080	75.755233	30.626529	71.639945	30.952857	67.496279	31.347667	63.336884	31.810821	59.173739
999.577820	33.020933	129.959228	32.633617	127.389583	32.258408	124.711255	31.898428	121.921363	31.557048	119.017512	31.237886	115.997974	30.944782	112.861809	30.681771	109.609084	30.453046	106.241005	30.262901	102.760102	30.115662	99.170356	30.015612	95.477281	29.966898	91.687983	29.973438	87.811084	30.038812	83.856658	30.166169	79.835971	30.358122	75.761218	30.616677	71.645162	30.943162	67.500732	31.338184	63.340592	31.801606	59.176736
999.928710	33.013331	129.969513	32.625789	127.400094	32.250354	124.721942	31.890148	121.932175	31.548544	119.028392	31.229161	116.008859	30.935843	112.872627	30.672627	109.619763	30.443708	106.251461	30.253384	102.770254	30.105988	99.180122	30.005804	95.486576	29.956985	91.696732	29.963453	87.819217	30.028793	83.864116	30.156159	79.842709	30.348168	75.767201	30.606827	71.650376	30.933470	67.505184	31.328704	63.344298	31.792394	59.179731
