# Interpolated from Woollam data to StellarNet BlackComet grid (400.2-999.9 nm)
# wavelength_nm	M12	M13	M14	M21	M22	M23	M24	M31	M32	M33	M34	M41	M42	M43	M44
400.248140	-0.566489	0.000000	0.000000	-0.566489	1.000000	0.000000	0.000000	0.000000	0.000000	-0.290617	-0.770544	0.000000	0.000000	0.770544	-0.290617
400.746060	-0.552500	0.000000	0.000000	-0.552500	1.000000	0.000000	0.000000	0.000000	0.000000	-0.265479	-0.789530	0.000000	0.000000	0.789530	-0.265479
401.243900	-0.538284	0.000000	0.000000	-0.538284	1.000000	0.000000	0.000000	0.000000	0.000000	-0.240929	-0.807111	0.000000	0.000000	0.807111	-0.240929
401.741610	-0.523835	0.000000	0.000000	-0.523835	1.000000	0.000000	0.000000	0.000000	0.000000	-0.216993	-0.823229	0.000000	0.000000	0.823229	-0.216993
402.239230	-0.509189	0.000000	0.000000	-0.509189	1.000000	0.000000	0.000000	0.000000	0.000000	-0.193796	-0.838154	0.000000	0.000000	0.838154	-0.193796
402.736760	-0.494328	0.000000	0.000000	-0.494328	1.000000	0.000000	0.000000	0.000000	0.000000	-0.171396	-0.851793	0.000000	0.000000	0.851793	-0.171396
403.234160	-0.479264	0.000000	0.000000	-0.479264	1.000000	0.000000	0.000000	0.000000	0.000000	-0.149843	-0.864453	0.000000	0.000000	0.864453	-0.149843
403.731480	-0.463968	0.000000	0.000000	-0.463968	1.000000	0.000000	0.000000	0.000000	0.000000	-0.129240	-0.876014	0.000000	0.000000	0.876014	-0.129240
404.228670	-0.448442	0.000000	0.000000	-0.448442	1.000000	0.000000	0.000000	0.000000	0.000000	-0.109567	-0.886792	0.000000	0.000000	0.886792	-0.109567
404.725770	-0.432643	0.000000	0.000000	-0.432643	1.000000	0.000000	0.000000	0.000000	0.000000	-0.090985	-0.896651	0.000000	0.000000	0.896651	-0.090985
405.222780	-0.416563	0.000000	0.000000	-0.416563	1.000000	0.000000	0.000000	0.000000	0.000000	-0.073396	-0.905903	0.000000	0.000000	0.905903	-0.073396
405.719670	-0.400136	0.000000	0.000000	-0.400136	1.000000	0.000000	0.000000	0.000000	0.000000	-0.057030	-0.914407	0.000000	0.000000	0.914407	-0.057030
406.216430	-0.383357	0.000000	0.000000	-0.383357	1.000000	0.000000	0.000000	0.000000	0.000000	-0.041711	-0.922454	0.000000	0.000000	0.922454	-0.041711
406.713130	-0.366120	0.000000	0.000000	-0.366120	1.000000	0.000000	0.000000	0.000000	0.000000	-0.027747	-0.929910	0.000000	0.000000	0.929910	-0.027747
407.209720	-0.348442	0.000000	0.000000	-0.348442	1.000000	0.000000	0.000000	0.000000	0.000000	-0.014867	-0.937030	0.000000	0.000000	0.937030	-0.014867
407.706180	-0.330162	0.000000	0.000000	-0.330162	1.000000	0.000000	0.000000	0.000000	0.000000	-0.003469	-0.943691	0.000000	0.000000	0.943691	-0.003469
408.202550	-0.311330	0.000000	0.000000	-0.311330	1.000000	0.000000	0.000000	0.000000	0.000000	0.006802	-0.950106	0.000000	0.000000	0.950106	0.006802
408.698820	-0.291693	0.000000	0.000000	-0.291693	1.000000	0.000000	0.000000	0.000000	0.000000	0.015438	-0.956165	0.000000	0.000000	0.956165	0.015438
409.194980	-0.271369	0.000000	0.000000	-0.271369	1.000000	0.000000	0.000000	0.000000	0.000000	0.022905	-0.962030	0.000000	0.000000	0.962030	0.022905
409.691040	-0.249980	0.000000	0.000000	-0.249980	1.000000	0.000000	0.000000	0.000000	0.000000	0.028567	-0.967596	0.000000	0.000000	0.967596	0.028567
410.186980	-0.227750	0.000000	0.000000	-0.227750	1.000000	0.000000	0.000000	0.000000	0.000000	0.033012	-0.972973	0.000000	0.000000	0.972973	0.033012
410.682830	-0.204127	0.000000	0.000000	-0.204127	1.000000	0.000000	0.000000	0.000000	0.000000	0.035445	-0.978037	0.000000	0.000000	0.978037	0.035445
411.178590	-0.179485	0.000000	0.000000	-0.179485	1.000000	0.000000	0.000000	0.000000	0.000000	0.036601	-0.982861	0.000000	0.000000	0.982861	0.036601
411.674220	-0.153033	0.000000	0.000000	-0.153033	1.000000	0.000000	0.000000	0.000000	0.000000	0.035490	-0.987257	0.000000	0.000000	0.987257	0.035490
412.169770	-0.125380	0.000000	0.000000	-0.125380	1.000000	0.000000	0.000000	0.000000	0.000000	0.033044	-0.991288	0.000000	0.000000	0.991288	0.033044
412.665190	-0.095423	0.000000	0.000000	-0.095423	1.000000	0.000000	0.000000	0.000000	0.000000	0.028041	-0.994616	0.000000	0.000000	0.994616	0.028041
413.160520	-0.064072	0.000000	0.000000	-0.064072	1.000000	0.000000	0.000000	0.000000	0.000000	0.021644	-0.997363	0.000000	0.000000	0.997363	0.021644
413.655730	-0.029811	0.000000	0.000000	-0.029811	1.000000	0.000000	0.000000	0.000000	0.000000	0.012340	-0.998898	0.000000	0.000000	0.998898	0.012340
414.150880	0.006011	0.000000	0.000000	0.006011	1.000000	0.000000	0.000000	0.000000	0.000000	0.001599	-0.999523	0.000000	0.000000	0.999523	0.001599
414.645870	0.045390	0.000000	0.000000	0.045390	1.000000	0.000000	0.000000	0.000000	0.000000	-0.012419	-0.998075	0.000000	0.000000	0.998075	-0.012419
415.140780	0.086449	0.000000	0.000000	0.086449	1.000000	0.000000	0.000000	0.000000	0.000000	-0.027883	-0.995257	0.000000	0.000000	0.995257	-0.027883
415.635590	0.131739	0.000000	0.000000	0.131739	1.000000	0.000000	0.000000	0.000000	0.000000	-0.046984	-0.988997	0.000000	0.000000	0.988997	-0.046984
416.130310	0.178703	0.000000	0.000000	0.178703	1.000000	0.000000	0.000000	0.000000	0.000000	-0.067454	-0.980775	0.000000	0.000000	0.980775	-0.067454
416.624910	0.230360	0.000000	0.000000	0.230360	1.000000	0.000000	0.000000	0.000000	0.000000	-0.091754	-0.967064	0.000000	0.000000	0.967064	-0.091754
417.119380	0.283492	0.000000	0.000000	0.283492	1.000000	0.000000	0.000000	0.000000	0.000000	-0.117222	-0.950697	0.000000	0.000000	0.950697	-0.117222
417.613800	0.341294	0.000000	0.000000	0.341294	1.000000	0.000000	0.000000	0.000000	0.000000	-0.146377	-0.925978	0.000000	0.000000	0.925978	-0.146377
418.108060	0.400074	0.000000	0.000000	0.400074	1.000000	0.000000	0.000000	0.000000	0.000000	-0.176318	-0.897922	0.000000	0.000000	0.897922	-0.176318
418.602260	0.462411	0.000000	0.000000	0.462411	1.000000	0.000000	0.000000	0.000000	0.000000	-0.209102	-0.857914	0.000000	0.000000	0.857914	-0.209102
419.096340	0.524920	0.000000	0.000000	0.524920	1.000000	0.000000	0.000000	0.000000	0.000000	-0.242093	-0.814091	0.000000	0.000000	0.814091	-0.242093
419.590300	0.588182	0.000000	0.000000	0.588182	1.000000	0.000000	0.000000	0.000000	0.000000	-0.275969	-0.754491	0.000000	0.000000	0.754491	-0.275969
420.084200	0.650554	0.000000	0.000000	0.650554	1.000000	0.000000	0.000000	0.000000	0.000000	-0.309343	-0.691081	0.000000	0.000000	0.691081	-0.309343
420.577940	0.708609	0.000000	0.000000	0.708609	1.000000	0.000000	0.000000	0.000000	0.000000	-0.340284	-0.609120	0.000000	0.000000	0.609120	-0.340284
421.071620	0.764732	0.000000	0.000000	0.764732	1.000000	0.000000	0.000000	0.000000	0.000000	-0.370049	-0.524068	0.000000	0.000000	0.524068	-0.370049
421.565160	0.809486	0.000000	0.000000	0.809486	1.000000	0.000000	0.000000	0.000000	0.000000	-0.392900	-0.420773	0.000000	0.000000	0.420773	-0.392900
422.058620	0.851723	0.000000	0.000000	0.851723	1.000000	0.000000	0.000000	0.000000	0.000000	-0.414218	-0.315701	0.000000	0.000000	0.315701	-0.414218
422.551970	0.875337	0.000000	0.000000	0.875337	1.000000	0.000000	0.000000	0.000000	0.000000	-0.424190	-0.197358	0.000000	0.000000	0.197358	-0.424190
423.045230	0.896589	0.000000	0.000000	0.896589	1.000000	0.000000	0.000000	0.000000	0.000000	-0.432754	-0.078666	0.000000	0.000000	0.078666	-0.432754
423.538360	0.894486	0.000000	0.000000	0.894486	1.000000	0.000000	0.000000	0.000000	0.000000	-0.427387	0.043663	0.000000	0.000000	-0.043663	-0.427387
424.031400	0.890806	0.000000	0.000000	0.890806	1.000000	0.000000	0.000000	0.000000	0.000000	-0.421110	0.165436	0.000000	0.000000	-0.165436	-0.421110
424.524320	0.863923	0.000000	0.000000	0.863923	1.000000	0.000000	0.000000	0.000000	0.000000	-0.401440	0.279333	0.000000	0.000000	-0.279333	-0.401440
425.017150	0.836385	0.000000	0.000000	0.836385	1.000000	0.000000	0.000000	0.000000	0.000000	-0.381417	0.392595	0.000000	0.000000	-0.392595	-0.381417
425.509890	0.790527	0.000000	0.000000	0.790527	1.000000	0.000000	0.000000	0.000000	0.000000	-0.351510	0.488774	0.000000	0.000000	-0.488774	-0.351510
426.002500	0.744625	0.000000	0.000000	0.744625	1.000000	0.000000	0.000000	0.000000	0.000000	-0.321586	0.584818	0.000000	0.000000	-0.584818	-0.321586
426.495030	0.687785	0.000000	0.000000	0.687785	1.000000	0.000000	0.000000	0.000000	0.000000	-0.286672	0.659159	0.000000	0.000000	-0.659159	-0.286672
426.987430	0.630960	0.000000	0.000000	0.630960	1.000000	0.000000	0.000000	0.000000	0.000000	-0.251768	0.733480	0.000000	0.000000	-0.733480	-0.251768
427.479740	0.570555	0.000000	0.000000	0.570555	1.000000	0.000000	0.000000	0.000000	0.000000	-0.216467	0.787176	0.000000	0.000000	-0.787176	-0.216467
427.971950	0.510068	0.000000	0.000000	0.510068	1.000000	0.000000	0.000000	0.000000	0.000000	-0.181163	0.840322	0.000000	0.000000	-0.840322	-0.181163
428.464050	0.450993	0.000000	0.000000	0.450993	1.000000	0.000000	0.000000	0.000000	0.000000	-0.148455	0.876710	0.000000	0.000000	-0.876710	-0.148455
428.956050	0.392014	0.000000	0.000000	0.392014	1.000000	0.000000	0.000000	0.000000	0.000000	-0.115910	0.912078	0.000000	0.000000	-0.912078	-0.115910
429.447940	0.337006	0.000000	0.000000	0.337006	1.000000	0.000000	0.000000	0.000000	0.000000	-0.087364	0.935119	0.000000	0.000000	-0.935119	-0.087364
429.939730	0.282397	0.000000	0.000000	0.282397	1.000000	0.000000	0.000000	0.000000	0.000000	-0.059215	0.956948	0.000000	0.000000	-0.956948	-0.059215
430.431400	0.232654	0.000000	0.000000	0.232654	1.000000	0.000000	0.000000	0.000000	0.000000	-0.035440	0.970298	0.000000	0.000000	-0.970298	-0.035440
430.922970	0.183599	0.000000	0.000000	0.183599	1.000000	0.000000	0.000000	0.000000	0.000000	-0.012281	0.982462	0.000000	0.000000	-0.982462	-0.012281
431.414460	0.139326	0.000000	0.000000	0.139326	1.000000	0.000000	0.000000	0.000000	0.000000	0.006700	0.989085	0.000000	0.000000	-0.989085	0.006700
431.905820	0.095952	0.000000	0.000000	0.095952	1.000000	0.000000	0.000000	0.000000	0.000000	0.024900	0.994676	0.000000	0.000000	-0.994676	0.024900
432.397090	0.056793	0.000000	0.000000	0.056793	1.000000	0.000000	0.000000	0.000000	0.000000	0.039420	0.996790	0.000000	0.000000	-0.996790	0.039420
432.888240	0.018642	0.000000	0.000000	0.018642	1.000000	0.000000	0.000000	0.000000	0.000000	0.053065	0.998079	0.000000	0.000000	-0.998079	0.053065
433.379300	-0.015972	0.000000	0.000000	-0.015972	1.000000	0.000000	0.000000	0.000000	0.000000	0.063549	0.997254	0.000000	0.000000	-0.997254	0.063549
433.870270	-0.049539	0.000000	0.000000	-0.049539	1.000000	0.000000	0.000000	0.000000	0.000000	0.073101	0.995806	0.000000	0.000000	-0.995806	0.073101
434.361110	-0.080260	0.000000	0.000000	-0.080260	1.000000	0.000000	0.000000	0.000000	0.000000	0.080007	0.993111	0.000000	0.000000	-0.993111	0.080007
434.851870	-0.109956	0.000000	0.000000	-0.109956	1.000000	0.000000	0.000000	0.000000	0.000000	0.085962	0.989967	0.000000	0.000000	-0.989967	0.085962
435.342500	-0.137410	0.000000	0.000000	-0.137410	1.000000	0.000000	0.000000	0.000000	0.000000	0.089725	0.986097	0.000000	0.000000	-0.986097	0.089725
435.833040	-0.163894	0.000000	0.000000	-0.163894	1.000000	0.000000	0.000000	0.000000	0.000000	0.092540	0.981914	0.000000	0.000000	-0.981914	0.092540
436.323490	-0.188638	0.000000	0.000000	-0.188638	1.000000	0.000000	0.000000	0.000000	0.000000	0.093543	0.977306	0.000000	0.000000	-0.977306	0.093543
436.813810	-0.212481	0.000000	0.000000	-0.212481	1.000000	0.000000	0.000000	0.000000	0.000000	0.093610	0.972479	0.000000	0.000000	-0.972479	0.093610
437.304050	-0.234999	0.000000	0.000000	-0.234999	1.000000	0.000000	0.000000	0.000000	0.000000	0.092180	0.967385	0.000000	0.000000	-0.967385	0.092180
437.794160	-0.256703	0.000000	0.000000	-0.256703	1.000000	0.000000	0.000000	0.000000	0.000000	0.089833	0.962128	0.000000	0.000000	-0.962128	0.089833
438.284180	-0.277401	0.000000	0.000000	-0.277401	1.000000	0.000000	0.000000	0.000000	0.000000	0.086253	0.956675	0.000000	0.000000	-0.956675	0.086253
438.774080	-0.297369	0.000000	0.000000	-0.297369	1.000000	0.000000	0.000000	0.000000	0.000000	0.081781	0.951082	0.000000	0.000000	-0.951082	0.081781
439.263890	-0.316587	0.000000	0.000000	-0.316587	1.000000	0.000000	0.000000	0.000000	0.000000	0.076292	0.945310	0.000000	0.000000	-0.945310	0.076292
439.753600	-0.335164	0.000000	0.000000	-0.335164	1.000000	0.000000	0.000000	0.000000	0.000000	0.069932	0.939387	0.000000	0.000000	-0.939387	0.069932
440.243190	-0.353185	0.000000	0.000000	-0.353185	1.000000	0.000000	0.000000	0.000000	0.000000	0.062738	0.933279	0.000000	0.000000	-0.933279	0.062738
440.732700	-0.370645	0.000000	0.000000	-0.370645	1.000000	0.000000	0.000000	0.000000	0.000000	0.054698	0.926982	0.000000	0.000000	-0.926982	0.054698
441.222080	-0.387692	0.000000	0.000000	-0.387692	1.000000	0.000000	0.000000	0.000000	0.000000	0.045981	0.920481	0.000000	0.000000	-0.920481	0.045981
441.711360	-0.404245	0.000000	0.000000	-0.404245	1.000000	0.000000	0.000000	0.000000	0.000000	0.036449	0.913732	0.000000	0.000000	-0.913732	0.036449
442.200560	-0.420499	0.000000	0.000000	-0.420499	1.000000	0.000000	0.000000	0.000000	0.000000	0.026369	0.906753	0.000000	0.000000	-0.906753	0.026369
442.689640	-0.436324	0.000000	0.000000	-0.436324	1.000000	0.000000	0.000000	0.000000	0.000000	0.015502	0.899446	0.000000	0.000000	-0.899446	0.015502
443.178620	-0.451932	0.000000	0.000000	-0.451932	1.000000	0.000000	0.000000	0.000000	0.000000	0.004204	0.891891	0.000000	0.000000	-0.891891	0.004204
443.667480	-0.467166	0.000000	0.000000	-0.467166	1.000000	0.000000	0.000000	0.000000	0.000000	-0.007842	0.883903	0.000000	0.000000	-0.883903	-0.007842
444.156250	-0.482241	0.000000	0.000000	-0.482241	1.000000	0.000000	0.000000	0.000000	0.000000	-0.020217	0.875658	0.000000	0.000000	-0.875658	-0.020217
444.644930	-0.496982	0.000000	0.000000	-0.496982	1.000000	0.000000	0.000000	0.000000	0.000000	-0.033293	0.866864	0.000000	0.000000	-0.866864	-0.033293
445.133480	-0.511605	0.000000	0.000000	-0.511605	1.000000	0.000000	0.000000	0.000000	0.000000	-0.046610	0.857815	0.000000	0.000000	-0.857815	-0.046610
445.621920	-0.525920	0.000000	0.000000	-0.525920	1.000000	0.000000	0.000000	0.000000	0.000000	-0.060574	0.848087	0.000000	0.000000	-0.848087	-0.060574
446.110290	-0.540147	0.000000	0.000000	-0.540147	1.000000	0.000000	0.000000	0.000000	0.000000	-0.074704	0.838120	0.000000	0.000000	-0.838120	-0.074704
446.598510	-0.554077	0.000000	0.000000	-0.554077	1.000000	0.000000	0.000000	0.000000	0.000000	-0.089404	0.827330	0.000000	0.000000	-0.827330	-0.089404
447.086670	-0.567946	0.000000	0.000000	-0.567946	1.000000	0.000000	0.000000	0.000000	0.000000	-0.104209	0.816328	0.000000	0.000000	-0.816328	-0.104209
447.574710	-0.581531	0.000000	0.000000	-0.581531	1.000000	0.000000	0.000000	0.000000	0.000000	-0.119500	0.804342	0.000000	0.000000	-0.804342	-0.119500
448.062620	-0.595067	0.000000	0.000000	-0.595067	1.000000	0.000000	0.000000	0.000000	0.000000	-0.134842	0.792190	0.000000	0.000000	-0.792190	-0.134842
448.550480	-0.608297	0.000000	0.000000	-0.608297	1.000000	0.000000	0.000000	0.000000	0.000000	-0.150551	0.778901	0.000000	0.000000	-0.778901	-0.150551
449.038180	-0.621495	0.000000	0.000000	-0.621495	1.000000	0.000000	0.000000	0.000000	0.000000	-0.166276	0.765505	0.000000	0.000000	-0.765505	-0.166276
449.525820	-0.634357	0.000000	0.000000	-0.634357	1.000000	0.000000	0.000000	0.000000	0.000000	-0.182246	0.750807	0.000000	0.000000	-0.750807	-0.182246
450.013340	-0.647204	0.000000	0.000000	-0.647204	1.000000	0.000000	0.000000	0.000000	0.000000	-0.198214	0.736071	0.000000	0.000000	-0.736071	-0.198214
450.500730	-0.659664	0.000000	0.000000	-0.659664	1.000000	0.000000	0.000000	0.000000	0.000000	-0.214255	0.719881	0.000000	0.000000	-0.719881	-0.214255
450.988070	-0.672123	0.000000	0.000000	-0.672123	1.000000	0.000000	0.000000	0.000000	0.000000	-0.230293	0.703692	0.000000	0.000000	-0.703692	-0.230293
451.475250	-0.684143	0.000000	0.000000	-0.684143	1.000000	0.000000	0.000000	0.000000	0.000000	-0.246228	0.685982	0.000000	0.000000	-0.685982	-0.246228
451.962370	-0.696150	0.000000	0.000000	-0.696150	1.000000	0.000000	0.000000	0.000000	0.000000	-0.262157	0.668236	0.000000	0.000000	-0.668236	-0.262157
452.449340	-0.707692	0.000000	0.000000	-0.707692	1.000000	0.000000	0.000000	0.000000	0.000000	-0.277800	0.649012	0.000000	0.000000	-0.649012	-0.277800
452.936250	-0.719193	0.000000	0.000000	-0.719193	1.000000	0.000000	0.000000	0.000000	0.000000	-0.293417	0.629666	0.000000	0.000000	-0.629666	-0.293417
453.423030	-0.730190	0.000000	0.000000	-0.730190	1.000000	0.000000	0.000000	0.000000	0.000000	-0.308591	0.608920	0.000000	0.000000	-0.608920	-0.308591
453.909730	-0.741110	0.000000	0.000000	-0.741110	1.000000	0.000000	0.000000	0.000000	0.000000	-0.323695	0.587966	0.000000	0.000000	-0.587966	-0.323695
454.396300	-0.751496	0.000000	0.000000	-0.751496	1.000000	0.000000	0.000000	0.000000	0.000000	-0.338215	0.565717	0.000000	0.000000	-0.565717	-0.338215
454.882780	-0.761759	0.000000	0.000000	-0.761759	1.000000	0.000000	0.000000	0.000000	0.000000	-0.352600	0.543175	0.000000	0.000000	-0.543175	-0.352600
455.369140	-0.771468	0.000000	0.000000	-0.771468	1.000000	0.000000	0.000000	0.000000	0.000000	-0.366291	0.519451	0.000000	0.000000	-0.519451	-0.366291
455.855410	-0.780999	0.000000	0.000000	-0.780999	1.000000	0.000000	0.000000	0.000000	0.000000	-0.379760	0.495355	0.000000	0.000000	-0.495355	-0.379760
456.341580	-0.789951	0.000000	0.000000	-0.789951	1.000000	0.000000	0.000000	0.000000	0.000000	-0.392446	0.470238	0.000000	0.000000	-0.470238	-0.392446
456.827640	-0.798658	0.000000	0.000000	-0.798658	1.000000	0.000000	0.000000	0.000000	0.000000	-0.404799	0.444693	0.000000	0.000000	-0.444693	-0.404799
457.313600	-0.806783	0.000000	0.000000	-0.806783	1.000000	0.000000	0.000000	0.000000	0.000000	-0.416310	0.418284	0.000000	0.000000	-0.418284	-0.416310
457.799440	-0.814589	0.000000	0.000000	-0.814589	1.000000	0.000000	0.000000	0.000000	0.000000	-0.427358	0.391402	0.000000	0.000000	-0.391402	-0.427358
458.285190	-0.821818	0.000000	0.000000	-0.821818	1.000000	0.000000	0.000000	0.000000	0.000000	-0.437546	0.363826	0.000000	0.000000	-0.363826	-0.437546
458.770840	-0.828642	0.000000	0.000000	-0.828642	1.000000	0.000000	0.000000	0.000000	0.000000	-0.447127	0.335763	0.000000	0.000000	-0.335763	-0.447127
459.256380	-0.834915	0.000000	0.000000	-0.834915	1.000000	0.000000	0.000000	0.000000	0.000000	-0.455854	0.307168	0.000000	0.000000	-0.307168	-0.455854
459.741790	-0.840695	0.000000	0.000000	-0.840695	1.000000	0.000000	0.000000	0.000000	0.000000	-0.463817	0.278101	0.000000	0.000000	-0.278101	-0.463817
460.227140	-0.845958	0.000000	0.000000	-0.845958	1.000000	0.000000	0.000000	0.000000	0.000000	-0.470970	0.248664	0.000000	0.000000	-0.248664	-0.470970
460.712370	-0.850632	0.000000	0.000000	-0.850632	1.000000	0.000000	0.000000	0.000000	0.000000	-0.477201	0.218808	0.000000	0.000000	-0.218808	-0.477201
461.197480	-0.854840	0.000000	0.000000	-0.854840	1.000000	0.000000	0.000000	0.000000	0.000000	-0.482688	0.188721	0.000000	0.000000	-0.188721	-0.482688
461.682500	-0.858371	0.000000	0.000000	-0.858371	1.000000	0.000000	0.000000	0.000000	0.000000	-0.487095	0.158289	0.000000	0.000000	-0.158289	-0.487095
462.167420	-0.861498	0.000000	0.000000	-0.861498	1.000000	0.000000	0.000000	0.000000	0.000000	-0.490850	0.127751	0.000000	0.000000	-0.127751	-0.490850
462.652220	-0.863857	0.000000	0.000000	-0.863857	1.000000	0.000000	0.000000	0.000000	0.000000	-0.493373	0.097008	0.000000	0.000000	-0.097008	-0.493373
463.136930	-0.865881	0.000000	0.000000	-0.865881	1.000000	0.000000	0.000000	0.000000	0.000000	-0.495361	0.066245	0.000000	0.000000	-0.066245	-0.495361
463.621520	-0.867054	0.000000	0.000000	-0.867054	1.000000	0.000000	0.000000	0.000000	0.000000	-0.495993	0.035423	0.000000	0.000000	-0.035423	-0.495993
464.106020	-0.867969	0.000000	0.000000	-0.867969	1.000000	0.000000	0.000000	0.000000	0.000000	-0.496212	0.004643	0.000000	0.000000	-0.004643	-0.496212
464.590420	-0.867966	0.000000	0.000000	-0.867966	1.000000	0.000000	0.000000	0.000000	0.000000	-0.494963	-0.026004	0.000000	0.000000	0.026004	-0.494963
465.074710	-0.867786	0.000000	0.000000	-0.867786	1.000000	0.000000	0.000000	0.000000	0.000000	-0.493431	-0.056582	0.000000	0.000000	0.056582	-0.493431
465.558900	-0.866629	0.000000	0.000000	-0.866629	1.000000	0.000000	0.000000	0.000000	0.000000	-0.490352	-0.086811	0.000000	0.000000	0.086811	-0.490352
466.042970	-0.865374	0.000000	0.000000	-0.865374	1.000000	0.000000	0.000000	0.000000	0.000000	-0.487118	-0.116977	0.000000	0.000000	0.116977	-0.487118
466.526950	-0.863104	0.000000	0.000000	-0.863104	1.000000	0.000000	0.000000	0.000000	0.000000	-0.482290	-0.146579	0.000000	0.000000	0.146579	-0.482290
467.010830	-0.860809	0.000000	0.000000	-0.860809	1.000000	0.000000	0.000000	0.000000	0.000000	-0.477426	-0.176156	0.000000	0.000000	0.176156	-0.477426
467.494600	-0.857476	0.000000	0.000000	-0.857476	1.000000	0.000000	0.000000	0.000000	0.000000	-0.470964	-0.204911	0.000000	0.000000	0.204911	-0.470964
467.978240	-0.854144	0.000000	0.000000	-0.854144	1.000000	0.000000	0.000000	0.000000	0.000000	-0.464503	-0.233658	0.000000	0.000000	0.233658	-0.464503
468.461820	-0.849856	0.000000	0.000000	-0.849856	1.000000	0.000000	0.000000	0.000000	0.000000	-0.456612	-0.261432	0.000000	0.000000	0.261432	-0.456612
468.945280	-0.845524	0.000000	0.000000	-0.845524	1.000000	0.000000	0.000000	0.000000	0.000000	-0.448656	-0.289153	0.000000	0.000000	0.289153	-0.448656
469.428620	-0.840374	0.000000	0.000000	-0.840374	1.000000	0.000000	0.000000	0.000000	0.000000	-0.439493	-0.315846	0.000000	0.000000	0.315846	-0.439493
469.911870	-0.835120	0.000000	0.000000	-0.835120	1.000000	0.000000	0.000000	0.000000	0.000000	-0.430178	-0.342404	0.000000	0.000000	0.342404	-0.430178
470.395020	-0.829169	0.000000	0.000000	-0.829169	1.000000	0.000000	0.000000	0.000000	0.000000	-0.419898	-0.367914	0.000000	0.000000	0.367914	-0.419898
470.878050	-0.823063	0.000000	0.000000	-0.823063	1.000000	0.000000	0.000000	0.000000	0.000000	-0.409406	-0.393186	0.000000	0.000000	0.393186	-0.409406
471.360990	-0.816386	0.000000	0.000000	-0.816386	1.000000	0.000000	0.000000	0.000000	0.000000	-0.398152	-0.417430	0.000000	0.000000	0.417430	-0.398152
471.843810	-0.809517	0.000000	0.000000	-0.809517	1.000000	0.000000	0.000000	0.000000	0.000000	-0.386643	-0.441322	0.000000	0.000000	0.441322	-0.386643
472.326540	-0.802184	0.000000	0.000000	-0.802184	1.000000	0.000000	0.000000	0.000000	0.000000	-0.374569	-0.464246	0.000000	0.000000	0.464246	-0.374569
472.809170	-0.794630	0.000000	0.000000	-0.794630	1.000000	0.000000	0.000000	0.000000	0.000000	-0.362227	-0.486705	0.000000	0.000000	0.486705	-0.362227
473.291690	-0.786710	0.000000	0.000000	-0.786710	1.000000	0.000000	0.000000	0.000000	0.000000	-0.349487	-0.508278	0.000000	0.000000	0.508278	-0.349487
473.774110	-0.778550	0.000000	0.000000	-0.778550	1.000000	0.000000	0.000000	0.000000	0.000000	-0.336489	-0.529270	0.000000	0.000000	0.529270	-0.336489
474.256410	-0.770112	0.000000	0.000000	-0.770112	1.000000	0.000000	0.000000	0.000000	0.000000	-0.323225	-0.549481	0.000000	0.000000	0.549481	-0.323225
474.738620	-0.761427	0.000000	0.000000	-0.761427	1.000000	0.000000	0.000000	0.000000	0.000000	-0.309729	-0.569004	0.000000	0.000000	0.569004	-0.309729
475.220700	-0.752532	0.000000	0.000000	-0.752532	1.000000	0.000000	0.000000	0.000000	0.000000	-0.296082	-0.587865	0.000000	0.000000	0.587865	-0.296082
475.702700	-0.743385	0.000000	0.000000	-0.743385	1.000000	0.000000	0.000000	0.000000	0.000000	-0.282257	-0.605945	0.000000	0.000000	0.605945	-0.282257
476.184600	-0.734086	0.000000	0.000000	-0.734086	1.000000	0.000000	0.000000	0.000000	0.000000	-0.268361	-0.623484	0.000000	0.000000	0.623484	-0.268361
476.666380	-0.724543	0.000000	0.000000	-0.724543	1.000000	0.000000	0.000000	0.000000	0.000000	-0.254352	-0.640157	0.000000	0.000000	0.640157	-0.254352
477.148070	-0.714894	0.000000	0.000000	-0.714894	1.000000	0.000000	0.000000	0.000000	0.000000	-0.240333	-0.656412	0.000000	0.000000	0.656412	-0.240333
477.629670	-0.705008	0.000000	0.000000	-0.705008	1.000000	0.000000	0.000000	0.000000	0.000000	-0.226289	-0.671732	0.000000	0.000000	0.671732	-0.226289
478.111150	-0.695055	0.000000	0.000000	-0.695055	1.000000	0.000000	0.000000	0.000000	0.000000	-0.212266	-0.686753	0.000000	0.000000	0.686753	-0.212266
478.592500	-0.684874	0.000000	0.000000	-0.684874	1.000000	0.000000	0.000000	0.000000	0.000000	-0.198307	-0.700789	0.000000	0.000000	0.700789	-0.198307
479.073760	-0.674654	0.000000	0.000000	-0.674654	1.000000	0.000000	0.000000	0.000000	0.000000	-0.184381	-0.714639	0.000000	0.000000	0.714639	-0.184381
479.554930	-0.664209	0.000000	0.000000	-0.664209	1.000000	0.000000	0.000000	0.000000	0.000000	-0.170627	-0.727474	0.000000	0.000000	0.727474	-0.170627
480.036010	-0.653748	0.000000	0.000000	-0.653748	1.000000	0.000000	0.000000	0.000000	0.000000	-0.156899	-0.740224	0.000000	0.000000	0.740224	-0.156899
480.516970	-0.643065	0.000000	0.000000	-0.643065	1.000000	0.000000	0.000000	0.000000	0.000000	-0.143448	-0.751947	0.000000	0.000000	0.751947	-0.143448
480.997800	-0.632384	0.000000	0.000000	-0.632384	1.000000	0.000000	0.000000	0.000000	0.000000	-0.130001	-0.763666	0.000000	0.000000	0.763666	-0.130001
481.478550	-0.621476	0.000000	0.000000	-0.621476	1.000000	0.000000	0.000000	0.000000	0.000000	-0.116949	-0.774373	0.000000	0.000000	0.774373	-0.116949
481.959200	-0.610569	0.000000	0.000000	-0.610569	1.000000	0.000000	0.000000	0.000000	0.000000	-0.103902	-0.785074	0.000000	0.000000	0.785074	-0.103902
482.439730	-0.599463	0.000000	0.000000	-0.599463	1.000000	0.000000	0.000000	0.000000	0.000000	-0.091288	-0.794926	0.000000	0.000000	0.794926	-0.091288
482.920170	-0.588341	0.000000	0.000000	-0.588341	1.000000	0.000000	0.000000	0.000000	0.000000	-0.078715	-0.804698	0.000000	0.000000	0.804698	-0.078715
483.400510	-0.577026	0.000000	0.000000	-0.577026	1.000000	0.000000	0.000000	0.000000	0.000000	-0.066602	-0.813780	0.000000	0.000000	0.813780	-0.066602
483.880740	-0.565675	0.000000	0.000000	-0.565675	1.000000	0.000000	0.000000	0.000000	0.000000	-0.054584	-0.822722	0.000000	0.000000	0.822722	-0.054584
484.360840	-0.554141	0.000000	0.000000	-0.554141	1.000000	0.000000	0.000000	0.000000	0.000000	-0.043020	-0.831110	0.000000	0.000000	0.831110	-0.043020
484.840880	-0.542547	0.000000	0.000000	-0.542547	1.000000	0.000000	0.000000	0.000000	0.000000	-0.031608	-0.839315	0.000000	0.000000	0.839315	-0.031608
485.320770	-0.530769	0.000000	0.000000	-0.530769	1.000000	0.000000	0.000000	0.000000	0.000000	-0.020645	-0.847089	0.000000	0.000000	0.847089	-0.020645
485.800600	-0.518900	0.000000	0.000000	-0.518900	1.000000	0.000000	0.000000	0.000000	0.000000	-0.009904	-0.854650	0.000000	0.000000	0.854650	-0.009904
486.280300	-0.506850	0.000000	0.000000	-0.506850	1.000000	0.000000	0.000000	0.000000	0.000000	0.000414	-0.861883	0.000000	0.000000	0.861883	0.000414
486.759890	-0.494671	0.000000	0.000000	-0.494671	1.000000	0.000000	0.000000	0.000000	0.000000	0.010430	-0.868882	0.000000	0.000000	0.868882	0.010430
487.239410	-0.482310	0.000000	0.000000	-0.482310	1.000000	0.000000	0.000000	0.000000	0.000000	0.020063	-0.875642	0.000000	0.000000	0.875642	0.020063
487.718780	-0.469766	0.000000	0.000000	-0.469766	1.000000	0.000000	0.000000	0.000000	0.000000	0.029313	-0.882162	0.000000	0.000000	0.882162	0.029313
488.198090	-0.457045	0.000000	0.000000	-0.457045	1.000000	0.000000	0.000000	0.000000	0.000000	0.038228	-0.888515	0.000000	0.000000	0.888515	0.038228
488.677280	-0.444070	0.000000	0.000000	-0.444070	1.000000	0.000000	0.000000	0.000000	0.000000	0.046668	-0.894629	0.000000	0.000000	0.894629	0.046668
489.156340	-0.430932	0.000000	0.000000	-0.430932	1.000000	0.000000	0.000000	0.000000	0.000000	0.054827	-0.900631	0.000000	0.000000	0.900631	0.054827
489.635310	-0.417451	0.000000	0.000000	-0.417451	1.000000	0.000000	0.000000	0.000000	0.000000	0.062410	-0.906402	0.000000	0.000000	0.906402	0.062410
490.114200	-0.403826	0.000000	0.000000	-0.403826	1.000000	0.000000	0.000000	0.000000	0.000000	0.069777	-0.912105	0.000000	0.000000	0.912105	0.069777
490.592960	-0.389741	0.000000	0.000000	-0.389741	1.000000	0.000000	0.000000	0.000000	0.000000	0.076458	-0.917589	0.000000	0.000000	0.917589	0.076458
491.071620	-0.375550	0.000000	0.000000	-0.375550	1.000000	0.000000	0.000000	0.000000	0.000000	0.082996	-0.923034	0.000000	0.000000	0.923034	0.082996
491.550200	-0.360750	0.000000	0.000000	-0.360750	1.000000	0.000000	0.000000	0.000000	0.000000	0.088733	-0.928269	0.000000	0.000000	0.928269	0.088733
492.028660	-0.345903	0.000000	0.000000	-0.345903	1.000000	0.000000	0.000000	0.000000	0.000000	0.094408	-0.933489	0.000000	0.000000	0.933489	0.094408
492.506990	-0.330268	0.000000	0.000000	-0.330268	1.000000	0.000000	0.000000	0.000000	0.000000	0.099148	-0.938495	0.000000	0.000000	0.938495	0.099148
492.985260	-0.314635	0.000000	0.000000	-0.314635	1.000000	0.000000	0.000000	0.000000	0.000000	0.103887	-0.943501	0.000000	0.000000	0.943501	0.103887
493.463380	-0.298045	0.000000	0.000000	-0.298045	1.000000	0.000000	0.000000	0.000000	0.000000	0.107612	-0.948287	0.000000	0.000000	0.948287	0.107612
493.941440	-0.281426	0.000000	0.000000	-0.281426	1.000000	0.000000	0.000000	0.000000	0.000000	0.111304	-0.953067	0.000000	0.000000	0.953067	0.111304
494.419370	-0.263797	0.000000	0.000000	-0.263797	1.000000	0.000000	0.000000	0.000000	0.000000	0.114023	-0.957624	0.000000	0.000000	0.957624	0.114023
494.897190	-0.246031	0.000000	0.000000	-0.246031	1.000000	0.000000	0.000000	0.000000	0.000000	0.116606	-0.962150	0.000000	0.000000	0.962150	0.116606
495.374940	-0.227209	0.000000	0.000000	-0.227209	1.000000	0.000000	0.000000	0.000000	0.000000	0.118271	-0.966433	0.000000	0.000000	0.966433	0.118271
495.852540	-0.208102	0.000000	0.000000	-0.208102	1.000000	0.000000	0.000000	0.000000	0.000000	0.119684	-0.970648	0.000000	0.000000	0.970648	0.119684
496.330080	-0.187921	0.000000	0.000000	-0.187921	1.000000	0.000000	0.000000	0.000000	0.000000	0.120238	-0.974577	0.000000	0.000000	0.974577	0.120238
496.807500	-0.167263	0.000000	0.000000	-0.167263	1.000000	0.000000	0.000000	0.000000	0.000000	0.120409	-0.978378	0.000000	0.000000	0.978378	0.120409
497.284790	-0.145546	0.000000	0.000000	-0.145546	1.000000	0.000000	0.000000	0.000000	0.000000	0.119791	-0.981838	0.000000	0.000000	0.981838	0.119791
497.761990	-0.123112	0.000000	0.000000	-0.123112	1.000000	0.000000	0.000000	0.000000	0.000000	0.118640	-0.985067	0.000000	0.000000	0.985067	0.118640
498.239110	-0.099662	0.000000	0.000000	-0.099662	1.000000	0.000000	0.000000	0.000000	0.000000	0.116787	-0.987897	0.000000	0.000000	0.987897	0.116787
498.716090	-0.075204	0.000000	0.000000	-0.075204	1.000000	0.000000	0.000000	0.000000	0.000000	0.114234	-0.990328	0.000000	0.000000	0.990328	0.114234
499.192990	-0.049824	0.000000	0.000000	-0.049824	1.000000	0.000000	0.000000	0.000000	0.000000	0.111080	-0.992309	0.000000	0.000000	0.992309	0.111080
499.669770	-0.023087	0.000000	0.000000	-0.023087	1.000000	0.000000	0.000000	0.000000	0.000000	0.107039	-0.993628	0.000000	0.000000	0.993628	0.107039
500.146450	0.004426	0.000000	0.000000	0.004426	1.000000	0.000000	0.000000	0.000000	0.000000	0.102519	-0.994476	0.000000	0.000000	0.994476	0.102519
500.623050	0.033695	0.000000	0.000000	0.033695	1.000000	0.000000	0.000000	0.000000	0.000000	0.096914	-0.994260	0.000000	0.000000	0.994260	0.096914
501.099520	0.063537	0.000000	0.000000	0.063537	1.000000	0.000000	0.000000	0.000000	0.000000	0.090969	-0.993609	0.000000	0.000000	0.993609	0.090969
501.575900	0.095569	0.000000	0.000000	0.095569	1.000000	0.000000	0.000000	0.000000	0.000000	0.083732	-0.991307	0.000000	0.000000	0.991307	0.083732
502.052190	0.127916	0.000000	0.000000	0.127916	1.000000	0.000000	0.000000	0.000000	0.000000	0.076313	-0.988699	0.000000	0.000000	0.988699	0.076313
502.528320	0.162859	0.000000	0.000000	0.162859	1.000000	0.000000	0.000000	0.000000	0.000000	0.067405	-0.983603	0.000000	0.000000	0.983603	0.067405
503.004390	0.197825	0.000000	0.000000	0.197825	1.000000	0.000000	0.000000	0.000000	0.000000	0.058484	-0.978475	0.000000	0.000000	0.978475	0.058484
503.480350	0.235731	0.000000	0.000000	0.235731	1.000000	0.000000	0.000000	0.000000	0.000000	0.047916	-0.969713	0.000000	0.000000	0.969713	0.047916
503.956210	0.273629	0.000000	0.000000	0.273629	1.000000	0.000000	0.000000	0.000000	0.000000	0.037351	-0.960953	0.000000	0.000000	0.960953	0.037351
504.431950	0.314118	0.000000	0.000000	0.314118	1.000000	0.000000	0.000000	0.000000	0.000000	0.025360	-0.947908	0.000000	0.000000	0.947908	0.025360
504.907590	0.354862	0.000000	0.000000	0.354862	1.000000	0.000000	0.000000	0.000000	0.000000	0.013226	-0.934430	0.000000	0.000000	0.934430	0.013226
505.383150	0.397565	0.000000	0.000000	0.397565	1.000000	0.000000	0.000000	0.000000	0.000000	-0.000013	-0.916193	0.000000	0.000000	0.916193	-0.000013
505.858580	0.440730	0.000000	0.000000	0.440730	1.000000	0.000000	0.000000	0.000000	0.000000	-0.013516	-0.896813	0.000000	0.000000	0.896813	-0.013516
506.333890	0.485052	0.000000	0.000000	0.485052	1.000000	0.000000	0.000000	0.000000	0.000000	-0.027732	-0.872397	0.000000	0.000000	0.872397	-0.027732
506.809140	0.529863	0.000000	0.000000	0.529863	1.000000	0.000000	0.000000	0.000000	0.000000	-0.042251	-0.845849	0.000000	0.000000	0.845849	-0.042251
507.284240	0.574913	0.000000	0.000000	0.574913	1.000000	0.000000	0.000000	0.000000	0.000000	-0.057053	-0.814294	0.000000	0.000000	0.814294	-0.057053
507.759280	0.620127	0.000000	0.000000	0.620127	1.000000	0.000000	0.000000	0.000000	0.000000	-0.072046	-0.779376	0.000000	0.000000	0.779376	-0.072046
508.234190	0.664668	0.000000	0.000000	0.664668	1.000000	0.000000	0.000000	0.000000	0.000000	-0.086903	-0.739869	0.000000	0.000000	0.739869	-0.086903
508.709010	0.708521	0.000000	0.000000	0.708521	1.000000	0.000000	0.000000	0.000000	0.000000	-0.101622	-0.695646	0.000000	0.000000	0.695646	-0.101622
509.183720	0.750969	0.000000	0.000000	0.750969	1.000000	0.000000	0.000000	0.000000	0.000000	-0.115873	-0.647677	0.000000	0.000000	0.647677	-0.115873
509.658330	0.791198	0.000000	0.000000	0.791198	1.000000	0.000000	0.000000	0.000000	0.000000	-0.129386	-0.593772	0.000000	0.000000	0.593772	-0.129386
510.132810	0.829690	0.000000	0.000000	0.829690	1.000000	0.000000	0.000000	0.000000	0.000000	-0.142269	-0.537285	0.000000	0.000000	0.537285	-0.142269
510.607210	0.863735	0.000000	0.000000	0.863735	1.000000	0.000000	0.000000	0.000000	0.000000	-0.153538	-0.474129	0.000000	0.000000	0.474129	-0.153538
511.081480	0.896271	0.000000	0.000000	0.896271	1.000000	0.000000	0.000000	0.000000	0.000000	-0.164246	-0.409648	0.000000	0.000000	0.409648	-0.164246
511.555690	0.921577	0.000000	0.000000	0.921577	1.000000	0.000000	0.000000	0.000000	0.000000	-0.172262	-0.338708	0.000000	0.000000	0.338708	-0.172262
512.029790	0.946196	0.000000	0.000000	0.946196	1.000000	0.000000	0.000000	0.000000	0.000000	-0.180021	-0.267449	0.000000	0.000000	0.267449	-0.180021
512.503720	0.960663	0.000000	0.000000	0.960663	1.000000	0.000000	0.000000	0.000000	0.000000	-0.183966	-0.191220	0.000000	0.000000	0.191220	-0.183966
512.977600	0.975128	0.000000	0.000000	0.975128	1.000000	0.000000	0.000000	0.000000	0.000000	-0.187912	-0.114999	0.000000	0.000000	0.114999	-0.187912
513.451350	0.978108	0.000000	0.000000	0.978108	1.000000	0.000000	0.000000	0.000000	0.000000	-0.187566	-0.036823	0.000000	0.000000	0.036823	-0.187566
513.925050	0.980518	0.000000	0.000000	0.980518	1.000000	0.000000	0.000000	0.000000	0.000000	-0.187008	0.041444	0.000000	0.000000	-0.041444	-0.187008
514.398620	0.972716	0.000000	0.000000	0.972716	1.000000	0.000000	0.000000	0.000000	0.000000	-0.182697	0.118421	0.000000	0.000000	-0.118421	-0.182697
514.872070	0.962996	0.000000	0.000000	0.962996	1.000000	0.000000	0.000000	0.000000	0.000000	-0.177680	0.195140	0.000000	0.000000	-0.195140	-0.177680
515.345400	0.945219	0.000000	0.000000	0.945219	1.000000	0.000000	0.000000	0.000000	0.000000	-0.169772	0.268337	0.000000	0.000000	-0.268337	-0.169772
515.818660	0.924460	0.000000	0.000000	0.924460	1.000000	0.000000	0.000000	0.000000	0.000000	-0.160793	0.340227	0.000000	0.000000	-0.340227	-0.160793
516.291810	0.898110	0.000000	0.000000	0.898110	1.000000	0.000000	0.000000	0.000000	0.000000	-0.149897	0.407586	0.000000	0.000000	-0.407586	-0.149897
516.764830	0.868290	0.000000	0.000000	0.868290	1.000000	0.000000	0.000000	0.000000	0.000000	-0.137814	0.472123	0.000000	0.000000	-0.472123	-0.137814
517.237790	0.835139	0.000000	0.000000	0.835139	1.000000	0.000000	0.000000	0.000000	0.000000	-0.124676	0.532208	0.000000	0.000000	-0.532208	-0.124676
517.710630	0.798701	0.000000	0.000000	0.798701	1.000000	0.000000	0.000000	0.000000	0.000000	-0.110497	0.587885	0.000000	0.000000	-0.587885	-0.110497
518.183350	0.760670	0.000000	0.000000	0.760670	1.000000	0.000000	0.000000	0.000000	0.000000	-0.095903	0.639913	0.000000	0.000000	-0.639913	-0.095903
518.655940	0.720121	0.000000	0.000000	0.720121	1.000000	0.000000	0.000000	0.000000	0.000000	-0.080651	0.686193	0.000000	0.000000	-0.686193	-0.080651
519.128480	0.679057	0.000000	0.000000	0.679057	1.000000	0.000000	0.000000	0.000000	0.000000	-0.065352	0.729996	0.000000	0.000000	-0.729996	-0.065352
519.600890	0.636616	0.000000	0.000000	0.636616	1.000000	0.000000	0.000000	0.000000	0.000000	-0.049926	0.767171	0.000000	0.000000	-0.767171	-0.049926
520.073240	0.594159	0.000000	0.000000	0.594159	1.000000	0.000000	0.000000	0.000000	0.000000	-0.034580	0.803061	0.000000	0.000000	-0.803061	-0.034580
520.545410	0.551599	0.000000	0.000000	0.551599	1.000000	0.000000	0.000000	0.000000	0.000000	-0.019671	0.831962	0.000000	0.000000	-0.831962	-0.019671
521.017520	0.509089	0.000000	0.000000	0.509089	1.000000	0.000000	0.000000	0.000000	0.000000	-0.004801	0.860594	0.000000	0.000000	-0.860594	-0.004801
521.489500	0.467696	0.000000	0.000000	0.467696	1.000000	0.000000	0.000000	0.000000	0.000000	0.009092	0.882331	0.000000	0.000000	-0.882331	0.009092
521.961430	0.426309	0.000000	0.000000	0.426309	1.000000	0.000000	0.000000	0.000000	0.000000	0.022984	0.904067	0.000000	0.000000	-0.904067	0.022984
522.433230	0.386742	0.000000	0.000000	0.386742	1.000000	0.000000	0.000000	0.000000	0.000000	0.035667	0.920324	0.000000	0.000000	-0.920324	0.035667
522.904910	0.347347	0.000000	0.000000	0.347347	1.000000	0.000000	0.000000	0.000000	0.000000	0.048239	0.936091	0.000000	0.000000	-0.936091	0.048239
523.376460	0.309914	0.000000	0.000000	0.309914	1.000000	0.000000	0.000000	0.000000	0.000000	0.059628	0.947998	0.000000	0.000000	-0.947998	0.059628
523.847960	0.272978	0.000000	0.000000	0.272978	1.000000	0.000000	0.000000	0.000000	0.000000	0.070717	0.958931	0.000000	0.000000	-0.958931	0.070717
524.319340	0.237850	0.000000	0.000000	0.237850	1.000000	0.000000	0.000000	0.000000	0.000000	0.080758	0.967273	0.000000	0.000000	-0.967273	0.080758
524.790590	0.203588	0.000000	0.000000	0.203588	1.000000	0.000000	0.000000	0.000000	0.000000	0.090298	0.974381	0.000000	0.000000	-0.974381	0.090298
525.261780	0.170816	0.000000	0.000000	0.170816	1.000000	0.000000	0.000000	0.000000	0.000000	0.098989	0.979839	0.000000	0.000000	-0.979839	0.098989
525.732850	0.139239	0.000000	0.000000	0.139239	1.000000	0.000000	0.000000	0.000000	0.000000	0.107000	0.983978	0.000000	0.000000	-0.983978	0.107000
526.203800	0.108782	0.000000	0.000000	0.108782	1.000000	0.000000	0.000000	0.000000	0.000000	0.114373	0.987136	0.000000	0.000000	-0.987136	0.114373
526.674620	0.079790	0.000000	0.000000	0.079790	1.000000	0.000000	0.000000	0.000000	0.000000	0.120910	0.989008	0.000000	0.000000	-0.989008	0.120910
527.145390	0.051541	0.000000	0.000000	0.051541	1.000000	0.000000	0.000000	0.000000	0.000000	0.127019	0.990353	0.000000	0.000000	-0.990353	0.127019
527.616030	0.024954	0.000000	0.000000	0.024954	1.000000	0.000000	0.000000	0.000000	0.000000	0.132170	0.990518	0.000000	0.000000	-0.990518	0.132170
528.086550	-0.001222	0.000000	0.000000	-0.001222	1.000000	0.000000	0.000000	0.000000	0.000000	0.137083	0.990449	0.000000	0.000000	-0.990449	0.137083
528.557010	-0.025607	0.000000	0.000000	-0.025607	1.000000	0.000000	0.000000	0.000000	0.000000	0.140942	0.989342	0.000000	0.000000	-0.989342	0.140942
529.027340	-0.049871	0.000000	0.000000	-0.049871	1.000000	0.000000	0.000000	0.000000	0.000000	0.144731	0.988182	0.000000	0.000000	-0.988182	0.144731
529.497560	-0.072263	0.000000	0.000000	-0.072263	1.000000	0.000000	0.000000	0.000000	0.000000	0.147394	0.986141	0.000000	0.000000	-0.986141	0.147394
529.967710	-0.094652	0.000000	0.000000	-0.094652	1.000000	0.000000	0.000000	0.000000	0.000000	0.150057	0.984099	0.000000	0.000000	-0.984099	0.150057
530.437740	-0.115388	0.000000	0.000000	-0.115388	1.000000	0.000000	0.000000	0.000000	0.000000	0.151695	0.981422	0.000000	0.000000	-0.981422	0.151695
530.907650	-0.135996	0.000000	0.000000	-0.135996	1.000000	0.000000	0.000000	0.000000	0.000000	0.153258	0.978699	0.000000	0.000000	-0.978699	0.153258
531.377440	-0.155344	0.000000	0.000000	-0.155344	1.000000	0.000000	0.000000	0.000000	0.000000	0.154010	0.975577	0.000000	0.000000	-0.975577	0.154010
531.847170	-0.174383	0.000000	0.000000	-0.174383	1.000000	0.000000	0.000000	0.000000	0.000000	0.154564	0.972358	0.000000	0.000000	-0.972358	0.154564
532.316770	-0.192489	0.000000	0.000000	-0.192489	1.000000	0.000000	0.000000	0.000000	0.000000	0.154493	0.968897	0.000000	0.000000	-0.968897	0.154493
532.786250	-0.210143	0.000000	0.000000	-0.210143	1.000000	0.000000	0.000000	0.000000	0.000000	0.154121	0.965318	0.000000	0.000000	-0.965318	0.154121
533.255680	-0.227134	0.000000	0.000000	-0.227134	1.000000	0.000000	0.000000	0.000000	0.000000	0.153285	0.961596	0.000000	0.000000	-0.961596	0.153285
533.724910	-0.243566	0.000000	0.000000	-0.243566	1.000000	0.000000	0.000000	0.000000	0.000000	0.152061	0.957754	0.000000	0.000000	-0.957754	0.152061
534.194150	-0.259560	0.000000	0.000000	-0.259560	1.000000	0.000000	0.000000	0.000000	0.000000	0.150514	0.953830	0.000000	0.000000	-0.953830	0.150514
534.663210	-0.274925	0.000000	0.000000	-0.274925	1.000000	0.000000	0.000000	0.000000	0.000000	0.148509	0.949790	0.000000	0.000000	-0.949790	0.148509
535.132200	-0.290027	0.000000	0.000000	-0.290027	1.000000	0.000000	0.000000	0.000000	0.000000	0.146301	0.945705	0.000000	0.000000	-0.945705	0.146301
535.601070	-0.304460	0.000000	0.000000	-0.304460	1.000000	0.000000	0.000000	0.000000	0.000000	0.143575	0.941508	0.000000	0.000000	-0.941508	0.143575
536.069820	-0.318768	0.000000	0.000000	-0.318768	1.000000	0.000000	0.000000	0.000000	0.000000	0.140751	0.937290	0.000000	0.000000	-0.937290	0.140751
536.538510	-0.332388	0.000000	0.000000	-0.332388	1.000000	0.000000	0.000000	0.000000	0.000000	0.137360	0.932956	0.000000	0.000000	-0.932956	0.137360
537.007080	-0.345993	0.000000	0.000000	-0.345993	1.000000	0.000000	0.000000	0.000000	0.000000	0.133960	0.928622	0.000000	0.000000	-0.928622	0.133960
537.475520	-0.358901	0.000000	0.000000	-0.358901	1.000000	0.000000	0.000000	0.000000	0.000000	0.129956	0.924160	0.000000	0.000000	-0.924160	0.129956
537.943850	-0.371807	0.000000	0.000000	-0.371807	1.000000	0.000000	0.000000	0.000000	0.000000	0.125952	0.919700	0.000000	0.000000	-0.919700	0.125952
538.412110	-0.384165	0.000000	0.000000	-0.384165	1.000000	0.000000	0.000000	0.000000	0.000000	0.121448	0.915125	0.000000	0.000000	-0.915125	0.121448
538.880250	-0.396446	0.000000	0.000000	-0.396446	1.000000	0.000000	0.000000	0.000000	0.000000	0.116876	0.910537	0.000000	0.000000	-0.910537	0.116876
539.348330	-0.408324	0.000000	0.000000	-0.408324	1.000000	0.000000	0.000000	0.000000	0.000000	0.111913	0.905845	0.000000	0.000000	-0.905845	0.111913
539.816220	-0.420058	0.000000	0.000000	-0.420058	1.000000	0.000000	0.000000	0.000000	0.000000	0.106817	0.901118	0.000000	0.000000	-0.901118	0.106817
540.284060	-0.431507	0.000000	0.000000	-0.431507	1.000000	0.000000	0.000000	0.000000	0.000000	0.101426	0.896296	0.000000	0.000000	-0.896296	0.101426
540.751830	-0.442772	0.000000	0.000000	-0.442772	1.000000	0.000000	0.000000	0.000000	0.000000	0.095844	0.891411	0.000000	0.000000	-0.891411	0.095844
541.219420	-0.453835	0.000000	0.000000	-0.453835	1.000000	0.000000	0.000000	0.000000	0.000000	0.090052	0.886445	0.000000	0.000000	-0.886445	0.090052
541.686950	-0.464676	0.000000	0.000000	-0.464676	1.000000	0.000000	0.000000	0.000000	0.000000	0.084021	0.881386	0.000000	0.000000	-0.881386	0.084021
542.154360	-0.475393	0.000000	0.000000	-0.475393	1.000000	0.000000	0.000000	0.000000	0.000000	0.077855	0.876261	0.000000	0.000000	-0.876261	0.077855
542.621700	-0.485864	0.000000	0.000000	-0.485864	1.000000	0.000000	0.000000	0.000000	0.000000	0.071413	0.871001	0.000000	0.000000	-0.871001	0.071413
543.088870	-0.496270	0.000000	0.000000	-0.496270	1.000000	0.000000	0.000000	0.000000	0.000000	0.064901	0.865700	0.000000	0.000000	-0.865700	0.064901
543.555970	-0.506411	0.000000	0.000000	-0.506411	1.000000	0.000000	0.000000	0.000000	0.000000	0.058081	0.860216	0.000000	0.000000	-0.860216	0.058081
544.023010	-0.516537	0.000000	0.000000	-0.516537	1.000000	0.000000	0.000000	0.000000	0.000000	0.051244	0.854719	0.000000	0.000000	-0.854719	0.051244
544.489870	-0.526387	0.000000	0.000000	-0.526387	1.000000	0.000000	0.000000	0.000000	0.000000	0.044079	0.848979	0.000000	0.000000	-0.848979	0.044079
544.956670	-0.536236	0.000000	0.000000	-0.536236	1.000000	0.000000	0.000000	0.000000	0.000000	0.036915	0.843240	0.000000	0.000000	-0.843240	0.036915
545.423400	-0.545842	0.000000	0.000000	-0.545842	1.000000	0.000000	0.000000	0.000000	0.000000	0.029467	0.837246	0.000000	0.000000	-0.837246	0.029467
545.889950	-0.555421	0.000000	0.000000	-0.555421	1.000000	0.000000	0.000000	0.000000	0.000000	0.021993	0.831229	0.000000	0.000000	-0.831229	0.021993
546.356450	-0.564819	0.000000	0.000000	-0.564819	1.000000	0.000000	0.000000	0.000000	0.000000	0.014303	0.824972	0.000000	0.000000	-0.824972	0.014303
546.822810	-0.574159	0.000000	0.000000	-0.574159	1.000000	0.000000	0.000000	0.000000	0.000000	0.006548	0.818641	0.000000	0.000000	-0.818641	0.006548
547.289060	-0.583362	0.000000	0.000000	-0.583362	1.000000	0.000000	0.000000	0.000000	0.000000	-0.001359	0.812100	0.000000	0.000000	-0.812100	-0.001359
547.755250	-0.592480	0.000000	0.000000	-0.592480	1.000000	0.000000	0.000000	0.000000	0.000000	-0.009361	0.805430	0.000000	0.000000	-0.805430	-0.009361
548.221310	-0.601498	0.000000	0.000000	-0.601498	1.000000	0.000000	0.000000	0.000000	0.000000	-0.017462	0.798586	0.000000	0.000000	-0.798586	-0.017462
548.687260	-0.610407	0.000000	0.000000	-0.610407	1.000000	0.000000	0.000000	0.000000	0.000000	-0.025674	0.791549	0.000000	0.000000	-0.791549	-0.025674
549.153140	-0.619249	0.000000	0.000000	-0.619249	1.000000	0.000000	0.000000	0.000000	0.000000	-0.033944	0.784383	0.000000	0.000000	-0.784383	-0.033944
549.618900	-0.627957	0.000000	0.000000	-0.627957	1.000000	0.000000	0.000000	0.000000	0.000000	-0.042334	0.776955	0.000000	0.000000	-0.776955	-0.042334
550.084530	-0.636628	0.000000	0.000000	-0.636628	1.000000	0.000000	0.000000	0.000000	0.000000	-0.050749	0.769451	0.000000	0.000000	-0.769451	-0.050749
550.550050	-0.645143	0.000000	0.000000	-0.645143	1.000000	0.000000	0.000000	0.000000	0.000000	-0.059282	0.761603	0.000000	0.000000	-0.761603	-0.059282
551.015500	-0.653650	0.000000	0.000000	-0.653650	1.000000	0.000000	0.000000	0.000000	0.000000	-0.067817	0.753742	0.000000	0.000000	-0.753742	-0.067817
551.480830	-0.661974	0.000000	0.000000	-0.661974	1.000000	0.000000	0.000000	0.000000	0.000000	-0.076457	0.745453	0.000000	0.000000	-0.745453	-0.076457
551.946040	-0.670295	0.000000	0.000000	-0.670295	1.000000	0.000000	0.000000	0.000000	0.000000	-0.085094	0.737166	0.000000	0.000000	-0.737166	-0.085094
552.411190	-0.678449	0.000000	0.000000	-0.678449	1.000000	0.000000	0.000000	0.000000	0.000000	-0.093796	0.728467	0.000000	0.000000	-0.728467	-0.093796
552.876220	-0.686580	0.000000	0.000000	-0.686580	1.000000	0.000000	0.000000	0.000000	0.000000	-0.102503	0.719716	0.000000	0.000000	-0.719716	-0.102503
553.341130	-0.694567	0.000000	0.000000	-0.694567	1.000000	0.000000	0.000000	0.000000	0.000000	-0.111236	0.710612	0.000000	0.000000	-0.710612	-0.111236
553.805910	-0.702500	0.000000	0.000000	-0.702500	1.000000	0.000000	0.000000	0.000000	0.000000	-0.119977	0.701382	0.000000	0.000000	-0.701382	-0.119977
554.270630	-0.710318	0.000000	0.000000	-0.710318	1.000000	0.000000	0.000000	0.000000	0.000000	-0.128714	0.691860	0.000000	0.000000	-0.691860	-0.128714
554.735230	-0.718051	0.000000	0.000000	-0.718051	1.000000	0.000000	0.000000	0.000000	0.000000	-0.137448	0.682131	0.000000	0.000000	-0.682131	-0.137448
555.199770	-0.725695	0.000000	0.000000	-0.725695	1.000000	0.000000	0.000000	0.000000	0.000000	-0.146162	0.672180	0.000000	0.000000	-0.672180	-0.146162
555.664120	-0.733220	0.000000	0.000000	-0.733220	1.000000	0.000000	0.000000	0.000000	0.000000	-0.154849	0.661940	0.000000	0.000000	-0.661940	-0.154849
556.128420	-0.740683	0.000000	0.000000	-0.740683	1.000000	0.000000	0.000000	0.000000	0.000000	-0.163511	0.651557	0.000000	0.000000	-0.651557	-0.163511
556.592590	-0.747986	0.000000	0.000000	-0.747986	1.000000	0.000000	0.000000	0.000000	0.000000	-0.172110	0.640799	0.000000	0.000000	-0.640799	-0.172110
557.056700	-0.755259	0.000000	0.000000	-0.755259	1.000000	0.000000	0.000000	0.000000	0.000000	-0.180693	0.629978	0.000000	0.000000	-0.629978	-0.180693
557.520690	-0.762330	0.000000	0.000000	-0.762330	1.000000	0.000000	0.000000	0.000000	0.000000	-0.189164	0.618694	0.000000	0.000000	-0.618694	-0.189164
557.984560	-0.769399	0.000000	0.000000	-0.769399	1.000000	0.000000	0.000000	0.000000	0.000000	-0.197632	0.607413	0.000000	0.000000	-0.607413	-0.197632
558.448300	-0.776231	0.000000	0.000000	-0.776231	1.000000	0.000000	0.000000	0.000000	0.000000	-0.205938	0.595619	0.000000	0.000000	-0.595619	-0.205938
558.911990	-0.783054	0.000000	0.000000	-0.783054	1.000000	0.000000	0.000000	0.000000	0.000000	-0.214238	0.583810	0.000000	0.000000	-0.583810	-0.214238
559.375550	-0.789667	0.000000	0.000000	-0.789667	1.000000	0.000000	0.000000	0.000000	0.000000	-0.222366	0.571572	0.000000	0.000000	-0.571572	-0.222366
559.838990	-0.796230	0.000000	0.000000	-0.796230	1.000000	0.000000	0.000000	0.000000	0.000000	-0.230452	0.559237	0.000000	0.000000	-0.559237	-0.230452
560.302370	-0.802612	0.000000	0.000000	-0.802612	1.000000	0.000000	0.000000	0.000000	0.000000	-0.238375	0.546562	0.000000	0.000000	-0.546562	-0.238375
560.765630	-0.808897	0.000000	0.000000	-0.808897	1.000000	0.000000	0.000000	0.000000	0.000000	-0.246209	0.533707	0.000000	0.000000	-0.533707	-0.246209
561.228760	-0.815038	0.000000	0.000000	-0.815038	1.000000	0.000000	0.000000	0.000000	0.000000	-0.253897	0.520602	0.000000	0.000000	-0.520602	-0.253897
561.691830	-0.821031	0.000000	0.000000	-0.821031	1.000000	0.000000	0.000000	0.000000	0.000000	-0.261435	0.507238	0.000000	0.000000	-0.507238	-0.261435
562.154720	-0.826918	0.000000	0.000000	-0.826918	1.000000	0.000000	0.000000	0.000000	0.000000	-0.268860	0.493712	0.000000	0.000000	-0.493712	-0.268860
562.617550	-0.832599	0.000000	0.000000	-0.832599	1.000000	0.000000	0.000000	0.000000	0.000000	-0.276065	0.479857	0.000000	0.000000	-0.479857	-0.276065
563.080320	-0.838223	0.000000	0.000000	-0.838223	1.000000	0.000000	0.000000	0.000000	0.000000	-0.283204	0.465920	0.000000	0.000000	-0.465920	-0.283204
563.542910	-0.843577	0.000000	0.000000	-0.843577	1.000000	0.000000	0.000000	0.000000	0.000000	-0.290033	0.451590	0.000000	0.000000	-0.451590	-0.290033
564.005430	-0.848926	0.000000	0.000000	-0.848926	1.000000	0.000000	0.000000	0.000000	0.000000	-0.296856	0.437257	0.000000	0.000000	-0.437257	-0.296856
564.467900	-0.853938	0.000000	0.000000	-0.853938	1.000000	0.000000	0.000000	0.000000	0.000000	-0.303275	0.422473	0.000000	0.000000	-0.422473	-0.303275
564.930180	-0.858947	0.000000	0.000000	-0.858947	1.000000	0.000000	0.000000	0.000000	0.000000	-0.309692	0.407694	0.000000	0.000000	-0.407694	-0.309692
565.392400	-0.863651	0.000000	0.000000	-0.863651	1.000000	0.000000	0.000000	0.000000	0.000000	-0.315730	0.392556	0.000000	0.000000	-0.392556	-0.315730
565.854490	-0.868298	0.000000	0.000000	-0.868298	1.000000	0.000000	0.000000	0.000000	0.000000	-0.321698	0.377359	0.000000	0.000000	-0.377359	-0.321698
566.316530	-0.872690	0.000000	0.000000	-0.872690	1.000000	0.000000	0.000000	0.000000	0.000000	-0.327341	0.361891	0.000000	0.000000	-0.361891	-0.327341
566.778380	-0.876961	0.000000	0.000000	-0.876961	1.000000	0.000000	0.000000	0.000000	0.000000	-0.332831	0.346305	0.000000	0.000000	-0.346305	-0.332831
567.240170	-0.881031	0.000000	0.000000	-0.881031	1.000000	0.000000	0.000000	0.000000	0.000000	-0.338056	0.330533	0.000000	0.000000	-0.330533	-0.338056
567.701900	-0.884913	0.000000	0.000000	-0.884913	1.000000	0.000000	0.000000	0.000000	0.000000	-0.343037	0.314589	0.000000	0.000000	-0.314589	-0.343037
568.163450	-0.888653	0.000000	0.000000	-0.888653	1.000000	0.000000	0.000000	0.000000	0.000000	-0.347825	0.298537	0.000000	0.000000	-0.298537	-0.347825
568.624940	-0.892133	0.000000	0.000000	-0.892133	1.000000	0.000000	0.000000	0.000000	0.000000	-0.352268	0.282279	0.000000	0.000000	-0.282279	-0.352268
569.086300	-0.895535	0.000000	0.000000	-0.895535	1.000000	0.000000	0.000000	0.000000	0.000000	-0.356604	0.265972	0.000000	0.000000	-0.265972	-0.356604
569.547610	-0.898602	0.000000	0.000000	-0.898602	1.000000	0.000000	0.000000	0.000000	0.000000	-0.360484	0.249440	0.000000	0.000000	-0.249440	-0.360484
570.008730	-0.901659	0.000000	0.000000	-0.901659	1.000000	0.000000	0.000000	0.000000	0.000000	-0.364352	0.232910	0.000000	0.000000	-0.232910	-0.364352
570.469850	-0.904300	0.000000	0.000000	-0.904300	1.000000	0.000000	0.000000	0.000000	0.000000	-0.367654	0.216153	0.000000	0.000000	-0.216153	-0.367654
570.930790	-0.906941	0.000000	0.000000	-0.906941	1.000000	0.000000	0.000000	0.000000	0.000000	-0.370954	0.199403	0.000000	0.000000	-0.199403	-0.370954
571.391660	-0.909215	0.000000	0.000000	-0.909215	1.000000	0.000000	0.000000	0.000000	0.000000	-0.373749	0.182496	0.000000	0.000000	-0.182496	-0.373749
571.852360	-0.911424	0.000000	0.000000	-0.911424	1.000000	0.000000	0.000000	0.000000	0.000000	-0.376453	0.165566	0.000000	0.000000	-0.165566	-0.376453
572.313050	-0.913338	0.000000	0.000000	-0.913338	1.000000	0.000000	0.000000	0.000000	0.000000	-0.378743	0.148542	0.000000	0.000000	-0.148542	-0.378743
572.773560	-0.915112	0.000000	0.000000	-0.915112	1.000000	0.000000	0.000000	0.000000	0.000000	-0.380838	0.131481	0.000000	0.000000	-0.131481	-0.380838
573.234010	-0.916662	0.000000	0.000000	-0.916662	1.000000	0.000000	0.000000	0.000000	0.000000	-0.382619	0.114375	0.000000	0.000000	-0.114375	-0.382619
573.694340	-0.917996	0.000000	0.000000	-0.917996	1.000000	0.000000	0.000000	0.000000	0.000000	-0.384098	0.097228	0.000000	0.000000	-0.097228	-0.384098
574.154600	-0.919182	0.000000	0.000000	-0.919182	1.000000	0.000000	0.000000	0.000000	0.000000	-0.385369	0.080074	0.000000	0.000000	-0.080074	-0.385369
574.614690	-0.920074	0.000000	0.000000	-0.920074	1.000000	0.000000	0.000000	0.000000	0.000000	-0.386232	0.062905	0.000000	0.000000	-0.062905	-0.386232
575.074710	-0.920895	0.000000	0.000000	-0.920895	1.000000	0.000000	0.000000	0.000000	0.000000	-0.386994	0.045739	0.000000	0.000000	-0.045739	-0.386994
575.534670	-0.921349	0.000000	0.000000	-0.921349	1.000000	0.000000	0.000000	0.000000	0.000000	-0.387236	0.028583	0.000000	0.000000	-0.028583	-0.387236
575.994450	-0.921804	0.000000	0.000000	-0.921804	1.000000	0.000000	0.000000	0.000000	0.000000	-0.387478	0.011434	0.000000	0.000000	-0.011434	-0.387478
576.454160	-0.921826	0.000000	0.000000	-0.921826	1.000000	0.000000	0.000000	0.000000	0.000000	-0.387119	-0.005653	0.000000	0.000000	0.005653	-0.387119
576.913760	-0.921844	0.000000	0.000000	-0.921844	1.000000	0.000000	0.000000	0.000000	0.000000	-0.386753	-0.022735	0.000000	0.000000	0.022735	-0.386753
577.373290	-0.921513	0.000000	0.000000	-0.921513	1.000000	0.000000	0.000000	0.000000	0.000000	-0.385897	-0.039722	0.000000	0.000000	0.039722	-0.385897
577.832640	-0.921101	0.000000	0.000000	-0.921101	1.000000	0.000000	0.000000	0.000000	0.000000	-0.384928	-0.056681	0.000000	0.000000	0.056681	-0.384928
578.291930	-0.920421	0.000000	0.000000	-0.920421	1.000000	0.000000	0.000000	0.000000	0.000000	-0.383584	-0.073539	0.000000	0.000000	0.073539	-0.383584
578.751160	-0.919588	0.000000	0.000000	-0.919588	1.000000	0.000000	0.000000	0.000000	0.000000	-0.382026	-0.090339	0.000000	0.000000	0.090339	-0.382026
579.210210	-0.918565	0.000000	0.000000	-0.918565	1.000000	0.000000	0.000000	0.000000	0.000000	-0.380208	-0.107039	0.000000	0.000000	0.107039	-0.380208
579.669190	-0.917320	0.000000	0.000000	-0.917320	1.000000	0.000000	0.000000	0.000000	0.000000	-0.378081	-0.123627	0.000000	0.000000	0.123627	-0.378081
580.128110	-0.915962	0.000000	0.000000	-0.915962	1.000000	0.000000	0.000000	0.000000	0.000000	-0.375800	-0.140145	0.000000	0.000000	0.140145	-0.375800
580.586850	-0.914317	0.000000	0.000000	-0.914317	1.000000	0.000000	0.000000	0.000000	0.000000	-0.373122	-0.156481	0.000000	0.000000	0.156481	-0.373122
581.045530	-0.912633	0.000000	0.000000	-0.912633	1.000000	0.000000	0.000000	0.000000	0.000000	-0.370392	-0.172786	0.000000	0.000000	0.172786	-0.370392
581.504090	-0.910600	0.000000	0.000000	-0.910600	1.000000	0.000000	0.000000	0.000000	0.000000	-0.367186	-0.188833	0.000000	0.000000	0.188833	-0.367186
581.962520	-0.908568	0.000000	0.000000	-0.908568	1.000000	0.000000	0.000000	0.000000	0.000000	-0.363982	-0.204875	0.000000	0.000000	0.204875	-0.363982
582.420900	-0.906194	0.000000	0.000000	-0.906194	1.000000	0.000000	0.000000	0.000000	0.000000	-0.360317	-0.220623	0.000000	0.000000	0.220623	-0.360317
582.879150	-0.903790	0.000000	0.000000	-0.903790	1.000000	0.000000	0.000000	0.000000	0.000000	-0.356613	-0.236339	0.000000	0.000000	0.236339	-0.356613
583.337280	-0.901123	0.000000	0.000000	-0.901123	1.000000	0.000000	0.000000	0.000000	0.000000	-0.352563	-0.251793	0.000000	0.000000	0.251793	-0.352563
583.795350	-0.898361	0.000000	0.000000	-0.898361	1.000000	0.000000	0.000000	0.000000	0.000000	-0.348389	-0.267153	0.000000	0.000000	0.267153	-0.348389
584.253300	-0.895412	0.000000	0.000000	-0.895412	1.000000	0.000000	0.000000	0.000000	0.000000	-0.343971	-0.282298	0.000000	0.000000	0.282298	-0.343971
584.711120	-0.892311	0.000000	0.000000	-0.892311	1.000000	0.000000	0.000000	0.000000	0.000000	-0.339357	-0.297268	0.000000	0.000000	0.297268	-0.339357
585.168820	-0.889092	0.000000	0.000000	-0.889092	1.000000	0.000000	0.000000	0.000000	0.000000	-0.334592	-0.312085	0.000000	0.000000	0.312085	-0.334592
585.626460	-0.885670	0.000000	0.000000	-0.885670	1.000000	0.000000	0.000000	0.000000	0.000000	-0.329567	-0.326645	0.000000	0.000000	0.326645	-0.329567
586.083980	-0.882192	0.000000	0.000000	-0.882192	1.000000	0.000000	0.000000	0.000000	0.000000	-0.324475	-0.341123	0.000000	0.000000	0.341123	-0.324475
586.541440	-0.878465	0.000000	0.000000	-0.878465	1.000000	0.000000	0.000000	0.000000	0.000000	-0.319074	-0.355251	0.000000	0.000000	0.355251	-0.319074
586.998720	-0.874739	0.000000	0.000000	-0.874739	1.000000	0.000000	0.000000	0.000000	0.000000	-0.313676	-0.369372	0.000000	0.000000	0.369372	-0.313676
587.455930	-0.870727	0.000000	0.000000	-0.870727	1.000000	0.000000	0.000000	0.000000	0.000000	-0.307938	-0.383051	0.000000	0.000000	0.383051	-0.307938
587.913020	-0.866715	0.000000	0.000000	-0.866715	1.000000	0.000000	0.000000	0.000000	0.000000	-0.302200	-0.396724	0.000000	0.000000	0.396724	-0.302200
588.370060	-0.862486	0.000000	0.000000	-0.862486	1.000000	0.000000	0.000000	0.000000	0.000000	-0.296211	-0.410026	0.000000	0.000000	0.410026	-0.296211
588.826970	-0.858206	0.000000	0.000000	-0.858206	1.000000	0.000000	0.000000	0.000000	0.000000	-0.290165	-0.423238	0.000000	0.000000	0.423238	-0.290165
589.283750	-0.853771	0.000000	0.000000	-0.853771	1.000000	0.000000	0.000000	0.000000	0.000000	-0.283951	-0.436154	0.000000	0.000000	0.436154	-0.283951
589.740420	-0.849242	0.000000	0.000000	-0.849242	1.000000	0.000000	0.000000	0.000000	0.000000	-0.277635	-0.448889	0.000000	0.000000	0.448889	-0.277635
590.197020	-0.844613	0.000000	0.000000	-0.844613	1.000000	0.000000	0.000000	0.000000	0.000000	-0.271216	-0.461418	0.000000	0.000000	0.461418	-0.271216
590.653500	-0.839852	0.000000	0.000000	-0.839852	1.000000	0.000000	0.000000	0.000000	0.000000	-0.264662	-0.473675	0.000000	0.000000	0.473675	-0.264662
591.109860	-0.835040	0.000000	0.000000	-0.835040	1.000000	0.000000	0.000000	0.000000	0.000000	-0.258060	-0.485814	0.000000	0.000000	0.485814	-0.258060
591.566160	-0.830063	0.000000	0.000000	-0.830063	1.000000	0.000000	0.000000	0.000000	0.000000	-0.251301	-0.497590	0.000000	0.000000	0.497590	-0.251301
592.022340	-0.825079	0.000000	0.000000	-0.825079	1.000000	0.000000	0.000000	0.000000	0.000000	-0.244535	-0.509339	0.000000	0.000000	0.509339	-0.244535
592.478390	-0.819905	0.000000	0.000000	-0.819905	1.000000	0.000000	0.000000	0.000000	0.000000	-0.237604	-0.520632	0.000000	0.000000	0.520632	-0.237604
592.934330	-0.814732	0.000000	0.000000	-0.814732	1.000000	0.000000	0.000000	0.000000	0.000000	-0.230675	-0.531923	0.000000	0.000000	0.531923	-0.230675
593.390200	-0.809401	0.000000	0.000000	-0.809401	1.000000	0.000000	0.000000	0.000000	0.000000	-0.223626	-0.542805	0.000000	0.000000	0.542805	-0.223626
593.845950	-0.804045	0.000000	0.000000	-0.804045	1.000000	0.000000	0.000000	0.000000	0.000000	-0.216559	-0.553617	0.000000	0.000000	0.553617	-0.216559
594.301570	-0.798577	0.000000	0.000000	-0.798577	1.000000	0.000000	0.000000	0.000000	0.000000	-0.209420	-0.564115	0.000000	0.000000	0.564115	-0.209420
594.757140	-0.793053	0.000000	0.000000	-0.793053	1.000000	0.000000	0.000000	0.000000	0.000000	-0.202244	-0.574454	0.000000	0.000000	0.574454	-0.202244
595.212590	-0.787457	0.000000	0.000000	-0.787457	1.000000	0.000000	0.000000	0.000000	0.000000	-0.195031	-0.584575	0.000000	0.000000	0.584575	-0.195031
595.667910	-0.781778	0.000000	0.000000	-0.781778	1.000000	0.000000	0.000000	0.000000	0.000000	-0.187778	-0.594447	0.000000	0.000000	0.594447	-0.187778
596.123110	-0.776063	0.000000	0.000000	-0.776063	1.000000	0.000000	0.000000	0.000000	0.000000	-0.180513	-0.604194	0.000000	0.000000	0.604194	-0.180513
596.578250	-0.770242	0.000000	0.000000	-0.770242	1.000000	0.000000	0.000000	0.000000	0.000000	-0.173211	-0.613610	0.000000	0.000000	0.613610	-0.173211
597.033260	-0.764414	0.000000	0.000000	-0.764414	1.000000	0.000000	0.000000	0.000000	0.000000	-0.165908	-0.622992	0.000000	0.000000	0.622992	-0.165908
597.488220	-0.758462	0.000000	0.000000	-0.758462	1.000000	0.000000	0.000000	0.000000	0.000000	-0.158583	-0.631967	0.000000	0.000000	0.631967	-0.158583
597.942990	-0.752513	0.000000	0.000000	-0.752513	1.000000	0.000000	0.000000	0.000000	0.000000	-0.151260	-0.640937	0.000000	0.000000	0.640937	-0.151260
598.397710	-0.746456	0.000000	0.000000	-0.746456	1.000000	0.000000	0.000000	0.000000	0.000000	-0.143936	-0.649535	0.000000	0.000000	0.649535	-0.143936
598.852360	-0.740385	0.000000	0.000000	-0.740385	1.000000	0.000000	0.000000	0.000000	0.000000	-0.136612	-0.658079	0.000000	0.000000	0.658079	-0.136612
599.306820	-0.734239	0.000000	0.000000	-0.734239	1.000000	0.000000	0.000000	0.000000	0.000000	-0.129309	-0.666341	0.000000	0.000000	0.666341	-0.129309
599.761230	-0.728055	0.000000	0.000000	-0.728055	1.000000	0.000000	0.000000	0.000000	0.000000	-0.122015	-0.674470	0.000000	0.000000	0.674470	-0.122015
600.215520	-0.721822	0.000000	0.000000	-0.721822	1.000000	0.000000	0.000000	0.000000	0.000000	-0.114744	-0.682409	0.000000	0.000000	0.682409	-0.114744
600.669740	-0.715534	0.000000	0.000000	-0.715534	1.000000	0.000000	0.000000	0.000000	0.000000	-0.107498	-0.690140	0.000000	0.000000	0.690140	-0.107498
601.123780	-0.709220	0.000000	0.000000	-0.709220	1.000000	0.000000	0.000000	0.000000	0.000000	-0.100273	-0.697765	0.000000	0.000000	0.697765	-0.100273
601.577760	-0.702833	0.000000	0.000000	-0.702833	1.000000	0.000000	0.000000	0.000000	0.000000	-0.093098	-0.705114	0.000000	0.000000	0.705114	-0.093098
602.031680	-0.696439	0.000000	0.000000	-0.696439	1.000000	0.000000	0.000000	0.000000	0.000000	-0.085929	-0.712438	0.000000	0.000000	0.712438	-0.085929
602.485410	-0.689958	0.000000	0.000000	-0.689958	1.000000	0.000000	0.000000	0.000000	0.000000	-0.078845	-0.719424	0.000000	0.000000	0.719424	-0.078845
602.939090	-0.683477	0.000000	0.000000	-0.683477	1.000000	0.000000	0.000000	0.000000	0.000000	-0.071762	-0.726409	0.000000	0.000000	0.726409	-0.071762
603.392640	-0.676916	0.000000	0.000000	-0.676916	1.000000	0.000000	0.000000	0.000000	0.000000	-0.064771	-0.733097	0.000000	0.000000	0.733097	-0.064771
603.846130	-0.670343	0.000000	0.000000	-0.670343	1.000000	0.000000	0.000000	0.000000	0.000000	-0.057794	-0.739739	0.000000	0.000000	0.739739	-0.057794
604.299500	-0.663710	0.000000	0.000000	-0.663710	1.000000	0.000000	0.000000	0.000000	0.000000	-0.050900	-0.746166	0.000000	0.000000	0.746166	-0.050900
604.752750	-0.657046	0.000000	0.000000	-0.657046	1.000000	0.000000	0.000000	0.000000	0.000000	-0.044048	-0.752484	0.000000	0.000000	0.752484	-0.044048
605.205870	-0.650342	0.000000	0.000000	-0.650342	1.000000	0.000000	0.000000	0.000000	0.000000	-0.037261	-0.758661	0.000000	0.000000	0.758661	-0.037261
605.658940	-0.643588	0.000000	0.000000	-0.643588	1.000000	0.000000	0.000000	0.000000	0.000000	-0.030550	-0.764672	0.000000	0.000000	0.764672	-0.030550
606.111880	-0.636811	0.000000	0.000000	-0.636811	1.000000	0.000000	0.000000	0.000000	0.000000	-0.023878	-0.770611	0.000000	0.000000	0.770611	-0.023878
606.564700	-0.629965	0.000000	0.000000	-0.629965	1.000000	0.000000	0.000000	0.000000	0.000000	-0.017321	-0.776335	0.000000	0.000000	0.776335	-0.017321
607.017460	-0.623116	0.000000	0.000000	-0.623116	1.000000	0.000000	0.000000	0.000000	0.000000	-0.010771	-0.782048	0.000000	0.000000	0.782048	-0.010771
607.470030	-0.616176	0.000000	0.000000	-0.616176	1.000000	0.000000	0.000000	0.000000	0.000000	-0.004382	-0.787505	0.000000	0.000000	0.787505	-0.004382
607.922610	-0.609235	0.000000	0.000000	-0.609235	1.000000	0.000000	0.000000	0.000000	0.000000	0.002007	-0.792961	0.000000	0.000000	0.792961	0.002007
608.375000	-0.602212	0.000000	0.000000	-0.602212	1.000000	0.000000	0.000000	0.000000	0.000000	0.008245	-0.798211	0.000000	0.000000	0.798211	0.008245
608.827330	-0.595173	0.000000	0.000000	-0.595173	1.000000	0.000000	0.000000	0.000000	0.000000	0.014451	-0.803417	0.000000	0.000000	0.803417	0.014451
609.279540	-0.588068	0.000000	0.000000	-0.588068	1.000000	0.000000	0.000000	0.000000	0.000000	0.020539	-0.808482	0.000000	0.000000	0.808482	0.020539
609.731630	-0.580923	0.000000	0.000000	-0.580923	1.000000	0.000000	0.000000	0.000000	0.000000	0.026554	-0.813459	0.000000	0.000000	0.813459	0.026554
610.183650	-0.573732	0.000000	0.000000	-0.573732	1.000000	0.000000	0.000000	0.000000	0.000000	0.032487	-0.818349	0.000000	0.000000	0.818349	0.032487
610.635560	-0.566474	0.000000	0.000000	-0.566474	1.000000	0.000000	0.000000	0.000000	0.000000	0.038301	-0.823114	0.000000	0.000000	0.823114	0.038301
611.087340	-0.559193	0.000000	0.000000	-0.559193	1.000000	0.000000	0.000000	0.000000	0.000000	0.044072	-0.827841	0.000000	0.000000	0.827841	0.044072
611.539000	-0.551812	0.000000	0.000000	-0.551812	1.000000	0.000000	0.000000	0.000000	0.000000	0.049673	-0.832410	0.000000	0.000000	0.832410	0.049673
611.990600	-0.544433	0.000000	0.000000	-0.544433	1.000000	0.000000	0.000000	0.000000	0.000000	0.055272	-0.836979	0.000000	0.000000	0.836979	0.055272
612.442080	-0.536920	0.000000	0.000000	-0.536920	1.000000	0.000000	0.000000	0.000000	0.000000	0.060658	-0.841374	0.000000	0.000000	0.841374	0.060658
612.893430	-0.529407	0.000000	0.000000	-0.529407	1.000000	0.000000	0.000000	0.000000	0.000000	0.066037	-0.845764	0.000000	0.000000	0.845764	0.066037
613.344730	-0.521780	0.000000	0.000000	-0.521780	1.000000	0.000000	0.000000	0.000000	0.000000	0.071241	-0.850032	0.000000	0.000000	0.850032	0.071241
613.795900	-0.514119	0.000000	0.000000	-0.514119	1.000000	0.000000	0.000000	0.000000	0.000000	0.076391	-0.854262	0.000000	0.000000	0.854262	0.076391
614.246950	-0.506371	0.000000	0.000000	-0.506371	1.000000	0.000000	0.000000	0.000000	0.000000	0.081409	-0.858410	0.000000	0.000000	0.858410	0.081409
614.697940	-0.498550	0.000000	0.000000	-0.498550	1.000000	0.000000	0.000000	0.000000	0.000000	0.086319	-0.862491	0.000000	0.000000	0.862491	0.086319
615.148800	-0.490672	0.000000	0.000000	-0.490672	1.000000	0.000000	0.000000	0.000000	0.000000	0.091147	-0.866528	0.000000	0.000000	0.866528	0.091147
615.599550	-0.482675	0.000000	0.000000	-0.482675	1.000000	0.000000	0.000000	0.000000	0.000000	0.095810	-0.870475	0.000000	0.000000	0.870475	0.095810
616.050170	-0.474658	0.000000	0.000000	-0.474658	1.000000	0.000000	0.000000	0.000000	0.000000	0.100443	-0.874407	0.000000	0.000000	0.874407	0.100443
616.500730	-0.466464	0.000000	0.000000	-0.466464	1.000000	0.000000	0.000000	0.000000	0.000000	0.104852	-0.878233	0.000000	0.000000	0.878233	0.104852
616.951170	-0.458273	0.000000	0.000000	-0.458273	1.000000	0.000000	0.000000	0.000000	0.000000	0.109259	-0.882057	0.000000	0.000000	0.882057	0.109259
617.401490	-0.449888	0.000000	0.000000	-0.449888	1.000000	0.000000	0.000000	0.000000	0.000000	0.113435	-0.885784	0.000000	0.000000	0.885784	0.113435
617.851750	-0.441479	0.000000	0.000000	-0.441479	1.000000	0.000000	0.000000	0.000000	0.000000	0.117582	-0.889498	0.000000	0.000000	0.889498	0.117582
618.301880	-0.432911	0.000000	0.000000	-0.432911	1.000000	0.000000	0.000000	0.000000	0.000000	0.121548	-0.893144	0.000000	0.000000	0.893144	0.121548
618.751890	-0.424266	0.000000	0.000000	-0.424266	1.000000	0.000000	0.000000	0.000000	0.000000	0.125424	-0.896756	0.000000	0.000000	0.896756	0.125424
619.201780	-0.415504	0.000000	0.000000	-0.415504	1.000000	0.000000	0.000000	0.000000	0.000000	0.129175	-0.900326	0.000000	0.000000	0.900326	0.129175
619.651610	-0.406596	0.000000	0.000000	-0.406596	1.000000	0.000000	0.000000	0.000000	0.000000	0.132775	-0.903843	0.000000	0.000000	0.903843	0.132775
620.101320	-0.397625	0.000000	0.000000	-0.397625	1.000000	0.000000	0.000000	0.000000	0.000000	0.136309	-0.907340	0.000000	0.000000	0.907340	0.136309
620.550960	-0.388427	0.000000	0.000000	-0.388427	1.000000	0.000000	0.000000	0.000000	0.000000	0.139623	-0.910768	0.000000	0.000000	0.910768	0.139623
621.000430	-0.379232	0.000000	0.000000	-0.379232	1.000000	0.000000	0.000000	0.000000	0.000000	0.142935	-0.914195	0.000000	0.000000	0.914195	0.142935
621.449830	-0.369716	0.000000	0.000000	-0.369716	1.000000	0.000000	0.000000	0.000000	0.000000	0.145956	-0.917535	0.000000	0.000000	0.917535	0.145956
621.899110	-0.360203	0.000000	0.000000	-0.360203	1.000000	0.000000	0.000000	0.000000	0.000000	0.148977	-0.920874	0.000000	0.000000	0.920874	0.148977
622.348330	-0.350416	0.000000	0.000000	-0.350416	1.000000	0.000000	0.000000	0.000000	0.000000	0.151762	-0.924146	0.000000	0.000000	0.924146	0.151762
622.797420	-0.340552	0.000000	0.000000	-0.340552	1.000000	0.000000	0.000000	0.000000	0.000000	0.154479	-0.927398	0.000000	0.000000	0.927398	0.154479
623.246400	-0.330477	0.000000	0.000000	-0.330477	1.000000	0.000000	0.000000	0.000000	0.000000	0.157027	-0.930600	0.000000	0.000000	0.930600	0.157027
623.695250	-0.320229	0.000000	0.000000	-0.320229	1.000000	0.000000	0.000000	0.000000	0.000000	0.159434	-0.933760	0.000000	0.000000	0.933760	0.159434
624.144040	-0.309845	0.000000	0.000000	-0.309845	1.000000	0.000000	0.000000	0.000000	0.000000	0.161739	-0.936888	0.000000	0.000000	0.936888	0.161739
624.592710	-0.299173	0.000000	0.000000	-0.299173	1.000000	0.000000	0.000000	0.000000	0.000000	0.163827	-0.939948	0.000000	0.000000	0.939948	0.163827
625.041260	-0.288462	0.000000	0.000000	-0.288462	1.000000	0.000000	0.000000	0.000000	0.000000	0.165884	-0.942998	0.000000	0.000000	0.942998	0.165884
625.489750	-0.277326	0.000000	0.000000	-0.277326	1.000000	0.000000	0.000000	0.000000	0.000000	0.167643	-0.945948	0.000000	0.000000	0.945948	0.167643
625.938110	-0.266195	0.000000	0.000000	-0.266195	1.000000	0.000000	0.000000	0.000000	0.000000	0.169401	-0.948896	0.000000	0.000000	0.948896	0.169401
626.386350	-0.254628	0.000000	0.000000	-0.254628	1.000000	0.000000	0.000000	0.000000	0.000000	0.170867	-0.951734	0.000000	0.000000	0.951734	0.170867
626.834470	-0.242994	0.000000	0.000000	-0.242994	1.000000	0.000000	0.000000	0.000000	0.000000	0.172286	-0.954553	0.000000	0.000000	0.954553	0.172286
627.282530	-0.231012	0.000000	0.000000	-0.231012	1.000000	0.000000	0.000000	0.000000	0.000000	0.173483	-0.957276	0.000000	0.000000	0.957276	0.173483
627.730470	-0.218828	0.000000	0.000000	-0.218828	1.000000	0.000000	0.000000	0.000000	0.000000	0.174551	-0.959944	0.000000	0.000000	0.959944	0.174551
628.178280	-0.206407	0.000000	0.000000	-0.206407	1.000000	0.000000	0.000000	0.000000	0.000000	0.175475	-0.962538	0.000000	0.000000	0.962538	0.175475
628.626040	-0.193624	0.000000	0.000000	-0.193624	1.000000	0.000000	0.000000	0.000000	0.000000	0.176182	-0.965024	0.000000	0.000000	0.965024	0.176182
629.073670	-0.180737	0.000000	0.000000	-0.180737	1.000000	0.000000	0.000000	0.000000	0.000000	0.176828	-0.967472	0.000000	0.000000	0.967472	0.176828
629.521180	-0.167307	0.000000	0.000000	-0.167307	1.000000	0.000000	0.000000	0.000000	0.000000	0.177162	-0.969737	0.000000	0.000000	0.969737	0.177162
629.968630	-0.153878	0.000000	0.000000	-0.153878	1.000000	0.000000	0.000000	0.000000	0.000000	0.177496	-0.972002	0.000000	0.000000	0.972002	0.177496
630.415950	-0.139798	0.000000	0.000000	-0.139798	1.000000	0.000000	0.000000	0.000000	0.000000	0.177472	-0.974019	0.000000	0.000000	0.974019	0.177472
630.863160	-0.125672	0.000000	0.000000	-0.125672	1.000000	0.000000	0.000000	0.000000	0.000000	0.177421	-0.976017	0.000000	0.000000	0.976017	0.177421
631.310240	-0.111023	0.000000	0.000000	-0.111023	1.000000	0.000000	0.000000	0.000000	0.000000	0.177095	-0.977789	0.000000	0.000000	0.977789	0.177095
631.757260	-0.096144	0.000000	0.000000	-0.096144	1.000000	0.000000	0.000000	0.000000	0.000000	0.176646	-0.979462	0.000000	0.000000	0.979462	0.176646
632.204160	-0.080898	0.000000	0.000000	-0.080898	1.000000	0.000000	0.000000	0.000000	0.000000	0.176012	-0.980956	0.000000	0.000000	0.980956	0.176012
632.650940	-0.065214	0.000000	0.000000	-0.065214	1.000000	0.000000	0.000000	0.000000	0.000000	0.175156	-0.982235	0.000000	0.000000	0.982235	0.175156
633.097660	-0.049344	0.000000	0.000000	-0.049344	1.000000	0.000000	0.000000	0.000000	0.000000	0.174209	-0.983410	0.000000	0.000000	0.983410	0.174209
633.544250	-0.032801	0.000000	0.000000	-0.032801	1.000000	0.000000	0.000000	0.000000	0.000000	0.172932	-0.984213	0.000000	0.000000	0.984213	0.172932
633.990720	-0.016264	0.000000	0.000000	-0.016264	1.000000	0.000000	0.000000	0.000000	0.000000	0.171656	-0.985016	0.000000	0.000000	0.985016	0.171656
634.437070	0.001167	0.000000	0.000000	0.001167	1.000000	0.000000	0.000000	0.000000	0.000000	0.169958	-0.985258	0.000000	0.000000	0.985258	0.169958
634.883360	0.018614	0.000000	0.000000	0.018614	1.000000	0.000000	0.000000	0.000000	0.000000	0.168251	-0.985488	0.000000	0.000000	0.985488	0.168251
635.329530	0.036769	0.000000	0.000000	0.036769	1.000000	0.000000	0.000000	0.000000	0.000000	0.166219	-0.985210	0.000000	0.000000	0.985210	0.166219
635.775570	0.055170	0.000000	0.000000	0.055170	1.000000	0.000000	0.000000	0.000000	0.000000	0.164071	-0.984752	0.000000	0.000000	0.984752	0.164071
636.221560	0.074067	0.000000	0.000000	0.074067	1.000000	0.000000	0.000000	0.000000	0.000000	0.161702	-0.983887	0.000000	0.000000	0.983887	0.161702
636.667420	0.093463	0.000000	0.000000	0.093463	1.000000	0.000000	0.000000	0.000000	0.000000	0.159109	-0.982609	0.000000	0.000000	0.982609	0.159109
637.113160	0.113115	0.000000	0.000000	0.113115	1.000000	0.000000	0.000000	0.000000	0.000000	0.156402	-0.981084	0.000000	0.000000	0.981084	0.156402
637.558840	0.133532	0.000000	0.000000	0.133532	1.000000	0.000000	0.000000	0.000000	0.000000	0.153359	-0.978833	0.000000	0.000000	0.978833	0.153359
638.004330	0.153950	0.000000	0.000000	0.153950	1.000000	0.000000	0.000000	0.000000	0.000000	0.150312	-0.976573	0.000000	0.000000	0.976573	0.150312
638.449830	0.175401	0.000000	0.000000	0.175401	1.000000	0.000000	0.000000	0.000000	0.000000	0.146818	-0.973178	0.000000	0.000000	0.973178	0.146818
638.895140	0.196843	0.000000	0.000000	0.196843	1.000000	0.000000	0.000000	0.000000	0.000000	0.143325	-0.969784	0.000000	0.000000	0.969784	0.143325
639.340390	0.219074	0.000000	0.000000	0.219074	1.000000	0.000000	0.000000	0.000000	0.000000	0.139496	-0.965366	0.000000	0.000000	0.965366	0.139496
639.785520	0.241543	0.000000	0.000000	0.241543	1.000000	0.000000	0.000000	0.000000	0.000000	0.135564	-0.960634	0.000000	0.000000	0.960634	0.135564
640.230530	0.264527	0.000000	0.000000	0.264527	1.000000	0.000000	0.000000	0.000000	0.000000	0.131409	-0.955098	0.000000	0.000000	0.955098	0.131409
640.675420	0.287988	0.000000	0.000000	0.287988	1.000000	0.000000	0.000000	0.000000	0.000000	0.127048	-0.948814	0.000000	0.000000	0.948814	0.127048
641.120240	0.311699	0.000000	0.000000	0.311699	1.000000	0.000000	0.000000	0.000000	0.000000	0.122578	-0.942047	0.000000	0.000000	0.942047	0.122578
641.564940	0.336087	0.000000	0.000000	0.336087	1.000000	0.000000	0.000000	0.000000	0.000000	0.117815	-0.933979	0.000000	0.000000	0.933979	0.117815
642.009580	0.360490	0.000000	0.000000	0.360490	1.000000	0.000000	0.000000	0.000000	0.000000	0.113044	-0.925868	0.000000	0.000000	0.925868	0.113044
642.454100	0.385700	0.000000	0.000000	0.385700	1.000000	0.000000	0.000000	0.000000	0.000000	0.107914	-0.915769	0.000000	0.000000	0.915769	0.107914
642.898500	0.410903	0.000000	0.000000	0.410903	1.000000	0.000000	0.000000	0.000000	0.000000	0.102785	-0.905672	0.000000	0.000000	0.905672	0.102785
643.342770	0.436621	0.000000	0.000000	0.436621	1.000000	0.000000	0.000000	0.000000	0.000000	0.097411	-0.893813	0.000000	0.000000	0.893813	0.097411
643.786990	0.462490	0.000000	0.000000	0.462490	1.000000	0.000000	0.000000	0.000000	0.000000	0.091963	-0.881432	0.000000	0.000000	0.881432	0.091963
644.231080	0.488597	0.000000	0.000000	0.488597	1.000000	0.000000	0.000000	0.000000	0.000000	0.086386	-0.867730	0.000000	0.000000	0.867730	0.086386
644.675050	0.514923	0.000000	0.000000	0.514923	1.000000	0.000000	0.000000	0.000000	0.000000	0.080689	-0.852813	0.000000	0.000000	0.852813	0.080689
645.118900	0.541294	0.000000	0.000000	0.541294	1.000000	0.000000	0.000000	0.000000	0.000000	0.074948	-0.837153	0.000000	0.000000	0.837153	0.074948
645.562680	0.567807	0.000000	0.000000	0.567807	1.000000	0.000000	0.000000	0.000000	0.000000	0.069079	-0.819458	0.000000	0.000000	0.819458	0.069079
646.006350	0.594310	0.000000	0.000000	0.594310	1.000000	0.000000	0.000000	0.000000	0.000000	0.063210	-0.801725	0.000000	0.000000	0.801725	0.063210
646.449950	0.620669	0.000000	0.000000	0.620669	1.000000	0.000000	0.000000	0.000000	0.000000	0.057273	-0.781047	0.000000	0.000000	0.781047	0.057273
646.893370	0.647016	0.000000	0.000000	0.647016	1.000000	0.000000	0.000000	0.000000	0.000000	0.051338	-0.760378	0.000000	0.000000	0.760378	0.051338
647.336730	0.672952	0.000000	0.000000	0.672952	1.000000	0.000000	0.000000	0.000000	0.000000	0.045441	-0.737313	0.000000	0.000000	0.737313	0.045441
647.779970	0.698752	0.000000	0.000000	0.698752	1.000000	0.000000	0.000000	0.000000	0.000000	0.039557	-0.713495	0.000000	0.000000	0.713495	0.039557
648.223140	0.724045	0.000000	0.000000	0.724045	1.000000	0.000000	0.000000	0.000000	0.000000	0.033766	-0.688042	0.000000	0.000000	0.688042	0.033766
648.666200	0.748836	0.000000	0.000000	0.748836	1.000000	0.000000	0.000000	0.000000	0.000000	0.028068	-0.660980	0.000000	0.000000	0.660980	0.028068
649.109130	0.773248	0.000000	0.000000	0.773248	1.000000	0.000000	0.000000	0.000000	0.000000	0.022452	-0.633125	0.000000	0.000000	0.633125	0.022452
649.551940	0.796513	0.000000	0.000000	0.796513	1.000000	0.000000	0.000000	0.000000	0.000000	0.017083	-0.602826	0.000000	0.000000	0.602826	0.017083
649.994690	0.819775	0.000000	0.000000	0.819775	1.000000	0.000000	0.000000	0.000000	0.000000	0.011715	-0.572531	0.000000	0.000000	0.572531	0.011715
650.437320	0.841008	0.000000	0.000000	0.841008	1.000000	0.000000	0.000000	0.000000	0.000000	0.006831	-0.539128	0.000000	0.000000	0.539128	0.006831
650.879880	0.862213	0.000000	0.000000	0.862213	1.000000	0.000000	0.000000	0.000000	0.000000	0.001954	-0.505693	0.000000	0.000000	0.505693	0.001954
651.322270	0.881524	0.000000	0.000000	0.881524	1.000000	0.000000	0.000000	0.000000	0.000000	-0.002457	-0.470136	0.000000	0.000000	0.470136	-0.002457
651.764590	0.900128	0.000000	0.000000	0.900128	1.000000	0.000000	0.000000	0.000000	0.000000	-0.006693	-0.433790	0.000000	0.000000	0.433790	-0.006693
652.206790	0.917275	0.000000	0.000000	0.917275	1.000000	0.000000	0.000000	0.000000	0.000000	-0.010563	-0.396249	0.000000	0.000000	0.396249	-0.010563
652.648930	0.932766	0.000000	0.000000	0.932766	1.000000	0.000000	0.000000	0.000000	0.000000	-0.014017	-0.357343	0.000000	0.000000	0.357343	-0.014017
653.090940	0.947519	0.000000	0.000000	0.947519	1.000000	0.000000	0.000000	0.000000	0.000000	-0.017283	-0.318016	0.000000	0.000000	0.318016	-0.017283
653.532840	0.959441	0.000000	0.000000	0.959441	1.000000	0.000000	0.000000	0.000000	0.000000	-0.019826	-0.277035	0.000000	0.000000	0.277035	-0.019826
653.974610	0.971360	0.000000	0.000000	0.971360	1.000000	0.000000	0.000000	0.000000	0.000000	-0.022368	-0.236067	0.000000	0.000000	0.236067	-0.022368
654.416320	0.979584	0.000000	0.000000	0.979584	1.000000	0.000000	0.000000	0.000000	0.000000	-0.023964	-0.193677	0.000000	0.000000	0.193677	-0.023964
654.857910	0.987581	0.000000	0.000000	0.987581	1.000000	0.000000	0.000000	0.000000	0.000000	-0.025502	-0.151212	0.000000	0.000000	0.151212	-0.025502
655.299380	0.992759	0.000000	0.000000	0.992759	1.000000	0.000000	0.000000	0.000000	0.000000	-0.026315	-0.108182	0.000000	0.000000	0.108182	-0.026315
655.740720	0.996599	0.000000	0.000000	0.996599	1.000000	0.000000	0.000000	0.000000	0.000000	-0.026784	-0.064892	0.000000	0.000000	0.064892	-0.026784
656.182010	0.998687	0.000000	0.000000	0.998687	1.000000	0.000000	0.000000	0.000000	0.000000	-0.026807	-0.021551	0.000000	0.000000	0.021551	-0.026807
656.623170	0.998280	0.000000	0.000000	0.998280	1.000000	0.000000	0.000000	0.000000	0.000000	-0.026194	0.021856	0.000000	0.000000	-0.021856	-0.026194
657.064270	0.997262	0.000000	0.000000	0.997262	1.000000	0.000000	0.000000	0.000000	0.000000	-0.025426	0.065173	0.000000	0.000000	-0.065173	-0.025426
657.505250	0.992666	0.000000	0.000000	0.992666	1.000000	0.000000	0.000000	0.000000	0.000000	-0.023754	0.107991	0.000000	0.000000	-0.107991	-0.023754
657.946110	0.988072	0.000000	0.000000	0.988072	1.000000	0.000000	0.000000	0.000000	0.000000	-0.022081	0.150797	0.000000	0.000000	-0.150797	-0.022081
658.386840	0.979978	0.000000	0.000000	0.979978	1.000000	0.000000	0.000000	0.000000	0.000000	-0.019536	0.192497	0.000000	0.000000	-0.192497	-0.019536
658.827450	0.971400	0.000000	0.000000	0.971400	1.000000	0.000000	0.000000	0.000000	0.000000	-0.016870	0.234032	0.000000	0.000000	-0.234032	-0.016870
659.268010	0.960593	0.000000	0.000000	0.960593	1.000000	0.000000	0.000000	0.000000	0.000000	-0.013658	0.274443	0.000000	0.000000	-0.274443	-0.013658
659.708500	0.948353	0.000000	0.000000	0.948353	1.000000	0.000000	0.000000	0.000000	0.000000	-0.010094	0.314127	0.000000	0.000000	-0.314127	-0.010094
660.148800	0.935023	0.000000	0.000000	0.935023	1.000000	0.000000	0.000000	0.000000	0.000000	-0.006271	0.353005	0.000000	0.000000	-0.353005	-0.006271
660.589050	0.919550	0.000000	0.000000	0.919550	1.000000	0.000000	0.000000	0.000000	0.000000	-0.001940	0.390334	0.000000	0.000000	-0.390334	-0.001940
661.029170	0.903899	0.000000	0.000000	0.903899	1.000000	0.000000	0.000000	0.000000	0.000000	0.002432	0.427473	0.000000	0.000000	-0.427473	0.002432
661.469180	0.885682	0.000000	0.000000	0.885682	1.000000	0.000000	0.000000	0.000000	0.000000	0.007387	0.462075	0.000000	0.000000	-0.462075	0.007387
661.909120	0.867469	0.000000	0.000000	0.867469	1.000000	0.000000	0.000000	0.000000	0.000000	0.012342	0.496672	0.000000	0.000000	-0.496672	0.012342
662.348940	0.847487	0.000000	0.000000	0.847487	1.000000	0.000000	0.000000	0.000000	0.000000	0.017676	0.528917	0.000000	0.000000	-0.528917	0.017676
662.788640	0.827049	0.000000	0.000000	0.827049	1.000000	0.000000	0.000000	0.000000	0.000000	0.023108	0.560543	0.000000	0.000000	-0.560543	0.023108
663.228270	0.805725	0.000000	0.000000	0.805725	1.000000	0.000000	0.000000	0.000000	0.000000	0.028709	0.590563	0.000000	0.000000	-0.590563	0.028709
663.667790	0.783582	0.000000	0.000000	0.783582	1.000000	0.000000	0.000000	0.000000	0.000000	0.034466	0.619093	0.000000	0.000000	-0.619093	0.034466
664.107180	0.761148	0.000000	0.000000	0.761148	1.000000	0.000000	0.000000	0.000000	0.000000	0.040267	0.646858	0.000000	0.000000	-0.646858	0.040267
664.546450	0.737798	0.000000	0.000000	0.737798	1.000000	0.000000	0.000000	0.000000	0.000000	0.046207	0.672267	0.000000	0.000000	-0.672267	0.046207
664.985660	0.714452	0.000000	0.000000	0.714452	1.000000	0.000000	0.000000	0.000000	0.000000	0.052147	0.697674	0.000000	0.000000	-0.697674	0.052147
665.424740	0.690375	0.000000	0.000000	0.690375	1.000000	0.000000	0.000000	0.000000	0.000000	0.058143	0.720129	0.000000	0.000000	-0.720129	0.058143
665.863710	0.666278	0.000000	0.000000	0.666278	1.000000	0.000000	0.000000	0.000000	0.000000	0.064140	0.742481	0.000000	0.000000	-0.742481	0.064140
666.302610	0.641932	0.000000	0.000000	0.641932	1.000000	0.000000	0.000000	0.000000	0.000000	0.070101	0.762824	0.000000	0.000000	-0.762824	0.070101
666.741390	0.617479	0.000000	0.000000	0.617479	1.000000	0.000000	0.000000	0.000000	0.000000	0.076043	0.782260	0.000000	0.000000	-0.782260	0.076043
667.180050	0.593020	0.000000	0.000000	0.593020	1.000000	0.000000	0.000000	0.000000	0.000000	0.081926	0.800572	0.000000	0.000000	-0.800572	0.081926
667.618590	0.568551	0.000000	0.000000	0.568551	1.000000	0.000000	0.000000	0.000000	0.000000	0.087721	0.817274	0.000000	0.000000	-0.817274	0.087721
668.057070	0.544119	0.000000	0.000000	0.544119	1.000000	0.000000	0.000000	0.000000	0.000000	0.093487	0.833646	0.000000	0.000000	-0.833646	0.093487
668.495420	0.519912	0.000000	0.000000	0.519912	1.000000	0.000000	0.000000	0.000000	0.000000	0.099057	0.847829	0.000000	0.000000	-0.847829	0.099057
668.933650	0.495713	0.000000	0.000000	0.495713	1.000000	0.000000	0.000000	0.000000	0.000000	0.104626	0.862008	0.000000	0.000000	-0.862008	0.104626
669.371830	0.471916	0.000000	0.000000	0.471916	1.000000	0.000000	0.000000	0.000000	0.000000	0.109957	0.874250	0.000000	0.000000	-0.874250	0.109957
669.809880	0.448198	0.000000	0.000000	0.448198	1.000000	0.000000	0.000000	0.000000	0.000000	0.115244	0.886143	0.000000	0.000000	-0.886143	0.115244
670.247800	0.424847	0.000000	0.000000	0.424847	1.000000	0.000000	0.000000	0.000000	0.000000	0.120347	0.896876	0.000000	0.000000	-0.896876	0.120347
670.685670	0.401774	0.000000	0.000000	0.401774	1.000000	0.000000	0.000000	0.000000	0.000000	0.125309	0.906720	0.000000	0.000000	-0.906720	0.125309
671.123410	0.378922	0.000000	0.000000	0.378922	1.000000	0.000000	0.000000	0.000000	0.000000	0.130170	0.916049	0.000000	0.000000	-0.916049	0.130170
671.561040	0.356618	0.000000	0.000000	0.356618	1.000000	0.000000	0.000000	0.000000	0.000000	0.134775	0.924073	0.000000	0.000000	-0.924073	0.134775
671.998540	0.334321	0.000000	0.000000	0.334321	1.000000	0.000000	0.000000	0.000000	0.000000	0.139379	0.932094	0.000000	0.000000	-0.932094	0.139379
672.435970	0.312866	0.000000	0.000000	0.312866	1.000000	0.000000	0.000000	0.000000	0.000000	0.143609	0.938523	0.000000	0.000000	-0.938523	0.143609
672.873290	0.291418	0.000000	0.000000	0.291418	1.000000	0.000000	0.000000	0.000000	0.000000	0.147837	0.944944	0.000000	0.000000	-0.944944	0.147837
673.310490	0.270608	0.000000	0.000000	0.270608	1.000000	0.000000	0.000000	0.000000	0.000000	0.151791	0.950375	0.000000	0.000000	-0.950375	0.151791
673.747620	0.250058	0.000000	0.000000	0.250058	1.000000	0.000000	0.000000	0.000000	0.000000	0.155633	0.955402	0.000000	0.000000	-0.955402	0.155633
674.184630	0.229899	0.000000	0.000000	0.229899	1.000000	0.000000	0.000000	0.000000	0.000000	0.159309	0.959917	0.000000	0.000000	-0.959917	0.159309
674.621520	0.210274	0.000000	0.000000	0.210274	1.000000	0.000000	0.000000	0.000000	0.000000	0.162759	0.963735	0.000000	0.000000	-0.963735	0.162759
675.058290	0.190777	0.000000	0.000000	0.190777	1.000000	0.000000	0.000000	0.000000	0.000000	0.166157	0.967414	0.000000	0.000000	-0.967414	0.166157
675.495000	0.172075	0.000000	0.000000	0.172075	1.000000	0.000000	0.000000	0.000000	0.000000	0.169221	0.970193	0.000000	0.000000	-0.970193	0.169221
675.931580	0.153378	0.000000	0.000000	0.153378	1.000000	0.000000	0.000000	0.000000	0.000000	0.172284	0.972971	0.000000	0.000000	-0.972971	0.172284
676.368040	0.135448	0.000000	0.000000	0.135448	1.000000	0.000000	0.000000	0.000000	0.000000	0.175025	0.974998	0.000000	0.000000	-0.974998	0.175025
676.804440	0.117662	0.000000	0.000000	0.117662	1.000000	0.000000	0.000000	0.000000	0.000000	0.177706	0.976886	0.000000	0.000000	-0.976886	0.177706
677.240720	0.100365	0.000000	0.000000	0.100365	1.000000	0.000000	0.000000	0.000000	0.000000	0.180183	0.978356	0.000000	0.000000	-0.978356	0.180183
677.676880	0.083466	0.000000	0.000000	0.083466	1.000000	0.000000	0.000000	0.000000	0.000000	0.182493	0.979486	0.000000	0.000000	-0.979486	0.182493
678.112980	0.066789	0.000000	0.000000	0.066789	1.000000	0.000000	0.000000	0.000000	0.000000	0.184711	0.980451	0.000000	0.000000	-0.980451	0.184711
678.548950	0.050742	0.000000	0.000000	0.050742	1.000000	0.000000	0.000000	0.000000	0.000000	0.186662	0.980939	0.000000	0.000000	-0.980939	0.186662
678.984800	0.034699	0.000000	0.000000	0.034699	1.000000	0.000000	0.000000	0.000000	0.000000	0.188612	0.981428	0.000000	0.000000	-0.981428	0.188612
679.420530	0.019443	0.000000	0.000000	0.019443	1.000000	0.000000	0.000000	0.000000	0.000000	0.190228	0.981394	0.000000	0.000000	-0.981394	0.190228
679.856200	0.004218	0.000000	0.000000	0.004218	1.000000	0.000000	0.000000	0.000000	0.000000	0.191831	0.981341	0.000000	0.000000	-0.981341	0.191831
680.291750	-0.010490	0.000000	0.000000	-0.010490	1.000000	0.000000	0.000000	0.000000	0.000000	0.193211	0.980984	0.000000	0.000000	-0.980984	0.193211
680.727170	-0.024939	0.000000	0.000000	-0.024939	1.000000	0.000000	0.000000	0.000000	0.000000	0.194481	0.980477	0.000000	0.000000	-0.980477	0.194481
681.162540	-0.039116	0.000000	0.000000	-0.039116	1.000000	0.000000	0.000000	0.000000	0.000000	0.195632	0.979827	0.000000	0.000000	-0.979827	0.195632
681.597780	-0.052836	0.000000	0.000000	-0.052836	1.000000	0.000000	0.000000	0.000000	0.000000	0.196584	0.978940	0.000000	0.000000	-0.978940	0.196584
682.032900	-0.066500	0.000000	0.000000	-0.066500	1.000000	0.000000	0.000000	0.000000	0.000000	0.197513	0.978028	0.000000	0.000000	-0.978028	0.197513
682.467900	-0.079532	0.000000	0.000000	-0.079532	1.000000	0.000000	0.000000	0.000000	0.000000	0.198161	0.976822	0.000000	0.000000	-0.976822	0.198161
682.902830	-0.092563	0.000000	0.000000	-0.092563	1.000000	0.000000	0.000000	0.000000	0.000000	0.198809	0.975616	0.000000	0.000000	-0.975616	0.198809
683.337650	-0.105096	0.000000	0.000000	-0.105096	1.000000	0.000000	0.000000	0.000000	0.000000	0.199233	0.974206	0.000000	0.000000	-0.974206	0.199233
683.772340	-0.117483	0.000000	0.000000	-0.117483	1.000000	0.000000	0.000000	0.000000	0.000000	0.199591	0.972736	0.000000	0.000000	-0.972736	0.199591
684.206970	-0.129585	0.000000	0.000000	-0.129585	1.000000	0.000000	0.000000	0.000000	0.000000	0.199819	0.971163	0.000000	0.000000	-0.971163	0.199819
684.641480	-0.141374	0.000000	0.000000	-0.141374	1.000000	0.000000	0.000000	0.000000	0.000000	0.199902	0.969474	0.000000	0.000000	-0.969474	0.199902
685.075870	-0.153062	0.000000	0.000000	-0.153062	1.000000	0.000000	0.000000	0.000000	0.000000	0.199939	0.967754	0.000000	0.000000	-0.967754	0.199939
685.510190	-0.164290	0.000000	0.000000	-0.164290	1.000000	0.000000	0.000000	0.000000	0.000000	0.199758	0.965885	0.000000	0.000000	-0.965885	0.199758
685.944340	-0.175514	0.000000	0.000000	-0.175514	1.000000	0.000000	0.000000	0.000000	0.000000	0.199578	0.964017	0.000000	0.000000	-0.964017	0.199578
686.378480	-0.186289	0.000000	0.000000	-0.186289	1.000000	0.000000	0.000000	0.000000	0.000000	0.199180	0.962017	0.000000	0.000000	-0.962017	0.199180
686.812440	-0.196993	0.000000	0.000000	-0.196993	1.000000	0.000000	0.000000	0.000000	0.000000	0.198750	0.959998	0.000000	0.000000	-0.959998	0.198750
687.246340	-0.207423	0.000000	0.000000	-0.207423	1.000000	0.000000	0.000000	0.000000	0.000000	0.198185	0.957910	0.000000	0.000000	-0.957910	0.198185
687.680110	-0.217644	0.000000	0.000000	-0.217644	1.000000	0.000000	0.000000	0.000000	0.000000	0.197518	0.955768	0.000000	0.000000	-0.955768	0.197518
688.113770	-0.227745	0.000000	0.000000	-0.227745	1.000000	0.000000	0.000000	0.000000	0.000000	0.196791	0.953599	0.000000	0.000000	-0.953599	0.196791
688.547300	-0.237518	0.000000	0.000000	-0.237518	1.000000	0.000000	0.000000	0.000000	0.000000	0.195897	0.951355	0.000000	0.000000	-0.951355	0.195897
688.980770	-0.247289	0.000000	0.000000	-0.247289	1.000000	0.000000	0.000000	0.000000	0.000000	0.195004	0.949112	0.000000	0.000000	-0.949112	0.195004
689.414180	-0.256666	0.000000	0.000000	-0.256666	1.000000	0.000000	0.000000	0.000000	0.000000	0.193904	0.946785	0.000000	0.000000	-0.946785	0.193904
689.847410	-0.266021	0.000000	0.000000	-0.266021	1.000000	0.000000	0.000000	0.000000	0.000000	0.192795	0.944456	0.000000	0.000000	-0.944456	0.192795
690.280580	-0.275129	0.000000	0.000000	-0.275129	1.000000	0.000000	0.000000	0.000000	0.000000	0.191554	0.942081	0.000000	0.000000	-0.942081	0.191554
690.713620	-0.284101	0.000000	0.000000	-0.284101	1.000000	0.000000	0.000000	0.000000	0.000000	0.190241	0.939680	0.000000	0.000000	-0.939680	0.190241
691.146550	-0.292951	0.000000	0.000000	-0.292951	1.000000	0.000000	0.000000	0.000000	0.000000	0.188862	0.937260	0.000000	0.000000	-0.937260	0.188862
691.579410	-0.301568	0.000000	0.000000	-0.301568	1.000000	0.000000	0.000000	0.000000	0.000000	0.187354	0.934798	0.000000	0.000000	-0.934798	0.187354
692.012150	-0.310174	0.000000	0.000000	-0.310174	1.000000	0.000000	0.000000	0.000000	0.000000	0.185841	0.932335	0.000000	0.000000	-0.932335	0.185841
692.444760	-0.318460	0.000000	0.000000	-0.318460	1.000000	0.000000	0.000000	0.000000	0.000000	0.184147	0.929822	0.000000	0.000000	-0.929822	0.184147
692.877260	-0.326745	0.000000	0.000000	-0.326745	1.000000	0.000000	0.000000	0.000000	0.000000	0.182454	0.927310	0.000000	0.000000	-0.927310	0.182454
693.309690	-0.334813	0.000000	0.000000	-0.334813	1.000000	0.000000	0.000000	0.000000	0.000000	0.180633	0.924764	0.000000	0.000000	-0.924764	0.180633
693.742000	-0.342793	0.000000	0.000000	-0.342793	1.000000	0.000000	0.000000	0.000000	0.000000	0.178763	0.922204	0.000000	0.000000	-0.922204	0.178763
694.174260	-0.350661	0.000000	0.000000	-0.350661	1.000000	0.000000	0.000000	0.000000	0.000000	0.176825	0.919628	0.000000	0.000000	-0.919628	0.176825
694.606320	-0.358359	0.000000	0.000000	-0.358359	1.000000	0.000000	0.000000	0.000000	0.000000	0.174786	0.917027	0.000000	0.000000	-0.917027	0.174786
695.038330	-0.366033	0.000000	0.000000	-0.366033	1.000000	0.000000	0.000000	0.000000	0.000000	0.172734	0.914423	0.000000	0.000000	-0.914423	0.172734
695.470280	-0.373472	0.000000	0.000000	-0.373472	1.000000	0.000000	0.000000	0.000000	0.000000	0.170534	0.911782	0.000000	0.000000	-0.911782	0.170534
695.902040	-0.380908	0.000000	0.000000	-0.380908	1.000000	0.000000	0.000000	0.000000	0.000000	0.168335	0.909143	0.000000	0.000000	-0.909143	0.168335
696.333740	-0.388159	0.000000	0.000000	-0.388159	1.000000	0.000000	0.000000	0.000000	0.000000	0.166017	0.906473	0.000000	0.000000	-0.906473	0.166017
696.765320	-0.395354	0.000000	0.000000	-0.395354	1.000000	0.000000	0.000000	0.000000	0.000000	0.163664	0.903796	0.000000	0.000000	-0.903796	0.163664
697.196840	-0.402448	0.000000	0.000000	-0.402448	1.000000	0.000000	0.000000	0.000000	0.000000	0.161245	0.901101	0.000000	0.000000	-0.901101	0.161245
697.628170	-0.409419	0.000000	0.000000	-0.409419	1.000000	0.000000	0.000000	0.000000	0.000000	0.158747	0.898386	0.000000	0.000000	-0.898386	0.158747
698.059450	-0.416361	0.000000	0.000000	-0.416361	1.000000	0.000000	0.000000	0.000000	0.000000	0.156230	0.895666	0.000000	0.000000	-0.895666	0.156230
698.490660	-0.423126	0.000000	0.000000	-0.423126	1.000000	0.000000	0.000000	0.000000	0.000000	0.153593	0.892913	0.000000	0.000000	-0.892913	0.153593
698.921690	-0.429888	0.000000	0.000000	-0.429888	1.000000	0.000000	0.000000	0.000000	0.000000	0.150956	0.890160	0.000000	0.000000	-0.890160	0.150956
699.352660	-0.436496	0.000000	0.000000	-0.436496	1.000000	0.000000	0.000000	0.000000	0.000000	0.148210	0.887374	0.000000	0.000000	-0.887374	0.148210
699.783510	-0.443067	0.000000	0.000000	-0.443067	1.000000	0.000000	0.000000	0.000000	0.000000	0.145441	0.884582	0.000000	0.000000	-0.884582	0.145441
700.214290	-0.449550	0.000000	0.000000	-0.449550	1.000000	0.000000	0.000000	0.000000	0.000000	0.142608	0.881769	0.000000	0.000000	-0.881769	0.142608
700.644960	-0.455943	0.000000	0.000000	-0.455943	1.000000	0.000000	0.000000	0.000000	0.000000	0.139713	0.878935	0.000000	0.000000	-0.878935	0.139713
701.075500	-0.462305	0.000000	0.000000	-0.462305	1.000000	0.000000	0.000000	0.000000	0.000000	0.136797	0.876093	0.000000	0.000000	-0.876093	0.136797
701.505920	-0.468532	0.000000	0.000000	-0.468532	1.000000	0.000000	0.000000	0.000000	0.000000	0.133782	0.873215	0.000000	0.000000	-0.873215	0.133782
701.936280	-0.474757	0.000000	0.000000	-0.474757	1.000000	0.000000	0.000000	0.000000	0.000000	0.130766	0.870338	0.000000	0.000000	-0.870338	0.130766
702.366520	-0.480852	0.000000	0.000000	-0.480852	1.000000	0.000000	0.000000	0.000000	0.000000	0.127654	0.867420	0.000000	0.000000	-0.867420	0.127654
702.796630	-0.486923	0.000000	0.000000	-0.486923	1.000000	0.000000	0.000000	0.000000	0.000000	0.124525	0.864495	0.000000	0.000000	-0.864495	0.124525
703.226680	-0.492919	0.000000	0.000000	-0.492919	1.000000	0.000000	0.000000	0.000000	0.000000	0.121338	0.861543	0.000000	0.000000	-0.861543	0.121338
703.656560	-0.498847	0.000000	0.000000	-0.498847	1.000000	0.000000	0.000000	0.000000	0.000000	0.118101	0.858567	0.000000	0.000000	-0.858567	0.118101
704.086430	-0.504747	0.000000	0.000000	-0.504747	1.000000	0.000000	0.000000	0.000000	0.000000	0.114843	0.855580	0.000000	0.000000	-0.855580	0.114843
704.516110	-0.510541	0.000000	0.000000	-0.510541	1.000000	0.000000	0.000000	0.000000	0.000000	0.111503	0.852550	0.000000	0.000000	-0.852550	0.111503
704.945740	-0.516334	0.000000	0.000000	-0.516334	1.000000	0.000000	0.000000	0.000000	0.000000	0.108163	0.849520	0.000000	0.000000	-0.849520	0.108163
705.375240	-0.522019	0.000000	0.000000	-0.522019	1.000000	0.000000	0.000000	0.000000	0.000000	0.104738	0.846438	0.000000	0.000000	-0.846438	0.104738
705.804630	-0.527686	0.000000	0.000000	-0.527686	1.000000	0.000000	0.000000	0.000000	0.000000	0.101302	0.843350	0.000000	0.000000	-0.843350	0.101302
706.233950	-0.533290	0.000000	0.000000	-0.533290	1.000000	0.000000	0.000000	0.000000	0.000000	0.097816	0.840227	0.000000	0.000000	-0.840227	0.097816
706.663150	-0.538840	0.000000	0.000000	-0.538840	1.000000	0.000000	0.000000	0.000000	0.000000	0.094287	0.837076	0.000000	0.000000	-0.837076	0.094287
707.092220	-0.544365	0.000000	0.000000	-0.544365	1.000000	0.000000	0.000000	0.000000	0.000000	0.090741	0.833911	0.000000	0.000000	-0.833911	0.090741
707.521180	-0.549805	0.000000	0.000000	-0.549805	1.000000	0.000000	0.000000	0.000000	0.000000	0.087127	0.830694	0.000000	0.000000	-0.830694	0.087127
707.950070	-0.555243	0.000000	0.000000	-0.555243	1.000000	0.000000	0.000000	0.000000	0.000000	0.083514	0.827477	0.000000	0.000000	-0.827477	0.083514
708.378850	-0.560590	0.000000	0.000000	-0.560590	1.000000	0.000000	0.000000	0.000000	0.000000	0.079828	0.824196	0.000000	0.000000	-0.824196	0.079828
708.807560	-0.565924	0.000000	0.000000	-0.565924	1.000000	0.000000	0.000000	0.000000	0.000000	0.076133	0.820907	0.000000	0.000000	-0.820907	0.076133
709.236080	-0.571204	0.000000	0.000000	-0.571204	1.000000	0.000000	0.000000	0.000000	0.000000	0.072397	0.817578	0.000000	0.000000	-0.817578	0.072397
709.664550	-0.576439	0.000000	0.000000	-0.576439	1.000000	0.000000	0.000000	0.000000	0.000000	0.068627	0.814214	0.000000	0.000000	-0.814214	0.068627
710.092900	-0.581654	0.000000	0.000000	-0.581654	1.000000	0.000000	0.000000	0.000000	0.000000	0.064842	0.810833	0.000000	0.000000	-0.810833	0.064842
710.521180	-0.586797	0.000000	0.000000	-0.586797	1.000000	0.000000	0.000000	0.000000	0.000000	0.061002	0.807388	0.000000	0.000000	-0.807388	0.061002
710.949340	-0.591939	0.000000	0.000000	-0.591939	1.000000	0.000000	0.000000	0.000000	0.000000	0.057162	0.803944	0.000000	0.000000	-0.803944	0.057162
711.377380	-0.597003	0.000000	0.000000	-0.597003	1.000000	0.000000	0.000000	0.000000	0.000000	0.053265	0.800426	0.000000	0.000000	-0.800426	0.053265
711.805300	-0.602055	0.000000	0.000000	-0.602055	1.000000	0.000000	0.000000	0.000000	0.000000	0.049361	0.796899	0.000000	0.000000	-0.796899	0.049361
712.233150	-0.607062	0.000000	0.000000	-0.607062	1.000000	0.000000	0.000000	0.000000	0.000000	0.045424	0.793323	0.000000	0.000000	-0.793323	0.045424
712.660890	-0.612029	0.000000	0.000000	-0.612029	1.000000	0.000000	0.000000	0.000000	0.000000	0.041461	0.789706	0.000000	0.000000	-0.789706	0.041461
713.088500	-0.616978	0.000000	0.000000	-0.616978	1.000000	0.000000	0.000000	0.000000	0.000000	0.037486	0.786071	0.000000	0.000000	-0.786071	0.037486
713.516050	-0.621864	0.000000	0.000000	-0.621864	1.000000	0.000000	0.000000	0.000000	0.000000	0.033468	0.782363	0.000000	0.000000	-0.782363	0.033468
713.943480	-0.626748	0.000000	0.000000	-0.626748	1.000000	0.000000	0.000000	0.000000	0.000000	0.029451	0.778655	0.000000	0.000000	-0.778655	0.029451
714.370790	-0.631565	0.000000	0.000000	-0.631565	1.000000	0.000000	0.000000	0.000000	0.000000	0.025392	0.774862	0.000000	0.000000	-0.774862	0.025392
714.798030	-0.636372	0.000000	0.000000	-0.636372	1.000000	0.000000	0.000000	0.000000	0.000000	0.021326	0.771057	0.000000	0.000000	-0.771057	0.021326
715.225100	-0.641138	0.000000	0.000000	-0.641138	1.000000	0.000000	0.000000	0.000000	0.000000	0.017238	0.767198	0.000000	0.000000	-0.767198	0.017238
715.652100	-0.645869	0.000000	0.000000	-0.645869	1.000000	0.000000	0.000000	0.000000	0.000000	0.013128	0.763291	0.000000	0.000000	-0.763291	0.013128
716.079040	-0.650585	0.000000	0.000000	-0.650585	1.000000	0.000000	0.000000	0.000000	0.000000	0.009012	0.759365	0.000000	0.000000	-0.759365	0.009012
716.505800	-0.655241	0.000000	0.000000	-0.655241	1.000000	0.000000	0.000000	0.000000	0.000000	0.004865	0.755354	0.000000	0.000000	-0.755354	0.004865
716.932500	-0.659897	0.000000	0.000000	-0.659897	1.000000	0.000000	0.000000	0.000000	0.000000	0.000719	0.751343	0.000000	0.000000	-0.751343	0.000719
717.359130	-0.664492	0.000000	0.000000	-0.664492	1.000000	0.000000	0.000000	0.000000	0.000000	-0.003455	0.747241	0.000000	0.000000	-0.747241	-0.003455
717.785580	-0.669074	0.000000	0.000000	-0.669074	1.000000	0.000000	0.000000	0.000000	0.000000	-0.007633	0.743122	0.000000	0.000000	-0.743122	-0.007633
718.211980	-0.673622	0.000000	0.000000	-0.673622	1.000000	0.000000	0.000000	0.000000	0.000000	-0.011825	0.738947	0.000000	0.000000	-0.738947	-0.011825
718.638240	-0.678133	0.000000	0.000000	-0.678133	1.000000	0.000000	0.000000	0.000000	0.000000	-0.016030	0.734716	0.000000	0.000000	-0.734716	-0.016030
719.064450	-0.682634	0.000000	0.000000	-0.682634	1.000000	0.000000	0.000000	0.000000	0.000000	-0.020237	0.730468	0.000000	0.000000	-0.730468	-0.020237
719.490480	-0.687075	0.000000	0.000000	-0.687075	1.000000	0.000000	0.000000	0.000000	0.000000	-0.024463	0.726122	0.000000	0.000000	-0.726122	-0.024463
719.916440	-0.691515	0.000000	0.000000	-0.691515	1.000000	0.000000	0.000000	0.000000	0.000000	-0.028687	0.721776	0.000000	0.000000	-0.721776	-0.028687
720.342350	-0.695900	0.000000	0.000000	-0.695900	1.000000	0.000000	0.000000	0.000000	0.000000	-0.032926	0.717334	0.000000	0.000000	-0.717334	-0.032926
720.768070	-0.700270	0.000000	0.000000	-0.700270	1.000000	0.000000	0.000000	0.000000	0.000000	-0.037166	0.712870	0.000000	0.000000	-0.712870	-0.037166
721.193730	-0.704609	0.000000	0.000000	-0.704609	1.000000	0.000000	0.000000	0.000000	0.000000	-0.041411	0.708350	0.000000	0.000000	-0.708350	-0.041411
721.619260	-0.708911	0.000000	0.000000	-0.708911	1.000000	0.000000	0.000000	0.000000	0.000000	-0.045661	0.703765	0.000000	0.000000	-0.703765	-0.045661
722.044740	-0.713205	0.000000	0.000000	-0.713205	1.000000	0.000000	0.000000	0.000000	0.000000	-0.049911	0.699167	0.000000	0.000000	-0.699167	-0.049911
722.470030	-0.717437	0.000000	0.000000	-0.717437	1.000000	0.000000	0.000000	0.000000	0.000000	-0.054165	0.694457	0.000000	0.000000	-0.694457	-0.054165
722.895260	-0.721669	0.000000	0.000000	-0.721669	1.000000	0.000000	0.000000	0.000000	0.000000	-0.058417	0.689748	0.000000	0.000000	-0.689748	-0.058417
723.320430	-0.725848	0.000000	0.000000	-0.725848	1.000000	0.000000	0.000000	0.000000	0.000000	-0.062670	0.684943	0.000000	0.000000	-0.684943	-0.062670
723.745420	-0.730009	0.000000	0.000000	-0.730009	1.000000	0.000000	0.000000	0.000000	0.000000	-0.066920	0.680109	0.000000	0.000000	-0.680109	-0.066920
724.170350	-0.734142	0.000000	0.000000	-0.734142	1.000000	0.000000	0.000000	0.000000	0.000000	-0.071167	0.675222	0.000000	0.000000	-0.675222	-0.071167
724.595210	-0.738233	0.000000	0.000000	-0.738233	1.000000	0.000000	0.000000	0.000000	0.000000	-0.075410	0.670258	0.000000	0.000000	-0.670258	-0.075410
725.019900	-0.742320	0.000000	0.000000	-0.742320	1.000000	0.000000	0.000000	0.000000	0.000000	-0.079651	0.665289	0.000000	0.000000	-0.665289	-0.079651
725.444520	-0.746341	0.000000	0.000000	-0.746341	1.000000	0.000000	0.000000	0.000000	0.000000	-0.083880	0.660195	0.000000	0.000000	-0.660195	-0.083880
725.869020	-0.750361	0.000000	0.000000	-0.750361	1.000000	0.000000	0.000000	0.000000	0.000000	-0.088108	0.655101	0.000000	0.000000	-0.655101	-0.088108
726.293460	-0.754332	0.000000	0.000000	-0.754332	1.000000	0.000000	0.000000	0.000000	0.000000	-0.092322	0.649915	0.000000	0.000000	-0.649915	-0.092322
726.717710	-0.758280	0.000000	0.000000	-0.758280	1.000000	0.000000	0.000000	0.000000	0.000000	-0.096530	0.644690	0.000000	0.000000	-0.644690	-0.096530
727.141910	-0.762204	0.000000	0.000000	-0.762204	1.000000	0.000000	0.000000	0.000000	0.000000	-0.100728	0.639420	0.000000	0.000000	-0.639420	-0.100728
727.566040	-0.766079	0.000000	0.000000	-0.766079	1.000000	0.000000	0.000000	0.000000	0.000000	-0.104910	0.634061	0.000000	0.000000	-0.634061	-0.104910
727.989990	-0.769953	0.000000	0.000000	-0.769953	1.000000	0.000000	0.000000	0.000000	0.000000	-0.109089	0.628703	0.000000	0.000000	-0.628703	-0.109089
728.413880	-0.773755	0.000000	0.000000	-0.773755	1.000000	0.000000	0.000000	0.000000	0.000000	-0.113239	0.623214	0.000000	0.000000	-0.623214	-0.113239
728.837650	-0.777555	0.000000	0.000000	-0.777555	1.000000	0.000000	0.000000	0.000000	0.000000	-0.117388	0.617723	0.000000	0.000000	-0.617723	-0.117388
729.261350	-0.781309	0.000000	0.000000	-0.781309	1.000000	0.000000	0.000000	0.000000	0.000000	-0.121513	0.612147	0.000000	0.000000	-0.612147	-0.121513
729.684880	-0.785032	0.000000	0.000000	-0.785032	1.000000	0.000000	0.000000	0.000000	0.000000	-0.125622	0.606522	0.000000	0.000000	-0.606522	-0.125622
730.108340	-0.788735	0.000000	0.000000	-0.788735	1.000000	0.000000	0.000000	0.000000	0.000000	-0.129720	0.600862	0.000000	0.000000	-0.600862	-0.129720
730.531740	-0.792382	0.000000	0.000000	-0.792382	1.000000	0.000000	0.000000	0.000000	0.000000	-0.133786	0.595100	0.000000	0.000000	-0.595100	-0.133786
730.954960	-0.796027	0.000000	0.000000	-0.796027	1.000000	0.000000	0.000000	0.000000	0.000000	-0.137850	0.589341	0.000000	0.000000	-0.589341	-0.137850
731.378110	-0.799602	0.000000	0.000000	-0.799602	1.000000	0.000000	0.000000	0.000000	0.000000	-0.141871	0.583459	0.000000	0.000000	-0.583459	-0.141871
731.801210	-0.803169	0.000000	0.000000	-0.803169	1.000000	0.000000	0.000000	0.000000	0.000000	-0.145885	0.577564	0.000000	0.000000	-0.577564	-0.145885
732.224120	-0.806692	0.000000	0.000000	-0.806692	1.000000	0.000000	0.000000	0.000000	0.000000	-0.149869	0.571598	0.000000	0.000000	-0.571598	-0.149869
732.646970	-0.810177	0.000000	0.000000	-0.810177	1.000000	0.000000	0.000000	0.000000	0.000000	-0.153826	0.565570	0.000000	0.000000	-0.565570	-0.153826
733.069700	-0.813647	0.000000	0.000000	-0.813647	1.000000	0.000000	0.000000	0.000000	0.000000	-0.157772	0.559520	0.000000	0.000000	-0.559520	-0.157772
733.492310	-0.817049	0.000000	0.000000	-0.817049	1.000000	0.000000	0.000000	0.000000	0.000000	-0.161667	0.553358	0.000000	0.000000	-0.553358	-0.161667
733.914860	-0.820450	0.000000	0.000000	-0.820450	1.000000	0.000000	0.000000	0.000000	0.000000	-0.165561	0.547196	0.000000	0.000000	-0.547196	-0.165561
734.337280	-0.823783	0.000000	0.000000	-0.823783	1.000000	0.000000	0.000000	0.000000	0.000000	-0.169401	0.540929	0.000000	0.000000	-0.540929	-0.169401
734.759580	-0.827098	0.000000	0.000000	-0.827098	1.000000	0.000000	0.000000	0.000000	0.000000	-0.173226	0.534635	0.000000	0.000000	-0.534635	-0.173226
735.181820	-0.830376	0.000000	0.000000	-0.830376	1.000000	0.000000	0.000000	0.000000	0.000000	-0.177019	0.528285	0.000000	0.000000	-0.528285	-0.177019
735.603940	-0.833604	0.000000	0.000000	-0.833604	1.000000	0.000000	0.000000	0.000000	0.000000	-0.180771	0.521860	0.000000	0.000000	-0.521860	-0.180771
736.025940	-0.836826	0.000000	0.000000	-0.836826	1.000000	0.000000	0.000000	0.000000	0.000000	-0.184517	0.515429	0.000000	0.000000	-0.515429	-0.184517
736.447810	-0.839964	0.000000	0.000000	-0.839964	1.000000	0.000000	0.000000	0.000000	0.000000	-0.188186	0.508876	0.000000	0.000000	-0.508876	-0.188186
736.869630	-0.843102	0.000000	0.000000	-0.843102	1.000000	0.000000	0.000000	0.000000	0.000000	-0.191856	0.502323	0.000000	0.000000	-0.502323	-0.191856
737.291320	-0.846176	0.000000	0.000000	-0.846176	1.000000	0.000000	0.000000	0.000000	0.000000	-0.195467	0.495682	0.000000	0.000000	-0.495682	-0.195467
737.712950	-0.849222	0.000000	0.000000	-0.849222	1.000000	0.000000	0.000000	0.000000	0.000000	-0.199051	0.489002	0.000000	0.000000	-0.489002	-0.199051
738.134400	-0.852237	0.000000	0.000000	-0.852237	1.000000	0.000000	0.000000	0.000000	0.000000	-0.202605	0.482284	0.000000	0.000000	-0.482284	-0.202605
738.555790	-0.855189	0.000000	0.000000	-0.855189	1.000000	0.000000	0.000000	0.000000	0.000000	-0.206096	0.475481	0.000000	0.000000	-0.475481	-0.206096
738.977050	-0.858140	0.000000	0.000000	-0.858140	1.000000	0.000000	0.000000	0.000000	0.000000	-0.209587	0.468681	0.000000	0.000000	-0.468681	-0.209587
739.398250	-0.861001	0.000000	0.000000	-0.861001	1.000000	0.000000	0.000000	0.000000	0.000000	-0.212986	0.461762	0.000000	0.000000	-0.461762	-0.212986
739.819340	-0.863855	0.000000	0.000000	-0.863855	1.000000	0.000000	0.000000	0.000000	0.000000	-0.216379	0.454838	0.000000	0.000000	-0.454838	-0.216379
740.240300	-0.866653	0.000000	0.000000	-0.866653	1.000000	0.000000	0.000000	0.000000	0.000000	-0.219714	0.447848	0.000000	0.000000	-0.447848	-0.219714
740.661130	-0.869409	0.000000	0.000000	-0.869409	1.000000	0.000000	0.000000	0.000000	0.000000	-0.223005	0.440807	0.000000	0.000000	-0.440807	-0.223005
741.081910	-0.872145	0.000000	0.000000	-0.872145	1.000000	0.000000	0.000000	0.000000	0.000000	-0.226275	0.433745	0.000000	0.000000	-0.433745	-0.226275
741.502560	-0.874800	0.000000	0.000000	-0.874800	1.000000	0.000000	0.000000	0.000000	0.000000	-0.229457	0.426588	0.000000	0.000000	-0.426588	-0.229457
741.923100	-0.877455	0.000000	0.000000	-0.877455	1.000000	0.000000	0.000000	0.000000	0.000000	-0.232639	0.419434	0.000000	0.000000	-0.419434	-0.232639
742.343570	-0.880025	0.000000	0.000000	-0.880025	1.000000	0.000000	0.000000	0.000000	0.000000	-0.235729	0.412189	0.000000	0.000000	-0.412189	-0.235729
742.763850	-0.882576	0.000000	0.000000	-0.882576	1.000000	0.000000	0.000000	0.000000	0.000000	-0.238798	0.404926	0.000000	0.000000	-0.404926	-0.238798
743.184140	-0.885081	0.000000	0.000000	-0.885081	1.000000	0.000000	0.000000	0.000000	0.000000	-0.241816	0.397615	0.000000	0.000000	-0.397615	-0.241816
743.604250	-0.887527	0.000000	0.000000	-0.887527	1.000000	0.000000	0.000000	0.000000	0.000000	-0.244767	0.390245	0.000000	0.000000	-0.390245	-0.244767
744.024290	-0.889966	0.000000	0.000000	-0.889966	1.000000	0.000000	0.000000	0.000000	0.000000	-0.247711	0.382871	0.000000	0.000000	-0.382871	-0.247711
744.444210	-0.892305	0.000000	0.000000	-0.892305	1.000000	0.000000	0.000000	0.000000	0.000000	-0.250539	0.375399	0.000000	0.000000	-0.375399	-0.250539
744.864010	-0.894644	0.000000	0.000000	-0.894644	1.000000	0.000000	0.000000	0.000000	0.000000	-0.253366	0.367930	0.000000	0.000000	-0.367930	-0.253366
745.283750	-0.896908	0.000000	0.000000	-0.896908	1.000000	0.000000	0.000000	0.000000	0.000000	-0.256108	0.360394	0.000000	0.000000	-0.360394	-0.256108
745.703370	-0.899137	0.000000	0.000000	-0.899137	1.000000	0.000000	0.000000	0.000000	0.000000	-0.258810	0.352829	0.000000	0.000000	-0.352829	-0.258810
746.122860	-0.901332	0.000000	0.000000	-0.901332	1.000000	0.000000	0.000000	0.000000	0.000000	-0.261472	0.345238	0.000000	0.000000	-0.345238	-0.261472
746.542240	-0.903450	0.000000	0.000000	-0.903450	1.000000	0.000000	0.000000	0.000000	0.000000	-0.264042	0.337582	0.000000	0.000000	-0.337582	-0.264042
746.961550	-0.905567	0.000000	0.000000	-0.905567	1.000000	0.000000	0.000000	0.000000	0.000000	-0.266611	0.329928	0.000000	0.000000	-0.329928	-0.266611
747.380740	-0.907582	0.000000	0.000000	-0.907582	1.000000	0.000000	0.000000	0.000000	0.000000	-0.269058	0.322193	0.000000	0.000000	-0.322193	-0.269058
747.799870	-0.909587	0.000000	0.000000	-0.909587	1.000000	0.000000	0.000000	0.000000	0.000000	-0.271493	0.314452	0.000000	0.000000	-0.314452	-0.271493
748.218810	-0.911531	0.000000	0.000000	-0.911531	1.000000	0.000000	0.000000	0.000000	0.000000	-0.273854	0.306669	0.000000	0.000000	-0.306669	-0.273854
748.637700	-0.913421	0.000000	0.000000	-0.913421	1.000000	0.000000	0.000000	0.000000	0.000000	-0.276150	0.298848	0.000000	0.000000	-0.298848	-0.276150
749.056520	-0.915295	0.000000	0.000000	-0.915295	1.000000	0.000000	0.000000	0.000000	0.000000	-0.278427	0.291017	0.000000	0.000000	-0.291017	-0.278427
749.475160	-0.917069	0.000000	0.000000	-0.917069	1.000000	0.000000	0.000000	0.000000	0.000000	-0.280580	0.283124	0.000000	0.000000	-0.283124	-0.280580
749.893740	-0.918843	0.000000	0.000000	-0.918843	1.000000	0.000000	0.000000	0.000000	0.000000	-0.282733	0.275232	0.000000	0.000000	-0.275232	-0.282733
750.312190	-0.920528	0.000000	0.000000	-0.920528	1.000000	0.000000	0.000000	0.000000	0.000000	-0.284779	0.267289	0.000000	0.000000	-0.267289	-0.284779
750.730590	-0.922184	0.000000	0.000000	-0.922184	1.000000	0.000000	0.000000	0.000000	0.000000	-0.286787	0.259329	0.000000	0.000000	-0.259329	-0.286787
751.148800	-0.923797	0.000000	0.000000	-0.923797	1.000000	0.000000	0.000000	0.000000	0.000000	-0.288742	0.251349	0.000000	0.000000	-0.251349	-0.288742
751.566960	-0.925335	0.000000	0.000000	-0.925335	1.000000	0.000000	0.000000	0.000000	0.000000	-0.290602	0.243327	0.000000	0.000000	-0.243327	-0.290602
751.985050	-0.926872	0.000000	0.000000	-0.926872	1.000000	0.000000	0.000000	0.000000	0.000000	-0.292462	0.235307	0.000000	0.000000	-0.235307	-0.292462
752.402950	-0.928294	0.000000	0.000000	-0.928294	1.000000	0.000000	0.000000	0.000000	0.000000	-0.294176	0.227233	0.000000	0.000000	-0.227233	-0.294176
752.820800	-0.929711	0.000000	0.000000	-0.929711	1.000000	0.000000	0.000000	0.000000	0.000000	-0.295885	0.219159	0.000000	0.000000	-0.219159	-0.295885
753.238530	-0.931060	0.000000	0.000000	-0.931060	1.000000	0.000000	0.000000	0.000000	0.000000	-0.297507	0.211057	0.000000	0.000000	-0.211057	-0.297507
753.656190	-0.932356	0.000000	0.000000	-0.932356	1.000000	0.000000	0.000000	0.000000	0.000000	-0.299063	0.202934	0.000000	0.000000	-0.202934	-0.299063
754.073730	-0.933632	0.000000	0.000000	-0.933632	1.000000	0.000000	0.000000	0.000000	0.000000	-0.300592	0.194805	0.000000	0.000000	-0.194805	-0.300592
754.491150	-0.934807	0.000000	0.000000	-0.934807	1.000000	0.000000	0.000000	0.000000	0.000000	-0.301994	0.186643	0.000000	0.000000	-0.186643	-0.301994
754.908450	-0.935981	0.000000	0.000000	-0.935981	1.000000	0.000000	0.000000	0.000000	0.000000	-0.303395	0.178483	0.000000	0.000000	-0.178483	-0.303395
755.325680	-0.937061	0.000000	0.000000	-0.937061	1.000000	0.000000	0.000000	0.000000	0.000000	-0.304675	0.170294	0.000000	0.000000	-0.170294	-0.304675
755.742800	-0.938115	0.000000	0.000000	-0.938115	1.000000	0.000000	0.000000	0.000000	0.000000	-0.305921	0.162098	0.000000	0.000000	-0.162098	-0.305921
756.159790	-0.939121	0.000000	0.000000	-0.939121	1.000000	0.000000	0.000000	0.000000	0.000000	-0.307106	0.153893	0.000000	0.000000	-0.153893	-0.307106
756.576720	-0.940052	0.000000	0.000000	-0.940052	1.000000	0.000000	0.000000	0.000000	0.000000	-0.308195	0.145670	0.000000	0.000000	-0.145670	-0.308195
756.993470	-0.940982	0.000000	0.000000	-0.940982	1.000000	0.000000	0.000000	0.000000	0.000000	-0.309283	0.137451	0.000000	0.000000	-0.137451	-0.309283
757.410220	-0.941793	0.000000	0.000000	-0.941793	1.000000	0.000000	0.000000	0.000000	0.000000	-0.310216	0.129207	0.000000	0.000000	-0.129207	-0.310216
757.826780	-0.942601	0.000000	0.000000	-0.942601	1.000000	0.000000	0.000000	0.000000	0.000000	-0.311147	0.120967	0.000000	0.000000	-0.120967	-0.311147
758.243290	-0.943338	0.000000	0.000000	-0.943338	1.000000	0.000000	0.000000	0.000000	0.000000	-0.311985	0.112719	0.000000	0.000000	-0.112719	-0.311985
758.659670	-0.944023	0.000000	0.000000	-0.944023	1.000000	0.000000	0.000000	0.000000	0.000000	-0.312757	0.104466	0.000000	0.000000	-0.104466	-0.312757
759.075930	-0.944687	0.000000	0.000000	-0.944687	1.000000	0.000000	0.000000	0.000000	0.000000	-0.313500	0.096213	0.000000	0.000000	-0.096213	-0.313500
759.492130	-0.945250	0.000000	0.000000	-0.945250	1.000000	0.000000	0.000000	0.000000	0.000000	-0.314113	0.087954	0.000000	0.000000	-0.087954	-0.314113
759.908140	-0.945813	0.000000	0.000000	-0.945813	1.000000	0.000000	0.000000	0.000000	0.000000	-0.314727	0.079699	0.000000	0.000000	-0.079699	-0.314727
760.324160	-0.946281	0.000000	0.000000	-0.946281	1.000000	0.000000	0.000000	0.000000	0.000000	-0.315217	0.071441	0.000000	0.000000	-0.071441	-0.315217
760.739990	-0.946722	0.000000	0.000000	-0.946722	1.000000	0.000000	0.000000	0.000000	0.000000	-0.315672	0.063186	0.000000	0.000000	-0.063186	-0.315672
761.155760	-0.947118	0.000000	0.000000	-0.947118	1.000000	0.000000	0.000000	0.000000	0.000000	-0.316067	0.054935	0.000000	0.000000	-0.054935	-0.316067
761.571410	-0.947437	0.000000	0.000000	-0.947437	1.000000	0.000000	0.000000	0.000000	0.000000	-0.316364	0.046688	0.000000	0.000000	-0.046688	-0.316364
761.986940	-0.947757	0.000000	0.000000	-0.947757	1.000000	0.000000	0.000000	0.000000	0.000000	-0.316661	0.038444	0.000000	0.000000	-0.038444	-0.316661
762.402400	-0.947959	0.000000	0.000000	-0.947959	1.000000	0.000000	0.000000	0.000000	0.000000	-0.316806	0.030212	0.000000	0.000000	-0.030212	-0.316806
762.817750	-0.948158	0.000000	0.000000	-0.948158	1.000000	0.000000	0.000000	0.000000	0.000000	-0.316946	0.021982	0.000000	0.000000	-0.021982	-0.316946
763.232970	-0.948289	0.000000	0.000000	-0.948289	1.000000	0.000000	0.000000	0.000000	0.000000	-0.316999	0.013765	0.000000	0.000000	-0.013765	-0.316999
763.648130	-0.948368	0.000000	0.000000	-0.948368	1.000000	0.000000	0.000000	0.000000	0.000000	-0.316982	0.005557	0.000000	0.000000	-0.005557	-0.316982
764.063170	-0.948429	0.000000	0.000000	-0.948429	1.000000	0.000000	0.000000	0.000000	0.000000	-0.316942	-0.002644	0.000000	0.000000	0.002644	-0.316942
764.478090	-0.948389	0.000000	0.000000	-0.948389	1.000000	0.000000	0.000000	0.000000	0.000000	-0.316772	-0.010822	0.000000	0.000000	0.010822	-0.316772
764.892880	-0.948349	0.000000	0.000000	-0.948349	1.000000	0.000000	0.000000	0.000000	0.000000	-0.316601	-0.018998	0.000000	0.000000	0.018998	-0.316601
765.307620	-0.948222	0.000000	0.000000	-0.948222	1.000000	0.000000	0.000000	0.000000	0.000000	-0.316318	-0.027148	0.000000	0.000000	0.027148	-0.316318
765.722230	-0.948064	0.000000	0.000000	-0.948064	1.000000	0.000000	0.000000	0.000000	0.000000	-0.315995	-0.035288	0.000000	0.000000	0.035288	-0.315995
766.136720	-0.947868	0.000000	0.000000	-0.947868	1.000000	0.000000	0.000000	0.000000	0.000000	-0.315623	-0.043412	0.000000	0.000000	0.043412	-0.315623
766.551150	-0.947594	0.000000	0.000000	-0.947594	1.000000	0.000000	0.000000	0.000000	0.000000	-0.315149	-0.051510	0.000000	0.000000	0.051510	-0.315149
766.965450	-0.947320	0.000000	0.000000	-0.947320	1.000000	0.000000	0.000000	0.000000	0.000000	-0.314675	-0.059605	0.000000	0.000000	0.059605	-0.314675
767.379640	-0.946941	0.000000	0.000000	-0.946941	1.000000	0.000000	0.000000	0.000000	0.000000	-0.314065	-0.067657	0.000000	0.000000	0.067657	-0.314065
767.793700	-0.946552	0.000000	0.000000	-0.946552	1.000000	0.000000	0.000000	0.000000	0.000000	-0.313442	-0.075702	0.000000	0.000000	0.075702	-0.313442
768.207700	-0.946106	0.000000	0.000000	-0.946106	1.000000	0.000000	0.000000	0.000000	0.000000	-0.312747	-0.083721	0.000000	0.000000	0.083721	-0.312747
768.621580	-0.945605	0.000000	0.000000	-0.945605	1.000000	0.000000	0.000000	0.000000	0.000000	-0.311979	-0.091712	0.000000	0.000000	0.091712	-0.311979
769.035400	-0.945094	0.000000	0.000000	-0.945094	1.000000	0.000000	0.000000	0.000000	0.000000	-0.311199	-0.099698	0.000000	0.000000	0.099698	-0.311199
769.449040	-0.944481	0.000000	0.000000	-0.944481	1.000000	0.000000	0.000000	0.000000	0.000000	-0.310289	-0.107628	0.000000	0.000000	0.107628	-0.310289
769.862610	-0.943868	0.000000	0.000000	-0.943868	1.000000	0.000000	0.000000	0.000000	0.000000	-0.309379	-0.115556	0.000000	0.000000	0.115556	-0.309379
770.276060	-0.943182	0.000000	0.000000	-0.943182	1.000000	0.000000	0.000000	0.000000	0.000000	-0.308375	-0.123441	0.000000	0.000000	0.123441	-0.308375
770.689450	-0.942460	0.000000	0.000000	-0.942460	1.000000	0.000000	0.000000	0.000000	0.000000	-0.307324	-0.131303	0.000000	0.000000	0.131303	-0.307324
771.102720	-0.941712	0.000000	0.000000	-0.941712	1.000000	0.000000	0.000000	0.000000	0.000000	-0.306240	-0.139147	0.000000	0.000000	0.139147	-0.306240
771.515870	-0.940883	0.000000	0.000000	-0.940883	1.000000	0.000000	0.000000	0.000000	0.000000	-0.305053	-0.146937	0.000000	0.000000	0.146937	-0.305053
771.928890	-0.940054	0.000000	0.000000	-0.940054	1.000000	0.000000	0.000000	0.000000	0.000000	-0.303866	-0.154725	0.000000	0.000000	0.154725	-0.303866
772.341860	-0.939137	0.000000	0.000000	-0.939137	1.000000	0.000000	0.000000	0.000000	0.000000	-0.302569	-0.162451	0.000000	0.000000	0.162451	-0.302569
772.754700	-0.938203	0.000000	0.000000	-0.938203	1.000000	0.000000	0.000000	0.000000	0.000000	-0.301250	-0.170162	0.000000	0.000000	0.170162	-0.301250
773.167420	-0.937227	0.000000	0.000000	-0.937227	1.000000	0.000000	0.000000	0.000000	0.000000	-0.299878	-0.177839	0.000000	0.000000	0.177839	-0.299878
773.580080	-0.936191	0.000000	0.000000	-0.936191	1.000000	0.000000	0.000000	0.000000	0.000000	-0.298429	-0.185469	0.000000	0.000000	0.185469	-0.298429
773.992610	-0.935155	0.000000	0.000000	-0.935155	1.000000	0.000000	0.000000	0.000000	0.000000	-0.296980	-0.193096	0.000000	0.000000	0.193096	-0.296980
774.405030	-0.934019	0.000000	0.000000	-0.934019	1.000000	0.000000	0.000000	0.000000	0.000000	-0.295408	-0.200640	0.000000	0.000000	0.200640	-0.295408
774.817320	-0.932883	0.000000	0.000000	-0.932883	1.000000	0.000000	0.000000	0.000000	0.000000	-0.293833	-0.208180	0.000000	0.000000	0.208180	-0.293833
775.229550	-0.931691	0.000000	0.000000	-0.931691	1.000000	0.000000	0.000000	0.000000	0.000000	-0.292191	-0.215670	0.000000	0.000000	0.215670	-0.292191
775.641660	-0.930457	0.000000	0.000000	-0.930457	1.000000	0.000000	0.000000	0.000000	0.000000	-0.290496	-0.223119	0.000000	0.000000	0.223119	-0.290496
776.053650	-0.929210	0.000000	0.000000	-0.929210	1.000000	0.000000	0.000000	0.000000	0.000000	-0.288785	-0.230554	0.000000	0.000000	0.230554	-0.288785
776.465580	-0.927880	0.000000	0.000000	-0.927880	1.000000	0.000000	0.000000	0.000000	0.000000	-0.286972	-0.237908	0.000000	0.000000	0.237908	-0.286972
776.877380	-0.926550	0.000000	0.000000	-0.926550	1.000000	0.000000	0.000000	0.000000	0.000000	-0.285160	-0.245260	0.000000	0.000000	0.245260	-0.285160
777.289060	-0.925155	0.000000	0.000000	-0.925155	1.000000	0.000000	0.000000	0.000000	0.000000	-0.283268	-0.252542	0.000000	0.000000	0.252542	-0.283268
777.700680	-0.923732	0.000000	0.000000	-0.923732	1.000000	0.000000	0.000000	0.000000	0.000000	-0.281342	-0.259795	0.000000	0.000000	0.259795	-0.281342
778.112180	-0.922286	0.000000	0.000000	-0.922286	1.000000	0.000000	0.000000	0.000000	0.000000	-0.279387	-0.267019	0.000000	0.000000	0.267019	-0.279387
778.523560	-0.920773	0.000000	0.000000	-0.920773	1.000000	0.000000	0.000000	0.000000	0.000000	-0.277353	-0.274168	0.000000	0.000000	0.274168	-0.277353
778.934810	-0.919261	0.000000	0.000000	-0.919261	1.000000	0.000000	0.000000	0.000000	0.000000	-0.275319	-0.281316	0.000000	0.000000	0.281316	-0.275319
779.346010	-0.917675	0.000000	0.000000	-0.917675	1.000000	0.000000	0.000000	0.000000	0.000000	-0.273197	-0.288376	0.000000	0.000000	0.288376	-0.273197
779.757080	-0.916075	0.000000	0.000000	-0.916075	1.000000	0.000000	0.000000	0.000000	0.000000	-0.271059	-0.295418	0.000000	0.000000	0.295418	-0.271059
780.168030	-0.914441	0.000000	0.000000	-0.914441	1.000000	0.000000	0.000000	0.000000	0.000000	-0.268881	-0.302414	0.000000	0.000000	0.302414	-0.268881
780.578920	-0.912757	0.000000	0.000000	-0.912757	1.000000	0.000000	0.000000	0.000000	0.000000	-0.266644	-0.309347	0.000000	0.000000	0.309347	-0.266644
780.989690	-0.911073	0.000000	0.000000	-0.911073	1.000000	0.000000	0.000000	0.000000	0.000000	-0.264407	-0.316278	0.000000	0.000000	0.316278	-0.264407
781.400330	-0.909309	0.000000	0.000000	-0.909309	1.000000	0.000000	0.000000	0.000000	0.000000	-0.262078	-0.323101	0.000000	0.000000	0.323101	-0.262078
781.810850	-0.907544	0.000000	0.000000	-0.907544	1.000000	0.000000	0.000000	0.000000	0.000000	-0.259746	-0.329920	0.000000	0.000000	0.329920	-0.259746
782.221310	-0.905735	0.000000	0.000000	-0.905735	1.000000	0.000000	0.000000	0.000000	0.000000	-0.257366	-0.336678	0.000000	0.000000	0.336678	-0.257366
782.631650	-0.903889	0.000000	0.000000	-0.903889	1.000000	0.000000	0.000000	0.000000	0.000000	-0.254944	-0.343383	0.000000	0.000000	0.343383	-0.254944
783.041870	-0.902037	0.000000	0.000000	-0.902037	1.000000	0.000000	0.000000	0.000000	0.000000	-0.252514	-0.350075	0.000000	0.000000	0.350075	-0.252514
783.452030	-0.900115	0.000000	0.000000	-0.900115	1.000000	0.000000	0.000000	0.000000	0.000000	-0.250007	-0.356664	0.000000	0.000000	0.356664	-0.250007
783.862060	-0.898194	0.000000	0.000000	-0.898194	1.000000	0.000000	0.000000	0.000000	0.000000	-0.247500	-0.363252	0.000000	0.000000	0.363252	-0.247500
784.271970	-0.896224	0.000000	0.000000	-0.896224	1.000000	0.000000	0.000000	0.000000	0.000000	-0.244940	-0.369762	0.000000	0.000000	0.369762	-0.244940
784.681820	-0.894230	0.000000	0.000000	-0.894230	1.000000	0.000000	0.000000	0.000000	0.000000	-0.242353	-0.376232	0.000000	0.000000	0.376232	-0.242353
785.091490	-0.892220	0.000000	0.000000	-0.892220	1.000000	0.000000	0.000000	0.000000	0.000000	-0.239749	-0.382673	0.000000	0.000000	0.382673	-0.239749
785.501160	-0.890154	0.000000	0.000000	-0.890154	1.000000	0.000000	0.000000	0.000000	0.000000	-0.237085	-0.389023	0.000000	0.000000	0.389023	-0.237085
785.910640	-0.888090	0.000000	0.000000	-0.888090	1.000000	0.000000	0.000000	0.000000	0.000000	-0.234422	-0.395371	0.000000	0.000000	0.395371	-0.234422
786.320070	-0.885971	0.000000	0.000000	-0.885971	1.000000	0.000000	0.000000	0.000000	0.000000	-0.231703	-0.401626	0.000000	0.000000	0.401626	-0.231703
786.729370	-0.883838	0.000000	0.000000	-0.883838	1.000000	0.000000	0.000000	0.000000	0.000000	-0.228970	-0.407854	0.000000	0.000000	0.407854	-0.228970
787.138550	-0.881682	0.000000	0.000000	-0.881682	1.000000	0.000000	0.000000	0.000000	0.000000	-0.226213	-0.414040	0.000000	0.000000	0.414040	-0.226213
787.547610	-0.879484	0.000000	0.000000	-0.879484	1.000000	0.000000	0.000000	0.000000	0.000000	-0.223413	-0.420145	0.000000	0.000000	0.420145	-0.223413
787.956600	-0.877285	0.000000	0.000000	-0.877285	1.000000	0.000000	0.000000	0.000000	0.000000	-0.220612	-0.426249	0.000000	0.000000	0.426249	-0.220612
788.365480	-0.875030	0.000000	0.000000	-0.875030	1.000000	0.000000	0.000000	0.000000	0.000000	-0.217756	-0.432245	0.000000	0.000000	0.432245	-0.217756
788.774290	-0.872769	0.000000	0.000000	-0.872769	1.000000	0.000000	0.000000	0.000000	0.000000	-0.214894	-0.438228	0.000000	0.000000	0.438228	-0.214894
789.182980	-0.870480	0.000000	0.000000	-0.870480	1.000000	0.000000	0.000000	0.000000	0.000000	-0.212007	-0.444155	0.000000	0.000000	0.444155	-0.212007
789.591550	-0.868158	0.000000	0.000000	-0.868158	1.000000	0.000000	0.000000	0.000000	0.000000	-0.209087	-0.450015	0.000000	0.000000	0.450015	-0.209087
790.000000	-0.865837	0.000000	0.000000	-0.865837	1.000000	0.000000	0.000000	0.000000	0.000000	-0.206169	-0.455873	0.000000	0.000000	0.455873	-0.206169
790.408390	-0.863458	0.000000	0.000000	-0.863458	1.000000	0.000000	0.000000	0.000000	0.000000	-0.203197	-0.461609	0.000000	0.000000	0.461609	-0.203197
790.816650	-0.861079	0.000000	0.000000	-0.861079	1.000000	0.000000	0.000000	0.000000	0.000000	-0.200226	-0.467343	0.000000	0.000000	0.467343	-0.200226
791.224790	-0.858670	0.000000	0.000000	-0.858670	1.000000	0.000000	0.000000	0.000000	0.000000	-0.197228	-0.473009	0.000000	0.000000	0.473009	-0.197228
791.632810	-0.856236	0.000000	0.000000	-0.856236	1.000000	0.000000	0.000000	0.000000	0.000000	-0.194209	-0.478620	0.000000	0.000000	0.478620	-0.194209
792.040770	-0.853797	0.000000	0.000000	-0.853797	1.000000	0.000000	0.000000	0.000000	0.000000	-0.191185	-0.484219	0.000000	0.000000	0.484219	-0.191185
792.448610	-0.851310	0.000000	0.000000	-0.851310	1.000000	0.000000	0.000000	0.000000	0.000000	-0.188122	-0.489707	0.000000	0.000000	0.489707	-0.188122
792.856380	-0.848824	0.000000	0.000000	-0.848824	1.000000	0.000000	0.000000	0.000000	0.000000	-0.185060	-0.495195	0.000000	0.000000	0.495195	-0.185060
793.263980	-0.846304	0.000000	0.000000	-0.846304	1.000000	0.000000	0.000000	0.000000	0.000000	-0.181972	-0.500603	0.000000	0.000000	0.500603	-0.181972
793.671510	-0.843767	0.000000	0.000000	-0.843767	1.000000	0.000000	0.000000	0.000000	0.000000	-0.178869	-0.505967	0.000000	0.000000	0.505967	-0.178869
794.078920	-0.841221	0.000000	0.000000	-0.841221	1.000000	0.000000	0.000000	0.000000	0.000000	-0.175761	-0.511307	0.000000	0.000000	0.511307	-0.175761
794.486270	-0.838636	0.000000	0.000000	-0.838636	1.000000	0.000000	0.000000	0.000000	0.000000	-0.172624	-0.516550	0.000000	0.000000	0.516550	-0.172624
794.893490	-0.836051	0.000000	0.000000	-0.836051	1.000000	0.000000	0.000000	0.000000	0.000000	-0.169487	-0.521792	0.000000	0.000000	0.521792	-0.169487
795.300600	-0.833432	0.000000	0.000000	-0.833432	1.000000	0.000000	0.000000	0.000000	0.000000	-0.166328	-0.526945	0.000000	0.000000	0.526945	-0.166328
795.707580	-0.830801	0.000000	0.000000	-0.830801	1.000000	0.000000	0.000000	0.000000	0.000000	-0.163161	-0.532065	0.000000	0.000000	0.532065	-0.163161
796.114500	-0.828158	0.000000	0.000000	-0.828158	1.000000	0.000000	0.000000	0.000000	0.000000	-0.159987	-0.537152	0.000000	0.000000	0.537152	-0.159987
796.521300	-0.825483	0.000000	0.000000	-0.825483	1.000000	0.000000	0.000000	0.000000	0.000000	-0.156793	-0.542152	0.000000	0.000000	0.542152	-0.156793
796.928040	-0.822809	0.000000	0.000000	-0.822809	1.000000	0.000000	0.000000	0.000000	0.000000	-0.153599	-0.547152	0.000000	0.000000	0.547152	-0.153599
797.334590	-0.820100	0.000000	0.000000	-0.820100	1.000000	0.000000	0.000000	0.000000	0.000000	-0.150386	-0.552054	0.000000	0.000000	0.552054	-0.150386
797.741090	-0.817384	0.000000	0.000000	-0.817384	1.000000	0.000000	0.000000	0.000000	0.000000	-0.147170	-0.556935	0.000000	0.000000	0.556935	-0.147170
798.147460	-0.814654	0.000000	0.000000	-0.814654	1.000000	0.000000	0.000000	0.000000	0.000000	-0.143947	-0.561772	0.000000	0.000000	0.561772	-0.143947
798.553770	-0.811897	0.000000	0.000000	-0.811897	1.000000	0.000000	0.000000	0.000000	0.000000	-0.140711	-0.566535	0.000000	0.000000	0.566535	-0.140711
798.959960	-0.809142	0.000000	0.000000	-0.809142	1.000000	0.000000	0.000000	0.000000	0.000000	-0.137476	-0.571298	0.000000	0.000000	0.571298	-0.137476
799.366030	-0.806351	0.000000	0.000000	-0.806351	1.000000	0.000000	0.000000	0.000000	0.000000	-0.134227	-0.575956	0.000000	0.000000	0.575956	-0.134227
799.771970	-0.803557	0.000000	0.000000	-0.803557	1.000000	0.000000	0.000000	0.000000	0.000000	-0.130977	-0.580602	0.000000	0.000000	0.580602	-0.130977
800.177860	-0.800746	0.000000	0.000000	-0.800746	1.000000	0.000000	0.000000	0.000000	0.000000	-0.127723	-0.585198	0.000000	0.000000	0.585198	-0.127723
800.583620	-0.797916	0.000000	0.000000	-0.797916	1.000000	0.000000	0.000000	0.000000	0.000000	-0.124461	-0.589730	0.000000	0.000000	0.589730	-0.124461
800.989260	-0.795086	0.000000	0.000000	-0.795086	1.000000	0.000000	0.000000	0.000000	0.000000	-0.121201	-0.594260	0.000000	0.000000	0.594260	-0.121201
801.394780	-0.792222	0.000000	0.000000	-0.792222	1.000000	0.000000	0.000000	0.000000	0.000000	-0.117933	-0.598682	0.000000	0.000000	0.598682	-0.117933
801.800230	-0.789357	0.000000	0.000000	-0.789357	1.000000	0.000000	0.000000	0.000000	0.000000	-0.114664	-0.603100	0.000000	0.000000	0.603100	-0.114664
802.205570	-0.786476	0.000000	0.000000	-0.786476	1.000000	0.000000	0.000000	0.000000	0.000000	-0.111394	-0.607462	0.000000	0.000000	0.607462	-0.111394
802.610840	-0.783577	0.000000	0.000000	-0.783577	1.000000	0.000000	0.000000	0.000000	0.000000	-0.108120	-0.611770	0.000000	0.000000	0.611770	-0.108120
803.015990	-0.780677	0.000000	0.000000	-0.780677	1.000000	0.000000	0.000000	0.000000	0.000000	-0.104848	-0.616073	0.000000	0.000000	0.616073	-0.104848
803.421020	-0.777747	0.000000	0.000000	-0.777747	1.000000	0.000000	0.000000	0.000000	0.000000	-0.101573	-0.620271	0.000000	0.000000	0.620271	-0.101573
803.825930	-0.774818	0.000000	0.000000	-0.774818	1.000000	0.000000	0.000000	0.000000	0.000000	-0.098300	-0.624469	0.000000	0.000000	0.624469	-0.098300
804.230770	-0.771871	0.000000	0.000000	-0.771871	1.000000	0.000000	0.000000	0.000000	0.000000	-0.095027	-0.628606	0.000000	0.000000	0.628606	-0.095027
804.635440	-0.768911	0.000000	0.000000	-0.768911	1.000000	0.000000	0.000000	0.000000	0.000000	-0.091756	-0.632697	0.000000	0.000000	0.632697	-0.091756
805.040100	-0.765949	0.000000	0.000000	-0.765949	1.000000	0.000000	0.000000	0.000000	0.000000	-0.088485	-0.636777	0.000000	0.000000	0.636777	-0.088485
805.444580	-0.762959	0.000000	0.000000	-0.762959	1.000000	0.000000	0.000000	0.000000	0.000000	-0.085219	-0.640763	0.000000	0.000000	0.640763	-0.085219
805.849000	-0.759970	0.000000	0.000000	-0.759970	1.000000	0.000000	0.000000	0.000000	0.000000	-0.081954	-0.644749	0.000000	0.000000	0.644749	-0.081954
806.253300	-0.756963	0.000000	0.000000	-0.756963	1.000000	0.000000	0.000000	0.000000	0.000000	-0.078694	-0.648671	0.000000	0.000000	0.648671	-0.078694
806.657470	-0.753946	0.000000	0.000000	-0.753946	1.000000	0.000000	0.000000	0.000000	0.000000	-0.075437	-0.652554	0.000000	0.000000	0.652554	-0.075437
807.061580	-0.750925	0.000000	0.000000	-0.750925	1.000000	0.000000	0.000000	0.000000	0.000000	-0.072182	-0.656422	0.000000	0.000000	0.656422	-0.072182
807.465580	-0.747880	0.000000	0.000000	-0.747880	1.000000	0.000000	0.000000	0.000000	0.000000	-0.068936	-0.660206	0.000000	0.000000	0.660206	-0.068936
807.869450	-0.744836	0.000000	0.000000	-0.744836	1.000000	0.000000	0.000000	0.000000	0.000000	-0.065690	-0.663988	0.000000	0.000000	0.663988	-0.065690
808.273250	-0.741773	0.000000	0.000000	-0.741773	1.000000	0.000000	0.000000	0.000000	0.000000	-0.062453	-0.667706	0.000000	0.000000	0.667706	-0.062453
808.676940	-0.738703	0.000000	0.000000	-0.738703	1.000000	0.000000	0.000000	0.000000	0.000000	-0.059221	-0.671391	0.000000	0.000000	0.671391	-0.059221
809.080510	-0.735627	0.000000	0.000000	-0.735627	1.000000	0.000000	0.000000	0.000000	0.000000	-0.055993	-0.675057	0.000000	0.000000	0.675057	-0.055993
809.483950	-0.732531	0.000000	0.000000	-0.732531	1.000000	0.000000	0.000000	0.000000	0.000000	-0.052778	-0.678648	0.000000	0.000000	0.678648	-0.052778
809.887330	-0.729436	0.000000	0.000000	-0.729436	1.000000	0.000000	0.000000	0.000000	0.000000	-0.049563	-0.682237	0.000000	0.000000	0.682237	-0.049563
810.290590	-0.726322	0.000000	0.000000	-0.726322	1.000000	0.000000	0.000000	0.000000	0.000000	-0.046361	-0.685761	0.000000	0.000000	0.685761	-0.046361
810.693730	-0.723201	0.000000	0.000000	-0.723201	1.000000	0.000000	0.000000	0.000000	0.000000	-0.043165	-0.689257	0.000000	0.000000	0.689257	-0.043165
811.096800	-0.720074	0.000000	0.000000	-0.720074	1.000000	0.000000	0.000000	0.000000	0.000000	-0.039974	-0.692732	0.000000	0.000000	0.692732	-0.039974
811.499760	-0.716929	0.000000	0.000000	-0.716929	1.000000	0.000000	0.000000	0.000000	0.000000	-0.036799	-0.696139	0.000000	0.000000	0.696139	-0.036799
811.902590	-0.713784	0.000000	0.000000	-0.713784	1.000000	0.000000	0.000000	0.000000	0.000000	-0.033625	-0.699545	0.000000	0.000000	0.699545	-0.033625
812.305300	-0.710621	0.000000	0.000000	-0.710621	1.000000	0.000000	0.000000	0.000000	0.000000	-0.030469	-0.702886	0.000000	0.000000	0.702886	-0.030469
812.707950	-0.707452	0.000000	0.000000	-0.707452	1.000000	0.000000	0.000000	0.000000	0.000000	-0.027319	-0.706205	0.000000	0.000000	0.706205	-0.027319
813.110470	-0.704278	0.000000	0.000000	-0.704278	1.000000	0.000000	0.000000	0.000000	0.000000	-0.024176	-0.709500	0.000000	0.000000	0.709500	-0.024176
813.512940	-0.701085	0.000000	0.000000	-0.701085	1.000000	0.000000	0.000000	0.000000	0.000000	-0.021052	-0.712734	0.000000	0.000000	0.712734	-0.021052
813.915220	-0.697894	0.000000	0.000000	-0.697894	1.000000	0.000000	0.000000	0.000000	0.000000	-0.017929	-0.715967	0.000000	0.000000	0.715967	-0.017929
814.317440	-0.694683	0.000000	0.000000	-0.694683	1.000000	0.000000	0.000000	0.000000	0.000000	-0.014827	-0.719135	0.000000	0.000000	0.719135	-0.014827
814.719540	-0.691468	0.000000	0.000000	-0.691468	1.000000	0.000000	0.000000	0.000000	0.000000	-0.011732	-0.722286	0.000000	0.000000	0.722286	-0.011732
815.121580	-0.688246	0.000000	0.000000	-0.688246	1.000000	0.000000	0.000000	0.000000	0.000000	-0.008646	-0.725413	0.000000	0.000000	0.725413	-0.008646
815.523500	-0.685008	0.000000	0.000000	-0.685008	1.000000	0.000000	0.000000	0.000000	0.000000	-0.005580	-0.728484	0.000000	0.000000	0.728484	-0.005580
815.925290	-0.681770	0.000000	0.000000	-0.681770	1.000000	0.000000	0.000000	0.000000	0.000000	-0.002516	-0.731554	0.000000	0.000000	0.731554	-0.002516
816.326970	-0.678513	0.000000	0.000000	-0.678513	1.000000	0.000000	0.000000	0.000000	0.000000	0.000524	-0.734562	0.000000	0.000000	0.734562	0.000524
816.728580	-0.675251	0.000000	0.000000	-0.675251	1.000000	0.000000	0.000000	0.000000	0.000000	0.003557	-0.737556	0.000000	0.000000	0.737556	0.003557
817.130070	-0.671982	0.000000	0.000000	-0.671982	1.000000	0.000000	0.000000	0.000000	0.000000	0.006579	-0.740525	0.000000	0.000000	0.740525	0.006579
817.531430	-0.668697	0.000000	0.000000	-0.668697	1.000000	0.000000	0.000000	0.000000	0.000000	0.009578	-0.743444	0.000000	0.000000	0.743444	0.009578
817.932740	-0.665413	0.000000	0.000000	-0.665413	1.000000	0.000000	0.000000	0.000000	0.000000	0.012576	-0.746363	0.000000	0.000000	0.746363	0.012576
818.333920	-0.662108	0.000000	0.000000	-0.662108	1.000000	0.000000	0.000000	0.000000	0.000000	0.015546	-0.749222	0.000000	0.000000	0.749222	0.015546
818.734990	-0.658800	0.000000	0.000000	-0.658800	1.000000	0.000000	0.000000	0.000000	0.000000	0.018508	-0.752068	0.000000	0.000000	0.752068	0.018508
819.135930	-0.655484	0.000000	0.000000	-0.655484	1.000000	0.000000	0.000000	0.000000	0.000000	0.021458	-0.754891	0.000000	0.000000	0.754891	0.021458
819.536800	-0.652152	0.000000	0.000000	-0.652152	1.000000	0.000000	0.000000	0.000000	0.000000	0.024384	-0.757667	0.000000	0.000000	0.757667	0.024384
819.937560	-0.648821	0.000000	0.000000	-0.648821	1.000000	0.000000	0.000000	0.000000	0.000000	0.027308	-0.760443	0.000000	0.000000	0.760443	0.027308
820.338260	-0.645468	0.000000	0.000000	-0.645468	1.000000	0.000000	0.000000	0.000000	0.000000	0.030201	-0.763165	0.000000	0.000000	0.763165	0.030201
820.738770	-0.642113	0.000000	0.000000	-0.642113	1.000000	0.000000	0.000000	0.000000	0.000000	0.033087	-0.765875	0.000000	0.000000	0.765875	0.033087
821.139220	-0.638748	0.000000	0.000000	-0.638748	1.000000	0.000000	0.000000	0.000000	0.000000	0.035959	-0.768562	0.000000	0.000000	0.768562	0.035959
821.539550	-0.635368	0.000000	0.000000	-0.635368	1.000000	0.000000	0.000000	0.000000	0.000000	0.038805	-0.771208	0.000000	0.000000	0.771208	0.038805
821.939820	-0.631987	0.000000	0.000000	-0.631987	1.000000	0.000000	0.000000	0.000000	0.000000	0.041650	-0.773853	0.000000	0.000000	0.773853	0.041650
822.339970	-0.628584	0.000000	0.000000	-0.628584	1.000000	0.000000	0.000000	0.000000	0.000000	0.044461	-0.776447	0.000000	0.000000	0.776447	0.044461
822.739990	-0.625178	0.000000	0.000000	-0.625178	1.000000	0.000000	0.000000	0.000000	0.000000	0.047264	-0.779030	0.000000	0.000000	0.779030	0.047264
823.139890	-0.621763	0.000000	0.000000	-0.621763	1.000000	0.000000	0.000000	0.000000	0.000000	0.050052	-0.781592	0.000000	0.000000	0.781592	0.050052
823.539730	-0.618330	0.000000	0.000000	-0.618330	1.000000	0.000000	0.000000	0.000000	0.000000	0.052812	-0.784117	0.000000	0.000000	0.784117	0.052812
823.939450	-0.614898	0.000000	0.000000	-0.614898	1.000000	0.000000	0.000000	0.000000	0.000000	0.055571	-0.786641	0.000000	0.000000	0.786641	0.055571
824.339050	-0.611443	0.000000	0.000000	-0.611443	1.000000	0.000000	0.000000	0.000000	0.000000	0.058293	-0.789116	0.000000	0.000000	0.789116	0.058293
824.738590	-0.607983	0.000000	0.000000	-0.607983	1.000000	0.000000	0.000000	0.000000	0.000000	0.061008	-0.791583	0.000000	0.000000	0.791583	0.061008
825.138000	-0.604515	0.000000	0.000000	-0.604515	1.000000	0.000000	0.000000	0.000000	0.000000	0.063708	-0.794031	0.000000	0.000000	0.794031	0.063708
825.537290	-0.601027	0.000000	0.000000	-0.601027	1.000000	0.000000	0.000000	0.000000	0.000000	0.066377	-0.796443	0.000000	0.000000	0.796443	0.066377
825.936460	-0.597540	0.000000	0.000000	-0.597540	1.000000	0.000000	0.000000	0.000000	0.000000	0.069045	-0.798855	0.000000	0.000000	0.798855	0.069045
826.335570	-0.594027	0.000000	0.000000	-0.594027	1.000000	0.000000	0.000000	0.000000	0.000000	0.071675	-0.801224	0.000000	0.000000	0.801224	0.071675
826.734560	-0.590511	0.000000	0.000000	-0.590511	1.000000	0.000000	0.000000	0.000000	0.000000	0.074297	-0.803584	0.000000	0.000000	0.803584	0.074297
827.133420	-0.586984	0.000000	0.000000	-0.586984	1.000000	0.000000	0.000000	0.000000	0.000000	0.076902	-0.805927	0.000000	0.000000	0.805927	0.076902
827.532230	-0.583436	0.000000	0.000000	-0.583436	1.000000	0.000000	0.000000	0.000000	0.000000	0.079477	-0.808237	0.000000	0.000000	0.808237	0.079477
827.930910	-0.579889	0.000000	0.000000	-0.579889	1.000000	0.000000	0.000000	0.000000	0.000000	0.082050	-0.810547	0.000000	0.000000	0.810547	0.082050
828.329470	-0.576315	0.000000	0.000000	-0.576315	1.000000	0.000000	0.000000	0.000000	0.000000	0.084583	-0.812818	0.000000	0.000000	0.812818	0.084583
828.727970	-0.572735	0.000000	0.000000	-0.572735	1.000000	0.000000	0.000000	0.000000	0.000000	0.087108	-0.815080	0.000000	0.000000	0.815080	0.087108
829.126340	-0.569146	0.000000	0.000000	-0.569146	1.000000	0.000000	0.000000	0.000000	0.000000	0.089616	-0.817328	0.000000	0.000000	0.817328	0.089616
829.524600	-0.565533	0.000000	0.000000	-0.565533	1.000000	0.000000	0.000000	0.000000	0.000000	0.092090	-0.819545	0.000000	0.000000	0.819545	0.092090
829.922730	-0.561921	0.000000	0.000000	-0.561921	1.000000	0.000000	0.000000	0.000000	0.000000	0.094563	-0.821761	0.000000	0.000000	0.821761	0.094563
830.320800	-0.558280	0.000000	0.000000	-0.558280	1.000000	0.000000	0.000000	0.000000	0.000000	0.096996	-0.823943	0.000000	0.000000	0.823943	0.096996
830.718750	-0.554633	0.000000	0.000000	-0.554633	1.000000	0.000000	0.000000	0.000000	0.000000	0.099419	-0.826116	0.000000	0.000000	0.826116	0.099419
831.116580	-0.550975	0.000000	0.000000	-0.550975	1.000000	0.000000	0.000000	0.000000	0.000000	0.101826	-0.828277	0.000000	0.000000	0.828277	0.101826
831.514340	-0.547290	0.000000	0.000000	-0.547290	1.000000	0.000000	0.000000	0.000000	0.000000	0.104196	-0.830409	0.000000	0.000000	0.830409	0.104196
831.911930	-0.543607	0.000000	0.000000	-0.543607	1.000000	0.000000	0.000000	0.000000	0.000000	0.106566	-0.832540	0.000000	0.000000	0.832540	0.106566
832.309510	-0.539892	0.000000	0.000000	-0.539892	1.000000	0.000000	0.000000	0.000000	0.000000	0.108895	-0.834641	0.000000	0.000000	0.834641	0.108895
832.706910	-0.536170	0.000000	0.000000	-0.536170	1.000000	0.000000	0.000000	0.000000	0.000000	0.111212	-0.836733	0.000000	0.000000	0.836733	0.111212
833.104250	-0.532437	0.000000	0.000000	-0.532437	1.000000	0.000000	0.000000	0.000000	0.000000	0.113514	-0.838815	0.000000	0.000000	0.838815	0.113514
833.501460	-0.528674	0.000000	0.000000	-0.528674	1.000000	0.000000	0.000000	0.000000	0.000000	0.115777	-0.840870	0.000000	0.000000	0.840870	0.115777
833.898560	-0.524912	0.000000	0.000000	-0.524912	1.000000	0.000000	0.000000	0.000000	0.000000	0.118039	-0.842924	0.000000	0.000000	0.842924	0.118039
834.295590	-0.521117	0.000000	0.000000	-0.521117	1.000000	0.000000	0.000000	0.000000	0.000000	0.120261	-0.844952	0.000000	0.000000	0.844952	0.120261
834.692500	-0.517311	0.000000	0.000000	-0.517311	1.000000	0.000000	0.000000	0.000000	0.000000	0.122469	-0.846971	0.000000	0.000000	0.846971	0.122469
835.089290	-0.513496	0.000000	0.000000	-0.513496	1.000000	0.000000	0.000000	0.000000	0.000000	0.124663	-0.848982	0.000000	0.000000	0.848982	0.124663
835.485960	-0.509646	0.000000	0.000000	-0.509646	1.000000	0.000000	0.000000	0.000000	0.000000	0.126815	-0.850966	0.000000	0.000000	0.850966	0.126815
835.882570	-0.505796	0.000000	0.000000	-0.505796	1.000000	0.000000	0.000000	0.000000	0.000000	0.128966	-0.852950	0.000000	0.000000	0.852950	0.128966
836.279050	-0.501912	0.000000	0.000000	-0.501912	1.000000	0.000000	0.000000	0.000000	0.000000	0.131078	-0.854911	0.000000	0.000000	0.854911	0.131078
836.675480	-0.498015	0.000000	0.000000	-0.498015	1.000000	0.000000	0.000000	0.000000	0.000000	0.133174	-0.856862	0.000000	0.000000	0.856862	0.133174
837.071720	-0.494109	0.000000	0.000000	-0.494109	1.000000	0.000000	0.000000	0.000000	0.000000	0.135258	-0.858808	0.000000	0.000000	0.858808	0.135258
837.467900	-0.490162	0.000000	0.000000	-0.490162	1.000000	0.000000	0.000000	0.000000	0.000000	0.137296	-0.860728	0.000000	0.000000	0.860728	0.137296
837.864010	-0.486216	0.000000	0.000000	-0.486216	1.000000	0.000000	0.000000	0.000000	0.000000	0.139334	-0.862649	0.000000	0.000000	0.862649	0.139334
838.259950	-0.482235	0.000000	0.000000	-0.482235	1.000000	0.000000	0.000000	0.000000	0.000000	0.141334	-0.864549	0.000000	0.000000	0.864549	0.141334
838.655820	-0.478236	0.000000	0.000000	-0.478236	1.000000	0.000000	0.000000	0.000000	0.000000	0.143314	-0.866440	0.000000	0.000000	0.866440	0.143314
839.051570	-0.474231	0.000000	0.000000	-0.474231	1.000000	0.000000	0.000000	0.000000	0.000000	0.145285	-0.868326	0.000000	0.000000	0.868326	0.145285
839.447270	-0.470176	0.000000	0.000000	-0.470176	1.000000	0.000000	0.000000	0.000000	0.000000	0.147207	-0.870188	0.000000	0.000000	0.870188	0.147207
839.842770	-0.466123	0.000000	0.000000	-0.466123	1.000000	0.000000	0.000000	0.000000	0.000000	0.149127	-0.872050	0.000000	0.000000	0.872050	0.149127
840.238220	-0.462034	0.000000	0.000000	-0.462034	1.000000	0.000000	0.000000	0.000000	0.000000	0.151013	-0.873895	0.000000	0.000000	0.873895	0.151013
840.633610	-0.457922	0.000000	0.000000	-0.457922	1.000000	0.000000	0.000000	0.000000	0.000000	0.152875	-0.875729	0.000000	0.000000	0.875729	0.152875
841.028810	-0.453807	0.000000	0.000000	-0.453807	1.000000	0.000000	0.000000	0.000000	0.000000	0.154731	-0.877561	0.000000	0.000000	0.877561	0.154731
841.423950	-0.449633	0.000000	0.000000	-0.449633	1.000000	0.000000	0.000000	0.000000	0.000000	0.156532	-0.879369	0.000000	0.000000	0.879369	0.156532
841.818970	-0.445461	0.000000	0.000000	-0.445461	1.000000	0.000000	0.000000	0.000000	0.000000	0.158333	-0.881177	0.000000	0.000000	0.881177	0.158333
842.213930	-0.441253	0.000000	0.000000	-0.441253	1.000000	0.000000	0.000000	0.000000	0.000000	0.160101	-0.882970	0.000000	0.000000	0.882970	0.160101
842.608760	-0.437016	0.000000	0.000000	-0.437016	1.000000	0.000000	0.000000	0.000000	0.000000	0.161841	-0.884752	0.000000	0.000000	0.884752	0.161841
843.003480	-0.432780	0.000000	0.000000	-0.432780	1.000000	0.000000	0.000000	0.000000	0.000000	0.163581	-0.886533	0.000000	0.000000	0.886533	0.163581
843.398070	-0.428476	0.000000	0.000000	-0.428476	1.000000	0.000000	0.000000	0.000000	0.000000	0.165259	-0.888291	0.000000	0.000000	0.888291	0.165259
843.792600	-0.424172	0.000000	0.000000	-0.424172	1.000000	0.000000	0.000000	0.000000	0.000000	0.166938	-0.890047	0.000000	0.000000	0.890047	0.166938
844.187010	-0.419835	0.000000	0.000000	-0.419835	1.000000	0.000000	0.000000	0.000000	0.000000	0.168586	-0.891792	0.000000	0.000000	0.891792	0.168586
844.581300	-0.415460	0.000000	0.000000	-0.415460	1.000000	0.000000	0.000000	0.000000	0.000000	0.170202	-0.893524	0.000000	0.000000	0.893524	0.170202
844.975520	-0.411087	0.000000	0.000000	-0.411087	1.000000	0.000000	0.000000	0.000000	0.000000	0.171818	-0.895255	0.000000	0.000000	0.895255	0.171818
845.369630	-0.406641	0.000000	0.000000	-0.406641	1.000000	0.000000	0.000000	0.000000	0.000000	0.173374	-0.896965	0.000000	0.000000	0.896965	0.173374
845.763610	-0.402192	0.000000	0.000000	-0.402192	1.000000	0.000000	0.000000	0.000000	0.000000	0.174927	-0.898672	0.000000	0.000000	0.898672	0.174927
846.157470	-0.397712	0.000000	0.000000	-0.397712	1.000000	0.000000	0.000000	0.000000	0.000000	0.176453	-0.900370	0.000000	0.000000	0.900370	0.176453
846.551270	-0.393184	0.000000	0.000000	-0.393184	1.000000	0.000000	0.000000	0.000000	0.000000	0.177942	-0.902054	0.000000	0.000000	0.902054	0.177942
846.944950	-0.388658	0.000000	0.000000	-0.388658	1.000000	0.000000	0.000000	0.000000	0.000000	0.179431	-0.903738	0.000000	0.000000	0.903738	0.179431
847.338500	-0.384059	0.000000	0.000000	-0.384059	1.000000	0.000000	0.000000	0.000000	0.000000	0.180864	-0.905400	0.000000	0.000000	0.905400	0.180864
847.731990	-0.379450	0.000000	0.000000	-0.379450	1.000000	0.000000	0.000000	0.000000	0.000000	0.182288	-0.907059	0.000000	0.000000	0.907059	0.182288
848.125370	-0.374813	0.000000	0.000000	-0.374813	1.000000	0.000000	0.000000	0.000000	0.000000	0.183691	-0.908710	0.000000	0.000000	0.908710	0.183691
848.518620	-0.370117	0.000000	0.000000	-0.370117	1.000000	0.000000	0.000000	0.000000	0.000000	0.185050	-0.910345	0.000000	0.000000	0.910345	0.185050
848.911740	-0.365422	0.000000	0.000000	-0.365422	1.000000	0.000000	0.000000	0.000000	0.000000	0.186408	-0.911979	0.000000	0.000000	0.911979	0.186408
849.304810	-0.360655	0.000000	0.000000	-0.360655	1.000000	0.000000	0.000000	0.000000	0.000000	0.187716	-0.913594	0.000000	0.000000	0.913594	0.187716
849.697750	-0.355869	0.000000	0.000000	-0.355869	1.000000	0.000000	0.000000	0.000000	0.000000	0.189008	-0.915203	0.000000	0.000000	0.915203	0.189008
850.090640	-0.351060	0.000000	0.000000	-0.351060	1.000000	0.000000	0.000000	0.000000	0.000000	0.190285	-0.916806	0.000000	0.000000	0.916806	0.190285
850.483340	-0.346179	0.000000	0.000000	-0.346179	1.000000	0.000000	0.000000	0.000000	0.000000	0.191511	-0.918389	0.000000	0.000000	0.918389	0.191511
850.875980	-0.341298	0.000000	0.000000	-0.341298	1.000000	0.000000	0.000000	0.000000	0.000000	0.192737	-0.919972	0.000000	0.000000	0.919972	0.192737
851.268550	-0.336347	0.000000	0.000000	-0.336347	1.000000	0.000000	0.000000	0.000000	0.000000	0.193916	-0.921537	0.000000	0.000000	0.921537	0.193916
851.660950	-0.331366	0.000000	0.000000	-0.331366	1.000000	0.000000	0.000000	0.000000	0.000000	0.195074	-0.923093	0.000000	0.000000	0.923093	0.195074
852.053280	-0.326371	0.000000	0.000000	-0.326371	1.000000	0.000000	0.000000	0.000000	0.000000	0.196223	-0.924646	0.000000	0.000000	0.924646	0.196223
852.445500	-0.321285	0.000000	0.000000	-0.321285	1.000000	0.000000	0.000000	0.000000	0.000000	0.197313	-0.926173	0.000000	0.000000	0.926173	0.197313
852.837590	-0.316201	0.000000	0.000000	-0.316201	1.000000	0.000000	0.000000	0.000000	0.000000	0.198402	-0.927700	0.000000	0.000000	0.927700	0.198402
853.229610	-0.311052	0.000000	0.000000	-0.311052	1.000000	0.000000	0.000000	0.000000	0.000000	0.199451	-0.929210	0.000000	0.000000	0.929210	0.199451
853.621520	-0.305857	0.000000	0.000000	-0.305857	1.000000	0.000000	0.000000	0.000000	0.000000	0.200471	-0.930707	0.000000	0.000000	0.930707	0.200471
854.013310	-0.300661	0.000000	0.000000	-0.300661	1.000000	0.000000	0.000000	0.000000	0.000000	0.201488	-0.932203	0.000000	0.000000	0.932203	0.201488
854.405030	-0.295351	0.000000	0.000000	-0.295351	1.000000	0.000000	0.000000	0.000000	0.000000	0.202439	-0.933669	0.000000	0.000000	0.933669	0.202439
854.796630	-0.290043	0.000000	0.000000	-0.290043	1.000000	0.000000	0.000000	0.000000	0.000000	0.203389	-0.935134	0.000000	0.000000	0.935134	0.203389
855.188110	-0.284677	0.000000	0.000000	-0.284677	1.000000	0.000000	0.000000	0.000000	0.000000	0.204305	-0.936583	0.000000	0.000000	0.936583	0.204305
855.579530	-0.279248	0.000000	0.000000	-0.279248	1.000000	0.000000	0.000000	0.000000	0.000000	0.205184	-0.938013	0.000000	0.000000	0.938013	0.205184
855.970760	-0.273823	0.000000	0.000000	-0.273823	1.000000	0.000000	0.000000	0.000000	0.000000	0.206063	-0.939443	0.000000	0.000000	0.939443	0.206063
856.362000	-0.268277	0.000000	0.000000	-0.268277	1.000000	0.000000	0.000000	0.000000	0.000000	0.206876	-0.940840	0.000000	0.000000	0.940840	0.206876
856.753050	-0.262724	0.000000	0.000000	-0.262724	1.000000	0.000000	0.000000	0.000000	0.000000	0.207683	-0.942233	0.000000	0.000000	0.942233	0.207683
857.144040	-0.257123	0.000000	0.000000	-0.257123	1.000000	0.000000	0.000000	0.000000	0.000000	0.208464	-0.943612	0.000000	0.000000	0.943612	0.208464
857.534850	-0.251440	0.000000	0.000000	-0.251440	1.000000	0.000000	0.000000	0.000000	0.000000	0.209199	-0.944964	0.000000	0.000000	0.944964	0.209199
857.925660	-0.245757	0.000000	0.000000	-0.245757	1.000000	0.000000	0.000000	0.000000	0.000000	0.209934	-0.946317	0.000000	0.000000	0.946317	0.209934
858.316280	-0.239963	0.000000	0.000000	-0.239963	1.000000	0.000000	0.000000	0.000000	0.000000	0.210609	-0.947634	0.000000	0.000000	0.947634	0.210609
858.706850	-0.234144	0.000000	0.000000	-0.234144	1.000000	0.000000	0.000000	0.000000	0.000000	0.211270	-0.948943	0.000000	0.000000	0.948943	0.211270
859.097290	-0.228290	0.000000	0.000000	-0.228290	1.000000	0.000000	0.000000	0.000000	0.000000	0.211912	-0.950239	0.000000	0.000000	0.950239	0.211912
859.487670	-0.222328	0.000000	0.000000	-0.222328	1.000000	0.000000	0.000000	0.000000	0.000000	0.212499	-0.951500	0.000000	0.000000	0.951500	0.212499
859.877870	-0.216368	0.000000	0.000000	-0.216368	1.000000	0.000000	0.000000	0.000000	0.000000	0.213086	-0.952761	0.000000	0.000000	0.952761	0.213086
860.268010	-0.210305	0.000000	0.000000	-0.210305	1.000000	0.000000	0.000000	0.000000	0.000000	0.213622	-0.953985	0.000000	0.000000	0.953985	0.213622
860.658080	-0.204195	0.000000	0.000000	-0.204195	1.000000	0.000000	0.000000	0.000000	0.000000	0.214133	-0.955193	0.000000	0.000000	0.955193	0.214133
861.047970	-0.198069	0.000000	0.000000	-0.198069	1.000000	0.000000	0.000000	0.000000	0.000000	0.214636	-0.956394	0.000000	0.000000	0.956394	0.214636
861.437810	-0.191805	0.000000	0.000000	-0.191805	1.000000	0.000000	0.000000	0.000000	0.000000	0.215071	-0.957544	0.000000	0.000000	0.957544	0.215071
861.827510	-0.185544	0.000000	0.000000	-0.185544	1.000000	0.000000	0.000000	0.000000	0.000000	0.215506	-0.958693	0.000000	0.000000	0.958693	0.215506
862.217160	-0.179191	0.000000	0.000000	-0.179191	1.000000	0.000000	0.000000	0.000000	0.000000	0.215898	-0.959808	0.000000	0.000000	0.959808	0.215898
862.606690	-0.172768	0.000000	0.000000	-0.172768	1.000000	0.000000	0.000000	0.000000	0.000000	0.216256	-0.960894	0.000000	0.000000	0.960894	0.216256
862.996090	-0.166347	0.000000	0.000000	-0.166347	1.000000	0.000000	0.000000	0.000000	0.000000	0.216613	-0.961980	0.000000	0.000000	0.961980	0.216613
863.385380	-0.159760	0.000000	0.000000	-0.159760	1.000000	0.000000	0.000000	0.000000	0.000000	0.216894	-0.962998	0.000000	0.000000	0.962998	0.216894
863.774600	-0.153171	0.000000	0.000000	-0.153171	1.000000	0.000000	0.000000	0.000000	0.000000	0.217174	-0.964014	0.000000	0.000000	0.964014	0.217174
864.163700	-0.146511	0.000000	0.000000	-0.146511	1.000000	0.000000	0.000000	0.000000	0.000000	0.217420	-0.964998	0.000000	0.000000	0.964998	0.217420
864.552670	-0.139749	0.000000	0.000000	-0.139749	1.000000	0.000000	0.000000	0.000000	0.000000	0.217621	-0.965938	0.000000	0.000000	0.965938	0.217621
864.941530	-0.132990	0.000000	0.000000	-0.132990	1.000000	0.000000	0.000000	0.000000	0.000000	0.217821	-0.966877	0.000000	0.000000	0.966877	0.217821
865.330320	-0.126077	0.000000	0.000000	-0.126077	1.000000	0.000000	0.000000	0.000000	0.000000	0.217954	-0.967744	0.000000	0.000000	0.967744	0.217954
865.718990	-0.119139	0.000000	0.000000	-0.119139	1.000000	0.000000	0.000000	0.000000	0.000000	0.218075	-0.968599	0.000000	0.000000	0.968599	0.218075
866.107600	-0.112149	0.000000	0.000000	-0.112149	1.000000	0.000000	0.000000	0.000000	0.000000	0.218173	-0.969428	0.000000	0.000000	0.969428	0.218173
866.496030	-0.105024	0.000000	0.000000	-0.105024	1.000000	0.000000	0.000000	0.000000	0.000000	0.218213	-0.970190	0.000000	0.000000	0.970190	0.218213
866.884400	-0.097901	0.000000	0.000000	-0.097901	1.000000	0.000000	0.000000	0.000000	0.000000	0.218252	-0.970951	0.000000	0.000000	0.970951	0.218252
867.272710	-0.090643	0.000000	0.000000	-0.090643	1.000000	0.000000	0.000000	0.000000	0.000000	0.218234	-0.971641	0.000000	0.000000	0.971641	0.218234
867.660830	-0.083330	0.000000	0.000000	-0.083330	1.000000	0.000000	0.000000	0.000000	0.000000	0.218192	-0.972300	0.000000	0.000000	0.972300	0.218192
868.048890	-0.075993	0.000000	0.000000	-0.075993	1.000000	0.000000	0.000000	0.000000	0.000000	0.218139	-0.972945	0.000000	0.000000	0.972945	0.218139
868.436830	-0.068482	0.000000	0.000000	-0.068482	1.000000	0.000000	0.000000	0.000000	0.000000	0.218014	-0.973492	0.000000	0.000000	0.973492	0.218014
868.824710	-0.060972	0.000000	0.000000	-0.060972	1.000000	0.000000	0.000000	0.000000	0.000000	0.217889	-0.974039	0.000000	0.000000	0.974039	0.217889
869.212400	-0.053352	0.000000	0.000000	-0.053352	1.000000	0.000000	0.000000	0.000000	0.000000	0.217719	-0.974518	0.000000	0.000000	0.974518	0.217719
869.600100	-0.045638	0.000000	0.000000	-0.045638	1.000000	0.000000	0.000000	0.000000	0.000000	0.217511	-0.974941	0.000000	0.000000	0.974941	0.217511
869.987610	-0.037928	0.000000	0.000000	-0.037928	1.000000	0.000000	0.000000	0.000000	0.000000	0.217303	-0.975364	0.000000	0.000000	0.975364	0.217303
870.375060	-0.030012	0.000000	0.000000	-0.030012	1.000000	0.000000	0.000000	0.000000	0.000000	0.217013	-0.975657	0.000000	0.000000	0.975657	0.217013
870.762330	-0.022094	0.000000	0.000000	-0.022094	1.000000	0.000000	0.000000	0.000000	0.000000	0.216720	-0.975944	0.000000	0.000000	0.975944	0.216720
871.149600	-0.014091	0.000000	0.000000	-0.014091	1.000000	0.000000	0.000000	0.000000	0.000000	0.216395	-0.976175	0.000000	0.000000	0.976175	0.216395
871.536680	-0.005957	0.000000	0.000000	-0.005957	1.000000	0.000000	0.000000	0.000000	0.000000	0.216018	-0.976315	0.000000	0.000000	0.976315	0.216018
871.923710	0.002175	0.000000	0.000000	0.002175	1.000000	0.000000	0.000000	0.000000	0.000000	0.215641	-0.976454	0.000000	0.000000	0.976454	0.215641
872.310610	0.010484	0.000000	0.000000	0.010484	1.000000	0.000000	0.000000	0.000000	0.000000	0.215195	-0.976464	0.000000	0.000000	0.976464	0.215195
872.697450	0.018836	0.000000	0.000000	0.018836	1.000000	0.000000	0.000000	0.000000	0.000000	0.214731	-0.976441	0.000000	0.000000	0.976441	0.214731
873.084110	0.027233	0.000000	0.000000	0.027233	1.000000	0.000000	0.000000	0.000000	0.000000	0.214250	-0.976380	0.000000	0.000000	0.976380	0.214250
873.470700	0.035807	0.000000	0.000000	0.035807	1.000000	0.000000	0.000000	0.000000	0.000000	0.213701	-0.976180	0.000000	0.000000	0.976180	0.213701
873.857180	0.044379	0.000000	0.000000	0.044379	1.000000	0.000000	0.000000	0.000000	0.000000	0.213153	-0.975980	0.000000	0.000000	0.975980	0.213153
874.243590	0.053094	0.000000	0.000000	0.053094	1.000000	0.000000	0.000000	0.000000	0.000000	0.212550	-0.975658	0.000000	0.000000	0.975658	0.212550
874.629880	0.061893	0.000000	0.000000	0.061893	1.000000	0.000000	0.000000	0.000000	0.000000	0.211915	-0.975264	0.000000	0.000000	0.975264	0.211915
875.016050	0.070699	0.000000	0.000000	0.070699	1.000000	0.000000	0.000000	0.000000	0.000000	0.211277	-0.974862	0.000000	0.000000	0.974862	0.211277
875.402160	0.079729	0.000000	0.000000	0.079729	1.000000	0.000000	0.000000	0.000000	0.000000	0.210555	-0.974257	0.000000	0.000000	0.974257	0.210555
875.788090	0.088754	0.000000	0.000000	0.088754	1.000000	0.000000	0.000000	0.000000	0.000000	0.209834	-0.973653	0.000000	0.000000	0.973653	0.209834
876.173950	0.097885	0.000000	0.000000	0.097885	1.000000	0.000000	0.000000	0.000000	0.000000	0.209074	-0.972945	0.000000	0.000000	0.972945	0.209074
876.559750	0.107146	0.000000	0.000000	0.107146	1.000000	0.000000	0.000000	0.000000	0.000000	0.208266	-0.972111	0.000000	0.000000	0.972111	0.208266
876.945370	0.116402	0.000000	0.000000	0.116402	1.000000	0.000000	0.000000	0.000000	0.000000	0.207458	-0.971278	0.000000	0.000000	0.971278	0.207458
877.330930	0.125861	0.000000	0.000000	0.125861	1.000000	0.000000	0.000000	0.000000	0.000000	0.206577	-0.970231	0.000000	0.000000	0.970231	0.206577
877.716370	0.135351	0.000000	0.000000	0.135351	1.000000	0.000000	0.000000	0.000000	0.000000	0.205683	-0.969148	0.000000	0.000000	0.969148	0.205683
878.101750	0.144902	0.000000	0.000000	0.144902	1.000000	0.000000	0.000000	0.000000	0.000000	0.204766	-0.967995	0.000000	0.000000	0.967995	0.204766
878.487000	0.154627	0.000000	0.000000	0.154627	1.000000	0.000000	0.000000	0.000000	0.000000	0.203788	-0.966642	0.000000	0.000000	0.966642	0.203788
878.872130	0.164349	0.000000	0.000000	0.164349	1.000000	0.000000	0.000000	0.000000	0.000000	0.202809	-0.965290	0.000000	0.000000	0.965290	0.202809
879.257140	0.174226	0.000000	0.000000	0.174226	1.000000	0.000000	0.000000	0.000000	0.000000	0.201773	-0.963743	0.000000	0.000000	0.963743	0.201773
879.642090	0.184180	0.000000	0.000000	0.184180	1.000000	0.000000	0.000000	0.000000	0.000000	0.200709	-0.962099	0.000000	0.000000	0.962099	0.200709
880.026920	0.194148	0.000000	0.000000	0.194148	1.000000	0.000000	0.000000	0.000000	0.000000	0.199640	-0.960433	0.000000	0.000000	0.960433	0.199640
880.411620	0.204330	0.000000	0.000000	0.204330	1.000000	0.000000	0.000000	0.000000	0.000000	0.198492	-0.958474	0.000000	0.000000	0.958474	0.198492
880.796260	0.214511	0.000000	0.000000	0.214511	1.000000	0.000000	0.000000	0.000000	0.000000	0.197344	-0.956515	0.000000	0.000000	0.956515	0.197344
881.180790	0.224798	0.000000	0.000000	0.224798	1.000000	0.000000	0.000000	0.000000	0.000000	0.196157	-0.954396	0.000000	0.000000	0.954396	0.196157
881.565190	0.235204	0.000000	0.000000	0.235204	1.000000	0.000000	0.000000	0.000000	0.000000	0.194927	-0.952098	0.000000	0.000000	0.952098	0.194927
881.949460	0.245607	0.000000	0.000000	0.245607	1.000000	0.000000	0.000000	0.000000	0.000000	0.193698	-0.949800	0.000000	0.000000	0.949800	0.193698
882.333680	0.256203	0.000000	0.000000	0.256203	1.000000	0.000000	0.000000	0.000000	0.000000	0.192398	-0.947185	0.000000	0.000000	0.947185	0.192398
882.717770	0.266824	0.000000	0.000000	0.266824	1.000000	0.000000	0.000000	0.000000	0.000000	0.191088	-0.944522	0.000000	0.000000	0.944522	0.191088
883.101750	0.277500	0.000000	0.000000	0.277500	1.000000	0.000000	0.000000	0.000000	0.000000	0.189757	-0.941757	0.000000	0.000000	0.941757	0.189757
883.485660	0.288333	0.000000	0.000000	0.288333	1.000000	0.000000	0.000000	0.000000	0.000000	0.188368	-0.938703	0.000000	0.000000	0.938703	0.188368
883.869450	0.299163	0.000000	0.000000	0.299163	1.000000	0.000000	0.000000	0.000000	0.000000	0.186980	-0.935650	0.000000	0.000000	0.935650	0.186980
884.253110	0.310125	0.000000	0.000000	0.310125	1.000000	0.000000	0.000000	0.000000	0.000000	0.185543	-0.932320	0.000000	0.000000	0.932320	0.185543
884.636720	0.321156	0.000000	0.000000	0.321156	1.000000	0.000000	0.000000	0.000000	0.000000	0.184080	-0.928849	0.000000	0.000000	0.928849	0.184080
885.020140	0.332191	0.000000	0.000000	0.332191	1.000000	0.000000	0.000000	0.000000	0.000000	0.182614	-0.925355	0.000000	0.000000	0.925355	0.182614
885.403500	0.343408	0.000000	0.000000	0.343408	1.000000	0.000000	0.000000	0.000000	0.000000	0.181079	-0.921437	0.000000	0.000000	0.921437	0.181079
885.786800	0.354623	0.000000	0.000000	0.354623	1.000000	0.000000	0.000000	0.000000	0.000000	0.179545	-0.917520	0.000000	0.000000	0.917520	0.179545
886.169980	0.365913	0.000000	0.000000	0.365913	1.000000	0.000000	0.000000	0.000000	0.000000	0.177980	-0.913392	0.000000	0.000000	0.913392	0.177980
886.552980	0.377296	0.000000	0.000000	0.377296	1.000000	0.000000	0.000000	0.000000	0.000000	0.176378	-0.909002	0.000000	0.000000	0.909002	0.176378
886.935970	0.388678	0.000000	0.000000	0.388678	1.000000	0.000000	0.000000	0.000000	0.000000	0.174776	-0.904611	0.000000	0.000000	0.904611	0.174776
887.318790	0.400187	0.000000	0.000000	0.400187	1.000000	0.000000	0.000000	0.000000	0.000000	0.173121	-0.899801	0.000000	0.000000	0.899801	0.173121
887.701540	0.411721	0.000000	0.000000	0.411721	1.000000	0.000000	0.000000	0.000000	0.000000	0.171456	-0.894908	0.000000	0.000000	0.894908	0.171456
888.084170	0.423282	0.000000	0.000000	0.423282	1.000000	0.000000	0.000000	0.000000	0.000000	0.169778	-0.889898	0.000000	0.000000	0.889898	0.169778
888.466740	0.434947	0.000000	0.000000	0.434947	1.000000	0.000000	0.000000	0.000000	0.000000	0.168054	-0.884473	0.000000	0.000000	0.884473	0.168054
888.849120	0.446606	0.000000	0.000000	0.446606	1.000000	0.000000	0.000000	0.000000	0.000000	0.166332	-0.879050	0.000000	0.000000	0.879050	0.166332
889.231450	0.458332	0.000000	0.000000	0.458332	1.000000	0.000000	0.000000	0.000000	0.000000	0.164577	-0.873287	0.000000	0.000000	0.873287	0.164577
889.613710	0.470099	0.000000	0.000000	0.470099	1.000000	0.000000	0.000000	0.000000	0.000000	0.162802	-0.867303	0.000000	0.000000	0.867303	0.162802
889.995790	0.481860	0.000000	0.000000	0.481860	1.000000	0.000000	0.000000	0.000000	0.000000	0.161028	-0.861322	0.000000	0.000000	0.861322	0.161028
890.377810	0.493701	0.000000	0.000000	0.493701	1.000000	0.000000	0.000000	0.000000	0.000000	0.159208	-0.854758	0.000000	0.000000	0.854758	0.159208
890.759770	0.505541	0.000000	0.000000	0.505541	1.000000	0.000000	0.000000	0.000000	0.000000	0.157388	-0.848189	0.000000	0.000000	0.848189	0.157388
891.141540	0.517394	0.000000	0.000000	0.517394	1.000000	0.000000	0.000000	0.000000	0.000000	0.155554	-0.841394	0.000000	0.000000	0.841394	0.155554
891.523250	0.529276	0.000000	0.000000	0.529276	1.000000	0.000000	0.000000	0.000000	0.000000	0.153696	-0.834212	0.000000	0.000000	0.834212	0.153696
891.904850	0.541154	0.000000	0.000000	0.541154	1.000000	0.000000	0.000000	0.000000	0.000000	0.151839	-0.827031	0.000000	0.000000	0.827031	0.151839
892.286320	0.553038	0.000000	0.000000	0.553038	1.000000	0.000000	0.000000	0.000000	0.000000	0.149960	-0.819373	0.000000	0.000000	0.819373	0.149960
892.667720	0.564923	0.000000	0.000000	0.564923	1.000000	0.000000	0.000000	0.000000	0.000000	0.148074	-0.811555	0.000000	0.000000	0.811555	0.148074
893.049010	0.576801	0.000000	0.000000	0.576801	1.000000	0.000000	0.000000	0.000000	0.000000	0.146186	-0.803655	0.000000	0.000000	0.803655	0.146186
893.430180	0.588651	0.000000	0.000000	0.588651	1.000000	0.000000	0.000000	0.000000	0.000000	0.144280	-0.795179	0.000000	0.000000	0.795179	0.144280
893.811280	0.600499	0.000000	0.000000	0.600499	1.000000	0.000000	0.000000	0.000000	0.000000	0.142375	-0.786704	0.000000	0.000000	0.786704	0.142375
894.192260	0.612308	0.000000	0.000000	0.612308	1.000000	0.000000	0.000000	0.000000	0.000000	0.140464	-0.777886	0.000000	0.000000	0.777886	0.140464
894.573120	0.624078	0.000000	0.000000	0.624078	1.000000	0.000000	0.000000	0.000000	0.000000	0.138547	-0.768733	0.000000	0.000000	0.768733	0.138547
894.953860	0.635845	0.000000	0.000000	0.635845	1.000000	0.000000	0.000000	0.000000	0.000000	0.136631	-0.759582	0.000000	0.000000	0.759582	0.136631
895.334530	0.647505	0.000000	0.000000	0.647505	1.000000	0.000000	0.000000	0.000000	0.000000	0.134715	-0.749817	0.000000	0.000000	0.749817	0.134715
895.715090	0.659147	0.000000	0.000000	0.659147	1.000000	0.000000	0.000000	0.000000	0.000000	0.132800	-0.739971	0.000000	0.000000	0.739971	0.132800
896.095520	0.670743	0.000000	0.000000	0.670743	1.000000	0.000000	0.000000	0.000000	0.000000	0.130888	-0.729948	0.000000	0.000000	0.729948	0.130888
896.475890	0.682210	0.000000	0.000000	0.682210	1.000000	0.000000	0.000000	0.000000	0.000000	0.128985	-0.719394	0.000000	0.000000	0.719394	0.128985
896.856140	0.693674	0.000000	0.000000	0.693674	1.000000	0.000000	0.000000	0.000000	0.000000	0.127082	-0.708842	0.000000	0.000000	0.708842	0.127082
897.236270	0.704995	0.000000	0.000000	0.704995	1.000000	0.000000	0.000000	0.000000	0.000000	0.125194	-0.697845	0.000000	0.000000	0.697845	0.125194
897.616270	0.716227	0.000000	0.000000	0.716227	1.000000	0.000000	0.000000	0.000000	0.000000	0.123316	-0.686579	0.000000	0.000000	0.686579	0.123316
897.996220	0.727458	0.000000	0.000000	0.727458	1.000000	0.000000	0.000000	0.000000	0.000000	0.121438	-0.675315	0.000000	0.000000	0.675315	0.121438
898.376040	0.738407	0.000000	0.000000	0.738407	1.000000	0.000000	0.000000	0.000000	0.000000	0.119595	-0.663338	0.000000	0.000000	0.663338	0.119595
898.755800	0.749352	0.000000	0.000000	0.749352	1.000000	0.000000	0.000000	0.000000	0.000000	0.117753	-0.651356	0.000000	0.000000	0.651356	0.117753
899.135380	0.760170	0.000000	0.000000	0.760170	1.000000	0.000000	0.000000	0.000000	0.000000	0.115930	-0.639122	0.000000	0.000000	0.639122	0.115930
899.514890	0.770768	0.000000	0.000000	0.770768	1.000000	0.000000	0.000000	0.000000	0.000000	0.114137	-0.626427	0.000000	0.000000	0.626427	0.114137
899.894290	0.781362	0.000000	0.000000	0.781362	1.000000	0.000000	0.000000	0.000000	0.000000	0.112345	-0.613735	0.000000	0.000000	0.613735	0.112345
900.273620	0.791666	0.000000	0.000000	0.791666	1.000000	0.000000	0.000000	0.000000	0.000000	0.110598	-0.600532	0.000000	0.000000	0.600532	0.110598
900.652830	0.801854	0.000000	0.000000	0.801854	1.000000	0.000000	0.000000	0.000000	0.000000	0.108868	-0.587134	0.000000	0.000000	0.587134	0.108868
901.031920	0.812001	0.000000	0.000000	0.812001	1.000000	0.000000	0.000000	0.000000	0.000000	0.107145	-0.573682	0.000000	0.000000	0.573682	0.107145
901.410890	0.821721	0.000000	0.000000	0.821721	1.000000	0.000000	0.000000	0.000000	0.000000	0.105491	-0.559595	0.000000	0.000000	0.559595	0.105491
901.789790	0.831440	0.000000	0.000000	0.831440	1.000000	0.000000	0.000000	0.000000	0.000000	0.103838	-0.545512	0.000000	0.000000	0.545512	0.103838
902.168580	0.840923	0.000000	0.000000	0.840923	1.000000	0.000000	0.000000	0.000000	0.000000	0.102225	-0.531132	0.000000	0.000000	0.531132	0.102225
902.547240	0.850112	0.000000	0.000000	0.850112	1.000000	0.000000	0.000000	0.000000	0.000000	0.100662	-0.516382	0.000000	0.000000	0.516382	0.100662
902.925840	0.859299	0.000000	0.000000	0.859299	1.000000	0.000000	0.000000	0.000000	0.000000	0.099099	-0.501636	0.000000	0.000000	0.501636	0.099099
903.304320	0.868014	0.000000	0.000000	0.868014	1.000000	0.000000	0.000000	0.000000	0.000000	0.097618	-0.486375	0.000000	0.000000	0.486375	0.097618
903.682680	0.876611	0.000000	0.000000	0.876611	1.000000	0.000000	0.000000	0.000000	0.000000	0.096158	-0.470993	0.000000	0.000000	0.470993	0.096158
904.060970	0.885103	0.000000	0.000000	0.885103	1.000000	0.000000	0.000000	0.000000	0.000000	0.094716	-0.455516	0.000000	0.000000	0.455516	0.094716
904.439090	0.893050	0.000000	0.000000	0.893050	1.000000	0.000000	0.000000	0.000000	0.000000	0.093371	-0.439536	0.000000	0.000000	0.439536	0.093371
904.817140	0.900996	0.000000	0.000000	0.900996	1.000000	0.000000	0.000000	0.000000	0.000000	0.092026	-0.423558	0.000000	0.000000	0.423558	0.092026
905.195130	0.908580	0.000000	0.000000	0.908580	1.000000	0.000000	0.000000	0.000000	0.000000	0.090746	-0.407293	0.000000	0.000000	0.407293	0.090746
905.572940	0.915821	0.000000	0.000000	0.915821	1.000000	0.000000	0.000000	0.000000	0.000000	0.089529	-0.390763	0.000000	0.000000	0.390763	0.089529
905.950680	0.923061	0.000000	0.000000	0.923061	1.000000	0.000000	0.000000	0.000000	0.000000	0.088312	-0.374236	0.000000	0.000000	0.374236	0.088312
906.328370	0.929645	0.000000	0.000000	0.929645	1.000000	0.000000	0.000000	0.000000	0.000000	0.087215	-0.357265	0.000000	0.000000	0.357265	0.087215
906.705870	0.936127	0.000000	0.000000	0.936127	1.000000	0.000000	0.000000	0.000000	0.000000	0.086136	-0.340236	0.000000	0.000000	0.340236	0.086136
907.083310	0.942432	0.000000	0.000000	0.942432	1.000000	0.000000	0.000000	0.000000	0.000000	0.085090	-0.323109	0.000000	0.000000	0.323109	0.085090
907.460630	0.948111	0.000000	0.000000	0.948111	1.000000	0.000000	0.000000	0.000000	0.000000	0.084160	-0.305633	0.000000	0.000000	0.305633	0.084160
907.837830	0.953788	0.000000	0.000000	0.953788	1.000000	0.000000	0.000000	0.000000	0.000000	0.083229	-0.288163	0.000000	0.000000	0.288163	0.083229
908.214970	0.958984	0.000000	0.000000	0.958984	1.000000	0.000000	0.000000	0.000000	0.000000	0.082388	-0.270473	0.000000	0.000000	0.270473	0.082388
908.591980	0.963815	0.000000	0.000000	0.963815	1.000000	0.000000	0.000000	0.000000	0.000000	0.081615	-0.252621	0.000000	0.000000	0.252621	0.081615
908.968870	0.968645	0.000000	0.000000	0.968645	1.000000	0.000000	0.000000	0.000000	0.000000	0.080843	-0.234775	0.000000	0.000000	0.234775	0.080843
909.345700	0.972668	0.000000	0.000000	0.972668	1.000000	0.000000	0.000000	0.000000	0.000000	0.080221	-0.216636	0.000000	0.000000	0.216636	0.080221
909.722410	0.976617	0.000000	0.000000	0.976617	1.000000	0.000000	0.000000	0.000000	0.000000	0.079612	-0.198477	0.000000	0.000000	0.198477	0.079612
910.099000	0.980326	0.000000	0.000000	0.980326	1.000000	0.000000	0.000000	0.000000	0.000000	0.079049	-0.180257	0.000000	0.000000	0.180257	0.079049
910.475520	0.983367	0.000000	0.000000	0.983367	1.000000	0.000000	0.000000	0.000000	0.000000	0.078610	-0.161856	0.000000	0.000000	0.161856	0.078610
910.851870	0.986406	0.000000	0.000000	0.986406	1.000000	0.000000	0.000000	0.000000	0.000000	0.078172	-0.143464	0.000000	0.000000	0.143464	0.078172
911.228150	0.988882	0.000000	0.000000	0.988882	1.000000	0.000000	0.000000	0.000000	0.000000	0.077840	-0.124971	0.000000	0.000000	0.124971	0.077840
911.604370	0.990994	0.000000	0.000000	0.990994	1.000000	0.000000	0.000000	0.000000	0.000000	0.077576	-0.106412	0.000000	0.000000	0.106412	0.077576
911.980410	0.993104	0.000000	0.000000	0.993104	1.000000	0.000000	0.000000	0.000000	0.000000	0.077313	-0.087862	0.000000	0.000000	0.087862	0.077313
912.356380	0.994323	0.000000	0.000000	0.994323	1.000000	0.000000	0.000000	0.000000	0.000000	0.077216	-0.069227	0.000000	0.000000	0.069227	0.077216
912.732240	0.995493	0.000000	0.000000	0.995493	1.000000	0.000000	0.000000	0.000000	0.000000	0.077129	-0.050592	0.000000	0.000000	0.050592	0.077129
913.108030	0.996392	0.000000	0.000000	0.996392	1.000000	0.000000	0.000000	0.000000	0.000000	0.077093	-0.031955	0.000000	0.000000	0.031955	0.077093
913.483700	0.996620	0.000000	0.000000	0.996620	1.000000	0.000000	0.000000	0.000000	0.000000	0.077182	-0.013314	0.000000	0.000000	0.013314	0.077182
913.859250	0.996847	0.000000	0.000000	0.996847	1.000000	0.000000	0.000000	0.000000	0.000000	0.077271	0.005322	0.000000	0.000000	-0.005322	0.077271
914.234680	0.996488	0.000000	0.000000	0.996488	1.000000	0.000000	0.000000	0.000000	0.000000	0.077469	0.023912	0.000000	0.000000	-0.023912	0.077469
914.610050	0.995777	0.000000	0.000000	0.995777	1.000000	0.000000	0.000000	0.000000	0.000000	0.077733	0.042475	0.000000	0.000000	-0.042475	0.077733
914.985290	0.995066	0.000000	0.000000	0.995066	1.000000	0.000000	0.000000	0.000000	0.000000	0.077997	0.061033	0.000000	0.000000	-0.061033	0.077997
915.360410	0.993467	0.000000	0.000000	0.993467	1.000000	0.000000	0.000000	0.000000	0.000000	0.078425	0.079449	0.000000	0.000000	-0.079449	0.078425
915.735470	0.991833	0.000000	0.000000	0.991833	1.000000	0.000000	0.000000	0.000000	0.000000	0.078861	0.097856	0.000000	0.000000	-0.097856	0.078861
916.110410	0.989933	0.000000	0.000000	0.989933	1.000000	0.000000	0.000000	0.000000	0.000000	0.079346	0.116195	0.000000	0.000000	-0.116195	0.079346
916.485230	0.987396	0.000000	0.000000	0.987396	1.000000	0.000000	0.000000	0.000000	0.000000	0.079948	0.134376	0.000000	0.000000	-0.134376	0.079948
916.859920	0.984861	0.000000	0.000000	0.984861	1.000000	0.000000	0.000000	0.000000	0.000000	0.080551	0.152550	0.000000	0.000000	-0.152550	0.080551
917.234560	0.981778	0.000000	0.000000	0.981778	1.000000	0.000000	0.000000	0.000000	0.000000	0.081253	0.170543	0.000000	0.000000	-0.170543	0.081253
917.609070	0.978370	0.000000	0.000000	0.978370	1.000000	0.000000	0.000000	0.000000	0.000000	0.082015	0.188423	0.000000	0.000000	-0.188423	0.082015
917.983520	0.974962	0.000000	0.000000	0.974962	1.000000	0.000000	0.000000	0.000000	0.000000	0.082776	0.206299	0.000000	0.000000	-0.206299	0.082776
918.357790	0.970754	0.000000	0.000000	0.970754	1.000000	0.000000	0.000000	0.000000	0.000000	0.083684	0.223830	0.000000	0.000000	-0.223830	0.083684
918.731990	0.966510	0.000000	0.000000	0.966510	1.000000	0.000000	0.000000	0.000000	0.000000	0.084598	0.241342	0.000000	0.000000	-0.241342	0.084598
919.106080	0.962041	0.000000	0.000000	0.962041	1.000000	0.000000	0.000000	0.000000	0.000000	0.085552	0.258731	0.000000	0.000000	-0.258731	0.085552
919.480100	0.957002	0.000000	0.000000	0.957002	1.000000	0.000000	0.000000	0.000000	0.000000	0.086608	0.275820	0.000000	0.000000	-0.275820	0.086608
919.854000	0.951965	0.000000	0.000000	0.951965	1.000000	0.000000	0.000000	0.000000	0.000000	0.087665	0.292904	0.000000	0.000000	-0.292904	0.087665
920.227780	0.946472	0.000000	0.000000	0.946472	1.000000	0.000000	0.000000	0.000000	0.000000	0.088801	0.309697	0.000000	0.000000	-0.309697	0.088801
920.601440	0.940689	0.000000	0.000000	0.940689	1.000000	0.000000	0.000000	0.000000	0.000000	0.089989	0.326301	0.000000	0.000000	-0.326301	0.089989
920.975040	0.934906	0.000000	0.000000	0.934906	1.000000	0.000000	0.000000	0.000000	0.000000	0.091177	0.342903	0.000000	0.000000	-0.342903	0.091177
921.348510	0.928474	0.000000	0.000000	0.928474	1.000000	0.000000	0.000000	0.000000	0.000000	0.092478	0.359016	0.000000	0.000000	-0.359016	0.092478
921.721860	0.921996	0.000000	0.000000	0.921996	1.000000	0.000000	0.000000	0.000000	0.000000	0.093786	0.375090	0.000000	0.000000	-0.375090	0.093786
922.095150	0.915356	0.000000	0.000000	0.915356	1.000000	0.000000	0.000000	0.000000	0.000000	0.095122	0.391017	0.000000	0.000000	-0.391017	0.095122
922.468320	0.908238	0.000000	0.000000	0.908238	1.000000	0.000000	0.000000	0.000000	0.000000	0.096539	0.406523	0.000000	0.000000	-0.406523	0.096539
922.841370	0.901122	0.000000	0.000000	0.901122	1.000000	0.000000	0.000000	0.000000	0.000000	0.097955	0.422023	0.000000	0.000000	-0.422023	0.097955
923.214290	0.893671	0.000000	0.000000	0.893671	1.000000	0.000000	0.000000	0.000000	0.000000	0.099427	0.437177	0.000000	0.000000	-0.437177	0.099427
923.587160	0.885971	0.000000	0.000000	0.885971	1.000000	0.000000	0.000000	0.000000	0.000000	0.100940	0.452076	0.000000	0.000000	-0.452076	0.100940
923.959900	0.878273	0.000000	0.000000	0.878273	1.000000	0.000000	0.000000	0.000000	0.000000	0.102453	0.466970	0.000000	0.000000	-0.466970	0.102453
924.332520	0.870106	0.000000	0.000000	0.870106	1.000000	0.000000	0.000000	0.000000	0.000000	0.104042	0.481304	0.000000	0.000000	-0.481304	0.104042
924.705080	0.861882	0.000000	0.000000	0.861882	1.000000	0.000000	0.000000	0.000000	0.000000	0.105639	0.495570	0.000000	0.000000	-0.495570	0.105639
925.077510	0.853564	0.000000	0.000000	0.853564	1.000000	0.000000	0.000000	0.000000	0.000000	0.107250	0.509696	0.000000	0.000000	-0.509696	0.107250
925.449830	0.844875	0.000000	0.000000	0.844875	1.000000	0.000000	0.000000	0.000000	0.000000	0.108918	0.523310	0.000000	0.000000	-0.523310	0.108918
925.822020	0.836189	0.000000	0.000000	0.836189	1.000000	0.000000	0.000000	0.000000	0.000000	0.110586	0.536918	0.000000	0.000000	-0.536918	0.110586
926.194150	0.827288	0.000000	0.000000	0.827288	1.000000	0.000000	0.000000	0.000000	0.000000	0.112284	0.550182	0.000000	0.000000	-0.550182	0.112284
926.566160	0.818194	0.000000	0.000000	0.818194	1.000000	0.000000	0.000000	0.000000	0.000000	0.114010	0.563127	0.000000	0.000000	-0.563127	0.114010
926.938110	0.809100	0.000000	0.000000	0.809100	1.000000	0.000000	0.000000	0.000000	0.000000	0.115736	0.576069	0.000000	0.000000	-0.576069	0.115736
927.309880	0.799714	0.000000	0.000000	0.799714	1.000000	0.000000	0.000000	0.000000	0.000000	0.117500	0.588452	0.000000	0.000000	-0.588452	0.117500
927.681580	0.790271	0.000000	0.000000	0.790271	1.000000	0.000000	0.000000	0.000000	0.000000	0.119272	0.600721	0.000000	0.000000	-0.600721	0.119272
928.053220	0.780786	0.000000	0.000000	0.780786	1.000000	0.000000	0.000000	0.000000	0.000000	0.121049	0.612892	0.000000	0.000000	-0.612892	0.121049
928.424680	0.771047	0.000000	0.000000	0.771047	1.000000	0.000000	0.000000	0.000000	0.000000	0.122855	0.624485	0.000000	0.000000	-0.624485	0.122855
928.796080	0.761310	0.000000	0.000000	0.761310	1.000000	0.000000	0.000000	0.000000	0.000000	0.124661	0.636077	0.000000	0.000000	-0.636077	0.124661
929.167360	0.751465	0.000000	0.000000	0.751465	1.000000	0.000000	0.000000	0.000000	0.000000	0.126478	0.647364	0.000000	0.000000	-0.647364	0.126478
929.538570	0.741485	0.000000	0.000000	0.741485	1.000000	0.000000	0.000000	0.000000	0.000000	0.128308	0.658283	0.000000	0.000000	-0.658283	0.128308
929.909610	0.731510	0.000000	0.000000	0.731510	1.000000	0.000000	0.000000	0.000000	0.000000	0.130137	0.669197	0.000000	0.000000	-0.669197	0.130137
930.280580	0.721387	0.000000	0.000000	0.721387	1.000000	0.000000	0.000000	0.000000	0.000000	0.131977	0.679611	0.000000	0.000000	-0.679611	0.131977
930.651490	0.711218	0.000000	0.000000	0.711218	1.000000	0.000000	0.000000	0.000000	0.000000	0.133819	0.689863	0.000000	0.000000	-0.689863	0.133819
931.022220	0.701045	0.000000	0.000000	0.701045	1.000000	0.000000	0.000000	0.000000	0.000000	0.135661	0.700071	0.000000	0.000000	-0.700071	0.135661
931.392880	0.690732	0.000000	0.000000	0.690732	1.000000	0.000000	0.000000	0.000000	0.000000	0.137505	0.709669	0.000000	0.000000	-0.709669	0.137505
931.763430	0.680423	0.000000	0.000000	0.680423	1.000000	0.000000	0.000000	0.000000	0.000000	0.139350	0.719264	0.000000	0.000000	-0.719264	0.139350
932.133910	0.670077	0.000000	0.000000	0.670077	1.000000	0.000000	0.000000	0.000000	0.000000	0.141191	0.728628	0.000000	0.000000	-0.728628	0.141191
932.504270	0.659667	0.000000	0.000000	0.659667	1.000000	0.000000	0.000000	0.000000	0.000000	0.143029	0.737585	0.000000	0.000000	-0.737585	0.143029
932.874510	0.649261	0.000000	0.000000	0.649261	1.000000	0.000000	0.000000	0.000000	0.000000	0.144866	0.746539	0.000000	0.000000	-0.746539	0.144866
933.244630	0.638815	0.000000	0.000000	0.638815	1.000000	0.000000	0.000000	0.000000	0.000000	0.146694	0.755083	0.000000	0.000000	-0.755083	0.146694
933.614690	0.628349	0.000000	0.000000	0.628349	1.000000	0.000000	0.000000	0.000000	0.000000	0.148516	0.763417	0.000000	0.000000	-0.763417	0.148516
933.984620	0.617886	0.000000	0.000000	0.617886	1.000000	0.000000	0.000000	0.000000	0.000000	0.150337	0.771749	0.000000	0.000000	-0.771749	0.150337
934.354430	0.607400	0.000000	0.000000	0.607400	1.000000	0.000000	0.000000	0.000000	0.000000	0.152137	0.779506	0.000000	0.000000	-0.779506	0.152137
934.724180	0.596915	0.000000	0.000000	0.596915	1.000000	0.000000	0.000000	0.000000	0.000000	0.153936	0.787238	0.000000	0.000000	-0.787238	0.153936
935.093810	0.586434	0.000000	0.000000	0.586434	1.000000	0.000000	0.000000	0.000000	0.000000	0.155727	0.794822	0.000000	0.000000	-0.794822	0.155727
935.463320	0.575962	0.000000	0.000000	0.575962	1.000000	0.000000	0.000000	0.000000	0.000000	0.157496	0.801975	0.000000	0.000000	-0.801975	0.157496
935.832700	0.565493	0.000000	0.000000	0.565493	1.000000	0.000000	0.000000	0.000000	0.000000	0.159265	0.809126	0.000000	0.000000	-0.809126	0.159265
936.202030	0.555045	0.000000	0.000000	0.555045	1.000000	0.000000	0.000000	0.000000	0.000000	0.161014	0.815975	0.000000	0.000000	-0.815975	0.161014
936.571230	0.544619	0.000000	0.000000	0.544619	1.000000	0.000000	0.000000	0.000000	0.000000	0.162746	0.822572	0.000000	0.000000	-0.822572	0.162746
936.940310	0.534196	0.000000	0.000000	0.534196	1.000000	0.000000	0.000000	0.000000	0.000000	0.164478	0.829167	0.000000	0.000000	-0.829167	0.164478
937.309330	0.523828	0.000000	0.000000	0.523828	1.000000	0.000000	0.000000	0.000000	0.000000	0.166175	0.835320	0.000000	0.000000	-0.835320	0.166175
937.678220	0.513474	0.000000	0.000000	0.513474	1.000000	0.000000	0.000000	0.000000	0.000000	0.167866	0.841386	0.000000	0.000000	-0.841386	0.167866
938.047000	0.503134	0.000000	0.000000	0.503134	1.000000	0.000000	0.000000	0.000000	0.000000	0.169550	0.847386	0.000000	0.000000	-0.847386	0.169550
938.415650	0.492875	0.000000	0.000000	0.492875	1.000000	0.000000	0.000000	0.000000	0.000000	0.171193	0.852947	0.000000	0.000000	-0.852947	0.171193
938.784240	0.482617	0.000000	0.000000	0.482617	1.000000	0.000000	0.000000	0.000000	0.000000	0.172837	0.858507	0.000000	0.000000	-0.858507	0.172837
939.152710	0.472409	0.000000	0.000000	0.472409	1.000000	0.000000	0.000000	0.000000	0.000000	0.174459	0.863868	0.000000	0.000000	-0.863868	0.174459
939.521120	0.462266	0.000000	0.000000	0.462266	1.000000	0.000000	0.000000	0.000000	0.000000	0.176052	0.868950	0.000000	0.000000	-0.868950	0.176052
939.889340	0.452129	0.000000	0.000000	0.452129	1.000000	0.000000	0.000000	0.000000	0.000000	0.177645	0.874030	0.000000	0.000000	-0.874030	0.177645
940.257510	0.442082	0.000000	0.000000	0.442082	1.000000	0.000000	0.000000	0.000000	0.000000	0.179199	0.878793	0.000000	0.000000	-0.878793	0.179199
940.625550	0.432077	0.000000	0.000000	0.432077	1.000000	0.000000	0.000000	0.000000	0.000000	0.180737	0.883419	0.000000	0.000000	-0.883419	0.180737
940.993530	0.422074	0.000000	0.000000	0.422074	1.000000	0.000000	0.000000	0.000000	0.000000	0.182275	0.888045	0.000000	0.000000	-0.888045	0.182275
941.361390	0.412215	0.000000	0.000000	0.412215	1.000000	0.000000	0.000000	0.000000	0.000000	0.183757	0.892252	0.000000	0.000000	-0.892252	0.183757
941.729130	0.402361	0.000000	0.000000	0.402361	1.000000	0.000000	0.000000	0.000000	0.000000	0.185237	0.896450	0.000000	0.000000	-0.896450	0.185237
942.096740	0.392552	0.000000	0.000000	0.392552	1.000000	0.000000	0.000000	0.000000	0.000000	0.186702	0.900541	0.000000	0.000000	-0.900541	0.186702
942.464290	0.382860	0.000000	0.000000	0.382860	1.000000	0.000000	0.000000	0.000000	0.000000	0.188122	0.904337	0.000000	0.000000	-0.904337	0.188122
942.831730	0.373170	0.000000	0.000000	0.373170	1.000000	0.000000	0.000000	0.000000	0.000000	0.189543	0.908132	0.000000	0.000000	-0.908132	0.189543
943.199040	0.363575	0.000000	0.000000	0.363575	1.000000	0.000000	0.000000	0.000000	0.000000	0.190930	0.911722	0.000000	0.000000	-0.911722	0.190930
943.566280	0.354057	0.000000	0.000000	0.354057	1.000000	0.000000	0.000000	0.000000	0.000000	0.192289	0.915139	0.000000	0.000000	-0.915139	0.192289
943.933410	0.344543	0.000000	0.000000	0.344543	1.000000	0.000000	0.000000	0.000000	0.000000	0.193648	0.918554	0.000000	0.000000	-0.918554	0.193648
944.300420	0.335176	0.000000	0.000000	0.335176	1.000000	0.000000	0.000000	0.000000	0.000000	0.194954	0.921681	0.000000	0.000000	-0.921681	0.194954
944.667360	0.325842	0.000000	0.000000	0.325842	1.000000	0.000000	0.000000	0.000000	0.000000	0.196250	0.924744	0.000000	0.000000	-0.924744	0.196250
945.034120	0.316530	0.000000	0.000000	0.316530	1.000000	0.000000	0.000000	0.000000	0.000000	0.197539	0.927774	0.000000	0.000000	-0.927774	0.197539
945.400820	0.307385	0.000000	0.000000	0.307385	1.000000	0.000000	0.000000	0.000000	0.000000	0.198770	0.930505	0.000000	0.000000	-0.930505	0.198770
945.767460	0.298242	0.000000	0.000000	0.298242	1.000000	0.000000	0.000000	0.000000	0.000000	0.200000	0.933235	0.000000	0.000000	-0.933235	0.200000
946.133910	0.289172	0.000000	0.000000	0.289172	1.000000	0.000000	0.000000	0.000000	0.000000	0.201207	0.935852	0.000000	0.000000	-0.935852	0.201207
946.500310	0.280223	0.000000	0.000000	0.280223	1.000000	0.000000	0.000000	0.000000	0.000000	0.202372	0.938274	0.000000	0.000000	-0.938274	0.202372
946.866640	0.271276	0.000000	0.000000	0.271276	1.000000	0.000000	0.000000	0.000000	0.000000	0.203538	0.940695	0.000000	0.000000	-0.940695	0.203538
947.232790	0.262456	0.000000	0.000000	0.262456	1.000000	0.000000	0.000000	0.000000	0.000000	0.204661	0.942932	0.000000	0.000000	-0.942932	0.204661
947.598880	0.253707	0.000000	0.000000	0.253707	1.000000	0.000000	0.000000	0.000000	0.000000	0.205760	0.945065	0.000000	0.000000	-0.945065	0.205760
947.964840	0.244961	0.000000	0.000000	0.244961	1.000000	0.000000	0.000000	0.000000	0.000000	0.206859	0.947197	0.000000	0.000000	-0.947197	0.206859
948.330750	0.236392	0.000000	0.000000	0.236392	1.000000	0.000000	0.000000	0.000000	0.000000	0.207899	0.949088	0.000000	0.000000	-0.949088	0.207899
948.696470	0.227847	0.000000	0.000000	0.227847	1.000000	0.000000	0.000000	0.000000	0.000000	0.208933	0.950953	0.000000	0.000000	-0.950953	0.208933
949.062130	0.219335	0.000000	0.000000	0.219335	1.000000	0.000000	0.000000	0.000000	0.000000	0.209954	0.952775	0.000000	0.000000	-0.952775	0.209954
949.427730	0.210988	0.000000	0.000000	0.210988	1.000000	0.000000	0.000000	0.000000	0.000000	0.210922	0.954391	0.000000	0.000000	-0.954391	0.210922
949.793150	0.202644	0.000000	0.000000	0.202644	1.000000	0.000000	0.000000	0.000000	0.000000	0.211889	0.956007	0.000000	0.000000	-0.956007	0.211889
950.158510	0.194387	0.000000	0.000000	0.194387	1.000000	0.000000	0.000000	0.000000	0.000000	0.212827	0.957522	0.000000	0.000000	-0.957522	0.212827
950.523740	0.186245	0.000000	0.000000	0.186245	1.000000	0.000000	0.000000	0.000000	0.000000	0.213729	0.958908	0.000000	0.000000	-0.958908	0.213729
950.888920	0.178103	0.000000	0.000000	0.178103	1.000000	0.000000	0.000000	0.000000	0.000000	0.214630	0.960293	0.000000	0.000000	-0.960293	0.214630
951.253910	0.170102	0.000000	0.000000	0.170102	1.000000	0.000000	0.000000	0.000000	0.000000	0.215486	0.961529	0.000000	0.000000	-0.961529	0.215486
951.618840	0.162161	0.000000	0.000000	0.162161	1.000000	0.000000	0.000000	0.000000	0.000000	0.216322	0.962701	0.000000	0.000000	-0.962701	0.216322
951.983700	0.154222	0.000000	0.000000	0.154222	1.000000	0.000000	0.000000	0.000000	0.000000	0.217158	0.963873	0.000000	0.000000	-0.963873	0.217158
952.348390	0.146471	0.000000	0.000000	0.146471	1.000000	0.000000	0.000000	0.000000	0.000000	0.217932	0.964856	0.000000	0.000000	-0.964856	0.217932
952.713010	0.138731	0.000000	0.000000	0.138731	1.000000	0.000000	0.000000	0.000000	0.000000	0.218704	0.965830	0.000000	0.000000	-0.965830	0.218704
953.077580	0.131032	0.000000	0.000000	0.131032	1.000000	0.000000	0.000000	0.000000	0.000000	0.219462	0.966766	0.000000	0.000000	-0.966766	0.219462
953.441960	0.123488	0.000000	0.000000	0.123488	1.000000	0.000000	0.000000	0.000000	0.000000	0.220170	0.967558	0.000000	0.000000	-0.967558	0.220170
953.806270	0.115945	0.000000	0.000000	0.115945	1.000000	0.000000	0.000000	0.000000	0.000000	0.220878	0.968350	0.000000	0.000000	-0.968350	0.220878
954.170470	0.108493	0.000000	0.000000	0.108493	1.000000	0.000000	0.000000	0.000000	0.000000	0.221556	0.969063	0.000000	0.000000	-0.969063	0.221556
954.534550	0.101144	0.000000	0.000000	0.101144	1.000000	0.000000	0.000000	0.000000	0.000000	0.222201	0.969687	0.000000	0.000000	-0.969687	0.222201
954.898560	0.093797	0.000000	0.000000	0.093797	1.000000	0.000000	0.000000	0.000000	0.000000	0.222846	0.970311	0.000000	0.000000	-0.970311	0.222846
955.262450	0.086586	0.000000	0.000000	0.086586	1.000000	0.000000	0.000000	0.000000	0.000000	0.223446	0.970824	0.000000	0.000000	-0.970824	0.223446
955.626220	0.079429	0.000000	0.000000	0.079429	1.000000	0.000000	0.000000	0.000000	0.000000	0.224029	0.971293	0.000000	0.000000	-0.971293	0.224029
955.989930	0.072273	0.000000	0.000000	0.072273	1.000000	0.000000	0.000000	0.000000	0.000000	0.224612	0.971762	0.000000	0.000000	-0.971762	0.224612
956.353520	0.065297	0.000000	0.000000	0.065297	1.000000	0.000000	0.000000	0.000000	0.000000	0.225135	0.972093	0.000000	0.000000	-0.972093	0.225135
956.716980	0.058328	0.000000	0.000000	0.058328	1.000000	0.000000	0.000000	0.000000	0.000000	0.225657	0.972420	0.000000	0.000000	-0.972420	0.225657
957.080380	0.051400	0.000000	0.000000	0.051400	1.000000	0.000000	0.000000	0.000000	0.000000	0.226165	0.972718	0.000000	0.000000	-0.972718	0.226165
957.443600	0.044615	0.000000	0.000000	0.044615	1.000000	0.000000	0.000000	0.000000	0.000000	0.226627	0.972915	0.000000	0.000000	-0.972915	0.226627
957.806760	0.037830	0.000000	0.000000	0.037830	1.000000	0.000000	0.000000	0.000000	0.000000	0.227088	0.973111	0.000000	0.000000	-0.973111	0.227088
958.169860	0.031128	0.000000	0.000000	0.031128	1.000000	0.000000	0.000000	0.000000	0.000000	0.227523	0.973251	0.000000	0.000000	-0.973251	0.227523
958.532780	0.024523	0.000000	0.000000	0.024523	1.000000	0.000000	0.000000	0.000000	0.000000	0.227926	0.973327	0.000000	0.000000	-0.973327	0.227926
958.895630	0.017919	0.000000	0.000000	0.017919	1.000000	0.000000	0.000000	0.000000	0.000000	0.228329	0.973403	0.000000	0.000000	-0.973403	0.228329
959.258420	0.011436	0.000000	0.000000	0.011436	1.000000	0.000000	0.000000	0.000000	0.000000	0.228691	0.973401	0.000000	0.000000	-0.973401	0.228691
959.621030	0.005006	0.000000	0.000000	0.005006	1.000000	0.000000	0.000000	0.000000	0.000000	0.229036	0.973367	0.000000	0.000000	-0.973367	0.229036
959.983580	-0.001423	0.000000	0.000000	-0.001423	1.000000	0.000000	0.000000	0.000000	0.000000	0.229381	0.973333	0.000000	0.000000	-0.973333	0.229381
960.346010	-0.007692	0.000000	0.000000	-0.007692	1.000000	0.000000	0.000000	0.000000	0.000000	0.229673	0.973202	0.000000	0.000000	-0.973202	0.229673
960.708310	-0.013951	0.000000	0.000000	-0.013951	1.000000	0.000000	0.000000	0.000000	0.000000	0.229962	0.973068	0.000000	0.000000	-0.973068	0.229962
961.070560	-0.020179	0.000000	0.000000	-0.020179	1.000000	0.000000	0.000000	0.000000	0.000000	0.230241	0.972915	0.000000	0.000000	-0.972915	0.230241
961.432680	-0.026273	0.000000	0.000000	-0.026273	1.000000	0.000000	0.000000	0.000000	0.000000	0.230475	0.972688	0.000000	0.000000	-0.972688	0.230475
961.794680	-0.032366	0.000000	0.000000	-0.032366	1.000000	0.000000	0.000000	0.000000	0.000000	0.230708	0.972461	0.000000	0.000000	-0.972461	0.230708
962.156620	-0.038391	0.000000	0.000000	-0.038391	1.000000	0.000000	0.000000	0.000000	0.000000	0.230919	0.972197	0.000000	0.000000	-0.972197	0.230919
962.518430	-0.044324	0.000000	0.000000	-0.044324	1.000000	0.000000	0.000000	0.000000	0.000000	0.231099	0.971886	0.000000	0.000000	-0.971886	0.231099
962.880130	-0.050256	0.000000	0.000000	-0.050256	1.000000	0.000000	0.000000	0.000000	0.000000	0.231279	0.971574	0.000000	0.000000	-0.971574	0.231279
963.241700	-0.056084	0.000000	0.000000	-0.056084	1.000000	0.000000	0.000000	0.000000	0.000000	0.231424	0.971211	0.000000	0.000000	-0.971211	0.231424
963.603210	-0.061861	0.000000	0.000000	-0.061861	1.000000	0.000000	0.000000	0.000000	0.000000	0.231552	0.970822	0.000000	0.000000	-0.970822	0.231552
963.964600	-0.067636	0.000000	0.000000	-0.067636	1.000000	0.000000	0.000000	0.000000	0.000000	0.231680	0.970433	0.000000	0.000000	-0.970433	0.231680
964.325870	-0.073277	0.000000	0.000000	-0.073277	1.000000	0.000000	0.000000	0.000000	0.000000	0.231761	0.969981	0.000000	0.000000	-0.969981	0.231761
964.687070	-0.078902	0.000000	0.000000	-0.078902	1.000000	0.000000	0.000000	0.000000	0.000000	0.231838	0.969522	0.000000	0.000000	-0.969522	0.231838
965.048160	-0.084507	0.000000	0.000000	-0.084507	1.000000	0.000000	0.000000	0.000000	0.000000	0.231907	0.969054	0.000000	0.000000	-0.969054	0.231907
965.409120	-0.089986	0.000000	0.000000	-0.089986	1.000000	0.000000	0.000000	0.000000	0.000000	0.231933	0.968531	0.000000	0.000000	-0.968531	0.231933
965.770020	-0.095464	0.000000	0.000000	-0.095464	1.000000	0.000000	0.000000	0.000000	0.000000	0.231959	0.968008	0.000000	0.000000	-0.968008	0.231959
966.130800	-0.100890	0.000000	0.000000	-0.100890	1.000000	0.000000	0.000000	0.000000	0.000000	0.231968	0.967464	0.000000	0.000000	-0.967464	0.231968
966.491460	-0.106227	0.000000	0.000000	-0.106227	1.000000	0.000000	0.000000	0.000000	0.000000	0.231945	0.966882	0.000000	0.000000	-0.966882	0.231945
966.851990	-0.111562	0.000000	0.000000	-0.111562	1.000000	0.000000	0.000000	0.000000	0.000000	0.231922	0.966301	0.000000	0.000000	-0.966301	0.231922
967.212460	-0.116818	0.000000	0.000000	-0.116818	1.000000	0.000000	0.000000	0.000000	0.000000	0.231872	0.965688	0.000000	0.000000	-0.965688	0.231872
967.572810	-0.122017	0.000000	0.000000	-0.122017	1.000000	0.000000	0.000000	0.000000	0.000000	0.231801	0.965053	0.000000	0.000000	-0.965053	0.231801
967.933040	-0.127215	0.000000	0.000000	-0.127215	1.000000	0.000000	0.000000	0.000000	0.000000	0.231731	0.964419	0.000000	0.000000	-0.964419	0.231731
968.293210	-0.132307	0.000000	0.000000	-0.132307	1.000000	0.000000	0.000000	0.000000	0.000000	0.231623	0.963745	0.000000	0.000000	-0.963745	0.231623
968.653200	-0.137373	0.000000	0.000000	-0.137373	1.000000	0.000000	0.000000	0.000000	0.000000	0.231506	0.963062	0.000000	0.000000	-0.963062	0.231506
969.013180	-0.142434	0.000000	0.000000	-0.142434	1.000000	0.000000	0.000000	0.000000	0.000000	0.231387	0.962377	0.000000	0.000000	-0.962377	0.231387
969.372990	-0.147373	0.000000	0.000000	-0.147373	1.000000	0.000000	0.000000	0.000000	0.000000	0.231225	0.961651	0.000000	0.000000	-0.961651	0.231225
969.732730	-0.152310	0.000000	0.000000	-0.152310	1.000000	0.000000	0.000000	0.000000	0.000000	0.231063	0.960924	0.000000	0.000000	-0.960924	0.231063
970.092350	-0.157216	0.000000	0.000000	-0.157216	1.000000	0.000000	0.000000	0.000000	0.000000	0.230889	0.960187	0.000000	0.000000	-0.960187	0.230889
970.451840	-0.162031	0.000000	0.000000	-0.162031	1.000000	0.000000	0.000000	0.000000	0.000000	0.230683	0.959420	0.000000	0.000000	-0.959420	0.230683
970.811280	-0.166845	0.000000	0.000000	-0.166845	1.000000	0.000000	0.000000	0.000000	0.000000	0.230476	0.958653	0.000000	0.000000	-0.958653	0.230476
971.170590	-0.171603	0.000000	0.000000	-0.171603	1.000000	0.000000	0.000000	0.000000	0.000000	0.230250	0.957869	0.000000	0.000000	-0.957869	0.230250
971.529790	-0.176299	0.000000	0.000000	-0.176299	1.000000	0.000000	0.000000	0.000000	0.000000	0.230000	0.957065	0.000000	0.000000	-0.957065	0.230000
971.888850	-0.180993	0.000000	0.000000	-0.180993	1.000000	0.000000	0.000000	0.000000	0.000000	0.229751	0.956263	0.000000	0.000000	-0.956263	0.229751
972.247860	-0.185609	0.000000	0.000000	-0.185609	1.000000	0.000000	0.000000	0.000000	0.000000	0.229473	0.955437	0.000000	0.000000	-0.955437	0.229473
972.606750	-0.190189	0.000000	0.000000	-0.190189	1.000000	0.000000	0.000000	0.000000	0.000000	0.229182	0.954601	0.000000	0.000000	-0.954601	0.229182
972.965580	-0.194769	0.000000	0.000000	-0.194769	1.000000	0.000000	0.000000	0.000000	0.000000	0.228891	0.953765	0.000000	0.000000	-0.953765	0.228891
973.324220	-0.199249	0.000000	0.000000	-0.199249	1.000000	0.000000	0.000000	0.000000	0.000000	0.228563	0.952902	0.000000	0.000000	-0.952902	0.228563
973.682800	-0.203718	0.000000	0.000000	-0.203718	1.000000	0.000000	0.000000	0.000000	0.000000	0.228231	0.952037	0.000000	0.000000	-0.952037	0.228231
974.041260	-0.208174	0.000000	0.000000	-0.208174	1.000000	0.000000	0.000000	0.000000	0.000000	0.227894	0.951168	0.000000	0.000000	-0.951168	0.227894
974.399660	-0.212538	0.000000	0.000000	-0.212538	1.000000	0.000000	0.000000	0.000000	0.000000	0.227522	0.950275	0.000000	0.000000	-0.950275	0.227522
974.757930	-0.216900	0.000000	0.000000	-0.216900	1.000000	0.000000	0.000000	0.000000	0.000000	0.227150	0.949383	0.000000	0.000000	-0.949383	0.227150
975.116090	-0.221228	0.000000	0.000000	-0.221228	1.000000	0.000000	0.000000	0.000000	0.000000	0.226766	0.948483	0.000000	0.000000	-0.948483	0.226766
975.474120	-0.225488	0.000000	0.000000	-0.225488	1.000000	0.000000	0.000000	0.000000	0.000000	0.226355	0.947566	0.000000	0.000000	-0.947566	0.226355
975.832090	-0.229747	0.000000	0.000000	-0.229747	1.000000	0.000000	0.000000	0.000000	0.000000	0.225945	0.946649	0.000000	0.000000	-0.946649	0.225945
976.189940	-0.233954	0.000000	0.000000	-0.233954	1.000000	0.000000	0.000000	0.000000	0.000000	0.225514	0.945720	0.000000	0.000000	-0.945720	0.225514
976.547730	-0.238115	0.000000	0.000000	-0.238115	1.000000	0.000000	0.000000	0.000000	0.000000	0.225066	0.944781	0.000000	0.000000	-0.944781	0.225066
976.905330	-0.242273	0.000000	0.000000	-0.242273	1.000000	0.000000	0.000000	0.000000	0.000000	0.224618	0.943843	0.000000	0.000000	-0.943843	0.224618
977.262880	-0.246363	0.000000	0.000000	-0.246363	1.000000	0.000000	0.000000	0.000000	0.000000	0.224143	0.942888	0.000000	0.000000	-0.942888	0.224143
977.620300	-0.250427	0.000000	0.000000	-0.250427	1.000000	0.000000	0.000000	0.000000	0.000000	0.223658	0.941929	0.000000	0.000000	-0.941929	0.223658
977.977660	-0.254491	0.000000	0.000000	-0.254491	1.000000	0.000000	0.000000	0.000000	0.000000	0.223173	0.940970	0.000000	0.000000	-0.940970	0.223173
978.334840	-0.258469	0.000000	0.000000	-0.258469	1.000000	0.000000	0.000000	0.000000	0.000000	0.222655	0.939994	0.000000	0.000000	-0.939994	0.222655
978.692020	-0.262442	0.000000	0.000000	-0.262442	1.000000	0.000000	0.000000	0.000000	0.000000	0.222134	0.939017	0.000000	0.000000	-0.939017	0.222134
979.049010	-0.266401	0.000000	0.000000	-0.266401	1.000000	0.000000	0.000000	0.000000	0.000000	0.221609	0.938038	0.000000	0.000000	-0.938038	0.221609
979.405940	-0.270286	0.000000	0.000000	-0.270286	1.000000	0.000000	0.000000	0.000000	0.000000	0.221053	0.937043	0.000000	0.000000	-0.937043	0.221053
979.762760	-0.274169	0.000000	0.000000	-0.274169	1.000000	0.000000	0.000000	0.000000	0.000000	0.220497	0.936050	0.000000	0.000000	-0.936050	0.220497
980.119450	-0.278024	0.000000	0.000000	-0.278024	1.000000	0.000000	0.000000	0.000000	0.000000	0.219931	0.935051	0.000000	0.000000	-0.935051	0.219931
980.476010	-0.281822	0.000000	0.000000	-0.281822	1.000000	0.000000	0.000000	0.000000	0.000000	0.219341	0.934042	0.000000	0.000000	-0.934042	0.219341
980.832520	-0.285620	0.000000	0.000000	-0.285620	1.000000	0.000000	0.000000	0.000000	0.000000	0.218752	0.933034	0.000000	0.000000	-0.933034	0.218752
981.188900	-0.289374	0.000000	0.000000	-0.289374	1.000000	0.000000	0.000000	0.000000	0.000000	0.218145	0.932018	0.000000	0.000000	-0.932018	0.218145
981.545230	-0.293091	0.000000	0.000000	-0.293091	1.000000	0.000000	0.000000	0.000000	0.000000	0.217522	0.930995	0.000000	0.000000	-0.930995	0.217522
981.901370	-0.296805	0.000000	0.000000	-0.296805	1.000000	0.000000	0.000000	0.000000	0.000000	0.216899	0.929973	0.000000	0.000000	-0.929973	0.216899
982.257510	-0.300465	0.000000	0.000000	-0.300465	1.000000	0.000000	0.000000	0.000000	0.000000	0.216253	0.928942	0.000000	0.000000	-0.928942	0.216253
982.613460	-0.304102	0.000000	0.000000	-0.304102	1.000000	0.000000	0.000000	0.000000	0.000000	0.215599	0.927907	0.000000	0.000000	-0.927907	0.215599
982.969300	-0.307737	0.000000	0.000000	-0.307737	1.000000	0.000000	0.000000	0.000000	0.000000	0.214944	0.926873	0.000000	0.000000	-0.926873	0.214944
983.325070	-0.311305	0.000000	0.000000	-0.311305	1.000000	0.000000	0.000000	0.000000	0.000000	0.214261	0.925828	0.000000	0.000000	-0.925828	0.214261
983.680790	-0.314866	0.000000	0.000000	-0.314866	1.000000	0.000000	0.000000	0.000000	0.000000	0.213575	0.924781	0.000000	0.000000	-0.924781	0.213575
984.036320	-0.318418	0.000000	0.000000	-0.318418	1.000000	0.000000	0.000000	0.000000	0.000000	0.212886	0.923734	0.000000	0.000000	-0.923734	0.212886
984.391780	-0.321906	0.000000	0.000000	-0.321906	1.000000	0.000000	0.000000	0.000000	0.000000	0.212169	0.922678	0.000000	0.000000	-0.922678	0.212169
984.747130	-0.325393	0.000000	0.000000	-0.325393	1.000000	0.000000	0.000000	0.000000	0.000000	0.211453	0.921622	0.000000	0.000000	-0.921622	0.211453
985.102360	-0.328859	0.000000	0.000000	-0.328859	1.000000	0.000000	0.000000	0.000000	0.000000	0.210728	0.920563	0.000000	0.000000	-0.920563	0.210728
985.457520	-0.332276	0.000000	0.000000	-0.332276	1.000000	0.000000	0.000000	0.000000	0.000000	0.209982	0.919497	0.000000	0.000000	-0.919497	0.209982
985.812560	-0.335692	0.000000	0.000000	-0.335692	1.000000	0.000000	0.000000	0.000000	0.000000	0.209236	0.918431	0.000000	0.000000	-0.918431	0.209236
986.167480	-0.339077	0.000000	0.000000	-0.339077	1.000000	0.000000	0.000000	0.000000	0.000000	0.208476	0.917361	0.000000	0.000000	-0.917361	0.208476
986.522340	-0.342426	0.000000	0.000000	-0.342426	1.000000	0.000000	0.000000	0.000000	0.000000	0.207700	0.916286	0.000000	0.000000	-0.916286	0.207700
986.877010	-0.345773	0.000000	0.000000	-0.345773	1.000000	0.000000	0.000000	0.000000	0.000000	0.206925	0.915212	0.000000	0.000000	-0.915212	0.206925
987.231690	-0.349079	0.000000	0.000000	-0.349079	1.000000	0.000000	0.000000	0.000000	0.000000	0.206131	0.914131	0.000000	0.000000	-0.914131	0.206131
987.586180	-0.352362	0.000000	0.000000	-0.352362	1.000000	0.000000	0.000000	0.000000	0.000000	0.205328	0.913048	0.000000	0.000000	-0.913048	0.205328
987.940610	-0.355644	0.000000	0.000000	-0.355644	1.000000	0.000000	0.000000	0.000000	0.000000	0.204525	0.911965	0.000000	0.000000	-0.911965	0.204525
988.294920	-0.358875	0.000000	0.000000	-0.358875	1.000000	0.000000	0.000000	0.000000	0.000000	0.203698	0.910876	0.000000	0.000000	-0.910876	0.203698
988.649110	-0.362095	0.000000	0.000000	-0.362095	1.000000	0.000000	0.000000	0.000000	0.000000	0.202867	0.909785	0.000000	0.000000	-0.909785	0.202867
989.003230	-0.365314	0.000000	0.000000	-0.365314	1.000000	0.000000	0.000000	0.000000	0.000000	0.202036	0.908695	0.000000	0.000000	-0.908695	0.202036
989.357180	-0.368473	0.000000	0.000000	-0.368473	1.000000	0.000000	0.000000	0.000000	0.000000	0.201179	0.907597	0.000000	0.000000	-0.907597	0.201179
989.711120	-0.371632	0.000000	0.000000	-0.371632	1.000000	0.000000	0.000000	0.000000	0.000000	0.200321	0.906499	0.000000	0.000000	-0.906499	0.200321
990.064880	-0.374780	0.000000	0.000000	-0.374780	1.000000	0.000000	0.000000	0.000000	0.000000	0.199459	0.905400	0.000000	0.000000	-0.905400	0.199459
990.418580	-0.377882	0.000000	0.000000	-0.377882	1.000000	0.000000	0.000000	0.000000	0.000000	0.198575	0.904296	0.000000	0.000000	-0.904296	0.198575
990.772160	-0.380982	0.000000	0.000000	-0.380982	1.000000	0.000000	0.000000	0.000000	0.000000	0.197691	0.903192	0.000000	0.000000	-0.903192	0.197691
991.125610	-0.384062	0.000000	0.000000	-0.384062	1.000000	0.000000	0.000000	0.000000	0.000000	0.196799	0.902085	0.000000	0.000000	-0.902085	0.196799
991.479000	-0.387107	0.000000	0.000000	-0.387107	1.000000	0.000000	0.000000	0.000000	0.000000	0.195890	0.900974	0.000000	0.000000	-0.900974	0.195890
991.832280	-0.390151	0.000000	0.000000	-0.390151	1.000000	0.000000	0.000000	0.000000	0.000000	0.194981	0.899862	0.000000	0.000000	-0.899862	0.194981
992.185420	-0.393167	0.000000	0.000000	-0.393167	1.000000	0.000000	0.000000	0.000000	0.000000	0.194058	0.898748	0.000000	0.000000	-0.898748	0.194058
992.538510	-0.396157	0.000000	0.000000	-0.396157	1.000000	0.000000	0.000000	0.000000	0.000000	0.193124	0.897631	0.000000	0.000000	-0.897631	0.193124
992.891420	-0.399146	0.000000	0.000000	-0.399146	1.000000	0.000000	0.000000	0.000000	0.000000	0.192190	0.896514	0.000000	0.000000	-0.896514	0.192190
993.244320	-0.402101	0.000000	0.000000	-0.402101	1.000000	0.000000	0.000000	0.000000	0.000000	0.191240	0.895392	0.000000	0.000000	-0.895392	0.191240
993.597050	-0.405038	0.000000	0.000000	-0.405038	1.000000	0.000000	0.000000	0.000000	0.000000	0.190282	0.894268	0.000000	0.000000	-0.894268	0.190282
993.949710	-0.407975	0.000000	0.000000	-0.407975	1.000000	0.000000	0.000000	0.000000	0.000000	0.189325	0.893145	0.000000	0.000000	-0.893145	0.189325
994.302250	-0.410870	0.000000	0.000000	-0.410870	1.000000	0.000000	0.000000	0.000000	0.000000	0.188346	0.892016	0.000000	0.000000	-0.892016	0.188346
994.654660	-0.413758	0.000000	0.000000	-0.413758	1.000000	0.000000	0.000000	0.000000	0.000000	0.187365	0.890887	0.000000	0.000000	-0.890887	0.187365
995.007020	-0.416644	0.000000	0.000000	-0.416644	1.000000	0.000000	0.000000	0.000000	0.000000	0.186383	0.889757	0.000000	0.000000	-0.889757	0.186383
995.359190	-0.419483	0.000000	0.000000	-0.419483	1.000000	0.000000	0.000000	0.000000	0.000000	0.185379	0.888622	0.000000	0.000000	-0.888622	0.185379
995.711360	-0.422322	0.000000	0.000000	-0.422322	1.000000	0.000000	0.000000	0.000000	0.000000	0.184375	0.887487	0.000000	0.000000	-0.887487	0.184375
996.063350	-0.425152	0.000000	0.000000	-0.425152	1.000000	0.000000	0.000000	0.000000	0.000000	0.183367	0.886351	0.000000	0.000000	-0.886351	0.183367
996.415280	-0.427944	0.000000	0.000000	-0.427944	1.000000	0.000000	0.000000	0.000000	0.000000	0.182341	0.885210	0.000000	0.000000	-0.885210	0.182341
996.767090	-0.430735	0.000000	0.000000	-0.430735	1.000000	0.000000	0.000000	0.000000	0.000000	0.181315	0.884069	0.000000	0.000000	-0.884069	0.181315
997.118770	-0.433511	0.000000	0.000000	-0.433511	1.000000	0.000000	0.000000	0.000000	0.000000	0.180282	0.882927	0.000000	0.000000	-0.882927	0.180282
997.470400	-0.436258	0.000000	0.000000	-0.436258	1.000000	0.000000	0.000000	0.000000	0.000000	0.179234	0.881780	0.000000	0.000000	-0.881780	0.179234
997.821900	-0.439004	0.000000	0.000000	-0.439004	1.000000	0.000000	0.000000	0.000000	0.000000	0.178186	0.880633	0.000000	0.000000	-0.880633	0.178186
998.173280	-0.441728	0.000000	0.000000	-0.441728	1.000000	0.000000	0.000000	0.000000	0.000000	0.177128	0.879483	0.000000	0.000000	-0.879483	0.177128
998.524600	-0.444432	0.000000	0.000000	-0.444432	1.000000	0.000000	0.000000	0.000000	0.000000	0.176059	0.878330	0.000000	0.000000	-0.878330	0.176059
998.875730	-0.447134	0.000000	0.000000	-0.447134	1.000000	0.000000	0.000000	0.000000	0.000000	0.174991	0.877178	0.000000	0.000000	-0.877178	0.174991
999.226810	-0.449810	0.000000	0.000000	-0.449810	1.000000	0.000000	0.000000	0.000000	0.000000	0.173909	0.876021	0.000000	0.000000	-0.876021	0.173909
999.577820	-0.452471	0.000000	0.000000	-0.452471	1.000000	0.000000	0.000000	0.000000	0.000000	0.172819	0.874863	0.000000	0.000000	-0.874863	0.172819
999.928710	-0.455131	0.000000	0.000000	-0.455131	1.000000	0.000000	0.000000	0.000000	0.000000	0.171730	0.873704	0.000000	0.000000	-0.873704	0.171730
