# Interpolated from Woollam data to StellarNet BlackComet grid (400.2-999.9 nm)
# wavelength_nm	M12	M13	M14	M21	M22	M23	M24	M31	M32	M33	M34	M41	M42	M43	M44
400.248140	-0.249998	0.000000	0.000000	-0.249998	1.000000	0.000000	0.000000	0.000000	0.000000	0.011116	-0.968180	0.000000	0.000000	0.968180	0.011116
400.746060	-0.247936	0.000000	0.000000	-0.247936	1.000000	0.000000	0.000000	0.000000	0.000000	0.012649	-0.968691	0.000000	0.000000	0.968691	0.012649
401.243900	-0.245849	0.000000	0.000000	-0.245849	1.000000	0.000000	0.000000	0.000000	0.000000	0.014145	-0.969203	0.000000	0.000000	0.969203	0.014145
401.741610	-0.243734	0.000000	0.000000	-0.243734	1.000000	0.000000	0.000000	0.000000	0.000000	0.015602	-0.969714	0.000000	0.000000	0.969714	0.015602
402.239230	-0.241596	0.000000	0.000000	-0.241596	1.000000	0.000000	0.000000	0.000000	0.000000	0.017025	-0.970225	0.000000	0.000000	0.970225	0.017025
402.736760	-0.239432	0.000000	0.000000	-0.239432	1.000000	0.000000	0.000000	0.000000	0.000000	0.018412	-0.970736	0.000000	0.000000	0.970736	0.018412
403.234160	-0.237245	0.000000	0.000000	-0.237245	1.000000	0.000000	0.000000	0.000000	0.000000	0.019767	-0.971246	0.000000	0.000000	0.971246	0.019767
403.731480	-0.235033	0.000000	0.000000	-0.235033	1.000000	0.000000	0.000000	0.000000	0.000000	0.021087	-0.971756	0.000000	0.000000	0.971756	0.021087
404.228670	-0.232798	0.000000	0.000000	-0.232798	1.000000	0.000000	0.000000	0.000000	0.000000	0.022378	-0.972265	0.000000	0.000000	0.972265	0.022378
404.725770	-0.230537	0.000000	0.000000	-0.230537	1.000000	0.000000	0.000000	0.000000	0.000000	0.023633	-0.972773	0.000000	0.000000	0.972773	0.023633
405.222780	-0.228255	0.000000	0.000000	-0.228255	1.000000	0.000000	0.000000	0.000000	0.000000	0.024860	-0.973281	0.000000	0.000000	0.973281	0.024860
405.719670	-0.225945	0.000000	0.000000	-0.225945	1.000000	0.000000	0.000000	0.000000	0.000000	0.026051	-0.973789	0.000000	0.000000	0.973789	0.026051
406.216430	-0.223614	0.000000	0.000000	-0.223614	1.000000	0.000000	0.000000	0.000000	0.000000	0.027212	-0.974296	0.000000	0.000000	0.974296	0.027212
406.713130	-0.221253	0.000000	0.000000	-0.221253	1.000000	0.000000	0.000000	0.000000	0.000000	0.028333	-0.974802	0.000000	0.000000	0.974802	0.028333
407.209720	-0.218874	0.000000	0.000000	-0.218874	1.000000	0.000000	0.000000	0.000000	0.000000	0.029431	-0.975307	0.000000	0.000000	0.975307	0.029431
407.706180	-0.216469	0.000000	0.000000	-0.216469	1.000000	0.000000	0.000000	0.000000	0.000000	0.030498	-0.975810	0.000000	0.000000	0.975810	0.030498
408.202550	-0.214045	0.000000	0.000000	-0.214045	1.000000	0.000000	0.000000	0.000000	0.000000	0.031539	-0.976312	0.000000	0.000000	0.976312	0.031539
408.698820	-0.211592	0.000000	0.000000	-0.211592	1.000000	0.000000	0.000000	0.000000	0.000000	0.032544	-0.976813	0.000000	0.000000	0.976813	0.032544
409.194980	-0.209122	0.000000	0.000000	-0.209122	1.000000	0.000000	0.000000	0.000000	0.000000	0.033526	-0.977313	0.000000	0.000000	0.977313	0.033526
409.691040	-0.206623	0.000000	0.000000	-0.206623	1.000000	0.000000	0.000000	0.000000	0.000000	0.034473	-0.977810	0.000000	0.000000	0.977810	0.034473
410.186980	-0.204106	0.000000	0.000000	-0.204106	1.000000	0.000000	0.000000	0.000000	0.000000	0.035398	-0.978306	0.000000	0.000000	0.978306	0.035398
410.682830	-0.201560	0.000000	0.000000	-0.201560	1.000000	0.000000	0.000000	0.000000	0.000000	0.036290	-0.978800	0.000000	0.000000	0.978800	0.036290
411.178590	-0.198997	0.000000	0.000000	-0.198997	1.000000	0.000000	0.000000	0.000000	0.000000	0.037158	-0.979293	0.000000	0.000000	0.979293	0.037158
411.674220	-0.196400	0.000000	0.000000	-0.196400	1.000000	0.000000	0.000000	0.000000	0.000000	0.037986	-0.979784	0.000000	0.000000	0.979784	0.037986
412.169770	-0.193789	0.000000	0.000000	-0.193789	1.000000	0.000000	0.000000	0.000000	0.000000	0.038796	-0.980274	0.000000	0.000000	0.980274	0.038796
412.665190	-0.191148	0.000000	0.000000	-0.191148	1.000000	0.000000	0.000000	0.000000	0.000000	0.039572	-0.980760	0.000000	0.000000	0.980760	0.039572
413.160520	-0.188492	0.000000	0.000000	-0.188492	1.000000	0.000000	0.000000	0.000000	0.000000	0.040332	-0.981244	0.000000	0.000000	0.981244	0.040332
413.655730	-0.185804	0.000000	0.000000	-0.185804	1.000000	0.000000	0.000000	0.000000	0.000000	0.041056	-0.981725	0.000000	0.000000	0.981725	0.041056
414.150880	-0.183103	0.000000	0.000000	-0.183103	1.000000	0.000000	0.000000	0.000000	0.000000	0.041763	-0.982204	0.000000	0.000000	0.982204	0.041763
414.645870	-0.180369	0.000000	0.000000	-0.180369	1.000000	0.000000	0.000000	0.000000	0.000000	0.042433	-0.982680	0.000000	0.000000	0.982680	0.042433
415.140780	-0.177621	0.000000	0.000000	-0.177621	1.000000	0.000000	0.000000	0.000000	0.000000	0.043086	-0.983154	0.000000	0.000000	0.983154	0.043086
415.635590	-0.174837	0.000000	0.000000	-0.174837	1.000000	0.000000	0.000000	0.000000	0.000000	0.043697	-0.983624	0.000000	0.000000	0.983624	0.043697
416.130310	-0.172040	0.000000	0.000000	-0.172040	1.000000	0.000000	0.000000	0.000000	0.000000	0.044295	-0.984092	0.000000	0.000000	0.984092	0.044295
416.624910	-0.169210	0.000000	0.000000	-0.169210	1.000000	0.000000	0.000000	0.000000	0.000000	0.044859	-0.984555	0.000000	0.000000	0.984555	0.044859
417.119380	-0.166368	0.000000	0.000000	-0.166368	1.000000	0.000000	0.000000	0.000000	0.000000	0.045411	-0.985016	0.000000	0.000000	0.985016	0.045411
417.613800	-0.163491	0.000000	0.000000	-0.163491	1.000000	0.000000	0.000000	0.000000	0.000000	0.045927	-0.985471	0.000000	0.000000	0.985471	0.045927
418.108060	-0.160604	0.000000	0.000000	-0.160604	1.000000	0.000000	0.000000	0.000000	0.000000	0.046431	-0.985925	0.000000	0.000000	0.985925	0.046431
418.602260	-0.157679	0.000000	0.000000	-0.157679	1.000000	0.000000	0.000000	0.000000	0.000000	0.046893	-0.986372	0.000000	0.000000	0.986372	0.046893
419.096340	-0.154744	0.000000	0.000000	-0.154744	1.000000	0.000000	0.000000	0.000000	0.000000	0.047345	-0.986818	0.000000	0.000000	0.986818	0.047345
419.590300	-0.151771	0.000000	0.000000	-0.151771	1.000000	0.000000	0.000000	0.000000	0.000000	0.047762	-0.987256	0.000000	0.000000	0.987256	0.047762
420.084200	-0.148789	0.000000	0.000000	-0.148789	1.000000	0.000000	0.000000	0.000000	0.000000	0.048169	-0.987693	0.000000	0.000000	0.987693	0.048169
420.577940	-0.145766	0.000000	0.000000	-0.145766	1.000000	0.000000	0.000000	0.000000	0.000000	0.048532	-0.988123	0.000000	0.000000	0.988123	0.048532
421.071620	-0.142736	0.000000	0.000000	-0.142736	1.000000	0.000000	0.000000	0.000000	0.000000	0.048888	-0.988551	0.000000	0.000000	0.988551	0.048888
421.565160	-0.139666	0.000000	0.000000	-0.139666	1.000000	0.000000	0.000000	0.000000	0.000000	0.049202	-0.988970	0.000000	0.000000	0.988970	0.049202
422.058620	-0.136589	0.000000	0.000000	-0.136589	1.000000	0.000000	0.000000	0.000000	0.000000	0.049511	-0.989388	0.000000	0.000000	0.989388	0.049511
422.551970	-0.133470	0.000000	0.000000	-0.133470	1.000000	0.000000	0.000000	0.000000	0.000000	0.049784	-0.989796	0.000000	0.000000	0.989796	0.049784
423.045230	-0.130347	0.000000	0.000000	-0.130347	1.000000	0.000000	0.000000	0.000000	0.000000	0.050051	-0.990203	0.000000	0.000000	0.990203	0.050051
423.538360	-0.127176	0.000000	0.000000	-0.127176	1.000000	0.000000	0.000000	0.000000	0.000000	0.050272	-0.990600	0.000000	0.000000	0.990600	0.050272
424.031400	-0.124003	0.000000	0.000000	-0.124003	1.000000	0.000000	0.000000	0.000000	0.000000	0.050490	-0.990995	0.000000	0.000000	0.990995	0.050490
424.524320	-0.120785	0.000000	0.000000	-0.120785	1.000000	0.000000	0.000000	0.000000	0.000000	0.050669	-0.991379	0.000000	0.000000	0.991379	0.050669
425.017150	-0.117566	0.000000	0.000000	-0.117566	1.000000	0.000000	0.000000	0.000000	0.000000	0.050846	-0.991762	0.000000	0.000000	0.991762	0.050846
425.509890	-0.114297	0.000000	0.000000	-0.114297	1.000000	0.000000	0.000000	0.000000	0.000000	0.050977	-0.992132	0.000000	0.000000	0.992132	0.050977
426.002500	-0.111029	0.000000	0.000000	-0.111029	1.000000	0.000000	0.000000	0.000000	0.000000	0.051107	-0.992502	0.000000	0.000000	0.992502	0.051107
426.495030	-0.107709	0.000000	0.000000	-0.107709	1.000000	0.000000	0.000000	0.000000	0.000000	0.051193	-0.992857	0.000000	0.000000	0.992857	0.051193
426.987430	-0.104390	0.000000	0.000000	-0.104390	1.000000	0.000000	0.000000	0.000000	0.000000	0.051278	-0.993213	0.000000	0.000000	0.993213	0.051278
427.479740	-0.101022	0.000000	0.000000	-0.101022	1.000000	0.000000	0.000000	0.000000	0.000000	0.051323	-0.993554	0.000000	0.000000	0.993554	0.051323
427.971950	-0.097653	0.000000	0.000000	-0.097653	1.000000	0.000000	0.000000	0.000000	0.000000	0.051367	-0.993894	0.000000	0.000000	0.993894	0.051367
428.464050	-0.094236	0.000000	0.000000	-0.094236	1.000000	0.000000	0.000000	0.000000	0.000000	0.051368	-0.994218	0.000000	0.000000	0.994218	0.051368
428.956050	-0.090816	0.000000	0.000000	-0.090816	1.000000	0.000000	0.000000	0.000000	0.000000	0.051366	-0.994541	0.000000	0.000000	0.994541	0.051366
429.447940	-0.087349	0.000000	0.000000	-0.087349	1.000000	0.000000	0.000000	0.000000	0.000000	0.051328	-0.994848	0.000000	0.000000	0.994848	0.051328
429.939730	-0.083878	0.000000	0.000000	-0.083878	1.000000	0.000000	0.000000	0.000000	0.000000	0.051286	-0.995154	0.000000	0.000000	0.995154	0.051286
430.431400	-0.080362	0.000000	0.000000	-0.080362	1.000000	0.000000	0.000000	0.000000	0.000000	0.051210	-0.995443	0.000000	0.000000	0.995443	0.051210
430.922970	-0.076841	0.000000	0.000000	-0.076841	1.000000	0.000000	0.000000	0.000000	0.000000	0.051129	-0.995730	0.000000	0.000000	0.995730	0.051129
431.414460	-0.073274	0.000000	0.000000	-0.073274	1.000000	0.000000	0.000000	0.000000	0.000000	0.051004	-0.996000	0.000000	0.000000	0.996000	0.051004
431.905820	-0.069699	0.000000	0.000000	-0.069699	1.000000	0.000000	0.000000	0.000000	0.000000	0.050871	-0.996268	0.000000	0.000000	0.996268	0.050871
432.397090	-0.066083	0.000000	0.000000	-0.066083	1.000000	0.000000	0.000000	0.000000	0.000000	0.050713	-0.996518	0.000000	0.000000	0.996518	0.050713
432.888240	-0.062457	0.000000	0.000000	-0.062457	1.000000	0.000000	0.000000	0.000000	0.000000	0.050549	-0.996764	0.000000	0.000000	0.996764	0.050549
433.379300	-0.058790	0.000000	0.000000	-0.058790	1.000000	0.000000	0.000000	0.000000	0.000000	0.050351	-0.996993	0.000000	0.000000	0.996993	0.050351
433.870270	-0.055112	0.000000	0.000000	-0.055112	1.000000	0.000000	0.000000	0.000000	0.000000	0.050143	-0.997217	0.000000	0.000000	0.997217	0.050143
434.361110	-0.051394	0.000000	0.000000	-0.051394	1.000000	0.000000	0.000000	0.000000	0.000000	0.049902	-0.997424	0.000000	0.000000	0.997424	0.049902
434.851870	-0.047662	0.000000	0.000000	-0.047662	1.000000	0.000000	0.000000	0.000000	0.000000	0.049649	-0.997625	0.000000	0.000000	0.997625	0.049649
435.342500	-0.043893	0.000000	0.000000	-0.043893	1.000000	0.000000	0.000000	0.000000	0.000000	0.049372	-0.997809	0.000000	0.000000	0.997809	0.049372
435.833040	-0.040108	0.000000	0.000000	-0.040108	1.000000	0.000000	0.000000	0.000000	0.000000	0.049084	-0.997985	0.000000	0.000000	0.997985	0.049084
436.323490	-0.036289	0.000000	0.000000	-0.036289	1.000000	0.000000	0.000000	0.000000	0.000000	0.048772	-0.998144	0.000000	0.000000	0.998144	0.048772
436.813810	-0.032452	0.000000	0.000000	-0.032452	1.000000	0.000000	0.000000	0.000000	0.000000	0.048447	-0.998294	0.000000	0.000000	0.998294	0.048447
437.304050	-0.028581	0.000000	0.000000	-0.028581	1.000000	0.000000	0.000000	0.000000	0.000000	0.048097	-0.998427	0.000000	0.000000	0.998427	0.048097
437.794160	-0.024689	0.000000	0.000000	-0.024689	1.000000	0.000000	0.000000	0.000000	0.000000	0.047731	-0.998550	0.000000	0.000000	0.998550	0.047731
438.284180	-0.020768	0.000000	0.000000	-0.020768	1.000000	0.000000	0.000000	0.000000	0.000000	0.047344	-0.998656	0.000000	0.000000	0.998656	0.047344
438.774080	-0.016824	0.000000	0.000000	-0.016824	1.000000	0.000000	0.000000	0.000000	0.000000	0.046943	-0.998750	0.000000	0.000000	0.998750	0.046943
439.263890	-0.012852	0.000000	0.000000	-0.012852	1.000000	0.000000	0.000000	0.000000	0.000000	0.046520	-0.998829	0.000000	0.000000	0.998829	0.046520
439.753600	-0.008854	0.000000	0.000000	-0.008854	1.000000	0.000000	0.000000	0.000000	0.000000	0.046079	-0.998893	0.000000	0.000000	0.998893	0.046079
440.243190	-0.004828	0.000000	0.000000	-0.004828	1.000000	0.000000	0.000000	0.000000	0.000000	0.045620	-0.998941	0.000000	0.000000	0.998941	0.045620
440.732700	-0.000775	0.000000	0.000000	-0.000775	1.000000	0.000000	0.000000	0.000000	0.000000	0.045142	-0.998973	0.000000	0.000000	0.998973	0.045142
441.222080	0.003302	0.000000	0.000000	0.003302	1.000000	0.000000	0.000000	0.000000	0.000000	0.044648	-0.998991	0.000000	0.000000	0.998991	0.044648
441.711360	0.007408	0.000000	0.000000	0.007408	1.000000	0.000000	0.000000	0.000000	0.000000	0.044135	-0.998990	0.000000	0.000000	0.998990	0.044135
442.200560	0.011536	0.000000	0.000000	0.011536	1.000000	0.000000	0.000000	0.000000	0.000000	0.043607	-0.998976	0.000000	0.000000	0.998976	0.043607
442.689640	0.015697	0.000000	0.000000	0.015697	1.000000	0.000000	0.000000	0.000000	0.000000	0.043056	-0.998941	0.000000	0.000000	0.998941	0.043056
443.178620	0.019877	0.000000	0.000000	0.019877	1.000000	0.000000	0.000000	0.000000	0.000000	0.042494	-0.998893	0.000000	0.000000	0.998893	0.042494
443.667480	0.024093	0.000000	0.000000	0.024093	1.000000	0.000000	0.000000	0.000000	0.000000	0.041910	-0.998822	0.000000	0.000000	0.998822	0.041910
444.156250	0.028325	0.000000	0.000000	0.028325	1.000000	0.000000	0.000000	0.000000	0.000000	0.041316	-0.998739	0.000000	0.000000	0.998739	0.041316
444.644930	0.032595	0.000000	0.000000	0.032595	1.000000	0.000000	0.000000	0.000000	0.000000	0.040702	-0.998631	0.000000	0.000000	0.998631	0.040702
445.133480	0.036879	0.000000	0.000000	0.036879	1.000000	0.000000	0.000000	0.000000	0.000000	0.040077	-0.998512	0.000000	0.000000	0.998512	0.040077
445.621920	0.041203	0.000000	0.000000	0.041203	1.000000	0.000000	0.000000	0.000000	0.000000	0.039424	-0.998364	0.000000	0.000000	0.998364	0.039424
446.110290	0.045539	0.000000	0.000000	0.045539	1.000000	0.000000	0.000000	0.000000	0.000000	0.038763	-0.998206	0.000000	0.000000	0.998206	0.038763
446.598510	0.049916	0.000000	0.000000	0.049916	1.000000	0.000000	0.000000	0.000000	0.000000	0.038075	-0.998017	0.000000	0.000000	0.998017	0.038075
447.086670	0.054303	0.000000	0.000000	0.054303	1.000000	0.000000	0.000000	0.000000	0.000000	0.037380	-0.997821	0.000000	0.000000	0.997821	0.037380
447.574710	0.058737	0.000000	0.000000	0.058737	1.000000	0.000000	0.000000	0.000000	0.000000	0.036660	-0.997590	0.000000	0.000000	0.997590	0.036660
448.062620	0.063177	0.000000	0.000000	0.063177	1.000000	0.000000	0.000000	0.000000	0.000000	0.035937	-0.997353	0.000000	0.000000	0.997353	0.035937
448.550480	0.067664	0.000000	0.000000	0.067664	1.000000	0.000000	0.000000	0.000000	0.000000	0.035189	-0.997076	0.000000	0.000000	0.997076	0.035189
449.038180	0.072154	0.000000	0.000000	0.072154	1.000000	0.000000	0.000000	0.000000	0.000000	0.034439	-0.996797	0.000000	0.000000	0.996797	0.034439
449.525820	0.076695	0.000000	0.000000	0.076695	1.000000	0.000000	0.000000	0.000000	0.000000	0.033654	-0.996475	0.000000	0.000000	0.996475	0.033654
450.013340	0.081238	0.000000	0.000000	0.081238	1.000000	0.000000	0.000000	0.000000	0.000000	0.032869	-0.996152	0.000000	0.000000	0.996152	0.032869
450.500730	0.085833	0.000000	0.000000	0.085833	1.000000	0.000000	0.000000	0.000000	0.000000	0.032057	-0.995782	0.000000	0.000000	0.995782	0.032057
450.988070	0.090429	0.000000	0.000000	0.090429	1.000000	0.000000	0.000000	0.000000	0.000000	0.031245	-0.995412	0.000000	0.000000	0.995412	0.031245
451.475250	0.095077	0.000000	0.000000	0.095077	1.000000	0.000000	0.000000	0.000000	0.000000	0.030399	-0.994994	0.000000	0.000000	0.994994	0.030399
451.962370	0.099726	0.000000	0.000000	0.099726	1.000000	0.000000	0.000000	0.000000	0.000000	0.029551	-0.994574	0.000000	0.000000	0.994574	0.029551
452.449340	0.104425	0.000000	0.000000	0.104425	1.000000	0.000000	0.000000	0.000000	0.000000	0.028680	-0.994107	0.000000	0.000000	0.994107	0.028680
452.936250	0.109128	0.000000	0.000000	0.109128	1.000000	0.000000	0.000000	0.000000	0.000000	0.027806	-0.993636	0.000000	0.000000	0.993636	0.027806
453.423030	0.113877	0.000000	0.000000	0.113877	1.000000	0.000000	0.000000	0.000000	0.000000	0.026906	-0.993118	0.000000	0.000000	0.993118	0.026906
453.909730	0.118633	0.000000	0.000000	0.118633	1.000000	0.000000	0.000000	0.000000	0.000000	0.026001	-0.992593	0.000000	0.000000	0.992593	0.026001
454.396300	0.123431	0.000000	0.000000	0.123431	1.000000	0.000000	0.000000	0.000000	0.000000	0.025074	-0.992024	0.000000	0.000000	0.992024	0.025074
454.882780	0.128239	0.000000	0.000000	0.128239	1.000000	0.000000	0.000000	0.000000	0.000000	0.024142	-0.991444	0.000000	0.000000	0.991444	0.024142
455.369140	0.133088	0.000000	0.000000	0.133088	1.000000	0.000000	0.000000	0.000000	0.000000	0.023191	-0.990820	0.000000	0.000000	0.990820	0.023191
455.855410	0.137951	0.000000	0.000000	0.137951	1.000000	0.000000	0.000000	0.000000	0.000000	0.022233	-0.990183	0.000000	0.000000	0.990183	0.022233
456.341580	0.142850	0.000000	0.000000	0.142850	1.000000	0.000000	0.000000	0.000000	0.000000	0.021253	-0.989504	0.000000	0.000000	0.989504	0.021253
456.827640	0.147764	0.000000	0.000000	0.147764	1.000000	0.000000	0.000000	0.000000	0.000000	0.020265	-0.988807	0.000000	0.000000	0.988807	0.020265
457.313600	0.152711	0.000000	0.000000	0.152711	1.000000	0.000000	0.000000	0.000000	0.000000	0.019261	-0.988071	0.000000	0.000000	0.988071	0.019261
457.799440	0.157675	0.000000	0.000000	0.157675	1.000000	0.000000	0.000000	0.000000	0.000000	0.018249	-0.987313	0.000000	0.000000	0.987313	0.018249
458.285190	0.162670	0.000000	0.000000	0.162670	1.000000	0.000000	0.000000	0.000000	0.000000	0.017219	-0.986518	0.000000	0.000000	0.986518	0.017219
458.770840	0.167686	0.000000	0.000000	0.167686	1.000000	0.000000	0.000000	0.000000	0.000000	0.016178	-0.985697	0.000000	0.000000	0.985697	0.016178
459.256380	0.172729	0.000000	0.000000	0.172729	1.000000	0.000000	0.000000	0.000000	0.000000	0.015124	-0.984842	0.000000	0.000000	0.984842	0.015124
459.741790	0.177796	0.000000	0.000000	0.177796	1.000000	0.000000	0.000000	0.000000	0.000000	0.014060	-0.983955	0.000000	0.000000	0.983955	0.014060
460.227140	0.182886	0.000000	0.000000	0.182886	1.000000	0.000000	0.000000	0.000000	0.000000	0.012983	-0.983038	0.000000	0.000000	0.983038	0.012983
460.712370	0.188001	0.000000	0.000000	0.188001	1.000000	0.000000	0.000000	0.000000	0.000000	0.011891	-0.982084	0.000000	0.000000	0.982084	0.011891
461.197480	0.193137	0.000000	0.000000	0.193137	1.000000	0.000000	0.000000	0.000000	0.000000	0.010790	-0.981103	0.000000	0.000000	0.981103	0.010790
461.682500	0.198303	0.000000	0.000000	0.198303	1.000000	0.000000	0.000000	0.000000	0.000000	0.009676	-0.980080	0.000000	0.000000	0.980080	0.009676
462.167420	0.203485	0.000000	0.000000	0.203485	1.000000	0.000000	0.000000	0.000000	0.000000	0.008555	-0.979032	0.000000	0.000000	0.979032	0.008555
462.652220	0.208699	0.000000	0.000000	0.208699	1.000000	0.000000	0.000000	0.000000	0.000000	0.007422	-0.977937	0.000000	0.000000	0.977937	0.007422
463.136930	0.213926	0.000000	0.000000	0.213926	1.000000	0.000000	0.000000	0.000000	0.000000	0.006282	-0.976822	0.000000	0.000000	0.976822	0.006282
463.621520	0.219186	0.000000	0.000000	0.219186	1.000000	0.000000	0.000000	0.000000	0.000000	0.005123	-0.975654	0.000000	0.000000	0.975654	0.005123
464.106020	0.224457	0.000000	0.000000	0.224457	1.000000	0.000000	0.000000	0.000000	0.000000	0.003959	-0.974470	0.000000	0.000000	0.974470	0.003959
464.590420	0.229764	0.000000	0.000000	0.229764	1.000000	0.000000	0.000000	0.000000	0.000000	0.002778	-0.973226	0.000000	0.000000	0.973226	0.002778
465.074710	0.235077	0.000000	0.000000	0.235077	1.000000	0.000000	0.000000	0.000000	0.000000	0.001595	-0.971970	0.000000	0.000000	0.971970	0.001595
465.558900	0.240429	0.000000	0.000000	0.240429	1.000000	0.000000	0.000000	0.000000	0.000000	0.000394	-0.970649	0.000000	0.000000	0.970649	0.000394
466.042970	0.245783	0.000000	0.000000	0.245783	1.000000	0.000000	0.000000	0.000000	0.000000	-0.000807	-0.969322	0.000000	0.000000	0.969322	-0.000807
466.526950	0.251181	0.000000	0.000000	0.251181	1.000000	0.000000	0.000000	0.000000	0.000000	-0.002027	-0.967920	0.000000	0.000000	0.967920	-0.002027
467.010830	0.256579	0.000000	0.000000	0.256579	1.000000	0.000000	0.000000	0.000000	0.000000	-0.003248	-0.966517	0.000000	0.000000	0.966517	-0.003248
467.494600	0.262019	0.000000	0.000000	0.262019	1.000000	0.000000	0.000000	0.000000	0.000000	-0.004487	-0.965034	0.000000	0.000000	0.965034	-0.004487
467.978240	0.267457	0.000000	0.000000	0.267457	1.000000	0.000000	0.000000	0.000000	0.000000	-0.005725	-0.963551	0.000000	0.000000	0.963551	-0.005725
468.461820	0.272935	0.000000	0.000000	0.272935	1.000000	0.000000	0.000000	0.000000	0.000000	-0.006985	-0.961988	0.000000	0.000000	0.961988	-0.006985
468.945280	0.278413	0.000000	0.000000	0.278413	1.000000	0.000000	0.000000	0.000000	0.000000	-0.008246	-0.960422	0.000000	0.000000	0.960422	-0.008246
469.428620	0.283930	0.000000	0.000000	0.283930	1.000000	0.000000	0.000000	0.000000	0.000000	-0.009515	-0.958779	0.000000	0.000000	0.958779	-0.009515
469.911870	0.289451	0.000000	0.000000	0.289451	1.000000	0.000000	0.000000	0.000000	0.000000	-0.010784	-0.957125	0.000000	0.000000	0.957125	-0.010784
470.395020	0.295004	0.000000	0.000000	0.295004	1.000000	0.000000	0.000000	0.000000	0.000000	-0.012075	-0.955400	0.000000	0.000000	0.955400	-0.012075
470.878050	0.300563	0.000000	0.000000	0.300563	1.000000	0.000000	0.000000	0.000000	0.000000	-0.013369	-0.953660	0.000000	0.000000	0.953660	-0.013369
471.360990	0.306151	0.000000	0.000000	0.306151	1.000000	0.000000	0.000000	0.000000	0.000000	-0.014671	-0.951851	0.000000	0.000000	0.951851	-0.014671
471.843810	0.311747	0.000000	0.000000	0.311747	1.000000	0.000000	0.000000	0.000000	0.000000	-0.015974	-0.950019	0.000000	0.000000	0.950019	-0.015974
472.326540	0.317369	0.000000	0.000000	0.317369	1.000000	0.000000	0.000000	0.000000	0.000000	-0.017289	-0.948126	0.000000	0.000000	0.948126	-0.017289
472.809170	0.323001	0.000000	0.000000	0.323001	1.000000	0.000000	0.000000	0.000000	0.000000	-0.018610	-0.946202	0.000000	0.000000	0.946202	-0.018610
473.291690	0.328653	0.000000	0.000000	0.328653	1.000000	0.000000	0.000000	0.000000	0.000000	-0.019940	-0.944222	0.000000	0.000000	0.944222	-0.019940
473.774110	0.334318	0.000000	0.000000	0.334318	1.000000	0.000000	0.000000	0.000000	0.000000	-0.021277	-0.942205	0.000000	0.000000	0.942205	-0.021277
474.256410	0.340001	0.000000	0.000000	0.340001	1.000000	0.000000	0.000000	0.000000	0.000000	-0.022617	-0.940136	0.000000	0.000000	0.940136	-0.022617
474.738620	0.345700	0.000000	0.000000	0.345700	1.000000	0.000000	0.000000	0.000000	0.000000	-0.023960	-0.938022	0.000000	0.000000	0.938022	-0.023960
475.220700	0.351412	0.000000	0.000000	0.351412	1.000000	0.000000	0.000000	0.000000	0.000000	-0.025310	-0.935863	0.000000	0.000000	0.935863	-0.025310
475.702700	0.357141	0.000000	0.000000	0.357141	1.000000	0.000000	0.000000	0.000000	0.000000	-0.026669	-0.933651	0.000000	0.000000	0.933651	-0.026669
476.184600	0.362881	0.000000	0.000000	0.362881	1.000000	0.000000	0.000000	0.000000	0.000000	-0.028031	-0.931400	0.000000	0.000000	0.931400	-0.028031
476.666380	0.368639	0.000000	0.000000	0.368639	1.000000	0.000000	0.000000	0.000000	0.000000	-0.029398	-0.929087	0.000000	0.000000	0.929087	-0.029398
477.148070	0.374405	0.000000	0.000000	0.374405	1.000000	0.000000	0.000000	0.000000	0.000000	-0.030768	-0.926743	0.000000	0.000000	0.926743	-0.030768
477.629670	0.380189	0.000000	0.000000	0.380189	1.000000	0.000000	0.000000	0.000000	0.000000	-0.032146	-0.924328	0.000000	0.000000	0.924328	-0.032146
478.111150	0.385977	0.000000	0.000000	0.385977	1.000000	0.000000	0.000000	0.000000	0.000000	-0.033525	-0.921889	0.000000	0.000000	0.921889	-0.033525
478.592500	0.391785	0.000000	0.000000	0.391785	1.000000	0.000000	0.000000	0.000000	0.000000	-0.034906	-0.919370	0.000000	0.000000	0.919370	-0.034906
479.073760	0.397596	0.000000	0.000000	0.397596	1.000000	0.000000	0.000000	0.000000	0.000000	-0.036289	-0.916836	0.000000	0.000000	0.916836	-0.036289
479.554930	0.403425	0.000000	0.000000	0.403425	1.000000	0.000000	0.000000	0.000000	0.000000	-0.037681	-0.914211	0.000000	0.000000	0.914211	-0.037681
480.036010	0.409255	0.000000	0.000000	0.409255	1.000000	0.000000	0.000000	0.000000	0.000000	-0.039072	-0.911579	0.000000	0.000000	0.911579	-0.039072
480.516970	0.415105	0.000000	0.000000	0.415105	1.000000	0.000000	0.000000	0.000000	0.000000	-0.040467	-0.908847	0.000000	0.000000	0.908847	-0.040467
480.997800	0.420954	0.000000	0.000000	0.420954	1.000000	0.000000	0.000000	0.000000	0.000000	-0.041862	-0.906115	0.000000	0.000000	0.906115	-0.041862
481.478550	0.426820	0.000000	0.000000	0.426820	1.000000	0.000000	0.000000	0.000000	0.000000	-0.043268	-0.903275	0.000000	0.000000	0.903275	-0.043268
481.959200	0.432684	0.000000	0.000000	0.432684	1.000000	0.000000	0.000000	0.000000	0.000000	-0.044674	-0.900434	0.000000	0.000000	0.900434	-0.044674
482.439730	0.438565	0.000000	0.000000	0.438565	1.000000	0.000000	0.000000	0.000000	0.000000	-0.046074	-0.897491	0.000000	0.000000	0.897491	-0.046074
482.920170	0.444446	0.000000	0.000000	0.444446	1.000000	0.000000	0.000000	0.000000	0.000000	-0.047474	-0.894539	0.000000	0.000000	0.894539	-0.047474
483.400510	0.450336	0.000000	0.000000	0.450336	1.000000	0.000000	0.000000	0.000000	0.000000	-0.048883	-0.891493	0.000000	0.000000	0.891493	-0.048883
483.880740	0.456227	0.000000	0.000000	0.456227	1.000000	0.000000	0.000000	0.000000	0.000000	-0.050294	-0.888429	0.000000	0.000000	0.888429	-0.050294
484.360840	0.462128	0.000000	0.000000	0.462128	1.000000	0.000000	0.000000	0.000000	0.000000	-0.051699	-0.885279	0.000000	0.000000	0.885279	-0.051699
484.840880	0.468031	0.000000	0.000000	0.468031	1.000000	0.000000	0.000000	0.000000	0.000000	-0.053102	-0.882100	0.000000	0.000000	0.882100	-0.053102
485.320770	0.473939	0.000000	0.000000	0.473939	1.000000	0.000000	0.000000	0.000000	0.000000	-0.054508	-0.878844	0.000000	0.000000	0.878844	-0.054508
485.800600	0.479848	0.000000	0.000000	0.479848	1.000000	0.000000	0.000000	0.000000	0.000000	-0.055915	-0.875549	0.000000	0.000000	0.875549	-0.055915
486.280300	0.485759	0.000000	0.000000	0.485759	1.000000	0.000000	0.000000	0.000000	0.000000	-0.057324	-0.872187	0.000000	0.000000	0.872187	-0.057324
486.759890	0.491670	0.000000	0.000000	0.491670	1.000000	0.000000	0.000000	0.000000	0.000000	-0.058733	-0.868776	0.000000	0.000000	0.868776	-0.058733
487.239410	0.497582	0.000000	0.000000	0.497582	1.000000	0.000000	0.000000	0.000000	0.000000	-0.060140	-0.865307	0.000000	0.000000	0.865307	-0.060140
487.718780	0.503494	0.000000	0.000000	0.503494	1.000000	0.000000	0.000000	0.000000	0.000000	-0.061543	-0.861779	0.000000	0.000000	0.861779	-0.061543
488.198090	0.509406	0.000000	0.000000	0.509406	1.000000	0.000000	0.000000	0.000000	0.000000	-0.062943	-0.858201	0.000000	0.000000	0.858201	-0.062943
488.677280	0.515318	0.000000	0.000000	0.515318	1.000000	0.000000	0.000000	0.000000	0.000000	-0.064340	-0.854553	0.000000	0.000000	0.854553	-0.064340
489.156340	0.521227	0.000000	0.000000	0.521227	1.000000	0.000000	0.000000	0.000000	0.000000	-0.065735	-0.850866	0.000000	0.000000	0.850866	-0.065735
489.635310	0.527132	0.000000	0.000000	0.527132	1.000000	0.000000	0.000000	0.000000	0.000000	-0.067124	-0.847097	0.000000	0.000000	0.847097	-0.067124
490.114200	0.533036	0.000000	0.000000	0.533036	1.000000	0.000000	0.000000	0.000000	0.000000	-0.068513	-0.843300	0.000000	0.000000	0.843300	-0.068513
490.592960	0.538933	0.000000	0.000000	0.538933	1.000000	0.000000	0.000000	0.000000	0.000000	-0.069900	-0.839411	0.000000	0.000000	0.839411	-0.069900
491.071620	0.544828	0.000000	0.000000	0.544828	1.000000	0.000000	0.000000	0.000000	0.000000	-0.071285	-0.835504	0.000000	0.000000	0.835504	-0.071285
491.550200	0.550714	0.000000	0.000000	0.550714	1.000000	0.000000	0.000000	0.000000	0.000000	-0.072663	-0.831491	0.000000	0.000000	0.831491	-0.072663
492.028660	0.556599	0.000000	0.000000	0.556599	1.000000	0.000000	0.000000	0.000000	0.000000	-0.074040	-0.827472	0.000000	0.000000	0.827472	-0.074040
492.506990	0.562468	0.000000	0.000000	0.562468	1.000000	0.000000	0.000000	0.000000	0.000000	-0.075409	-0.823338	0.000000	0.000000	0.823338	-0.075409
492.985260	0.568337	0.000000	0.000000	0.568337	1.000000	0.000000	0.000000	0.000000	0.000000	-0.076778	-0.819203	0.000000	0.000000	0.819203	-0.076778
493.463380	0.574190	0.000000	0.000000	0.574190	1.000000	0.000000	0.000000	0.000000	0.000000	-0.078133	-0.814949	0.000000	0.000000	0.814949	-0.078133
493.941440	0.580042	0.000000	0.000000	0.580042	1.000000	0.000000	0.000000	0.000000	0.000000	-0.079488	-0.810691	0.000000	0.000000	0.810691	-0.079488
494.419370	0.585874	0.000000	0.000000	0.585874	1.000000	0.000000	0.000000	0.000000	0.000000	-0.080836	-0.806324	0.000000	0.000000	0.806324	-0.080836
494.897190	0.591701	0.000000	0.000000	0.591701	1.000000	0.000000	0.000000	0.000000	0.000000	-0.082182	-0.801944	0.000000	0.000000	0.801944	-0.082182
495.374940	0.597511	0.000000	0.000000	0.597511	1.000000	0.000000	0.000000	0.000000	0.000000	-0.083517	-0.797464	0.000000	0.000000	0.797464	-0.083517
495.852540	0.603313	0.000000	0.000000	0.603313	1.000000	0.000000	0.000000	0.000000	0.000000	-0.084848	-0.792959	0.000000	0.000000	0.792959	-0.084848
496.330080	0.609098	0.000000	0.000000	0.609098	1.000000	0.000000	0.000000	0.000000	0.000000	-0.086167	-0.788366	0.000000	0.000000	0.788366	-0.086167
496.807500	0.614873	0.000000	0.000000	0.614873	1.000000	0.000000	0.000000	0.000000	0.000000	-0.087480	-0.783734	0.000000	0.000000	0.783734	-0.087480
497.284790	0.620628	0.000000	0.000000	0.620628	1.000000	0.000000	0.000000	0.000000	0.000000	-0.088786	-0.779029	0.000000	0.000000	0.779029	-0.088786
497.761990	0.626370	0.000000	0.000000	0.626370	1.000000	0.000000	0.000000	0.000000	0.000000	-0.090086	-0.774274	0.000000	0.000000	0.774274	-0.090086
498.239110	0.632093	0.000000	0.000000	0.632093	1.000000	0.000000	0.000000	0.000000	0.000000	-0.091377	-0.769456	0.000000	0.000000	0.769456	-0.091377
498.716090	0.637799	0.000000	0.000000	0.637799	1.000000	0.000000	0.000000	0.000000	0.000000	-0.092657	-0.764576	0.000000	0.000000	0.764576	-0.092657
499.192990	0.643488	0.000000	0.000000	0.643488	1.000000	0.000000	0.000000	0.000000	0.000000	-0.093931	-0.759645	0.000000	0.000000	0.759645	-0.093931
499.669770	0.649151	0.000000	0.000000	0.649151	1.000000	0.000000	0.000000	0.000000	0.000000	-0.095196	-0.754641	0.000000	0.000000	0.754641	-0.095196
500.146450	0.654801	0.000000	0.000000	0.654801	1.000000	0.000000	0.000000	0.000000	0.000000	-0.096454	-0.749599	0.000000	0.000000	0.749599	-0.096454
500.623050	0.660422	0.000000	0.000000	0.660422	1.000000	0.000000	0.000000	0.000000	0.000000	-0.097695	-0.744470	0.000000	0.000000	0.744470	-0.097695
501.099520	0.666033	0.000000	0.000000	0.666033	1.000000	0.000000	0.000000	0.000000	0.000000	-0.098931	-0.739316	0.000000	0.000000	0.739316	-0.098931
501.575900	0.671608	0.000000	0.000000	0.671608	1.000000	0.000000	0.000000	0.000000	0.000000	-0.100149	-0.734062	0.000000	0.000000	0.734062	-0.100149
502.052190	0.677176	0.000000	0.000000	0.677176	1.000000	0.000000	0.000000	0.000000	0.000000	-0.101364	-0.728796	0.000000	0.000000	0.728796	-0.101364
502.528320	0.682698	0.000000	0.000000	0.682698	1.000000	0.000000	0.000000	0.000000	0.000000	-0.102562	-0.723420	0.000000	0.000000	0.723420	-0.102562
503.004390	0.688218	0.000000	0.000000	0.688218	1.000000	0.000000	0.000000	0.000000	0.000000	-0.103760	-0.718044	0.000000	0.000000	0.718044	-0.103760
503.480350	0.693683	0.000000	0.000000	0.693683	1.000000	0.000000	0.000000	0.000000	0.000000	-0.104936	-0.712547	0.000000	0.000000	0.712547	-0.104936
503.956210	0.699147	0.000000	0.000000	0.699147	1.000000	0.000000	0.000000	0.000000	0.000000	-0.106112	-0.707052	0.000000	0.000000	0.707052	-0.106112
504.431950	0.704561	0.000000	0.000000	0.704561	1.000000	0.000000	0.000000	0.000000	0.000000	-0.107258	-0.701443	0.000000	0.000000	0.701443	-0.107258
504.907590	0.709969	0.000000	0.000000	0.709969	1.000000	0.000000	0.000000	0.000000	0.000000	-0.108402	-0.695823	0.000000	0.000000	0.695823	-0.108402
505.383150	0.715327	0.000000	0.000000	0.715327	1.000000	0.000000	0.000000	0.000000	0.000000	-0.109526	-0.690106	0.000000	0.000000	0.690106	-0.109526
505.858580	0.720671	0.000000	0.000000	0.720671	1.000000	0.000000	0.000000	0.000000	0.000000	-0.110644	-0.684366	0.000000	0.000000	0.684366	-0.110644
506.333890	0.725968	0.000000	0.000000	0.725968	1.000000	0.000000	0.000000	0.000000	0.000000	-0.111744	-0.678544	0.000000	0.000000	0.678544	-0.111744
506.809140	0.731244	0.000000	0.000000	0.731244	1.000000	0.000000	0.000000	0.000000	0.000000	-0.112836	-0.672686	0.000000	0.000000	0.672686	-0.112836
507.284240	0.736478	0.000000	0.000000	0.736478	1.000000	0.000000	0.000000	0.000000	0.000000	-0.113911	-0.666758	0.000000	0.000000	0.666758	-0.113911
507.759280	0.741685	0.000000	0.000000	0.741685	1.000000	0.000000	0.000000	0.000000	0.000000	-0.114973	-0.660782	0.000000	0.000000	0.660782	-0.114973
508.234190	0.746855	0.000000	0.000000	0.746855	1.000000	0.000000	0.000000	0.000000	0.000000	-0.116018	-0.654749	0.000000	0.000000	0.654749	-0.116018
508.709010	0.751989	0.000000	0.000000	0.751989	1.000000	0.000000	0.000000	0.000000	0.000000	-0.117046	-0.648656	0.000000	0.000000	0.648656	-0.117046
509.183720	0.757092	0.000000	0.000000	0.757092	1.000000	0.000000	0.000000	0.000000	0.000000	-0.118061	-0.642519	0.000000	0.000000	0.642519	-0.118061
509.658330	0.762146	0.000000	0.000000	0.762146	1.000000	0.000000	0.000000	0.000000	0.000000	-0.119057	-0.636312	0.000000	0.000000	0.636312	-0.119057
510.132810	0.767177	0.000000	0.000000	0.767177	1.000000	0.000000	0.000000	0.000000	0.000000	-0.120044	-0.630075	0.000000	0.000000	0.630075	-0.120044
510.607210	0.772150	0.000000	0.000000	0.772150	1.000000	0.000000	0.000000	0.000000	0.000000	-0.121008	-0.623755	0.000000	0.000000	0.623755	-0.121008
511.081480	0.777108	0.000000	0.000000	0.777108	1.000000	0.000000	0.000000	0.000000	0.000000	-0.121966	-0.617418	0.000000	0.000000	0.617418	-0.121966
511.555690	0.781994	0.000000	0.000000	0.781994	1.000000	0.000000	0.000000	0.000000	0.000000	-0.122900	-0.610990	0.000000	0.000000	0.610990	-0.122900
512.029790	0.786874	0.000000	0.000000	0.786874	1.000000	0.000000	0.000000	0.000000	0.000000	-0.123830	-0.604555	0.000000	0.000000	0.604555	-0.123830
512.503720	0.791671	0.000000	0.000000	0.791671	1.000000	0.000000	0.000000	0.000000	0.000000	-0.124725	-0.598018	0.000000	0.000000	0.598018	-0.124725
512.977600	0.796468	0.000000	0.000000	0.796468	1.000000	0.000000	0.000000	0.000000	0.000000	-0.125620	-0.591482	0.000000	0.000000	0.591482	-0.125620
513.451350	0.801179	0.000000	0.000000	0.801179	1.000000	0.000000	0.000000	0.000000	0.000000	-0.126478	-0.584843	0.000000	0.000000	0.584843	-0.126478
513.925050	0.805885	0.000000	0.000000	0.805885	1.000000	0.000000	0.000000	0.000000	0.000000	-0.127334	-0.578199	0.000000	0.000000	0.578199	-0.127334
514.398620	0.810510	0.000000	0.000000	0.810510	1.000000	0.000000	0.000000	0.000000	0.000000	-0.128161	-0.571469	0.000000	0.000000	0.571469	-0.128161
514.872070	0.815118	0.000000	0.000000	0.815118	1.000000	0.000000	0.000000	0.000000	0.000000	-0.128983	-0.564724	0.000000	0.000000	0.564724	-0.128983
515.345400	0.819654	0.000000	0.000000	0.819654	1.000000	0.000000	0.000000	0.000000	0.000000	-0.129774	-0.557905	0.000000	0.000000	0.557905	-0.129774
515.818660	0.824163	0.000000	0.000000	0.824163	1.000000	0.000000	0.000000	0.000000	0.000000	-0.130553	-0.551059	0.000000	0.000000	0.551059	-0.130553
516.291810	0.828608	0.000000	0.000000	0.828608	1.000000	0.000000	0.000000	0.000000	0.000000	-0.131312	-0.544153	0.000000	0.000000	0.544153	-0.131312
516.764830	0.833013	0.000000	0.000000	0.833013	1.000000	0.000000	0.000000	0.000000	0.000000	-0.132057	-0.537211	0.000000	0.000000	0.537211	-0.132057
517.237790	0.837366	0.000000	0.000000	0.837366	1.000000	0.000000	0.000000	0.000000	0.000000	-0.132780	-0.530219	0.000000	0.000000	0.530219	-0.132780
517.710630	0.841666	0.000000	0.000000	0.841666	1.000000	0.000000	0.000000	0.000000	0.000000	-0.133482	-0.523180	0.000000	0.000000	0.523180	-0.133482
518.183350	0.845924	0.000000	0.000000	0.845924	1.000000	0.000000	0.000000	0.000000	0.000000	-0.134167	-0.516106	0.000000	0.000000	0.516106	-0.134167
518.655940	0.850116	0.000000	0.000000	0.850116	1.000000	0.000000	0.000000	0.000000	0.000000	-0.134825	-0.508975	0.000000	0.000000	0.508975	-0.134825
519.128480	0.854276	0.000000	0.000000	0.854276	1.000000	0.000000	0.000000	0.000000	0.000000	-0.135473	-0.501821	0.000000	0.000000	0.501821	-0.135473
519.600890	0.858354	0.000000	0.000000	0.858354	1.000000	0.000000	0.000000	0.000000	0.000000	-0.136093	-0.494603	0.000000	0.000000	0.494603	-0.136093
520.073240	0.862415	0.000000	0.000000	0.862415	1.000000	0.000000	0.000000	0.000000	0.000000	-0.136706	-0.487372	0.000000	0.000000	0.487372	-0.136706
520.545410	0.866378	0.000000	0.000000	0.866378	1.000000	0.000000	0.000000	0.000000	0.000000	-0.137281	-0.480069	0.000000	0.000000	0.480069	-0.137281
521.017520	0.870337	0.000000	0.000000	0.870337	1.000000	0.000000	0.000000	0.000000	0.000000	-0.137855	-0.472763	0.000000	0.000000	0.472763	-0.137855
521.489500	0.874181	0.000000	0.000000	0.874181	1.000000	0.000000	0.000000	0.000000	0.000000	-0.138390	-0.465379	0.000000	0.000000	0.465379	-0.138390
521.961430	0.878025	0.000000	0.000000	0.878025	1.000000	0.000000	0.000000	0.000000	0.000000	-0.138924	-0.457996	0.000000	0.000000	0.457996	-0.138924
522.433230	0.881760	0.000000	0.000000	0.881760	1.000000	0.000000	0.000000	0.000000	0.000000	-0.139416	-0.450539	0.000000	0.000000	0.450539	-0.139416
522.904910	0.885484	0.000000	0.000000	0.885484	1.000000	0.000000	0.000000	0.000000	0.000000	-0.139904	-0.443077	0.000000	0.000000	0.443077	-0.139904
523.376460	0.889111	0.000000	0.000000	0.889111	1.000000	0.000000	0.000000	0.000000	0.000000	-0.140354	-0.435555	0.000000	0.000000	0.435555	-0.140354
523.847960	0.892713	0.000000	0.000000	0.892713	1.000000	0.000000	0.000000	0.000000	0.000000	-0.140795	-0.428018	0.000000	0.000000	0.428018	-0.140795
524.319340	0.896230	0.000000	0.000000	0.896230	1.000000	0.000000	0.000000	0.000000	0.000000	-0.141209	-0.420433	0.000000	0.000000	0.420433	-0.141209
524.790590	0.899705	0.000000	0.000000	0.899705	1.000000	0.000000	0.000000	0.000000	0.000000	-0.141610	-0.412827	0.000000	0.000000	0.412827	-0.141610
525.261780	0.903109	0.000000	0.000000	0.903109	1.000000	0.000000	0.000000	0.000000	0.000000	-0.141983	-0.405184	0.000000	0.000000	0.405184	-0.141983
525.732850	0.906457	0.000000	0.000000	0.906457	1.000000	0.000000	0.000000	0.000000	0.000000	-0.142335	-0.397512	0.000000	0.000000	0.397512	-0.142335
526.203800	0.909747	0.000000	0.000000	0.909747	1.000000	0.000000	0.000000	0.000000	0.000000	-0.142668	-0.389814	0.000000	0.000000	0.389814	-0.142668
526.674620	0.912963	0.000000	0.000000	0.912963	1.000000	0.000000	0.000000	0.000000	0.000000	-0.142977	-0.382080	0.000000	0.000000	0.382080	-0.142977
527.145390	0.916139	0.000000	0.000000	0.916139	1.000000	0.000000	0.000000	0.000000	0.000000	-0.143271	-0.374329	0.000000	0.000000	0.374329	-0.143271
527.616030	0.919225	0.000000	0.000000	0.919225	1.000000	0.000000	0.000000	0.000000	0.000000	-0.143532	-0.366536	0.000000	0.000000	0.366536	-0.143532
528.086550	0.922285	0.000000	0.000000	0.922285	1.000000	0.000000	0.000000	0.000000	0.000000	-0.143783	-0.358734	0.000000	0.000000	0.358734	-0.143783
528.557010	0.925238	0.000000	0.000000	0.925238	1.000000	0.000000	0.000000	0.000000	0.000000	-0.143997	-0.350887	0.000000	0.000000	0.350887	-0.143997
529.027340	0.928182	0.000000	0.000000	0.928182	1.000000	0.000000	0.000000	0.000000	0.000000	-0.144209	-0.343038	0.000000	0.000000	0.343038	-0.144209
529.497560	0.930998	0.000000	0.000000	0.930998	1.000000	0.000000	0.000000	0.000000	0.000000	-0.144376	-0.335141	0.000000	0.000000	0.335141	-0.144376
529.967710	0.933814	0.000000	0.000000	0.933814	1.000000	0.000000	0.000000	0.000000	0.000000	-0.144544	-0.327245	0.000000	0.000000	0.327245	-0.144544
530.437740	0.936501	0.000000	0.000000	0.936501	1.000000	0.000000	0.000000	0.000000	0.000000	-0.144672	-0.319308	0.000000	0.000000	0.319308	-0.144672
530.907650	0.939179	0.000000	0.000000	0.939179	1.000000	0.000000	0.000000	0.000000	0.000000	-0.144797	-0.311369	0.000000	0.000000	0.311369	-0.144797
531.377440	0.941746	0.000000	0.000000	0.941746	1.000000	0.000000	0.000000	0.000000	0.000000	-0.144883	-0.303396	0.000000	0.000000	0.303396	-0.144883
531.847170	0.944286	0.000000	0.000000	0.944286	1.000000	0.000000	0.000000	0.000000	0.000000	-0.144959	-0.295415	0.000000	0.000000	0.295415	-0.144959
532.316770	0.946732	0.000000	0.000000	0.946732	1.000000	0.000000	0.000000	0.000000	0.000000	-0.145002	-0.287408	0.000000	0.000000	0.287408	-0.145002
532.786250	0.949134	0.000000	0.000000	0.949134	1.000000	0.000000	0.000000	0.000000	0.000000	-0.145028	-0.279390	0.000000	0.000000	0.279390	-0.145028
533.255680	0.951458	0.000000	0.000000	0.951458	1.000000	0.000000	0.000000	0.000000	0.000000	-0.145032	-0.271354	0.000000	0.000000	0.271354	-0.145032
533.724910	0.953717	0.000000	0.000000	0.953717	1.000000	0.000000	0.000000	0.000000	0.000000	-0.145017	-0.263305	0.000000	0.000000	0.263305	-0.145017
534.194150	0.955919	0.000000	0.000000	0.955919	1.000000	0.000000	0.000000	0.000000	0.000000	-0.144980	-0.255243	0.000000	0.000000	0.255243	-0.144980
534.663210	0.958038	0.000000	0.000000	0.958038	1.000000	0.000000	0.000000	0.000000	0.000000	-0.144914	-0.247166	0.000000	0.000000	0.247166	-0.144914
535.132200	0.960117	0.000000	0.000000	0.960117	1.000000	0.000000	0.000000	0.000000	0.000000	-0.144835	-0.239083	0.000000	0.000000	0.239083	-0.144835
535.601070	0.962094	0.000000	0.000000	0.962094	1.000000	0.000000	0.000000	0.000000	0.000000	-0.144727	-0.230984	0.000000	0.000000	0.230984	-0.144727
536.069820	0.964049	0.000000	0.000000	0.964049	1.000000	0.000000	0.000000	0.000000	0.000000	-0.144610	-0.222882	0.000000	0.000000	0.222882	-0.144610
536.538510	0.965884	0.000000	0.000000	0.965884	1.000000	0.000000	0.000000	0.000000	0.000000	-0.144453	-0.214763	0.000000	0.000000	0.214763	-0.144453
537.007080	0.967717	0.000000	0.000000	0.967717	1.000000	0.000000	0.000000	0.000000	0.000000	-0.144294	-0.206645	0.000000	0.000000	0.206645	-0.144294
537.475520	0.969409	0.000000	0.000000	0.969409	1.000000	0.000000	0.000000	0.000000	0.000000	-0.144088	-0.198511	0.000000	0.000000	0.198511	-0.144088
537.943850	0.971101	0.000000	0.000000	0.971101	1.000000	0.000000	0.000000	0.000000	0.000000	-0.143883	-0.190378	0.000000	0.000000	0.190378	-0.143883
538.412110	0.972667	0.000000	0.000000	0.972667	1.000000	0.000000	0.000000	0.000000	0.000000	-0.143640	-0.182236	0.000000	0.000000	0.182236	-0.143640
538.880250	0.974216	0.000000	0.000000	0.974216	1.000000	0.000000	0.000000	0.000000	0.000000	-0.143393	-0.174094	0.000000	0.000000	0.174094	-0.143393
539.348330	0.975658	0.000000	0.000000	0.975658	1.000000	0.000000	0.000000	0.000000	0.000000	-0.143113	-0.165947	0.000000	0.000000	0.165947	-0.143113
539.816220	0.977064	0.000000	0.000000	0.977064	1.000000	0.000000	0.000000	0.000000	0.000000	-0.142821	-0.157801	0.000000	0.000000	0.157801	-0.142821
540.284060	0.978384	0.000000	0.000000	0.978384	1.000000	0.000000	0.000000	0.000000	0.000000	-0.142497	-0.149653	0.000000	0.000000	0.149653	-0.142497
540.751830	0.979649	0.000000	0.000000	0.979649	1.000000	0.000000	0.000000	0.000000	0.000000	-0.142153	-0.141502	0.000000	0.000000	0.141502	-0.142153
541.219420	0.980846	0.000000	0.000000	0.980846	1.000000	0.000000	0.000000	0.000000	0.000000	-0.141794	-0.133355	0.000000	0.000000	0.133355	-0.141794
541.686950	0.981966	0.000000	0.000000	0.981966	1.000000	0.000000	0.000000	0.000000	0.000000	-0.141417	-0.125210	0.000000	0.000000	0.125210	-0.141417
542.154360	0.983040	0.000000	0.000000	0.983040	1.000000	0.000000	0.000000	0.000000	0.000000	-0.141022	-0.117068	0.000000	0.000000	0.117068	-0.141022
542.621700	0.984020	0.000000	0.000000	0.984020	1.000000	0.000000	0.000000	0.000000	0.000000	-0.140593	-0.108932	0.000000	0.000000	0.108932	-0.140593
543.088870	0.984972	0.000000	0.000000	0.984972	1.000000	0.000000	0.000000	0.000000	0.000000	-0.140157	-0.100799	0.000000	0.000000	0.100799	-0.140157
543.555970	0.985810	0.000000	0.000000	0.985810	1.000000	0.000000	0.000000	0.000000	0.000000	-0.139691	-0.092674	0.000000	0.000000	0.092674	-0.139691
544.023010	0.986641	0.000000	0.000000	0.986641	1.000000	0.000000	0.000000	0.000000	0.000000	-0.139222	-0.084550	0.000000	0.000000	0.084550	-0.139222
544.489870	0.987340	0.000000	0.000000	0.987340	1.000000	0.000000	0.000000	0.000000	0.000000	-0.138707	-0.076440	0.000000	0.000000	0.076440	-0.138707
544.956670	0.988039	0.000000	0.000000	0.988039	1.000000	0.000000	0.000000	0.000000	0.000000	-0.138193	-0.068332	0.000000	0.000000	0.068332	-0.138193
545.423400	0.988610	0.000000	0.000000	0.988610	1.000000	0.000000	0.000000	0.000000	0.000000	-0.137647	-0.060242	0.000000	0.000000	0.060242	-0.137647
545.889950	0.989168	0.000000	0.000000	0.989168	1.000000	0.000000	0.000000	0.000000	0.000000	-0.137098	-0.052158	0.000000	0.000000	0.052158	-0.137098
546.356450	0.989622	0.000000	0.000000	0.989622	1.000000	0.000000	0.000000	0.000000	0.000000	-0.136515	-0.044089	0.000000	0.000000	0.044089	-0.136515
546.822810	0.990042	0.000000	0.000000	0.990042	1.000000	0.000000	0.000000	0.000000	0.000000	-0.135923	-0.036026	0.000000	0.000000	0.036026	-0.135923
547.289060	0.990378	0.000000	0.000000	0.990378	1.000000	0.000000	0.000000	0.000000	0.000000	-0.135307	-0.027981	0.000000	0.000000	0.027981	-0.135307
547.755250	0.990661	0.000000	0.000000	0.990661	1.000000	0.000000	0.000000	0.000000	0.000000	-0.134675	-0.019946	0.000000	0.000000	0.019946	-0.134675
548.221310	0.990881	0.000000	0.000000	0.990881	1.000000	0.000000	0.000000	0.000000	0.000000	-0.134023	-0.011926	0.000000	0.000000	0.011926	-0.134023
548.687260	0.991029	0.000000	0.000000	0.991029	1.000000	0.000000	0.000000	0.000000	0.000000	-0.133348	-0.003924	0.000000	0.000000	0.003924	-0.133348
549.153140	0.991134	0.000000	0.000000	0.991134	1.000000	0.000000	0.000000	0.000000	0.000000	-0.132662	0.004066	0.000000	0.000000	-0.004066	-0.132662
549.618900	0.991148	0.000000	0.000000	0.991148	1.000000	0.000000	0.000000	0.000000	0.000000	-0.131953	0.012031	0.000000	0.000000	-0.012031	-0.131953
550.084530	0.991138	0.000000	0.000000	0.991138	1.000000	0.000000	0.000000	0.000000	0.000000	-0.131237	0.019988	0.000000	0.000000	-0.019988	-0.131237
550.550050	0.991020	0.000000	0.000000	0.991020	1.000000	0.000000	0.000000	0.000000	0.000000	-0.130488	0.027915	0.000000	0.000000	-0.027915	-0.130488
551.015500	0.990898	0.000000	0.000000	0.990898	1.000000	0.000000	0.000000	0.000000	0.000000	-0.129738	0.035839	0.000000	0.000000	-0.035839	-0.129738
551.480830	0.990650	0.000000	0.000000	0.990650	1.000000	0.000000	0.000000	0.000000	0.000000	-0.128953	0.043721	0.000000	0.000000	-0.043721	-0.128953
551.946040	0.990402	0.000000	0.000000	0.990402	1.000000	0.000000	0.000000	0.000000	0.000000	-0.128168	0.051601	0.000000	0.000000	-0.051601	-0.128168
552.411190	0.990040	0.000000	0.000000	0.990040	1.000000	0.000000	0.000000	0.000000	0.000000	-0.127351	0.059442	0.000000	0.000000	-0.059442	-0.127351
552.876220	0.989663	0.000000	0.000000	0.989663	1.000000	0.000000	0.000000	0.000000	0.000000	-0.126530	0.067277	0.000000	0.000000	-0.067277	-0.126530
553.341130	0.989193	0.000000	0.000000	0.989193	1.000000	0.000000	0.000000	0.000000	0.000000	-0.125686	0.075075	0.000000	0.000000	-0.075075	-0.125686
553.805910	0.988689	0.000000	0.000000	0.988689	1.000000	0.000000	0.000000	0.000000	0.000000	-0.124835	0.082858	0.000000	0.000000	-0.082858	-0.124835
554.270630	0.988113	0.000000	0.000000	0.988113	1.000000	0.000000	0.000000	0.000000	0.000000	-0.123963	0.090611	0.000000	0.000000	-0.090611	-0.123963
554.735230	0.987485	0.000000	0.000000	0.987485	1.000000	0.000000	0.000000	0.000000	0.000000	-0.123076	0.098341	0.000000	0.000000	-0.098341	-0.123076
555.199770	0.986804	0.000000	0.000000	0.986804	1.000000	0.000000	0.000000	0.000000	0.000000	-0.122174	0.106049	0.000000	0.000000	-0.106049	-0.122174
555.664120	0.986054	0.000000	0.000000	0.986054	1.000000	0.000000	0.000000	0.000000	0.000000	-0.121253	0.113723	0.000000	0.000000	-0.113723	-0.121253
556.128420	0.985270	0.000000	0.000000	0.985270	1.000000	0.000000	0.000000	0.000000	0.000000	-0.120324	0.121380	0.000000	0.000000	-0.121380	-0.120324
556.592590	0.984400	0.000000	0.000000	0.984400	1.000000	0.000000	0.000000	0.000000	0.000000	-0.119375	0.128994	0.000000	0.000000	-0.128994	-0.119375
557.056700	0.983515	0.000000	0.000000	0.983515	1.000000	0.000000	0.000000	0.000000	0.000000	-0.118422	0.136600	0.000000	0.000000	-0.136600	-0.118422
557.520690	0.982527	0.000000	0.000000	0.982527	1.000000	0.000000	0.000000	0.000000	0.000000	-0.117441	0.144151	0.000000	0.000000	-0.144151	-0.117441
557.984560	0.981540	0.000000	0.000000	0.981540	1.000000	0.000000	0.000000	0.000000	0.000000	-0.116460	0.151701	0.000000	0.000000	-0.151701	-0.116460
558.448300	0.980440	0.000000	0.000000	0.980440	1.000000	0.000000	0.000000	0.000000	0.000000	-0.115451	0.159188	0.000000	0.000000	-0.159188	-0.115451
558.911990	0.979337	0.000000	0.000000	0.979337	1.000000	0.000000	0.000000	0.000000	0.000000	-0.114443	0.166673	0.000000	0.000000	-0.166673	-0.114443
559.375550	0.978143	0.000000	0.000000	0.978143	1.000000	0.000000	0.000000	0.000000	0.000000	-0.113408	0.174104	0.000000	0.000000	-0.174104	-0.113408
559.838990	0.976927	0.000000	0.000000	0.976927	1.000000	0.000000	0.000000	0.000000	0.000000	-0.112368	0.181521	0.000000	0.000000	-0.181521	-0.112368
560.302370	0.975640	0.000000	0.000000	0.975640	1.000000	0.000000	0.000000	0.000000	0.000000	-0.111313	0.188893	0.000000	0.000000	-0.188893	-0.111313
560.765630	0.974314	0.000000	0.000000	0.974314	1.000000	0.000000	0.000000	0.000000	0.000000	-0.110250	0.196240	0.000000	0.000000	-0.196240	-0.110250
561.228760	0.972935	0.000000	0.000000	0.972935	1.000000	0.000000	0.000000	0.000000	0.000000	-0.109171	0.203551	0.000000	0.000000	-0.203551	-0.109171
561.691830	0.971502	0.000000	0.000000	0.971502	1.000000	0.000000	0.000000	0.000000	0.000000	-0.108077	0.210825	0.000000	0.000000	-0.210825	-0.108077
562.154720	0.970035	0.000000	0.000000	0.970035	1.000000	0.000000	0.000000	0.000000	0.000000	-0.106977	0.218072	0.000000	0.000000	-0.218072	-0.106977
562.617550	0.968496	0.000000	0.000000	0.968496	1.000000	0.000000	0.000000	0.000000	0.000000	-0.105863	0.225271	0.000000	0.000000	-0.225271	-0.105863
563.080320	0.966940	0.000000	0.000000	0.966940	1.000000	0.000000	0.000000	0.000000	0.000000	-0.104744	0.232456	0.000000	0.000000	-0.232456	-0.104744
563.542910	0.965301	0.000000	0.000000	0.965301	1.000000	0.000000	0.000000	0.000000	0.000000	-0.103604	0.239577	0.000000	0.000000	-0.239577	-0.103604
564.005430	0.963661	0.000000	0.000000	0.963661	1.000000	0.000000	0.000000	0.000000	0.000000	-0.102463	0.246697	0.000000	0.000000	-0.246697	-0.102463
564.467900	0.961921	0.000000	0.000000	0.961921	1.000000	0.000000	0.000000	0.000000	0.000000	-0.101298	0.253741	0.000000	0.000000	-0.253741	-0.101298
564.930180	0.960182	0.000000	0.000000	0.960182	1.000000	0.000000	0.000000	0.000000	0.000000	-0.100134	0.260783	0.000000	0.000000	-0.260783	-0.100134
565.392400	0.958361	0.000000	0.000000	0.958361	1.000000	0.000000	0.000000	0.000000	0.000000	-0.098952	0.267756	0.000000	0.000000	-0.267756	-0.098952
565.854490	0.956526	0.000000	0.000000	0.956526	1.000000	0.000000	0.000000	0.000000	0.000000	-0.097767	0.274715	0.000000	0.000000	-0.274715	-0.097767
566.316530	0.954626	0.000000	0.000000	0.954626	1.000000	0.000000	0.000000	0.000000	0.000000	-0.096570	0.281620	0.000000	0.000000	-0.281620	-0.096570
566.778380	0.952697	0.000000	0.000000	0.952697	1.000000	0.000000	0.000000	0.000000	0.000000	-0.095369	0.288496	0.000000	0.000000	-0.288496	-0.095369
567.240170	0.950721	0.000000	0.000000	0.950721	1.000000	0.000000	0.000000	0.000000	0.000000	-0.094156	0.295330	0.000000	0.000000	-0.295330	-0.094156
567.701900	0.948701	0.000000	0.000000	0.948701	1.000000	0.000000	0.000000	0.000000	0.000000	-0.092932	0.302124	0.000000	0.000000	-0.302124	-0.092932
568.163450	0.946651	0.000000	0.000000	0.946651	1.000000	0.000000	0.000000	0.000000	0.000000	-0.091702	0.308886	0.000000	0.000000	-0.308886	-0.091702
568.624940	0.944543	0.000000	0.000000	0.944543	1.000000	0.000000	0.000000	0.000000	0.000000	-0.090459	0.315594	0.000000	0.000000	-0.315594	-0.090459
569.086300	0.942420	0.000000	0.000000	0.942420	1.000000	0.000000	0.000000	0.000000	0.000000	-0.089213	0.322284	0.000000	0.000000	-0.322284	-0.089213
569.547610	0.940227	0.000000	0.000000	0.940227	1.000000	0.000000	0.000000	0.000000	0.000000	-0.087950	0.328905	0.000000	0.000000	-0.328905	-0.087950
570.008730	0.938034	0.000000	0.000000	0.938034	1.000000	0.000000	0.000000	0.000000	0.000000	-0.086687	0.335523	0.000000	0.000000	-0.335523	-0.086687
570.469850	0.935759	0.000000	0.000000	0.935759	1.000000	0.000000	0.000000	0.000000	0.000000	-0.085414	0.342055	0.000000	0.000000	-0.342055	-0.085414
570.930790	0.933484	0.000000	0.000000	0.933484	1.000000	0.000000	0.000000	0.000000	0.000000	-0.084141	0.348586	0.000000	0.000000	-0.348586	-0.084141
571.391660	0.931142	0.000000	0.000000	0.931142	1.000000	0.000000	0.000000	0.000000	0.000000	-0.082854	0.355041	0.000000	0.000000	-0.355041	-0.082854
571.852360	0.928789	0.000000	0.000000	0.928789	1.000000	0.000000	0.000000	0.000000	0.000000	-0.081565	0.361481	0.000000	0.000000	-0.361481	-0.081565
572.313050	0.926383	0.000000	0.000000	0.926383	1.000000	0.000000	0.000000	0.000000	0.000000	-0.080265	0.367862	0.000000	0.000000	-0.367862	-0.080265
572.773560	0.923954	0.000000	0.000000	0.923954	1.000000	0.000000	0.000000	0.000000	0.000000	-0.078960	0.374213	0.000000	0.000000	-0.374213	-0.078960
573.234010	0.921486	0.000000	0.000000	0.921486	1.000000	0.000000	0.000000	0.000000	0.000000	-0.077647	0.380519	0.000000	0.000000	-0.380519	-0.077647
573.694340	0.918982	0.000000	0.000000	0.918982	1.000000	0.000000	0.000000	0.000000	0.000000	-0.076328	0.386779	0.000000	0.000000	-0.386779	-0.076328
574.154600	0.916455	0.000000	0.000000	0.916455	1.000000	0.000000	0.000000	0.000000	0.000000	-0.075006	0.393008	0.000000	0.000000	-0.393008	-0.075006
574.614690	0.913881	0.000000	0.000000	0.913881	1.000000	0.000000	0.000000	0.000000	0.000000	-0.073680	0.399174	0.000000	0.000000	-0.399174	-0.073680
575.074710	0.911297	0.000000	0.000000	0.911297	1.000000	0.000000	0.000000	0.000000	0.000000	-0.072352	0.405325	0.000000	0.000000	-0.405325	-0.072352
575.534670	0.908655	0.000000	0.000000	0.908655	1.000000	0.000000	0.000000	0.000000	0.000000	-0.071008	0.411401	0.000000	0.000000	-0.411401	-0.071008
575.994450	0.906014	0.000000	0.000000	0.906014	1.000000	0.000000	0.000000	0.000000	0.000000	-0.069665	0.417475	0.000000	0.000000	-0.417475	-0.069665
576.454160	0.903307	0.000000	0.000000	0.903307	1.000000	0.000000	0.000000	0.000000	0.000000	-0.068317	0.423458	0.000000	0.000000	-0.423458	-0.068317
576.913760	0.900600	0.000000	0.000000	0.900600	1.000000	0.000000	0.000000	0.000000	0.000000	-0.066970	0.429439	0.000000	0.000000	-0.429439	-0.066970
577.373290	0.897843	0.000000	0.000000	0.897843	1.000000	0.000000	0.000000	0.000000	0.000000	-0.065614	0.435344	0.000000	0.000000	-0.435344	-0.065614
577.832640	0.895075	0.000000	0.000000	0.895075	1.000000	0.000000	0.000000	0.000000	0.000000	-0.064256	0.441230	0.000000	0.000000	-0.441230	-0.064256
578.291930	0.892268	0.000000	0.000000	0.892268	1.000000	0.000000	0.000000	0.000000	0.000000	-0.062891	0.447057	0.000000	0.000000	-0.447057	-0.062891
578.751160	0.889440	0.000000	0.000000	0.889440	1.000000	0.000000	0.000000	0.000000	0.000000	-0.061523	0.452851	0.000000	0.000000	-0.452851	-0.061523
579.210210	0.886586	0.000000	0.000000	0.886586	1.000000	0.000000	0.000000	0.000000	0.000000	-0.060153	0.458601	0.000000	0.000000	-0.458601	-0.060153
579.669190	0.883700	0.000000	0.000000	0.883700	1.000000	0.000000	0.000000	0.000000	0.000000	-0.058781	0.464300	0.000000	0.000000	-0.464300	-0.058781
580.128110	0.880800	0.000000	0.000000	0.880800	1.000000	0.000000	0.000000	0.000000	0.000000	-0.057407	0.469972	0.000000	0.000000	-0.469972	-0.057407
580.586850	0.877862	0.000000	0.000000	0.877862	1.000000	0.000000	0.000000	0.000000	0.000000	-0.056027	0.475576	0.000000	0.000000	-0.475576	-0.056027
581.045530	0.874918	0.000000	0.000000	0.874918	1.000000	0.000000	0.000000	0.000000	0.000000	-0.054646	0.481170	0.000000	0.000000	-0.481170	-0.054646
581.504090	0.871927	0.000000	0.000000	0.871927	1.000000	0.000000	0.000000	0.000000	0.000000	-0.053260	0.486680	0.000000	0.000000	-0.486680	-0.053260
581.962520	0.868937	0.000000	0.000000	0.868937	1.000000	0.000000	0.000000	0.000000	0.000000	-0.051873	0.492189	0.000000	0.000000	-0.492189	-0.051873
582.420900	0.865902	0.000000	0.000000	0.865902	1.000000	0.000000	0.000000	0.000000	0.000000	-0.050482	0.497612	0.000000	0.000000	-0.497612	-0.050482
582.879150	0.862863	0.000000	0.000000	0.862863	1.000000	0.000000	0.000000	0.000000	0.000000	-0.049090	0.503027	0.000000	0.000000	-0.503027	-0.049090
583.337280	0.859790	0.000000	0.000000	0.859790	1.000000	0.000000	0.000000	0.000000	0.000000	-0.047699	0.508373	0.000000	0.000000	-0.508373	-0.047699
583.795350	0.856705	0.000000	0.000000	0.856705	1.000000	0.000000	0.000000	0.000000	0.000000	-0.046308	0.513693	0.000000	0.000000	-0.513693	-0.046308
584.253300	0.853596	0.000000	0.000000	0.853596	1.000000	0.000000	0.000000	0.000000	0.000000	-0.044914	0.518961	0.000000	0.000000	-0.518961	-0.044914
584.711120	0.850468	0.000000	0.000000	0.850468	1.000000	0.000000	0.000000	0.000000	0.000000	-0.043518	0.524187	0.000000	0.000000	-0.524187	-0.043518
585.168820	0.847325	0.000000	0.000000	0.847325	1.000000	0.000000	0.000000	0.000000	0.000000	-0.042121	0.529378	0.000000	0.000000	-0.529378	-0.042121
585.626460	0.844155	0.000000	0.000000	0.844155	1.000000	0.000000	0.000000	0.000000	0.000000	-0.040721	0.534511	0.000000	0.000000	-0.534511	-0.040721
586.083980	0.840978	0.000000	0.000000	0.840978	1.000000	0.000000	0.000000	0.000000	0.000000	-0.039322	0.539625	0.000000	0.000000	-0.539625	-0.039322
586.541440	0.837769	0.000000	0.000000	0.837769	1.000000	0.000000	0.000000	0.000000	0.000000	-0.037919	0.544665	0.000000	0.000000	-0.544665	-0.037919
586.998720	0.834562	0.000000	0.000000	0.834562	1.000000	0.000000	0.000000	0.000000	0.000000	-0.036517	0.549702	0.000000	0.000000	-0.549702	-0.036517
587.455930	0.831317	0.000000	0.000000	0.831317	1.000000	0.000000	0.000000	0.000000	0.000000	-0.035117	0.554648	0.000000	0.000000	-0.554648	-0.035117
587.913020	0.828073	0.000000	0.000000	0.828073	1.000000	0.000000	0.000000	0.000000	0.000000	-0.033717	0.559593	0.000000	0.000000	-0.559593	-0.033717
588.370060	0.824800	0.000000	0.000000	0.824800	1.000000	0.000000	0.000000	0.000000	0.000000	-0.032316	0.564464	0.000000	0.000000	-0.564464	-0.032316
588.826970	0.821522	0.000000	0.000000	0.821522	1.000000	0.000000	0.000000	0.000000	0.000000	-0.030915	0.569317	0.000000	0.000000	-0.569317	-0.030915
589.283750	0.818223	0.000000	0.000000	0.818223	1.000000	0.000000	0.000000	0.000000	0.000000	-0.029515	0.574113	0.000000	0.000000	-0.574113	-0.029515
589.740420	0.814913	0.000000	0.000000	0.814913	1.000000	0.000000	0.000000	0.000000	0.000000	-0.028116	0.578872	0.000000	0.000000	-0.578872	-0.028116
590.197020	0.811591	0.000000	0.000000	0.811591	1.000000	0.000000	0.000000	0.000000	0.000000	-0.026718	0.583593	0.000000	0.000000	-0.583593	-0.026718
590.653500	0.808251	0.000000	0.000000	0.808251	1.000000	0.000000	0.000000	0.000000	0.000000	-0.025321	0.588261	0.000000	0.000000	-0.588261	-0.025321
591.109860	0.804905	0.000000	0.000000	0.804905	1.000000	0.000000	0.000000	0.000000	0.000000	-0.023925	0.592907	0.000000	0.000000	-0.592907	-0.023925
591.566160	0.801538	0.000000	0.000000	0.801538	1.000000	0.000000	0.000000	0.000000	0.000000	-0.022530	0.597485	0.000000	0.000000	-0.597485	-0.022530
592.022340	0.798170	0.000000	0.000000	0.798170	1.000000	0.000000	0.000000	0.000000	0.000000	-0.021135	0.602058	0.000000	0.000000	-0.602058	-0.021135
592.478390	0.794777	0.000000	0.000000	0.794777	1.000000	0.000000	0.000000	0.000000	0.000000	-0.019740	0.606546	0.000000	0.000000	-0.606546	-0.019740
592.934330	0.791386	0.000000	0.000000	0.791386	1.000000	0.000000	0.000000	0.000000	0.000000	-0.018345	0.611034	0.000000	0.000000	-0.611034	-0.018345
593.390200	0.787973	0.000000	0.000000	0.787973	1.000000	0.000000	0.000000	0.000000	0.000000	-0.016954	0.615445	0.000000	0.000000	-0.615445	-0.016954
593.845950	0.784558	0.000000	0.000000	0.784558	1.000000	0.000000	0.000000	0.000000	0.000000	-0.015565	0.619843	0.000000	0.000000	-0.619843	-0.015565
594.301570	0.781129	0.000000	0.000000	0.781129	1.000000	0.000000	0.000000	0.000000	0.000000	-0.014178	0.624183	0.000000	0.000000	-0.624183	-0.014178
594.757140	0.777692	0.000000	0.000000	0.777692	1.000000	0.000000	0.000000	0.000000	0.000000	-0.012792	0.628492	0.000000	0.000000	-0.628492	-0.012792
595.212590	0.774247	0.000000	0.000000	0.774247	1.000000	0.000000	0.000000	0.000000	0.000000	-0.011408	0.632760	0.000000	0.000000	-0.632760	-0.011408
595.667910	0.770792	0.000000	0.000000	0.770792	1.000000	0.000000	0.000000	0.000000	0.000000	-0.010026	0.636982	0.000000	0.000000	-0.636982	-0.010026
596.123110	0.767333	0.000000	0.000000	0.767333	1.000000	0.000000	0.000000	0.000000	0.000000	-0.008646	0.641179	0.000000	0.000000	-0.641179	-0.008646
596.578250	0.763860	0.000000	0.000000	0.763860	1.000000	0.000000	0.000000	0.000000	0.000000	-0.007271	0.645313	0.000000	0.000000	-0.645313	-0.007271
597.033260	0.760387	0.000000	0.000000	0.760387	1.000000	0.000000	0.000000	0.000000	0.000000	-0.005896	0.649440	0.000000	0.000000	-0.649440	-0.005896
597.488220	0.756898	0.000000	0.000000	0.756898	1.000000	0.000000	0.000000	0.000000	0.000000	-0.004525	0.653489	0.000000	0.000000	-0.653489	-0.004525
597.942990	0.753411	0.000000	0.000000	0.753411	1.000000	0.000000	0.000000	0.000000	0.000000	-0.003155	0.657537	0.000000	0.000000	-0.657537	-0.003155
598.397710	0.749911	0.000000	0.000000	0.749911	1.000000	0.000000	0.000000	0.000000	0.000000	-0.001787	0.661511	0.000000	0.000000	-0.661511	-0.001787
598.852360	0.746409	0.000000	0.000000	0.746409	1.000000	0.000000	0.000000	0.000000	0.000000	-0.000421	0.665474	0.000000	0.000000	-0.665474	-0.000421
599.306820	0.742900	0.000000	0.000000	0.742900	1.000000	0.000000	0.000000	0.000000	0.000000	0.000939	0.669380	0.000000	0.000000	-0.669380	0.000939
599.761230	0.739386	0.000000	0.000000	0.739386	1.000000	0.000000	0.000000	0.000000	0.000000	0.002295	0.673259	0.000000	0.000000	-0.673259	0.002295
600.215520	0.735868	0.000000	0.000000	0.735868	1.000000	0.000000	0.000000	0.000000	0.000000	0.003650	0.677098	0.000000	0.000000	-0.677098	0.003650
600.669740	0.732344	0.000000	0.000000	0.732344	1.000000	0.000000	0.000000	0.000000	0.000000	0.005002	0.680894	0.000000	0.000000	-0.680894	0.005002
601.123780	0.728819	0.000000	0.000000	0.728819	1.000000	0.000000	0.000000	0.000000	0.000000	0.006352	0.684667	0.000000	0.000000	-0.684667	0.006352
601.577760	0.725286	0.000000	0.000000	0.725286	1.000000	0.000000	0.000000	0.000000	0.000000	0.007696	0.688380	0.000000	0.000000	-0.688380	0.007696
602.031680	0.721754	0.000000	0.000000	0.721754	1.000000	0.000000	0.000000	0.000000	0.000000	0.009039	0.692088	0.000000	0.000000	-0.692088	0.009039
602.485410	0.718215	0.000000	0.000000	0.718215	1.000000	0.000000	0.000000	0.000000	0.000000	0.010375	0.695720	0.000000	0.000000	-0.695720	0.010375
602.939090	0.714676	0.000000	0.000000	0.714676	1.000000	0.000000	0.000000	0.000000	0.000000	0.011711	0.699351	0.000000	0.000000	-0.699351	0.011711
603.392640	0.711132	0.000000	0.000000	0.711132	1.000000	0.000000	0.000000	0.000000	0.000000	0.013041	0.702915	0.000000	0.000000	-0.702915	0.013041
603.846130	0.707588	0.000000	0.000000	0.707588	1.000000	0.000000	0.000000	0.000000	0.000000	0.014370	0.706467	0.000000	0.000000	-0.706467	0.014370
604.299500	0.704040	0.000000	0.000000	0.704040	1.000000	0.000000	0.000000	0.000000	0.000000	0.015692	0.709967	0.000000	0.000000	-0.709967	0.015692
604.752750	0.700492	0.000000	0.000000	0.700492	1.000000	0.000000	0.000000	0.000000	0.000000	0.017011	0.713441	0.000000	0.000000	-0.713441	0.017011
605.205870	0.696942	0.000000	0.000000	0.696942	1.000000	0.000000	0.000000	0.000000	0.000000	0.018326	0.716879	0.000000	0.000000	-0.716879	0.018326
605.658940	0.693391	0.000000	0.000000	0.693391	1.000000	0.000000	0.000000	0.000000	0.000000	0.019636	0.720275	0.000000	0.000000	-0.720275	0.019636
606.111880	0.689839	0.000000	0.000000	0.689839	1.000000	0.000000	0.000000	0.000000	0.000000	0.020945	0.723651	0.000000	0.000000	-0.723651	0.020945
606.564700	0.686286	0.000000	0.000000	0.686286	1.000000	0.000000	0.000000	0.000000	0.000000	0.022248	0.726970	0.000000	0.000000	-0.726970	0.022248
607.017460	0.682734	0.000000	0.000000	0.682734	1.000000	0.000000	0.000000	0.000000	0.000000	0.023550	0.730286	0.000000	0.000000	-0.730286	0.023550
607.470030	0.679181	0.000000	0.000000	0.679181	1.000000	0.000000	0.000000	0.000000	0.000000	0.024844	0.733530	0.000000	0.000000	-0.733530	0.024844
607.922610	0.675629	0.000000	0.000000	0.675629	1.000000	0.000000	0.000000	0.000000	0.000000	0.026138	0.736773	0.000000	0.000000	-0.736773	0.026138
608.375000	0.672077	0.000000	0.000000	0.672077	1.000000	0.000000	0.000000	0.000000	0.000000	0.027421	0.739954	0.000000	0.000000	-0.739954	0.027421
608.827330	0.668526	0.000000	0.000000	0.668526	1.000000	0.000000	0.000000	0.000000	0.000000	0.028702	0.743123	0.000000	0.000000	-0.743123	0.028702
609.279540	0.664977	0.000000	0.000000	0.664977	1.000000	0.000000	0.000000	0.000000	0.000000	0.029978	0.746246	0.000000	0.000000	-0.746246	0.029978
609.731630	0.661428	0.000000	0.000000	0.661428	1.000000	0.000000	0.000000	0.000000	0.000000	0.031252	0.749341	0.000000	0.000000	-0.749341	0.031252
610.183650	0.657881	0.000000	0.000000	0.657881	1.000000	0.000000	0.000000	0.000000	0.000000	0.032521	0.752408	0.000000	0.000000	-0.752408	0.032521
610.635560	0.654336	0.000000	0.000000	0.654336	1.000000	0.000000	0.000000	0.000000	0.000000	0.033784	0.755432	0.000000	0.000000	-0.755432	0.033784
611.087340	0.650792	0.000000	0.000000	0.650792	1.000000	0.000000	0.000000	0.000000	0.000000	0.035045	0.758441	0.000000	0.000000	-0.758441	0.035045
611.539000	0.647252	0.000000	0.000000	0.647252	1.000000	0.000000	0.000000	0.000000	0.000000	0.036297	0.761393	0.000000	0.000000	-0.761393	0.036297
611.990600	0.643712	0.000000	0.000000	0.643712	1.000000	0.000000	0.000000	0.000000	0.000000	0.037549	0.764346	0.000000	0.000000	-0.764346	0.037549
612.442080	0.640177	0.000000	0.000000	0.640177	1.000000	0.000000	0.000000	0.000000	0.000000	0.038792	0.767230	0.000000	0.000000	-0.767230	0.038792
612.893430	0.636642	0.000000	0.000000	0.636642	1.000000	0.000000	0.000000	0.000000	0.000000	0.040036	0.770112	0.000000	0.000000	-0.770112	0.040036
613.344730	0.633112	0.000000	0.000000	0.633112	1.000000	0.000000	0.000000	0.000000	0.000000	0.041270	0.772943	0.000000	0.000000	-0.772943	0.041270
613.795900	0.629584	0.000000	0.000000	0.629584	1.000000	0.000000	0.000000	0.000000	0.000000	0.042501	0.775758	0.000000	0.000000	-0.775758	0.042501
614.246950	0.626061	0.000000	0.000000	0.626061	1.000000	0.000000	0.000000	0.000000	0.000000	0.043726	0.778535	0.000000	0.000000	-0.778535	0.043726
614.697940	0.622541	0.000000	0.000000	0.622541	1.000000	0.000000	0.000000	0.000000	0.000000	0.044946	0.781281	0.000000	0.000000	-0.781281	0.044946
615.148800	0.619024	0.000000	0.000000	0.619024	1.000000	0.000000	0.000000	0.000000	0.000000	0.046162	0.784006	0.000000	0.000000	-0.784006	0.046162
615.599550	0.615513	0.000000	0.000000	0.615513	1.000000	0.000000	0.000000	0.000000	0.000000	0.047369	0.786687	0.000000	0.000000	-0.786687	0.047369
616.050170	0.612003	0.000000	0.000000	0.612003	1.000000	0.000000	0.000000	0.000000	0.000000	0.048575	0.789359	0.000000	0.000000	-0.789359	0.048575
616.500730	0.608501	0.000000	0.000000	0.608501	1.000000	0.000000	0.000000	0.000000	0.000000	0.049772	0.791974	0.000000	0.000000	-0.791974	0.049772
616.951170	0.605001	0.000000	0.000000	0.605001	1.000000	0.000000	0.000000	0.000000	0.000000	0.050968	0.794589	0.000000	0.000000	-0.794589	0.050968
617.401490	0.601508	0.000000	0.000000	0.601508	1.000000	0.000000	0.000000	0.000000	0.000000	0.052157	0.797147	0.000000	0.000000	-0.797147	0.052157
617.851750	0.598017	0.000000	0.000000	0.598017	1.000000	0.000000	0.000000	0.000000	0.000000	0.053345	0.799699	0.000000	0.000000	-0.799699	0.053345
618.301880	0.594533	0.000000	0.000000	0.594533	1.000000	0.000000	0.000000	0.000000	0.000000	0.054522	0.802208	0.000000	0.000000	-0.802208	0.054522
618.751890	0.591053	0.000000	0.000000	0.591053	1.000000	0.000000	0.000000	0.000000	0.000000	0.055695	0.804696	0.000000	0.000000	-0.804696	0.055695
619.201780	0.587579	0.000000	0.000000	0.587579	1.000000	0.000000	0.000000	0.000000	0.000000	0.056863	0.807157	0.000000	0.000000	-0.807157	0.056863
619.651610	0.584111	0.000000	0.000000	0.584111	1.000000	0.000000	0.000000	0.000000	0.000000	0.058026	0.809583	0.000000	0.000000	-0.809583	0.058026
620.101320	0.580646	0.000000	0.000000	0.580646	1.000000	0.000000	0.000000	0.000000	0.000000	0.059186	0.811996	0.000000	0.000000	-0.811996	0.059186
620.550960	0.577191	0.000000	0.000000	0.577191	1.000000	0.000000	0.000000	0.000000	0.000000	0.060336	0.814363	0.000000	0.000000	-0.814363	0.060336
621.000430	0.573737	0.000000	0.000000	0.573737	1.000000	0.000000	0.000000	0.000000	0.000000	0.061485	0.816728	0.000000	0.000000	-0.816728	0.061485
621.449830	0.570295	0.000000	0.000000	0.570295	1.000000	0.000000	0.000000	0.000000	0.000000	0.062626	0.819035	0.000000	0.000000	-0.819035	0.062626
621.899110	0.566854	0.000000	0.000000	0.566854	1.000000	0.000000	0.000000	0.000000	0.000000	0.063767	0.821342	0.000000	0.000000	-0.821342	0.063767
622.348330	0.563423	0.000000	0.000000	0.563423	1.000000	0.000000	0.000000	0.000000	0.000000	0.064895	0.823604	0.000000	0.000000	-0.823604	0.064895
622.797420	0.559996	0.000000	0.000000	0.559996	1.000000	0.000000	0.000000	0.000000	0.000000	0.066019	0.825852	0.000000	0.000000	-0.825852	0.066019
623.246400	0.556577	0.000000	0.000000	0.556577	1.000000	0.000000	0.000000	0.000000	0.000000	0.067138	0.828069	0.000000	0.000000	-0.828069	0.067138
623.695250	0.553165	0.000000	0.000000	0.553165	1.000000	0.000000	0.000000	0.000000	0.000000	0.068252	0.830260	0.000000	0.000000	-0.830260	0.068252
624.144040	0.549757	0.000000	0.000000	0.549757	1.000000	0.000000	0.000000	0.000000	0.000000	0.069363	0.832433	0.000000	0.000000	-0.832433	0.069363
624.592710	0.546359	0.000000	0.000000	0.546359	1.000000	0.000000	0.000000	0.000000	0.000000	0.070464	0.834569	0.000000	0.000000	-0.834569	0.070464
625.041260	0.542964	0.000000	0.000000	0.542964	1.000000	0.000000	0.000000	0.000000	0.000000	0.071564	0.836698	0.000000	0.000000	-0.836698	0.071564
625.489750	0.539582	0.000000	0.000000	0.539582	1.000000	0.000000	0.000000	0.000000	0.000000	0.072655	0.838779	0.000000	0.000000	-0.838779	0.072655
625.938110	0.536201	0.000000	0.000000	0.536201	1.000000	0.000000	0.000000	0.000000	0.000000	0.073745	0.840860	0.000000	0.000000	-0.840860	0.073745
626.386350	0.532833	0.000000	0.000000	0.532833	1.000000	0.000000	0.000000	0.000000	0.000000	0.074825	0.842894	0.000000	0.000000	-0.842894	0.074825
626.834470	0.529469	0.000000	0.000000	0.529469	1.000000	0.000000	0.000000	0.000000	0.000000	0.075902	0.844920	0.000000	0.000000	-0.844920	0.075902
627.282530	0.526114	0.000000	0.000000	0.526114	1.000000	0.000000	0.000000	0.000000	0.000000	0.076971	0.846914	0.000000	0.000000	-0.846914	0.076971
627.730470	0.522766	0.000000	0.000000	0.522766	1.000000	0.000000	0.000000	0.000000	0.000000	0.078034	0.848887	0.000000	0.000000	-0.848887	0.078034
628.178280	0.519426	0.000000	0.000000	0.519426	1.000000	0.000000	0.000000	0.000000	0.000000	0.079093	0.850840	0.000000	0.000000	-0.850840	0.079093
628.626040	0.516094	0.000000	0.000000	0.516094	1.000000	0.000000	0.000000	0.000000	0.000000	0.080146	0.852763	0.000000	0.000000	-0.852763	0.080146
629.073670	0.512767	0.000000	0.000000	0.512767	1.000000	0.000000	0.000000	0.000000	0.000000	0.081197	0.854676	0.000000	0.000000	-0.854676	0.081197
629.521180	0.509453	0.000000	0.000000	0.509453	1.000000	0.000000	0.000000	0.000000	0.000000	0.082237	0.856548	0.000000	0.000000	-0.856548	0.082237
629.968630	0.506140	0.000000	0.000000	0.506140	1.000000	0.000000	0.000000	0.000000	0.000000	0.083276	0.858420	0.000000	0.000000	-0.858420	0.083276
630.415950	0.502844	0.000000	0.000000	0.502844	1.000000	0.000000	0.000000	0.000000	0.000000	0.084305	0.860246	0.000000	0.000000	-0.860246	0.084305
630.863160	0.499549	0.000000	0.000000	0.499549	1.000000	0.000000	0.000000	0.000000	0.000000	0.085333	0.862068	0.000000	0.000000	-0.862068	0.085333
631.310240	0.496268	0.000000	0.000000	0.496268	1.000000	0.000000	0.000000	0.000000	0.000000	0.086351	0.863856	0.000000	0.000000	-0.863856	0.086351
631.757260	0.492992	0.000000	0.000000	0.492992	1.000000	0.000000	0.000000	0.000000	0.000000	0.087364	0.865629	0.000000	0.000000	-0.865629	0.087364
632.204160	0.489724	0.000000	0.000000	0.489724	1.000000	0.000000	0.000000	0.000000	0.000000	0.088374	0.867380	0.000000	0.000000	-0.867380	0.088374
632.650940	0.486467	0.000000	0.000000	0.486467	1.000000	0.000000	0.000000	0.000000	0.000000	0.089378	0.869106	0.000000	0.000000	-0.869106	0.089378
633.097660	0.483214	0.000000	0.000000	0.483214	1.000000	0.000000	0.000000	0.000000	0.000000	0.090379	0.870821	0.000000	0.000000	-0.870821	0.090379
633.544250	0.479976	0.000000	0.000000	0.479976	1.000000	0.000000	0.000000	0.000000	0.000000	0.091369	0.872500	0.000000	0.000000	-0.872500	0.091369
633.990720	0.476739	0.000000	0.000000	0.476739	1.000000	0.000000	0.000000	0.000000	0.000000	0.092358	0.874179	0.000000	0.000000	-0.874179	0.092358
634.437070	0.473521	0.000000	0.000000	0.473521	1.000000	0.000000	0.000000	0.000000	0.000000	0.093337	0.875814	0.000000	0.000000	-0.875814	0.093337
634.883360	0.470303	0.000000	0.000000	0.470303	1.000000	0.000000	0.000000	0.000000	0.000000	0.094315	0.877447	0.000000	0.000000	-0.877447	0.094315
635.329530	0.467099	0.000000	0.000000	0.467099	1.000000	0.000000	0.000000	0.000000	0.000000	0.095283	0.879048	0.000000	0.000000	-0.879048	0.095283
635.775570	0.463901	0.000000	0.000000	0.463901	1.000000	0.000000	0.000000	0.000000	0.000000	0.096248	0.880637	0.000000	0.000000	-0.880637	0.096248
636.221560	0.460712	0.000000	0.000000	0.460712	1.000000	0.000000	0.000000	0.000000	0.000000	0.097207	0.882204	0.000000	0.000000	-0.882204	0.097207
636.667420	0.457534	0.000000	0.000000	0.457534	1.000000	0.000000	0.000000	0.000000	0.000000	0.098162	0.883749	0.000000	0.000000	-0.883749	0.098162
637.113160	0.454361	0.000000	0.000000	0.454361	1.000000	0.000000	0.000000	0.000000	0.000000	0.099113	0.885283	0.000000	0.000000	-0.885283	0.099113
637.558840	0.451203	0.000000	0.000000	0.451203	1.000000	0.000000	0.000000	0.000000	0.000000	0.100054	0.886785	0.000000	0.000000	-0.886785	0.100054
638.004330	0.448046	0.000000	0.000000	0.448046	1.000000	0.000000	0.000000	0.000000	0.000000	0.100994	0.888287	0.000000	0.000000	-0.888287	0.100994
638.449830	0.444908	0.000000	0.000000	0.444908	1.000000	0.000000	0.000000	0.000000	0.000000	0.101922	0.889748	0.000000	0.000000	-0.889748	0.101922
638.895140	0.441772	0.000000	0.000000	0.441772	1.000000	0.000000	0.000000	0.000000	0.000000	0.102849	0.891209	0.000000	0.000000	-0.891209	0.102849
639.340390	0.438650	0.000000	0.000000	0.438650	1.000000	0.000000	0.000000	0.000000	0.000000	0.103769	0.892639	0.000000	0.000000	-0.892639	0.103769
639.785520	0.435534	0.000000	0.000000	0.435534	1.000000	0.000000	0.000000	0.000000	0.000000	0.104686	0.894059	0.000000	0.000000	-0.894059	0.104686
640.230530	0.432428	0.000000	0.000000	0.432428	1.000000	0.000000	0.000000	0.000000	0.000000	0.105596	0.895458	0.000000	0.000000	-0.895458	0.105596
640.675420	0.429333	0.000000	0.000000	0.429333	1.000000	0.000000	0.000000	0.000000	0.000000	0.106500	0.896837	0.000000	0.000000	-0.896837	0.106500
641.120240	0.426244	0.000000	0.000000	0.426244	1.000000	0.000000	0.000000	0.000000	0.000000	0.107400	0.898207	0.000000	0.000000	-0.898207	0.107400
641.564940	0.423169	0.000000	0.000000	0.423169	1.000000	0.000000	0.000000	0.000000	0.000000	0.108292	0.899547	0.000000	0.000000	-0.899547	0.108292
642.009580	0.420095	0.000000	0.000000	0.420095	1.000000	0.000000	0.000000	0.000000	0.000000	0.109184	0.900887	0.000000	0.000000	-0.900887	0.109184
642.454100	0.417042	0.000000	0.000000	0.417042	1.000000	0.000000	0.000000	0.000000	0.000000	0.110065	0.902190	0.000000	0.000000	-0.902190	0.110065
642.898500	0.413989	0.000000	0.000000	0.413989	1.000000	0.000000	0.000000	0.000000	0.000000	0.110946	0.903493	0.000000	0.000000	-0.903493	0.110946
643.342770	0.410953	0.000000	0.000000	0.410953	1.000000	0.000000	0.000000	0.000000	0.000000	0.111816	0.904766	0.000000	0.000000	-0.904766	0.111816
643.786990	0.407921	0.000000	0.000000	0.407921	1.000000	0.000000	0.000000	0.000000	0.000000	0.112684	0.906031	0.000000	0.000000	-0.906031	0.112684
644.231080	0.404900	0.000000	0.000000	0.404900	1.000000	0.000000	0.000000	0.000000	0.000000	0.113547	0.907277	0.000000	0.000000	-0.907277	0.113547
644.675050	0.401889	0.000000	0.000000	0.401889	1.000000	0.000000	0.000000	0.000000	0.000000	0.114405	0.908506	0.000000	0.000000	-0.908506	0.114405
645.118900	0.398885	0.000000	0.000000	0.398885	1.000000	0.000000	0.000000	0.000000	0.000000	0.115259	0.909725	0.000000	0.000000	-0.909725	0.115259
645.562680	0.395896	0.000000	0.000000	0.395896	1.000000	0.000000	0.000000	0.000000	0.000000	0.116103	0.910918	0.000000	0.000000	-0.910918	0.116103
646.006350	0.392909	0.000000	0.000000	0.392909	1.000000	0.000000	0.000000	0.000000	0.000000	0.116946	0.912111	0.000000	0.000000	-0.912111	0.116946
646.449950	0.389942	0.000000	0.000000	0.389942	1.000000	0.000000	0.000000	0.000000	0.000000	0.117778	0.913269	0.000000	0.000000	-0.913269	0.117778
646.893370	0.386976	0.000000	0.000000	0.386976	1.000000	0.000000	0.000000	0.000000	0.000000	0.118609	0.914427	0.000000	0.000000	-0.914427	0.118609
647.336730	0.384026	0.000000	0.000000	0.384026	1.000000	0.000000	0.000000	0.000000	0.000000	0.119433	0.915559	0.000000	0.000000	-0.915559	0.119433
647.779970	0.381081	0.000000	0.000000	0.381081	1.000000	0.000000	0.000000	0.000000	0.000000	0.120254	0.916683	0.000000	0.000000	-0.916683	0.120254
648.223140	0.378146	0.000000	0.000000	0.378146	1.000000	0.000000	0.000000	0.000000	0.000000	0.121069	0.917790	0.000000	0.000000	-0.917790	0.121069
648.666200	0.375223	0.000000	0.000000	0.375223	1.000000	0.000000	0.000000	0.000000	0.000000	0.121880	0.918881	0.000000	0.000000	-0.918881	0.121880
649.109130	0.372305	0.000000	0.000000	0.372305	1.000000	0.000000	0.000000	0.000000	0.000000	0.122687	0.919963	0.000000	0.000000	-0.919963	0.122687
649.551940	0.369404	0.000000	0.000000	0.369404	1.000000	0.000000	0.000000	0.000000	0.000000	0.123483	0.921021	0.000000	0.000000	-0.921021	0.123483
649.994690	0.366504	0.000000	0.000000	0.366504	1.000000	0.000000	0.000000	0.000000	0.000000	0.124279	0.922078	0.000000	0.000000	-0.922078	0.124279
650.437320	0.363624	0.000000	0.000000	0.363624	1.000000	0.000000	0.000000	0.000000	0.000000	0.125067	0.923105	0.000000	0.000000	-0.923105	0.125067
650.879880	0.360745	0.000000	0.000000	0.360745	1.000000	0.000000	0.000000	0.000000	0.000000	0.125853	0.924131	0.000000	0.000000	-0.924131	0.125853
651.322270	0.357881	0.000000	0.000000	0.357881	1.000000	0.000000	0.000000	0.000000	0.000000	0.126632	0.925135	0.000000	0.000000	-0.925135	0.126632
651.764590	0.355024	0.000000	0.000000	0.355024	1.000000	0.000000	0.000000	0.000000	0.000000	0.127408	0.926130	0.000000	0.000000	-0.926130	0.127408
652.206790	0.352177	0.000000	0.000000	0.352177	1.000000	0.000000	0.000000	0.000000	0.000000	0.128178	0.927110	0.000000	0.000000	-0.927110	0.128178
652.648930	0.349341	0.000000	0.000000	0.349341	1.000000	0.000000	0.000000	0.000000	0.000000	0.128941	0.928076	0.000000	0.000000	-0.928076	0.128941
653.090940	0.346510	0.000000	0.000000	0.346510	1.000000	0.000000	0.000000	0.000000	0.000000	0.129702	0.929034	0.000000	0.000000	-0.929034	0.129702
653.532840	0.343696	0.000000	0.000000	0.343696	1.000000	0.000000	0.000000	0.000000	0.000000	0.130454	0.929969	0.000000	0.000000	-0.929969	0.130454
653.974610	0.340884	0.000000	0.000000	0.340884	1.000000	0.000000	0.000000	0.000000	0.000000	0.131207	0.930904	0.000000	0.000000	-0.930904	0.131207
654.416320	0.338090	0.000000	0.000000	0.338090	1.000000	0.000000	0.000000	0.000000	0.000000	0.131948	0.931812	0.000000	0.000000	-0.931812	0.131948
654.857910	0.335299	0.000000	0.000000	0.335299	1.000000	0.000000	0.000000	0.000000	0.000000	0.132689	0.932718	0.000000	0.000000	-0.932718	0.132689
655.299380	0.332522	0.000000	0.000000	0.332522	1.000000	0.000000	0.000000	0.000000	0.000000	0.133423	0.933604	0.000000	0.000000	-0.933604	0.133423
655.740720	0.329752	0.000000	0.000000	0.329752	1.000000	0.000000	0.000000	0.000000	0.000000	0.134154	0.934482	0.000000	0.000000	-0.934482	0.134154
656.182010	0.326991	0.000000	0.000000	0.326991	1.000000	0.000000	0.000000	0.000000	0.000000	0.134881	0.935349	0.000000	0.000000	-0.935349	0.134881
656.623170	0.324244	0.000000	0.000000	0.324244	1.000000	0.000000	0.000000	0.000000	0.000000	0.135600	0.936199	0.000000	0.000000	-0.936199	0.135600
657.064270	0.321500	0.000000	0.000000	0.321500	1.000000	0.000000	0.000000	0.000000	0.000000	0.136317	0.937045	0.000000	0.000000	-0.937045	0.136317
657.505250	0.318773	0.000000	0.000000	0.318773	1.000000	0.000000	0.000000	0.000000	0.000000	0.137026	0.937868	0.000000	0.000000	-0.937868	0.137026
657.946110	0.316047	0.000000	0.000000	0.316047	1.000000	0.000000	0.000000	0.000000	0.000000	0.137734	0.938691	0.000000	0.000000	-0.938691	0.137734
658.386840	0.313340	0.000000	0.000000	0.313340	1.000000	0.000000	0.000000	0.000000	0.000000	0.138433	0.939491	0.000000	0.000000	-0.939491	0.138433
658.827450	0.310637	0.000000	0.000000	0.310637	1.000000	0.000000	0.000000	0.000000	0.000000	0.139129	0.940288	0.000000	0.000000	-0.940288	0.139129
659.268010	0.307946	0.000000	0.000000	0.307946	1.000000	0.000000	0.000000	0.000000	0.000000	0.139821	0.941069	0.000000	0.000000	-0.941069	0.139821
659.708500	0.305263	0.000000	0.000000	0.305263	1.000000	0.000000	0.000000	0.000000	0.000000	0.140509	0.941841	0.000000	0.000000	-0.941841	0.140509
660.148800	0.302589	0.000000	0.000000	0.302589	1.000000	0.000000	0.000000	0.000000	0.000000	0.141193	0.942603	0.000000	0.000000	-0.942603	0.141193
660.589050	0.299927	0.000000	0.000000	0.299927	1.000000	0.000000	0.000000	0.000000	0.000000	0.141869	0.943349	0.000000	0.000000	-0.943349	0.141869
661.029170	0.297268	0.000000	0.000000	0.297268	1.000000	0.000000	0.000000	0.000000	0.000000	0.142544	0.944093	0.000000	0.000000	-0.944093	0.142544
661.469180	0.294629	0.000000	0.000000	0.294629	1.000000	0.000000	0.000000	0.000000	0.000000	0.143209	0.944814	0.000000	0.000000	-0.944814	0.143209
661.909120	0.291991	0.000000	0.000000	0.291991	1.000000	0.000000	0.000000	0.000000	0.000000	0.143875	0.945536	0.000000	0.000000	-0.945536	0.143875
662.348940	0.289369	0.000000	0.000000	0.289369	1.000000	0.000000	0.000000	0.000000	0.000000	0.144533	0.946238	0.000000	0.000000	-0.946238	0.144533
662.788640	0.286751	0.000000	0.000000	0.286751	1.000000	0.000000	0.000000	0.000000	0.000000	0.145189	0.946936	0.000000	0.000000	-0.946936	0.145189
663.228270	0.284145	0.000000	0.000000	0.284145	1.000000	0.000000	0.000000	0.000000	0.000000	0.145839	0.947621	0.000000	0.000000	-0.947621	0.145839
663.667790	0.281548	0.000000	0.000000	0.281548	1.000000	0.000000	0.000000	0.000000	0.000000	0.146484	0.948295	0.000000	0.000000	-0.948295	0.146484
664.107180	0.278958	0.000000	0.000000	0.278958	1.000000	0.000000	0.000000	0.000000	0.000000	0.147127	0.948964	0.000000	0.000000	-0.948964	0.147127
664.546450	0.276383	0.000000	0.000000	0.276383	1.000000	0.000000	0.000000	0.000000	0.000000	0.147762	0.949615	0.000000	0.000000	-0.949615	0.147762
664.985660	0.273808	0.000000	0.000000	0.273808	1.000000	0.000000	0.000000	0.000000	0.000000	0.148397	0.950267	0.000000	0.000000	-0.950267	0.148397
665.424740	0.271254	0.000000	0.000000	0.271254	1.000000	0.000000	0.000000	0.000000	0.000000	0.149023	0.950897	0.000000	0.000000	-0.950897	0.149023
665.863710	0.268701	0.000000	0.000000	0.268701	1.000000	0.000000	0.000000	0.000000	0.000000	0.149648	0.951526	0.000000	0.000000	-0.951526	0.149648
666.302610	0.266161	0.000000	0.000000	0.266161	1.000000	0.000000	0.000000	0.000000	0.000000	0.150266	0.952140	0.000000	0.000000	-0.952140	0.150266
666.741390	0.263629	0.000000	0.000000	0.263629	1.000000	0.000000	0.000000	0.000000	0.000000	0.150881	0.952748	0.000000	0.000000	-0.952748	0.150881
667.180050	0.261105	0.000000	0.000000	0.261105	1.000000	0.000000	0.000000	0.000000	0.000000	0.151493	0.953347	0.000000	0.000000	-0.953347	0.151493
667.618590	0.258593	0.000000	0.000000	0.258593	1.000000	0.000000	0.000000	0.000000	0.000000	0.152099	0.953932	0.000000	0.000000	-0.953932	0.152099
668.057070	0.256085	0.000000	0.000000	0.256085	1.000000	0.000000	0.000000	0.000000	0.000000	0.152703	0.954516	0.000000	0.000000	-0.954516	0.152703
668.495420	0.253594	0.000000	0.000000	0.253594	1.000000	0.000000	0.000000	0.000000	0.000000	0.153298	0.955082	0.000000	0.000000	-0.955082	0.153298
668.933650	0.251104	0.000000	0.000000	0.251104	1.000000	0.000000	0.000000	0.000000	0.000000	0.153893	0.955647	0.000000	0.000000	-0.955647	0.153893
669.371830	0.248631	0.000000	0.000000	0.248631	1.000000	0.000000	0.000000	0.000000	0.000000	0.154480	0.956196	0.000000	0.000000	-0.956196	0.154480
669.809880	0.246162	0.000000	0.000000	0.246162	1.000000	0.000000	0.000000	0.000000	0.000000	0.155066	0.956741	0.000000	0.000000	-0.956741	0.155066
670.247800	0.243704	0.000000	0.000000	0.243704	1.000000	0.000000	0.000000	0.000000	0.000000	0.155646	0.957276	0.000000	0.000000	-0.957276	0.155646
670.685670	0.241255	0.000000	0.000000	0.241255	1.000000	0.000000	0.000000	0.000000	0.000000	0.156222	0.957801	0.000000	0.000000	-0.957801	0.156222
671.123410	0.238812	0.000000	0.000000	0.238812	1.000000	0.000000	0.000000	0.000000	0.000000	0.156796	0.958322	0.000000	0.000000	-0.958322	0.156796
671.561040	0.236384	0.000000	0.000000	0.236384	1.000000	0.000000	0.000000	0.000000	0.000000	0.157363	0.958828	0.000000	0.000000	-0.958828	0.157363
671.998540	0.233956	0.000000	0.000000	0.233956	1.000000	0.000000	0.000000	0.000000	0.000000	0.157930	0.959334	0.000000	0.000000	-0.959334	0.157930
672.435970	0.231548	0.000000	0.000000	0.231548	1.000000	0.000000	0.000000	0.000000	0.000000	0.158488	0.959822	0.000000	0.000000	-0.959822	0.158488
672.873290	0.229141	0.000000	0.000000	0.229141	1.000000	0.000000	0.000000	0.000000	0.000000	0.159045	0.960310	0.000000	0.000000	-0.960310	0.159045
673.310490	0.226747	0.000000	0.000000	0.226747	1.000000	0.000000	0.000000	0.000000	0.000000	0.159597	0.960784	0.000000	0.000000	-0.960784	0.159597
673.747620	0.224359	0.000000	0.000000	0.224359	1.000000	0.000000	0.000000	0.000000	0.000000	0.160146	0.961254	0.000000	0.000000	-0.961254	0.160146
674.184630	0.221981	0.000000	0.000000	0.221981	1.000000	0.000000	0.000000	0.000000	0.000000	0.160691	0.961716	0.000000	0.000000	-0.961716	0.160691
674.621520	0.219614	0.000000	0.000000	0.219614	1.000000	0.000000	0.000000	0.000000	0.000000	0.161229	0.962168	0.000000	0.000000	-0.962168	0.161229
675.058290	0.217250	0.000000	0.000000	0.217250	1.000000	0.000000	0.000000	0.000000	0.000000	0.161767	0.962618	0.000000	0.000000	-0.962618	0.161767
675.495000	0.214902	0.000000	0.000000	0.214902	1.000000	0.000000	0.000000	0.000000	0.000000	0.162297	0.963052	0.000000	0.000000	-0.963052	0.162297
675.931580	0.212556	0.000000	0.000000	0.212556	1.000000	0.000000	0.000000	0.000000	0.000000	0.162827	0.963486	0.000000	0.000000	-0.963486	0.162827
676.368040	0.210225	0.000000	0.000000	0.210225	1.000000	0.000000	0.000000	0.000000	0.000000	0.163349	0.963906	0.000000	0.000000	-0.963906	0.163349
676.804440	0.207898	0.000000	0.000000	0.207898	1.000000	0.000000	0.000000	0.000000	0.000000	0.163871	0.964324	0.000000	0.000000	-0.964324	0.163871
677.240720	0.205582	0.000000	0.000000	0.205582	1.000000	0.000000	0.000000	0.000000	0.000000	0.164387	0.964732	0.000000	0.000000	-0.964732	0.164387
677.676880	0.203274	0.000000	0.000000	0.203274	1.000000	0.000000	0.000000	0.000000	0.000000	0.164899	0.965133	0.000000	0.000000	-0.965133	0.164899
678.112980	0.200972	0.000000	0.000000	0.200972	1.000000	0.000000	0.000000	0.000000	0.000000	0.165409	0.965530	0.000000	0.000000	-0.965530	0.165409
678.548950	0.198684	0.000000	0.000000	0.198684	1.000000	0.000000	0.000000	0.000000	0.000000	0.165913	0.965914	0.000000	0.000000	-0.965914	0.165913
678.984800	0.196396	0.000000	0.000000	0.196396	1.000000	0.000000	0.000000	0.000000	0.000000	0.166417	0.966299	0.000000	0.000000	-0.966299	0.166417
679.420530	0.194127	0.000000	0.000000	0.194127	1.000000	0.000000	0.000000	0.000000	0.000000	0.166913	0.966668	0.000000	0.000000	-0.966668	0.166913
679.856200	0.191859	0.000000	0.000000	0.191859	1.000000	0.000000	0.000000	0.000000	0.000000	0.167408	0.967037	0.000000	0.000000	-0.967037	0.167408
680.291750	0.189603	0.000000	0.000000	0.189603	1.000000	0.000000	0.000000	0.000000	0.000000	0.167897	0.967396	0.000000	0.000000	-0.967396	0.167897
680.727170	0.187355	0.000000	0.000000	0.187355	1.000000	0.000000	0.000000	0.000000	0.000000	0.168383	0.967749	0.000000	0.000000	-0.967749	0.168383
681.162540	0.185113	0.000000	0.000000	0.185113	1.000000	0.000000	0.000000	0.000000	0.000000	0.168866	0.968098	0.000000	0.000000	-0.968098	0.168866
681.597780	0.182884	0.000000	0.000000	0.182884	1.000000	0.000000	0.000000	0.000000	0.000000	0.169343	0.968437	0.000000	0.000000	-0.968437	0.169343
682.032900	0.180657	0.000000	0.000000	0.180657	1.000000	0.000000	0.000000	0.000000	0.000000	0.169820	0.968775	0.000000	0.000000	-0.968775	0.169820
682.467900	0.178446	0.000000	0.000000	0.178446	1.000000	0.000000	0.000000	0.000000	0.000000	0.170289	0.969099	0.000000	0.000000	-0.969099	0.170289
682.902830	0.176236	0.000000	0.000000	0.176236	1.000000	0.000000	0.000000	0.000000	0.000000	0.170759	0.969423	0.000000	0.000000	-0.969423	0.170759
683.337650	0.174040	0.000000	0.000000	0.174040	1.000000	0.000000	0.000000	0.000000	0.000000	0.171223	0.969736	0.000000	0.000000	-0.969736	0.171223
683.772340	0.171849	0.000000	0.000000	0.171849	1.000000	0.000000	0.000000	0.000000	0.000000	0.171684	0.970046	0.000000	0.000000	-0.970046	0.171684
684.206970	0.169666	0.000000	0.000000	0.169666	1.000000	0.000000	0.000000	0.000000	0.000000	0.172142	0.970349	0.000000	0.000000	-0.970349	0.172142
684.641480	0.167492	0.000000	0.000000	0.167492	1.000000	0.000000	0.000000	0.000000	0.000000	0.172596	0.970645	0.000000	0.000000	-0.970645	0.172596
685.075870	0.165323	0.000000	0.000000	0.165323	1.000000	0.000000	0.000000	0.000000	0.000000	0.173049	0.970938	0.000000	0.000000	-0.970938	0.173049
685.510190	0.163168	0.000000	0.000000	0.163168	1.000000	0.000000	0.000000	0.000000	0.000000	0.173493	0.971221	0.000000	0.000000	-0.971221	0.173493
685.944340	0.161014	0.000000	0.000000	0.161014	1.000000	0.000000	0.000000	0.000000	0.000000	0.173938	0.971503	0.000000	0.000000	-0.971503	0.173938
686.378480	0.158875	0.000000	0.000000	0.158875	1.000000	0.000000	0.000000	0.000000	0.000000	0.174376	0.971774	0.000000	0.000000	-0.971774	0.174376
686.812440	0.156740	0.000000	0.000000	0.156740	1.000000	0.000000	0.000000	0.000000	0.000000	0.174813	0.972044	0.000000	0.000000	-0.972044	0.174813
687.246340	0.154615	0.000000	0.000000	0.154615	1.000000	0.000000	0.000000	0.000000	0.000000	0.175246	0.972306	0.000000	0.000000	-0.972306	0.175246
687.680110	0.152497	0.000000	0.000000	0.152497	1.000000	0.000000	0.000000	0.000000	0.000000	0.175677	0.972562	0.000000	0.000000	-0.972562	0.175677
688.113770	0.150385	0.000000	0.000000	0.150385	1.000000	0.000000	0.000000	0.000000	0.000000	0.176104	0.972815	0.000000	0.000000	-0.972815	0.176104
688.547300	0.148287	0.000000	0.000000	0.148287	1.000000	0.000000	0.000000	0.000000	0.000000	0.176525	0.973059	0.000000	0.000000	-0.973059	0.176525
688.980770	0.146188	0.000000	0.000000	0.146188	1.000000	0.000000	0.000000	0.000000	0.000000	0.176946	0.973303	0.000000	0.000000	-0.973303	0.176946
689.414180	0.144106	0.000000	0.000000	0.144106	1.000000	0.000000	0.000000	0.000000	0.000000	0.177361	0.973536	0.000000	0.000000	-0.973536	0.177361
689.847410	0.142025	0.000000	0.000000	0.142025	1.000000	0.000000	0.000000	0.000000	0.000000	0.177774	0.973767	0.000000	0.000000	-0.973767	0.177774
690.280580	0.139955	0.000000	0.000000	0.139955	1.000000	0.000000	0.000000	0.000000	0.000000	0.178183	0.973991	0.000000	0.000000	-0.973991	0.178183
690.713620	0.137892	0.000000	0.000000	0.137892	1.000000	0.000000	0.000000	0.000000	0.000000	0.178590	0.974211	0.000000	0.000000	-0.974211	0.178590
691.146550	0.135834	0.000000	0.000000	0.135834	1.000000	0.000000	0.000000	0.000000	0.000000	0.178994	0.974426	0.000000	0.000000	-0.974426	0.178994
691.579410	0.133789	0.000000	0.000000	0.133789	1.000000	0.000000	0.000000	0.000000	0.000000	0.179393	0.974635	0.000000	0.000000	-0.974635	0.179393
692.012150	0.131744	0.000000	0.000000	0.131744	1.000000	0.000000	0.000000	0.000000	0.000000	0.179792	0.974843	0.000000	0.000000	-0.974843	0.179792
692.444760	0.129716	0.000000	0.000000	0.129716	1.000000	0.000000	0.000000	0.000000	0.000000	0.180183	0.975039	0.000000	0.000000	-0.975039	0.180183
692.877260	0.127688	0.000000	0.000000	0.127688	1.000000	0.000000	0.000000	0.000000	0.000000	0.180574	0.975236	0.000000	0.000000	-0.975236	0.180574
693.309690	0.125673	0.000000	0.000000	0.125673	1.000000	0.000000	0.000000	0.000000	0.000000	0.180960	0.975425	0.000000	0.000000	-0.975425	0.180960
693.742000	0.123662	0.000000	0.000000	0.123662	1.000000	0.000000	0.000000	0.000000	0.000000	0.181345	0.975611	0.000000	0.000000	-0.975611	0.181345
694.174260	0.121658	0.000000	0.000000	0.121658	1.000000	0.000000	0.000000	0.000000	0.000000	0.181726	0.975793	0.000000	0.000000	-0.975793	0.181726
694.606320	0.119665	0.000000	0.000000	0.119665	1.000000	0.000000	0.000000	0.000000	0.000000	0.182104	0.975968	0.000000	0.000000	-0.975968	0.182104
695.038330	0.117674	0.000000	0.000000	0.117674	1.000000	0.000000	0.000000	0.000000	0.000000	0.182481	0.976142	0.000000	0.000000	-0.976142	0.182481
695.470280	0.115697	0.000000	0.000000	0.115697	1.000000	0.000000	0.000000	0.000000	0.000000	0.182851	0.976306	0.000000	0.000000	-0.976306	0.182851
695.902040	0.113720	0.000000	0.000000	0.113720	1.000000	0.000000	0.000000	0.000000	0.000000	0.183221	0.976471	0.000000	0.000000	-0.976471	0.183221
696.333740	0.111757	0.000000	0.000000	0.111757	1.000000	0.000000	0.000000	0.000000	0.000000	0.183585	0.976627	0.000000	0.000000	-0.976627	0.183585
696.765320	0.109797	0.000000	0.000000	0.109797	1.000000	0.000000	0.000000	0.000000	0.000000	0.183948	0.976782	0.000000	0.000000	-0.976782	0.183948
697.196840	0.107846	0.000000	0.000000	0.107846	1.000000	0.000000	0.000000	0.000000	0.000000	0.184308	0.976932	0.000000	0.000000	-0.976932	0.184308
697.628170	0.105903	0.000000	0.000000	0.105903	1.000000	0.000000	0.000000	0.000000	0.000000	0.184664	0.977076	0.000000	0.000000	-0.977076	0.184664
698.059450	0.103963	0.000000	0.000000	0.103963	1.000000	0.000000	0.000000	0.000000	0.000000	0.185019	0.977220	0.000000	0.000000	-0.977220	0.185019
698.490660	0.102037	0.000000	0.000000	0.102037	1.000000	0.000000	0.000000	0.000000	0.000000	0.185368	0.977355	0.000000	0.000000	-0.977355	0.185368
698.921690	0.100111	0.000000	0.000000	0.100111	1.000000	0.000000	0.000000	0.000000	0.000000	0.185718	0.977489	0.000000	0.000000	-0.977489	0.185718
699.352660	0.098198	0.000000	0.000000	0.098198	1.000000	0.000000	0.000000	0.000000	0.000000	0.186061	0.977617	0.000000	0.000000	-0.977617	0.186061
699.783510	0.096289	0.000000	0.000000	0.096289	1.000000	0.000000	0.000000	0.000000	0.000000	0.186404	0.977742	0.000000	0.000000	-0.977742	0.186404
700.214290	0.094388	0.000000	0.000000	0.094388	1.000000	0.000000	0.000000	0.000000	0.000000	0.186743	0.977863	0.000000	0.000000	-0.977863	0.186743
700.644960	0.092494	0.000000	0.000000	0.092494	1.000000	0.000000	0.000000	0.000000	0.000000	0.187078	0.977978	0.000000	0.000000	-0.977978	0.187078
701.075500	0.090604	0.000000	0.000000	0.090604	1.000000	0.000000	0.000000	0.000000	0.000000	0.187413	0.978093	0.000000	0.000000	-0.978093	0.187413
701.505920	0.088727	0.000000	0.000000	0.088727	1.000000	0.000000	0.000000	0.000000	0.000000	0.187742	0.978200	0.000000	0.000000	-0.978200	0.187742
701.936280	0.086851	0.000000	0.000000	0.086851	1.000000	0.000000	0.000000	0.000000	0.000000	0.188070	0.978307	0.000000	0.000000	-0.978307	0.188070
702.366520	0.084987	0.000000	0.000000	0.084987	1.000000	0.000000	0.000000	0.000000	0.000000	0.188394	0.978407	0.000000	0.000000	-0.978407	0.188394
702.796630	0.083126	0.000000	0.000000	0.083126	1.000000	0.000000	0.000000	0.000000	0.000000	0.188716	0.978505	0.000000	0.000000	-0.978505	0.188716
703.226680	0.081273	0.000000	0.000000	0.081273	1.000000	0.000000	0.000000	0.000000	0.000000	0.189036	0.978599	0.000000	0.000000	-0.978599	0.189036
703.656560	0.079429	0.000000	0.000000	0.079429	1.000000	0.000000	0.000000	0.000000	0.000000	0.189352	0.978689	0.000000	0.000000	-0.978689	0.189352
704.086430	0.077587	0.000000	0.000000	0.077587	1.000000	0.000000	0.000000	0.000000	0.000000	0.189667	0.978777	0.000000	0.000000	-0.978777	0.189667
704.516110	0.075757	0.000000	0.000000	0.075757	1.000000	0.000000	0.000000	0.000000	0.000000	0.189977	0.978859	0.000000	0.000000	-0.978859	0.189977
704.945740	0.073928	0.000000	0.000000	0.073928	1.000000	0.000000	0.000000	0.000000	0.000000	0.190287	0.978941	0.000000	0.000000	-0.978941	0.190287
705.375240	0.072112	0.000000	0.000000	0.072112	1.000000	0.000000	0.000000	0.000000	0.000000	0.190592	0.979015	0.000000	0.000000	-0.979015	0.190592
705.804630	0.070297	0.000000	0.000000	0.070297	1.000000	0.000000	0.000000	0.000000	0.000000	0.190896	0.979089	0.000000	0.000000	-0.979089	0.190896
706.233950	0.068492	0.000000	0.000000	0.068492	1.000000	0.000000	0.000000	0.000000	0.000000	0.191196	0.979158	0.000000	0.000000	-0.979158	0.191196
706.663150	0.066693	0.000000	0.000000	0.066693	1.000000	0.000000	0.000000	0.000000	0.000000	0.191494	0.979223	0.000000	0.000000	-0.979223	0.191494
707.092220	0.064898	0.000000	0.000000	0.064898	1.000000	0.000000	0.000000	0.000000	0.000000	0.191790	0.979287	0.000000	0.000000	-0.979287	0.191790
707.521180	0.063114	0.000000	0.000000	0.063114	1.000000	0.000000	0.000000	0.000000	0.000000	0.192081	0.979345	0.000000	0.000000	-0.979345	0.192081
707.950070	0.061332	0.000000	0.000000	0.061332	1.000000	0.000000	0.000000	0.000000	0.000000	0.192373	0.979403	0.000000	0.000000	-0.979403	0.192373
708.378850	0.059561	0.000000	0.000000	0.059561	1.000000	0.000000	0.000000	0.000000	0.000000	0.192659	0.979455	0.000000	0.000000	-0.979455	0.192659
708.807560	0.057793	0.000000	0.000000	0.057793	1.000000	0.000000	0.000000	0.000000	0.000000	0.192944	0.979505	0.000000	0.000000	-0.979505	0.192944
709.236080	0.056033	0.000000	0.000000	0.056033	1.000000	0.000000	0.000000	0.000000	0.000000	0.193226	0.979552	0.000000	0.000000	-0.979552	0.193226
709.664550	0.054280	0.000000	0.000000	0.054280	1.000000	0.000000	0.000000	0.000000	0.000000	0.193505	0.979594	0.000000	0.000000	-0.979594	0.193505
710.092900	0.052530	0.000000	0.000000	0.052530	1.000000	0.000000	0.000000	0.000000	0.000000	0.193783	0.979636	0.000000	0.000000	-0.979636	0.193783
710.521180	0.050791	0.000000	0.000000	0.050791	1.000000	0.000000	0.000000	0.000000	0.000000	0.194058	0.979672	0.000000	0.000000	-0.979672	0.194058
710.949340	0.049053	0.000000	0.000000	0.049053	1.000000	0.000000	0.000000	0.000000	0.000000	0.194332	0.979709	0.000000	0.000000	-0.979709	0.194332
711.377380	0.047327	0.000000	0.000000	0.047327	1.000000	0.000000	0.000000	0.000000	0.000000	0.194600	0.979739	0.000000	0.000000	-0.979739	0.194600
711.805300	0.045603	0.000000	0.000000	0.045603	1.000000	0.000000	0.000000	0.000000	0.000000	0.194868	0.979768	0.000000	0.000000	-0.979768	0.194868
712.233150	0.043887	0.000000	0.000000	0.043887	1.000000	0.000000	0.000000	0.000000	0.000000	0.195133	0.979793	0.000000	0.000000	-0.979793	0.195133
712.660890	0.042178	0.000000	0.000000	0.042178	1.000000	0.000000	0.000000	0.000000	0.000000	0.195394	0.979815	0.000000	0.000000	-0.979815	0.195394
713.088500	0.040472	0.000000	0.000000	0.040472	1.000000	0.000000	0.000000	0.000000	0.000000	0.195655	0.979836	0.000000	0.000000	-0.979836	0.195655
713.516050	0.038777	0.000000	0.000000	0.038777	1.000000	0.000000	0.000000	0.000000	0.000000	0.195911	0.979853	0.000000	0.000000	-0.979853	0.195911
713.943480	0.037082	0.000000	0.000000	0.037082	1.000000	0.000000	0.000000	0.000000	0.000000	0.196167	0.979869	0.000000	0.000000	-0.979869	0.196167
714.370790	0.035400	0.000000	0.000000	0.035400	1.000000	0.000000	0.000000	0.000000	0.000000	0.196419	0.979879	0.000000	0.000000	-0.979879	0.196419
714.798030	0.033719	0.000000	0.000000	0.033719	1.000000	0.000000	0.000000	0.000000	0.000000	0.196669	0.979889	0.000000	0.000000	-0.979889	0.196669
715.225100	0.032046	0.000000	0.000000	0.032046	1.000000	0.000000	0.000000	0.000000	0.000000	0.196918	0.979895	0.000000	0.000000	-0.979895	0.196918
715.652100	0.030379	0.000000	0.000000	0.030379	1.000000	0.000000	0.000000	0.000000	0.000000	0.197164	0.979898	0.000000	0.000000	-0.979898	0.197164
716.079040	0.028715	0.000000	0.000000	0.028715	1.000000	0.000000	0.000000	0.000000	0.000000	0.197408	0.979900	0.000000	0.000000	-0.979900	0.197408
716.505800	0.027062	0.000000	0.000000	0.027062	1.000000	0.000000	0.000000	0.000000	0.000000	0.197648	0.979897	0.000000	0.000000	-0.979897	0.197648
716.932500	0.025409	0.000000	0.000000	0.025409	1.000000	0.000000	0.000000	0.000000	0.000000	0.197888	0.979894	0.000000	0.000000	-0.979894	0.197888
717.359130	0.023768	0.000000	0.000000	0.023768	1.000000	0.000000	0.000000	0.000000	0.000000	0.198124	0.979887	0.000000	0.000000	-0.979887	0.198124
717.785580	0.022129	0.000000	0.000000	0.022129	1.000000	0.000000	0.000000	0.000000	0.000000	0.198358	0.979878	0.000000	0.000000	-0.979878	0.198358
718.211980	0.020497	0.000000	0.000000	0.020497	1.000000	0.000000	0.000000	0.000000	0.000000	0.198590	0.979867	0.000000	0.000000	-0.979867	0.198590
718.638240	0.018871	0.000000	0.000000	0.018871	1.000000	0.000000	0.000000	0.000000	0.000000	0.198819	0.979852	0.000000	0.000000	-0.979852	0.198819
719.064450	0.017248	0.000000	0.000000	0.017248	1.000000	0.000000	0.000000	0.000000	0.000000	0.199048	0.979837	0.000000	0.000000	-0.979837	0.199048
719.490480	0.015637	0.000000	0.000000	0.015637	1.000000	0.000000	0.000000	0.000000	0.000000	0.199272	0.979817	0.000000	0.000000	-0.979817	0.199272
719.916440	0.014025	0.000000	0.000000	0.014025	1.000000	0.000000	0.000000	0.000000	0.000000	0.199497	0.979798	0.000000	0.000000	-0.979798	0.199497
720.342350	0.012424	0.000000	0.000000	0.012424	1.000000	0.000000	0.000000	0.000000	0.000000	0.199717	0.979773	0.000000	0.000000	-0.979773	0.199717
720.768070	0.010826	0.000000	0.000000	0.010826	1.000000	0.000000	0.000000	0.000000	0.000000	0.199936	0.979748	0.000000	0.000000	-0.979748	0.199936
721.193730	0.009233	0.000000	0.000000	0.009233	1.000000	0.000000	0.000000	0.000000	0.000000	0.200152	0.979720	0.000000	0.000000	-0.979720	0.200152
721.619260	0.007648	0.000000	0.000000	0.007648	1.000000	0.000000	0.000000	0.000000	0.000000	0.200366	0.979689	0.000000	0.000000	-0.979689	0.200366
722.044740	0.006065	0.000000	0.000000	0.006065	1.000000	0.000000	0.000000	0.000000	0.000000	0.200580	0.979658	0.000000	0.000000	-0.979658	0.200580
722.470030	0.004492	0.000000	0.000000	0.004492	1.000000	0.000000	0.000000	0.000000	0.000000	0.200789	0.979623	0.000000	0.000000	-0.979623	0.200789
722.895260	0.002920	0.000000	0.000000	0.002920	1.000000	0.000000	0.000000	0.000000	0.000000	0.200998	0.979587	0.000000	0.000000	-0.979587	0.200998
723.320430	0.001358	0.000000	0.000000	0.001358	1.000000	0.000000	0.000000	0.000000	0.000000	0.201203	0.979547	0.000000	0.000000	-0.979547	0.201203
723.745420	-0.000201	0.000000	0.000000	-0.000201	1.000000	0.000000	0.000000	0.000000	0.000000	0.201407	0.979506	0.000000	0.000000	-0.979506	0.201407
724.170350	-0.001755	0.000000	0.000000	-0.001755	1.000000	0.000000	0.000000	0.000000	0.000000	0.201609	0.979464	0.000000	0.000000	-0.979464	0.201609
724.595210	-0.003302	0.000000	0.000000	-0.003302	1.000000	0.000000	0.000000	0.000000	0.000000	0.201808	0.979418	0.000000	0.000000	-0.979418	0.201808
725.019900	-0.004847	0.000000	0.000000	-0.004847	1.000000	0.000000	0.000000	0.000000	0.000000	0.202006	0.979372	0.000000	0.000000	-0.979372	0.202006
725.444520	-0.006381	0.000000	0.000000	-0.006381	1.000000	0.000000	0.000000	0.000000	0.000000	0.202201	0.979322	0.000000	0.000000	-0.979322	0.202201
725.869020	-0.007914	0.000000	0.000000	-0.007914	1.000000	0.000000	0.000000	0.000000	0.000000	0.202396	0.979271	0.000000	0.000000	-0.979271	0.202396
726.293460	-0.009439	0.000000	0.000000	-0.009439	1.000000	0.000000	0.000000	0.000000	0.000000	0.202587	0.979218	0.000000	0.000000	-0.979218	0.202587
726.717710	-0.010960	0.000000	0.000000	-0.010960	1.000000	0.000000	0.000000	0.000000	0.000000	0.202777	0.979163	0.000000	0.000000	-0.979163	0.202777
727.141910	-0.012477	0.000000	0.000000	-0.012477	1.000000	0.000000	0.000000	0.000000	0.000000	0.202965	0.979106	0.000000	0.000000	-0.979106	0.202965
727.566040	-0.013986	0.000000	0.000000	-0.013986	1.000000	0.000000	0.000000	0.000000	0.000000	0.203150	0.979046	0.000000	0.000000	-0.979046	0.203150
727.989990	-0.015494	0.000000	0.000000	-0.015494	1.000000	0.000000	0.000000	0.000000	0.000000	0.203335	0.978986	0.000000	0.000000	-0.978986	0.203335
728.413880	-0.016991	0.000000	0.000000	-0.016991	1.000000	0.000000	0.000000	0.000000	0.000000	0.203515	0.978923	0.000000	0.000000	-0.978923	0.203515
728.837650	-0.018487	0.000000	0.000000	-0.018487	1.000000	0.000000	0.000000	0.000000	0.000000	0.203696	0.978859	0.000000	0.000000	-0.978859	0.203696
729.261350	-0.019976	0.000000	0.000000	-0.019976	1.000000	0.000000	0.000000	0.000000	0.000000	0.203873	0.978792	0.000000	0.000000	-0.978792	0.203873
729.684880	-0.021460	0.000000	0.000000	-0.021460	1.000000	0.000000	0.000000	0.000000	0.000000	0.204049	0.978724	0.000000	0.000000	-0.978724	0.204049
730.108340	-0.022941	0.000000	0.000000	-0.022941	1.000000	0.000000	0.000000	0.000000	0.000000	0.204224	0.978654	0.000000	0.000000	-0.978654	0.204224
730.531740	-0.024413	0.000000	0.000000	-0.024413	1.000000	0.000000	0.000000	0.000000	0.000000	0.204395	0.978582	0.000000	0.000000	-0.978582	0.204395
730.954960	-0.025884	0.000000	0.000000	-0.025884	1.000000	0.000000	0.000000	0.000000	0.000000	0.204567	0.978510	0.000000	0.000000	-0.978510	0.204567
731.378110	-0.027346	0.000000	0.000000	-0.027346	1.000000	0.000000	0.000000	0.000000	0.000000	0.204734	0.978434	0.000000	0.000000	-0.978434	0.204734
731.801210	-0.028806	0.000000	0.000000	-0.028806	1.000000	0.000000	0.000000	0.000000	0.000000	0.204901	0.978358	0.000000	0.000000	-0.978358	0.204901
732.224120	-0.030260	0.000000	0.000000	-0.030260	1.000000	0.000000	0.000000	0.000000	0.000000	0.205066	0.978279	0.000000	0.000000	-0.978279	0.205066
732.646970	-0.031708	0.000000	0.000000	-0.031708	1.000000	0.000000	0.000000	0.000000	0.000000	0.205228	0.978199	0.000000	0.000000	-0.978199	0.205228
733.069700	-0.033154	0.000000	0.000000	-0.033154	1.000000	0.000000	0.000000	0.000000	0.000000	0.205390	0.978118	0.000000	0.000000	-0.978118	0.205390
733.492310	-0.034591	0.000000	0.000000	-0.034591	1.000000	0.000000	0.000000	0.000000	0.000000	0.205548	0.978034	0.000000	0.000000	-0.978034	0.205548
733.914860	-0.036028	0.000000	0.000000	-0.036028	1.000000	0.000000	0.000000	0.000000	0.000000	0.205706	0.977950	0.000000	0.000000	-0.977950	0.205706
734.337280	-0.037455	0.000000	0.000000	-0.037455	1.000000	0.000000	0.000000	0.000000	0.000000	0.205861	0.977863	0.000000	0.000000	-0.977863	0.205861
734.759580	-0.038880	0.000000	0.000000	-0.038880	1.000000	0.000000	0.000000	0.000000	0.000000	0.206015	0.977775	0.000000	0.000000	-0.977775	0.206015
735.181820	-0.040300	0.000000	0.000000	-0.040300	1.000000	0.000000	0.000000	0.000000	0.000000	0.206167	0.977686	0.000000	0.000000	-0.977686	0.206167
735.603940	-0.041713	0.000000	0.000000	-0.041713	1.000000	0.000000	0.000000	0.000000	0.000000	0.206317	0.977595	0.000000	0.000000	-0.977595	0.206317
736.025940	-0.043125	0.000000	0.000000	-0.043125	1.000000	0.000000	0.000000	0.000000	0.000000	0.206466	0.977503	0.000000	0.000000	-0.977503	0.206466
736.447810	-0.044528	0.000000	0.000000	-0.044528	1.000000	0.000000	0.000000	0.000000	0.000000	0.206611	0.977408	0.000000	0.000000	-0.977408	0.206611
736.869630	-0.045931	0.000000	0.000000	-0.045931	1.000000	0.000000	0.000000	0.000000	0.000000	0.206757	0.977313	0.000000	0.000000	-0.977313	0.206757
737.291320	-0.047325	0.000000	0.000000	-0.047325	1.000000	0.000000	0.000000	0.000000	0.000000	0.206900	0.977216	0.000000	0.000000	-0.977216	0.206900
737.712950	-0.048716	0.000000	0.000000	-0.048716	1.000000	0.000000	0.000000	0.000000	0.000000	0.207042	0.977117	0.000000	0.000000	-0.977117	0.207042
738.134400	-0.050103	0.000000	0.000000	-0.050103	1.000000	0.000000	0.000000	0.000000	0.000000	0.207182	0.977018	0.000000	0.000000	-0.977018	0.207182
738.555790	-0.051483	0.000000	0.000000	-0.051483	1.000000	0.000000	0.000000	0.000000	0.000000	0.207319	0.976916	0.000000	0.000000	-0.976916	0.207319
738.977050	-0.052863	0.000000	0.000000	-0.052863	1.000000	0.000000	0.000000	0.000000	0.000000	0.207457	0.976815	0.000000	0.000000	-0.976815	0.207457
739.398250	-0.054233	0.000000	0.000000	-0.054233	1.000000	0.000000	0.000000	0.000000	0.000000	0.207591	0.976710	0.000000	0.000000	-0.976710	0.207591
739.819340	-0.055602	0.000000	0.000000	-0.055602	1.000000	0.000000	0.000000	0.000000	0.000000	0.207725	0.976605	0.000000	0.000000	-0.976605	0.207725
740.240300	-0.056964	0.000000	0.000000	-0.056964	1.000000	0.000000	0.000000	0.000000	0.000000	0.207856	0.976498	0.000000	0.000000	-0.976498	0.207856
740.661130	-0.058322	0.000000	0.000000	-0.058322	1.000000	0.000000	0.000000	0.000000	0.000000	0.207985	0.976391	0.000000	0.000000	-0.976391	0.207985
741.081910	-0.059678	0.000000	0.000000	-0.059678	1.000000	0.000000	0.000000	0.000000	0.000000	0.208114	0.976282	0.000000	0.000000	-0.976282	0.208114
741.502560	-0.061026	0.000000	0.000000	-0.061026	1.000000	0.000000	0.000000	0.000000	0.000000	0.208240	0.976171	0.000000	0.000000	-0.976171	0.208240
741.923100	-0.062374	0.000000	0.000000	-0.062374	1.000000	0.000000	0.000000	0.000000	0.000000	0.208366	0.976059	0.000000	0.000000	-0.976059	0.208366
742.343570	-0.063713	0.000000	0.000000	-0.063713	1.000000	0.000000	0.000000	0.000000	0.000000	0.208489	0.975946	0.000000	0.000000	-0.975946	0.208489
742.763850	-0.065049	0.000000	0.000000	-0.065049	1.000000	0.000000	0.000000	0.000000	0.000000	0.208611	0.975832	0.000000	0.000000	-0.975832	0.208611
743.184140	-0.066381	0.000000	0.000000	-0.066381	1.000000	0.000000	0.000000	0.000000	0.000000	0.208731	0.975717	0.000000	0.000000	-0.975717	0.208731
743.604250	-0.067708	0.000000	0.000000	-0.067708	1.000000	0.000000	0.000000	0.000000	0.000000	0.208849	0.975600	0.000000	0.000000	-0.975600	0.208849
744.024290	-0.069033	0.000000	0.000000	-0.069033	1.000000	0.000000	0.000000	0.000000	0.000000	0.208967	0.975483	0.000000	0.000000	-0.975483	0.208967
744.444210	-0.070349	0.000000	0.000000	-0.070349	1.000000	0.000000	0.000000	0.000000	0.000000	0.209082	0.975363	0.000000	0.000000	-0.975363	0.209082
744.864010	-0.071665	0.000000	0.000000	-0.071665	1.000000	0.000000	0.000000	0.000000	0.000000	0.209197	0.975244	0.000000	0.000000	-0.975244	0.209197
745.283750	-0.072974	0.000000	0.000000	-0.072974	1.000000	0.000000	0.000000	0.000000	0.000000	0.209309	0.975122	0.000000	0.000000	-0.975122	0.209309
745.703370	-0.074279	0.000000	0.000000	-0.074279	1.000000	0.000000	0.000000	0.000000	0.000000	0.209420	0.975000	0.000000	0.000000	-0.975000	0.209420
746.122860	-0.075581	0.000000	0.000000	-0.075581	1.000000	0.000000	0.000000	0.000000	0.000000	0.209529	0.974876	0.000000	0.000000	-0.974876	0.209529
746.542240	-0.076876	0.000000	0.000000	-0.076876	1.000000	0.000000	0.000000	0.000000	0.000000	0.209636	0.974751	0.000000	0.000000	-0.974751	0.209636
746.961550	-0.078171	0.000000	0.000000	-0.078171	1.000000	0.000000	0.000000	0.000000	0.000000	0.209742	0.974626	0.000000	0.000000	-0.974626	0.209742
747.380740	-0.079458	0.000000	0.000000	-0.079458	1.000000	0.000000	0.000000	0.000000	0.000000	0.209846	0.974499	0.000000	0.000000	-0.974499	0.209846
747.799870	-0.080743	0.000000	0.000000	-0.080743	1.000000	0.000000	0.000000	0.000000	0.000000	0.209950	0.974371	0.000000	0.000000	-0.974371	0.209950
748.218810	-0.082023	0.000000	0.000000	-0.082023	1.000000	0.000000	0.000000	0.000000	0.000000	0.210052	0.974242	0.000000	0.000000	-0.974242	0.210052
748.637700	-0.083299	0.000000	0.000000	-0.083299	1.000000	0.000000	0.000000	0.000000	0.000000	0.210152	0.974112	0.000000	0.000000	-0.974112	0.210152
749.056520	-0.084573	0.000000	0.000000	-0.084573	1.000000	0.000000	0.000000	0.000000	0.000000	0.210252	0.973982	0.000000	0.000000	-0.973982	0.210252
749.475160	-0.085838	0.000000	0.000000	-0.085838	1.000000	0.000000	0.000000	0.000000	0.000000	0.210349	0.973850	0.000000	0.000000	-0.973850	0.210349
749.893740	-0.087103	0.000000	0.000000	-0.087103	1.000000	0.000000	0.000000	0.000000	0.000000	0.210445	0.973718	0.000000	0.000000	-0.973718	0.210445
750.312190	-0.088361	0.000000	0.000000	-0.088361	1.000000	0.000000	0.000000	0.000000	0.000000	0.210539	0.973583	0.000000	0.000000	-0.973583	0.210539
750.730590	-0.089616	0.000000	0.000000	-0.089616	1.000000	0.000000	0.000000	0.000000	0.000000	0.210632	0.973448	0.000000	0.000000	-0.973448	0.210632
751.148800	-0.090867	0.000000	0.000000	-0.090867	1.000000	0.000000	0.000000	0.000000	0.000000	0.210724	0.973312	0.000000	0.000000	-0.973312	0.210724
751.566960	-0.092114	0.000000	0.000000	-0.092114	1.000000	0.000000	0.000000	0.000000	0.000000	0.210814	0.973175	0.000000	0.000000	-0.973175	0.210814
751.985050	-0.093359	0.000000	0.000000	-0.093359	1.000000	0.000000	0.000000	0.000000	0.000000	0.210904	0.973038	0.000000	0.000000	-0.973038	0.210904
752.402950	-0.094596	0.000000	0.000000	-0.094596	1.000000	0.000000	0.000000	0.000000	0.000000	0.210990	0.972899	0.000000	0.000000	-0.972899	0.210990
752.820800	-0.095832	0.000000	0.000000	-0.095832	1.000000	0.000000	0.000000	0.000000	0.000000	0.211077	0.972760	0.000000	0.000000	-0.972760	0.211077
753.238530	-0.097063	0.000000	0.000000	-0.097063	1.000000	0.000000	0.000000	0.000000	0.000000	0.211162	0.972619	0.000000	0.000000	-0.972619	0.211162
753.656190	-0.098290	0.000000	0.000000	-0.098290	1.000000	0.000000	0.000000	0.000000	0.000000	0.211245	0.972478	0.000000	0.000000	-0.972478	0.211245
754.073730	-0.099515	0.000000	0.000000	-0.099515	1.000000	0.000000	0.000000	0.000000	0.000000	0.211328	0.972336	0.000000	0.000000	-0.972336	0.211328
754.491150	-0.100732	0.000000	0.000000	-0.100732	1.000000	0.000000	0.000000	0.000000	0.000000	0.211408	0.972192	0.000000	0.000000	-0.972192	0.211408
754.908450	-0.101949	0.000000	0.000000	-0.101949	1.000000	0.000000	0.000000	0.000000	0.000000	0.211488	0.972048	0.000000	0.000000	-0.972048	0.211488
755.325680	-0.103159	0.000000	0.000000	-0.103159	1.000000	0.000000	0.000000	0.000000	0.000000	0.211565	0.971903	0.000000	0.000000	-0.971903	0.211565
755.742800	-0.104368	0.000000	0.000000	-0.104368	1.000000	0.000000	0.000000	0.000000	0.000000	0.211642	0.971758	0.000000	0.000000	-0.971758	0.211642
756.159790	-0.105573	0.000000	0.000000	-0.105573	1.000000	0.000000	0.000000	0.000000	0.000000	0.211717	0.971611	0.000000	0.000000	-0.971611	0.211717
756.576720	-0.106772	0.000000	0.000000	-0.106772	1.000000	0.000000	0.000000	0.000000	0.000000	0.211791	0.971464	0.000000	0.000000	-0.971464	0.211791
756.993470	-0.107970	0.000000	0.000000	-0.107970	1.000000	0.000000	0.000000	0.000000	0.000000	0.211865	0.971316	0.000000	0.000000	-0.971316	0.211865
757.410220	-0.109161	0.000000	0.000000	-0.109161	1.000000	0.000000	0.000000	0.000000	0.000000	0.211935	0.971167	0.000000	0.000000	-0.971167	0.211935
757.826780	-0.110350	0.000000	0.000000	-0.110350	1.000000	0.000000	0.000000	0.000000	0.000000	0.212006	0.971017	0.000000	0.000000	-0.971017	0.212006
758.243290	-0.111535	0.000000	0.000000	-0.111535	1.000000	0.000000	0.000000	0.000000	0.000000	0.212074	0.970867	0.000000	0.000000	-0.970867	0.212074
758.659670	-0.112716	0.000000	0.000000	-0.112716	1.000000	0.000000	0.000000	0.000000	0.000000	0.212142	0.970716	0.000000	0.000000	-0.970716	0.212142
759.075930	-0.113895	0.000000	0.000000	-0.113895	1.000000	0.000000	0.000000	0.000000	0.000000	0.212209	0.970564	0.000000	0.000000	-0.970564	0.212209
759.492130	-0.115067	0.000000	0.000000	-0.115067	1.000000	0.000000	0.000000	0.000000	0.000000	0.212273	0.970411	0.000000	0.000000	-0.970411	0.212273
759.908140	-0.116238	0.000000	0.000000	-0.116238	1.000000	0.000000	0.000000	0.000000	0.000000	0.212338	0.970258	0.000000	0.000000	-0.970258	0.212338
760.324160	-0.117403	0.000000	0.000000	-0.117403	1.000000	0.000000	0.000000	0.000000	0.000000	0.212400	0.970103	0.000000	0.000000	-0.970103	0.212400
760.739990	-0.118566	0.000000	0.000000	-0.118566	1.000000	0.000000	0.000000	0.000000	0.000000	0.212462	0.969949	0.000000	0.000000	-0.969949	0.212462
761.155760	-0.119726	0.000000	0.000000	-0.119726	1.000000	0.000000	0.000000	0.000000	0.000000	0.212522	0.969793	0.000000	0.000000	-0.969793	0.212522
761.571410	-0.120880	0.000000	0.000000	-0.120880	1.000000	0.000000	0.000000	0.000000	0.000000	0.212581	0.969637	0.000000	0.000000	-0.969637	0.212581
761.986940	-0.122035	0.000000	0.000000	-0.122035	1.000000	0.000000	0.000000	0.000000	0.000000	0.212639	0.969480	0.000000	0.000000	-0.969480	0.212639
762.402400	-0.123181	0.000000	0.000000	-0.123181	1.000000	0.000000	0.000000	0.000000	0.000000	0.212695	0.969322	0.000000	0.000000	-0.969322	0.212695
762.817750	-0.124326	0.000000	0.000000	-0.124326	1.000000	0.000000	0.000000	0.000000	0.000000	0.212750	0.969164	0.000000	0.000000	-0.969164	0.212750
763.232970	-0.125467	0.000000	0.000000	-0.125467	1.000000	0.000000	0.000000	0.000000	0.000000	0.212804	0.969005	0.000000	0.000000	-0.969005	0.212804
763.648130	-0.126605	0.000000	0.000000	-0.126605	1.000000	0.000000	0.000000	0.000000	0.000000	0.212857	0.968845	0.000000	0.000000	-0.968845	0.212857
764.063170	-0.127741	0.000000	0.000000	-0.127741	1.000000	0.000000	0.000000	0.000000	0.000000	0.212910	0.968685	0.000000	0.000000	-0.968685	0.212910
764.478090	-0.128870	0.000000	0.000000	-0.128870	1.000000	0.000000	0.000000	0.000000	0.000000	0.212959	0.968524	0.000000	0.000000	-0.968524	0.212959
764.892880	-0.129999	0.000000	0.000000	-0.129999	1.000000	0.000000	0.000000	0.000000	0.000000	0.213009	0.968363	0.000000	0.000000	-0.968363	0.213009
765.307620	-0.131121	0.000000	0.000000	-0.131121	1.000000	0.000000	0.000000	0.000000	0.000000	0.213057	0.968200	0.000000	0.000000	-0.968200	0.213057
765.722230	-0.132241	0.000000	0.000000	-0.132241	1.000000	0.000000	0.000000	0.000000	0.000000	0.213104	0.968038	0.000000	0.000000	-0.968038	0.213104
766.136720	-0.133359	0.000000	0.000000	-0.133359	1.000000	0.000000	0.000000	0.000000	0.000000	0.213150	0.967875	0.000000	0.000000	-0.967875	0.213150
766.551150	-0.134471	0.000000	0.000000	-0.134471	1.000000	0.000000	0.000000	0.000000	0.000000	0.213194	0.967711	0.000000	0.000000	-0.967711	0.213194
766.965450	-0.135582	0.000000	0.000000	-0.135582	1.000000	0.000000	0.000000	0.000000	0.000000	0.213238	0.967547	0.000000	0.000000	-0.967547	0.213238
767.379640	-0.136687	0.000000	0.000000	-0.136687	1.000000	0.000000	0.000000	0.000000	0.000000	0.213280	0.967381	0.000000	0.000000	-0.967381	0.213280
767.793700	-0.137791	0.000000	0.000000	-0.137791	1.000000	0.000000	0.000000	0.000000	0.000000	0.213322	0.967216	0.000000	0.000000	-0.967216	0.213322
768.207700	-0.138891	0.000000	0.000000	-0.138891	1.000000	0.000000	0.000000	0.000000	0.000000	0.213363	0.967049	0.000000	0.000000	-0.967049	0.213363
768.621580	-0.139986	0.000000	0.000000	-0.139986	1.000000	0.000000	0.000000	0.000000	0.000000	0.213402	0.966883	0.000000	0.000000	-0.966883	0.213402
769.035400	-0.141081	0.000000	0.000000	-0.141081	1.000000	0.000000	0.000000	0.000000	0.000000	0.213441	0.966716	0.000000	0.000000	-0.966716	0.213441
769.449040	-0.142169	0.000000	0.000000	-0.142169	1.000000	0.000000	0.000000	0.000000	0.000000	0.213477	0.966548	0.000000	0.000000	-0.966548	0.213477
769.862610	-0.143257	0.000000	0.000000	-0.143257	1.000000	0.000000	0.000000	0.000000	0.000000	0.213512	0.966380	0.000000	0.000000	-0.966380	0.213512
770.276060	-0.144339	0.000000	0.000000	-0.144339	1.000000	0.000000	0.000000	0.000000	0.000000	0.213547	0.966211	0.000000	0.000000	-0.966211	0.213547
770.689450	-0.145419	0.000000	0.000000	-0.145419	1.000000	0.000000	0.000000	0.000000	0.000000	0.213581	0.966041	0.000000	0.000000	-0.966041	0.213581
771.102720	-0.146497	0.000000	0.000000	-0.146497	1.000000	0.000000	0.000000	0.000000	0.000000	0.213615	0.965871	0.000000	0.000000	-0.965871	0.213615
771.515870	-0.147569	0.000000	0.000000	-0.147569	1.000000	0.000000	0.000000	0.000000	0.000000	0.213646	0.965700	0.000000	0.000000	-0.965700	0.213646
771.928890	-0.148640	0.000000	0.000000	-0.148640	1.000000	0.000000	0.000000	0.000000	0.000000	0.213677	0.965529	0.000000	0.000000	-0.965529	0.213677
772.341860	-0.149706	0.000000	0.000000	-0.149706	1.000000	0.000000	0.000000	0.000000	0.000000	0.213706	0.965358	0.000000	0.000000	-0.965358	0.213706
772.754700	-0.150770	0.000000	0.000000	-0.150770	1.000000	0.000000	0.000000	0.000000	0.000000	0.213734	0.965186	0.000000	0.000000	-0.965186	0.213734
773.167420	-0.151831	0.000000	0.000000	-0.151831	1.000000	0.000000	0.000000	0.000000	0.000000	0.213762	0.965014	0.000000	0.000000	-0.965014	0.213762
773.580080	-0.152887	0.000000	0.000000	-0.152887	1.000000	0.000000	0.000000	0.000000	0.000000	0.213788	0.964841	0.000000	0.000000	-0.964841	0.213788
773.992610	-0.153943	0.000000	0.000000	-0.153943	1.000000	0.000000	0.000000	0.000000	0.000000	0.213815	0.964668	0.000000	0.000000	-0.964668	0.213815
774.405030	-0.154992	0.000000	0.000000	-0.154992	1.000000	0.000000	0.000000	0.000000	0.000000	0.213838	0.964494	0.000000	0.000000	-0.964494	0.213838
774.817320	-0.156041	0.000000	0.000000	-0.156041	1.000000	0.000000	0.000000	0.000000	0.000000	0.213862	0.964320	0.000000	0.000000	-0.964320	0.213862
775.229550	-0.157086	0.000000	0.000000	-0.157086	1.000000	0.000000	0.000000	0.000000	0.000000	0.213884	0.964145	0.000000	0.000000	-0.964145	0.213884
775.641660	-0.158127	0.000000	0.000000	-0.158127	1.000000	0.000000	0.000000	0.000000	0.000000	0.213905	0.963970	0.000000	0.000000	-0.963970	0.213905
776.053650	-0.159167	0.000000	0.000000	-0.159167	1.000000	0.000000	0.000000	0.000000	0.000000	0.213926	0.963795	0.000000	0.000000	-0.963795	0.213926
776.465580	-0.160201	0.000000	0.000000	-0.160201	1.000000	0.000000	0.000000	0.000000	0.000000	0.213945	0.963619	0.000000	0.000000	-0.963619	0.213945
776.877380	-0.161234	0.000000	0.000000	-0.161234	1.000000	0.000000	0.000000	0.000000	0.000000	0.213964	0.963442	0.000000	0.000000	-0.963442	0.213964
777.289060	-0.162263	0.000000	0.000000	-0.162263	1.000000	0.000000	0.000000	0.000000	0.000000	0.213981	0.963266	0.000000	0.000000	-0.963266	0.213981
777.700680	-0.163289	0.000000	0.000000	-0.163289	1.000000	0.000000	0.000000	0.000000	0.000000	0.213997	0.963089	0.000000	0.000000	-0.963089	0.213997
778.112180	-0.164313	0.000000	0.000000	-0.164313	1.000000	0.000000	0.000000	0.000000	0.000000	0.214013	0.962911	0.000000	0.000000	-0.962911	0.214013
778.523560	-0.165332	0.000000	0.000000	-0.165332	1.000000	0.000000	0.000000	0.000000	0.000000	0.214027	0.962733	0.000000	0.000000	-0.962733	0.214027
778.934810	-0.166351	0.000000	0.000000	-0.166351	1.000000	0.000000	0.000000	0.000000	0.000000	0.214042	0.962555	0.000000	0.000000	-0.962555	0.214042
779.346010	-0.167365	0.000000	0.000000	-0.167365	1.000000	0.000000	0.000000	0.000000	0.000000	0.214054	0.962376	0.000000	0.000000	-0.962376	0.214054
779.757080	-0.168376	0.000000	0.000000	-0.168376	1.000000	0.000000	0.000000	0.000000	0.000000	0.214066	0.962198	0.000000	0.000000	-0.962198	0.214066
780.168030	-0.169385	0.000000	0.000000	-0.169385	1.000000	0.000000	0.000000	0.000000	0.000000	0.214077	0.962018	0.000000	0.000000	-0.962018	0.214077
780.578920	-0.170389	0.000000	0.000000	-0.170389	1.000000	0.000000	0.000000	0.000000	0.000000	0.214087	0.961838	0.000000	0.000000	-0.961838	0.214087
780.989690	-0.171394	0.000000	0.000000	-0.171394	1.000000	0.000000	0.000000	0.000000	0.000000	0.214097	0.961659	0.000000	0.000000	-0.961659	0.214097
781.400330	-0.172391	0.000000	0.000000	-0.172391	1.000000	0.000000	0.000000	0.000000	0.000000	0.214104	0.961478	0.000000	0.000000	-0.961478	0.214104
781.810850	-0.173389	0.000000	0.000000	-0.173389	1.000000	0.000000	0.000000	0.000000	0.000000	0.214112	0.961297	0.000000	0.000000	-0.961297	0.214112
782.221310	-0.174382	0.000000	0.000000	-0.174382	1.000000	0.000000	0.000000	0.000000	0.000000	0.214118	0.961116	0.000000	0.000000	-0.961116	0.214118
782.631650	-0.175373	0.000000	0.000000	-0.175373	1.000000	0.000000	0.000000	0.000000	0.000000	0.214123	0.960934	0.000000	0.000000	-0.960934	0.214123
783.041870	-0.176362	0.000000	0.000000	-0.176362	1.000000	0.000000	0.000000	0.000000	0.000000	0.214127	0.960752	0.000000	0.000000	-0.960752	0.214127
783.452030	-0.177346	0.000000	0.000000	-0.177346	1.000000	0.000000	0.000000	0.000000	0.000000	0.214130	0.960570	0.000000	0.000000	-0.960570	0.214130
783.862060	-0.178329	0.000000	0.000000	-0.178329	1.000000	0.000000	0.000000	0.000000	0.000000	0.214133	0.960388	0.000000	0.000000	-0.960388	0.214133
784.271970	-0.179308	0.000000	0.000000	-0.179308	1.000000	0.000000	0.000000	0.000000	0.000000	0.214135	0.960205	0.000000	0.000000	-0.960205	0.214135
784.681820	-0.180284	0.000000	0.000000	-0.180284	1.000000	0.000000	0.000000	0.000000	0.000000	0.214135	0.960022	0.000000	0.000000	-0.960022	0.214135
785.091490	-0.181259	0.000000	0.000000	-0.181259	1.000000	0.000000	0.000000	0.000000	0.000000	0.214136	0.959839	0.000000	0.000000	-0.959839	0.214136
785.501160	-0.182229	0.000000	0.000000	-0.182229	1.000000	0.000000	0.000000	0.000000	0.000000	0.214134	0.959655	0.000000	0.000000	-0.959655	0.214134
785.910640	-0.183198	0.000000	0.000000	-0.183198	1.000000	0.000000	0.000000	0.000000	0.000000	0.214133	0.959471	0.000000	0.000000	-0.959471	0.214133
786.320070	-0.184163	0.000000	0.000000	-0.184163	1.000000	0.000000	0.000000	0.000000	0.000000	0.214130	0.959287	0.000000	0.000000	-0.959287	0.214130
786.729370	-0.185125	0.000000	0.000000	-0.185125	1.000000	0.000000	0.000000	0.000000	0.000000	0.214127	0.959102	0.000000	0.000000	-0.959102	0.214127
787.138550	-0.186086	0.000000	0.000000	-0.186086	1.000000	0.000000	0.000000	0.000000	0.000000	0.214123	0.958917	0.000000	0.000000	-0.958917	0.214123
787.547610	-0.187042	0.000000	0.000000	-0.187042	1.000000	0.000000	0.000000	0.000000	0.000000	0.214117	0.958732	0.000000	0.000000	-0.958732	0.214117
787.956600	-0.187999	0.000000	0.000000	-0.187999	1.000000	0.000000	0.000000	0.000000	0.000000	0.214112	0.958547	0.000000	0.000000	-0.958547	0.214112
788.365480	-0.188949	0.000000	0.000000	-0.188949	1.000000	0.000000	0.000000	0.000000	0.000000	0.214104	0.958361	0.000000	0.000000	-0.958361	0.214104
788.774290	-0.189898	0.000000	0.000000	-0.189898	1.000000	0.000000	0.000000	0.000000	0.000000	0.214097	0.958175	0.000000	0.000000	-0.958175	0.214097
789.182980	-0.190844	0.000000	0.000000	-0.190844	1.000000	0.000000	0.000000	0.000000	0.000000	0.214089	0.957989	0.000000	0.000000	-0.957989	0.214089
789.591550	-0.191787	0.000000	0.000000	-0.191787	1.000000	0.000000	0.000000	0.000000	0.000000	0.214079	0.957803	0.000000	0.000000	-0.957803	0.214079
790.000000	-0.192730	0.000000	0.000000	-0.192730	1.000000	0.000000	0.000000	0.000000	0.000000	0.214069	0.957616	0.000000	0.000000	-0.957616	0.214069
790.408390	-0.193667	0.000000	0.000000	-0.193667	1.000000	0.000000	0.000000	0.000000	0.000000	0.214058	0.957429	0.000000	0.000000	-0.957429	0.214058
790.816650	-0.194603	0.000000	0.000000	-0.194603	1.000000	0.000000	0.000000	0.000000	0.000000	0.214046	0.957242	0.000000	0.000000	-0.957242	0.214046
791.224790	-0.195536	0.000000	0.000000	-0.195536	1.000000	0.000000	0.000000	0.000000	0.000000	0.214034	0.957055	0.000000	0.000000	-0.957055	0.214034
791.632810	-0.196466	0.000000	0.000000	-0.196466	1.000000	0.000000	0.000000	0.000000	0.000000	0.214021	0.956867	0.000000	0.000000	-0.956867	0.214021
792.040770	-0.197395	0.000000	0.000000	-0.197395	1.000000	0.000000	0.000000	0.000000	0.000000	0.214007	0.956679	0.000000	0.000000	-0.956679	0.214007
792.448610	-0.198319	0.000000	0.000000	-0.198319	1.000000	0.000000	0.000000	0.000000	0.000000	0.213992	0.956491	0.000000	0.000000	-0.956491	0.213992
792.856380	-0.199243	0.000000	0.000000	-0.199243	1.000000	0.000000	0.000000	0.000000	0.000000	0.213976	0.956303	0.000000	0.000000	-0.956303	0.213976
793.263980	-0.200162	0.000000	0.000000	-0.200162	1.000000	0.000000	0.000000	0.000000	0.000000	0.213960	0.956115	0.000000	0.000000	-0.956115	0.213960
793.671510	-0.201080	0.000000	0.000000	-0.201080	1.000000	0.000000	0.000000	0.000000	0.000000	0.213943	0.955926	0.000000	0.000000	-0.955926	0.213943
794.078920	-0.201996	0.000000	0.000000	-0.201996	1.000000	0.000000	0.000000	0.000000	0.000000	0.213925	0.955737	0.000000	0.000000	-0.955737	0.213925
794.486270	-0.202907	0.000000	0.000000	-0.202907	1.000000	0.000000	0.000000	0.000000	0.000000	0.213906	0.955548	0.000000	0.000000	-0.955548	0.213906
794.893490	-0.203818	0.000000	0.000000	-0.203818	1.000000	0.000000	0.000000	0.000000	0.000000	0.213887	0.955359	0.000000	0.000000	-0.955359	0.213887
795.300600	-0.204724	0.000000	0.000000	-0.204724	1.000000	0.000000	0.000000	0.000000	0.000000	0.213866	0.955169	0.000000	0.000000	-0.955169	0.213866
795.707580	-0.205629	0.000000	0.000000	-0.205629	1.000000	0.000000	0.000000	0.000000	0.000000	0.213845	0.954979	0.000000	0.000000	-0.954979	0.213845
796.114500	-0.206532	0.000000	0.000000	-0.206532	1.000000	0.000000	0.000000	0.000000	0.000000	0.213824	0.954790	0.000000	0.000000	-0.954790	0.213824
796.521300	-0.207431	0.000000	0.000000	-0.207431	1.000000	0.000000	0.000000	0.000000	0.000000	0.213801	0.954600	0.000000	0.000000	-0.954600	0.213801
796.928040	-0.208330	0.000000	0.000000	-0.208330	1.000000	0.000000	0.000000	0.000000	0.000000	0.213778	0.954410	0.000000	0.000000	-0.954410	0.213778
797.334590	-0.209224	0.000000	0.000000	-0.209224	1.000000	0.000000	0.000000	0.000000	0.000000	0.213754	0.954219	0.000000	0.000000	-0.954219	0.213754
797.741090	-0.210116	0.000000	0.000000	-0.210116	1.000000	0.000000	0.000000	0.000000	0.000000	0.213730	0.954028	0.000000	0.000000	-0.954028	0.213730
798.147460	-0.211007	0.000000	0.000000	-0.211007	1.000000	0.000000	0.000000	0.000000	0.000000	0.213705	0.953838	0.000000	0.000000	-0.953838	0.213705
798.553770	-0.211894	0.000000	0.000000	-0.211894	1.000000	0.000000	0.000000	0.000000	0.000000	0.213679	0.953646	0.000000	0.000000	-0.953646	0.213679
798.959960	-0.212781	0.000000	0.000000	-0.212781	1.000000	0.000000	0.000000	0.000000	0.000000	0.213653	0.953455	0.000000	0.000000	-0.953455	0.213653
799.366030	-0.213662	0.000000	0.000000	-0.213662	1.000000	0.000000	0.000000	0.000000	0.000000	0.213624	0.953264	0.000000	0.000000	-0.953264	0.213624
799.771970	-0.214542	0.000000	0.000000	-0.214542	1.000000	0.000000	0.000000	0.000000	0.000000	0.213596	0.953072	0.000000	0.000000	-0.953072	0.213596
800.177860	-0.215420	0.000000	0.000000	-0.215420	1.000000	0.000000	0.000000	0.000000	0.000000	0.213567	0.952881	0.000000	0.000000	-0.952881	0.213567
800.583620	-0.216295	0.000000	0.000000	-0.216295	1.000000	0.000000	0.000000	0.000000	0.000000	0.213537	0.952689	0.000000	0.000000	-0.952689	0.213537
800.989260	-0.217170	0.000000	0.000000	-0.217170	1.000000	0.000000	0.000000	0.000000	0.000000	0.213508	0.952497	0.000000	0.000000	-0.952497	0.213508
801.394780	-0.218039	0.000000	0.000000	-0.218039	1.000000	0.000000	0.000000	0.000000	0.000000	0.213476	0.952305	0.000000	0.000000	-0.952305	0.213476
801.800230	-0.218908	0.000000	0.000000	-0.218908	1.000000	0.000000	0.000000	0.000000	0.000000	0.213445	0.952113	0.000000	0.000000	-0.952113	0.213445
802.205570	-0.219774	0.000000	0.000000	-0.219774	1.000000	0.000000	0.000000	0.000000	0.000000	0.213412	0.951921	0.000000	0.000000	-0.951921	0.213412
802.610840	-0.220637	0.000000	0.000000	-0.220637	1.000000	0.000000	0.000000	0.000000	0.000000	0.213380	0.951729	0.000000	0.000000	-0.951729	0.213380
803.015990	-0.221500	0.000000	0.000000	-0.221500	1.000000	0.000000	0.000000	0.000000	0.000000	0.213347	0.951536	0.000000	0.000000	-0.951536	0.213347
803.421020	-0.222358	0.000000	0.000000	-0.222358	1.000000	0.000000	0.000000	0.000000	0.000000	0.213312	0.951344	0.000000	0.000000	-0.951344	0.213312
803.825930	-0.223215	0.000000	0.000000	-0.223215	1.000000	0.000000	0.000000	0.000000	0.000000	0.213277	0.951151	0.000000	0.000000	-0.951151	0.213277
804.230770	-0.224070	0.000000	0.000000	-0.224070	1.000000	0.000000	0.000000	0.000000	0.000000	0.213241	0.950958	0.000000	0.000000	-0.950958	0.213241
804.635440	-0.224922	0.000000	0.000000	-0.224922	1.000000	0.000000	0.000000	0.000000	0.000000	0.213205	0.950764	0.000000	0.000000	-0.950764	0.213205
805.040100	-0.225773	0.000000	0.000000	-0.225773	1.000000	0.000000	0.000000	0.000000	0.000000	0.213169	0.950571	0.000000	0.000000	-0.950571	0.213169
805.444580	-0.226619	0.000000	0.000000	-0.226619	1.000000	0.000000	0.000000	0.000000	0.000000	0.213131	0.950377	0.000000	0.000000	-0.950377	0.213131
805.849000	-0.227465	0.000000	0.000000	-0.227465	1.000000	0.000000	0.000000	0.000000	0.000000	0.213093	0.950184	0.000000	0.000000	-0.950184	0.213093
806.253300	-0.228308	0.000000	0.000000	-0.228308	1.000000	0.000000	0.000000	0.000000	0.000000	0.213054	0.949991	0.000000	0.000000	-0.949991	0.213054
806.657470	-0.229149	0.000000	0.000000	-0.229149	1.000000	0.000000	0.000000	0.000000	0.000000	0.213015	0.949797	0.000000	0.000000	-0.949797	0.213015
807.061580	-0.229988	0.000000	0.000000	-0.229988	1.000000	0.000000	0.000000	0.000000	0.000000	0.212975	0.949603	0.000000	0.000000	-0.949603	0.212975
807.465580	-0.230823	0.000000	0.000000	-0.230823	1.000000	0.000000	0.000000	0.000000	0.000000	0.212933	0.949410	0.000000	0.000000	-0.949410	0.212933
807.869450	-0.231658	0.000000	0.000000	-0.231658	1.000000	0.000000	0.000000	0.000000	0.000000	0.212891	0.949216	0.000000	0.000000	-0.949216	0.212891
808.273250	-0.232490	0.000000	0.000000	-0.232490	1.000000	0.000000	0.000000	0.000000	0.000000	0.212849	0.949022	0.000000	0.000000	-0.949022	0.212849
808.676940	-0.233319	0.000000	0.000000	-0.233319	1.000000	0.000000	0.000000	0.000000	0.000000	0.212806	0.948828	0.000000	0.000000	-0.948828	0.212806
809.080510	-0.234147	0.000000	0.000000	-0.234147	1.000000	0.000000	0.000000	0.000000	0.000000	0.212763	0.948634	0.000000	0.000000	-0.948634	0.212763
809.483950	-0.234972	0.000000	0.000000	-0.234972	1.000000	0.000000	0.000000	0.000000	0.000000	0.212719	0.948440	0.000000	0.000000	-0.948440	0.212719
809.887330	-0.235796	0.000000	0.000000	-0.235796	1.000000	0.000000	0.000000	0.000000	0.000000	0.212675	0.948245	0.000000	0.000000	-0.948245	0.212675
810.290590	-0.236616	0.000000	0.000000	-0.236616	1.000000	0.000000	0.000000	0.000000	0.000000	0.212630	0.948051	0.000000	0.000000	-0.948051	0.212630
810.693730	-0.237435	0.000000	0.000000	-0.237435	1.000000	0.000000	0.000000	0.000000	0.000000	0.212585	0.947856	0.000000	0.000000	-0.947856	0.212585
811.096800	-0.238253	0.000000	0.000000	-0.238253	1.000000	0.000000	0.000000	0.000000	0.000000	0.212539	0.947661	0.000000	0.000000	-0.947661	0.212539
811.499760	-0.239067	0.000000	0.000000	-0.239067	1.000000	0.000000	0.000000	0.000000	0.000000	0.212492	0.947467	0.000000	0.000000	-0.947467	0.212492
811.902590	-0.239880	0.000000	0.000000	-0.239880	1.000000	0.000000	0.000000	0.000000	0.000000	0.212444	0.947272	0.000000	0.000000	-0.947272	0.212444
812.305300	-0.240690	0.000000	0.000000	-0.240690	1.000000	0.000000	0.000000	0.000000	0.000000	0.212396	0.947077	0.000000	0.000000	-0.947077	0.212396
812.707950	-0.241499	0.000000	0.000000	-0.241499	1.000000	0.000000	0.000000	0.000000	0.000000	0.212347	0.946882	0.000000	0.000000	-0.946882	0.212347
813.110470	-0.242305	0.000000	0.000000	-0.242305	1.000000	0.000000	0.000000	0.000000	0.000000	0.212298	0.946687	0.000000	0.000000	-0.946687	0.212298
813.512940	-0.243108	0.000000	0.000000	-0.243108	1.000000	0.000000	0.000000	0.000000	0.000000	0.212248	0.946492	0.000000	0.000000	-0.946492	0.212248
813.915220	-0.243911	0.000000	0.000000	-0.243911	1.000000	0.000000	0.000000	0.000000	0.000000	0.212199	0.946297	0.000000	0.000000	-0.946297	0.212199
814.317440	-0.244710	0.000000	0.000000	-0.244710	1.000000	0.000000	0.000000	0.000000	0.000000	0.212147	0.946102	0.000000	0.000000	-0.946102	0.212147
814.719540	-0.245508	0.000000	0.000000	-0.245508	1.000000	0.000000	0.000000	0.000000	0.000000	0.212096	0.945907	0.000000	0.000000	-0.945907	0.212096
815.121580	-0.246304	0.000000	0.000000	-0.246304	1.000000	0.000000	0.000000	0.000000	0.000000	0.212044	0.945712	0.000000	0.000000	-0.945712	0.212044
815.523500	-0.247097	0.000000	0.000000	-0.247097	1.000000	0.000000	0.000000	0.000000	0.000000	0.211991	0.945517	0.000000	0.000000	-0.945517	0.211991
815.925290	-0.247890	0.000000	0.000000	-0.247890	1.000000	0.000000	0.000000	0.000000	0.000000	0.211939	0.945321	0.000000	0.000000	-0.945321	0.211939
816.326970	-0.248679	0.000000	0.000000	-0.248679	1.000000	0.000000	0.000000	0.000000	0.000000	0.211885	0.945126	0.000000	0.000000	-0.945126	0.211885
816.728580	-0.249466	0.000000	0.000000	-0.249466	1.000000	0.000000	0.000000	0.000000	0.000000	0.211831	0.944930	0.000000	0.000000	-0.944930	0.211831
817.130070	-0.250253	0.000000	0.000000	-0.250253	1.000000	0.000000	0.000000	0.000000	0.000000	0.211776	0.944735	0.000000	0.000000	-0.944735	0.211776
817.531430	-0.251035	0.000000	0.000000	-0.251035	1.000000	0.000000	0.000000	0.000000	0.000000	0.211721	0.944539	0.000000	0.000000	-0.944539	0.211721
817.932740	-0.251818	0.000000	0.000000	-0.251818	1.000000	0.000000	0.000000	0.000000	0.000000	0.211665	0.944344	0.000000	0.000000	-0.944344	0.211665
818.333920	-0.252597	0.000000	0.000000	-0.252597	1.000000	0.000000	0.000000	0.000000	0.000000	0.211609	0.944148	0.000000	0.000000	-0.944148	0.211609
818.734990	-0.253375	0.000000	0.000000	-0.253375	1.000000	0.000000	0.000000	0.000000	0.000000	0.211552	0.943952	0.000000	0.000000	-0.943952	0.211552
819.135930	-0.254151	0.000000	0.000000	-0.254151	1.000000	0.000000	0.000000	0.000000	0.000000	0.211494	0.943757	0.000000	0.000000	-0.943757	0.211494
819.536800	-0.254924	0.000000	0.000000	-0.254924	1.000000	0.000000	0.000000	0.000000	0.000000	0.211436	0.943561	0.000000	0.000000	-0.943561	0.211436
819.937560	-0.255697	0.000000	0.000000	-0.255697	1.000000	0.000000	0.000000	0.000000	0.000000	0.211378	0.943365	0.000000	0.000000	-0.943365	0.211378
820.338260	-0.256465	0.000000	0.000000	-0.256465	1.000000	0.000000	0.000000	0.000000	0.000000	0.211319	0.943170	0.000000	0.000000	-0.943170	0.211319
820.738770	-0.257233	0.000000	0.000000	-0.257233	1.000000	0.000000	0.000000	0.000000	0.000000	0.211259	0.942974	0.000000	0.000000	-0.942974	0.211259
821.139220	-0.257999	0.000000	0.000000	-0.257999	1.000000	0.000000	0.000000	0.000000	0.000000	0.211199	0.942778	0.000000	0.000000	-0.942778	0.211199
821.539550	-0.258762	0.000000	0.000000	-0.258762	1.000000	0.000000	0.000000	0.000000	0.000000	0.211138	0.942582	0.000000	0.000000	-0.942582	0.211138
821.939820	-0.259525	0.000000	0.000000	-0.259525	1.000000	0.000000	0.000000	0.000000	0.000000	0.211077	0.942386	0.000000	0.000000	-0.942386	0.211077
822.339970	-0.260285	0.000000	0.000000	-0.260285	1.000000	0.000000	0.000000	0.000000	0.000000	0.211015	0.942191	0.000000	0.000000	-0.942191	0.211015
822.739990	-0.261043	0.000000	0.000000	-0.261043	1.000000	0.000000	0.000000	0.000000	0.000000	0.210953	0.941995	0.000000	0.000000	-0.941995	0.210953
823.139890	-0.261800	0.000000	0.000000	-0.261800	1.000000	0.000000	0.000000	0.000000	0.000000	0.210891	0.941799	0.000000	0.000000	-0.941799	0.210891
823.539730	-0.262553	0.000000	0.000000	-0.262553	1.000000	0.000000	0.000000	0.000000	0.000000	0.210828	0.941604	0.000000	0.000000	-0.941604	0.210828
823.939450	-0.263307	0.000000	0.000000	-0.263307	1.000000	0.000000	0.000000	0.000000	0.000000	0.210765	0.941408	0.000000	0.000000	-0.941408	0.210765
824.339050	-0.264056	0.000000	0.000000	-0.264056	1.000000	0.000000	0.000000	0.000000	0.000000	0.210700	0.941212	0.000000	0.000000	-0.941212	0.210700
824.738590	-0.264805	0.000000	0.000000	-0.264805	1.000000	0.000000	0.000000	0.000000	0.000000	0.210636	0.941015	0.000000	0.000000	-0.941015	0.210636
825.138000	-0.265552	0.000000	0.000000	-0.265552	1.000000	0.000000	0.000000	0.000000	0.000000	0.210571	0.940819	0.000000	0.000000	-0.940819	0.210571
825.537290	-0.266297	0.000000	0.000000	-0.266297	1.000000	0.000000	0.000000	0.000000	0.000000	0.210505	0.940624	0.000000	0.000000	-0.940624	0.210505
825.936460	-0.267041	0.000000	0.000000	-0.267041	1.000000	0.000000	0.000000	0.000000	0.000000	0.210439	0.940428	0.000000	0.000000	-0.940428	0.210439
826.335570	-0.267781	0.000000	0.000000	-0.267781	1.000000	0.000000	0.000000	0.000000	0.000000	0.210373	0.940232	0.000000	0.000000	-0.940232	0.210373
826.734560	-0.268521	0.000000	0.000000	-0.268521	1.000000	0.000000	0.000000	0.000000	0.000000	0.210306	0.940036	0.000000	0.000000	-0.940036	0.210306
827.133420	-0.269259	0.000000	0.000000	-0.269259	1.000000	0.000000	0.000000	0.000000	0.000000	0.210238	0.939840	0.000000	0.000000	-0.939840	0.210238
827.532230	-0.269994	0.000000	0.000000	-0.269994	1.000000	0.000000	0.000000	0.000000	0.000000	0.210171	0.939644	0.000000	0.000000	-0.939644	0.210171
827.930910	-0.270729	0.000000	0.000000	-0.270729	1.000000	0.000000	0.000000	0.000000	0.000000	0.210103	0.939448	0.000000	0.000000	-0.939448	0.210103
828.329470	-0.271460	0.000000	0.000000	-0.271460	1.000000	0.000000	0.000000	0.000000	0.000000	0.210034	0.939252	0.000000	0.000000	-0.939252	0.210034
828.727970	-0.272191	0.000000	0.000000	-0.272191	1.000000	0.000000	0.000000	0.000000	0.000000	0.209964	0.939056	0.000000	0.000000	-0.939056	0.209964
829.126340	-0.272920	0.000000	0.000000	-0.272920	1.000000	0.000000	0.000000	0.000000	0.000000	0.209895	0.938860	0.000000	0.000000	-0.938860	0.209895
829.524600	-0.273646	0.000000	0.000000	-0.273646	1.000000	0.000000	0.000000	0.000000	0.000000	0.209825	0.938664	0.000000	0.000000	-0.938664	0.209825
829.922730	-0.274372	0.000000	0.000000	-0.274372	1.000000	0.000000	0.000000	0.000000	0.000000	0.209755	0.938468	0.000000	0.000000	-0.938468	0.209755
830.320800	-0.275095	0.000000	0.000000	-0.275095	1.000000	0.000000	0.000000	0.000000	0.000000	0.209683	0.938272	0.000000	0.000000	-0.938272	0.209683
830.718750	-0.275816	0.000000	0.000000	-0.275816	1.000000	0.000000	0.000000	0.000000	0.000000	0.209612	0.938076	0.000000	0.000000	-0.938076	0.209612
831.116580	-0.276536	0.000000	0.000000	-0.276536	1.000000	0.000000	0.000000	0.000000	0.000000	0.209540	0.937881	0.000000	0.000000	-0.937881	0.209540
831.514340	-0.277254	0.000000	0.000000	-0.277254	1.000000	0.000000	0.000000	0.000000	0.000000	0.209467	0.937685	0.000000	0.000000	-0.937685	0.209467
831.911930	-0.277971	0.000000	0.000000	-0.277971	1.000000	0.000000	0.000000	0.000000	0.000000	0.209395	0.937489	0.000000	0.000000	-0.937489	0.209395
832.309510	-0.278685	0.000000	0.000000	-0.278685	1.000000	0.000000	0.000000	0.000000	0.000000	0.209322	0.937293	0.000000	0.000000	-0.937293	0.209322
832.706910	-0.279397	0.000000	0.000000	-0.279397	1.000000	0.000000	0.000000	0.000000	0.000000	0.209248	0.937097	0.000000	0.000000	-0.937097	0.209248
833.104250	-0.280109	0.000000	0.000000	-0.280109	1.000000	0.000000	0.000000	0.000000	0.000000	0.209174	0.936902	0.000000	0.000000	-0.936902	0.209174
833.501460	-0.280818	0.000000	0.000000	-0.280818	1.000000	0.000000	0.000000	0.000000	0.000000	0.209099	0.936706	0.000000	0.000000	-0.936706	0.209099
833.898560	-0.281526	0.000000	0.000000	-0.281526	1.000000	0.000000	0.000000	0.000000	0.000000	0.209024	0.936510	0.000000	0.000000	-0.936510	0.209024
834.295590	-0.282231	0.000000	0.000000	-0.282231	1.000000	0.000000	0.000000	0.000000	0.000000	0.208949	0.936315	0.000000	0.000000	-0.936315	0.208949
834.692500	-0.282935	0.000000	0.000000	-0.282935	1.000000	0.000000	0.000000	0.000000	0.000000	0.208873	0.936119	0.000000	0.000000	-0.936119	0.208873
835.089290	-0.283639	0.000000	0.000000	-0.283639	1.000000	0.000000	0.000000	0.000000	0.000000	0.208797	0.935924	0.000000	0.000000	-0.935924	0.208797
835.485960	-0.284338	0.000000	0.000000	-0.284338	1.000000	0.000000	0.000000	0.000000	0.000000	0.208720	0.935728	0.000000	0.000000	-0.935728	0.208720
835.882570	-0.285038	0.000000	0.000000	-0.285038	1.000000	0.000000	0.000000	0.000000	0.000000	0.208643	0.935533	0.000000	0.000000	-0.935533	0.208643
836.279050	-0.285735	0.000000	0.000000	-0.285735	1.000000	0.000000	0.000000	0.000000	0.000000	0.208565	0.935337	0.000000	0.000000	-0.935337	0.208565
836.675480	-0.286430	0.000000	0.000000	-0.286430	1.000000	0.000000	0.000000	0.000000	0.000000	0.208488	0.935141	0.000000	0.000000	-0.935141	0.208488
837.071720	-0.287125	0.000000	0.000000	-0.287125	1.000000	0.000000	0.000000	0.000000	0.000000	0.208410	0.934946	0.000000	0.000000	-0.934946	0.208410
837.467900	-0.287817	0.000000	0.000000	-0.287817	1.000000	0.000000	0.000000	0.000000	0.000000	0.208331	0.934750	0.000000	0.000000	-0.934750	0.208331
837.864010	-0.288509	0.000000	0.000000	-0.288509	1.000000	0.000000	0.000000	0.000000	0.000000	0.208252	0.934555	0.000000	0.000000	-0.934555	0.208252
838.259950	-0.289197	0.000000	0.000000	-0.289197	1.000000	0.000000	0.000000	0.000000	0.000000	0.208172	0.934360	0.000000	0.000000	-0.934360	0.208172
838.655820	-0.289885	0.000000	0.000000	-0.289885	1.000000	0.000000	0.000000	0.000000	0.000000	0.208093	0.934165	0.000000	0.000000	-0.934165	0.208093
839.051570	-0.290571	0.000000	0.000000	-0.290571	1.000000	0.000000	0.000000	0.000000	0.000000	0.208012	0.933970	0.000000	0.000000	-0.933970	0.208012
839.447270	-0.291255	0.000000	0.000000	-0.291255	1.000000	0.000000	0.000000	0.000000	0.000000	0.207932	0.933774	0.000000	0.000000	-0.933774	0.207932
839.842770	-0.291938	0.000000	0.000000	-0.291938	1.000000	0.000000	0.000000	0.000000	0.000000	0.207851	0.933579	0.000000	0.000000	-0.933579	0.207851
840.238220	-0.292619	0.000000	0.000000	-0.292619	1.000000	0.000000	0.000000	0.000000	0.000000	0.207770	0.933384	0.000000	0.000000	-0.933384	0.207770
840.633610	-0.293299	0.000000	0.000000	-0.293299	1.000000	0.000000	0.000000	0.000000	0.000000	0.207688	0.933189	0.000000	0.000000	-0.933189	0.207688
841.028810	-0.293977	0.000000	0.000000	-0.293977	1.000000	0.000000	0.000000	0.000000	0.000000	0.207607	0.932994	0.000000	0.000000	-0.932994	0.207607
841.423950	-0.294653	0.000000	0.000000	-0.294653	1.000000	0.000000	0.000000	0.000000	0.000000	0.207524	0.932799	0.000000	0.000000	-0.932799	0.207524
841.818970	-0.295328	0.000000	0.000000	-0.295328	1.000000	0.000000	0.000000	0.000000	0.000000	0.207441	0.932603	0.000000	0.000000	-0.932603	0.207441
842.213930	-0.296001	0.000000	0.000000	-0.296001	1.000000	0.000000	0.000000	0.000000	0.000000	0.207358	0.932409	0.000000	0.000000	-0.932409	0.207358
842.608760	-0.296672	0.000000	0.000000	-0.296672	1.000000	0.000000	0.000000	0.000000	0.000000	0.207274	0.932214	0.000000	0.000000	-0.932214	0.207274
843.003480	-0.297343	0.000000	0.000000	-0.297343	1.000000	0.000000	0.000000	0.000000	0.000000	0.207190	0.932019	0.000000	0.000000	-0.932019	0.207190
843.398070	-0.298010	0.000000	0.000000	-0.298010	1.000000	0.000000	0.000000	0.000000	0.000000	0.207106	0.931824	0.000000	0.000000	-0.931824	0.207106
843.792600	-0.298677	0.000000	0.000000	-0.298677	1.000000	0.000000	0.000000	0.000000	0.000000	0.207021	0.931629	0.000000	0.000000	-0.931629	0.207021
844.187010	-0.299343	0.000000	0.000000	-0.299343	1.000000	0.000000	0.000000	0.000000	0.000000	0.206937	0.931435	0.000000	0.000000	-0.931435	0.206937
844.581300	-0.300006	0.000000	0.000000	-0.300006	1.000000	0.000000	0.000000	0.000000	0.000000	0.206851	0.931240	0.000000	0.000000	-0.931240	0.206851
844.975520	-0.300669	0.000000	0.000000	-0.300669	1.000000	0.000000	0.000000	0.000000	0.000000	0.206766	0.931045	0.000000	0.000000	-0.931045	0.206766
845.369630	-0.301329	0.000000	0.000000	-0.301329	1.000000	0.000000	0.000000	0.000000	0.000000	0.206680	0.930851	0.000000	0.000000	-0.930851	0.206680
845.763610	-0.301988	0.000000	0.000000	-0.301988	1.000000	0.000000	0.000000	0.000000	0.000000	0.206593	0.930657	0.000000	0.000000	-0.930657	0.206593
846.157470	-0.302646	0.000000	0.000000	-0.302646	1.000000	0.000000	0.000000	0.000000	0.000000	0.206506	0.930462	0.000000	0.000000	-0.930462	0.206506
846.551270	-0.303301	0.000000	0.000000	-0.303301	1.000000	0.000000	0.000000	0.000000	0.000000	0.206419	0.930268	0.000000	0.000000	-0.930268	0.206419
846.944950	-0.303956	0.000000	0.000000	-0.303956	1.000000	0.000000	0.000000	0.000000	0.000000	0.206331	0.930074	0.000000	0.000000	-0.930074	0.206331
847.338500	-0.304609	0.000000	0.000000	-0.304609	1.000000	0.000000	0.000000	0.000000	0.000000	0.206244	0.929880	0.000000	0.000000	-0.929880	0.206244
847.731990	-0.305261	0.000000	0.000000	-0.305261	1.000000	0.000000	0.000000	0.000000	0.000000	0.206156	0.929685	0.000000	0.000000	-0.929685	0.206156
848.125370	-0.305911	0.000000	0.000000	-0.305911	1.000000	0.000000	0.000000	0.000000	0.000000	0.206068	0.929491	0.000000	0.000000	-0.929491	0.206068
848.518620	-0.306559	0.000000	0.000000	-0.306559	1.000000	0.000000	0.000000	0.000000	0.000000	0.205978	0.929297	0.000000	0.000000	-0.929297	0.205978
848.911740	-0.307207	0.000000	0.000000	-0.307207	1.000000	0.000000	0.000000	0.000000	0.000000	0.205889	0.929104	0.000000	0.000000	-0.929104	0.205889
849.304810	-0.307852	0.000000	0.000000	-0.307852	1.000000	0.000000	0.000000	0.000000	0.000000	0.205799	0.928910	0.000000	0.000000	-0.928910	0.205799
849.697750	-0.308496	0.000000	0.000000	-0.308496	1.000000	0.000000	0.000000	0.000000	0.000000	0.205709	0.928716	0.000000	0.000000	-0.928716	0.205709
850.090640	-0.309139	0.000000	0.000000	-0.309139	1.000000	0.000000	0.000000	0.000000	0.000000	0.205619	0.928522	0.000000	0.000000	-0.928522	0.205619
850.483340	-0.309780	0.000000	0.000000	-0.309780	1.000000	0.000000	0.000000	0.000000	0.000000	0.205528	0.928329	0.000000	0.000000	-0.928329	0.205528
850.875980	-0.310421	0.000000	0.000000	-0.310421	1.000000	0.000000	0.000000	0.000000	0.000000	0.205438	0.928135	0.000000	0.000000	-0.928135	0.205438
851.268550	-0.311059	0.000000	0.000000	-0.311059	1.000000	0.000000	0.000000	0.000000	0.000000	0.205346	0.927941	0.000000	0.000000	-0.927941	0.205346
851.660950	-0.311695	0.000000	0.000000	-0.311695	1.000000	0.000000	0.000000	0.000000	0.000000	0.205255	0.927747	0.000000	0.000000	-0.927747	0.205255
852.053280	-0.312331	0.000000	0.000000	-0.312331	1.000000	0.000000	0.000000	0.000000	0.000000	0.205163	0.927554	0.000000	0.000000	-0.927554	0.205163
852.445500	-0.312964	0.000000	0.000000	-0.312964	1.000000	0.000000	0.000000	0.000000	0.000000	0.205071	0.927361	0.000000	0.000000	-0.927361	0.205071
852.837590	-0.313597	0.000000	0.000000	-0.313597	1.000000	0.000000	0.000000	0.000000	0.000000	0.204979	0.927168	0.000000	0.000000	-0.927168	0.204979
853.229610	-0.314228	0.000000	0.000000	-0.314228	1.000000	0.000000	0.000000	0.000000	0.000000	0.204886	0.926975	0.000000	0.000000	-0.926975	0.204886
853.621520	-0.314857	0.000000	0.000000	-0.314857	1.000000	0.000000	0.000000	0.000000	0.000000	0.204793	0.926782	0.000000	0.000000	-0.926782	0.204793
854.013310	-0.315486	0.000000	0.000000	-0.315486	1.000000	0.000000	0.000000	0.000000	0.000000	0.204700	0.926588	0.000000	0.000000	-0.926588	0.204700
854.405030	-0.316112	0.000000	0.000000	-0.316112	1.000000	0.000000	0.000000	0.000000	0.000000	0.204606	0.926395	0.000000	0.000000	-0.926395	0.204606
854.796630	-0.316738	0.000000	0.000000	-0.316738	1.000000	0.000000	0.000000	0.000000	0.000000	0.204513	0.926202	0.000000	0.000000	-0.926202	0.204513
855.188110	-0.317362	0.000000	0.000000	-0.317362	1.000000	0.000000	0.000000	0.000000	0.000000	0.204418	0.926009	0.000000	0.000000	-0.926009	0.204418
855.579530	-0.317984	0.000000	0.000000	-0.317984	1.000000	0.000000	0.000000	0.000000	0.000000	0.204324	0.925817	0.000000	0.000000	-0.925817	0.204324
855.970760	-0.318607	0.000000	0.000000	-0.318607	1.000000	0.000000	0.000000	0.000000	0.000000	0.204229	0.925624	0.000000	0.000000	-0.925624	0.204229
856.362000	-0.319226	0.000000	0.000000	-0.319226	1.000000	0.000000	0.000000	0.000000	0.000000	0.204134	0.925432	0.000000	0.000000	-0.925432	0.204134
856.753050	-0.319844	0.000000	0.000000	-0.319844	1.000000	0.000000	0.000000	0.000000	0.000000	0.204038	0.925239	0.000000	0.000000	-0.925239	0.204038
857.144040	-0.320462	0.000000	0.000000	-0.320462	1.000000	0.000000	0.000000	0.000000	0.000000	0.203943	0.925047	0.000000	0.000000	-0.925047	0.203943
857.534850	-0.321077	0.000000	0.000000	-0.321077	1.000000	0.000000	0.000000	0.000000	0.000000	0.203846	0.924855	0.000000	0.000000	-0.924855	0.203846
857.925660	-0.321692	0.000000	0.000000	-0.321692	1.000000	0.000000	0.000000	0.000000	0.000000	0.203750	0.924663	0.000000	0.000000	-0.924663	0.203750
858.316280	-0.322304	0.000000	0.000000	-0.322304	1.000000	0.000000	0.000000	0.000000	0.000000	0.203653	0.924470	0.000000	0.000000	-0.924470	0.203653
858.706850	-0.322916	0.000000	0.000000	-0.322916	1.000000	0.000000	0.000000	0.000000	0.000000	0.203556	0.924278	0.000000	0.000000	-0.924278	0.203556
859.097290	-0.323527	0.000000	0.000000	-0.323527	1.000000	0.000000	0.000000	0.000000	0.000000	0.203459	0.924086	0.000000	0.000000	-0.924086	0.203459
859.487670	-0.324135	0.000000	0.000000	-0.324135	1.000000	0.000000	0.000000	0.000000	0.000000	0.203361	0.923894	0.000000	0.000000	-0.923894	0.203361
859.877870	-0.324743	0.000000	0.000000	-0.324743	1.000000	0.000000	0.000000	0.000000	0.000000	0.203264	0.923702	0.000000	0.000000	-0.923702	0.203264
860.268010	-0.325348	0.000000	0.000000	-0.325348	1.000000	0.000000	0.000000	0.000000	0.000000	0.203165	0.923510	0.000000	0.000000	-0.923510	0.203165
860.658080	-0.325953	0.000000	0.000000	-0.325953	1.000000	0.000000	0.000000	0.000000	0.000000	0.203067	0.923319	0.000000	0.000000	-0.923319	0.203067
861.047970	-0.326557	0.000000	0.000000	-0.326557	1.000000	0.000000	0.000000	0.000000	0.000000	0.202969	0.923127	0.000000	0.000000	-0.923127	0.202969
861.437810	-0.327159	0.000000	0.000000	-0.327159	1.000000	0.000000	0.000000	0.000000	0.000000	0.202870	0.922936	0.000000	0.000000	-0.922936	0.202870
861.827510	-0.327760	0.000000	0.000000	-0.327760	1.000000	0.000000	0.000000	0.000000	0.000000	0.202771	0.922745	0.000000	0.000000	-0.922745	0.202771
862.217160	-0.328359	0.000000	0.000000	-0.328359	1.000000	0.000000	0.000000	0.000000	0.000000	0.202671	0.922553	0.000000	0.000000	-0.922553	0.202671
862.606690	-0.328957	0.000000	0.000000	-0.328957	1.000000	0.000000	0.000000	0.000000	0.000000	0.202572	0.922362	0.000000	0.000000	-0.922362	0.202572
862.996090	-0.329555	0.000000	0.000000	-0.329555	1.000000	0.000000	0.000000	0.000000	0.000000	0.202472	0.922170	0.000000	0.000000	-0.922170	0.202472
863.385380	-0.330150	0.000000	0.000000	-0.330150	1.000000	0.000000	0.000000	0.000000	0.000000	0.202372	0.921979	0.000000	0.000000	-0.921979	0.202372
863.774600	-0.330745	0.000000	0.000000	-0.330745	1.000000	0.000000	0.000000	0.000000	0.000000	0.202271	0.921788	0.000000	0.000000	-0.921788	0.202271
864.163700	-0.331338	0.000000	0.000000	-0.331338	1.000000	0.000000	0.000000	0.000000	0.000000	0.202170	0.921598	0.000000	0.000000	-0.921598	0.202170
864.552670	-0.331930	0.000000	0.000000	-0.331930	1.000000	0.000000	0.000000	0.000000	0.000000	0.202069	0.921407	0.000000	0.000000	-0.921407	0.202069
864.941530	-0.332521	0.000000	0.000000	-0.332521	1.000000	0.000000	0.000000	0.000000	0.000000	0.201968	0.921216	0.000000	0.000000	-0.921216	0.201968
865.330320	-0.333109	0.000000	0.000000	-0.333109	1.000000	0.000000	0.000000	0.000000	0.000000	0.201867	0.921025	0.000000	0.000000	-0.921025	0.201867
865.718990	-0.333697	0.000000	0.000000	-0.333697	1.000000	0.000000	0.000000	0.000000	0.000000	0.201765	0.920835	0.000000	0.000000	-0.920835	0.201765
866.107600	-0.334284	0.000000	0.000000	-0.334284	1.000000	0.000000	0.000000	0.000000	0.000000	0.201664	0.920644	0.000000	0.000000	-0.920644	0.201664
866.496030	-0.334869	0.000000	0.000000	-0.334869	1.000000	0.000000	0.000000	0.000000	0.000000	0.201561	0.920454	0.000000	0.000000	-0.920454	0.201561
866.884400	-0.335454	0.000000	0.000000	-0.335454	1.000000	0.000000	0.000000	0.000000	0.000000	0.201459	0.920264	0.000000	0.000000	-0.920264	0.201459
867.272710	-0.336037	0.000000	0.000000	-0.336037	1.000000	0.000000	0.000000	0.000000	0.000000	0.201356	0.920073	0.000000	0.000000	-0.920073	0.201356
867.660830	-0.336618	0.000000	0.000000	-0.336618	1.000000	0.000000	0.000000	0.000000	0.000000	0.201253	0.919883	0.000000	0.000000	-0.919883	0.201253
868.048890	-0.337199	0.000000	0.000000	-0.337199	1.000000	0.000000	0.000000	0.000000	0.000000	0.201150	0.919693	0.000000	0.000000	-0.919693	0.201150
868.436830	-0.337777	0.000000	0.000000	-0.337777	1.000000	0.000000	0.000000	0.000000	0.000000	0.201046	0.919503	0.000000	0.000000	-0.919503	0.201046
868.824710	-0.338356	0.000000	0.000000	-0.338356	1.000000	0.000000	0.000000	0.000000	0.000000	0.200942	0.919314	0.000000	0.000000	-0.919314	0.200942
869.212400	-0.338932	0.000000	0.000000	-0.338932	1.000000	0.000000	0.000000	0.000000	0.000000	0.200838	0.919124	0.000000	0.000000	-0.919124	0.200838
869.600100	-0.339508	0.000000	0.000000	-0.339508	1.000000	0.000000	0.000000	0.000000	0.000000	0.200734	0.918935	0.000000	0.000000	-0.918935	0.200734
869.987610	-0.340083	0.000000	0.000000	-0.340083	1.000000	0.000000	0.000000	0.000000	0.000000	0.200629	0.918745	0.000000	0.000000	-0.918745	0.200629
870.375060	-0.340655	0.000000	0.000000	-0.340655	1.000000	0.000000	0.000000	0.000000	0.000000	0.200525	0.918556	0.000000	0.000000	-0.918556	0.200525
870.762330	-0.341226	0.000000	0.000000	-0.341226	1.000000	0.000000	0.000000	0.000000	0.000000	0.200420	0.918366	0.000000	0.000000	-0.918366	0.200420
871.149600	-0.341797	0.000000	0.000000	-0.341797	1.000000	0.000000	0.000000	0.000000	0.000000	0.200315	0.918177	0.000000	0.000000	-0.918177	0.200315
871.536680	-0.342366	0.000000	0.000000	-0.342366	1.000000	0.000000	0.000000	0.000000	0.000000	0.200210	0.917988	0.000000	0.000000	-0.917988	0.200210
871.923710	-0.342935	0.000000	0.000000	-0.342935	1.000000	0.000000	0.000000	0.000000	0.000000	0.200105	0.917798	0.000000	0.000000	-0.917798	0.200105
872.310610	-0.343501	0.000000	0.000000	-0.343501	1.000000	0.000000	0.000000	0.000000	0.000000	0.199999	0.917609	0.000000	0.000000	-0.917609	0.199999
872.697450	-0.344067	0.000000	0.000000	-0.344067	1.000000	0.000000	0.000000	0.000000	0.000000	0.199892	0.917421	0.000000	0.000000	-0.917421	0.199892
873.084110	-0.344632	0.000000	0.000000	-0.344632	1.000000	0.000000	0.000000	0.000000	0.000000	0.199786	0.917232	0.000000	0.000000	-0.917232	0.199786
873.470700	-0.345195	0.000000	0.000000	-0.345195	1.000000	0.000000	0.000000	0.000000	0.000000	0.199679	0.917043	0.000000	0.000000	-0.917043	0.199679
873.857180	-0.345757	0.000000	0.000000	-0.345757	1.000000	0.000000	0.000000	0.000000	0.000000	0.199572	0.916855	0.000000	0.000000	-0.916855	0.199572
874.243590	-0.346318	0.000000	0.000000	-0.346318	1.000000	0.000000	0.000000	0.000000	0.000000	0.199466	0.916666	0.000000	0.000000	-0.916666	0.199466
874.629880	-0.346878	0.000000	0.000000	-0.346878	1.000000	0.000000	0.000000	0.000000	0.000000	0.199359	0.916478	0.000000	0.000000	-0.916478	0.199359
875.016050	-0.347437	0.000000	0.000000	-0.347437	1.000000	0.000000	0.000000	0.000000	0.000000	0.199252	0.916289	0.000000	0.000000	-0.916289	0.199252
875.402160	-0.347994	0.000000	0.000000	-0.347994	1.000000	0.000000	0.000000	0.000000	0.000000	0.199143	0.916101	0.000000	0.000000	-0.916101	0.199143
875.788090	-0.348550	0.000000	0.000000	-0.348550	1.000000	0.000000	0.000000	0.000000	0.000000	0.199035	0.915913	0.000000	0.000000	-0.915913	0.199035
876.173950	-0.349106	0.000000	0.000000	-0.349106	1.000000	0.000000	0.000000	0.000000	0.000000	0.198927	0.915725	0.000000	0.000000	-0.915725	0.198927
876.559750	-0.349659	0.000000	0.000000	-0.349659	1.000000	0.000000	0.000000	0.000000	0.000000	0.198819	0.915537	0.000000	0.000000	-0.915537	0.198819
876.945370	-0.350213	0.000000	0.000000	-0.350213	1.000000	0.000000	0.000000	0.000000	0.000000	0.198710	0.915350	0.000000	0.000000	-0.915350	0.198710
877.330930	-0.350764	0.000000	0.000000	-0.350764	1.000000	0.000000	0.000000	0.000000	0.000000	0.198602	0.915162	0.000000	0.000000	-0.915162	0.198602
877.716370	-0.351314	0.000000	0.000000	-0.351314	1.000000	0.000000	0.000000	0.000000	0.000000	0.198493	0.914974	0.000000	0.000000	-0.914974	0.198493
878.101750	-0.351864	0.000000	0.000000	-0.351864	1.000000	0.000000	0.000000	0.000000	0.000000	0.198384	0.914787	0.000000	0.000000	-0.914787	0.198384
878.487000	-0.352412	0.000000	0.000000	-0.352412	1.000000	0.000000	0.000000	0.000000	0.000000	0.198275	0.914599	0.000000	0.000000	-0.914599	0.198275
878.872130	-0.352959	0.000000	0.000000	-0.352959	1.000000	0.000000	0.000000	0.000000	0.000000	0.198165	0.914412	0.000000	0.000000	-0.914412	0.198165
879.257140	-0.353505	0.000000	0.000000	-0.353505	1.000000	0.000000	0.000000	0.000000	0.000000	0.198056	0.914225	0.000000	0.000000	-0.914225	0.198056
879.642090	-0.354050	0.000000	0.000000	-0.354050	1.000000	0.000000	0.000000	0.000000	0.000000	0.197946	0.914038	0.000000	0.000000	-0.914038	0.197946
880.026920	-0.354595	0.000000	0.000000	-0.354595	1.000000	0.000000	0.000000	0.000000	0.000000	0.197836	0.913851	0.000000	0.000000	-0.913851	0.197836
880.411620	-0.355137	0.000000	0.000000	-0.355137	1.000000	0.000000	0.000000	0.000000	0.000000	0.197726	0.913664	0.000000	0.000000	-0.913664	0.197726
880.796260	-0.355678	0.000000	0.000000	-0.355678	1.000000	0.000000	0.000000	0.000000	0.000000	0.197615	0.913477	0.000000	0.000000	-0.913477	0.197615
881.180790	-0.356218	0.000000	0.000000	-0.356218	1.000000	0.000000	0.000000	0.000000	0.000000	0.197505	0.913290	0.000000	0.000000	-0.913290	0.197505
881.565190	-0.356757	0.000000	0.000000	-0.356757	1.000000	0.000000	0.000000	0.000000	0.000000	0.197394	0.913104	0.000000	0.000000	-0.913104	0.197394
881.949460	-0.357296	0.000000	0.000000	-0.357296	1.000000	0.000000	0.000000	0.000000	0.000000	0.197283	0.912918	0.000000	0.000000	-0.912918	0.197283
882.333680	-0.357832	0.000000	0.000000	-0.357832	1.000000	0.000000	0.000000	0.000000	0.000000	0.197171	0.912731	0.000000	0.000000	-0.912731	0.197171
882.717770	-0.358368	0.000000	0.000000	-0.358368	1.000000	0.000000	0.000000	0.000000	0.000000	0.197060	0.912545	0.000000	0.000000	-0.912545	0.197060
883.101750	-0.358903	0.000000	0.000000	-0.358903	1.000000	0.000000	0.000000	0.000000	0.000000	0.196948	0.912359	0.000000	0.000000	-0.912359	0.196948
883.485660	-0.359437	0.000000	0.000000	-0.359437	1.000000	0.000000	0.000000	0.000000	0.000000	0.196836	0.912173	0.000000	0.000000	-0.912173	0.196836
883.869450	-0.359970	0.000000	0.000000	-0.359970	1.000000	0.000000	0.000000	0.000000	0.000000	0.196724	0.911987	0.000000	0.000000	-0.911987	0.196724
884.253110	-0.360501	0.000000	0.000000	-0.360501	1.000000	0.000000	0.000000	0.000000	0.000000	0.196612	0.911801	0.000000	0.000000	-0.911801	0.196612
884.636720	-0.361032	0.000000	0.000000	-0.361032	1.000000	0.000000	0.000000	0.000000	0.000000	0.196500	0.911616	0.000000	0.000000	-0.911616	0.196500
885.020140	-0.361562	0.000000	0.000000	-0.361562	1.000000	0.000000	0.000000	0.000000	0.000000	0.196388	0.911430	0.000000	0.000000	-0.911430	0.196388
885.403500	-0.362090	0.000000	0.000000	-0.362090	1.000000	0.000000	0.000000	0.000000	0.000000	0.196275	0.911245	0.000000	0.000000	-0.911245	0.196275
885.786800	-0.362617	0.000000	0.000000	-0.362617	1.000000	0.000000	0.000000	0.000000	0.000000	0.196163	0.911059	0.000000	0.000000	-0.911059	0.196163
886.169980	-0.363144	0.000000	0.000000	-0.363144	1.000000	0.000000	0.000000	0.000000	0.000000	0.196050	0.910874	0.000000	0.000000	-0.910874	0.196050
886.552980	-0.363669	0.000000	0.000000	-0.363669	1.000000	0.000000	0.000000	0.000000	0.000000	0.195936	0.910689	0.000000	0.000000	-0.910689	0.195936
886.935970	-0.364193	0.000000	0.000000	-0.364193	1.000000	0.000000	0.000000	0.000000	0.000000	0.195823	0.910504	0.000000	0.000000	-0.910504	0.195823
887.318790	-0.364716	0.000000	0.000000	-0.364716	1.000000	0.000000	0.000000	0.000000	0.000000	0.195709	0.910319	0.000000	0.000000	-0.910319	0.195709
887.701540	-0.365237	0.000000	0.000000	-0.365237	1.000000	0.000000	0.000000	0.000000	0.000000	0.195595	0.910134	0.000000	0.000000	-0.910134	0.195595
888.084170	-0.365758	0.000000	0.000000	-0.365758	1.000000	0.000000	0.000000	0.000000	0.000000	0.195481	0.909949	0.000000	0.000000	-0.909949	0.195481
888.466740	-0.366278	0.000000	0.000000	-0.366278	1.000000	0.000000	0.000000	0.000000	0.000000	0.195367	0.909765	0.000000	0.000000	-0.909765	0.195367
888.849120	-0.366797	0.000000	0.000000	-0.366797	1.000000	0.000000	0.000000	0.000000	0.000000	0.195253	0.909580	0.000000	0.000000	-0.909580	0.195253
889.231450	-0.367315	0.000000	0.000000	-0.367315	1.000000	0.000000	0.000000	0.000000	0.000000	0.195139	0.909395	0.000000	0.000000	-0.909395	0.195139
889.613710	-0.367832	0.000000	0.000000	-0.367832	1.000000	0.000000	0.000000	0.000000	0.000000	0.195024	0.909211	0.000000	0.000000	-0.909211	0.195024
889.995790	-0.368348	0.000000	0.000000	-0.368348	1.000000	0.000000	0.000000	0.000000	0.000000	0.194909	0.909027	0.000000	0.000000	-0.909027	0.194909
890.377810	-0.368862	0.000000	0.000000	-0.368862	1.000000	0.000000	0.000000	0.000000	0.000000	0.194794	0.908843	0.000000	0.000000	-0.908843	0.194794
890.759770	-0.369376	0.000000	0.000000	-0.369376	1.000000	0.000000	0.000000	0.000000	0.000000	0.194679	0.908659	0.000000	0.000000	-0.908659	0.194679
891.141540	-0.369889	0.000000	0.000000	-0.369889	1.000000	0.000000	0.000000	0.000000	0.000000	0.194564	0.908475	0.000000	0.000000	-0.908475	0.194564
891.523250	-0.370400	0.000000	0.000000	-0.370400	1.000000	0.000000	0.000000	0.000000	0.000000	0.194448	0.908291	0.000000	0.000000	-0.908291	0.194448
891.904850	-0.370911	0.000000	0.000000	-0.370911	1.000000	0.000000	0.000000	0.000000	0.000000	0.194333	0.908108	0.000000	0.000000	-0.908108	0.194333
892.286320	-0.371420	0.000000	0.000000	-0.371420	1.000000	0.000000	0.000000	0.000000	0.000000	0.194217	0.907924	0.000000	0.000000	-0.907924	0.194217
892.667720	-0.371929	0.000000	0.000000	-0.371929	1.000000	0.000000	0.000000	0.000000	0.000000	0.194101	0.907741	0.000000	0.000000	-0.907741	0.194101
893.049010	-0.372437	0.000000	0.000000	-0.372437	1.000000	0.000000	0.000000	0.000000	0.000000	0.193985	0.907557	0.000000	0.000000	-0.907557	0.193985
893.430180	-0.372943	0.000000	0.000000	-0.372943	1.000000	0.000000	0.000000	0.000000	0.000000	0.193869	0.907374	0.000000	0.000000	-0.907374	0.193869
893.811280	-0.373449	0.000000	0.000000	-0.373449	1.000000	0.000000	0.000000	0.000000	0.000000	0.193753	0.907191	0.000000	0.000000	-0.907191	0.193753
894.192260	-0.373954	0.000000	0.000000	-0.373954	1.000000	0.000000	0.000000	0.000000	0.000000	0.193636	0.907008	0.000000	0.000000	-0.907008	0.193636
894.573120	-0.374457	0.000000	0.000000	-0.374457	1.000000	0.000000	0.000000	0.000000	0.000000	0.193520	0.906825	0.000000	0.000000	-0.906825	0.193520
894.953860	-0.374960	0.000000	0.000000	-0.374960	1.000000	0.000000	0.000000	0.000000	0.000000	0.193403	0.906642	0.000000	0.000000	-0.906642	0.193403
895.334530	-0.375461	0.000000	0.000000	-0.375461	1.000000	0.000000	0.000000	0.000000	0.000000	0.193286	0.906459	0.000000	0.000000	-0.906459	0.193286
895.715090	-0.375962	0.000000	0.000000	-0.375962	1.000000	0.000000	0.000000	0.000000	0.000000	0.193169	0.906277	0.000000	0.000000	-0.906277	0.193169
896.095520	-0.376462	0.000000	0.000000	-0.376462	1.000000	0.000000	0.000000	0.000000	0.000000	0.193051	0.906094	0.000000	0.000000	-0.906094	0.193051
896.475890	-0.376960	0.000000	0.000000	-0.376960	1.000000	0.000000	0.000000	0.000000	0.000000	0.192934	0.905912	0.000000	0.000000	-0.905912	0.192934
896.856140	-0.377459	0.000000	0.000000	-0.377459	1.000000	0.000000	0.000000	0.000000	0.000000	0.192816	0.905730	0.000000	0.000000	-0.905730	0.192816
897.236270	-0.377955	0.000000	0.000000	-0.377955	1.000000	0.000000	0.000000	0.000000	0.000000	0.192699	0.905548	0.000000	0.000000	-0.905548	0.192699
897.616270	-0.378451	0.000000	0.000000	-0.378451	1.000000	0.000000	0.000000	0.000000	0.000000	0.192581	0.905366	0.000000	0.000000	-0.905366	0.192581
897.996220	-0.378946	0.000000	0.000000	-0.378946	1.000000	0.000000	0.000000	0.000000	0.000000	0.192463	0.905184	0.000000	0.000000	-0.905184	0.192463
898.376040	-0.379439	0.000000	0.000000	-0.379439	1.000000	0.000000	0.000000	0.000000	0.000000	0.192345	0.905002	0.000000	0.000000	-0.905002	0.192345
898.755800	-0.379932	0.000000	0.000000	-0.379932	1.000000	0.000000	0.000000	0.000000	0.000000	0.192227	0.904820	0.000000	0.000000	-0.904820	0.192227
899.135380	-0.380424	0.000000	0.000000	-0.380424	1.000000	0.000000	0.000000	0.000000	0.000000	0.192109	0.904638	0.000000	0.000000	-0.904638	0.192109
899.514890	-0.380915	0.000000	0.000000	-0.380915	1.000000	0.000000	0.000000	0.000000	0.000000	0.191990	0.904457	0.000000	0.000000	-0.904457	0.191990
899.894290	-0.381405	0.000000	0.000000	-0.381405	1.000000	0.000000	0.000000	0.000000	0.000000	0.191872	0.904276	0.000000	0.000000	-0.904276	0.191872
900.273620	-0.381894	0.000000	0.000000	-0.381894	1.000000	0.000000	0.000000	0.000000	0.000000	0.191753	0.904094	0.000000	0.000000	-0.904094	0.191753
900.652830	-0.382382	0.000000	0.000000	-0.382382	1.000000	0.000000	0.000000	0.000000	0.000000	0.191634	0.903914	0.000000	0.000000	-0.903914	0.191634
901.031920	-0.382870	0.000000	0.000000	-0.382870	1.000000	0.000000	0.000000	0.000000	0.000000	0.191515	0.903733	0.000000	0.000000	-0.903733	0.191515
901.410890	-0.383356	0.000000	0.000000	-0.383356	1.000000	0.000000	0.000000	0.000000	0.000000	0.191396	0.903552	0.000000	0.000000	-0.903552	0.191396
901.789790	-0.383842	0.000000	0.000000	-0.383842	1.000000	0.000000	0.000000	0.000000	0.000000	0.191276	0.903371	0.000000	0.000000	-0.903371	0.191276
902.168580	-0.384326	0.000000	0.000000	-0.384326	1.000000	0.000000	0.000000	0.000000	0.000000	0.191157	0.903191	0.000000	0.000000	-0.903191	0.191157
902.547240	-0.384809	0.000000	0.000000	-0.384809	1.000000	0.000000	0.000000	0.000000	0.000000	0.191037	0.903010	0.000000	0.000000	-0.903010	0.191037
902.925840	-0.385291	0.000000	0.000000	-0.385291	1.000000	0.000000	0.000000	0.000000	0.000000	0.190917	0.902829	0.000000	0.000000	-0.902829	0.190917
903.304320	-0.385773	0.000000	0.000000	-0.385773	1.000000	0.000000	0.000000	0.000000	0.000000	0.190798	0.902649	0.000000	0.000000	-0.902649	0.190798
903.682680	-0.386254	0.000000	0.000000	-0.386254	1.000000	0.000000	0.000000	0.000000	0.000000	0.190678	0.902468	0.000000	0.000000	-0.902468	0.190678
904.060970	-0.386734	0.000000	0.000000	-0.386734	1.000000	0.000000	0.000000	0.000000	0.000000	0.190558	0.902288	0.000000	0.000000	-0.902288	0.190558
904.439090	-0.387212	0.000000	0.000000	-0.387212	1.000000	0.000000	0.000000	0.000000	0.000000	0.190437	0.902108	0.000000	0.000000	-0.902108	0.190437
904.817140	-0.387691	0.000000	0.000000	-0.387691	1.000000	0.000000	0.000000	0.000000	0.000000	0.190317	0.901929	0.000000	0.000000	-0.901929	0.190317
905.195130	-0.388168	0.000000	0.000000	-0.388168	1.000000	0.000000	0.000000	0.000000	0.000000	0.190197	0.901749	0.000000	0.000000	-0.901749	0.190197
905.572940	-0.388643	0.000000	0.000000	-0.388643	1.000000	0.000000	0.000000	0.000000	0.000000	0.190076	0.901569	0.000000	0.000000	-0.901569	0.190076
905.950680	-0.389119	0.000000	0.000000	-0.389119	1.000000	0.000000	0.000000	0.000000	0.000000	0.189956	0.901389	0.000000	0.000000	-0.901389	0.189956
906.328370	-0.389593	0.000000	0.000000	-0.389593	1.000000	0.000000	0.000000	0.000000	0.000000	0.189835	0.901210	0.000000	0.000000	-0.901210	0.189835
906.705870	-0.390067	0.000000	0.000000	-0.390067	1.000000	0.000000	0.000000	0.000000	0.000000	0.189714	0.901031	0.000000	0.000000	-0.901031	0.189714
907.083310	-0.390540	0.000000	0.000000	-0.390540	1.000000	0.000000	0.000000	0.000000	0.000000	0.189593	0.900851	0.000000	0.000000	-0.900851	0.189593
907.460630	-0.391011	0.000000	0.000000	-0.391011	1.000000	0.000000	0.000000	0.000000	0.000000	0.189472	0.900672	0.000000	0.000000	-0.900672	0.189472
907.837830	-0.391482	0.000000	0.000000	-0.391482	1.000000	0.000000	0.000000	0.000000	0.000000	0.189350	0.900493	0.000000	0.000000	-0.900493	0.189350
908.214970	-0.391951	0.000000	0.000000	-0.391951	1.000000	0.000000	0.000000	0.000000	0.000000	0.189229	0.900314	0.000000	0.000000	-0.900314	0.189229
908.591980	-0.392420	0.000000	0.000000	-0.392420	1.000000	0.000000	0.000000	0.000000	0.000000	0.189107	0.900135	0.000000	0.000000	-0.900135	0.189107
908.968870	-0.392889	0.000000	0.000000	-0.392889	1.000000	0.000000	0.000000	0.000000	0.000000	0.188986	0.899957	0.000000	0.000000	-0.899957	0.188986
909.345700	-0.393356	0.000000	0.000000	-0.393356	1.000000	0.000000	0.000000	0.000000	0.000000	0.188864	0.899778	0.000000	0.000000	-0.899778	0.188864
909.722410	-0.393822	0.000000	0.000000	-0.393822	1.000000	0.000000	0.000000	0.000000	0.000000	0.188742	0.899600	0.000000	0.000000	-0.899600	0.188742
910.099000	-0.394288	0.000000	0.000000	-0.394288	1.000000	0.000000	0.000000	0.000000	0.000000	0.188620	0.899422	0.000000	0.000000	-0.899422	0.188620
910.475520	-0.394752	0.000000	0.000000	-0.394752	1.000000	0.000000	0.000000	0.000000	0.000000	0.188498	0.899244	0.000000	0.000000	-0.899244	0.188498
910.851870	-0.395216	0.000000	0.000000	-0.395216	1.000000	0.000000	0.000000	0.000000	0.000000	0.188376	0.899065	0.000000	0.000000	-0.899065	0.188376
911.228150	-0.395679	0.000000	0.000000	-0.395679	1.000000	0.000000	0.000000	0.000000	0.000000	0.188254	0.898887	0.000000	0.000000	-0.898887	0.188254
911.604370	-0.396141	0.000000	0.000000	-0.396141	1.000000	0.000000	0.000000	0.000000	0.000000	0.188132	0.898709	0.000000	0.000000	-0.898709	0.188132
911.980410	-0.396602	0.000000	0.000000	-0.396602	1.000000	0.000000	0.000000	0.000000	0.000000	0.188009	0.898531	0.000000	0.000000	-0.898531	0.188009
912.356380	-0.397062	0.000000	0.000000	-0.397062	1.000000	0.000000	0.000000	0.000000	0.000000	0.187886	0.898354	0.000000	0.000000	-0.898354	0.187886
912.732240	-0.397522	0.000000	0.000000	-0.397522	1.000000	0.000000	0.000000	0.000000	0.000000	0.187764	0.898176	0.000000	0.000000	-0.898176	0.187764
913.108030	-0.397980	0.000000	0.000000	-0.397980	1.000000	0.000000	0.000000	0.000000	0.000000	0.187641	0.897999	0.000000	0.000000	-0.897999	0.187641
913.483700	-0.398438	0.000000	0.000000	-0.398438	1.000000	0.000000	0.000000	0.000000	0.000000	0.187518	0.897822	0.000000	0.000000	-0.897822	0.187518
913.859250	-0.398895	0.000000	0.000000	-0.398895	1.000000	0.000000	0.000000	0.000000	0.000000	0.187395	0.897644	0.000000	0.000000	-0.897644	0.187395
914.234680	-0.399350	0.000000	0.000000	-0.399350	1.000000	0.000000	0.000000	0.000000	0.000000	0.187272	0.897467	0.000000	0.000000	-0.897467	0.187272
914.610050	-0.399805	0.000000	0.000000	-0.399805	1.000000	0.000000	0.000000	0.000000	0.000000	0.187149	0.897291	0.000000	0.000000	-0.897291	0.187149
914.985290	-0.400260	0.000000	0.000000	-0.400260	1.000000	0.000000	0.000000	0.000000	0.000000	0.187026	0.897114	0.000000	0.000000	-0.897114	0.187026
915.360410	-0.400713	0.000000	0.000000	-0.400713	1.000000	0.000000	0.000000	0.000000	0.000000	0.186902	0.896937	0.000000	0.000000	-0.896937	0.186902
915.735470	-0.401166	0.000000	0.000000	-0.401166	1.000000	0.000000	0.000000	0.000000	0.000000	0.186778	0.896761	0.000000	0.000000	-0.896761	0.186778
916.110410	-0.401618	0.000000	0.000000	-0.401618	1.000000	0.000000	0.000000	0.000000	0.000000	0.186655	0.896584	0.000000	0.000000	-0.896584	0.186655
916.485230	-0.402068	0.000000	0.000000	-0.402068	1.000000	0.000000	0.000000	0.000000	0.000000	0.186531	0.896407	0.000000	0.000000	-0.896407	0.186531
916.859920	-0.402519	0.000000	0.000000	-0.402519	1.000000	0.000000	0.000000	0.000000	0.000000	0.186407	0.896231	0.000000	0.000000	-0.896231	0.186407
917.234560	-0.402968	0.000000	0.000000	-0.402968	1.000000	0.000000	0.000000	0.000000	0.000000	0.186283	0.896055	0.000000	0.000000	-0.896055	0.186283
917.609070	-0.403416	0.000000	0.000000	-0.403416	1.000000	0.000000	0.000000	0.000000	0.000000	0.186159	0.895879	0.000000	0.000000	-0.895879	0.186159
917.983520	-0.403864	0.000000	0.000000	-0.403864	1.000000	0.000000	0.000000	0.000000	0.000000	0.186035	0.895703	0.000000	0.000000	-0.895703	0.186035
918.357790	-0.404311	0.000000	0.000000	-0.404311	1.000000	0.000000	0.000000	0.000000	0.000000	0.185911	0.895527	0.000000	0.000000	-0.895527	0.185911
918.731990	-0.404757	0.000000	0.000000	-0.404757	1.000000	0.000000	0.000000	0.000000	0.000000	0.185787	0.895352	0.000000	0.000000	-0.895352	0.185787
919.106080	-0.405203	0.000000	0.000000	-0.405203	1.000000	0.000000	0.000000	0.000000	0.000000	0.185663	0.895176	0.000000	0.000000	-0.895176	0.185663
919.480100	-0.405647	0.000000	0.000000	-0.405647	1.000000	0.000000	0.000000	0.000000	0.000000	0.185539	0.895000	0.000000	0.000000	-0.895000	0.185539
919.854000	-0.406091	0.000000	0.000000	-0.406091	1.000000	0.000000	0.000000	0.000000	0.000000	0.185414	0.894825	0.000000	0.000000	-0.894825	0.185414
920.227780	-0.406533	0.000000	0.000000	-0.406533	1.000000	0.000000	0.000000	0.000000	0.000000	0.185290	0.894649	0.000000	0.000000	-0.894649	0.185290
920.601440	-0.406976	0.000000	0.000000	-0.406976	1.000000	0.000000	0.000000	0.000000	0.000000	0.185165	0.894475	0.000000	0.000000	-0.894475	0.185165
920.975040	-0.407417	0.000000	0.000000	-0.407417	1.000000	0.000000	0.000000	0.000000	0.000000	0.185040	0.894300	0.000000	0.000000	-0.894300	0.185040
921.348510	-0.407857	0.000000	0.000000	-0.407857	1.000000	0.000000	0.000000	0.000000	0.000000	0.184915	0.894125	0.000000	0.000000	-0.894125	0.184915
921.721860	-0.408297	0.000000	0.000000	-0.408297	1.000000	0.000000	0.000000	0.000000	0.000000	0.184790	0.893949	0.000000	0.000000	-0.893949	0.184790
922.095150	-0.408736	0.000000	0.000000	-0.408736	1.000000	0.000000	0.000000	0.000000	0.000000	0.184665	0.893775	0.000000	0.000000	-0.893775	0.184665
922.468320	-0.409173	0.000000	0.000000	-0.409173	1.000000	0.000000	0.000000	0.000000	0.000000	0.184540	0.893600	0.000000	0.000000	-0.893600	0.184540
922.841370	-0.409611	0.000000	0.000000	-0.409611	1.000000	0.000000	0.000000	0.000000	0.000000	0.184415	0.893426	0.000000	0.000000	-0.893426	0.184415
923.214290	-0.410047	0.000000	0.000000	-0.410047	1.000000	0.000000	0.000000	0.000000	0.000000	0.184290	0.893252	0.000000	0.000000	-0.893252	0.184290
923.587160	-0.410483	0.000000	0.000000	-0.410483	1.000000	0.000000	0.000000	0.000000	0.000000	0.184165	0.893077	0.000000	0.000000	-0.893077	0.184165
923.959900	-0.410918	0.000000	0.000000	-0.410918	1.000000	0.000000	0.000000	0.000000	0.000000	0.184039	0.892903	0.000000	0.000000	-0.892903	0.184039
924.332520	-0.411352	0.000000	0.000000	-0.411352	1.000000	0.000000	0.000000	0.000000	0.000000	0.183914	0.892729	0.000000	0.000000	-0.892729	0.183914
924.705080	-0.411785	0.000000	0.000000	-0.411785	1.000000	0.000000	0.000000	0.000000	0.000000	0.183788	0.892555	0.000000	0.000000	-0.892555	0.183788
925.077510	-0.412218	0.000000	0.000000	-0.412218	1.000000	0.000000	0.000000	0.000000	0.000000	0.183663	0.892381	0.000000	0.000000	-0.892381	0.183663
925.449830	-0.412649	0.000000	0.000000	-0.412649	1.000000	0.000000	0.000000	0.000000	0.000000	0.183537	0.892207	0.000000	0.000000	-0.892207	0.183537
925.822020	-0.413081	0.000000	0.000000	-0.413081	1.000000	0.000000	0.000000	0.000000	0.000000	0.183411	0.892034	0.000000	0.000000	-0.892034	0.183411
926.194150	-0.413511	0.000000	0.000000	-0.413511	1.000000	0.000000	0.000000	0.000000	0.000000	0.183285	0.891861	0.000000	0.000000	-0.891861	0.183285
926.566160	-0.413940	0.000000	0.000000	-0.413940	1.000000	0.000000	0.000000	0.000000	0.000000	0.183160	0.891687	0.000000	0.000000	-0.891687	0.183160
926.938110	-0.414369	0.000000	0.000000	-0.414369	1.000000	0.000000	0.000000	0.000000	0.000000	0.183034	0.891514	0.000000	0.000000	-0.891514	0.183034
927.309880	-0.414796	0.000000	0.000000	-0.414796	1.000000	0.000000	0.000000	0.000000	0.000000	0.182908	0.891341	0.000000	0.000000	-0.891341	0.182908
927.681580	-0.415223	0.000000	0.000000	-0.415223	1.000000	0.000000	0.000000	0.000000	0.000000	0.182781	0.891168	0.000000	0.000000	-0.891168	0.182781
928.053220	-0.415650	0.000000	0.000000	-0.415650	1.000000	0.000000	0.000000	0.000000	0.000000	0.182655	0.890995	0.000000	0.000000	-0.890995	0.182655
928.424680	-0.416075	0.000000	0.000000	-0.416075	1.000000	0.000000	0.000000	0.000000	0.000000	0.182529	0.890823	0.000000	0.000000	-0.890823	0.182529
928.796080	-0.416501	0.000000	0.000000	-0.416501	1.000000	0.000000	0.000000	0.000000	0.000000	0.182402	0.890650	0.000000	0.000000	-0.890650	0.182402
929.167360	-0.416925	0.000000	0.000000	-0.416925	1.000000	0.000000	0.000000	0.000000	0.000000	0.182276	0.890477	0.000000	0.000000	-0.890477	0.182276
929.538570	-0.417348	0.000000	0.000000	-0.417348	1.000000	0.000000	0.000000	0.000000	0.000000	0.182149	0.890305	0.000000	0.000000	-0.890305	0.182149
929.909610	-0.417771	0.000000	0.000000	-0.417771	1.000000	0.000000	0.000000	0.000000	0.000000	0.182023	0.890132	0.000000	0.000000	-0.890132	0.182023
930.280580	-0.418192	0.000000	0.000000	-0.418192	1.000000	0.000000	0.000000	0.000000	0.000000	0.181896	0.889960	0.000000	0.000000	-0.889960	0.181896
930.651490	-0.418613	0.000000	0.000000	-0.418613	1.000000	0.000000	0.000000	0.000000	0.000000	0.181769	0.889788	0.000000	0.000000	-0.889788	0.181769
931.022220	-0.419034	0.000000	0.000000	-0.419034	1.000000	0.000000	0.000000	0.000000	0.000000	0.181642	0.889616	0.000000	0.000000	-0.889616	0.181642
931.392880	-0.419453	0.000000	0.000000	-0.419453	1.000000	0.000000	0.000000	0.000000	0.000000	0.181516	0.889444	0.000000	0.000000	-0.889444	0.181516
931.763430	-0.419872	0.000000	0.000000	-0.419872	1.000000	0.000000	0.000000	0.000000	0.000000	0.181389	0.889272	0.000000	0.000000	-0.889272	0.181389
932.133910	-0.420291	0.000000	0.000000	-0.420291	1.000000	0.000000	0.000000	0.000000	0.000000	0.181262	0.889100	0.000000	0.000000	-0.889100	0.181262
932.504270	-0.420708	0.000000	0.000000	-0.420708	1.000000	0.000000	0.000000	0.000000	0.000000	0.181135	0.888929	0.000000	0.000000	-0.888929	0.181135
932.874510	-0.421125	0.000000	0.000000	-0.421125	1.000000	0.000000	0.000000	0.000000	0.000000	0.181008	0.888757	0.000000	0.000000	-0.888757	0.181008
933.244630	-0.421540	0.000000	0.000000	-0.421540	1.000000	0.000000	0.000000	0.000000	0.000000	0.180881	0.888586	0.000000	0.000000	-0.888586	0.180881
933.614690	-0.421956	0.000000	0.000000	-0.421956	1.000000	0.000000	0.000000	0.000000	0.000000	0.180754	0.888415	0.000000	0.000000	-0.888415	0.180754
933.984620	-0.422371	0.000000	0.000000	-0.422371	1.000000	0.000000	0.000000	0.000000	0.000000	0.180626	0.888244	0.000000	0.000000	-0.888244	0.180626
934.354430	-0.422784	0.000000	0.000000	-0.422784	1.000000	0.000000	0.000000	0.000000	0.000000	0.180499	0.888073	0.000000	0.000000	-0.888073	0.180499
934.724180	-0.423198	0.000000	0.000000	-0.423198	1.000000	0.000000	0.000000	0.000000	0.000000	0.180371	0.887902	0.000000	0.000000	-0.887902	0.180371
935.093810	-0.423610	0.000000	0.000000	-0.423610	1.000000	0.000000	0.000000	0.000000	0.000000	0.180244	0.887731	0.000000	0.000000	-0.887731	0.180244
935.463320	-0.424022	0.000000	0.000000	-0.424022	1.000000	0.000000	0.000000	0.000000	0.000000	0.180116	0.887560	0.000000	0.000000	-0.887560	0.180116
935.832700	-0.424433	0.000000	0.000000	-0.424433	1.000000	0.000000	0.000000	0.000000	0.000000	0.179989	0.887390	0.000000	0.000000	-0.887390	0.179989
936.202030	-0.424843	0.000000	0.000000	-0.424843	1.000000	0.000000	0.000000	0.000000	0.000000	0.179861	0.887220	0.000000	0.000000	-0.887220	0.179861
936.571230	-0.425252	0.000000	0.000000	-0.425252	1.000000	0.000000	0.000000	0.000000	0.000000	0.179733	0.887049	0.000000	0.000000	-0.887049	0.179733
936.940310	-0.425661	0.000000	0.000000	-0.425661	1.000000	0.000000	0.000000	0.000000	0.000000	0.179606	0.886879	0.000000	0.000000	-0.886879	0.179606
937.309330	-0.426069	0.000000	0.000000	-0.426069	1.000000	0.000000	0.000000	0.000000	0.000000	0.179478	0.886708	0.000000	0.000000	-0.886708	0.179478
937.678220	-0.426476	0.000000	0.000000	-0.426476	1.000000	0.000000	0.000000	0.000000	0.000000	0.179350	0.886538	0.000000	0.000000	-0.886538	0.179350
938.047000	-0.426884	0.000000	0.000000	-0.426884	1.000000	0.000000	0.000000	0.000000	0.000000	0.179223	0.886368	0.000000	0.000000	-0.886368	0.179223
938.415650	-0.427289	0.000000	0.000000	-0.427289	1.000000	0.000000	0.000000	0.000000	0.000000	0.179095	0.886199	0.000000	0.000000	-0.886199	0.179095
938.784240	-0.427695	0.000000	0.000000	-0.427695	1.000000	0.000000	0.000000	0.000000	0.000000	0.178967	0.886029	0.000000	0.000000	-0.886029	0.178967
939.152710	-0.428099	0.000000	0.000000	-0.428099	1.000000	0.000000	0.000000	0.000000	0.000000	0.178839	0.885860	0.000000	0.000000	-0.885860	0.178839
939.521120	-0.428503	0.000000	0.000000	-0.428503	1.000000	0.000000	0.000000	0.000000	0.000000	0.178711	0.885690	0.000000	0.000000	-0.885690	0.178711
939.889340	-0.428907	0.000000	0.000000	-0.428907	1.000000	0.000000	0.000000	0.000000	0.000000	0.178583	0.885521	0.000000	0.000000	-0.885521	0.178583
940.257510	-0.429309	0.000000	0.000000	-0.429309	1.000000	0.000000	0.000000	0.000000	0.000000	0.178454	0.885352	0.000000	0.000000	-0.885352	0.178454
940.625550	-0.429710	0.000000	0.000000	-0.429710	1.000000	0.000000	0.000000	0.000000	0.000000	0.178326	0.885183	0.000000	0.000000	-0.885183	0.178326
940.993530	-0.430112	0.000000	0.000000	-0.430112	1.000000	0.000000	0.000000	0.000000	0.000000	0.178198	0.885014	0.000000	0.000000	-0.885014	0.178198
941.361390	-0.430512	0.000000	0.000000	-0.430512	1.000000	0.000000	0.000000	0.000000	0.000000	0.178070	0.884845	0.000000	0.000000	-0.884845	0.178070
941.729130	-0.430912	0.000000	0.000000	-0.430912	1.000000	0.000000	0.000000	0.000000	0.000000	0.177941	0.884676	0.000000	0.000000	-0.884676	0.177941
942.096740	-0.431311	0.000000	0.000000	-0.431311	1.000000	0.000000	0.000000	0.000000	0.000000	0.177812	0.884508	0.000000	0.000000	-0.884508	0.177812
942.464290	-0.431709	0.000000	0.000000	-0.431709	1.000000	0.000000	0.000000	0.000000	0.000000	0.177684	0.884339	0.000000	0.000000	-0.884339	0.177684
942.831730	-0.432107	0.000000	0.000000	-0.432107	1.000000	0.000000	0.000000	0.000000	0.000000	0.177556	0.884170	0.000000	0.000000	-0.884170	0.177556
943.199040	-0.432504	0.000000	0.000000	-0.432504	1.000000	0.000000	0.000000	0.000000	0.000000	0.177427	0.884002	0.000000	0.000000	-0.884002	0.177427
943.566280	-0.432900	0.000000	0.000000	-0.432900	1.000000	0.000000	0.000000	0.000000	0.000000	0.177299	0.883834	0.000000	0.000000	-0.883834	0.177299
943.933410	-0.433296	0.000000	0.000000	-0.433296	1.000000	0.000000	0.000000	0.000000	0.000000	0.177170	0.883665	0.000000	0.000000	-0.883665	0.177170
944.300420	-0.433691	0.000000	0.000000	-0.433691	1.000000	0.000000	0.000000	0.000000	0.000000	0.177042	0.883497	0.000000	0.000000	-0.883497	0.177042
944.667360	-0.434085	0.000000	0.000000	-0.434085	1.000000	0.000000	0.000000	0.000000	0.000000	0.176913	0.883329	0.000000	0.000000	-0.883329	0.176913
945.034120	-0.434480	0.000000	0.000000	-0.434480	1.000000	0.000000	0.000000	0.000000	0.000000	0.176784	0.883161	0.000000	0.000000	-0.883161	0.176784
945.400820	-0.434872	0.000000	0.000000	-0.434872	1.000000	0.000000	0.000000	0.000000	0.000000	0.176655	0.882994	0.000000	0.000000	-0.882994	0.176655
945.767460	-0.435265	0.000000	0.000000	-0.435265	1.000000	0.000000	0.000000	0.000000	0.000000	0.176527	0.882826	0.000000	0.000000	-0.882826	0.176527
946.133910	-0.435657	0.000000	0.000000	-0.435657	1.000000	0.000000	0.000000	0.000000	0.000000	0.176398	0.882659	0.000000	0.000000	-0.882659	0.176398
946.500310	-0.436047	0.000000	0.000000	-0.436047	1.000000	0.000000	0.000000	0.000000	0.000000	0.176269	0.882492	0.000000	0.000000	-0.882492	0.176269
946.866640	-0.436438	0.000000	0.000000	-0.436438	1.000000	0.000000	0.000000	0.000000	0.000000	0.176140	0.882325	0.000000	0.000000	-0.882325	0.176140
947.232790	-0.436827	0.000000	0.000000	-0.436827	1.000000	0.000000	0.000000	0.000000	0.000000	0.176011	0.882158	0.000000	0.000000	-0.882158	0.176011
947.598880	-0.437217	0.000000	0.000000	-0.437217	1.000000	0.000000	0.000000	0.000000	0.000000	0.175882	0.881990	0.000000	0.000000	-0.881990	0.175882
947.964840	-0.437606	0.000000	0.000000	-0.437606	1.000000	0.000000	0.000000	0.000000	0.000000	0.175752	0.881823	0.000000	0.000000	-0.881823	0.175752
948.330750	-0.437993	0.000000	0.000000	-0.437993	1.000000	0.000000	0.000000	0.000000	0.000000	0.175623	0.881657	0.000000	0.000000	-0.881657	0.175623
948.696470	-0.438380	0.000000	0.000000	-0.438380	1.000000	0.000000	0.000000	0.000000	0.000000	0.175494	0.881490	0.000000	0.000000	-0.881490	0.175494
949.062130	-0.438767	0.000000	0.000000	-0.438767	1.000000	0.000000	0.000000	0.000000	0.000000	0.175365	0.881324	0.000000	0.000000	-0.881324	0.175365
949.427730	-0.439152	0.000000	0.000000	-0.439152	1.000000	0.000000	0.000000	0.000000	0.000000	0.175236	0.881157	0.000000	0.000000	-0.881157	0.175236
949.793150	-0.439538	0.000000	0.000000	-0.439538	1.000000	0.000000	0.000000	0.000000	0.000000	0.175107	0.880990	0.000000	0.000000	-0.880990	0.175107
950.158510	-0.439922	0.000000	0.000000	-0.439922	1.000000	0.000000	0.000000	0.000000	0.000000	0.174978	0.880824	0.000000	0.000000	-0.880824	0.174978
950.523740	-0.440306	0.000000	0.000000	-0.440306	1.000000	0.000000	0.000000	0.000000	0.000000	0.174848	0.880658	0.000000	0.000000	-0.880658	0.174848
950.888920	-0.440689	0.000000	0.000000	-0.440689	1.000000	0.000000	0.000000	0.000000	0.000000	0.174718	0.880492	0.000000	0.000000	-0.880492	0.174718
951.253910	-0.441072	0.000000	0.000000	-0.441072	1.000000	0.000000	0.000000	0.000000	0.000000	0.174589	0.880326	0.000000	0.000000	-0.880326	0.174589
951.618840	-0.441453	0.000000	0.000000	-0.441453	1.000000	0.000000	0.000000	0.000000	0.000000	0.174459	0.880160	0.000000	0.000000	-0.880160	0.174459
951.983700	-0.441835	0.000000	0.000000	-0.441835	1.000000	0.000000	0.000000	0.000000	0.000000	0.174330	0.879994	0.000000	0.000000	-0.879994	0.174330
952.348390	-0.442215	0.000000	0.000000	-0.442215	1.000000	0.000000	0.000000	0.000000	0.000000	0.174200	0.879829	0.000000	0.000000	-0.879829	0.174200
952.713010	-0.442595	0.000000	0.000000	-0.442595	1.000000	0.000000	0.000000	0.000000	0.000000	0.174071	0.879664	0.000000	0.000000	-0.879664	0.174071
953.077580	-0.442975	0.000000	0.000000	-0.442975	1.000000	0.000000	0.000000	0.000000	0.000000	0.173941	0.879499	0.000000	0.000000	-0.879499	0.173941
953.441960	-0.443353	0.000000	0.000000	-0.443353	1.000000	0.000000	0.000000	0.000000	0.000000	0.173812	0.879333	0.000000	0.000000	-0.879333	0.173812
953.806270	-0.443732	0.000000	0.000000	-0.443732	1.000000	0.000000	0.000000	0.000000	0.000000	0.173683	0.879168	0.000000	0.000000	-0.879168	0.173683
954.170470	-0.444109	0.000000	0.000000	-0.444109	1.000000	0.000000	0.000000	0.000000	0.000000	0.173553	0.879003	0.000000	0.000000	-0.879003	0.173553
954.534550	-0.444486	0.000000	0.000000	-0.444486	1.000000	0.000000	0.000000	0.000000	0.000000	0.173424	0.878838	0.000000	0.000000	-0.878838	0.173424
954.898560	-0.444863	0.000000	0.000000	-0.444863	1.000000	0.000000	0.000000	0.000000	0.000000	0.173294	0.878673	0.000000	0.000000	-0.878673	0.173294
955.262450	-0.445239	0.000000	0.000000	-0.445239	1.000000	0.000000	0.000000	0.000000	0.000000	0.173164	0.878508	0.000000	0.000000	-0.878508	0.173164
955.626220	-0.445614	0.000000	0.000000	-0.445614	1.000000	0.000000	0.000000	0.000000	0.000000	0.173034	0.878343	0.000000	0.000000	-0.878343	0.173034
955.989930	-0.445989	0.000000	0.000000	-0.445989	1.000000	0.000000	0.000000	0.000000	0.000000	0.172905	0.878179	0.000000	0.000000	-0.878179	0.172905
956.353520	-0.446362	0.000000	0.000000	-0.446362	1.000000	0.000000	0.000000	0.000000	0.000000	0.172775	0.878014	0.000000	0.000000	-0.878014	0.172775
956.716980	-0.446735	0.000000	0.000000	-0.446735	1.000000	0.000000	0.000000	0.000000	0.000000	0.172645	0.877850	0.000000	0.000000	-0.877850	0.172645
957.080380	-0.447108	0.000000	0.000000	-0.447108	1.000000	0.000000	0.000000	0.000000	0.000000	0.172515	0.877686	0.000000	0.000000	-0.877686	0.172515
957.443600	-0.447480	0.000000	0.000000	-0.447480	1.000000	0.000000	0.000000	0.000000	0.000000	0.172385	0.877522	0.000000	0.000000	-0.877522	0.172385
957.806760	-0.447851	0.000000	0.000000	-0.447851	1.000000	0.000000	0.000000	0.000000	0.000000	0.172255	0.877358	0.000000	0.000000	-0.877358	0.172255
958.169860	-0.448222	0.000000	0.000000	-0.448222	1.000000	0.000000	0.000000	0.000000	0.000000	0.172125	0.877194	0.000000	0.000000	-0.877194	0.172125
958.532780	-0.448592	0.000000	0.000000	-0.448592	1.000000	0.000000	0.000000	0.000000	0.000000	0.171995	0.877031	0.000000	0.000000	-0.877031	0.171995
958.895630	-0.448962	0.000000	0.000000	-0.448962	1.000000	0.000000	0.000000	0.000000	0.000000	0.171865	0.876867	0.000000	0.000000	-0.876867	0.171865
959.258420	-0.449331	0.000000	0.000000	-0.449331	1.000000	0.000000	0.000000	0.000000	0.000000	0.171735	0.876703	0.000000	0.000000	-0.876703	0.171735
959.621030	-0.449699	0.000000	0.000000	-0.449699	1.000000	0.000000	0.000000	0.000000	0.000000	0.171606	0.876540	0.000000	0.000000	-0.876540	0.171606
959.983580	-0.450067	0.000000	0.000000	-0.450067	1.000000	0.000000	0.000000	0.000000	0.000000	0.171476	0.876376	0.000000	0.000000	-0.876376	0.171476
960.346010	-0.450434	0.000000	0.000000	-0.450434	1.000000	0.000000	0.000000	0.000000	0.000000	0.171346	0.876213	0.000000	0.000000	-0.876213	0.171346
960.708310	-0.450801	0.000000	0.000000	-0.450801	1.000000	0.000000	0.000000	0.000000	0.000000	0.171216	0.876050	0.000000	0.000000	-0.876050	0.171216
961.070560	-0.451167	0.000000	0.000000	-0.451167	1.000000	0.000000	0.000000	0.000000	0.000000	0.171086	0.875887	0.000000	0.000000	-0.875887	0.171086
961.432680	-0.451532	0.000000	0.000000	-0.451532	1.000000	0.000000	0.000000	0.000000	0.000000	0.170955	0.875724	0.000000	0.000000	-0.875724	0.170955
961.794680	-0.451897	0.000000	0.000000	-0.451897	1.000000	0.000000	0.000000	0.000000	0.000000	0.170825	0.875561	0.000000	0.000000	-0.875561	0.170825
962.156620	-0.452261	0.000000	0.000000	-0.452261	1.000000	0.000000	0.000000	0.000000	0.000000	0.170695	0.875399	0.000000	0.000000	-0.875399	0.170695
962.518430	-0.452625	0.000000	0.000000	-0.452625	1.000000	0.000000	0.000000	0.000000	0.000000	0.170564	0.875236	0.000000	0.000000	-0.875236	0.170564
962.880130	-0.452989	0.000000	0.000000	-0.452989	1.000000	0.000000	0.000000	0.000000	0.000000	0.170434	0.875074	0.000000	0.000000	-0.875074	0.170434
963.241700	-0.453351	0.000000	0.000000	-0.453351	1.000000	0.000000	0.000000	0.000000	0.000000	0.170304	0.874911	0.000000	0.000000	-0.874911	0.170304
963.603210	-0.453712	0.000000	0.000000	-0.453712	1.000000	0.000000	0.000000	0.000000	0.000000	0.170174	0.874749	0.000000	0.000000	-0.874749	0.170174
963.964600	-0.454074	0.000000	0.000000	-0.454074	1.000000	0.000000	0.000000	0.000000	0.000000	0.170044	0.874587	0.000000	0.000000	-0.874587	0.170044
964.325870	-0.454434	0.000000	0.000000	-0.454434	1.000000	0.000000	0.000000	0.000000	0.000000	0.169914	0.874425	0.000000	0.000000	-0.874425	0.169914
964.687070	-0.454795	0.000000	0.000000	-0.454795	1.000000	0.000000	0.000000	0.000000	0.000000	0.169784	0.874263	0.000000	0.000000	-0.874263	0.169784
965.048160	-0.455155	0.000000	0.000000	-0.455155	1.000000	0.000000	0.000000	0.000000	0.000000	0.169654	0.874100	0.000000	0.000000	-0.874100	0.169654
965.409120	-0.455513	0.000000	0.000000	-0.455513	1.000000	0.000000	0.000000	0.000000	0.000000	0.169523	0.873939	0.000000	0.000000	-0.873939	0.169523
965.770020	-0.455872	0.000000	0.000000	-0.455872	1.000000	0.000000	0.000000	0.000000	0.000000	0.169393	0.873777	0.000000	0.000000	-0.873777	0.169393
966.130800	-0.456229	0.000000	0.000000	-0.456229	1.000000	0.000000	0.000000	0.000000	0.000000	0.169263	0.873616	0.000000	0.000000	-0.873616	0.169263
966.491460	-0.456587	0.000000	0.000000	-0.456587	1.000000	0.000000	0.000000	0.000000	0.000000	0.169133	0.873454	0.000000	0.000000	-0.873454	0.169133
966.851990	-0.456943	0.000000	0.000000	-0.456943	1.000000	0.000000	0.000000	0.000000	0.000000	0.169002	0.873293	0.000000	0.000000	-0.873293	0.169002
967.212460	-0.457300	0.000000	0.000000	-0.457300	1.000000	0.000000	0.000000	0.000000	0.000000	0.168872	0.873132	0.000000	0.000000	-0.873132	0.168872
967.572810	-0.457655	0.000000	0.000000	-0.457655	1.000000	0.000000	0.000000	0.000000	0.000000	0.168742	0.872970	0.000000	0.000000	-0.872970	0.168742
967.933040	-0.458011	0.000000	0.000000	-0.458011	1.000000	0.000000	0.000000	0.000000	0.000000	0.168611	0.872809	0.000000	0.000000	-0.872809	0.168611
968.293210	-0.458365	0.000000	0.000000	-0.458365	1.000000	0.000000	0.000000	0.000000	0.000000	0.168481	0.872648	0.000000	0.000000	-0.872648	0.168481
968.653200	-0.458719	0.000000	0.000000	-0.458719	1.000000	0.000000	0.000000	0.000000	0.000000	0.168351	0.872488	0.000000	0.000000	-0.872488	0.168351
969.013180	-0.459073	0.000000	0.000000	-0.459073	1.000000	0.000000	0.000000	0.000000	0.000000	0.168220	0.872327	0.000000	0.000000	-0.872327	0.168220
969.372990	-0.459425	0.000000	0.000000	-0.459425	1.000000	0.000000	0.000000	0.000000	0.000000	0.168090	0.872167	0.000000	0.000000	-0.872167	0.168090
969.732730	-0.459777	0.000000	0.000000	-0.459777	1.000000	0.000000	0.000000	0.000000	0.000000	0.167959	0.872006	0.000000	0.000000	-0.872006	0.167959
970.092350	-0.460129	0.000000	0.000000	-0.460129	1.000000	0.000000	0.000000	0.000000	0.000000	0.167828	0.871846	0.000000	0.000000	-0.871846	0.167828
970.451840	-0.460480	0.000000	0.000000	-0.460480	1.000000	0.000000	0.000000	0.000000	0.000000	0.167698	0.871685	0.000000	0.000000	-0.871685	0.167698
970.811280	-0.460830	0.000000	0.000000	-0.460830	1.000000	0.000000	0.000000	0.000000	0.000000	0.167568	0.871525	0.000000	0.000000	-0.871525	0.167568
971.170590	-0.461180	0.000000	0.000000	-0.461180	1.000000	0.000000	0.000000	0.000000	0.000000	0.167437	0.871365	0.000000	0.000000	-0.871365	0.167437
971.529790	-0.461529	0.000000	0.000000	-0.461529	1.000000	0.000000	0.000000	0.000000	0.000000	0.167307	0.871205	0.000000	0.000000	-0.871205	0.167307
971.888850	-0.461879	0.000000	0.000000	-0.461879	1.000000	0.000000	0.000000	0.000000	0.000000	0.167176	0.871045	0.000000	0.000000	-0.871045	0.167176
972.247860	-0.462227	0.000000	0.000000	-0.462227	1.000000	0.000000	0.000000	0.000000	0.000000	0.167046	0.870886	0.000000	0.000000	-0.870886	0.167046
972.606750	-0.462575	0.000000	0.000000	-0.462575	1.000000	0.000000	0.000000	0.000000	0.000000	0.166916	0.870726	0.000000	0.000000	-0.870726	0.166916
972.965580	-0.462923	0.000000	0.000000	-0.462923	1.000000	0.000000	0.000000	0.000000	0.000000	0.166785	0.870566	0.000000	0.000000	-0.870566	0.166785
973.324220	-0.463269	0.000000	0.000000	-0.463269	1.000000	0.000000	0.000000	0.000000	0.000000	0.166655	0.870407	0.000000	0.000000	-0.870407	0.166655
973.682800	-0.463615	0.000000	0.000000	-0.463615	1.000000	0.000000	0.000000	0.000000	0.000000	0.166524	0.870247	0.000000	0.000000	-0.870247	0.166524
974.041260	-0.463961	0.000000	0.000000	-0.463961	1.000000	0.000000	0.000000	0.000000	0.000000	0.166394	0.870088	0.000000	0.000000	-0.870088	0.166394
974.399660	-0.464305	0.000000	0.000000	-0.464305	1.000000	0.000000	0.000000	0.000000	0.000000	0.166264	0.869929	0.000000	0.000000	-0.869929	0.166264
974.757930	-0.464650	0.000000	0.000000	-0.464650	1.000000	0.000000	0.000000	0.000000	0.000000	0.166133	0.869770	0.000000	0.000000	-0.869770	0.166133
975.116090	-0.464994	0.000000	0.000000	-0.464994	1.000000	0.000000	0.000000	0.000000	0.000000	0.166003	0.869611	0.000000	0.000000	-0.869611	0.166003
975.474120	-0.465337	0.000000	0.000000	-0.465337	1.000000	0.000000	0.000000	0.000000	0.000000	0.165872	0.869452	0.000000	0.000000	-0.869452	0.165872
975.832090	-0.465680	0.000000	0.000000	-0.465680	1.000000	0.000000	0.000000	0.000000	0.000000	0.165742	0.869294	0.000000	0.000000	-0.869294	0.165742
976.189940	-0.466023	0.000000	0.000000	-0.466023	1.000000	0.000000	0.000000	0.000000	0.000000	0.165612	0.869135	0.000000	0.000000	-0.869135	0.165612
976.547730	-0.466365	0.000000	0.000000	-0.466365	1.000000	0.000000	0.000000	0.000000	0.000000	0.165481	0.868976	0.000000	0.000000	-0.868976	0.165481
976.905330	-0.466706	0.000000	0.000000	-0.466706	1.000000	0.000000	0.000000	0.000000	0.000000	0.165351	0.868818	0.000000	0.000000	-0.868818	0.165351
977.262880	-0.467047	0.000000	0.000000	-0.467047	1.000000	0.000000	0.000000	0.000000	0.000000	0.165220	0.868660	0.000000	0.000000	-0.868660	0.165220
977.620300	-0.467387	0.000000	0.000000	-0.467387	1.000000	0.000000	0.000000	0.000000	0.000000	0.165090	0.868501	0.000000	0.000000	-0.868501	0.165090
977.977660	-0.467727	0.000000	0.000000	-0.467727	1.000000	0.000000	0.000000	0.000000	0.000000	0.164959	0.868343	0.000000	0.000000	-0.868343	0.164959
978.334840	-0.468066	0.000000	0.000000	-0.468066	1.000000	0.000000	0.000000	0.000000	0.000000	0.164829	0.868185	0.000000	0.000000	-0.868185	0.164829
978.692020	-0.468405	0.000000	0.000000	-0.468405	1.000000	0.000000	0.000000	0.000000	0.000000	0.164698	0.868027	0.000000	0.000000	-0.868027	0.164698
979.049010	-0.468743	0.000000	0.000000	-0.468743	1.000000	0.000000	0.000000	0.000000	0.000000	0.164568	0.867869	0.000000	0.000000	-0.867869	0.164568
979.405940	-0.469081	0.000000	0.000000	-0.469081	1.000000	0.000000	0.000000	0.000000	0.000000	0.164437	0.867712	0.000000	0.000000	-0.867712	0.164437
979.762760	-0.469418	0.000000	0.000000	-0.469418	1.000000	0.000000	0.000000	0.000000	0.000000	0.164307	0.867554	0.000000	0.000000	-0.867554	0.164307
980.119450	-0.469755	0.000000	0.000000	-0.469755	1.000000	0.000000	0.000000	0.000000	0.000000	0.164176	0.867396	0.000000	0.000000	-0.867396	0.164176
980.476010	-0.470090	0.000000	0.000000	-0.470090	1.000000	0.000000	0.000000	0.000000	0.000000	0.164046	0.867239	0.000000	0.000000	-0.867239	0.164046
980.832520	-0.470426	0.000000	0.000000	-0.470426	1.000000	0.000000	0.000000	0.000000	0.000000	0.163915	0.867082	0.000000	0.000000	-0.867082	0.163915
981.188900	-0.470761	0.000000	0.000000	-0.470761	1.000000	0.000000	0.000000	0.000000	0.000000	0.163785	0.866925	0.000000	0.000000	-0.866925	0.163785
981.545230	-0.471095	0.000000	0.000000	-0.471095	1.000000	0.000000	0.000000	0.000000	0.000000	0.163654	0.866768	0.000000	0.000000	-0.866768	0.163654
981.901370	-0.471429	0.000000	0.000000	-0.471429	1.000000	0.000000	0.000000	0.000000	0.000000	0.163523	0.866610	0.000000	0.000000	-0.866610	0.163523
982.257510	-0.471763	0.000000	0.000000	-0.471763	1.000000	0.000000	0.000000	0.000000	0.000000	0.163393	0.866454	0.000000	0.000000	-0.866454	0.163393
982.613460	-0.472096	0.000000	0.000000	-0.472096	1.000000	0.000000	0.000000	0.000000	0.000000	0.163262	0.866297	0.000000	0.000000	-0.866297	0.163262
982.969300	-0.472428	0.000000	0.000000	-0.472428	1.000000	0.000000	0.000000	0.000000	0.000000	0.163132	0.866141	0.000000	0.000000	-0.866141	0.163132
983.325070	-0.472760	0.000000	0.000000	-0.472760	1.000000	0.000000	0.000000	0.000000	0.000000	0.163002	0.865984	0.000000	0.000000	-0.865984	0.163002
983.680790	-0.473091	0.000000	0.000000	-0.473091	1.000000	0.000000	0.000000	0.000000	0.000000	0.162871	0.865827	0.000000	0.000000	-0.865827	0.162871
984.036320	-0.473423	0.000000	0.000000	-0.473423	1.000000	0.000000	0.000000	0.000000	0.000000	0.162741	0.865671	0.000000	0.000000	-0.865671	0.162741
984.391780	-0.473753	0.000000	0.000000	-0.473753	1.000000	0.000000	0.000000	0.000000	0.000000	0.162610	0.865515	0.000000	0.000000	-0.865515	0.162610
984.747130	-0.474083	0.000000	0.000000	-0.474083	1.000000	0.000000	0.000000	0.000000	0.000000	0.162480	0.865358	0.000000	0.000000	-0.865358	0.162480
985.102360	-0.474413	0.000000	0.000000	-0.474413	1.000000	0.000000	0.000000	0.000000	0.000000	0.162349	0.865202	0.000000	0.000000	-0.865202	0.162349
985.457520	-0.474742	0.000000	0.000000	-0.474742	1.000000	0.000000	0.000000	0.000000	0.000000	0.162219	0.865046	0.000000	0.000000	-0.865046	0.162219
985.812560	-0.475070	0.000000	0.000000	-0.475070	1.000000	0.000000	0.000000	0.000000	0.000000	0.162089	0.864890	0.000000	0.000000	-0.864890	0.162089
986.167480	-0.475398	0.000000	0.000000	-0.475398	1.000000	0.000000	0.000000	0.000000	0.000000	0.161959	0.864734	0.000000	0.000000	-0.864734	0.161959
986.522340	-0.475726	0.000000	0.000000	-0.475726	1.000000	0.000000	0.000000	0.000000	0.000000	0.161828	0.864579	0.000000	0.000000	-0.864579	0.161828
986.877010	-0.476053	0.000000	0.000000	-0.476053	1.000000	0.000000	0.000000	0.000000	0.000000	0.161698	0.864423	0.000000	0.000000	-0.864423	0.161698
987.231690	-0.476379	0.000000	0.000000	-0.476379	1.000000	0.000000	0.000000	0.000000	0.000000	0.161568	0.864268	0.000000	0.000000	-0.864268	0.161568
987.586180	-0.476705	0.000000	0.000000	-0.476705	1.000000	0.000000	0.000000	0.000000	0.000000	0.161437	0.864112	0.000000	0.000000	-0.864112	0.161437
987.940610	-0.477030	0.000000	0.000000	-0.477030	1.000000	0.000000	0.000000	0.000000	0.000000	0.161307	0.863957	0.000000	0.000000	-0.863957	0.161307
988.294920	-0.477355	0.000000	0.000000	-0.477355	1.000000	0.000000	0.000000	0.000000	0.000000	0.161176	0.863802	0.000000	0.000000	-0.863802	0.161176
988.649110	-0.477680	0.000000	0.000000	-0.477680	1.000000	0.000000	0.000000	0.000000	0.000000	0.161046	0.863647	0.000000	0.000000	-0.863647	0.161046
989.003230	-0.478004	0.000000	0.000000	-0.478004	1.000000	0.000000	0.000000	0.000000	0.000000	0.160916	0.863492	0.000000	0.000000	-0.863492	0.160916
989.357180	-0.478327	0.000000	0.000000	-0.478327	1.000000	0.000000	0.000000	0.000000	0.000000	0.160786	0.863337	0.000000	0.000000	-0.863337	0.160786
989.711120	-0.478650	0.000000	0.000000	-0.478650	1.000000	0.000000	0.000000	0.000000	0.000000	0.160655	0.863182	0.000000	0.000000	-0.863182	0.160655
990.064880	-0.478973	0.000000	0.000000	-0.478973	1.000000	0.000000	0.000000	0.000000	0.000000	0.160525	0.863028	0.000000	0.000000	-0.863028	0.160525
990.418580	-0.479295	0.000000	0.000000	-0.479295	1.000000	0.000000	0.000000	0.000000	0.000000	0.160395	0.862873	0.000000	0.000000	-0.862873	0.160395
990.772160	-0.479617	0.000000	0.000000	-0.479617	1.000000	0.000000	0.000000	0.000000	0.000000	0.160265	0.862719	0.000000	0.000000	-0.862719	0.160265
991.125610	-0.479938	0.000000	0.000000	-0.479938	1.000000	0.000000	0.000000	0.000000	0.000000	0.160135	0.862564	0.000000	0.000000	-0.862564	0.160135
991.479000	-0.480258	0.000000	0.000000	-0.480258	1.000000	0.000000	0.000000	0.000000	0.000000	0.160004	0.862410	0.000000	0.000000	-0.862410	0.160004
991.832280	-0.480579	0.000000	0.000000	-0.480579	1.000000	0.000000	0.000000	0.000000	0.000000	0.159874	0.862255	0.000000	0.000000	-0.862255	0.159874
992.185420	-0.480898	0.000000	0.000000	-0.480898	1.000000	0.000000	0.000000	0.000000	0.000000	0.159744	0.862101	0.000000	0.000000	-0.862101	0.159744
992.538510	-0.481217	0.000000	0.000000	-0.481217	1.000000	0.000000	0.000000	0.000000	0.000000	0.159613	0.861947	0.000000	0.000000	-0.861947	0.159613
992.891420	-0.481536	0.000000	0.000000	-0.481536	1.000000	0.000000	0.000000	0.000000	0.000000	0.159483	0.861793	0.000000	0.000000	-0.861793	0.159483
993.244320	-0.481854	0.000000	0.000000	-0.481854	1.000000	0.000000	0.000000	0.000000	0.000000	0.159353	0.861639	0.000000	0.000000	-0.861639	0.159353
993.597050	-0.482172	0.000000	0.000000	-0.482172	1.000000	0.000000	0.000000	0.000000	0.000000	0.159223	0.861486	0.000000	0.000000	-0.861486	0.159223
993.949710	-0.482490	0.000000	0.000000	-0.482490	1.000000	0.000000	0.000000	0.000000	0.000000	0.159093	0.861332	0.000000	0.000000	-0.861332	0.159093
994.302250	-0.482806	0.000000	0.000000	-0.482806	1.000000	0.000000	0.000000	0.000000	0.000000	0.158962	0.861179	0.000000	0.000000	-0.861179	0.158962
994.654660	-0.483123	0.000000	0.000000	-0.483123	1.000000	0.000000	0.000000	0.000000	0.000000	0.158832	0.861025	0.000000	0.000000	-0.861025	0.158832
995.007020	-0.483439	0.000000	0.000000	-0.483439	1.000000	0.000000	0.000000	0.000000	0.000000	0.158702	0.860872	0.000000	0.000000	-0.860872	0.158702
995.359190	-0.483754	0.000000	0.000000	-0.483754	1.000000	0.000000	0.000000	0.000000	0.000000	0.158572	0.860719	0.000000	0.000000	-0.860719	0.158572
995.711360	-0.484069	0.000000	0.000000	-0.484069	1.000000	0.000000	0.000000	0.000000	0.000000	0.158443	0.860566	0.000000	0.000000	-0.860566	0.158443
996.063350	-0.484384	0.000000	0.000000	-0.484384	1.000000	0.000000	0.000000	0.000000	0.000000	0.158313	0.860413	0.000000	0.000000	-0.860413	0.158313
996.415280	-0.484697	0.000000	0.000000	-0.484697	1.000000	0.000000	0.000000	0.000000	0.000000	0.158182	0.860260	0.000000	0.000000	-0.860260	0.158182
996.767090	-0.485011	0.000000	0.000000	-0.485011	1.000000	0.000000	0.000000	0.000000	0.000000	0.158052	0.860107	0.000000	0.000000	-0.860107	0.158052
997.118770	-0.485324	0.000000	0.000000	-0.485324	1.000000	0.000000	0.000000	0.000000	0.000000	0.157922	0.859954	0.000000	0.000000	-0.859954	0.157922
997.470400	-0.485637	0.000000	0.000000	-0.485637	1.000000	0.000000	0.000000	0.000000	0.000000	0.157792	0.859802	0.000000	0.000000	-0.859802	0.157792
997.821900	-0.485949	0.000000	0.000000	-0.485949	1.000000	0.000000	0.000000	0.000000	0.000000	0.157662	0.859649	0.000000	0.000000	-0.859649	0.157662
998.173280	-0.486260	0.000000	0.000000	-0.486260	1.000000	0.000000	0.000000	0.000000	0.000000	0.157532	0.859497	0.000000	0.000000	-0.859497	0.157532
998.524600	-0.486571	0.000000	0.000000	-0.486571	1.000000	0.000000	0.000000	0.000000	0.000000	0.157402	0.859344	0.000000	0.000000	-0.859344	0.157402
998.875730	-0.486882	0.000000	0.000000	-0.486882	1.000000	0.000000	0.000000	0.000000	0.000000	0.157272	0.859192	0.000000	0.000000	-0.859192	0.157272
999.226810	-0.487192	0.000000	0.000000	-0.487192	1.000000	0.000000	0.000000	0.000000	0.000000	0.157142	0.859040	0.000000	0.000000	-0.859040	0.157142
999.577820	-0.487502	0.000000	0.000000	-0.487502	1.000000	0.000000	0.000000	0.000000	0.000000	0.157012	0.858888	0.000000	0.000000	-0.858888	0.157012
999.928710	-0.487812	0.000000	0.000000	-0.487812	1.000000	0.000000	0.000000	0.000000	0.000000	0.156882	0.858736	0.000000	0.000000	-0.858736	0.156882
